country,region_id,authority_id,auth_name_e,old_park_id,new_park_id,park_offical_id
England,E12000002,E08000006,Salford,SALFO_bc6b594e5608;SALFO_b684ddbafde0,2b995c2fe02a,
England,E12000002,E08000006,Salford,SALFO_d54bb6b1baed;SALFO_4860cb637539,9c87c41100d8,
England,E12000002,E08000006,Salford,SALFO_4a88cab9f6e8,3bd7bf98ee67,
England,E12000002,E08000006,Salford,SALFO_9cc1b1d05ba6,fbbd09e8c613,
England,E12000002,E08000006,Salford,SALFO_e1a6cbca3cd1,40c104ed1dc2,
England,E12000002,E08000006,Salford,SALFO_b1b7008a2f35;SALFO_30ec9ba8537c,527aeba2199a,
England,E12000002,E08000006,Salford,SALFO_0be717f8fbdb;SALFO_119a114a3025,fa008a909e9f,
England,E12000002,E08000006,Salford,SALFO_72fba81552d5;SALFO_04ecffca621f;SALFO_17e79676447a,2614161fff52,
England,E12000002,E08000006,Salford,SALFO_a1d1fdbe6b6c;SALFO_c6301bbdf9bd,7539ee7edbf1,
England,E12000002,E08000006,Salford,SALFO_880f4a0b3084;SALFO_32cbaf8d515b,88046f6b7841,
England,E12000002,E08000006,Salford,SALFO_08f938c3f28f,cb9af3d96f95,
England,E12000002,E08000006,Salford,SALFO_7b413839ea4d,6a531994206b,
England,E12000002,E08000006,Salford,SALFO_324c7ec997f9;SALFO_552e0335a351,c00c143e8c5e,
England,E12000002,E08000006,Salford,SALFO_cddf14c5bf6e,87bfeea82620,
England,E12000002,E08000006,Salford,SALFO_8c22ba73f047;SALFO_86d8865652f5,2c951b5680c4,
England,E12000002,E08000006,Salford,SALFO_19eccb7f1bf7;SALFO_ca9310f26ecc,cdd17e85dbfb,
England,E12000002,E08000006,Salford,SALFO_64438f1d2964;SALFO_3f177397e32e,c057ac003b77,
England,E12000002,E08000006,Salford,SALFO_47e07b5dbc75,752527be29ba,
England,E12000002,E08000006,Salford,SALFO_6fb72321ae81;SALFO_4f80c18d830e,c5ebff4831cf,
England,E12000002,E08000006,Salford,SALFO_0f77b8f0ce55;SALFO_4474727a1996,38843a7aab54,
England,E12000002,E08000006,Salford,SALFO_5661fff47a7c;SALFO_66ab12975217;SALFO_63b2f6368682;SALFO_fd6673c66396;SALFO_cadf06d46b4d;SALFO_24c050662165;SALFO_c0abab31776b;SALFO_93725360487c;SALFO_050d303569da;SALFO_afdc335473d4;SALFO_e8077104502e;SALFO_5a03e39f4ebf;SALFO_e6c04f8dd065,b8c89b292422,
England,E12000002,E08000006,Salford,SALFO_0a3bd78b00f2;SALFO_f2cf868ab042,0c0c4d1a37a7,
England,E12000002,E08000006,Salford,SALFO_8149f6e04e61,b27e9f615d96,
England,E12000002,E08000006,Salford,SALFO_e32f61ac6382;SALFO_636306b128e4,142ca5bce34e,
England,E12000002,E08000006,Salford,SALFO_926e7e273ae5;SALFO_930b9552c423,9ea8e832d214,
England,E12000002,E08000006,Salford,SALFO_ea6acacb30f0;SALFO_fbb85abb6404,c616334e0b2a,
England,E12000002,E08000006,Salford,SALFO_f5a784d00c75,209e4a14a32d,
England,E12000002,E08000006,Salford,SALFO_6feedc8972f6;SALFO_45700a037e0c,dc8762f5f6ca,
England,E12000002,E08000006,Salford,SALFO_dc8b3185310f;SALFO_0da6951f3a97,f35695e92dbc,
England,E12000002,E08000006,Salford,SALFO_7d204a29d9a9,9e7c8ea4f7d5,
England,E12000002,E08000006,Salford,SALFO_c176ecff3b7d;SALFO_543a4dfe8885,13a9e06538a4,
England,E12000002,E08000006,Salford,SALFO_49e7e5afd845;SALFO_223752b3ec5d,ebb2dece50a5,
England,E12000002,E08000006,Salford,SALFO_b838dea410ed;SALFO_73e77b1833a9,04d67185bf79,
England,E12000002,E08000006,Salford,SALFO_1df7491f1a4a,d098a1c7d242,
England,E12000002,E08000006,Salford,SALFO_6c916d097f6f;SALFO_80c691caf713,ce8ec2a9f787,
England,E12000002,E08000006,Salford,SALFO_51791fdde27c;SALFO_5c50caf0cc59,c22d7cffd400,
England,E12000002,E08000006,Salford,SALFO_c119c7201356,0b86690996c9,
England,E12000002,E08000006,Salford,SALFO_869165798192;SALFO_09efbe123c4c,6ce20206cc73,
England,E12000002,E08000006,Salford,SALFO_5134e3a553b1;SALFO_3cd8638a916a,5b8a031b2cb6,
England,E12000002,E08000006,Salford,SALFO_b9d164dd5918;SALFO_b551b79b44d9,c42e5fc978d9,
England,E12000002,E08000006,Salford,SALFO_6564f4cfd628;SALFO_fd015d1dac74,ab684579c60a,
England,E12000002,E08000006,Salford,SALFO_19ea6141d2d0;SALFO_6f785c4c6808;SALFO_b3b1ac35dd15,653bb914028e,
England,E12000002,E08000006,Salford,SALFO_073097f70fdf;SALFO_21d3adb25bc3;SALFO_41729de708d1;SALFO_caebde406f1e,e09705a0762b,
England,E12000002,E08000006,Salford,SALFO_32acc19fbd9d;SALFO_b81a5c2a753b,54b9cbd85d3d,
England,E12000002,E08000006,Salford,SALFO_0e3a5cf5b971;SALFO_7e87bb8ced93,09e606f8804a,
England,E12000002,E08000006,Salford,SALFO_9e191c00e423,0b23d191a543,
England,E12000002,E08000006,Salford,SALFO_1ee4d5322382;SALFO_e556b6d42d33,99b0e1696f77,
England,E12000002,E08000006,Salford,SALFO_fab252d69663;SALFO_5f6e6c4c8373,746f47d665ee,
England,E12000002,E08000006,Salford,SALFO_4c98564b5ea7;SALFO_bb450709adfc,cf96ef06f58d,
England,E12000002,E08000006,Salford,SALFO_012fdcc15f57;SALFO_f51d24f6eed3,d4cf0e8731e9,
England,E12000002,E08000006,Salford,SALFO_c0c00f72242e;SALFO_cb5a46b8e633,3ea3e0a5ddc3,
England,E12000002,E08000006,Salford,SALFO_dba1f47bd908;SALFO_408e28e1c4fd;SALFO_c3774286ffe4;SALFO_af36a2b10aa7,0877e09a5771,
England,E12000002,E08000006,Salford,SALFO_6a425b11280c,692587f5b5bf,
England,E12000002,E08000006,Salford,SALFO_8fa3173f981c,cb5f7deb0afc,
England,E12000002,E08000006,Salford,SALFO_8fdb91db2b16;SALFO_9647e9bf88c9;SALFO_d3b50d0eba14;SALFO_d1a832befc11,74d67d4ab32b,
England,E12000002,E08000006,Salford,SALFO_010c088ae130,450609a80255,
England,E12000002,E08000006,Salford,SALFO_91f53db3f1c7;SALFO_8a804dbe9b4b,e684205586b1,
England,E12000002,E08000006,Salford,SALFO_f47a43856e63,edbe054cb58f,
England,E12000002,E08000006,Salford,SALFO_11073de1803a,fa0a16522ea6,
England,E12000002,E08000006,Salford,SALFO_f7ba4c8cc224;SALFO_8d6ebdce0994,2de7f30100ea,
England,E12000002,E08000006,Salford,SALFO_5df9136e3358,b9b38d5633bb,
England,E12000002,E08000006,Salford,SALFO_3d7ed1bb2a38;SALFO_df1fe0cb187a,bb73186873d3,
England,E12000002,E08000006,Salford,SALFO_e239e51b8c10,a460eb43dd3f,
England,E12000002,E08000006,Salford,SALFO_00aba97a2f82;SALFO_b4307acc6465,a33d3c9218e8,
England,E12000002,E08000006,Salford,SALFO_f9c163731014,7ed7e4b9c9bb,
England,E12000002,E08000006,Salford,SALFO_db98fd2091fc;SALFO_7e940e829b1f,1a097143bb63,
England,E12000002,E08000006,Salford,SALFO_0c7627f6d553;SALFO_70a32efc4872,030cd9dbe113,
England,E12000002,E08000006,Salford,SALFO_6d8e86bea801,97b102979cb3,
England,E12000002,E08000006,Salford,SALFO_968080ff707e;SALFO_9cd28320eb12,1a323b96a31e,
England,E12000002,E08000006,Salford,SALFO_57472982887b;SALFO_7a15d84bb1e0;SALFO_f3ba888fb2d9;SALFO_f14f67b6349a;SALFO_9d0e573c8a36;SALFO_dec0a619a80f;SALFO_46940e12bf98;SALFO_61c88040a90d;SALFO_43c0873fac83;SALFO_c50d597f2751;SALFO_63fa9a72ef85;SALFO_4a17e70c7050;SALFO_b04ff78d0692,29cda871c03f,
England,E12000002,E08000006,Salford,SALFO_31d88022e7e8,9a51908557c6,
England,E12000002,E08000006,Salford,SALFO_3d759a5e6784,b1f95564da5b,
England,E12000002,E08000006,Salford,SALFO_8a4d2bfec09d,d68e85c51de2,
England,E12000002,E08000006,Salford,SALFO_6a24f44caa91,d63eba232e45,
England,E12000002,E08000006,Salford,SALFO_ad07ca780a0b,0c1caf2d744e,
England,E12000002,E08000006,Salford,SALFO_65402671b374,f9e4b7561809,
England,E12000002,E08000006,Salford,SALFO_2a94da3cef1d,42875238f75a,
England,E12000002,E08000006,Salford,SALFO_95dfa698ee70,9cca01ca86d4,
England,E12000002,E08000006,Salford,SALFO_56d92c87481e,384fbba072a3,
England,E12000002,E08000006,Salford,SALFO_9ddb532eb84c,0c0849c04a6f,
England,E12000002,E08000006,Salford,SALFO_21af35cb660b,401cf3d5d6a4,
England,E12000002,E08000006,Salford,SALFO_979939bf44d9,ad107bacbf05,
England,E12000002,E08000006,Salford,SALFO_285ebaed4a70,0634eb033fdc,
England,E12000002,E08000006,Salford,SALFO_5cc497291a0b,88af858641e8,
England,E12000002,E08000006,Salford,SALFO_979e8fe4f0ed,e49faedb1b01,
England,E12000002,E08000006,Salford,SALFO_3cf464f12508,5bf97b22c04f,
England,E12000002,E08000006,Salford,SALFO_b28a287a0e0f,69442a8ef844,
England,E12000002,E08000006,Salford,SALFO_81277b7efb04,d223077113fd,
England,E12000002,E08000006,Salford,SALFO_d030f24ae23e,c6b7c5bd161b,
England,E12000002,E08000006,Salford,SALFO_b3cd39244949,be5484ed23b7,
England,E12000002,E08000006,Salford,SALFO_3499d2a3f219,3ac753a802e7,
England,E12000002,E08000006,Salford,SALFO_1b30026078f3,80c7255d04dd,
England,E12000002,E08000006,Salford,SALFO_91e43828eb2e,b249c3b71bad,
England,E12000002,E08000006,Salford,SALFO_cde646f15b0f,cc63f1569417,
England,E12000002,E08000006,Salford,SALFO_cc90dea82240,edc2f6343050,
England,E12000002,E08000006,Salford,SALFO_713a648e4fda,18df3fb53f53,
England,E12000002,E08000006,Salford,SALFO_187b4ff3f75f,aac1b29b39aa,
England,E12000002,E08000006,Salford,SALFO_5fe67588db49,d56c926ceeb4,
England,E12000002,E08000006,Salford,SALFO_07c9db4ed83b,ee60f6fd515e,
England,E12000002,E08000006,Salford,SALFO_fa0f6e54fc5a,6b3edfd5aaa9,
England,E12000002,E08000006,Salford,SALFO_e59a38e44f93,2b8cb4e36f69,
England,E12000002,E08000006,Salford,SALFO_4a33edf43d04,1e3cc4f4146a,
England,E12000002,E08000006,Salford,SALFO_fed021fbd624,eb5683fdf167,
England,E12000002,E08000006,Salford,SALFO_d9bed8e08662,f0017dfd53c7,
England,E12000002,E08000006,Salford,SALFO_055ba3472727,3109d3baa14f,
England,E12000002,E08000006,Salford,SALFO_420fe0f6ac0c,471c157f98e7,
England,E12000002,E08000006,Salford,SALFO_6ebd77260120,e91fd65d82ec,
England,E12000002,E08000006,Salford,SALFO_47ef80c23195,803c9493f44c,
England,E12000002,E08000006,Salford,SALFO_79fe6cb342cb,a89e7e1c829a,
England,E12000002,E08000006,Salford,SALFO_f599a3b0a7b9,c916fde57dc2,
England,E12000002,E08000006,Salford,SALFO_a4e0b4f0881f,93aaa0ba7ee9,
England,E12000002,E08000006,Salford,SALFO_ab1bb8ab13a7,1fc6e6a817b3,
England,E12000002,E08000006,Salford,SALFO_d1aefffb896d,aae638ea52c2,
England,E12000002,E08000006,Salford,SALFO_198cd2e294c4,8ae44709d852,
England,E12000002,E08000006,Salford,SALFO_e2d88526f199,0d7b71d8467f,
England,E12000002,E08000006,Salford,SALFO_428c67ee9909,575f2728bb6f,
England,E12000002,E08000006,Salford,SALFO_6483919d3edc,2e231e6195dd,
England,E12000002,E08000006,Salford,SALFO_ad021ee32e3c,b3e4d4ebbd8a,
England,E12000002,E08000006,Salford,SALFO_5a07907388bc,6a1db5e44f1b,
England,E12000002,E08000006,Salford,SALFO_2c47758c17ef,57b9427cba00,
England,E12000002,E08000006,Salford,SALFO_1bdcb6cea003,ff70f1b48020,
England,E12000002,E08000006,Salford,SALFO_a1a6cf47f5c6,92cb3076698c,
England,E12000002,E08000006,Salford,SALFO_994e45ed659e,3d0c27e0d58c,
England,E12000002,E08000006,Salford,SALFO_c30212a53fac,da550c77c525,
England,E12000002,E08000006,Salford,SALFO_d161dd10221d,42882acc97dd,
England,E12000002,E08000006,Salford,SALFO_c9c1759ebc27,330828d5264b,
England,E12000002,E08000006,Salford,SALFO_95a4f9300bd7,59906c2a063b,
England,E12000002,E08000006,Salford,SALFO_20fa115df9dd,569d8fcb061e,
England,E12000002,E08000006,Salford,SALFO_038a1265d018;SALFO_63a0d919c0e8;SALFO_f668c8cafc74;SALFO_bbbc991717dc;SALFO_9ebef313d8b0;SALFO_2001fa2e389d,90cee0a88140,
England,E12000002,E08000006,Salford,SALFO_6f9080710d5e,396824d410a8,
England,E12000002,E08000006,Salford,SALFO_2bb4986d7dd2,60b03badebea,
England,E12000002,E08000006,Salford,SALFO_9b1682b20387,df5da02a85fb,
England,E12000002,E08000006,Salford,SALFO_a69646008ab5,0b771d9a1d31,
England,E12000002,E08000006,Salford,SALFO_c3b8666501ac,5417535fef68,
England,E12000002,E08000006,Salford,SALFO_91fd86529854,2dcbaf5c0441,
England,E12000002,E08000006,Salford,SALFO_64228e7067bc,9d0e162015c6,
England,E12000002,E08000006,Salford,SALFO_d38526148f13,c01d199fea20,
England,E12000002,E08000006,Salford,SALFO_9fb879d8e54b,c110633dad94,
England,E12000002,E08000006,Salford,SALFO_9e75a65f86a5,91eba2e99a1f,
England,E12000002,E08000006,Salford,SALFO_8c268ff573b4,983a379dee09,
England,E12000002,E08000006,Salford,SALFO_ef1fa10ee9f0,6f24204e9c9e,
England,E12000002,E08000006,Salford,SALFO_be7e1b002bd4,d55460da0477,
England,E12000002,E08000006,Salford,SALFO_3956e0b8bd61,88bf136f3568,
England,E12000002,E08000006,Salford,SALFO_62b3bf8b3b8e,1d3aa697c569,
England,E12000002,E08000006,Salford,SALFO_54fcfa8756b7,392290e8cdae,
England,E12000002,E08000006,Salford,SALFO_26b392042374,b1710aff0fb3,
England,E12000002,E08000006,Salford,SALFO_b23e7c1a01f3,b51d04c661d8,
England,E12000002,E08000006,Salford,SALFO_c42f15254742,dc46676ef67f,
England,E12000002,E08000006,Salford,SALFO_f79deefca25f,01a09d52f2f6,
England,E12000002,E08000006,Salford,SALFO_d98d49f8006f,41ad4736cd0e,
England,E12000002,E08000006,Salford,SALFO_f09ba5157312,5566e359f0a0,
England,E12000002,E08000006,Salford,SALFO_a7b007f6a823,ca56b39fe396,
England,E12000002,E08000006,Salford,SALFO_af3129fb99ad,2eee72a7726b,
England,E12000002,E08000006,Salford,SALFO_9639a7d9c55c,e6e901a40dbd,
England,E12000002,E08000006,Salford,SALFO_85ad421ffb3e,abb454517468,
England,E12000002,E08000006,Salford,SALFO_0a5f98e5fafb,6f2cd1dd2c11,
England,E12000002,E08000006,Salford,SALFO_2ca81dced266,cc6cf0536165,
England,E12000002,E08000006,Salford,SALFO_0f602960d41f,6309f10979a1,
England,E12000002,E08000006,Salford,SALFO_ad676bb13742,d12a59184191,
England,E12000002,E08000006,Salford,SALFO_4dbd2040135c,b48c29a83c6e,
England,E12000002,E08000006,Salford,SALFO_75a39db84e33,867cd424138a,
England,E12000002,E08000006,Salford,SALFO_5ca0b74915af,1e62fc8cba29,
England,E12000002,E08000006,Salford,SALFO_56fa7a21ef1c,3d64a3f83c73,
England,E12000002,E08000006,Salford,SALFO_e227a7e82c7e,f2018a6abf93,
England,E12000002,E08000006,Salford,SALFO_f3682d9848cf,e40605c4b53c,
England,E12000002,E08000006,Salford,SALFO_f5167c7f3a0b,0c42d57208a2,
England,E12000002,E08000006,Salford,SALFO_c83b7c1c8838,994b95dc02bf,
England,E12000002,E08000006,Salford,SALFO_11219c08f90f,c1aa2c3c4922,
England,E12000002,E08000006,Salford,SALFO_31d4cab97059,1ba38875bd4c,
England,E12000002,E08000006,Salford,SALFO_a13a5a168632,44a1fa49a76c,
England,E12000002,E08000006,Salford,SALFO_3e0872314705,d11e93730095,
England,E12000002,E08000006,Salford,SALFO_09cd03b5487b,04a2525fcec2,
England,E12000002,E08000006,Salford,SALFO_98a5d60470a8,c8d5c5206d44,
England,E12000002,E08000006,Salford,SALFO_61220a997adf,9997e67a8af9,
England,E12000002,E08000006,Salford,SALFO_98bc215b8331,e02d5c4aac49,
England,E12000002,E08000006,Salford,SALFO_e4cc60e04e83,aca8a66f2624,
England,E12000002,E08000006,Salford,SALFO_7fc8b0fa40f9,f9e3e967a417,
England,E12000002,E08000006,Salford,SALFO_0676852e5461,d81dc58e14d2,
England,E12000002,E08000006,Salford,SALFO_f1d82d29f3da,24a21cc38ffc,
England,E12000002,E08000006,Salford,SALFO_5f2d7e303616,dc6f313aada5,
England,E12000002,E08000006,Salford,SALFO_4ecf82493cee,3d14d9cf8a37,
England,E12000002,E08000006,Salford,SALFO_aa1343e87199,e919114e1832,
England,E12000002,E08000006,Salford,SALFO_8432ea39a3fb,dd13f59d6d60,
England,E12000002,E08000006,Salford,SALFO_e48bf6254b5b,19ff7b2b2273,
England,E12000002,E08000006,Salford,SALFO_8ff4d7a4c37b,29089a908252,
England,E12000002,E08000006,Salford,SALFO_5d3b4bf3c9af,3454de82786e,
England,E12000002,E08000006,Salford,SALFO_d3882d3962f2,5a7e2dd578f1,
England,E12000002,E08000006,Salford,SALFO_28c9bd7e06f3,65cb5c641534,
England,E12000002,E08000006,Salford,SALFO_6f859d7f2c7c,2ce06b88ed0e,
England,E12000002,E08000006,Salford,SALFO_b64f33cb8b62,05f757fc8091,
England,E12000002,E08000006,Salford,SALFO_a721d45496e4,e5d44de07a4e,
England,E12000002,E08000006,Salford,SALFO_2e1baeff6a28,80479f93e8ba,
England,E12000002,E08000006,Salford,SALFO_6303572faa87,3955a49fdf1f,
England,E12000002,E08000006,Salford,SALFO_e4ec60c2bcee,d013da55fefe,
England,E12000002,E08000006,Salford,SALFO_d069ca94ac1a,788060764fa6,
England,E12000002,E08000006,Salford,SALFO_eb90c7aa4af8,19c5cd93e7ae,
England,E12000002,E08000006,Salford,SALFO_40a4877bb136,12c0ca572af1,
England,E12000002,E08000006,Salford,SALFO_b49e450b7a43,6c0b107302f0,
England,E12000002,E08000006,Salford,SALFO_7d2df7b61f00,49cddf8771fc,
England,E12000002,E08000006,Salford,SALFO_37143ac080cc,903e2668c958,
England,E12000002,E08000006,Salford,SALFO_c57f9b428436,2c847ed2d764,
England,E12000002,E08000006,Salford,SALFO_6b2e62b450e4,3e30be00ffff,
England,E12000002,E08000006,Salford,SALFO_2a9952ad5e5c,4d928e810d42,
England,E12000002,E08000006,Salford,SALFO_99e98350d2ff,2be8f0e8a144,
England,E12000002,E08000006,Salford,SALFO_f58ec37d518c,80aacefe6ea3,
England,E12000002,E08000006,Salford,SALFO_369d7610927e,40da7118a057,
England,E12000002,E08000006,Salford,SALFO_f1702f0228b5,7dd56d8b10c6,
England,E12000002,E08000006,Salford,SALFO_459e251e5a95,3fd3549d59b9,
England,E12000002,E08000006,Salford,SALFO_2e9d6cca139f,acad6e88e387,
England,E12000002,E08000006,Salford,SALFO_70f1eaa0eb90,06ca1a005e7a,
England,E12000002,E08000006,Salford,SALFO_0387340912ea,49c182d64252,
England,E12000002,E08000006,Salford,SALFO_a1f0213775a8,7bae2cef3f70,
England,E12000002,E08000006,Salford,SALFO_4184b1b49a9a,4672c6ccd391,
England,E12000002,E08000006,Salford,SALFO_7f8fd4671466,ea02afafebfa,
England,E12000002,E08000006,Salford,SALFO_ab6fa89c69dd,bdbcba958cca,
England,E12000002,E08000006,Salford,SALFO_d4ff5719365d,cdd0c8d2084f,
England,E12000002,E08000006,Salford,SALFO_514915994c7f,157cf4fc3da9,
England,E12000002,E08000006,Salford,SALFO_23ed8072f28c,f386a466abf9,
England,E12000002,E08000006,Salford,SALFO_a5a2540b1338,e8c811209cf7,
England,E12000002,E08000006,Salford,SALFO_585b482f4e48,89828ab8aa69,
England,E12000002,E08000006,Salford,SALFO_a8ce4ed1b550,f813ebbe07e8,
England,E12000002,E08000006,Salford,SALFO_774fee0c874f,5868f698eb9b,
England,E12000002,E08000006,Salford,SALFO_98a56ee70427,453a91016f5a,
England,E12000002,E08000006,Salford,SALFO_868eb9ba3d6d,0a6b0b62d468,
England,E12000002,E08000006,Salford,SALFO_a09027ba97c4,2d2955d71e7e,
England,E12000002,E08000006,Salford,SALFO_d3fe9ff20dc7,4c597104390a,
England,E12000002,E08000006,Salford,SALFO_216771b2922f,a1083c1dcae3,
England,E12000002,E08000006,Salford,SALFO_22c6b78ef29a,c2edb5cfe0f3,
England,E12000002,E08000006,Salford,SALFO_bd0c07fb2063,01e3d4a3e753,
England,E12000002,E08000006,Salford,SALFO_af8afedceb0b,3bafacee70f6,
England,E12000002,E08000006,Salford,SALFO_740443236d48,6d4a1c36c1d8,
England,E12000002,E08000006,Salford,SALFO_e9762103f399,15c681414b21,
England,E12000002,E08000006,Salford,SALFO_6fcedd430f17,52199fd273d2,
England,E12000002,E08000006,Salford,SALFO_01fe3ef3fd54,f75fa73bc46f,
England,E12000002,E08000006,Salford,SALFO_d8919c0d7366,2566c145e71a,
England,E12000002,E08000006,Salford,SALFO_935a0872cd23,2f47d45f0ca4,
England,E12000002,E08000006,Salford,SALFO_cc1c9caa8390,26f49be636b0,
England,E12000002,E08000006,Salford,SALFO_f60cd980d30c,48ad2f3d1d46,
England,E12000002,E08000006,Salford,SALFO_64d83476da0e,ca62d2ca6f2c,
England,E12000002,E08000006,Salford,SALFO_22a190f32fde,1db5fbd9646c,
England,E12000002,E08000006,Salford,SALFO_bc515c17e8a1,6705e02acdbe,
England,E12000002,E08000006,Salford,SALFO_bdb12c9c92b3,a4cf9d3c8125,
England,E12000002,E08000006,Salford,SALFO_9cc17c0590a0,89df0ef753a8,
England,E12000002,E08000006,Salford,SALFO_b99ef9fb7878,c0b57c23163b,
England,E12000002,E08000006,Salford,SALFO_62e0e5aafa26,43cfe42d9811,
England,E12000002,E08000006,Salford,SALFO_224e93993549,bdadb9b2182b,
England,E12000002,E08000006,Salford,SALFO_e44faa1fa5a5,9867a24f0e9c,
England,E12000002,E08000006,Salford,SALFO_95b3eac603ec,d001f32ddd9e,
England,E12000002,E08000006,Salford,SALFO_76f3f049576c,291624f526c8,
England,E12000002,E08000006,Salford,SALFO_532bda1f220c,31984e947134,
England,E12000002,E08000006,Salford,SALFO_c2c3181a0401,589d3dcbe08b,
England,E12000002,E08000006,Salford,SALFO_a895e4cfdcc9,91bbb4243805,
England,E12000002,E08000006,Salford,SALFO_9df9b5afdbb5,58ce77181fc7,
England,E12000002,E08000006,Salford,SALFO_4ddae804587f,1a773561fa06,
England,E12000002,E08000006,Salford,SALFO_4c6a7502d8ea,016946c876de,
England,E12000002,E08000006,Salford,SALFO_0e71975be1e0,cbffcd18d6ad,
England,E12000002,E08000006,Salford,SALFO_8b4d55769e0c,69125af05742,
England,E12000002,E08000006,Salford,SALFO_19a861db84d6,ee2edc62d839,
England,E12000002,E08000006,Salford,SALFO_d6296b263537,6de3275a1f87,
England,E12000002,E08000006,Salford,SALFO_282fb340bca8,8a0e50fc9ad4,
England,E12000002,E08000006,Salford,SALFO_0b87d91d007b,05241499104e,
England,E12000002,E08000006,Salford,SALFO_1b3fa584d3e3,5718b453d0cb,
England,E12000002,E08000006,Salford,SALFO_15e26ea39804,dba9889b004c,
England,E12000002,E08000006,Salford,SALFO_dc5e9fed323c,09e6b25dd1a5,
England,E12000002,E08000006,Salford,SALFO_fd080b286127,64b5ea3c9596,
England,E12000002,E08000006,Salford,SALFO_afdc44b962b0,7aed3a35c353,
England,E12000002,E08000006,Salford,SALFO_1a3154e96439,9570d5bb3e8e,
England,E12000002,E08000006,Salford,SALFO_fae3ae30549c,ae38317971c9,
England,E12000002,E08000006,Salford,SALFO_4646a619dffd,41a4c7d85af5,
England,E12000002,E08000006,Salford,SALFO_4d04c3bacf7a,38ead7682f30,
England,E12000002,E08000006,Salford,SALFO_fcc0c5ef89ee,d62ec0658c5b,
England,E12000002,E08000006,Salford,SALFO_9936788039a7,206bb9094d58,
England,E12000002,E08000006,Salford,SALFO_58b78f38bf5a,2376feea4664,
England,E12000002,E08000006,Salford,SALFO_7e759bf79a4f,6375aae044c7,
England,E12000002,E08000006,Salford,SALFO_a142f2e82b2c,1c078ef8fa48,
England,E12000002,E08000006,Salford,SALFO_b4610459a73a,ac3d40612b98,
England,E12000002,E08000006,Salford,SALFO_7fe72850f45d,b4456504c292,
England,E12000002,E08000006,Salford,SALFO_6907a00a6bc2,c707a5423b88,
England,E12000002,E08000006,Salford,SALFO_9aef146101c8,72e7fc0aeeaf,
England,E12000002,E08000006,Salford,SALFO_3f9a174f45d2,99fe6b70af32,
England,E12000002,E08000006,Salford,SALFO_9a0d3b73b914,9649f6d57760,
England,E12000002,E08000006,Salford,SALFO_56f11b322184,00fdc49ca729,
England,E12000002,E08000006,Salford,SALFO_608fa86cd290,2ba94e8f44d0,
England,E12000002,E08000006,Salford,SALFO_849e42fddeef,562827ace316,
England,E12000002,E08000006,Salford,SALFO_ca0966445eeb,fbac6e723964,
England,E12000002,E08000006,Salford,SALFO_ca8b6e9c1e86,77284c4cf1f0,
England,E12000002,E08000006,Salford,SALFO_59a3c7e7c438,97f0fa3f3c06,
England,E12000002,E08000006,Salford,SALFO_01f82add0092,001b721d69e7,
England,E12000002,E08000006,Salford,SALFO_d1edf68b70b4,bd1b7783cd08,
England,E12000002,E08000006,Salford,SALFO_26f6b3520265,b6c7d19e559b,
England,E12000002,E08000006,Salford,SALFO_6180be2d8a11,b11c22e6959b,
England,E12000002,E08000006,Salford,SALFO_99c604b1a040,281be3260308,
England,E12000002,E08000006,Salford,SALFO_40cae9d6c2e0,3b50346535b3,
England,E12000002,E08000006,Salford,SALFO_f8c35f8f3f16,9b00dca17d98,
England,E12000002,E08000006,Salford,SALFO_24cea5289222,d4966a95f151,
England,E12000002,E08000006,Salford,SALFO_fb2233141999,00a5520639f0,
England,E12000002,E08000006,Salford,SALFO_e7e20b103d29,134ddfe482af,
England,E12000002,E08000006,Salford,SALFO_764c8314fea3,7edaa7f39fca,
England,E12000002,E08000006,Salford,SALFO_7b7cfa1e80d5,72a48b0c55e1,
England,E12000002,E08000006,Salford,SALFO_426db032cef6,59e0fab2ceed,
England,E12000002,E08000006,Salford,SALFO_a8bdf509f065,ce382fe08571,
England,E12000002,E08000006,Salford,SALFO_859ca5c5c97e,4e3e414d3b84,
England,E12000002,E08000006,Salford,SALFO_0f7396fd41f2,e8cc2428b1d3,
England,E12000002,E08000006,Salford,SALFO_b3a13523cbd5,bb90e25ba79c,
England,E12000002,E08000006,Salford,SALFO_b58a2502fac1,ae20c7c151ec,
England,E12000002,E08000006,Salford,SALFO_4aa417b92859,f2b12da7e963,
England,E12000002,E08000006,Salford,SALFO_1488f3dcb171,24b51d72fae2,
England,E12000002,E08000006,Salford,SALFO_26df835c5eb8,eb2e0e7af2b4,
England,E12000002,E08000006,Salford,SALFO_a1f1db867a31,d76b9b5d5385,
England,E12000002,E08000006,Salford,SALFO_75737c821530,07e1c1239964,
England,E12000002,E08000006,Salford,SALFO_85ced5c6ab4d,74cd421ee8b7,
England,E12000002,E08000006,Salford,SALFO_a7aed327951a,ee2276b62388,
England,E12000002,E08000006,Salford,SALFO_8d3a593bc60b,2e20be0bcbda,
England,E12000002,E08000006,Salford,SALFO_c27059101c3c,8dac8578a59a,
England,E12000002,E08000006,Salford,SALFO_c41353234299,cb83537a4e01,
England,E12000002,E08000006,Salford,SALFO_e60a33e5e66d,1390104ce3bf,
England,E12000002,E08000006,Salford,SALFO_4d9c57980842,516faa5cc71f,
England,E12000002,E08000006,Salford,SALFO_c92b786cd9b9,6807f3f69e50,
England,E12000002,E08000006,Salford,SALFO_5eb3d87616b8,685068adfde3,
England,E12000002,E08000006,Salford,SALFO_5353a2e48d72,e6a74bedbe38,
England,E12000002,E08000006,Salford,SALFO_60797dc09573,df7b0ecb8cd1,
England,E12000002,E08000006,Salford,SALFO_d15d1955d53d,bba6a359dd72,
England,E12000002,E08000006,Salford,SALFO_f707321f16fd,eb2864a0dfcd,
England,E12000002,E08000006,Salford,SALFO_727993b67d43,cd1ce40c86b8,
England,E12000002,E08000006,Salford,SALFO_3b681cdfd918,f5772b043f17,
England,E12000002,E08000006,Salford,SALFO_b9dd58e0e810,64d4286e0cd5,
England,E12000002,E08000006,Salford,SALFO_79970e7151b5,4ffacacb2917,
England,E12000002,E08000006,Salford,SALFO_ac5014843629,ca1536765cd3,
England,E12000002,E08000006,Salford,SALFO_8598fd9bd6a5,5632a242f427,
England,E12000002,E08000006,Salford,SALFO_5ee2bf680c13,1efa69141354,
England,E12000002,E08000006,Salford,SALFO_7c7002520df7,a9047a8f963f,
England,E12000002,E08000006,Salford,SALFO_563e2c6259b7,3bf6a00aff58,
England,E12000002,E08000006,Salford,SALFO_d57a6bfe0c2e,0c57197e031a,
England,E12000002,E08000006,Salford,SALFO_a7edeac58bed,15d9339cf414,
England,E12000002,E08000006,Salford,SALFO_55d237864697,593d3a891080,
England,E12000002,E08000006,Salford,SALFO_a8b11d22b2cd,08b7ca1271a2,
England,E12000002,E08000006,Salford,SALFO_4c4058fac60a,c2ff75cb712b,
England,E12000002,E08000006,Salford,SALFO_4b955b713695,dde6da2c1e91,
England,E12000002,E08000006,Salford,SALFO_ae425204575d,05f069cf4f66,
England,E12000002,E08000006,Salford,SALFO_f16537697507,8fa01956f6fe,
England,E12000002,E08000006,Salford,SALFO_1dfbe0992c6c,fcdd7e54dc24,
England,E12000002,E08000006,Salford,SALFO_cca58a5c6796,ef5ecf1ff28e,
England,E12000002,E08000006,Salford,SALFO_483170f91e9a,bf4ec35ccb33,
England,E12000002,E08000006,Salford,SALFO_5aeda664a903,6dff58db9e84,
England,E12000002,E08000006,Salford,SALFO_8569601dd15b,d6ec8d666d15,
England,E12000002,E08000006,Salford,SALFO_83195ac16c41,9e800ccabcfe,
England,E12000002,E08000006,Salford,SALFO_5e70d4e338a9,b54d7157471d,
England,E12000002,E08000006,Salford,SALFO_312da4f8c84f,a2fa9af6d671,
England,E12000002,E08000006,Salford,SALFO_d3711ade3db2,98811a98a2b3,
England,E12000002,E08000006,Salford,SALFO_6d752cf88568,5629b9f65b5a,
England,E12000002,E08000006,Salford,SALFO_d4bb79b05511,c4ac331778b7,
England,E12000002,E08000006,Salford,SALFO_a9255652bc31,040b7e479ef3,
England,E12000002,E08000006,Salford,SALFO_678dc1958467,891622562b41,
England,E12000002,E08000006,Salford,SALFO_3889143b880c,37ed719c6a19,
England,E12000002,E08000006,Salford,SALFO_28a39119887d,d83b9e65bca3,
England,E12000002,E08000006,Salford,SALFO_12febc47e06b,a254bb1cc72d,
England,E12000002,E08000006,Salford,SALFO_6c678a6a83fd,07de0baad82e,
England,E12000002,E08000006,Salford,SALFO_452ad56bffa9,d51c2b82f62d,
England,E12000002,E08000006,Salford,SALFO_8efa4d92d9c6,23ce78f25008,
England,E12000002,E08000006,Salford,SALFO_e0bacfaf6b96,741514ced079,
England,E12000002,E08000006,Salford,SALFO_d61a02c65d37,cf27d9561893,
England,E12000002,E08000006,Salford,SALFO_24d416cfb666,56ccd7de831a,
England,E12000002,E08000006,Salford,SALFO_f4199a3caba3,54e1f1a575a2,
England,E12000002,E08000006,Salford,SALFO_11350db63ebf,6f91397365ed,
England,E12000002,E08000006,Salford,SALFO_f5d878c1686e,6aa9db1a624b,
England,E12000002,E08000006,Salford,SALFO_bc8b7b3ac878,72cdb13b9b16,
England,E12000002,E08000006,Salford,SALFO_ea3f794b7a9d,b3f788083264,
England,E12000002,E08000006,Salford,SALFO_0db261c3d529,7029ea86a795,
England,E12000002,E08000006,Salford,SALFO_1fa40d1af5d1,3478af5784e7,
England,E12000002,E08000006,Salford,SALFO_4516fa8706eb,f875d269bb6a,
England,E12000002,E08000006,Salford,SALFO_8fd315b7a417,086015fc55db,
England,E12000002,E08000006,Salford,SALFO_42b90e725c0f,1b4cb3b93088,
England,E12000002,E08000006,Salford,SALFO_f86945dadc4b,15745f7f84c5,
England,E12000002,E08000006,Salford,SALFO_c519755d458f,4ad0ad289cc2,
England,E12000002,E08000006,Salford,SALFO_747b9bbdc027,cf982aba4a6a,
England,E12000002,E08000006,Salford,SALFO_9a1b24409b29,59f91efbf001,
England,E12000002,E08000006,Salford,SALFO_64fe04c16ea7,b2b27379867c,
England,E12000002,E08000006,Salford,SALFO_f0fd124082a5,eb995663878b,
England,E12000002,E08000006,Salford,SALFO_77831d8c6e24,892478ff33e6,
England,E12000002,E08000006,Salford,SALFO_b34ca77801d1,7fcd69738a34,
England,E12000002,E08000006,Salford,SALFO_f3786ee3f2d3,9e05cbc624c3,
England,E12000002,E08000006,Salford,SALFO_8c3bd7ff14ca,1165dc224ac5,
England,E12000002,E08000006,Salford,SALFO_ccd99077e7e8,0e209827b91a,
England,E12000002,E08000006,Salford,SALFO_bcafd3214fa1,b23f953c079c,
England,E12000002,E08000006,Salford,SALFO_994273d18388,c29513d357cb,
England,E12000002,E08000006,Salford,SALFO_6793bb01d6a3,a3238a551f7e,
England,E12000002,E08000006,Salford,SALFO_f59dd16f4803,598597ec5cc4,
England,E12000002,E08000006,Salford,SALFO_fa56b9bb01bf,9b6b1c9018a3,
England,E12000002,E08000006,Salford,SALFO_a14a14e03a57,08d30440dbcf,
England,E12000002,E08000006,Salford,SALFO_8393aad53db3,52e4966773c2,
England,E12000002,E08000006,Salford,SALFO_92298c6db454,5e9681b618b4,
England,E12000002,E08000006,Salford,SALFO_dfc07d9cfe33,3ea372403b30,
England,E12000002,E08000006,Salford,SALFO_8569fe0b565c,91d0d20eeb86,
England,E12000002,E08000006,Salford,SALFO_3f1e24d0bced,40a834cf90b9,
England,E12000002,E08000006,Salford,SALFO_721d50719456,c1e1847ad434,
England,E12000002,E08000006,Salford,SALFO_5b5be76496d4,86bf98c2c885,
England,E12000002,E08000006,Salford,SALFO_acaef20ebdd7,98afc9e345b9,
England,E12000002,E08000006,Salford,SALFO_07deabed0ecd,d758cb4c34ad,
England,E12000002,E08000006,Salford,SALFO_81897e442d3e,c24ebd4eded4,
England,E12000002,E08000006,Salford,SALFO_212a2a282de8,fd62373becd8,
England,E12000002,E08000006,Salford,SALFO_4fc5667f49d9,a9b511fed8ce,
England,E12000002,E08000006,Salford,SALFO_9c44a5f08ac4,571ca3aeaa83,
England,E12000002,E08000006,Salford,SALFO_8c3b45a0fd18,c30ec0e5d84c,
England,E12000002,E08000006,Salford,SALFO_3e0bba530c58,a785900523a5,
England,E12000002,E08000006,Salford,SALFO_23b052923f00,8ea16dfbfe75,
England,E12000002,E08000006,Salford,SALFO_1efc2d2bdc89,756faf699162,
England,E12000002,E08000006,Salford,SALFO_71e98030af8d,086873bf6a8c,
England,E12000002,E08000006,Salford,SALFO_56afdfb543a5,4ebecaf128bb,
England,E12000002,E08000006,Salford,SALFO_95d6866bb125,7c609df2a87c,
England,E12000002,E08000006,Salford,SALFO_e7d8a59eff5e,6ffbd7338c3e,
England,E12000002,E08000006,Salford,SALFO_9ae0ac3918f2,ce8afcb36bd0,
England,E12000002,E08000006,Salford,SALFO_4587c84129d6,a3ad2b0a1fb1,
England,E12000002,E08000006,Salford,SALFO_3c936d923339,438efbb4ec26,
England,E12000002,E08000006,Salford,SALFO_9f5537c0bc19,b31a1eba632a,
England,E12000002,E08000006,Salford,SALFO_1233a9f91d4a,44e69d172f21,
England,E12000002,E08000006,Salford,SALFO_c2025a10c67c,11b5963f8652,
England,E12000002,E08000006,Salford,SALFO_235ce42f205f,c831085f6b42,
England,E12000002,E08000006,Salford,SALFO_26739de6dc3d,23589708d92a,
England,E12000002,E08000006,Salford,SALFO_1a52f0cf1919,7e3b28ec23fd,
England,E12000002,E08000006,Salford,SALFO_8e793735321c,127a86304513,
England,E12000002,E08000006,Salford,SALFO_8e0d9f7c412c,63b7686498c8,
England,E12000002,E08000006,Salford,SALFO_a8b204ca5a73,9d04e4b2f7f8,
England,E12000002,E08000006,Salford,SALFO_e171362954bb,5380a889fca0,
England,E12000002,E08000006,Salford,SALFO_a6ceec950c54,041dc4485889,
England,E12000002,E08000006,Salford,SALFO_7361301e1ba8,49728cc5fbcd,
England,E12000002,E08000006,Salford,SALFO_ef540f9ecf40,b77f46ed5bac,
England,E12000002,E08000006,Salford,SALFO_ceacbfc8675b,a637ee037f78,
England,E12000002,E08000006,Salford,SALFO_e783b8dbe563,5bf406e5ec1c,
England,E12000002,E08000006,Salford,SALFO_b18fef16215d,1a25538afe8d,
England,E12000002,E08000006,Salford,SALFO_ed1b3f476435,a3bb12cffc9f,
England,E12000002,E08000006,Salford,SALFO_b48f4f03a49e,da382e05e499,
England,E12000002,E08000006,Salford,SALFO_c0dc14df557a,34fc02b0a52d,
England,E12000002,E08000006,Salford,SALFO_0e1ba12db83d,dd8d01eb508c,
England,E12000002,E08000006,Salford,SALFO_acb80ce9f6aa,8db2ebe4063f,
England,E12000002,E08000006,Salford,SALFO_c8019c2bdf21,269c002c21e0,
England,E12000002,E08000006,Salford,SALFO_c8d26f0da242,f84d6383508e,
England,E12000002,E08000006,Salford,SALFO_6fc499395eb3,105ad155d914,
England,E12000002,E08000006,Salford,SALFO_0ebae306b996,a7eb24df4d32,
England,E12000002,E08000006,Salford,SALFO_e7f970e85c04,db877bc05b62,
England,E12000002,E08000006,Salford,SALFO_8c350a784c45,27e0f3bf4011,
England,E12000002,E08000006,Salford,SALFO_ed569bb117bd,4fd3f2b083e9,
England,E12000002,E08000006,Salford,SALFO_759060a47930,8e0b8f993cfe,
England,E12000002,E08000006,Salford,SALFO_5ba2ca35407c,6adc798418bf,
England,E12000002,E08000006,Salford,SALFO_80d831500a71,a985bf50776b,
England,E12000002,E08000006,Salford,SALFO_218e5bb488b7,6b6e24b6562d,
England,E12000002,E08000006,Salford,SALFO_a77bab750d03,c81d7072b7e5,
England,E12000002,E08000006,Salford,SALFO_9d78a015b6bf,cc741631a27d,
England,E12000002,E08000006,Salford,SALFO_e4866fb4008c,c586855e0745,
England,E12000002,E08000006,Salford,SALFO_a385803ead95,df1da2aad2d9,
England,E12000002,E08000006,Salford,SALFO_cfabf8ce28eb,69c8b55c5118,
England,E12000002,E08000006,Salford,SALFO_62c428828f40,9011843d38e3,
England,E12000002,E08000006,Salford,SALFO_da081de13c84,a05e777d1796,
England,E12000002,E08000006,Salford,SALFO_4aa94253e2e1,537b7eb6147b,
England,E12000002,E08000006,Salford,SALFO_25532ccd60bd,4cafb791f58f,
England,E12000002,E08000006,Salford,SALFO_fe92b9393433,a773406fe8b0,
England,E12000002,E08000006,Salford,SALFO_48b2431d6656,bc5c72972fba,
England,E12000002,E08000006,Salford,SALFO_95f6b191bde4,bef86eae3ee5,
England,E12000002,E08000006,Salford,SALFO_587b5ab95f6d,92b77db4f0a3,
England,E12000002,E08000006,Salford,SALFO_755a1527cc17,b14300bd0d3a,
England,E12000002,E08000006,Salford,SALFO_cdd032468e81,69e2eeb48153,
England,E12000002,E08000006,Salford,SALFO_d8d0e00c1751,0935cad220bb,
England,E12000002,E08000006,Salford,SALFO_623d5e108d55,906bf06fcc07,
England,E12000002,E08000006,Salford,SALFO_d128c8bf0f65,11641e684818,
England,E12000002,E08000006,Salford,SALFO_be418ca803c3,1fd3fd0e6719,
England,E12000002,E08000006,Salford,SALFO_db97e52fc7ce,fee2e6d06a41,
England,E12000002,E08000006,Salford,SALFO_33228be33bdf,95e73136e0e7,
England,E12000002,E08000006,Salford,SALFO_babe46a4ccc0,a3116e1613d7,
England,E12000002,E08000006,Salford,SALFO_7399412e96a1,a71cc063903a,
England,E12000002,E08000006,Salford,SALFO_2c3fa55902e1,59d3d290f430,
England,E12000002,E08000006,Salford,SALFO_0b4bb881660b,325bfa39d343,
England,E12000002,E08000006,Salford,SALFO_b02e54978175,381cb1b04078,
England,E12000002,E08000006,Salford,SALFO_fc1ffac7919f,43cf7a14aab7,
England,E12000002,E08000006,Salford,SALFO_ed155893d93a,1907799cadcb,
England,E12000002,E08000006,Salford,SALFO_ed8a22ec48d6,cb26587d197c,
England,E12000002,E08000006,Salford,SALFO_81460a10fb6f,eae386103ce6,
England,E12000002,E08000006,Salford,SALFO_01ef100c1a9e,b83a50e929bb,
England,E12000002,E08000006,Salford,SALFO_094156f9ad92,3179db37cdc8,
England,E12000002,E08000006,Salford,SALFO_71d1d4a6b7d8,e72250f6c826,
England,E12000002,E08000006,Salford,SALFO_215c51b2294b,193ea42880ae,
England,E12000002,E08000006,Salford,SALFO_5b36fba22723,0708e37caf99,
England,E12000002,E08000006,Salford,SALFO_cdf5e638193c,7d408f386a43,
England,E12000002,E08000006,Salford,SALFO_0fce98d6c083,2bf5b08e260e,
England,E12000002,E08000006,Salford,SALFO_753591291554,838c5f2bdf77,
England,E12000002,E08000006,Salford,SALFO_9e05f7774304,522571594d16,
England,E12000002,E08000006,Salford,SALFO_25e3aabe3838,675eec17a3d3,
England,E12000002,E08000006,Salford,SALFO_19ea9ae97355,c5701fe82988,
England,E12000002,E08000006,Salford,SALFO_4736b86ced84,7c18bfad9695,
England,E12000002,E08000006,Salford,SALFO_3d4056bea635,4275c7c52973,
England,E12000002,E08000006,Salford,SALFO_2a655560a0f9,0296fdb40618,
England,E12000002,E08000006,Salford,SALFO_37b72a1a03d3,d5cdfd7f9c56,
England,E12000002,E08000006,Salford,SALFO_bea8ef167e4b,70ab5949b647,
England,E12000002,E08000006,Salford,SALFO_da08b5eca5fc,468f2ddcdc75,
England,E12000002,E08000006,Salford,SALFO_c5a7658bf658,25279aba4abd,
England,E12000002,E08000006,Salford,SALFO_7fbec41f5fca,e1e9f55a1e84,
England,E12000002,E08000006,Salford,SALFO_c5d267793972,1cfad0e03dd4,
England,E12000002,E08000006,Salford,SALFO_96be6a613ea3,290efcc11a4c,
England,E12000002,E08000006,Salford,SALFO_3d1add02d2e9,4c78114b1ed0,
England,E12000002,E08000006,Salford,SALFO_4d336f161715,3626cf23249b,
England,E12000002,E08000006,Salford,SALFO_bfc84a2ccf69,e32e6cebe71d,
England,E12000002,E08000006,Salford,SALFO_d072fe5d47bc,6a0d5f1e3800,
England,E12000002,E08000006,Salford,SALFO_cfd6dc03321c,6508881edc82,
England,E12000002,E08000006,Salford,SALFO_8299f1a350c9,148909687808,
England,E12000002,E08000006,Salford,SALFO_892206636f11,caa94737b0dc,
England,E12000002,E08000006,Salford,SALFO_780275618bbe,167f12743599,
England,E12000002,E08000006,Salford,SALFO_1ad3be9f412b,8f8d14dd8be0,
England,E12000002,E08000006,Salford,SALFO_95999bb759fd,a8568d7ebf78,
England,E12000002,E08000006,Salford,SALFO_c80fc5ec327a,a4a6415de274,
England,E12000002,E08000006,Salford,SALFO_b400a6106279,e0e7c45e583e,
England,E12000002,E08000006,Salford,SALFO_1688dbce45c0,9c36bf25a16c,
England,E12000002,E08000006,Salford,SALFO_40909b07f6ce,2819126d713d,
England,E12000002,E08000006,Salford,SALFO_4efe3edbebe9,388e5efe332c,
England,E12000002,E08000006,Salford,SALFO_56c95b9aa251,f595975db514,
England,E12000002,E08000006,Salford,SALFO_fcadf470a691,9f49347cdb3c,
England,E12000002,E08000006,Salford,SALFO_e2a6fd45cfd0,f6dc22451300,
England,E12000002,E08000006,Salford,SALFO_58c6206445fc,63143b6985f4,
England,E12000002,E08000006,Salford,SALFO_3314f1657a35,aff4026d6430,
England,E12000002,E08000006,Salford,SALFO_74eb22631be7,4ef65702dfe1,
England,E12000002,E08000006,Salford,SALFO_b07617586933,5a8faad20af5,
England,E12000002,E08000006,Salford,SALFO_5e8bdd5b8d85,37fce3f01fda,
England,E12000002,E08000006,Salford,SALFO_db9ea2354bcc,b9d5d4c83827,
England,E12000002,E08000006,Salford,SALFO_d8e1616683d1,e06917c2c384,
England,E12000002,E08000006,Salford,SALFO_26c43ee5a9b2,1c09d6b1d645,
England,E12000002,E08000006,Salford,SALFO_4b5eb58f9c28,1f4b5905efc1,
England,E12000002,E08000006,Salford,SALFO_531d4a2fbf60,62bea69355d1,
England,E12000002,E08000006,Salford,SALFO_a0f4b4021682,ab194bc65852,
England,E12000002,E08000006,Salford,SALFO_be986e93fdbe,03a0380a7c51,
England,E12000002,E08000006,Salford,SALFO_afe6808c33f9,ae040f0947de,
England,E12000002,E08000006,Salford,SALFO_6f23a5cd34c9,c3de2f8b2eb0,
England,E12000002,E08000006,Salford,SALFO_651b72b48d5f,c791a0648466,
England,E12000002,E08000006,Salford,SALFO_0c8fe6de7d8c,a3032a7b0608,
England,E12000002,E08000006,Salford,SALFO_3ae7ffa01e13,4fe0d58df345,
England,E12000002,E08000006,Salford,SALFO_e0938b7c57ef,7158845577fc,
England,E12000002,E08000006,Salford,SALFO_a9f9b9673210,cc732124fcbe,
England,E12000002,E08000006,Salford,SALFO_dec5112b65e5,19d19467f4b3,
England,E12000002,E08000006,Salford,SALFO_5f2192753b5d,4cb213c6af53,
England,E12000002,E08000006,Salford,SALFO_e15945e7f218,3fb42775c6f3,
England,E12000002,E08000006,Salford,SALFO_42bd92c11bbf,b845148b7749,
England,E12000002,E08000006,Salford,SALFO_c7530724edff,62215430053e,
England,E12000002,E08000006,Salford,SALFO_d419587b5978,5371532a7776,
England,E12000002,E08000006,Salford,SALFO_cea075df8240,e22c1c101b3d,
England,E12000002,E08000006,Salford,SALFO_1d45c7f8f567,3bb5dd13d7a9,
England,E12000002,E08000006,Salford,SALFO_7559cad26f1f,4d422fedc09b,
England,E12000002,E08000006,Salford,SALFO_b95203d85420,7fcb18a53dfc,
England,E12000002,E08000006,Salford,SALFO_773143cc5e74,d9c567a1ca4b,
England,E12000002,E08000006,Salford,SALFO_7bb9a67ee6e7,6e88e02fcb96,
England,E12000002,E08000006,Salford,SALFO_c2e6afa5997f,93c040ec8a26,
England,E12000002,E08000006,Salford,SALFO_ca059777604b,0ff31c7e3e71,
England,E12000002,E08000006,Salford,SALFO_6083b7ee60b1,0faa82821f00,
England,E12000002,E08000006,Salford,SALFO_4ca182ec5427,5327f51a11d1,
England,E12000002,E08000006,Salford,SALFO_0433d2458bf2,bb530f0a3a18,
England,E12000002,E08000006,Salford,SALFO_9b20b265a817,b90d8137f682,
England,E12000002,E08000006,Salford,SALFO_ce71b11bd333,320e0cf232ed,
England,E12000002,E08000006,Salford,SALFO_08450aa8c610,b84c4de7dd6a,
England,E12000002,E08000006,Salford,SALFO_88e46b5dfc10,26cc1882f401,
England,E12000002,E08000006,Salford,SALFO_40ed6e3fc018,a914ac66907a,
England,E12000002,E08000006,Salford,SALFO_e5c7ea6b9459,25d6cbaef836,
England,E12000002,E08000006,Salford,SALFO_4a0822582794,cc29479515ef,
England,E12000002,E08000006,Salford,SALFO_23ef74c52fdf,7a9591bf5a30,
England,E12000002,E08000006,Salford,SALFO_d8a1c484a820,acf22d1636a6,
England,E12000002,E08000006,Salford,SALFO_830e73fe132b,e26c7c866ad8,
England,E12000002,E08000006,Salford,SALFO_6a032891d3ca,475b56865b99,
England,E12000002,E08000006,Salford,SALFO_c360ab83de90,d7e315ba71d5,
England,E12000002,E08000006,Salford,SALFO_d424d51f2705,31e61f7c9b2a,
England,E12000002,E08000006,Salford,SALFO_46f966086494,94ba060b5575,
England,E12000002,E08000006,Salford,SALFO_5aa3a09b6209,ee892e055bc4,
England,E12000002,E08000006,Salford,SALFO_2f124a8d8984,71be2cdca08a,
England,E12000002,E08000006,Salford,SALFO_042d4a596d44,64f5c3131567,
England,E12000002,E08000006,Salford,SALFO_df1a04ca1deb,2af1a5e52bfd,
England,E12000002,E08000006,Salford,SALFO_8d3aef2d9ed6,1f90bb9ad99d,
England,E12000002,E08000006,Salford,SALFO_f3bdfde2dc4e,a90d536a37ad,
England,E12000002,E08000006,Salford,SALFO_efc469c0ac3d,73cc43071a34,
England,E12000002,E08000006,Salford,SALFO_43b8935dea3b,6a42afcf669b,
England,E12000002,E08000006,Salford,SALFO_bf20f4cf38d5,58bb81b4af4b,
England,E12000002,E08000006,Salford,SALFO_ba8198bdd913,4ed25bb92f60,
England,E12000002,E08000006,Salford,SALFO_c7fc5ac2ac88,b653340ef0e8,
England,E12000002,E08000006,Salford,SALFO_f9c596096ffa,8936d4279d8d,
England,E12000002,E08000006,Salford,SALFO_35b88d5d35b0,d8c83c6fcef7,
England,E12000002,E08000006,Salford,SALFO_294694147b08,c5151ed7ca61,
England,E12000002,E08000006,Salford,SALFO_d07a7ce5bc09,37dc528555ec,
England,E12000002,E08000006,Salford,SALFO_c83a97bf95f5,b62f82d28a26,
England,E12000002,E08000006,Salford,SALFO_b6803bff859d,f716aefaa40c,
England,E12000002,E08000006,Salford,SALFO_2c5b538eeeb8,685619f84157,
England,E12000002,E08000006,Salford,SALFO_213c1b6e0a7d,e280c96a7e4a,
England,E12000002,E08000006,Salford,SALFO_b7931d6cbb6c,719d087e34aa,
England,E12000002,E08000006,Salford,SALFO_330bafade5e7,cb1ad6830e44,
England,E12000002,E08000006,Salford,SALFO_b10d045987ef,44c3b72d30dd,
England,E12000002,E08000006,Salford,SALFO_a5f5f94b35fe,3f61af9f6a0e,
England,E12000002,E08000006,Salford,SALFO_44b1645952f8,17058c99f8bb,
England,E12000002,E08000006,Salford,SALFO_4761702643ef,d423f2cfbfaa,
England,E12000002,E08000006,Salford,SALFO_3559280f50e1,0a24a64dffa6,
England,E12000002,E08000006,Salford,SALFO_bf56d6529fe7,08dda2fe1a73,
England,E12000002,E08000006,Salford,SALFO_78da1f13ff0d,b4692cfd14ba,
England,E12000002,E08000006,Salford,SALFO_ae8c66140557,82666e5bb225,
England,E12000002,E08000006,Salford,SALFO_a7cc1903588c,b60579bf5350,
England,E12000002,E08000006,Salford,SALFO_3ce41a9f8f97,2f35fcd35755,
England,E12000002,E08000006,Salford,SALFO_200497c47f1c,afd244231943,
England,E12000002,E08000006,Salford,SALFO_eaae81404e97,9643ab3ecf16,
England,E12000002,E08000006,Salford,SALFO_58ef6f4d42b9,3f04344796a2,
England,E12000002,E08000006,Salford,SALFO_d8aaed34e600,cda3d192dd95,
England,E12000002,E08000006,Salford,SALFO_0d3c79b7a343,b165c61a6ba1,
England,E12000002,E08000006,Salford,SALFO_3fd2165aba8e,c09b05ed76b6,
England,E12000002,E08000006,Salford,SALFO_65313a556c65,3f66fd9045fe,
England,E12000002,E08000006,Salford,SALFO_86deeca32099,d0afb6a8db50,
England,E12000002,E08000006,Salford,SALFO_e4b286b47635,47d5b365e5ea,
England,E12000002,E08000006,Salford,SALFO_188969be6400,58d3a48a8781,
England,E12000002,E08000006,Salford,SALFO_61c7cdd6ea18,3b43f3f59d41,
England,E12000002,E08000006,Salford,SALFO_e29b31b75798,e10b5049556e,
England,E12000002,E08000006,Salford,SALFO_9ec6ca1c7fe3,e7e6b8a0bf4f,
England,E12000002,E08000006,Salford,SALFO_eedf41f50b07,c0fe30af518f,
England,E12000002,E08000006,Salford,SALFO_f8887d3685a3,c4bfed966c54,
England,E12000002,E08000006,Salford,SALFO_92fbf4f46629,83ef62e4b069,
England,E12000002,E08000006,Salford,SALFO_5ad07a69b05a,41f99f705dd4,
England,E12000002,E08000006,Salford,SALFO_1ecf462488fa,ff5ded913123,
England,E12000002,E08000006,Salford,SALFO_15548d0aaded,3416847cf0ea,
England,E12000002,E08000006,Salford,SALFO_ec62348eeda8,2435d0a77426,
England,E12000002,E08000006,Salford,SALFO_c245c6d0ae96,bc328cd78d12,
England,E12000002,E08000006,Salford,SALFO_d09712b1e1bf,9f126adc9462,
England,E12000002,E08000006,Salford,SALFO_5f82a1fa3c9b,3524c165b181,
England,E12000002,E08000006,Salford,SALFO_afe71c460b58,857687efc5c0,
England,E12000002,E08000006,Salford,SALFO_2c80c75d8497,961bf9b99ee9,
England,E12000002,E08000006,Salford,SALFO_d4be0aaffed6,20c739892f3c,
England,E12000002,E08000006,Salford,SALFO_1cd751e79483,25d2f802aa9c,
England,E12000002,E08000006,Salford,SALFO_beee91c39520,ec8eacc47e78,
England,E12000002,E08000006,Salford,SALFO_8cc127dd261a,b5d2a60fbafd,
England,E12000002,E08000006,Salford,SALFO_3553f3dd2fd4,670428ed5225,
England,E12000002,E08000006,Salford,SALFO_e3e230e4ad91,2ab97f5fee2c,
England,E12000002,E08000006,Salford,SALFO_0eb0d8b841df,a8a674a48538,
England,E12000002,E08000006,Salford,SALFO_d215403eae53,0225c58d5a1f,
England,E12000002,E08000006,Salford,SALFO_54531f44d001,2ff8d7e10223,
England,E12000002,E08000006,Salford,SALFO_ac911792ea1e,f6c0f1b05a34,
England,E12000002,E08000006,Salford,SALFO_e1fcd009bf8b,e62b52a06c6c,
England,E12000002,E08000006,Salford,SALFO_a2b205abc239,6db09536db73,
England,E12000002,E08000006,Salford,SALFO_36986ba53107,401505c3f371,
England,E12000002,E08000006,Salford,SALFO_a299f6c2d3b4,c8230dc68741,
England,E12000002,E08000006,Salford,SALFO_b2ca0117446e,96982975a4a0,
England,E12000002,E08000006,Salford,SALFO_21829961c0f9,93d40ef1929d,
England,E12000002,E08000006,Salford,SALFO_dd5dfdae37a4,00cdc0b33e7a,
England,E12000002,E08000006,Salford,SALFO_5d6cfad51a3a,021e9db1f154,
England,E12000002,E08000006,Salford,SALFO_4465ce025731,320cdcf6bb3c,
England,E12000002,E08000006,Salford,SALFO_f2d9242cd10b,c3ae4d165e98,
England,E12000002,E08000006,Salford,SALFO_b9a56af81247,bd8c9dee8527,
England,E12000002,E08000006,Salford,SALFO_d9113d149c23,0aad31d04253,
England,E12000002,E08000006,Salford,SALFO_dd724762f2ed,733f59fd344b,
England,E12000002,E08000006,Salford,SALFO_805a8e453a6c,a570c1c99a46,
England,E12000002,E08000006,Salford,SALFO_48d2b375ad22,43b7884c30ab,
England,E12000002,E08000006,Salford,SALFO_2b77f62fa61e,83c5ca13249b,
England,E12000002,E08000006,Salford,SALFO_c591a47f9891,12cbb474f365,
England,E12000002,E08000006,Salford,SALFO_b780d54e753e,5b382e585cab,
England,E12000002,E08000006,Salford,SALFO_d48a9c23c4dc,b3554c68ae5b,
England,E12000002,E08000006,Salford,SALFO_6c43d9e1e844,192c5c243873,
England,E12000002,E08000006,Salford,SALFO_2b8665871254,77618148eef7,
England,E12000002,E08000006,Salford,SALFO_9c19c542b9c1,9184339393ba,
England,E12000002,E08000006,Salford,SALFO_c50f562eb4d3,5d777acc6b28,
England,E12000002,E08000006,Salford,SALFO_1060373bc839,635c519c1191,
England,E12000002,E08000006,Salford,SALFO_26499e7636f0,dcaf95024a24,
England,E12000002,E08000006,Salford,SALFO_a42d90201485,734819500328,
England,E12000002,E08000006,Salford,SALFO_36c86b41f33f,c3a6a6968a8b,
England,E12000002,E08000006,Salford,SALFO_e57b86dabcaa,d7ec1de58ce8,
England,E12000002,E08000006,Salford,SALFO_b781cde30f08,6ff9f55db7b7,
England,E12000002,E08000006,Salford,SALFO_8399cc0c7bba,29d19ac5fb1b,
England,E12000002,E08000006,Salford,SALFO_ca223c5b7b49,ab2485daed42,
England,E12000002,E08000006,Salford,SALFO_5b20ee400fb0,285a9b53749b,
England,E12000002,E08000006,Salford,SALFO_5d2840f7e62c,3c9df4ffab6b,
England,E12000002,E08000006,Salford,SALFO_81526a29b402,9a907309a7cf,
England,E12000002,E08000006,Salford,SALFO_9980a485d75a,edea8ac1a079,
England,E12000002,E08000006,Salford,SALFO_67186880ec11,37aa7947f632,
England,E12000002,E08000006,Salford,SALFO_d69c5c744082,2b5d4f7fd7aa,
England,E12000002,E08000006,Salford,SALFO_44a8ba8d4485,904e8e2ae86c,
England,E12000002,E08000006,Salford,SALFO_0c5cba2b09fb,b54cee569aca,
England,E12000002,E08000006,Salford,SALFO_e91625e7daeb,8550f45772e8,
England,E12000002,E08000006,Salford,SALFO_0d11088d3851,a055dcb7ede4,
England,E12000002,E08000006,Salford,SALFO_d31aa1a4e514,e58ef25fff3b,
England,E12000002,E08000006,Salford,SALFO_201ea2da60d1,51651b604b39,
England,E12000002,E08000006,Salford,SALFO_a53b62e162ec,2bc21b23a0b4,
England,E12000002,E08000006,Salford,SALFO_fe16537393ba,51b45b2abbe3,
England,E12000002,E08000006,Salford,SALFO_5f5742c680fb,fb628897a5f9,
England,E12000002,E08000006,Salford,SALFO_0948a828ce20,ee60c14a7f42,
England,E12000002,E08000006,Salford,SALFO_c94ca632c115,dd2f14eca31d,
England,E12000002,E08000006,Salford,SALFO_eaafb414e1f0,168101f2bf67,
England,E12000002,E08000006,Salford,SALFO_20ca9b2f1aca,e076919400a8,
England,E12000002,E08000006,Salford,SALFO_7f3af94f66fe,c94a18c335d1,
England,E12000002,E08000006,Salford,SALFO_af11ce8fd7d8,450d1b1829f8,
England,E12000002,E08000006,Salford,SALFO_461e047af977,39625bb7dff2,
England,E12000002,E08000006,Salford,SALFO_91d4e7eb1396,62b201f83aa1,
England,E12000002,E08000006,Salford,SALFO_63d2033a9de5,1ba9a2654357,
England,E12000002,E08000006,Salford,SALFO_9a54bb25e266,c9a531c6b4b1,
England,E12000002,E08000006,Salford,SALFO_aee5f7fd8125,f5bad0e3b1b7,
England,E12000002,E08000006,Salford,SALFO_828137e73284,d35e26325384,
England,E12000002,E08000006,Salford,SALFO_01bb93734a52,9b5414c103ce,
England,E12000002,E08000006,Salford,SALFO_b7efd0178240,15094c8736ad,
England,E12000002,E08000006,Salford,SALFO_c24a25f9eee7,73418f9842bf,
England,E12000002,E08000006,Salford,SALFO_19fa0ae48502,d75055dcb4fd,
England,E12000002,E08000006,Salford,SALFO_6d614a5dab55,6d07c1b3e2b4,
England,E12000002,E08000006,Salford,SALFO_94579de267f9,0de5a10cae63,
England,E12000002,E08000006,Salford,SALFO_9448e10a36ac,de02d3c4b23e,
England,E12000002,E08000006,Salford,SALFO_31ff261b2034,701640841d28,
England,E12000002,E08000006,Salford,SALFO_53a5961b7261,99b91f346e2f,
England,E12000002,E08000006,Salford,SALFO_4c4b241a7436,1cc5d04c98f0,
England,E12000002,E08000006,Salford,SALFO_f7e45c88fee6,a5f48e9204ec,
England,E12000002,E08000006,Salford,SALFO_7a13c6fdf2ee,1cc60e0c2e94,
England,E12000002,E08000006,Salford,SALFO_a9ca4cc2448a,50662fa6ac2d,
England,E12000002,E08000006,Salford,SALFO_c9124a01d45f,fda1ef26fdfc,
England,E12000002,E08000006,Salford,SALFO_029b83272040,b3dbee1a3ccd,
England,E12000002,E08000006,Salford,SALFO_46a341827b83,1a4eb6362072,
England,E12000002,E08000006,Salford,SALFO_854b23bcc553,fac867c4033d,
England,E12000002,E08000006,Salford,SALFO_da8c632f60e5,5e2044016c11,
England,E12000002,E08000006,Salford,SALFO_501b5f27958c,db1aa754ba20,
England,E12000002,E08000006,Salford,SALFO_79648fcdf15a,c1445688e2c7,
England,E12000002,E08000006,Salford,SALFO_f210ee5566a5,937867b7c078,
England,E12000002,E08000006,Salford,SALFO_dd3c82496d80,0f45b5a3c344,
England,E12000002,E08000006,Salford,SALFO_9a1cccdb8c40,983355d02a4f,
England,E12000002,E08000006,Salford,SALFO_23fca6e79fe2,c72604706141,
England,E12000002,E08000006,Salford,SALFO_3a16bbfbe1cb,1d15fdbb6c92,
England,E12000002,E08000006,Salford,SALFO_8e2c5ee57bc1,642c9e45f686,
England,E12000002,E08000006,Salford,SALFO_85c1fc50c73e,234503ab7c22,
England,E12000002,E08000006,Salford,SALFO_f68db2ad1a3a,d4a547eacbfe,
England,E12000002,E08000006,Salford,SALFO_3af7aa840865,a1065a743bf0,
England,E12000002,E08000006,Salford,SALFO_bbdc0bd9aaec,c331fd02a255,
England,E12000002,E08000006,Salford,SALFO_07273edfd9ff,652e670d43c7,
England,E12000002,E08000006,Salford,SALFO_e59f43d1f9fa,74ad55f107dd,
England,E12000002,E08000006,Salford,SALFO_17a52cc7b578,3f9ecf0487f2,
England,E12000002,E08000006,Salford,SALFO_bd5ef5dfc4b6,d5bd8d5e5f97,
England,E12000002,E08000006,Salford,SALFO_41b48eeeb687,3569d80a1d4b,
England,E12000002,E08000006,Salford,SALFO_d1db05dc9df0,6c10d7ded893,
England,E12000002,E08000006,Salford,SALFO_4f94e2c50d83,b7ce8b73f984,
England,E12000002,E08000006,Salford,SALFO_e74d7b3aa9ad,365b6389ed19,
England,E12000002,E08000006,Salford,SALFO_3858cf964234,e127df87361b,
England,E12000002,E08000006,Salford,SALFO_e96a842fe9b1,4521b41af9aa,
England,E12000002,E08000006,Salford,SALFO_5e680dc1a06e,eaaa58039451,
England,E12000002,E08000006,Salford,SALFO_3c20a5ac1023,ae964a169c14,
England,E12000002,E08000006,Salford,SALFO_66b1eaef51db,b8b6fbca0963,
England,E12000002,E08000006,Salford,SALFO_9236e612df87,948697d268bb,
England,E12000002,E08000006,Salford,SALFO_15fe588cef67,4b62b40e0d47,
England,E12000002,E08000006,Salford,SALFO_6a833a33f24c,5cf7a2994d6b,
England,E12000002,E08000006,Salford,SALFO_33a5df288c92,bfc8909e23c5,
England,E12000002,E08000006,Salford,SALFO_4cae99579e76,f2a001b6dd93,
England,E12000002,E08000006,Salford,SALFO_3aa296072156,f8fe00bb9f20,
England,E12000002,E08000006,Salford,SALFO_11493b99cab3,63d1a5b0fb52,
England,E12000002,E08000006,Salford,SALFO_966b22cf44dc,bd9fb053b2ca,
England,E12000002,E08000006,Salford,SALFO_47ba3978ff4f,87a11d7c40ce,
England,E12000002,E08000006,Salford,SALFO_4fc10a46d2fa,a39948da3b21,
England,E12000002,E08000006,Salford,SALFO_c5ee260b311c,297aa83b489f,
England,E12000002,E08000006,Salford,SALFO_ee7c8d9fcb85,87cc54697924,
England,E12000002,E08000006,Salford,SALFO_d320a890adc9,943d3b1bbb1d,
England,E12000002,E08000006,Salford,SALFO_50e9fbd7043e,003bab8820f6,
England,E12000002,E08000006,Salford,SALFO_b5bc689acf65,77f273d277db,
England,E12000002,E08000006,Salford,SALFO_d87b56008916,6a1dc118d544,
England,E12000002,E08000006,Salford,SALFO_875509f8b827,b79e07715e6d,
England,E12000002,E08000006,Salford,SALFO_ffa1adce1988,b0fe7755372a,
England,E12000002,E08000006,Salford,SALFO_c03811b19214,da18a2d5e1a5,
England,E12000002,E08000006,Salford,SALFO_d2ca427939d0,5aa6d3bcb12b,
England,E12000002,E08000006,Salford,SALFO_0315a7fcb9d1,eb26700c7779,
England,E12000002,E08000006,Salford,SALFO_a6b3c958b791,95cfe4c76447,
England,E12000002,E08000006,Salford,SALFO_4f8b8ba6e20f,d509ca769c9c,
England,E12000002,E08000006,Salford,SALFO_f88f868c9b0a,3313abcc4a3e,
England,E12000002,E08000006,Salford,SALFO_02f080213d92,4e0ec51ce8e9,
England,E12000002,E08000006,Salford,SALFO_c53e9512993a,f688e90afd9f,
England,E12000002,E08000006,Salford,SALFO_09f9f4fa66b0,110443ece3fe,
England,E12000002,E08000006,Salford,SALFO_f6ad84e39c1d,fc87a77527de,
England,E12000002,E08000006,Salford,SALFO_d8224786ecbc,16c1fa0e05da,
England,E12000002,E08000006,Salford,SALFO_c0b4c7872b56,09604dd3855f,
England,E12000002,E08000006,Salford,SALFO_50419ee37932,bfaac87d8110,
England,E12000002,E08000006,Salford,SALFO_1fe074797393,48162724e4c7,
England,E12000002,E08000006,Salford,SALFO_acbdc7c0989f,f103f0497725,
England,E12000002,E08000006,Salford,SALFO_0c794cbbbb78,80f62bd01aea,
England,E12000002,E08000006,Salford,SALFO_1d29d9ae04ac,122454796df8,
England,E12000002,E08000006,Salford,SALFO_807455b3de52,96bb19c258ef,
England,E12000002,E08000006,Salford,SALFO_59c168368e2d,5f580e98b566,
England,E12000002,E08000006,Salford,SALFO_f684b422f5f7,2ae096e85264,
England,E12000002,E08000006,Salford,SALFO_b7871248bfb5,03c17e6b59bc,
England,E12000002,E08000006,Salford,SALFO_bd72ada8d875,093b3be527cb,
England,E12000002,E08000006,Salford,SALFO_c3e42cb8c000,8a49d5aa452e,
England,E12000002,E08000006,Salford,SALFO_063b4143f0b1,7818c50daac1,
England,E12000002,E08000006,Salford,SALFO_0611f710208f,76e3338a4a2b,
England,E12000002,E08000006,Salford,SALFO_71a8be9fbfb2,eac51219947a,
England,E12000002,E08000006,Salford,SALFO_7dd4988a2481,488c88fbcecd,
England,E12000002,E08000006,Salford,SALFO_df90a5ee3ff4,095049605bb2,
England,E12000002,E08000006,Salford,SALFO_d71f975d47d7,1baf5e4d8e0f,
England,E12000002,E08000006,Salford,SALFO_441b8831fd46,375664559f2a,
England,E12000002,E08000006,Salford,SALFO_67f5a65df954,a95b808c787a,
England,E12000002,E08000006,Salford,SALFO_12bd1db882bc,bbd5e341bb28,
England,E12000002,E08000006,Salford,SALFO_56d3ef17cb09,ff546d26f615,
England,E12000002,E08000006,Salford,SALFO_9229f36ad470,4f1540cf4e41,
England,E12000002,E08000006,Salford,SALFO_80db0df7ac2c,6156659984b3,
England,E12000002,E08000006,Salford,SALFO_ccda398006c9,e13ccad899a9,
England,E12000002,E08000006,Salford,SALFO_8a8d63fa5b4f,54c95e878c3b,
England,E12000002,E08000006,Salford,SALFO_1f6ea4aef80a,9a4f123410a4,
England,E12000002,E08000006,Salford,SALFO_2d1fb66f7d34,884f1d9b4948,
England,E12000002,E08000006,Salford,SALFO_b184acbd8525,0dfd57603d91,
England,E12000002,E08000006,Salford,SALFO_62ea68c3027a,151c4efd6cdf,
England,E12000002,E08000006,Salford,SALFO_6fba98ef8998,c83a76d79b38,
England,E12000002,E08000006,Salford,SALFO_131bb3f62434,d60e4813b0b7,
England,E12000002,E08000006,Salford,SALFO_bb8223e4e0f4,71a2dd471dfc,
England,E12000002,E08000006,Salford,SALFO_0664f857481e,0e512809ea16,
England,E12000002,E08000006,Salford,SALFO_d73860a00f9a,f0c8c3194c4a,
England,E12000002,E08000006,Salford,SALFO_1fe0944c6176,88edc518d7b5,
England,E12000002,E08000006,Salford,SALFO_0873e86633cb,9f48f4d981ff,
England,E12000002,E08000006,Salford,SALFO_26a80603d8e7,baa2e8371596,
England,E12000002,E08000006,Salford,SALFO_6b2629d49bbf,264fd0bda43f,
England,E12000002,E08000006,Salford,SALFO_d667efd64c59,4679c47d2b05,
England,E12000002,E08000006,Salford,SALFO_913df557e28a,3bf6430ba33e,
England,E12000002,E08000006,Salford,SALFO_c7231e736ea9,3d8257579924,
England,E12000002,E08000006,Salford,SALFO_1d332f27841b,84891f043d2a,
England,E12000002,E08000006,Salford,SALFO_8d43804958cc,fb355fc4acc9,
England,E12000002,E08000006,Salford,SALFO_1ec226c58576,a25c09d2dfb6,
England,E12000002,E08000006,Salford,SALFO_6ee305971a9f,1fc9205c0fc8,
England,E12000002,E08000006,Salford,SALFO_cf6dc9d2a6b7,e459991129ce,
England,E12000002,E08000006,Salford,SALFO_be1d8b40913e,e5d934adb74d,
England,E12000002,E08000006,Salford,SALFO_eb6689336998,857e3688f912,
England,E12000002,E08000006,Salford,SALFO_cd8058cf0f3c,8d5ba6775fed,
England,E12000002,E08000006,Salford,SALFO_2176e24be584,4af18243c89f,
England,E12000002,E08000006,Salford,SALFO_1777a7e9f647,b43212fbd8e2,
England,E12000002,E08000006,Salford,SALFO_f8aed95105de,891e828cade1,
England,E12000002,E08000006,Salford,SALFO_9d724974e111,366f419ce6d7,
England,E12000002,E08000006,Salford,SALFO_dcf5e1ec10e9,3bdaa2f9f891,
England,E12000002,E08000006,Salford,SALFO_e2245240b0ab,0a84b2633a0c,
England,E12000002,E08000006,Salford,SALFO_07d95aac1ee0,aff58dd6f164,
England,E12000002,E08000006,Salford,SALFO_8e47a1a85623,4a7f3aaf24bd,
England,E12000002,E08000006,Salford,SALFO_e1ad947abd4d,a54b859d8d57,
England,E12000002,E08000006,Salford,SALFO_2e2035581245,048542a3cba6,
England,E12000002,E08000006,Salford,SALFO_46418af8290d,ab7578953c9e,
England,E12000002,E08000006,Salford,SALFO_daa9ed8c5d1c,604aa6aa8ad6,
England,E12000002,E08000006,Salford,SALFO_b7bf5715cc83,c9a95b84ba03,
England,E12000002,E08000006,Salford,SALFO_22e49bdb486d,49aa16a05082,
England,E12000002,E08000006,Salford,SALFO_495870c98f0c,eadb9a28a10b,
England,E12000002,E08000006,Salford,SALFO_354f8229ec42,e9dc5f64f4b2,
England,E12000002,E08000006,Salford,SALFO_156c6f6473cd,bedf82b24aa3,
England,E12000002,E08000006,Salford,SALFO_16dc6edd695f,fb78957dd8c5,
England,E12000002,E08000006,Salford,SALFO_90d1c1b49eed,902bc79e7166,
England,E12000002,E08000006,Salford,SALFO_026dd35ab6ee,ea471e477214,
England,E12000002,E08000006,Salford,SALFO_55719fa562ff,53bc5dbf9ef3,
England,E12000002,E08000006,Salford,SALFO_56982b5b0069,e2c9da2af910,
England,E12000002,E08000006,Salford,SALFO_85f4049c3112,210f0f91ab2d,
England,E12000002,E08000006,Salford,SALFO_048d406f85e5,6e402f1af86e,
England,E12000002,E08000006,Salford,SALFO_fe123673ea20,a4a72cb65a4b,
England,E12000002,E08000006,Salford,SALFO_c385da125537,1c283045dae2,
England,E12000002,E08000006,Salford,SALFO_a9f2e2893c95,5e0026a843d5,
England,E12000002,E08000006,Salford,SALFO_c2c1b3e5eb3e,696dec9d2e86,
England,E12000002,E08000006,Salford,SALFO_97f2e6d3b6ab,cd76d6bcd81c,
England,E12000002,E08000006,Salford,SALFO_9fed7b88b6b3,2592abb9d25a,
England,E12000002,E08000006,Salford,SALFO_6de90254b52a,d1efb8c2476c,
England,E12000002,E08000006,Salford,SALFO_446e7a6da5ce,1b4c65abd12e,
England,E12000002,E08000006,Salford,SALFO_05a651d2c2e8,e1fe7d6089f5,
England,E12000002,E08000006,Salford,SALFO_4c52f672904a,1c1dc198e31b,
England,E12000002,E08000006,Salford,SALFO_0ead82980909,181a997816af,
England,E12000002,E08000006,Salford,SALFO_47fcdb093a3b,48f0575a6bb5,
England,E12000002,E08000006,Salford,SALFO_de03cc6c6d20,e0aae507180d,
England,E12000002,E08000006,Salford,SALFO_5005a28aef21,3f9c99826445,
England,E12000002,E08000006,Salford,SALFO_8d1d697a9799,afd19fe4525f,
England,E12000002,E08000006,Salford,SALFO_da7c88241d33,f2622fbe80ce,
England,E12000002,E08000006,Salford,SALFO_8708277a0f8f,6523dda9fea2,
England,E12000002,E08000006,Salford,SALFO_39759246a08e,8ba2bbb6103f,
England,E12000002,E08000006,Salford,SALFO_3455daa0da17,93a43d92df3e,
England,E12000002,E08000006,Salford,SALFO_7adcb663ea2e,2772db27ed29,
England,E12000002,E08000006,Salford,SALFO_9db8601c41dd,fc86d55f64b4,
England,E12000002,E08000006,Salford,SALFO_af432c89516f,e03a06b6f221,
England,E12000002,E08000006,Salford,SALFO_97b6fc687f6e,d5d0819ebf96,
England,E12000002,E08000006,Salford,SALFO_c03d56c1b6f3,1345ab80e22f,
England,E12000002,E08000006,Salford,SALFO_09dee71365c5,20c28eb45300,
England,E12000002,E08000006,Salford,SALFO_3deb86818413,34296c3244c4,
England,E12000002,E08000006,Salford,SALFO_5052acade5e8,06b0699115fd,
England,E12000002,E08000006,Salford,SALFO_1cd4b4375f12,f9e6af5fe911,
England,E12000002,E08000006,Salford,SALFO_b70aa850afdb,393f83d7561f,
England,E12000002,E08000006,Salford,SALFO_53eb158462c9,2dc3f6e1bd44,
England,E12000002,E08000006,Salford,SALFO_923358e7931d,925700c9ac55,
England,E12000002,E08000006,Salford,SALFO_45ed78593533,f055ac45f4df,
England,E12000002,E08000006,Salford,SALFO_63379165c37c,42c7a33682b8,
England,E12000002,E08000006,Salford,SALFO_28532f043588,3f78956bb80c,
England,E12000002,E08000006,Salford,SALFO_ee4238a1a299,c268c64bbd69,
England,E12000002,E08000006,Salford,SALFO_45fde1bc2387,59ae35832e26,
England,E12000002,E08000006,Salford,SALFO_96c0e8503265,1004a9876adf,
England,E12000002,E08000006,Salford,SALFO_b7cb0c4afe56,fc0649f9044a,
England,E12000002,E08000006,Salford,SALFO_c7f7b79e6b7d,76dd671db3d4,
England,E12000002,E08000006,Salford,SALFO_2541e202c5f2,22aaeed8cc02,
England,E12000002,E08000006,Salford,SALFO_c7f3d5691ddb,5f487f6f31d3,
England,E12000002,E08000006,Salford,SALFO_78c7e736153d,c36333478a8c,
England,E12000002,E08000006,Salford,SALFO_ed7afb6557ef,2307f336c7d6,
England,E12000002,E08000006,Salford,SALFO_4ce53538f677,6805880f6b1d,
England,E12000002,E08000006,Salford,SALFO_dac2c614f459,e16c31b2b2d5,
England,E12000002,E08000006,Salford,SALFO_4f16b74b016f,1a10b6bb60e2,
England,E12000002,E08000006,Salford,SALFO_855521a4f83b,425faad3c27a,
England,E12000002,E08000006,Salford,SALFO_9aab97987ab6,5b3d40ce24fd,
England,E12000002,E08000006,Salford,SALFO_b4921969501e,d32c1e3b5f2d,
England,E12000002,E08000006,Salford,SALFO_8849f2d141e0,dd853fce718a,
England,E12000002,E08000006,Salford,SALFO_3e1bdbc0aa92,fa1a684c8982,
England,E12000002,E08000006,Salford,SALFO_c1005c9cb5ed,68d5dae204fd,
England,E12000002,E08000006,Salford,SALFO_95d441c8d09e,e0b97a6825b9,
England,E12000002,E08000006,Salford,SALFO_63a2ed329528,094d1cb5bf94,
England,E12000002,E08000006,Salford,SALFO_2557307f81d7,465b44362a36,
England,E12000002,E08000006,Salford,SALFO_39a7091d5998,e2c56151e3b4,
England,E12000002,E08000006,Salford,SALFO_30ba9eb514d3,59732d681062,
England,E12000002,E08000006,Salford,SALFO_0445ac0da7ef,2e0476ff2695,
England,E12000002,E08000006,Salford,SALFO_ff4b36f6e8fe,dfda6ad89200,
England,E12000002,E08000006,Salford,SALFO_b53be7d13fb6,6161e7e197fd,
England,E12000002,E08000006,Salford,SALFO_599a50c82912,8b60f50a2cb3,
England,E12000002,E08000006,Salford,SALFO_9c8887af30fa,cab531f4d434,
England,E12000002,E08000006,Salford,SALFO_d847dcadec44,bba446438bf6,
England,E12000002,E08000006,Salford,SALFO_cdb895430946,14fd5f62a314,
England,E12000002,E08000006,Salford,SALFO_41ccf320d4b5,38e6f2059150,
England,E12000002,E08000006,Salford,SALFO_4fa0515fa5a3,7dc396e3942f,
England,E12000002,E08000006,Salford,SALFO_75911abd0ad1,058d5c1719d1,
England,E12000002,E08000006,Salford,SALFO_c2614c115db2,b385fff84ea1,
England,E12000002,E08000006,Salford,SALFO_9384772b79a0,2140e645e0e8,
England,E12000002,E08000006,Salford,SALFO_45c0ce0cf9e1,f399b54e6f5b,
England,E12000002,E08000006,Salford,SALFO_e31605101306,0cec06e33ba6,
England,E12000002,E08000006,Salford,SALFO_178773676fe9,5f0cdc397bdf,
England,E12000002,E08000006,Salford,SALFO_4d1df5e534d6,eb0d44625f1d,
England,E12000002,E08000006,Salford,SALFO_36b7230890fa,9ddd5102ea08,
England,E12000002,E08000006,Salford,SALFO_9784c3e204b7,06702bfd0e4c,
England,E12000002,E08000006,Salford,SALFO_955b9cf2d96c,5d816963b5c5,
England,E12000002,E08000006,Salford,SALFO_8da44e297eae,871b807e502b,
England,E12000002,E08000006,Salford,SALFO_0974c4db2f79,db5de25c5e49,
England,E12000002,E08000006,Salford,SALFO_a9b8390ee5c0,80ffb6b8c6e3,
England,E12000002,E08000006,Salford,SALFO_7a593fa8ce20,d726b5bd5f98,
England,E12000002,E08000006,Salford,SALFO_efb4c91b5819,58af9f64cb65,
England,E12000002,E08000006,Salford,SALFO_df34fa98718a,242fe4b28758,
England,E12000002,E08000006,Salford,SALFO_b24fb5ee6c55,d94e57d136e2,
England,E12000002,E08000006,Salford,SALFO_44fd624d7572,a92bbf7cb8d5,
England,E12000002,E08000006,Salford,SALFO_d85e570636da,79184f5dcf7f,
England,E12000002,E08000006,Salford,SALFO_dec831e048cd,6ea1c5c19ae5,
England,E12000002,E08000006,Salford,SALFO_fb18634a284e,6b729578eb71,
England,E12000002,E08000006,Salford,SALFO_41daa5a0f585,948808da8170,
England,E12000002,E08000006,Salford,SALFO_3086300dfb45,d8c9a19e9f25,
England,E12000002,E08000006,Salford,SALFO_eecba03f7600,aa5a202b7441,
England,E12000002,E08000006,Salford,SALFO_2409d8daf41a,306578ee9f04,
England,E12000002,E08000006,Salford,SALFO_df6675b1726a,69f19dd417de,
England,E12000002,E08000006,Salford,SALFO_ca907c477238,dee98501ae9b,
England,E12000002,E08000006,Salford,SALFO_e041dfa86244,338cae111de1,
England,E12000002,E08000006,Salford,SALFO_a94418a01a0d,c155823a093b,
England,E12000002,E08000006,Salford,SALFO_559cc6a5cfdd,bd82c12eb1f4,
England,E12000002,E08000006,Salford,SALFO_a5f2f9f1b885,0d9f02385e0d,
England,E12000002,E08000006,Salford,SALFO_c7fd43b0da2b,950e67afbcf6,
England,E12000002,E08000006,Salford,SALFO_6fd9ae4fb5de,d1641dd42373,
England,E12000002,E08000006,Salford,SALFO_8724d03ea1de,e35c7d396a63,
England,E12000002,E08000006,Salford,SALFO_919329805504,272382d23603,
England,E12000002,E08000006,Salford,SALFO_c4d21b250ec6,8bb6e7c77c3b,
England,E12000002,E08000006,Salford,SALFO_cc29631e594c,a5d37c281b85,
England,E12000002,E08000006,Salford,SALFO_4f06fcc4c8e5,504d4f1ab383,
England,E12000002,E08000006,Salford,SALFO_651a3c37b22f,381e848f6ba3,
England,E12000002,E08000006,Salford,SALFO_94dbdda10314,6cf5faa062c4,
England,E12000002,E08000006,Salford,SALFO_393c2dc1fcee,6060e0108e70,
England,E12000002,E08000006,Salford,SALFO_8393674c9ddb,502bea6dd37c,
England,E12000002,E08000006,Salford,SALFO_6c90b6baf7a9,805acc46e3bd,
England,E12000002,E08000006,Salford,SALFO_07b0ac6d247a,0b2bec4f887d,
England,E12000002,E08000006,Salford,SALFO_6c7925a983c7,9824a425e225,
England,E12000002,E08000006,Salford,SALFO_36e9adff4acc,6d017ed803e8,
England,E12000002,E08000006,Salford,SALFO_59bca989cec7,ff42c1525e35,
England,E12000002,E08000006,Salford,SALFO_c2b47f280331,98df4fd53ada,
England,E12000002,E08000006,Salford,SALFO_6e6d1c9bf648,d65ae3ecfee6,
England,E12000002,E08000006,Salford,SALFO_05eadb789ae4,cbc99efb3c81,
England,E12000002,E08000006,Salford,SALFO_fe11d38eb106,0e6e8e11c680,
England,E12000002,E08000006,Salford,SALFO_6bb23ca17452,183eaa843fbf,
England,E12000002,E08000006,Salford,SALFO_7218ed7a6266,2083ee59cb63,
England,E12000002,E08000006,Salford,SALFO_cfb4cc96b47d,13a72d1af99e,
England,E12000002,E08000006,Salford,SALFO_dd1393c5b677,0e542a1310bd,
England,E12000002,E08000006,Salford,SALFO_33f7d89d74f9,a9e9619a4ea4,
England,E12000002,E08000006,Salford,SALFO_0ef1b236b56b,eea67b271565,
England,E12000002,E08000006,Salford,SALFO_d269309d3bf4,afe850efd42c,
England,E12000002,E08000006,Salford,SALFO_b93901cd84ec,eb50e29a031e,
England,E12000002,E08000006,Salford,SALFO_77704352b292,2449be4472bc,
England,E12000002,E08000006,Salford,SALFO_8754991aa5b2,7e21114f607c,
England,E12000002,E08000006,Salford,SALFO_aa2c2edf6b4e,7ffad4027a7e,
England,E12000002,E08000006,Salford,SALFO_02cccf20981e,10c2e86d0fee,
England,E12000002,E08000006,Salford,SALFO_b0bd4f238abc,7d5696f2a26f,
England,E12000002,E08000006,Salford,SALFO_1f303b9989e0,1ca613a8bb66,
England,E12000002,E08000006,Salford,SALFO_e9aa7ea2c22f,2e78e6eb5c5d,
England,E12000002,E08000006,Salford,SALFO_882974866383,912d6308c5c4,
England,E12000002,E08000006,Salford,SALFO_84de20881f65,8e92236e234c,
England,E12000002,E08000006,Salford,SALFO_adee3cb310ab,7a7efc423401,
England,E12000002,E08000006,Salford,SALFO_a2e398efdc27,bbbf3acc2ae0,
England,E12000002,E08000006,Salford,SALFO_96ae4362def4,6414105f65ab,
England,E12000002,E08000006,Salford,SALFO_040497c64256,7a9f92093650,
England,E12000002,E08000006,Salford,SALFO_04247604a994,d8ca21dbef43,
England,E12000002,E08000006,Salford,SALFO_027208cbc696,90d552b0898e,
England,E12000002,E08000006,Salford,SALFO_f062e8b8c928,2801f134b636,
England,E12000002,E08000006,Salford,SALFO_fba76226d4a3,9e0e15d65c0d,
England,E12000002,E08000006,Salford,SALFO_fa8647531ad6,a71715e60956,
England,E12000002,E08000006,Salford,SALFO_a3b7a7e7d419,defa3a41f3ab,
England,E12000002,E08000006,Salford,SALFO_7461911b3efc,395590ac096e,
England,E12000002,E08000006,Salford,SALFO_3f5d228b31e3,9735ca506671,
England,E12000002,E08000006,Salford,SALFO_dd357501da40,99fa8c7cd730,
England,E12000002,E08000006,Salford,SALFO_00230a962042,6c9c4fce349e,
England,E12000002,E08000006,Salford,SALFO_5c0b563d0e6b,8c69a5a4679d,
England,E12000002,E08000006,Salford,SALFO_a63afe9941d0,1b796d11724a,
England,E12000002,E08000006,Salford,SALFO_c8d39ecdb6b1,db511efb388c,
England,E12000002,E08000006,Salford,SALFO_67ad9521664e,389a9c45999b,
England,E12000002,E08000006,Salford,SALFO_35f43e8b6ff7,b6d09f11be0c,
England,E12000002,E08000006,Salford,SALFO_589e2d7fa404,7f7eee844906,
England,E12000002,E08000006,Salford,SALFO_3b5bfba75380,2ee3b7d78632,
England,E12000002,E08000006,Salford,SALFO_d8b66360c438,5b75a977a669,
England,E12000002,E08000006,Salford,SALFO_259cb46a97c5,ac2d28a56a79,
England,E12000002,E08000006,Salford,SALFO_a1399970c6ec,6cc3d36e6afb,
England,E12000002,E08000006,Salford,SALFO_2e6e96fddf70,51c5011bf047,
England,E12000002,E08000006,Salford,SALFO_f39d59a7f3b7,fdd1d968289d,
England,E12000002,E08000006,Salford,SALFO_843592769bdc,fb8cdcb672d6,
England,E12000002,E08000006,Salford,SALFO_789968c598f6,80177363d6e3,
England,E12000002,E08000006,Salford,SALFO_b6c28c3d8b95,3db7035e0b3b,
England,E12000002,E08000006,Salford,SALFO_bfaa90309860,6fe6be79315c,
England,E12000002,E08000006,Salford,SALFO_656220a7f375,5b048dbadd4d,
England,E12000002,E08000006,Salford,SALFO_c4f53b322fcf,655281318d21,
England,E12000002,E08000006,Salford,SALFO_72b4f3816ef9,3fa9bc69c969,
England,E12000002,E08000006,Salford,SALFO_b0a07c1d0e6d,4807676f5e14,
England,E12000002,E08000006,Salford,SALFO_dc110b93a5fc,635ed7075850,
England,E12000002,E08000006,Salford,SALFO_3778f979338a,38792382a4d5,
England,E12000002,E08000006,Salford,SALFO_33a110a2fa8d,62b7a2c2f6ce,
England,E12000002,E08000006,Salford,SALFO_2f9de1697cc6,a6ca36325b7b,
England,E12000002,E08000006,Salford,SALFO_f1e4379ec985,9a5acb9d0311,
England,E12000002,E08000006,Salford,SALFO_622bbf4c23ee,9ff4d8208d63,
England,E12000002,E08000006,Salford,SALFO_8e801afee42f,e23713f12e58,
England,E12000002,E08000006,Salford,SALFO_fb3b89080856,3a135a66127f,
England,E12000002,E08000006,Salford,SALFO_38acb7872ea1,87beaa33961f,
England,E12000002,E08000006,Salford,SALFO_5d3eb4bfde65,468da244c3f4,
England,E12000002,E08000006,Salford,SALFO_0f960f3511c1,3766c9735049,
England,E12000002,E08000006,Salford,SALFO_b22c5bd2d79d,c03e93cb9845,
England,E12000002,E08000006,Salford,SALFO_b28e8d00307a,98ff219b533b,
England,E12000002,E08000006,Salford,SALFO_18152c72f50f,d00c781d1e9d,
England,E12000002,E08000006,Salford,SALFO_c8616a39450c,043e6669547f,
England,E12000002,E08000006,Salford,SALFO_cab6f73a4b80,c490fef27ec7,
England,E12000002,E08000006,Salford,SALFO_2142f48ec1b1,96a30015fd6b,
England,E12000002,E08000006,Salford,SALFO_5f5c46dd8984,c664e3778cb8,
England,E12000002,E08000006,Salford,SALFO_8eb289158527,ad67c2d5b1b7,
England,E12000002,E08000006,Salford,SALFO_1c1e64d172bf,fe52f95cdeb8,
England,E12000002,E08000006,Salford,SALFO_14a297e3fd80,8ac5cd5f150a,
England,E12000002,E08000006,Salford,SALFO_3674880f30ee,c245f4e4689e,
England,E12000002,E08000006,Salford,SALFO_0537d8a424bc,72ce221c4309,
England,E12000002,E08000006,Salford,SALFO_917235ac2aa6,53d751e5a5cc,
England,E12000002,E08000006,Salford,SALFO_392e4a831ba2,ae93260c0af4,
England,E12000002,E08000006,Salford,SALFO_6ed74ee4b076,f6aed61f9faf,
England,E12000002,E08000006,Salford,SALFO_f8fc3ec840dd,3d9dafab3f74,
England,E12000002,E08000006,Salford,SALFO_2480d9ddd095,8907f0bc9d06,
England,E12000002,E08000006,Salford,SALFO_5d11ee179cd3,93ea0d59e18b,
England,E12000002,E08000006,Salford,SALFO_ddb1d53393ec,e639f1707071,
England,E12000002,E08000006,Salford,SALFO_48d9dcc87e47,2f407473f209,
England,E12000002,E08000006,Salford,SALFO_e5b4b4efa592,1f7bb0c3153e,
England,E12000002,E08000006,Salford,SALFO_fe5aaedd480c,da8376feb82c,
England,E12000002,E08000006,Salford,SALFO_10bea1eb8383,7e327e46ba44,
England,E12000002,E08000006,Salford,SALFO_871fbcedcd0e,fd3dead26aa1,
England,E12000002,E08000006,Salford,SALFO_1dc2f2365f25,e0a50b578617,
England,E12000002,E08000006,Salford,SALFO_058e2a20b186,af50b3b8101e,
England,E12000002,E08000006,Salford,SALFO_1b979278c10f,dfd713b20afb,
England,E12000002,E08000006,Salford,SALFO_3681a8c22fff,9e15adf6461b,
England,E12000002,E08000006,Salford,SALFO_601287e5ff3e,424fe44eac6a,
England,E12000002,E08000006,Salford,SALFO_d8a9ecada1ad,d08d5f7dda35,
England,E12000002,E08000006,Salford,SALFO_2219955b7349,5f401412575d,
England,E12000002,E08000006,Salford,SALFO_04b17a57301a,0a6408d3043f,
England,E12000002,E08000006,Salford,SALFO_3912a5b7c71b,65f64edbb726,
England,E12000002,E08000006,Salford,SALFO_727032bfb4f2,bbe1998a5045,
England,E12000002,E08000006,Salford,SALFO_0887523d24bc,b04405152e75,
England,E12000002,E08000006,Salford,SALFO_11d6e25ecd7f,aba3967f7635,
England,E12000002,E08000006,Salford,SALFO_8b9cfd5a3f4c,5e49221e43bd,
England,E12000002,E08000006,Salford,SALFO_072564627d6d,974201913d9d,
England,E12000002,E08000006,Salford,SALFO_a51a9faf7e17,6cef65415e8d,
England,E12000002,E08000006,Salford,SALFO_1408562b7a06,999a5571425c,
England,E12000002,E08000006,Salford,SALFO_b21e3b46f0d8,9f98f887f4e5,
England,E12000002,E08000006,Salford,SALFO_63288a01483c,7cda4249649b,
England,E12000002,E08000006,Salford,SALFO_d78017c18a18,aebde005da16,
England,E12000002,E08000006,Salford,SALFO_760da0612588,2ea241aeff35,
England,E12000002,E08000006,Salford,SALFO_fa21994b2678,eaf604fb94c0,
England,E12000002,E08000006,Salford,SALFO_ccf4313c199e,51c6750d9548,
England,E12000002,E08000006,Salford,SALFO_768ca02b22a7,d1ef4338d6df,
England,E12000002,E08000006,Salford,SALFO_17e78d9f8744,cda5732661fd,
England,E12000002,E08000006,Salford,SALFO_610cf208a504,3e798b5eee8c,
England,E12000002,E08000006,Salford,SALFO_b377041508dd,2c3a73909585,
England,E12000002,E08000006,Salford,SALFO_2cac82e46cde,c1f2acc0a456,
England,E12000002,E08000006,Salford,SALFO_b6c17fa1056b,2fc2ffccdc84,
England,E12000002,E08000006,Salford,SALFO_160651ae9933,cee1c0fc3f09,
England,E12000002,E08000006,Salford,SALFO_ef7dba95dfe7,f7e86a09aa72,
England,E12000002,E08000006,Salford,SALFO_f401ce316895,7fab29ab4f9d,
England,E12000002,E08000006,Salford,SALFO_6f674ff8e3c3,dac6b5e07d6c,
England,E12000002,E08000006,Salford,SALFO_8a9bc408c44e,8fa548e553c6,
England,E12000002,E08000006,Salford,SALFO_49958105d0c1,bcf9f72c5e36,
England,E12000002,E08000006,Salford,SALFO_1cff9bf63b9c,29698dc88736,
England,E12000002,E08000006,Salford,SALFO_ad59748e1404,838e85f82ac3,
England,E12000002,E08000006,Salford,SALFO_de58fb92f259,d0678bf29791,
England,E12000002,E08000006,Salford,SALFO_0f23b958d3bf,f84b3de69bfd,
England,E12000002,E08000006,Salford,SALFO_769b15c34d6c,2bae560ff883,
England,E12000002,E08000006,Salford,SALFO_ebaeafce9196,1bc2fa84e218,
England,E12000002,E08000006,Salford,SALFO_cd705d77d54e,b8e0a5be7d67,
England,E12000002,E08000006,Salford,SALFO_ecdb42bc7a41,2fa978125fb6,
England,E12000002,E08000006,Salford,SALFO_b658f3943ecb,693c51bc3cfa,
England,E12000002,E08000006,Salford,SALFO_cf7caed51955,fe659785c4d8,
England,E12000002,E08000006,Salford,SALFO_81068cc054a1,549f28fcbc37,
England,E12000002,E08000006,Salford,SALFO_c4ce30bfbb0b,bd28858aff9b,
England,E12000002,E08000006,Salford,SALFO_e86523d55623,acfab9ef4c35,
England,E12000002,E08000006,Salford,SALFO_f8da8cbcf9b5,c3c3efcdd682,
England,E12000002,E08000006,Salford,SALFO_3a9daf5c4c01,6d4925279388,
England,E12000002,E08000006,Salford,SALFO_90122469f70d,9d551f128ba8,
England,E12000002,E08000006,Salford,SALFO_b88fe18ef51a,4f7ed48e0adf,
England,E12000002,E08000006,Salford,SALFO_df2e98cbff6f,1f3c38560f86,
England,E12000002,E08000006,Salford,SALFO_a554b67b0c56,27f5748f32b1,
England,E12000002,E08000006,Salford,SALFO_53cd9432b4d0,926ac06da85f,
England,E12000002,E08000006,Salford,SALFO_9554667f8e04,6de992e691fa,
England,E12000002,E08000006,Salford,SALFO_42fb01ab0ebb,dd2a01e40c33,
England,E12000002,E08000006,Salford,SALFO_a8647acd854e,a71b835d46e4,
England,E12000002,E08000006,Salford,SALFO_b854b100dc99,a4b6a1019cb0,
England,E12000002,E08000006,Salford,SALFO_6adf35ffb59f,e3b64e0f38d5,
England,E12000002,E08000006,Salford,SALFO_8a7670f95b66,1579804358d4,
England,E12000002,E08000006,Salford,SALFO_3ce70d728d91,fa95156c3caa,
England,E12000002,E08000006,Salford,SALFO_77669cef9a96,f93d922685c0,
England,E12000002,E08000006,Salford,SALFO_8f9485bc183e,526836b113d5,
England,E12000002,E08000006,Salford,SALFO_fada883d5d2b,c71797e955c1,
England,E12000002,E08000006,Salford,SALFO_250b3e2b67ef,d35137193a58,
England,E12000002,E08000006,Salford,SALFO_82d4572c7cb6,f1d2c204084e,
England,E12000002,E08000006,Salford,SALFO_370bb043670d,6312ce79a38b,
England,E12000002,E08000006,Salford,SALFO_f4c10fec00d1,9eedbddc3ab3,
England,E12000002,E08000006,Salford,SALFO_3b8ccea2507b,827319b650b4,
England,E12000002,E08000006,Salford,SALFO_466234fd1b68,5c44db4285c1,
England,E12000002,E08000006,Salford,SALFO_d857d789fd41,258fe7628491,
England,E12000002,E08000006,Salford,SALFO_233ff91ec60e,8ab9ecb7b669,
England,E12000002,E08000006,Salford,SALFO_16ceb9d79ed4,b44b5f7ec06f,
England,E12000002,E08000006,Salford,SALFO_29f55bfddca9,bd8117a872a6,
England,E12000002,E08000006,Salford,SALFO_74b1c523db2a,a14350f5c89d,
England,E12000002,E08000006,Salford,SALFO_721e49995ce1,08e485808a1b,
England,E12000002,E08000006,Salford,SALFO_097920b39bcb,9369d4ea9341,
England,E12000002,E08000006,Salford,SALFO_34453065588a,eb8db3f37a91,
England,E12000002,E08000006,Salford,SALFO_67e59bc6bd67,6c53f155c9cb,
England,E12000002,E08000006,Salford,SALFO_82682aa502b1,7b624c994d2f,
England,E12000002,E08000006,Salford,SALFO_22359bf514ac,3863a5a6033e,
England,E12000002,E08000006,Salford,SALFO_fe9441df962c,24dcccd05674,
England,E12000002,E08000006,Salford,SALFO_4eec618c6f22,048c42b460bc,
England,E12000002,E08000006,Salford,SALFO_27b8e28154be,abdc0aa8b82d,
England,E12000002,E08000006,Salford,SALFO_54bbfbb83321,109c1427fdf2,
England,E12000002,E08000006,Salford,SALFO_3675e65130b9,8e0e23bd39d9,
England,E12000002,E08000006,Salford,SALFO_d02549da45ba,2b2aea123bbb,
England,E12000002,E08000006,Salford,SALFO_c5ec67b510c8,cf845ec07b6f,
England,E12000002,E08000006,Salford,SALFO_27d7c397cf7d,a5ed028b0ab0,
England,E12000002,E08000006,Salford,SALFO_4455aacfafc9,c19cce479c25,
England,E12000002,E08000006,Salford,SALFO_d1f585169004,296839765ebe,
England,E12000002,E08000006,Salford,SALFO_8092f0073b61,dfc87575a626,
England,E12000002,E08000006,Salford,SALFO_74f15ebd9287,e61ae4020de3,
England,E12000002,E08000006,Salford,SALFO_975ef8e87961,4f4c437611cc,
England,E12000002,E08000006,Salford,SALFO_706aeab86d02,d7bd5a440535,
England,E12000002,E08000006,Salford,SALFO_f921d891e184,d7f3916e87d3,
England,E12000002,E08000006,Salford,SALFO_8df697e16402,c350f4c0a32c,
England,E12000002,E08000006,Salford,SALFO_2e66070663eb,8d82d42554cd,
England,E12000002,E08000006,Salford,SALFO_c547c7dc8e99,f15c80579969,
England,E12000002,E08000006,Salford,SALFO_1cb2661e3c71,934efe3123c5,
England,E12000002,E08000006,Salford,SALFO_2820cd3f2c20,95252654af60,
England,E12000002,E08000006,Salford,SALFO_9b7cf88b184f,cc9e55c54102,
England,E12000002,E08000006,Salford,SALFO_767510b3603c,1d3637d303ee,
England,E12000002,E08000006,Salford,SALFO_f7d55e712ec2,417ed31996c2,
England,E12000002,E08000006,Salford,SALFO_705f184c13a3,d76a59d47c51,
England,E12000002,E08000006,Salford,SALFO_1356e07804d9,2c2e1a5d6a9d,
England,E12000002,E08000006,Salford,SALFO_59b408546c78,ff8196e2e1a3,
England,E12000002,E08000006,Salford,SALFO_2c385bf77f1b,b5896c7c4422,
England,E12000002,E08000006,Salford,SALFO_a861ae85d6d0,5c2b886c7384,
England,E12000002,E08000006,Salford,SALFO_15d43d30cbd7,86fb958314d8,
England,E12000002,E08000006,Salford,SALFO_9381334866be,54549a7816a7,
England,E12000002,E08000006,Salford,SALFO_1101c0714ecf,ddaca7785aef,
England,E12000002,E08000006,Salford,SALFO_1cf4f9898159,502c8804d502,
England,E12000002,E08000006,Salford,SALFO_7f3322a78235,28d2eb13b95d,
England,E12000002,E08000006,Salford,SALFO_6d8a223106d1,47823397359f,
England,E12000002,E08000006,Salford,SALFO_12ba97e99eda,520f7ac0e5bb,
England,E12000002,E08000006,Salford,SALFO_78ca93e42dba,c4ff0c4c59f9,
England,E12000002,E08000006,Salford,SALFO_851a8300295d,7846efc92ff3,
England,E12000002,E08000006,Salford,SALFO_26482e01b4b3,350b3f45e2df,
England,E12000002,E08000006,Salford,SALFO_2d4d76960b11,92eb73190254,
England,E12000002,E08000006,Salford,SALFO_0cf8aa9ce1a5,5c4da7f17329,
England,E12000002,E08000006,Salford,SALFO_f6858d801c81,cf3386f7026e,
England,E12000002,E08000006,Salford,SALFO_9f69fe0cf4e4,1b7548c41c38,
England,E12000002,E08000006,Salford,SALFO_9155a8decf8a,d3882604a6df,
England,E12000002,E08000006,Salford,SALFO_4e9e8f90bcf4,b2516fdc6653,
England,E12000002,E08000006,Salford,SALFO_3b68f2997e51,ed0e8037f15b,
England,E12000002,E08000006,Salford,SALFO_61e14cbed8f5,f2ac703fd0de,
England,E12000002,E08000006,Salford,SALFO_0d8514a9f739,b6a8b1c3973e,
England,E12000002,E08000006,Salford,SALFO_877ed4f96eef,9947228ab2d0,
England,E12000002,E08000006,Salford,SALFO_49682ae9448a,dfbeb655c528,
England,E12000002,E08000006,Salford,SALFO_7db0fd22c7b6,d2b79ca3df3c,
England,E12000002,E08000006,Salford,SALFO_cdcb1f5e8569,655b0bbe60f7,
England,E12000002,E08000006,Salford,SALFO_9f23a6f87c57,63c95ceca385,
England,E12000002,E08000006,Salford,SALFO_5de809a7cbed,894da783e092,
England,E12000002,E08000006,Salford,SALFO_298516aace12,82944593e63f,
England,E12000002,E08000006,Salford,SALFO_b1eaa79cd843,adb61fd96852,
England,E12000002,E08000006,Salford,SALFO_5a15649ff808,f9143ffc00ef,
England,E12000002,E08000006,Salford,SALFO_db81b92106d0,b842f3a0b9a4,
England,E12000002,E08000006,Salford,SALFO_66d32944ae09,1c0704cee823,
England,E12000002,E08000006,Salford,SALFO_cb65decd780f,f661d9f95583,
England,E12000002,E08000006,Salford,SALFO_e5205accff2b,cc9cd4d5526f,
England,E12000002,E08000006,Salford,SALFO_26cf169e0a9d,d8f738ab114c,
England,E12000002,E08000006,Salford,SALFO_db77939806f9,940d9cb28c27,
England,E12000002,E08000006,Salford,SALFO_bec73fee4c6f,66d0b477de0a,
England,E12000002,E08000006,Salford,SALFO_519026f8bdb6,e3978d646f05,
England,E12000002,E08000006,Salford,SALFO_a18f7ce5428c,cbd2690ef580,
England,E12000002,E08000006,Salford,SALFO_7a251327751f,1766c712819e,
England,E12000002,E08000006,Salford,SALFO_01c8d6b506c5,4c51ca4fbfb8,
England,E12000002,E08000006,Salford,SALFO_d4030cdcb23e,60f81c7af9e3,
England,E12000002,E08000006,Salford,SALFO_7189ee4af4fa,2a49d6a8b7ea,
England,E12000002,E08000006,Salford,SALFO_769fafd1d292,9895b032c68e,
England,E12000002,E08000006,Salford,SALFO_28b25397f98c,81823f67cf38,
England,E12000002,E08000006,Salford,SALFO_6802a2fe2611,49f0dbc92af3,
England,E12000002,E08000006,Salford,SALFO_db2a02920406,a370dcfe59c9,
England,E12000002,E08000006,Salford,SALFO_ca21299ff121,3b80c6f8f0db,
England,E12000002,E08000006,Salford,SALFO_c8d2efea6b8a,7eca01f8b76e,
England,E12000002,E08000006,Salford,SALFO_0ee0c3aeecde,03a15c69e12b,
England,E12000002,E08000006,Salford,SALFO_8ce7fad2b3ed,f1777dec81f2,
England,E12000002,E08000006,Salford,SALFO_9829f26732fc,de6124bbd1c3,
England,E12000002,E08000006,Salford,SALFO_dd22bcf69b97,b93103aeb96a,
England,E12000002,E08000006,Salford,SALFO_01eef40f0367,5e1a954cb172,
England,E12000002,E08000006,Salford,SALFO_57ecb766fdb4,7eb94dd08b45,
England,E12000002,E08000006,Salford,SALFO_b7ba1b04429c,2a0fce351150,
England,E12000002,E08000006,Salford,SALFO_6d528588f53c,59bde37d08c5,
England,E12000002,E08000006,Salford,SALFO_dd78fc47bd5a,9cc7b19c2741,
England,E12000002,E08000006,Salford,SALFO_6087681ab38d,f4fff7728e89,
England,E12000002,E08000006,Salford,SALFO_9e75fb5f2ab2,7f5637914943,
England,E12000002,E08000006,Salford,SALFO_2b1b05b42df5,b9c5c512d805,
England,E12000002,E08000006,Salford,SALFO_c0ba61a33ba4,8fc4778e80da,
England,E12000002,E08000006,Salford,SALFO_0b5d455b3205,628ae70f0777,
England,E12000002,E08000006,Salford,SALFO_dcc1101cd299,97282461d29a,
England,E12000002,E08000006,Salford,SALFO_2f3b8082e140,5f5bf1766005,
England,E12000002,E08000006,Salford,SALFO_b580989aaf5c,becde5d51e07,
England,E12000002,E08000006,Salford,SALFO_c4696d4011e0,527307243438,
England,E12000002,E08000006,Salford,SALFO_eb481f232bd9,f2cf61ac64ee,
England,E12000002,E08000006,Salford,SALFO_743f3967a297,324b4b1c7134,
England,E12000002,E08000006,Salford,SALFO_392ab2c96cb3,29b0fd1ebb13,
England,E12000002,E08000006,Salford,SALFO_384b64dd1975,c09d785b080c,
England,E12000002,E08000006,Salford,SALFO_8c8a2b3852dd,43e47e57b9a7,
England,E12000002,E08000006,Salford,SALFO_8564102a95d8,284aaead837b,
England,E12000002,E08000006,Salford,SALFO_3ac0709e096f,43ae9138b4bb,
England,E12000002,E08000006,Salford,SALFO_e7d6335cc98c,239f576d3cfc,
England,E12000002,E08000006,Salford,SALFO_e5c2691b2161,9c06cc0fb30a,
England,E12000002,E08000006,Salford,SALFO_61df4e2400b6,9b7ec9b3c9e6,
England,E12000002,E08000006,Salford,SALFO_988ab9d6b279,775a32048190,
England,E12000002,E08000006,Salford,SALFO_6a7abde86f68,7835de0f82cf,
England,E12000002,E08000006,Salford,SALFO_6fe854d5a4e9,c90598c63398,
England,E12000002,E08000006,Salford,SALFO_a8b4422067b9,1ff82335be15,
England,E12000002,E08000006,Salford,SALFO_40bc6daec641,1e526cf1cd0a,
England,E12000002,E08000006,Salford,SALFO_37c548427a59,33e1a9b3e553,
England,E12000002,E08000006,Salford,SALFO_b3dedeee14b7,ae1a673ceda5,
England,E12000002,E08000006,Salford,SALFO_b0deb0ed78af,a47717332069,
England,E12000002,E08000006,Salford,SALFO_d0dbe9461e18,4a314a2b805a,
England,E12000002,E08000006,Salford,SALFO_e57cea07c6bb,df698e8915b8,
England,E12000002,E08000006,Salford,SALFO_ca5726cdc875,d12d147d3265,
England,E12000002,E08000006,Salford,SALFO_9b414deb0a71,96c7786a1e9c,
England,E12000002,E08000006,Salford,SALFO_8ff0780668be,c93573e9acb5,
England,E12000002,E08000006,Salford,SALFO_68d9c51ea2f5,64604e53fd13,
England,E12000002,E08000006,Salford,SALFO_1e25056057c2,bd7440f3ed42,
England,E12000002,E08000006,Salford,SALFO_fc27fce6adf6,a42ca7628075,
England,E12000002,E08000006,Salford,SALFO_d4f565f72a24,e6a6b6a47a79,
England,E12000002,E08000006,Salford,SALFO_113594efa54d,7763367871a6,
England,E12000002,E08000006,Salford,SALFO_9cb10d107e8a,fbf06ba7c73a,
England,E12000002,E08000006,Salford,SALFO_e78988dd0a88,97d5ac0675bf,
England,E12000002,E08000006,Salford,SALFO_1cd15ea105b4,29c9fe2f6674,
England,E12000002,E08000006,Salford,SALFO_e83a489592dc,e6076eff6ea0,
England,E12000002,E08000006,Salford,SALFO_a61101975d5b,9a775d241638,
England,E12000002,E08000006,Salford,SALFO_b076f09b25f8,e429c86e8683,
England,E12000002,E08000006,Salford,SALFO_d623d6000199,63761d3ee3eb,
England,E12000002,E08000006,Salford,SALFO_f92cd17fd8bd,2a7807803baa,
England,E12000002,E08000006,Salford,SALFO_831c182ec695,5bf93c734b2c,
England,E12000002,E08000006,Salford,SALFO_2f02ce902c80,4e76eb55f775,
England,E12000002,E08000006,Salford,SALFO_25c0b9419170,2fb175891ed9,
England,E12000002,E08000006,Salford,SALFO_ee3260a4c91f,fef37e659bf2,
England,E12000002,E08000006,Salford,SALFO_3b02c9ba763d,e70348bb73ac,
England,E12000002,E08000006,Salford,SALFO_b90082a5a297,becec44065c5,
England,E12000002,E08000006,Salford,SALFO_1b313e48ff7c,08fe0507ac83,
England,E12000002,E08000006,Salford,SALFO_0290df946dfc,ae9eb03b210b,
England,E12000002,E08000006,Salford,SALFO_5e7654abde9e,491dc32bd008,
England,E12000002,E08000006,Salford,SALFO_b50f30b150b0,04274c9ee587,
England,E12000002,E08000006,Salford,SALFO_84ded0d79365,cae6b9f8f7bb,
England,E12000002,E08000006,Salford,SALFO_26373767428c,1123177fbb2e,
England,E12000002,E08000006,Salford,SALFO_0c8e7182c4af,f3ffdd48f830,
England,E12000002,E08000006,Salford,SALFO_99605cd663ea,9107a78ed60d,
England,E12000002,E08000006,Salford,SALFO_ec5a99171eeb,b8afb1f4732b,
England,E12000002,E08000006,Salford,SALFO_8d6dacdc59f3,575b2fda593b,
England,E12000002,E08000006,Salford,SALFO_9d43f08b6189,94450490a5d3,
England,E12000002,E08000006,Salford,SALFO_5caf68a9377e,e998d995bb92,
England,E12000002,E08000006,Salford,SALFO_2c703850247b,1afd416e6a20,
England,E12000002,E08000006,Salford,SALFO_233b0c23a573,c1dca7e7dd6f,
England,E12000002,E08000006,Salford,SALFO_43f6f637b51e,0c2cf30576df,
England,E12000002,E08000006,Salford,SALFO_d4a57e4fc742,8c80ddfe1334,
England,E12000002,E08000006,Salford,SALFO_2f7f1e458567,50daf30b1db5,
England,E12000002,E08000006,Salford,SALFO_62d633d136d7,5b271fbbd52d,
England,E12000002,E08000006,Salford,SALFO_ec3e2d1a214d,80684977c0cc,
England,E12000002,E08000006,Salford,SALFO_0441c9871d2e,a6103280059f,
England,E12000002,E08000006,Salford,SALFO_660526c3a90a,c997ab016ccd,
England,E12000002,E08000006,Salford,SALFO_1b9af357e838,2dd9f52cae47,
England,E12000002,E08000006,Salford,SALFO_a47767fabfba,32400679aa23,
England,E12000002,E08000006,Salford,SALFO_76b25b5aef5f,622e6ac9110a,
England,E12000002,E08000006,Salford,SALFO_8f4bc831c0b6,c6b5da384173,
England,E12000002,E08000006,Salford,SALFO_a5b58adaf662,556645dd4271,
England,E12000002,E08000006,Salford,SALFO_041ca25a8497,87b5e964fb12,
England,E12000002,E08000006,Salford,SALFO_001fa4b830eb,6341b4ee5b8a,
England,E12000002,E08000006,Salford,SALFO_24eada1108b1,5fbcb40de0c1,
England,E12000002,E08000006,Salford,SALFO_a83037ab9c21,e46e464e801c,
England,E12000002,E08000006,Salford,SALFO_ce2393430f75,1d923d41ba4c,
England,E12000002,E08000006,Salford,SALFO_07bda70e711c,e12c283aa1d5,
England,E12000002,E08000006,Salford,SALFO_6bf314967951,070a1d637602,
England,E12000002,E08000006,Salford,SALFO_1cf196d19603,95f1fe76fc2d,
England,E12000002,E08000006,Salford,SALFO_08581e47503f,d6614cf7cd39,
England,E12000002,E08000006,Salford,SALFO_bbfec060d256,dc61cbac372b,
England,E12000002,E08000006,Salford,SALFO_1f0fa8979f79,ae28e42587e8,
England,E12000002,E08000006,Salford,SALFO_c4028c400d92,b989aaec6210,
England,E12000002,E08000006,Salford,SALFO_88bae7947ea8,20cdaa294544,
England,E12000002,E08000006,Salford,SALFO_e5eb7b136282,2efb89270954,
England,E12000002,E08000006,Salford,SALFO_7c9012831b77,c26b5c9f0fe9,
England,E12000002,E08000006,Salford,SALFO_e11a65d7b95f,cd60a35f59a3,
England,E12000002,E08000006,Salford,SALFO_235cdf52344a,24ba3c767044,
England,E12000002,E08000006,Salford,SALFO_90cec1bab6a8,ba27290322e6,
England,E12000002,E08000006,Salford,SALFO_b2ea635c7a46,109fdea730a2,
England,E12000002,E08000006,Salford,SALFO_46f0f0ba7787,090a79c64823,
England,E12000002,E08000006,Salford,SALFO_09210026c143,28c1b6dc5b66,
England,E12000002,E08000006,Salford,SALFO_69578cfd2eb1,cd0e648ece69,
England,E12000002,E08000006,Salford,SALFO_73c088b5d2b1,d17883e87a24,
England,E12000002,E08000006,Salford,SALFO_305b865d3d6c,23f9bbc4e059,
England,E12000002,E08000006,Salford,SALFO_d6527f2fe73a,9739430ffb38,
England,E12000002,E08000006,Salford,SALFO_cb91ec04aa99,8a46dbc76e2b,
England,E12000002,E08000006,Salford,SALFO_9cfcd982628c,59f8ac44c82a,
England,E12000002,E08000006,Salford,SALFO_475f6ac7fec9,40f3a69e5815,
England,E12000002,E08000006,Salford,SALFO_0b48707a64df,85050fa0fc10,
England,E12000002,E08000006,Salford,SALFO_dcf368637bcb,885ae5016a62,
England,E12000002,E08000006,Salford,SALFO_573cb194caab,2a81197a2e03,
England,E12000002,E08000006,Salford,SALFO_f140281e995c,0a574367d9eb,
England,E12000002,E08000006,Salford,SALFO_9788bf000e93,1f823d0d8742,
England,E12000002,E08000006,Salford,SALFO_4350a143841e,e464b1c1011a,
England,E12000002,E08000006,Salford,SALFO_bc7e6f4e77c7,a74c96751386,
England,E12000002,E08000006,Salford,SALFO_7541a6c55653,1923a1f81e4e,
England,E12000002,E08000006,Salford,SALFO_7db3f9f2819a,23757a334bf7,
England,E12000002,E08000006,Salford,SALFO_d48c86dff91f,a9a18d288947,
England,E12000002,E08000006,Salford,SALFO_bd1336ece07b,a738da0d557a,
England,E12000002,E08000006,Salford,SALFO_44f9d2650d5b,9f8521a6708c,
England,E12000002,E08000006,Salford,SALFO_7cf03c6f8135,d82444f926d0,
England,E12000002,E08000006,Salford,SALFO_819cc8ac6e7f,9002228e8827,
England,E12000002,E08000006,Salford,SALFO_bc6d542e3254,56a016c0f686,
England,E12000002,E08000006,Salford,SALFO_b220a1c9076f,e3b1e5a5c730,
England,E12000002,E08000006,Salford,SALFO_e4a8fd2b284e,cde484e665fc,
England,E12000002,E08000006,Salford,SALFO_df60ff04bbe6,9dd834e35570,
England,E12000002,E08000006,Salford,SALFO_eed691c5a863,dacae52cdf48,
England,E12000002,E08000006,Salford,SALFO_13efb8b8158c,581876951447,
England,E12000002,E08000006,Salford,SALFO_04dff2d9422f,0e6b80903925,
England,E12000002,E08000006,Salford,SALFO_be5a9d676c53,56b45d61b897,
England,E12000002,E08000006,Salford,SALFO_7f824ac3506f,bc2142c9dfe2,
England,E12000002,E08000006,Salford,SALFO_295b90adc37c,17431b1430e6,
England,E12000002,E08000006,Salford,SALFO_0230864133cc,2fee7e6f68d9,
England,E12000002,E08000006,Salford,SALFO_6ce561a9b964,51a68e9fcb1d,
England,E12000002,E08000006,Salford,SALFO_92debad3c17c,ecde93706d02,
England,E12000002,E08000006,Salford,SALFO_f11c21c17d2f,8b67f8978618,
England,E12000002,E08000006,Salford,SALFO_f193ac2ae979,50b66b19ccb4,
England,E12000002,E08000006,Salford,SALFO_9e88b2a3903e,e95d8b2a78c5,
England,E12000002,E08000006,Salford,SALFO_fb6efeb38d64,8b549a81eb4c,
England,E12000002,E08000006,Salford,SALFO_1fa5dec23321,465a3e0af9c4,
England,E12000002,E08000006,Salford,SALFO_ae8939953d53,6adc3cac67b5,
England,E12000002,E08000006,Salford,SALFO_d39b39cae90a,3f662bbbb4d9,
England,E12000002,E08000006,Salford,SALFO_fffc788a03c3,33a0e0614cfd,
England,E12000002,E08000006,Salford,SALFO_8ac93bbfbd2e,0ffb4a8cc17b,
England,E12000002,E08000006,Salford,SALFO_7d0c5fc67f6f,2c1032cf9b64,
England,E12000002,E08000006,Salford,SALFO_8950ba606c44,3ded2b734dcc,
England,E12000002,E08000006,Salford,SALFO_338c9d4ad00d,163f8eea237b,
England,E12000002,E08000006,Salford,SALFO_d5b60226e315,1d55fe8a3e90,
England,E12000002,E08000006,Salford,SALFO_14ab53844f7f,cd15ff75768c,
England,E12000002,E08000006,Salford,SALFO_f7be5fcced0b,4850e9fda1f3,
England,E12000002,E08000006,Salford,SALFO_933c5ae75f30,8f017a4c0573,
England,E12000002,E08000006,Salford,SALFO_f8796646c89e,7387e78d901d,
England,E12000002,E08000006,Salford,SALFO_1b7148b7d779,c16392a6228e,
England,E12000002,E08000006,Salford,SALFO_f2935f41a6c5,90741bce83f1,
England,E12000002,E08000006,Salford,SALFO_c59d3fd1b6ad,6b0c7f59f4fc,
England,E12000002,E08000006,Salford,SALFO_283454990c33,929880a0acba,
England,E12000002,E08000006,Salford,SALFO_e383a0cef129,ec7bfc7d62bd,
England,E12000002,E08000006,Salford,SALFO_f1c8e1d6579b,40eb8dbc8f91,
England,E12000002,E08000006,Salford,SALFO_ab7768a5b6a8,22440aed4379,
England,E12000002,E08000006,Salford,SALFO_2805af18507d,683ceec27dd7,
England,E12000002,E08000006,Salford,SALFO_fd1854af3d62,3a55b3344a86,
England,E12000002,E08000006,Salford,SALFO_58c7fb067279,c7732fa894ca,
England,E12000002,E08000006,Salford,SALFO_b9c2f85aff0f,a5f0b255a1fb,
England,E12000002,E08000006,Salford,SALFO_65f7cc5bc3db,7506d75b4459,
England,E12000002,E08000006,Salford,SALFO_6982e52bd65c,15e1f6a7c2d9,
England,E12000002,E08000006,Salford,SALFO_b997533053cd,98452af52e1c,
England,E12000002,E08000006,Salford,SALFO_94e1b34cfa22,3cf9e9df91d8,
England,E12000002,E08000006,Salford,SALFO_08556bc82bfc,208d7725b43c,
England,E12000002,E08000006,Salford,SALFO_0cc8059902d7,24582035f741,
England,E12000002,E08000006,Salford,SALFO_f3e7c6656417,8b8945c530c5,
England,E12000002,E08000006,Salford,SALFO_61b4da94afca,66bfea1e36cb,
England,E12000002,E08000006,Salford,SALFO_fc1f97bd030a,618f4ed612f1,
England,E12000002,E08000006,Salford,SALFO_056b18d05775,0042127c9dd0,
England,E12000002,E08000006,Salford,SALFO_7dde3d1d6db6,e39c22122fba,
England,E12000002,E08000006,Salford,SALFO_2b673c894d87,835b4ee688e4,
England,E12000002,E08000006,Salford,SALFO_daf3270bd525,1acec9036891,
England,E12000002,E08000006,Salford,SALFO_a5a7208cf953,97e8bbfd70dd,
England,E12000002,E08000006,Salford,SALFO_44d48a6312c1,94653157d1f5,
England,E12000002,E08000006,Salford,SALFO_45d0180419ac,cd97268ee7ee,
England,E12000002,E08000006,Salford,SALFO_e44a710aa3e5,b943cf7346ce,
England,E12000002,E08000006,Salford,SALFO_0d23b0af58cf,5fbf97e7e839,
England,E12000002,E08000006,Salford,SALFO_56aa282630b3,4ea629f26eb1,
England,E12000002,E08000006,Salford,SALFO_61b47f9cc1bd,9d954001de4e,
England,E12000002,E08000006,Salford,SALFO_51a2bc31f428,c471b7c6dd38,
England,E12000002,E08000006,Salford,SALFO_1d2513d0f8a8,b746e26253d5,
England,E12000002,E08000006,Salford,SALFO_58747ff85006,53a4d075ce29,
England,E12000002,E08000006,Salford,SALFO_5404e79fa8cb,70b90b7f24ce,
England,E12000002,E08000006,Salford,SALFO_c5c86b130680,12fba12a464e,
England,E12000002,E08000006,Salford,SALFO_6f6b5028e8ce,468f7e08ee0c,
England,E12000002,E08000006,Salford,SALFO_71b955282375,8b3bff0b184c,
England,E12000002,E08000006,Salford,SALFO_33ad0a9d57cc,8eddca162fc6,
England,E12000002,E08000006,Salford,SALFO_0ffa0eb923de,ad727581ea1b,
England,E12000002,E08000006,Salford,SALFO_aea494b62512,de4720ef9a68,
England,E12000002,E08000006,Salford,SALFO_5273259d3721,f950f8b30391,
England,E12000002,E08000006,Salford,SALFO_a7288979f26c,c5e36a5bfa03,
England,E12000002,E08000006,Salford,SALFO_b2147a61eb73,1d71d68bfcb8,
England,E12000002,E08000006,Salford,SALFO_22ed1783df83,41933e84e22c,
England,E12000002,E08000006,Salford,SALFO_2566d60b2ee9,0dcebea029cf,
England,E12000002,E08000006,Salford,SALFO_cd66b86f6943,4802f9733d43,
England,E12000002,E08000006,Salford,SALFO_659710c64988,f61c936d3840,
England,E12000002,E08000006,Salford,SALFO_bb85bbcec6ef,336925ac0b54,
England,E12000002,E08000006,Salford,SALFO_cd43abf58e73,48b9144e861b,
England,E12000002,E08000006,Salford,SALFO_496d6a03e32e,e506aa5af8c2,
England,E12000002,E08000006,Salford,SALFO_e4102990e406,825aad90b1f6,
England,E12000002,E08000006,Salford,SALFO_8f39623b44f3,9a34b38b0a8c,
England,E12000002,E08000006,Salford,SALFO_3d9e5986b2c5,075facd0a23d,
England,E12000002,E08000006,Salford,SALFO_68caf4661d06,e994779faf9c,
England,E12000002,E08000006,Salford,SALFO_5feb729eee96,d1fc860bb704,
England,E12000002,E08000006,Salford,SALFO_02147bf31dc8,bbe1b2a698e2,
England,E12000002,E08000006,Salford,SALFO_e100cc1d27cd,ec284aa78b00,
England,E12000002,E08000006,Salford,SALFO_a1b57293d3c9,88c3d8699034,
England,E12000002,E08000006,Salford,SALFO_13932a12e0c5,0d32b269bc4e,
England,E12000002,E08000006,Salford,SALFO_b595d53bfaa0,d25f7c19326a,
England,E12000002,E08000006,Salford,SALFO_9af73fa49b24,2c3d1002d562,
England,E12000002,E08000006,Salford,SALFO_0f48ac287e50,cfae57bd4bfb,
England,E12000002,E08000006,Salford,SALFO_8c3973827380,349f783055f3,
England,E12000002,E08000006,Salford,SALFO_527bacbf6a35,5dbf17f7a620,
England,E12000002,E08000006,Salford,SALFO_a12860db8319,9015babe3332,
England,E12000002,E08000006,Salford,SALFO_bbe59ae41496,c2481c9ae257,
England,E12000002,E08000006,Salford,SALFO_b3c331b3415c,f811cb93cc6e,
England,E12000002,E08000006,Salford,SALFO_67aee547b380,a084e434c390,
England,E12000002,E08000006,Salford,SALFO_a587dea43a8b,3419976981a5,
England,E12000002,E08000006,Salford,SALFO_5279c649938f,4047d8ed7d6b,
England,E12000002,E08000006,Salford,SALFO_5119928e571a,0afcaf390128,
England,E12000002,E08000006,Salford,SALFO_e7e4685334d1,64879a9b3337,
England,E12000002,E08000006,Salford,SALFO_8bd67705361f,e59bf1d6c18b,
England,E12000002,E08000006,Salford,SALFO_1a521f51c7e3,10e586813024,
England,E12000002,E08000006,Salford,SALFO_fe125328f567,7519a4bdba41,
England,E12000002,E08000006,Salford,SALFO_4f33e108821a,95e2c107a199,
England,E12000002,E08000006,Salford,SALFO_507528c3d874,c63e136cd5a1,
England,E12000002,E08000006,Salford,SALFO_eab772cd222d,cdf713311b76,
England,E12000002,E08000006,Salford,SALFO_2b093b54cb31,2e1c986ab9cb,
England,E12000002,E08000006,Salford,SALFO_2d4f8abc91bc,dbc2d9dc5694,
England,E12000002,E08000006,Salford,SALFO_c9775300c1f2,8eb545d3dbb4,
England,E12000002,E08000006,Salford,SALFO_5f2ddc4b81b0,621aa2269f8e,
England,E12000002,E08000006,Salford,SALFO_5eb65cc9e177,23c88cb7365c,
England,E12000002,E08000006,Salford,SALFO_b225107cd79e,fddab6aa650e,
England,E12000002,E08000006,Salford,SALFO_b77bdd0ba71c,fdef990c8fbd,
England,E12000002,E08000006,Salford,SALFO_e1e711ea7f31,94ec0d7da6aa,
England,E12000002,E08000006,Salford,SALFO_c98ad899bae4,0300bb5ef2d4,
England,E12000002,E08000006,Salford,SALFO_bd632df07ec2,fb9bddf44529,
England,E12000002,E08000006,Salford,SALFO_a7e0273144d7,08df67d275f0,
England,E12000002,E08000006,Salford,SALFO_5fb448aff91a,5a9d77efbea8,
England,E12000002,E08000006,Salford,SALFO_d5fab4b9f88a,1fe25754cc9b,
England,E12000002,E08000006,Salford,SALFO_8b8523d02e24,a83c8b66d9b7,
England,E12000002,E08000006,Salford,SALFO_e94cea62ca69,1c79610d3b08,
England,E12000002,E08000006,Salford,SALFO_c144b08dd1da,dc89eb01d940,
England,E12000002,E08000006,Salford,SALFO_704671daff0e,85b905828849,
England,E12000002,E08000006,Salford,SALFO_108b1dfe97b8,3f5fae49a5ac,
England,E12000002,E08000006,Salford,SALFO_8ec1d9358c8c,aba7a99df5f6,
England,E12000002,E08000006,Salford,SALFO_7b495ef05eba,49425f5b1000,
England,E12000002,E08000006,Salford,SALFO_05b1ff2bc5d8,cd40df7b6c55,
England,E12000002,E08000006,Salford,SALFO_a7def4017454,130c2d9018ab,
England,E12000002,E08000006,Salford,SALFO_fc0dfd5622b8,27162f79d3b5,
England,E12000002,E08000006,Salford,SALFO_0a353d5faf1d,44788b84a3f1,
England,E12000002,E08000006,Salford,SALFO_b59a4900d43e,4c7838a9337f,
England,E12000002,E08000006,Salford,SALFO_68979766117f,c62c61af4129,
England,E12000002,E08000006,Salford,SALFO_277da1c0e0cf,7d967509d23d,
England,E12000002,E08000006,Salford,SALFO_18575efe3a63,d69b6ebbc401,
England,E12000002,E08000006,Salford,SALFO_ebe0a6421774,9cb8ee12e3a6,
England,E12000002,E08000006,Salford,SALFO_0d894e8f3b93,acb1e29a7cab,
England,E12000002,E08000006,Salford,SALFO_4cfea64ed274,bc7307e9df6a,
England,E12000002,E08000006,Salford,SALFO_7e15c61421ee,5a76a7e69e30,
England,E12000002,E08000006,Salford,SALFO_c850bf6e8c1e,9deda035c881,
England,E12000002,E08000006,Salford,SALFO_a160dfb9e4cc,c6c47506fa15,
England,E12000002,E08000006,Salford,SALFO_88014e107af5,9be77cf3f973,
England,E12000002,E08000006,Salford,SALFO_06dba80c814c,af1d9f481fe0,
England,E12000002,E08000006,Salford,SALFO_1eefab20cadc,5d3ccab682da,
England,E12000002,E08000006,Salford,SALFO_cb0610b43609,ebd6b4a0a0ab,
England,E12000002,E08000006,Salford,SALFO_6142be521479,f268934049da,
England,E12000002,E08000006,Salford,SALFO_ed2f49ce6388,ed511af33394,
England,E12000002,E08000006,Salford,SALFO_f1c5fd5a72de,ea08cae2d4fc,
England,E12000002,E08000006,Salford,SALFO_0c7ee89bdc79,128701fbce89,
England,E12000002,E08000006,Salford,SALFO_86242682b1dc,5e4cabb3bc6d,
England,E12000002,E08000006,Salford,SALFO_1b8fdcad634a,37b51d658793,
England,E12000002,E08000006,Salford,SALFO_062d8256165e,d1e92d2d5504,
England,E12000002,E08000006,Salford,SALFO_672024eab7d0,f48825e606af,
England,E12000002,E08000006,Salford,SALFO_f457cdf953c6,9043f7721d88,
England,E12000002,E08000006,Salford,SALFO_ad8348badb26,18738e82f644,
England,E12000002,E08000006,Salford,SALFO_fb40311e2f71,11ee4c3ba0e8,
England,E12000002,E08000006,Salford,SALFO_06b14302a6b9,e4e6bd89fbf8,
England,E12000002,E08000006,Salford,SALFO_e1e78a4268cc,62cf4219b37d,
England,E12000002,E08000006,Salford,SALFO_37919791e49f,e947663bb1b3,
England,E12000002,E08000006,Salford,SALFO_1aeb82441064,560d3de5db6e,
England,E12000002,E08000006,Salford,SALFO_f1f44a42a1f6,4fc30cb35910,
England,E12000002,E08000006,Salford,SALFO_29b3a4abaff5,1cd631fc18f2,
England,E12000002,E08000006,Salford,SALFO_b6bc3200ff72,81cf9a7a0a34,
England,E12000002,E08000006,Salford,SALFO_bf3fda5abcf6,7893a1505585,
England,E12000002,E08000006,Salford,SALFO_4f886d1504a5,cd8834cd1524,
England,E12000002,E08000006,Salford,SALFO_bc9581fccd70,2bdca73e630a,
England,E12000002,E08000006,Salford,SALFO_3680fc402cbc,8d090bbb8ccf,
England,E12000002,E08000006,Salford,SALFO_cc262f65d165,4a6edbfec064,
England,E12000002,E08000006,Salford,SALFO_dfd67de8e265,659dc8643e57,
England,E12000002,E08000006,Salford,SALFO_c23e9063633a,19c0541a8798,
England,E12000002,E08000006,Salford,SALFO_ff1c29666e51,4c117792a9e8,
England,E12000002,E08000006,Salford,SALFO_603fa5ba5a48,0162d662e235,
England,E12000002,E08000006,Salford,SALFO_eae238de7447,0882c1a962fa,
England,E12000002,E08000006,Salford,SALFO_7671dcc9b81c,5054f84c8052,
England,E12000002,E08000006,Salford,SALFO_be67e2020ac5,4ff3315b8367,
England,E12000002,E08000006,Salford,SALFO_1cf55da743d4,3661fa99746b,
England,E12000002,E08000006,Salford,SALFO_d40eb9a7331c,878ca328dca1,
England,E12000002,E08000006,Salford,SALFO_3789020d8b45,326515097728,
England,E12000002,E08000006,Salford,SALFO_6b7fb4c8f48c,52ff90c0cef3,
England,E12000002,E08000006,Salford,SALFO_f1c28225ae95,47aa85ff663c,
England,E12000002,E08000006,Salford,SALFO_3416b1e45789,22bd0e5f0d89,
England,E12000002,E08000006,Salford,SALFO_375f599cb300,8aa736aa95af,
England,E12000002,E08000006,Salford,SALFO_c0afa11cdcb0,d9cfd49b512b,
England,E12000002,E08000006,Salford,SALFO_98478d57cdb9,59e8077f8d0e,
England,E12000002,E08000006,Salford,SALFO_419bcd835dd3,752d2c213433,
England,E12000002,E08000006,Salford,SALFO_e41f821aff4a,f8b5f1e4385d,
England,E12000002,E08000006,Salford,SALFO_c68caad4e8bd,785af25ed2bc,
England,E12000002,E08000006,Salford,SALFO_89ee9d246f64,2ad51cdbcc36,
England,E12000002,E08000006,Salford,SALFO_f38767dccafa,cff5d81ce85e,
England,E12000002,E08000006,Salford,SALFO_7eb40fe1c262,f73f24580fdd,
England,E12000002,E08000006,Salford,SALFO_6195597ed402,ed31c73f7e5d,
England,E12000002,E08000006,Salford,SALFO_0b959e99247c,fb977c12c224,
England,E12000002,E08000006,Salford,SALFO_3a2f78a31ba9,80cf4bb95b36,
England,E12000002,E08000006,Salford,SALFO_2f54edbe0593,fe1d90a4966b,
England,E12000002,E08000006,Salford,SALFO_6d22415e07de,ff60a63a13d3,
England,E12000002,E08000006,Salford,SALFO_3edd63d525e6,3b313171437d,
England,E12000002,E08000006,Salford,SALFO_b6819b0ffe68,8e8087b86d4e,
England,E12000002,E08000006,Salford,SALFO_2c3de4d844ef,2052b3118b06,
England,E12000002,E08000006,Salford,SALFO_10a08b8d191c,27ca492918d4,
England,E12000002,E08000006,Salford,SALFO_5d0fddb19ba8,f0093261e150,
England,E12000002,E08000006,Salford,SALFO_8b2a86f7ecd2,8fa202549be0,
England,E12000002,E08000006,Salford,SALFO_a4835f4d97e3,c72943009e56,
England,E12000002,E08000006,Salford,SALFO_92a6e1e93942,bcd918706a7f,
England,E12000002,E08000006,Salford,SALFO_3a95de84302d,0f26ff1764e5,
England,E12000002,E08000006,Salford,SALFO_cabc2ace82e8,14018f45aba8,
England,E12000002,E08000006,Salford,SALFO_87af7f2019a0,8c615e101e23,
England,E12000002,E08000006,Salford,SALFO_835c2c38b264,30bfaa4f7103,
England,E12000002,E08000006,Salford,SALFO_4508f671bd52,747bc3c7d2c6,
England,E12000002,E08000006,Salford,SALFO_ff460f6a628a,37ccb85c3025,
England,E12000002,E08000006,Salford,SALFO_825f188ac5ec,bc01a0d417eb,
England,E12000002,E08000006,Salford,SALFO_86fea6ad61a8,72cb3643a3dd,
England,E12000002,E08000006,Salford,SALFO_c761cd4f8669,5b0764c7a960,
England,E12000002,E08000006,Salford,SALFO_34d59b136659,044ca7c0fd86,
England,E12000002,E08000006,Salford,SALFO_338679d832f0,39e6681954d2,
England,E12000002,E08000006,Salford,SALFO_47fc47348a0e,d437377e69a6,
England,E12000002,E08000006,Salford,SALFO_8132750b16dc,1555d8966c66,
England,E12000002,E08000006,Salford,SALFO_59893de3f0f0,82384b7d8a2f,
England,E12000002,E08000006,Salford,SALFO_cc96078ae6e2,ca1adebdc601,
England,E12000002,E08000006,Salford,SALFO_ca3e83c3d672,bddea5fefef8,
England,E12000002,E08000006,Salford,SALFO_dcafc8260d92,676423dc4122,
England,E12000002,E08000006,Salford,SALFO_62adb76ac212,e330802ab58b,
England,E12000002,E08000006,Salford,SALFO_d2ec3bc371a5,61b5f7b417bf,
England,E12000002,E08000006,Salford,SALFO_65235350e0c1,811b2beac783,
England,E12000002,E08000006,Salford,SALFO_384e763aef1c,446763133f34,
England,E12000002,E08000006,Salford,SALFO_eb7bc7f3156d,4c76ecc6f98d,
England,E12000002,E08000006,Salford,SALFO_09981d2cf0cc,5f19b45f0dee,
England,E12000002,E08000006,Salford,SALFO_3edfe88ed918,1bc9d5661d07,
England,E12000002,E08000006,Salford,SALFO_ae7cc4d8e80b,0e1869134339,
England,E12000002,E08000006,Salford,SALFO_20ad4752e00c,2922960b026a,
England,E12000002,E08000006,Salford,SALFO_83a9cc96aa7b,2df6679523d8,
England,E12000002,E08000006,Salford,SALFO_025997b3d81b,f9058c8460ce,
England,E12000002,E08000006,Salford,SALFO_558f1b6a546e,d8faedcf76e8,
England,E12000002,E08000006,Salford,SALFO_2c5836f4f143,433fc5b7fe34,
England,E12000002,E08000006,Salford,SALFO_dda7f89e3616,206adbbb57d5,
England,E12000002,E08000006,Salford,SALFO_47f1a14dbcdb,f47cd460795b,
England,E12000002,E08000006,Salford,SALFO_94e0ff396a06,4df083296f99,
England,E12000002,E08000006,Salford,SALFO_e6f9348af4a1,4ce5c73496b0,
England,E12000002,E08000006,Salford,SALFO_f199ab9f22ba,48e816548291,
England,E12000002,E08000006,Salford,SALFO_6c424f3ea5c7,eb7b5e43194f,
England,E12000002,E08000006,Salford,SALFO_6db57fb78cee,9194ec8a2ef5,
England,E12000002,E08000006,Salford,SALFO_9b2160cdb8d6,e5573e3cdc28,
England,E12000002,E08000006,Salford,SALFO_88fee6f877c2,0e8d3e022f45,
England,E12000002,E08000006,Salford,SALFO_7c1a7e496fc6,9415d492a551,
England,E12000002,E08000006,Salford,SALFO_072533e31071,66cb088ad2dc,
England,E12000002,E08000006,Salford,SALFO_0e0ce6b800ed,9844515766a6,
England,E12000002,E08000006,Salford,SALFO_7f71fc87fe70,df2aea2c71f4,
England,E12000002,E08000006,Salford,SALFO_00877d6aca2f,f25dc2057bf8,
England,E12000002,E08000006,Salford,SALFO_963998e205b9,7fa66b406be4,
England,E12000002,E08000006,Salford,SALFO_1bc48fa86359,69f6fce977b8,
England,E12000002,E08000006,Salford,SALFO_2203b161d24b,bc9f1e229481,
England,E12000002,E08000006,Salford,SALFO_6a1f12f58fe1,cef576a5a202,
England,E12000002,E08000006,Salford,SALFO_df5f85a6671d,dc56c2f7ddd0,
England,E12000002,E08000006,Salford,SALFO_a89d1fcb07c4,13817a9b7111,
England,E12000002,E08000006,Salford,SALFO_f71c0cc64006,7962f7f9f6be,
England,E12000002,E08000006,Salford,SALFO_87587f8b0b9c,e826414e6809,
England,E12000002,E08000006,Salford,SALFO_42f0275ddbbc,13926e98c504,
England,E12000002,E08000006,Salford,SALFO_3524dc55a48c,9f0c50bbec40,
England,E12000002,E08000006,Salford,SALFO_1194a0626353,dd920d840614,
England,E12000002,E08000006,Salford,SALFO_2d89ae02a3cf,9222646a8c51,
England,E12000002,E08000006,Salford,SALFO_f9f1b35ba824,dc8b28fa90e6,
England,E12000002,E08000006,Salford,SALFO_e86359152d8a,bb24afc46171,
England,E12000002,E08000006,Salford,SALFO_886085cbc2a9,d7fbdae10a64,
England,E12000002,E08000006,Salford,SALFO_7ee806b72f4e,21286586beb3,
England,E12000002,E08000006,Salford,SALFO_98d24567eb9a,800ea5d6ae95,
England,E12000002,E08000006,Salford,SALFO_1e91661350a7,b3a075f0bfd6,
England,E12000002,E08000006,Salford,SALFO_e03862574869,2418a40939a2,
England,E12000002,E08000006,Salford,SALFO_7203ab1a90f6,18d7c4df940a,
England,E12000002,E08000006,Salford,SALFO_b9db958242f0,b3d39c54ea2f,
England,E12000002,E08000006,Salford,SALFO_4ab46235c2b1,33a0eef7a7d2,
England,E12000002,E08000006,Salford,SALFO_1762f407da34,d0f7a31a51b0,
England,E12000002,E08000006,Salford,SALFO_0d6a29e9ed66,27c6268fd073,
England,E12000002,E08000006,Salford,SALFO_c66fbb758928,d0aba0e5ef4a,
England,E12000002,E08000006,Salford,SALFO_a299f2a603bb,cee6760ee73a,
England,E12000002,E08000006,Salford,SALFO_788797d98927,c0f4e7f9d9de,
England,E12000002,E08000006,Salford,SALFO_896d210ddd65,dd88b7e06d24,
England,E12000002,E08000006,Salford,SALFO_eaf16be71e43,2ed19c0b4b70,
England,E12000002,E08000006,Salford,SALFO_895ec20c60e4,c16a2bb3e558,
England,E12000002,E08000006,Salford,SALFO_624cde21d436,c8abe6ca9f4a,
England,E12000002,E08000006,Salford,SALFO_b66a175796a9,2c9bae05291e,
England,E12000002,E08000006,Salford,SALFO_4d45c76fd348,cc76f4e979d2,
England,E12000002,E08000006,Salford,SALFO_a16337a0830d,9d45c1b67a76,
England,E12000002,E08000006,Salford,SALFO_9dabcc079357,2ef9e4f9f8cf,
England,E12000002,E08000006,Salford,SALFO_36f412243352,c7d3904920d6,
England,E12000002,E08000006,Salford,SALFO_0984d4f51f86,a46ca784a88a,
England,E12000002,E08000006,Salford,SALFO_a36fc1f5c496,15f07589b8d1,
England,E12000002,E08000006,Salford,SALFO_24531acf0ebb,a3328b37fe64,
England,E12000002,E08000006,Salford,SALFO_e56833e1272b,807fd6d2ded6,
England,E12000002,E08000006,Salford,SALFO_3c635bc770fe,d1115bf1744b,
England,E12000002,E08000006,Salford,SALFO_ac298d1af71e,ccd943e354db,
England,E12000002,E08000006,Salford,SALFO_b39d4561f2a1,8a6ef4037505,
England,E12000002,E08000006,Salford,SALFO_919999652dd0,109d3e1b80b8,
England,E12000002,E08000006,Salford,SALFO_f3aa481f9001,4924f9736648,
England,E12000002,E08000006,Salford,SALFO_5b9489b1cdc9,68ecaea9f18b,
England,E12000002,E08000006,Salford,SALFO_0e7e36777da0,139a1cec9033,
England,E12000002,E08000006,Salford,SALFO_c9aa246129ab,6ffde62ae2c8,
England,E12000002,E08000006,Salford,SALFO_7b1493c2206c,7d10c66ef3db,
England,E12000002,E08000006,Salford,SALFO_b59adcf6a312,dedfa0fc604d,
England,E12000002,E08000006,Salford,SALFO_b74c5becd967,ec5881117685,
England,E12000002,E08000006,Salford,SALFO_dbd640181d98,8cb04075772e,
England,E12000002,E08000006,Salford,SALFO_9127785724e5,c001eebc9b71,
England,E12000002,E08000006,Salford,SALFO_2b1215dda004,b86651d7b15e,
England,E12000002,E08000006,Salford,SALFO_1a2eb35c5c95,ff0de70abe39,
England,E12000002,E08000006,Salford,SALFO_66a67f1b6257,9d3433fdb1a4,
England,E12000002,E08000006,Salford,SALFO_2b0bba0f6326,c5903bb1eef1,
England,E12000002,E08000006,Salford,SALFO_60c678fac211,ab316e778428,
England,E12000002,E08000006,Salford,SALFO_3e13d7b5ba1e,92051eaf5ca7,
England,E12000002,E08000006,Salford,SALFO_c40c3f0f0064,fe9fcd809ef3,
England,E12000002,E08000006,Salford,SALFO_3d684e7d7538,3f9511c2be4b,
England,E12000002,E08000006,Salford,SALFO_9645f43e1fe1,f6beb1d1bc02,
England,E12000002,E08000006,Salford,SALFO_134692deb8a7,d744795c6e75,
England,E12000002,E08000006,Salford,SALFO_ddb36307aafc,c4adbd1f1fa1,
England,E12000002,E08000006,Salford,SALFO_39553985054a,cad11c721d1e,
England,E12000002,E08000006,Salford,SALFO_bc107560905d,b147ece52237,
England,E12000002,E08000006,Salford,SALFO_e2e86ea3a99f,ed82602fcefa,
England,E12000002,E08000006,Salford,SALFO_46db1df0b38c,51ddfed8d7bd,
England,E12000002,E08000006,Salford,SALFO_04189d6c7466,c25b82607f58,
England,E12000002,E08000006,Salford,SALFO_85b8de0c3733,3e48dbf748ba,
England,E12000002,E08000006,Salford,SALFO_eaf7c43d1437,5d2129a6c979,
England,E12000002,E08000006,Salford,SALFO_eaa8e51af82a,e3fa89c24459,
England,E12000002,E08000006,Salford,SALFO_32174eb68a0c,daf34fcda381,
England,E12000002,E08000006,Salford,SALFO_e7797325533c,8fc701c21bea,
England,E12000002,E08000006,Salford,SALFO_f3a8a07eee3e,3733d47fbee4,
England,E12000002,E08000006,Salford,SALFO_781cdb97a9b5,de37771cc20f,
England,E12000002,E08000006,Salford,SALFO_74482e09c998,90b12e853401,
England,E12000002,E08000006,Salford,SALFO_5a2d7e93f22b,7e37c5b1b75f,
England,E12000002,E08000006,Salford,SALFO_3b82dac79d94,94a239d3a524,
England,E12000002,E08000006,Salford,SALFO_724543785161,ea93e6e140df,
England,E12000002,E08000006,Salford,SALFO_cb46c69c2e94,f99dc7049346,
England,E12000002,E08000006,Salford,SALFO_c915d3d29bfd,929f0b10ee5f,
England,E12000002,E08000006,Salford,SALFO_10c0732a271d,0c3fe29ecdfb,
England,E12000002,E08000006,Salford,SALFO_9e3cc6df42ca,ac2cb04b50f8,
England,E12000002,E08000006,Salford,SALFO_97e3a502731c,2bb0a387a2bc,
England,E12000002,E08000006,Salford,SALFO_7eeffd3f1754,0706852dd138,
England,E12000002,E08000006,Salford,SALFO_561ca96e9330,fc7814ab9a88,
England,E12000002,E08000006,Salford,SALFO_66d6a7318bea,023ed594ab20,
England,E12000002,E08000006,Salford,SALFO_b365e75fb0c0,6600f316dbd3,
England,E12000002,E08000006,Salford,SALFO_6ca841c868e8,3aa26346187f,
England,E12000002,E08000006,Salford,SALFO_57e8b1557d8e,87d0c6ed6bde,
England,E12000002,E08000006,Salford,SALFO_3e1a57066bf5,a571167f3fdf,
England,E12000002,E08000006,Salford,SALFO_04c8957b5e37,0e5913f7b917,
England,E12000002,E08000006,Salford,SALFO_5563506c40cf,8dff15b1ca67,
England,E12000002,E08000006,Salford,SALFO_bdfef096d003,0ab43f1d4e8b,
England,E12000002,E08000006,Salford,SALFO_7b17f76bb6d3,d5c6f5dce56a,
England,E12000002,E08000006,Salford,SALFO_3f71d98461e1,8d2f42d3d288,
England,E12000002,E08000006,Salford,SALFO_b159a6915f21,c4696dddeb5f,
England,E12000002,E08000006,Salford,SALFO_f2e351b68149,336b2a9ddd2e,
England,E12000002,E08000006,Salford,SALFO_e315c62d2f73,4a07cfad1928,
England,E12000002,E08000006,Salford,SALFO_cb3137673573,2e8b5b50ffb5,
England,E12000002,E08000006,Salford,SALFO_01bc9add8a50,f544ab605806,
England,E12000002,E08000006,Salford,SALFO_ecb750c89d93,4fa5c6841660,
England,E12000002,E08000006,Salford,SALFO_489b4dbdd057,fa5d8fb9489e,
England,E12000002,E08000006,Salford,SALFO_82ca056ee29c,6d22ea83237a,
England,E12000002,E08000006,Salford,SALFO_1a23f0f74b43,31dc9e5d2c73,
England,E12000002,E08000006,Salford,SALFO_e42601220c24,a42d034ba1ff,
England,E12000002,E08000006,Salford,SALFO_cdd57d5fafe0,1ba32c1255f7,
England,E12000002,E08000006,Salford,SALFO_13bc70d47dab,781454a714b2,
England,E12000002,E08000006,Salford,SALFO_9b53131fbf6e,595d018ee81d,
England,E12000002,E08000006,Salford,SALFO_96413acf58e7,652fca7e1f4f,
England,E12000002,E08000006,Salford,SALFO_80716e3e5e76,76fc1af8a387,
England,E12000002,E08000006,Salford,SALFO_f830da674659,232f9a2b86c3,
England,E12000002,E08000006,Salford,SALFO_7c8aea1e323c,172f3c63cfff,
England,E12000002,E08000006,Salford,SALFO_a879ff368b1a,1c936ea8cd9f,
England,E12000002,E08000006,Salford,SALFO_0c661fea5e39,8dee79961349,
England,E12000002,E08000006,Salford,SALFO_90a71f406804,60d591adabd0,
England,E12000002,E08000006,Salford,SALFO_1a826ae4aecd,98033b9dc1a9,
England,E12000002,E08000006,Salford,SALFO_624cdb15c974,68a481dd0e5c,
England,E12000002,E08000006,Salford,SALFO_1b2f7ca448af,1ce68349ff9b,
England,E12000002,E08000006,Salford,SALFO_3829fad666ff,9dfb1c778520,
England,E12000002,E08000006,Salford,SALFO_6ccf91f22d54,a74faa243eee,
England,E12000002,E08000006,Salford,SALFO_4b0512be76e6,9144112eddb7,
England,E12000002,E08000006,Salford,SALFO_5e21087426fc,34adf7d8a02d,
England,E12000002,E08000006,Salford,SALFO_39e8abd6165f,2b1bfe1f28fd,
England,E12000002,E08000006,Salford,SALFO_94b7d9ebf667,a0ba9ecf4a1c,
England,E12000002,E08000006,Salford,SALFO_1939eb9897f0,6e8044c949b0,
England,E12000002,E08000006,Salford,SALFO_d253b9741baf,52a16933dab2,
England,E12000002,E08000006,Salford,SALFO_552211594c67,ae3c6d4a521b,
England,E12000002,E08000006,Salford,SALFO_b1e7e891af8a,b3b92b919524,
England,E12000002,E08000006,Salford,SALFO_4d576ddc634a,55fbe45659cb,
England,E12000002,E08000006,Salford,SALFO_472612f5b1af,8693f740b77f,
England,E12000002,E08000006,Salford,SALFO_afccd8f42d22,e988243a3b37,
England,E12000002,E08000006,Salford,SALFO_e3dfe10aa2fd,2b74de572414,
England,E12000002,E08000006,Salford,SALFO_04ef32f07c2e,91f078d31bbb,
England,E12000002,E08000006,Salford,SALFO_c60bbc959fac,882b521f6b30,
England,E12000002,E08000006,Salford,SALFO_dc979972035f,b6f3aaeac7f1,
England,E12000002,E08000006,Salford,SALFO_fd788ffd8946,65212f8ad218,
England,E12000002,E08000006,Salford,SALFO_7c8c548e3102,2485b3bfebf3,
England,E12000002,E08000006,Salford,SALFO_a31e194ca0eb,47ceb7c6811e,
England,E12000002,E08000006,Salford,SALFO_ca29307925f2,94f6da4dd9e8,
England,E12000002,E08000006,Salford,SALFO_410454f97415,8fd2e13d1bf7,
England,E12000002,E08000006,Salford,SALFO_ec2be82cb019,8642f9a674f0,
England,E12000002,E08000006,Salford,SALFO_9c098ed7d836,5acd35995f81,
England,E12000002,E08000006,Salford,SALFO_6b804b022087,3fb1586afdb3,
England,E12000002,E08000006,Salford,SALFO_43dbab138a1e,b88e56a5864f,
England,E12000002,E08000006,Salford,SALFO_dc24321e1688,a8a9b09776b0,
England,E12000002,E08000006,Salford,SALFO_8965cb8503d7,9650abce7304,
England,E12000002,E08000006,Salford,SALFO_b7b72a367f0f,2e7f1f4f4aa4,
England,E12000002,E08000006,Salford,SALFO_d3773cd1f3c5,f984e7fa9a86,
England,E12000002,E08000006,Salford,SALFO_f4bba882b7e3,26535700be48,
England,E12000002,E08000006,Salford,SALFO_5011f6805cb0,362a038124ea,
England,E12000002,E08000006,Salford,SALFO_925c285be613,31a8503eb978,
England,E12000002,E08000006,Salford,SALFO_b8715bffa612,33fa23e9dcf2,
England,E12000002,E08000006,Salford,SALFO_96a6b26f3133,cf431a6c81bb,
England,E12000002,E08000006,Salford,SALFO_ff189838a50d,a6b641a13db5,
England,E12000002,E08000006,Salford,SALFO_26b0ee490958,b63807f7304c,
England,E12000002,E08000006,Salford,SALFO_83654ddd44b0,527e4e9cbe75,
England,E12000002,E08000006,Salford,SALFO_b63a51cf8d0f,a021513728fb,
England,E12000002,E08000006,Salford,SALFO_e264ae275110,6f99ee3ab98b,
England,E12000002,E08000006,Salford,SALFO_fe48913e44f1,8fda29c05c0c,
England,E12000002,E08000006,Salford,SALFO_8bb756696e4d,e03fae1b22f7,
England,E12000002,E08000006,Salford,SALFO_422361982979,be2c3ba94435,
England,E12000002,E08000006,Salford,SALFO_5d5a3e61b8ee,bf85d704a4a5,
England,E12000002,E08000006,Salford,SALFO_624cc43965a6,f66214f2aa68,
England,E12000002,E08000006,Salford,SALFO_581a5d177117,1e6d192bdf8d,
England,E12000002,E08000006,Salford,SALFO_f87d915cdd53,65c603f4d8b8,
England,E12000002,E08000006,Salford,SALFO_8bb7229c1af1,df1b1e0979fb,
England,E12000002,E08000006,Salford,SALFO_36bf83596bdb,3b2b7c1359b0,
England,E12000002,E08000006,Salford,SALFO_2813efc38b54,a9662b28a513,
England,E12000002,E08000006,Salford,SALFO_8898d744d70d,3ff8551053d3,
England,E12000002,E08000006,Salford,SALFO_8e8cab5d22aa,f34c0c3fe4e0,
England,E12000002,E08000006,Salford,SALFO_2d6c2e36da86,f9b2e80002c8,
England,E12000002,E08000006,Salford,SALFO_f8adbffbd53d,066bccf9063e,
England,E12000002,E08000006,Salford,SALFO_e99785e354bc,1f0b6a5ef2fd,
England,E12000002,E08000006,Salford,SALFO_98a2cc316653,855a799f0c19,
England,E12000002,E08000006,Salford,SALFO_fccb702317d5,60d4fdc49246,
England,E12000002,E08000006,Salford,SALFO_c5311b228756,ed9c93ab9b94,
England,E12000002,E08000006,Salford,SALFO_e78c70c546c8,d226af3a4350,
England,E12000002,E08000006,Salford,SALFO_f814b7b80f9b,44dff8af9a21,
England,E12000002,E08000006,Salford,SALFO_0ee15bf23e0b,585f936174d0,
England,E12000002,E08000006,Salford,SALFO_a6368d50a065,2d3161ccd7ed,
England,E12000002,E08000006,Salford,SALFO_3c547e0e9e7a,a862a73b6aa3,
England,E12000002,E08000006,Salford,SALFO_d3363194b3fe,4c7dde9b99de,
England,E12000002,E08000006,Salford,SALFO_4d6108fbfc94,14e8ba87e8c5,
England,E12000002,E08000006,Salford,SALFO_33eed862fc8e,069ef87c9e12,
England,E12000002,E08000006,Salford,SALFO_001bf170cc5d,127088fbd827,
England,E12000002,E08000006,Salford,SALFO_78930dcae3e2,6a2acbf00a62,
England,E12000002,E08000006,Salford,SALFO_6736b9f2032d,f3cc3ed6238b,
England,E12000002,E08000006,Salford,SALFO_c9a619f4ae3c,2206ebd2e0bf,
England,E12000002,E08000006,Salford,SALFO_425d0799e8b2,6cebd5da0166,
England,E12000002,E08000006,Salford,SALFO_4564ffafa633,134297617c01,
England,E12000002,E08000006,Salford,SALFO_00565d8101ac,ac89c8660511,
England,E12000002,E08000006,Salford,SALFO_187ae15c6248,b36d34cff3a7,
England,E12000002,E08000006,Salford,SALFO_322fe50f8051,42cb124f121e,
England,E12000002,E08000006,Salford,SALFO_391f0ced55c5,25c92c960a50,
England,E12000002,E08000006,Salford,SALFO_7123673a101a,45aa07cbc697,
England,E12000002,E08000006,Salford,SALFO_1f001580b92a,5682a4238a5a,
England,E12000002,E08000006,Salford,SALFO_78effc8c6322,adea81a7c789,
England,E12000002,E08000006,Salford,SALFO_09bedf235c34,e65194a4eace,
England,E12000002,E08000006,Salford,SALFO_064a0b7db7e8,acf7b2e9a48b,
England,E12000002,E08000006,Salford,SALFO_6bad2607a1d7,74baa170457e,
England,E12000002,E08000006,Salford,SALFO_ce9458aa32b0,08cad2ff15d5,
England,E12000002,E08000006,Salford,SALFO_4fc24a8b4ae7,a67697effe4b,
England,E12000002,E08000006,Salford,SALFO_619d52b61ddd,a0a9f709a298,
England,E12000002,E08000006,Salford,SALFO_8bc3996b4ba3,88e808c5d47f,
England,E12000002,E08000006,Salford,SALFO_ed9012e27df1,82eea42020c8,
England,E12000002,E08000006,Salford,SALFO_c444f0e80b18,2c8832e4b84b,
England,E12000002,E08000006,Salford,SALFO_05621696dd06,c29b914441fe,
England,E12000002,E08000006,Salford,SALFO_1d85125e6911,aa612e8607f1,
England,E12000002,E08000006,Salford,SALFO_023a22b1c7f9,bc4104dd621a,
England,E12000002,E08000006,Salford,SALFO_b914e0a1107a,6fba12a05fce,
England,E12000002,E08000006,Salford,SALFO_5f3dc4649452,43883526b74c,
England,E12000002,E08000006,Salford,SALFO_0f42dc403bec,31a0e8a545e7,
England,E12000002,E08000006,Salford,SALFO_b43ae1becab6,f7228b0211db,
England,E12000002,E08000006,Salford,SALFO_5fe709c8ded4,f783654d8719,
England,E12000002,E08000006,Salford,SALFO_01d44c112565,a9bdb27d85e7,
England,E12000002,E08000006,Salford,SALFO_770b5868240c,19ed23a0353e,
England,E12000002,E08000006,Salford,SALFO_26b63c3a2470,d38b0c543155,
England,E12000002,E08000006,Salford,SALFO_f5019671404a,8ff69975f302,
England,E12000002,E08000006,Salford,SALFO_39d2ccd944fa,763baeb15d22,
England,E12000002,E08000006,Salford,SALFO_2eaf6deee698,0ac1f6df75fd,
England,E12000002,E08000006,Salford,SALFO_94023d45afa6,e9a3c3539762,
England,E12000002,E08000006,Salford,SALFO_e979b1781bf9,703c56b1f8b1,
England,E12000002,E08000006,Salford,SALFO_5776525a3805,7264ec315724,
England,E12000002,E08000006,Salford,SALFO_e19254ede705,2bc802e5a19c,
England,E12000002,E08000006,Salford,SALFO_7594f97b819b,023273bb9d23,
England,E12000002,E08000006,Salford,SALFO_8a0f40e0bd03,2795c37b82b2,
England,E12000002,E08000006,Salford,SALFO_d3038d3dcc8c,dd80cc0a8f9c,
England,E12000002,E08000006,Salford,SALFO_42f53cbd4f4e,2cb684eb866f,
England,E12000002,E08000006,Salford,SALFO_40dd8649f31a,024b42aa20ec,
England,E12000002,E08000006,Salford,SALFO_f32ec08ad3ea,2aa566b2ae0c,
England,E12000002,E08000006,Salford,SALFO_1e5f05f57daf,9914775106bd,
England,E12000002,E08000006,Salford,SALFO_c6d114c2e131,90fb82b012bc,
England,E12000002,E08000006,Salford,SALFO_cf820d8abeb9,4a83490e73d2,
England,E12000002,E08000006,Salford,SALFO_0eb23be7c2c9,3446a448b738,
England,E12000002,E08000006,Salford,SALFO_6b75c52eefcd,d587a4fd2a6e,
England,E12000002,E08000006,Salford,SALFO_062ce9418b14,2fcbd6adf4e6,
England,E12000002,E08000006,Salford,SALFO_d4d07a9d88cb,1466094296e0,
England,E12000002,E08000006,Salford,SALFO_9aef8cc42f34,2c17a7d53067,
England,E12000002,E08000006,Salford,SALFO_e7d2b1233008,215d30f886fd,
England,E12000002,E08000006,Salford,SALFO_62861e2ac3f1,90bb1c6871d8,
England,E12000002,E08000006,Salford,SALFO_2f21faf7c8af,0ca57c91ea73,
England,E12000002,E08000006,Salford,SALFO_e4dbbdfee7c4,3d9985c951ea,
England,E12000002,E08000006,Salford,SALFO_bc90060c9f19,562c1f7f8419,
England,E12000002,E08000006,Salford,SALFO_4b982ed71470,98284e8211e1,
England,E12000002,E08000006,Salford,SALFO_5ed53098efdd,a35058abb7f6,
England,E12000002,E08000006,Salford,SALFO_2027e9f76352,501d232f903c,
England,E12000002,E08000006,Salford,SALFO_abf330484388,2ef326b4b1dc,
England,E12000002,E08000006,Salford,SALFO_303ccfd002a2,19303ae6910a,
England,E12000002,E08000006,Salford,SALFO_a0dcd88a6110,7068068e4a05,
England,E12000002,E08000006,Salford,SALFO_1fe05b143d4f,5d5fafbeaf9c,
England,E12000002,E08000006,Salford,SALFO_ee3f98f59020,2a323b80e29b,
England,E12000002,E08000006,Salford,SALFO_881da5812c5f,57c517dd586b,
England,E12000002,E08000006,Salford,SALFO_64e6b117f426,27d862e7dae2,
England,E12000002,E08000006,Salford,SALFO_5e6f92894319,8c0e6c4798e5,
England,E12000002,E08000006,Salford,SALFO_0946ac1c69e7,9e55c5218f6e,
England,E12000002,E08000006,Salford,SALFO_c08ded23fb81,6775fe6f2ad5,
England,E12000002,E08000006,Salford,SALFO_098dd5f4e1a8,7f2ab30c4a17,
England,E12000002,E08000006,Salford,SALFO_48fd1f96791c,6be68f3fee52,
England,E12000002,E08000006,Salford,SALFO_9fbb9ee9fe7c,8fe15fe3f08d,
England,E12000002,E08000006,Salford,SALFO_3fe7d69808f6,e74a4fec6c59,
England,E12000002,E08000006,Salford,SALFO_e0f1af681573,95df99de0519,
England,E12000002,E08000006,Salford,SALFO_37bb2fe5658d,99cea21dcff5,
England,E12000002,E08000006,Salford,SALFO_7cf09c940b0f,c8f18caa2fb2,
England,E12000002,E08000006,Salford,SALFO_f9e7ce3533fd,cfeff6da8fc7,
England,E12000002,E08000006,Salford,SALFO_176968d8846d,b3b20590d91d,
England,E12000002,E08000006,Salford,SALFO_793e39df4043,f39c4cca2add,
England,E12000002,E08000006,Salford,SALFO_2d6f73925680,7c747f8c89f1,
England,E12000002,E08000006,Salford,SALFO_02fb958f82c5,8762d58274be,
England,E12000002,E08000006,Salford,SALFO_15a3364e1664,650f9e74e613,
England,E12000002,E08000006,Salford,SALFO_c97d9aa113d6,cb1d31077829,
England,E12000002,E08000006,Salford,SALFO_2f3c07e4af59,088d9b7a4e9d,
England,E12000002,E08000006,Salford,SALFO_780d452f604e,64395b024407,
England,E12000002,E08000006,Salford,SALFO_829d99803056,5ab8d1a429dd,
England,E12000002,E08000006,Salford,SALFO_e2c7aaa2ff8f,f28403ffb7ae,
England,E12000002,E08000006,Salford,SALFO_ce2b2eded616,94cab9a7eca5,
England,E12000002,E08000006,Salford,SALFO_c96cf1f28024,7b422d52654e,
England,E12000002,E08000006,Salford,SALFO_b7b79775b5b5,bc268579eeb0,
England,E12000002,E08000006,Salford,SALFO_28f068e38f49,90203d97cec1,
England,E12000002,E08000006,Salford,SALFO_bea1834191da,c7c7f30dcc5a,
England,E12000002,E08000006,Salford,SALFO_ba4cb6563979,3af66c8cda0b,
England,E12000002,E08000006,Salford,SALFO_70866e9a1b5d,d5941dd3128d,
England,E12000002,E08000006,Salford,SALFO_019589486bfe,26b42cf276cd,
England,E12000002,E08000006,Salford,SALFO_c3e78ae1f586,cc4d5dde21c1,
England,E12000002,E08000006,Salford,SALFO_7f62c08e6ee7,3d0c7ce8af90,
England,E12000002,E08000006,Salford,SALFO_60ef7176c4fb,0e7b4dc59f19,
England,E12000002,E08000006,Salford,SALFO_afc07ba216ee,14e261fdab65,
England,E12000002,E08000006,Salford,SALFO_32c38b180889,834f5d7f7c11,
England,E12000002,E08000006,Salford,SALFO_48e559ec5ef1,6b855413df3e,
England,E12000002,E08000006,Salford,SALFO_3187c2d766a1,a0bb100306d4,
England,E12000002,E08000006,Salford,SALFO_54e30ea7e632,028a73f30874,
England,E12000002,E08000006,Salford,SALFO_0892231c1bd3,66a9fdac4d1c,
England,E12000002,E08000006,Salford,SALFO_4ce0758652a5,597f9b97da15,
England,E12000002,E08000006,Salford,SALFO_fb4fe8ce9716,5882333fee87,
England,E12000002,E08000006,Salford,SALFO_2de86d11bb8d,28adfa3b488c,
England,E12000002,E08000006,Salford,SALFO_d50075bab2c3,be5e11978264,
England,E12000002,E08000006,Salford,SALFO_5b0cdfc1a5e7,1b8159145e37,
England,E12000002,E08000006,Salford,SALFO_de352bcd26ce,c7ba9a9c7450,
England,E12000002,E08000006,Salford,SALFO_28ab35205afa,9f1e624dedc8,
England,E12000002,E08000006,Salford,SALFO_265f1a60e2c2,26a06f5f8799,
England,E12000002,E08000006,Salford,SALFO_b9c20937a0f8,cad9c2fc6011,
England,E12000002,E08000006,Salford,SALFO_547451d76cf5,6e6e7757f2c0,
England,E12000002,E08000006,Salford,SALFO_373fb612c54d,027acfd352f7,
England,E12000002,E08000006,Salford,SALFO_32386d5b59b3,0971ad790876,
England,E12000002,E08000006,Salford,SALFO_519381e5adf8,8dd159444f25,
England,E12000002,E08000006,Salford,SALFO_919a71a06b70,5c5e844387e5,
England,E12000002,E08000006,Salford,SALFO_74479bb9bc7d,be8d6b1e2482,
England,E12000002,E08000006,Salford,SALFO_80fd921ca4f6,b2b1770c7dd6,
England,E12000002,E08000006,Salford,SALFO_3c0f27324609,591c28584a55,
England,E12000002,E08000006,Salford,SALFO_7012221d1991,a3f93e97800b,
England,E12000002,E08000006,Salford,SALFO_dd671051e0f7,f85f71c764d5,
England,E12000002,E08000006,Salford,SALFO_522de9084ae8,193abbc35e33,
England,E12000002,E08000006,Salford,SALFO_c82d29557dee,0c935fac269a,
England,E12000002,E08000006,Salford,SALFO_00c34dbe0ce1,fa66e4696c5a,
England,E12000002,E08000006,Salford,SALFO_b26926c9b897,cbfb10981af2,
England,E12000002,E08000006,Salford,SALFO_03d965652b35,2688e30c38d0,
England,E12000002,E08000006,Salford,SALFO_944424dccc56,a454a3f31245,
England,E12000002,E08000006,Salford,SALFO_1842b3ec9a28,6ce0b4a3a4ee,
England,E12000002,E08000006,Salford,SALFO_84282d2f1581,15fa77993adf,
England,E12000002,E08000006,Salford,SALFO_ca044f13cc5a,5a4fd7ecbca7,
England,E12000002,E08000006,Salford,SALFO_6046dfb6f0f7,2b53cf600dee,
England,E12000002,E08000006,Salford,SALFO_d28c26a2a255,cb74c5fdff1b,
England,E12000002,E08000006,Salford,SALFO_14754f27c13a,05c64b9fa98f,
England,E12000002,E08000006,Salford,SALFO_005aa281e8b9,e1d7c4ce8acf,
England,E12000002,E08000006,Salford,SALFO_09ef150ecb23,1dece018b0ad,
England,E12000002,E08000006,Salford,SALFO_d356b59110bb,8e7bf7601859,
England,E12000002,E08000006,Salford,SALFO_ee7b9ff12d2f,f2e03ba03789,
England,E12000002,E08000006,Salford,SALFO_4f1d4c31ea18,5ff960a0e072,
England,E12000002,E08000006,Salford,SALFO_08fbad0b2bb2,f2919a545031,
England,E12000002,E08000006,Salford,SALFO_f98363a5f67d,c8e3afb7f54e,
England,E12000002,E08000006,Salford,SALFO_910648e92139,8603f7361cbb,
England,E12000002,E08000006,Salford,SALFO_819ca8f81cc7,66bdc01c4221,
England,E12000002,E08000006,Salford,SALFO_65fb933e287d,bedeeba34dc1,
England,E12000002,E08000006,Salford,SALFO_ababe108b8bf,36655145b5ab,
England,E12000002,E08000006,Salford,SALFO_9b01b88a667b,37c1f5a8dd4a,
England,E12000002,E08000006,Salford,SALFO_7008db520a89,7d70f2902688,
England,E12000002,E08000006,Salford,SALFO_9bb79f58c09a,3a7aaf43123a,
England,E12000002,E08000006,Salford,SALFO_a35630c3e59c,74c99064ce9f,
England,E12000002,E08000006,Salford,SALFO_1578c45d3e36,23bd45a1386f,
England,E12000002,E08000006,Salford,SALFO_6bc7cb6aee89,613b9e4942d7,
England,E12000002,E08000006,Salford,SALFO_44e2afa8eb07,ecd0c7330eb3,
England,E12000002,E08000006,Salford,SALFO_ab2b8f7e96c9,4e81c2d3f372,
England,E12000002,E08000006,Salford,SALFO_30ce09455a38,a4396e23586e,
England,E12000002,E08000006,Salford,SALFO_561cfd36dd78,c496a668ece8,
England,E12000002,E08000006,Salford,SALFO_1017b79365c8,c0fe2ce15153,
England,E12000002,E08000006,Salford,SALFO_dd7ff2dbec36,01cb4483469f,
England,E12000002,E08000006,Salford,SALFO_61b7c8543e0e,a9234e976982,
England,E12000002,E08000006,Salford,SALFO_00ea78090e6e,c9e6a9a15312,
England,E12000002,E08000006,Salford,SALFO_17f82c47a9b3,e3c0bab9e651,
England,E12000002,E08000006,Salford,SALFO_b97643f62272,58af130c0b01,
England,E12000002,E08000006,Salford,SALFO_b1939f101d49,3e8d3f31f3d3,
England,E12000002,E08000006,Salford,SALFO_a229df0a8b92,56d285a6cd82,
England,E12000002,E08000006,Salford,SALFO_cc41f895a158,38aab060bfb9,
England,E12000002,E08000006,Salford,SALFO_90acf2a0b1e3,df5c9bcfc0aa,
England,E12000002,E08000006,Salford,SALFO_9b6b78804871,b75200d3e823,
England,E12000002,E08000006,Salford,SALFO_1fde90f2a81c,e77569e69cba,
England,E12000002,E08000006,Salford,SALFO_a3f62bf98418,2a352af51fb7,
England,E12000002,E08000006,Salford,SALFO_1d43418baf33,0767a63da30e,
England,E12000002,E08000006,Salford,SALFO_b65627adfe8b,5d176e9256cf,
England,E12000002,E08000006,Salford,SALFO_4aab869bb6af,ea46a3e71aed,
England,E12000002,E08000006,Salford,SALFO_0a2016bec3f3,803457ae3f87,
England,E12000002,E08000006,Salford,SALFO_a54f708c0aef,7d98aff54d80,
England,E12000002,E08000006,Salford,SALFO_933d95008d5a,c2d73583b12b,
England,E12000002,E08000006,Salford,SALFO_b3cdce8ee138,35bba7bb8ace,
England,E12000002,E08000006,Salford,SALFO_2758870a3a60,d4abf92a0612,
England,E12000002,E08000006,Salford,SALFO_0692afa6c42c,06766a728b64,
England,E12000002,E08000006,Salford,SALFO_a7f7cbe0d8b3,d5e430cca5c2,
England,E12000002,E08000006,Salford,SALFO_8a9ca9bd5ec0,d208b2c969bd,
England,E12000002,E08000006,Salford,SALFO_887029e36f02,f552618ef217,
England,E12000002,E08000006,Salford,SALFO_d7d22ef8eb07,63b490df1005,
England,E12000002,E08000006,Salford,SALFO_73c8c6c72711,8f47ede2af70,
England,E12000002,E08000006,Salford,SALFO_4a3dc17151a4,02a2011f321f,
England,E12000002,E08000006,Salford,SALFO_1e03fd6c83f0,fa1a940c76e6,
England,E12000002,E08000006,Salford,SALFO_94e081c53041,8689a6b1f33c,
England,E12000002,E08000006,Salford,SALFO_b06d5e9e84f6,dc2a445c1a70,
England,E12000002,E08000006,Salford,SALFO_a192ee26b12c,be1cb7f83fe4,
England,E12000002,E08000006,Salford,SALFO_8d17477ad222,6c3d2e029728,
England,E12000002,E08000006,Salford,SALFO_7eb2be374598,98e383aa409a,
England,E12000002,E08000006,Salford,SALFO_45cc86f08837,75b1d76bad2b,
England,E12000002,E08000006,Salford,SALFO_191ec8e46972,d97ca3333c1b,
England,E12000002,E08000006,Salford,SALFO_095e074e9df1,78f034380ae9,
England,E12000002,E08000006,Salford,SALFO_3cd24bfcae67,da20e587ecda,
England,E12000002,E08000006,Salford,SALFO_02967c274e15,0d8bb43a4a66,
England,E12000002,E08000006,Salford,SALFO_5bfa67fed748,f91cfd8e36d6,
England,E12000002,E08000006,Salford,SALFO_3b7998babd31,0f423acf97f0,
England,E12000002,E08000006,Salford,SALFO_f6a360737f22,fb942b183792,
England,E12000002,E08000006,Salford,SALFO_6a39128e60bb,93a55ea9a31c,
England,E12000002,E08000006,Salford,SALFO_062c0196f85a,22e52b9a9152,
England,E12000002,E08000006,Salford,SALFO_cd450ebc5971,41db61f917ad,
England,E12000002,E08000006,Salford,SALFO_2e8f7c1e32ed,0b801f5dd82c,
England,E12000002,E08000006,Salford,SALFO_f8e5279e6969,ef58ebfe3f10,
England,E12000002,E08000006,Salford,SALFO_cc0d804d0a70,23c48c2c17fc,
England,E12000002,E08000006,Salford,SALFO_863f116ed5f1,6195250e6a59,
England,E12000002,E08000006,Salford,SALFO_388474eda53f,b7f02cf8c1cf,
England,E12000002,E08000006,Salford,SALFO_7c62af18f133,18b967f69232,
England,E12000002,E08000006,Salford,SALFO_52294bd96ec6,cd58e490eba1,
England,E12000002,E08000006,Salford,SALFO_436016ec2921,0ec934334ae0,
England,E12000002,E08000006,Salford,SALFO_8e6ae2cde215,fcb4f416f317,
England,E12000002,E08000006,Salford,SALFO_25ace9c7c275,10da486512a9,
England,E12000002,E08000006,Salford,SALFO_c548d15207a3,38bd25e7c7a1,
England,E12000002,E08000006,Salford,SALFO_e2c4290fda26,9dc4600b8298,
England,E12000002,E08000006,Salford,SALFO_fd01e626bcdb,e4e89d3c786a,
England,E12000002,E08000006,Salford,SALFO_fe50c6ab0c17,c7d8893d55de,
England,E12000002,E08000006,Salford,SALFO_4bd203fa7b45,75d33dbf1c7a,
England,E12000002,E08000006,Salford,SALFO_2b63bcb0fee3,ef9e41aa96a5,
England,E12000002,E08000006,Salford,SALFO_782075c5c4ba,26ea62b88496,
England,E12000002,E08000006,Salford,SALFO_d5a640059ef1,d6c89c0f4d72,
England,E12000002,E08000006,Salford,SALFO_c864cd447901,937f87a7a7c7,
England,E12000002,E08000006,Salford,SALFO_59428e0ff5a2,a6452aa95ccf,
England,E12000002,E08000006,Salford,SALFO_2a908c5b8e0e,34f5614c9791,
England,E12000002,E08000006,Salford,SALFO_e4ed887f32d8,d03f2da88663,
England,E12000002,E08000006,Salford,SALFO_8b2675248e07,49ccba13a2cc,
England,E12000002,E08000006,Salford,SALFO_344609f1c594,3dc31caca670,
England,E12000002,E08000006,Salford,SALFO_e3c4dec78e24,1bdd3e83807f,
England,E12000002,E08000006,Salford,SALFO_14c98b3c117f,42022ac722ec,
England,E12000002,E08000006,Salford,SALFO_2be92b23448c,7aca65eb0256,
England,E12000002,E08000006,Salford,SALFO_b12cafecd3a0,d3aa241f94e7,
England,E12000002,E08000006,Salford,SALFO_d7b7567242a1,640eeadc5048,
England,E12000002,E08000006,Salford,SALFO_25ecf58b3e6f,f55263c83592,
England,E12000002,E08000006,Salford,SALFO_f61071854f51,a9bc031168ca,
England,E12000002,E08000006,Salford,SALFO_870ecd0dcf34,e5f0baf6bc92,
England,E12000002,E08000006,Salford,SALFO_22bf3e96c6c1,37d537647da5,
England,E12000002,E08000006,Salford,SALFO_ddd911340393,7267332e4cb9,
England,E12000002,E08000006,Salford,SALFO_ac95964286c2,ad5c728c5e73,
England,E12000002,E08000006,Salford,SALFO_48fb61cdc6fe,51642127194f,
England,E12000002,E08000006,Salford,SALFO_723f203276b0,b0b0fc3f8321,
England,E12000002,E08000006,Salford,SALFO_1d7f08b27eb9,471570c63173,
England,E12000002,E08000006,Salford,SALFO_2aa223c9a580,77426fc6f9b4,
England,E12000002,E08000006,Salford,SALFO_55fbdee6b7d4,c1f877549319,
England,E12000002,E08000006,Salford,SALFO_a0d90b21bef5,98305f78d3e3,
England,E12000002,E08000006,Salford,SALFO_a00964f19969,cb2d1458e2b9,
England,E12000002,E08000006,Salford,SALFO_a746263ab62b,78a65e7723b8,
England,E12000002,E08000006,Salford,SALFO_ab2974f80410,83042ecebcac,
England,E12000002,E08000006,Salford,SALFO_81f64792697e,4c62a9d13240,
England,E12000002,E08000006,Salford,SALFO_5244b60ab704,a6fcc43b6ac6,
England,E12000002,E08000006,Salford,SALFO_1361c1cc07e6,32bb914ae814,
England,E12000002,E08000006,Salford,SALFO_75a219bacb60,882d2505f04d,
England,E12000002,E08000006,Salford,SALFO_db66c681a7fb,574e3075949a,
England,E12000002,E08000006,Salford,SALFO_5d8d780c140d,7e28a3f652e4,
England,E12000002,E08000006,Salford,SALFO_2b9f8dcc6876,98e541f2daac,
England,E12000002,E08000006,Salford,SALFO_4a619fc6e6f6,4bbbf8803d59,
England,E12000002,E08000006,Salford,SALFO_d7baa9b5625e,fb616994d079,
England,E12000002,E08000006,Salford,SALFO_bc13b6622e90,5b4201af651f,
England,E12000002,E08000006,Salford,SALFO_543499ca96a9,2d7c7e92ff04,
England,E12000002,E08000006,Salford,SALFO_8f9c02b30d58,e038c75a6b2d,
England,E12000002,E08000006,Salford,SALFO_6d00372f65ab,9f8b1d5e2926,
England,E12000002,E08000006,Salford,SALFO_43871e77c822,ba80edc63f11,
England,E12000002,E08000006,Salford,SALFO_72552b6f5733,0139e7e21370,
England,E12000002,E08000006,Salford,SALFO_9aa23bc04963,96d5345206db,
England,E12000002,E08000006,Salford,SALFO_29b9ffb44a86,17539fc7afd8,
England,E12000002,E08000006,Salford,SALFO_5388330e6f68,22ab89b9ae72,
England,E12000002,E08000006,Salford,SALFO_64734c889a6c,2709a1e14691,
England,E12000002,E08000006,Salford,SALFO_821cd876efdc,c02754d180e1,
England,E12000002,E08000006,Salford,SALFO_4590e2e528cb,7ef5b947ee8b,
England,E12000002,E08000006,Salford,SALFO_b08df67c6510,ce558bd6493e,
England,E12000002,E08000006,Salford,SALFO_d38bbbf3dba7,096a8e2f2980,
England,E12000002,E08000006,Salford,SALFO_ac3c85fd378e,734a4c3f28c8,
England,E12000002,E08000006,Salford,SALFO_cbf8d6b2cf41,e892a7123dc3,
England,E12000002,E08000006,Salford,SALFO_b02acc21f2cd,4723b3c649ec,
England,E12000002,E08000006,Salford,SALFO_f166e9f3c31f,17923b7e7878,
England,E12000002,E08000006,Salford,SALFO_1a76d43fbc52,5e226b144471,
England,E12000002,E08000006,Salford,SALFO_b9523d29f2c3,db8dd65075c8,
England,E12000002,E08000006,Salford,SALFO_bc853a838f1b,d403b72e2033,
England,E12000002,E08000006,Salford,SALFO_09a45d0da48c,fd4c37c53dbf,
England,E12000002,E08000006,Salford,SALFO_7c6e15691675,e45cd9a8784c,
England,E12000002,E08000006,Salford,SALFO_a6ded0a1a18f,919e27e8aa3b,
England,E12000002,E08000006,Salford,SALFO_1421336ac136,b1b891d03822,
England,E12000002,E08000006,Salford,SALFO_92c19ee1ea4d,f76bc2ec3210,
England,E12000002,E08000006,Salford,SALFO_aeb321ae51ab,20e9baab44c7,
England,E12000002,E08000006,Salford,SALFO_90902c26efb4,6ca37c229cc7,
England,E12000002,E08000006,Salford,SALFO_2e7aeee213c9,054c7363dcb9,
England,E12000002,E08000006,Salford,SALFO_2f1779675785,aead2e29cb17,
England,E12000002,E08000006,Salford,SALFO_88e72c851ed1,6790e480db84,
England,E12000002,E08000006,Salford,SALFO_491e60097a41,ba192d9be256,
England,E12000002,E08000006,Salford,SALFO_41efc6d07b89,742c04e6499b,
England,E12000002,E08000006,Salford,SALFO_a781e8bea09e,08662c4e6cbe,
England,E12000002,E08000006,Salford,SALFO_6c2a262451cb,6c095b77777e,
England,E12000002,E08000006,Salford,SALFO_c67a1c7b3064,3a75b908f75d,
England,E12000002,E08000006,Salford,SALFO_d0f8935281c5,05354fd64b15,
England,E12000002,E08000006,Salford,SALFO_43be531003cd,c9c437ef7c5b,
England,E12000002,E08000006,Salford,SALFO_21466980d8b3,8b3df121daf2,
England,E12000002,E08000006,Salford,SALFO_e2f505a066af,e825d768794e,
England,E12000002,E08000006,Salford,SALFO_555fecc06baa,2748adc590fc,
England,E12000002,E08000006,Salford,SALFO_7005c5839cbb,b63ce3bdb005,
England,E12000002,E08000006,Salford,SALFO_1a87f3d3b811,be90ad2a72d7,
England,E12000002,E08000006,Salford,SALFO_e09ba3d01441,ef3e47172c2f,
England,E12000002,E08000006,Salford,SALFO_481d515d77f7,d0d82cc3e377,
England,E12000002,E08000006,Salford,SALFO_95ace43b381f,3773f67d04b9,
England,E12000002,E08000006,Salford,SALFO_3fba2ee96b90,4a1583f2dbe6,
England,E12000002,E08000006,Salford,SALFO_8d33362efa13,d3ce0460a89b,
England,E12000002,E08000006,Salford,SALFO_3dfb7c5f4f37,37b10bde27f7,
England,E12000002,E08000006,Salford,SALFO_e80ff106682b,10f83491c2ed,
England,E12000002,E08000006,Salford,SALFO_5e2dd30ad9ff,89c9b107925d,
England,E12000002,E08000006,Salford,SALFO_b7a2d119a2a7,0f6e18359807,
England,E12000002,E08000006,Salford,SALFO_6a956af25ea7,6d007801afa1,
England,E12000002,E08000006,Salford,SALFO_66b68c4b2dc1,b7d548ad69e8,
England,E12000002,E08000006,Salford,SALFO_710b2670a6fa,a078547dfd71,
England,E12000002,E08000006,Salford,SALFO_00d206ce579e,dd14d66c2dde,
England,E12000002,E08000006,Salford,SALFO_5bf2d08910c9,b9aca0d73883,
England,E12000002,E08000006,Salford,SALFO_b5de1bb9eb2e,d30da9d672df,
England,E12000002,E08000006,Salford,SALFO_bc872e662b80,07f3bebe154b,
England,E12000002,E08000006,Salford,SALFO_e187103ff56a,1531c456822a,
England,E12000002,E08000006,Salford,SALFO_5342634b6d15,fb8b46a83bcd,
England,E12000002,E08000006,Salford,SALFO_afebb5623feb,0416b2fa1caa,
England,E12000002,E08000006,Salford,SALFO_52340f9b928c,7979ee27b5ef,
England,E12000002,E08000006,Salford,SALFO_552afd5cab06,965477d3ad85,
England,E12000002,E08000006,Salford,SALFO_534f9dad6cf8,a49877d24260,
England,E12000002,E08000006,Salford,SALFO_f9119e4ff4e8,a69c8b7a2746,
England,E12000002,E08000006,Salford,SALFO_7e3d554a11c8,307f1b69066c,
England,E12000002,E08000006,Salford,SALFO_b6ecf0542df0,216af629fab9,
England,E12000002,E08000006,Salford,SALFO_3acb800caf31,ddfe0caf5f83,
England,E12000002,E08000006,Salford,SALFO_20565833289e,ddd185b42c9f,
England,E12000002,E08000006,Salford,SALFO_f62d66da1e34,f9a052c44f4d,
England,E12000002,E08000006,Salford,SALFO_508214f5e067,9fd20135e5d7,
England,E12000002,E08000006,Salford,SALFO_56cf2ebebd5a,a122aeaabf2e,
England,E12000002,E08000006,Salford,SALFO_65f273489d8b,eadb301468fb,
England,E12000002,E08000006,Salford,SALFO_8ac5df5f601e,b1ebb7ad22af,
England,E12000002,E08000006,Salford,SALFO_3cd461d69be1,a41f5d8241cc,
England,E12000002,E08000006,Salford,SALFO_3da058f5a55f,2577b4f8c685,
England,E12000002,E08000006,Salford,SALFO_172f8a953b4d,917260274334,
England,E12000002,E08000006,Salford,SALFO_2e596d898eec,2ea3d7198db8,
England,E12000002,E08000006,Salford,SALFO_a195279a3be8,7c57d85a2328,
England,E12000002,E08000006,Salford,SALFO_1826f401b3a4,84e82657116b,
England,E12000002,E08000006,Salford,SALFO_42199539fe2b,8338eda4bc5c,
England,E12000002,E08000006,Salford,SALFO_09992824f91d,d9e16323a162,
England,E12000002,E08000006,Salford,SALFO_0445eba47e6c,83db7633e0de,
England,E12000002,E08000006,Salford,SALFO_fe7e0de85a81,523c2f4f7714,
England,E12000002,E08000006,Salford,SALFO_353e6d0bd8eb,4c728eed7b01,
England,E12000002,E08000006,Salford,SALFO_ee44d8c67855,3b9bb518e67f,
England,E12000002,E08000006,Salford,SALFO_0fc211df767f,bf2613ff106f,
England,E12000002,E08000006,Salford,SALFO_302622ab57b2,28e3eaf850b9,
England,E12000002,E08000006,Salford,SALFO_9c0e24355d07,24209230ef66,
England,E12000002,E08000006,Salford,SALFO_0e0e7cf2e89d,7bca3f42f647,
England,E12000002,E08000006,Salford,SALFO_c0f36ffada64,e1d78e33cb46,
England,E12000002,E08000006,Salford,SALFO_f210c0135dd5,10e511aa748f,
England,E12000002,E08000006,Salford,SALFO_25c68a869d19,59e180e11355,
England,E12000002,E08000006,Salford,SALFO_db3260488e96,e68837c64b04,
England,E12000002,E08000006,Salford,SALFO_52759b8cb3a1,e4a5b47201e5,
England,E12000002,E08000006,Salford,SALFO_80c5b10d2c02,d2da455cd661,
England,E12000002,E08000006,Salford,SALFO_e4c5b932f5d7,b21d8af9a1d8,
England,E12000002,E08000006,Salford,SALFO_0b3470921ad4,b60b6b8f18cb,
England,E12000002,E08000006,Salford,SALFO_beab3b3e406d,3b163ac12414,
England,E12000002,E08000006,Salford,SALFO_ef446d199ff1,3095e5f8cac0,
England,E12000002,E08000006,Salford,SALFO_2109b82ac9d7,4215f0b2ac22,
England,E12000002,E08000006,Salford,SALFO_54e042e3772b,b86de7555116,
England,E12000002,E08000006,Salford,SALFO_bcabef8fc959,98f1a6c00dc3,
England,E12000002,E08000006,Salford,SALFO_9a4231bfad80,53db0f636568,
England,E12000002,E08000006,Salford,SALFO_6fa984eca4fc,e5acc714b11b,
England,E12000002,E08000006,Salford,SALFO_e282189f6b67,f785383b6729,
England,E12000002,E08000006,Salford,SALFO_86458855160e,ed467e341991,
England,E12000002,E08000006,Salford,SALFO_3afdbd7dd154,2a169230b96b,
England,E12000002,E08000006,Salford,SALFO_13dd72d9fb90,4e5f7db4a0a4,
England,E12000002,E08000006,Salford,SALFO_5506c0591a50,0038a1930a0c,
England,E12000002,E08000006,Salford,SALFO_47c1b0db27d8,185598967adb,
England,E12000002,E08000006,Salford,SALFO_dac54a371fc2,3be4cf987a19,
England,E12000002,E08000006,Salford,SALFO_4d033c5009b4,1502f8cf35d4,
England,E12000002,E08000006,Salford,SALFO_33f08bebb3f8,b55c9eec2b2e,
England,E12000002,E08000006,Salford,SALFO_356d5b0d792c,82868ee54ff2,
England,E12000002,E08000006,Salford,SALFO_09d6487ae90e,ab7766ea34f4,
England,E12000002,E08000006,Salford,SALFO_548e6f1c42e8,91ee5dcbc6fe,
England,E12000002,E08000006,Salford,SALFO_9500fc782dbe,0075e0b357ad,
England,E12000002,E08000006,Salford,SALFO_899bbdbd1875,48f5c86b392a,
England,E12000002,E08000006,Salford,SALFO_264d2f6139d6,5191da6ee996,
England,E12000002,E08000006,Salford,SALFO_7c7ad7de805e,f9cc29081571,
England,E12000002,E08000006,Salford,SALFO_a2a8bfad18fc,e90fbac1229e,
England,E12000002,E08000006,Salford,SALFO_b67957a55ba9,90d550aaba88,
England,E12000002,E08000006,Salford,SALFO_d9ca1f1c2499,1323d4697d0f,
England,E12000002,E08000006,Salford,SALFO_959b84b4c137,c2bf72aaa9d3,
England,E12000002,E08000006,Salford,SALFO_fb4ece3e5b4e,f6c0279f5e48,
England,E12000002,E08000006,Salford,SALFO_375ee9c65c6b,440c6b9d554b,
England,E12000002,E08000006,Salford,SALFO_9d8153f11d01,72501135707c,
England,E12000002,E08000006,Salford,SALFO_5207e6aba447,6787c28558b5,
England,E12000002,E08000006,Salford,SALFO_3335e1aea279,3716982e10f4,
England,E12000002,E08000006,Salford,SALFO_2e5272f5cea5,390af247f6e3,
England,E12000002,E08000006,Salford,SALFO_f99f654c2942,b42dcfc8f0aa,
England,E12000002,E08000006,Salford,SALFO_0042471fbb5e,2e86b1c6f0ac,
England,E12000002,E08000006,Salford,SALFO_996f62bbf40e,db2f2f813a94,
England,E12000002,E08000006,Salford,SALFO_2f437090f259,cba9135a2dd1,
England,E12000002,E08000006,Salford,SALFO_ad0e97a0f079,164876b689ac,
England,E12000002,E08000006,Salford,SALFO_d3db19c23c72,a0029b042be7,
England,E12000002,E08000006,Salford,SALFO_95d51aba9d00,bc9f52a2deae,
England,E12000002,E08000006,Salford,SALFO_921d905e6812,5bc02e51d7d3,
England,E12000002,E08000006,Salford,SALFO_a597ced8a0cd,f3cee9ac0a94,
England,E12000002,E08000006,Salford,SALFO_3a0fa1b0d15f,ae6b3ff9c5c0,
England,E12000002,E08000006,Salford,SALFO_951bac9a0005,3cc7b873f399,
England,E12000002,E08000006,Salford,SALFO_97cd11049195,aa13b339afaa,
England,E12000002,E08000006,Salford,SALFO_b20e66287943,2d156db1982a,
England,E12000002,E08000006,Salford,SALFO_34a26149e3eb,435729c8dc28,
England,E12000002,E08000006,Salford,SALFO_8e2937dd7de9,57fa0e3005e1,
England,E12000002,E08000006,Salford,SALFO_249da0bfe005,55f49f336fcc,
England,E12000002,E08000006,Salford,SALFO_fec229d12ac1,56c123657dee,
England,E12000002,E08000006,Salford,SALFO_092f3992e8e7,77ec9ccfb923,
England,E12000002,E08000006,Salford,SALFO_aa85565330e4,bed0f2de1233,
England,E12000002,E08000006,Salford,SALFO_b223c647c91f,2946707790f7,
England,E12000002,E08000006,Salford,SALFO_d01d0f84f9b7,0ef29c112790,
England,E12000002,E08000006,Salford,SALFO_26cb5d04266f,9da4357c168f,
England,E12000002,E08000006,Salford,SALFO_e02890f217e3,d5e276b589c0,
England,E12000002,E08000006,Salford,SALFO_9a1264729a6c,02329b851bf7,
England,E12000002,E08000006,Salford,SALFO_f614a40ff679,74f97f31034e,
England,E12000002,E08000006,Salford,SALFO_a33e29c1d6e8,aed0f9557275,
England,E12000002,E08000006,Salford,SALFO_90c247b43e57,2abfee3bc1e9,
England,E12000002,E08000006,Salford,SALFO_53fd124897c7,d9342c8a4cb7,
England,E12000002,E08000006,Salford,SALFO_74a83ffffe97,6b6d478fc8be,
England,E12000002,E08000006,Salford,SALFO_efe4ffee7544,62ee5b9bf6e0,
England,E12000002,E08000006,Salford,SALFO_bc8d8a8aa5fd,b7aaa53ec1d3,
England,E12000002,E08000006,Salford,SALFO_6b36dc6b7477,d295463da59f,
England,E12000002,E08000006,Salford,SALFO_f94a00f37025,c17d323d80de,
England,E12000002,E08000006,Salford,SALFO_7653513e6c4b,90748b8f83fb,
England,E12000002,E08000006,Salford,SALFO_1eb680131190,c4539d617437,
England,E12000002,E08000006,Salford,SALFO_e844d70d796a,def304fc54f7,
England,E12000002,E08000006,Salford,SALFO_2b2e33fcc311,e021b70f7f4e,
England,E12000002,E08000006,Salford,SALFO_0ea1a267fddc,1b8e0e6335cc,
England,E12000002,E08000006,Salford,SALFO_1abda36b9069,d68395fa858e,
England,E12000002,E08000006,Salford,SALFO_961b72fa13d4,89c23c5e4447,
England,E12000002,E08000006,Salford,SALFO_649820af4809,c58cda9ac623,
England,E12000002,E08000006,Salford,SALFO_705cd2fc62ea,971f3fda5397,
England,E12000002,E08000006,Salford,SALFO_e0dfb59e1ad9,f7cfbb78a40d,
England,E12000002,E08000006,Salford,SALFO_7ca3ef0a8625,f5324922ce56,
England,E12000002,E08000006,Salford,SALFO_b990fcbbbcf9,dc4daf10708b,
England,E12000002,E08000006,Salford,SALFO_c5d9cb250f16,ec32bd1e2f0a,
England,E12000002,E08000006,Salford,SALFO_3d316a1d2b91,d29aee6f9c72,
England,E12000002,E08000006,Salford,SALFO_3e75c51cba3a,9490f4216285,
England,E12000002,E08000006,Salford,SALFO_f54bb15b1ebf,4bf5ef721bd8,
England,E12000002,E08000006,Salford,SALFO_5fa572d71103,346d298dbd48,
England,E12000002,E08000006,Salford,SALFO_475978456cb5,27a31d211d25,
England,E12000002,E08000006,Salford,SALFO_315fad4808b2,33c0e70df0d4,
England,E12000002,E08000006,Salford,SALFO_84c3d8f8f05e,76682ee4b7e9,
England,E12000002,E08000006,Salford,SALFO_a124ed20805b,6b02fdd54fa3,
England,E12000002,E08000006,Salford,SALFO_0122544bf347,295db8419f5e,
England,E12000002,E08000006,Salford,SALFO_96655db1ae15,cf3b1c815756,
England,E12000002,E08000006,Salford,SALFO_31f12b76406b,795fd11b0faa,
England,E12000002,E08000006,Salford,SALFO_aa86082ca2d5,65f51bd75833,
England,E12000002,E08000006,Salford,SALFO_ac10b666cdbb,a4a5a06d5019,
England,E12000002,E08000006,Salford,SALFO_340ee24d031c,e2a97c56a0d4,
England,E12000002,E08000006,Salford,SALFO_089c493ca885,69f2a88bfa93,
England,E12000002,E08000006,Salford,SALFO_551cef49117e,79ba53840efa,
England,E12000002,E08000006,Salford,SALFO_d9bc5225c1cd,7146a745282d,
England,E12000002,E08000006,Salford,SALFO_424c2c98b5eb,2c78bdd3fc82,
England,E12000002,E08000006,Salford,SALFO_83d382432eae,ca71fb8ee02b,
England,E12000002,E08000006,Salford,SALFO_ee9fd508c672,79eef2e42af3,
England,E12000002,E08000006,Salford,SALFO_82a93fba78ca,4279a0b6bcff,
England,E12000002,E08000006,Salford,SALFO_5ceb056a477f,7c204c46bca0,
England,E12000002,E08000006,Salford,SALFO_7719e988b5b9,d6916c8cd1e4,
England,E12000002,E08000006,Salford,SALFO_459bd48e9fb6,43d319a2b050,
England,E12000002,E08000006,Salford,SALFO_56551fd5c3d2,bd692c18a719,
England,E12000002,E08000006,Salford,SALFO_5eff51723be2,7b7931243349,
England,E12000002,E08000006,Salford,SALFO_6403f0e55e66,a5b9de0f2a35,
England,E12000002,E08000006,Salford,SALFO_7b0978a6ba58,51be6ce353fe,
England,E12000002,E08000006,Salford,SALFO_2eb8e935716c,6d9d875c05ea,
England,E12000002,E08000006,Salford,SALFO_a87524dcb725,d2fad148b9a3,
England,E12000002,E08000006,Salford,SALFO_c66982d69a85,efae88a33c1c,
England,E12000002,E08000006,Salford,SALFO_6812df36c537,7e236ecc6e26,
England,E12000002,E08000006,Salford,SALFO_0e2b59eab421,1d21b1519c01,
England,E12000002,E08000006,Salford,SALFO_00d89ed55b6a,a878e7a2a730,
England,E12000002,E08000006,Salford,SALFO_2e93d8e8ab51,0f0cf156b2d0,
England,E12000002,E08000006,Salford,SALFO_55a1ec95cb77,91d0d59e8a16,
England,E12000002,E08000006,Salford,SALFO_859e9e9e90ce,5f14b36e9b04,
England,E12000002,E08000006,Salford,SALFO_9c36e13149f3,4a81d8cb6b98,
England,E12000002,E08000006,Salford,SALFO_aece6fc56d39,967209042245,
England,E12000002,E08000006,Salford,SALFO_061156ad2745,668537b46e9a,
England,E12000002,E08000006,Salford,SALFO_066727096233,d2ebfbc860d7,
England,E12000002,E08000006,Salford,SALFO_53c718eec222,29d721dcf1de,
England,E12000002,E08000006,Salford,SALFO_c2c4500b8390,e54b5e7a113e,
England,E12000002,E08000006,Salford,SALFO_10dcaae1cdb8,54f1e0bbd3ce,
England,E12000002,E08000006,Salford,SALFO_81b2b62c644b,3775e52f4254,
England,E12000002,E08000006,Salford,SALFO_3af7985ad18d,cfb922d61f0c,
England,E12000002,E08000006,Salford,SALFO_3f092fc4a53e,53e6dd9055ef,
England,E12000002,E08000006,Salford,SALFO_37428abf1eb7,b993a0386ca9,
England,E12000002,E08000006,Salford,SALFO_23ee36de7e69,9d220f784fe3,
England,E12000002,E08000006,Salford,SALFO_d587b942b69f,e897b49f73bb,
England,E12000002,E08000006,Salford,SALFO_688fa114d8cc,0b7fb9e2d091,
England,E12000002,E08000006,Salford,SALFO_59ffde67099d,4b59acc67544,
England,E12000002,E08000006,Salford,SALFO_116a6d90c000,31ed8e68cef5,
England,E12000002,E08000006,Salford,SALFO_1037f32e5632,183d0e2ce1c2,
England,E12000002,E08000006,Salford,SALFO_e5ea18d1d7f5,3ba356a04ae5,
England,E12000002,E08000006,Salford,SALFO_2d6d8ca420a0,91821ff16b36,
England,E12000002,E08000006,Salford,SALFO_b6cd86beaf48,44b9f313b5f4,
England,E12000002,E08000006,Salford,SALFO_e6b872aac435,7726402d6724,
England,E12000002,E08000006,Salford,SALFO_16f594e586e8,367cd5e164d7,
England,E12000002,E08000006,Salford,SALFO_ba037f2e6c56,cddb90b3f97c,
England,E12000002,E08000006,Salford,SALFO_1966f656787e,4a467708f7f4,
England,E12000002,E08000006,Salford,SALFO_f0f27fa19afd,8bffe25ed1b7,
England,E12000002,E08000006,Salford,SALFO_74c40511f977,f3befc6c36a7,
England,E12000002,E08000006,Salford,SALFO_0a11850fa7fc,01b80e231f1f,
England,E12000002,E08000006,Salford,SALFO_7123a227355a,b905744fdbc7,
England,E12000002,E08000006,Salford,SALFO_11e0d704551d,478d7add9437,
England,E12000002,E08000006,Salford,SALFO_b61a485c995d,f8c733893497,
England,E12000002,E08000006,Salford,SALFO_de067fd42344,23d0cdad4016,
England,E12000002,E08000006,Salford,SALFO_eb765155c4d1,2a5ff907eed6,
England,E12000002,E08000006,Salford,SALFO_3ad72e15b697,cce2467b93bf,
England,E12000002,E08000006,Salford,SALFO_96c4b81ba1c0,d38fd109af8f,
England,E12000002,E08000006,Salford,SALFO_0509c61812c0,f20460bd73b5,
England,E12000002,E08000006,Salford,SALFO_3aa4cee65553,06224c86a56f,
England,E12000002,E08000006,Salford,SALFO_7e2c8e9529b7,6b61fab50b58,
England,E12000002,E08000006,Salford,SALFO_de9013117be9,be2035283282,
England,E12000002,E08000006,Salford,SALFO_644ddbff6c20,2c9cb033b291,
England,E12000002,E08000006,Salford,SALFO_f0210222d850,db214b939507,
England,E12000002,E08000006,Salford,SALFO_9835ddeffc4e,c7a6db591232,
England,E12000002,E08000006,Salford,SALFO_bc4dd9e3a2fa,c05ffc935d0b,
England,E12000002,E08000006,Salford,SALFO_3222591879f5,1e17ce16c094,
England,E12000002,E08000006,Salford,SALFO_5591c4618568,326d7727a760,
England,E12000002,E08000006,Salford,SALFO_43c42fe4a724,5a696f9ebf56,
England,E12000002,E08000006,Salford,SALFO_3dfff3832927,7a216a61411e,
England,E12000002,E08000006,Salford,SALFO_2832fa32a94a,8ff943a5e879,
England,E12000002,E08000006,Salford,SALFO_b0e5a157be36,955c27b0c273,
England,E12000002,E08000006,Salford,SALFO_0008b38b55da,241a56529ced,
England,E12000002,E08000006,Salford,SALFO_ab7eaf5c50ab,0390ca6bdcbf,
England,E12000002,E08000006,Salford,SALFO_6e0ac9d4844c,65d233b2c62c,
England,E12000002,E08000006,Salford,SALFO_93d6476f7f4a,5b8b8cdf18fb,
England,E12000002,E08000006,Salford,SALFO_7e7e49584d32,60744a6bcf74,
England,E12000002,E08000006,Salford,SALFO_67967d0cfeaf,709761207f65,
England,E12000002,E08000006,Salford,SALFO_ea0f58d7d9fd,fc3abbeae807,
England,E12000002,E08000006,Salford,SALFO_29d52b6b6364,e9c9288f4f9c,
England,E12000002,E08000006,Salford,SALFO_cad1833e1b6d,b81d9ddd90eb,
England,E12000002,E08000006,Salford,SALFO_271c158330b9,8971e08576b3,
England,E12000002,E08000006,Salford,SALFO_08592cb6e8c8,1c3469c44dd5,
England,E12000002,E08000006,Salford,SALFO_4a6ef0802ba1,03609c9c6675,
England,E12000002,E08000006,Salford,SALFO_65841fae4fe9,7528127b746f,
England,E12000002,E08000006,Salford,SALFO_d3a13bfa7056,2e89c974ffd4,
England,E12000002,E08000006,Salford,SALFO_bef7b4618ee2,fc4460e77747,
England,E12000002,E08000006,Salford,SALFO_2ca888e667bc,aab1fbdf90a6,
England,E12000002,E08000006,Salford,SALFO_fe39bf77a8ef,59b17907f92d,
England,E12000002,E08000006,Salford,SALFO_2503bb986660,9518ff4217b7,
England,E12000002,E08000006,Salford,SALFO_46df4777bfce,2942898d4f9a,
England,E12000002,E08000006,Salford,SALFO_cab93f75395a,f4e2f42f5ca3,
England,E12000002,E08000006,Salford,SALFO_c46ce7f54f26,9b4834fac70c,
England,E12000002,E08000006,Salford,SALFO_a16658a3e865,47246fd9cc0e,
England,E12000002,E08000006,Salford,SALFO_26988d85a703,4a4eb3e6d0f2,
England,E12000002,E08000006,Salford,SALFO_d12c58765be6,0ed9d71feefa,
England,E12000002,E08000006,Salford,SALFO_12fdda625524,3980f1a3a7c8,
England,E12000002,E08000006,Salford,SALFO_55a677a102ff,b801db236b04,
England,E12000002,E08000006,Salford,SALFO_244d0020d5e3,87bff1a1cef4,
England,E12000002,E08000006,Salford,SALFO_46a4805e4074,879f67d3734e,
England,E12000002,E08000006,Salford,SALFO_3f113b523358,e7d4711fbba8,
England,E12000002,E08000006,Salford,SALFO_6dff96575b72,567c6cb78424,
England,E12000002,E08000006,Salford,SALFO_4eaf927c83bd,a4e7caec203e,
England,E12000002,E08000006,Salford,SALFO_f4934562fa7b,82851dc65f23,
England,E12000002,E08000006,Salford,SALFO_7dd0757c6db0,34074f054d03,
England,E12000002,E08000006,Salford,SALFO_cfa72081c1ed,5f5b1c80faaa,
England,E12000002,E08000006,Salford,SALFO_52a1cf55dba3,c60941babd57,
England,E12000002,E08000006,Salford,SALFO_261796deb59d,cf8be6f56215,
England,E12000002,E08000006,Salford,SALFO_5b1043b8c5d2,e4911af75c12,
England,E12000002,E08000006,Salford,SALFO_6cdfa8242540,1d1e402959f3,
England,E12000002,E08000006,Salford,SALFO_a6a243920a49,ee252c52c5d7,
England,E12000002,E08000006,Salford,SALFO_4ed0368304cf,a21126c2c88e,
England,E12000002,E08000006,Salford,SALFO_bdb73562d2f7,394ee48b4c12,
England,E12000002,E08000006,Salford,SALFO_e53ede056d3c,8d77bf4beb69,
England,E12000002,E08000006,Salford,SALFO_6cfeaf2178db,b70581dd83e8,
England,E12000002,E08000006,Salford,SALFO_b37262dae203,2fb06349660c,
England,E12000002,E08000006,Salford,SALFO_5ccde1943590,cda7d1497459,
England,E12000002,E08000006,Salford,SALFO_f3e6bac94954,d84f16581cbe,
England,E12000002,E08000006,Salford,SALFO_a0cd4eb4628c,6dfb4b3b0342,
England,E12000002,E08000006,Salford,SALFO_cc8b97a91bce,fad1fb64f662,
England,E12000002,E08000006,Salford,SALFO_379788dac75a,befd694f8ba8,
England,E12000002,E08000006,Salford,SALFO_5d0dfee14cf1,b8cbbeb14e0e,
England,E12000002,E08000006,Salford,SALFO_610071e9e424,dad0563794ec,
England,E12000002,E08000006,Salford,SALFO_17ae7ecad176,f5c273b986ba,
England,E12000002,E08000006,Salford,SALFO_db5de69a3e86,ee6f7c7f8638,
England,E12000002,E08000006,Salford,SALFO_bedf0251bb52,90f74efff6f1,
England,E12000002,E08000006,Salford,SALFO_bf2de419a35a,6fd9202be454,
England,E12000002,E08000006,Salford,SALFO_8dcf5cc140f8,4c4076525dfd,
England,E12000002,E08000006,Salford,SALFO_6956b38478ce,1d1908ed53a9,
