country,region_id,authority_id,auth_name_e,old_park_id,new_park_id
England,E12000002,E06000049,Cheshire East,CHEEA_49244b07d869;CHEEA_8e1f3cb9c5ef,ab9763bd3b90
England,E12000002,E06000049,Cheshire East,CHEEA_03baef03fc94,ff5c05205220
England,E12000002,E06000049,Cheshire East,CHEEA_0c342139b722,c35cb39fb2be
England,E12000002,E06000049,Cheshire East,CHEEA_157fa226ea17;CHEEA_f9fd23e5c47c,82a0ee7233a1
England,E12000002,E06000049,Cheshire East,CHEEA_0789af2ab519;CHEEA_ca3da49de750,de261566b94a
England,E12000002,E06000049,Cheshire East,CHEEA_a98ec5c4391a,fae2a5d947d6
England,E12000002,E06000049,Cheshire East,CHEEA_b7f0e6e40f4e,6f943aa419f2
England,E12000002,E06000049,Cheshire East,CHEEA_b8efae50bb00;CHEEA_14858170915d,0ed80d97cec9
England,E12000002,E06000049,Cheshire East,CHEEA_1bcd1d798c08;CHEEA_6d971ae748ad,c15473388829
England,E12000002,E06000049,Cheshire East,CHEEA_584118ac800f,6cd1f80d743b
England,E12000002,E06000049,Cheshire East,CHEEA_a7cf24e03ba3,80bedb4a1a7b
England,E12000002,E06000049,Cheshire East,CHEEA_b62320684947;CHEEA_cc7bfea4f7e0,c970cb904609
England,E12000002,E06000049,Cheshire East,CHEEA_669e7ebf3447,7115a1cb7d60
England,E12000002,E06000049,Cheshire East,CHEEA_2e656332507b;CHEEA_1b648d2f4cf1,c6944ed33240
England,E12000002,E06000049,Cheshire East,CHEEA_1e9fd06a35ba,1b339e122e6a
England,E12000002,E06000049,Cheshire East,CHEEA_e8f2d5e8695e,10dedf8e87ce
England,E12000002,E06000049,Cheshire East,CHEEA_2fb0d5d5b0b0;CHEEA_f454e9d42691;CHEEA_7dcb84d5aa94;CHEEA_2b4f2f790534;CHEEA_afebf21c20d3;CHEEA_dafce88324d0;CHEEA_b17683325834,dfd5b8906228
England,E12000002,E06000049,Cheshire East,CHEEA_8a6a4f3154c4;CHEEA_81b86294d0d8,299817e3d116
England,E12000002,E06000049,Cheshire East,CHEEA_286319a501a7,cfbe01786c2b
England,E12000002,E06000049,Cheshire East,CHEEA_a5c7e0323c7a,303221d882ec
England,E12000002,E06000049,Cheshire East,CHEEA_0dcc7caf9cf0,36afa2bd649c
England,E12000002,E06000049,Cheshire East,CHEEA_ec529fe57f4c,aba3b3153413
England,E12000002,E06000049,Cheshire East,CHEEA_95cc09686520,3d9076197576
England,E12000002,E06000049,Cheshire East,CHEEA_70c50ddf30f9,3132cb28ac77
England,E12000002,E06000049,Cheshire East,CHEEA_bc53d86fac54,70a2620fe187
England,E12000002,E06000049,Cheshire East,CHEEA_baebdfd1ba81,894caa7af81c
England,E12000002,E06000049,Cheshire East,CHEEA_02d6dd1391d8,3f4df640c929
England,E12000002,E06000049,Cheshire East,CHEEA_eb7c4c239918;CHEEA_820050ddc7c7,e00436e7be34
England,E12000002,E06000049,Cheshire East,CHEEA_d5aadb26db8d,28a679169804
England,E12000002,E06000049,Cheshire East,CHEEA_f8ce17b0faa8,63f39fbfb889
England,E12000002,E06000049,Cheshire East,CHEEA_1b39e4c2172f,c5f7ed3deb4a
England,E12000002,E06000049,Cheshire East,CHEEA_d2303fd1ad42;CHEEA_5b4c8051e0e4;CHEEA_f10e5ca9f9f4,e07f855806ec
England,E12000002,E06000049,Cheshire East,CHEEA_f03998be12c1,6de02c0e6a4c
England,E12000002,E06000049,Cheshire East,CHEEA_0a2c63400d9c;CHEEA_1752db6ecb12,9e869b8d0341
England,E12000002,E06000049,Cheshire East,CHEEA_c4c2f1d3de4e;CHEEA_fafe68b4374e,a16c31e43e4c
England,E12000002,E06000049,Cheshire East,CHEEA_279b6ee551a4;CHEEA_e56261af53ce,ed591182954f
England,E12000002,E06000049,Cheshire East,CHEEA_93cb0d45702a,77fe5947d279
England,E12000002,E06000049,Cheshire East,CHEEA_0c5eb33c8449,2b128289cdee
England,E12000002,E06000049,Cheshire East,CHEEA_9b48aedc79df;CHEEA_9e7735dbd798,963b9eda932b
England,E12000002,E06000049,Cheshire East,CHEEA_9fb73e76b02a;CHEEA_68d4b2adde5d,31cbe376610e
England,E12000002,E06000049,Cheshire East,CHEEA_1b1151bf23b2,4a0a7e29746d
England,E12000002,E06000049,Cheshire East,CHEEA_5d57db532cda;CHEEA_bb886d7207bc,d56520e19171
England,E12000002,E06000049,Cheshire East,CHEEA_c5586c9a4522,c00aff304772
England,E12000002,E06000049,Cheshire East,CHEEA_d9ee090477ec,8286b2adac6b
England,E12000002,E06000049,Cheshire East,CHEEA_1c89b53728f3,14ecf73cf87d
England,E12000002,E06000049,Cheshire East,CHEEA_449a5b9815c2;CHEEA_af779ac764c0,a8e5f6c1b821
England,E12000002,E06000049,Cheshire East,CHEEA_04ed6c2734a2,1865d330e13b
England,E12000002,E06000049,Cheshire East,CHEEA_142cf6265020;CHEEA_991d9b780541;CHEEA_5690cdbb82a5;CHEEA_fa21c6cc2ad4;CHEEA_938d34d99a80;CHEEA_2c82610aedf9;CHEEA_0bf8c0b7eb53;CHEEA_20f7f3f6c13e,b8d559db0839
England,E12000002,E06000049,Cheshire East,CHEEA_bd42d5b94665,d213dfb24836
England,E12000002,E06000049,Cheshire East,CHEEA_d7b740280a57,9067d840aede
England,E12000002,E06000049,Cheshire East,CHEEA_9e5800b6bbc1,fec158acf13a
England,E12000002,E06000049,Cheshire East,CHEEA_49db176e49e7,dc5610d73836
England,E12000002,E06000049,Cheshire East,CHEEA_8a570caf7daf;CHEEA_461f1f22387a,b1a90872aa2d
England,E12000002,E06000049,Cheshire East,CHEEA_8ada3335e0ae,87195f8c66d3
England,E12000002,E06000049,Cheshire East,CHEEA_86dd23b3f404,ac8ca4a3f1e9
England,E12000002,E06000049,Cheshire East,CHEEA_5b650e9951e0,473156b82b4f
England,E12000002,E06000049,Cheshire East,CHEEA_2f345ce12511,be5adb4424d5
England,E12000002,E06000049,Cheshire East,CHEEA_d27ab83329fa;CHEEA_e748482515a8,1f7f464fd8aa
England,E12000002,E06000049,Cheshire East,CHEEA_0a6ab080470f;CHEEA_292d4037b966,d61462dfdcce
England,E12000002,E06000049,Cheshire East,CHEEA_c7555f5ad127,a4d3d6328c05
England,E12000002,E06000049,Cheshire East,CHEEA_e3a3a95f36ad;CHEEA_9f24d479bd27,ff5d68688344
England,E12000002,E06000049,Cheshire East,CHEEA_374f260e7672,454777bb32f1
England,E12000002,E06000049,Cheshire East,CHEEA_66badfc346b5,ac6cc4fe4ae0
England,E12000002,E06000049,Cheshire East,CHEEA_040802ed5a4c,d1ee7f58090f
England,E12000002,E06000049,Cheshire East,CHEEA_f89678e47954,2317f85b11dd
England,E12000002,E06000049,Cheshire East,CHEEA_464ca5c4cdf4;CHEEA_605e33b57cf8,e60748a3b43f
England,E12000002,E06000049,Cheshire East,CHEEA_ef6042084bfd;CHEEA_cca6ef2c8cf9,24e1dd2f5628
England,E12000002,E06000049,Cheshire East,CHEEA_6d4bc8657d27;CHEEA_66b59f4a4b9a,210e8655124a
England,E12000002,E06000049,Cheshire East,CHEEA_738c2c76a885;CHEEA_19770dd51a3b,999745375dab
England,E12000002,E06000049,Cheshire East,CHEEA_469bb4534a79;CHEEA_904de42f15ce,dae80e6f810c
England,E12000002,E06000049,Cheshire East,CHEEA_9025c6e74ff4;CHEEA_833001228c8d,1bd91abcea4d
England,E12000002,E06000049,Cheshire East,CHEEA_aabe33f96b3d;CHEEA_38476d6905bb,407364474848
England,E12000002,E06000049,Cheshire East,CHEEA_b340bfc936ec;CHEEA_6f2145a024e4,3dcd58b0f8c6
England,E12000002,E06000049,Cheshire East,CHEEA_bd04a0a40ed7;CHEEA_d5d7bb9ad6ac,443aec931259
England,E12000002,E06000049,Cheshire East,CHEEA_70a1c9d11ab5;CHEEA_992d5c2ea9b5,ba361a22fada
England,E12000002,E06000049,Cheshire East,CHEEA_212a3a41b60e;CHEEA_4568d81ff72b,3e8c2342b2ca
England,E12000002,E06000049,Cheshire East,CHEEA_f962b7bc9ab1;CHEEA_03e3463c5524,fbf1e9d13de1
England,E12000002,E06000049,Cheshire East,CHEEA_b750ccc535bf,adb5d0687f11
England,E12000002,E06000049,Cheshire East,CHEEA_dcbb8c50d8a6,d3163653dbeb
England,E12000002,E06000049,Cheshire East,CHEEA_dae9ca846e8b;CHEEA_dec359348066,fa78e0b376f6
England,E12000002,E06000049,Cheshire East,CHEEA_c081f6ab3160,65965124fb16
England,E12000002,E06000049,Cheshire East,CHEEA_670ba1d50ba9;CHEEA_81838ef89dba,4435770b1ee8
England,E12000002,E06000049,Cheshire East,CHEEA_70016c440966;CHEEA_d6bd6ee02eb1,ca0570d4c56c
England,E12000002,E06000049,Cheshire East,CHEEA_61ca2a6fbf47;CHEEA_aaf86cea10fc,7ffd8c297be1
England,E12000002,E06000049,Cheshire East,CHEEA_2791f51c06ec;CHEEA_6a65e1368f3e,3fc1e6cbf687
England,E12000002,E06000049,Cheshire East,CHEEA_93ff61370de7;CHEEA_bfad1b9644ef;CHEEA_fd518cc1bb65,7d4b4f539494
England,E12000002,E06000049,Cheshire East,CHEEA_9a331873973e;CHEEA_ab19bcbb9ad7,94f7441a559f
England,E12000002,E06000049,Cheshire East,CHEEA_05fbad43796e;CHEEA_e6d96fd50037,8bf62112c7e9
England,E12000002,E06000049,Cheshire East,CHEEA_d547e8e15a73;CHEEA_0caed4ec511f,38448128900d
England,E12000002,E06000049,Cheshire East,CHEEA_7d80935b8a51,c12238e10ce9
England,E12000002,E06000049,Cheshire East,CHEEA_942b93546a92,d7aaa723ac7f
England,E12000002,E06000049,Cheshire East,CHEEA_a8b8dee9d114;CHEEA_cd806af868c1,c981b85711e3
England,E12000002,E06000049,Cheshire East,CHEEA_6fea5c870efa,08188e356363
England,E12000002,E06000049,Cheshire East,CHEEA_b531b72a4420;CHEEA_41b1e5732eb7,1e18d8d23aa9
England,E12000002,E06000049,Cheshire East,CHEEA_fce9e54b9cc0;CHEEA_156a90ec5e8c,03ac87c77aab
England,E12000002,E06000049,Cheshire East,CHEEA_9dae2d97a27f;CHEEA_2b9d49040177,bcbff1fea904
England,E12000002,E06000049,Cheshire East,CHEEA_73dc376e7e1b;CHEEA_383491d51e2a,c3851fb3fd03
England,E12000002,E06000049,Cheshire East,CHEEA_a63c08fd31ab,47b4837be051
England,E12000002,E06000049,Cheshire East,CHEEA_eee8b8365ac7,53d165fa8c24
England,E12000002,E06000049,Cheshire East,CHEEA_32fcdac5c3c5;CHEEA_72d91aa5bcbf,a55d3f244e54
England,E12000002,E06000049,Cheshire East,CHEEA_c8554f945853;CHEEA_3a04bc717efe,fceddfbbdef1
England,E12000002,E06000049,Cheshire East,CHEEA_7c46c19af423,94c1702244fd
England,E12000002,E06000049,Cheshire East,CHEEA_0aecc99748b9;CHEEA_f9b802e4f525,5d5a6f98a112
England,E12000002,E06000049,Cheshire East,CHEEA_c2cc972a8ec0,7be54580170c
England,E12000002,E06000049,Cheshire East,CHEEA_272aa5d2d5c9,8c6cbaf304cf
England,E12000002,E06000049,Cheshire East,CHEEA_03e233c92fe8;CHEEA_361f08e51f85,4bdb9f55e540
England,E12000002,E06000049,Cheshire East,CHEEA_b27a7c75f73c,74bf810dc7f3
England,E12000002,E06000049,Cheshire East,CHEEA_3c53b0601b26,1427da1e4ec2
England,E12000002,E06000049,Cheshire East,CHEEA_3af58d9a7601,418a5e2adc7c
England,E12000002,E06000049,Cheshire East,CHEEA_9bc2b3bf5972,f00af90ab053
England,E12000002,E06000049,Cheshire East,CHEEA_af4bee0b8d32;CHEEA_f8e62795a1a0,455751c55284
England,E12000002,E06000049,Cheshire East,CHEEA_db3608d3ce1c,c12e22bed718
England,E12000002,E06000049,Cheshire East,CHEEA_9eeafcef3667;CHEEA_d1d00e7410b4,a644a11fcc78
England,E12000002,E06000049,Cheshire East,CHEEA_46c551f0f72a,701cc16cc719
England,E12000002,E06000049,Cheshire East,CHEEA_c9e84e3561ab,3fc472fbd415
England,E12000002,E06000049,Cheshire East,CHEEA_cb7d472cb672;CHEEA_b621154dd1eb,d9e6db3d9f37
England,E12000002,E06000049,Cheshire East,CHEEA_b7f335beade5,c5228307c827
England,E12000002,E06000049,Cheshire East,CHEEA_83e635764434,f2fcdeb4b09a
England,E12000002,E06000049,Cheshire East,CHEEA_4d9fc389451f;CHEEA_5fdc414a1db3,f6cb6ad85974
England,E12000002,E06000049,Cheshire East,CHEEA_d83450af7576,2f7d5e1bc7b5
England,E12000002,E06000049,Cheshire East,CHEEA_e01c18caae63,9311102d463b
England,E12000002,E06000049,Cheshire East,CHEEA_0c5b465d856d;CHEEA_9d452d2cda77,b80078b82b55
England,E12000002,E06000049,Cheshire East,CHEEA_cc640997fa8b;CHEEA_2c2b4bfb9629,7de3c137af97
England,E12000002,E06000049,Cheshire East,CHEEA_2b1ed30e6288,72ceb74faf19
England,E12000002,E06000049,Cheshire East,CHEEA_a0a49b36da92,878880e01a37
England,E12000002,E06000049,Cheshire East,CHEEA_9975325037f8,2689e8f688d3
England,E12000002,E06000049,Cheshire East,CHEEA_b204325052e2,ed789fdb68c3
England,E12000002,E06000049,Cheshire East,CHEEA_0c5230c776bd,ab1605b2dbe2
England,E12000002,E06000049,Cheshire East,CHEEA_04c3fe5a6b1e,972769a481c8
England,E12000002,E06000049,Cheshire East,CHEEA_09816125caaf,c0399f493777
England,E12000002,E06000049,Cheshire East,CHEEA_6da24802738e;CHEEA_eec4e1413e9c,27258f534bd2
England,E12000002,E06000049,Cheshire East,CHEEA_d3cfe2fbf549;CHEEA_ad926aaae396,a660b2ba6369
England,E12000002,E06000049,Cheshire East,CHEEA_66fa3290459c,7161be3124df
England,E12000002,E06000049,Cheshire East,CHEEA_b6cefb115093;CHEEA_afb73877e4c6,31a74a1dafe0
England,E12000002,E06000049,Cheshire East,CHEEA_d55e69f5d4b0;CHEEA_21de655a519d,2a23bcf4fdc2
England,E12000002,E06000049,Cheshire East,CHEEA_308f6b75dec4,ca088f306000
England,E12000002,E06000049,Cheshire East,CHEEA_c5b97c84f4a7,c5ac7d8b3eb6
England,E12000002,E06000049,Cheshire East,CHEEA_7d5ab38b6a33,85790f00288f
England,E12000002,E06000049,Cheshire East,CHEEA_54f9e7817b26,017e2060eea6
England,E12000002,E06000049,Cheshire East,CHEEA_7746d09dcecc;CHEEA_1b66808188f7,3a5af96a1bfd
England,E12000002,E06000049,Cheshire East,CHEEA_c084f419474f,fc8aa91396d4
England,E12000002,E06000049,Cheshire East,CHEEA_6684c9308e2f,47688cae000d
England,E12000002,E06000049,Cheshire East,CHEEA_eaef5e4cc65a,c1aeb0e8513f
England,E12000002,E06000049,Cheshire East,CHEEA_f6fc42c76d9a,53162328c011
England,E12000002,E06000049,Cheshire East,CHEEA_bb5118401a62,e1cee5116b74
England,E12000002,E06000049,Cheshire East,CHEEA_682e437960ca,2593dd7d0105
England,E12000002,E06000049,Cheshire East,CHEEA_b8883b2af4a6,2e08ffdbf6e3
England,E12000002,E06000049,Cheshire East,CHEEA_d51dd416a4bb,3825c51babe7
England,E12000002,E06000049,Cheshire East,CHEEA_2c0b14618de3,236c73c468b4
England,E12000002,E06000049,Cheshire East,CHEEA_749bf839fdda,9894ecd6cc40
England,E12000002,E06000049,Cheshire East,CHEEA_5c5a77fbfc07,ef6d00a71650
England,E12000002,E06000049,Cheshire East,CHEEA_f37ee5b056c7,f8a853aa4737
England,E12000002,E06000049,Cheshire East,CHEEA_4c35cb07c829,64f7235a68f0
England,E12000002,E06000049,Cheshire East,CHEEA_c3dd9b27548e,93c48bdf25f2
England,E12000002,E06000049,Cheshire East,CHEEA_6806c9216fff,f317c3fc2a23
England,E12000002,E06000049,Cheshire East,CHEEA_8f1f52f71cdb,dbe55c58084b
England,E12000002,E06000049,Cheshire East,CHEEA_88a85cb0d1d6,2368de88b46f
England,E12000002,E06000049,Cheshire East,CHEEA_ad4bdd59c931,2e182cf563b5
England,E12000002,E06000049,Cheshire East,CHEEA_83d46f15ac51,f05eac2e26c0
England,E12000002,E06000049,Cheshire East,CHEEA_6457fbd6d214,6b77fd88634d
England,E12000002,E06000049,Cheshire East,CHEEA_edce76ffa998,6811f22666be
England,E12000002,E06000049,Cheshire East,CHEEA_6686c2a4722a,8e7e6e2905e6
England,E12000002,E06000049,Cheshire East,CHEEA_68a74962487d,66e908e738da
England,E12000002,E06000049,Cheshire East,CHEEA_e2260fd4a3a8,9bd94fa7c099
England,E12000002,E06000049,Cheshire East,CHEEA_e7064bf8163c,f86cf94201b0
England,E12000002,E06000049,Cheshire East,CHEEA_94e08a5f7619,2f8bb70b9d84
England,E12000002,E06000049,Cheshire East,CHEEA_d9e34c757841,49c4c0958236
England,E12000002,E06000049,Cheshire East,CHEEA_d6b59a33af7a,2284945e33fc
England,E12000002,E06000049,Cheshire East,CHEEA_d0606ea99e50,1ed0bdb7393d
England,E12000002,E06000049,Cheshire East,CHEEA_74ea069f979a;CHEEA_c1be66d4803b;CHEEA_564777d8984f;CHEEA_419a6badea7c;CHEEA_71e978bc4f5b;CHEEA_bf14ef9bce50;CHEEA_40200faccd5a;CHEEA_dda0626d8fd7;CHEEA_f124fdd4d54d;CHEEA_07b9164b89be;CHEEA_5a5704ec39a4,a04d5cf505c1
England,E12000002,E06000049,Cheshire East,CHEEA_1568c7528745,da727acd50d3
England,E12000002,E06000049,Cheshire East,CHEEA_a202cad89d17,d0ebd4ec6a9d
England,E12000002,E06000049,Cheshire East,CHEEA_dc41b3ee04e7,d161463321da
England,E12000002,E06000049,Cheshire East,CHEEA_b3d7fae69fa2,fb45156bcf9a
England,E12000002,E06000049,Cheshire East,CHEEA_a44548f4a932,ad828f5f6bbb
England,E12000002,E06000049,Cheshire East,CHEEA_95117a888889,36b316fc1c66
England,E12000002,E06000049,Cheshire East,CHEEA_8bd95951dc0a,74f726cf25a6
England,E12000002,E06000049,Cheshire East,CHEEA_aa4db17b8671,7ddca634170f
England,E12000002,E06000049,Cheshire East,CHEEA_a41d7c8f76c8,305c84b03d51
England,E12000002,E06000049,Cheshire East,CHEEA_24e51e08fb33,b024b1239a5e
England,E12000002,E06000049,Cheshire East,CHEEA_b3670f43ca3d,2725820c4a1e
England,E12000002,E06000049,Cheshire East,CHEEA_8aa4ac8be3a4,f5c5f8b19882
England,E12000002,E06000049,Cheshire East,CHEEA_c80abaa19cbe,2194c6f6047e
England,E12000002,E06000049,Cheshire East,CHEEA_9769eef5acd4,beab89e0640e
England,E12000002,E06000049,Cheshire East,CHEEA_5cc69db99553,ae1490f119bb
England,E12000002,E06000049,Cheshire East,CHEEA_5fa7b663d230,d2890eeb0f8f
England,E12000002,E06000049,Cheshire East,CHEEA_eb0e836cf5fb,c14befbd76d7
England,E12000002,E06000049,Cheshire East,CHEEA_93f0e71376c6,1fe70624aba8
England,E12000002,E06000049,Cheshire East,CHEEA_9a4562acd8e6,cd4bbf9baa46
England,E12000002,E06000049,Cheshire East,CHEEA_16a343983441,b227e410a8cc
England,E12000002,E06000049,Cheshire East,CHEEA_0d2b0e87158e,53fe9f9967a9
England,E12000002,E06000049,Cheshire East,CHEEA_9e2c2ce375f0,e16d7904948f
England,E12000002,E06000049,Cheshire East,CHEEA_c7b27919ba51,33a457565a58
England,E12000002,E06000049,Cheshire East,CHEEA_28133288f3c8,d4a8867524ec
England,E12000002,E06000049,Cheshire East,CHEEA_c39d49391630,9a0b3060be55
England,E12000002,E06000049,Cheshire East,CHEEA_e208c0038215,f97e07e6a53b
England,E12000002,E06000049,Cheshire East,CHEEA_743c06423201,a4f835844789
England,E12000002,E06000049,Cheshire East,CHEEA_760302840aa8,21ba91ecce62
England,E12000002,E06000049,Cheshire East,CHEEA_3823bde6dc52,9cb03debf37e
England,E12000002,E06000049,Cheshire East,CHEEA_2906fabebfa3,9d3b5689902a
England,E12000002,E06000049,Cheshire East,CHEEA_fbba0511052d,1809e103f936
England,E12000002,E06000049,Cheshire East,CHEEA_fc77d7a358bc,128f1358fd3b
England,E12000002,E06000049,Cheshire East,CHEEA_23119466950f,fb4fa6a0416b
England,E12000002,E06000049,Cheshire East,CHEEA_44e50f57e11f,9069b7aad80a
England,E12000002,E06000049,Cheshire East,CHEEA_074828d9487f,1c72c81e120c
England,E12000002,E06000049,Cheshire East,CHEEA_27c0f22abb1f,b90eba3199d7
England,E12000002,E06000049,Cheshire East,CHEEA_1776d2c4ba24,4c829e1eb925
England,E12000002,E06000049,Cheshire East,CHEEA_9b315755b205,61ecd81a030c
England,E12000002,E06000049,Cheshire East,CHEEA_ca76c777b6bc,f99d6bc357af
England,E12000002,E06000049,Cheshire East,CHEEA_a21e493a5ae0,7ecf90560a4a
England,E12000002,E06000049,Cheshire East,CHEEA_d2a2fbcd232f,3bc91450db06
England,E12000002,E06000049,Cheshire East,CHEEA_a09f0f523549,037b152e3b77
England,E12000002,E06000049,Cheshire East,CHEEA_2723e0a35d13,dfbf40cb8748
England,E12000002,E06000049,Cheshire East,CHEEA_92d9c07cf1d3,2be098d632fd
England,E12000002,E06000049,Cheshire East,CHEEA_59e6c4170c5f,9083b37b8caf
England,E12000002,E06000049,Cheshire East,CHEEA_fca47b236049,20137fdf6fdc
England,E12000002,E06000049,Cheshire East,CHEEA_cf79dc00d81b,c9a3991ac872
England,E12000002,E06000049,Cheshire East,CHEEA_7cafc7e255fb,779fc9629b3b
England,E12000002,E06000049,Cheshire East,CHEEA_f60ee665d3eb,a042334dd89e
England,E12000002,E06000049,Cheshire East,CHEEA_847c43d5c43a,1ae2074093e2
England,E12000002,E06000049,Cheshire East,CHEEA_456fb21fa843,a0b8d651dce4
England,E12000002,E06000049,Cheshire East,CHEEA_20149e3cf2ff,ad97b6457508
England,E12000002,E06000049,Cheshire East,CHEEA_f44cce857b30,328b795baecb
England,E12000002,E06000049,Cheshire East,CHEEA_631d48e88aec,c2566de7ece3
England,E12000002,E06000049,Cheshire East,CHEEA_cec1514b9b6f,511f8e7d3190
England,E12000002,E06000049,Cheshire East,CHEEA_45de11c2c401,29bd1b76db4a
England,E12000002,E06000049,Cheshire East,CHEEA_3197146f2afb,eadbd35a2789
England,E12000002,E06000049,Cheshire East,CHEEA_b598aa63c7e6,cae4cea49d92
England,E12000002,E06000049,Cheshire East,CHEEA_d0a0ad0e90f9,4c7d49475fb4
England,E12000002,E06000049,Cheshire East,CHEEA_8ee0720f7f47,d9540928f643
England,E12000002,E06000049,Cheshire East,CHEEA_89a2d884b053,d0ff16775e50
England,E12000002,E06000049,Cheshire East,CHEEA_57426ea075dc,9d5cda3e4258
England,E12000002,E06000049,Cheshire East,CHEEA_21b16ec364bd,0a75ec6fea43
England,E12000002,E06000049,Cheshire East,CHEEA_ad2d143ba3b4,7712c52b3bd1
England,E12000002,E06000049,Cheshire East,CHEEA_ae3ff5e30357,ed12644ce65f
England,E12000002,E06000049,Cheshire East,CHEEA_d74447eb3795,7d057d5655ad
England,E12000002,E06000049,Cheshire East,CHEEA_78b53f5d0b1a,126988fc8d52
England,E12000002,E06000049,Cheshire East,CHEEA_a56d06b088a4,79ea1d6cc006
England,E12000002,E06000049,Cheshire East,CHEEA_522b28f13e95,d4fe4c85d3f4
England,E12000002,E06000049,Cheshire East,CHEEA_719c4c26d247,add157944e00
England,E12000002,E06000049,Cheshire East,CHEEA_1836fc2edd82,e19f4bc3f6f5
England,E12000002,E06000049,Cheshire East,CHEEA_967d469be47f,04765dd5b649
England,E12000002,E06000049,Cheshire East,CHEEA_e46e50d3fc87,4c210429612d
England,E12000002,E06000049,Cheshire East,CHEEA_148833c81976,32caba7c256e
England,E12000002,E06000049,Cheshire East,CHEEA_001c902f1979,00dc34883bee
England,E12000002,E06000049,Cheshire East,CHEEA_e59449f8fea9,7de504543d0c
England,E12000002,E06000049,Cheshire East,CHEEA_6096f25a44fe,2cd890e62863
England,E12000002,E06000049,Cheshire East,CHEEA_c71d88c724a6,893a8900463e
England,E12000002,E06000049,Cheshire East,CHEEA_f1ec83114efb,e4208dedc17d
England,E12000002,E06000049,Cheshire East,CHEEA_1d9bda73c6ca,d48b4c6fccbe
England,E12000002,E06000049,Cheshire East,CHEEA_b3b2d42fa24e,2686c2c7304d
England,E12000002,E06000049,Cheshire East,CHEEA_e074b19b858b,e61154b131a8
England,E12000002,E06000049,Cheshire East,CHEEA_d1a51e6cde20,48bdfb4d2cad
England,E12000002,E06000049,Cheshire East,CHEEA_81281116f5f8,a6e296eeafaf
England,E12000002,E06000049,Cheshire East,CHEEA_a00639b4fa78,cadafbd79678
England,E12000002,E06000049,Cheshire East,CHEEA_25e1faa963ab,4e058be7e684
England,E12000002,E06000049,Cheshire East,CHEEA_7678cd3a4e15,b134e145347c
England,E12000002,E06000049,Cheshire East,CHEEA_c7da89be01a7,82b55d412664
England,E12000002,E06000049,Cheshire East,CHEEA_69159657894c,4a43735b2dda
England,E12000002,E06000049,Cheshire East,CHEEA_0fa624fe8e73,495acab68f82
England,E12000002,E06000049,Cheshire East,CHEEA_8180ca951988,5e85d114b900
England,E12000002,E06000049,Cheshire East,CHEEA_791532ce9733,b97c7697dfbd
England,E12000002,E06000049,Cheshire East,CHEEA_4649bb0c79e2;CHEEA_79769488e9d3;CHEEA_81d263afafa0;CHEEA_90f249b11ca5,6578c7abc885
England,E12000002,E06000049,Cheshire East,CHEEA_53bc223616e6,1dfa5d85f794
England,E12000002,E06000049,Cheshire East,CHEEA_86636ccc1f50,a396f395c016
England,E12000002,E06000049,Cheshire East,CHEEA_8060ebdd3d5c,e0c5fa133cbf
England,E12000002,E06000049,Cheshire East,CHEEA_72cbf5e26421,349aa29ecd5b
England,E12000002,E06000049,Cheshire East,CHEEA_299cd0f4a7a9;CHEEA_381790a946a7;CHEEA_219f552f99f4;CHEEA_74613cd441fb;CHEEA_3a94def23c3d,52dafa805881
England,E12000002,E06000049,Cheshire East,CHEEA_127aff9e7032,958667ce0747
England,E12000002,E06000049,Cheshire East,CHEEA_28b1c81b374e,0036ff037011
England,E12000002,E06000049,Cheshire East,CHEEA_239f558384af,a8de44015b72
England,E12000002,E06000049,Cheshire East,CHEEA_bc8605d76151,5770db71c5b4
England,E12000002,E06000049,Cheshire East,CHEEA_6de43209da10,1ab54942b8c0
England,E12000002,E06000049,Cheshire East,CHEEA_287153b8b549,d3f876699e5f
England,E12000002,E06000049,Cheshire East,CHEEA_65b070d70261,95244847646e
England,E12000002,E06000049,Cheshire East,CHEEA_3dfc61c3c3d1,8556dcee45b1
England,E12000002,E06000049,Cheshire East,CHEEA_b94e43081e98,8767c13fc579
England,E12000002,E06000049,Cheshire East,CHEEA_6f99f1f6a7d5,5b7dea785cf9
England,E12000002,E06000049,Cheshire East,CHEEA_4a2dcbc61026,0fff459d8662
England,E12000002,E06000049,Cheshire East,CHEEA_f7fbd0bf8216,928e7f013448
England,E12000002,E06000049,Cheshire East,CHEEA_74019b194919;CHEEA_47421fe1c3d6;CHEEA_7f035ef76d65,297d62c19360
England,E12000002,E06000049,Cheshire East,CHEEA_a799ed1ec3c6,d361c7c4cb63
England,E12000002,E06000049,Cheshire East,CHEEA_a43b341da647;CHEEA_70f9d47df803,4a11e6ffd01a
England,E12000002,E06000049,Cheshire East,CHEEA_61c4b35cf93f,19299b140b4e
England,E12000002,E06000049,Cheshire East,CHEEA_cf6d1da89f57,fc1f3340e0e0
England,E12000002,E06000049,Cheshire East,CHEEA_1f1e81153e29,604b037be719
England,E12000002,E06000049,Cheshire East,CHEEA_90367f54ae3c,57794988b96e
England,E12000002,E06000049,Cheshire East,CHEEA_f516ca65c128,84d9e1b4a2fc
England,E12000002,E06000049,Cheshire East,CHEEA_52d29a265549,1b93936f1e6d
England,E12000002,E06000049,Cheshire East,CHEEA_cab29f4bfc48,445c6ecbb0d1
England,E12000002,E06000049,Cheshire East,CHEEA_b58ffffd38cf,74275124ae96
England,E12000002,E06000049,Cheshire East,CHEEA_089b6bc7e956,9b55dfd84706
England,E12000002,E06000049,Cheshire East,CHEEA_60c5783aa483,b5d430b0e7df
England,E12000002,E06000049,Cheshire East,CHEEA_b0c199f1691b,7daaeb26597c
England,E12000002,E06000049,Cheshire East,CHEEA_60c84d10ce03,49390e7d214e
England,E12000002,E06000049,Cheshire East,CHEEA_5bdf5445656a;CHEEA_b96e9b93e42d;CHEEA_de480e3db812;CHEEA_69a389629d95;CHEEA_b2069eabc62c;CHEEA_e9ebce36fc8d;CHEEA_82e3db48f441;CHEEA_ba5090cef6b2;CHEEA_cb32300e296f;CHEEA_de97b636e558;CHEEA_9d1ed37b03dc,ec5d1aa396b3
England,E12000002,E06000049,Cheshire East,CHEEA_c360ca2e16b0,749802c900ab
England,E12000002,E06000049,Cheshire East,CHEEA_1c3214f51caa,2418f002cb9c
England,E12000002,E06000049,Cheshire East,CHEEA_6da1d56654e2,eb89f2495458
England,E12000002,E06000049,Cheshire East,CHEEA_c0c466562b57,ba40f7034950
England,E12000002,E06000049,Cheshire East,CHEEA_0b886d7f0900,951d1a3ce936
England,E12000002,E06000049,Cheshire East,CHEEA_389bc425a97b,355dddcb5342
England,E12000002,E06000049,Cheshire East,CHEEA_9d8d8e6f42b1,98056640afea
England,E12000002,E06000049,Cheshire East,CHEEA_1378e5705798,53938130b7ac
England,E12000002,E06000049,Cheshire East,CHEEA_6218c2e21702,deef974a6d8d
England,E12000002,E06000049,Cheshire East,CHEEA_b611bc1315a1,f4f101bd0106
England,E12000002,E06000049,Cheshire East,CHEEA_e5d9c8ae83e1,ad1d6faebdb8
England,E12000002,E06000049,Cheshire East,CHEEA_0a95782fb882,9b59f14e6caa
England,E12000002,E06000049,Cheshire East,CHEEA_4916d293a71f,6198fa1ed7bd
England,E12000002,E06000049,Cheshire East,CHEEA_da081f6334da,3166ae0b8e11
England,E12000002,E06000049,Cheshire East,CHEEA_2973bd96ae78,d1ab7c6f3cb9
England,E12000002,E06000049,Cheshire East,CHEEA_83533eee1831,90eb8a1d32f6
England,E12000002,E06000049,Cheshire East,CHEEA_5f2692a6e27e,a7073e2b0886
England,E12000002,E06000049,Cheshire East,CHEEA_2ac5aaa413da,47c8fc03e048
England,E12000002,E06000049,Cheshire East,CHEEA_712822a1246e,4caeb039d57a
England,E12000002,E06000049,Cheshire East,CHEEA_efcdb4d76866,261c6c1877bb
England,E12000002,E06000049,Cheshire East,CHEEA_15505ab3cb49,28a15ea490ec
England,E12000002,E06000049,Cheshire East,CHEEA_21be074bea21,1fca61a811e2
England,E12000002,E06000049,Cheshire East,CHEEA_d0e28b9fefd0,dce2874e1212
England,E12000002,E06000049,Cheshire East,CHEEA_a06e63b9f395,d28ac01a88a9
England,E12000002,E06000049,Cheshire East,CHEEA_7f56a15e7f1b,9386a7ac37bd
England,E12000002,E06000049,Cheshire East,CHEEA_89b48b767e1f,f86d7ba38163
England,E12000002,E06000049,Cheshire East,CHEEA_6a2456989e47,786b55539424
England,E12000002,E06000049,Cheshire East,CHEEA_00e6371c7508,e84687b26d08
England,E12000002,E06000049,Cheshire East,CHEEA_15738c1922c2;CHEEA_d1a7cc1c1166;CHEEA_382f14f65c1a;CHEEA_f23dc766df01,53be49dfb76a
England,E12000002,E06000049,Cheshire East,CHEEA_96c077d3d3c0,a52334799274
England,E12000002,E06000049,Cheshire East,CHEEA_5165fcfa2fa6,3f36155b3abe
England,E12000002,E06000049,Cheshire East,CHEEA_657f022687f1,ce63f2756447
England,E12000002,E06000049,Cheshire East,CHEEA_2d175c14c128,3d5383395354
England,E12000002,E06000049,Cheshire East,CHEEA_88462e7bbd37,b0223c18102b
England,E12000002,E06000049,Cheshire East,CHEEA_9f97b1573787,178ab8cccdff
England,E12000002,E06000049,Cheshire East,CHEEA_ceb4471c2a39,d069af5b2d29
England,E12000002,E06000049,Cheshire East,CHEEA_7bdf84c58f19,1d77b4e3e9e0
England,E12000002,E06000049,Cheshire East,CHEEA_f943e6979b3d,5ffaa0a6ac35
England,E12000002,E06000049,Cheshire East,CHEEA_b2ea158ae0e3,eefd48c8c286
England,E12000002,E06000049,Cheshire East,CHEEA_01be6195c463,06f894b93d1e
England,E12000002,E06000049,Cheshire East,CHEEA_c406d68d3e56,1b354cece1f8
England,E12000002,E06000049,Cheshire East,CHEEA_e9c0212a646c,5943c25b6d95
England,E12000002,E06000049,Cheshire East,CHEEA_fe1e5bcb9ea4,ce56e59131eb
England,E12000002,E06000049,Cheshire East,CHEEA_b532f1309c5f,675bfc729f1e
England,E12000002,E06000049,Cheshire East,CHEEA_5c9ad067c367,2747f37043c0
England,E12000002,E06000049,Cheshire East,CHEEA_2dde8e63a56c,b3c107bcb2b7
England,E12000002,E06000049,Cheshire East,CHEEA_36f7760db8c6,e520346844bb
England,E12000002,E06000049,Cheshire East,CHEEA_2e5febe7202d,4c36f6bbaa4e
England,E12000002,E06000049,Cheshire East,CHEEA_ae23f32504ba,4e32d0334931
England,E12000002,E06000049,Cheshire East,CHEEA_565709947e73,10c61fa85030
England,E12000002,E06000049,Cheshire East,CHEEA_8f83d035d2b7,c447689b1f34
England,E12000002,E06000049,Cheshire East,CHEEA_f0fcabce5a21,53c2eed44c38
England,E12000002,E06000049,Cheshire East,CHEEA_6a963044d4d2,4e285f2357f9
England,E12000002,E06000049,Cheshire East,CHEEA_e3a82c8f8f61,7952c3e69455
England,E12000002,E06000049,Cheshire East,CHEEA_ac408b68d14f,ea4532d84ef5
England,E12000002,E06000049,Cheshire East,CHEEA_b39ae77d2b3d,636d14dbef09
England,E12000002,E06000049,Cheshire East,CHEEA_64f938dc5b5e,f988a4fa803c
England,E12000002,E06000049,Cheshire East,CHEEA_b4da190da09e,305e71969392
England,E12000002,E06000049,Cheshire East,CHEEA_f581bae3dc77,262ae89140a0
England,E12000002,E06000049,Cheshire East,CHEEA_e97159e27684,14e1f7f67c85
England,E12000002,E06000049,Cheshire East,CHEEA_3c73d9dede11,4dc4ee6525e3
England,E12000002,E06000049,Cheshire East,CHEEA_ff88bde926d2,f2ecd712c6ca
England,E12000002,E06000049,Cheshire East,CHEEA_70b8ea8c539e,2c9c0d143f70
England,E12000002,E06000049,Cheshire East,CHEEA_b24faf327116,ff567a070d4b
England,E12000002,E06000049,Cheshire East,CHEEA_583041ac0879,e03cf94d705a
England,E12000002,E06000049,Cheshire East,CHEEA_69af1e6d05bc,7086ae0767a5
England,E12000002,E06000049,Cheshire East,CHEEA_4fd75b3a9774,0608a8061dbf
England,E12000002,E06000049,Cheshire East,CHEEA_325f7e476a80,9921ec025035
England,E12000002,E06000049,Cheshire East,CHEEA_9f9ff753bcb4,e7c171bf3b26
England,E12000002,E06000049,Cheshire East,CHEEA_a264e7f0d976,3ff728d5583a
England,E12000002,E06000049,Cheshire East,CHEEA_d4d5afeea635,4abcd59763cd
England,E12000002,E06000049,Cheshire East,CHEEA_84c826ac0835,9286a9fa6330
England,E12000002,E06000049,Cheshire East,CHEEA_43f1c59192f7,251a994b8c6d
England,E12000002,E06000049,Cheshire East,CHEEA_bc31e113ef5c,3c207ade684a
England,E12000002,E06000049,Cheshire East,CHEEA_ad021729985e,808ffc667887
England,E12000002,E06000049,Cheshire East,CHEEA_ab5a83971ef3,e0b7249cc63c
England,E12000002,E06000049,Cheshire East,CHEEA_4c1176214a89,067c75eaf6dc
England,E12000002,E06000049,Cheshire East,CHEEA_5dd3622a757b,17220fb424a5
England,E12000002,E06000049,Cheshire East,CHEEA_185eb744de09,ef82f23c08c2
England,E12000002,E06000049,Cheshire East,CHEEA_8d6773c4cd9f,3d0878e14e1a
England,E12000002,E06000049,Cheshire East,CHEEA_32fd3f00728d,e1e467e04aa7
England,E12000002,E06000049,Cheshire East,CHEEA_6bcc465a8761,8ccb20055811
England,E12000002,E06000049,Cheshire East,CHEEA_a2ce767b222b,b7999eb61086
England,E12000002,E06000049,Cheshire East,CHEEA_26dbe22ca4e4,22ade1a55aab
England,E12000002,E06000049,Cheshire East,CHEEA_cfaf570ca392,db1564e17b15
England,E12000002,E06000049,Cheshire East,CHEEA_765f2b85a6ea,c745d3d5b3a4
England,E12000002,E06000049,Cheshire East,CHEEA_271e0430821e,53eec674b264
England,E12000002,E06000049,Cheshire East,CHEEA_6cdae598537a,30d58a8c3ea1
England,E12000002,E06000049,Cheshire East,CHEEA_a9b232c4cc53,ddb9a1509ee2
England,E12000002,E06000049,Cheshire East,CHEEA_2d53790c4466,48ba1bdf4973
England,E12000002,E06000049,Cheshire East,CHEEA_9425c341667b,a2d3b83e093b
England,E12000002,E06000049,Cheshire East,CHEEA_fa7296f3071f,df3ff1a73b91
England,E12000002,E06000049,Cheshire East,CHEEA_423076f70874,f71729753c1f
England,E12000002,E06000049,Cheshire East,CHEEA_97454f639ff9,ecf04fab8c68
England,E12000002,E06000049,Cheshire East,CHEEA_46e0d117ab65,70ca8227c313
England,E12000002,E06000049,Cheshire East,CHEEA_fb923868a009,51c3e631b10c
England,E12000002,E06000049,Cheshire East,CHEEA_df372dd5de3c,27f220c9c5c6
England,E12000002,E06000049,Cheshire East,CHEEA_199336b35a0b,fd7e092eea49
England,E12000002,E06000049,Cheshire East,CHEEA_10ce109deff9,81dcf3e8abf8
England,E12000002,E06000049,Cheshire East,CHEEA_258b88c3e837,635ef0e2a28d
England,E12000002,E06000049,Cheshire East,CHEEA_5375932ea0dd,930de3524c41
England,E12000002,E06000049,Cheshire East,CHEEA_4efccfc24e1c,12fa01c565de
England,E12000002,E06000049,Cheshire East,CHEEA_20ed7a91b882,f74c8842cb3b
England,E12000002,E06000049,Cheshire East,CHEEA_59d68ab7ffd9,7c39564fab04
England,E12000002,E06000049,Cheshire East,CHEEA_a7333ec2a7e8,d2a3b19f855a
England,E12000002,E06000049,Cheshire East,CHEEA_5c51228e5df8,f1c1c50503fe
England,E12000002,E06000049,Cheshire East,CHEEA_c90a20b1f473,487ba7eecbc7
England,E12000002,E06000049,Cheshire East,CHEEA_4a5c4c332c79,643b7493f8b7
England,E12000002,E06000049,Cheshire East,CHEEA_12e1bbe3c5d1,54a1a7e58a0d
England,E12000002,E06000049,Cheshire East,CHEEA_522b9069662c,da539b77cd0e
England,E12000002,E06000049,Cheshire East,CHEEA_34aa8503ee9c,b70127012c99
England,E12000002,E06000049,Cheshire East,CHEEA_c3127dc4ad0e,98f6ef7c7a84
England,E12000002,E06000049,Cheshire East,CHEEA_8095a3008f19,2644a81bfd69
England,E12000002,E06000049,Cheshire East,CHEEA_4697f488dfe5,68e7439e41e6
England,E12000002,E06000049,Cheshire East,CHEEA_3740125e7707,590615d32251
England,E12000002,E06000049,Cheshire East,CHEEA_dbc5104d2714,03db88e49836
England,E12000002,E06000049,Cheshire East,CHEEA_8c7b709682e6,5f14a2c5d19c
England,E12000002,E06000049,Cheshire East,CHEEA_12008233dd4a,1c1b2e990f23
England,E12000002,E06000049,Cheshire East,CHEEA_77e44f6a7e8c,b8ced9be7bec
England,E12000002,E06000049,Cheshire East,CHEEA_1c2b8a4307a6,889ab67d5ecd
England,E12000002,E06000049,Cheshire East,CHEEA_526ed4e28410,a4a0356ac011
England,E12000002,E06000049,Cheshire East,CHEEA_a800e80a457f,36dac9756157
England,E12000002,E06000049,Cheshire East,CHEEA_33cbe6380595,825ae36fccaa
England,E12000002,E06000049,Cheshire East,CHEEA_f8da08419825,30255ea494f6
England,E12000002,E06000049,Cheshire East,CHEEA_6fd707c7f336,d82961016c3b
England,E12000002,E06000049,Cheshire East,CHEEA_170e7d792deb,42fce761bd05
England,E12000002,E06000049,Cheshire East,CHEEA_46961022128d,1d5999e9a841
England,E12000002,E06000049,Cheshire East,CHEEA_c81bdea59759,9fcb8ad21db8
England,E12000002,E06000049,Cheshire East,CHEEA_41307366b9bd,7687f9be15ea
England,E12000002,E06000049,Cheshire East,CHEEA_2896db408200,7ecc56f2fc3e
England,E12000002,E06000049,Cheshire East,CHEEA_533d4ab3f8e9,08515af1f115
England,E12000002,E06000049,Cheshire East,CHEEA_e81c0a12f762,7ed96c1668e5
England,E12000002,E06000049,Cheshire East,CHEEA_84fd89829e4c,022d9f9785b0
England,E12000002,E06000049,Cheshire East,CHEEA_5b027a39c00f,b225f8828df9
England,E12000002,E06000049,Cheshire East,CHEEA_26a5d1df18e2,4c9035f7e690
England,E12000002,E06000049,Cheshire East,CHEEA_7e2976a2fb96,e5baa89cf415
England,E12000002,E06000049,Cheshire East,CHEEA_7e5b772689c1,fdf99bffacf6
England,E12000002,E06000049,Cheshire East,CHEEA_a407dfcfe03c,8d1f7f2a77df
England,E12000002,E06000049,Cheshire East,CHEEA_c247422effb2,c3ff9fe25112
England,E12000002,E06000049,Cheshire East,CHEEA_21ec238030bb,02e567734cff
England,E12000002,E06000049,Cheshire East,CHEEA_889e84e5b81f,1d0693a7d411
England,E12000002,E06000049,Cheshire East,CHEEA_66d2da9fcbc7,23896d6f4cc9
England,E12000002,E06000049,Cheshire East,CHEEA_952727944d70,7cad468d5b95
England,E12000002,E06000049,Cheshire East,CHEEA_385497e8d7b3,f0707904dab4
England,E12000002,E06000049,Cheshire East,CHEEA_aed0744ec982,f4882d0c7bbc
England,E12000002,E06000049,Cheshire East,CHEEA_f9be2e0593bb,36ac09d7d8f7
England,E12000002,E06000049,Cheshire East,CHEEA_15cb67e04825,906f63c3dafc
England,E12000002,E06000049,Cheshire East,CHEEA_c1160097e73a,ef9f84ace053
England,E12000002,E06000049,Cheshire East,CHEEA_c7e7ba6bf0c6,c7675eb05257
England,E12000002,E06000049,Cheshire East,CHEEA_ff16e96c04dd,c625be197c67
England,E12000002,E06000049,Cheshire East,CHEEA_74717f9b09c0,4691597f3634
England,E12000002,E06000049,Cheshire East,CHEEA_e2d49907446b,6d1ceb74df45
England,E12000002,E06000049,Cheshire East,CHEEA_0e75dce4ac5d,e6520f8258f1
England,E12000002,E06000049,Cheshire East,CHEEA_ae7cae07ad0b,1fdb263a98be
England,E12000002,E06000049,Cheshire East,CHEEA_2d98296ee177,d91a59bd4c74
England,E12000002,E06000049,Cheshire East,CHEEA_46483caf647d,758e8d837d8a
England,E12000002,E06000049,Cheshire East,CHEEA_9c7f61c5efa7,8f6662524ac2
England,E12000002,E06000049,Cheshire East,CHEEA_8b484689b290,dd83c0a3946d
England,E12000002,E06000049,Cheshire East,CHEEA_c883a5cdfa4e,5990411eaa55
England,E12000002,E06000049,Cheshire East,CHEEA_b40902ecb895,ec7e12429de3
England,E12000002,E06000049,Cheshire East,CHEEA_d46cab0c4e2f,2821dc4d02be
England,E12000002,E06000049,Cheshire East,CHEEA_77e95fb7b336,8cfe112b49c3
England,E12000002,E06000049,Cheshire East,CHEEA_5e0130054d68,7f8026ededf8
England,E12000002,E06000049,Cheshire East,CHEEA_0ba23a7eb8f0,9b222c2d54e0
England,E12000002,E06000049,Cheshire East,CHEEA_fee0a338a010,76bc9dc43ff8
England,E12000002,E06000049,Cheshire East,CHEEA_7aac75addd05,9040f9de78d6
England,E12000002,E06000049,Cheshire East,CHEEA_93d23aa581e8,412fcdfa635d
England,E12000002,E06000049,Cheshire East,CHEEA_560126dbcd0a,aa4473d8dc71
England,E12000002,E06000049,Cheshire East,CHEEA_bb4b83690fff,5f6127561ab7
England,E12000002,E06000049,Cheshire East,CHEEA_292ab51f00b6,5bac64459d83
England,E12000002,E06000049,Cheshire East,CHEEA_837a3dadf602,34cad5d07f64
England,E12000002,E06000049,Cheshire East,CHEEA_6afd4243cdd6,019b552aeb9e
England,E12000002,E06000049,Cheshire East,CHEEA_969c7b5159f5,6e67729850ab
England,E12000002,E06000049,Cheshire East,CHEEA_e2eb052f25be,77fd53f02729
England,E12000002,E06000049,Cheshire East,CHEEA_d43770df2110,fd642ed5fee4
England,E12000002,E06000049,Cheshire East,CHEEA_1929812dc265,e68b1ef1b998
England,E12000002,E06000049,Cheshire East,CHEEA_7c2850f8f22b,06bde4a3f98c
England,E12000002,E06000049,Cheshire East,CHEEA_632695839151,66e88c1de6d6
England,E12000002,E06000049,Cheshire East,CHEEA_4aa3a421459c,ee6cfb3dd8e2
England,E12000002,E06000049,Cheshire East,CHEEA_e627b740c5bd,ffb7d4e6cbe8
England,E12000002,E06000049,Cheshire East,CHEEA_4abbf499231c,9a80da9b63ed
England,E12000002,E06000049,Cheshire East,CHEEA_5849ff0ee143,55571d647677
England,E12000002,E06000049,Cheshire East,CHEEA_1af0718734e0,150da8087eaf
England,E12000002,E06000049,Cheshire East,CHEEA_f579e99b8594,99f0d452b824
England,E12000002,E06000049,Cheshire East,CHEEA_292949eca543,0e6eb020e079
England,E12000002,E06000049,Cheshire East,CHEEA_324037a88595,6e3c0d708595
England,E12000002,E06000049,Cheshire East,CHEEA_927bfeee9955,f3c08f411b5d
England,E12000002,E06000049,Cheshire East,CHEEA_d7786c5827b1,85b35bf1b279
England,E12000002,E06000049,Cheshire East,CHEEA_2e3b80bc665f,36a8b9de7544
England,E12000002,E06000049,Cheshire East,CHEEA_8ade95fbb8b7,0102c6b67543
England,E12000002,E06000049,Cheshire East,CHEEA_0e485efd3c17,a7b8c05155fc
England,E12000002,E06000049,Cheshire East,CHEEA_b3ba0a8b5dc4,6d4942f63e54
England,E12000002,E06000049,Cheshire East,CHEEA_e2def1eb5088,06b4a880242e
England,E12000002,E06000049,Cheshire East,CHEEA_151fe7cef42b,867f2cc84079
England,E12000002,E06000049,Cheshire East,CHEEA_46ea236d3a9b,5d221f4b09af
England,E12000002,E06000049,Cheshire East,CHEEA_3a7841679844,1bd1560f3561
England,E12000002,E06000049,Cheshire East,CHEEA_ce0f20189ba4,4983aea76e83
England,E12000002,E06000049,Cheshire East,CHEEA_4f75179c501b,613a5307d01e
England,E12000002,E06000049,Cheshire East,CHEEA_c368438a960b,86e8677c32ad
England,E12000002,E06000049,Cheshire East,CHEEA_6f23bf912d7a,4bf0a6eeb060
England,E12000002,E06000049,Cheshire East,CHEEA_ac7c424723f5,5c80aafb94f1
England,E12000002,E06000049,Cheshire East,CHEEA_0085c3f67814,65ed401ea56c
England,E12000002,E06000049,Cheshire East,CHEEA_8e14a432a0f2,9895d445d3ea
England,E12000002,E06000049,Cheshire East,CHEEA_98bf7e78a524,05bb93ff8778
England,E12000002,E06000049,Cheshire East,CHEEA_020270010221,4fb48959c5b0
England,E12000002,E06000049,Cheshire East,CHEEA_34286d476f3a,63abc04fbbaa
England,E12000002,E06000049,Cheshire East,CHEEA_1ef219232f0e,3a11e7f25729
England,E12000002,E06000049,Cheshire East,CHEEA_618271bc9262,f3a7f5673155
England,E12000002,E06000049,Cheshire East,CHEEA_ce064a709ca2,b92fd327a17b
England,E12000002,E06000049,Cheshire East,CHEEA_94ca33645374,46e09287e050
England,E12000002,E06000049,Cheshire East,CHEEA_e53bbdf0a659,1dc8e39f721d
England,E12000002,E06000049,Cheshire East,CHEEA_781265071e12,7480361d80b4
England,E12000002,E06000049,Cheshire East,CHEEA_6e1e84f82c7a,ce0261d7d60e
England,E12000002,E06000049,Cheshire East,CHEEA_8ec17826a4c1,1b2e4125aafc
England,E12000002,E06000049,Cheshire East,CHEEA_f0fbd6494559,8d2c611053df
England,E12000002,E06000049,Cheshire East,CHEEA_84eda1dea3aa,499f6b5c9482
England,E12000002,E06000049,Cheshire East,CHEEA_21d9dd3bdf03,df8ccb7242f6
England,E12000002,E06000049,Cheshire East,CHEEA_64848799466a,429044811d26
England,E12000002,E06000049,Cheshire East,CHEEA_9575a2852e69,5f3528f87e0e
England,E12000002,E06000049,Cheshire East,CHEEA_cb3a72234354,0169e9953ef6
England,E12000002,E06000049,Cheshire East,CHEEA_6bbd7d7ce2d3,b08556209535
England,E12000002,E06000049,Cheshire East,CHEEA_e72455c0a866,b71b43d5e94d
England,E12000002,E06000049,Cheshire East,CHEEA_4de7c4bd3b60,626c084d3bd6
England,E12000002,E06000049,Cheshire East,CHEEA_e37d5b1a60de,ac0733a4cf78
England,E12000002,E06000049,Cheshire East,CHEEA_37718707ca10,1191bc882fe5
England,E12000002,E06000049,Cheshire East,CHEEA_5b7db6e9c246,3ea396825850
England,E12000002,E06000049,Cheshire East,CHEEA_2ec3106586f7,fa0b71b776b9
England,E12000002,E06000049,Cheshire East,CHEEA_97710a718c3e,1c51597d619a
England,E12000002,E06000049,Cheshire East,CHEEA_31587d0efd41,45d2c12dfef5
England,E12000002,E06000049,Cheshire East,CHEEA_1914b4316ccb,20982b21abe3
England,E12000002,E06000049,Cheshire East,CHEEA_2f992c8604e1,b2b25538e8b1
England,E12000002,E06000049,Cheshire East,CHEEA_62880392bf38,55b894e54cd4
England,E12000002,E06000049,Cheshire East,CHEEA_65e9927b06af,969d108bfd47
England,E12000002,E06000049,Cheshire East,CHEEA_3e9fe7b8fabf,551fc63e8344
England,E12000002,E06000049,Cheshire East,CHEEA_3bbe33657db4,0205a92a788e
England,E12000002,E06000049,Cheshire East,CHEEA_2a6df2130775,f788e033c0e4
England,E12000002,E06000049,Cheshire East,CHEEA_24227365f3f2,64b322726f29
England,E12000002,E06000049,Cheshire East,CHEEA_0dac228bd6a2,f3c15540ef55
England,E12000002,E06000049,Cheshire East,CHEEA_84dca95dbf5c,930eb3ca46b3
England,E12000002,E06000049,Cheshire East,CHEEA_2ab5dff1bc1d,73c76cd3a95d
England,E12000002,E06000049,Cheshire East,CHEEA_325a7398646d,467ebc182262
England,E12000002,E06000049,Cheshire East,CHEEA_02666720fc20,454ad12ca125
England,E12000002,E06000049,Cheshire East,CHEEA_3737ae09aaa7,28b535bd48be
England,E12000002,E06000049,Cheshire East,CHEEA_18be3902861c,7672cec603bf
England,E12000002,E06000049,Cheshire East,CHEEA_6ff11b6549b2,615b36428ee3
England,E12000002,E06000049,Cheshire East,CHEEA_fda1a6b9c35a,c2b135698abe
England,E12000002,E06000049,Cheshire East,CHEEA_830065fca0fe,eaab79d962ec
England,E12000002,E06000049,Cheshire East,CHEEA_2be07eb541e9,a0123cdffa4c
England,E12000002,E06000049,Cheshire East,CHEEA_5215596cb5a5,b7ae9bacd4c5
England,E12000002,E06000049,Cheshire East,CHEEA_0c3a9105990e,9aa57f915f20
England,E12000002,E06000049,Cheshire East,CHEEA_17534e46e553,bf86b03aaecf
England,E12000002,E06000049,Cheshire East,CHEEA_98a6dc2e473a,cde334a3b35f
England,E12000002,E06000049,Cheshire East,CHEEA_0117470e5deb,6024f0dce38f
England,E12000002,E06000049,Cheshire East,CHEEA_8ddd5228ceb1,134f6d12bac2
England,E12000002,E06000049,Cheshire East,CHEEA_80bc7322a6f4,dae9772cac0a
England,E12000002,E06000049,Cheshire East,CHEEA_1c49b358b310,b14a451a3485
England,E12000002,E06000049,Cheshire East,CHEEA_eb0dc33b5c8d,201dac69432a
England,E12000002,E06000049,Cheshire East,CHEEA_60acbd8fd724,11ed806f9fc8
England,E12000002,E06000049,Cheshire East,CHEEA_80ce0c25e14f,19744b1d176e
England,E12000002,E06000049,Cheshire East,CHEEA_bc4ab7dc037c,2e911f20b40e
England,E12000002,E06000049,Cheshire East,CHEEA_60565b8c8eb4,7a09f70cb11b
England,E12000002,E06000049,Cheshire East,CHEEA_608b40c5028a,bb84e26d94e7
England,E12000002,E06000049,Cheshire East,CHEEA_bac6fa97bdfc,9af8f631191b
England,E12000002,E06000049,Cheshire East,CHEEA_fddbdf6b3fc5,1bd086196a03
England,E12000002,E06000049,Cheshire East,CHEEA_de0f1960dd52,20020eb80b14
England,E12000002,E06000049,Cheshire East,CHEEA_43cb92e01b53,08d423590e0f
England,E12000002,E06000049,Cheshire East,CHEEA_4770d38e9fe8,c9e9e46418c2
England,E12000002,E06000049,Cheshire East,CHEEA_ee09ce1dfb47,382ee3de2846
England,E12000002,E06000049,Cheshire East,CHEEA_8e4e2eae16f2,9718fb1f2a04
England,E12000002,E06000049,Cheshire East,CHEEA_34657414d712,2e5bbac10c1a
England,E12000002,E06000049,Cheshire East,CHEEA_ef63a41e6b01,60e381ef0714
England,E12000002,E06000049,Cheshire East,CHEEA_c0378f74ce50,4cf3958af776
England,E12000002,E06000049,Cheshire East,CHEEA_9e3f7a32346a,09e45b380723
England,E12000002,E06000049,Cheshire East,CHEEA_13b069cb9bb3,910deb778143
England,E12000002,E06000049,Cheshire East,CHEEA_6570fb87649c,e3ce1fdd5dfe
England,E12000002,E06000049,Cheshire East,CHEEA_0e3fa0cfa5c0,8c77cc824e56
England,E12000002,E06000049,Cheshire East,CHEEA_724f3df1451f,567dea629d88
England,E12000002,E06000049,Cheshire East,CHEEA_68c6a04449ee,cc7080e81fea
England,E12000002,E06000049,Cheshire East,CHEEA_1d67efe778f4,e88a78bbac2e
England,E12000002,E06000049,Cheshire East,CHEEA_6bfccee8e24d,b03771638ecd
England,E12000002,E06000049,Cheshire East,CHEEA_cc2ea784d48a,96e784c7ec35
England,E12000002,E06000049,Cheshire East,CHEEA_78d931a60ccd,426919bead2b
England,E12000002,E06000049,Cheshire East,CHEEA_1d5fd455a0aa,b10af08c3377
England,E12000002,E06000049,Cheshire East,CHEEA_54f6596c407a,c19285d46d4b
England,E12000002,E06000049,Cheshire East,CHEEA_89e1d1509162,87467756c5c0
England,E12000002,E06000049,Cheshire East,CHEEA_7560663d8aa8,2421f9e20322
England,E12000002,E06000049,Cheshire East,CHEEA_e9484da4faab,6d4b820764a7
England,E12000002,E06000049,Cheshire East,CHEEA_d40ce15c27c7,0531d34e53cd
England,E12000002,E06000049,Cheshire East,CHEEA_cd84a055602f,d58c895cd598
England,E12000002,E06000049,Cheshire East,CHEEA_60cb45d89825,e921c9b4a5e8
England,E12000002,E06000049,Cheshire East,CHEEA_c8573f9313d9,182f84ecfef1
England,E12000002,E06000049,Cheshire East,CHEEA_f23df685f29b,d3744f65683b
England,E12000002,E06000049,Cheshire East,CHEEA_4c475d631861,9500e8227769
England,E12000002,E06000049,Cheshire East,CHEEA_0ad6f4a7acd4,c203cddd61f9
England,E12000002,E06000049,Cheshire East,CHEEA_242102a55fda,3520dd4dd66c
England,E12000002,E06000049,Cheshire East,CHEEA_341b584d70c5,8a5236206626
England,E12000002,E06000049,Cheshire East,CHEEA_dceddb446ec3,e4f551dc597b
England,E12000002,E06000049,Cheshire East,CHEEA_626fbdf003fb,41dfe967d8d6
England,E12000002,E06000049,Cheshire East,CHEEA_3ffcc4123684,170ca358774c
England,E12000002,E06000049,Cheshire East,CHEEA_4503332618ac,f9e0095e4a99
England,E12000002,E06000049,Cheshire East,CHEEA_9aeb85294eb5,29637e38269d
England,E12000002,E06000049,Cheshire East,CHEEA_26e538904c32,a53857fab78a
England,E12000002,E06000049,Cheshire East,CHEEA_03f936d2aa99,8ce08855906d
England,E12000002,E06000049,Cheshire East,CHEEA_33621c2f27be,d54695d5fbd1
England,E12000002,E06000049,Cheshire East,CHEEA_385eb9afd2d8,617ab419c15a
England,E12000002,E06000049,Cheshire East,CHEEA_638ce739db98,bdc8815aacaa
England,E12000002,E06000049,Cheshire East,CHEEA_cd49f812c8d8,bd4c6a5970a1
England,E12000002,E06000049,Cheshire East,CHEEA_295f3acfc70b,ddec15de5f02
England,E12000002,E06000049,Cheshire East,CHEEA_808b4dd5af18,51a7a1b8211d
England,E12000002,E06000049,Cheshire East,CHEEA_d5fd0b1fd096,9c982ca1d4dd
England,E12000002,E06000049,Cheshire East,CHEEA_0431405bdbe3,2284402b3413
England,E12000002,E06000049,Cheshire East,CHEEA_b70af75bdd07,1bef38f988cc
England,E12000002,E06000049,Cheshire East,CHEEA_7931611e7f90,1173982c38bf
England,E12000002,E06000049,Cheshire East,CHEEA_28c48075e098,48a53a2f217f
England,E12000002,E06000049,Cheshire East,CHEEA_35f4c49438d4,8ab2798cdc31
England,E12000002,E06000049,Cheshire East,CHEEA_cf254bdb73d5,bbd92053a66d
England,E12000002,E06000049,Cheshire East,CHEEA_028b4acdb471,3efa2f7cc6d5
England,E12000002,E06000049,Cheshire East,CHEEA_c09f8fc2e52c,3e0a2cfb1687
England,E12000002,E06000049,Cheshire East,CHEEA_072dea500337,4504ced5e1dc
England,E12000002,E06000049,Cheshire East,CHEEA_ed2736d893c3,57c2115016cb
England,E12000002,E06000049,Cheshire East,CHEEA_d3a8b2985d08,51b9af8216d6
England,E12000002,E06000049,Cheshire East,CHEEA_4541ab3afc65,359254009651
England,E12000002,E06000049,Cheshire East,CHEEA_0ffa24b37139,7117413801fa
England,E12000002,E06000049,Cheshire East,CHEEA_26dd24ad1602,647a10ee8fe0
England,E12000002,E06000049,Cheshire East,CHEEA_a3cf6d0ca2e4,960d86e104f6
England,E12000002,E06000049,Cheshire East,CHEEA_021f5b48029f,2c4f85339c97
England,E12000002,E06000049,Cheshire East,CHEEA_165c1c4a420f,856f9666a441
England,E12000002,E06000049,Cheshire East,CHEEA_6c75d1381aa3,8a75e9eb75f1
England,E12000002,E06000049,Cheshire East,CHEEA_7c94c06219eb,c7f2e6c2eaaa
England,E12000002,E06000049,Cheshire East,CHEEA_319ec5d73f64,5eb4c0ce513e
England,E12000002,E06000049,Cheshire East,CHEEA_07047705682c,10075615ebb7
England,E12000002,E06000049,Cheshire East,CHEEA_fb30d1c3771e,6f729c49c73a
England,E12000002,E06000049,Cheshire East,CHEEA_9081dd4f880c,78dc28a775b2
England,E12000002,E06000049,Cheshire East,CHEEA_71edfa78635f,df6690c1adae
England,E12000002,E06000049,Cheshire East,CHEEA_6d24955787d5,af845bcdbed7
England,E12000002,E06000049,Cheshire East,CHEEA_940128469349,fa09550c948e
England,E12000002,E06000049,Cheshire East,CHEEA_72672d14d83d,b9c4403d43c6
England,E12000002,E06000049,Cheshire East,CHEEA_2131dc137564,619d5f18640b
England,E12000002,E06000049,Cheshire East,CHEEA_9c8301a68ffe,1e245d353eec
England,E12000002,E06000049,Cheshire East,CHEEA_6c36c7a80af8,66000f2ce6fc
England,E12000002,E06000049,Cheshire East,CHEEA_bc936d7b3df0,d611cfc3ccfa
England,E12000002,E06000049,Cheshire East,CHEEA_97d56f25388f,5cfe96e75a68
England,E12000002,E06000049,Cheshire East,CHEEA_9a5d842edb51,02e54740853b
England,E12000002,E06000049,Cheshire East,CHEEA_b7e8d5079fa0,25e2c889acd5
England,E12000002,E06000049,Cheshire East,CHEEA_057f9adf15aa,4c6c28578b97
England,E12000002,E06000049,Cheshire East,CHEEA_d91d61cdcefe,02838cc36857
England,E12000002,E06000049,Cheshire East,CHEEA_6b75fc0747ba,113d1386bbc6
England,E12000002,E06000049,Cheshire East,CHEEA_1fe44919af13,bad16bc86c1e
England,E12000002,E06000049,Cheshire East,CHEEA_67604b551aeb,a579dd0bdbb3
England,E12000002,E06000049,Cheshire East,CHEEA_ad6543cea407,112bfa4d459e
England,E12000002,E06000049,Cheshire East,CHEEA_43faa863586f,c830d96bea8b
England,E12000002,E06000049,Cheshire East,CHEEA_9e6a922c82be,d74b7b85ec71
England,E12000002,E06000049,Cheshire East,CHEEA_35e0266d71b8,6e6aeb1e6ff9
England,E12000002,E06000049,Cheshire East,CHEEA_375ef7da8fae,b15249bb7885
England,E12000002,E06000049,Cheshire East,CHEEA_863975e47229,66a40dcc2856
England,E12000002,E06000049,Cheshire East,CHEEA_04c7696d33b3,3e2db7753bf6
England,E12000002,E06000049,Cheshire East,CHEEA_f6489b2826dc,d250bb097f3d
England,E12000002,E06000049,Cheshire East,CHEEA_0ffdb33e6466,f9a9c9a376e8
England,E12000002,E06000049,Cheshire East,CHEEA_1cf40a2bfab8,1f52eb448b99
England,E12000002,E06000049,Cheshire East,CHEEA_a078d255f218,658dbbcf3c1f
England,E12000002,E06000049,Cheshire East,CHEEA_d1be2a46f04b,0dfe31db2f44
England,E12000002,E06000049,Cheshire East,CHEEA_228627671be8,1d7d7ea0e87a
England,E12000002,E06000049,Cheshire East,CHEEA_9147020c5d1d,c573629c3731
England,E12000002,E06000049,Cheshire East,CHEEA_cb00c351e84c,faedcaeee18a
England,E12000002,E06000049,Cheshire East,CHEEA_93511b73e6a9,2cdaf9eea115
England,E12000002,E06000049,Cheshire East,CHEEA_9525715818bf,884f93052c8d
England,E12000002,E06000049,Cheshire East,CHEEA_33ea48db9683,fc2b926be07e
England,E12000002,E06000049,Cheshire East,CHEEA_ba5baa1f4e8f,67b5240ce3fe
England,E12000002,E06000049,Cheshire East,CHEEA_c76118a8099e,01268c1ba597
England,E12000002,E06000049,Cheshire East,CHEEA_b45ffc8fb2ac,bd7ac4d0ff95
England,E12000002,E06000049,Cheshire East,CHEEA_e4815d892a29,377ce72f5b68
England,E12000002,E06000049,Cheshire East,CHEEA_549e7754c455,42d1d7085ed1
England,E12000002,E06000049,Cheshire East,CHEEA_662c24701f0b,2756ad5172c0
England,E12000002,E06000049,Cheshire East,CHEEA_0e7ac0a4c83d,b700fe6ee015
England,E12000002,E06000049,Cheshire East,CHEEA_5342794c5a80,145109eefad2
England,E12000002,E06000049,Cheshire East,CHEEA_393865cf8b31,149850f5e705
England,E12000002,E06000049,Cheshire East,CHEEA_407da7e46885,9ae1f454f7de
England,E12000002,E06000049,Cheshire East,CHEEA_7739d73c9423,94e357c54ca6
England,E12000002,E06000049,Cheshire East,CHEEA_e61fc9d1c189,9b75933fb207
England,E12000002,E06000049,Cheshire East,CHEEA_3db241efdbcb,3ec3c54c3a2b
England,E12000002,E06000049,Cheshire East,CHEEA_e8fb9d2884d0,d0a4f1cf9591
England,E12000002,E06000049,Cheshire East,CHEEA_75473a0272b4,5f0ef4b5a2ff
England,E12000002,E06000049,Cheshire East,CHEEA_a2111b8b1e45,807d38583230
England,E12000002,E06000049,Cheshire East,CHEEA_8ab421525659,c2ec4bf14bb6
England,E12000002,E06000049,Cheshire East,CHEEA_d169adf064ab,4b06f1f54743
England,E12000002,E06000049,Cheshire East,CHEEA_a64daf94630b,1c249b766ffe
England,E12000002,E06000049,Cheshire East,CHEEA_7033e06df3b5,d34387ee52c9
England,E12000002,E06000049,Cheshire East,CHEEA_013cb1f087f7,0e8451a16152
England,E12000002,E06000049,Cheshire East,CHEEA_f69e370dd139,357ff9a34faf
England,E12000002,E06000049,Cheshire East,CHEEA_b7dae4174ffe,056824867571
England,E12000002,E06000049,Cheshire East,CHEEA_2558d4617ca0,37c24bffc324
England,E12000002,E06000049,Cheshire East,CHEEA_99ac975ea0ca,79865fce3b85
England,E12000002,E06000049,Cheshire East,CHEEA_f415cff65a3e,9b1eee2d9dc8
England,E12000002,E06000049,Cheshire East,CHEEA_16a9cd3782cc,5037e8ccae31
England,E12000002,E06000049,Cheshire East,CHEEA_2805f586b7f4,6b00a829ad1d
England,E12000002,E06000049,Cheshire East,CHEEA_894e5a57fd76,88ab2a59cf17
England,E12000002,E06000049,Cheshire East,CHEEA_3601d437e5f3,e5599e22f5b8
England,E12000002,E06000049,Cheshire East,CHEEA_82bb2894e1ae,6ed169bed44e
England,E12000002,E06000049,Cheshire East,CHEEA_eed2989fb04b,a557e3ded00e
England,E12000002,E06000049,Cheshire East,CHEEA_f3aaf4c13a21,37549b6c63bb
England,E12000002,E06000049,Cheshire East,CHEEA_b2c77f559cc3,323830fcd58b
England,E12000002,E06000049,Cheshire East,CHEEA_bfe919d4b1c7,27ca8113dc58
England,E12000002,E06000049,Cheshire East,CHEEA_d15b16a86d25,e4b96dc1a9d0
England,E12000002,E06000049,Cheshire East,CHEEA_b29d9889d288,eb9cb6b5da48
England,E12000002,E06000049,Cheshire East,CHEEA_a916a411e8ee,321529e7f0d0
England,E12000002,E06000049,Cheshire East,CHEEA_41ccde0aa20c,ad3b89ed118e
England,E12000002,E06000049,Cheshire East,CHEEA_87abd41ca902,424a1fb15b2c
England,E12000002,E06000049,Cheshire East,CHEEA_c4b56c44eb79,0c5a7ffa9543
England,E12000002,E06000049,Cheshire East,CHEEA_cd447a4435e2,d231fe0e44c9
England,E12000002,E06000049,Cheshire East,CHEEA_22aff721ad0d,a72d1f8a5035
England,E12000002,E06000049,Cheshire East,CHEEA_e8abd67d3aa9,e2dcfd36f44b
England,E12000002,E06000049,Cheshire East,CHEEA_322410a7596c,bab4c87097d5
England,E12000002,E06000049,Cheshire East,CHEEA_7dd3debd0056,1585d2873499
England,E12000002,E06000049,Cheshire East,CHEEA_ae821a4ee03f,2732b2e91bb4
England,E12000002,E06000049,Cheshire East,CHEEA_f9aace178d70,91e657f8aba4
England,E12000002,E06000049,Cheshire East,CHEEA_0d29ffbf0905;CHEEA_092ec2ff7636,e975af7f0350
England,E12000002,E06000049,Cheshire East,CHEEA_833a113d51db,c67ba478c971
England,E12000002,E06000049,Cheshire East,CHEEA_5ce63025ab44,1d81130b57f5
England,E12000002,E06000049,Cheshire East,CHEEA_220390f2e3ca,480280bde412
England,E12000002,E06000049,Cheshire East,CHEEA_edb3db02f8d7,a6b9f165bfe6
England,E12000002,E06000049,Cheshire East,CHEEA_9bb9649ecccf,4508ae9ebea1
England,E12000002,E06000049,Cheshire East,CHEEA_3f30f3251ac8;CHEEA_7238757ee1dd,3f54f0839bbd
England,E12000002,E06000049,Cheshire East,CHEEA_f8db1bad08f6,fd850d93ac36
England,E12000002,E06000049,Cheshire East,CHEEA_0097c51243e7,41178010444f
England,E12000002,E06000049,Cheshire East,CHEEA_1410eea30a9e,135f010c74d9
England,E12000002,E06000049,Cheshire East,CHEEA_96a704f1e9fb,7c054654194c
England,E12000002,E06000049,Cheshire East,CHEEA_d8c1c4aacf70,f335174100ac
England,E12000002,E06000049,Cheshire East,CHEEA_6212a41d210b,284563e75a27
England,E12000002,E06000049,Cheshire East,CHEEA_40b8f5fbeb5a,b2a8f1e4bb1c
England,E12000002,E06000049,Cheshire East,CHEEA_fdfc7454fff0,2e485c19b125
England,E12000002,E06000049,Cheshire East,CHEEA_b962a9b220f1,a2e86be0a53f
England,E12000002,E06000049,Cheshire East,CHEEA_35719879652d,72f1a167acfa
England,E12000002,E06000049,Cheshire East,CHEEA_eef8219b4b9e,8f87d4d93d06
England,E12000002,E06000049,Cheshire East,CHEEA_4e09c3ebf8c2;CHEEA_fc0aae034c42;CHEEA_09e33f7ca3a6,fcac8e7be732
England,E12000002,E06000049,Cheshire East,CHEEA_aee548dcd66c,56ee1ebaa324
England,E12000002,E06000049,Cheshire East,CHEEA_7a53c78d328b,7c90a172b209
England,E12000002,E06000049,Cheshire East,CHEEA_6a396af81fb4,1e4a5561df33
England,E12000002,E06000049,Cheshire East,CHEEA_652fb33d9a54,c4bca94bf372
England,E12000002,E06000049,Cheshire East,CHEEA_36569af24d6b,7b36bd76467d
England,E12000002,E06000049,Cheshire East,CHEEA_d66e5946e9e6,976854fe38d6
England,E12000002,E06000049,Cheshire East,CHEEA_faa485b2f589,40987ceff1e2
England,E12000002,E06000049,Cheshire East,CHEEA_31671e0194ba,6bd120820467
England,E12000002,E06000049,Cheshire East,CHEEA_07be9aeb3079,0c9dfe579470
England,E12000002,E06000049,Cheshire East,CHEEA_6fceca29e453,b08474b40f5a
England,E12000002,E06000049,Cheshire East,CHEEA_fbfff6665f0f,5edc7b495fb1
England,E12000002,E06000049,Cheshire East,CHEEA_7e7c1dfdc55e,5cf30d0dd552
England,E12000002,E06000049,Cheshire East,CHEEA_75ca712a50c4,11f806bac350
England,E12000002,E06000049,Cheshire East,CHEEA_dc1f3e0394f5,01289cc8bc7f
England,E12000002,E06000049,Cheshire East,CHEEA_0e09ddbc0cb6,d1b3e2bb2716
England,E12000002,E06000049,Cheshire East,CHEEA_caf76111bf87,5ec965df869c
England,E12000002,E06000049,Cheshire East,CHEEA_e4138ea83aad,704a20e75e7b
England,E12000002,E06000049,Cheshire East,CHEEA_56cb1229c6e2,ffcead9e5f42
England,E12000002,E06000049,Cheshire East,CHEEA_bccc720f5e7d,cdec9e2c388a
England,E12000002,E06000049,Cheshire East,CHEEA_c4a6fe43df41,c578434ad8e9
England,E12000002,E06000049,Cheshire East,CHEEA_da1a4352fe11,a53cf431bdbf
England,E12000002,E06000049,Cheshire East,CHEEA_64cfd2cee504,1bf59aa19fc8
England,E12000002,E06000049,Cheshire East,CHEEA_4f7b888c07d5,987783fdbba1
England,E12000002,E06000049,Cheshire East,CHEEA_d35fc1815bee,150e66dd2f53
England,E12000002,E06000049,Cheshire East,CHEEA_f067b7ac80e0,db757c529e46
England,E12000002,E06000049,Cheshire East,CHEEA_d7d2a0618188,c0cd415c86bf
England,E12000002,E06000049,Cheshire East,CHEEA_9f10fb42e0c3,459ab6094dd4
England,E12000002,E06000049,Cheshire East,CHEEA_b113ef8d0c5c,58c483f99db6
England,E12000002,E06000049,Cheshire East,CHEEA_8c2bc9b00d96,0fbe53451ef1
England,E12000002,E06000049,Cheshire East,CHEEA_0cb761247aac,32a5a245bb64
England,E12000002,E06000049,Cheshire East,CHEEA_ad3ad800300f,9b32b7315568
England,E12000002,E06000049,Cheshire East,CHEEA_b7635964cfa3,6e7bb7c82737
England,E12000002,E06000049,Cheshire East,CHEEA_550618571332,df8a7a53b3ed
England,E12000002,E06000049,Cheshire East,CHEEA_8c8fa1a0e6a4,5cd140f52aa9
England,E12000002,E06000049,Cheshire East,CHEEA_aa6dc6eff0d3,bd51b27de36c
England,E12000002,E06000049,Cheshire East,CHEEA_77df63a3ed03,5a70b12ae7b2
England,E12000002,E06000049,Cheshire East,CHEEA_01be852986e1,ff34bba15e34
England,E12000002,E06000049,Cheshire East,CHEEA_fc4ff7fc2d2f,5ac8a2165620
England,E12000002,E06000049,Cheshire East,CHEEA_bf2885a0e640,7bb99a5ba1db
England,E12000002,E06000049,Cheshire East,CHEEA_01838c6ad734,5dd47cb67e85
England,E12000002,E06000049,Cheshire East,CHEEA_ba949b021689,5956ddfc99ad
England,E12000002,E06000049,Cheshire East,CHEEA_daa3b82b1fe1,40f4ff6b1634
England,E12000002,E06000049,Cheshire East,CHEEA_eae5e1dce2df;CHEEA_fa777ebf53cf,969aaefc3a0d
England,E12000002,E06000049,Cheshire East,CHEEA_e5992d9e7bd0,f2be0194aa63
England,E12000002,E06000049,Cheshire East,CHEEA_e25efd1e797b,1bc108182308
England,E12000002,E06000049,Cheshire East,CHEEA_e73d87a67ef8,e03337d622c6
England,E12000002,E06000049,Cheshire East,CHEEA_158d25b935bc,2dff00d1c269
England,E12000002,E06000049,Cheshire East,CHEEA_acaff85e828c,1191b456c32a
England,E12000002,E06000049,Cheshire East,CHEEA_e7f21538e9d3,440f68daaf0e
England,E12000002,E06000049,Cheshire East,CHEEA_fb70dd828730,0713f0b7fb95
England,E12000002,E06000049,Cheshire East,CHEEA_fb81a7ed39d8,249b09d228d0
England,E12000002,E06000049,Cheshire East,CHEEA_aff5dbc57a2a,2efcab563427
England,E12000002,E06000049,Cheshire East,CHEEA_71266ec8df49,092c4d2053d2
England,E12000002,E06000049,Cheshire East,CHEEA_e6452c0cbfa6;CHEEA_b2953ac1edce,0f18ecd5f259
England,E12000002,E06000049,Cheshire East,CHEEA_5b17eb64ee01,005ca912d2d5
England,E12000002,E06000049,Cheshire East,CHEEA_7f27eed2a397,ade311ddb1f6
England,E12000002,E06000049,Cheshire East,CHEEA_6adc2a9ac944,6e19ea106ae5
England,E12000002,E06000049,Cheshire East,CHEEA_c8d8b891e57f,5beec8a1f987
England,E12000002,E06000049,Cheshire East,CHEEA_812580811158,438f455bdc1a
England,E12000002,E06000049,Cheshire East,CHEEA_6859adb24628,953562e596ba
England,E12000002,E06000049,Cheshire East,CHEEA_ccb6adc2a4fa,bc2ff00a8bff
England,E12000002,E06000049,Cheshire East,CHEEA_cc7910b80a2d,9e11f1ed94a7
England,E12000002,E06000049,Cheshire East,CHEEA_e15fc2582c2e,3f2e67308f4d
England,E12000002,E06000049,Cheshire East,CHEEA_aeea444785ef,6cd14e88dd1c
England,E12000002,E06000049,Cheshire East,CHEEA_379b6f6c0fe9,add54439dbee
England,E12000002,E06000049,Cheshire East,CHEEA_be52e22d66d4,715e212807f5
England,E12000002,E06000049,Cheshire East,CHEEA_a8cbefa74148,529b0cf0889e
England,E12000002,E06000049,Cheshire East,CHEEA_68ebb750d9ab,c7f8c8d7b83c
England,E12000002,E06000049,Cheshire East,CHEEA_3135c6143747,f1673aad182c
England,E12000002,E06000049,Cheshire East,CHEEA_4c3fa2f30b18,9b58084659d2
England,E12000002,E06000049,Cheshire East,CHEEA_5dc6b06b8a02,a62b17acd546
England,E12000002,E06000049,Cheshire East,CHEEA_aeb14e385cea,46e98b5650b9
England,E12000002,E06000049,Cheshire East,CHEEA_ebd82cd34488,02d564262e46
England,E12000002,E06000049,Cheshire East,CHEEA_292f1e5a40a6,43cb8e28d389
England,E12000002,E06000049,Cheshire East,CHEEA_f42470f48780,b566e5a15e96
England,E12000002,E06000049,Cheshire East,CHEEA_0c613d368134,006df5b742a5
England,E12000002,E06000049,Cheshire East,CHEEA_484991c84628,c18660c2dd98
England,E12000002,E06000049,Cheshire East,CHEEA_ec69a51136a9,4a41d5e85695
England,E12000002,E06000049,Cheshire East,CHEEA_5e8b13c4ad4b,a0d2593c2051
England,E12000002,E06000049,Cheshire East,CHEEA_c1b68f82cebe,15126e51ef2e
England,E12000002,E06000049,Cheshire East,CHEEA_42576ad949a0,55c5cc1b90ec
England,E12000002,E06000049,Cheshire East,CHEEA_2e37f871036d,e0c5fc117f6e
England,E12000002,E06000049,Cheshire East,CHEEA_8fed0d5ef424,fc5d7322c5a6
England,E12000002,E06000049,Cheshire East,CHEEA_4992414528bf,d8668b06ed12
England,E12000002,E06000049,Cheshire East,CHEEA_9c922f8043c8,323a10bbbd7f
England,E12000002,E06000049,Cheshire East,CHEEA_040559aaa319,3e72f3e965f3
England,E12000002,E06000049,Cheshire East,CHEEA_a3320205c805,b60669b47534
England,E12000002,E06000049,Cheshire East,CHEEA_67c4fbb20e18,19699e69744b
England,E12000002,E06000049,Cheshire East,CHEEA_697658262dd3,84273577cb58
England,E12000002,E06000049,Cheshire East,CHEEA_dce6b91b321a,691d2ed1ed15
England,E12000002,E06000049,Cheshire East,CHEEA_ad102b6cbd2a,43abf8f93fdd
England,E12000002,E06000049,Cheshire East,CHEEA_1563e2d1344b,fa745931c5a5
England,E12000002,E06000049,Cheshire East,CHEEA_89a4c2e4a8e7,629a5ae62a21
England,E12000002,E06000049,Cheshire East,CHEEA_730d41cb48f8,b2ca46c98cf1
England,E12000002,E06000049,Cheshire East,CHEEA_a80477d4fc6f,caa87f7ffe68
England,E12000002,E06000049,Cheshire East,CHEEA_435b67cee6b6,17112edc67b7
England,E12000002,E06000049,Cheshire East,CHEEA_127ee650253c,e318bddeb05e
England,E12000002,E06000049,Cheshire East,CHEEA_31975220649a,77ff980474d4
England,E12000002,E06000049,Cheshire East,CHEEA_d695720679c3,e74e0ee643d6
England,E12000002,E06000049,Cheshire East,CHEEA_b074df8b2f2d,c8a90ac3f300
England,E12000002,E06000049,Cheshire East,CHEEA_2ba03b2cff19,835f17344ee1
England,E12000002,E06000049,Cheshire East,CHEEA_c7d85c0264f4,96cfdd9817dc
England,E12000002,E06000049,Cheshire East,CHEEA_efc753c52268,c905ba109486
England,E12000002,E06000049,Cheshire East,CHEEA_3fddd3e7f299,334195987916
England,E12000002,E06000049,Cheshire East,CHEEA_6d7ad61fce70,d36de4c1c3c5
England,E12000002,E06000049,Cheshire East,CHEEA_55fe13ed5f1f,5bdd28ec8bf8
England,E12000002,E06000049,Cheshire East,CHEEA_acc162c6122a,f9dda8aed33f
England,E12000002,E06000049,Cheshire East,CHEEA_c75c7e8af866,82b0a1e406e3
England,E12000002,E06000049,Cheshire East,CHEEA_487ffb7c456b,382b725030da
England,E12000002,E06000049,Cheshire East,CHEEA_9744bb235a89,8646480f7f1c
England,E12000002,E06000049,Cheshire East,CHEEA_08bbaa5a3622,e3eabf0b8f7f
England,E12000002,E06000049,Cheshire East,CHEEA_1a40a636e802,1cf4a994eadd
England,E12000002,E06000049,Cheshire East,CHEEA_19efee0c1430,f804e3d66dfd
England,E12000002,E06000049,Cheshire East,CHEEA_7a669bbf2a6c,5e29b2fadbc6
England,E12000002,E06000049,Cheshire East,CHEEA_d489fd449415,1663620d0727
England,E12000002,E06000049,Cheshire East,CHEEA_6d74236ba5f2,7f9c2522ec35
England,E12000002,E06000049,Cheshire East,CHEEA_68dae6f9c265,dfc3b50c8910
England,E12000002,E06000049,Cheshire East,CHEEA_083d3ccad045,72a973d80432
England,E12000002,E06000049,Cheshire East,CHEEA_e29ddc99b912,dbfd6c90e4a2
England,E12000002,E06000049,Cheshire East,CHEEA_c9ac3f22bf30,e95f8288d45a
England,E12000002,E06000049,Cheshire East,CHEEA_14ee92c4116f,7ce5ff2f694c
England,E12000002,E06000049,Cheshire East,CHEEA_cd20e0b7aeb5,6132cc9f4cd5
England,E12000002,E06000049,Cheshire East,CHEEA_a33b700aae67,6e2878376150
England,E12000002,E06000049,Cheshire East,CHEEA_48dfef6cc3fb,b468aaf4f430
England,E12000002,E06000049,Cheshire East,CHEEA_3ec6233c8132,ae252d1dcbf7
England,E12000002,E06000049,Cheshire East,CHEEA_74c67675919c,05decf1532f7
England,E12000002,E06000049,Cheshire East,CHEEA_f67d10849d22,3f160934b52c
England,E12000002,E06000049,Cheshire East,CHEEA_3a11d35e1672,bac138012c00
England,E12000002,E06000049,Cheshire East,CHEEA_94b3813fe130,fc8e9ca1e6ab
England,E12000002,E06000049,Cheshire East,CHEEA_3a22998deb2a,4aba8d34eacc
England,E12000002,E06000049,Cheshire East,CHEEA_72bd54879c88,84fc77355777
England,E12000002,E06000049,Cheshire East,CHEEA_a43480c11a4c,3dfa36be6e4c
England,E12000002,E06000049,Cheshire East,CHEEA_34763d8183db,bc53dd58f56c
England,E12000002,E06000049,Cheshire East,CHEEA_43d86693ee09,e7e0b0ad0a8f
England,E12000002,E06000049,Cheshire East,CHEEA_e6f4979faa2c,c47bc87ed7ff
England,E12000002,E06000049,Cheshire East,CHEEA_f1800dc026c0,08558ea56989
England,E12000002,E06000049,Cheshire East,CHEEA_143dc34a014d,d3b31b288eb4
England,E12000002,E06000049,Cheshire East,CHEEA_33711f772aa1,a87e672687ff
England,E12000002,E06000049,Cheshire East,CHEEA_73a7f4ddbe9b,6492421277bc
England,E12000002,E06000049,Cheshire East,CHEEA_c1297b7dfec2,7ab04b5486c1
England,E12000002,E06000049,Cheshire East,CHEEA_4bdf6ee95585,8b99fc034929
England,E12000002,E06000049,Cheshire East,CHEEA_309106f8df69,7de7290d6522
England,E12000002,E06000049,Cheshire East,CHEEA_1f81000aa4c1,a926f0386515
England,E12000002,E06000049,Cheshire East,CHEEA_43b5bdc54818,71a473f37b97
England,E12000002,E06000049,Cheshire East,CHEEA_827802733f4a,0723a4c66152
England,E12000002,E06000049,Cheshire East,CHEEA_557478b79d59,ab17e4b95dc4
England,E12000002,E06000049,Cheshire East,CHEEA_4af0bd57551e,88d8a9a379ab
England,E12000002,E06000049,Cheshire East,CHEEA_a5814547d0e0,ca3f0dd6ba31
England,E12000002,E06000049,Cheshire East,CHEEA_56fb868c24f6,38fc5a8ca512
England,E12000002,E06000049,Cheshire East,CHEEA_d6d157b59ed0,49bea36b47df
England,E12000002,E06000049,Cheshire East,CHEEA_ccd579d610da,3bcc3df1e99f
England,E12000002,E06000049,Cheshire East,CHEEA_a10be153b3fc,89fa6ef64928
England,E12000002,E06000049,Cheshire East,CHEEA_7741c2a7b98c,a556790087d4
England,E12000002,E06000049,Cheshire East,CHEEA_e696041d092e,5e4e21ae0f42
England,E12000002,E06000049,Cheshire East,CHEEA_52fbdeb91674,a94e53877a05
England,E12000002,E06000049,Cheshire East,CHEEA_a60dfdf15c33,69d6a526a104
England,E12000002,E06000049,Cheshire East,CHEEA_9c1e22abb0a7,36eb87e3444f
England,E12000002,E06000049,Cheshire East,CHEEA_8123d8c3b197,4c7a6ddeb14e
England,E12000002,E06000049,Cheshire East,CHEEA_72b38fe28dcc,5c5c1652d115
England,E12000002,E06000049,Cheshire East,CHEEA_1b6799892d68,2260c523ff54
England,E12000002,E06000049,Cheshire East,CHEEA_9b71af0f3242,4de89f665fb0
England,E12000002,E06000049,Cheshire East,CHEEA_2e83cdc09601,9bb3bb11c678
England,E12000002,E06000049,Cheshire East,CHEEA_b20332a83181,44430e274e3b
England,E12000002,E06000049,Cheshire East,CHEEA_925eb88142d9,5cde052a3a51
England,E12000002,E06000049,Cheshire East,CHEEA_df05c3df884b,3dae5e0273fd
England,E12000002,E06000049,Cheshire East,CHEEA_37a4b7d30a42,61b763587ab1
England,E12000002,E06000049,Cheshire East,CHEEA_52354fe369fe,3148639cd709
England,E12000002,E06000049,Cheshire East,CHEEA_61a3ab020598,6254c1c1ee64
England,E12000002,E06000049,Cheshire East,CHEEA_a1d21f27bb48,ab5f09284e57
England,E12000002,E06000049,Cheshire East,CHEEA_69238d1a1e20,60a20d74712e
England,E12000002,E06000049,Cheshire East,CHEEA_9813685dc579,cdc2a6dc7f26
England,E12000002,E06000049,Cheshire East,CHEEA_525ce08f5e03,b40eea486809
England,E12000002,E06000049,Cheshire East,CHEEA_33a4d40ba4bd,52816dbb24f6
England,E12000002,E06000049,Cheshire East,CHEEA_8e9cb4ec514c,e5bee175c765
England,E12000002,E06000049,Cheshire East,CHEEA_74797e667eed,520fe9b60299
England,E12000002,E06000049,Cheshire East,CHEEA_3c5230fa359b,9091bc6844b4
England,E12000002,E06000049,Cheshire East,CHEEA_ae0d90d50e1c,4391fa853b7b
England,E12000002,E06000049,Cheshire East,CHEEA_ca2398536edf,2d38796ec3b1
England,E12000002,E06000049,Cheshire East,CHEEA_d0641c583091,2ddff4350e87
England,E12000002,E06000049,Cheshire East,CHEEA_098064dc4b04,4b0806476c63
England,E12000002,E06000049,Cheshire East,CHEEA_a823887ef8a6,e988094beb3e
England,E12000002,E06000049,Cheshire East,CHEEA_07a1aa50d48a,524165762c8b
England,E12000002,E06000049,Cheshire East,CHEEA_babc7ca653b9,159391fe85e8
England,E12000002,E06000049,Cheshire East,CHEEA_c0f04dfe128a,6b7ae6775b2e
England,E12000002,E06000049,Cheshire East,CHEEA_026f40702580,461123813a5e
England,E12000002,E06000049,Cheshire East,CHEEA_68437042a1e5,6cb4ce6a09db
England,E12000002,E06000049,Cheshire East,CHEEA_37e9c7566441,a34064f21618
England,E12000002,E06000049,Cheshire East,CHEEA_bbdaf3da7ba9,ea1532f0574c
England,E12000002,E06000049,Cheshire East,CHEEA_dd702ce6f9ee,59b46cec937a
England,E12000002,E06000049,Cheshire East,CHEEA_500a868df326,f8f0ae06e6bd
England,E12000002,E06000049,Cheshire East,CHEEA_4f6b0f9abf8f,725bade1e826
England,E12000002,E06000049,Cheshire East,CHEEA_a4a4a4990985,0d1dbe194e2f
England,E12000002,E06000049,Cheshire East,CHEEA_5bd8556fd426,1e51f22566d5
England,E12000002,E06000049,Cheshire East,CHEEA_b562e61d331e,b3d2132a9418
England,E12000002,E06000049,Cheshire East,CHEEA_cd7a3031437b,db576e3d0a48
England,E12000002,E06000049,Cheshire East,CHEEA_65d4cb9794d1,6128a87c9a3f
England,E12000002,E06000049,Cheshire East,CHEEA_225a76a16bb7,e7eec744addb
England,E12000002,E06000049,Cheshire East,CHEEA_068081b48abd,e3f7c88d11d9
England,E12000002,E06000049,Cheshire East,CHEEA_ec5a2e7407e2,72d4619b0c03
England,E12000002,E06000049,Cheshire East,CHEEA_7cfaaa7977ec,93dc11d189e2
England,E12000002,E06000049,Cheshire East,CHEEA_2e74afe63d5d,eeaf63709431
England,E12000002,E06000049,Cheshire East,CHEEA_8ca1ad688874,13cb0fcf9f4b
England,E12000002,E06000049,Cheshire East,CHEEA_6eacdf17d273,28522299cbb1
England,E12000002,E06000049,Cheshire East,CHEEA_099f9ad1e1c5,4b8c2d2d484c
England,E12000002,E06000049,Cheshire East,CHEEA_703c7a0a566a,686d036bac9a
England,E12000002,E06000049,Cheshire East,CHEEA_43103cb10696,94cd2e3feaa0
England,E12000002,E06000049,Cheshire East,CHEEA_1f445c844f6b,97ebfdef8f2e
England,E12000002,E06000049,Cheshire East,CHEEA_267d5f89ef3a,0c94906266ac
England,E12000002,E06000049,Cheshire East,CHEEA_8c6b66afddc9,84301298f125
England,E12000002,E06000049,Cheshire East,CHEEA_9f8440c1b4d1,8b6fe904474f
England,E12000002,E06000049,Cheshire East,CHEEA_2cf8a21a98d3,9788d3c31203
England,E12000002,E06000049,Cheshire East,CHEEA_6d9765a36051,b5e940170649
England,E12000002,E06000049,Cheshire East,CHEEA_37d637b6dac3,c25f55376215
England,E12000002,E06000049,Cheshire East,CHEEA_6fcae3ae0ff9,73a77c5fbb18
England,E12000002,E06000049,Cheshire East,CHEEA_55ce1bee6ffb,aa33b06f63bc
England,E12000002,E06000049,Cheshire East,CHEEA_b19071a98f29,ced90aa1a2d3
England,E12000002,E06000049,Cheshire East,CHEEA_9f57ce2e1bc1,09a9542de6fa
England,E12000002,E06000049,Cheshire East,CHEEA_93786fe9e7ae,c24b44425765
England,E12000002,E06000049,Cheshire East,CHEEA_21d0bebd3bf3,89bbd7ca35f3
England,E12000002,E06000049,Cheshire East,CHEEA_c9f19e59418e,ee90f0b1a792
England,E12000002,E06000049,Cheshire East,CHEEA_d9a40ac14374,56eb67df4d3d
England,E12000002,E06000049,Cheshire East,CHEEA_bd8eef17b002,15cc79f03297
England,E12000002,E06000049,Cheshire East,CHEEA_8b0f4b263cc0,446c9ebecff0
England,E12000002,E06000049,Cheshire East,CHEEA_d8d459892462,064e7b6a186c
England,E12000002,E06000049,Cheshire East,CHEEA_d10d3546b87c,8a552a9eaed9
England,E12000002,E06000049,Cheshire East,CHEEA_38602bf13c6a,b6b82978a951
England,E12000002,E06000049,Cheshire East,CHEEA_1d38e6556df9,a81ef7e66f54
England,E12000002,E06000049,Cheshire East,CHEEA_11ad31bf095f,4d9cf1158dc9
England,E12000002,E06000049,Cheshire East,CHEEA_34b27ead86bf,c8de4be3695f
England,E12000002,E06000049,Cheshire East,CHEEA_7415d6c4839d,45837e60a15b
England,E12000002,E06000049,Cheshire East,CHEEA_99b236ce7593,6362af21b9c4
England,E12000002,E06000049,Cheshire East,CHEEA_a82b7fe516c4,7cdfa1a444e0
England,E12000002,E06000049,Cheshire East,CHEEA_a83ea4c0b72a,ea90b68fd2a6
England,E12000002,E06000049,Cheshire East,CHEEA_4f2840d1d535,9c44eb10571e
England,E12000002,E06000049,Cheshire East,CHEEA_9eeb907f96c1,971d05a5b657
England,E12000002,E06000049,Cheshire East,CHEEA_eff43c06c383,aee03d2f518d
England,E12000002,E06000049,Cheshire East,CHEEA_f4528f79519a,d48476663ec9
England,E12000002,E06000049,Cheshire East,CHEEA_3c6ffc037905,93cffe613f50
England,E12000002,E06000049,Cheshire East,CHEEA_1deef67543c2,f50932b0e73a
England,E12000002,E06000049,Cheshire East,CHEEA_fb0cf405504c,6e5d2da700f7
England,E12000002,E06000049,Cheshire East,CHEEA_be9964b67f87,bcb6355ae0fa
England,E12000002,E06000049,Cheshire East,CHEEA_0ffc87364309,88707db96a75
England,E12000002,E06000049,Cheshire East,CHEEA_9a0812c3c17b,8cb90b75aead
England,E12000002,E06000049,Cheshire East,CHEEA_dfb547f3e521,c4f0d05fea22
England,E12000002,E06000049,Cheshire East,CHEEA_a24983864a68,6de93691999f
England,E12000002,E06000049,Cheshire East,CHEEA_def8688809f1,9734fe54bbbc
England,E12000002,E06000049,Cheshire East,CHEEA_e6a6af22735e,29271a484b76
England,E12000002,E06000049,Cheshire East,CHEEA_caa135258331,eaaa27c92a5c
England,E12000002,E06000049,Cheshire East,CHEEA_ca6a80bfc3eb,4d01ba258f78
England,E12000002,E06000049,Cheshire East,CHEEA_cf3c1521d053;CHEEA_60d4f930c806,13c8c0297ad3
England,E12000002,E06000049,Cheshire East,CHEEA_a2a71ae98255,6208e66ec025
England,E12000002,E06000049,Cheshire East,CHEEA_fe79acbee6ad,bb3a4f19e8d6
England,E12000002,E06000049,Cheshire East,CHEEA_35f119d2c6fc,d1afcbf0f781
England,E12000002,E06000049,Cheshire East,CHEEA_8242b526c66d,b4be60ea52cf
England,E12000002,E06000049,Cheshire East,CHEEA_c3a8970662bc,03bb352d2f05
England,E12000002,E06000049,Cheshire East,CHEEA_9c0142a09665,63e478027f26
England,E12000002,E06000049,Cheshire East,CHEEA_2c2b6f25de76,1862117febd9
England,E12000002,E06000049,Cheshire East,CHEEA_107d38836243,9334ff7cac1d
England,E12000002,E06000049,Cheshire East,CHEEA_6df543cbe51c,3c05667be734
England,E12000002,E06000049,Cheshire East,CHEEA_5618c54331d9,971d2159b7c7
England,E12000002,E06000049,Cheshire East,CHEEA_dea40bc818e6;CHEEA_56af4fa7dbd5,166bf38a0d3a
England,E12000002,E06000049,Cheshire East,CHEEA_e42b0e741aea,83c53aba10c5
England,E12000002,E06000049,Cheshire East,CHEEA_2d7fdba3d7b0,709f4f285c0d
England,E12000002,E06000049,Cheshire East,CHEEA_ebb6dce34c9d,62d7f9b2d25f
England,E12000002,E06000049,Cheshire East,CHEEA_edf85c007881,b1a2807596ee
England,E12000002,E06000049,Cheshire East,CHEEA_b7e45fc59f00,f95d9c778579
England,E12000002,E06000049,Cheshire East,CHEEA_24c06d95d27e,99e6b1b37c2a
England,E12000002,E06000049,Cheshire East,CHEEA_7e08cbbdb5a2,fd65a6c6d44f
England,E12000002,E06000049,Cheshire East,CHEEA_c452e2c1f217,d652f06a961d
England,E12000002,E06000049,Cheshire East,CHEEA_4ef88984d60f,fa927f628ca5
England,E12000002,E06000049,Cheshire East,CHEEA_960a7f2de410,f17b9278f9af
England,E12000002,E06000049,Cheshire East,CHEEA_88549a3016ab,375ce3c62c89
England,E12000002,E06000049,Cheshire East,CHEEA_b9df54bf9de8,da252cfc0b16
England,E12000002,E06000049,Cheshire East,CHEEA_396783ac24c6,3b8343d37e6c
England,E12000002,E06000049,Cheshire East,CHEEA_5c10604de185,b48795d070e3
England,E12000002,E06000049,Cheshire East,CHEEA_a494cc403561,9275040a7247
England,E12000002,E06000049,Cheshire East,CHEEA_4299bce61b2d,857d13b756d6
England,E12000002,E06000049,Cheshire East,CHEEA_f059d293443d,124ae8f0ff3a
England,E12000002,E06000049,Cheshire East,CHEEA_7d4971a05228,a52b4fafcf23
England,E12000002,E06000049,Cheshire East,CHEEA_b2a3da0e5467,49147e0dd736
England,E12000002,E06000049,Cheshire East,CHEEA_56546cf8569d,20db9ea5d426
England,E12000002,E06000049,Cheshire East,CHEEA_587b487ad852,1ba5e50bbe49
England,E12000002,E06000049,Cheshire East,CHEEA_2e835507b155,0076eca1462f
England,E12000002,E06000049,Cheshire East,CHEEA_be2b6c117afd,d168fd1d68c1
England,E12000002,E06000049,Cheshire East,CHEEA_771eb480a7a7,6f9f8239eee4
England,E12000002,E06000049,Cheshire East,CHEEA_278bdf5616d6,1b217f07404a
England,E12000002,E06000049,Cheshire East,CHEEA_411d450141fb,8f0477bf77fc
England,E12000002,E06000049,Cheshire East,CHEEA_0c0ee721fdc6,0b86050ff88a
England,E12000002,E06000049,Cheshire East,CHEEA_425ca1e59c0b,2f6dd2e931d8
England,E12000002,E06000049,Cheshire East,CHEEA_e2ef852e41f2,82eabc54ec4c
England,E12000002,E06000049,Cheshire East,CHEEA_2f593d28d9b6,dd62b7332cf6
England,E12000002,E06000049,Cheshire East,CHEEA_3a60fb4afc6f,44d58ccf8e08
England,E12000002,E06000049,Cheshire East,CHEEA_b6bc499e70a2,98913bacf4d2
England,E12000002,E06000049,Cheshire East,CHEEA_0c430eb80364,149e9653e4d1
England,E12000002,E06000049,Cheshire East,CHEEA_863a1d1cdc78,0adc0a216371
England,E12000002,E06000049,Cheshire East,CHEEA_f37f7147a956,cd08475b9332
England,E12000002,E06000049,Cheshire East,CHEEA_f36fe946522f,89512737f0bb
England,E12000002,E06000049,Cheshire East,CHEEA_810e141a6610,8504020c39f8
England,E12000002,E06000049,Cheshire East,CHEEA_3d0fcc74f40f,f93123e99458
England,E12000002,E06000049,Cheshire East,CHEEA_9d0815de95ac,e86b50c7d7ea
England,E12000002,E06000049,Cheshire East,CHEEA_8012a19a6c18,1f76b0642e86
England,E12000002,E06000049,Cheshire East,CHEEA_95745096e38b,d922d1fc31e7
England,E12000002,E06000049,Cheshire East,CHEEA_1d613d348228,34a745d1b9a5
England,E12000002,E06000049,Cheshire East,CHEEA_76b602e276b6,62f8547c193b
England,E12000002,E06000049,Cheshire East,CHEEA_2d6cfe055e17,5c8e01665b5c
England,E12000002,E06000049,Cheshire East,CHEEA_e97d4c6ebba0,eaf6a5f694b1
England,E12000002,E06000049,Cheshire East,CHEEA_19b561671e74,f63ca920fd2e
England,E12000002,E06000049,Cheshire East,CHEEA_e9ef714fc83f,01048429ad0f
England,E12000002,E06000049,Cheshire East,CHEEA_52584b718679,876569ca9647
England,E12000002,E06000049,Cheshire East,CHEEA_d7c3ff554488,689dbff14ab1
England,E12000002,E06000049,Cheshire East,CHEEA_43953712b372,9aea844fecef
England,E12000002,E06000049,Cheshire East,CHEEA_8dcea4fc6a23;CHEEA_5cae1d33fd82,9c9d3e12fc73
England,E12000002,E06000049,Cheshire East,CHEEA_878ad9119eb3,4167e5d0a9fc
England,E12000002,E06000049,Cheshire East,CHEEA_49deeccf779c,5dc7b6c06879
England,E12000002,E06000049,Cheshire East,CHEEA_7d3db94a97ca,fe8e0cef1c24
England,E12000002,E06000049,Cheshire East,CHEEA_9da39369f586;CHEEA_9c2c7a333b8c,4850375714e2
England,E12000002,E06000049,Cheshire East,CHEEA_d2b39dcab010,86022bf88ba5
England,E12000002,E06000049,Cheshire East,CHEEA_cdc5f88c1e21,1c628d5ef253
England,E12000002,E06000049,Cheshire East,CHEEA_bb8b11dd36a5,7ccf9bc7ed7b
England,E12000002,E06000049,Cheshire East,CHEEA_9ca306f55c70,cdb76951486c
England,E12000002,E06000049,Cheshire East,CHEEA_9d22d079d6b6,f2ce76f8eef8
England,E12000002,E06000049,Cheshire East,CHEEA_8b912837e06b,219afed1ff17
England,E12000002,E06000049,Cheshire East,CHEEA_649b4a86f60b,49d8eb8131eb
England,E12000002,E06000049,Cheshire East,CHEEA_12d3d9bee2ef,eb40971010bb
England,E12000002,E06000049,Cheshire East,CHEEA_47c7de71d1cb,d1d2f941e9a2
England,E12000002,E06000049,Cheshire East,CHEEA_3d90412ea80b,361600036ece
England,E12000002,E06000049,Cheshire East,CHEEA_3ba3b56acc09,d4085c31dd88
England,E12000002,E06000049,Cheshire East,CHEEA_79a1edd6755c,81b74c071f9e
England,E12000002,E06000049,Cheshire East,CHEEA_555d8f8705ee,8a80bf4d1a3e
England,E12000002,E06000049,Cheshire East,CHEEA_25a82b5e868d,c3d32eefe91c
England,E12000002,E06000049,Cheshire East,CHEEA_be80edf57a6d,f206ab520a45
England,E12000002,E06000049,Cheshire East,CHEEA_691f0a977b94,8819a12cb5ec
England,E12000002,E06000049,Cheshire East,CHEEA_2af7cc0d95da,d20677f42648
England,E12000002,E06000049,Cheshire East,CHEEA_80b2fd20cf9c,91cbe95e686f
England,E12000002,E06000049,Cheshire East,CHEEA_e3cd2f0880ce,26670e3b7fdb
England,E12000002,E06000049,Cheshire East,CHEEA_5f5d996f3feb;CHEEA_11ce59f31ca6,a77e00223700
England,E12000002,E06000049,Cheshire East,CHEEA_a0f26a307531,da906813c507
England,E12000002,E06000049,Cheshire East,CHEEA_adc41e9c8d00;CHEEA_19ac9994c0a0;CHEEA_34cfdab1cbfd;CHEEA_f7963aedcae0;CHEEA_7bb9d355c496;CHEEA_6beb7f626eb6;CHEEA_71081e3968ee;CHEEA_a759fc2a61ae;CHEEA_23a3163af4bc;CHEEA_9495be9518b2;CHEEA_2ade11776482;CHEEA_08ce46682c72;CHEEA_8f334dc5b6e8;CHEEA_9968b9f194b3;CHEEA_e09975b3efe7;CHEEA_d208843e9d34;CHEEA_8e9360297168;CHEEA_4887fc110ab4;CHEEA_991f9a3b0cad;CHEEA_94296b99f2c2;CHEEA_4642d50976b8;CHEEA_2ea4a90ec962;CHEEA_45db1ebcb7fc;CHEEA_42f4843ac53d;CHEEA_b3635e120d2d;CHEEA_0cb8deb32efb;CHEEA_09a62a1612f6;CHEEA_25169de26bc7;CHEEA_4f3fc2174539;CHEEA_d93860d98dd1;CHEEA_e2b23e41ee41;CHEEA_d7f39495da44;CHEEA_2ad0101149ce;CHEEA_2d3337f80bec;CHEEA_007e60050c9b;CHEEA_931495415ffc;CHEEA_0032c269e41c;CHEEA_bcecc28f6ec7;CHEEA_216edd58632d;CHEEA_9c559d1e4f9f;CHEEA_554abff5206d;CHEEA_391ec1f82550,99df30c4345b
England,E12000002,E06000049,Cheshire East,CHEEA_d88153330213,df6c69a344ce
England,E12000002,E06000049,Cheshire East,CHEEA_6725dec949cb,ffdba8dae73d
England,E12000002,E06000049,Cheshire East,CHEEA_a0775bcf3b20,cdb859028b27
England,E12000002,E06000049,Cheshire East,CHEEA_600b75495ef9,828fbfd91923
England,E12000002,E06000049,Cheshire East,CHEEA_7829c0b68815,b1f084df348c
England,E12000002,E06000049,Cheshire East,CHEEA_c3eb4e7eef02,b87a1c3379ab
England,E12000002,E06000049,Cheshire East,CHEEA_a6a47ba26d1e,05754d792e2e
England,E12000002,E06000049,Cheshire East,CHEEA_88184e8ebcf6,0c2144940423
England,E12000002,E06000049,Cheshire East,CHEEA_ddb555101d24;CHEEA_ad863dc6463c,3e557bd2a1bc
England,E12000002,E06000049,Cheshire East,CHEEA_e6bfde27d231,cffaf504cd8d
England,E12000002,E06000049,Cheshire East,CHEEA_3d709069d1eb,2d279dfd9a71
England,E12000002,E06000049,Cheshire East,CHEEA_78e73896f006,c05caa8ad8df
England,E12000002,E06000049,Cheshire East,CHEEA_aa4f723eaf12,1579b2b6562b
England,E12000002,E06000049,Cheshire East,CHEEA_a44789526a4e,5d963e1c4b14
England,E12000002,E06000049,Cheshire East,CHEEA_75b3ec3d3abc,e9292d46fd39
England,E12000002,E06000049,Cheshire East,CHEEA_47771fb25a1e,a99ba7c37357
England,E12000002,E06000049,Cheshire East,CHEEA_d58e984360bb,6ab82fd83ff6
England,E12000002,E06000049,Cheshire East,CHEEA_804140a17183,406a7bd481c7
England,E12000002,E06000049,Cheshire East,CHEEA_cd05c33ce082,3f2cea047759
England,E12000002,E06000049,Cheshire East,CHEEA_38c078a78ad4,de2626c44b29
England,E12000002,E06000049,Cheshire East,CHEEA_bd24dbddc822,5f9d1932ab2e
England,E12000002,E06000049,Cheshire East,CHEEA_5d35be797531,b73a51ccdfe9
England,E12000002,E06000049,Cheshire East,CHEEA_1e1bffe15274,0acf78990bca
England,E12000002,E06000049,Cheshire East,CHEEA_a910511253be,629ef2524b09
England,E12000002,E06000049,Cheshire East,CHEEA_db4b0b5480be,45099a52f358
England,E12000002,E06000049,Cheshire East,CHEEA_3163527046e8,14b76a8a8f9a
England,E12000002,E06000049,Cheshire East,CHEEA_07aa507dae06,7e9331cddab0
England,E12000002,E06000049,Cheshire East,CHEEA_285804fe3f74,8ed03760f5df
England,E12000002,E06000049,Cheshire East,CHEEA_e73920de1a21,d1f61a68609b
England,E12000002,E06000049,Cheshire East,CHEEA_331943786b4c,7c27ad5f3a27
England,E12000002,E06000049,Cheshire East,CHEEA_60f631c00f6c,bdaad7706f86
England,E12000002,E06000049,Cheshire East,CHEEA_dfd1006a2ef7,90b69a41d54d
England,E12000002,E06000049,Cheshire East,CHEEA_5b44cd3f3a6a,90c95fa13a0e
England,E12000002,E06000049,Cheshire East,CHEEA_07dd2610a1cb,c3999913ea90
England,E12000002,E06000049,Cheshire East,CHEEA_4318c7c65f03;CHEEA_d7f1e2f2144d,c22d64313784
England,E12000002,E06000049,Cheshire East,CHEEA_daa133c235bd,6379f841d7f9
England,E12000002,E06000049,Cheshire East,CHEEA_bb53d5eef2fb,9f5e9a2e1f56
England,E12000002,E06000049,Cheshire East,CHEEA_e37187720e54,5209cb321021
England,E12000002,E06000049,Cheshire East,CHEEA_6a1de696ed12,d71a5660aa61
England,E12000002,E06000049,Cheshire East,CHEEA_e03755546866,13ac5f7499e1
England,E12000002,E06000049,Cheshire East,CHEEA_0da3090a2fee,b1efdad22ee6
England,E12000002,E06000049,Cheshire East,CHEEA_37810cc719f0,139c7695af78
England,E12000002,E06000049,Cheshire East,CHEEA_df69d9cd0297,d6f12b72f6aa
England,E12000002,E06000049,Cheshire East,CHEEA_a9ffcec4bb17;CHEEA_1b33047c7471,7eaf85c62097
England,E12000002,E06000049,Cheshire East,CHEEA_cd1c6ec7ad98,4711f1b5bb02
England,E12000002,E06000049,Cheshire East,CHEEA_beda761e5e0a,3588e9c6c1d4
England,E12000002,E06000049,Cheshire East,CHEEA_4fda7e02e152,9aad31cab8cc
England,E12000002,E06000049,Cheshire East,CHEEA_bbc81253b2e7,df93ff48d90d
England,E12000002,E06000049,Cheshire East,CHEEA_d5bb2fa47270,9e9ca180f76b
England,E12000002,E06000049,Cheshire East,CHEEA_ce2087b27e1c,7b0fe643c356
England,E12000002,E06000049,Cheshire East,CHEEA_b17efa16caec,f43b7cbe0c46
England,E12000002,E06000049,Cheshire East,CHEEA_94ccee87d6ec,eb41a86cde14
England,E12000002,E06000049,Cheshire East,CHEEA_dcfa3735e97b,ec98e476ce61
England,E12000002,E06000049,Cheshire East,CHEEA_97a5edec6b10,1090652d378f
England,E12000002,E06000049,Cheshire East,CHEEA_bf24dbd6bbec,d803fa7746ee
England,E12000002,E06000049,Cheshire East,CHEEA_ce593168cd1f,1ff327e4a04c
England,E12000002,E06000049,Cheshire East,CHEEA_e56caf588acc,837444a9b41e
England,E12000002,E06000049,Cheshire East,CHEEA_17947f9b39ce,66900049fd9f
England,E12000002,E06000049,Cheshire East,CHEEA_212a279837fa,8b47766f456a
England,E12000002,E06000049,Cheshire East,CHEEA_060f012f1282,c7c02744d8ab
England,E12000002,E06000049,Cheshire East,CHEEA_d30c02f59053,a155d2117d59
England,E12000002,E06000049,Cheshire East,CHEEA_512d4d9ce98d,cc55af68b4de
England,E12000002,E06000049,Cheshire East,CHEEA_1bd876815406,a8ef81dc3779
England,E12000002,E06000049,Cheshire East,CHEEA_1668cf7711d4,71ab9aa17ad1
England,E12000002,E06000049,Cheshire East,CHEEA_2f6e56cf8d41,4d0d62b723b5
England,E12000002,E06000049,Cheshire East,CHEEA_5b8a135499a1;CHEEA_c938fb07db92,4e33d4588dc1
England,E12000002,E06000049,Cheshire East,CHEEA_6987d290d2d3,50854ab526d2
England,E12000002,E06000049,Cheshire East,CHEEA_86c199fdcb65,858c9513dcdc
England,E12000002,E06000049,Cheshire East,CHEEA_ce389453553c,85039e8f152c
England,E12000002,E06000049,Cheshire East,CHEEA_bc25e40c59df,46ada1e23e18
England,E12000002,E06000049,Cheshire East,CHEEA_5417266923ef,a12e8b4b6b78
England,E12000002,E06000049,Cheshire East,CHEEA_2b7dcd9aa6a8,14ec419f7227
England,E12000002,E06000049,Cheshire East,CHEEA_6e8cf53620f2,a19abba0b6fc
England,E12000002,E06000049,Cheshire East,CHEEA_26dc551e825a,15fef85c3445
England,E12000002,E06000049,Cheshire East,CHEEA_b9744914f05f,f37425aad1f3
England,E12000002,E06000049,Cheshire East,CHEEA_944b1d547a25,442ee41b840f
England,E12000002,E06000049,Cheshire East,CHEEA_ae0faaeb310e,8a9b46dc0867
England,E12000002,E06000049,Cheshire East,CHEEA_d629dbdedfdc,02fe054dd6b8
England,E12000002,E06000049,Cheshire East,CHEEA_d4e216a78726,080a5dd991cd
England,E12000002,E06000049,Cheshire East,CHEEA_3623edb2f8e8,f034a118bec0
England,E12000002,E06000049,Cheshire East,CHEEA_c68d9a2e2fc0,0c6ce385c8ec
England,E12000002,E06000049,Cheshire East,CHEEA_eba2452ba231,748eb7b2e732
England,E12000002,E06000049,Cheshire East,CHEEA_db17c0098e56,4ca1cf1684c8
England,E12000002,E06000049,Cheshire East,CHEEA_c56368c4c60b,b965b154b640
England,E12000002,E06000049,Cheshire East,CHEEA_65db92a899f4,8759a84f55c6
England,E12000002,E06000049,Cheshire East,CHEEA_0fb5e9784860,ffbda7a8b744
England,E12000002,E06000049,Cheshire East,CHEEA_7f7297945def;CHEEA_3ede4984f824;CHEEA_e8ce5820c676;CHEEA_f029dac7e382;CHEEA_2f3544e982c5;CHEEA_65b51ec4baac,7eccd0da51c0
England,E12000002,E06000049,Cheshire East,CHEEA_013e454d28f7,73d43b990cfe
England,E12000002,E06000049,Cheshire East,CHEEA_2ce19c4241a2,3c09006ce2c5
England,E12000002,E06000049,Cheshire East,CHEEA_e6561804d767,ff7ed567465d
England,E12000002,E06000049,Cheshire East,CHEEA_82fbcca7c70d,2fa712ddbde4
England,E12000002,E06000049,Cheshire East,CHEEA_372612f08091,ddd21f3f652d
England,E12000002,E06000049,Cheshire East,CHEEA_b427f5178b1d,f69fcada4951
England,E12000002,E06000049,Cheshire East,CHEEA_cf71e7a13211,978e5720f141
England,E12000002,E06000049,Cheshire East,CHEEA_5f77746aa203,11c72fcc6402
England,E12000002,E06000049,Cheshire East,CHEEA_a1965e009f0f,a21f26067d73
England,E12000002,E06000049,Cheshire East,CHEEA_8a5c555397fd,49d8e283c0ab
England,E12000002,E06000049,Cheshire East,CHEEA_fb54f941df9e,d19b97393ce1
England,E12000002,E06000049,Cheshire East,CHEEA_1c39455477c9,95d7c2b8e527
England,E12000002,E06000049,Cheshire East,CHEEA_4e9b81f70203,9565736d533b
England,E12000002,E06000049,Cheshire East,CHEEA_570374908d0a,daee982dad7a
England,E12000002,E06000049,Cheshire East,CHEEA_280f36bcc771,6e817811da00
England,E12000002,E06000049,Cheshire East,CHEEA_3f06952f26c5,a205e0271516
England,E12000002,E06000049,Cheshire East,CHEEA_72471e79223f,01d2be8b6b8f
England,E12000002,E06000049,Cheshire East,CHEEA_73e22656d2d6,57edc53a5943
England,E12000002,E06000049,Cheshire East,CHEEA_b3edf062ff2a,259cbeadd4d9
England,E12000002,E06000049,Cheshire East,CHEEA_042dcd4eb74f,497f1ba81fb2
England,E12000002,E06000049,Cheshire East,CHEEA_1d53cb205126,9ec3ff1bda00
England,E12000002,E06000049,Cheshire East,CHEEA_3c4f2aba2f8c,6f6d920c1041
England,E12000002,E06000049,Cheshire East,CHEEA_6f0f4a5ed001,cb576e7a6fc6
England,E12000002,E06000049,Cheshire East,CHEEA_43e60e435718,d3c3634b180a
England,E12000002,E06000049,Cheshire East,CHEEA_59c3a0f0a47e,ec6094b8012e
England,E12000002,E06000049,Cheshire East,CHEEA_7c2257b0c448,28c90afb2b34
England,E12000002,E06000049,Cheshire East,CHEEA_547d5c8fe7b6,8fc635896a65
England,E12000002,E06000049,Cheshire East,CHEEA_9335244a25fe,29f3091637b9
England,E12000002,E06000049,Cheshire East,CHEEA_1fb8a01c6cc1,71337321c55c
England,E12000002,E06000049,Cheshire East,CHEEA_8da6d178ae1e,b26df0148651
England,E12000002,E06000049,Cheshire East,CHEEA_2351f4e07261,d79f4f9e437d
England,E12000002,E06000049,Cheshire East,CHEEA_ff40b0e974f9,9388f49e14a8
England,E12000002,E06000049,Cheshire East,CHEEA_9d7766f7684e,433966096f29
England,E12000002,E06000049,Cheshire East,CHEEA_7153217a13ce,367e9b0f1867
England,E12000002,E06000049,Cheshire East,CHEEA_15c8c5347689,e327c63cfbad
England,E12000002,E06000049,Cheshire East,CHEEA_e91a55497c8a,0c127d3eb7ec
England,E12000002,E06000049,Cheshire East,CHEEA_e929d8301e99,53587ac32765
England,E12000002,E06000049,Cheshire East,CHEEA_e7d8d2d1fe6a,8ea8cefa9b92
England,E12000002,E06000049,Cheshire East,CHEEA_dc3112a94bd0,f4b377a47272
England,E12000002,E06000049,Cheshire East,CHEEA_b6ea23c2a44a,5b9b97e61c04
England,E12000002,E06000049,Cheshire East,CHEEA_a3d218021c64,1e64f0a35dd7
England,E12000002,E06000049,Cheshire East,CHEEA_a244bb2bb9ce,505a207529f5
England,E12000002,E06000049,Cheshire East,CHEEA_44d64431ca73,8c0b01e21fcd
England,E12000002,E06000049,Cheshire East,CHEEA_ed530952eeae,af8329a88e48
England,E12000002,E06000049,Cheshire East,CHEEA_a5061dbcddeb,437d8c50d166
England,E12000002,E06000049,Cheshire East,CHEEA_34d8818af8c7,211c810c7c83
England,E12000002,E06000049,Cheshire East,CHEEA_35d242f9b59c,79364be5a722
England,E12000002,E06000049,Cheshire East,CHEEA_991f74d7026e,007dfb81a3c6
England,E12000002,E06000049,Cheshire East,CHEEA_9207a56b46d8,0044dd9d3d66
England,E12000002,E06000049,Cheshire East,CHEEA_0f30f0279edc,8a12df394847
England,E12000002,E06000049,Cheshire East,CHEEA_f0702c2c7aed,7c5e54d87184
England,E12000002,E06000049,Cheshire East,CHEEA_c3bf6549b7e3,1d44237716fc
England,E12000002,E06000049,Cheshire East,CHEEA_9500ffe10797,9db383d3b9b6
England,E12000002,E06000049,Cheshire East,CHEEA_fe5798ade0ac,7d211921f20e
England,E12000002,E06000049,Cheshire East,CHEEA_d23016b56f80,b5df8457c9d6
England,E12000002,E06000049,Cheshire East,CHEEA_e0865a916302,c53b30341dba
England,E12000002,E06000049,Cheshire East,CHEEA_5c89c6df0315,4114fb43a349
England,E12000002,E06000049,Cheshire East,CHEEA_76ac7d98e83a,4185582895d5
England,E12000002,E06000049,Cheshire East,CHEEA_86a9da5dcb3e,2a2b5a865bd2
England,E12000002,E06000049,Cheshire East,CHEEA_cb2e52a67deb,128a12ddb5e9
England,E12000002,E06000049,Cheshire East,CHEEA_6b070c88887e,ca1f1ed2957c
England,E12000002,E06000049,Cheshire East,CHEEA_bcf926ae6ee0,1bd0cd3ca79f
England,E12000002,E06000049,Cheshire East,CHEEA_86603d4df436,02f46fcd8b81
England,E12000002,E06000049,Cheshire East,CHEEA_4c7cca351815,6de8e6bf413d
England,E12000002,E06000049,Cheshire East,CHEEA_5d8a51ef5b37,2dd6980a5f8b
England,E12000002,E06000049,Cheshire East,CHEEA_ed997ea46231,3bb26491f1ec
England,E12000002,E06000049,Cheshire East,CHEEA_b966ea550f61,b2d1e491c4ab
England,E12000002,E06000049,Cheshire East,CHEEA_896c50118226,b5be9dda1c80
England,E12000002,E06000049,Cheshire East,CHEEA_e14934cb9d32,ba26f7df1aab
England,E12000002,E06000049,Cheshire East,CHEEA_f1c364828688,9e14b70b5361
England,E12000002,E06000049,Cheshire East,CHEEA_dff5344e0aee,28d6e667c062
England,E12000002,E06000049,Cheshire East,CHEEA_3d19f60b4dc3,b8f352b10a3a
England,E12000002,E06000049,Cheshire East,CHEEA_33958557b856,9d6291fbb846
England,E12000002,E06000049,Cheshire East,CHEEA_465fc4d3df31,29dcbd8b16ac
England,E12000002,E06000049,Cheshire East,CHEEA_f77be5ef3a72,6deccaf5e53a
England,E12000002,E06000049,Cheshire East,CHEEA_47464779e7ed,b7133aaf88d4
England,E12000002,E06000049,Cheshire East,CHEEA_a328346c32c6,ac9bdf1268cb
England,E12000002,E06000049,Cheshire East,CHEEA_726ddb351b48,0e7ebd547acd
England,E12000002,E06000049,Cheshire East,CHEEA_e6d9fcd89faf,92cfb7f29689
England,E12000002,E06000049,Cheshire East,CHEEA_4844494654cc,1a38fb699230
England,E12000002,E06000049,Cheshire East,CHEEA_aad45625f1f3,615905927acb
England,E12000002,E06000049,Cheshire East,CHEEA_c1a6dfb8e6eb,3e2fddfa3b60
England,E12000002,E06000049,Cheshire East,CHEEA_2b57b9ee6834,496a08df46e0
England,E12000002,E06000049,Cheshire East,CHEEA_7a84c8b8a9af,c6201b5432b5
England,E12000002,E06000049,Cheshire East,CHEEA_8fbb88788f42,eba44e2c85c6
England,E12000002,E06000049,Cheshire East,CHEEA_1627ea60a56c,744684804c23
England,E12000002,E06000049,Cheshire East,CHEEA_cca752912fe5,0747f3a08f42
England,E12000002,E06000049,Cheshire East,CHEEA_1b127524fc95,7c9228859610
England,E12000002,E06000049,Cheshire East,CHEEA_719dc2d6bd5e,49f1f9b03b4a
England,E12000002,E06000049,Cheshire East,CHEEA_f7663039eb66,3443bfeda4a2
England,E12000002,E06000049,Cheshire East,CHEEA_91136c8f16be,1c858ce73c47
England,E12000002,E06000049,Cheshire East,CHEEA_26c878ff39ba,c07995a273f2
England,E12000002,E06000049,Cheshire East,CHEEA_a389b57e7a63,2e64b0a2fb7f
England,E12000002,E06000049,Cheshire East,CHEEA_62c98d9fa288,45e89534b8ad
England,E12000002,E06000049,Cheshire East,CHEEA_15ac2fd416f7,f7c92e28ff44
England,E12000002,E06000049,Cheshire East,CHEEA_2b876eb4542e,013b96c2cf75
England,E12000002,E06000049,Cheshire East,CHEEA_7ec4b6e2cf27,732a78fa98b3
England,E12000002,E06000049,Cheshire East,CHEEA_a6681858ff96,7d652fcdf891
England,E12000002,E06000049,Cheshire East,CHEEA_ce299c0b0e36,2c25c5f8545d
England,E12000002,E06000049,Cheshire East,CHEEA_c7ee99ea1a5b,2006a0572210
England,E12000002,E06000049,Cheshire East,CHEEA_57224d12d81e,f3c427a3dc52
England,E12000002,E06000049,Cheshire East,CHEEA_8dffbbc56b36,6a5fb237ad05
England,E12000002,E06000049,Cheshire East,CHEEA_c8da4c619b76,eaf87849b6f2
England,E12000002,E06000049,Cheshire East,CHEEA_94d5bec3b847,ca5d306c64d8
England,E12000002,E06000049,Cheshire East,CHEEA_6ae75d7a3ae8,dc4b05648300
England,E12000002,E06000049,Cheshire East,CHEEA_a36c133b7cbf,716a26430264
England,E12000002,E06000049,Cheshire East,CHEEA_a1ba7bd73034,0ed0e7dcf937
England,E12000002,E06000049,Cheshire East,CHEEA_2aa993bde9f7,60305187cb7b
England,E12000002,E06000049,Cheshire East,CHEEA_a748b7aab1d6,00ed571345ef
England,E12000002,E06000049,Cheshire East,CHEEA_30276b2c5b1f,c9d1d9e6878d
England,E12000002,E06000049,Cheshire East,CHEEA_e493152689c3,1e3f0592e55e
England,E12000002,E06000049,Cheshire East,CHEEA_fceac02f3999,033fa629fc45
England,E12000002,E06000049,Cheshire East,CHEEA_2a3818ac9bdd,b84aa33a55c7
England,E12000002,E06000049,Cheshire East,CHEEA_78de4cf3730b,4435966a4caf
England,E12000002,E06000049,Cheshire East,CHEEA_ec1171d506e8,a13cd84d01b5
England,E12000002,E06000049,Cheshire East,CHEEA_069eecfc06cf,99ad08c6d318
England,E12000002,E06000049,Cheshire East,CHEEA_2d3722003a37,f234fc40edd9
England,E12000002,E06000049,Cheshire East,CHEEA_86ab14d1b573,07ebbe51c1e5
England,E12000002,E06000049,Cheshire East,CHEEA_372f20ecbd40,f316ad09b0f6
England,E12000002,E06000049,Cheshire East,CHEEA_81e686ec9845,9311c21fba70
England,E12000002,E06000049,Cheshire East,CHEEA_ac9fe83fc8a4,d787e365d3e0
England,E12000002,E06000049,Cheshire East,CHEEA_12259a4e2aa4,3b714199e6be
England,E12000002,E06000049,Cheshire East,CHEEA_577811547296,d6e6a237dd3c
England,E12000002,E06000049,Cheshire East,CHEEA_d5bcc6f7bcd2,875b623d226c
England,E12000002,E06000049,Cheshire East,CHEEA_3405d14383de,b02f88bcb775
England,E12000002,E06000049,Cheshire East,CHEEA_ae34ba45c4a6,90a692fe197c
England,E12000002,E06000049,Cheshire East,CHEEA_82e1db57060e,b39735340c73
England,E12000002,E06000049,Cheshire East,CHEEA_70d5412605ab,7391dd60c7ab
England,E12000002,E06000049,Cheshire East,CHEEA_dbbcc1fd1a20,c3c3f43116f1
England,E12000002,E06000049,Cheshire East,CHEEA_40323fd6dee9,b09c23e8ed4e
England,E12000002,E06000049,Cheshire East,CHEEA_b111733ca64d,acfbe65184be
England,E12000002,E06000049,Cheshire East,CHEEA_b3aea195a5da;CHEEA_cac1f879700a,aa24a450b253
England,E12000002,E06000049,Cheshire East,CHEEA_c4a0ef30236f,7557f073174e
England,E12000002,E06000049,Cheshire East,CHEEA_b49f78660aa7,5710f37832a0
England,E12000002,E06000049,Cheshire East,CHEEA_9383063891f6;CHEEA_8695d643d8d1,4abd5e23bb2f
England,E12000002,E06000049,Cheshire East,CHEEA_81f749cf00ad,fc3d4ac36852
England,E12000002,E06000049,Cheshire East,CHEEA_26f0c64350e7,e038aa323641
England,E12000002,E06000049,Cheshire East,CHEEA_da3479321d4b,cb38aa41e980
England,E12000002,E06000049,Cheshire East,CHEEA_cfa4e027da0b,fa2c406ca1c8
England,E12000002,E06000049,Cheshire East,CHEEA_11b5acae60fb,a6c359c8b0fc
England,E12000002,E06000049,Cheshire East,CHEEA_737f8e9b0bf3,5f2805033661
England,E12000002,E06000049,Cheshire East,CHEEA_83e2a1990f48,97d83828123f
England,E12000002,E06000049,Cheshire East,CHEEA_0fa79999bb8a,2980b1b866b1
England,E12000002,E06000049,Cheshire East,CHEEA_7f6e08d15c86,03344ab5a628
England,E12000002,E06000049,Cheshire East,CHEEA_3e60b83e7bb1,47a56b8d842c
England,E12000002,E06000049,Cheshire East,CHEEA_904f93aa5ecb,52d6dcc183d3
England,E12000002,E06000049,Cheshire East,CHEEA_9a7641d09300,34788ce61e74
England,E12000002,E06000049,Cheshire East,CHEEA_fd67844e67d9,125a46df2a6d
England,E12000002,E06000049,Cheshire East,CHEEA_280b3d3bcbee,135027b9839f
England,E12000002,E06000049,Cheshire East,CHEEA_c0a6d0f06190,daec545fe279
England,E12000002,E06000049,Cheshire East,CHEEA_c69f9d06b291,dd80dbae5b7f
England,E12000002,E06000049,Cheshire East,CHEEA_8b2d6bfb7c04,df913d687315
England,E12000002,E06000049,Cheshire East,CHEEA_0e531c15b188,2d60fc8d43ce
England,E12000002,E06000049,Cheshire East,CHEEA_cbc4abe969a1,b4c5c7b5f3cc
England,E12000002,E06000049,Cheshire East,CHEEA_5c757d58b1e1,f7a05ec9e3b4
England,E12000002,E06000049,Cheshire East,CHEEA_a7d55252d00c,cd9610f32d77
England,E12000002,E06000049,Cheshire East,CHEEA_b9118b276829,192928ac3cd4
England,E12000002,E06000049,Cheshire East,CHEEA_db9aad5d699c,6a9b4f6d76b3
England,E12000002,E06000049,Cheshire East,CHEEA_ce2decb53083,234dc36d901c
England,E12000002,E06000049,Cheshire East,CHEEA_74586eda5ad3,448fb6e2f092
England,E12000002,E06000049,Cheshire East,CHEEA_282515085f45,0512485c1728
England,E12000002,E06000049,Cheshire East,CHEEA_18dd3aeaf3b8,693d21260dc3
England,E12000002,E06000049,Cheshire East,CHEEA_98a6f7a363f9,d5ede2254db7
England,E12000002,E06000049,Cheshire East,CHEEA_81442d85301b,a3ce41f8ffbc
England,E12000002,E06000049,Cheshire East,CHEEA_4b1e4f2d0211,c8b712a28d80
England,E12000002,E06000049,Cheshire East,CHEEA_1395df839c83,b8b41ac75427
England,E12000002,E06000049,Cheshire East,CHEEA_2a486a99097c,60914ecf11a4
England,E12000002,E06000049,Cheshire East,CHEEA_8341586a1dc2,4249c891da70
England,E12000002,E06000049,Cheshire East,CHEEA_d6c36f5b8e2a,08c61f153bb6
England,E12000002,E06000049,Cheshire East,CHEEA_e834f4a2c8d2,ab4ab83198d8
England,E12000002,E06000049,Cheshire East,CHEEA_7a1868aa05fc,86fac2244782
England,E12000002,E06000049,Cheshire East,CHEEA_1c0267fe4964,eb49aced3aed
England,E12000002,E06000049,Cheshire East,CHEEA_ea71c83ddbcf,29eea0f092c9
England,E12000002,E06000049,Cheshire East,CHEEA_fb52dcc89ec6,793ec085b3c0
England,E12000002,E06000049,Cheshire East,CHEEA_ec7ea029adc9,4423a0163a2b
England,E12000002,E06000049,Cheshire East,CHEEA_63ed317836d0,cee29c066a92
England,E12000002,E06000049,Cheshire East,CHEEA_3043b043aa3a,c35ebf34a507
England,E12000002,E06000049,Cheshire East,CHEEA_70f8010ce440,ced6bb64e25b
England,E12000002,E06000049,Cheshire East,CHEEA_a3df36b18a8e,71fa9db19e59
England,E12000002,E06000049,Cheshire East,CHEEA_35d3f5c7c941,1119ab73e6a1
England,E12000002,E06000049,Cheshire East,CHEEA_12b79c3b3ef3,3cd1ff29e57b
England,E12000002,E06000049,Cheshire East,CHEEA_a109fbc97a30,8d1d80c09764
England,E12000002,E06000049,Cheshire East,CHEEA_c6a6aaa70f95,93b2e7673fc5
England,E12000002,E06000049,Cheshire East,CHEEA_2f2f61cf99c0,4f76b774759b
England,E12000002,E06000049,Cheshire East,CHEEA_a441d4b3662d,b1d6ff08addd
England,E12000002,E06000049,Cheshire East,CHEEA_34cadd227626,fd596d1e1525
England,E12000002,E06000049,Cheshire East,CHEEA_24eba492d207,9439acc1766b
England,E12000002,E06000049,Cheshire East,CHEEA_740daa35779d,ac88329ccb0d
England,E12000002,E06000049,Cheshire East,CHEEA_1540ac777c6d,9f365eb84b58
England,E12000002,E06000049,Cheshire East,CHEEA_211f727b4831,be3161fbef75
England,E12000002,E06000049,Cheshire East,CHEEA_2fc1cbb73752,11332fa28d30
England,E12000002,E06000049,Cheshire East,CHEEA_271679e25cf8,5c84ddf53ab0
England,E12000002,E06000049,Cheshire East,CHEEA_e09282efe390,2a05806b07b0
England,E12000002,E06000049,Cheshire East,CHEEA_d345d6191567,93c750fbd055
England,E12000002,E06000049,Cheshire East,CHEEA_f26879c2ac17,002a5d7ef360
England,E12000002,E06000049,Cheshire East,CHEEA_ea7a48579cbc,a1fe13d1da85
England,E12000002,E06000049,Cheshire East,CHEEA_d6c4f85bc096,974ad54c2430
England,E12000002,E06000049,Cheshire East,CHEEA_ca090628895e,3a258cd417e7
England,E12000002,E06000049,Cheshire East,CHEEA_33c06f5c7315,5796eaf7b0f3
England,E12000002,E06000049,Cheshire East,CHEEA_53c9b86b0d22,8b69869b042d
England,E12000002,E06000049,Cheshire East,CHEEA_d2d9f8a400bc,0b4d32ab0478
England,E12000002,E06000049,Cheshire East,CHEEA_28789279f55c,1c317aef143f
England,E12000002,E06000049,Cheshire East,CHEEA_e628de86ccf2,d486c212df01
England,E12000002,E06000049,Cheshire East,CHEEA_447052f2a2c9,7d4be18e8992
England,E12000002,E06000049,Cheshire East,CHEEA_9f9d8d749fa2,9ff7a47a77a6
England,E12000002,E06000049,Cheshire East,CHEEA_2a32f3503a17,50d614fa28a7
England,E12000002,E06000049,Cheshire East,CHEEA_f5e24013d1e8,7a59af1e2d1b
England,E12000002,E06000049,Cheshire East,CHEEA_9b62554f3c5c,a28788ffc3e1
England,E12000002,E06000049,Cheshire East,CHEEA_f8fe0880e1c4,96b506cd0bca
England,E12000002,E06000049,Cheshire East,CHEEA_19a1f1d27da6,f3bbe943e0ad
England,E12000002,E06000049,Cheshire East,CHEEA_191a107250e5,cd79c670a1e1
England,E12000002,E06000049,Cheshire East,CHEEA_cce2dfa50bd9,34c48415d0b8
England,E12000002,E06000049,Cheshire East,CHEEA_a3bd65be4b81,08274aedd200
England,E12000002,E06000049,Cheshire East,CHEEA_f40638333f21,0e79a95735fb
England,E12000002,E06000049,Cheshire East,CHEEA_6a88d5f67761,a8099ccf3591
England,E12000002,E06000049,Cheshire East,CHEEA_bb52a4d39115,8de3aee51bc1
England,E12000002,E06000049,Cheshire East,CHEEA_16e7cb1a6315,2ea3f2b876b0
England,E12000002,E06000049,Cheshire East,CHEEA_55150fe44d35,c158c5187be1
England,E12000002,E06000049,Cheshire East,CHEEA_94d473263eb0,44c737f37cc5
England,E12000002,E06000049,Cheshire East,CHEEA_c3a73370f296,6a071c6e79e4
England,E12000002,E06000049,Cheshire East,CHEEA_7cfe34a903cc,a9a26ecff381
England,E12000002,E06000049,Cheshire East,CHEEA_49dfa71eb959,d9391e0b5f05
England,E12000002,E06000049,Cheshire East,CHEEA_ca1d77dfe956,147a52ddb534
England,E12000002,E06000049,Cheshire East,CHEEA_05d42156872a,dd30dcf84da7
England,E12000002,E06000049,Cheshire East,CHEEA_bbf926a6fd89,32823aee3f6e
England,E12000002,E06000049,Cheshire East,CHEEA_8d0fc8befb47,37c37725f7ea
England,E12000002,E06000049,Cheshire East,CHEEA_e0ab853b8204,6a5675951723
England,E12000002,E06000049,Cheshire East,CHEEA_1fa7d159c541,9fe4b20d72bb
England,E12000002,E06000049,Cheshire East,CHEEA_ea63f1dca47b,4c87bac5431b
England,E12000002,E06000049,Cheshire East,CHEEA_39bc61e2f6dd,5caa1689eb5a
England,E12000002,E06000049,Cheshire East,CHEEA_f21346f4287a,d8cd2214abed
England,E12000002,E06000049,Cheshire East,CHEEA_97186f1dd765,d1b82b5f959e
England,E12000002,E06000049,Cheshire East,CHEEA_b94a87f89d58,ee6640e20efd
England,E12000002,E06000049,Cheshire East,CHEEA_ed86af49582f,b4fdc3d8633c
England,E12000002,E06000049,Cheshire East,CHEEA_36f8be8b18d5,0de95701c6ae
England,E12000002,E06000049,Cheshire East,CHEEA_a80183f92acf,6c0e5e1a83c6
England,E12000002,E06000049,Cheshire East,CHEEA_08c72a94968d,20020c563540
England,E12000002,E06000049,Cheshire East,CHEEA_09ab1cbda6c6,47593370285d
England,E12000002,E06000049,Cheshire East,CHEEA_ad3a300662b3,c87f73dec6dc
England,E12000002,E06000049,Cheshire East,CHEEA_95a6b2c1a79a,bebc66c4f856
England,E12000002,E06000049,Cheshire East,CHEEA_cf0720ffca85,db8276ee2e2b
England,E12000002,E06000049,Cheshire East,CHEEA_8427175edd52,4d9615d00e25
England,E12000002,E06000049,Cheshire East,CHEEA_e9c1214b169d,50034d2c73b5
England,E12000002,E06000049,Cheshire East,CHEEA_acd26ed7f429,9605128a54d1
England,E12000002,E06000049,Cheshire East,CHEEA_8c58290eb762,29c8b1be14d5
England,E12000002,E06000049,Cheshire East,CHEEA_6bcbee272095,c8f1d4d8c860
England,E12000002,E06000049,Cheshire East,CHEEA_cc88e1236a7e,2ed7fd24d3df
England,E12000002,E06000049,Cheshire East,CHEEA_c6c726ed6289,0c345ddeaedc
England,E12000002,E06000049,Cheshire East,CHEEA_dc941884c3ea,e82ae766f7a8
England,E12000002,E06000049,Cheshire East,CHEEA_76e67474e48a,65a850946c42
England,E12000002,E06000049,Cheshire East,CHEEA_9880d797fbb9,024a51818355
England,E12000002,E06000049,Cheshire East,CHEEA_a6e25c4ffa9b,10a81feed4da
England,E12000002,E06000049,Cheshire East,CHEEA_4a636e8d700d,4faba376149c
England,E12000002,E06000049,Cheshire East,CHEEA_cdf143f4a74d,7bbbc7c875e3
England,E12000002,E06000049,Cheshire East,CHEEA_dd64e921d9f4,d9fa617ef0d2
England,E12000002,E06000049,Cheshire East,CHEEA_cdde7c908e1c,f575a10ffe49
England,E12000002,E06000049,Cheshire East,CHEEA_f885388034a3,7a890672c4e3
England,E12000002,E06000049,Cheshire East,CHEEA_f59a3daec059,9624991d8147
England,E12000002,E06000049,Cheshire East,CHEEA_337086d8593a,78324eb75b71
England,E12000002,E06000049,Cheshire East,CHEEA_7426e19401b9,5e0e03a278d3
England,E12000002,E06000049,Cheshire East,CHEEA_a629d36b9994,b507e6e452c6
England,E12000002,E06000049,Cheshire East,CHEEA_648b1dbefbcd,e2270352c72e
England,E12000002,E06000049,Cheshire East,CHEEA_fb4f772a03b1,bd7ebb2867a7
England,E12000002,E06000049,Cheshire East,CHEEA_33b67012463e,4e592dec7b32
England,E12000002,E06000049,Cheshire East,CHEEA_62984056f484,4ac0c6d3e1bd
England,E12000002,E06000049,Cheshire East,CHEEA_a26de4d071de,85f7504fe9b4
England,E12000002,E06000049,Cheshire East,CHEEA_7f2403b676ee,8ee6b2382cca
England,E12000002,E06000049,Cheshire East,CHEEA_fc612bf97b8e,42660f450be1
England,E12000002,E06000049,Cheshire East,CHEEA_03947605bc93,0fc5a3156550
England,E12000002,E06000049,Cheshire East,CHEEA_852220eeca74,85a505a651ca
England,E12000002,E06000049,Cheshire East,CHEEA_56d76245d91c,dc9e360d1a0c
England,E12000002,E06000049,Cheshire East,CHEEA_bfd08ecb9f06,58183d542483
England,E12000002,E06000049,Cheshire East,CHEEA_221d8c3cd780,6e61fd10fe37
England,E12000002,E06000049,Cheshire East,CHEEA_59fda9a36ae8,33d9915e7335
England,E12000002,E06000049,Cheshire East,CHEEA_5420ae3405d8,559b22fb19c3
England,E12000002,E06000049,Cheshire East,CHEEA_dfa9315b833b,8d568eabcf3b
England,E12000002,E06000049,Cheshire East,CHEEA_e26d6d29f2b9,46d78a925043
England,E12000002,E06000049,Cheshire East,CHEEA_8c6868e92abe,36c84b6ac1d6
England,E12000002,E06000049,Cheshire East,CHEEA_3743696ba426,4935b37f656c
England,E12000002,E06000049,Cheshire East,CHEEA_14a9138d97d4,7e65a8faa743
England,E12000002,E06000049,Cheshire East,CHEEA_f6210000347e,ba1437c8bfce
England,E12000002,E06000049,Cheshire East,CHEEA_9bd7365f711c,ce8c5ba8cbdc
England,E12000002,E06000049,Cheshire East,CHEEA_56eaed143aa1,9fb23db5baf6
England,E12000002,E06000049,Cheshire East,CHEEA_517bed994ac9,c78f1ffef12d
England,E12000002,E06000049,Cheshire East,CHEEA_a7cadb8387bd,b62dcfb16283
England,E12000002,E06000049,Cheshire East,CHEEA_7937a58d9554,63753a63b240
England,E12000002,E06000049,Cheshire East,CHEEA_274e30426ed0,c7712d108cc8
England,E12000002,E06000049,Cheshire East,CHEEA_35cfb488c662,02e6b5cd61f9
England,E12000002,E06000049,Cheshire East,CHEEA_c2f95ef69699,23a7b2b6721e
England,E12000002,E06000049,Cheshire East,CHEEA_29f6788bce5b,b636fc56e3a9
England,E12000002,E06000049,Cheshire East,CHEEA_e9bb0bbb2218,288c3e2a2fa8
England,E12000002,E06000049,Cheshire East,CHEEA_9a72e0d18eac,e75046f9dfaf
England,E12000002,E06000049,Cheshire East,CHEEA_6ef5e69d56f8,e16a2080efab
England,E12000002,E06000049,Cheshire East,CHEEA_183935712c0b,d5c509558aad
England,E12000002,E06000049,Cheshire East,CHEEA_89dd01733ca5,ef6ec86a3792
England,E12000002,E06000049,Cheshire East,CHEEA_399734b09521,41082f2000a2
England,E12000002,E06000049,Cheshire East,CHEEA_5aa7b0ec19a5,028720876fc3
England,E12000002,E06000049,Cheshire East,CHEEA_6ab275ea84e1,497f24d77419
England,E12000002,E06000049,Cheshire East,CHEEA_caed76880645,bafaa9341321
England,E12000002,E06000049,Cheshire East,CHEEA_e774d422f12c,50b74c3cf140
England,E12000002,E06000049,Cheshire East,CHEEA_e90566342194,4c68ad7dc1ca
England,E12000002,E06000049,Cheshire East,CHEEA_468e2a63ec9b,5072fa2de5d6
England,E12000002,E06000049,Cheshire East,CHEEA_b4af2fe7c957,ef33cead8975
England,E12000002,E06000049,Cheshire East,CHEEA_0203c3512dc0,766be853b9c0
England,E12000002,E06000049,Cheshire East,CHEEA_ef119709e526,58dbeb56e2ad
England,E12000002,E06000049,Cheshire East,CHEEA_5245b8348ffc,63a8cc188a8f
England,E12000002,E06000049,Cheshire East,CHEEA_33de8483be85,955a97dcacb0
England,E12000002,E06000049,Cheshire East,CHEEA_6f7e52f2ccf9,133214a40023
England,E12000002,E06000049,Cheshire East,CHEEA_adfdbdefc5e4,fec91021d6ec
England,E12000002,E06000049,Cheshire East,CHEEA_a801730ad17e,af5629718168
England,E12000002,E06000049,Cheshire East,CHEEA_b96ef1039077,d08c7cfdce41
England,E12000002,E06000049,Cheshire East,CHEEA_7360af0d6ab3,2efd052755ec
England,E12000002,E06000049,Cheshire East,CHEEA_7df58c73cc8e,3687b3a3ebfa
England,E12000002,E06000049,Cheshire East,CHEEA_24317d108a9b,e73d564adb68
England,E12000002,E06000049,Cheshire East,CHEEA_8d6b7ecb693c,be9bfd42f317
England,E12000002,E06000049,Cheshire East,CHEEA_cc908ff82e3c,fdb625d25379
England,E12000002,E06000049,Cheshire East,CHEEA_c9ab85fefdf7,122ac351b8bd
England,E12000002,E06000049,Cheshire East,CHEEA_eda626d500de,6832bbda7417
England,E12000002,E06000049,Cheshire East,CHEEA_136570b73196,934e78f23ac2
England,E12000002,E06000049,Cheshire East,CHEEA_798e784cbaa4,207da9507b7f
England,E12000002,E06000049,Cheshire East,CHEEA_cab50ff25867,a9063f4fb169
England,E12000002,E06000049,Cheshire East,CHEEA_20b6ee440592,e2fcf90b1eba
England,E12000002,E06000049,Cheshire East,CHEEA_6b4c91ac5bfb,3cc8a5450bd4
England,E12000002,E06000049,Cheshire East,CHEEA_a2feda6ec21d,7514b1300b1f
England,E12000002,E06000049,Cheshire East,CHEEA_8de23b9740eb,88b76894e351
England,E12000002,E06000049,Cheshire East,CHEEA_736ac34114a9,e69767c5a783
England,E12000002,E06000049,Cheshire East,CHEEA_3c7fc8d5097e,fd9814161153
England,E12000002,E06000049,Cheshire East,CHEEA_bfc12ed40dc8,6494a45982a7
England,E12000002,E06000049,Cheshire East,CHEEA_0c3bd47d5d48,0875879bd8b0
England,E12000002,E06000049,Cheshire East,CHEEA_fc6d964d9854,736c712c0030
England,E12000002,E06000049,Cheshire East,CHEEA_5173f494cfbd,317708aca7ad
England,E12000002,E06000049,Cheshire East,CHEEA_354f0feba3be,cf5a9fb605e5
England,E12000002,E06000049,Cheshire East,CHEEA_23543f1afe24,029f8889d468
England,E12000002,E06000049,Cheshire East,CHEEA_8aa5b51c2757,1feab8cc305b
England,E12000002,E06000049,Cheshire East,CHEEA_cac7e6575a5f,e46dcd5cb065
England,E12000002,E06000049,Cheshire East,CHEEA_0fbb499a594c,e3d7d8e4e6ff
England,E12000002,E06000049,Cheshire East,CHEEA_520a96c422af,20018633427b
England,E12000002,E06000049,Cheshire East,CHEEA_f9a8df112e5b,60a28eb1f69a
England,E12000002,E06000049,Cheshire East,CHEEA_55b42ae5b704,f83713643ed9
England,E12000002,E06000049,Cheshire East,CHEEA_f217df1647cf,99b8b9cf412c
England,E12000002,E06000049,Cheshire East,CHEEA_a3c84c42dee1,340a0eb5ab18
England,E12000002,E06000049,Cheshire East,CHEEA_54ae1fb1dd60,6a22b31fd337
England,E12000002,E06000049,Cheshire East,CHEEA_bfd055052160,29d6afe644d4
England,E12000002,E06000049,Cheshire East,CHEEA_f15264979f0a,2a9403c0c056
England,E12000002,E06000049,Cheshire East,CHEEA_d48b7ceb2ad4,fa4ea5b63843
England,E12000002,E06000049,Cheshire East,CHEEA_71efc68ede76,1edcd0579c45
England,E12000002,E06000049,Cheshire East,CHEEA_87f4b50f4838,5f721329f0ec
England,E12000002,E06000049,Cheshire East,CHEEA_7b9847d2a3f8,91ee4bc2e524
England,E12000002,E06000049,Cheshire East,CHEEA_8a11df601135,b61a1a968262
England,E12000002,E06000049,Cheshire East,CHEEA_828683c9b405,404d6996b104
England,E12000002,E06000049,Cheshire East,CHEEA_e1ae944015bc,76abb34cb72d
England,E12000002,E06000049,Cheshire East,CHEEA_198a75bad77e,a57bb1898b52
England,E12000002,E06000049,Cheshire East,CHEEA_0942d96a894d,e019d4eab1e9
England,E12000002,E06000049,Cheshire East,CHEEA_323504b896ee,792d84b9ac65
England,E12000002,E06000049,Cheshire East,CHEEA_ad36d6ae8095,0ea3e81ca36a
England,E12000002,E06000049,Cheshire East,CHEEA_39d04caaeaf9,19cceb07faf2
England,E12000002,E06000049,Cheshire East,CHEEA_40c65defaf3a,d92defe14ef2
England,E12000002,E06000049,Cheshire East,CHEEA_3d2354f25ee7,b5a350cdd14c
England,E12000002,E06000049,Cheshire East,CHEEA_2f31b8832539,057c354ae94f
England,E12000002,E06000049,Cheshire East,CHEEA_bbfc0db4a2c7,717570551539
England,E12000002,E06000049,Cheshire East,CHEEA_d2a2190fe269,d9cfb8c44d97
England,E12000002,E06000049,Cheshire East,CHEEA_e1ecfbd54cbb,76eef8b3cdeb
England,E12000002,E06000049,Cheshire East,CHEEA_42e8200e2166,3a998cebc548
England,E12000002,E06000049,Cheshire East,CHEEA_a322f9a83574,e84b2c5c3b3f
England,E12000002,E06000049,Cheshire East,CHEEA_28c040ba146b,bcd7a4548a88
England,E12000002,E06000049,Cheshire East,CHEEA_af1a43dfba8d,632df6cf2a9a
England,E12000002,E06000049,Cheshire East,CHEEA_83f2e06c0336,2de1f140eb5f
England,E12000002,E06000049,Cheshire East,CHEEA_7e7268006dae,1e9c07a3f33f
England,E12000002,E06000049,Cheshire East,CHEEA_269810319d52,9d6252f0ff03
England,E12000002,E06000049,Cheshire East,CHEEA_07283d1a79be,559a04c05e84
England,E12000002,E06000049,Cheshire East,CHEEA_b4fff5897241,90e144245821
England,E12000002,E06000049,Cheshire East,CHEEA_fc9af3771611,e5caa6918f60
England,E12000002,E06000049,Cheshire East,CHEEA_1f7ade2b5a54,f55c10b90ec7
England,E12000002,E06000049,Cheshire East,CHEEA_087bfe5706bc,4954392c4bb9
England,E12000002,E06000049,Cheshire East,CHEEA_3ccdf2e54314,f6cd00906565
England,E12000002,E06000049,Cheshire East,CHEEA_346412d698e5,4f6dbfd0d93f
England,E12000002,E06000049,Cheshire East,CHEEA_541db76f742d,a452f08413dc
England,E12000002,E06000049,Cheshire East,CHEEA_f2b5461b2ba5,25eccb90ff27
England,E12000002,E06000049,Cheshire East,CHEEA_fd8d5d916e41,be369a28b1e5
England,E12000002,E06000049,Cheshire East,CHEEA_4c8ceb805913,d5a526d1787b
