{
"type": "FeatureCollection",
"name": "TAMES_105_NACH",
"crs": { "type": "name", "properties": { "name": "urn:ogc:def:crs:OGC:1.3:CRS84" } },
"features": [
{ "type": "Feature", "properties": { "id": 39, "nach": 0.51433872844287043 }, "geometry": { "type": "LineString", "coordinates": [ [ -2.0944077, 53.4561378 ], [ -2.088310972864575, 53.454986965080344 ] ] } },
{ "type": "Feature", "properties": { "id": 43, "nach": 0.52437407104159317 }, "geometry": { "type": "LineString", "coordinates": [ [ -2.0943269, 53.4560163 ], [ -2.088223476873287, 53.454789380299395 ] ] } },
{ "type": "Feature", "properties": { "id": 39, "nach": 0.51433872844287043 }, "geometry": { "type": "LineString", "coordinates": [ [ -2.088310972864575, 53.454986965080344 ], [ -2.0847235, 53.4537522 ] ] } },
{ "type": "Feature", "properties": { "id": 44, "nach": 0.60944396634896503 }, "geometry": { "type": "LineString", "coordinates": [ [ -2.0847235, 53.4537522 ], [ -2.083620524686652, 53.453616802734139 ] ] } },
{ "type": "Feature", "properties": { "id": 45, "nach": 0.66399390117570301 }, "geometry": { "type": "LineString", "coordinates": [ [ -2.0847235, 53.4537522 ], [ -2.083689701163324, 53.453579455945949 ] ] } },
{ "type": "Feature", "properties": { "id": 40, "nach": 0.41574344242833317 }, "geometry": { "type": "LineString", "coordinates": [ [ -2.0727013, 53.4530949 ], [ -2.0747569, 53.452686799999988 ], [ -2.0752933, 53.4525782 ], [ -2.0757734, 53.452426500000016 ], [ -2.0759716, 53.4523031 ], [ -2.0760159, 53.4522753 ], [ -2.0761908, 53.4521655 ] ] } },
{ "type": "Feature", "properties": { "id": 41, "nach": 0.60282595069771283 }, "geometry": { "type": "LineString", "coordinates": [ [ -2.0727013, 53.4530949 ], [ -2.075632886434341, 53.452841673821432 ] ] } },
{ "type": "Feature", "properties": { "id": 37007, "nach": 0.33432678587459619 }, "geometry": { "type": "LineString", "coordinates": [ [ -2.0727013, 53.4530949 ], [ -2.037096084851516, 53.455031487000795 ] ] } },
{ "type": "Feature", "properties": { "id": 14945, "nach": 0.71743479211153283 }, "geometry": { "type": "LineString", "coordinates": [ [ -2.0761908, 53.4521655 ], [ -2.076037, 53.4520668 ], [ -2.0760046, 53.452046 ], [ -2.0759298, 53.451998 ], [ -2.0755942, 53.4517827 ], [ -2.075186, 53.4515049 ], [ -2.0751227, 53.4514476 ], [ -2.0750908, 53.4514186 ], [ -2.0749392, 53.4512812 ] ] } },
{ "type": "Feature", "properties": { "id": 25699, "nach": 0.72446146717894555 }, "geometry": { "type": "LineString", "coordinates": [ [ -2.0764012, 53.45230140000001 ], [ -2.0761908, 53.4521655 ] ] } },
{ "type": "Feature", "properties": { "id": 14944, "nach": 0.57914176208140822 }, "geometry": { "type": "LineString", "coordinates": [ [ -2.0761908, 53.4521655 ], [ -2.0763735, 53.4520065 ] ] } },
{ "type": "Feature", "properties": { "id": 43, "nach": 0.52437407104159317 }, "geometry": { "type": "LineString", "coordinates": [ [ -2.088223476873287, 53.454789380299395 ], [ -2.0859775, 53.4539376 ] ] } },
{ "type": "Feature", "properties": { "id": 41, "nach": 0.60282595069771283 }, "geometry": { "type": "LineString", "coordinates": [ [ -2.083833294092823, 53.453491137455551 ], [ -2.0859775, 53.4539376 ] ] } },
{ "type": "Feature", "properties": { "id": 1020, "nach": 0.65941266603598458 }, "geometry": { "type": "LineString", "coordinates": [ [ -2.0859775, 53.4539376 ], [ -2.083923397720972, 53.453422798889598 ] ] } },
{ "type": "Feature", "properties": { "id": 45, "nach": 0.66399390117570301 }, "geometry": { "type": "LineString", "coordinates": [ [ -2.075629391232656, 53.452964808912746 ], [ -2.0747404, 53.4530116 ] ] } },
{ "type": "Feature", "properties": { "id": 42, "nach": 0.62236899925052158 }, "geometry": { "type": "LineString", "coordinates": [ [ -2.0747404, 53.4530116 ], [ -2.072626192655615, 53.453251209109609 ] ] } },
{ "type": "Feature", "properties": { "id": 1419, "nach": 0.62047664821722881 }, "geometry": { "type": "LineString", "coordinates": [ [ -2.0747404, 53.4530116 ], [ -2.075627170787467, 53.453043034314653 ] ] } },
{ "type": "Feature", "properties": { "id": 1415, "nach": 0.51772097477695622 }, "geometry": { "type": "LineString", "coordinates": [ [ -2.07869, 53.4533843 ], [ -2.0785966, 53.4534422 ], [ -2.0785489, 53.4535076 ], [ -2.0785272, 53.4535375 ] ] } },
{ "type": "Feature", "properties": { "id": 1416, "nach": 0.5458174687108347 }, "geometry": { "type": "LineString", "coordinates": [ [ -2.07869, 53.4533843 ], [ -2.078384, 53.4533922 ], [ -2.0783473, 53.4533932 ] ] } },
{ "type": "Feature", "properties": { "id": 44, "nach": 0.60944396634896503 }, "geometry": { "type": "LineString", "coordinates": [ [ -2.08082565562164, 53.453379289050325 ], [ -2.07869, 53.4533843 ] ] } },
{ "type": "Feature", "properties": { "id": 37007, "nach": 0.33432678587459619 }, "geometry": { "type": "LineString", "coordinates": [ [ -2.072555966559059, 53.453125734691618 ], [ -2.0259109, 53.4548576 ] ] } },
{ "type": "Feature", "properties": { "id": 5899, "nach": 0.69100255950720801 }, "geometry": { "type": "LineString", "coordinates": [ [ -2.0826561, 53.4525757 ], [ -2.08249840000001, 53.4525784 ] ] } },
{ "type": "Feature", "properties": { "id": 1496, "nach": 0.60815266586177275 }, "geometry": { "type": "LineString", "coordinates": [ [ -2.0820565, 53.4525998 ], [ -2.0821623, 53.4525947 ], [ -2.08249840000001, 53.4525784 ] ] } },
{ "type": "Feature", "properties": { "id": 1019, "nach": 0.66701346526751337 }, "geometry": { "type": "LineString", "coordinates": [ [ -2.08249840000001, 53.4525784 ], [ -2.0823655, 53.4526495 ], [ -2.0823335, 53.4526645 ] ] } },
{ "type": "Feature", "properties": { "id": 5901, "nach": 0.68285315396268387 }, "geometry": { "type": "LineString", "coordinates": [ [ -2.0826561, 53.4525757 ], [ -2.0827656, 53.452583 ], [ -2.0830466, 53.4526018 ] ] } },
{ "type": "Feature", "properties": { "id": 5936, "nach": 0.63602376507935432 }, "geometry": { "type": "LineString", "coordinates": [ [ -2.081708, 53.4517985 ], [ -2.0826561, 53.4525757 ] ] } },
{ "type": "Feature", "properties": { "id": 1494, "nach": 0.58178046603329625 }, "geometry": { "type": "LineString", "coordinates": [ [ -2.0820565, 53.4525998 ], [ -2.0820755, 53.4526878 ] ] } },
{ "type": "Feature", "properties": { "id": 1498, "nach": 0.6421731142590289 }, "geometry": { "type": "LineString", "coordinates": [ [ -2.0815634, 53.4525475 ], [ -2.0816328, 53.4525848 ], [ -2.0816359, 53.4525864 ], [ -2.0816588, 53.45259080000001 ], [ -2.0817187, 53.4526024 ], [ -2.0818249, 53.4526101 ], [ -2.0820565, 53.4525998 ] ] } },
{ "type": "Feature", "properties": { "id": 51093, "nach": 0.63153695467406346 }, "geometry": { "type": "LineString", "coordinates": [ [ -2.0823335, 53.4526645 ], [ -2.0821819, 53.4526775 ], [ -2.0820755, 53.4526878 ] ] } },
{ "type": "Feature", "properties": { "id": 51094, "nach": 0.60637329007573482 }, "geometry": { "type": "LineString", "coordinates": [ [ -2.0823335, 53.4526645 ], [ -2.0822911, 53.4526937 ], [ -2.0822675, 53.4527219 ] ] } },
{ "type": "Feature", "properties": { "id": 14934, "nach": 0.60753509039927023 }, "geometry": { "type": "LineString", "coordinates": [ [ -2.0820997, 53.4527227 ], [ -2.0822144, 53.4528965 ] ] } },
{ "type": "Feature", "properties": { "id": 35710, "nach": 0.59925512955468063 }, "geometry": { "type": "LineString", "coordinates": [ [ -2.0822675, 53.4527219 ], [ -2.0822505, 53.4527422 ], [ -2.0822253, 53.4528084 ], [ -2.0822144, 53.4528965 ] ] } },
{ "type": "Feature", "properties": { "id": 1020, "nach": 0.65941266603598458 }, "geometry": { "type": "LineString", "coordinates": [ [ -2.083923397720972, 53.453422798889598 ], [ -2.0822144, 53.4528965 ] ] } },
{ "type": "Feature", "properties": { "id": 25450, "nach": 0.72804609685502197 }, "geometry": { "type": "LineString", "coordinates": [ [ -2.0784761, 53.4537011 ], [ -2.07863170000001, 53.453818299999988 ] ] } },
{ "type": "Feature", "properties": { "id": 47743, "nach": 0.72613062175240173 }, "geometry": { "type": "LineString", "coordinates": [ [ -2.0786905, 53.4538707 ], [ -2.07863170000001, 53.453818299999988 ] ] } },
{ "type": "Feature", "properties": { "id": 44358, "nach": 0.49122706030283197 }, "geometry": { "type": "LineString", "coordinates": [ [ -2.0774912, 53.4535641 ], [ -2.0776942, 53.4535797 ], [ -2.0777692, 53.4535908 ], [ -2.0778119, 53.453614 ], [ -2.0778418, 53.4536426 ], [ -2.0778456, 53.4536711 ], [ -2.07781260000001, 53.45390530000001 ], [ -2.0782121, 53.4539263 ], [ -2.0784406, 53.4538983 ], [ -2.0785175, 53.4538747 ], [ -2.07863170000001, 53.453818299999988 ] ] } },
{ "type": "Feature", "properties": { "id": 26641, "nach": 0.6969634080629683 }, "geometry": { "type": "LineString", "coordinates": [ [ -2.0784224, 53.4536666 ], [ -2.0784761, 53.4537011 ] ] } },
{ "type": "Feature", "properties": { "id": 26891, "nach": 0.66663819175524519 }, "geometry": { "type": "LineString", "coordinates": [ [ -2.0785272, 53.4535375 ], [ -2.0785015, 53.4535728 ], [ -2.0784799, 53.4536288 ], [ -2.0784761, 53.4537011 ] ] } },
{ "type": "Feature", "properties": { "id": 47744, "nach": 0.7134388836186335 }, "geometry": { "type": "LineString", "coordinates": [ [ -2.0786905, 53.4538707 ], [ -2.0787833, 53.4539197 ] ] } },
{ "type": "Feature", "properties": { "id": 47745, "nach": 0.60648333154618062 }, "geometry": { "type": "LineString", "coordinates": [ [ -2.0786905, 53.4538707 ], [ -2.0787927, 53.4538059 ], [ -2.0789572, 53.4537995 ] ] } },
{ "type": "Feature", "properties": { "id": 1041, "nach": 0.67645747777624787 }, "geometry": { "type": "LineString", "coordinates": [ [ -2.079145, 53.454054 ], [ -2.0790237, 53.4541649 ] ] } },
{ "type": "Feature", "properties": { "id": 46857, "nach": 0.69442567771603303 }, "geometry": { "type": "LineString", "coordinates": [ [ -2.0793556, 53.4541091 ], [ -2.079145, 53.454054 ] ] } },
{ "type": "Feature", "properties": { "id": 61430, "nach": 0.59164718276593087 }, "geometry": { "type": "LineString", "coordinates": [ [ -2.0790238, 53.454009 ], [ -2.079145, 53.454054 ] ] } },
{ "type": "Feature", "properties": { "id": 61437, "nach": 0.44484533966290313 }, "geometry": { "type": "LineString", "coordinates": [ [ -2.0790237, 53.4541649 ], [ -2.0789547, 53.4541411 ], [ -2.078946, 53.454094 ] ] } },
{ "type": "Feature", "properties": { "id": 61436, "nach": 0.67571708983380729 }, "geometry": { "type": "LineString", "coordinates": [ [ -2.0790237, 53.4541649 ], [ -2.0789988, 53.4541876 ], [ -2.0789663, 53.4542174 ], [ -2.078914300000011, 53.4542649 ] ] } },
{ "type": "Feature", "properties": { "id": 46859, "nach": 0.61442545001241222 }, "geometry": { "type": "LineString", "coordinates": [ [ -2.0793556, 53.4541091 ], [ -2.0793918, 53.4541186 ], [ -2.079447, 53.454133 ], [ -2.0797706, 53.454217699999987 ] ] } },
{ "type": "Feature", "properties": { "id": 46858, "nach": 0.66474707485459228 }, "geometry": { "type": "LineString", "coordinates": [ [ -2.0793556, 53.4541091 ], [ -2.0797221, 53.4539574 ] ] } },
{ "type": "Feature", "properties": { "id": 61432, "nach": 0.5864119280309229 }, "geometry": { "type": "LineString", "coordinates": [ [ -2.0790238, 53.454009 ], [ -2.0789789, 53.4539923 ], [ -2.0787833, 53.4539197 ] ] } },
{ "type": "Feature", "properties": { "id": 61434, "nach": 0.4762642143894974 }, "geometry": { "type": "LineString", "coordinates": [ [ -2.078946, 53.454094 ], [ -2.0790238, 53.454009 ] ] } },
{ "type": "Feature", "properties": { "id": 29479, "nach": 0.60510523056189702 }, "geometry": { "type": "LineString", "coordinates": [ [ -2.0805056, 53.4543042 ], [ -2.0803599, 53.4542912 ], [ -2.0797706, 53.454217699999987 ] ] } },
{ "type": "Feature", "properties": { "id": 43280, "nach": 0.49804232665027565 }, "geometry": { "type": "LineString", "coordinates": [ [ -2.0796719, 53.4545517 ], [ -2.0797465, 53.4543065 ], [ -2.0797706, 53.454217699999987 ] ] } },
{ "type": "Feature", "properties": { "id": 29478, "nach": 0.59597072559758812 }, "geometry": { "type": "LineString", "coordinates": [ [ -2.0805056, 53.4543042 ], [ -2.0805466, 53.4544531 ], [ -2.0806861, 53.4544723 ], [ -2.081193, 53.4543701 ], [ -2.0812113, 53.4542907 ] ] } },
{ "type": "Feature", "properties": { "id": 29485, "nach": 0.51028629666740954 }, "geometry": { "type": "LineString", "coordinates": [ [ -2.0805254, 53.454041 ], [ -2.0805056, 53.4543042 ] ] } },
{ "type": "Feature", "properties": { "id": 29489, "nach": 0.59219752807539028 }, "geometry": { "type": "LineString", "coordinates": [ [ -2.082142, 53.4541538 ], [ -2.0819062, 53.454211 ], [ -2.0812113, 53.4542907 ] ] } },
{ "type": "Feature", "properties": { "id": 61443, "nach": 0.66784393873496528 }, "geometry": { "type": "LineString", "coordinates": [ [ -2.0824388, 53.4540921 ], [ -2.082142, 53.4541538 ] ] } },
{ "type": "Feature", "properties": { "id": 29488, "nach": 0.6377213865741761 }, "geometry": { "type": "LineString", "coordinates": [ [ -2.082142, 53.4541538 ], [ -2.0818211, 53.4536608 ] ] } },
{ "type": "Feature", "properties": { "id": 61450, "nach": 0.38813403760555831 }, "geometry": { "type": "LineString", "coordinates": [ [ -2.0828313, 53.4540438 ], [ -2.0828012, 53.4539948 ] ] } },
{ "type": "Feature", "properties": { "id": 61445, "nach": 0.55568763987379532 }, "geometry": { "type": "LineString", "coordinates": [ [ -2.0826813, 53.4540253 ], [ -2.0828012, 53.4539948 ] ] } },
{ "type": "Feature", "properties": { "id": 51095, "nach": 0.55773517278306617 }, "geometry": { "type": "LineString", "coordinates": [ [ -2.0831232, 53.4538626 ], [ -2.082927, 53.453943100000011 ], [ -2.0828012, 53.4539948 ] ] } },
{ "type": "Feature", "properties": { "id": 61452, "nach": 0.4443626302633138 }, "geometry": { "type": "LineString", "coordinates": [ [ -2.0828313, 53.4540438 ], [ -2.0828547, 53.4540811 ], [ -2.0829157, 53.4541785 ] ] } },
{ "type": "Feature", "properties": { "id": 61453, "nach": 0.52602277917991247 }, "geometry": { "type": "LineString", "coordinates": [ [ -2.0828313, 53.4540438 ], [ -2.0829087, 53.4540177 ], [ -2.082965, 53.4540169 ] ] } },
{ "type": "Feature", "properties": { "id": 61456, "nach": 0.52601337115893143 }, "geometry": { "type": "LineString", "coordinates": [ [ -2.0827263, 53.454073600000015 ], [ -2.0828313, 53.4540438 ] ] } },
{ "type": "Feature", "properties": { "id": 61447, "nach": 0.55606719235717295 }, "geometry": { "type": "LineString", "coordinates": [ [ -2.0826813, 53.4540253 ], [ -2.0826415, 53.4540363 ], [ -2.0824388, 53.4540921 ] ] } },
{ "type": "Feature", "properties": { "id": 61455, "nach": 0.39992623042538866 }, "geometry": { "type": "LineString", "coordinates": [ [ -2.0827263, 53.454073600000015 ], [ -2.0826813, 53.4540253 ] ] } },
{ "type": "Feature", "properties": { "id": 51097, "nach": 0.66533107703343208 }, "geometry": { "type": "LineString", "coordinates": [ [ -2.0831232, 53.4538626 ], [ -2.0831485, 53.4538522 ], [ -2.0832139, 53.4538182 ], [ -2.0832685, 53.453784200000015 ] ] } },
{ "type": "Feature", "properties": { "id": 51096, "nach": 0.64563826196594698 }, "geometry": { "type": "LineString", "coordinates": [ [ -2.0831232, 53.4538626 ], [ -2.0829945, 53.4539714 ], [ -2.082965, 53.4540169 ] ] } },
{ "type": "Feature", "properties": { "id": 47758, "nach": 0.62125545635696544 }, "geometry": { "type": "LineString", "coordinates": [ [ -2.083571, 53.4538592 ], [ -2.083443, 53.4538399 ], [ -2.0832685, 53.453784200000015 ] ] } },
{ "type": "Feature", "properties": { "id": 1057, "nach": 0.75025666562868087 }, "geometry": { "type": "LineString", "coordinates": [ [ -2.0832685, 53.453784200000015 ], [ -2.083923397720972, 53.453422798889598 ] ] } },
{ "type": "Feature", "properties": { "id": 20132, "nach": 0.67229724982346306 }, "geometry": { "type": "LineString", "coordinates": [ [ -2.0838117, 53.4526841 ], [ -2.0841115, 53.4527044 ], [ -2.0841736, 53.4527086 ], [ -2.0843818, 53.452724700000012 ], [ -2.0845819, 53.4527363 ] ] } },
{ "type": "Feature", "properties": { "id": 1058, "nach": 0.61051064929404997 }, "geometry": { "type": "LineString", "coordinates": [ [ -2.0845819, 53.4527363 ], [ -2.0844864, 53.4526389 ], [ -2.0844772, 53.4524888 ], [ -2.0845075, 53.4519827 ] ] } },
{ "type": "Feature", "properties": { "id": 14984, "nach": 0.69960132166458533 }, "geometry": { "type": "LineString", "coordinates": [ [ -2.0851155, 53.4527309 ], [ -2.0849892, 53.4527322 ], [ -2.0849303, 53.4527328 ], [ -2.0848796, 53.4527334 ], [ -2.0845819, 53.4527363 ] ] } },
{ "type": "Feature", "properties": { "id": 1057, "nach": 0.75025666562868087 }, "geometry": { "type": "LineString", "coordinates": [ [ -2.083393432287571, 53.453726606045436 ], [ -2.0845819, 53.4527363 ] ] } },
{ "type": "Feature", "properties": { "id": 47756, "nach": 0.62197042735113073 }, "geometry": { "type": "LineString", "coordinates": [ [ -2.083571, 53.4538592 ], [ -2.0836272, 53.4537581 ] ] } },
{ "type": "Feature", "properties": { "id": 47757, "nach": 0.44734101301818008 }, "geometry": { "type": "LineString", "coordinates": [ [ -2.083571, 53.4538592 ], [ -2.0836772, 53.4538748 ], [ -2.0839617, 53.4538837 ] ] } },
{ "type": "Feature", "properties": { "id": 20134, "nach": 0.67262360159752221 }, "geometry": { "type": "LineString", "coordinates": [ [ -2.0831571, 53.4526131 ], [ -2.0838117, 53.4526841 ] ] } },
{ "type": "Feature", "properties": { "id": 20136, "nach": 0.48527743683825392 }, "geometry": { "type": "LineString", "coordinates": [ [ -2.0837684, 53.4531559 ], [ -2.0838117, 53.4526841 ] ] } },
{ "type": "Feature", "properties": { "id": 15543, "nach": 0.42663681497801131 }, "geometry": { "type": "LineString", "coordinates": [ [ -2.0845075, 53.4519827 ], [ -2.0829212, 53.4513478 ] ] } },
{ "type": "Feature", "properties": { "id": 15544, "nach": 0.6007439633110393 }, "geometry": { "type": "LineString", "coordinates": [ [ -2.0845075, 53.4519827 ], [ -2.0845201, 53.4517732 ], [ -2.0846211, 53.451513399999989 ] ] } },
{ "type": "Feature", "properties": { "id": 14983, "nach": 0.68949632734887711 }, "geometry": { "type": "LineString", "coordinates": [ [ -2.0851155, 53.4527309 ], [ -2.0858182, 53.4526876 ] ] } },
{ "type": "Feature", "properties": { "id": 46701, "nach": 0.55734782273475858 }, "geometry": { "type": "LineString", "coordinates": [ [ -2.0850516, 53.453334599999977 ], [ -2.0851155, 53.4527309 ] ] } },
{ "type": "Feature", "properties": { "id": 20133, "nach": 0.67691146982728367 }, "geometry": { "type": "LineString", "coordinates": [ [ -2.0831571, 53.4526131 ], [ -2.0830466, 53.4526018 ] ] } },
{ "type": "Feature", "properties": { "id": 18608, "nach": 0.4875228324826123 }, "geometry": { "type": "LineString", "coordinates": [ [ -2.0832331, 53.4523388 ], [ -2.0830702, 53.4525329 ], [ -2.0830466, 53.4526018 ] ] } },
{ "type": "Feature", "properties": { "id": 20137, "nach": 0.48599423697002325 }, "geometry": { "type": "LineString", "coordinates": [ [ -2.083071, 53.4530345 ], [ -2.0831571, 53.4526131 ] ] } },
{ "type": "Feature", "properties": { "id": 29503, "nach": 0.61480736516221335 }, "geometry": { "type": "LineString", "coordinates": [ [ -2.0789778, 53.453516 ], [ -2.078801, 53.4535358 ], [ -2.0786445, 53.4535672 ], [ -2.0785272, 53.4535375 ] ] } },
{ "type": "Feature", "properties": { "id": 58796, "nach": 0.68672609189326117 }, "geometry": { "type": "LineString", "coordinates": [ [ -2.0783673, 53.453446 ], [ -2.0784524, 53.4535131 ], [ -2.0785272, 53.4535375 ] ] } },
{ "type": "Feature", "properties": { "id": 58797, "nach": 0.69472937576783789 }, "geometry": { "type": "LineString", "coordinates": [ [ -2.0783673, 53.453446 ], [ -2.0783485, 53.4534311 ], [ -2.0783473, 53.4533932 ] ] } },
{ "type": "Feature", "properties": { "id": 26896, "nach": 0.60456740475801418 }, "geometry": { "type": "LineString", "coordinates": [ [ -2.0783473, 53.4533932 ], [ -2.0781675, 53.4533856 ], [ -2.0779991, 53.4533561 ] ] } },
{ "type": "Feature", "properties": { "id": 33819, "nach": 0.77296010756918954 }, "geometry": { "type": "LineString", "coordinates": [ [ -2.0783473, 53.4533932 ], [ -2.078993793092426, 53.453004637400717 ] ] } },
{ "type": "Feature", "properties": { "id": 58798, "nach": 0.66848802210392255 }, "geometry": { "type": "LineString", "coordinates": [ [ -2.0781686, 53.4534869 ], [ -2.0779991, 53.4533561 ] ] } },
{ "type": "Feature", "properties": { "id": 36658, "nach": 0.69136141826111597 }, "geometry": { "type": "LineString", "coordinates": [ [ -2.077875, 53.453266 ], [ -2.0779308, 53.4533054 ], [ -2.0779705, 53.4533353 ], [ -2.0779991, 53.4533561 ] ] } },
{ "type": "Feature", "properties": { "id": 58799, "nach": 0.66939288489471038 }, "geometry": { "type": "LineString", "coordinates": [ [ -2.0781686, 53.4534869 ], [ -2.0781969, 53.4535142 ], [ -2.0782496, 53.4535507 ], [ -2.0783522, 53.4536216 ] ] } },
{ "type": "Feature", "properties": { "id": 58801, "nach": 0.58494921753931683 }, "geometry": { "type": "LineString", "coordinates": [ [ -2.0781686, 53.4534869 ], [ -2.0782241, 53.4535023 ], [ -2.0783673, 53.453446 ] ] } },
{ "type": "Feature", "properties": { "id": 58804, "nach": 0.5693677932130653 }, "geometry": { "type": "LineString", "coordinates": [ [ -2.078004, 53.453503799999986 ], [ -2.0781091, 53.4534713 ], [ -2.0781686, 53.4534869 ] ] } },
{ "type": "Feature", "properties": { "id": 36659, "nach": 0.53605476789661011 }, "geometry": { "type": "LineString", "coordinates": [ [ -2.077875, 53.453266 ], [ -2.077877, 53.4533337 ], [ -2.0778427, 53.453376800000015 ] ] } },
{ "type": "Feature", "properties": { "id": 36657, "nach": 0.77725629800694307 }, "geometry": { "type": "LineString", "coordinates": [ [ -2.077875, 53.453266 ], [ -2.077541132823598, 53.453011622012063 ] ] } },
{ "type": "Feature", "properties": { "id": 36661, "nach": 0.43514537645617801 }, "geometry": { "type": "LineString", "coordinates": [ [ -2.0778427, 53.453376800000015 ], [ -2.0777588, 53.4533986 ], [ -2.0776363, 53.4534086 ], [ -2.0774803, 53.4533986 ] ] } },
{ "type": "Feature", "properties": { "id": 58805, "nach": 0.59085387626118524 }, "geometry": { "type": "LineString", "coordinates": [ [ -2.0779865, 53.4535281 ], [ -2.0774803, 53.4533986 ] ] } },
{ "type": "Feature", "properties": { "id": 1419, "nach": 0.62047664821722881 }, "geometry": { "type": "LineString", "coordinates": [ [ -2.075627170787467, 53.453043034314653 ], [ -2.0774803, 53.4533986 ] ] } },
{ "type": "Feature", "properties": { "id": 43006, "nach": 0.46076185137212666 }, "geometry": { "type": "LineString", "coordinates": [ [ -2.0903199, 53.4538322 ], [ -2.0910748, 53.4538714 ], [ -2.0917534, 53.4539397 ], [ -2.0922191, 53.453995700000014 ] ] } },
{ "type": "Feature", "properties": { "id": 49339, "nach": 0.56121720434515232 }, "geometry": { "type": "LineString", "coordinates": [ [ -2.0906079, 53.4535354 ], [ -2.091869, 53.4538802 ], [ -2.0922191, 53.453995700000014 ] ] } },
{ "type": "Feature", "properties": { "id": 20127, "nach": 0.36143063053983371 }, "geometry": { "type": "LineString", "coordinates": [ [ -2.0865857, 53.4493365 ], [ -2.0861648, 53.4496282 ], [ -2.0856394, 53.450074 ], [ -2.0855857, 53.4502593 ], [ -2.0857627, 53.4505372 ], [ -2.0861061, 53.4509046 ], [ -2.0865835, 53.451476400000011 ], [ -2.0869322, 53.4519172 ], [ -2.0869483, 53.4519939 ], [ -2.0869215, 53.4522431 ], [ -2.0868839, 53.452505 ], [ -2.0868203, 53.4526798 ] ] } },
{ "type": "Feature", "properties": { "id": 15557, "nach": 0.66604056847880466 }, "geometry": { "type": "LineString", "coordinates": [ [ -2.0878417, 53.4528399 ], [ -2.0873386, 53.4527457 ], [ -2.0868203, 53.4526798 ] ] } },
{ "type": "Feature", "properties": { "id": 36353, "nach": 0.73037442117079865 }, "geometry": { "type": "LineString", "coordinates": [ [ -2.0868203, 53.4526798 ], [ -2.086719013031742, 53.452672739606086 ] ] } },
{ "type": "Feature", "properties": { "id": 36355, "nach": 0.46354690913106467 }, "geometry": { "type": "LineString", "coordinates": [ [ -2.0865879, 53.4526636 ], [ -2.0865965, 53.45260660000001 ], [ -2.086605, 53.4525495 ] ] } },
{ "type": "Feature", "properties": { "id": 36354, "nach": 0.69281349608180243 }, "geometry": { "type": "LineString", "coordinates": [ [ -2.0865879, 53.4526636 ], [ -2.0864761, 53.4526558 ], [ -2.0861291, 53.4526619 ], [ -2.0858182, 53.4526876 ] ] } },
{ "type": "Feature", "properties": { "id": 36353, "nach": 0.73037442117079865 }, "geometry": { "type": "LineString", "coordinates": [ [ -2.086719013031742, 53.452672739606086 ], [ -2.0865879, 53.4526636 ] ] } },
{ "type": "Feature", "properties": { "id": 36357, "nach": 0.36277761575135542 }, "geometry": { "type": "LineString", "coordinates": [ [ -2.086895, 53.4497503 ], [ -2.0865857, 53.4493365 ] ] } },
{ "type": "Feature", "properties": { "id": 42102, "nach": 0.2855510856377706 }, "geometry": { "type": "LineString", "coordinates": [ [ -2.0886659, 53.4472096 ], [ -2.0885209, 53.447520500000017 ], [ -2.0876992, 53.447414 ], [ -2.0875105, 53.4478722 ], [ -2.0873814, 53.4483231 ], [ -2.0872389, 53.44855410000001 ], [ -2.0871194, 53.4486819 ], [ -2.0869252, 53.4488812 ], [ -2.0867369, 53.4491185 ], [ -2.086639, 53.4492512 ], [ -2.0865857, 53.4493365 ] ] } },
{ "type": "Feature", "properties": { "id": 15566, "nach": 0.61467455578847885 }, "geometry": { "type": "LineString", "coordinates": [ [ -2.0880652, 53.4524162 ], [ -2.0878417, 53.4528399 ] ] } },
{ "type": "Feature", "properties": { "id": 15575, "nach": 0.53873994146122228 }, "geometry": { "type": "LineString", "coordinates": [ [ -2.0877969, 53.4532951 ], [ -2.0878417, 53.4528399 ] ] } },
{ "type": "Feature", "properties": { "id": 15570, "nach": 0.62220301892616869 }, "geometry": { "type": "LineString", "coordinates": [ [ -2.088802, 53.4530881 ], [ -2.0878417, 53.4528399 ] ] } },
{ "type": "Feature", "properties": { "id": 51091, "nach": 0.61949416063985896 }, "geometry": { "type": "LineString", "coordinates": [ [ -2.0820755, 53.4526878 ], [ -2.0820997, 53.4527227 ] ] } },
{ "type": "Feature", "properties": { "id": 51092, "nach": 0.65637259354027988 }, "geometry": { "type": "LineString", "coordinates": [ [ -2.0820755, 53.4526878 ], [ -2.0818803, 53.4526939 ], [ -2.0817452, 53.452691500000014 ], [ -2.0816261, 53.4526846 ] ] } },
{ "type": "Feature", "properties": { "id": 35707, "nach": 0.62030767629964856 }, "geometry": { "type": "LineString", "coordinates": [ [ -2.0814415, 53.4524753 ], [ -2.0815634, 53.4525475 ] ] } },
{ "type": "Feature", "properties": { "id": 49883, "nach": 0.55900352860975899 }, "geometry": { "type": "LineString", "coordinates": [ [ -2.0814258, 53.452607 ], [ -2.0815634, 53.4525475 ] ] } },
{ "type": "Feature", "properties": { "id": 35706, "nach": 0.69092563574822119 }, "geometry": { "type": "LineString", "coordinates": [ [ -2.0814415, 53.4524753 ], [ -2.0809272, 53.4521059 ] ] } },
{ "type": "Feature", "properties": { "id": 49885, "nach": 0.65930649432912802 }, "geometry": { "type": "LineString", "coordinates": [ [ -2.0814258, 53.452607 ], [ -2.0813556, 53.4525304 ], [ -2.0814415, 53.4524753 ] ] } },
{ "type": "Feature", "properties": { "id": 1504, "nach": 0.64189437562952134 }, "geometry": { "type": "LineString", "coordinates": [ [ -2.0792692, 53.4508 ], [ -2.0797967, 53.4512875 ] ] } },
{ "type": "Feature", "properties": { "id": 46880, "nach": 0.66087803292505276 }, "geometry": { "type": "LineString", "coordinates": [ [ -2.0801815, 53.4515949 ], [ -2.0797967, 53.4512875 ] ] } },
{ "type": "Feature", "properties": { "id": 5896, "nach": 0.61308846104543802 }, "geometry": { "type": "LineString", "coordinates": [ [ -2.0807818, 53.4509308 ], [ -2.0806076, 53.4509742 ], [ -2.0804076, 53.4510487 ], [ -2.0797967, 53.4512875 ] ] } },
{ "type": "Feature", "properties": { "id": 1502, "nach": 0.64357127345994003 }, "geometry": { "type": "LineString", "coordinates": [ [ -2.0797967, 53.4512875 ], [ -2.0796793, 53.4513799 ], [ -2.0792522, 53.4515049 ], [ -2.0792243, 53.451522 ], [ -2.0792059, 53.4515423 ], [ -2.0791971, 53.4515804 ] ] } },
{ "type": "Feature", "properties": { "id": 15005, "nach": 0.65027378982946527 }, "geometry": { "type": "LineString", "coordinates": [ [ -2.0799657, 53.4505389 ], [ -2.0792692, 53.4508 ] ] } },
{ "type": "Feature", "properties": { "id": 14921, "nach": 0.70093732363012407 }, "geometry": { "type": "LineString", "coordinates": [ [ -2.0787347, 53.450283 ], [ -2.0791396, 53.450685 ], [ -2.0792692, 53.4508 ] ] } },
{ "type": "Feature", "properties": { "id": 63354, "nach": 0.67791003714318376 }, "geometry": { "type": "LineString", "coordinates": [ [ -2.0789267, 53.4515793 ], [ -2.0789915, 53.4514672 ], [ -2.0790299, 53.4513277 ], [ -2.0790345, 53.4508778 ], [ -2.0792692, 53.4508 ] ] } },
{ "type": "Feature", "properties": { "id": 46882, "nach": 0.49076261216200628 }, "geometry": { "type": "LineString", "coordinates": [ [ -2.0801815, 53.4515949 ], [ -2.079598, 53.451837 ], [ -2.0793459, 53.451917 ], [ -2.0791358, 53.4519481 ] ] } },
{ "type": "Feature", "properties": { "id": 51593, "nach": 0.66532878998108569 }, "geometry": { "type": "LineString", "coordinates": [ [ -2.0802718, 53.451655100000018 ], [ -2.0801815, 53.4515949 ] ] } },
{ "type": "Feature", "properties": { "id": 18601, "nach": 0.63397580853994406 }, "geometry": { "type": "LineString", "coordinates": [ [ -2.0811928, 53.4508996 ], [ -2.0811407, 53.450873899999984 ], [ -2.0811031, 53.450864 ], [ -2.0810635, 53.4508608 ], [ -2.0810257, 53.4508686 ], [ -2.0809913, 53.4508811 ], [ -2.0809595, 53.4508995 ], [ -2.0809317, 53.4509128 ], [ -2.0807818, 53.4509308 ] ] } },
{ "type": "Feature", "properties": { "id": 23806, "nach": 0.55853442694115141 }, "geometry": { "type": "LineString", "coordinates": [ [ -2.08104490000001, 53.4512063 ], [ -2.0809991, 53.4511316 ], [ -2.0809431, 53.4510726 ], [ -2.0808677, 53.4510055 ], [ -2.0807818, 53.4509308 ] ] } },
{ "type": "Feature", "properties": { "id": 5904, "nach": 0.60075788524922147 }, "geometry": { "type": "LineString", "coordinates": [ [ -2.0801715, 53.450459 ], [ -2.0805096, 53.4507727 ], [ -2.0805612, 53.4508098 ], [ -2.0806242, 53.4508382 ], [ -2.0806812, 53.4508588 ], [ -2.0807818, 53.4509308 ] ] } },
{ "type": "Feature", "properties": { "id": 14997, "nach": 0.66726620067299169 }, "geometry": { "type": "LineString", "coordinates": [ [ -2.0791971, 53.4515804 ], [ -2.0791358, 53.4519481 ] ] } },
{ "type": "Feature", "properties": { "id": 63352, "nach": 0.68314780616071291 }, "geometry": { "type": "LineString", "coordinates": [ [ -2.0789267, 53.4515793 ], [ -2.0791971, 53.4515804 ] ] } },
{ "type": "Feature", "properties": { "id": 15006, "nach": 0.65301417689343921 }, "geometry": { "type": "LineString", "coordinates": [ [ -2.0799657, 53.4505389 ], [ -2.0801715, 53.450459 ] ] } },
{ "type": "Feature", "properties": { "id": 15531, "nach": 0.62020863672680471 }, "geometry": { "type": "LineString", "coordinates": [ [ -2.0795721, 53.4501709 ], [ -2.0799657, 53.4505389 ] ] } },
{ "type": "Feature", "properties": { "id": 14920, "nach": 0.64083080068280762 }, "geometry": { "type": "LineString", "coordinates": [ [ -2.0787347, 53.450283 ], [ -2.0786458, 53.45031740000001 ], [ -2.0784241, 53.450395 ], [ -2.0783093, 53.4504306 ], [ -2.0781944, 53.450455 ] ] } },
{ "type": "Feature", "properties": { "id": 15029, "nach": 0.66895009486799339 }, "geometry": { "type": "LineString", "coordinates": [ [ -2.0783146, 53.4498566 ], [ -2.0787347, 53.450283 ] ] } },
{ "type": "Feature", "properties": { "id": 63355, "nach": 0.66798100640118152 }, "geometry": { "type": "LineString", "coordinates": [ [ -2.0786386, 53.4515781 ], [ -2.0789267, 53.4515793 ] ] } },
{ "type": "Feature", "properties": { "id": 35036, "nach": 0.64836518832580914 }, "geometry": { "type": "LineString", "coordinates": [ [ -2.0774849, 53.4493272 ], [ -2.0777072, 53.4492947 ] ] } },
{ "type": "Feature", "properties": { "id": 35026, "nach": 0.61914625096669962 }, "geometry": { "type": "LineString", "coordinates": [ [ -2.0776093, 53.4491992 ], [ -2.0777072, 53.4492947 ] ] } },
{ "type": "Feature", "properties": { "id": 21977, "nach": 0.68530987057884496 }, "geometry": { "type": "LineString", "coordinates": [ [ -2.0779462, 53.4495082 ], [ -2.0777627, 53.4493495 ], [ -2.0777072, 53.4492947 ] ] } },
{ "type": "Feature", "properties": { "id": 35038, "nach": 0.64404310973166401 }, "geometry": { "type": "LineString", "coordinates": [ [ -2.0774849, 53.4493272 ], [ -2.0774317, 53.449335 ], [ -2.0773754, 53.4493432 ], [ -2.0771905, 53.4493702 ] ] } },
{ "type": "Feature", "properties": { "id": 35070, "nach": 0.5406022076470044 }, "geometry": { "type": "LineString", "coordinates": [ [ -2.0774702, 53.4492605 ], [ -2.0774849, 53.4493272 ] ] } },
{ "type": "Feature", "properties": { "id": 35028, "nach": 0.61572528393993753 }, "geometry": { "type": "LineString", "coordinates": [ [ -2.0776093, 53.4491992 ], [ -2.0775275, 53.4491194 ], [ -2.0774816, 53.44907460000001 ] ] } },
{ "type": "Feature", "properties": { "id": 35068, "nach": 0.40942216430334971 }, "geometry": { "type": "LineString", "coordinates": [ [ -2.0774702, 53.4492605 ], [ -2.0776093, 53.4491992 ] ] } },
{ "type": "Feature", "properties": { "id": 21976, "nach": 0.65187982701875336 }, "geometry": { "type": "LineString", "coordinates": [ [ -2.0779462, 53.4495082 ], [ -2.0783146, 53.4498566 ] ] } },
{ "type": "Feature", "properties": { "id": 21980, "nach": 0.63142612384556884 }, "geometry": { "type": "LineString", "coordinates": [ [ -2.0785611, 53.4492704 ], [ -2.0779462, 53.4495082 ] ] } },
{ "type": "Feature", "properties": { "id": 35016, "nach": 0.63238208579390509 }, "geometry": { "type": "LineString", "coordinates": [ [ -2.0749385, 53.4471025 ], [ -2.0751325, 53.4471607 ] ] } },
{ "type": "Feature", "properties": { "id": 15032, "nach": 0.66735203596734505 }, "geometry": { "type": "LineString", "coordinates": [ [ -2.0757194, 53.4474074 ], [ -2.0755711, 53.4473192 ], [ -2.0753409, 53.4472287 ], [ -2.0752589, 53.447202 ], [ -2.0751325, 53.4471607 ] ] } },
{ "type": "Feature", "properties": { "id": 35091, "nach": 0.59584399882451189 }, "geometry": { "type": "LineString", "coordinates": [ [ -2.075049, 53.4470077 ], [ -2.0751325, 53.4471607 ] ] } },
{ "type": "Feature", "properties": { "id": 35056, "nach": 0.62931488894811738 }, "geometry": { "type": "LineString", "coordinates": [ [ -2.0748102, 53.44706260000001 ], [ -2.0749385, 53.4471025 ] ] } },
{ "type": "Feature", "properties": { "id": 35025, "nach": 0.35493607021128798 }, "geometry": { "type": "LineString", "coordinates": [ [ -2.0749809, 53.4470073 ], [ -2.074965, 53.4470657 ], [ -2.0749385, 53.4471025 ] ] } },
{ "type": "Feature", "properties": { "id": 15501, "nach": 0.5529017964241435 }, "geometry": { "type": "LineString", "coordinates": [ [ -2.0750906, 53.447660400000011 ], [ -2.0757194, 53.4474074 ] ] } },
{ "type": "Feature", "properties": { "id": 29438, "nach": 0.55389314387825594 }, "geometry": { "type": "LineString", "coordinates": [ [ -2.0764952, 53.4471056 ], [ -2.0757194, 53.4474074 ] ] } },
{ "type": "Feature", "properties": { "id": 15053, "nach": 0.67602649028988959 }, "geometry": { "type": "LineString", "coordinates": [ [ -2.0762657, 53.447877200000015 ], [ -2.0758202, 53.44746760000001 ], [ -2.0757194, 53.4474074 ] ] } },
{ "type": "Feature", "properties": { "id": 1512, "nach": 0.56711365983266904 }, "geometry": { "type": "LineString", "coordinates": [ [ -2.0750232, 53.4468546 ], [ -2.075049, 53.4470077 ] ] } },
{ "type": "Feature", "properties": { "id": 1513, "nach": 0.48068173823706511 }, "geometry": { "type": "LineString", "coordinates": [ [ -2.0750232, 53.4468546 ], [ -2.0749249, 53.4469848 ] ] } },
{ "type": "Feature", "properties": { "id": 1515, "nach": 0.57982873153944625 }, "geometry": { "type": "LineString", "coordinates": [ [ -2.0751408, 53.4466005 ], [ -2.0750232, 53.4468546 ] ] } },
{ "type": "Feature", "properties": { "id": 35092, "nach": 0.5118663204762115 }, "geometry": { "type": "LineString", "coordinates": [ [ -2.075049, 53.4470077 ], [ -2.0749809, 53.4470073 ] ] } },
{ "type": "Feature", "properties": { "id": 35077, "nach": 0.52187626389675423 }, "geometry": { "type": "LineString", "coordinates": [ [ -2.0749249, 53.4469848 ], [ -2.0749809, 53.4470073 ] ] } },
{ "type": "Feature", "properties": { "id": 35090, "nach": 0.39984657644554766 }, "geometry": { "type": "LineString", "coordinates": [ [ -2.0748804, 53.446883 ], [ -2.0749275, 53.4468996 ], [ -2.0748736, 53.4469705 ], [ -2.0749249, 53.4469848 ] ] } },
{ "type": "Feature", "properties": { "id": 35079, "nach": 0.51063095227875921 }, "geometry": { "type": "LineString", "coordinates": [ [ -2.0749249, 53.4469848 ], [ -2.0748857, 53.4470295 ], [ -2.0748102, 53.44706260000001 ] ] } },
{ "type": "Feature", "properties": { "id": 15644, "nach": 0.52349816400479032 }, "geometry": { "type": "LineString", "coordinates": [ [ -2.073813, 53.4462217 ], [ -2.0751408, 53.4466005 ] ] } },
{ "type": "Feature", "properties": { "id": 15613, "nach": 0.58890573630277643 }, "geometry": { "type": "LineString", "coordinates": [ [ -2.0754608, 53.4461815 ], [ -2.0751408, 53.4466005 ] ] } },
{ "type": "Feature", "properties": { "id": 1517, "nach": 0.45372206820698119 }, "geometry": { "type": "LineString", "coordinates": [ [ -2.0751408, 53.4466005 ], [ -2.0766791, 53.447034 ] ] } },
{ "type": "Feature", "properties": { "id": 35089, "nach": 0.55629886599351808 }, "geometry": { "type": "LineString", "coordinates": [ [ -2.0748804, 53.446883 ], [ -2.0751408, 53.4466005 ] ] } },
{ "type": "Feature", "properties": { "id": 15645, "nach": 0.58243888676370148 }, "geometry": { "type": "LineString", "coordinates": [ [ -2.073813, 53.4462217 ], [ -2.07373480000001, 53.4463338 ], [ -2.0735002, 53.4466702 ] ] } },
{ "type": "Feature", "properties": { "id": 15643, "nach": 0.60164050440634453 }, "geometry": { "type": "LineString", "coordinates": [ [ -2.073813, 53.4462217 ], [ -2.0741231, 53.445818700000011 ] ] } },
{ "type": "Feature", "properties": { "id": 15611, "nach": 0.40431059949051568 }, "geometry": { "type": "LineString", "coordinates": [ [ -2.0754608, 53.4461815 ], [ -2.0741231, 53.445818700000011 ] ] } },
{ "type": "Feature", "properties": { "id": 16607, "nach": 0.58941711697162347 }, "geometry": { "type": "LineString", "coordinates": [ [ -2.0757634, 53.4458157 ], [ -2.0754608, 53.4461815 ] ] } },
{ "type": "Feature", "properties": { "id": 29439, "nach": 0.54506000219363848 }, "geometry": { "type": "LineString", "coordinates": [ [ -2.0764952, 53.4471056 ], [ -2.0766791, 53.447034 ] ] } },
{ "type": "Feature", "properties": { "id": 16601, "nach": 0.55723931944910821 }, "geometry": { "type": "LineString", "coordinates": [ [ -2.0771896, 53.4468351 ], [ -2.0766791, 53.447034 ] ] } },
{ "type": "Feature", "properties": { "id": 35257, "nach": 0.53753312630586469 }, "geometry": { "type": "LineString", "coordinates": [ [ -2.0758241, 53.4432833 ], [ -2.0758581, 53.4434096 ] ] } },
{ "type": "Feature", "properties": { "id": 1520, "nach": 0.61762773243567937 }, "geometry": { "type": "LineString", "coordinates": [ [ -2.0758581, 53.4434096 ], [ -2.0756871, 53.443372 ], [ -2.0755367, 53.4433109 ] ] } },
{ "type": "Feature", "properties": { "id": 15634, "nach": 0.68918063817407116 }, "geometry": { "type": "LineString", "coordinates": [ [ -2.0758581, 53.4434096 ], [ -2.076115306714371, 53.443769814639509 ] ] } },
{ "type": "Feature", "properties": { "id": 35258, "nach": 0.57548068232028504 }, "geometry": { "type": "LineString", "coordinates": [ [ -2.0758241, 53.4432833 ], [ -2.0758543, 53.4429063 ], [ -2.0758776, 53.4425709 ] ] } },
{ "type": "Feature", "properties": { "id": 35272, "nach": 0.52916035805866446 }, "geometry": { "type": "LineString", "coordinates": [ [ -2.0755737, 53.443285 ], [ -2.0756617, 53.4432923 ], [ -2.0758241, 53.4432833 ] ] } },
{ "type": "Feature", "properties": { "id": 21764, "nach": 0.57365603677088861 }, "geometry": { "type": "LineString", "coordinates": [ [ -2.0768377, 53.4443319 ], [ -2.0763171, 53.4441498 ] ] } },
{ "type": "Feature", "properties": { "id": 15638, "nach": 0.56652589567994971 }, "geometry": { "type": "LineString", "coordinates": [ [ -2.078218, 53.4435788 ], [ -2.0763171, 53.4441498 ] ] } },
{ "type": "Feature", "properties": { "id": 47358, "nach": 0.61032756601522797 }, "geometry": { "type": "LineString", "coordinates": [ [ -2.0755305, 53.4443505 ], [ -2.0763171, 53.4441498 ] ] } },
{ "type": "Feature", "properties": { "id": 50250, "nach": 0.57650655001442952 }, "geometry": { "type": "LineString", "coordinates": [ [ -2.0762455, 53.444752700000016 ], [ -2.0763171, 53.4441498 ] ] } },
{ "type": "Feature", "properties": { "id": 15634, "nach": 0.68918063817407116 }, "geometry": { "type": "LineString", "coordinates": [ [ -2.076115306714371, 53.443769814639509 ], [ -2.0763171, 53.4441498 ] ] } },
{ "type": "Feature", "properties": { "id": 35271, "nach": 0.4634166315154522 }, "geometry": { "type": "LineString", "coordinates": [ [ -2.0755737, 53.443285 ], [ -2.0755367, 53.4433109 ] ] } },
{ "type": "Feature", "properties": { "id": 36963, "nach": 0.56052312458583831 }, "geometry": { "type": "LineString", "coordinates": [ [ -2.0752507, 53.4434609 ], [ -2.0755367, 53.4433109 ] ] } },
{ "type": "Feature", "properties": { "id": 21606, "nach": 0.5886489728010984 }, "geometry": { "type": "LineString", "coordinates": [ [ -2.0755367, 53.4433109 ], [ -2.0754487, 53.4432469 ] ] } },
{ "type": "Feature", "properties": { "id": 16254, "nach": 0.44549830619346653 }, "geometry": { "type": "LineString", "coordinates": [ [ -2.0758776, 53.4425709 ], [ -2.0759401, 53.4416427 ], [ -2.0760118, 53.4406083 ] ] } },
{ "type": "Feature", "properties": { "id": 29425, "nach": 0.56283163503827505 }, "geometry": { "type": "LineString", "coordinates": [ [ -2.0769754, 53.4425912 ], [ -2.0758776, 53.4425709 ] ] } },
{ "type": "Feature", "properties": { "id": 29282, "nach": 0.64156839441975844 }, "geometry": { "type": "LineString", "coordinates": [ [ -2.0706106, 53.4458427 ], [ -2.0704854, 53.445730899999987 ] ] } },
{ "type": "Feature", "properties": { "id": 1531, "nach": 0.55978405698863132 }, "geometry": { "type": "LineString", "coordinates": [ [ -2.0701905, 53.446453 ], [ -2.0701372, 53.4460078 ], [ -2.0701326, 53.4459335 ], [ -2.0701431, 53.445889 ], [ -2.0702003, 53.4458174 ], [ -2.0702773, 53.4457882 ], [ -2.0704854, 53.445730899999987 ] ] } },
{ "type": "Feature", "properties": { "id": 16572, "nach": 0.71466053300032029 }, "geometry": { "type": "LineString", "coordinates": [ [ -2.0704854, 53.445730899999987 ], [ -2.07025921500294, 53.445461532166476 ] ] } },
{ "type": "Feature", "properties": { "id": 29283, "nach": 0.638472491353546 }, "geometry": { "type": "LineString", "coordinates": [ [ -2.0706106, 53.4458427 ], [ -2.07083080000001, 53.4460601 ] ] } },
{ "type": "Feature", "properties": { "id": 46820, "nach": 0.0 }, "geometry": { "type": "LineString", "coordinates": [ [ -2.0720882, 53.4463852 ], [ -2.0721214, 53.4461997 ], [ -2.0721325, 53.44606730000001 ], [ -2.0721212, 53.4459745 ], [ -2.0720687, 53.4459252 ], [ -2.0718356, 53.4458896 ], [ -2.0707486, 53.4458117 ], [ -2.0706106, 53.4458427 ] ] } },
{ "type": "Feature", "properties": { "id": 16570, "nach": 0.66662765389512968 }, "geometry": { "type": "LineString", "coordinates": [ [ -2.0701309, 53.4453093 ], [ -2.0697987, 53.4448363 ] ] } },
{ "type": "Feature", "properties": { "id": 16571, "nach": 0.53923731074123216 }, "geometry": { "type": "LineString", "coordinates": [ [ -2.0701309, 53.4453093 ], [ -2.0694706, 53.4454718 ], [ -2.0690766, 53.4456079 ], [ -2.0677614, 53.4462017 ], [ -2.0675623, 53.4462329 ], [ -2.0674997, 53.4462354 ] ] } },
{ "type": "Feature", "properties": { "id": 25750, "nach": 0.62604304731244365 }, "geometry": { "type": "LineString", "coordinates": [ [ -2.0703859, 53.4451967 ], [ -2.0701309, 53.4453093 ] ] } },
{ "type": "Feature", "properties": { "id": 16572, "nach": 0.71466053300032029 }, "geometry": { "type": "LineString", "coordinates": [ [ -2.07025921500294, 53.445461532166476 ], [ -2.0701309, 53.4453093 ] ] } },
{ "type": "Feature", "properties": { "id": 3892, "nach": 0.64545646578337978 }, "geometry": { "type": "LineString", "coordinates": [ [ -2.0702172, 53.44652330000001 ], [ -2.0701905, 53.446453 ] ] } },
{ "type": "Feature", "properties": { "id": 21751, "nach": 0.62202978185147018 }, "geometry": { "type": "LineString", "coordinates": [ [ -2.0681355, 53.4468406 ], [ -2.06862, 53.4465786 ], [ -2.0688345, 53.44653390000002 ], [ -2.0701905, 53.446453 ] ] } },
{ "type": "Feature", "properties": { "id": 29287, "nach": 0.61707300668051412 }, "geometry": { "type": "LineString", "coordinates": [ [ -2.0702759, 53.4469007 ], [ -2.0702172, 53.44652330000001 ] ] } },
{ "type": "Feature", "properties": { "id": 35849, "nach": 0.64246459107617282 }, "geometry": { "type": "LineString", "coordinates": [ [ -2.0710842, 53.4463494 ], [ -2.0702172, 53.44652330000001 ] ] } },
{ "type": "Feature", "properties": { "id": 1537, "nach": 0.64869598850400689 }, "geometry": { "type": "LineString", "coordinates": [ [ -2.0705962, 53.4490157 ], [ -2.0705619, 53.4487383 ] ] } },
{ "type": "Feature", "properties": { "id": 51612, "nach": 0.64235742901348203 }, "geometry": { "type": "LineString", "coordinates": [ [ -2.0704725, 53.448164 ], [ -2.0705619, 53.4487383 ] ] } },
{ "type": "Feature", "properties": { "id": 15076, "nach": 0.46927175181542302 }, "geometry": { "type": "LineString", "coordinates": [ [ -2.0696446, 53.4485881 ], [ -2.0704669, 53.4487413 ], [ -2.0705619, 53.4487383 ] ] } },
{ "type": "Feature", "properties": { "id": 21917, "nach": 0.47485981999117227 }, "geometry": { "type": "LineString", "coordinates": [ [ -2.071336, 53.44899860000001 ], [ -2.0705962, 53.4490157 ] ] } },
{ "type": "Feature", "properties": { "id": 14883, "nach": 0.65626853669136154 }, "geometry": { "type": "LineString", "coordinates": [ [ -2.0705307, 53.449185900000018 ], [ -2.0705984, 53.4491267 ], [ -2.0705962, 53.4490157 ] ] } },
{ "type": "Feature", "properties": { "id": 51614, "nach": 0.57669616848865535 }, "geometry": { "type": "LineString", "coordinates": [ [ -2.0704725, 53.448164 ], [ -2.0708664, 53.4481428 ], [ -2.0710585, 53.4481325 ] ] } },
{ "type": "Feature", "properties": { "id": 51613, "nach": 0.61136557170162975 }, "geometry": { "type": "LineString", "coordinates": [ [ -2.0704725, 53.448164 ], [ -2.0702759, 53.4469007 ] ] } },
{ "type": "Feature", "properties": { "id": 14908, "nach": 0.664364623341829 }, "geometry": { "type": "LineString", "coordinates": [ [ -2.0702765, 53.4492219 ], [ -2.0703672, 53.4492115 ], [ -2.0705307, 53.449185900000018 ] ] } },
{ "type": "Feature", "properties": { "id": 14887, "nach": 0.69690365936475918 }, "geometry": { "type": "LineString", "coordinates": [ [ -2.0707014, 53.4493964 ], [ -2.0706477, 53.4492878 ], [ -2.0705307, 53.449185900000018 ] ] } },
{ "type": "Feature", "properties": { "id": 21925, "nach": 0.63090986338512878 }, "geometry": { "type": "LineString", "coordinates": [ [ -2.0673528, 53.4486284 ], [ -2.0678941, 53.4487079 ] ] } },
{ "type": "Feature", "properties": { "id": 21950, "nach": 0.64482920492050666 }, "geometry": { "type": "LineString", "coordinates": [ [ -2.0685526, 53.4488626 ], [ -2.0678941, 53.4487079 ] ] } },
{ "type": "Feature", "properties": { "id": 15073, "nach": 0.56351960693197112 }, "geometry": { "type": "LineString", "coordinates": [ [ -2.0680195, 53.4472432 ], [ -2.0680911, 53.447294800000016 ], [ -2.0681292, 53.4473307 ], [ -2.0681555, 53.447364300000011 ], [ -2.0681674, 53.4474008 ], [ -2.0681895, 53.4478528 ], [ -2.0681986, 53.44812120000001 ], [ -2.0681912, 53.4481611 ], [ -2.068179, 53.4482038 ], [ -2.0678941, 53.4487079 ] ] } },
{ "type": "Feature", "properties": { "id": 21924, "nach": 0.62687196620975749 }, "geometry": { "type": "LineString", "coordinates": [ [ -2.0673528, 53.4486284 ], [ -2.0669806, 53.4485841 ] ] } },
{ "type": "Feature", "properties": { "id": 21973, "nach": 0.43549702229162041 }, "geometry": { "type": "LineString", "coordinates": [ [ -2.0674773, 53.4499157 ], [ -2.0674695, 53.449756 ], [ -2.0674147, 53.4497012 ], [ -2.0673104, 53.4496506 ], [ -2.0672369, 53.4495755 ], [ -2.0672172, 53.4494971 ], [ -2.0671866, 53.4492113 ], [ -2.0672966, 53.448803699999985 ], [ -2.0673528, 53.4486284 ] ] } },
{ "type": "Feature", "properties": { "id": 21949, "nach": 0.58116827400289628 }, "geometry": { "type": "LineString", "coordinates": [ [ -2.0685526, 53.4488626 ], [ -2.0684197, 53.4490352 ] ] } },
{ "type": "Feature", "properties": { "id": 52077, "nach": 0.65069887992232633 }, "geometry": { "type": "LineString", "coordinates": [ [ -2.0691713, 53.4489957 ], [ -2.0685526, 53.4488626 ] ] } },
{ "type": "Feature", "properties": { "id": 16496, "nach": 0.46233414831069197 }, "geometry": { "type": "LineString", "coordinates": [ [ -2.068764, 53.444986900000011 ], [ -2.0697987, 53.4448363 ] ] } },
{ "type": "Feature", "properties": { "id": 1554, "nach": 0.66277978610888699 }, "geometry": { "type": "LineString", "coordinates": [ [ -2.0695305, 53.44416540000001 ], [ -2.0697987, 53.4448363 ] ] } },
{ "type": "Feature", "properties": { "id": 35086, "nach": 0.63803637048556627 }, "geometry": { "type": "LineString", "coordinates": [ [ -2.077055, 53.4493851 ], [ -2.0771905, 53.4493702 ] ] } },
{ "type": "Feature", "properties": { "id": 1574, "nach": 0.48339220388530563 }, "geometry": { "type": "LineString", "coordinates": [ [ -2.0771905, 53.4493702 ], [ -2.0775106, 53.4496883 ] ] } },
{ "type": "Feature", "properties": { "id": 35087, "nach": 0.68771489473680047 }, "geometry": { "type": "LineString", "coordinates": [ [ -2.077055, 53.4493851 ], [ -2.0766957, 53.4494255 ], [ -2.0762781, 53.4495108 ] ] } },
{ "type": "Feature", "properties": { "id": 35088, "nach": 0.63980658642276234 }, "geometry": { "type": "LineString", "coordinates": [ [ -2.077055, 53.4493851 ], [ -2.0772475, 53.4493047 ], [ -2.0772738, 53.449293399999988 ], [ -2.0773294, 53.4492694 ], [ -2.0773871, 53.4492446 ] ] } },
{ "type": "Feature", "properties": { "id": 29452, "nach": 0.46119182527821562 }, "geometry": { "type": "LineString", "coordinates": [ [ -2.0775106, 53.4496883 ], [ -2.0781944, 53.450455 ] ] } },
{ "type": "Feature", "properties": { "id": 29455, "nach": 0.34820204157614759 }, "geometry": { "type": "LineString", "coordinates": [ [ -2.0766604, 53.4499536 ], [ -2.0775106, 53.4496883 ] ] } },
{ "type": "Feature", "properties": { "id": 1576, "nach": 0.47409834076155261 }, "geometry": { "type": "LineString", "coordinates": [ [ -2.0762781, 53.4495108 ], [ -2.0766604, 53.4499536 ] ] } },
{ "type": "Feature", "properties": { "id": 51600, "nach": 0.6882954100598333 }, "geometry": { "type": "LineString", "coordinates": [ [ -2.0759482, 53.4496391 ], [ -2.0760131, 53.4495989 ], [ -2.0761227, 53.4495597 ], [ -2.0762781, 53.4495108 ] ] } },
{ "type": "Feature", "properties": { "id": 29454, "nach": 0.45741421772053231 }, "geometry": { "type": "LineString", "coordinates": [ [ -2.0766604, 53.4499536 ], [ -2.077119, 53.4505057 ] ] } },
{ "type": "Feature", "properties": { "id": 51599, "nach": 0.68201677810675687 }, "geometry": { "type": "LineString", "coordinates": [ [ -2.0759482, 53.4496391 ], [ -2.075817, 53.4497203 ], [ -2.0756321, 53.4498755 ], [ -2.0753236, 53.4501949 ] ] } },
{ "type": "Feature", "properties": { "id": 51609, "nach": 0.60871312417361789 }, "geometry": { "type": "LineString", "coordinates": [ [ -2.0758262, 53.4495277 ], [ -2.0758493, 53.4495491 ], [ -2.0759482, 53.4496391 ] ] } },
{ "type": "Feature", "properties": { "id": 5503, "nach": 0.66050495251919017 }, "geometry": { "type": "LineString", "coordinates": [ [ -2.0753236, 53.4501949 ], [ -2.0749682, 53.4506165 ] ] } },
{ "type": "Feature", "properties": { "id": 35049, "nach": 0.70119321074437735 }, "geometry": { "type": "LineString", "coordinates": [ [ -2.0748654, 53.4509781 ], [ -2.0748606, 53.4508969 ], [ -2.0748891, 53.4507495 ], [ -2.0749682, 53.4506165 ] ] } },
{ "type": "Feature", "properties": { "id": 41608, "nach": 0.64178124280423288 }, "geometry": { "type": "LineString", "coordinates": [ [ -2.0751537, 53.4506737 ], [ -2.0749682, 53.4506165 ] ] } },
{ "type": "Feature", "properties": { "id": 49225, "nach": 0.65867170252875751 }, "geometry": { "type": "LineString", "coordinates": [ [ -2.0748404, 53.4500434 ], [ -2.0753236, 53.4501949 ] ] } },
{ "type": "Feature", "properties": { "id": 41601, "nach": 0.6224534916006913 }, "geometry": { "type": "LineString", "coordinates": [ [ -2.07600680000001, 53.4504094 ], [ -2.0753236, 53.4501949 ] ] } },
{ "type": "Feature", "properties": { "id": 35050, "nach": 0.67772024685743637 }, "geometry": { "type": "LineString", "coordinates": [ [ -2.0748654, 53.4509781 ], [ -2.0747934, 53.4509776 ], [ -2.0746292, 53.4509359 ] ] } },
{ "type": "Feature", "properties": { "id": 35048, "nach": 0.72318466444250262 }, "geometry": { "type": "LineString", "coordinates": [ [ -2.0748654, 53.4509781 ], [ -2.0748794, 53.4511076 ], [ -2.0748938, 53.4511455 ] ] } },
{ "type": "Feature", "properties": { "id": 35044, "nach": 0.72623418247504579 }, "geometry": { "type": "LineString", "coordinates": [ [ -2.0748938, 53.4511455 ], [ -2.0749392, 53.4512812 ] ] } },
{ "type": "Feature", "properties": { "id": 26591, "nach": 0.69118106087085407 }, "geometry": { "type": "LineString", "coordinates": [ [ -2.0747269, 53.45134680000001 ], [ -2.0749392, 53.4512812 ] ] } },
{ "type": "Feature", "properties": { "id": 15559, "nach": 0.63685666391272522 }, "geometry": { "type": "LineString", "coordinates": [ [ -2.0766184, 53.4516554 ], [ -2.0755037, 53.45123550000001 ], [ -2.0754247, 53.4512172 ], [ -2.0752891, 53.4512164 ], [ -2.0749392, 53.4512812 ] ] } },
{ "type": "Feature", "properties": { "id": 35082, "nach": 0.44031172927623208 }, "geometry": { "type": "LineString", "coordinates": [ [ -2.0745167, 53.451070700000017 ], [ -2.0746566, 53.4511453 ], [ -2.07478, 53.4511669 ], [ -2.0748938, 53.4511455 ] ] } },
{ "type": "Feature", "properties": { "id": 26592, "nach": 0.66812400006156625 }, "geometry": { "type": "LineString", "coordinates": [ [ -2.0747269, 53.45134680000001 ], [ -2.0746785, 53.4513597 ], [ -2.0729558, 53.4518197 ] ] } },
{ "type": "Feature", "properties": { "id": 26593, "nach": 0.55172567452685384 }, "geometry": { "type": "LineString", "coordinates": [ [ -2.0747269, 53.45134680000001 ], [ -2.0746727, 53.4512682 ], [ -2.0744594, 53.4511312 ] ] } },
{ "type": "Feature", "properties": { "id": 43718, "nach": 0.58785398604396699 }, "geometry": { "type": "LineString", "coordinates": [ [ -2.0736321, 53.4520078 ], [ -2.0735544, 53.4518649 ], [ -2.0746567, 53.451675500000015 ], [ -2.0747463, 53.4515826 ], [ -2.0748697, 53.4514548 ], [ -2.074827, 53.4514356 ], [ -2.0747762, 53.4514307 ], [ -2.0747269, 53.45134680000001 ] ] } },
{ "type": "Feature", "properties": { "id": 15587, "nach": 0.64154247903878403 }, "geometry": { "type": "LineString", "coordinates": [ [ -2.0721535, 53.4520306 ], [ -2.0717913, 53.4520993 ] ] } },
{ "type": "Feature", "properties": { "id": 15584, "nach": 0.5618608589925177 }, "geometry": { "type": "LineString", "coordinates": [ [ -2.0716658, 53.4518759 ], [ -2.0717913, 53.4520993 ] ] } },
{ "type": "Feature", "properties": { "id": 14980, "nach": 0.62549022584577008 }, "geometry": { "type": "LineString", "coordinates": [ [ -2.0711523, 53.452156700000018 ], [ -2.0713848, 53.4521499 ], [ -2.0717913, 53.4520993 ] ] } },
{ "type": "Feature", "properties": { "id": 26017, "nach": 0.6184584295014075 }, "geometry": { "type": "LineString", "coordinates": [ [ -2.071951, 53.4524299 ], [ -2.0717913, 53.4520993 ] ] } },
{ "type": "Feature", "properties": { "id": 15589, "nach": 0.65824307979501417 }, "geometry": { "type": "LineString", "coordinates": [ [ -2.0721535, 53.4520306 ], [ -2.0723918, 53.4519815 ], [ -2.0729558, 53.4518197 ] ] } },
{ "type": "Feature", "properties": { "id": 15588, "nach": 0.53467967356662227 }, "geometry": { "type": "LineString", "coordinates": [ [ -2.0721535, 53.4520306 ], [ -2.0716658, 53.4518759 ] ] } },
{ "type": "Feature", "properties": { "id": 15585, "nach": 0.59015090201372278 }, "geometry": { "type": "LineString", "coordinates": [ [ -2.0716658, 53.4518759 ], [ -2.071313, 53.4511893 ] ] } },
{ "type": "Feature", "properties": { "id": 14978, "nach": 0.62372597189749468 }, "geometry": { "type": "LineString", "coordinates": [ [ -2.0711523, 53.452156700000018 ], [ -2.070829, 53.4521652 ] ] } },
{ "type": "Feature", "properties": { "id": 24643, "nach": 0.55171659651838745 }, "geometry": { "type": "LineString", "coordinates": [ [ -2.0712914, 53.45264 ], [ -2.0711523, 53.452156700000018 ] ] } },
{ "type": "Feature", "properties": { "id": 3894, "nach": 0.65211978034190343 }, "geometry": { "type": "LineString", "coordinates": [ [ -2.0681442, 53.4518308 ], [ -2.0694545, 53.4520501 ] ] } },
{ "type": "Feature", "properties": { "id": 20008, "nach": 0.60969852271155245 }, "geometry": { "type": "LineString", "coordinates": [ [ -2.0695595, 53.4516426 ], [ -2.0694545, 53.4520501 ] ] } },
{ "type": "Feature", "properties": { "id": 14896, "nach": 0.60937867834916459 }, "geometry": { "type": "LineString", "coordinates": [ [ -2.070829, 53.4521652 ], [ -2.0704814, 53.4521643 ], [ -2.0701311, 53.4521413 ], [ -2.0694545, 53.4520501 ] ] } },
{ "type": "Feature", "properties": { "id": 20010, "nach": 0.47220047158216244 }, "geometry": { "type": "LineString", "coordinates": [ [ -2.0695595, 53.4516426 ], [ -2.0692201, 53.4515908 ], [ -2.0691343, 53.4515525 ], [ -2.0691129, 53.451495 ], [ -2.069137, 53.4514055 ] ] } },
{ "type": "Feature", "properties": { "id": 20032, "nach": 0.60803478035388259 }, "geometry": { "type": "LineString", "coordinates": [ [ -2.0695841, 53.451546 ], [ -2.0695595, 53.4516426 ] ] } },
{ "type": "Feature", "properties": { "id": 20036, "nach": 0.48293421553355859 }, "geometry": { "type": "LineString", "coordinates": [ [ -2.0707441, 53.4516674 ], [ -2.0708194, 53.4518243 ], [ -2.0708408, 53.4519521 ], [ -2.070829, 53.4521652 ] ] } },
{ "type": "Feature", "properties": { "id": 20030, "nach": 0.58091578764828766 }, "geometry": { "type": "LineString", "coordinates": [ [ -2.0696869, 53.4511648 ], [ -2.0688737, 53.4511648 ], [ -2.0687411, 53.4511874 ], [ -2.0687102, 53.4513264 ], [ -2.0677116, 53.45122880000001 ], [ -2.0668231, 53.4510858 ] ] } },
{ "type": "Feature", "properties": { "id": 32057, "nach": 0.0 }, "geometry": { "type": "LineString", "coordinates": [ [ -2.08722, 53.4438662 ], [ -2.087353, 53.443941 ], [ -2.0874719, 53.4441372 ], [ -2.0876384, 53.4441729 ], [ -2.0880545, 53.4443156 ], [ -2.0883636, 53.444381 ], [ -2.088643, 53.4443572 ], [ -2.0889225, 53.4442977 ], [ -2.0885063, 53.4439292 ], [ -2.0883517, 53.4437984 ], [ -2.0882982, 53.4435725 ], [ -2.0883874, 53.4434001 ], [ -2.0887441, 53.443192 ], [ -2.0891721, 53.4429899 ], [ -2.0893921, 53.4427521 ], [ -2.0896299, 53.4427521 ], [ -2.0897964, 53.4426451 ], [ -2.0903314, 53.4424786 ], [ -2.0905395, 53.4421635 ], [ -2.0907594, 53.4420624 ], [ -2.0913123, 53.4418425 ], [ -2.0915442, 53.4416463 ], [ -2.0916577, 53.441405 ], [ -2.0916869, 53.4413431 ], [ -2.0918111, 53.441016500000011 ] ] } },
{ "type": "Feature", "properties": { "id": 21872, "nach": 0.58336503840350851 }, "geometry": { "type": "LineString", "coordinates": [ [ -2.074745, 53.4445401 ], [ -2.0743896, 53.4441906 ] ] } },
{ "type": "Feature", "properties": { "id": 25749, "nach": 0.58534152907289716 }, "geometry": { "type": "LineString", "coordinates": [ [ -2.0740764, 53.4442711 ], [ -2.0742115, 53.4442005 ], [ -2.0743896, 53.4441906 ] ] } },
{ "type": "Feature", "properties": { "id": 25755, "nach": 0.4600021901004539 }, "geometry": { "type": "LineString", "coordinates": [ [ -2.0743896, 53.4441906 ], [ -2.08019146906318, 53.442591424299337 ] ] } },
{ "type": "Feature", "properties": { "id": 21874, "nach": 0.53101639915471899 }, "geometry": { "type": "LineString", "coordinates": [ [ -2.074745, 53.4445401 ], [ -2.0749664, 53.4445498 ], [ -2.0751917, 53.4444821 ], [ -2.0753398, 53.4444692 ] ] } },
{ "type": "Feature", "properties": { "id": 21873, "nach": 0.54624793762044077 }, "geometry": { "type": "LineString", "coordinates": [ [ -2.074745, 53.4445401 ], [ -2.0749703, 53.4448181 ] ] } },
{ "type": "Feature", "properties": { "id": 25755, "nach": 0.4600021901004539 }, "geometry": { "type": "LineString", "coordinates": [ [ -2.076115306714371, 53.443769814639509 ], [ -2.0812515, 53.4421624 ] ] } },
{ "type": "Feature", "properties": { "id": 25748, "nach": 0.53788146899878608 }, "geometry": { "type": "LineString", "coordinates": [ [ -2.0740764, 53.4442711 ], [ -2.0738739, 53.4441814 ], [ -2.073904, 53.4440512 ], [ -2.0737499, 53.4437525 ], [ -2.0733848, 53.44339 ] ] } },
{ "type": "Feature", "properties": { "id": 25762, "nach": 0.53904320224956759 }, "geometry": { "type": "LineString", "coordinates": [ [ -2.0716448, 53.4450128 ], [ -2.073939, 53.4443729 ], [ -2.0740764, 53.4442711 ] ] } },
{ "type": "Feature", "properties": { "id": 21935, "nach": 0.58857605820734016 }, "geometry": { "type": "LineString", "coordinates": [ [ -2.0710853, 53.4507747 ], [ -2.0707567, 53.4501297 ] ] } },
{ "type": "Feature", "properties": { "id": 21955, "nach": 0.50647004054939471 }, "geometry": { "type": "LineString", "coordinates": [ [ -2.070572, 53.4500965 ], [ -2.0707567, 53.4501297 ] ] } },
{ "type": "Feature", "properties": { "id": 14889, "nach": 0.58178800777959627 }, "geometry": { "type": "LineString", "coordinates": [ [ -2.070731, 53.4499461 ], [ -2.0707402, 53.4500455 ], [ -2.0707567, 53.4501297 ] ] } },
{ "type": "Feature", "properties": { "id": 21960, "nach": 0.59623453712131924 }, "geometry": { "type": "LineString", "coordinates": [ [ -2.071283, 53.4511316 ], [ -2.0710853, 53.4507747 ] ] } },
{ "type": "Feature", "properties": { "id": 21962, "nach": 0.44867136889444853 }, "geometry": { "type": "LineString", "coordinates": [ [ -2.0701533, 53.4509326 ], [ -2.0710853, 53.4507747 ] ] } },
{ "type": "Feature", "properties": { "id": 36958, "nach": 0.61472788989671578 }, "geometry": { "type": "LineString", "coordinates": [ [ -2.0704569, 53.4500758 ], [ -2.070572, 53.4500965 ] ] } },
{ "type": "Feature", "properties": { "id": 21964, "nach": 0.60927521527646988 }, "geometry": { "type": "LineString", "coordinates": [ [ -2.0701533, 53.4509326 ], [ -2.0703011, 53.4506621 ], [ -2.070572, 53.4500965 ] ] } },
{ "type": "Feature", "properties": { "id": 36959, "nach": 0.61839654364439822 }, "geometry": { "type": "LineString", "coordinates": [ [ -2.070713, 53.4496117 ], [ -2.070731, 53.4499461 ] ] } },
{ "type": "Feature", "properties": { "id": 26028, "nach": 0.55437003149765007 }, "geometry": { "type": "LineString", "coordinates": [ [ -2.0720427, 53.4510454 ], [ -2.0716133, 53.4501951 ], [ -2.0714846, 53.4500929 ], [ -2.070731, 53.4499461 ] ] } },
{ "type": "Feature", "properties": { "id": 29288, "nach": 0.47315100169339391 }, "geometry": { "type": "LineString", "coordinates": [ [ -2.0702759, 53.4469007 ], [ -2.0695684, 53.4469376 ] ] } },
{ "type": "Feature", "properties": { "id": 42443, "nach": 0.51352161341599756 }, "geometry": { "type": "LineString", "coordinates": [ [ -2.0718264, 53.4543232 ], [ -2.0715292, 53.454470700000016 ], [ -2.0705046, 53.4548444 ], [ -2.069571, 53.455214 ], [ -2.0686382, 53.4555364 ] ] } },
{ "type": "Feature", "properties": { "id": 27076, "nach": 0.61121658508147525 }, "geometry": { "type": "LineString", "coordinates": [ [ -2.0676804, 53.4542614 ], [ -2.0679346, 53.4541802 ], [ -2.0684837, 53.4539947 ], [ -2.0691685, 53.4538128 ], [ -2.0698623, 53.4535795 ], [ -2.0701525, 53.4534953 ], [ -2.0709448, 53.4533771 ], [ -2.0712549, 53.453306 ], [ -2.0712969, 53.4532512 ] ] } },
{ "type": "Feature", "properties": { "id": 26587, "nach": 0.62088318886938532 }, "geometry": { "type": "LineString", "coordinates": [ [ -2.0734041, 53.4527575 ], [ -2.0732441, 53.4524094 ] ] } },
{ "type": "Feature", "properties": { "id": 43712, "nach": 0.57465018543446178 }, "geometry": { "type": "LineString", "coordinates": [ [ -2.072277, 53.4525998 ], [ -2.0732441, 53.4524094 ] ] } },
{ "type": "Feature", "properties": { "id": 26019, "nach": 0.6259139445891776 }, "geometry": { "type": "LineString", "coordinates": [ [ -2.073191, 53.452287700000014 ], [ -2.0732441, 53.4524094 ] ] } },
{ "type": "Feature", "properties": { "id": 26588, "nach": 0.52814392374970665 }, "geometry": { "type": "LineString", "coordinates": [ [ -2.0734041, 53.4527575 ], [ -2.0734305, 53.4528148 ], [ -2.071702, 53.4531642 ] ] } },
{ "type": "Feature", "properties": { "id": 42440, "nach": 0.69991339613383496 }, "geometry": { "type": "LineString", "coordinates": [ [ -2.0734041, 53.4527575 ], [ -2.072626192655615, 53.453251209109609 ] ] } },
{ "type": "Feature", "properties": { "id": 43711, "nach": 0.58147783577033818 }, "geometry": { "type": "LineString", "coordinates": [ [ -2.072277, 53.4525998 ], [ -2.0720419, 53.4526461 ] ] } },
{ "type": "Feature", "properties": { "id": 43713, "nach": 0.43421925564874292 }, "geometry": { "type": "LineString", "coordinates": [ [ -2.072277, 53.4525998 ], [ -2.0721942, 53.4524223 ], [ -2.0727405, 53.452322700000011 ] ] } },
{ "type": "Feature", "properties": { "id": 43724, "nach": 0.54728690838524308 }, "geometry": { "type": "LineString", "coordinates": [ [ -2.0734076, 53.452242 ], [ -2.073191, 53.452287700000014 ] ] } },
{ "type": "Feature", "properties": { "id": 43716, "nach": 0.60925323265249431 }, "geometry": { "type": "LineString", "coordinates": [ [ -2.0731042, 53.452115 ], [ -2.0731692, 53.4522445 ], [ -2.073191, 53.452287700000014 ] ] } },
{ "type": "Feature", "properties": { "id": 4122, "nach": 0.61245128541576632 }, "geometry": { "type": "LineString", "coordinates": [ [ -2.0720419, 53.4526461 ], [ -2.071951, 53.4524299 ] ] } },
{ "type": "Feature", "properties": { "id": 26021, "nach": 0.61856055939286869 }, "geometry": { "type": "LineString", "coordinates": [ [ -2.0714985, 53.4527667 ], [ -2.0720419, 53.4526461 ] ] } },
{ "type": "Feature", "properties": { "id": 26022, "nach": 0.0 }, "geometry": { "type": "LineString", "coordinates": [ [ -2.0714985, 53.4527667 ], [ -2.0713759, 53.4524322 ], [ -2.0716282, 53.4523823 ], [ -2.0717085, 53.4524759 ], [ -2.071951, 53.4524299 ] ] } },
{ "type": "Feature", "properties": { "id": 27091, "nach": 0.61560801583201419 }, "geometry": { "type": "LineString", "coordinates": [ [ -2.0715295, 53.452828 ], [ -2.0714985, 53.4527667 ] ] } },
{ "type": "Feature", "properties": { "id": 32065, "nach": 0.44566174119808816 }, "geometry": { "type": "LineString", "coordinates": [ [ -2.087596, 53.4435748 ], [ -2.0876214, 53.4435514 ], [ -2.0877779, 53.4434074 ], [ -2.0878052, 53.4433291 ], [ -2.0878744, 53.4432508 ], [ -2.0880734, 53.4431214 ], [ -2.088347, 53.442948899999983 ], [ -2.0884329, 53.4428275 ], [ -2.08843080000001, 53.4427851 ] ] } },
{ "type": "Feature", "properties": { "id": 32068, "nach": 0.50145067068967308 }, "geometry": { "type": "LineString", "coordinates": [ [ -2.08843080000001, 53.4427851 ], [ -2.087231173675666, 53.443492739020172 ] ] } },
{ "type": "Feature", "properties": { "id": 41338, "nach": 0.49172620037315534 }, "geometry": { "type": "LineString", "coordinates": [ [ -2.0869619, 53.4455276 ], [ -2.0868016, 53.4455526 ] ] } },
{ "type": "Feature", "properties": { "id": 56889, "nach": 0.24239031390012888 }, "geometry": { "type": "LineString", "coordinates": [ [ -2.0871873, 53.4471717 ], [ -2.0872248, 53.4471034 ], [ -2.087318, 53.4468506 ], [ -2.0873319, 53.446717200000016 ], [ -2.08734, 53.44658840000001 ], [ -2.0873263, 53.4465041 ], [ -2.0873219, 53.4464767 ], [ -2.0872753, 53.4463495 ], [ -2.0872484, 53.4462727 ], [ -2.0872058, 53.446151 ], [ -2.0871155, 53.4459852 ], [ -2.0870763, 53.4459168 ], [ -2.0870325, 53.4458404 ], [ -2.0869786, 53.4457592 ], [ -2.0869366, 53.4456773 ], [ -2.0869259, 53.4456145 ], [ -2.0868901, 53.445558 ], [ -2.0868637, 53.4454996 ], [ -2.0868439, 53.4454858 ], [ -2.08682230000001, 53.4454787 ], [ -2.0867768, 53.4454904 ], [ -2.0867583, 53.4455211 ], [ -2.0867735, 53.445542 ], [ -2.0868016, 53.4455526 ] ] } },
{ "type": "Feature", "properties": { "id": 15043, "nach": 0.49732187597670691 }, "geometry": { "type": "LineString", "coordinates": [ [ -2.0853642, 53.445821100000018 ], [ -2.0855873, 53.4457755 ], [ -2.085649, 53.4457567 ], [ -2.0859046, 53.4456785 ], [ -2.086134, 53.445634 ], [ -2.0862299, 53.445597899999989 ], [ -2.0863397, 53.4455699 ], [ -2.0864368, 53.4455568 ], [ -2.0865748, 53.4455528 ], [ -2.0868016, 53.4455526 ] ] } },
{ "type": "Feature", "properties": { "id": 41340, "nach": 0.37312799392872303 }, "geometry": { "type": "LineString", "coordinates": [ [ -2.0869619, 53.4455276 ], [ -2.0870369, 53.4455173 ], [ -2.0870964, 53.4455093 ], [ -2.0873185, 53.4454878 ], [ -2.0875002, 53.4454472 ], [ -2.087559, 53.4454198 ], [ -2.087655, 53.445375 ], [ -2.0878025, 53.4452857 ], [ -2.0878195, 53.4452755 ] ] } },
{ "type": "Feature", "properties": { "id": 41339, "nach": 0.48068305955165896 }, "geometry": { "type": "LineString", "coordinates": [ [ -2.0869619, 53.4455276 ], [ -2.0869735, 53.445522299999986 ], [ -2.0869817, 53.4455109 ], [ -2.0869753, 53.4454973 ], [ -2.0869573, 53.4454826 ], [ -2.086947, 53.4454368 ], [ -2.0868543, 53.4451966 ], [ -2.0868412, 53.4450917 ], [ -2.0868433, 53.4449599 ], [ -2.0869241, 53.4446058 ], [ -2.0869896, 53.4443557 ], [ -2.0870167, 53.4442558 ], [ -2.0870632, 53.4440842 ], [ -2.0870743, 53.4440485 ] ] } },
{ "type": "Feature", "properties": { "id": 56888, "nach": 0.29865466275334535 }, "geometry": { "type": "LineString", "coordinates": [ [ -2.0871873, 53.4471717 ], [ -2.0870928, 53.4473437 ], [ -2.0870302, 53.4475528 ], [ -2.086942, 53.448008 ], [ -2.0869074, 53.4482217 ], [ -2.0868843, 53.4483708 ], [ -2.0868579, 53.4485194 ], [ -2.0868118, 53.4486421 ], [ -2.0867637, 53.448763899999989 ], [ -2.0867098, 53.448862099999985 ], [ -2.086620500000011, 53.4489679 ], [ -2.0864963, 53.4490945 ], [ -2.0864015, 53.4491781 ], [ -2.08635990000001, 53.4492148 ], [ -2.0860463, 53.449447 ], [ -2.0858551, 53.4495876 ], [ -2.085681, 53.4497266 ], [ -2.0855119, 53.4498641 ], [ -2.08543450000001, 53.4499443 ], [ -2.0853874, 53.4500203 ], [ -2.0853402, 53.4501126 ], [ -2.0853524, 53.450215 ], [ -2.08537730000001, 53.4503331 ], [ -2.0854605, 53.4504605 ], [ -2.0855385, 53.450586 ], [ -2.0856379, 53.4506995 ], [ -2.0857881, 53.4508879 ], [ -2.0859284, 53.4510421 ], [ -2.0861425, 53.4513103 ], [ -2.08629530000001, 53.4514819 ], [ -2.0864036, 53.4516296 ], [ -2.0865165, 53.4518053 ], [ -2.0866021, 53.4519584 ], [ -2.0866456, 53.4520874 ], [ -2.0866551, 53.452182 ], [ -2.0866406, 53.4523746 ], [ -2.0866127, 53.4524922 ], [ -2.086605, 53.4525495 ] ] } },
{ "type": "Feature", "properties": { "id": 56890, "nach": 0.38981493208223783 }, "geometry": { "type": "LineString", "coordinates": [ [ -2.0871873, 53.4471717 ], [ -2.0871192, 53.4471071 ], [ -2.0857219, 53.4470481 ] ] } },
{ "type": "Feature", "properties": { "id": 15042, "nach": 0.51131081670327616 }, "geometry": { "type": "LineString", "coordinates": [ [ -2.0853642, 53.445821100000018 ], [ -2.084925, 53.445782 ], [ -2.0847128, 53.4458439 ], [ -2.0844679, 53.4459058 ], [ -2.0839537, 53.4460152 ], [ -2.0836194, 53.4460767 ], [ -2.083427, 53.4461022 ] ] } },
{ "type": "Feature", "properties": { "id": 49273, "nach": 0.51126582828373601 }, "geometry": { "type": "LineString", "coordinates": [ [ -2.085887, 53.446147100000012 ], [ -2.0858934, 53.4461122 ], [ -2.0853642, 53.445821100000018 ] ] } },
{ "type": "Feature", "properties": { "id": 4666, "nach": 0.57944966783717289 }, "geometry": { "type": "LineString", "coordinates": [ [ -2.086605, 53.4525495 ], [ -2.086719013031742, 53.452672739606086 ] ] } },
{ "type": "Feature", "properties": { "id": 27103, "nach": 0.55084629330433055 }, "geometry": { "type": "LineString", "coordinates": [ [ -2.086874, 53.4532585 ], [ -2.0866875, 53.453244699999985 ] ] } },
{ "type": "Feature", "properties": { "id": 4669, "nach": 0.53250056894798914 }, "geometry": { "type": "LineString", "coordinates": [ [ -2.0881649, 53.4546571 ], [ -2.088179, 53.4545927 ], [ -2.088176, 53.4545364 ], [ -2.088164, 53.454482 ], [ -2.0881219, 53.4544189 ], [ -2.0879017, 53.4543008 ], [ -2.08759620000001, 53.4541758 ], [ -2.0875377, 53.4541285 ], [ -2.0874336, 53.4540817 ], [ -2.0872509, 53.4540088 ], [ -2.0871536, 53.45399960000001 ], [ -2.086965, 53.4539197 ], [ -2.0868782, 53.4538685 ], [ -2.0867993, 53.4537987 ], [ -2.0867569, 53.4536641 ], [ -2.0867174, 53.4535584 ], [ -2.086696, 53.4534398 ], [ -2.0866875, 53.453244699999985 ] ] } },
{ "type": "Feature", "properties": { "id": 4666, "nach": 0.57944966783717289 }, "geometry": { "type": "LineString", "coordinates": [ [ -2.086719013031742, 53.452672739606086 ], [ -2.0866875, 53.453244699999985 ] ] } },
{ "type": "Feature", "properties": { "id": 27102, "nach": 0.48488455122526192 }, "geometry": { "type": "LineString", "coordinates": [ [ -2.086874, 53.4532585 ], [ -2.0877969, 53.4532951 ] ] } },
{ "type": "Feature", "properties": { "id": 46814, "nach": 0.51154686822102902 }, "geometry": { "type": "LineString", "coordinates": [ [ -2.0883734, 53.454059400000013 ], [ -2.0883519, 53.4540427 ], [ -2.0881936, 53.454006 ], [ -2.0880477, 53.4540185 ], [ -2.0877913, 53.454089 ], [ -2.0876196, 53.4540747 ], [ -2.0873326, 53.4539629 ], [ -2.0871107, 53.4539129 ], [ -2.0870061, 53.4538695 ], [ -2.08693290000001, 53.4538193 ], [ -2.086869, 53.453752 ], [ -2.0868392, 53.45366 ], [ -2.086874, 53.4532585 ] ] } },
{ "type": "Feature", "properties": { "id": 5273, "nach": 0.51684389702891853 }, "geometry": { "type": "LineString", "coordinates": [ [ -2.0897465, 53.4532999 ], [ -2.0891826, 53.4541889 ], [ -2.0888491, 53.45470850000001 ], [ -2.0887996, 53.4547476 ], [ -2.0883914, 53.4546384 ], [ -2.0882766, 53.4546151 ], [ -2.0881649, 53.4546571 ] ] } },
{ "type": "Feature", "properties": { "id": 36226, "nach": 0.63825184827835479 }, "geometry": { "type": "LineString", "coordinates": [ [ -2.0881649, 53.4546571 ], [ -2.088387141755072, 53.455158969210409 ] ] } },
{ "type": "Feature", "properties": { "id": 36226, "nach": 0.63825184827835479 }, "geometry": { "type": "LineString", "coordinates": [ [ -2.088223476873287, 53.454789380299395 ], [ -2.0885575, 53.45539990000001 ] ] } },
{ "type": "Feature", "properties": { "id": 5270, "nach": 0.56978073024568188 }, "geometry": { "type": "LineString", "coordinates": [ [ -2.0897465, 53.4532999 ], [ -2.0900332, 53.4528649 ] ] } },
{ "type": "Feature", "properties": { "id": 15571, "nach": 0.59009476685990181 }, "geometry": { "type": "LineString", "coordinates": [ [ -2.088802, 53.4530881 ], [ -2.0897465, 53.4532999 ] ] } },
{ "type": "Feature", "properties": { "id": 49337, "nach": 0.57983000094457848 }, "geometry": { "type": "LineString", "coordinates": [ [ -2.0906079, 53.4535354 ], [ -2.0897465, 53.4532999 ] ] } },
{ "type": "Feature", "properties": { "id": 5275, "nach": 0.39530619093270741 }, "geometry": { "type": "LineString", "coordinates": [ [ -2.0917813, 53.4501959 ], [ -2.0916236, 53.4501528 ], [ -2.0913318, 53.4500592 ], [ -2.0910882, 53.4499525 ], [ -2.090849, 53.449732 ], [ -2.0906682, 53.44954 ], [ -2.0904241, 53.4493998 ], [ -2.0902364, 53.44925820000001 ] ] } },
{ "type": "Feature", "properties": { "id": 4694, "nach": 0.26914692499349802 }, "geometry": { "type": "LineString", "coordinates": [ [ -2.0901344, 53.4476643 ], [ -2.090027, 53.4478169 ], [ -2.0899177, 53.4478961 ], [ -2.0898423, 53.4479827 ], [ -2.08968030000001, 53.4481146 ], [ -2.0896087, 53.4482163 ], [ -2.0895051, 53.4482917 ], [ -2.089247, 53.448401 ], [ -2.0890435, 53.4484933 ], [ -2.0887703, 53.4485686 ], [ -2.088522, 53.448765 ], [ -2.08835620000001, 53.4488601 ], [ -2.08809960000001, 53.4489982 ], [ -2.0880092, 53.4491301 ], [ -2.0880375, 53.4492054 ], [ -2.0882108, 53.44929770000001 ], [ -2.088395400000011, 53.449262 ], [ -2.0885217, 53.4492149 ], [ -2.0888137, 53.4491828 ], [ -2.0892348, 53.449175 ], [ -2.0893205, 53.4491734 ], [ -2.0896313, 53.4491715 ], [ -2.0899893, 53.4492676 ], [ -2.0902364, 53.44925820000001 ] ] } },
{ "type": "Feature", "properties": { "id": 53977, "nach": 0.38684012600128304 }, "geometry": { "type": "LineString", "coordinates": [ [ -2.0858701, 53.4408466 ], [ -2.085886, 53.4408488 ], [ -2.0859675, 53.4408884 ], [ -2.08602520000001, 53.4409457 ], [ -2.0860124, 53.441022 ], [ -2.0856853, 53.44195770000001 ], [ -2.08564050000001, 53.44201120000001 ], [ -2.0855379, 53.4420379 ], [ -2.0854289, 53.4420418 ], [ -2.0843517, 53.4419196 ], [ -2.0842555, 53.4419196 ], [ -2.0840439, 53.4419539 ], [ -2.0839477, 53.4419921 ], [ -2.0836848, 53.4421258 ], [ -2.0835107, 53.4422116 ] ] } },
{ "type": "Feature", "properties": { "id": 5621, "nach": 0.44524587681815647 }, "geometry": { "type": "LineString", "coordinates": [ [ -2.0840888, 53.4411404 ], [ -2.0839282, 53.4412505 ], [ -2.0835194, 53.4414946 ], [ -2.0832681, 53.4416408 ], [ -2.0831142, 53.4417362 ], [ -2.0830116, 53.4418164 ], [ -2.0829988, 53.4418661 ], [ -2.0830308, 53.441904300000012 ], [ -2.0831206, 53.441973 ], [ -2.0835107, 53.4422116 ] ] } },
{ "type": "Feature", "properties": { "id": 15560, "nach": 0.51803097642358409 }, "geometry": { "type": "LineString", "coordinates": [ [ -2.0900332, 53.4528649 ], [ -2.0902498, 53.4524532 ] ] } },
{ "type": "Feature", "properties": { "id": 15565, "nach": 0.32208084310552187 }, "geometry": { "type": "LineString", "coordinates": [ [ -2.0890812, 53.4526523 ], [ -2.0900332, 53.4528649 ] ] } },
{ "type": "Feature", "properties": { "id": 62751, "nach": 0.52161691590467607 }, "geometry": { "type": "LineString", "coordinates": [ [ -2.0909002, 53.4531011 ], [ -2.0908381, 53.4530668 ], [ -2.0907529, 53.4530404 ], [ -2.0900332, 53.4528649 ] ] } },
{ "type": "Feature", "properties": { "id": 15563, "nach": 0.55196238224450289 }, "geometry": { "type": "LineString", "coordinates": [ [ -2.0890812, 53.4526523 ], [ -2.088802, 53.4530881 ] ] } },
{ "type": "Feature", "properties": { "id": 15572, "nach": 0.46832196715472157 }, "geometry": { "type": "LineString", "coordinates": [ [ -2.088802, 53.4530881 ], [ -2.0887002, 53.453235299999989 ], [ -2.0886573, 53.4534206 ] ] } },
{ "type": "Feature", "properties": { "id": 49340, "nach": 0.4394102199637594 }, "geometry": { "type": "LineString", "coordinates": [ [ -2.0897595, 53.4535541 ], [ -2.0898264, 53.4535703 ], [ -2.0899799, 53.4535894 ], [ -2.0902473, 53.4536057 ], [ -2.0904156, 53.4536071 ], [ -2.0904826, 53.45360010000001 ], [ -2.0905221, 53.453585 ], [ -2.0906079, 53.4535354 ] ] } },
{ "type": "Feature", "properties": { "id": 42107, "nach": 0.50860413756422351 }, "geometry": { "type": "LineString", "coordinates": [ [ -2.0904703, 53.4503182 ], [ -2.0907457, 53.4504027 ], [ -2.0908781, 53.4504546 ], [ -2.0910175, 53.450539700000014 ], [ -2.0913873, 53.4507867 ] ] } },
{ "type": "Feature", "properties": { "id": 46698, "nach": 0.52522322737119886 }, "geometry": { "type": "LineString", "coordinates": [ [ -2.0849821, 53.4544455 ], [ -2.0847363, 53.454430100000017 ], [ -2.0844738, 53.4544345 ], [ -2.0842021, 53.454456 ], [ -2.0839377, 53.4544979 ], [ -2.083527, 53.454575899999988 ], [ -2.0834582, 53.4545889 ], [ -2.0834184, 53.4545965 ], [ -2.0832035, 53.4546404 ] ] } },
{ "type": "Feature", "properties": { "id": 61439, "nach": 0.68770771812677856 }, "geometry": { "type": "LineString", "coordinates": [ [ -2.0829157, 53.4541785 ], [ -2.0831079, 53.4544869 ], [ -2.0831269, 53.4545174 ], [ -2.0832035, 53.4546404 ] ] } },
{ "type": "Feature", "properties": { "id": 29506, "nach": 0.68403303717217168 }, "geometry": { "type": "LineString", "coordinates": [ [ -2.08357290000001, 53.4554231 ], [ -2.0832827, 53.4548083 ], [ -2.0832707, 53.4547828 ], [ -2.0832607, 53.4547615 ], [ -2.0832035, 53.4546404 ] ] } },
{ "type": "Feature", "properties": { "id": 46699, "nach": 0.50119441520749919 }, "geometry": { "type": "LineString", "coordinates": [ [ -2.0849821, 53.4544455 ], [ -2.0851769, 53.4544753 ], [ -2.0854686, 53.4545321 ] ] } },
{ "type": "Feature", "properties": { "id": 46700, "nach": 0.44624042552316612 }, "geometry": { "type": "LineString", "coordinates": [ [ -2.0849821, 53.4544455 ], [ -2.085004, 53.4544079 ], [ -2.0854143, 53.454337 ] ] } },
{ "type": "Feature", "properties": { "id": 61440, "nach": 0.64471746806386787 }, "geometry": { "type": "LineString", "coordinates": [ [ -2.0829157, 53.4541785 ], [ -2.0828148, 53.4541295 ], [ -2.0827625, 53.4541175 ], [ -2.0827102, 53.4541055 ] ] } },
{ "type": "Feature", "properties": { "id": 61448, "nach": 0.63036495552199689 }, "geometry": { "type": "LineString", "coordinates": [ [ -2.082965, 53.4540169 ], [ -2.0829355, 53.4540704 ], [ -2.0829157, 53.4541785 ] ] } },
{ "type": "Feature", "properties": { "id": 50447, "nach": 0.6794519280956125 }, "geometry": { "type": "LineString", "coordinates": [ [ -2.08363250000001, 53.455581100000011 ], [ -2.08357290000001, 53.4554231 ] ] } },
{ "type": "Feature", "properties": { "id": 41780, "nach": 0.5534226367975833 }, "geometry": { "type": "LineString", "coordinates": [ [ -2.0844462, 53.4551005 ], [ -2.0842006, 53.4551789 ], [ -2.0838618, 53.4553683 ], [ -2.08357290000001, 53.4554231 ] ] } },
{ "type": "Feature", "properties": { "id": 14972, "nach": 0.70819807517187461 }, "geometry": { "type": "LineString", "coordinates": [ [ -2.0785549, 53.4552231 ], [ -2.0785581, 53.4549256 ] ] } },
{ "type": "Feature", "properties": { "id": 44596, "nach": 0.6858773940784757 }, "geometry": { "type": "LineString", "coordinates": [ [ -2.0759812, 53.455461 ], [ -2.0782008, 53.454999500000021 ], [ -2.0785581, 53.4549256 ] ] } },
{ "type": "Feature", "properties": { "id": 46879, "nach": 0.73091895809010832 }, "geometry": { "type": "LineString", "coordinates": [ [ -2.0788472, 53.4544762 ], [ -2.0788445, 53.4544948 ], [ -2.0787909, 53.4546482 ], [ -2.0786622, 53.4548398 ], [ -2.0785581, 53.4549256 ] ] } },
{ "type": "Feature", "properties": { "id": 43281, "nach": 0.63446692157765594 }, "geometry": { "type": "LineString", "coordinates": [ [ -2.0789462, 53.4559975 ], [ -2.0785549, 53.4552231 ] ] } },
{ "type": "Feature", "properties": { "id": 31250, "nach": 0.67407808921123791 }, "geometry": { "type": "LineString", "coordinates": [ [ -2.078544, 53.4556728 ], [ -2.0785409, 53.455626 ], [ -2.0785136, 53.4554506 ], [ -2.0785065, 53.45540530000001 ], [ -2.0785549, 53.4552231 ] ] } },
{ "type": "Feature", "properties": { "id": 44595, "nach": 0.67249354743547396 }, "geometry": { "type": "LineString", "coordinates": [ [ -2.0759812, 53.455461 ], [ -2.0757961, 53.4554995 ] ] } },
{ "type": "Feature", "properties": { "id": 44612, "nach": 0.62731248037147336 }, "geometry": { "type": "LineString", "coordinates": [ [ -2.0765665, 53.456004 ], [ -2.0764602, 53.4560332 ], [ -2.07636, 53.4560351 ], [ -2.0762895, 53.456007 ], [ -2.076052, 53.4555856 ], [ -2.0759812, 53.455461 ] ] } },
{ "type": "Feature", "properties": { "id": 46877, "nach": 0.73344308092416299 }, "geometry": { "type": "LineString", "coordinates": [ [ -2.0788472, 53.4544762 ], [ -2.078914300000011, 53.4542649 ] ] } },
{ "type": "Feature", "properties": { "id": 46878, "nach": 0.50087224162333299 }, "geometry": { "type": "LineString", "coordinates": [ [ -2.0788472, 53.4544762 ], [ -2.0790216, 53.4544848 ] ] } },
{ "type": "Feature", "properties": { "id": 43283, "nach": 0.62168901288156486 }, "geometry": { "type": "LineString", "coordinates": [ [ -2.0789462, 53.4559975 ], [ -2.0792522, 53.456603 ], [ -2.0793703, 53.4570566 ], [ -2.0793595, 53.4574782 ] ] } },
{ "type": "Feature", "properties": { "id": 36363, "nach": 0.59174493593240118 }, "geometry": { "type": "LineString", "coordinates": [ [ -2.0790676, 53.4574816 ], [ -2.0790644, 53.456970399999989 ], [ -2.0788283, 53.456797900000026 ], [ -2.0787425, 53.456568 ], [ -2.0786483, 53.4564371 ] ] } },
{ "type": "Feature", "properties": { "id": 43284, "nach": 0.55144059565974157 }, "geometry": { "type": "LineString", "coordinates": [ [ -2.0792475, 53.4559376 ], [ -2.0789462, 53.4559975 ] ] } },
{ "type": "Feature", "properties": { "id": 5484, "nach": 0.67049469019837615 }, "geometry": { "type": "LineString", "coordinates": [ [ -2.0737284, 53.450657600000014 ], [ -2.0746008, 53.4509701 ] ] } },
{ "type": "Feature", "properties": { "id": 35081, "nach": 0.55390512563559069 }, "geometry": { "type": "LineString", "coordinates": [ [ -2.0745167, 53.451070700000017 ], [ -2.0746008, 53.4509701 ] ] } },
{ "type": "Feature", "properties": { "id": 35007, "nach": 0.6740777753016014 }, "geometry": { "type": "LineString", "coordinates": [ [ -2.0746292, 53.4509359 ], [ -2.0746008, 53.4509701 ] ] } },
{ "type": "Feature", "properties": { "id": 5486, "nach": 0.68653639937539623 }, "geometry": { "type": "LineString", "coordinates": [ [ -2.0735936, 53.4506079 ], [ -2.0737284, 53.450657600000014 ] ] } },
{ "type": "Feature", "properties": { "id": 15583, "nach": 0.58825336947836226 }, "geometry": { "type": "LineString", "coordinates": [ [ -2.0743969, 53.4499093 ], [ -2.0737284, 53.450657600000014 ] ] } },
{ "type": "Feature", "properties": { "id": 35080, "nach": 0.54260200347333121 }, "geometry": { "type": "LineString", "coordinates": [ [ -2.0745167, 53.451070700000017 ], [ -2.0744594, 53.4511312 ] ] } },
{ "type": "Feature", "properties": { "id": 35008, "nach": 0.50393906270428523 }, "geometry": { "type": "LineString", "coordinates": [ [ -2.0746292, 53.4509359 ], [ -2.0747083, 53.4508407 ] ] } },
{ "type": "Feature", "properties": { "id": 24646, "nach": 0.61661103952740015 }, "geometry": { "type": "LineString", "coordinates": [ [ -2.0724864, 53.449948 ], [ -2.0735936, 53.4506079 ] ] } },
{ "type": "Feature", "properties": { "id": 5495, "nach": 0.65005532303133429 }, "geometry": { "type": "LineString", "coordinates": [ [ -2.0732093, 53.4507269 ], [ -2.0735936, 53.4506079 ] ] } },
{ "type": "Feature", "properties": { "id": 24651, "nach": 0.65492927615890417 }, "geometry": { "type": "LineString", "coordinates": [ [ -2.0724178, 53.4499126 ], [ -2.0724864, 53.449948 ] ] } },
{ "type": "Feature", "properties": { "id": 24650, "nach": 0.59266310699382385 }, "geometry": { "type": "LineString", "coordinates": [ [ -2.0737014, 53.4496933 ], [ -2.0732341, 53.4496884 ], [ -2.0728863, 53.4497173 ], [ -2.0724864, 53.449948 ] ] } },
{ "type": "Feature", "properties": { "id": 14918, "nach": 0.65390209455185733 }, "geometry": { "type": "LineString", "coordinates": [ [ -2.0732763, 53.4508222 ], [ -2.0732093, 53.4507269 ] ] } },
{ "type": "Feature", "properties": { "id": 29450, "nach": 0.57276530346088139 }, "geometry": { "type": "LineString", "coordinates": [ [ -2.0727669, 53.4505116 ], [ -2.0729883, 53.4505958 ], [ -2.0732093, 53.4507269 ] ] } },
{ "type": "Feature", "properties": { "id": 14900, "nach": 0.61411084249005077 }, "geometry": { "type": "LineString", "coordinates": [ [ -2.0718989, 53.451077 ], [ -2.071313, 53.4511893 ] ] } },
{ "type": "Feature", "properties": { "id": 21959, "nach": 0.64764535714913707 }, "geometry": { "type": "LineString", "coordinates": [ [ -2.071283, 53.4511316 ], [ -2.071313, 53.4511893 ] ] } },
{ "type": "Feature", "properties": { "id": 14901, "nach": 0.47952186693729343 }, "geometry": { "type": "LineString", "coordinates": [ [ -2.0718989, 53.451077 ], [ -2.0723, 53.4517924 ] ] } },
{ "type": "Feature", "properties": { "id": 26027, "nach": 0.6251118858883512 }, "geometry": { "type": "LineString", "coordinates": [ [ -2.0720427, 53.4510454 ], [ -2.0718989, 53.451077 ] ] } },
{ "type": "Feature", "properties": { "id": 21961, "nach": 0.59763421133781558 }, "geometry": { "type": "LineString", "coordinates": [ [ -2.071283, 53.4511316 ], [ -2.0704884, 53.4511453 ] ] } },
{ "type": "Feature", "properties": { "id": 14906, "nach": 0.46915851137842135 }, "geometry": { "type": "LineString", "coordinates": [ [ -2.0702765, 53.4492219 ], [ -2.0698911, 53.4499741 ] ] } },
{ "type": "Feature", "properties": { "id": 21919, "nach": 0.51324075750721798 }, "geometry": { "type": "LineString", "coordinates": [ [ -2.070255, 53.4500395 ], [ -2.0698911, 53.4499741 ] ] } },
{ "type": "Feature", "properties": { "id": 14905, "nach": 0.47428609149105128 }, "geometry": { "type": "LineString", "coordinates": [ [ -2.0693404, 53.449875 ], [ -2.0698911, 53.4499741 ] ] } },
{ "type": "Feature", "properties": { "id": 52079, "nach": 0.66076337860214429 }, "geometry": { "type": "LineString", "coordinates": [ [ -2.0691713, 53.4489957 ], [ -2.0699953, 53.449173 ], [ -2.0702765, 53.4492219 ] ] } },
{ "type": "Feature", "properties": { "id": 36956, "nach": 0.5587536119404577 }, "geometry": { "type": "LineString", "coordinates": [ [ -2.0704569, 53.4500758 ], [ -2.070255, 53.4500395 ] ] } },
{ "type": "Feature", "properties": { "id": 21930, "nach": 0.4744813144939945 }, "geometry": { "type": "LineString", "coordinates": [ [ -2.0700432, 53.4504872 ], [ -2.070255, 53.4500395 ] ] } },
{ "type": "Feature", "properties": { "id": 14917, "nach": 0.49310780456706926 }, "geometry": { "type": "LineString", "coordinates": [ [ -2.0732763, 53.4508222 ], [ -2.0736625, 53.4512749 ] ] } },
{ "type": "Feature", "properties": { "id": 14916, "nach": 0.64638968879926528 }, "geometry": { "type": "LineString", "coordinates": [ [ -2.0732763, 53.4508222 ], [ -2.0724943, 53.4509617 ] ] } },
{ "type": "Feature", "properties": { "id": 29449, "nach": 0.5488879026896144 }, "geometry": { "type": "LineString", "coordinates": [ [ -2.0727669, 53.4505116 ], [ -2.0726986, 53.4504856 ], [ -2.0726312, 53.4504736 ], [ -2.0724784, 53.4503793 ], [ -2.0725025, 53.4503378 ], [ -2.0724178, 53.4499126 ] ] } },
{ "type": "Feature", "properties": { "id": 29451, "nach": 0.49352375954954919 }, "geometry": { "type": "LineString", "coordinates": [ [ -2.072248, 53.4505926 ], [ -2.0727669, 53.4505116 ] ] } },
{ "type": "Feature", "properties": { "id": 26880, "nach": 0.67594621505949559 }, "geometry": { "type": "LineString", "coordinates": [ [ -2.071329, 53.4495432 ], [ -2.071903, 53.4496775 ] ] } },
{ "type": "Feature", "properties": { "id": 24652, "nach": 0.66600381502604555 }, "geometry": { "type": "LineString", "coordinates": [ [ -2.0724178, 53.4499126 ], [ -2.0721498, 53.4497542 ], [ -2.071903, 53.4496775 ] ] } },
{ "type": "Feature", "properties": { "id": 5500, "nach": 0.59379463191763193 }, "geometry": { "type": "LineString", "coordinates": [ [ -2.071903, 53.4496775 ], [ -2.072139, 53.4493645 ], [ -2.0727431, 53.4493765 ] ] } },
{ "type": "Feature", "properties": { "id": 26879, "nach": 0.67560501370570469 }, "geometry": { "type": "LineString", "coordinates": [ [ -2.071329, 53.4495432 ], [ -2.0707014, 53.4493964 ] ] } },
{ "type": "Feature", "properties": { "id": 49886, "nach": 0.48169314823316411 }, "geometry": { "type": "LineString", "coordinates": [ [ -2.0711369, 53.4492607 ], [ -2.0714996, 53.4492827 ], [ -2.071329, 53.4495432 ] ] } },
{ "type": "Feature", "properties": { "id": 24649, "nach": 0.56737308934353481 }, "geometry": { "type": "LineString", "coordinates": [ [ -2.0737014, 53.4496933 ], [ -2.0727431, 53.4493765 ] ] } },
{ "type": "Feature", "properties": { "id": 21944, "nach": 0.62509085952112209 }, "geometry": { "type": "LineString", "coordinates": [ [ -2.0738537, 53.4489526 ], [ -2.0727431, 53.4493765 ] ] } },
{ "type": "Feature", "properties": { "id": 24648, "nach": 0.63433502647828666 }, "geometry": { "type": "LineString", "coordinates": [ [ -2.0737014, 53.4496933 ], [ -2.0739029, 53.449752 ] ] } },
{ "type": "Feature", "properties": { "id": 21943, "nach": 0.61518836866651339 }, "geometry": { "type": "LineString", "coordinates": [ [ -2.0738537, 53.4489526 ], [ -2.0751521, 53.4484571 ] ] } },
{ "type": "Feature", "properties": { "id": 21945, "nach": 0.54666283540815908 }, "geometry": { "type": "LineString", "coordinates": [ [ -2.0738537, 53.4489526 ], [ -2.0736747, 53.448794299999989 ], [ -2.0726342, 53.447874 ], [ -2.0721943, 53.4480561 ] ] } },
{ "type": "Feature", "properties": { "id": 49226, "nach": 0.65111847068901085 }, "geometry": { "type": "LineString", "coordinates": [ [ -2.0748404, 53.4500434 ], [ -2.0745831, 53.4499627 ] ] } },
{ "type": "Feature", "properties": { "id": 49228, "nach": 0.48880280471906667 }, "geometry": { "type": "LineString", "coordinates": [ [ -2.0745922, 53.4507243 ], [ -2.0746857, 53.450599 ], [ -2.0747108, 53.4505122 ], [ -2.0746198, 53.4504618 ], [ -2.0745097, 53.4504199 ], [ -2.0748404, 53.4500434 ] ] } },
{ "type": "Feature", "properties": { "id": 41603, "nach": 0.62851146487823362 }, "geometry": { "type": "LineString", "coordinates": [ [ -2.07600680000001, 53.4504094 ], [ -2.0762326, 53.4504803 ], [ -2.0764472, 53.4505209 ], [ -2.0766858, 53.4505283 ], [ -2.077119, 53.4505057 ] ] } },
{ "type": "Feature", "properties": { "id": 45251, "nach": 0.63730342996399048 }, "geometry": { "type": "LineString", "coordinates": [ [ -2.0758976, 53.4505399 ], [ -2.07600680000001, 53.4504094 ] ] } },
{ "type": "Feature", "properties": { "id": 15622, "nach": 0.47726363219707035 }, "geometry": { "type": "LineString", "coordinates": [ [ -2.0830403, 53.4427463 ], [ -2.0834071, 53.4422727 ], [ -2.0835107, 53.4422116 ] ] } },
{ "type": "Feature", "properties": { "id": 15621, "nach": 0.48523976964116383 }, "geometry": { "type": "LineString", "coordinates": [ [ -2.0830403, 53.4427463 ], [ -2.0827034, 53.4432592 ] ] } },
{ "type": "Feature", "properties": { "id": 34676, "nach": 0.31601099091319024 }, "geometry": { "type": "LineString", "coordinates": [ [ -2.0851779, 53.4433571 ], [ -2.0852138, 53.4432404 ], [ -2.0852026, 53.4431767 ], [ -2.0851753, 53.4431407 ], [ -2.0851428, 53.443113 ], [ -2.08507460000001, 53.4430827 ], [ -2.0850029, 53.4430725 ], [ -2.0841439, 53.4430047 ], [ -2.0830403, 53.4427463 ] ] } },
{ "type": "Feature", "properties": { "id": 42590, "nach": 0.52348435713227814 }, "geometry": { "type": "LineString", "coordinates": [ [ -2.0828094, 53.4432845 ], [ -2.0827034, 53.4432592 ] ] } },
{ "type": "Feature", "properties": { "id": 15637, "nach": 0.52635138959878769 }, "geometry": { "type": "LineString", "coordinates": [ [ -2.0819271, 53.4430715 ], [ -2.0821058, 53.4431041 ], [ -2.0827034, 53.4432592 ] ] } },
{ "type": "Feature", "properties": { "id": 42591, "nach": 0.4020849361414166 }, "geometry": { "type": "LineString", "coordinates": [ [ -2.0828094, 53.4432845 ], [ -2.0838078, 53.4435232 ], [ -2.0848697, 53.4436223 ], [ -2.0849431, 53.4436215 ], [ -2.085001, 53.4436095 ], [ -2.08506150000001, 53.4435766 ], [ -2.0851779, 53.4433571 ] ] } },
{ "type": "Feature", "properties": { "id": 42592, "nach": 0.51336200427271816 }, "geometry": { "type": "LineString", "coordinates": [ [ -2.0828094, 53.4432845 ], [ -2.0827581, 53.4433473 ], [ -2.0826374, 53.443571 ], [ -2.0827501, 53.4435885 ], [ -2.0827957, 53.4436061 ], [ -2.082903, 53.4436924 ], [ -2.0829325, 53.4437211 ], [ -2.0829271, 53.4437451 ], [ -2.0828413, 53.4439113 ], [ -2.0828881, 53.4440598 ] ] } },
{ "type": "Feature", "properties": { "id": 29429, "nach": 0.42038480774875447 }, "geometry": { "type": "LineString", "coordinates": [ [ -2.0818693, 53.4434696 ], [ -2.0819271, 53.4430715 ] ] } },
{ "type": "Feature", "properties": { "id": 16257, "nach": 0.53350758118483077 }, "geometry": { "type": "LineString", "coordinates": [ [ -2.0804978, 53.44304480000001 ], [ -2.0808145, 53.443018400000014 ], [ -2.0815526, 53.4430334 ], [ -2.0819271, 53.4430715 ] ] } },
{ "type": "Feature", "properties": { "id": 49881, "nach": 0.65892225408275085 }, "geometry": { "type": "LineString", "coordinates": [ [ -2.0811901, 53.4510588 ], [ -2.0811628, 53.4510228 ], [ -2.0811539, 53.4510061 ], [ -2.081157, 53.4509863 ], [ -2.0811649, 53.4509692 ], [ -2.081184, 53.4509453 ], [ -2.0811931, 53.4509224 ], [ -2.0811928, 53.4508996 ] ] } },
{ "type": "Feature", "properties": { "id": 18603, "nach": 0.67209587956400951 }, "geometry": { "type": "LineString", "coordinates": [ [ -2.0811928, 53.4508996 ], [ -2.0812912, 53.4508882 ], [ -2.0814138, 53.4508499 ] ] } },
{ "type": "Feature", "properties": { "id": 51585, "nach": 0.5390940626054388 }, "geometry": { "type": "LineString", "coordinates": [ [ -2.0811602, 53.4513409 ], [ -2.0811041, 53.4512944 ], [ -2.0810666, 53.4512481 ], [ -2.08104490000001, 53.4512063 ] ] } },
{ "type": "Feature", "properties": { "id": 23813, "nach": 0.47373780385719749 }, "geometry": { "type": "LineString", "coordinates": [ [ -2.0807299, 53.451392900000016 ], [ -2.0807241, 53.451367 ], [ -2.0807345, 53.4513448 ], [ -2.0807574, 53.4513233 ], [ -2.08104490000001, 53.4512063 ] ] } },
{ "type": "Feature", "properties": { "id": 5933, "nach": 0.65121290524515718 }, "geometry": { "type": "LineString", "coordinates": [ [ -2.0809272, 53.4521059 ], [ -2.081708, 53.4517985 ] ] } },
{ "type": "Feature", "properties": { "id": 23802, "nach": 0.67191459906694018 }, "geometry": { "type": "LineString", "coordinates": [ [ -2.0814089, 53.451547 ], [ -2.081708, 53.4517985 ] ] } },
{ "type": "Feature", "properties": { "id": 5938, "nach": 0.6237909444846782 }, "geometry": { "type": "LineString", "coordinates": [ [ -2.081708, 53.4517985 ], [ -2.0829212, 53.4513478 ] ] } },
{ "type": "Feature", "properties": { "id": 51587, "nach": 0.61937906742684401 }, "geometry": { "type": "LineString", "coordinates": [ [ -2.0808867, 53.450182 ], [ -2.0801715, 53.450459 ] ] } },
{ "type": "Feature", "properties": { "id": 51588, "nach": 0.66977329260092267 }, "geometry": { "type": "LineString", "coordinates": [ [ -2.0808867, 53.450182 ], [ -2.0809381, 53.4501621 ] ] } },
{ "type": "Feature", "properties": { "id": 51592, "nach": 0.65443651593528906 }, "geometry": { "type": "LineString", "coordinates": [ [ -2.0810319, 53.4503175 ], [ -2.0808867, 53.450182 ] ] } },
{ "type": "Feature", "properties": { "id": 15521, "nach": 0.63768942389423156 }, "geometry": { "type": "LineString", "coordinates": [ [ -2.0809381, 53.4501621 ], [ -2.0814978, 53.4499164 ] ] } },
{ "type": "Feature", "properties": { "id": 5906, "nach": 0.51207336679847082 }, "geometry": { "type": "LineString", "coordinates": [ [ -2.0814978, 53.4499164 ], [ -2.0819456, 53.4503578 ] ] } },
{ "type": "Feature", "properties": { "id": 5907, "nach": 0.62084985373951751 }, "geometry": { "type": "LineString", "coordinates": [ [ -2.0824293, 53.4495299 ], [ -2.0814978, 53.4499164 ] ] } },
{ "type": "Feature", "properties": { "id": 15524, "nach": 0.61493400282367305 }, "geometry": { "type": "LineString", "coordinates": [ [ -2.080525, 53.4497969 ], [ -2.0809381, 53.4501621 ] ] } },
{ "type": "Feature", "properties": { "id": 5914, "nach": 0.48555555851805687 }, "geometry": { "type": "LineString", "coordinates": [ [ -2.0818395, 53.4503975 ], [ -2.0819456, 53.4503578 ] ] } },
{ "type": "Feature", "properties": { "id": 5911, "nach": 0.44495145429219091 }, "geometry": { "type": "LineString", "coordinates": [ [ -2.0819456, 53.4503578 ], [ -2.08292470000001, 53.4499721 ] ] } },
{ "type": "Feature", "properties": { "id": 5913, "nach": 0.6330468490682023 }, "geometry": { "type": "LineString", "coordinates": [ [ -2.08292470000001, 53.4499721 ], [ -2.0824293, 53.4495299 ] ] } },
{ "type": "Feature", "properties": { "id": 62180, "nach": 0.63734534875195814 }, "geometry": { "type": "LineString", "coordinates": [ [ -2.0818233, 53.4489854 ], [ -2.0824293, 53.4495299 ] ] } },
{ "type": "Feature", "properties": { "id": 5923, "nach": 0.63826450583667116 }, "geometry": { "type": "LineString", "coordinates": [ [ -2.0831666, 53.450198 ], [ -2.08292470000001, 53.4499721 ] ] } },
{ "type": "Feature", "properties": { "id": 62181, "nach": 0.61320557938050269 }, "geometry": { "type": "LineString", "coordinates": [ [ -2.0818233, 53.4489854 ], [ -2.0814221, 53.4486248 ] ] } },
{ "type": "Feature", "properties": { "id": 62182, "nach": 0.59731096503903913 }, "geometry": { "type": "LineString", "coordinates": [ [ -2.0818233, 53.4489854 ], [ -2.0816557, 53.4490456 ], [ -2.0815687, 53.449082 ] ] } },
{ "type": "Feature", "properties": { "id": 5922, "nach": 0.65817245849662109 }, "geometry": { "type": "LineString", "coordinates": [ [ -2.0831666, 53.450198 ], [ -2.0839697, 53.4509388 ] ] } },
{ "type": "Feature", "properties": { "id": 49876, "nach": 0.64933533339957616 }, "geometry": { "type": "LineString", "coordinates": [ [ -2.0833136, 53.4501267 ], [ -2.0831666, 53.450198 ] ] } },
{ "type": "Feature", "properties": { "id": 5926, "nach": 0.60531841723595659 }, "geometry": { "type": "LineString", "coordinates": [ [ -2.0814221, 53.4486248 ], [ -2.0810457, 53.4482889 ] ] } },
{ "type": "Feature", "properties": { "id": 15018, "nach": 0.54145995926768631 }, "geometry": { "type": "LineString", "coordinates": [ [ -2.0805195, 53.447805 ], [ -2.0810457, 53.4482889 ] ] } },
{ "type": "Feature", "properties": { "id": 21984, "nach": 0.55244663099338631 }, "geometry": { "type": "LineString", "coordinates": [ [ -2.0802395, 53.4486158 ], [ -2.0810457, 53.4482889 ] ] } },
{ "type": "Feature", "properties": { "id": 27126, "nach": 0.58854913154213961 }, "geometry": { "type": "LineString", "coordinates": [ [ -2.0816054, 53.448059 ], [ -2.0810457, 53.4482889 ] ] } },
{ "type": "Feature", "properties": { "id": 15528, "nach": 0.46640313485403267 }, "geometry": { "type": "LineString", "coordinates": [ [ -2.0798896, 53.4492447 ], [ -2.0814221, 53.4486248 ] ] } },
{ "type": "Feature", "properties": { "id": 15025, "nach": 0.56781888060947172 }, "geometry": { "type": "LineString", "coordinates": [ [ -2.0830713, 53.4482185 ], [ -2.0827069, 53.4482399 ], [ -2.0822241, 53.4483422 ], [ -2.0814221, 53.4486248 ] ] } },
{ "type": "Feature", "properties": { "id": 15019, "nach": 0.52927255298181575 }, "geometry": { "type": "LineString", "coordinates": [ [ -2.0805195, 53.447805 ], [ -2.0800472, 53.4473784 ] ] } },
{ "type": "Feature", "properties": { "id": 21994, "nach": 0.44061612191129512 }, "geometry": { "type": "LineString", "coordinates": [ [ -2.0797187, 53.4481283 ], [ -2.0805195, 53.447805 ] ] } },
{ "type": "Feature", "properties": { "id": 21996, "nach": 0.52276617129822711 }, "geometry": { "type": "LineString", "coordinates": [ [ -2.0797187, 53.4481283 ], [ -2.0802395, 53.4486158 ] ] } },
{ "type": "Feature", "properties": { "id": 22007, "nach": 0.59125531428184575 }, "geometry": { "type": "LineString", "coordinates": [ [ -2.0795249, 53.44890560000001 ], [ -2.0802395, 53.4486158 ] ] } },
{ "type": "Feature", "properties": { "id": 27127, "nach": 0.56701259613601995 }, "geometry": { "type": "LineString", "coordinates": [ [ -2.0816054, 53.448059 ], [ -2.0821524, 53.4478343 ] ] } },
{ "type": "Feature", "properties": { "id": 27129, "nach": 0.47185211926079101 }, "geometry": { "type": "LineString", "coordinates": [ [ -2.0817618, 53.4482047 ], [ -2.0816054, 53.448059 ] ] } },
{ "type": "Feature", "properties": { "id": 14933, "nach": 0.64478535516743518 }, "geometry": { "type": "LineString", "coordinates": [ [ -2.0846211, 53.451513399999989 ], [ -2.0839697, 53.4509388 ] ] } },
{ "type": "Feature", "properties": { "id": 23817, "nach": 0.55730376178522789 }, "geometry": { "type": "LineString", "coordinates": [ [ -2.0843822, 53.4508023 ], [ -2.0839697, 53.4509388 ] ] } },
{ "type": "Feature", "properties": { "id": 15541, "nach": 0.61692763138240658 }, "geometry": { "type": "LineString", "coordinates": [ [ -2.0829212, 53.4513478 ], [ -2.0839697, 53.4509388 ] ] } },
{ "type": "Feature", "properties": { "id": 56312, "nach": 0.62650446975128482 }, "geometry": { "type": "LineString", "coordinates": [ [ -2.0848616, 53.451729300000011 ], [ -2.0846211, 53.451513399999989 ] ] } },
{ "type": "Feature", "properties": { "id": 23818, "nach": 0.47908476406103612 }, "geometry": { "type": "LineString", "coordinates": [ [ -2.0843822, 53.4508023 ], [ -2.0846209, 53.4510001 ] ] } },
{ "type": "Feature", "properties": { "id": 23819, "nach": 0.47225395936786307 }, "geometry": { "type": "LineString", "coordinates": [ [ -2.0843822, 53.4508023 ], [ -2.0838771, 53.4503668 ], [ -2.0838728, 53.450238100000014 ] ] } },
{ "type": "Feature", "properties": { "id": 49877, "nach": 0.62931370969095535 }, "geometry": { "type": "LineString", "coordinates": [ [ -2.0833136, 53.4501267 ], [ -2.0833495, 53.4500966 ], [ -2.0833642, 53.4500665 ], [ -2.0833646, 53.4500343 ], [ -2.0833578, 53.4499842 ], [ -2.0833133, 53.4497478 ] ] } },
{ "type": "Feature", "properties": { "id": 58893, "nach": 0.52302451308061615 }, "geometry": { "type": "LineString", "coordinates": [ [ -2.0837092, 53.450076 ], [ -2.0834308, 53.450145 ], [ -2.0833136, 53.4501267 ] ] } },
{ "type": "Feature", "properties": { "id": 15527, "nach": 0.55723364093585714 }, "geometry": { "type": "LineString", "coordinates": [ [ -2.0798896, 53.4492447 ], [ -2.0789331, 53.449611200000014 ] ] } },
{ "type": "Feature", "properties": { "id": 62123, "nach": 0.64592248371323091 }, "geometry": { "type": "LineString", "coordinates": [ [ -2.0799422, 53.4492904 ], [ -2.0798896, 53.4492447 ] ] } },
{ "type": "Feature", "properties": { "id": 22008, "nach": 0.64962270686320134 }, "geometry": { "type": "LineString", "coordinates": [ [ -2.0795249, 53.44890560000001 ], [ -2.0798896, 53.4492447 ] ] } },
{ "type": "Feature", "properties": { "id": 15026, "nach": 0.58369821456768245 }, "geometry": { "type": "LineString", "coordinates": [ [ -2.0830713, 53.4482185 ], [ -2.0834687, 53.448195199999986 ], [ -2.0841805, 53.4482262 ], [ -2.0845241, 53.4482612 ], [ -2.0850372, 53.4482888 ], [ -2.0855361, 53.4482449 ] ] } },
{ "type": "Feature", "properties": { "id": 29469, "nach": 0.55826063484872712 }, "geometry": { "type": "LineString", "coordinates": [ [ -2.0832976, 53.4496484 ], [ -2.0830713, 53.4482185 ] ] } },
{ "type": "Feature", "properties": { "id": 24638, "nach": 0.54393360807648328 }, "geometry": { "type": "LineString", "coordinates": [ [ -2.0830146, 53.447799600000018 ], [ -2.0830713, 53.4482185 ] ] } },
{ "type": "Feature", "properties": { "id": 22003, "nach": 0.54733700325193524 }, "geometry": { "type": "LineString", "coordinates": [ [ -2.0792569, 53.447696 ], [ -2.0800472, 53.4473784 ] ] } },
{ "type": "Feature", "properties": { "id": 15493, "nach": 0.53499816535152334 }, "geometry": { "type": "LineString", "coordinates": [ [ -2.0811547, 53.446933 ], [ -2.0800472, 53.4473784 ] ] } },
{ "type": "Feature", "properties": { "id": 25343, "nach": 0.52492236643674017 }, "geometry": { "type": "LineString", "coordinates": [ [ -2.0797463, 53.447108 ], [ -2.0797703, 53.4471298 ], [ -2.0800472, 53.4473784 ] ] } },
{ "type": "Feature", "properties": { "id": 22002, "nach": 0.55515799009236622 }, "geometry": { "type": "LineString", "coordinates": [ [ -2.0792569, 53.447696 ], [ -2.0785188, 53.4479931 ] ] } },
{ "type": "Feature", "properties": { "id": 22004, "nach": 0.48185275521659393 }, "geometry": { "type": "LineString", "coordinates": [ [ -2.0792569, 53.447696 ], [ -2.0797187, 53.4481283 ] ] } },
{ "type": "Feature", "properties": { "id": 22005, "nach": 0.49634239783384293 }, "geometry": { "type": "LineString", "coordinates": [ [ -2.0792569, 53.447696 ], [ -2.078949, 53.4474078 ] ] } },
{ "type": "Feature", "properties": { "id": 15496, "nach": 0.52232374850877761 }, "geometry": { "type": "LineString", "coordinates": [ [ -2.0811547, 53.446933 ], [ -2.0821524, 53.4478343 ] ] } },
{ "type": "Feature", "properties": { "id": 47664, "nach": 0.50274457420692886 }, "geometry": { "type": "LineString", "coordinates": [ [ -2.0819547, 53.4466114 ], [ -2.0811547, 53.446933 ] ] } },
{ "type": "Feature", "properties": { "id": 21989, "nach": 0.55551470771667155 }, "geometry": { "type": "LineString", "coordinates": [ [ -2.0808777, 53.4466828 ], [ -2.0811547, 53.446933 ] ] } },
{ "type": "Feature", "properties": { "id": 25344, "nach": 0.50795061846798584 }, "geometry": { "type": "LineString", "coordinates": [ [ -2.0797463, 53.447108 ], [ -2.079449, 53.4468368 ], [ -2.0793755, 53.4467725 ], [ -2.0793452, 53.446754200000015 ], [ -2.0793094, 53.4467425 ] ] } },
{ "type": "Feature", "properties": { "id": 25341, "nach": 0.43078386041297478 }, "geometry": { "type": "LineString", "coordinates": [ [ -2.0797463, 53.447108 ], [ -2.0808777, 53.4466828 ] ] } },
{ "type": "Feature", "properties": { "id": 25342, "nach": 0.42849224574507211 }, "geometry": { "type": "LineString", "coordinates": [ [ -2.0797463, 53.447108 ], [ -2.078949, 53.4474078 ] ] } },
{ "type": "Feature", "properties": { "id": 23809, "nach": 0.67045931510849188 }, "geometry": { "type": "LineString", "coordinates": [ [ -2.0806127, 53.4518824 ], [ -2.0809272, 53.4521059 ] ] } },
{ "type": "Feature", "properties": { "id": 23808, "nach": 0.53429398039707432 }, "geometry": { "type": "LineString", "coordinates": [ [ -2.0806127, 53.4518824 ], [ -2.0810747, 53.4516794 ] ] } },
{ "type": "Feature", "properties": { "id": 51594, "nach": 0.65988366637506568 }, "geometry": { "type": "LineString", "coordinates": [ [ -2.0802718, 53.451655100000018 ], [ -2.0806127, 53.4518824 ] ] } },
{ "type": "Feature", "properties": { "id": 26030, "nach": 0.54377254669587438 }, "geometry": { "type": "LineString", "coordinates": [ [ -2.0791162, 53.4521953 ], [ -2.0792485, 53.4521994 ], [ -2.0795271, 53.4521023 ], [ -2.0798949, 53.4519742 ], [ -2.0801229, 53.4521004 ], [ -2.0806127, 53.4518824 ] ] } },
{ "type": "Feature", "properties": { "id": 23804, "nach": 0.50186997442518255 }, "geometry": { "type": "LineString", "coordinates": [ [ -2.0814089, 53.451547 ], [ -2.0810747, 53.4516794 ] ] } },
{ "type": "Feature", "properties": { "id": 51584, "nach": 0.67059787672078319 }, "geometry": { "type": "LineString", "coordinates": [ [ -2.0811602, 53.4513409 ], [ -2.0814089, 53.451547 ] ] } },
{ "type": "Feature", "properties": { "id": 36960, "nach": 0.67070202701785742 }, "geometry": { "type": "LineString", "coordinates": [ [ -2.070713, 53.4496117 ], [ -2.0707014, 53.4493964 ] ] } },
{ "type": "Feature", "properties": { "id": 36961, "nach": 0.61989742371029732 }, "geometry": { "type": "LineString", "coordinates": [ [ -2.070713, 53.4496117 ], [ -2.0704569, 53.4500758 ] ] } },
{ "type": "Feature", "properties": { "id": 26026, "nach": 0.64369035579988376 }, "geometry": { "type": "LineString", "coordinates": [ [ -2.0720427, 53.4510454 ], [ -2.0724943, 53.4509617 ] ] } },
{ "type": "Feature", "properties": { "id": 14941, "nach": 0.63317974043298453 }, "geometry": { "type": "LineString", "coordinates": [ [ -2.077119, 53.4505057 ], [ -2.0781944, 53.450455 ] ] } },
{ "type": "Feature", "properties": { "id": 20035, "nach": 0.46188477580154702 }, "geometry": { "type": "LineString", "coordinates": [ [ -2.0707441, 53.4516674 ], [ -2.0704884, 53.4511453 ] ] } },
{ "type": "Feature", "properties": { "id": 21928, "nach": 0.60443429083958833 }, "geometry": { "type": "LineString", "coordinates": [ [ -2.0700166, 53.451155 ], [ -2.0704884, 53.4511453 ] ] } },
{ "type": "Feature", "properties": { "id": 20037, "nach": 0.42388170551257703 }, "geometry": { "type": "LineString", "coordinates": [ [ -2.0707441, 53.4516674 ], [ -2.070175, 53.45161 ], [ -2.0695841, 53.451546 ] ] } },
{ "type": "Feature", "properties": { "id": 21927, "nach": 0.64402015668183288 }, "geometry": { "type": "LineString", "coordinates": [ [ -2.0700166, 53.451155 ], [ -2.0696869, 53.4511648 ] ] } },
{ "type": "Feature", "properties": { "id": 21963, "nach": 0.61167938919746645 }, "geometry": { "type": "LineString", "coordinates": [ [ -2.0701533, 53.4509326 ], [ -2.0700166, 53.451155 ] ] } },
{ "type": "Feature", "properties": { "id": 52078, "nach": 0.54654094050581492 }, "geometry": { "type": "LineString", "coordinates": [ [ -2.0691713, 53.4489957 ], [ -2.0692474, 53.4488735 ] ] } },
{ "type": "Feature", "properties": { "id": 14912, "nach": 0.58451214804828922 }, "geometry": { "type": "LineString", "coordinates": [ [ -2.0729558, 53.4518197 ], [ -2.0724943, 53.4509617 ] ] } },
{ "type": "Feature", "properties": { "id": 14915, "nach": 0.64555309203727385 }, "geometry": { "type": "LineString", "coordinates": [ [ -2.0729558, 53.4518197 ], [ -2.0729857, 53.4518791 ], [ -2.0731042, 53.452115 ] ] } },
{ "type": "Feature", "properties": { "id": 52471, "nach": 0.53130649714349232 }, "geometry": { "type": "LineString", "coordinates": [ [ -2.072914, 53.4521526 ], [ -2.0731042, 53.452115 ] ] } },
{ "type": "Feature", "properties": { "id": 43720, "nach": 0.52565138396447819 }, "geometry": { "type": "LineString", "coordinates": [ [ -2.0733248, 53.452066900000013 ], [ -2.0731042, 53.452115 ] ] } },
{ "type": "Feature", "properties": { "id": 15027, "nach": 0.56191164115393688 }, "geometry": { "type": "LineString", "coordinates": [ [ -2.0783146, 53.4498566 ], [ -2.0789331, 53.449611200000014 ] ] } },
{ "type": "Feature", "properties": { "id": 15514, "nach": 0.56954189391219801 }, "geometry": { "type": "LineString", "coordinates": [ [ -2.0757348, 53.448230799999983 ], [ -2.0763576, 53.4479618 ] ] } },
{ "type": "Feature", "properties": { "id": 15052, "nach": 0.65762570524838904 }, "geometry": { "type": "LineString", "coordinates": [ [ -2.0762657, 53.447877200000015 ], [ -2.0763576, 53.4479618 ] ] } },
{ "type": "Feature", "properties": { "id": 15004, "nach": 0.66104011019904918 }, "geometry": { "type": "LineString", "coordinates": [ [ -2.0769996, 53.448604 ], [ -2.0764711, 53.4480753 ], [ -2.0763576, 53.4479618 ] ] } },
{ "type": "Feature", "properties": { "id": 15516, "nach": 0.078126933555606778 }, "geometry": { "type": "LineString", "coordinates": [ [ -2.0757348, 53.448230799999983 ], [ -2.0750906, 53.447660400000011 ] ] } },
{ "type": "Feature", "properties": { "id": 15515, "nach": 0.55632888704709127 }, "geometry": { "type": "LineString", "coordinates": [ [ -2.0757348, 53.448230799999983 ], [ -2.0751521, 53.4484571 ] ] } },
{ "type": "Feature", "properties": { "id": 15051, "nach": 0.62520078658895062 }, "geometry": { "type": "LineString", "coordinates": [ [ -2.0762657, 53.447877200000015 ], [ -2.0767897, 53.4476754 ] ] } },
{ "type": "Feature", "properties": { "id": 15002, "nach": 0.60061832448592034 }, "geometry": { "type": "LineString", "coordinates": [ [ -2.0775668, 53.4483759 ], [ -2.0769996, 53.448604 ] ] } },
{ "type": "Feature", "properties": { "id": 35021, "nach": 0.67745003380804436 }, "geometry": { "type": "LineString", "coordinates": [ [ -2.0774816, 53.44907460000001 ], [ -2.0769996, 53.448604 ] ] } },
{ "type": "Feature", "properties": { "id": 20129, "nach": 0.4787751216941481 }, "geometry": { "type": "LineString", "coordinates": [ [ -2.0857318, 53.4531239 ], [ -2.0858182, 53.4526876 ] ] } },
{ "type": "Feature", "properties": { "id": 43169, "nach": 0.62547713684854844 }, "geometry": { "type": "LineString", "coordinates": [ [ -2.0854557, 53.4522628 ], [ -2.0858474, 53.4526144 ], [ -2.0858182, 53.4526876 ] ] } },
{ "type": "Feature", "properties": { "id": 43168, "nach": 0.60820862373537177 }, "geometry": { "type": "LineString", "coordinates": [ [ -2.0854557, 53.4522628 ], [ -2.0853316, 53.4521513 ] ] } },
{ "type": "Feature", "properties": { "id": 43173, "nach": 0.54719381008483992 }, "geometry": { "type": "LineString", "coordinates": [ [ -2.0856349, 53.4516556 ], [ -2.0855652, 53.4517862 ], [ -2.0855584, 53.4518771 ], [ -2.0855917, 53.4519857 ], [ -2.08561, 53.4520944 ], [ -2.0855718, 53.4522035 ], [ -2.0854557, 53.4522628 ] ] } },
{ "type": "Feature", "properties": { "id": 56311, "nach": 0.60094061101894047 }, "geometry": { "type": "LineString", "coordinates": [ [ -2.0848616, 53.451729300000011 ], [ -2.0853316, 53.4521513 ] ] } },
{ "type": "Feature", "properties": { "id": 57709, "nach": 0.55152607699466005 }, "geometry": { "type": "LineString", "coordinates": [ [ -2.0848056, 53.4514003 ], [ -2.0848056, 53.4514275 ], [ -2.0848342, 53.4515009 ], [ -2.084895, 53.4515957 ], [ -2.0849219, 53.4516681 ], [ -2.0848616, 53.451729300000011 ] ] } },
{ "type": "Feature", "properties": { "id": 35709, "nach": 0.4863013342587591 }, "geometry": { "type": "LineString", "coordinates": [ [ -2.0822675, 53.4527219 ], [ -2.0822024, 53.4527127 ], [ -2.0820997, 53.4527227 ] ] } },
{ "type": "Feature", "properties": { "id": 45418, "nach": 0.0 }, "geometry": { "type": "LineString", "coordinates": [ [ -2.0816261, 53.4526846 ], [ -2.0816949, 53.4527405 ], [ -2.0819953, 53.4527293 ], [ -2.0820997, 53.4527227 ] ] } },
{ "type": "Feature", "properties": { "id": 45419, "nach": 0.5292471587043398 }, "geometry": { "type": "LineString", "coordinates": [ [ -2.0816261, 53.4526846 ], [ -2.08156610000001, 53.4526518 ], [ -2.0815071, 53.4526518 ] ] } },
{ "type": "Feature", "properties": { "id": 45417, "nach": 0.64705230082429921 }, "geometry": { "type": "LineString", "coordinates": [ [ -2.0816261, 53.4526846 ], [ -2.0814509, 53.4527066 ], [ -2.0811254, 53.4528534 ] ] } },
{ "type": "Feature", "properties": { "id": 51597, "nach": 0.49110973776829514 }, "geometry": { "type": "LineString", "coordinates": [ [ -2.0753149, 53.4491817 ], [ -2.0753391, 53.4491559 ] ] } },
{ "type": "Feature", "properties": { "id": 51596, "nach": 0.53220348222657654 }, "geometry": { "type": "LineString", "coordinates": [ [ -2.0753149, 53.4491817 ], [ -2.0752144, 53.44928860000001 ] ] } },
{ "type": "Feature", "properties": { "id": 51604, "nach": 0.55856631972283 }, "geometry": { "type": "LineString", "coordinates": [ [ -2.0755595, 53.449281 ], [ -2.075521, 53.449281 ], [ -2.0753149, 53.4491817 ] ] } },
{ "type": "Feature", "properties": { "id": 15581, "nach": 0.65154619598790242 }, "geometry": { "type": "LineString", "coordinates": [ [ -2.0743969, 53.4499093 ], [ -2.0745831, 53.4499627 ] ] } },
{ "type": "Feature", "properties": { "id": 15066, "nach": 0.48031917417684239 }, "geometry": { "type": "LineString", "coordinates": [ [ -2.0752144, 53.44928860000001 ], [ -2.0745831, 53.4499627 ] ] } },
{ "type": "Feature", "properties": { "id": 15582, "nach": 0.62829344339525328 }, "geometry": { "type": "LineString", "coordinates": [ [ -2.0743969, 53.4499093 ], [ -2.0739029, 53.449752 ] ] } },
{ "type": "Feature", "properties": { "id": 15068, "nach": 0.49552422264714779 }, "geometry": { "type": "LineString", "coordinates": [ [ -2.0752144, 53.44928860000001 ], [ -2.0747354, 53.4491408 ], [ -2.0742848, 53.4493134 ], [ -2.0739029, 53.449752 ] ] } },
{ "type": "Feature", "properties": { "id": 25701, "nach": 0.71693686245763988 }, "geometry": { "type": "LineString", "coordinates": [ [ -2.0764012, 53.45230140000001 ], [ -2.0764169, 53.4523115 ], [ -2.076483800000011, 53.4523465 ], [ -2.0770299, 53.4526509 ] ] } },
{ "type": "Feature", "properties": { "id": 25700, "nach": 0.69330407344406253 }, "geometry": { "type": "LineString", "coordinates": [ [ -2.0764012, 53.45230140000001 ], [ -2.075632886434341, 53.452841673821432 ] ] } },
{ "type": "Feature", "properties": { "id": 34546, "nach": 0.35552117231780039 }, "geometry": { "type": "LineString", "coordinates": [ [ -2.0763735, 53.4520065 ], [ -2.0764868, 53.4521547 ], [ -2.0767497, 53.4523144 ], [ -2.0770823, 53.4524614 ], [ -2.0774086, 53.4525322 ] ] } },
{ "type": "Feature", "properties": { "id": 34545, "nach": 0.56385450060151587 }, "geometry": { "type": "LineString", "coordinates": [ [ -2.0763735, 53.4520065 ], [ -2.0764884, 53.4519064 ] ] } },
{ "type": "Feature", "properties": { "id": 41963, "nach": 0.66689907515220193 }, "geometry": { "type": "LineString", "coordinates": [ [ -2.0757961, 53.4554995 ], [ -2.0750906, 53.4556462 ], [ -2.0747558, 53.4557331 ] ] } },
{ "type": "Feature", "properties": { "id": 14956, "nach": 0.69406470437995094 }, "geometry": { "type": "LineString", "coordinates": [ [ -2.078914300000011, 53.4542649 ], [ -2.0789024, 53.4541814 ], [ -2.0788974, 53.4541463 ], [ -2.0788852, 53.4541024 ] ] } },
{ "type": "Feature", "properties": { "id": 61428, "nach": 0.6982386177833797 }, "geometry": { "type": "LineString", "coordinates": [ [ -2.0788852, 53.4541024 ], [ -2.0787833, 53.4539197 ] ] } },
{ "type": "Feature", "properties": { "id": 61433, "nach": 0.54166856834630528 }, "geometry": { "type": "LineString", "coordinates": [ [ -2.078946, 53.454094 ], [ -2.0788852, 53.4541024 ] ] } },
{ "type": "Feature", "properties": { "id": 51430, "nach": 0.5549507595054407 }, "geometry": { "type": "LineString", "coordinates": [ [ -2.0744222, 53.455457 ], [ -2.0736303, 53.4548015 ], [ -2.0733836, 53.4547184 ], [ -2.0730402, 53.4546673 ], [ -2.0726862, 53.4546993 ], [ -2.0721126, 53.4548579 ] ] } },
{ "type": "Feature", "properties": { "id": 51414, "nach": 0.46585722133367008 }, "geometry": { "type": "LineString", "coordinates": [ [ -2.0749329, 53.45587 ], [ -2.0750739, 53.45581880000001 ], [ -2.0751731, 53.4557885 ], [ -2.0758048, 53.4556703 ] ] } },
{ "type": "Feature", "properties": { "id": 41964, "nach": 0.54912893746613201 }, "geometry": { "type": "LineString", "coordinates": [ [ -2.0755716, 53.4551459 ], [ -2.0757961, 53.4554995 ] ] } },
{ "type": "Feature", "properties": { "id": 31256, "nach": 0.6613662775081095 }, "geometry": { "type": "LineString", "coordinates": [ [ -2.0785321, 53.4562345 ], [ -2.078544, 53.4556728 ] ] } },
{ "type": "Feature", "properties": { "id": 31260, "nach": 0.54117076382789309 }, "geometry": { "type": "LineString", "coordinates": [ [ -2.0782025, 53.4556924 ], [ -2.0783536, 53.4556345 ], [ -2.078544, 53.4556728 ] ] } },
{ "type": "Feature", "properties": { "id": 54069, "nach": 0.62693966454857741 }, "geometry": { "type": "LineString", "coordinates": [ [ -2.07143360000001, 53.4532082 ], [ -2.0712969, 53.4532512 ] ] } },
{ "type": "Feature", "properties": { "id": 54074, "nach": 0.55368731506795477 }, "geometry": { "type": "LineString", "coordinates": [ [ -2.0695076, 53.45271970000001 ], [ -2.0695012, 53.452732 ], [ -2.0694609, 53.4528093 ], [ -2.0694466, 53.4528368 ], [ -2.0694596, 53.4528551 ], [ -2.0694864, 53.4528666 ], [ -2.0701751, 53.4529809 ], [ -2.0702604, 53.4530068 ], [ -2.0705737, 53.4531906 ], [ -2.0706923, 53.453251900000012 ], [ -2.0708137, 53.4532883 ], [ -2.0709222, 53.453306 ], [ -2.0710177, 53.4533099 ], [ -2.0711057, 53.4533016 ], [ -2.0712969, 53.4532512 ] ] } },
{ "type": "Feature", "properties": { "id": 54071, "nach": 0.52138208678863518 }, "geometry": { "type": "LineString", "coordinates": [ [ -2.07143360000001, 53.4532082 ], [ -2.071566, 53.4531856 ], [ -2.071702, 53.4531642 ] ] } },
{ "type": "Feature", "properties": { "id": 54070, "nach": 0.62354396368581844 }, "geometry": { "type": "LineString", "coordinates": [ [ -2.07143360000001, 53.4532082 ], [ -2.0714372, 53.4531425 ], [ -2.0713795, 53.4529068 ] ] } },
{ "type": "Feature", "properties": { "id": 24644, "nach": 0.47489701710094084 }, "geometry": { "type": "LineString", "coordinates": [ [ -2.0712914, 53.45264 ], [ -2.0704455, 53.4526531 ] ] } },
{ "type": "Feature", "properties": { "id": 27087, "nach": 0.53229454609378601 }, "geometry": { "type": "LineString", "coordinates": [ [ -2.0713795, 53.4529068 ], [ -2.0712914, 53.45264 ] ] } },
{ "type": "Feature", "properties": { "id": 46702, "nach": 0.47811195273455737 }, "geometry": { "type": "LineString", "coordinates": [ [ -2.0850516, 53.453334599999977 ], [ -2.0850458, 53.4533896 ] ] } },
{ "type": "Feature", "properties": { "id": 46704, "nach": 0.47542699129314142 }, "geometry": { "type": "LineString", "coordinates": [ [ -2.0846445, 53.4533235 ], [ -2.0849133, 53.453331799999987 ], [ -2.0850516, 53.453334599999977 ] ] } },
{ "type": "Feature", "properties": { "id": 14989, "nach": 0.66294698381032824 }, "geometry": { "type": "LineString", "coordinates": [ [ -2.0774086, 53.4525322 ], [ -2.0770299, 53.4526509 ] ] } },
{ "type": "Feature", "properties": { "id": 36657, "nach": 0.77725629800694307 }, "geometry": { "type": "LineString", "coordinates": [ [ -2.077347900774702, 53.452869136333376 ], [ -2.0770299, 53.4526509 ] ] } },
{ "type": "Feature", "properties": { "id": 14988, "nach": 0.55752908111070809 }, "geometry": { "type": "LineString", "coordinates": [ [ -2.0774086, 53.4525322 ], [ -2.0774261, 53.4522901 ] ] } },
{ "type": "Feature", "properties": { "id": 14994, "nach": 0.65137676002952993 }, "geometry": { "type": "LineString", "coordinates": [ [ -2.0779292, 53.4526397 ], [ -2.0776387, 53.4525918 ], [ -2.0774086, 53.4525322 ] ] } },
{ "type": "Feature", "properties": { "id": 23793, "nach": 0.53676611060258361 }, "geometry": { "type": "LineString", "coordinates": [ [ -2.0774261, 53.4522901 ], [ -2.0774794, 53.4515528 ] ] } },
{ "type": "Feature", "properties": { "id": 23794, "nach": 0.44760079093816663 }, "geometry": { "type": "LineString", "coordinates": [ [ -2.0774261, 53.4522901 ], [ -2.0764884, 53.4519064 ] ] } },
{ "type": "Feature", "properties": { "id": 16592, "nach": 0.64652719479004694 }, "geometry": { "type": "LineString", "coordinates": [ [ -2.0785131, 53.4526573 ], [ -2.0779292, 53.4526397 ] ] } },
{ "type": "Feature", "properties": { "id": 16584, "nach": 0.52606002443708755 }, "geometry": { "type": "LineString", "coordinates": [ [ -2.0779308, 53.452418 ], [ -2.0779292, 53.4526397 ] ] } },
{ "type": "Feature", "properties": { "id": 23796, "nach": 0.656729882174098 }, "geometry": { "type": "LineString", "coordinates": [ [ -2.0789455, 53.4526814 ], [ -2.0785131, 53.4526573 ] ] } },
{ "type": "Feature", "properties": { "id": 16593, "nach": 0.52967737124692704 }, "geometry": { "type": "LineString", "coordinates": [ [ -2.0785131, 53.4526573 ], [ -2.0785223, 53.4524372 ] ] } },
{ "type": "Feature", "properties": { "id": 42237, "nach": 0.49269638571478824 }, "geometry": { "type": "LineString", "coordinates": [ [ -2.077952, 53.4522203 ], [ -2.0779308, 53.452418 ] ] } },
{ "type": "Feature", "properties": { "id": 16587, "nach": 0.11592241420310005 }, "geometry": { "type": "LineString", "coordinates": [ [ -2.0785223, 53.4524372 ], [ -2.0779308, 53.452418 ] ] } },
{ "type": "Feature", "properties": { "id": 23795, "nach": 0.63992818567605714 }, "geometry": { "type": "LineString", "coordinates": [ [ -2.0789455, 53.4526814 ], [ -2.0790591, 53.452642100000013 ] ] } },
{ "type": "Feature", "properties": { "id": 26343, "nach": 0.68828125521367789 }, "geometry": { "type": "LineString", "coordinates": [ [ -2.079126, 53.4527534 ], [ -2.0790591, 53.452642100000013 ] ] } },
{ "type": "Feature", "properties": { "id": 26348, "nach": 0.67773550659727289 }, "geometry": { "type": "LineString", "coordinates": [ [ -2.0790806, 53.4524741 ], [ -2.0790591, 53.452642100000013 ] ] } },
{ "type": "Feature", "properties": { "id": 33818, "nach": 0.56404472296361519 }, "geometry": { "type": "LineString", "coordinates": [ [ -2.079013, 53.4528936 ], [ -2.0790232, 53.4527378 ], [ -2.07899090000001, 53.4527237 ], [ -2.0789455, 53.4526814 ] ] } },
{ "type": "Feature", "properties": { "id": 26344, "nach": 0.67992316516694018 }, "geometry": { "type": "LineString", "coordinates": [ [ -2.079126, 53.4527534 ], [ -2.0790899, 53.4527884 ], [ -2.0790752, 53.4528362 ], [ -2.0790824, 53.4528605 ] ] } },
{ "type": "Feature", "properties": { "id": 45430, "nach": 0.63705572390034337 }, "geometry": { "type": "LineString", "coordinates": [ [ -2.079222, 53.4527405 ], [ -2.079126, 53.4527534 ] ] } },
{ "type": "Feature", "properties": { "id": 23791, "nach": 0.67180471088785487 }, "geometry": { "type": "LineString", "coordinates": [ [ -2.0791358, 53.4519481 ], [ -2.0791162, 53.4521953 ] ] } },
{ "type": "Feature", "properties": { "id": 15537, "nach": 0.57742012031783063 }, "geometry": { "type": "LineString", "coordinates": [ [ -2.0785188, 53.4479931 ], [ -2.0775668, 53.4483759 ] ] } },
{ "type": "Feature", "properties": { "id": 26883, "nach": 0.54661908610617183 }, "geometry": { "type": "LineString", "coordinates": [ [ -2.0772156, 53.4480593 ], [ -2.0775668, 53.4483759 ] ] } },
{ "type": "Feature", "properties": { "id": 15012, "nach": 0.57141435034556809 }, "geometry": { "type": "LineString", "coordinates": [ [ -2.0780281, 53.4487919 ], [ -2.0775668, 53.4483759 ] ] } },
{ "type": "Feature", "properties": { "id": 15540, "nach": 0.5973083903154518 }, "geometry": { "type": "LineString", "coordinates": [ [ -2.0785188, 53.4479931 ], [ -2.0789875, 53.448411900000018 ] ] } },
{ "type": "Feature", "properties": { "id": 15539, "nach": 0.60585439036883337 }, "geometry": { "type": "LineString", "coordinates": [ [ -2.0785188, 53.4479931 ], [ -2.0781821, 53.447696 ] ] } },
{ "type": "Feature", "properties": { "id": 26882, "nach": 0.58732605556770046 }, "geometry": { "type": "LineString", "coordinates": [ [ -2.0772156, 53.4480593 ], [ -2.0767897, 53.4476754 ] ] } },
{ "type": "Feature", "properties": { "id": 26884, "nach": 0.54024576778869071 }, "geometry": { "type": "LineString", "coordinates": [ [ -2.0772156, 53.4480593 ], [ -2.0781821, 53.447696 ] ] } },
{ "type": "Feature", "properties": { "id": 21978, "nach": 0.58422195111376674 }, "geometry": { "type": "LineString", "coordinates": [ [ -2.0785611, 53.4492704 ], [ -2.0780281, 53.4487919 ] ] } },
{ "type": "Feature", "properties": { "id": 15534, "nach": 0.43322843745462603 }, "geometry": { "type": "LineString", "coordinates": [ [ -2.0789875, 53.448411900000018 ], [ -2.0780281, 53.4487919 ] ] } },
{ "type": "Feature", "properties": { "id": 35035, "nach": 0.64367401812426328 }, "geometry": { "type": "LineString", "coordinates": [ [ -2.0773871, 53.4492446 ], [ -2.0774648, 53.4491567 ], [ -2.0774816, 53.44907460000001 ] ] } },
{ "type": "Feature", "properties": { "id": 15530, "nach": 0.57912597296412571 }, "geometry": { "type": "LineString", "coordinates": [ [ -2.0795721, 53.4501709 ], [ -2.0789331, 53.449611200000014 ] ] } },
{ "type": "Feature", "properties": { "id": 15532, "nach": 0.55560806658492989 }, "geometry": { "type": "LineString", "coordinates": [ [ -2.0795721, 53.4501709 ], [ -2.080525, 53.4497969 ] ] } },
{ "type": "Feature", "properties": { "id": 21979, "nach": 0.58246853087289363 }, "geometry": { "type": "LineString", "coordinates": [ [ -2.0785611, 53.4492704 ], [ -2.0789331, 53.449611200000014 ] ] } },
{ "type": "Feature", "properties": { "id": 22006, "nach": 0.61025991711732119 }, "geometry": { "type": "LineString", "coordinates": [ [ -2.0795249, 53.44890560000001 ], [ -2.0785611, 53.4492704 ] ] } },
{ "type": "Feature", "properties": { "id": 21995, "nach": 0.45015511492673338 }, "geometry": { "type": "LineString", "coordinates": [ [ -2.0797187, 53.4481283 ], [ -2.0789875, 53.448411900000018 ] ] } },
{ "type": "Feature", "properties": { "id": 15535, "nach": 0.59178954160725206 }, "geometry": { "type": "LineString", "coordinates": [ [ -2.0789875, 53.448411900000018 ], [ -2.0795249, 53.44890560000001 ] ] } },
{ "type": "Feature", "properties": { "id": 15519, "nach": 0.56186063794322127 }, "geometry": { "type": "LineString", "coordinates": [ [ -2.0777445, 53.4473076 ], [ -2.0767897, 53.4476754 ] ] } },
{ "type": "Feature", "properties": { "id": 16600, "nach": 0.60713997984649226 }, "geometry": { "type": "LineString", "coordinates": [ [ -2.0771896, 53.4468351 ], [ -2.0777445, 53.4473076 ] ] } },
{ "type": "Feature", "properties": { "id": 21992, "nach": 0.58390724216868684 }, "geometry": { "type": "LineString", "coordinates": [ [ -2.0785566, 53.4470148 ], [ -2.0777445, 53.4473076 ] ] } },
{ "type": "Feature", "properties": { "id": 21985, "nach": 0.57874362973081239 }, "geometry": { "type": "LineString", "coordinates": [ [ -2.0781821, 53.447696 ], [ -2.0777445, 53.4473076 ] ] } },
{ "type": "Feature", "properties": { "id": 28661, "nach": 0.57293987126121027 }, "geometry": { "type": "LineString", "coordinates": [ [ -2.0855688, 53.4478831 ], [ -2.0855361, 53.4482449 ] ] } },
{ "type": "Feature", "properties": { "id": 42803, "nach": 0.41365060361640416 }, "geometry": { "type": "LineString", "coordinates": [ [ -2.0864032, 53.4487673 ], [ -2.0863712, 53.44870250000001 ], [ -2.0862078, 53.4486815 ], [ -2.0860573, 53.448672 ], [ -2.0859356, 53.4486395 ], [ -2.0855361, 53.4482449 ] ] } },
{ "type": "Feature", "properties": { "id": 28662, "nach": 0.56119615684699553 }, "geometry": { "type": "LineString", "coordinates": [ [ -2.0855688, 53.4478831 ], [ -2.085638, 53.4475055 ] ] } },
{ "type": "Feature", "properties": { "id": 28663, "nach": 0.41689908158409417 }, "geometry": { "type": "LineString", "coordinates": [ [ -2.0855688, 53.4478831 ], [ -2.08510080000001, 53.4478639 ] ] } },
{ "type": "Feature", "properties": { "id": 29470, "nach": 0.58614911747603859 }, "geometry": { "type": "LineString", "coordinates": [ [ -2.0832976, 53.4496484 ], [ -2.0833133, 53.4497478 ] ] } },
{ "type": "Feature", "properties": { "id": 29472, "nach": 0.47182559471264579 }, "geometry": { "type": "LineString", "coordinates": [ [ -2.0830066, 53.4496629 ], [ -2.0832976, 53.4496484 ] ] } },
{ "type": "Feature", "properties": { "id": 24637, "nach": 0.534225706250535 }, "geometry": { "type": "LineString", "coordinates": [ [ -2.0830146, 53.447799600000018 ], [ -2.0829834, 53.4474616 ] ] } },
{ "type": "Feature", "properties": { "id": 24640, "nach": 0.44032283566534569 }, "geometry": { "type": "LineString", "coordinates": [ [ -2.0844011, 53.447804 ], [ -2.0830146, 53.447799600000018 ] ] } },
{ "type": "Feature", "properties": { "id": 15503, "nach": 0.53349951079854685 }, "geometry": { "type": "LineString", "coordinates": [ [ -2.0745218, 53.4478886 ], [ -2.0750906, 53.447660400000011 ] ] } },
{ "type": "Feature", "properties": { "id": 29441, "nach": 0.47261864367836931 }, "geometry": { "type": "LineString", "coordinates": [ [ -2.076755, 53.447447 ], [ -2.0766557, 53.4473561 ], [ -2.0766897, 53.4472717 ], [ -2.0764952, 53.4471056 ] ] } },
{ "type": "Feature", "properties": { "id": 27335, "nach": 0.51732017267752073 }, "geometry": { "type": "LineString", "coordinates": [ [ -2.0807411, 53.4464336 ], [ -2.0816529, 53.4462748 ] ] } },
{ "type": "Feature", "properties": { "id": 15039, "nach": 0.53963810859847861 }, "geometry": { "type": "LineString", "coordinates": [ [ -2.083427, 53.4461022 ], [ -2.0830276, 53.44612450000001 ], [ -2.0816529, 53.4462748 ] ] } },
{ "type": "Feature", "properties": { "id": 47666, "nach": 0.54979188926990263 }, "geometry": { "type": "LineString", "coordinates": [ [ -2.0819547, 53.4466114 ], [ -2.0816892, 53.4463438 ], [ -2.0816529, 53.4462748 ] ] } },
{ "type": "Feature", "properties": { "id": 47668, "nach": 0.50210615424856664 }, "geometry": { "type": "LineString", "coordinates": [ [ -2.0806194, 53.4461515 ], [ -2.0807988, 53.4461452 ], [ -2.0810314, 53.446138500000011 ], [ -2.0813073, 53.446164800000012 ], [ -2.0815685, 53.4462055 ], [ -2.0816281, 53.4462302 ], [ -2.0816529, 53.4462748 ] ] } },
{ "type": "Feature", "properties": { "id": 27336, "nach": 0.59326386257105868 }, "geometry": { "type": "LineString", "coordinates": [ [ -2.0807411, 53.4464336 ], [ -2.0806203, 53.4464535 ] ] } },
{ "type": "Feature", "properties": { "id": 47670, "nach": 0.55885116275464986 }, "geometry": { "type": "LineString", "coordinates": [ [ -2.0806194, 53.4461515 ], [ -2.080622, 53.4461813 ], [ -2.0807411, 53.4464336 ] ] } },
{ "type": "Feature", "properties": { "id": 47667, "nach": 0.43272656832536471 }, "geometry": { "type": "LineString", "coordinates": [ [ -2.0835332, 53.4462861 ], [ -2.083464, 53.446147 ], [ -2.083427, 53.4461022 ] ] } },
{ "type": "Feature", "properties": { "id": 47665, "nach": 0.52260769630815229 }, "geometry": { "type": "LineString", "coordinates": [ [ -2.0819547, 53.4466114 ], [ -2.0820203, 53.446585 ], [ -2.0829834, 53.4474616 ] ] } },
{ "type": "Feature", "properties": { "id": 47669, "nach": 0.57857204138630136 }, "geometry": { "type": "LineString", "coordinates": [ [ -2.0806194, 53.4461515 ], [ -2.0805755, 53.4458759 ], [ -2.0805721, 53.4456066 ], [ -2.0806699, 53.4454033 ] ] } },
{ "type": "Feature", "properties": { "id": 49277, "nach": 0.50894735403691116 }, "geometry": { "type": "LineString", "coordinates": [ [ -2.0857699, 53.446786 ], [ -2.0858732, 53.4462225 ], [ -2.085887, 53.446147100000012 ] ] } },
{ "type": "Feature", "properties": { "id": 49275, "nach": 0.39121430106311339 }, "geometry": { "type": "LineString", "coordinates": [ [ -2.0866163, 53.4460191 ], [ -2.08643120000001, 53.4460459 ], [ -2.0863803, 53.44605450000001 ], [ -2.0860929, 53.446116 ], [ -2.0860324, 53.4461282 ], [ -2.085887, 53.446147100000012 ] ] } },
{ "type": "Feature", "properties": { "id": 21993, "nach": 0.5853408016811652 }, "geometry": { "type": "LineString", "coordinates": [ [ -2.0785566, 53.4470148 ], [ -2.0792558, 53.446741099999983 ], [ -2.0792849, 53.446739 ], [ -2.0793094, 53.4467425 ] ] } },
{ "type": "Feature", "properties": { "id": 15499, "nach": 0.55374783387731874 }, "geometry": { "type": "LineString", "coordinates": [ [ -2.0806203, 53.4464535 ], [ -2.0795884, 53.4466222 ], [ -2.0794623, 53.4466515 ], [ -2.0793474, 53.44670390000001 ], [ -2.0793094, 53.4467425 ] ] } },
{ "type": "Feature", "properties": { "id": 21999, "nach": 0.43924493242527612 }, "geometry": { "type": "LineString", "coordinates": [ [ -2.078949, 53.4474078 ], [ -2.0785566, 53.4470148 ] ] } },
{ "type": "Feature", "properties": { "id": 21988, "nach": 0.56292239375745079 }, "geometry": { "type": "LineString", "coordinates": [ [ -2.0808777, 53.4466828 ], [ -2.0806203, 53.4464535 ] ] } },
{ "type": "Feature", "properties": { "id": 15492, "nach": 0.50327110171355005 }, "geometry": { "type": "LineString", "coordinates": [ [ -2.0821524, 53.4478343 ], [ -2.0829834, 53.4474616 ] ] } },
{ "type": "Feature", "properties": { "id": 28653, "nach": 0.51879410691950734 }, "geometry": { "type": "LineString", "coordinates": [ [ -2.0836462, 53.447171800000014 ], [ -2.0829834, 53.4474616 ] ] } },
{ "type": "Feature", "properties": { "id": 28654, "nach": 0.43435986626980411 }, "geometry": { "type": "LineString", "coordinates": [ [ -2.0836462, 53.447171800000014 ], [ -2.0842649, 53.4469013 ] ] } },
{ "type": "Feature", "properties": { "id": 28655, "nach": 0.43435986626980411 }, "geometry": { "type": "LineString", "coordinates": [ [ -2.0836462, 53.447171800000014 ], [ -2.0834909, 53.4467263 ] ] } },
{ "type": "Feature", "properties": { "id": 35013, "nach": 0.56542022532941483 }, "geometry": { "type": "LineString", "coordinates": [ [ -2.0740677, 53.4475114 ], [ -2.0745218, 53.4478886 ] ] } },
{ "type": "Feature", "properties": { "id": 15508, "nach": 0.57922684680582093 }, "geometry": { "type": "LineString", "coordinates": [ [ -2.0751521, 53.4484571 ], [ -2.0745218, 53.4478886 ] ] } },
{ "type": "Feature", "properties": { "id": 15509, "nach": 0.55872182849184271 }, "geometry": { "type": "LineString", "coordinates": [ [ -2.0738751, 53.447339 ], [ -2.0740677, 53.4475114 ] ] } },
{ "type": "Feature", "properties": { "id": 35051, "nach": 0.46685532087886117 }, "geometry": { "type": "LineString", "coordinates": [ [ -2.0746241, 53.4473076 ], [ -2.0740677, 53.4475114 ] ] } },
{ "type": "Feature", "properties": { "id": 43574, "nach": 0.5175654478659506 }, "geometry": { "type": "LineString", "coordinates": [ [ -2.0742124, 53.446877399999984 ], [ -2.07414350000001, 53.4469263 ], [ -2.0738498, 53.4469849 ], [ -2.0736805, 53.4470631 ], [ -2.0736465, 53.4471114 ], [ -2.0736659, 53.447173099999986 ], [ -2.073837, 53.44730520000001 ], [ -2.0738751, 53.447339 ] ] } },
{ "type": "Feature", "properties": { "id": 15511, "nach": 0.52075836228812067 }, "geometry": { "type": "LineString", "coordinates": [ [ -2.0746469, 53.4470127 ], [ -2.0738751, 53.447339 ] ] } },
{ "type": "Feature", "properties": { "id": 43572, "nach": 0.64722591071639368 }, "geometry": { "type": "LineString", "coordinates": [ [ -2.0742124, 53.446877399999984 ], [ -2.0746469, 53.4470127 ] ] } },
{ "type": "Feature", "properties": { "id": 43573, "nach": 0.6577138421287162 }, "geometry": { "type": "LineString", "coordinates": [ [ -2.0742124, 53.446877399999984 ], [ -2.0737936, 53.4467516 ], [ -2.0735002, 53.4466702 ] ] } },
{ "type": "Feature", "properties": { "id": 36380, "nach": 0.65912495170911556 }, "geometry": { "type": "LineString", "coordinates": [ [ -2.0747465, 53.4470437 ], [ -2.0746469, 53.4470127 ] ] } },
{ "type": "Feature", "properties": { "id": 36379, "nach": 0.64064389320270276 }, "geometry": { "type": "LineString", "coordinates": [ [ -2.0747465, 53.4470437 ], [ -2.0748102, 53.44706260000001 ] ] } },
{ "type": "Feature", "properties": { "id": 36381, "nach": 0.55738027689661396 }, "geometry": { "type": "LineString", "coordinates": [ [ -2.0747465, 53.4470437 ], [ -2.0748804, 53.446883 ] ] } },
{ "type": "Feature", "properties": { "id": 29435, "nach": 0.58242739868060289 }, "geometry": { "type": "LineString", "coordinates": [ [ -2.0764211, 53.4461021 ], [ -2.0771896, 53.4468351 ] ] } },
{ "type": "Feature", "properties": { "id": 21766, "nach": 0.50065284274679445 }, "geometry": { "type": "LineString", "coordinates": [ [ -2.0768377, 53.4443319 ], [ -2.0768103, 53.4443899 ], [ -2.0767567, 53.4445161 ], [ -2.0768908, 53.44477490000002 ], [ -2.0769391, 53.4448708 ], [ -2.0769149, 53.445021 ], [ -2.0769847, 53.4453261 ], [ -2.0771986, 53.4457115 ], [ -2.0771226, 53.4458409 ], [ -2.077879, 53.4465403 ], [ -2.0771896, 53.4468351 ] ] } },
{ "type": "Feature", "properties": { "id": 62130, "nach": 0.63775230290344953 }, "geometry": { "type": "LineString", "coordinates": [ [ -2.0804325, 53.4497166 ], [ -2.080525, 53.4497969 ] ] } },
{ "type": "Feature", "properties": { "id": 62129, "nach": 0.60189792939648745 }, "geometry": { "type": "LineString", "coordinates": [ [ -2.0804325, 53.4497166 ], [ -2.0799422, 53.4492904 ] ] } },
{ "type": "Feature", "properties": { "id": 62132, "nach": 0.59157934494667797 }, "geometry": { "type": "LineString", "coordinates": [ [ -2.080611, 53.4495728 ], [ -2.0805238, 53.4496518 ], [ -2.0804782, 53.4496946 ], [ -2.0804325, 53.4497166 ] ] } },
{ "type": "Feature", "properties": { "id": 62126, "nach": 0.58959040273736374 }, "geometry": { "type": "LineString", "coordinates": [ [ -2.080525, 53.4491717 ], [ -2.0803508, 53.449191 ], [ -2.0800973, 53.4492421 ], [ -2.0799954, 53.4492677 ], [ -2.0799422, 53.4492904 ] ] } },
{ "type": "Feature", "properties": { "id": 22001, "nach": 0.46704554992321146 }, "geometry": { "type": "LineString", "coordinates": [ [ -2.078949, 53.4474078 ], [ -2.0781821, 53.447696 ] ] } },
{ "type": "Feature", "properties": { "id": 15558, "nach": 0.40975861781879386 }, "geometry": { "type": "LineString", "coordinates": [ [ -2.0922407, 53.4531522 ], [ -2.0914682, 53.4529606 ] ] } },
{ "type": "Feature", "properties": { "id": 15548, "nach": 0.37966324922067374 }, "geometry": { "type": "LineString", "coordinates": [ [ -2.0902498, 53.4524532 ], [ -2.0903086, 53.4524884 ], [ -2.0916077, 53.4527625 ], [ -2.0914682, 53.4529606 ] ] } },
{ "type": "Feature", "properties": { "id": 62750, "nach": 0.44640783941127621 }, "geometry": { "type": "LineString", "coordinates": [ [ -2.0909002, 53.4531011 ], [ -2.0909424, 53.4531243 ], [ -2.0910601, 53.4531602 ], [ -2.0913068, 53.45321950000001 ], [ -2.0914682, 53.4529606 ] ] } },
{ "type": "Feature", "properties": { "id": 46811, "nach": 0.55430004103303843 }, "geometry": { "type": "LineString", "coordinates": [ [ -2.0905484, 53.4520458 ], [ -2.0902934, 53.452421799999989 ], [ -2.0902498, 53.4524532 ] ] } },
{ "type": "Feature", "properties": { "id": 15550, "nach": 0.50331254544281534 }, "geometry": { "type": "LineString", "coordinates": [ [ -2.0902498, 53.4524532 ], [ -2.0902038, 53.4524583 ], [ -2.0901578, 53.4524516 ], [ -2.0894383, 53.4522713 ], [ -2.0893058, 53.4522707 ] ] } },
{ "type": "Feature", "properties": { "id": 62753, "nach": 0.43899619901078452 }, "geometry": { "type": "LineString", "coordinates": [ [ -2.0907337, 53.4532167 ], [ -2.0907841, 53.4531464 ], [ -2.0908265, 53.4531222 ], [ -2.0909002, 53.4531011 ] ] } },
{ "type": "Feature", "properties": { "id": 46809, "nach": 0.53709224558114177 }, "geometry": { "type": "LineString", "coordinates": [ [ -2.0905484, 53.4520458 ], [ -2.0908568, 53.4516001 ] ] } },
{ "type": "Feature", "properties": { "id": 46812, "nach": 0.43614157996790476 }, "geometry": { "type": "LineString", "coordinates": [ [ -2.0909164, 53.4521299 ], [ -2.0905484, 53.4520458 ] ] } },
{ "type": "Feature", "properties": { "id": 15573, "nach": 0.5373798486852478 }, "geometry": { "type": "LineString", "coordinates": [ [ -2.0893058, 53.4522707 ], [ -2.0890812, 53.4526523 ] ] } },
{ "type": "Feature", "properties": { "id": 24986, "nach": 0.45793984291033479 }, "geometry": { "type": "LineString", "coordinates": [ [ -2.0889201, 53.4521674 ], [ -2.0892579, 53.4522353 ], [ -2.0893058, 53.4522707 ] ] } },
{ "type": "Feature", "properties": { "id": 62727, "nach": 0.59055889103416037 }, "geometry": { "type": "LineString", "coordinates": [ [ -2.0882721, 53.452064 ], [ -2.0883032, 53.452015 ] ] } },
{ "type": "Feature", "properties": { "id": 24985, "nach": 0.55067931559468419 }, "geometry": { "type": "LineString", "coordinates": [ [ -2.0889201, 53.4521674 ], [ -2.0883032, 53.452015 ] ] } },
{ "type": "Feature", "properties": { "id": 62722, "nach": 0.54202707659967664 }, "geometry": { "type": "LineString", "coordinates": [ [ -2.088404, 53.4515561 ], [ -2.0884784, 53.4516608 ], [ -2.0884569, 53.4517886 ], [ -2.0883032, 53.452015 ] ] } },
{ "type": "Feature", "properties": { "id": 62726, "nach": 0.6062260190091725 }, "geometry": { "type": "LineString", "coordinates": [ [ -2.0882721, 53.452064 ], [ -2.0880652, 53.4524162 ] ] } },
{ "type": "Feature", "properties": { "id": 62729, "nach": 0.46510770129428236 }, "geometry": { "type": "LineString", "coordinates": [ [ -2.0881255, 53.452033 ], [ -2.0882721, 53.452064 ] ] } },
{ "type": "Feature", "properties": { "id": 24987, "nach": 0.5421350164044092 }, "geometry": { "type": "LineString", "coordinates": [ [ -2.0889201, 53.4521674 ], [ -2.0893765, 53.4519887 ], [ -2.0909107, 53.4509856 ], [ -2.091229, 53.4510295 ] ] } },
{ "type": "Feature", "properties": { "id": 62723, "nach": 0.4926315615882122 }, "geometry": { "type": "LineString", "coordinates": [ [ -2.088404, 53.4515561 ], [ -2.0882423, 53.4513286 ], [ -2.0881298, 53.4511968 ], [ -2.0880007, 53.4510456 ] ] } },
{ "type": "Feature", "properties": { "id": 62725, "nach": 0.4388103894821252 }, "geometry": { "type": "LineString", "coordinates": [ [ -2.087756, 53.4516583 ], [ -2.0880777, 53.4515622 ], [ -2.0881173, 53.45156020000001 ], [ -2.088159, 53.4515733 ], [ -2.08821060000001, 53.4515923 ], [ -2.0882633, 53.4515949 ], [ -2.088404, 53.4515561 ] ] } },
{ "type": "Feature", "properties": { "id": 15568, "nach": 0.26742328229681578 }, "geometry": { "type": "LineString", "coordinates": [ [ -2.0880652, 53.4524162 ], [ -2.0890812, 53.4526523 ] ] } },
{ "type": "Feature", "properties": { "id": 46813, "nach": 0.43910546474001205 }, "geometry": { "type": "LineString", "coordinates": [ [ -2.0879826, 53.4534373 ], [ -2.0880039, 53.4532484 ], [ -2.0880115, 53.4532258 ], [ -2.0880312, 53.4532195 ], [ -2.0882437, 53.4532367 ], [ -2.0883211, 53.4532674 ], [ -2.088340800000011, 53.4533027 ], [ -2.0883257, 53.4535006 ], [ -2.0882923, 53.4535277 ], [ -2.0882574, 53.4535395 ], [ -2.0879052, 53.4535928 ], [ -2.08786380000001, 53.4535833 ], [ -2.0878335, 53.4535577 ], [ -2.0877998, 53.4535236 ], [ -2.0877851, 53.4534781 ], [ -2.0877969, 53.4532951 ] ] } },
{ "type": "Feature", "properties": { "id": 16672, "nach": 0.6486306641575651 }, "geometry": { "type": "LineString", "coordinates": [ [ -2.0774794, 53.4515528 ], [ -2.0768185, 53.4515927 ], [ -2.0766184, 53.4516554 ] ] } },
{ "type": "Feature", "properties": { "id": 23798, "nach": 0.57798943549436999 }, "geometry": { "type": "LineString", "coordinates": [ [ -2.0764884, 53.4519064 ], [ -2.0766617, 53.4517579 ], [ -2.0766659, 53.4517173 ], [ -2.0766184, 53.4516554 ] ] } },
{ "type": "Feature", "properties": { "id": 31832, "nach": 0.5802216638145633 }, "geometry": { "type": "LineString", "coordinates": [ [ -2.0869117, 53.4552787 ], [ -2.0868572, 53.455186 ], [ -2.0867759, 53.4550322 ], [ -2.086682, 53.4548741 ], [ -2.0866248, 53.454817 ], [ -2.0865658, 53.4547677 ], [ -2.0865166, 53.4547362 ], [ -2.0864619, 53.4547103 ], [ -2.0863513, 53.4546799 ], [ -2.086237, 53.4546571 ], [ -2.0859597, 53.4546097 ], [ -2.0854686, 53.4545321 ] ] } },
{ "type": "Feature", "properties": { "id": 46695, "nach": 0.56655048627165872 }, "geometry": { "type": "LineString", "coordinates": [ [ -2.0854143, 53.454337 ], [ -2.0854678, 53.4544355 ], [ -2.0854805, 53.4544644 ], [ -2.0854859, 53.4544918 ], [ -2.0854686, 53.4545321 ] ] } },
{ "type": "Feature", "properties": { "id": 34167, "nach": 0.6172257652859181 }, "geometry": { "type": "LineString", "coordinates": [ [ -2.0871352, 53.4557545 ], [ -2.0869117, 53.4552787 ] ] } },
{ "type": "Feature", "properties": { "id": 36229, "nach": 0.61394618124151801 }, "geometry": { "type": "LineString", "coordinates": [ [ -2.0869117, 53.4552787 ], [ -2.088387141755072, 53.455158969210409 ] ] } },
{ "type": "Feature", "properties": { "id": 47753, "nach": 0.58463602784362323 }, "geometry": { "type": "LineString", "coordinates": [ [ -2.0839617, 53.4538837 ], [ -2.0847998, 53.4539103 ], [ -2.084883, 53.4539123 ], [ -2.0849237, 53.4539162 ], [ -2.0849556, 53.4539224 ], [ -2.0849899, 53.453942700000013 ], [ -2.0850218, 53.4539663 ], [ -2.0852066, 53.4541338 ], [ -2.0854143, 53.454337 ] ] } },
{ "type": "Feature", "properties": { "id": 35047, "nach": 0.50170803164820843 }, "geometry": { "type": "LineString", "coordinates": [ [ -2.0740421, 53.4512323 ], [ -2.0744594, 53.4511312 ] ] } },
{ "type": "Feature", "properties": { "id": 43564, "nach": 0.67220842352391885 }, "geometry": { "type": "LineString", "coordinates": [ [ -2.073335, 53.4466333 ], [ -2.0735002, 53.4466702 ] ] } },
{ "type": "Feature", "properties": { "id": 43565, "nach": 0.66923735565445097 }, "geometry": { "type": "LineString", "coordinates": [ [ -2.073335, 53.4466333 ], [ -2.0732461, 53.4466135 ], [ -2.0728135, 53.4465169 ] ] } },
{ "type": "Feature", "properties": { "id": 43569, "nach": 0.54840305299040271 }, "geometry": { "type": "LineString", "coordinates": [ [ -2.0731878, 53.4468446 ], [ -2.0732177, 53.4468319 ], [ -2.0732476, 53.4467812 ], [ -2.073335, 53.4466333 ] ] } },
{ "type": "Feature", "properties": { "id": 46819, "nach": 0.67415261130803161 }, "geometry": { "type": "LineString", "coordinates": [ [ -2.0720882, 53.4463852 ], [ -2.0728135, 53.4465169 ] ] } },
{ "type": "Feature", "properties": { "id": 15605, "nach": 0.51582700736246101 }, "geometry": { "type": "LineString", "coordinates": [ [ -2.0732331, 53.4455724 ], [ -2.0730928, 53.44609650000001 ], [ -2.0730696, 53.4461426 ], [ -2.0728135, 53.4465169 ] ] } },
{ "type": "Feature", "properties": { "id": 46818, "nach": 0.67430443782102945 }, "geometry": { "type": "LineString", "coordinates": [ [ -2.0720882, 53.4463852 ], [ -2.0718073, 53.44633420000001 ] ] } },
{ "type": "Feature", "properties": { "id": 43575, "nach": 0.51482022343787137 }, "geometry": { "type": "LineString", "coordinates": [ [ -2.0732803, 53.4453217 ], [ -2.0732331, 53.4455724 ] ] } },
{ "type": "Feature", "properties": { "id": 15610, "nach": 0.46442179359561803 }, "geometry": { "type": "LineString", "coordinates": [ [ -2.0741231, 53.445818700000011 ], [ -2.0735578, 53.4456562 ], [ -2.0732331, 53.4455724 ] ] } },
{ "type": "Feature", "properties": { "id": 15601, "nach": 0.45528466336416251 }, "geometry": { "type": "LineString", "coordinates": [ [ -2.0733345, 53.4450686 ], [ -2.0733794, 53.4448587 ] ] } },
{ "type": "Feature", "properties": { "id": 15615, "nach": 0.49058082407303799 }, "geometry": { "type": "LineString", "coordinates": [ [ -2.0744706, 53.4453898 ], [ -2.0733345, 53.4450686 ] ] } },
{ "type": "Feature", "properties": { "id": 43576, "nach": 0.49893351334321412 }, "geometry": { "type": "LineString", "coordinates": [ [ -2.0732803, 53.4453217 ], [ -2.0732961, 53.4452477 ], [ -2.0733345, 53.4450686 ] ] } },
{ "type": "Feature", "properties": { "id": 15616, "nach": 0.59391077617201915 }, "geometry": { "type": "LineString", "coordinates": [ [ -2.0744706, 53.4453898 ], [ -2.0741231, 53.445818700000011 ] ] } },
{ "type": "Feature", "properties": { "id": 15618, "nach": 0.52309169460902172 }, "geometry": { "type": "LineString", "coordinates": [ [ -2.0758127, 53.4457561 ], [ -2.0744706, 53.4453898 ] ] } },
{ "type": "Feature", "properties": { "id": 49888, "nach": 0.61692277674126372 }, "geometry": { "type": "LineString", "coordinates": [ [ -2.0747772, 53.445017799999988 ], [ -2.0744706, 53.4453898 ] ] } },
{ "type": "Feature", "properties": { "id": 43583, "nach": 0.43671172871068009 }, "geometry": { "type": "LineString", "coordinates": [ [ -2.0717811, 53.4453663 ], [ -2.0727934, 53.4454264 ], [ -2.0728856, 53.4454243 ], [ -2.0729534, 53.4454026 ], [ -2.0730213, 53.4453539 ], [ -2.0730682, 53.4453228 ], [ -2.0731222, 53.4453145 ], [ -2.0732803, 53.4453217 ] ] } },
{ "type": "Feature", "properties": { "id": 16606, "nach": 0.61256773119888408 }, "geometry": { "type": "LineString", "coordinates": [ [ -2.0757634, 53.4458157 ], [ -2.0758127, 53.4457561 ] ] } },
{ "type": "Feature", "properties": { "id": 16604, "nach": 0.57926978770352799 }, "geometry": { "type": "LineString", "coordinates": [ [ -2.0762849, 53.4459646 ], [ -2.0757634, 53.4458157 ] ] } },
{ "type": "Feature", "properties": { "id": 16596, "nach": 0.58890777040173814 }, "geometry": { "type": "LineString", "coordinates": [ [ -2.0761275, 53.4453705 ], [ -2.0758127, 53.4457561 ] ] } },
{ "type": "Feature", "properties": { "id": 49889, "nach": 0.61718764125363679 }, "geometry": { "type": "LineString", "coordinates": [ [ -2.0747772, 53.445017799999988 ], [ -2.0748089, 53.444985500000023 ], [ -2.0749703, 53.4448181 ] ] } },
{ "type": "Feature", "properties": { "id": 49887, "nach": 0.44587263973304742 }, "geometry": { "type": "LineString", "coordinates": [ [ -2.0747772, 53.445017799999988 ], [ -2.0736668, 53.4447089 ] ] } },
{ "type": "Feature", "properties": { "id": 16597, "nach": 0.44783277985662595 }, "geometry": { "type": "LineString", "coordinates": [ [ -2.0761275, 53.4453705 ], [ -2.0768321, 53.4455492 ], [ -2.0769608, 53.445677 ] ] } },
{ "type": "Feature", "properties": { "id": 16599, "nach": 0.45397083964696505 }, "geometry": { "type": "LineString", "coordinates": [ [ -2.0756036, 53.4452345 ], [ -2.0761275, 53.4453705 ] ] } },
{ "type": "Feature", "properties": { "id": 50249, "nach": 0.57337917039397501 }, "geometry": { "type": "LineString", "coordinates": [ [ -2.0762069, 53.4450775 ], [ -2.0761904, 53.445216599999988 ], [ -2.0761275, 53.4453705 ] ] } },
{ "type": "Feature", "properties": { "id": 50222, "nach": 0.3529722977942602 }, "geometry": { "type": "LineString", "coordinates": [ [ -2.0863998, 53.4433267 ], [ -2.0863295, 53.4434124 ], [ -2.0862827, 53.4434447 ], [ -2.0862345, 53.4434687 ], [ -2.08593080000001, 53.4434408 ], [ -2.0856508, 53.443406 ], [ -2.0851779, 53.4433571 ] ] } },
{ "type": "Feature", "properties": { "id": 15629, "nach": 0.5439525666426992 }, "geometry": { "type": "LineString", "coordinates": [ [ -2.0779492, 53.4446751 ], [ -2.0785212, 53.4448028 ], [ -2.0806699, 53.4454033 ] ] } },
{ "type": "Feature", "properties": { "id": 27334, "nach": 0.54345329032623024 }, "geometry": { "type": "LineString", "coordinates": [ [ -2.0821127, 53.4448474 ], [ -2.08203390000001, 53.444905 ], [ -2.0816766, 53.4451708 ], [ -2.0814819, 53.4452765 ], [ -2.0808152, 53.445426 ], [ -2.0806699, 53.4454033 ] ] } },
{ "type": "Feature", "properties": { "id": 21765, "nach": 0.54228745795428879 }, "geometry": { "type": "LineString", "coordinates": [ [ -2.0768377, 53.4443319 ], [ -2.0779492, 53.4446751 ] ] } },
{ "type": "Feature", "properties": { "id": 16235, "nach": 0.44841463840504109 }, "geometry": { "type": "LineString", "coordinates": [ [ -2.0781595, 53.4440137 ], [ -2.0779492, 53.4446751 ] ] } },
{ "type": "Feature", "properties": { "id": 27333, "nach": 0.40651590258652026 }, "geometry": { "type": "LineString", "coordinates": [ [ -2.0821127, 53.4448474 ], [ -2.0820029, 53.4448088 ], [ -2.0817884, 53.44469380000001 ], [ -2.0815738, 53.4444893 ], [ -2.0807584, 53.4443551 ], [ -2.0801676, 53.4443641 ] ] } },
{ "type": "Feature", "properties": { "id": 42584, "nach": 0.5327263239857386 }, "geometry": { "type": "LineString", "coordinates": [ [ -2.082146, 53.444858 ], [ -2.0821127, 53.4448474 ] ] } },
{ "type": "Feature", "properties": { "id": 16236, "nach": 0.5050829535456407 }, "geometry": { "type": "LineString", "coordinates": [ [ -2.0781595, 53.4440137 ], [ -2.0782503, 53.4437341 ], [ -2.078218, 53.4435788 ] ] } },
{ "type": "Feature", "properties": { "id": 16237, "nach": 0.43811809702885207 }, "geometry": { "type": "LineString", "coordinates": [ [ -2.0781595, 53.4440137 ], [ -2.0799216, 53.4443679 ], [ -2.0801676, 53.4443641 ] ] } },
{ "type": "Feature", "properties": { "id": 26806, "nach": 0.5613631238850928 }, "geometry": { "type": "LineString", "coordinates": [ [ -2.0800847, 53.4431047 ], [ -2.0797738, 53.4431717 ], [ -2.078218, 53.4435788 ] ] } },
{ "type": "Feature", "properties": { "id": 47360, "nach": 0.61163743439234508 }, "geometry": { "type": "LineString", "coordinates": [ [ -2.0755305, 53.4443505 ], [ -2.075448, 53.4443671 ], [ -2.0753398, 53.4444692 ] ] } },
{ "type": "Feature", "properties": { "id": 47361, "nach": 0.4557131377344667 }, "geometry": { "type": "LineString", "coordinates": [ [ -2.0755509, 53.4446891 ], [ -2.0755305, 53.4443505 ] ] } },
{ "type": "Feature", "properties": { "id": 50252, "nach": 0.5700184110209755 }, "geometry": { "type": "LineString", "coordinates": [ [ -2.0762455, 53.444752700000016 ], [ -2.0764546, 53.4447671 ], [ -2.0765553, 53.4448027 ], [ -2.0767661, 53.4449165 ], [ -2.076803, 53.4449482 ], [ -2.0768007, 53.4450504 ], [ -2.0767845, 53.4450754 ], [ -2.0767505, 53.4450888 ], [ -2.0762069, 53.4450775 ] ] } },
{ "type": "Feature", "properties": { "id": 26807, "nach": 0.55110351366603305 }, "geometry": { "type": "LineString", "coordinates": [ [ -2.0800847, 53.4431047 ], [ -2.080278, 53.44306310000001 ], [ -2.0804978, 53.44304480000001 ] ] } },
{ "type": "Feature", "properties": { "id": 16259, "nach": 0.40243158051679756 }, "geometry": { "type": "LineString", "coordinates": [ [ -2.0823677, 53.4439014 ], [ -2.0822819, 53.4438247 ], [ -2.0813485, 53.4436202 ], [ -2.0807262, 53.4433646 ], [ -2.0804978, 53.44304480000001 ] ] } },
{ "type": "Feature", "properties": { "id": 51573, "nach": 0.61467420804892958 }, "geometry": { "type": "LineString", "coordinates": [ [ -2.0800847, 53.4431047 ], [ -2.08019146906318, 53.442591424299337 ] ] } },
{ "type": "Feature", "properties": { "id": 15764, "nach": 0.59120329373993263 }, "geometry": { "type": "LineString", "coordinates": [ [ -2.0840433, 53.4576592 ], [ -2.0839693, 53.457051600000014 ], [ -2.0838647, 53.4565614 ] ] } },
{ "type": "Feature", "properties": { "id": 46728, "nach": 0.58292905425390595 }, "geometry": { "type": "LineString", "coordinates": [ [ -2.0840965, 53.4565081 ], [ -2.0838647, 53.4565614 ] ] } },
{ "type": "Feature", "properties": { "id": 34171, "nach": 0.63331195437779042 }, "geometry": { "type": "LineString", "coordinates": [ [ -2.0838647, 53.4565614 ], [ -2.0838459, 53.4564734 ], [ -2.0836066, 53.4563155 ] ] } },
{ "type": "Feature", "properties": { "id": 57652, "nach": 0.44145954471939231 }, "geometry": { "type": "LineString", "coordinates": [ [ -2.0771966, 53.4415487 ], [ -2.0771383, 53.4425916 ] ] } },
{ "type": "Feature", "properties": { "id": 29426, "nach": 0.55270971753625842 }, "geometry": { "type": "LineString", "coordinates": [ [ -2.0769754, 53.4425912 ], [ -2.0771383, 53.4425916 ] ] } },
{ "type": "Feature", "properties": { "id": 16219, "nach": 0.53267412966011463 }, "geometry": { "type": "LineString", "coordinates": [ [ -2.0782088, 53.4426133 ], [ -2.0780841, 53.4426131 ], [ -2.0771383, 53.4425916 ] ] } },
{ "type": "Feature", "properties": { "id": 29428, "nach": 0.43155209183223753 }, "geometry": { "type": "LineString", "coordinates": [ [ -2.0773713, 53.4429088 ], [ -2.0769754, 53.4425912 ] ] } },
{ "type": "Feature", "properties": { "id": 57647, "nach": 0.43769891930025967 }, "geometry": { "type": "LineString", "coordinates": [ [ -2.0782568, 53.4415763 ], [ -2.0782088, 53.4426133 ] ] } },
{ "type": "Feature", "properties": { "id": 57655, "nach": 0.51148837242944012 }, "geometry": { "type": "LineString", "coordinates": [ [ -2.0797449, 53.4419526 ], [ -2.0794619, 53.4421904 ], [ -2.0789811, 53.4424255 ], [ -2.07858, 53.4425586 ], [ -2.0782088, 53.4426133 ] ] } },
{ "type": "Feature", "properties": { "id": 57654, "nach": 0.54718356586459849 }, "geometry": { "type": "LineString", "coordinates": [ [ -2.0797449, 53.4419526 ], [ -2.0801725, 53.4424155 ] ] } },
{ "type": "Feature", "properties": { "id": 29432, "nach": 0.37048656639388361 }, "geometry": { "type": "LineString", "coordinates": [ [ -2.0839051, 53.4445297 ], [ -2.0846501, 53.4445841 ], [ -2.0846955, 53.4445764 ], [ -2.0847376, 53.444561 ], [ -2.0847832, 53.4445158 ], [ -2.0848207, 53.4443101 ] ] } },
{ "type": "Feature", "properties": { "id": 29433, "nach": 0.38325827589369138 }, "geometry": { "type": "LineString", "coordinates": [ [ -2.0838354, 53.4448515 ], [ -2.0839051, 53.4445297 ] ] } },
{ "type": "Feature", "properties": { "id": 42585, "nach": 0.46268878288015797 }, "geometry": { "type": "LineString", "coordinates": [ [ -2.082146, 53.444858 ], [ -2.0823067, 53.4448674 ], [ -2.082527, 53.4448354 ], [ -2.0827729, 53.4447794 ], [ -2.0828384, 53.4447437 ], [ -2.0829018, 53.444657200000016 ], [ -2.0829845, 53.4444988 ], [ -2.0830469, 53.4444734 ], [ -2.0831115, 53.4444645 ], [ -2.0839051, 53.4445297 ] ] } },
{ "type": "Feature", "properties": { "id": 16238, "nach": 0.39791094762604456 }, "geometry": { "type": "LineString", "coordinates": [ [ -2.0811125, 53.4451666 ], [ -2.0808228, 53.4449622 ], [ -2.0806082, 53.4449047 ], [ -2.0801683, 53.4448216 ], [ -2.0801676, 53.4443641 ] ] } },
{ "type": "Feature", "properties": { "id": 21801, "nach": 0.60626874593499347 }, "geometry": { "type": "LineString", "coordinates": [ [ -2.0750326, 53.44294450000001 ], [ -2.0746564, 53.4426846 ] ] } },
{ "type": "Feature", "properties": { "id": 35268, "nach": 0.57436538845900242 }, "geometry": { "type": "LineString", "coordinates": [ [ -2.074565, 53.4426226 ], [ -2.0746564, 53.4426846 ] ] } },
{ "type": "Feature", "properties": { "id": 35274, "nach": 0.53300009670526405 }, "geometry": { "type": "LineString", "coordinates": [ [ -2.074746, 53.4425001 ], [ -2.0747412, 53.4425478 ], [ -2.074726, 53.4426025 ], [ -2.0746564, 53.4426846 ] ] } },
{ "type": "Feature", "properties": { "id": 35255, "nach": 0.60722311154088049 }, "geometry": { "type": "LineString", "coordinates": [ [ -2.0754487, 53.4432469 ], [ -2.0750326, 53.44294450000001 ] ] } },
{ "type": "Feature", "properties": { "id": 36967, "nach": 0.46573045023137527 }, "geometry": { "type": "LineString", "coordinates": [ [ -2.0747279, 53.4431108 ], [ -2.0750326, 53.44294450000001 ] ] } },
{ "type": "Feature", "properties": { "id": 35269, "nach": 0.5928963881861451 }, "geometry": { "type": "LineString", "coordinates": [ [ -2.074565, 53.4426226 ], [ -2.0745325, 53.4426005 ] ] } },
{ "type": "Feature", "properties": { "id": 35270, "nach": 0.4993736854858179 }, "geometry": { "type": "LineString", "coordinates": [ [ -2.074565, 53.4426226 ], [ -2.0746371, 53.4425942 ], [ -2.0746881, 53.4425526 ], [ -2.074746, 53.4425001 ] ] } },
{ "type": "Feature", "properties": { "id": 35273, "nach": 0.55839667658622116 }, "geometry": { "type": "LineString", "coordinates": [ [ -2.074746, 53.4425001 ], [ -2.0748474, 53.4413665 ] ] } },
{ "type": "Feature", "properties": { "id": 16274, "nach": 0.56741298739930612 }, "geometry": { "type": "LineString", "coordinates": [ [ -2.0710776, 53.4463375 ], [ -2.07083080000001, 53.4460601 ] ] } },
{ "type": "Feature", "properties": { "id": 16275, "nach": 0.45335093065925897 }, "geometry": { "type": "LineString", "coordinates": [ [ -2.0710776, 53.4463375 ], [ -2.0710735, 53.4463124 ], [ -2.0710819, 53.4462876 ], [ -2.0711022, 53.4462654 ], [ -2.0711325, 53.446247599999985 ], [ -2.0711702, 53.446236 ], [ -2.071212, 53.4462315 ] ] } },
{ "type": "Feature", "properties": { "id": 35850, "nach": 0.58886463551344159 }, "geometry": { "type": "LineString", "coordinates": [ [ -2.0710842, 53.4463494 ], [ -2.0710776, 53.4463375 ] ] } },
{ "type": "Feature", "properties": { "id": 16278, "nach": 0.60906946713840859 }, "geometry": { "type": "LineString", "coordinates": [ [ -2.07083080000001, 53.4460601 ], [ -2.0710663, 53.4461855 ], [ -2.071212, 53.4462315 ] ] } },
{ "type": "Feature", "properties": { "id": 35060, "nach": 0.6142765381873464 }, "geometry": { "type": "LineString", "coordinates": [ [ -2.071212, 53.4462315 ], [ -2.071252, 53.4462341 ], [ -2.0712891, 53.4462432 ] ] } },
{ "type": "Feature", "properties": { "id": 16276, "nach": 0.65403188222295472 }, "geometry": { "type": "LineString", "coordinates": [ [ -2.0711392, 53.446388500000012 ], [ -2.0711067, 53.4463715 ], [ -2.0710842, 53.4463494 ] ] } },
{ "type": "Feature", "properties": { "id": 35006, "nach": 0.61991942296225533 }, "geometry": { "type": "LineString", "coordinates": [ [ -2.0713179, 53.446377 ], [ -2.0712871, 53.446391 ], [ -2.0712511, 53.4463995 ], [ -2.0712125, 53.446402 ], [ -2.0711743, 53.4463983 ], [ -2.0711392, 53.446388500000012 ] ] } },
{ "type": "Feature", "properties": { "id": 35033, "nach": 0.58118604230633419 }, "geometry": { "type": "LineString", "coordinates": [ [ -2.0712901, 53.44654580000001 ], [ -2.071218, 53.44646190000001 ], [ -2.0711392, 53.446388500000012 ] ] } },
{ "type": "Feature", "properties": { "id": 25751, "nach": 0.59873902663619083 }, "geometry": { "type": "LineString", "coordinates": [ [ -2.0703859, 53.4451967 ], [ -2.0708853, 53.445001 ] ] } },
{ "type": "Feature", "properties": { "id": 25764, "nach": 0.54211090198987388 }, "geometry": { "type": "LineString", "coordinates": [ [ -2.0716448, 53.4450128 ], [ -2.0708147, 53.4451732 ], [ -2.0704593, 53.4452466 ], [ -2.0703859, 53.4451967 ] ] } },
{ "type": "Feature", "properties": { "id": 16586, "nach": 0.49436587560794532 }, "geometry": { "type": "LineString", "coordinates": [ [ -2.0780081, 53.4515593 ], [ -2.0780007, 53.4517666 ], [ -2.077952, 53.4522203 ] ] } },
{ "type": "Feature", "properties": { "id": 63359, "nach": 0.65939405337153378 }, "geometry": { "type": "LineString", "coordinates": [ [ -2.07792, 53.451558199999987 ], [ -2.0780081, 53.4515593 ] ] } },
{ "type": "Feature", "properties": { "id": 16589, "nach": 0.6628463548048722 }, "geometry": { "type": "LineString", "coordinates": [ [ -2.0785778, 53.4515779 ], [ -2.0780081, 53.4515593 ] ] } },
{ "type": "Feature", "properties": { "id": 63358, "nach": 0.6600522444323047 }, "geometry": { "type": "LineString", "coordinates": [ [ -2.07792, 53.451558199999987 ], [ -2.0774794, 53.4515528 ] ] } },
{ "type": "Feature", "properties": { "id": 63360, "nach": 0.0 }, "geometry": { "type": "LineString", "coordinates": [ [ -2.07792, 53.451558199999987 ], [ -2.077999, 53.4515139 ], [ -2.0780462, 53.451509 ], [ -2.0784868, 53.4515158 ], [ -2.0785461, 53.4515284 ], [ -2.0785965, 53.45155 ], [ -2.0786386, 53.4515781 ] ] } },
{ "type": "Feature", "properties": { "id": 16588, "nach": 0.50078640269579133 }, "geometry": { "type": "LineString", "coordinates": [ [ -2.0785223, 53.4524372 ], [ -2.0785769, 53.4518014 ], [ -2.0785778, 53.4515779 ] ] } },
{ "type": "Feature", "properties": { "id": 63356, "nach": 0.66838206033902636 }, "geometry": { "type": "LineString", "coordinates": [ [ -2.0786386, 53.4515781 ], [ -2.0785778, 53.4515779 ] ] } },
{ "type": "Feature", "properties": { "id": 29434, "nach": 0.58033083817518116 }, "geometry": { "type": "LineString", "coordinates": [ [ -2.0764211, 53.4461021 ], [ -2.0762849, 53.4459646 ] ] } },
{ "type": "Feature", "properties": { "id": 29437, "nach": 0.45865631403012602 }, "geometry": { "type": "LineString", "coordinates": [ [ -2.0760684, 53.4464421 ], [ -2.0762862, 53.4461817 ], [ -2.0764211, 53.4461021 ] ] } },
{ "type": "Feature", "properties": { "id": 50895, "nach": 0.49096761600681921 }, "geometry": { "type": "LineString", "coordinates": [ [ -2.0782288, 53.4511928 ], [ -2.0776122, 53.4512197 ], [ -2.0775474, 53.4512356 ], [ -2.0774972, 53.4512585 ], [ -2.0774723, 53.4512848 ], [ -2.0774564, 53.4513214 ], [ -2.0774498, 53.451360800000018 ], [ -2.0774794, 53.4515528 ] ] } },
{ "type": "Feature", "properties": { "id": 49879, "nach": 0.58762251392755849 }, "geometry": { "type": "LineString", "coordinates": [ [ -2.0811901, 53.4510588 ], [ -2.0812793, 53.4511408 ] ] } },
{ "type": "Feature", "properties": { "id": 51583, "nach": 0.51903887323109932 }, "geometry": { "type": "LineString", "coordinates": [ [ -2.081944, 53.4507605 ], [ -2.0811901, 53.4510588 ] ] } },
{ "type": "Feature", "properties": { "id": 51586, "nach": 0.65863569387437315 }, "geometry": { "type": "LineString", "coordinates": [ [ -2.0811602, 53.4513409 ], [ -2.0812216, 53.4513145 ], [ -2.0812396, 53.4512663 ], [ -2.0812298, 53.4511905 ], [ -2.0811395, 53.4510827 ], [ -2.0811901, 53.4510588 ] ] } },
{ "type": "Feature", "properties": { "id": 46076, "nach": 0.64214335399530686 }, "geometry": { "type": "LineString", "coordinates": [ [ -2.0814138, 53.4508499 ], [ -2.0811481, 53.450617 ] ] } },
{ "type": "Feature", "properties": { "id": 46075, "nach": 0.58294866092464015 }, "geometry": { "type": "LineString", "coordinates": [ [ -2.0814138, 53.4508499 ], [ -2.0816274, 53.450768299999986 ] ] } },
{ "type": "Feature", "properties": { "id": 20033, "nach": 0.60723575095639237 }, "geometry": { "type": "LineString", "coordinates": [ [ -2.0695841, 53.451546 ], [ -2.0696591, 53.451269299999986 ], [ -2.0696869, 53.4511648 ] ] } },
{ "type": "Feature", "properties": { "id": 24983, "nach": 0.52389175894476891 }, "geometry": { "type": "LineString", "coordinates": [ [ -2.091229, 53.4510295 ], [ -2.0908568, 53.4516001 ] ] } },
{ "type": "Feature", "properties": { "id": 20125, "nach": 0.42322980003531713 }, "geometry": { "type": "LineString", "coordinates": [ [ -2.0912249, 53.4516864 ], [ -2.0908568, 53.4516001 ] ] } },
{ "type": "Feature", "properties": { "id": 36360, "nach": 0.58060816017836947 }, "geometry": { "type": "LineString", "coordinates": [ [ -2.09131340000001, 53.4509001 ], [ -2.091229, 53.4510295 ] ] } },
{ "type": "Feature", "properties": { "id": 62718, "nach": 0.40020226084852123 }, "geometry": { "type": "LineString", "coordinates": [ [ -2.0880007, 53.4510456 ], [ -2.086895, 53.4497503 ] ] } },
{ "type": "Feature", "properties": { "id": 36361, "nach": 0.35235147337223199 }, "geometry": { "type": "LineString", "coordinates": [ [ -2.09131340000001, 53.4509001 ], [ -2.0910534, 53.4508748 ], [ -2.0897325, 53.450722 ], [ -2.0891211, 53.45065970000001 ], [ -2.0886808, 53.450584300000017 ], [ -2.088326, 53.4502957 ], [ -2.0879269, 53.4498806 ], [ -2.0874074, 53.4497184 ], [ -2.086895, 53.4497503 ] ] } },
{ "type": "Feature", "properties": { "id": 35256, "nach": 0.51747708565768835 }, "geometry": { "type": "LineString", "coordinates": [ [ -2.0754487, 53.4432469 ], [ -2.0755737, 53.443285 ] ] } },
{ "type": "Feature", "properties": { "id": 36964, "nach": 0.44126691357825504 }, "geometry": { "type": "LineString", "coordinates": [ [ -2.0752507, 53.4434609 ], [ -2.0746445, 53.4437789 ] ] } },
{ "type": "Feature", "properties": { "id": 36966, "nach": 0.4486893822176623 }, "geometry": { "type": "LineString", "coordinates": [ [ -2.0752507, 53.4434609 ], [ -2.0754737, 53.4436102 ] ] } },
{ "type": "Feature", "properties": { "id": 36970, "nach": 0.49710990720443626 }, "geometry": { "type": "LineString", "coordinates": [ [ -2.0747279, 53.4431108 ], [ -2.0752507, 53.4434609 ] ] } },
{ "type": "Feature", "properties": { "id": 36972, "nach": 0.44244507344646544 }, "geometry": { "type": "LineString", "coordinates": [ [ -2.0742253, 53.4427697 ], [ -2.073806, 53.4429908 ] ] } },
{ "type": "Feature", "properties": { "id": 36971, "nach": 0.47750159524022223 }, "geometry": { "type": "LineString", "coordinates": [ [ -2.0742253, 53.4427697 ], [ -2.0745325, 53.4426005 ] ] } },
{ "type": "Feature", "properties": { "id": 36974, "nach": 0.47133618388759285 }, "geometry": { "type": "LineString", "coordinates": [ [ -2.0742253, 53.4427697 ], [ -2.0747279, 53.4431108 ] ] } },
{ "type": "Feature", "properties": { "id": 36975, "nach": 0.44483682671818847 }, "geometry": { "type": "LineString", "coordinates": [ [ -2.0739326, 53.4425783 ], [ -2.0742253, 53.4427697 ] ] } },
{ "type": "Feature", "properties": { "id": 21783, "nach": 0.58663836593840046 }, "geometry": { "type": "LineString", "coordinates": [ [ -2.0749703, 53.4448181 ], [ -2.0753398, 53.4444692 ] ] } },
{ "type": "Feature", "properties": { "id": 50969, "nach": 0.4538691887146773 }, "geometry": { "type": "LineString", "coordinates": [ [ -2.0739045, 53.4421551 ], [ -2.0738411, 53.4421102 ] ] } },
{ "type": "Feature", "properties": { "id": 50970, "nach": 0.5988809955010288 }, "geometry": { "type": "LineString", "coordinates": [ [ -2.0739045, 53.4421551 ], [ -2.0737376, 53.4421501 ], [ -2.0736172, 53.4420949 ] ] } },
{ "type": "Feature", "properties": { "id": 50968, "nach": 0.59600482084120099 }, "geometry": { "type": "LineString", "coordinates": [ [ -2.0739045, 53.4421551 ], [ -2.0745325, 53.4426005 ] ] } },
{ "type": "Feature", "properties": { "id": 21714, "nach": 0.54701750011733086 }, "geometry": { "type": "LineString", "coordinates": [ [ -2.0726985, 53.4444039 ], [ -2.0733905, 53.4441136 ], [ -2.0735271, 53.444010499999983 ], [ -2.0735236, 53.443897 ], [ -2.0732662, 53.4436281 ], [ -2.0733848, 53.44339 ] ] } },
{ "type": "Feature", "properties": { "id": 21797, "nach": 0.57480262018395134 }, "geometry": { "type": "LineString", "coordinates": [ [ -2.0730912, 53.44301309999998 ], [ -2.0731936, 53.4432095 ], [ -2.0733848, 53.44339 ] ] } },
{ "type": "Feature", "properties": { "id": 21832, "nach": 0.5556600803033882 }, "geometry": { "type": "LineString", "coordinates": [ [ -2.0723927, 53.444538500000014 ], [ -2.0726985, 53.4444039 ] ] } },
{ "type": "Feature", "properties": { "id": 50961, "nach": 0.44354550646332846 }, "geometry": { "type": "LineString", "coordinates": [ [ -2.0729329, 53.4438899 ], [ -2.0729839, 53.4439436 ], [ -2.0729705, 53.4440027 ], [ -2.0727935, 53.4441018 ], [ -2.0727291, 53.444167299999989 ], [ -2.0726835, 53.4442551 ], [ -2.072713, 53.4443446 ], [ -2.0726985, 53.4444039 ] ] } },
{ "type": "Feature", "properties": { "id": 21798, "nach": 0.50622517940825307 }, "geometry": { "type": "LineString", "coordinates": [ [ -2.0730912, 53.44301309999998 ], [ -2.07317780000001, 53.4429761 ], [ -2.07325, 53.4428764 ], [ -2.0734235, 53.442636 ], [ -2.0734778, 53.4425682 ], [ -2.0735931, 53.4423387 ], [ -2.0736094, 53.442182200000019 ], [ -2.0736172, 53.4420949 ] ] } },
{ "type": "Feature", "properties": { "id": 25952, "nach": 0.54002800247695093 }, "geometry": { "type": "LineString", "coordinates": [ [ -2.0726852, 53.442211 ], [ -2.0730912, 53.44301309999998 ] ] } },
{ "type": "Feature", "properties": { "id": 50964, "nach": 0.58103000550428263 }, "geometry": { "type": "LineString", "coordinates": [ [ -2.0729467, 53.4417916 ], [ -2.0733321, 53.4419248 ], [ -2.0735634, 53.4420575 ], [ -2.0736172, 53.4420949 ] ] } },
{ "type": "Feature", "properties": { "id": 21855, "nach": 0.54966575266878015 }, "geometry": { "type": "LineString", "coordinates": [ [ -2.0708853, 53.445001 ], [ -2.0723927, 53.444538500000014 ] ] } },
{ "type": "Feature", "properties": { "id": 21870, "nach": 0.43276971006279114 }, "geometry": { "type": "LineString", "coordinates": [ [ -2.0720118, 53.4441615 ], [ -2.0723927, 53.444538500000014 ] ] } },
{ "type": "Feature", "properties": { "id": 50960, "nach": 0.0 }, "geometry": { "type": "LineString", "coordinates": [ [ -2.0729329, 53.4438899 ], [ -2.0727337, 53.4439598 ], [ -2.0726572, 53.4439653 ], [ -2.0725927, 53.4439387 ], [ -2.0725733, 53.443893 ], [ -2.0726101, 53.4438536 ], [ -2.0728233, 53.4437807 ], [ -2.0729329, 53.4438899 ] ] } },
{ "type": "Feature", "properties": { "id": 21733, "nach": 0.4474426719109828 }, "geometry": { "type": "LineString", "coordinates": [ [ -2.070643, 53.4445653 ], [ -2.070554, 53.4445495 ], [ -2.0703701, 53.443927 ] ] } },
{ "type": "Feature", "properties": { "id": 21869, "nach": 0.47290808945442259 }, "geometry": { "type": "LineString", "coordinates": [ [ -2.0720118, 53.4441615 ], [ -2.070643, 53.4445653 ] ] } },
{ "type": "Feature", "properties": { "id": 21856, "nach": 0.52787516329304851 }, "geometry": { "type": "LineString", "coordinates": [ [ -2.0708853, 53.445001 ], [ -2.0707249, 53.4447547 ], [ -2.070643, 53.4445653 ] ] } },
{ "type": "Feature", "properties": { "id": 21871, "nach": 0.42740375301185163 }, "geometry": { "type": "LineString", "coordinates": [ [ -2.0720118, 53.4441615 ], [ -2.0716095, 53.4437333 ], [ -2.0716842, 53.443719199999983 ], [ -2.0721835, 53.4436247 ], [ -2.0723444, 53.4435225 ] ] } },
{ "type": "Feature", "properties": { "id": 36968, "nach": 0.44098514952451179 }, "geometry": { "type": "LineString", "coordinates": [ [ -2.0747279, 53.4431108 ], [ -2.0742115, 53.4433929 ] ] } },
{ "type": "Feature", "properties": { "id": 21969, "nach": 0.59536941197384707 }, "geometry": { "type": "LineString", "coordinates": [ [ -2.0716042, 53.4473341 ], [ -2.0715201, 53.4472206 ] ] } },
{ "type": "Feature", "properties": { "id": 21948, "nach": 0.59861914438149488 }, "geometry": { "type": "LineString", "coordinates": [ [ -2.0713437, 53.446805299999987 ], [ -2.0714218, 53.4470881 ], [ -2.0715201, 53.4472206 ] ] } },
{ "type": "Feature", "properties": { "id": 21906, "nach": 0.4640352130674712 }, "geometry": { "type": "LineString", "coordinates": [ [ -2.0722587, 53.4468421 ], [ -2.0719314, 53.4471488 ], [ -2.0715201, 53.4472206 ] ] } },
{ "type": "Feature", "properties": { "id": 21971, "nach": 0.54639606724097212 }, "geometry": { "type": "LineString", "coordinates": [ [ -2.0716042, 53.4473341 ], [ -2.0718242, 53.44747790000001 ], [ -2.0719207, 53.4477431 ], [ -2.0721943, 53.4480561 ] ] } },
{ "type": "Feature", "properties": { "id": 21970, "nach": 0.55904754017667324 }, "geometry": { "type": "LineString", "coordinates": [ [ -2.0716042, 53.4473341 ], [ -2.0709337, 53.4474395 ] ] } },
{ "type": "Feature", "properties": { "id": 21972, "nach": 0.46917911800159717 }, "geometry": { "type": "LineString", "coordinates": [ [ -2.0705957, 53.44689 ], [ -2.0713437, 53.446805299999987 ] ] } },
{ "type": "Feature", "properties": { "id": 21953, "nach": 0.6067080124633154 }, "geometry": { "type": "LineString", "coordinates": [ [ -2.0713078, 53.4466269 ], [ -2.0713437, 53.446805299999987 ] ] } },
{ "type": "Feature", "properties": { "id": 35062, "nach": 0.0 }, "geometry": { "type": "LineString", "coordinates": [ [ -2.0682217, 53.4491558 ], [ -2.0681197, 53.449088600000024 ], [ -2.067881, 53.448970499999987 ], [ -2.0673741, 53.4489769 ], [ -2.0673607, 53.4488411 ], [ -2.0679374, 53.4488155 ], [ -2.0682687, 53.4489789 ], [ -2.0684197, 53.4490352 ] ] } },
{ "type": "Feature", "properties": { "id": 52091, "nach": 0.56485212441082611 }, "geometry": { "type": "LineString", "coordinates": [ [ -2.0688978, 53.44926370000001 ], [ -2.0688225, 53.44921810000001 ], [ -2.0684197, 53.4490352 ] ] } },
{ "type": "Feature", "properties": { "id": 52082, "nach": 0.44653461951391876 }, "geometry": { "type": "LineString", "coordinates": [ [ -2.0681871, 53.4492385 ], [ -2.0682217, 53.4491558 ] ] } },
{ "type": "Feature", "properties": { "id": 52092, "nach": 0.52430619540005086 }, "geometry": { "type": "LineString", "coordinates": [ [ -2.0688978, 53.44926370000001 ], [ -2.0682889, 53.449252500000014 ], [ -2.0681871, 53.4492385 ] ] } },
{ "type": "Feature", "properties": { "id": 52090, "nach": 0.45578632113975781 }, "geometry": { "type": "LineString", "coordinates": [ [ -2.0688978, 53.44926370000001 ], [ -2.0689032, 53.449409 ] ] } },
{ "type": "Feature", "properties": { "id": 21921, "nach": 0.49228193072038628 }, "geometry": { "type": "LineString", "coordinates": [ [ -2.0713949, 53.4481196 ], [ -2.0710585, 53.4481325 ] ] } },
{ "type": "Feature", "properties": { "id": 21966, "nach": 0.54715113112597757 }, "geometry": { "type": "LineString", "coordinates": [ [ -2.0709337, 53.4474395 ], [ -2.0710585, 53.4481325 ] ] } },
{ "type": "Feature", "properties": { "id": 21931, "nach": 0.49384710469572485 }, "geometry": { "type": "LineString", "coordinates": [ [ -2.0721943, 53.4480561 ], [ -2.0713949, 53.4481196 ] ] } },
{ "type": "Feature", "properties": { "id": 21958, "nach": 0.43354439911971704 }, "geometry": { "type": "LineString", "coordinates": [ [ -2.0722909, 53.4485545 ], [ -2.0724989, 53.4486638 ], [ -2.0726137, 53.4488173 ], [ -2.0722528, 53.4489095 ], [ -2.0715409, 53.4488477 ], [ -2.0713241, 53.448555399999989 ], [ -2.0714104, 53.4483252 ], [ -2.0713949, 53.4481196 ] ] } },
{ "type": "Feature", "properties": { "id": 49056, "nach": 0.47167216689756625 }, "geometry": { "type": "LineString", "coordinates": [ [ -2.0707074, 53.4474015 ], [ -2.0707859, 53.4474015 ], [ -2.0708523, 53.4474126 ], [ -2.0709337, 53.4474395 ] ] } },
{ "type": "Feature", "properties": { "id": 35032, "nach": 0.61499457834907356 }, "geometry": { "type": "LineString", "coordinates": [ [ -2.0712901, 53.44654580000001 ], [ -2.0713078, 53.4466269 ] ] } },
{ "type": "Feature", "properties": { "id": 21965, "nach": 0.47235686809766031 }, "geometry": { "type": "LineString", "coordinates": [ [ -2.0717705, 53.4465546 ], [ -2.0715161, 53.446602 ], [ -2.0713078, 53.4466269 ] ] } },
{ "type": "Feature", "properties": { "id": 35005, "nach": 0.5564761411312622 }, "geometry": { "type": "LineString", "coordinates": [ [ -2.0713179, 53.446377 ], [ -2.0712901, 53.44654580000001 ] ] } },
{ "type": "Feature", "properties": { "id": 26029, "nach": 0.6838958732836059 }, "geometry": { "type": "LineString", "coordinates": [ [ -2.0791162, 53.4521953 ], [ -2.0790806, 53.4524741 ] ] } },
{ "type": "Feature", "properties": { "id": 45420, "nach": 0.69425916478026328 }, "geometry": { "type": "LineString", "coordinates": [ [ -2.0790824, 53.4528605 ], [ -2.079013, 53.4528936 ] ] } },
{ "type": "Feature", "properties": { "id": 33819, "nach": 0.77296010756918954 }, "geometry": { "type": "LineString", "coordinates": [ [ -2.078961693056997, 53.453124730799566 ], [ -2.079013, 53.4528936 ] ] } },
{ "type": "Feature", "properties": { "id": 23812, "nach": 0.46038644778482429 }, "geometry": { "type": "LineString", "coordinates": [ [ -2.0807299, 53.451392900000016 ], [ -2.0810747, 53.4516794 ] ] } },
{ "type": "Feature", "properties": { "id": 51595, "nach": 0.47394506909651035 }, "geometry": { "type": "LineString", "coordinates": [ [ -2.0802718, 53.451655100000018 ], [ -2.0805274, 53.4515423 ], [ -2.0804723, 53.4514937 ], [ -2.0804908, 53.451486 ], [ -2.08069, 53.4514054 ], [ -2.0807299, 53.451392900000016 ] ] } },
{ "type": "Feature", "properties": { "id": 27092, "nach": 0.61043085889223048 }, "geometry": { "type": "LineString", "coordinates": [ [ -2.0715295, 53.452828 ], [ -2.0714462, 53.4528487 ], [ -2.0713795, 53.4529068 ] ] } },
{ "type": "Feature", "properties": { "id": 24682, "nach": 0.44595281655637214 }, "geometry": { "type": "LineString", "coordinates": [ [ -2.0861471, 53.4558482 ], [ -2.0859902, 53.455561699999983 ] ] } },
{ "type": "Feature", "properties": { "id": 43329, "nach": 0.52507560453643332 }, "geometry": { "type": "LineString", "coordinates": [ [ -2.0853619, 53.455577 ], [ -2.0858086, 53.4555767 ], [ -2.0859902, 53.455561699999983 ] ] } },
{ "type": "Feature", "properties": { "id": 49501, "nach": 0.4373787216884128 }, "geometry": { "type": "LineString", "coordinates": [ [ -2.0859313, 53.4549741 ], [ -2.0859528, 53.4550775 ], [ -2.0859629, 53.4552344 ], [ -2.0859997, 53.4553075 ], [ -2.0859903, 53.455341 ], [ -2.0859448, 53.4554434 ], [ -2.0859902, 53.455561699999983 ] ] } },
{ "type": "Feature", "properties": { "id": 43330, "nach": 0.4545481055852299 }, "geometry": { "type": "LineString", "coordinates": [ [ -2.0855159, 53.4559878 ], [ -2.0853619, 53.455577 ] ] } },
{ "type": "Feature", "properties": { "id": 49504, "nach": 0.56761176358833565 }, "geometry": { "type": "LineString", "coordinates": [ [ -2.0839678, 53.45599270000001 ], [ -2.0840662, 53.4559348 ], [ -2.0843936, 53.4556683 ], [ -2.0851499, 53.4555597 ], [ -2.0853619, 53.455577 ] ] } },
{ "type": "Feature", "properties": { "id": 26045, "nach": 0.65723778553639245 }, "geometry": { "type": "LineString", "coordinates": [ [ -2.0823696, 53.45710110000001 ], [ -2.0832838, 53.4565799 ], [ -2.0835535, 53.4563617 ], [ -2.0836066, 53.4563155 ] ] } },
{ "type": "Feature", "properties": { "id": 26897, "nach": 0.67708645121968847 }, "geometry": { "type": "LineString", "coordinates": [ [ -2.0837208, 53.456064 ], [ -2.0836746, 53.4561901 ], [ -2.0836066, 53.4563155 ] ] } },
{ "type": "Feature", "properties": { "id": 50448, "nach": 0.6771815246947902 }, "geometry": { "type": "LineString", "coordinates": [ [ -2.08363250000001, 53.455581100000011 ], [ -2.0836822, 53.4557127 ], [ -2.0837262, 53.4559301 ], [ -2.0837208, 53.456064 ] ] } },
{ "type": "Feature", "properties": { "id": 49503, "nach": 0.60100627474107471 }, "geometry": { "type": "LineString", "coordinates": [ [ -2.0839678, 53.45599270000001 ], [ -2.0838673, 53.4560457 ], [ -2.0837975, 53.4560606 ], [ -2.0837208, 53.456064 ] ] } },
{ "type": "Feature", "properties": { "id": 29473, "nach": 0.64571468624161188 }, "geometry": { "type": "LineString", "coordinates": [ [ -2.0818211, 53.4536608 ], [ -2.0808107, 53.4535814 ] ] } },
{ "type": "Feature", "properties": { "id": 29499, "nach": 0.60896499871375387 }, "geometry": { "type": "LineString", "coordinates": [ [ -2.0806014, 53.4535757 ], [ -2.0808107, 53.4535814 ] ] } },
{ "type": "Feature", "properties": { "id": 29483, "nach": 0.65143684821832037 }, "geometry": { "type": "LineString", "coordinates": [ [ -2.0805309, 53.4539675 ], [ -2.0806217, 53.4539059 ], [ -2.0807033, 53.453821699999985 ], [ -2.0808107, 53.4535814 ] ] } },
{ "type": "Feature", "properties": { "id": 35727, "nach": 0.78262011562153211 }, "geometry": { "type": "LineString", "coordinates": [ [ -2.0808107, 53.4535814 ], [ -2.080839864905507, 53.453187262526278 ] ] } },
{ "type": "Feature", "properties": { "id": 47747, "nach": 0.64247298611056525 }, "geometry": { "type": "LineString", "coordinates": [ [ -2.0813422, 53.4537747 ], [ -2.0818211, 53.4536608 ] ] } },
{ "type": "Feature", "properties": { "id": 47751, "nach": 0.7016463018149206 }, "geometry": { "type": "LineString", "coordinates": [ [ -2.0818211, 53.4536608 ], [ -2.083393432287571, 53.453726606045436 ] ] } },
{ "type": "Feature", "properties": { "id": 29501, "nach": 0.26497887120072305 }, "geometry": { "type": "LineString", "coordinates": [ [ -2.0806014, 53.4535757 ], [ -2.0805309, 53.4539675 ] ] } },
{ "type": "Feature", "properties": { "id": 29500, "nach": 0.60527084375564744 }, "geometry": { "type": "LineString", "coordinates": [ [ -2.0806014, 53.4535757 ], [ -2.0798344, 53.4535533 ] ] } },
{ "type": "Feature", "properties": { "id": 35726, "nach": 0.61052041482138175 }, "geometry": { "type": "LineString", "coordinates": [ [ -2.0809644, 53.452985100000014 ], [ -2.0809826, 53.4529739 ], [ -2.08112410000001, 53.452881600000012 ], [ -2.0811254, 53.4528534 ] ] } },
{ "type": "Feature", "properties": { "id": 45424, "nach": 0.66162839961754127 }, "geometry": { "type": "LineString", "coordinates": [ [ -2.0808498, 53.4529401 ], [ -2.0809644, 53.452985100000014 ] ] } },
{ "type": "Feature", "properties": { "id": 35727, "nach": 0.78262011562153211 }, "geometry": { "type": "LineString", "coordinates": [ [ -2.08082565562164, 53.453379289050325 ], [ -2.0809644, 53.452985100000014 ] ] } },
{ "type": "Feature", "properties": { "id": 29484, "nach": 0.69378952042761111 }, "geometry": { "type": "LineString", "coordinates": [ [ -2.0805254, 53.454041 ], [ -2.0805309, 53.4539675 ] ] } },
{ "type": "Feature", "properties": { "id": 47746, "nach": 0.63760597161775268 }, "geometry": { "type": "LineString", "coordinates": [ [ -2.0813422, 53.4537747 ], [ -2.0805309, 53.4539675 ] ] } },
{ "type": "Feature", "properties": { "id": 26640, "nach": 0.6875703330477384 }, "geometry": { "type": "LineString", "coordinates": [ [ -2.0784224, 53.4536666 ], [ -2.0783522, 53.4536216 ] ] } },
{ "type": "Feature", "properties": { "id": 58808, "nach": 0.52032713598827529 }, "geometry": { "type": "LineString", "coordinates": [ [ -2.0779522, 53.4535809 ], [ -2.0784224, 53.4536666 ] ] } },
{ "type": "Feature", "properties": { "id": 25696, "nach": 0.59557965352234543 }, "geometry": { "type": "LineString", "coordinates": [ [ -2.0749435, 53.453115 ], [ -2.0752277, 53.4531195 ] ] } },
{ "type": "Feature", "properties": { "id": 58810, "nach": 0.50127471355170827 }, "geometry": { "type": "LineString", "coordinates": [ [ -2.0779522, 53.4535809 ], [ -2.0771565, 53.4534358 ], [ -2.0764484, 53.4532792 ], [ -2.0758368, 53.453157800000014 ], [ -2.0752277, 53.4531195 ] ] } },
{ "type": "Feature", "properties": { "id": 25700, "nach": 0.69330407344406253 }, "geometry": { "type": "LineString", "coordinates": [ [ -2.075627170787467, 53.453043034314653 ], [ -2.0752277, 53.4531195 ] ] } },
{ "type": "Feature", "properties": { "id": 44594, "nach": 0.47391639981584271 }, "geometry": { "type": "LineString", "coordinates": [ [ -2.0760637, 53.4540849 ], [ -2.0756994, 53.4539845 ], [ -2.0754632, 53.45389260000001 ], [ -2.0753167, 53.4538174 ], [ -2.0751324, 53.4535792 ], [ -2.0749527, 53.4531966 ], [ -2.0749435, 53.453115 ] ] } },
{ "type": "Feature", "properties": { "id": 42442, "nach": 0.5791201650141522 }, "geometry": { "type": "LineString", "coordinates": [ [ -2.0728171, 53.453552 ], [ -2.0729103, 53.453500500000011 ], [ -2.0732092, 53.453396200000014 ], [ -2.0735243, 53.453316 ], [ -2.0740479, 53.4532351 ], [ -2.0745795, 53.4531223 ], [ -2.0747615, 53.4531077 ], [ -2.0749435, 53.453115 ] ] } },
{ "type": "Feature", "properties": { "id": 58809, "nach": 0.47469214649121105 }, "geometry": { "type": "LineString", "coordinates": [ [ -2.0779522, 53.4535809 ], [ -2.0779865, 53.4535281 ] ] } },
{ "type": "Feature", "properties": { "id": 25454, "nach": 0.57872149338605161 }, "geometry": { "type": "LineString", "coordinates": [ [ -2.0783522, 53.4536216 ], [ -2.0779865, 53.4535281 ] ] } },
{ "type": "Feature", "properties": { "id": 58807, "nach": 0.5830820170971075 }, "geometry": { "type": "LineString", "coordinates": [ [ -2.0779865, 53.4535281 ], [ -2.078004, 53.453503799999986 ] ] } },
{ "type": "Feature", "properties": { "id": 45106, "nach": 0.62827070032973642 }, "geometry": { "type": "LineString", "coordinates": [ [ -2.0724222, 53.4539638 ], [ -2.0724511, 53.453941 ], [ -2.0725284, 53.453849 ], [ -2.0725632, 53.4537981 ], [ -2.0726969, 53.4536174 ], [ -2.0728171, 53.453552 ] ] } },
{ "type": "Feature", "properties": { "id": 42440, "nach": 0.69991339613383496 }, "geometry": { "type": "LineString", "coordinates": [ [ -2.072555966559059, 53.453125734691618 ], [ -2.0728171, 53.453552 ] ] } },
{ "type": "Feature", "properties": { "id": 25767, "nach": 0.56784641059612417 }, "geometry": { "type": "LineString", "coordinates": [ [ -2.0716448, 53.4450128 ], [ -2.067686617512265, 53.446523198397074 ] ] } },
{ "type": "Feature", "properties": { "id": 51571, "nach": 0.50582423769039631 }, "geometry": { "type": "LineString", "coordinates": [ [ -2.0801725, 53.4424155 ], [ -2.0810724, 53.4420974 ] ] } },
{ "type": "Feature", "properties": { "id": 25767, "nach": 0.56784641059612417 }, "geometry": { "type": "LineString", "coordinates": [ [ -2.07025921500294, 53.445461532166476 ], [ -2.0662995, 53.44722740000001 ] ] } },
{ "type": "Feature", "properties": { "id": 32056, "nach": 0.30935921972633762 }, "geometry": { "type": "LineString", "coordinates": [ [ -2.08722, 53.4438662 ], [ -2.0871628, 53.443834 ], [ -2.0871394, 53.443838800000016 ] ] } },
{ "type": "Feature", "properties": { "id": 32062, "nach": 0.44220815134520719 }, "geometry": { "type": "LineString", "coordinates": [ [ -2.0870743, 53.4440485 ], [ -2.0871722, 53.4439586 ], [ -2.08722, 53.4438662 ] ] } },
{ "type": "Feature", "properties": { "id": 32064, "nach": 0.44340407561890061 }, "geometry": { "type": "LineString", "coordinates": [ [ -2.087596, 53.4435748 ], [ -2.0874029, 53.44377 ], [ -2.08722, 53.4438662 ] ] } },
{ "type": "Feature", "properties": { "id": 43725, "nach": 0.4680442450708876 }, "geometry": { "type": "LineString", "coordinates": [ [ -2.0734076, 53.452242 ], [ -2.0733248, 53.452066900000013 ] ] } },
{ "type": "Feature", "properties": { "id": 43733, "nach": 0.50475849898196767 }, "geometry": { "type": "LineString", "coordinates": [ [ -2.0735474, 53.452023 ], [ -2.0736252, 53.452196200000017 ], [ -2.0734076, 53.452242 ] ] } },
{ "type": "Feature", "properties": { "id": 27090, "nach": 0.44352104028206207 }, "geometry": { "type": "LineString", "coordinates": [ [ -2.0715295, 53.452828 ], [ -2.071702, 53.4531642 ] ] } },
{ "type": "Feature", "properties": { "id": 35723, "nach": 0.61331515717837948 }, "geometry": { "type": "LineString", "coordinates": [ [ -2.07915750000001, 53.4524787 ], [ -2.0790806, 53.4524741 ] ] } },
{ "type": "Feature", "properties": { "id": 26049, "nach": 0.63356239125835689 }, "geometry": { "type": "LineString", "coordinates": [ [ -2.0816336, 53.456659 ], [ -2.0815392, 53.4563554 ] ] } },
{ "type": "Feature", "properties": { "id": 26038, "nach": 0.61233883615591078 }, "geometry": { "type": "LineString", "coordinates": [ [ -2.0811023, 53.45637270000001 ], [ -2.0815392, 53.4563554 ] ] } },
{ "type": "Feature", "properties": { "id": 26035, "nach": 0.51363788178807857 }, "geometry": { "type": "LineString", "coordinates": [ [ -2.0827529, 53.4563252 ], [ -2.0823364, 53.4563524 ], [ -2.0820437, 53.456308 ], [ -2.0815392, 53.4563554 ] ] } },
{ "type": "Feature", "properties": { "id": 26046, "nach": 0.52005318453717242 }, "geometry": { "type": "LineString", "coordinates": [ [ -2.0806724, 53.4564099 ], [ -2.0811023, 53.45637270000001 ] ] } },
{ "type": "Feature", "properties": { "id": 43290, "nach": 0.58003700966472083 }, "geometry": { "type": "LineString", "coordinates": [ [ -2.0810259, 53.4559418 ], [ -2.0811023, 53.45637270000001 ] ] } },
{ "type": "Feature", "properties": { "id": 46588, "nach": 0.43480653397536112 }, "geometry": { "type": "LineString", "coordinates": [ [ -2.0827342, 53.4562154 ], [ -2.0827529, 53.4563252 ] ] } },
{ "type": "Feature", "properties": { "id": 46596, "nach": 0.43117193002611498 }, "geometry": { "type": "LineString", "coordinates": [ [ -2.0825649, 53.4565705 ], [ -2.0826976, 53.456508 ], [ -2.0827686, 53.4564429 ], [ -2.0827529, 53.4563252 ] ] } },
{ "type": "Feature", "properties": { "id": 44362, "nach": 0.43944427281964382 }, "geometry": { "type": "LineString", "coordinates": [ [ -2.0806205, 53.4562166 ], [ -2.0806724, 53.4564099 ] ] } },
{ "type": "Feature", "properties": { "id": 44361, "nach": 0.44150540786215353 }, "geometry": { "type": "LineString", "coordinates": [ [ -2.0806854, 53.4565117 ], [ -2.0806724, 53.4564099 ] ] } },
{ "type": "Feature", "properties": { "id": 43291, "nach": 0.53387025738201133 }, "geometry": { "type": "LineString", "coordinates": [ [ -2.0810259, 53.4559418 ], [ -2.0809446, 53.455483 ] ] } },
{ "type": "Feature", "properties": { "id": 43292, "nach": 0.50594614670208271 }, "geometry": { "type": "LineString", "coordinates": [ [ -2.080513, 53.4559827 ], [ -2.0810259, 53.4559418 ] ] } },
{ "type": "Feature", "properties": { "id": 46694, "nach": 0.42093892426754159 }, "geometry": { "type": "LineString", "coordinates": [ [ -2.0813885, 53.455444 ], [ -2.0809446, 53.455483 ] ] } },
{ "type": "Feature", "properties": { "id": 43297, "nach": 0.4951626094589221 }, "geometry": { "type": "LineString", "coordinates": [ [ -2.0803961, 53.4554562 ], [ -2.0805205, 53.455506799999988 ], [ -2.0809446, 53.455483 ] ] } },
{ "type": "Feature", "properties": { "id": 43298, "nach": 0.41600971965144629 }, "geometry": { "type": "LineString", "coordinates": [ [ -2.0803513, 53.455262 ], [ -2.0803961, 53.4554562 ] ] } },
{ "type": "Feature", "properties": { "id": 43299, "nach": 0.41600971965144629 }, "geometry": { "type": "LineString", "coordinates": [ [ -2.08010520000001, 53.4554775 ], [ -2.0803961, 53.4554562 ] ] } },
{ "type": "Feature", "properties": { "id": 26341, "nach": 0.62259364787908844 }, "geometry": { "type": "LineString", "coordinates": [ [ -2.0808811, 53.4528567 ], [ -2.080786, 53.452807 ] ] } },
{ "type": "Feature", "properties": { "id": 26342, "nach": 0.63458789412326355 }, "geometry": { "type": "LineString", "coordinates": [ [ -2.0808811, 53.4528567 ], [ -2.0809195, 53.4528345 ], [ -2.0809803, 53.4527994 ] ] } },
{ "type": "Feature", "properties": { "id": 27030, "nach": 0.59505215553571167 }, "geometry": { "type": "LineString", "coordinates": [ [ -2.0811254, 53.4528534 ], [ -2.0810267, 53.4528904 ], [ -2.0809493, 53.4528866 ], [ -2.0809306, 53.452882700000018 ], [ -2.0808811, 53.4528567 ] ] } },
{ "type": "Feature", "properties": { "id": 45425, "nach": 0.65309588357569137 }, "geometry": { "type": "LineString", "coordinates": [ [ -2.0808498, 53.4529401 ], [ -2.0808754, 53.452917 ], [ -2.0808811, 53.4528567 ] ] } },
{ "type": "Feature", "properties": { "id": 45426, "nach": 0.55669321599662269 }, "geometry": { "type": "LineString", "coordinates": [ [ -2.080786, 53.452807 ], [ -2.0806803, 53.4528794 ] ] } },
{ "type": "Feature", "properties": { "id": 45427, "nach": 0.58976985569251217 }, "geometry": { "type": "LineString", "coordinates": [ [ -2.080786, 53.452807 ], [ -2.0808684, 53.4527511 ] ] } },
{ "type": "Feature", "properties": { "id": 45428, "nach": 0.58946071425267521 }, "geometry": { "type": "LineString", "coordinates": [ [ -2.080786, 53.452807 ], [ -2.0807226, 53.4527898 ], [ -2.079567, 53.4527461 ], [ -2.0793907, 53.4527394 ], [ -2.079222, 53.4527405 ] ] } },
{ "type": "Feature", "properties": { "id": 35716, "nach": 0.46999538848453359 }, "geometry": { "type": "LineString", "coordinates": [ [ -2.0808684, 53.4527511 ], [ -2.0809803, 53.4527994 ] ] } },
{ "type": "Feature", "properties": { "id": 35700, "nach": 0.5069729458836123 }, "geometry": { "type": "LineString", "coordinates": [ [ -2.0810579, 53.4528287 ], [ -2.0809803, 53.4527994 ] ] } },
{ "type": "Feature", "properties": { "id": 27027, "nach": 0.64104011534042005 }, "geometry": { "type": "LineString", "coordinates": [ [ -2.0809803, 53.4527994 ], [ -2.08109360000001, 53.4527469 ] ] } },
{ "type": "Feature", "properties": { "id": 45422, "nach": 0.55703790052350843 }, "geometry": { "type": "LineString", "coordinates": [ [ -2.0790824, 53.4528605 ], [ -2.0791618, 53.4528309 ], [ -2.0792541, 53.4528339 ] ] } },
{ "type": "Feature", "properties": { "id": 45421, "nach": 0.0 }, "geometry": { "type": "LineString", "coordinates": [ [ -2.0790824, 53.4528605 ], [ -2.0791179, 53.4528809 ], [ -2.0792446, 53.4529285 ], [ -2.0799554, 53.4529535 ], [ -2.0807553, 53.4529632 ], [ -2.0808498, 53.4529401 ] ] } },
{ "type": "Feature", "properties": { "id": 35733, "nach": 0.53225494766097459 }, "geometry": { "type": "LineString", "coordinates": [ [ -2.0795263, 53.4524946 ], [ -2.0806407, 53.4525335 ] ] } },
{ "type": "Feature", "properties": { "id": 35745, "nach": 0.52264422969928204 }, "geometry": { "type": "LineString", "coordinates": [ [ -2.0804227, 53.452385599999985 ], [ -2.0806407, 53.4525335 ] ] } },
{ "type": "Feature", "properties": { "id": 26347, "nach": 0.58364051629515834 }, "geometry": { "type": "LineString", "coordinates": [ [ -2.0806407, 53.4525335 ], [ -2.0809264, 53.452711 ] ] } },
{ "type": "Feature", "properties": { "id": 35734, "nach": 0.60459955500017926 }, "geometry": { "type": "LineString", "coordinates": [ [ -2.0795263, 53.4524946 ], [ -2.07928230000001, 53.4524861 ] ] } },
{ "type": "Feature", "properties": { "id": 35743, "nach": 0.56080788300864137 }, "geometry": { "type": "LineString", "coordinates": [ [ -2.0795405, 53.4523484 ], [ -2.0795263, 53.4524946 ] ] } },
{ "type": "Feature", "properties": { "id": 35746, "nach": 0.43087610814172905 }, "geometry": { "type": "LineString", "coordinates": [ [ -2.0804227, 53.452385599999985 ], [ -2.0802084, 53.4522403 ] ] } },
{ "type": "Feature", "properties": { "id": 35747, "nach": 0.50761037256169661 }, "geometry": { "type": "LineString", "coordinates": [ [ -2.0804227, 53.452385599999985 ], [ -2.0795405, 53.4523484 ] ] } },
{ "type": "Feature", "properties": { "id": 35718, "nach": 0.57895386283177408 }, "geometry": { "type": "LineString", "coordinates": [ [ -2.0808684, 53.4527511 ], [ -2.0809264, 53.452711 ] ] } },
{ "type": "Feature", "properties": { "id": 35712, "nach": 0.60488356325292658 }, "geometry": { "type": "LineString", "coordinates": [ [ -2.0809264, 53.452711 ], [ -2.08109360000001, 53.4527469 ] ] } },
{ "type": "Feature", "properties": { "id": 35732, "nach": 0.62308129933233403 }, "geometry": { "type": "LineString", "coordinates": [ [ -2.0792527, 53.4524843 ], [ -2.07915750000001, 53.4524787 ] ] } },
{ "type": "Feature", "properties": { "id": 45431, "nach": 0.57646354369707065 }, "geometry": { "type": "LineString", "coordinates": [ [ -2.079222, 53.4527405 ], [ -2.0791736, 53.4526534 ], [ -2.07915750000001, 53.4524787 ] ] } },
{ "type": "Feature", "properties": { "id": 26350, "nach": 0.6752039532230657 }, "geometry": { "type": "LineString", "coordinates": [ [ -2.08109360000001, 53.4527469 ], [ -2.0814258, 53.452607 ] ] } },
{ "type": "Feature", "properties": { "id": 49884, "nach": 0.53234597784391757 }, "geometry": { "type": "LineString", "coordinates": [ [ -2.0814258, 53.452607 ], [ -2.0815071, 53.4526518 ] ] } },
{ "type": "Feature", "properties": { "id": 43717, "nach": 0.49742182885364411 }, "geometry": { "type": "LineString", "coordinates": [ [ -2.0736321, 53.4520078 ], [ -2.0737381, 53.4522026 ] ] } },
{ "type": "Feature", "properties": { "id": 43734, "nach": 0.5851833112070548 }, "geometry": { "type": "LineString", "coordinates": [ [ -2.0735474, 53.452023 ], [ -2.0735994, 53.4520137 ], [ -2.0736321, 53.4520078 ] ] } },
{ "type": "Feature", "properties": { "id": 51573, "nach": 0.61467420804892958 }, "geometry": { "type": "LineString", "coordinates": [ [ -2.08019146906318, 53.442591424299337 ], [ -2.0801725, 53.4424155 ] ] } },
{ "type": "Feature", "properties": { "id": 45105, "nach": 0.62128504136521923 }, "geometry": { "type": "LineString", "coordinates": [ [ -2.0724222, 53.4539638 ], [ -2.0722051, 53.4541353 ], [ -2.0718264, 53.4543232 ] ] } },
{ "type": "Feature", "properties": { "id": 42448, "nach": 0.6002627943263813 }, "geometry": { "type": "LineString", "coordinates": [ [ -2.0721126, 53.4548579 ], [ -2.0718948, 53.4545994 ], [ -2.0720566, 53.454492200000011 ], [ -2.0718264, 53.4543232 ] ] } },
{ "type": "Feature", "properties": { "id": 32060, "nach": 0.43045729020618928 }, "geometry": { "type": "LineString", "coordinates": [ [ -2.0870743, 53.4440485 ], [ -2.0871394, 53.443838800000016 ] ] } },
{ "type": "Feature", "properties": { "id": 32067, "nach": 0.45217798040328594 }, "geometry": { "type": "LineString", "coordinates": [ [ -2.0872109, 53.4435619 ], [ -2.0871661, 53.4437145 ], [ -2.0871394, 53.443838800000016 ] ] } },
{ "type": "Feature", "properties": { "id": 32066, "nach": 0.30275458769237834 }, "geometry": { "type": "LineString", "coordinates": [ [ -2.0872109, 53.4435619 ], [ -2.0872524, 53.4435446 ], [ -2.087271, 53.4434991 ] ] } },
{ "type": "Feature", "properties": { "id": 32068, "nach": 0.50145067068967308 }, "geometry": { "type": "LineString", "coordinates": [ [ -2.087231173675666, 53.443492739020172 ], [ -2.0872109, 53.4435619 ] ] } },
{ "type": "Feature", "properties": { "id": 29502, "nach": 0.59982520234562453 }, "geometry": { "type": "LineString", "coordinates": [ [ -2.0789778, 53.453516 ], [ -2.0798344, 53.4535533 ] ] } },
{ "type": "Feature", "properties": { "id": 29504, "nach": 0.51385524872533117 }, "geometry": { "type": "LineString", "coordinates": [ [ -2.0789778, 53.453516 ], [ -2.0789806, 53.4535657 ], [ -2.0789572, 53.4537995 ] ] } },
{ "type": "Feature", "properties": { "id": 50450, "nach": 0.46145187653923941 }, "geometry": { "type": "LineString", "coordinates": [ [ -2.0818966, 53.4552765 ], [ -2.0820063, 53.4557085 ], [ -2.08363250000001, 53.455581100000011 ] ] } },
{ "type": "Feature", "properties": { "id": 49505, "nach": 0.47653183183869946 }, "geometry": { "type": "LineString", "coordinates": [ [ -2.0839678, 53.45599270000001 ], [ -2.0841235, 53.456044099999986 ], [ -2.0842492, 53.4560747 ], [ -2.084406, 53.4560958 ], [ -2.084562, 53.4561144 ] ] } },
{ "type": "Feature", "properties": { "id": 35701, "nach": 0.51066631304418619 }, "geometry": { "type": "LineString", "coordinates": [ [ -2.0810579, 53.4528287 ], [ -2.0811254, 53.4528534 ] ] } },
{ "type": "Feature", "properties": { "id": 35704, "nach": 0.43089680566414884 }, "geometry": { "type": "LineString", "coordinates": [ [ -2.0815071, 53.4526518 ], [ -2.0810579, 53.4528287 ] ] } },
{ "type": "Feature", "properties": { "id": 46815, "nach": 0.43264385980525344 }, "geometry": { "type": "LineString", "coordinates": [ [ -2.0883734, 53.454059400000013 ], [ -2.0883842, 53.4540678 ], [ -2.0886726, 53.4542916 ] ] } },
{ "type": "Feature", "properties": { "id": 46817, "nach": 0.42074425240126151 }, "geometry": { "type": "LineString", "coordinates": [ [ -2.0890467, 53.4541279 ], [ -2.089083, 53.454086099999977 ], [ -2.089103, 53.4540402 ], [ -2.0890104, 53.4539631 ], [ -2.0888118, 53.4539445 ], [ -2.0885502, 53.4539574 ], [ -2.0884751, 53.4539974 ], [ -2.0883734, 53.454059400000013 ] ] } },
{ "type": "Feature", "properties": { "id": 57710, "nach": 0.4711087391429496 }, "geometry": { "type": "LineString", "coordinates": [ [ -2.0848056, 53.4514003 ], [ -2.0849503, 53.4514075 ], [ -2.08512010000001, 53.4513942 ], [ -2.0851708, 53.4513903 ], [ -2.0851912, 53.45138870000001 ], [ -2.0851744, 53.4513084 ], [ -2.0851236, 53.4513125 ] ] } },
{ "type": "Feature", "properties": { "id": 57711, "nach": 0.46800566914001529 }, "geometry": { "type": "LineString", "coordinates": [ [ -2.0848664, 53.450828 ], [ -2.084772, 53.4508345 ], [ -2.08479490000001, 53.4510111 ], [ -2.0848056, 53.4513508 ], [ -2.0848056, 53.4514003 ] ] } },
{ "type": "Feature", "properties": { "id": 42588, "nach": 0.50939996965992196 }, "geometry": { "type": "LineString", "coordinates": [ [ -2.0828881, 53.4440598 ], [ -2.0827125, 53.4442643 ], [ -2.0824926, 53.4443793 ], [ -2.0824363, 53.4446877 ], [ -2.082146, 53.444858 ] ] } },
{ "type": "Feature", "properties": { "id": 28651, "nach": 0.40137267738403376 }, "geometry": { "type": "LineString", "coordinates": [ [ -2.0857076, 53.4471259 ], [ -2.0851061, 53.4471053 ] ] } },
{ "type": "Feature", "properties": { "id": 28658, "nach": 0.55079974561033929 }, "geometry": { "type": "LineString", "coordinates": [ [ -2.085638, 53.4475055 ], [ -2.0857076, 53.4471259 ] ] } },
{ "type": "Feature", "properties": { "id": 56885, "nach": 0.53990665017527317 }, "geometry": { "type": "LineString", "coordinates": [ [ -2.0857219, 53.4470481 ], [ -2.0857076, 53.4471259 ] ] } },
{ "type": "Feature", "properties": { "id": 42804, "nach": 0.39920673341403934 }, "geometry": { "type": "LineString", "coordinates": [ [ -2.0863435, 53.4471658 ], [ -2.0857076, 53.4471259 ] ] } },
{ "type": "Feature", "properties": { "id": 28659, "nach": 0.40880932210844523 }, "geometry": { "type": "LineString", "coordinates": [ [ -2.085638, 53.4475055 ], [ -2.0851061, 53.4474806 ] ] } },
{ "type": "Feature", "properties": { "id": 56886, "nach": 0.53081682103028893 }, "geometry": { "type": "LineString", "coordinates": [ [ -2.0857219, 53.4470481 ], [ -2.0857312, 53.4469971 ] ] } },
{ "type": "Feature", "properties": { "id": 29466, "nach": 0.45565171758631406 }, "geometry": { "type": "LineString", "coordinates": [ [ -2.0841434, 53.4496694 ], [ -2.0841649, 53.449792399999986 ], [ -2.0842239, 53.4498371 ], [ -2.0843236, 53.4498482 ], [ -2.0846128, 53.4498355 ] ] } },
{ "type": "Feature", "properties": { "id": 29464, "nach": 0.53852447321811503 }, "geometry": { "type": "LineString", "coordinates": [ [ -2.0841434, 53.4496694 ], [ -2.0838109, 53.4497253 ] ] } },
{ "type": "Feature", "properties": { "id": 29467, "nach": 0.45871386606242326 }, "geometry": { "type": "LineString", "coordinates": [ [ -2.0841247, 53.4493802 ], [ -2.0841434, 53.4496694 ] ] } },
{ "type": "Feature", "properties": { "id": 29461, "nach": 0.57960110939971077 }, "geometry": { "type": "LineString", "coordinates": [ [ -2.0838109, 53.4497253 ], [ -2.0833133, 53.4497478 ] ] } },
{ "type": "Feature", "properties": { "id": 29468, "nach": 0.4629990977515 }, "geometry": { "type": "LineString", "coordinates": [ [ -2.0837733, 53.4494298 ], [ -2.0838109, 53.4497253 ] ] } },
{ "type": "Feature", "properties": { "id": 58890, "nach": 0.33283496988852207 }, "geometry": { "type": "LineString", "coordinates": [ [ -2.0838372, 53.450033 ], [ -2.08385280000001, 53.4499475 ], [ -2.0838109, 53.4497253 ] ] } },
{ "type": "Feature", "properties": { "id": 58892, "nach": 0.46809129286236018 }, "geometry": { "type": "LineString", "coordinates": [ [ -2.0837092, 53.450076 ], [ -2.0838585, 53.4501207 ], [ -2.0838372, 53.450033 ] ] } },
{ "type": "Feature", "properties": { "id": 47749, "nach": 0.50236230324421993 }, "geometry": { "type": "LineString", "coordinates": [ [ -2.0812709, 53.4536647 ], [ -2.0813422, 53.4537747 ] ] } },
{ "type": "Feature", "properties": { "id": 47755, "nach": 0.5926956402515281 }, "geometry": { "type": "LineString", "coordinates": [ [ -2.0839617, 53.4538837 ], [ -2.0839647, 53.4538287 ], [ -2.0836272, 53.4537581 ] ] } },
{ "type": "Feature", "properties": { "id": 47751, "nach": 0.7016463018149206 }, "geometry": { "type": "LineString", "coordinates": [ [ -2.083393432287571, 53.453726606045436 ], [ -2.0836272, 53.4537581 ] ] } },
{ "type": "Feature", "properties": { "id": 46870, "nach": 0.68677651785626026 }, "geometry": { "type": "LineString", "coordinates": [ [ -2.08034670000001, 53.4539838 ], [ -2.0803776, 53.4539851 ], [ -2.0805254, 53.454041 ] ] } },
{ "type": "Feature", "properties": { "id": 46868, "nach": 0.68492953404388146 }, "geometry": { "type": "LineString", "coordinates": [ [ -2.08034670000001, 53.4539838 ], [ -2.0800973, 53.4539733 ] ] } },
{ "type": "Feature", "properties": { "id": 46871, "nach": 0.50429354323856801 }, "geometry": { "type": "LineString", "coordinates": [ [ -2.0803508, 53.4539201 ], [ -2.08034670000001, 53.4539838 ] ] } },
{ "type": "Feature", "properties": { "id": 61442, "nach": 0.65155380454367573 }, "geometry": { "type": "LineString", "coordinates": [ [ -2.0827102, 53.4541055 ], [ -2.08256, 53.4540928 ], [ -2.0824388, 53.4540921 ] ] } },
{ "type": "Feature", "properties": { "id": 46854, "nach": 0.69061836577285152 }, "geometry": { "type": "LineString", "coordinates": [ [ -2.0797221, 53.4539574 ], [ -2.0797715, 53.4539595 ] ] } },
{ "type": "Feature", "properties": { "id": 46872, "nach": 0.68704482810683043 }, "geometry": { "type": "LineString", "coordinates": [ [ -2.0800483, 53.4539712 ], [ -2.0797715, 53.4539595 ] ] } },
{ "type": "Feature", "properties": { "id": 29495, "nach": 0.44282641776733994 }, "geometry": { "type": "LineString", "coordinates": [ [ -2.0798344, 53.4535533 ], [ -2.0797715, 53.4539595 ] ] } },
{ "type": "Feature", "properties": { "id": 46856, "nach": 0.60650140586000567 }, "geometry": { "type": "LineString", "coordinates": [ [ -2.0797221, 53.4539574 ], [ -2.0792457, 53.4539372 ], [ -2.0790106, 53.4538396 ], [ -2.0789572, 53.4537995 ] ] } },
{ "type": "Feature", "properties": { "id": 46873, "nach": 0.68580958045608287 }, "geometry": { "type": "LineString", "coordinates": [ [ -2.0800483, 53.4539712 ], [ -2.0800973, 53.4539733 ] ] } },
{ "type": "Feature", "properties": { "id": 46875, "nach": 0.50205659829986404 }, "geometry": { "type": "LineString", "coordinates": [ [ -2.0800499, 53.4539096 ], [ -2.0800483, 53.4539712 ] ] } },
{ "type": "Feature", "properties": { "id": 41779, "nach": 0.46611221126917662 }, "geometry": { "type": "LineString", "coordinates": [ [ -2.0844462, 53.4551005 ], [ -2.0845288, 53.4550741 ], [ -2.0846561, 53.4550819 ], [ -2.0846848, 53.4551064 ], [ -2.0847119, 53.4551387 ], [ -2.0847492, 53.4551549 ], [ -2.0848, 53.4551529 ], [ -2.085278, 53.455033800000017 ] ] } },
{ "type": "Feature", "properties": { "id": 41781, "nach": 0.47587823562969084 }, "geometry": { "type": "LineString", "coordinates": [ [ -2.0845609, 53.4552322 ], [ -2.0844462, 53.4551005 ] ] } },
{ "type": "Feature", "properties": { "id": 45394, "nach": 0.59396835341146792 }, "geometry": { "type": "LineString", "coordinates": [ [ -2.07782180000001, 53.4575513 ], [ -2.0784917, 53.4564745 ] ] } },
{ "type": "Feature", "properties": { "id": 31263, "nach": 0.38014109781772154 }, "geometry": { "type": "LineString", "coordinates": [ [ -2.0768069, 53.4563544 ], [ -2.0765645, 53.4564913 ], [ -2.0758243, 53.456638200000015 ], [ -2.0751832, 53.4567676 ], [ -2.0748157, 53.457079 ], [ -2.0743973, 53.457181200000015 ], [ -2.0742364, 53.4572643 ], [ -2.074265, 53.4572806 ], [ -2.0743165, 53.4573098 ], [ -2.07439, 53.4573516 ] ] } },
{ "type": "Feature", "properties": { "id": 45391, "nach": 0.56296587459442571 }, "geometry": { "type": "LineString", "coordinates": [ [ -2.0774972, 53.4567565 ], [ -2.076983, 53.4570279 ] ] } },
{ "type": "Feature", "properties": { "id": 45392, "nach": 0.58771854495910791 }, "geometry": { "type": "LineString", "coordinates": [ [ -2.0774972, 53.4567565 ], [ -2.0777488, 53.456639 ], [ -2.07831070000001, 53.4563835 ] ] } },
{ "type": "Feature", "properties": { "id": 45393, "nach": 0.46547277979052731 }, "geometry": { "type": "LineString", "coordinates": [ [ -2.0774972, 53.4567565 ], [ -2.0775052, 53.4568601 ], [ -2.0774849, 53.4569569 ] ] } },
{ "type": "Feature", "properties": { "id": 31259, "nach": 0.43181992248789647 }, "geometry": { "type": "LineString", "coordinates": [ [ -2.0782025, 53.4556924 ], [ -2.0783026, 53.4560633 ], [ -2.0781631, 53.456216600000012 ], [ -2.0780129, 53.4563635 ], [ -2.0772619, 53.4566063 ], [ -2.0770473, 53.456766 ] ] } },
{ "type": "Feature", "properties": { "id": 31264, "nach": 0.38103887459925695 }, "geometry": { "type": "LineString", "coordinates": [ [ -2.0768069, 53.4563544 ], [ -2.076946, 53.4564381 ], [ -2.077026, 53.4564863 ], [ -2.0770661, 53.4565105 ], [ -2.0770473, 53.456766 ] ] } },
{ "type": "Feature", "properties": { "id": 31243, "nach": 0.62174812984208794 }, "geometry": { "type": "LineString", "coordinates": [ [ -2.0784917, 53.4564745 ], [ -2.0786483, 53.4564371 ] ] } },
{ "type": "Feature", "properties": { "id": 31258, "nach": 0.63337925108593485 }, "geometry": { "type": "LineString", "coordinates": [ [ -2.0785321, 53.4562345 ], [ -2.0786851, 53.4563285 ], [ -2.0786483, 53.4564371 ] ] } },
{ "type": "Feature", "properties": { "id": 31246, "nach": 0.51864548063831473 }, "geometry": { "type": "LineString", "coordinates": [ [ -2.07831070000001, 53.4563835 ], [ -2.0784917, 53.4564745 ] ] } },
{ "type": "Feature", "properties": { "id": 31257, "nach": 0.57522488991686738 }, "geometry": { "type": "LineString", "coordinates": [ [ -2.0785321, 53.4562345 ], [ -2.0783262, 53.4563006 ], [ -2.07831070000001, 53.4563835 ] ] } },
{ "type": "Feature", "properties": { "id": 31262, "nach": 0.46410987393872732 }, "geometry": { "type": "LineString", "coordinates": [ [ -2.0768069, 53.4563544 ], [ -2.076983, 53.4562549 ], [ -2.0773048, 53.4561655 ], [ -2.0778735, 53.455878 ], [ -2.0781068, 53.4557414 ], [ -2.0782025, 53.4556924 ] ] } },
{ "type": "Feature", "properties": { "id": 32063, "nach": 0.30872600340820944 }, "geometry": { "type": "LineString", "coordinates": [ [ -2.087596, 53.4435748 ], [ -2.087271, 53.4434991 ] ] } },
{ "type": "Feature", "properties": { "id": 42589, "nach": 0.49028969604264522 }, "geometry": { "type": "LineString", "coordinates": [ [ -2.087271, 53.4434991 ], [ -2.087231173675666, 53.443492739020172 ] ] } },
{ "type": "Feature", "properties": { "id": 42589, "nach": 0.49028969604264522 }, "geometry": { "type": "LineString", "coordinates": [ [ -2.087231173675666, 53.443492739020172 ], [ -2.0828881, 53.4440598 ] ] } },
{ "type": "Feature", "properties": { "id": 46729, "nach": 0.55293622866035774 }, "geometry": { "type": "LineString", "coordinates": [ [ -2.0840965, 53.4565081 ], [ -2.0847212, 53.4563646 ], [ -2.0850216, 53.4563263 ], [ -2.0851181, 53.4562784 ], [ -2.0858048, 53.4561858 ], [ -2.0865777, 53.4559343 ], [ -2.0867917, 53.455869 ], [ -2.0871352, 53.4557545 ] ] } },
{ "type": "Feature", "properties": { "id": 36229, "nach": 0.61394618124151801 }, "geometry": { "type": "LineString", "coordinates": [ [ -2.088387141755072, 53.455158969210409 ], [ -2.0887205, 53.455301 ] ] } },
{ "type": "Feature", "properties": { "id": 46731, "nach": 0.46423830163371566 }, "geometry": { "type": "LineString", "coordinates": [ [ -2.0843552, 53.457558800000015 ], [ -2.0842805, 53.4569176 ], [ -2.0842577, 53.4567 ], [ -2.0842409, 53.4566592 ], [ -2.0842227, 53.456630199999985 ], [ -2.0841953, 53.456602 ], [ -2.0840965, 53.4565081 ] ] } },
{ "type": "Feature", "properties": { "id": 35851, "nach": 0.64437852485782443 }, "geometry": { "type": "LineString", "coordinates": [ [ -2.0713315, 53.4463677 ], [ -2.0713179, 53.446377 ] ] } },
{ "type": "Feature", "properties": { "id": 35018, "nach": 0.6061438300102896 }, "geometry": { "type": "LineString", "coordinates": [ [ -2.0712891, 53.4462432 ], [ -2.071687, 53.4463124 ], [ -2.0717328, 53.4463207 ], [ -2.0718073, 53.44633420000001 ] ] } },
{ "type": "Feature", "properties": { "id": 35019, "nach": 0.44080859424020491 }, "geometry": { "type": "LineString", "coordinates": [ [ -2.0712891, 53.4462432 ], [ -2.0713204, 53.446258 ], [ -2.0713436, 53.4462773 ], [ -2.071357, 53.446299800000013 ], [ -2.0713593, 53.4463235 ], [ -2.0713506, 53.4463468 ], [ -2.0713315, 53.4463677 ] ] } },
{ "type": "Feature", "properties": { "id": 35040, "nach": 0.64120609397101858 }, "geometry": { "type": "LineString", "coordinates": [ [ -2.0718073, 53.44633420000001 ], [ -2.0715962, 53.4463405 ], [ -2.0714487, 53.4463501 ], [ -2.0713315, 53.4463677 ] ] } },
{ "type": "Feature", "properties": { "id": 35069, "nach": 0.55177763841752669 }, "geometry": { "type": "LineString", "coordinates": [ [ -2.0774702, 53.4492605 ], [ -2.0773871, 53.4492446 ] ] } },
{ "type": "Feature", "properties": { "id": 52084, "nach": 0.44490212780753152 }, "geometry": { "type": "LineString", "coordinates": [ [ -2.0681318, 53.4493709 ], [ -2.0681871, 53.4492385 ] ] } },
{ "type": "Feature", "properties": { "id": 35631, "nach": 0.47512303810163892 }, "geometry": { "type": "LineString", "coordinates": [ [ -2.0853316, 53.4521513 ], [ -2.0853766, 53.4521097 ], [ -2.0853167, 53.4518801 ], [ -2.0852753, 53.4518703 ] ] } },
{ "type": "Feature", "properties": { "id": 35719, "nach": 0.56916388471825985 }, "geometry": { "type": "LineString", "coordinates": [ [ -2.0792541, 53.4528339 ], [ -2.0806803, 53.4528794 ] ] } },
{ "type": "Feature", "properties": { "id": 45423, "nach": 0.49466638615079483 }, "geometry": { "type": "LineString", "coordinates": [ [ -2.0808498, 53.4529401 ], [ -2.0806803, 53.4528794 ] ] } },
{ "type": "Feature", "properties": { "id": 45429, "nach": 0.50807352065871014 }, "geometry": { "type": "LineString", "coordinates": [ [ -2.079222, 53.4527405 ], [ -2.0792541, 53.4528339 ] ] } },
{ "type": "Feature", "properties": { "id": 35731, "nach": 0.61291959619190339 }, "geometry": { "type": "LineString", "coordinates": [ [ -2.0792527, 53.4524843 ], [ -2.07928230000001, 53.4524861 ] ] } },
{ "type": "Feature", "properties": { "id": 35742, "nach": 0.52538334978034285 }, "geometry": { "type": "LineString", "coordinates": [ [ -2.0795405, 53.4523484 ], [ -2.0795538, 53.4522118 ] ] } },
{ "type": "Feature", "properties": { "id": 35741, "nach": 0.44829553729810495 }, "geometry": { "type": "LineString", "coordinates": [ [ -2.0802084, 53.4522403 ], [ -2.0798991, 53.4520305 ], [ -2.0795612, 53.4521359 ], [ -2.0795538, 53.4522118 ] ] } },
{ "type": "Feature", "properties": { "id": 62721, "nach": 0.41065485649694761 }, "geometry": { "type": "LineString", "coordinates": [ [ -2.086919, 53.4513504 ], [ -2.0880007, 53.4510456 ] ] } },
{ "type": "Feature", "properties": { "id": 58803, "nach": 0.50563799039252211 }, "geometry": { "type": "LineString", "coordinates": [ [ -2.078004, 53.453503799999986 ], [ -2.0778427, 53.453376800000015 ] ] } },
{ "type": "Feature", "properties": { "id": 45252, "nach": 0.49445534577598232 }, "geometry": { "type": "LineString", "coordinates": [ [ -2.0758976, 53.4505399 ], [ -2.0760938, 53.4506 ] ] } },
{ "type": "Feature", "properties": { "id": 45257, "nach": 0.63141443314344525 }, "geometry": { "type": "LineString", "coordinates": [ [ -2.0757941, 53.4506636 ], [ -2.0758976, 53.4505399 ] ] } },
{ "type": "Feature", "properties": { "id": 45256, "nach": 0.6271289260379177 }, "geometry": { "type": "LineString", "coordinates": [ [ -2.0757941, 53.4506636 ], [ -2.0756561, 53.4508284 ] ] } },
{ "type": "Feature", "properties": { "id": 41607, "nach": 0.63433140182456416 }, "geometry": { "type": "LineString", "coordinates": [ [ -2.0751537, 53.4506737 ], [ -2.0756561, 53.4508284 ] ] } },
{ "type": "Feature", "properties": { "id": 45270, "nach": 0.63676777237681959 }, "geometry": { "type": "LineString", "coordinates": [ [ -2.0757047, 53.450844 ], [ -2.0756561, 53.4508284 ] ] } },
{ "type": "Feature", "properties": { "id": 45258, "nach": 0.49411533459423335 }, "geometry": { "type": "LineString", "coordinates": [ [ -2.0757941, 53.4506636 ], [ -2.0756109, 53.450611099999989 ] ] } },
{ "type": "Feature", "properties": { "id": 45269, "nach": 0.56291903331462323 }, "geometry": { "type": "LineString", "coordinates": [ [ -2.0757047, 53.450844 ], [ -2.0761396, 53.4509841 ] ] } },
{ "type": "Feature", "properties": { "id": 45271, "nach": 0.58787268140908522 }, "geometry": { "type": "LineString", "coordinates": [ [ -2.0757047, 53.450844 ], [ -2.0755872, 53.4509984 ] ] } },
{ "type": "Feature", "properties": { "id": 41967, "nach": 0.46793158084130826 }, "geometry": { "type": "LineString", "coordinates": [ [ -2.0761053, 53.4550465 ], [ -2.0759109, 53.4550875 ], [ -2.0755716, 53.4551459 ] ] } },
{ "type": "Feature", "properties": { "id": 44357, "nach": 0.46732174263753989 }, "geometry": { "type": "LineString", "coordinates": [ [ -2.0749871, 53.4550657 ], [ -2.0752234, 53.4550784 ], [ -2.0755716, 53.4551459 ] ] } },
{ "type": "Feature", "properties": { "id": 49234, "nach": 0.47080170576021158 }, "geometry": { "type": "LineString", "coordinates": [ [ -2.090417, 53.4503019 ], [ -2.0904703, 53.4503182 ] ] } },
{ "type": "Feature", "properties": { "id": 42111, "nach": 0.3955452712028249 }, "geometry": { "type": "LineString", "coordinates": [ [ -2.0901673, 53.450401899999989 ], [ -2.090366, 53.4504546 ], [ -2.0904703, 53.4503182 ] ] } },
{ "type": "Feature", "properties": { "id": 49233, "nach": 0.39772208965721806 }, "geometry": { "type": "LineString", "coordinates": [ [ -2.090417, 53.4503019 ], [ -2.0902694, 53.4502566 ] ] } },
{ "type": "Feature", "properties": { "id": 49236, "nach": 0.38199806808070702 }, "geometry": { "type": "LineString", "coordinates": [ [ -2.0899503, 53.4497253 ], [ -2.0900869, 53.4497329 ], [ -2.0902616, 53.4497871 ], [ -2.0903558, 53.4498417 ], [ -2.0904476, 53.4499324 ], [ -2.0905003, 53.4500372 ], [ -2.090514, 53.450126900000015 ], [ -2.0904867, 53.4501933 ], [ -2.090417, 53.4503019 ] ] } },
{ "type": "Feature", "properties": { "id": 42114, "nach": 0.0 }, "geometry": { "type": "LineString", "coordinates": [ [ -2.0902694, 53.4502566 ], [ -2.0890352, 53.4498779 ], [ -2.0889969, 53.4498924 ], [ -2.0890039, 53.4499152 ], [ -2.0896797, 53.45017450000001 ], [ -2.0897738, 53.4502285 ], [ -2.0898957, 53.4503115 ], [ -2.0899828, 53.4503529 ], [ -2.0901673, 53.450401899999989 ] ] } },
{ "type": "Feature", "properties": { "id": 45108, "nach": 0.48302315346914448 }, "geometry": { "type": "LineString", "coordinates": [ [ -2.0732137, 53.4539408 ], [ -2.0729589, 53.4541165 ], [ -2.0728516, 53.4541436 ], [ -2.0727791, 53.4541404 ], [ -2.0727014, 53.4541021 ], [ -2.0725431, 53.454023800000016 ], [ -2.0724222, 53.4539638 ] ] } },
{ "type": "Feature", "properties": { "id": 43008, "nach": 0.38629213353075675 }, "geometry": { "type": "LineString", "coordinates": [ [ -2.0897983, 53.4539205 ], [ -2.0902614, 53.4539869 ], [ -2.0903199, 53.4538322 ] ] } },
{ "type": "Feature", "properties": { "id": 51404, "nach": 0.36182267117453887 }, "geometry": { "type": "LineString", "coordinates": [ [ -2.090277, 53.4543567 ], [ -2.0895201, 53.4542849 ], [ -2.089434, 53.4542354 ], [ -2.0894214, 53.4541645 ], [ -2.0896314, 53.4538118 ], [ -2.0896878, 53.4537455 ], [ -2.089774, 53.4537288 ], [ -2.0900858, 53.453767 ], [ -2.0902786, 53.4538006 ], [ -2.0903199, 53.4538322 ] ] } },
{ "type": "Feature", "properties": { "id": 43174, "nach": 0.46434476600245705 }, "geometry": { "type": "LineString", "coordinates": [ [ -2.0853127, 53.4511196 ], [ -2.0856349, 53.4516556 ] ] } },
{ "type": "Feature", "properties": { "id": 43175, "nach": 0.46846801946713235 }, "geometry": { "type": "LineString", "coordinates": [ [ -2.0860886, 53.4515543 ], [ -2.0856349, 53.4516556 ] ] } },
{ "type": "Feature", "properties": { "id": 43287, "nach": 0.47296778067799461 }, "geometry": { "type": "LineString", "coordinates": [ [ -2.0797286, 53.4557447 ], [ -2.079282900000011, 53.455747400000014 ], [ -2.0792711, 53.4558641 ], [ -2.0792475, 53.4559376 ] ] } },
{ "type": "Feature", "properties": { "id": 43288, "nach": 0.4628269457005772 }, "geometry": { "type": "LineString", "coordinates": [ [ -2.0795309, 53.455922 ], [ -2.0797905, 53.4562537 ], [ -2.079525400000011, 53.456307 ], [ -2.0792475, 53.4559376 ] ] } },
{ "type": "Feature", "properties": { "id": 44360, "nach": 0.42647142260186965 }, "geometry": { "type": "LineString", "coordinates": [ [ -2.0804779, 53.4558261 ], [ -2.080513, 53.4559827 ] ] } },
{ "type": "Feature", "properties": { "id": 44359, "nach": 0.42647142260186965 }, "geometry": { "type": "LineString", "coordinates": [ [ -2.080547, 53.456125 ], [ -2.080513, 53.4559827 ] ] } },
{ "type": "Feature", "properties": { "id": 43571, "nach": 0.46995329509630251 }, "geometry": { "type": "LineString", "coordinates": [ [ -2.0733994, 53.4470509 ], [ -2.0731878, 53.4468446 ] ] } },
{ "type": "Feature", "properties": { "id": 43570, "nach": 0.46475600597267874 }, "geometry": { "type": "LineString", "coordinates": [ [ -2.0730509, 53.4470598 ], [ -2.0728563, 53.4469669 ], [ -2.0728392, 53.446949 ], [ -2.0728371, 53.446933799999989 ], [ -2.0729183, 53.4468905 ], [ -2.0730082, 53.4468573 ], [ -2.0730937, 53.4468459 ], [ -2.0731878, 53.4468446 ] ] } },
{ "type": "Feature", "properties": { "id": 52473, "nach": 0.48433612265816794 }, "geometry": { "type": "LineString", "coordinates": [ [ -2.072914, 53.4521526 ], [ -2.0729759, 53.4522797 ], [ -2.0727405, 53.452322700000011 ] ] } },
{ "type": "Feature", "properties": { "id": 43732, "nach": 0.51405961686387969 }, "geometry": { "type": "LineString", "coordinates": [ [ -2.0735474, 53.452023 ], [ -2.0733248, 53.452066900000013 ] ] } },
{ "type": "Feature", "properties": { "id": 43730, "nach": 0.48571250438462749 }, "geometry": { "type": "LineString", "coordinates": [ [ -2.0734629, 53.4518369 ], [ -2.0732403, 53.4518896 ], [ -2.0733248, 53.452066900000013 ] ] } },
{ "type": "Feature", "properties": { "id": 43731, "nach": 0.49409448146032015 }, "geometry": { "type": "LineString", "coordinates": [ [ -2.0735474, 53.452023 ], [ -2.0734629, 53.4518369 ] ] } },
{ "type": "Feature", "properties": { "id": 43729, "nach": 0.48275402858268468 }, "geometry": { "type": "LineString", "coordinates": [ [ -2.0734629, 53.4518369 ], [ -2.0745036, 53.451565399999986 ] ] } },
{ "type": "Feature", "properties": { "id": 51425, "nach": 0.61069855634184955 }, "geometry": { "type": "LineString", "coordinates": [ [ -2.0767872, 53.455941 ], [ -2.0765665, 53.456004 ] ] } },
{ "type": "Feature", "properties": { "id": 44613, "nach": 0.46288092766954492 }, "geometry": { "type": "LineString", "coordinates": [ [ -2.0764834, 53.4558458 ], [ -2.0765665, 53.456004 ] ] } },
{ "type": "Feature", "properties": { "id": 44602, "nach": 0.52415617257235059 }, "geometry": { "type": "LineString", "coordinates": [ [ -2.0772081, 53.4558094 ], [ -2.0774118, 53.4557452 ] ] } },
{ "type": "Feature", "properties": { "id": 44601, "nach": 0.44695752939926225 }, "geometry": { "type": "LineString", "coordinates": [ [ -2.0773371, 53.4556028 ], [ -2.0774118, 53.4557452 ] ] } },
{ "type": "Feature", "properties": { "id": 51428, "nach": 0.43805624312072028 }, "geometry": { "type": "LineString", "coordinates": [ [ -2.0774342, 53.4554866 ], [ -2.0775054, 53.4554723 ], [ -2.0776157, 53.4556786 ], [ -2.0774118, 53.4557452 ] ] } },
{ "type": "Feature", "properties": { "id": 44606, "nach": 0.56379079251857267 }, "geometry": { "type": "LineString", "coordinates": [ [ -2.0769823, 53.4558801 ], [ -2.0772081, 53.4558094 ] ] } },
{ "type": "Feature", "properties": { "id": 44605, "nach": 0.45139295492640119 }, "geometry": { "type": "LineString", "coordinates": [ [ -2.0771134, 53.4556418 ], [ -2.0772081, 53.4558094 ] ] } },
{ "type": "Feature", "properties": { "id": 51424, "nach": 0.5905126467303925 }, "geometry": { "type": "LineString", "coordinates": [ [ -2.0767872, 53.455941 ], [ -2.0769823, 53.4558801 ] ] } },
{ "type": "Feature", "properties": { "id": 44609, "nach": 0.45682809428435001 }, "geometry": { "type": "LineString", "coordinates": [ [ -2.076876, 53.4556909 ], [ -2.0769823, 53.4558801 ] ] } },
{ "type": "Feature", "properties": { "id": 51427, "nach": 0.46021905165734173 }, "geometry": { "type": "LineString", "coordinates": [ [ -2.076702, 53.455786899999985 ], [ -2.0767872, 53.455941 ] ] } },
{ "type": "Feature", "properties": { "id": 45249, "nach": 0.0 }, "geometry": { "type": "LineString", "coordinates": [ [ -2.0760938, 53.4506 ], [ -2.0761238, 53.4505654 ], [ -2.0763038, 53.4506205 ], [ -2.0761418, 53.4508079 ], [ -2.0759619, 53.45075270000001 ], [ -2.0760938, 53.4506 ] ] } },
{ "type": "Feature", "properties": { "id": 45255, "nach": 0.0 }, "geometry": { "type": "LineString", "coordinates": [ [ -2.0756109, 53.450611099999989 ], [ -2.0757462, 53.4504438 ], [ -2.075537, 53.450383799999983 ], [ -2.0753603, 53.4506021 ], [ -2.0755696, 53.4506621 ], [ -2.0756109, 53.450611099999989 ] ] } },
{ "type": "Feature", "properties": { "id": 45261, "nach": 0.48294969760224804 }, "geometry": { "type": "LineString", "coordinates": [ [ -2.0761396, 53.4509841 ], [ -2.075901, 53.4512875 ] ] } },
{ "type": "Feature", "properties": { "id": 45272, "nach": 0.48044919019052312 }, "geometry": { "type": "LineString", "coordinates": [ [ -2.0761263, 53.4513482 ], [ -2.0763637, 53.4510563 ], [ -2.0761396, 53.4509841 ] ] } },
{ "type": "Feature", "properties": { "id": 45268, "nach": 0.48568159394561988 }, "geometry": { "type": "LineString", "coordinates": [ [ -2.0755872, 53.4509984 ], [ -2.0758018, 53.4510591 ], [ -2.0756865, 53.4512092 ] ] } },
{ "type": "Feature", "properties": { "id": 48433, "nach": 0.53810325035820306 }, "geometry": { "type": "LineString", "coordinates": [ [ -2.0755238, 53.451078699999989 ], [ -2.0755872, 53.4509984 ] ] } },
{ "type": "Feature", "properties": { "id": 48432, "nach": 0.48745356969110987 }, "geometry": { "type": "LineString", "coordinates": [ [ -2.0755238, 53.451078699999989 ], [ -2.075488, 53.4511209 ] ] } },
{ "type": "Feature", "properties": { "id": 51408, "nach": 0.45534587541961158 }, "geometry": { "type": "LineString", "coordinates": [ [ -2.0761213, 53.4560823 ], [ -2.0756774, 53.4561702 ], [ -2.0754187, 53.4562455 ] ] } },
{ "type": "Feature", "properties": { "id": 51581, "nach": 0.57029622757644505 }, "geometry": { "type": "LineString", "coordinates": [ [ -2.081944, 53.4507605 ], [ -2.0818576, 53.4506866 ] ] } },
{ "type": "Feature", "properties": { "id": 46071, "nach": 0.49849083617413148 }, "geometry": { "type": "LineString", "coordinates": [ [ -2.0810908, 53.4502934 ], [ -2.0812932, 53.4502091 ], [ -2.0818576, 53.4506866 ] ] } },
{ "type": "Feature", "properties": { "id": 46067, "nach": 0.56573652101603289 }, "geometry": { "type": "LineString", "coordinates": [ [ -2.0816274, 53.450768299999986 ], [ -2.0818576, 53.4506866 ] ] } },
{ "type": "Feature", "properties": { "id": 51582, "nach": 0.58195853907073003 }, "geometry": { "type": "LineString", "coordinates": [ [ -2.081944, 53.4507605 ], [ -2.0820268, 53.4508336 ] ] } },
{ "type": "Feature", "properties": { "id": 46069, "nach": 0.37802686288584414 }, "geometry": { "type": "LineString", "coordinates": [ [ -2.0810908, 53.4502934 ], [ -2.0816274, 53.450768299999986 ] ] } },
{ "type": "Feature", "properties": { "id": 51590, "nach": 0.54900416632347648 }, "geometry": { "type": "LineString", "coordinates": [ [ -2.0810319, 53.4503175 ], [ -2.0810908, 53.4502934 ] ] } },
{ "type": "Feature", "properties": { "id": 51591, "nach": 0.64095833928624357 }, "geometry": { "type": "LineString", "coordinates": [ [ -2.0810319, 53.4503175 ], [ -2.0808908, 53.450375200000011 ] ] } },
{ "type": "Feature", "properties": { "id": 46077, "nach": 0.63762190306635547 }, "geometry": { "type": "LineString", "coordinates": [ [ -2.0808908, 53.450375200000011 ], [ -2.0811481, 53.450617 ] ] } },
{ "type": "Feature", "properties": { "id": 46080, "nach": 0.48769419720067347 }, "geometry": { "type": "LineString", "coordinates": [ [ -2.0809571, 53.4506893 ], [ -2.0811481, 53.450617 ] ] } },
{ "type": "Feature", "properties": { "id": 46083, "nach": 0.48634822534873245 }, "geometry": { "type": "LineString", "coordinates": [ [ -2.080681, 53.4504564 ], [ -2.0808908, 53.450375200000011 ] ] } },
{ "type": "Feature", "properties": { "id": 46085, "nach": 0.078308178576661669 }, "geometry": { "type": "LineString", "coordinates": [ [ -2.080681, 53.4504564 ], [ -2.0804946, 53.4505237 ], [ -2.080737, 53.4507341 ], [ -2.0807937, 53.4507511 ], [ -2.0809571, 53.4506893 ] ] } },
{ "type": "Feature", "properties": { "id": 46863, "nach": 0.57857194535900969 }, "geometry": { "type": "LineString", "coordinates": [ [ -2.0800928, 53.4540749 ], [ -2.0800973, 53.4539733 ] ] } },
{ "type": "Feature", "properties": { "id": 46867, "nach": 0.49807271592232205 }, "geometry": { "type": "LineString", "coordinates": [ [ -2.07977770000001, 53.4540257 ], [ -2.0800928, 53.4540749 ] ] } },
{ "type": "Feature", "properties": { "id": 46866, "nach": 0.49862758746067914 }, "geometry": { "type": "LineString", "coordinates": [ [ -2.0803461, 53.4541001 ], [ -2.0800928, 53.4540749 ] ] } },
{ "type": "Feature", "properties": { "id": 47063, "nach": 0.55965948544464483 }, "geometry": { "type": "LineString", "coordinates": [ [ -2.0821565, 53.4509509 ], [ -2.0820268, 53.4508336 ] ] } },
{ "type": "Feature", "properties": { "id": 47062, "nach": 0.22419934677534983 }, "geometry": { "type": "LineString", "coordinates": [ [ -2.0812793, 53.4511408 ], [ -2.0820268, 53.4508336 ] ] } },
{ "type": "Feature", "properties": { "id": 47069, "nach": 0.52932644107383464 }, "geometry": { "type": "LineString", "coordinates": [ [ -2.082279, 53.4510654 ], [ -2.0821565, 53.4509509 ] ] } },
{ "type": "Feature", "properties": { "id": 47068, "nach": 0.17120151752269613 }, "geometry": { "type": "LineString", "coordinates": [ [ -2.0813994, 53.4512589 ], [ -2.0821565, 53.4509509 ] ] } },
{ "type": "Feature", "properties": { "id": 47067, "nach": 0.56581918393457298 }, "geometry": { "type": "LineString", "coordinates": [ [ -2.0813994, 53.4512589 ], [ -2.0812793, 53.4511408 ] ] } },
{ "type": "Feature", "properties": { "id": 47073, "nach": 0.53551165075750984 }, "geometry": { "type": "LineString", "coordinates": [ [ -2.0815182, 53.4513746 ], [ -2.0813994, 53.4512589 ] ] } },
{ "type": "Feature", "properties": { "id": 47075, "nach": 0.47858293457496298 }, "geometry": { "type": "LineString", "coordinates": [ [ -2.0824083, 53.4511892 ], [ -2.082279, 53.4510654 ] ] } },
{ "type": "Feature", "properties": { "id": 47074, "nach": 0.15664449078210424 }, "geometry": { "type": "LineString", "coordinates": [ [ -2.0815182, 53.4513746 ], [ -2.082279, 53.4510654 ] ] } },
{ "type": "Feature", "properties": { "id": 47078, "nach": 0.48471766548426548 }, "geometry": { "type": "LineString", "coordinates": [ [ -2.0816349, 53.4514867 ], [ -2.0815182, 53.4513746 ] ] } },
{ "type": "Feature", "properties": { "id": 47080, "nach": 0.0 }, "geometry": { "type": "LineString", "coordinates": [ [ -2.0816349, 53.4514867 ], [ -2.081785, 53.4516091 ], [ -2.0825403, 53.4513234 ], [ -2.0824083, 53.4511892 ] ] } },
{ "type": "Feature", "properties": { "id": 49276, "nach": 0.51983478347577505 }, "geometry": { "type": "LineString", "coordinates": [ [ -2.0857699, 53.446786 ], [ -2.0857312, 53.4469971 ] ] } },
{ "type": "Feature", "properties": { "id": 47306, "nach": 0.38118904076050841 }, "geometry": { "type": "LineString", "coordinates": [ [ -2.0870821, 53.4467853 ], [ -2.0870543, 53.4470393 ], [ -2.0862632, 53.4470209 ], [ -2.0859541, 53.4469878 ], [ -2.0857312, 53.4469971 ] ] } },
{ "type": "Feature", "properties": { "id": 49279, "nach": 0.39530232061566434 }, "geometry": { "type": "LineString", "coordinates": [ [ -2.0852265, 53.446735 ], [ -2.0856997, 53.4467776 ], [ -2.0857699, 53.446786 ] ] } },
{ "type": "Feature", "properties": { "id": 51605, "nach": 0.42773647102041773 }, "geometry": { "type": "LineString", "coordinates": [ [ -2.075806, 53.449199299999989 ], [ -2.0755595, 53.449281 ] ] } },
{ "type": "Feature", "properties": { "id": 51608, "nach": 0.56393979051636778 }, "geometry": { "type": "LineString", "coordinates": [ [ -2.0758262, 53.4495277 ], [ -2.0755595, 53.449281 ] ] } },
{ "type": "Feature", "properties": { "id": 51610, "nach": 0.52311966322127101 }, "geometry": { "type": "LineString", "coordinates": [ [ -2.0758262, 53.4495277 ], [ -2.0760109, 53.4494654 ], [ -2.075806, 53.449199299999989 ] ] } },
{ "type": "Feature", "properties": { "id": 51611, "nach": 0.48924846556871476 }, "geometry": { "type": "LineString", "coordinates": [ [ -2.0757135, 53.4491112 ], [ -2.075806, 53.449199299999989 ] ] } },
{ "type": "Feature", "properties": { "id": 52076, "nach": 0.46708146416546137 }, "geometry": { "type": "LineString", "coordinates": [ [ -2.068871, 53.4487981 ], [ -2.0692474, 53.4488735 ] ] } },
{ "type": "Feature", "properties": { "id": 52080, "nach": 0.46648450110162559 }, "geometry": { "type": "LineString", "coordinates": [ [ -2.0694128, 53.448608 ], [ -2.0692474, 53.4488735 ] ] } },
{ "type": "Feature", "properties": { "id": 52089, "nach": 0.077756135498222412 }, "geometry": { "type": "LineString", "coordinates": [ [ -2.0689032, 53.449409 ], [ -2.068195, 53.4493851 ], [ -2.0681318, 53.4493709 ] ] } },
{ "type": "Feature", "properties": { "id": 61454, "nach": 0.54802602080489227 }, "geometry": { "type": "LineString", "coordinates": [ [ -2.0827263, 53.454073600000015 ], [ -2.0827102, 53.4541055 ] ] } },
{ "type": "Feature", "properties": { "id": 62134, "nach": 0.42706352931269165 }, "geometry": { "type": "LineString", "coordinates": [ [ -2.080611, 53.4495728 ], [ -2.0805869, 53.4495616 ], [ -2.0805547, 53.4495296 ], [ -2.0804849, 53.4494514 ], [ -2.0804487, 53.4493523 ], [ -2.0804662, 53.4492828 ], [ -2.0805158, 53.4491846 ], [ -2.080525, 53.4491717 ] ] } },
{ "type": "Feature", "properties": { "id": 62145, "nach": 0.58631862262903622 }, "geometry": { "type": "LineString", "coordinates": [ [ -2.08113, 53.4490041 ], [ -2.0809127, 53.448969 ], [ -2.080898, 53.4489594 ], [ -2.0806284, 53.4490816 ], [ -2.0805426, 53.4491471 ], [ -2.080525, 53.4491717 ] ] } },
{ "type": "Feature", "properties": { "id": 62150, "nach": 0.57197485160196759 }, "geometry": { "type": "LineString", "coordinates": [ [ -2.0807719, 53.4494098 ], [ -2.0806713, 53.4495097 ], [ -2.080611, 53.4495728 ] ] } },
{ "type": "Feature", "properties": { "id": 62144, "nach": 0.57937000425809426 }, "geometry": { "type": "LineString", "coordinates": [ [ -2.08113, 53.4490041 ], [ -2.0811421, 53.4489762 ], [ -2.0811716, 53.4489594 ], [ -2.0812306, 53.4489514 ], [ -2.0812963, 53.4489586 ], [ -2.0813486, 53.4489754 ] ] } },
{ "type": "Feature", "properties": { "id": 62148, "nach": 0.45981136484264656 }, "geometry": { "type": "LineString", "coordinates": [ [ -2.0811689, 53.4490496 ], [ -2.0811354, 53.4490273 ], [ -2.08113, 53.4490041 ] ] } },
{ "type": "Feature", "properties": { "id": 62151, "nach": 0.49325290502226243 }, "geometry": { "type": "LineString", "coordinates": [ [ -2.0807719, 53.4494098 ], [ -2.0808363, 53.4493651 ], [ -2.0811689, 53.4492325 ], [ -2.0811327, 53.449179 ], [ -2.0811005, 53.4491095 ], [ -2.0811689, 53.4490496 ] ] } },
{ "type": "Feature", "properties": { "id": 62179, "nach": 0.52184075081295445 }, "geometry": { "type": "LineString", "coordinates": [ [ -2.0814485, 53.4491323 ], [ -2.0814411, 53.449207 ], [ -2.0813634, 53.4493204 ], [ -2.0812869, 53.4493731 ], [ -2.0811474, 53.4494194 ], [ -2.0809543, 53.449437 ], [ -2.0808309, 53.449429 ], [ -2.0807719, 53.4494098 ] ] } },
{ "type": "Feature", "properties": { "id": 62139, "nach": 0.58052762101731903 }, "geometry": { "type": "LineString", "coordinates": [ [ -2.0814478, 53.44906 ], [ -2.0815687, 53.449082 ] ] } },
{ "type": "Feature", "properties": { "id": 62178, "nach": 0.50277241103961723 }, "geometry": { "type": "LineString", "coordinates": [ [ -2.0814485, 53.4491323 ], [ -2.0815687, 53.449082 ] ] } },
{ "type": "Feature", "properties": { "id": 62177, "nach": 0.45472356683801524 }, "geometry": { "type": "LineString", "coordinates": [ [ -2.0814485, 53.4491323 ], [ -2.0814478, 53.44906 ] ] } },
{ "type": "Feature", "properties": { "id": 62141, "nach": 0.58483982688324243 }, "geometry": { "type": "LineString", "coordinates": [ [ -2.0813486, 53.4489754 ], [ -2.0814478, 53.44906 ] ] } },
{ "type": "Feature", "properties": { "id": 62147, "nach": 0.45233116987571687 }, "geometry": { "type": "LineString", "coordinates": [ [ -2.0811689, 53.4490496 ], [ -2.0812239, 53.4490512 ], [ -2.0812601, 53.4490369 ], [ -2.0812695, 53.4490137 ], [ -2.0812963, 53.4489897 ], [ -2.0813486, 53.4489754 ] ] } },
{ "type": "Feature", "properties": { "id": 36226, "nach": 0.63825184827835479 }, "geometry": { "type": "LineString", "coordinates": [ [ -2.088387141755072, 53.455158969210409 ], [ -2.088310972864575, 53.454986965080344 ] ] } },
{ "type": "Feature", "properties": { "id": 36226, "nach": 0.63825184827835479 }, "geometry": { "type": "LineString", "coordinates": [ [ -2.088310972864575, 53.454986965080344 ], [ -2.088223476873287, 53.454789380299395 ] ] } },
{ "type": "Feature", "properties": { "id": 44, "nach": 0.60944396634896503 }, "geometry": { "type": "LineString", "coordinates": [ [ -2.083620524686652, 53.453616802734139 ], [ -2.08082565562164, 53.453379289050325 ] ] } },
{ "type": "Feature", "properties": { "id": 1057, "nach": 0.75025666562868087 }, "geometry": { "type": "LineString", "coordinates": [ [ -2.083689701163324, 53.453579455945949 ], [ -2.083620524686652, 53.453616802734139 ] ] } },
{ "type": "Feature", "properties": { "id": 1057, "nach": 0.75025666562868087 }, "geometry": { "type": "LineString", "coordinates": [ [ -2.083620524686652, 53.453616802734139 ], [ -2.083393432287571, 53.453726606045436 ] ] } },
{ "type": "Feature", "properties": { "id": 35727, "nach": 0.78262011562153211 }, "geometry": { "type": "LineString", "coordinates": [ [ -2.080831431117303, 53.453301238272651 ], [ -2.08082565562164, 53.453379289050325 ] ] } },
{ "type": "Feature", "properties": { "id": 1057, "nach": 0.75025666562868087 }, "geometry": { "type": "LineString", "coordinates": [ [ -2.083923397720972, 53.453422798889598 ], [ -2.083833294092823, 53.453491137455551 ] ] } },
{ "type": "Feature", "properties": { "id": 1057, "nach": 0.75025666562868087 }, "geometry": { "type": "LineString", "coordinates": [ [ -2.083833294092823, 53.453491137455551 ], [ -2.083689701163324, 53.453579455945949 ] ] } },
{ "type": "Feature", "properties": { "id": 41, "nach": 0.60282595069771283 }, "geometry": { "type": "LineString", "coordinates": [ [ -2.080839864905507, 53.453187262526278 ], [ -2.083833294092823, 53.453491137455551 ] ] } },
{ "type": "Feature", "properties": { "id": 45, "nach": 0.66399390117570301 }, "geometry": { "type": "LineString", "coordinates": [ [ -2.083689701163324, 53.453579455945949 ], [ -2.080831431117303, 53.453301238272651 ] ] } },
{ "type": "Feature", "properties": { "id": 35727, "nach": 0.78262011562153211 }, "geometry": { "type": "LineString", "coordinates": [ [ -2.080839864905507, 53.453187262526278 ], [ -2.080831431117303, 53.453301238272651 ] ] } },
{ "type": "Feature", "properties": { "id": 41, "nach": 0.60282595069771283 }, "geometry": { "type": "LineString", "coordinates": [ [ -2.078993793092426, 53.453004637400717 ], [ -2.080839864905507, 53.453187262526278 ] ] } },
{ "type": "Feature", "properties": { "id": 45, "nach": 0.66399390117570301 }, "geometry": { "type": "LineString", "coordinates": [ [ -2.080831431117303, 53.453301238272651 ], [ -2.078961693056997, 53.453124730799566 ] ] } },
{ "type": "Feature", "properties": { "id": 45, "nach": 0.66399390117570301 }, "geometry": { "type": "LineString", "coordinates": [ [ -2.078961693056997, 53.453124730799566 ], [ -2.077541132823598, 53.453011622012063 ] ] } },
{ "type": "Feature", "properties": { "id": 33819, "nach": 0.77296010756918954 }, "geometry": { "type": "LineString", "coordinates": [ [ -2.078993793092426, 53.453004637400717 ], [ -2.078961693056997, 53.453124730799566 ] ] } },
{ "type": "Feature", "properties": { "id": 45, "nach": 0.66399390117570301 }, "geometry": { "type": "LineString", "coordinates": [ [ -2.077541132823598, 53.453011622012063 ], [ -2.075629391232656, 53.452964808912746 ] ] } },
{ "type": "Feature", "properties": { "id": 36657, "nach": 0.77725629800694307 }, "geometry": { "type": "LineString", "coordinates": [ [ -2.077541132823598, 53.453011622012063 ], [ -2.077347900774702, 53.452869136333376 ] ] } },
{ "type": "Feature", "properties": { "id": 25700, "nach": 0.69330407344406253 }, "geometry": { "type": "LineString", "coordinates": [ [ -2.075632886434341, 53.452841673821432 ], [ -2.075629391232656, 53.452964808912746 ] ] } },
{ "type": "Feature", "properties": { "id": 25700, "nach": 0.69330407344406253 }, "geometry": { "type": "LineString", "coordinates": [ [ -2.075629391232656, 53.452964808912746 ], [ -2.075627170787467, 53.453043034314653 ] ] } },
{ "type": "Feature", "properties": { "id": 41, "nach": 0.60282595069771283 }, "geometry": { "type": "LineString", "coordinates": [ [ -2.075632886434341, 53.452841673821432 ], [ -2.077347900774702, 53.452869136333376 ] ] } },
{ "type": "Feature", "properties": { "id": 41, "nach": 0.60282595069771283 }, "geometry": { "type": "LineString", "coordinates": [ [ -2.077347900774702, 53.452869136333376 ], [ -2.078993793092426, 53.453004637400717 ] ] } },
{ "type": "Feature", "properties": { "id": 37007, "nach": 0.33432678587459619 }, "geometry": { "type": "LineString", "coordinates": [ [ -2.067941287639975, 53.45451069955174 ], [ -2.072555966559059, 53.453125734691618 ] ] } },
{ "type": "Feature", "properties": { "id": 42440, "nach": 0.69991339613383496 }, "geometry": { "type": "LineString", "coordinates": [ [ -2.072626192655615, 53.453251209109609 ], [ -2.072555966559059, 53.453125734691618 ] ] } },
{ "type": "Feature", "properties": { "id": 42, "nach": 0.62236899925052158 }, "geometry": { "type": "LineString", "coordinates": [ [ -2.072626192655615, 53.453251209109609 ], [ -2.068056215316456, 53.454629792615705 ] ] } },
{ "type": "Feature", "properties": { "id": 25755, "nach": 0.4600021901004539 }, "geometry": { "type": "LineString", "coordinates": [ [ -2.08019146906318, 53.442591424299337 ], [ -2.076115306714371, 53.443769814639509 ] ] } },
{ "type": "Feature", "properties": { "id": 25767, "nach": 0.56784641059612417 }, "geometry": { "type": "LineString", "coordinates": [ [ -2.067686617512265, 53.446523198397074 ], [ -2.07025921500294, 53.445461532166476 ] ] } }
]
}
