country,region_id,authority_id,auth_name_e,old_park_id,new_park_id
England,E12000002,E08000011,Knowsley,KNOWS_3e9b2b07ec52,e7e5a103bdeb
England,E12000002,E08000011,Knowsley,KNOWS_d4dfd7798c39,61be25485dd9
England,E12000002,E08000011,Knowsley,KNOWS_5615d8e84866;KNOWS_6e1ed1408246,22ba2448bbc6
England,E12000002,E08000011,Knowsley,KNOWS_d14a9e58f5dd,e6ddf61260e1
England,E12000002,E08000011,Knowsley,KNOWS_b1252d4f0abd,a50d13a7fa6d
England,E12000002,E08000011,Knowsley,KNOWS_bea563ce66ce,07304bc6030d
England,E12000002,E08000011,Knowsley,KNOWS_c29faf9e4f24,e3e057a588e1
England,E12000002,E08000011,Knowsley,KNOWS_e7170db8baec,66fdd49d1620
England,E12000002,E08000011,Knowsley,KNOWS_8106b5446829,0c4be65482b4
England,E12000002,E08000011,Knowsley,KNOWS_0940388da79c,cc3ab2ca2469
England,E12000002,E08000011,Knowsley,KNOWS_da565206fa2f;KNOWS_03240721eb59,49b8c483a50f
England,E12000002,E08000011,Knowsley,KNOWS_5940e5dc0ed6,00520bd98095
England,E12000002,E08000011,Knowsley,KNOWS_aaa85941c082;KNOWS_55f24abfab79,d587163f247d
England,E12000002,E08000011,Knowsley,KNOWS_d6ba70dca44f;KNOWS_8723659ff159,c017307ba4bd
England,E12000002,E08000011,Knowsley,KNOWS_7ddb1f25444d,975626fc7735
England,E12000002,E08000011,Knowsley,KNOWS_44c5478c056d;KNOWS_622ed309e4fb,2751d6b54e8d
England,E12000002,E08000011,Knowsley,KNOWS_c54645a324f2,ad82760618ab
England,E12000002,E08000011,Knowsley,KNOWS_b8184f9b8c3a;KNOWS_871cc89e9bca,d50cc036f53e
England,E12000002,E08000011,Knowsley,KNOWS_316fc120fb26,79b0bdbd39b6
England,E12000002,E08000011,Knowsley,KNOWS_094ca82bbe2f;KNOWS_5525c323a9ba;KNOWS_9197f69b4d66;KNOWS_aaf5e08ee586;KNOWS_620c2ec77234;KNOWS_40c507f2cdd3;KNOWS_ad06a08d58c8;KNOWS_9d8adb6b5cfe;KNOWS_e2c8f5048fd3;KNOWS_6e2d7dae50b2;KNOWS_d1b3787f356b;KNOWS_bd2e9781991a;KNOWS_f749fd0913d3;KNOWS_6e58f6acbea6;KNOWS_22a3fc2eaf26;KNOWS_ed573c8ac159;KNOWS_7c537ad2a55f;KNOWS_307a990b0e27;KNOWS_dc55dc81ba5b;KNOWS_29557c4b89af;KNOWS_b65d5601183e;KNOWS_bd26d7aa7422;KNOWS_3d978c194246;KNOWS_5a3413e7b378;KNOWS_9d95faff254a;KNOWS_a7bbc63f33de;KNOWS_87b18d9e19ca;KNOWS_76126e0b55b0;KNOWS_db1855047e5b;KNOWS_e76c9f2c9d04;KNOWS_c0e6240bc29f;KNOWS_15211f61b16b,038c4b7995b6
England,E12000002,E08000011,Knowsley,KNOWS_cd4448b32424;KNOWS_4f74e72bf919;KNOWS_3b92788c3569,1d6c1d72760e
England,E12000002,E08000011,Knowsley,KNOWS_54fe57d3e7f2,aeb385a9374e
England,E12000002,E08000011,Knowsley,KNOWS_f1c338ce3fa6,45a12395c748
England,E12000002,E08000011,Knowsley,KNOWS_188c54bfbbbd,3e61cdb3dc5a
England,E12000002,E08000011,Knowsley,KNOWS_bb9d4a5fbe22,5fc1135ef7d1
England,E12000002,E08000011,Knowsley,KNOWS_11e41e6c60ff,bb813dfa4674
England,E12000002,E08000011,Knowsley,KNOWS_aa57104e671f,6656315109e9
England,E12000002,E08000011,Knowsley,KNOWS_b2e8932847b1;KNOWS_0074c36fea27,1b6b52b1c48a
England,E12000002,E08000011,Knowsley,KNOWS_bf0384e265a6,c47f3ac27826
England,E12000002,E08000011,Knowsley,KNOWS_9e7255afdf90;KNOWS_36c85a6558f7;KNOWS_0ef6198bcde6,749f3df3d1ee
England,E12000002,E08000011,Knowsley,KNOWS_2c7061cda402,929cb58a2536
England,E12000002,E08000011,Knowsley,KNOWS_bd661bd217df;KNOWS_7ac381a1e343;KNOWS_062367e5fc36;KNOWS_f7401bcc9ab6;KNOWS_3519df2378c8,1d1d158f35d4
England,E12000002,E08000011,Knowsley,KNOWS_e675a7287a59;KNOWS_e69bc6f511b3,cb383b51456d
England,E12000002,E08000011,Knowsley,KNOWS_51a79d662205;KNOWS_e7a3804bf702;KNOWS_91316d59592e,0df171e3e8a0
England,E12000002,E08000011,Knowsley,KNOWS_88508dde6355;KNOWS_e3c20273cb65,a9561238a7f4
England,E12000002,E08000011,Knowsley,KNOWS_ac1677d2212f;KNOWS_507c7a274a85;KNOWS_9a40e8b97151;KNOWS_b9bb6e8d2449,6089c1fbe429
England,E12000002,E08000011,Knowsley,KNOWS_876084e3eee0;KNOWS_16465ca3aae2,ec33a18912db
England,E12000002,E08000011,Knowsley,KNOWS_460981859132;KNOWS_467e818e24ff,ca6313c429dc
England,E12000002,E08000011,Knowsley,KNOWS_0f8575214b9d;KNOWS_f53314237528,b2da5e216a63
England,E12000002,E08000011,Knowsley,KNOWS_b2c5ac091836;KNOWS_734be19325db,28dda7a7c7dc
England,E12000002,E08000011,Knowsley,KNOWS_3e1d3dd31293;KNOWS_b3b8ae921dd0,03a77f794be8
England,E12000002,E08000011,Knowsley,KNOWS_d53fa433d0ac,27660ec23a69
England,E12000002,E08000011,Knowsley,KNOWS_dc58a539ecad;KNOWS_9826e21563d0,d0986008bb78
England,E12000002,E08000011,Knowsley,KNOWS_f99467ccac39;KNOWS_554699a3e84b,fa906224cc40
England,E12000002,E08000011,Knowsley,KNOWS_dddc2d2e6df9;KNOWS_1fcfa8eca5e5;KNOWS_1aac50096014;KNOWS_f83d08d3f790;KNOWS_b88b6f5d7e8f,8b0e36a83fc9
England,E12000002,E08000011,Knowsley,KNOWS_1f22003cf808,daee026dd002
England,E12000002,E08000011,Knowsley,KNOWS_10a681371ac0,ae04f7ac43ca
England,E12000002,E08000011,Knowsley,KNOWS_ef94911562ea;KNOWS_fda95ff0c1b9,600070a5c015
England,E12000002,E08000011,Knowsley,KNOWS_cdedf9d9882f,860f540e2ed6
England,E12000002,E08000011,Knowsley,KNOWS_f2b498d4ce9b;KNOWS_5ce29557fde5,a3a172cec28b
England,E12000002,E08000011,Knowsley,KNOWS_18eb3c956de3,fc220e23c884
England,E12000002,E08000011,Knowsley,KNOWS_04708894f513,2bbcd9995fea
England,E12000002,E08000011,Knowsley,KNOWS_b141a30f18cd,5e0bc7696c98
England,E12000002,E08000011,Knowsley,KNOWS_aa2da61fafb4;KNOWS_064e5ad4a38c,76931f48b92e
England,E12000002,E08000011,Knowsley,KNOWS_5c0b48a79038,1e78aed49808
England,E12000002,E08000011,Knowsley,KNOWS_b899f8b452f0;KNOWS_4f3d0abfafbf,0fc70c890b5a
England,E12000002,E08000011,Knowsley,KNOWS_e8743d26b4db;KNOWS_20f1917ed74e,23d729505082
England,E12000002,E08000011,Knowsley,KNOWS_57026a1faf2e,c2f8b6d4a115
England,E12000002,E08000011,Knowsley,KNOWS_3ed9bff612c5,056d4ef507a9
England,E12000002,E08000011,Knowsley,KNOWS_c1ed2d514117;KNOWS_9abf1d257985,287fe37567ea
England,E12000002,E08000011,Knowsley,KNOWS_125f8c6f5463,756df2258787
England,E12000002,E08000011,Knowsley,KNOWS_8390353fa84b,9c8bc3a4aa58
England,E12000002,E08000011,Knowsley,KNOWS_0df30e272a3a,03a03d03e593
England,E12000002,E08000011,Knowsley,KNOWS_e2c1bdb25c39,663e086702ed
England,E12000002,E08000011,Knowsley,KNOWS_96157d08ba47,7d7b86ae3ef4
England,E12000002,E08000011,Knowsley,KNOWS_a91ec0db30a8,ebb45f015d16
England,E12000002,E08000011,Knowsley,KNOWS_b9c343979438,9fc4cc47f763
England,E12000002,E08000011,Knowsley,KNOWS_03bec0766786,b6219940385b
England,E12000002,E08000011,Knowsley,KNOWS_6339be16ca09,f8c25e62c7cf
England,E12000002,E08000011,Knowsley,KNOWS_04daff67884e,f9cc60d29d4f
England,E12000002,E08000011,Knowsley,KNOWS_c0871e37e553;KNOWS_a5d75b01c859,f1872141ddca
England,E12000002,E08000011,Knowsley,KNOWS_f91d6cd9ca45,b3e9dd7dbe81
England,E12000002,E08000011,Knowsley,KNOWS_0dd364fbe149,1b1b5c2ff5ac
England,E12000002,E08000011,Knowsley,KNOWS_7ed93ea84977,49867ebf6fbe
England,E12000002,E08000011,Knowsley,KNOWS_0a649e4f7358,5008a4211606
England,E12000002,E08000011,Knowsley,KNOWS_640eb18a96f1,498acaed7c40
England,E12000002,E08000011,Knowsley,KNOWS_e0f14acb1685,634645996a9c
England,E12000002,E08000011,Knowsley,KNOWS_266fe127b674,d71eb710458b
England,E12000002,E08000011,Knowsley,KNOWS_2aa3777fba8e,7b5cfcce09cf
England,E12000002,E08000011,Knowsley,KNOWS_d6fc084eed94,f2680562a0f5
England,E12000002,E08000011,Knowsley,KNOWS_6159a5359966,0b93f0906925
England,E12000002,E08000011,Knowsley,KNOWS_102b3a83fead,14f835b0c385
England,E12000002,E08000011,Knowsley,KNOWS_8f435e621a8a,4ac3a4210493
England,E12000002,E08000011,Knowsley,KNOWS_1505a295bc7c,978b74c5694e
England,E12000002,E08000011,Knowsley,KNOWS_7c7f4b6a4ffd,258939e8b273
England,E12000002,E08000011,Knowsley,KNOWS_9ee6e9c365dd,691abaa67c57
England,E12000002,E08000011,Knowsley,KNOWS_48ffafb8163f,20a336dae249
England,E12000002,E08000011,Knowsley,KNOWS_be07978d2dd1,09d0e7a7ace0
England,E12000002,E08000011,Knowsley,KNOWS_5df3b3d47418,452b14185f80
England,E12000002,E08000011,Knowsley,KNOWS_4dae2d2fa5af,1233f117cc90
England,E12000002,E08000011,Knowsley,KNOWS_7d4111afac58,d7a4c5b56ddd
England,E12000002,E08000011,Knowsley,KNOWS_ae3f06c99cb1,585a8ef27bbf
England,E12000002,E08000011,Knowsley,KNOWS_024c5f76275f,b32f405cfa05
England,E12000002,E08000011,Knowsley,KNOWS_494a832f222f,3b0a0044b8d5
England,E12000002,E08000011,Knowsley,KNOWS_f480e661cfda,c39075c909a3
England,E12000002,E08000011,Knowsley,KNOWS_973b8e48b0af,8ef154cd00cc
England,E12000002,E08000011,Knowsley,KNOWS_3590cb45da58,abdeb33e798f
England,E12000002,E08000011,Knowsley,KNOWS_60e7bf805de2,4e326b106178
England,E12000002,E08000011,Knowsley,KNOWS_45b2b867db84,2bae0e474ae9
England,E12000002,E08000011,Knowsley,KNOWS_614bea969106,3d584a424dd3
England,E12000002,E08000011,Knowsley,KNOWS_48cffaf86156,60664c4a7af8
England,E12000002,E08000011,Knowsley,KNOWS_15126fbe3233,ca8093cae236
England,E12000002,E08000011,Knowsley,KNOWS_e61a813c7033,0a5de78f6c18
England,E12000002,E08000011,Knowsley,KNOWS_5dfae79ece72,904b36d2cdec
England,E12000002,E08000011,Knowsley,KNOWS_479f6bb9a117,5bb62d0e513a
England,E12000002,E08000011,Knowsley,KNOWS_f6a72dc70918,32bd64766190
England,E12000002,E08000011,Knowsley,KNOWS_d953194e74b2,36f58b89c8fc
England,E12000002,E08000011,Knowsley,KNOWS_3c84855f8fe5,300a4a38b38c
England,E12000002,E08000011,Knowsley,KNOWS_c738dd1add96,9a1adf155600
England,E12000002,E08000011,Knowsley,KNOWS_7cce2b1b506f,bf50a1726b52
England,E12000002,E08000011,Knowsley,KNOWS_b4a411a6b264,32f3ec809d50
England,E12000002,E08000011,Knowsley,KNOWS_6f1960af9443,3677735bf229
England,E12000002,E08000011,Knowsley,KNOWS_e121c62b0abd,9a7808e90de1
England,E12000002,E08000011,Knowsley,KNOWS_dd28286ce036,29beb4273446
England,E12000002,E08000011,Knowsley,KNOWS_b8a2be2b3212,419e7d75004e
England,E12000002,E08000011,Knowsley,KNOWS_227e1ad188e3,b7b568de7179
England,E12000002,E08000011,Knowsley,KNOWS_80497c3c25db,997a47c13ed4
England,E12000002,E08000011,Knowsley,KNOWS_9dd3f73f091c,a9f73d3d0a0f
England,E12000002,E08000011,Knowsley,KNOWS_23eb5e148d84,dbc1aff7d337
England,E12000002,E08000011,Knowsley,KNOWS_bb0d0d7d345e,3f792658e97a
England,E12000002,E08000011,Knowsley,KNOWS_f91ee46ae527,7a3371b2ad22
England,E12000002,E08000011,Knowsley,KNOWS_d3f94e579cea,df9794cc7d08
England,E12000002,E08000011,Knowsley,KNOWS_eaf534974aac,063f891b89cc
England,E12000002,E08000011,Knowsley,KNOWS_a436d2f626ee,9dd0a44eb355
England,E12000002,E08000011,Knowsley,KNOWS_f5400426a554,70dfc9d4096a
England,E12000002,E08000011,Knowsley,KNOWS_15ee163002ae,57777ea0de7c
England,E12000002,E08000011,Knowsley,KNOWS_ce12d9d1fa38,bcfd79437b15
England,E12000002,E08000011,Knowsley,KNOWS_fe729eef528a,0015872b4a9a
England,E12000002,E08000011,Knowsley,KNOWS_fbf49d60d2d5,cdf9eaf8a342
England,E12000002,E08000011,Knowsley,KNOWS_163e551a6330,6142cbb81c65
England,E12000002,E08000011,Knowsley,KNOWS_c0aa23a68170,9738923bf05b
England,E12000002,E08000011,Knowsley,KNOWS_d0daf0e88cb2,15629197e421
England,E12000002,E08000011,Knowsley,KNOWS_c5c834a8146c,cb89ca831ced
England,E12000002,E08000011,Knowsley,KNOWS_6f870a729566,8ff0ddd0af37
England,E12000002,E08000011,Knowsley,KNOWS_7c7ccab1fe6f,64c8784dc46c
England,E12000002,E08000011,Knowsley,KNOWS_632b842c1e0b,e8856c68f4b4
England,E12000002,E08000011,Knowsley,KNOWS_56289ed12ed3,2498acbb9bbd
England,E12000002,E08000011,Knowsley,KNOWS_2144bb836ae9,f4b94ab34f90
England,E12000002,E08000011,Knowsley,KNOWS_4ab2bbc6d8b1,12786785cbc3
England,E12000002,E08000011,Knowsley,KNOWS_7e0e83e56859,c636c9249910
England,E12000002,E08000011,Knowsley,KNOWS_e34f49508378,751e6e7909d2
England,E12000002,E08000011,Knowsley,KNOWS_9cfdad0d77eb,0c3372436d2a
England,E12000002,E08000011,Knowsley,KNOWS_54991025d685,e306828f6343
England,E12000002,E08000011,Knowsley,KNOWS_afd7b4aab5bd,bc36efe6f314
England,E12000002,E08000011,Knowsley,KNOWS_cbf0658c6891,b93cbe97ae9a
England,E12000002,E08000011,Knowsley,KNOWS_0b259a097f0d,5f7d73cc774c
England,E12000002,E08000011,Knowsley,KNOWS_689b68f22c05,486759259971
England,E12000002,E08000011,Knowsley,KNOWS_6515eb012db7,c3d69d8e51c1
England,E12000002,E08000011,Knowsley,KNOWS_683a63784457,31f6a620605f
England,E12000002,E08000011,Knowsley,KNOWS_f7535a9fab2d,b78796399873
England,E12000002,E08000011,Knowsley,KNOWS_75dd5f4ce33c,6091ad0e0bdf
England,E12000002,E08000011,Knowsley,KNOWS_def4939af55d,27046ae218c0
England,E12000002,E08000011,Knowsley,KNOWS_768652d8d072,0c5276868b32
England,E12000002,E08000011,Knowsley,KNOWS_3c156da38281,dcc3190705d6
England,E12000002,E08000011,Knowsley,KNOWS_bacdacc9247a,c7c57daaf620
England,E12000002,E08000011,Knowsley,KNOWS_c5e39789eaa7,e01c786f7b16
England,E12000002,E08000011,Knowsley,KNOWS_33c834699dab,0e9f67d40c28
England,E12000002,E08000011,Knowsley,KNOWS_45a2839d739c,f5a85f3b8dbd
England,E12000002,E08000011,Knowsley,KNOWS_7557d9b522da,9211392683ae
England,E12000002,E08000011,Knowsley,KNOWS_eb5fcf41fb0b,740f7fb36137
England,E12000002,E08000011,Knowsley,KNOWS_fb856a5ef21a,a2447dba21ac
England,E12000002,E08000011,Knowsley,KNOWS_03d5c37a3696,314063ab9dd4
England,E12000002,E08000011,Knowsley,KNOWS_dbad57777917,abc510cd3893
England,E12000002,E08000011,Knowsley,KNOWS_92017611f6cf,7b9892f64aba
England,E12000002,E08000011,Knowsley,KNOWS_dad9c00b803a,6acea6153668
England,E12000002,E08000011,Knowsley,KNOWS_5effc1afc90d,c6491a1a12e1
England,E12000002,E08000011,Knowsley,KNOWS_c9e37cf6aeec,461995ba219b
England,E12000002,E08000011,Knowsley,KNOWS_e0f69d8f6ea6,dd78e5595bfd
England,E12000002,E08000011,Knowsley,KNOWS_74ba44a87bd2,ea4019286e1e
England,E12000002,E08000011,Knowsley,KNOWS_ea8e284901ea,2e48e1ab8534
England,E12000002,E08000011,Knowsley,KNOWS_2c88342bd254,cdeafeaccfd9
England,E12000002,E08000011,Knowsley,KNOWS_3f7ed3ebe53e,a2726b899b3a
England,E12000002,E08000011,Knowsley,KNOWS_c5b67bf4a72d,60d4944dbdd7
England,E12000002,E08000011,Knowsley,KNOWS_1c2ea7f58483,f30a47af7db4
England,E12000002,E08000011,Knowsley,KNOWS_4527b1d0eb05,8453e781f5f5
England,E12000002,E08000011,Knowsley,KNOWS_0a1d02cd9ab8,626ac4e7c335
England,E12000002,E08000011,Knowsley,KNOWS_96af1cc728bb,ffd44c6f11cd
England,E12000002,E08000011,Knowsley,KNOWS_e0fccceb5c9a,196c65ab06c8
England,E12000002,E08000011,Knowsley,KNOWS_3b964d7865fa,cb3c2ca73393
England,E12000002,E08000011,Knowsley,KNOWS_3c1c3a1331f1,c7b7108209ff
England,E12000002,E08000011,Knowsley,KNOWS_0cd071208eb3,93416fddffc5
England,E12000002,E08000011,Knowsley,KNOWS_bb2d8098701c,832245f50cd8
England,E12000002,E08000011,Knowsley,KNOWS_363484de637c,0b9cd824930b
England,E12000002,E08000011,Knowsley,KNOWS_c170793d21ca,9d5dccce2449
England,E12000002,E08000011,Knowsley,KNOWS_e4773b32b7c2,f59e1b34a5b9
England,E12000002,E08000011,Knowsley,KNOWS_981c08b94b0a,66afc3193eab
England,E12000002,E08000011,Knowsley,KNOWS_dbcec4457a5e,07047cb631ab
England,E12000002,E08000011,Knowsley,KNOWS_5e49d4f8d458,628f523ee246
England,E12000002,E08000011,Knowsley,KNOWS_b832f4dfa667,6e00766206bf
England,E12000002,E08000011,Knowsley,KNOWS_6ef2be0d551f,1d98143d9a04
England,E12000002,E08000011,Knowsley,KNOWS_833017868dca,f1e6ee15f4cf
England,E12000002,E08000011,Knowsley,KNOWS_5f8e089afb1c,273b13204a24
England,E12000002,E08000011,Knowsley,KNOWS_9d6f1c6acb2d,f365c68ffdcb
England,E12000002,E08000011,Knowsley,KNOWS_624ea6fd970f,cf5cee7db94e
England,E12000002,E08000011,Knowsley,KNOWS_655149e3ca61,f20e4a39c823
England,E12000002,E08000011,Knowsley,KNOWS_4be0e2f60f3d,edab5d896893
England,E12000002,E08000011,Knowsley,KNOWS_b8855cdcf552,8eb497056c9a
England,E12000002,E08000011,Knowsley,KNOWS_d46d0318d151,87e47db213c9
England,E12000002,E08000011,Knowsley,KNOWS_7c0ab8ce8006,5a36aa039a1c
England,E12000002,E08000011,Knowsley,KNOWS_356901e19ab9,59d72807016a
England,E12000002,E08000011,Knowsley,KNOWS_924899ce0a91,d0fe8108198f
England,E12000002,E08000011,Knowsley,KNOWS_b45f3f54a72b,5cdf1da5a6a7
England,E12000002,E08000011,Knowsley,KNOWS_17b7e695931e,6a077f55daff
England,E12000002,E08000011,Knowsley,KNOWS_278a00d0ca57,211186089467
England,E12000002,E08000011,Knowsley,KNOWS_626980a15d04,507c13d543cf
England,E12000002,E08000011,Knowsley,KNOWS_5b601508b05e,0863ef4d98d7
England,E12000002,E08000011,Knowsley,KNOWS_d59049417346,6b920aad73b7
England,E12000002,E08000011,Knowsley,KNOWS_956725605d84,e7df040bd25e
England,E12000002,E08000011,Knowsley,KNOWS_26b175870c96,163a0b2e7738
England,E12000002,E08000011,Knowsley,KNOWS_a8f6579b9e57,10dbd0bd2b11
England,E12000002,E08000011,Knowsley,KNOWS_7be2dce3ca7e,081a68b387c3
England,E12000002,E08000011,Knowsley,KNOWS_b6a3291352fa,511080ee37e2
England,E12000002,E08000011,Knowsley,KNOWS_e0c0d17f068d,d74d3df8568b
England,E12000002,E08000011,Knowsley,KNOWS_fd23267622e8,24a830e1ae99
England,E12000002,E08000011,Knowsley,KNOWS_45dd34144177,0440316c2922
England,E12000002,E08000011,Knowsley,KNOWS_178d2ccbc04c,571b4a0bcd84
England,E12000002,E08000011,Knowsley,KNOWS_a6caa8c1335f,1ecd6c0f96fb
England,E12000002,E08000011,Knowsley,KNOWS_0af755ce745b,e081864eda0e
England,E12000002,E08000011,Knowsley,KNOWS_4e63beda70bc,5fd55cb64b02
England,E12000002,E08000011,Knowsley,KNOWS_788e3ec56c68,8847f7475984
England,E12000002,E08000011,Knowsley,KNOWS_210ede4c1152,12fcf2b88238
England,E12000002,E08000011,Knowsley,KNOWS_85527132c80c,62506196be0a
England,E12000002,E08000011,Knowsley,KNOWS_962c389117c1,439fb1326744
England,E12000002,E08000011,Knowsley,KNOWS_214045aeba49,408fbd2a513f
England,E12000002,E08000011,Knowsley,KNOWS_04015dbde834,2e61ba06f7db
England,E12000002,E08000011,Knowsley,KNOWS_d757d3f77dcf,450de9692227
England,E12000002,E08000011,Knowsley,KNOWS_d856fb9a8ca4,0257ff11201d
England,E12000002,E08000011,Knowsley,KNOWS_a4c5f8b5b397,4c16e88cf8be
England,E12000002,E08000011,Knowsley,KNOWS_5ecba62f5547,363f1dfe483a
England,E12000002,E08000011,Knowsley,KNOWS_ec342597fe4f,9456d801a606
England,E12000002,E08000011,Knowsley,KNOWS_458025f5c04a,d555e1d2b162
England,E12000002,E08000011,Knowsley,KNOWS_c3aae93dcb48,75fa8fcb8a47
England,E12000002,E08000011,Knowsley,KNOWS_2fd3e3812e3c,96a8d1259cf9
England,E12000002,E08000011,Knowsley,KNOWS_d462d02ddedb,8c58ea0f92d3
England,E12000002,E08000011,Knowsley,KNOWS_4dbca6273db7,0898a40da6d5
England,E12000002,E08000011,Knowsley,KNOWS_bc8c107d085d,b1a50f9af5bb
England,E12000002,E08000011,Knowsley,KNOWS_5636a78ef8e2,12827ab95c53
England,E12000002,E08000011,Knowsley,KNOWS_0bfaa655758a,d5831576a38e
England,E12000002,E08000011,Knowsley,KNOWS_f3e1ad12682d,505530405c39
England,E12000002,E08000011,Knowsley,KNOWS_a7c881140c21,1fe64699673c
England,E12000002,E08000011,Knowsley,KNOWS_87d5e6a7bdcb,d86e62eb91ac
England,E12000002,E08000011,Knowsley,KNOWS_893399056808,f332cdf92015
England,E12000002,E08000011,Knowsley,KNOWS_a727e75700e5,8ed649120146
England,E12000002,E08000011,Knowsley,KNOWS_591fc7a24dad,5c5efbd65f87
England,E12000002,E08000011,Knowsley,KNOWS_7ba3ce389a2c,194b65e84748
England,E12000002,E08000011,Knowsley,KNOWS_97efc62b293f,8ca5fae50c42
England,E12000002,E08000011,Knowsley,KNOWS_fe0ac9ae1539,a774c63ee2a8
England,E12000002,E08000011,Knowsley,KNOWS_fa571d7525f0,d0f4edfcc8a5
England,E12000002,E08000011,Knowsley,KNOWS_8bae3ed7679e,9ac66203f62e
England,E12000002,E08000011,Knowsley,KNOWS_bb477217bb90,980796fb8a3d
England,E12000002,E08000011,Knowsley,KNOWS_5c203af1c8b3,658cbfa55dce
England,E12000002,E08000011,Knowsley,KNOWS_05c34062282c,0efab94c9caa
England,E12000002,E08000011,Knowsley,KNOWS_ca71124a90ac,cf37b210ed8b
England,E12000002,E08000011,Knowsley,KNOWS_fa64c554fde6,b252bf74cc41
England,E12000002,E08000011,Knowsley,KNOWS_1edf49b32d8b,26d881098851
England,E12000002,E08000011,Knowsley,KNOWS_cf0c9f31ec23,5bb411b7c98a
England,E12000002,E08000011,Knowsley,KNOWS_3c40ac0502e2,29ccc69d1582
England,E12000002,E08000011,Knowsley,KNOWS_5e51726d95b8,f69dfc18df79
England,E12000002,E08000011,Knowsley,KNOWS_d710c66c036d,3e765c62a3ba
England,E12000002,E08000011,Knowsley,KNOWS_d3f02458c07a,9850414b1e56
England,E12000002,E08000011,Knowsley,KNOWS_d589b35c7a75,d503d285af2d
England,E12000002,E08000011,Knowsley,KNOWS_978694272c4f,2b5acc211155
England,E12000002,E08000011,Knowsley,KNOWS_a96ccdc93487,291f765b13d2
England,E12000002,E08000011,Knowsley,KNOWS_59b9181675a7,d0f1bca5046e
England,E12000002,E08000011,Knowsley,KNOWS_70e056c5b426,e9a53a0d6cb7
England,E12000002,E08000011,Knowsley,KNOWS_c24e08eb8718,1a75b191feab
England,E12000002,E08000011,Knowsley,KNOWS_93bbe29c6b8c,ee0f819486a9
England,E12000002,E08000011,Knowsley,KNOWS_e80c22566255,5d00bc288cb8
England,E12000002,E08000011,Knowsley,KNOWS_05b968efed10,6b6472ebefd2
England,E12000002,E08000011,Knowsley,KNOWS_35075bd2be6e,e720b26ece4d
England,E12000002,E08000011,Knowsley,KNOWS_5285f9d8aac3,cb4c89ecb8a9
England,E12000002,E08000011,Knowsley,KNOWS_5e397c8f1e85,9c8a1e337f6c
England,E12000002,E08000011,Knowsley,KNOWS_f92ae1983948,a4a14453eec6
England,E12000002,E08000011,Knowsley,KNOWS_528057117721,61686626e9b6
England,E12000002,E08000011,Knowsley,KNOWS_8a853dbcbe54,1e46bb88b7c0
England,E12000002,E08000011,Knowsley,KNOWS_c483b6f29bb9,f36596bb9cc3
England,E12000002,E08000011,Knowsley,KNOWS_178380e8a73d,7b8efed02076
England,E12000002,E08000011,Knowsley,KNOWS_c44f022b6e23,958439ae6f53
England,E12000002,E08000011,Knowsley,KNOWS_09f521005d96,d2aaa9141855
England,E12000002,E08000011,Knowsley,KNOWS_39fb47b9f844,3a01f20cd469
England,E12000002,E08000011,Knowsley,KNOWS_92af8eb20bc9,2c84b6b1f97e
England,E12000002,E08000011,Knowsley,KNOWS_e47d836433f6,b637b6af140e
England,E12000002,E08000011,Knowsley,KNOWS_f75f68241797,5d4aeaf5b2db
England,E12000002,E08000011,Knowsley,KNOWS_43bf70c2c80a,dc1e4ed349cc
England,E12000002,E08000011,Knowsley,KNOWS_0ca7057bf8be,e4df43c04f36
England,E12000002,E08000011,Knowsley,KNOWS_3045083e0f86,2b5cc6311376
England,E12000002,E08000011,Knowsley,KNOWS_09a4bb16682a,321331d92436
England,E12000002,E08000011,Knowsley,KNOWS_efed0672dc46,b2c1279c83d7
England,E12000002,E08000011,Knowsley,KNOWS_d32f93bde94d,7b8260ed1b56
England,E12000002,E08000011,Knowsley,KNOWS_d1d32ea21166,4c6263ea54b6
England,E12000002,E08000011,Knowsley,KNOWS_c81c2c9957c4,8bbbde3eee8e
England,E12000002,E08000011,Knowsley,KNOWS_3a55d16a0f6f,ba499bf614e2
England,E12000002,E08000011,Knowsley,KNOWS_47a4e0241097,ad3017b16391
England,E12000002,E08000011,Knowsley,KNOWS_43e3f39fc9a8,4ed5b5af5825
England,E12000002,E08000011,Knowsley,KNOWS_8635f52dd51f,d0b8149893d0
England,E12000002,E08000011,Knowsley,KNOWS_0636ca13d136,98066b1c80a3
England,E12000002,E08000011,Knowsley,KNOWS_e268891cafc3,5f7f056f018c
England,E12000002,E08000011,Knowsley,KNOWS_cd4a6a886c5c,565653fe8b2a
England,E12000002,E08000011,Knowsley,KNOWS_c0bca9570cc4,388a34110767
England,E12000002,E08000011,Knowsley,KNOWS_f05c1cdaa028,6a28ea819225
England,E12000002,E08000011,Knowsley,KNOWS_102e985ee1c7,a1f1a145cbd9
England,E12000002,E08000011,Knowsley,KNOWS_035d184bdd9e,32acbaebb53c
England,E12000002,E08000011,Knowsley,KNOWS_674345781017,737e91d17535
England,E12000002,E08000011,Knowsley,KNOWS_edd8ebec655a,43fe2cd74c4f
England,E12000002,E08000011,Knowsley,KNOWS_212074429994,27abd388a194
England,E12000002,E08000011,Knowsley,KNOWS_71e0f1231bd1,827e61795d3b
England,E12000002,E08000011,Knowsley,KNOWS_590347257ba5,ae780dcf2f07
England,E12000002,E08000011,Knowsley,KNOWS_75694462e950,2b0b26624a73
England,E12000002,E08000011,Knowsley,KNOWS_5230f38800fd,343a7ebd2c13
England,E12000002,E08000011,Knowsley,KNOWS_2eaf7112898d,914c814196d9
England,E12000002,E08000011,Knowsley,KNOWS_33600c4b840e,a8d6a2f02b56
England,E12000002,E08000011,Knowsley,KNOWS_e6765dc80c19,bcf786ba4f48
England,E12000002,E08000011,Knowsley,KNOWS_1337d6ad420e,4d6fdf3a55ad
England,E12000002,E08000011,Knowsley,KNOWS_231b9c94bd7d,41ed63af7cb7
England,E12000002,E08000011,Knowsley,KNOWS_80d4f4d42edb,51a985233698
England,E12000002,E08000011,Knowsley,KNOWS_c6cd7308eeb7,c7f2c6f30483
England,E12000002,E08000011,Knowsley,KNOWS_3c0e8b1135fd,c9f46e1bb8f5
England,E12000002,E08000011,Knowsley,KNOWS_1416e6debd9b,e38deb4ac3d3
England,E12000002,E08000011,Knowsley,KNOWS_df34726a4bc4,7082db4a55b0
England,E12000002,E08000011,Knowsley,KNOWS_3d2c83dccf81,ff5b69bb3251
England,E12000002,E08000011,Knowsley,KNOWS_605ed37fa1ab,b95d214a28fe
England,E12000002,E08000011,Knowsley,KNOWS_d63e366668c0,b2eae0afb6df
England,E12000002,E08000011,Knowsley,KNOWS_0bb342f670ce,2e2c9ba2e7bb
England,E12000002,E08000011,Knowsley,KNOWS_7b6a058b7f2e,e97d9ee85e53
England,E12000002,E08000011,Knowsley,KNOWS_8b185711d577,76527da778ab
England,E12000002,E08000011,Knowsley,KNOWS_3f5e35edd76c,0bf0151b4597
England,E12000002,E08000011,Knowsley,KNOWS_cd000e24d7cc,8ec51830ca00
England,E12000002,E08000011,Knowsley,KNOWS_abaee2995dbb,cb155e19ce49
England,E12000002,E08000011,Knowsley,KNOWS_970680ea6393,3eee1f77c19a
England,E12000002,E08000011,Knowsley,KNOWS_038fe07d7348,2768548add4d
England,E12000002,E08000011,Knowsley,KNOWS_1689fd3f7b59,308c169ceaac
England,E12000002,E08000011,Knowsley,KNOWS_07f8d77e27fb,a40953641a29
England,E12000002,E08000011,Knowsley,KNOWS_6621c152a57a,b3eb2b1f443c
England,E12000002,E08000011,Knowsley,KNOWS_8e025138dca1,a108dc8d6a9c
England,E12000002,E08000011,Knowsley,KNOWS_190233df3f27,e35c095c7ad3
England,E12000002,E08000011,Knowsley,KNOWS_4b990d561ba1,e117b39bd175
England,E12000002,E08000011,Knowsley,KNOWS_ef7079ecedce,725578f80866
England,E12000002,E08000011,Knowsley,KNOWS_796a0c6b0bcc,a30474dbf08d
England,E12000002,E08000011,Knowsley,KNOWS_7208a07a6734,2dd19f4784d5
England,E12000002,E08000011,Knowsley,KNOWS_823fb7769c9b,0c3d9f6da95f
England,E12000002,E08000011,Knowsley,KNOWS_c3edf5314193,e001685a86ce
England,E12000002,E08000011,Knowsley,KNOWS_c6982e89de75,0380f9f80511
England,E12000002,E08000011,Knowsley,KNOWS_0a4b84633596,6e5d206108f7
England,E12000002,E08000011,Knowsley,KNOWS_f6ad526f6189,f07a0b9db435
England,E12000002,E08000011,Knowsley,KNOWS_1f1b039d5d46,5b5c9e115de4
England,E12000002,E08000011,Knowsley,KNOWS_14db53555ee7,d4cd1400599b
England,E12000002,E08000011,Knowsley,KNOWS_c78e987eef21,a32095475a16
England,E12000002,E08000011,Knowsley,KNOWS_d2a249f708f1,ebb4c2df03dd
England,E12000002,E08000011,Knowsley,KNOWS_78eca2dfb948,11884da30301
England,E12000002,E08000011,Knowsley,KNOWS_33508f9b7805,8d4716df820b
England,E12000002,E08000011,Knowsley,KNOWS_9dfb4639af06,3afc27b53ee3
England,E12000002,E08000011,Knowsley,KNOWS_934f407dc4b6,6e787ad0d152
England,E12000002,E08000011,Knowsley,KNOWS_7422054fa077,d35c716f7a5f
England,E12000002,E08000011,Knowsley,KNOWS_b44eb6e0fa11,3c2d8bfd7b1c
England,E12000002,E08000011,Knowsley,KNOWS_fa97bf81cace,0c15538a15c1
England,E12000002,E08000011,Knowsley,KNOWS_16c4b4015198,04dae7a64f75
England,E12000002,E08000011,Knowsley,KNOWS_8de48714fc4a,f1b94d20798b
England,E12000002,E08000011,Knowsley,KNOWS_7f82fa45ce0e,157ece505c26
England,E12000002,E08000011,Knowsley,KNOWS_65cc92cca31f,6a553327fa83
England,E12000002,E08000011,Knowsley,KNOWS_95ee0c1e6525,c948a5dea893
England,E12000002,E08000011,Knowsley,KNOWS_252b82928218,e8eb4d8ddb54
England,E12000002,E08000011,Knowsley,KNOWS_367416b5fe99,51df7234772d
England,E12000002,E08000011,Knowsley,KNOWS_759b0b7dc4cc,1c0269f89a03
England,E12000002,E08000011,Knowsley,KNOWS_575864f09714,b18be4290411
England,E12000002,E08000011,Knowsley,KNOWS_d17fac57615b,936c419d879e
England,E12000002,E08000011,Knowsley,KNOWS_aa0b97f6fd42,746e7e296a6e
England,E12000002,E08000011,Knowsley,KNOWS_f3248c72ed0b,943d3aa2ac7e
England,E12000002,E08000011,Knowsley,KNOWS_e3d94103dd55,53a205dff520
England,E12000002,E08000011,Knowsley,KNOWS_116df259c8d3,9a43ca2fd184
England,E12000002,E08000011,Knowsley,KNOWS_be598b89f200,86b3c9901ff0
England,E12000002,E08000011,Knowsley,KNOWS_02f18388eb4e,e26594b306e8
England,E12000002,E08000011,Knowsley,KNOWS_799557c59ceb,6209a2b5495a
England,E12000002,E08000011,Knowsley,KNOWS_2265891fbc22,1af291a5df36
England,E12000002,E08000011,Knowsley,KNOWS_3349beaad886,8a014560bb15
England,E12000002,E08000011,Knowsley,KNOWS_c785861d6bb5,29fcfbd45ac6
England,E12000002,E08000011,Knowsley,KNOWS_4180fcf6fa1d,2e94cde6d938
England,E12000002,E08000011,Knowsley,KNOWS_1e4359d01a59,322335cd9431
England,E12000002,E08000011,Knowsley,KNOWS_4e6f0448e2ab,8a1e9a5cf395
England,E12000002,E08000011,Knowsley,KNOWS_4225eb894e0e,d5134a47d8bc
England,E12000002,E08000011,Knowsley,KNOWS_f4774728e480,bdb6f0cc67df
England,E12000002,E08000011,Knowsley,KNOWS_2a4df2cfd88a,6a8ce7d9c4d1
England,E12000002,E08000011,Knowsley,KNOWS_77f10d365894,0c1ce269d579
England,E12000002,E08000011,Knowsley,KNOWS_d5ba6fd746ab,c8b214199f1f
England,E12000002,E08000011,Knowsley,KNOWS_ee4c10fbe16e,69188f76e120
England,E12000002,E08000011,Knowsley,KNOWS_ec17e7917acf,f713bdd5e124
England,E12000002,E08000011,Knowsley,KNOWS_92388954bf2b,e0a859907ca6
England,E12000002,E08000011,Knowsley,KNOWS_46b86079ebad,f3028edbedd9
England,E12000002,E08000011,Knowsley,KNOWS_b32605089e57,ce9374867fb5
England,E12000002,E08000011,Knowsley,KNOWS_5ec40b8d2f7a,ce17d329b8fa
England,E12000002,E08000011,Knowsley,KNOWS_607eaed3215d,f2d163bd6b83
England,E12000002,E08000011,Knowsley,KNOWS_de983ae5fedd,b4b5db2790da
England,E12000002,E08000011,Knowsley,KNOWS_de7e6e4011ea,d12694983a01
England,E12000002,E08000011,Knowsley,KNOWS_2675fb0496c4,886621db76f4
England,E12000002,E08000011,Knowsley,KNOWS_296b73aeb8eb,b1b23965281e
England,E12000002,E08000011,Knowsley,KNOWS_899aca3841a3,04b5ea921405
England,E12000002,E08000011,Knowsley,KNOWS_8f14379a1b28,5c107a6dd881
England,E12000002,E08000011,Knowsley,KNOWS_bdf64ee8d159,2ccfea82bc69
England,E12000002,E08000011,Knowsley,KNOWS_f6b1d979162c,b26af0ded79a
England,E12000002,E08000011,Knowsley,KNOWS_6a1ef0cf83a0,df3f9b631ce4
England,E12000002,E08000011,Knowsley,KNOWS_5bfeb1d02b81,350da71f7f26
England,E12000002,E08000011,Knowsley,KNOWS_7b4fa25c2349,5fb5ea6b95c4
England,E12000002,E08000011,Knowsley,KNOWS_394ac7644850,aa7a35845484
England,E12000002,E08000011,Knowsley,KNOWS_f4683b2abc9d,f568fb66b48f
England,E12000002,E08000011,Knowsley,KNOWS_879b077648a8,c427fe0b56fc
England,E12000002,E08000011,Knowsley,KNOWS_b6f0440fac61,eb5aa05d423c
England,E12000002,E08000011,Knowsley,KNOWS_bc0a8ab0d92d,55dec5990b19
England,E12000002,E08000011,Knowsley,KNOWS_0c1800731d28,e7f5a4fbc16a
England,E12000002,E08000011,Knowsley,KNOWS_2ec8d7e9b57d,6fb5f7afe53e
England,E12000002,E08000011,Knowsley,KNOWS_61a4dfea43e9,6159cc0eb888
England,E12000002,E08000011,Knowsley,KNOWS_830ff899776f,084a07c40d18
England,E12000002,E08000011,Knowsley,KNOWS_3131193cac9e,351e77bf17b2
England,E12000002,E08000011,Knowsley,KNOWS_bcbae2271d28,becdd4c5f7db
England,E12000002,E08000011,Knowsley,KNOWS_d16440cb95b0,4fcb0883d98b
England,E12000002,E08000011,Knowsley,KNOWS_2bd571174f2d,57137e946334
England,E12000002,E08000011,Knowsley,KNOWS_8433a6e49d33,e7c105f5a4bc
England,E12000002,E08000011,Knowsley,KNOWS_36fa369b1cf2,af3b86ff49cd
England,E12000002,E08000011,Knowsley,KNOWS_415a1b228726,c253247c2169
England,E12000002,E08000011,Knowsley,KNOWS_e82a410acaf2,f36aa1718828
England,E12000002,E08000011,Knowsley,KNOWS_6d19013b2d1a,39dfce5508a5
England,E12000002,E08000011,Knowsley,KNOWS_dc0d103e410a,c6cc37a1c956
England,E12000002,E08000011,Knowsley,KNOWS_05e7671bd520,4b0a33460e82
England,E12000002,E08000011,Knowsley,KNOWS_36d17491a21f,472bf36c597d
England,E12000002,E08000011,Knowsley,KNOWS_579a86705ca2,b20e07a41f47
England,E12000002,E08000011,Knowsley,KNOWS_596f480492d0,f87e0e8b7dc9
England,E12000002,E08000011,Knowsley,KNOWS_091040f77518,c59b67a404e2
England,E12000002,E08000011,Knowsley,KNOWS_11b2acecfc53,f5b6d073d1b6
England,E12000002,E08000011,Knowsley,KNOWS_93ee46fddb57,de983c5bdc08
England,E12000002,E08000011,Knowsley,KNOWS_d6e787e1f6e4,d0ece835e1bb
England,E12000002,E08000011,Knowsley,KNOWS_81c6ae954919,f3f6b2f60c71
England,E12000002,E08000011,Knowsley,KNOWS_269c52d2e78f,12b0f4fa23eb
England,E12000002,E08000011,Knowsley,KNOWS_630c1a20ed61,9071dece87e2
England,E12000002,E08000011,Knowsley,KNOWS_6a6e9a00bfcf,26c5edcb1c27
England,E12000002,E08000011,Knowsley,KNOWS_022fbbb21f82,98b6b78c0fd7
England,E12000002,E08000011,Knowsley,KNOWS_c9026b672fd5,26c71ed29357
England,E12000002,E08000011,Knowsley,KNOWS_6d1d5702a820,b0be67243a31
England,E12000002,E08000011,Knowsley,KNOWS_b8fb67d71b7c,36ee4c0f5d92
England,E12000002,E08000011,Knowsley,KNOWS_bbfe14a9f38e,dbd1692f96f6
England,E12000002,E08000011,Knowsley,KNOWS_2bbfd02a27f8,00dcffd8c646
England,E12000002,E08000011,Knowsley,KNOWS_e00bea2b6607,079c251730f0
England,E12000002,E08000011,Knowsley,KNOWS_f13f2fe3f190,df0e31d5b15b
England,E12000002,E08000011,Knowsley,KNOWS_9fa7ac82a596,58d74800e747
England,E12000002,E08000011,Knowsley,KNOWS_b96d8559d01e,13c13dc551fc
England,E12000002,E08000011,Knowsley,KNOWS_af2c7f54d20b,cd75386c1491
England,E12000002,E08000011,Knowsley,KNOWS_da0c2bc59022,bd550e611970
England,E12000002,E08000011,Knowsley,KNOWS_bb9007c32b72,ddf8530adcc9
England,E12000002,E08000011,Knowsley,KNOWS_94ebf80043fa,fb842a8967e4
England,E12000002,E08000011,Knowsley,KNOWS_6d90facad4a3,7584c68470b3
England,E12000002,E08000011,Knowsley,KNOWS_69447c23390f,a4048c05d99a
England,E12000002,E08000011,Knowsley,KNOWS_db277f6c4c46,bcade29d8b6b
England,E12000002,E08000011,Knowsley,KNOWS_2edf9bc1e5ee,528b4ffbc09d
England,E12000002,E08000011,Knowsley,KNOWS_c99bd1fea7e6,4b3265690c50
England,E12000002,E08000011,Knowsley,KNOWS_e3d7610851f6,d3bdb48baf8d
England,E12000002,E08000011,Knowsley,KNOWS_2fb09bfb1bec,29a86167108a
England,E12000002,E08000011,Knowsley,KNOWS_c4bdbb4592f4,6ba78354f579
England,E12000002,E08000011,Knowsley,KNOWS_1e5fe0842c02,b8ec0f42e91b
England,E12000002,E08000011,Knowsley,KNOWS_cdbb985e2de7,10db4c26d466
England,E12000002,E08000011,Knowsley,KNOWS_6d368f34370c,53f0c6f2adf2
England,E12000002,E08000011,Knowsley,KNOWS_d6e3fa11c88e,3e0af7f26d57
England,E12000002,E08000011,Knowsley,KNOWS_682157a0975c,27dfb7a949aa
England,E12000002,E08000011,Knowsley,KNOWS_614ac8848561,21f23b588f49
England,E12000002,E08000011,Knowsley,KNOWS_1ebc12e0203c,9252ade7c730
England,E12000002,E08000011,Knowsley,KNOWS_4fd1cc7427b1,407c2d0267d9
England,E12000002,E08000011,Knowsley,KNOWS_c6c181fcc2e4,d256d10f83a9
England,E12000002,E08000011,Knowsley,KNOWS_de6b0b169cff,66a2942a31b5
England,E12000002,E08000011,Knowsley,KNOWS_0b9762476316,7fed08cd8736
England,E12000002,E08000011,Knowsley,KNOWS_567addd14e24,6d78ead07331
England,E12000002,E08000011,Knowsley,KNOWS_f246e9dc6475,c8939f0bb915
England,E12000002,E08000011,Knowsley,KNOWS_4851b89b248c,73804e460279
England,E12000002,E08000011,Knowsley,KNOWS_0ebbda2b1db1,2e1d37696b91
England,E12000002,E08000011,Knowsley,KNOWS_4affdb364a44,46f057f44719
England,E12000002,E08000011,Knowsley,KNOWS_2da601859222,fd56a485f432
England,E12000002,E08000011,Knowsley,KNOWS_46e3f9ea970a,2c24be414308
England,E12000002,E08000011,Knowsley,KNOWS_5df8051fa342,f1a3183baa2f
England,E12000002,E08000011,Knowsley,KNOWS_c47eab21edc2,743e5bd89e23
England,E12000002,E08000011,Knowsley,KNOWS_e50e13a106d8,c66cb204f09f
England,E12000002,E08000011,Knowsley,KNOWS_abe164b28985,9383d52313cb
England,E12000002,E08000011,Knowsley,KNOWS_4ca28916eed3,b889570e81ed
England,E12000002,E08000011,Knowsley,KNOWS_16ff5d9110c2,75ace52614e8
England,E12000002,E08000011,Knowsley,KNOWS_2c152cb9847e,4a98e5859e0c
England,E12000002,E08000011,Knowsley,KNOWS_85ce5e5e894e,9a2409949b5d
England,E12000002,E08000011,Knowsley,KNOWS_1d2b91ecc1ab,193074b0f97c
England,E12000002,E08000011,Knowsley,KNOWS_75429772e2d8,20f52a9ce7b4
England,E12000002,E08000011,Knowsley,KNOWS_e7c562afd662,1f6b399642b4
England,E12000002,E08000011,Knowsley,KNOWS_d23a750723b7,14aee761b09c
England,E12000002,E08000011,Knowsley,KNOWS_b5a2c6fc913e,d8c95719313e
England,E12000002,E08000011,Knowsley,KNOWS_7f607c28bcaa,8803beb60043
England,E12000002,E08000011,Knowsley,KNOWS_f603c487f9ad,7125e4eb8ec1
England,E12000002,E08000011,Knowsley,KNOWS_f4e9db5b00eb,7b4efa9402ba
England,E12000002,E08000011,Knowsley,KNOWS_25a2be036e4a,154cf1369e1d
England,E12000002,E08000011,Knowsley,KNOWS_af8bfbf35f12,d216a65bd89e
England,E12000002,E08000011,Knowsley,KNOWS_7bd1a93429b6,113eec0963df
England,E12000002,E08000011,Knowsley,KNOWS_7c0f0309d327,e552964e9cb4
England,E12000002,E08000011,Knowsley,KNOWS_e9412e1d9d43,7d4194d40739
England,E12000002,E08000011,Knowsley,KNOWS_48d148815e15,1ac6f4daa6f9
England,E12000002,E08000011,Knowsley,KNOWS_320299be3d7d,50f141551e54
England,E12000002,E08000011,Knowsley,KNOWS_a1ca99f6206b,7c3e92b78442
England,E12000002,E08000011,Knowsley,KNOWS_c056e7a1233f,a622465e40f1
England,E12000002,E08000011,Knowsley,KNOWS_86eea6feb84f,c87597d3d654
England,E12000002,E08000011,Knowsley,KNOWS_4c8b28797546,c7120c2626ab
England,E12000002,E08000011,Knowsley,KNOWS_c78c0f0bc714,baf235c0f91d
England,E12000002,E08000011,Knowsley,KNOWS_f639b5d20d06,b9ab2891a902
England,E12000002,E08000011,Knowsley,KNOWS_a24b4d6ee016,6e5f5d004a78
England,E12000002,E08000011,Knowsley,KNOWS_bef2ece196f4,98b249c94e54
England,E12000002,E08000011,Knowsley,KNOWS_32fd2bd8f34f,7a2d0dfd3df5
England,E12000002,E08000011,Knowsley,KNOWS_7310ac3caa1f,4758b84b0a09
England,E12000002,E08000011,Knowsley,KNOWS_e956277f9927,2fdfd809eff5
England,E12000002,E08000011,Knowsley,KNOWS_fcf700626d23,48447b56ed88
England,E12000002,E08000011,Knowsley,KNOWS_fa980d163060,e1fa849e4064
England,E12000002,E08000011,Knowsley,KNOWS_20b8d3a1e123,6d11342ab940
England,E12000002,E08000011,Knowsley,KNOWS_0af2f762371d,47288289e264
England,E12000002,E08000011,Knowsley,KNOWS_758ba5fce3fd,d9f28a21e80c
England,E12000002,E08000011,Knowsley,KNOWS_be454c47e283,f2af07d4bc3d
England,E12000002,E08000011,Knowsley,KNOWS_eafe48e1a5c6,e36d1f83ce59
England,E12000002,E08000011,Knowsley,KNOWS_b9ed1b0235c5,cb7291e9025e
England,E12000002,E08000011,Knowsley,KNOWS_f4c09af578b1,e8bdf365ed46
England,E12000002,E08000011,Knowsley,KNOWS_7563ae3aaf55,7db1b6eba1fc
England,E12000002,E08000011,Knowsley,KNOWS_3af3a0cfcd7d,d0f44d90a825
England,E12000002,E08000011,Knowsley,KNOWS_4d028dacb308,daf346fb0a89
England,E12000002,E08000011,Knowsley,KNOWS_3fe0eab8485b,a989dd4b6d8c
England,E12000002,E08000011,Knowsley,KNOWS_8d8704730c6f,8696d1d14d09
England,E12000002,E08000011,Knowsley,KNOWS_acc7b8aa066a,4d74de7851b7
England,E12000002,E08000011,Knowsley,KNOWS_b4f3ca8b8b3b,8f7df81aee3d
England,E12000002,E08000011,Knowsley,KNOWS_efa88296ca23,6ed8f4f8fb0c
England,E12000002,E08000011,Knowsley,KNOWS_0d1d6a50130c,04fbc1456a95
England,E12000002,E08000011,Knowsley,KNOWS_0e1ce5927ae5,e0ca8f2040ab
England,E12000002,E08000011,Knowsley,KNOWS_e9512e463f1a,f8a99af9e345
England,E12000002,E08000011,Knowsley,KNOWS_4d5fd49e008e,d46369f2068a
England,E12000002,E08000011,Knowsley,KNOWS_53461bda187a,a260f4b3de1d
England,E12000002,E08000011,Knowsley,KNOWS_e2b7f889558a,45a99058692c
England,E12000002,E08000011,Knowsley,KNOWS_dc9df764b565,606e881112c3
England,E12000002,E08000011,Knowsley,KNOWS_1c16a2772c67,7f160a10c96c
England,E12000002,E08000011,Knowsley,KNOWS_ddfac32aaeee,0d2f0f74030e
England,E12000002,E08000011,Knowsley,KNOWS_7c719dfff9eb,33bf4af071e5
England,E12000002,E08000011,Knowsley,KNOWS_1450ea355520,b44faa0fc572
England,E12000002,E08000011,Knowsley,KNOWS_f11020f1f031,d19b7b569766
England,E12000002,E08000011,Knowsley,KNOWS_04c42faf5f35,bb59122c185a
England,E12000002,E08000011,Knowsley,KNOWS_b727b963f5b8,b41d881dd942
England,E12000002,E08000011,Knowsley,KNOWS_5d926b0d8de6,6f4fa6eea692
England,E12000002,E08000011,Knowsley,KNOWS_b13dab1b176f,a1d81b41d81a
England,E12000002,E08000011,Knowsley,KNOWS_b73aef9dd909,5301e19ba366
England,E12000002,E08000011,Knowsley,KNOWS_6a365ca483d1,2347f4066ade
England,E12000002,E08000011,Knowsley,KNOWS_14c2eba2dd0e,19b981ec7f49
England,E12000002,E08000011,Knowsley,KNOWS_17564f84cf07,fe9868673180
England,E12000002,E08000011,Knowsley,KNOWS_545f352ef1ea,3963616aa87f
England,E12000002,E08000011,Knowsley,KNOWS_9d93e31bab7a,2d5365643ab2
England,E12000002,E08000011,Knowsley,KNOWS_401013498d38,178de797a3b0
England,E12000002,E08000011,Knowsley,KNOWS_1b6397474856,4b49ee1b340a
England,E12000002,E08000011,Knowsley,KNOWS_bb495f32c2f2,52ee74f8f681
England,E12000002,E08000011,Knowsley,KNOWS_46f73dfd1c35,f6f190e66deb
England,E12000002,E08000011,Knowsley,KNOWS_ce5e89f5cea4,9bcf7c86d1d2
England,E12000002,E08000011,Knowsley,KNOWS_b8a83350b2ef,44e991b5e2af
England,E12000002,E08000011,Knowsley,KNOWS_c54d34fb5295,55dbf9509038
England,E12000002,E08000011,Knowsley,KNOWS_9781801f573e,e46b7dc06614
England,E12000002,E08000011,Knowsley,KNOWS_5b10d17a6521,e93ab3681220
England,E12000002,E08000011,Knowsley,KNOWS_a50c26dd68e2,d8b3051f1dbe
England,E12000002,E08000011,Knowsley,KNOWS_0c9d055c43e1,49cc1fbb1f9f
England,E12000002,E08000011,Knowsley,KNOWS_d848c96ae666,777bb555d359
England,E12000002,E08000011,Knowsley,KNOWS_10cb6255ebfa,b7127c38553e
England,E12000002,E08000011,Knowsley,KNOWS_04ac25a5f312,dab7e60d4244
England,E12000002,E08000011,Knowsley,KNOWS_ef55fbf4ba66,37543e01af7c
England,E12000002,E08000011,Knowsley,KNOWS_85a631ff93c2,6e1a8d2151e5
England,E12000002,E08000011,Knowsley,KNOWS_0a768acf1a65,cdc6a721d92a
England,E12000002,E08000011,Knowsley,KNOWS_2e29f2934b34,a3456fc7ec84
England,E12000002,E08000011,Knowsley,KNOWS_e6d804a3ee5d,53a2417a2ffc
England,E12000002,E08000011,Knowsley,KNOWS_cdd869ca76a6,e24b48f3ad51
England,E12000002,E08000011,Knowsley,KNOWS_77165f815f09,ce82eb9d2d59
England,E12000002,E08000011,Knowsley,KNOWS_e14428896f12,cbb73f15b8e9
England,E12000002,E08000011,Knowsley,KNOWS_bd4142984ff2,1e66561c9d1c
England,E12000002,E08000011,Knowsley,KNOWS_1d29e7a6e46c,ffc92f5d8e28
England,E12000002,E08000011,Knowsley,KNOWS_2e1dea976036,9ddc5602c9e1
England,E12000002,E08000011,Knowsley,KNOWS_b2b8bb034ac0,9d41692a1d43
England,E12000002,E08000011,Knowsley,KNOWS_151f3d4036d0,e62f3c03d941
England,E12000002,E08000011,Knowsley,KNOWS_05f4bbd66810,3db18c46d10b
England,E12000002,E08000011,Knowsley,KNOWS_5351ab82808d,a248a11e657a
England,E12000002,E08000011,Knowsley,KNOWS_6e91d36ea8d1,a1d71de6c3e5
England,E12000002,E08000011,Knowsley,KNOWS_3945106b13ab,961350e16d45
England,E12000002,E08000011,Knowsley,KNOWS_de3fb91fa08b,3b60b12cc051
England,E12000002,E08000011,Knowsley,KNOWS_9e27c7db4dac,5be86f21b9f5
England,E12000002,E08000011,Knowsley,KNOWS_52fa97010c02,23c60246ad0f
England,E12000002,E08000011,Knowsley,KNOWS_abd2b677e1be,64b540923ac5
England,E12000002,E08000011,Knowsley,KNOWS_ab40aeb1923c,f7993b283bae
England,E12000002,E08000011,Knowsley,KNOWS_c8e85ed98221,4e879b0ffb75
England,E12000002,E08000011,Knowsley,KNOWS_2a34823fbf2d,58e7bc6ddf8c
England,E12000002,E08000011,Knowsley,KNOWS_5c7191cc4124,4ac858a15ce9
England,E12000002,E08000011,Knowsley,KNOWS_4d9c4b4edcf9,84027bfa7429
England,E12000002,E08000011,Knowsley,KNOWS_9836b8f8de8b,3812b8977de6
England,E12000002,E08000011,Knowsley,KNOWS_499f97cf9e6e,9f1506f99aaf
England,E12000002,E08000011,Knowsley,KNOWS_1c14d839a66e,abd1ed37d542
England,E12000002,E08000011,Knowsley,KNOWS_ccea1ea512ab,a8be43c6e9ed
England,E12000002,E08000011,Knowsley,KNOWS_b1275b09cd71,746bf740f353
England,E12000002,E08000011,Knowsley,KNOWS_54b91fb5cd0b,03a09f54e53c
England,E12000002,E08000011,Knowsley,KNOWS_6c62589adbd3,860067dcfcaa
England,E12000002,E08000011,Knowsley,KNOWS_60da13c52cab,41bd60744f25
England,E12000002,E08000011,Knowsley,KNOWS_92717badd8f5,3212c4068a14
England,E12000002,E08000011,Knowsley,KNOWS_855310f74e6b,b8262365150c
England,E12000002,E08000011,Knowsley,KNOWS_6c534516e6ed,d00e712fcb0c
England,E12000002,E08000011,Knowsley,KNOWS_5b957116c42e,56ffd781a682
England,E12000002,E08000011,Knowsley,KNOWS_4e9b081dafb0,5327a78a2fc2
England,E12000002,E08000011,Knowsley,KNOWS_47a4b8fe6bd2,d8adc69688da
England,E12000002,E08000011,Knowsley,KNOWS_bcf164ab6632,84f7aafeb3b5
England,E12000002,E08000011,Knowsley,KNOWS_3ccd259e7f84,77ff225d87c0
England,E12000002,E08000011,Knowsley,KNOWS_688b985d937d,1c2269d38721
England,E12000002,E08000011,Knowsley,KNOWS_358357e0457a,2cfeb1a262d2
England,E12000002,E08000011,Knowsley,KNOWS_315eb85ce8d6,2b90c12b1749
England,E12000002,E08000011,Knowsley,KNOWS_018c7f30f1fb,e51615e68e79
England,E12000002,E08000011,Knowsley,KNOWS_359f19008576,42bc7e6e5fad
England,E12000002,E08000011,Knowsley,KNOWS_a5bca93f0730,40c299c8e150
England,E12000002,E08000011,Knowsley,KNOWS_e1dacaa0f4d2,b29eaa03d2cb
England,E12000002,E08000011,Knowsley,KNOWS_3394f470b2ca,f1b98ec8bd03
England,E12000002,E08000011,Knowsley,KNOWS_d30314f4f392,999408e394ba
England,E12000002,E08000011,Knowsley,KNOWS_7683496fb4f2,f1851baa3b4d
England,E12000002,E08000011,Knowsley,KNOWS_4a811d609517,2b3f7e5ac362
England,E12000002,E08000011,Knowsley,KNOWS_9806844ed728,8799ea035064
England,E12000002,E08000011,Knowsley,KNOWS_d2ee2bc7f44b,1ff87007da0b
England,E12000002,E08000011,Knowsley,KNOWS_f8123151a8af,154b7d1a6f33
England,E12000002,E08000011,Knowsley,KNOWS_38db42856044,975dbc120630
England,E12000002,E08000011,Knowsley,KNOWS_49cc5dae526c,f24c2c97f51c
England,E12000002,E08000011,Knowsley,KNOWS_04491f48283d,7a4be3d1744c
England,E12000002,E08000011,Knowsley,KNOWS_6bc5b5ed3e90,4d29331f6787
England,E12000002,E08000011,Knowsley,KNOWS_22175071b60b,3c4486fbf163
England,E12000002,E08000011,Knowsley,KNOWS_3033a792eb9d,6fadffb8820e
England,E12000002,E08000011,Knowsley,KNOWS_18d0be6fbce7,b549ee3cfb25
England,E12000002,E08000011,Knowsley,KNOWS_efb7b8d74385,5e65df3a447a
England,E12000002,E08000011,Knowsley,KNOWS_a2705e5cf3df,2b6b1275cfa4
England,E12000002,E08000011,Knowsley,KNOWS_a636c575b614,0f68cbb883f6
England,E12000002,E08000011,Knowsley,KNOWS_83c701275c34,94d7ec364b83
England,E12000002,E08000011,Knowsley,KNOWS_9f3fa2d6fc89,ae92a1e7f9c6
England,E12000002,E08000011,Knowsley,KNOWS_7b3c42fed8fa,b1b4d82eaecf
England,E12000002,E08000011,Knowsley,KNOWS_b06b4b5f5099,29ef157294bf
England,E12000002,E08000011,Knowsley,KNOWS_bb0a93fbeded,a73dab61cf8d
England,E12000002,E08000011,Knowsley,KNOWS_c8738105fb32,6a0472c3374b
England,E12000002,E08000011,Knowsley,KNOWS_0c1fc8b3154b,e411572c430c
England,E12000002,E08000011,Knowsley,KNOWS_c69512251ce4,a606738202ae
England,E12000002,E08000011,Knowsley,KNOWS_579bcc8e87e9,68982dc2cf2b
England,E12000002,E08000011,Knowsley,KNOWS_21833a51ed1c,f8078128d5dd
England,E12000002,E08000011,Knowsley,KNOWS_435f3d8d8eb9,b682639a1450
England,E12000002,E08000011,Knowsley,KNOWS_4bbe088db9b4,0f6e7bcb35b0
England,E12000002,E08000011,Knowsley,KNOWS_5fa9eb7228cd,5a913ba043a7
England,E12000002,E08000011,Knowsley,KNOWS_e13896485f94,65ba0790ae37
England,E12000002,E08000011,Knowsley,KNOWS_c528067f62ba,f6c8cdf8464b
England,E12000002,E08000011,Knowsley,KNOWS_300b4817b7e3,606bef417381
England,E12000002,E08000011,Knowsley,KNOWS_3fcfac178b32,5b1ddee27d9b
England,E12000002,E08000011,Knowsley,KNOWS_088c0bfb45ef,881b4d8b3483
England,E12000002,E08000011,Knowsley,KNOWS_e7bd6b6796bb,fe92ed917390
England,E12000002,E08000011,Knowsley,KNOWS_8733e3b7db90,1420ee62d17c
England,E12000002,E08000011,Knowsley,KNOWS_037c8748ba9b,58a2bfe1dc8b
England,E12000002,E08000011,Knowsley,KNOWS_5f7c4d4dff75,4ec387dee8ec
England,E12000002,E08000011,Knowsley,KNOWS_151cebdd1a91,bb7be0b665fb
England,E12000002,E08000011,Knowsley,KNOWS_c6c8f83502cf,d2fb8e40a114
England,E12000002,E08000011,Knowsley,KNOWS_84b7a553d8cb,bd6e8e1c80f8
England,E12000002,E08000011,Knowsley,KNOWS_6501e3680d00,a8400848ab85
England,E12000002,E08000011,Knowsley,KNOWS_058c71f88e6f,4b67e2140b27
England,E12000002,E08000011,Knowsley,KNOWS_5f65f82e0448,499b72af5eac
England,E12000002,E08000011,Knowsley,KNOWS_36c6751d17c0,40fbe21fbe3d
England,E12000002,E08000011,Knowsley,KNOWS_9c9c7fb14e13,1300f2c5f9c8
England,E12000002,E08000011,Knowsley,KNOWS_50b01baa193b,896ac812570d
England,E12000002,E08000011,Knowsley,KNOWS_b11b3682fe88,e5222ecf7427
England,E12000002,E08000011,Knowsley,KNOWS_50dcfa9333ce,f949d7137ade
England,E12000002,E08000011,Knowsley,KNOWS_25c99013f4f8,111db8ca9aa3
England,E12000002,E08000011,Knowsley,KNOWS_78a7ee7d9155,40fedd46da31
England,E12000002,E08000011,Knowsley,KNOWS_dd44b62bd11d,558eb8284033
England,E12000002,E08000011,Knowsley,KNOWS_790bd112453b,a2251811ddab
England,E12000002,E08000011,Knowsley,KNOWS_f83d4e5923b1,013dd596ddf8
England,E12000002,E08000011,Knowsley,KNOWS_ef29449f5042,04c1180851b7
England,E12000002,E08000011,Knowsley,KNOWS_26578f9080d9,47db8e3c320b
England,E12000002,E08000011,Knowsley,KNOWS_20230cbda150,bd76f115b274
England,E12000002,E08000011,Knowsley,KNOWS_aac4b80a5b88,0fbc228997f2
England,E12000002,E08000011,Knowsley,KNOWS_426d6a492c55,c3946289edff
England,E12000002,E08000011,Knowsley,KNOWS_299cc8dfb748,c961a2d2dc2c
England,E12000002,E08000011,Knowsley,KNOWS_bd1c616df55f,d4375bb65d5b
England,E12000002,E08000011,Knowsley,KNOWS_b305ce7ce59c,1d9070145ba7
England,E12000002,E08000011,Knowsley,KNOWS_0e0f35ad8398,daf787fd3184
England,E12000002,E08000011,Knowsley,KNOWS_d0d2d6c03154,9b2e50c35ddc
England,E12000002,E08000011,Knowsley,KNOWS_6d30fbf89d3e,06894ddf640c
England,E12000002,E08000011,Knowsley,KNOWS_3df82d0ad6f6,2e2188ef1048
England,E12000002,E08000011,Knowsley,KNOWS_770cb38da7ce,a2c2d67f4a04
England,E12000002,E08000011,Knowsley,KNOWS_519088c0c969,4d371ae69724
England,E12000002,E08000011,Knowsley,KNOWS_a4c07186666d,ee76ffa7ccc5
England,E12000002,E08000011,Knowsley,KNOWS_a74662d9b9c3,0420b9c0ed65
England,E12000002,E08000011,Knowsley,KNOWS_7ef20df5f68d,ac9bc295e12b
England,E12000002,E08000011,Knowsley,KNOWS_af74729e6b69,e413c4869417
England,E12000002,E08000011,Knowsley,KNOWS_0a4f2c6ad86d,9eec2033ae9b
England,E12000002,E08000011,Knowsley,KNOWS_efc07fc66488,0c3ebac9ff18
England,E12000002,E08000011,Knowsley,KNOWS_b91a755feb25,7c26340d05d6
England,E12000002,E08000011,Knowsley,KNOWS_cd84f72ce51c,8569a827fb40
England,E12000002,E08000011,Knowsley,KNOWS_5954f9b20a41,17c7576092a1
England,E12000002,E08000011,Knowsley,KNOWS_6856f0257928,919a87d4fc04
England,E12000002,E08000011,Knowsley,KNOWS_87bbec0b5c33,375f05de069e
England,E12000002,E08000011,Knowsley,KNOWS_2a3da0e8fbfd,57cd2301555c
England,E12000002,E08000011,Knowsley,KNOWS_1e014f0794cb,146ec07b7431
England,E12000002,E08000011,Knowsley,KNOWS_61181d5ae4e6,84082bcb5bdc
England,E12000002,E08000011,Knowsley,KNOWS_5417053d3fdd,9ed3c8279f0f
England,E12000002,E08000011,Knowsley,KNOWS_d13bdb96b792,07822586f17e
England,E12000002,E08000011,Knowsley,KNOWS_123c8be406d0,ac26f71f3c58
England,E12000002,E08000011,Knowsley,KNOWS_7dc1dbd686bb,9a1cf1111101
England,E12000002,E08000011,Knowsley,KNOWS_e737f9dfad21,09574ac0f4e8
England,E12000002,E08000011,Knowsley,KNOWS_c17092e54c4d,59c38adc1bca
England,E12000002,E08000011,Knowsley,KNOWS_73d06b9f3ae1,b3fe73a653ed
England,E12000002,E08000011,Knowsley,KNOWS_b3e37e98f6f4,02d6c1d3d1a9
England,E12000002,E08000011,Knowsley,KNOWS_58a35696242d,34fd4d9669c6
England,E12000002,E08000011,Knowsley,KNOWS_04928067bfbe,353709d803ab
England,E12000002,E08000011,Knowsley,KNOWS_24485a4e6049,8881a6d655aa
England,E12000002,E08000011,Knowsley,KNOWS_3c8be8f744d1,588c6e90c6d2
England,E12000002,E08000011,Knowsley,KNOWS_5c0438973902,e6c88a7fa031
England,E12000002,E08000011,Knowsley,KNOWS_cc8174310a35,959531053fb7
England,E12000002,E08000011,Knowsley,KNOWS_2d3c5f533933,4dc32a319c47
England,E12000002,E08000011,Knowsley,KNOWS_4fa6f1368558,686952e72a6e
England,E12000002,E08000011,Knowsley,KNOWS_1409307d008e,3b292b20ce8f
England,E12000002,E08000011,Knowsley,KNOWS_8c1c660a08ee,5154c3b96540
England,E12000002,E08000011,Knowsley,KNOWS_3b8b4107d326,7ab312477f65
England,E12000002,E08000011,Knowsley,KNOWS_5a4f11be3a20,4470be0f14d0
England,E12000002,E08000011,Knowsley,KNOWS_02f34ab23574,db39266c4b4f
England,E12000002,E08000011,Knowsley,KNOWS_4c1b5e8640d9,87534a5c6804
England,E12000002,E08000011,Knowsley,KNOWS_795965bbbfb9,97f97823fbbb
England,E12000002,E08000011,Knowsley,KNOWS_b95960ce6b09,bd84345bfa0d
England,E12000002,E08000011,Knowsley,KNOWS_1672434627cf,d3c2412e4198
England,E12000002,E08000011,Knowsley,KNOWS_c26e3a20ae9e,e298528a7d2a
England,E12000002,E08000011,Knowsley,KNOWS_6191cd7739a3,a229659916a8
England,E12000002,E08000011,Knowsley,KNOWS_f231ca7c5b57,1af736f429e4
England,E12000002,E08000011,Knowsley,KNOWS_57575e32d7b2,299b1178d0a2
England,E12000002,E08000011,Knowsley,KNOWS_e588415e34eb,e2d9eedf3cb6
England,E12000002,E08000011,Knowsley,KNOWS_36e08e8dedf2,71c5cd6e1308
England,E12000002,E08000011,Knowsley,KNOWS_4638504e896f,8e7c85336d29
England,E12000002,E08000011,Knowsley,KNOWS_eaef8f6174b2,d784bb5f1bd5
England,E12000002,E08000011,Knowsley,KNOWS_e6f600929226,1c0c67a8fb9e
England,E12000002,E08000011,Knowsley,KNOWS_dd624ad446c4,f01637b673aa
England,E12000002,E08000011,Knowsley,KNOWS_9b33cd6aa5db,fe7a1a34ff65
England,E12000002,E08000011,Knowsley,KNOWS_179b8fc4731f,b202bcfde450
England,E12000002,E08000011,Knowsley,KNOWS_03583fcac5cb,5ac7eb4e0c63
England,E12000002,E08000011,Knowsley,KNOWS_9de2be92fd58,6e6922795484
England,E12000002,E08000011,Knowsley,KNOWS_b94659e93a84,ecd94bc10f03
England,E12000002,E08000011,Knowsley,KNOWS_e05519d120d2,4b64310a6519
England,E12000002,E08000011,Knowsley,KNOWS_52180de05d1a,19f8d6307cab
England,E12000002,E08000011,Knowsley,KNOWS_d8f43918634a,d2c3c771c076
England,E12000002,E08000011,Knowsley,KNOWS_2236d95eac80,227c02af3fb5
England,E12000002,E08000011,Knowsley,KNOWS_7fb825b5e364,c615b69a229d
England,E12000002,E08000011,Knowsley,KNOWS_36b3db06bc7d,581fbd443805
England,E12000002,E08000011,Knowsley,KNOWS_36f4d04bdbf5,3edaa7d17b09
England,E12000002,E08000011,Knowsley,KNOWS_c0b385c7ffaf,81d97cff56a8
England,E12000002,E08000011,Knowsley,KNOWS_5ac9ae43b0e3,7757973015d1
England,E12000002,E08000011,Knowsley,KNOWS_d0579f56b91f,0668fb39ba98
England,E12000002,E08000011,Knowsley,KNOWS_3348a2d1c321,3eeddb9fec38
England,E12000002,E08000011,Knowsley,KNOWS_137e2df530bd,9ffc10a5e0ad
England,E12000002,E08000011,Knowsley,KNOWS_0aef969967b3,02757eb4f71a
England,E12000002,E08000011,Knowsley,KNOWS_a1bde710ffd2,fe7028439fe3
England,E12000002,E08000011,Knowsley,KNOWS_a717cf16389a,c4345098f40a
England,E12000002,E08000011,Knowsley,KNOWS_9c8c6b37d413,7e0b28c0446f
England,E12000002,E08000011,Knowsley,KNOWS_fdd581c1a77b,bd8d3ad27f8d
England,E12000002,E08000011,Knowsley,KNOWS_74530d03ccad,0d0bb5972668
England,E12000002,E08000011,Knowsley,KNOWS_88a56ea94390,270212fe62dc
England,E12000002,E08000011,Knowsley,KNOWS_179e54068812,6b05f11422bb
England,E12000002,E08000011,Knowsley,KNOWS_13546bb144fb,70959393c702
England,E12000002,E08000011,Knowsley,KNOWS_5b1763ccb3b5,fb9ae1ace352
England,E12000002,E08000011,Knowsley,KNOWS_3b17bcd7ec3d,8148b698e07f
England,E12000002,E08000011,Knowsley,KNOWS_1e1690a633cc,62435b6230b4
England,E12000002,E08000011,Knowsley,KNOWS_c33552b6aaea,eec375665bb7
England,E12000002,E08000011,Knowsley,KNOWS_377061dec0e8,88937da075b9
England,E12000002,E08000011,Knowsley,KNOWS_ecbfd50c2663,c35850ca08e1
England,E12000002,E08000011,Knowsley,KNOWS_9db5820be5a9,ed91d7849be8
England,E12000002,E08000011,Knowsley,KNOWS_40e90de3f5ca,a44e6219663c
England,E12000002,E08000011,Knowsley,KNOWS_43505125e6c5,aaa362fef277
England,E12000002,E08000011,Knowsley,KNOWS_2403c4cd9b64,9e6123dd66a3
England,E12000002,E08000011,Knowsley,KNOWS_77fefa81bca8,07d7bd37eccf
England,E12000002,E08000011,Knowsley,KNOWS_c996457f151b,576f8c0fa960
England,E12000002,E08000011,Knowsley,KNOWS_b7c762dfb137,554855524bf1
England,E12000002,E08000011,Knowsley,KNOWS_9809952eb131,cf9fe582e698
England,E12000002,E08000011,Knowsley,KNOWS_23cd9ce7113b,fc54f34f7642
England,E12000002,E08000011,Knowsley,KNOWS_b8ca397944c6,734d121b0831
England,E12000002,E08000011,Knowsley,KNOWS_74054b2ca357,e96f68ed55db
England,E12000002,E08000011,Knowsley,KNOWS_2ef7e1ced64a,04c2693e80e6
England,E12000002,E08000011,Knowsley,KNOWS_dd91a5cfc967,3d2d0aaf7ef6
England,E12000002,E08000011,Knowsley,KNOWS_3cc494c47bdf,2081d8d5a390
England,E12000002,E08000011,Knowsley,KNOWS_f91bba540707,d6bb1a431bef
England,E12000002,E08000011,Knowsley,KNOWS_f174446f42b3,17766784a168
England,E12000002,E08000011,Knowsley,KNOWS_620ae68ce629,fd826a844b37
England,E12000002,E08000011,Knowsley,KNOWS_2c31c1011b3f,f7ddb81168c6
England,E12000002,E08000011,Knowsley,KNOWS_1dbff19728b6,58ff4ff4bc48
England,E12000002,E08000011,Knowsley,KNOWS_8122d075a198,a27904ccf4bc
England,E12000002,E08000011,Knowsley,KNOWS_5f5302ad6005,2d90d75c4106
England,E12000002,E08000011,Knowsley,KNOWS_0d5f46eb26a0,574b686377f5
England,E12000002,E08000011,Knowsley,KNOWS_ae49382decb4,f8a8873ee4b9
England,E12000002,E08000011,Knowsley,KNOWS_ab7f1718fba8,537c6987e7cd
England,E12000002,E08000011,Knowsley,KNOWS_4ccb109c0d72,133c734c90f2
England,E12000002,E08000011,Knowsley,KNOWS_005e8e25e8ca,bbfc5b3a2ed7
England,E12000002,E08000011,Knowsley,KNOWS_3d1277314975,1d22fe27aadc
England,E12000002,E08000011,Knowsley,KNOWS_4892baae2c5d,a523383b2dfa
England,E12000002,E08000011,Knowsley,KNOWS_44c676ea6453,e24b8cfd6d93
England,E12000002,E08000011,Knowsley,KNOWS_0981f6613813,42c6dbfef921
England,E12000002,E08000011,Knowsley,KNOWS_4a486778de6e,35eb16f642a6
England,E12000002,E08000011,Knowsley,KNOWS_075c18a2a8e9,178a126900b1
England,E12000002,E08000011,Knowsley,KNOWS_8a036b77bfaa,7e40d2b2ea8d
England,E12000002,E08000011,Knowsley,KNOWS_dbb4777b02bf,2b9fbc275819
England,E12000002,E08000011,Knowsley,KNOWS_0920b135b242,fa7a2ae2e1b0
England,E12000002,E08000011,Knowsley,KNOWS_beb2cf442533,182ebc9cba1d
England,E12000002,E08000011,Knowsley,KNOWS_a09bf2ff4c97,4d3c61fe7d66
England,E12000002,E08000011,Knowsley,KNOWS_918930e66004,89aa031a2346
England,E12000002,E08000011,Knowsley,KNOWS_fcf42defb8c8,87d4f5a82ca9
England,E12000002,E08000011,Knowsley,KNOWS_d19ec6e3ef33,2aa489ef0e5e
England,E12000002,E08000011,Knowsley,KNOWS_3be6b8fca8b1,598dfd657ca2
England,E12000002,E08000011,Knowsley,KNOWS_5f95c116eff4,cbce2c1042c2
England,E12000002,E08000011,Knowsley,KNOWS_0433584161ea,30509d601eb0
England,E12000002,E08000011,Knowsley,KNOWS_c39f8e8af08a,df94b3b1b388
England,E12000002,E08000011,Knowsley,KNOWS_e37c6486f9e3,c462af1bb2e4
England,E12000002,E08000011,Knowsley,KNOWS_4afa11742c98,276bfad47336
England,E12000002,E08000011,Knowsley,KNOWS_af343db82527,c9e0fccc8650
England,E12000002,E08000011,Knowsley,KNOWS_7a18df4940c3,cbdce6c86dda
England,E12000002,E08000011,Knowsley,KNOWS_42cf9d44b57d,5accddc433ae
England,E12000002,E08000011,Knowsley,KNOWS_907d5d5534e2,395fb8b43fde
England,E12000002,E08000011,Knowsley,KNOWS_4558110b1097,31f80ec52b26
England,E12000002,E08000011,Knowsley,KNOWS_c0513f5a2ce7,20e866be7e52
England,E12000002,E08000011,Knowsley,KNOWS_ce7b845faa65,c8e2030cc36a
England,E12000002,E08000011,Knowsley,KNOWS_0ed4254a2763,df102cc93f42
England,E12000002,E08000011,Knowsley,KNOWS_471ecbe41b48,4f998b7ac379
England,E12000002,E08000011,Knowsley,KNOWS_730fa3b395dd,afd94497e42b
England,E12000002,E08000011,Knowsley,KNOWS_5e6960b3b766,5d6798dd7f34
England,E12000002,E08000011,Knowsley,KNOWS_5ea6509c9fc2,114164aae977
England,E12000002,E08000011,Knowsley,KNOWS_b6e59c72e2cc,3a4adefc5a92
England,E12000002,E08000011,Knowsley,KNOWS_c3c3b5ed51ac,91c720043227
England,E12000002,E08000011,Knowsley,KNOWS_c00c12aa398e,6f95a33f19df
England,E12000002,E08000011,Knowsley,KNOWS_2f6715606de0,276c147cd625
England,E12000002,E08000011,Knowsley,KNOWS_fa43526b41c5,f8ebf1490ee9
England,E12000002,E08000011,Knowsley,KNOWS_4b0680e142e5,640099392243
England,E12000002,E08000011,Knowsley,KNOWS_26aa2dbfb8ec,e33a1931abc1
England,E12000002,E08000011,Knowsley,KNOWS_b06244b42fb2,588a79045615
England,E12000002,E08000011,Knowsley,KNOWS_23e7c8a5c280,e8dc5e217db5
England,E12000002,E08000011,Knowsley,KNOWS_b53ac609d8fb,d00228d7c7c1
England,E12000002,E08000011,Knowsley,KNOWS_8f3d32adb9cd,adf91e6deef2
England,E12000002,E08000011,Knowsley,KNOWS_7cea599874e2,bacdf59ced7f
England,E12000002,E08000011,Knowsley,KNOWS_25001505785c,32d5036cc042
England,E12000002,E08000011,Knowsley,KNOWS_a411056b2e47,3575d0acf982
England,E12000002,E08000011,Knowsley,KNOWS_7aaa9903e9f3,c48acb9143d4
England,E12000002,E08000011,Knowsley,KNOWS_196814ccf6f2,491f0fe11f6e
England,E12000002,E08000011,Knowsley,KNOWS_586fdae4f782,1e67a699c9c3
England,E12000002,E08000011,Knowsley,KNOWS_d49a702249fe,aeaf6212faf6
England,E12000002,E08000011,Knowsley,KNOWS_3248c37ab6e2,29d8714a43bd
England,E12000002,E08000011,Knowsley,KNOWS_4612a98266d3,f85fc3f306ab
England,E12000002,E08000011,Knowsley,KNOWS_80958707406a,616b8dabdff3
England,E12000002,E08000011,Knowsley,KNOWS_5f205480f7b1,a8428e2ad5a6
England,E12000002,E08000011,Knowsley,KNOWS_5008aaec29d1,4a1da076659b
England,E12000002,E08000011,Knowsley,KNOWS_0ade8694e7e5,271d3427446c
England,E12000002,E08000011,Knowsley,KNOWS_280c4439f37c,2751dad389c4
England,E12000002,E08000011,Knowsley,KNOWS_0cb2de3e13ea,a0d8e87dde97
England,E12000002,E08000011,Knowsley,KNOWS_23513b181337,f77f5ad36352
England,E12000002,E08000011,Knowsley,KNOWS_b7aa3140c1b9,034586ef3258
England,E12000002,E08000011,Knowsley,KNOWS_3f70a4a36e76,5f64189b43fd
England,E12000002,E08000011,Knowsley,KNOWS_b153bef077d2,a1dec83e924a
England,E12000002,E08000011,Knowsley,KNOWS_44cd22af4c7d,4d287876924c
England,E12000002,E08000011,Knowsley,KNOWS_e6875ed55772,9746004e504d
England,E12000002,E08000011,Knowsley,KNOWS_8f31def21160,b645d5267926
England,E12000002,E08000011,Knowsley,KNOWS_e262548d7fae,b5125a0d69e5
England,E12000002,E08000011,Knowsley,KNOWS_11f9fb08b95a,42f3c1f64a74
England,E12000002,E08000011,Knowsley,KNOWS_3912e69a720b,67f23304f215
England,E12000002,E08000011,Knowsley,KNOWS_acd6fa9765ce,33d8a9cc7b1a
England,E12000002,E08000011,Knowsley,KNOWS_83c06a021d23,bf49dc252c2c
England,E12000002,E08000011,Knowsley,KNOWS_0a8eac487cff,a1d1d6a9e1bb
England,E12000002,E08000011,Knowsley,KNOWS_0da362998f90,378c41cfe2e7
England,E12000002,E08000011,Knowsley,KNOWS_fe7f30c3c1b3,cf006ce2d897
England,E12000002,E08000011,Knowsley,KNOWS_43de5c0c16ce,c78504139ba4
England,E12000002,E08000011,Knowsley,KNOWS_ec1099746945,0124d3962bea
England,E12000002,E08000011,Knowsley,KNOWS_7ef14a778370,9ef18abaaf4f
England,E12000002,E08000011,Knowsley,KNOWS_bc05cba9763c,58cfef46850c
England,E12000002,E08000011,Knowsley,KNOWS_04dd2f86b392,c9d9587f37a7
England,E12000002,E08000011,Knowsley,KNOWS_9d33ce2e07fb,48232ab328ce
England,E12000002,E08000011,Knowsley,KNOWS_dfa8123569dd,4e1507e502a8
England,E12000002,E08000011,Knowsley,KNOWS_0d1f4eb306d5,4b3d8ede7945
England,E12000002,E08000011,Knowsley,KNOWS_c709bc542b5b,8feff362e3ec
England,E12000002,E08000011,Knowsley,KNOWS_a827c7ccba54,890991fac9b5
England,E12000002,E08000011,Knowsley,KNOWS_5353455905fe,37e72964c11f
England,E12000002,E08000011,Knowsley,KNOWS_b652131f4e64,725b1af40db5
England,E12000002,E08000011,Knowsley,KNOWS_a7ec18f450e3,cb2d82617464
England,E12000002,E08000011,Knowsley,KNOWS_be8fc1690bc9,c83921f73882
England,E12000002,E08000011,Knowsley,KNOWS_a9d8c3435010,592d87c66948
England,E12000002,E08000011,Knowsley,KNOWS_0bc90e4ff3d9,0d30f0027577
England,E12000002,E08000011,Knowsley,KNOWS_3a1631937eaf,b6991b845135
England,E12000002,E08000011,Knowsley,KNOWS_aa93890af51e,ddc64f7e7649
England,E12000002,E08000011,Knowsley,KNOWS_1b12d5735f83,b919bc4d2f41
England,E12000002,E08000011,Knowsley,KNOWS_a1d6e799c9a4,8b309c01c96f
England,E12000002,E08000011,Knowsley,KNOWS_6f86385dba3a,e44067beabed
England,E12000002,E08000011,Knowsley,KNOWS_06b59cabf5a5,ad722db62f26
England,E12000002,E08000011,Knowsley,KNOWS_4df343cb1420,a1be93e6baa7
England,E12000002,E08000011,Knowsley,KNOWS_b100fc527c25,48ab9ed2dd8d
England,E12000002,E08000011,Knowsley,KNOWS_857084b1ee82,b8426b3c773f
England,E12000002,E08000011,Knowsley,KNOWS_77971eb3bda9,b9ee536fe379
England,E12000002,E08000011,Knowsley,KNOWS_21861a9d93c5,12c6b676b323
England,E12000002,E08000011,Knowsley,KNOWS_901a4a385c60,0288519bd947
England,E12000002,E08000011,Knowsley,KNOWS_bc34107fe553,b64f509d8bba
England,E12000002,E08000011,Knowsley,KNOWS_8c304ce3b7f3,c7d6d34b0927
England,E12000002,E08000011,Knowsley,KNOWS_69b355a28f9f,592e2ae61311
England,E12000002,E08000011,Knowsley,KNOWS_c68138b4c00a,de4430f95c65
England,E12000002,E08000011,Knowsley,KNOWS_f8a9a95a6de7,5e6d78cbd992
England,E12000002,E08000011,Knowsley,KNOWS_da97cf4b0efd,2d1a8e50c189
England,E12000002,E08000011,Knowsley,KNOWS_4a2eff54a1fb,2ca213988c5b
England,E12000002,E08000011,Knowsley,KNOWS_727195dc5ea8,e581eb59a0ea
England,E12000002,E08000011,Knowsley,KNOWS_96312e867df3,915a7774daa1
England,E12000002,E08000011,Knowsley,KNOWS_524e1748f29a,5388ee4b415f
England,E12000002,E08000011,Knowsley,KNOWS_fdb1b52b4088,0979ea94cfcb
England,E12000002,E08000011,Knowsley,KNOWS_9b68f97373dc,7adba5d4f49f
England,E12000002,E08000011,Knowsley,KNOWS_d37109264356,3bc829c668e9
England,E12000002,E08000011,Knowsley,KNOWS_1dc1c8bd5d14,02360f1bcda1
England,E12000002,E08000011,Knowsley,KNOWS_44b585e39cce,7b759e293856
England,E12000002,E08000011,Knowsley,KNOWS_ab2551d42d57,4b5e73c0c3bf
England,E12000002,E08000011,Knowsley,KNOWS_82a862a17025,fe5e175e5a99
England,E12000002,E08000011,Knowsley,KNOWS_79aa50de2154,a77dd0bc9ebe
England,E12000002,E08000011,Knowsley,KNOWS_e0e6e3eb8322,e5b61796ecd2
England,E12000002,E08000011,Knowsley,KNOWS_7f0b3a8a619f,1b08a558db4c
England,E12000002,E08000011,Knowsley,KNOWS_39825d82c821,c11c0070cffb
England,E12000002,E08000011,Knowsley,KNOWS_4cc6a38d5d9f,7c82c89e2666
England,E12000002,E08000011,Knowsley,KNOWS_a6bd60d75546,0f661008d12d
England,E12000002,E08000011,Knowsley,KNOWS_d6eeda3b5676,4feccf4f8ab0
England,E12000002,E08000011,Knowsley,KNOWS_9cecea3b4517,ed4db6183fb3
England,E12000002,E08000011,Knowsley,KNOWS_9c3bfcd15cfd,892875cf13e0
England,E12000002,E08000011,Knowsley,KNOWS_978bb73d9fb9,3d763d65b3ee
England,E12000002,E08000011,Knowsley,KNOWS_f5e22f558b1b,5413999bee22
England,E12000002,E08000011,Knowsley,KNOWS_6ad2a61f15cc,1e520e71eeba
England,E12000002,E08000011,Knowsley,KNOWS_af3c36263815,b6c1cf580444
England,E12000002,E08000011,Knowsley,KNOWS_1db8ee3136c7,5de63a719e8e
England,E12000002,E08000011,Knowsley,KNOWS_d2bcddc44a9d,c08be8dd2f52
England,E12000002,E08000011,Knowsley,KNOWS_b1d91938773b,59a052625eac
England,E12000002,E08000011,Knowsley,KNOWS_af2763f787af,4b41a2688e48
England,E12000002,E08000011,Knowsley,KNOWS_03f36e52f885,a1d79b7a93f3
England,E12000002,E08000011,Knowsley,KNOWS_947a392cc3d6,acf2e8bfce18
England,E12000002,E08000011,Knowsley,KNOWS_195468723d67,5ff0e596a66f
England,E12000002,E08000011,Knowsley,KNOWS_6f28eb83a14e,86f4da901caa
England,E12000002,E08000011,Knowsley,KNOWS_db148badae98,79cf3d4726cf
England,E12000002,E08000011,Knowsley,KNOWS_6ccdb5570d06,b17655ecc4e4
England,E12000002,E08000011,Knowsley,KNOWS_d38d51782a49,a19d22a0c927
England,E12000002,E08000011,Knowsley,KNOWS_493eaf7bee6c,4e509c4e566f
England,E12000002,E08000011,Knowsley,KNOWS_8798cfaa1cbe,280f0c99adbe
England,E12000002,E08000011,Knowsley,KNOWS_7cec94a5b3a1,74a6bb449388
England,E12000002,E08000011,Knowsley,KNOWS_10467b475970,2f79a2ac9f36
England,E12000002,E08000011,Knowsley,KNOWS_69da23c0f0f4,fa0cbff19c9c
England,E12000002,E08000011,Knowsley,KNOWS_cb5aca702a7f,976c68caf60a
England,E12000002,E08000011,Knowsley,KNOWS_7724c1f77ac9,9c97a7fc4c50
England,E12000002,E08000011,Knowsley,KNOWS_b23829f3d58f,7e55f47aab78
England,E12000002,E08000011,Knowsley,KNOWS_2d29a009ebec,2abc42d4080d
England,E12000002,E08000011,Knowsley,KNOWS_b7029e692d34,41a24ccb73a7
England,E12000002,E08000011,Knowsley,KNOWS_46acc6ac2f60,99c7b7ef9b28
England,E12000002,E08000011,Knowsley,KNOWS_597c29040015,9947009dea41
England,E12000002,E08000011,Knowsley,KNOWS_550b28dd44b5,91b566b3a2ef
England,E12000002,E08000011,Knowsley,KNOWS_26988f014775,06d45e7670ac
England,E12000002,E08000011,Knowsley,KNOWS_29374f3ff98e,820560dcaf1b
England,E12000002,E08000011,Knowsley,KNOWS_679750f22f2e,cd0c6853220a
England,E12000002,E08000011,Knowsley,KNOWS_cc3613b0d56b,7c405445078f
England,E12000002,E08000011,Knowsley,KNOWS_abd88f9567e5,e13be90ef17b
England,E12000002,E08000011,Knowsley,KNOWS_a4d159a9407a,593c362e48b4
England,E12000002,E08000011,Knowsley,KNOWS_9997c11f92f6,19a5862bd355
England,E12000002,E08000011,Knowsley,KNOWS_a9f52628cfe0,9a58b523b5e2
England,E12000002,E08000011,Knowsley,KNOWS_8281dcd04fef,66e518fa9366
England,E12000002,E08000011,Knowsley,KNOWS_6e1d2d5854d2,763213127ee9
England,E12000002,E08000011,Knowsley,KNOWS_dbb30b93fca4,9460643aea4f
England,E12000002,E08000011,Knowsley,KNOWS_d45fbec2a0d9,8b563d264375
England,E12000002,E08000011,Knowsley,KNOWS_fdf85aa072ea,554d37bd0f44
England,E12000002,E08000011,Knowsley,KNOWS_70c85a05d675,66f1fedb281b
England,E12000002,E08000011,Knowsley,KNOWS_9ce7fca6fcce,39a4568cd8e9
England,E12000002,E08000011,Knowsley,KNOWS_e6a3ed443d8f,b4a90688654e
England,E12000002,E08000011,Knowsley,KNOWS_4d160557c37e,8736c76d7981
England,E12000002,E08000011,Knowsley,KNOWS_e1ef5ec2fd0f,8b75f71826ce
England,E12000002,E08000011,Knowsley,KNOWS_135e9b75ef96,23cfd74166ad
England,E12000002,E08000011,Knowsley,KNOWS_4d16ba4b50da,16eb0169e85b
England,E12000002,E08000011,Knowsley,KNOWS_6c05b6e160c1,b7afdb634573
England,E12000002,E08000011,Knowsley,KNOWS_6738f23ab97c,76c669f9d939
England,E12000002,E08000011,Knowsley,KNOWS_a87d426d6011,06dae7c9f2e9
England,E12000002,E08000011,Knowsley,KNOWS_fe399e774f22,088ff2bc2d57
England,E12000002,E08000011,Knowsley,KNOWS_1e7157a4ce7c,9a9746b2a3b0
England,E12000002,E08000011,Knowsley,KNOWS_cf9553950ada,982f5ff8e94d
England,E12000002,E08000011,Knowsley,KNOWS_28de5a9b1c6d,cac74f621ab4
England,E12000002,E08000011,Knowsley,KNOWS_33e024b35fe1,b6d88f0d04c4
England,E12000002,E08000011,Knowsley,KNOWS_6b425a8c47b7,7c214d28e25b
England,E12000002,E08000011,Knowsley,KNOWS_5f38ea2dd936,47b597128660
England,E12000002,E08000011,Knowsley,KNOWS_263bd19b1dc8,a0430ed403ca
England,E12000002,E08000011,Knowsley,KNOWS_ea708fb5d0de,2197e433caa9
England,E12000002,E08000011,Knowsley,KNOWS_1f1499ad5b31,1a43de253c3a
England,E12000002,E08000011,Knowsley,KNOWS_1cb036a2fa1e,6dc12700daf1
England,E12000002,E08000011,Knowsley,KNOWS_e5c0ce8e3e39,d28fb270f053
England,E12000002,E08000011,Knowsley,KNOWS_2faef2860fdb,d89d8be54e2f
England,E12000002,E08000011,Knowsley,KNOWS_fb6626bdbd65,83291eb94b0d
England,E12000002,E08000011,Knowsley,KNOWS_f5af70e429b2,634cb65b13cb
England,E12000002,E08000011,Knowsley,KNOWS_a5913f464d98,a3c85ebbbb96
England,E12000002,E08000011,Knowsley,KNOWS_189ea3bf7f7c,96d3de3e2cf3
England,E12000002,E08000011,Knowsley,KNOWS_1e64d7db015a,b11bcae13ed8
England,E12000002,E08000011,Knowsley,KNOWS_e35f073d0006,f4fd19b98f56
England,E12000002,E08000011,Knowsley,KNOWS_0ce00f040c6b,425765e7731a
England,E12000002,E08000011,Knowsley,KNOWS_d85ea92b8a9a,48a5ce698843
England,E12000002,E08000011,Knowsley,KNOWS_7735897ba0b5,7a07fcf9a2e7
England,E12000002,E08000011,Knowsley,KNOWS_c7055660d4d4,ee623ea7f94e
England,E12000002,E08000011,Knowsley,KNOWS_1abe870a2693,964bef681960
England,E12000002,E08000011,Knowsley,KNOWS_241964bc4233,da08476a0385
England,E12000002,E08000011,Knowsley,KNOWS_0ae2ba9966f7,828e40bfa8e5
England,E12000002,E08000011,Knowsley,KNOWS_d9d20785e18c,9a395f7921cc
England,E12000002,E08000011,Knowsley,KNOWS_febf4e13e3ec,5c671986ce21
England,E12000002,E08000011,Knowsley,KNOWS_9ae3ef344b6f,e7c56cd3f35e
England,E12000002,E08000011,Knowsley,KNOWS_52f5433947cc,7dc6f4b7cf4d
England,E12000002,E08000011,Knowsley,KNOWS_17c0c3a8f6a0,fc6662652a0a
England,E12000002,E08000011,Knowsley,KNOWS_ee37d441420e,5ecaa8464779
England,E12000002,E08000011,Knowsley,KNOWS_5b7cf7d72d5a,7c45019a7fdd
England,E12000002,E08000011,Knowsley,KNOWS_1025f4eb7cfc,435f917710b1
England,E12000002,E08000011,Knowsley,KNOWS_624d348d937d,3339a2062f18
England,E12000002,E08000011,Knowsley,KNOWS_2cbef9254dcf,73c20f470aac
England,E12000002,E08000011,Knowsley,KNOWS_50c72cb2ef3d,4cf7f0040e67
England,E12000002,E08000011,Knowsley,KNOWS_c220cbfc1639,67759e81da3d
England,E12000002,E08000011,Knowsley,KNOWS_490e2827edb8,34a5dcabb01f
England,E12000002,E08000011,Knowsley,KNOWS_16f689006b22,afe210b0d51b
England,E12000002,E08000011,Knowsley,KNOWS_c5028309f48f,905d98f6460a
England,E12000002,E08000011,Knowsley,KNOWS_b283e2e9031a,fe5630c2ba45
England,E12000002,E08000011,Knowsley,KNOWS_0a050443089c,48b6b23e7278
England,E12000002,E08000011,Knowsley,KNOWS_4b995ff4163a,c67b611891d2
England,E12000002,E08000011,Knowsley,KNOWS_5236c05bf56e,787e51cf82ed
England,E12000002,E08000011,Knowsley,KNOWS_ca56e59d8b9f,a4f830ab6609
England,E12000002,E08000011,Knowsley,KNOWS_cf984881cf91,38acb5f60336
England,E12000002,E08000011,Knowsley,KNOWS_5cfb9adfcb6f,7ed805c91d1d
England,E12000002,E08000011,Knowsley,KNOWS_49290e62bf0c,92a43eadaeb6
England,E12000002,E08000011,Knowsley,KNOWS_db8a29f4b2cb,56e7af2c40a9
England,E12000002,E08000011,Knowsley,KNOWS_cf69db02bf99,c6bce80752ad
England,E12000002,E08000011,Knowsley,KNOWS_98ba56733703,357625e04e31
England,E12000002,E08000011,Knowsley,KNOWS_d33fee800b95,76bd47dd9ccb
England,E12000002,E08000011,Knowsley,KNOWS_665908ba9dcc,15fb8d93d6a5
England,E12000002,E08000011,Knowsley,KNOWS_65d58924bb2f,1cfb8c80a2a8
England,E12000002,E08000011,Knowsley,KNOWS_6fc497efb31e,8423a6dac6d4
England,E12000002,E08000011,Knowsley,KNOWS_63e0b3d60126,b30f1de56bde
England,E12000002,E08000011,Knowsley,KNOWS_8ea9b480a837,e89ef4d7445b
England,E12000002,E08000011,Knowsley,KNOWS_54b21a06be61,46180849a318
England,E12000002,E08000011,Knowsley,KNOWS_bb950230ea14,4f26a15d94b5
England,E12000002,E08000011,Knowsley,KNOWS_581785031ab7,fcc8c13e00ae
England,E12000002,E08000011,Knowsley,KNOWS_bec032b22368,467a9f94b84c
England,E12000002,E08000011,Knowsley,KNOWS_d5dc9da734ff,b817a4dccacc
England,E12000002,E08000011,Knowsley,KNOWS_e83d74f63dee,4381ae178194
England,E12000002,E08000011,Knowsley,KNOWS_24e80f5d3cf6,99e2276341b2
England,E12000002,E08000011,Knowsley,KNOWS_56efce8f709f,58af53aa556f
England,E12000002,E08000011,Knowsley,KNOWS_56e20c62ac9d,caee190124bd
England,E12000002,E08000011,Knowsley,KNOWS_3d19c1a589ff,7191bac1dd8f
England,E12000002,E08000011,Knowsley,KNOWS_74b227d7bf27,2ecea5caaff6
England,E12000002,E08000011,Knowsley,KNOWS_722d67aaa8cc,9b6add04fb91
England,E12000002,E08000011,Knowsley,KNOWS_496a6bab524d,35d90a8bcaa0
England,E12000002,E08000011,Knowsley,KNOWS_89822188271e,3ea36867066c
England,E12000002,E08000011,Knowsley,KNOWS_442b5e4f6f69,7ec3a1bbd5e0
England,E12000002,E08000011,Knowsley,KNOWS_01d157d5f7a2,927d07a46f83
England,E12000002,E08000011,Knowsley,KNOWS_70da07acfb86,8cbd2d835955
England,E12000002,E08000011,Knowsley,KNOWS_8e4f9cb095a1,ec5fcd8ec169
England,E12000002,E08000011,Knowsley,KNOWS_407115d374b1,27750d1d1be0
England,E12000002,E08000011,Knowsley,KNOWS_26b1e652a8d9,e8bd2cae483a
England,E12000002,E08000011,Knowsley,KNOWS_278808f567cb,136c42c898d1
England,E12000002,E08000011,Knowsley,KNOWS_f44aa04708c0,8ff27181ee32
England,E12000002,E08000011,Knowsley,KNOWS_233477b8dd2f,2092e3cbc0f0
England,E12000002,E08000011,Knowsley,KNOWS_b9021cbda0db,bef284e077b2
England,E12000002,E08000011,Knowsley,KNOWS_c81aa164846d,cd5da6a412c8
England,E12000002,E08000011,Knowsley,KNOWS_0485d371a4a2,e0cadff2a1f8
England,E12000002,E08000011,Knowsley,KNOWS_826719e2f8be,926a6df04ba8
England,E12000002,E08000011,Knowsley,KNOWS_5361e8e96b5e,fe4b52db433f
England,E12000002,E08000011,Knowsley,KNOWS_26c661c61ddf,bf2f7a52a713
England,E12000002,E08000011,Knowsley,KNOWS_d9d757a14103,88183633efa8
England,E12000002,E08000011,Knowsley,KNOWS_0e7a13dfc7ba,04e39c0ffd7e
England,E12000002,E08000011,Knowsley,KNOWS_294a562d5656,c4e2b060a0ca
England,E12000002,E08000011,Knowsley,KNOWS_e2f70f5ba732,f70cbd379875
England,E12000002,E08000011,Knowsley,KNOWS_efc4ec2e6150,7f1a803c34f4
England,E12000002,E08000011,Knowsley,KNOWS_e927caaacfea,3c31dc39cbf0
England,E12000002,E08000011,Knowsley,KNOWS_d9d9b2de083a,df9240da7447
England,E12000002,E08000011,Knowsley,KNOWS_7f9f7c04c86b,adacd30f6aa3
England,E12000002,E08000011,Knowsley,KNOWS_2ec6eaf7a447,63f60a177440
England,E12000002,E08000011,Knowsley,KNOWS_b0550b3cea8f,b087b78d6b63
England,E12000002,E08000011,Knowsley,KNOWS_4318c09a5ae8,8cb8a59d26b7
England,E12000002,E08000011,Knowsley,KNOWS_504095d59490,d5c132bb3d06
England,E12000002,E08000011,Knowsley,KNOWS_f3be87a9f3da,db2e6cd52353
England,E12000002,E08000011,Knowsley,KNOWS_9bfa458b0771,9a075890094b
England,E12000002,E08000011,Knowsley,KNOWS_3b567f24540e,32c32f5262c5
England,E12000002,E08000011,Knowsley,KNOWS_15729e902996,1b3683ef1593
England,E12000002,E08000011,Knowsley,KNOWS_5b0233032ae0,2938e2e1f827
England,E12000002,E08000011,Knowsley,KNOWS_4e505c367c11,1bb687579cc0
England,E12000002,E08000011,Knowsley,KNOWS_48da4462c70a,af75db7e849a
England,E12000002,E08000011,Knowsley,KNOWS_25ec55fe69c4,446c3184d4c7
England,E12000002,E08000011,Knowsley,KNOWS_786ed594d4fc,b3eb44130452
England,E12000002,E08000011,Knowsley,KNOWS_baed1de0adbd,e8d59481d8d6
England,E12000002,E08000011,Knowsley,KNOWS_7ce20c86938d,4d5857c16487
England,E12000002,E08000011,Knowsley,KNOWS_fe47027791ad,b16b718ec584
England,E12000002,E08000011,Knowsley,KNOWS_726c8f3eb4f7,5c0e3ed233d9
England,E12000002,E08000011,Knowsley,KNOWS_16cf5f433c4b,274c1ab0ede3
England,E12000002,E08000011,Knowsley,KNOWS_2e0db6a68f4e,b5665ca4595f
England,E12000002,E08000011,Knowsley,KNOWS_1425f67d1687,f4ae40184ce4
England,E12000002,E08000011,Knowsley,KNOWS_32a515bb84df,c77d6639e39d
England,E12000002,E08000011,Knowsley,KNOWS_786ec7e46c3b,602d48b3e951
England,E12000002,E08000011,Knowsley,KNOWS_4fe2d54db3cf,513c0551e8df
England,E12000002,E08000011,Knowsley,KNOWS_0cea45caf119,1ff0bbad3070
England,E12000002,E08000011,Knowsley,KNOWS_c6a5c0b898f4,25ce90ceb372
England,E12000002,E08000011,Knowsley,KNOWS_20a405c5364c,a09e994da046
England,E12000002,E08000011,Knowsley,KNOWS_8977ffffab44,87034f0035b7
England,E12000002,E08000011,Knowsley,KNOWS_26f7a0a55476,fd73402d4ad3
England,E12000002,E08000011,Knowsley,KNOWS_e6310ffefa48,cf522445c0d1
England,E12000002,E08000011,Knowsley,KNOWS_84c06224ecfd,df52e6700623
England,E12000002,E08000011,Knowsley,KNOWS_f7a4ecb67452,b0500c47ccdc
England,E12000002,E08000011,Knowsley,KNOWS_1214ee89fed9,e1e728d2907f
England,E12000002,E08000011,Knowsley,KNOWS_28abb0c1153c,e7c63a6443b9
England,E12000002,E08000011,Knowsley,KNOWS_421b9419676a,dcf94b038bef
England,E12000002,E08000011,Knowsley,KNOWS_122d0f8c6947,ddc3942c6aaa
England,E12000002,E08000011,Knowsley,KNOWS_94f69d65f2f2,fdcebbce2157
England,E12000002,E08000011,Knowsley,KNOWS_f1231d9867e0,9e0e141ebcf2
England,E12000002,E08000011,Knowsley,KNOWS_12e48dbe120a,926d9f1b41e0
England,E12000002,E08000011,Knowsley,KNOWS_5d8d8cc19f50,23b5e402a94f
England,E12000002,E08000011,Knowsley,KNOWS_4ecd7b543620,30b75c5ff81b
England,E12000002,E08000011,Knowsley,KNOWS_e84a206f16dd,1e88ba4ac482
England,E12000002,E08000011,Knowsley,KNOWS_d336912d1cd6,923d690969ec
England,E12000002,E08000011,Knowsley,KNOWS_eda211f6dc93,15ac3cc6c4ae
England,E12000002,E08000011,Knowsley,KNOWS_ba1e7beb10f3,45c121396741
England,E12000002,E08000011,Knowsley,KNOWS_5feb34b27a90,6a3feb7d7be4
England,E12000002,E08000011,Knowsley,KNOWS_253a9ba96cd2,29afef9b4fa0
England,E12000002,E08000011,Knowsley,KNOWS_2a728259dc52,478ba76f2f89
England,E12000002,E08000011,Knowsley,KNOWS_925d9b800709,5f556d31b101
England,E12000002,E08000011,Knowsley,KNOWS_8c38c3a109c2,44839738a5b3
England,E12000002,E08000011,Knowsley,KNOWS_a983c81f2c1d,7f11536d2ae8
England,E12000002,E08000011,Knowsley,KNOWS_69cb7dfbfa63,968a94f0dd48
England,E12000002,E08000011,Knowsley,KNOWS_cf66ce31b32e,f38aa237a424
England,E12000002,E08000011,Knowsley,KNOWS_cf1c4372894b,8869d25ac996
England,E12000002,E08000011,Knowsley,KNOWS_74db4fe023e7,425801370fa4
England,E12000002,E08000011,Knowsley,KNOWS_0ae2a486b127,fd9212a87bab
England,E12000002,E08000011,Knowsley,KNOWS_1e72d7d08372,6c790284d65c
England,E12000002,E08000011,Knowsley,KNOWS_4bd86c9bfb77,3f2adcf5ce90
England,E12000002,E08000011,Knowsley,KNOWS_5baf8eb1fadc,3cbaeeba8f4c
England,E12000002,E08000011,Knowsley,KNOWS_2d0c21f3522f,259e0cffe61f
England,E12000002,E08000011,Knowsley,KNOWS_71c76009e767,3fc5ffbdc9ed
England,E12000002,E08000011,Knowsley,KNOWS_1d494dff9b03,39a7655634c7
England,E12000002,E08000011,Knowsley,KNOWS_572d9e711458,676305d5658d
England,E12000002,E08000011,Knowsley,KNOWS_7da51b5b33fa,25db3759c4ff
England,E12000002,E08000011,Knowsley,KNOWS_4831346a0437,f96ee1a657a5
England,E12000002,E08000011,Knowsley,KNOWS_f07e3a0d3e78,a8d44a7aa9cd
England,E12000002,E08000011,Knowsley,KNOWS_b88122644cae,42fea2db9da6
England,E12000002,E08000011,Knowsley,KNOWS_c6c1b7da2bae,f78a56855bce
England,E12000002,E08000011,Knowsley,KNOWS_50158756b9c8,c38dfeee1d7d
England,E12000002,E08000011,Knowsley,KNOWS_7f790bf3523e,2d42603e68d1
England,E12000002,E08000011,Knowsley,KNOWS_97db6acd2383,a1a4b9b98509
England,E12000002,E08000011,Knowsley,KNOWS_012d7ce9cb19,255e1cd57fa8
England,E12000002,E08000011,Knowsley,KNOWS_f159b7444014,0f696a0f341c
England,E12000002,E08000011,Knowsley,KNOWS_bc74d79fe602,00c47d60b63f
England,E12000002,E08000011,Knowsley,KNOWS_e09c12dd7807,dcb7ddcabcc1
England,E12000002,E08000011,Knowsley,KNOWS_0c84782df127,f04b6f54b021
England,E12000002,E08000011,Knowsley,KNOWS_18403715b8f6,acf26ab2fa12
England,E12000002,E08000011,Knowsley,KNOWS_c44e9d9110cd,55d315eba2a7
England,E12000002,E08000011,Knowsley,KNOWS_fce729f18e88,3248637c530c
England,E12000002,E08000011,Knowsley,KNOWS_0a6d45c15130,7c80a3cb7666
England,E12000002,E08000011,Knowsley,KNOWS_3c93ae6feb6a,24628461364c
England,E12000002,E08000011,Knowsley,KNOWS_4a846541fdf2,ccfe1a6185ea
England,E12000002,E08000011,Knowsley,KNOWS_bcf396889cc3,2a4b6df4016f
England,E12000002,E08000011,Knowsley,KNOWS_d100e0eec8b1,286ede88897f
England,E12000002,E08000011,Knowsley,KNOWS_4e2d3f49330c,0c304d654fe7
England,E12000002,E08000011,Knowsley,KNOWS_8d9bbfc5413c,ac9cc01cb140
England,E12000002,E08000011,Knowsley,KNOWS_f53ed71e646e,ea1dbce72b1e
England,E12000002,E08000011,Knowsley,KNOWS_667d94b93ec7,c1455976dd89
England,E12000002,E08000011,Knowsley,KNOWS_e558d93e789b,70d0d23be258
England,E12000002,E08000011,Knowsley,KNOWS_0fc821b56e49,08bd3d432bce
England,E12000002,E08000011,Knowsley,KNOWS_687432becd1c,4b0dd33f3603
England,E12000002,E08000011,Knowsley,KNOWS_255c558af5a6,5d5f44567f39
England,E12000002,E08000011,Knowsley,KNOWS_5b63a32d2ffa,50d8790149ce
England,E12000002,E08000011,Knowsley,KNOWS_9b286f8e6b25,addc7c2de824
England,E12000002,E08000011,Knowsley,KNOWS_d60557717ce8,8e9d4987e317
England,E12000002,E08000011,Knowsley,KNOWS_bade39d8ba1a,e37bfed3721d
England,E12000002,E08000011,Knowsley,KNOWS_d16903c412de,7705a1f552e0
England,E12000002,E08000011,Knowsley,KNOWS_aaba35f68655,1f8c44506081
England,E12000002,E08000011,Knowsley,KNOWS_5480b974a0ff,1b0ad8e44aa1
England,E12000002,E08000011,Knowsley,KNOWS_a9b5a24556e4,6d11c797e503
England,E12000002,E08000011,Knowsley,KNOWS_c0b5a5e42707,dcd3233bae7d
England,E12000002,E08000011,Knowsley,KNOWS_7564726c0297,6b87303061c4
England,E12000002,E08000011,Knowsley,KNOWS_89f30e55bfa0,93e1868e9f75
England,E12000002,E08000011,Knowsley,KNOWS_8f04bd769648,89d848d035c2
England,E12000002,E08000011,Knowsley,KNOWS_48f198c9112c,f6cc910f79cf
England,E12000002,E08000011,Knowsley,KNOWS_5547d59015c0,2a5e6c6878b0
England,E12000002,E08000011,Knowsley,KNOWS_1d20d72fbbb9,fcc902f3fe0e
England,E12000002,E08000011,Knowsley,KNOWS_01826003d57a,de1d4334cb99
England,E12000002,E08000011,Knowsley,KNOWS_626a04c04a2c,8334d7df9c2c
England,E12000002,E08000011,Knowsley,KNOWS_2f8ff53262f6,2eae4765bef7
England,E12000002,E08000011,Knowsley,KNOWS_aa440d6d73c0,1bb2eb744eae
England,E12000002,E08000011,Knowsley,KNOWS_82b8b2045846,7ed92671ced3
England,E12000002,E08000011,Knowsley,KNOWS_7e3777ad3250,1276c192f6e7
England,E12000002,E08000011,Knowsley,KNOWS_effdc9d22669,4f147aa59bb8
England,E12000002,E08000011,Knowsley,KNOWS_5f93bc573ccb,4a3af2708991
England,E12000002,E08000011,Knowsley,KNOWS_17f34e44d7a1,dd03733c6ee9
England,E12000002,E08000011,Knowsley,KNOWS_f84f6f5807f8,81eaa0b5bc66
England,E12000002,E08000011,Knowsley,KNOWS_0d5083401d37,c4ef54cba582
England,E12000002,E08000011,Knowsley,KNOWS_bd22096d9f17,dd8974d3e565
England,E12000002,E08000011,Knowsley,KNOWS_55f210c9d076,fbc609edbeef
England,E12000002,E08000011,Knowsley,KNOWS_63c87bfa744a,ead4d14ef753
England,E12000002,E08000011,Knowsley,KNOWS_8de2fa9e9bca,c1ea37f97b27
England,E12000002,E08000011,Knowsley,KNOWS_b59f8e963fa0,9c7ec5f14fee
England,E12000002,E08000011,Knowsley,KNOWS_6f5caa0a3b1b,09bc84c66f5d
England,E12000002,E08000011,Knowsley,KNOWS_11ab6d9b27d8,fe60e025c518
England,E12000002,E08000011,Knowsley,KNOWS_742c1e0cb3d9,d329e79c7d21
England,E12000002,E08000011,Knowsley,KNOWS_5b598e54adc6,49714e959bf8
England,E12000002,E08000011,Knowsley,KNOWS_cfd4676cad70,adea77429733
England,E12000002,E08000011,Knowsley,KNOWS_c7cff5472cb1,b78059710c22
England,E12000002,E08000011,Knowsley,KNOWS_36ac4dccb20b,fedadef106c5
England,E12000002,E08000011,Knowsley,KNOWS_dbdfca518e9f,9201aa26d51e
England,E12000002,E08000011,Knowsley,KNOWS_a656471aaed4,e607e5ac8282
England,E12000002,E08000011,Knowsley,KNOWS_97da4b735ea1,c5b098bf3230
England,E12000002,E08000011,Knowsley,KNOWS_20a2bd4ab783,acb22c63ec16
England,E12000002,E08000011,Knowsley,KNOWS_5393d6be205a,a061fe699b01
England,E12000002,E08000011,Knowsley,KNOWS_4435aa05443f,f4795f75a778
England,E12000002,E08000011,Knowsley,KNOWS_c8e591db09e3,7c21727e7ae6
England,E12000002,E08000011,Knowsley,KNOWS_23a6e1de25d9,0681f08bea77
England,E12000002,E08000011,Knowsley,KNOWS_03d02b3aef19,9f4052cf0350
England,E12000002,E08000011,Knowsley,KNOWS_e185e67d497e,8859f2bcc3d9
England,E12000002,E08000011,Knowsley,KNOWS_99b43badd80a,345aa7e64b40
England,E12000002,E08000011,Knowsley,KNOWS_9f3b8ffad5af,c18bc1246f8d
England,E12000002,E08000011,Knowsley,KNOWS_0c585a8c6d75,cf73e3f0339b
England,E12000002,E08000011,Knowsley,KNOWS_e827193f7a75,e2c2bd7034e0
England,E12000002,E08000011,Knowsley,KNOWS_fbcdd0587b40,bf59d1bbd3fe
England,E12000002,E08000011,Knowsley,KNOWS_f9a29e6812f3,a34b7407afe4
England,E12000002,E08000011,Knowsley,KNOWS_d6252cbf2d80,e96db4c11b0a
England,E12000002,E08000011,Knowsley,KNOWS_c7b5462003fc,7c8211e4fccb
England,E12000002,E08000011,Knowsley,KNOWS_d8ce4204b0f8,6c5a4239166a
England,E12000002,E08000011,Knowsley,KNOWS_11698312893e,9ca7acf7c0aa
England,E12000002,E08000011,Knowsley,KNOWS_44b11b824313,3ffa6c6f0467
England,E12000002,E08000011,Knowsley,KNOWS_cc96dbc662dd,6b1abfeb9ec2
England,E12000002,E08000011,Knowsley,KNOWS_f524760243f4,6a732a74336c
England,E12000002,E08000011,Knowsley,KNOWS_e2602194f82e,4ecf9097cd05
England,E12000002,E08000011,Knowsley,KNOWS_997dd8d41301,36cf49e3c9dc
England,E12000002,E08000011,Knowsley,KNOWS_1981764839d7,e85a1f61eda4
England,E12000002,E08000011,Knowsley,KNOWS_41a0579f0108,b76990b41137
England,E12000002,E08000011,Knowsley,KNOWS_9853c0898243,627173bea88e
England,E12000002,E08000011,Knowsley,KNOWS_15e99be904fb,b29c10dafe4b
England,E12000002,E08000011,Knowsley,KNOWS_568be6755bef,5b13d149db48
England,E12000002,E08000011,Knowsley,KNOWS_2679fc217012,20c47836fbc7
England,E12000002,E08000011,Knowsley,KNOWS_70516c2b3244,aff03a91b1aa
England,E12000002,E08000011,Knowsley,KNOWS_92b24ca8db9d,0fe5040e6d46
England,E12000002,E08000011,Knowsley,KNOWS_dec47a38622b,77f668abc43f
England,E12000002,E08000011,Knowsley,KNOWS_18bdd09288c6,2b48609a67a7
England,E12000002,E08000011,Knowsley,KNOWS_ac8ac782698c,bc822227f47b
England,E12000002,E08000011,Knowsley,KNOWS_f42391e11df6,6057575abd9b
England,E12000002,E08000011,Knowsley,KNOWS_5010e9506420,99c601bd482d
England,E12000002,E08000011,Knowsley,KNOWS_d902e6e5b092,705509f648f5
England,E12000002,E08000011,Knowsley,KNOWS_6565f724ff0c,6e99e73677b2
England,E12000002,E08000011,Knowsley,KNOWS_abc99c012e14,e52230d9da08
England,E12000002,E08000011,Knowsley,KNOWS_b844fda69832,1339b321a13a
England,E12000002,E08000011,Knowsley,KNOWS_bd717455b8d1,97904cdb42c0
England,E12000002,E08000011,Knowsley,KNOWS_f070ab943855,8fdc756fa373
England,E12000002,E08000011,Knowsley,KNOWS_a9ced1a571bb,e077e79e1a13
England,E12000002,E08000011,Knowsley,KNOWS_cbafa2ee206d,2ba3a9110259
England,E12000002,E08000011,Knowsley,KNOWS_8b1ed86b8ccc,a19764862c58
England,E12000002,E08000011,Knowsley,KNOWS_4977f37095f7,6129a576c6ef
England,E12000002,E08000011,Knowsley,KNOWS_5894db94cc3e,b38e43ee1a90
England,E12000002,E08000011,Knowsley,KNOWS_0905494eb537,e77f9c15168b
England,E12000002,E08000011,Knowsley,KNOWS_a96841766294,c5d44dd149ac
England,E12000002,E08000011,Knowsley,KNOWS_cd01c9a97a23,b65e041cb2d4
England,E12000002,E08000011,Knowsley,KNOWS_601744c7f832,bbaf40a314de
England,E12000002,E08000011,Knowsley,KNOWS_2b1d96cdbd2d,4f2ce7cdfa92
England,E12000002,E08000011,Knowsley,KNOWS_1571523fb42c,216dd7cec51a
England,E12000002,E08000011,Knowsley,KNOWS_1d333955a49d,9710b58da7a3
England,E12000002,E08000011,Knowsley,KNOWS_d5e750dc05a1,3568a3a7db70
England,E12000002,E08000011,Knowsley,KNOWS_d5fd4e10285b,f019f4d6489a
England,E12000002,E08000011,Knowsley,KNOWS_5c24a510c7bb,75bee5e90c61
England,E12000002,E08000011,Knowsley,KNOWS_b3320c1de60c,10133f0c57cb
England,E12000002,E08000011,Knowsley,KNOWS_893b914be6d9,ff201f78947a
England,E12000002,E08000011,Knowsley,KNOWS_3ec1f616066c,9332dd7db732
England,E12000002,E08000011,Knowsley,KNOWS_6f2ed5cc20c7,6c21ce0652fd
England,E12000002,E08000011,Knowsley,KNOWS_f5f86fb59acc,adc56856b2dc
England,E12000002,E08000011,Knowsley,KNOWS_4eed35208b0a,bb6a5d00124b
England,E12000002,E08000011,Knowsley,KNOWS_42b7ce622e67,7bd5219ad778
England,E12000002,E08000011,Knowsley,KNOWS_84470c733949,9fd9ee86bb2c
England,E12000002,E08000011,Knowsley,KNOWS_55e24104d53d,660ad23471bc
England,E12000002,E08000011,Knowsley,KNOWS_8c5d227095f5,09c5129baf2c
England,E12000002,E08000011,Knowsley,KNOWS_8754999c9eb9,64b2387f2d0d
England,E12000002,E08000011,Knowsley,KNOWS_25095aa05117,c2534bf592f7
England,E12000002,E08000011,Knowsley,KNOWS_9c2318059358,8209698976bd
England,E12000002,E08000011,Knowsley,KNOWS_62a0cf830b4d,43318cf6a264
England,E12000002,E08000011,Knowsley,KNOWS_bd6a97d91dc8,b8aa0cc873a2
England,E12000002,E08000011,Knowsley,KNOWS_679e26174e97,d544dd7c381a
England,E12000002,E08000011,Knowsley,KNOWS_9c015471b2df,46c8db6f71d4
England,E12000002,E08000011,Knowsley,KNOWS_c6cc3276b3b3,d11c11a7457c
England,E12000002,E08000011,Knowsley,KNOWS_aabbfaf3ee9d,ebd302deb811
England,E12000002,E08000011,Knowsley,KNOWS_5f5d6bc5b484,022cdba980e6
England,E12000002,E08000011,Knowsley,KNOWS_b990443eea3c,c5a26ff59a49
England,E12000002,E08000011,Knowsley,KNOWS_e41c46f586b3,6c5f9ea31a02
England,E12000002,E08000011,Knowsley,KNOWS_1512507ee4d1,48a69998f5bb
England,E12000002,E08000011,Knowsley,KNOWS_3a801aa8c23e,d7f4dfdd76c0
England,E12000002,E08000011,Knowsley,KNOWS_1440e58b0e89,7b77b8c93310
England,E12000002,E08000011,Knowsley,KNOWS_0c30e2f6bed3,a9ded0016bbe
England,E12000002,E08000011,Knowsley,KNOWS_8714615a46b1,5fad95a949c7
England,E12000002,E08000011,Knowsley,KNOWS_9752904245d7,f75f750bf387
England,E12000002,E08000011,Knowsley,KNOWS_4c6a2bcad75b,971b7eeeef50
England,E12000002,E08000011,Knowsley,KNOWS_c21a4089738e,56e6061055da
England,E12000002,E08000011,Knowsley,KNOWS_56a1fb7d75de,b5f4f6450b74
England,E12000002,E08000011,Knowsley,KNOWS_6d1e9c96c99a,560946bb9ff6
England,E12000002,E08000011,Knowsley,KNOWS_17fd9175b54f,fa0b291194aa
England,E12000002,E08000011,Knowsley,KNOWS_b5a7350a2ac2,58a90137cf44
England,E12000002,E08000011,Knowsley,KNOWS_46aae5df88cd,01d7e080b046
England,E12000002,E08000011,Knowsley,KNOWS_8c091f59b245,4a297ca1c784
England,E12000002,E08000011,Knowsley,KNOWS_5681cdeed962,0cd6ed38e68f
England,E12000002,E08000011,Knowsley,KNOWS_3ea9de4ff60d,a12e4594bd0d
England,E12000002,E08000011,Knowsley,KNOWS_3b7148ab309f,c5d571429550
England,E12000002,E08000011,Knowsley,KNOWS_6214c0361988,394e11cb71ef
England,E12000002,E08000011,Knowsley,KNOWS_5e8a233e65ff,a6102cff4b53
England,E12000002,E08000011,Knowsley,KNOWS_39916b2dd007,01af6fd01b00
England,E12000002,E08000011,Knowsley,KNOWS_e4a2918de2ed,660f93d5d2b0
England,E12000002,E08000011,Knowsley,KNOWS_ca5eb3ee0976,32aa834fd3e3
England,E12000002,E08000011,Knowsley,KNOWS_471470ef5508,dc3965921bfd
England,E12000002,E08000011,Knowsley,KNOWS_3cbfe916ba56,a2e04f220f2d
England,E12000002,E08000011,Knowsley,KNOWS_4b277bdc5897,97d13bd51c65
England,E12000002,E08000011,Knowsley,KNOWS_5a5070146ef8,983596944a28
England,E12000002,E08000011,Knowsley,KNOWS_3dae6671166e,c1e90dd3eae5
England,E12000002,E08000011,Knowsley,KNOWS_bcfbe6f06aea,1c1c5719f906
England,E12000002,E08000011,Knowsley,KNOWS_db9296291f42,1f94562b9aa4
England,E12000002,E08000011,Knowsley,KNOWS_1c484e8f13f7,77fe171522c4
England,E12000002,E08000011,Knowsley,KNOWS_ffaebec0f5db,10e7eb872900
England,E12000002,E08000011,Knowsley,KNOWS_50662abce7bf,4f722eecebf7
England,E12000002,E08000011,Knowsley,KNOWS_71eaf9d1d744,2f2d9c70924e
England,E12000002,E08000011,Knowsley,KNOWS_37bd28f65792,a88550392e84
England,E12000002,E08000011,Knowsley,KNOWS_1519222a952f,bde87f362d76
England,E12000002,E08000011,Knowsley,KNOWS_93aeb868ef37,4c49ef9aae31
England,E12000002,E08000011,Knowsley,KNOWS_e375f0badfef,f7acf134486a
England,E12000002,E08000011,Knowsley,KNOWS_ce113d691614,5b2db3ed84dd
England,E12000002,E08000011,Knowsley,KNOWS_bbf65478c127,08ca168bef2d
England,E12000002,E08000011,Knowsley,KNOWS_f4f6c944d438,7bb714e7f956
England,E12000002,E08000011,Knowsley,KNOWS_81e62d984cf0,261c74302981
England,E12000002,E08000011,Knowsley,KNOWS_ad0d6bb97e22,1d58ffe3c5b6
England,E12000002,E08000011,Knowsley,KNOWS_9f2979002628,9ad65b6aa44b
England,E12000002,E08000011,Knowsley,KNOWS_2120944be96b,4f8138246743
England,E12000002,E08000011,Knowsley,KNOWS_37b22dc3b1d9,80e1be255d79
England,E12000002,E08000011,Knowsley,KNOWS_d6641b751ed0,e95d4179e3d4
England,E12000002,E08000011,Knowsley,KNOWS_4d9f668fa0e6,c7d05cd00002
England,E12000002,E08000011,Knowsley,KNOWS_28075b393f55,fe308bfb1266
England,E12000002,E08000011,Knowsley,KNOWS_5814694e91d1,89bd57ea913d
England,E12000002,E08000011,Knowsley,KNOWS_b991d3ff9890,4bc02a6f7672
England,E12000002,E08000011,Knowsley,KNOWS_b39f01cf3f5c,dc149bfa56c0
England,E12000002,E08000011,Knowsley,KNOWS_6ce7c731f5ac,7d2af2807d3e
England,E12000002,E08000011,Knowsley,KNOWS_3a4f7d98dec9,7d278e1263c1
England,E12000002,E08000011,Knowsley,KNOWS_53bddf6088e9,321baea094b4
England,E12000002,E08000011,Knowsley,KNOWS_13c42e5d63c4,56d20488e2d4
England,E12000002,E08000011,Knowsley,KNOWS_f4d7ba8e9b0b,3c40a0950cc8
England,E12000002,E08000011,Knowsley,KNOWS_fef3cd3077dd,433bdb9b5948
England,E12000002,E08000011,Knowsley,KNOWS_433d4364ea26,0baa491f914d
England,E12000002,E08000011,Knowsley,KNOWS_9a40aaaa923e,162367b809cf
England,E12000002,E08000011,Knowsley,KNOWS_76e18933e2d8,346bb27ff9c1
England,E12000002,E08000011,Knowsley,KNOWS_7d6a190dc89f,9442469fe63d
England,E12000002,E08000011,Knowsley,KNOWS_59a033686e37,de25d6bfa82d
England,E12000002,E08000011,Knowsley,KNOWS_2986dbb9f4b7,917b9e0eb375
England,E12000002,E08000011,Knowsley,KNOWS_7a92e42468b8,7cfc11232055
England,E12000002,E08000011,Knowsley,KNOWS_926a80297a23,0fe04876e0f0
England,E12000002,E08000011,Knowsley,KNOWS_97d977d870ee,8849ccd5216f
England,E12000002,E08000011,Knowsley,KNOWS_44dca742b075,3dc2f161af19
England,E12000002,E08000011,Knowsley,KNOWS_3b5708cb4fac,a2e9d5ed0541
England,E12000002,E08000011,Knowsley,KNOWS_a1f3caf0bb25,0d7ae743e031
England,E12000002,E08000011,Knowsley,KNOWS_0b47993d104b,d849c5e00c7f
England,E12000002,E08000011,Knowsley,KNOWS_797897f574e7,1cf2a67ee952
England,E12000002,E08000011,Knowsley,KNOWS_59468af3e8a6,4c560a0695de
England,E12000002,E08000011,Knowsley,KNOWS_8fe48b67ffd2,2435910d083f
England,E12000002,E08000011,Knowsley,KNOWS_a9e6ed423081,bd2538b55830
England,E12000002,E08000011,Knowsley,KNOWS_730211ee5d4d,6a8be018ad49
England,E12000002,E08000011,Knowsley,KNOWS_d88d03325268,7f41e18e09ea
England,E12000002,E08000011,Knowsley,KNOWS_f169ed5af945,8c04222c6943
England,E12000002,E08000011,Knowsley,KNOWS_c0e920ba927a,b0ac14c32266
England,E12000002,E08000011,Knowsley,KNOWS_2d46d1debedd,cad7ab3124d2
England,E12000002,E08000011,Knowsley,KNOWS_57d50f57f569,4f76dbc3a9fa
England,E12000002,E08000011,Knowsley,KNOWS_e8947365c1d3,c1754a03c0ec
England,E12000002,E08000011,Knowsley,KNOWS_84c79ff5a86e,0975bb565f65
England,E12000002,E08000011,Knowsley,KNOWS_9599ca5a3b8f,b8dc99dedbfa
England,E12000002,E08000011,Knowsley,KNOWS_f4e0c7c1487f,4c8e3e07b857
England,E12000002,E08000011,Knowsley,KNOWS_e8ae19d5220e,4c641c0efb7d
England,E12000002,E08000011,Knowsley,KNOWS_d428db303854,85cff04e1508
England,E12000002,E08000011,Knowsley,KNOWS_4749e4caaebe,74e1204ee723
England,E12000002,E08000011,Knowsley,KNOWS_918a4b36e1d1,2cb819ca6768
England,E12000002,E08000011,Knowsley,KNOWS_e08256e36dc2,ca5d94c1b1b0
England,E12000002,E08000011,Knowsley,KNOWS_9da7fb700524,fd9db57cb75e
England,E12000002,E08000011,Knowsley,KNOWS_b2ed19498e0e,cdc38559f0fd
England,E12000002,E08000011,Knowsley,KNOWS_e36c46c9fda4,f563c3f9b6a8
England,E12000002,E08000011,Knowsley,KNOWS_8c7505ae0eb4,873c232a733e
England,E12000002,E08000011,Knowsley,KNOWS_1b79e6be92db,8cec7bb40f82
England,E12000002,E08000011,Knowsley,KNOWS_28805d969f9d,6ff61a6d9a44
England,E12000002,E08000011,Knowsley,KNOWS_956fa945aff9,70117e4a2831
England,E12000002,E08000011,Knowsley,KNOWS_03d22a1b6b21,1199c3168772
England,E12000002,E08000011,Knowsley,KNOWS_6012b8d95724,e5a31c37575c
England,E12000002,E08000011,Knowsley,KNOWS_c2479f7d8736,919be104c2d9
England,E12000002,E08000011,Knowsley,KNOWS_128f30e2d6a2,97415181dd47
England,E12000002,E08000011,Knowsley,KNOWS_58679bd681d7,f4000fcc7cd7
England,E12000002,E08000011,Knowsley,KNOWS_0224aa3b0b49,a56a722b53ac
England,E12000002,E08000011,Knowsley,KNOWS_c7416c15b803,f14c27227a5b
England,E12000002,E08000011,Knowsley,KNOWS_ca7f85c4827e,fd401b56ec80
England,E12000002,E08000011,Knowsley,KNOWS_9a311598174f,29811744257c
England,E12000002,E08000011,Knowsley,KNOWS_2633757dc9f3,3eebe00529a8
England,E12000002,E08000011,Knowsley,KNOWS_8e1af7d3a104,71f57b86fcc4
England,E12000002,E08000011,Knowsley,KNOWS_fb9d09e5cbcb,cd763fd00b0e
England,E12000002,E08000011,Knowsley,KNOWS_9f60575e98e5,30a557612763
England,E12000002,E08000011,Knowsley,KNOWS_815e657fc611,d41d5d113363
England,E12000002,E08000011,Knowsley,KNOWS_d4728b5f657f,e5911a5f5bb2
England,E12000002,E08000011,Knowsley,KNOWS_caaac496248f,8e8beda5274e
England,E12000002,E08000011,Knowsley,KNOWS_8cafd623e054,91e65777497c
England,E12000002,E08000011,Knowsley,KNOWS_5878cc058154,92c909e87fe1
England,E12000002,E08000011,Knowsley,KNOWS_85a1fd17e58f,b187bd6e46a6
England,E12000002,E08000011,Knowsley,KNOWS_402e7ba8ba6d,efe39428790f
England,E12000002,E08000011,Knowsley,KNOWS_504e97539809,e77aa4b54417
England,E12000002,E08000011,Knowsley,KNOWS_31a782cf20a3,d2a132d8d638
England,E12000002,E08000011,Knowsley,KNOWS_6b1423cfd282,17b257bbb1b1
England,E12000002,E08000011,Knowsley,KNOWS_4f9899b242e8,de7a33f47a9e
England,E12000002,E08000011,Knowsley,KNOWS_390a43c60323,a741126a91a9
England,E12000002,E08000011,Knowsley,KNOWS_b06446ca537e,f191a1c1d346
England,E12000002,E08000011,Knowsley,KNOWS_e24178b0da06,5e20c1dfa788
England,E12000002,E08000011,Knowsley,KNOWS_b1ecd23e83c3,fbb2360a19bd
England,E12000002,E08000011,Knowsley,KNOWS_7df748acd2ad,d6b30ddb078f
England,E12000002,E08000011,Knowsley,KNOWS_f43c30ccedd1,c85bd705bfe3
England,E12000002,E08000011,Knowsley,KNOWS_809273fe7372,e2a221c4a9ec
England,E12000002,E08000011,Knowsley,KNOWS_569930381d98,64bf298960f4
England,E12000002,E08000011,Knowsley,KNOWS_da98cc4d01c3,598cf1279393
England,E12000002,E08000011,Knowsley,KNOWS_ffde79e61dc9,dd73198d4f65
England,E12000002,E08000011,Knowsley,KNOWS_8abd9ef288b7,0db140a5994d
England,E12000002,E08000011,Knowsley,KNOWS_d1347ee3ac55,77af16a98095
England,E12000002,E08000011,Knowsley,KNOWS_4e1df4769c92,ffac332f8148
England,E12000002,E08000011,Knowsley,KNOWS_4cd4e2e2a8ca,c7d184254138
England,E12000002,E08000011,Knowsley,KNOWS_b09241c278c9,ce6c4ea6624d
England,E12000002,E08000011,Knowsley,KNOWS_4a6d40d8162d,cb7278dcefde
England,E12000002,E08000011,Knowsley,KNOWS_cf096b71e9df,86eaa020a69e
England,E12000002,E08000011,Knowsley,KNOWS_ffe50be00367,1c277497f378
England,E12000002,E08000011,Knowsley,KNOWS_01fbf16eadfe,a42ff10820a4
England,E12000002,E08000011,Knowsley,KNOWS_c85438135429,01e474e130aa
England,E12000002,E08000011,Knowsley,KNOWS_754e6754e85a,fd02f56d04a2
England,E12000002,E08000011,Knowsley,KNOWS_7d6a1c2529b8,f04c03923b41
England,E12000002,E08000011,Knowsley,KNOWS_618eb0b37509,6761b4d8d85e
England,E12000002,E08000011,Knowsley,KNOWS_2537273a38d5,83b1d2570292
England,E12000002,E08000011,Knowsley,KNOWS_b499d6dea3cf,9d57ef35ec87
England,E12000002,E08000011,Knowsley,KNOWS_6b52f2f81e87,0982d5d85207
England,E12000002,E08000011,Knowsley,KNOWS_3a0a77df8fd1,b70eb214686f
England,E12000002,E08000011,Knowsley,KNOWS_bb9f48c75df1,cdc2e8d62c65
England,E12000002,E08000011,Knowsley,KNOWS_400306a8c79e,321867a6dcdf
England,E12000002,E08000011,Knowsley,KNOWS_a0034f1277f7,769092d5d7f3
England,E12000002,E08000011,Knowsley,KNOWS_3a1be6fe07af,4a5e63614d2a
England,E12000002,E08000011,Knowsley,KNOWS_3fdd6f6e19fd,f496533192a8
England,E12000002,E08000011,Knowsley,KNOWS_bcce8d40ae85,306683e90547
England,E12000002,E08000011,Knowsley,KNOWS_4133fbcdcc81,8dea3254e0b5
England,E12000002,E08000011,Knowsley,KNOWS_69bb18245517,073911b59726
England,E12000002,E08000011,Knowsley,KNOWS_2359c8ee969e,4cafcfbd8c63
England,E12000002,E08000011,Knowsley,KNOWS_3eec302b085f,6d3eee91be34
England,E12000002,E08000011,Knowsley,KNOWS_f7ca1fe3eca8,76dac373b556
England,E12000002,E08000011,Knowsley,KNOWS_33ea09a8b197,80cd7253f653
England,E12000002,E08000011,Knowsley,KNOWS_423b00a8c707,635e241a4b3c
England,E12000002,E08000011,Knowsley,KNOWS_974a29b58b45,3f4c1e9b01b1
England,E12000002,E08000011,Knowsley,KNOWS_047b0256f19a,2bbf72b92e96
England,E12000002,E08000011,Knowsley,KNOWS_1b2f3915628c,4174f47cdfcb
England,E12000002,E08000011,Knowsley,KNOWS_e59d47a4270f,f778b5107795
England,E12000002,E08000011,Knowsley,KNOWS_c179722a094e,45f9f5aacb72
England,E12000002,E08000011,Knowsley,KNOWS_74328ae039d5,f94820751ce2
England,E12000002,E08000011,Knowsley,KNOWS_9171aeb86357,b3b125811882
England,E12000002,E08000011,Knowsley,KNOWS_a6c29d473bb9,d5ed4c776fdd
England,E12000002,E08000011,Knowsley,KNOWS_26682511091f,0a4a253daa46
England,E12000002,E08000011,Knowsley,KNOWS_b8fd7142c135,7e99d4eda8c0
England,E12000002,E08000011,Knowsley,KNOWS_68261e53b921,4a353e9ae2ed
England,E12000002,E08000011,Knowsley,KNOWS_30c312ab0c6e,47db59682553
England,E12000002,E08000011,Knowsley,KNOWS_0ceec2d7ff61,a22ed2dd09fe
England,E12000002,E08000011,Knowsley,KNOWS_8505c8822062,590d5159f3d4
England,E12000002,E08000011,Knowsley,KNOWS_5c2a25998904,c20874eda4dc
England,E12000002,E08000011,Knowsley,KNOWS_0f717f71f030,61c672a50c86
England,E12000002,E08000011,Knowsley,KNOWS_ae821d98c8bc,61708e805475
England,E12000002,E08000011,Knowsley,KNOWS_b8e3e0f1d46b,219cbd014095
England,E12000002,E08000011,Knowsley,KNOWS_354412fc586c,69b026c33710
England,E12000002,E08000011,Knowsley,KNOWS_5fdd39ca3550,be5810f52939
England,E12000002,E08000011,Knowsley,KNOWS_56a84b8597a3,e0c2eb5340dc
England,E12000002,E08000011,Knowsley,KNOWS_ffe471fe3d01,7d791e47d2f8
England,E12000002,E08000011,Knowsley,KNOWS_3b901acb1968,05ca600670d6
England,E12000002,E08000011,Knowsley,KNOWS_b6f6b65ffa23,5cb24c00ccdc
England,E12000002,E08000011,Knowsley,KNOWS_a503f643841c,52797a42bc60
England,E12000002,E08000011,Knowsley,KNOWS_df3616e1079b,e88206fee3cf
England,E12000002,E08000011,Knowsley,KNOWS_956c7ebbd7b4,27567b3cbcfe
England,E12000002,E08000011,Knowsley,KNOWS_1f0fb0de9952,24ac357bf183
England,E12000002,E08000011,Knowsley,KNOWS_7c89996da210,bb9c2082ad42
England,E12000002,E08000011,Knowsley,KNOWS_52f42083e89b,274a6c307ccb
England,E12000002,E08000011,Knowsley,KNOWS_af26ce883507,026126aeaf06
England,E12000002,E08000011,Knowsley,KNOWS_71c20d481c14,f9b673498cbb
England,E12000002,E08000011,Knowsley,KNOWS_3dcdf0dff059,853149443392
England,E12000002,E08000011,Knowsley,KNOWS_4ed5dae0250c,8571886d592e
England,E12000002,E08000011,Knowsley,KNOWS_7cd4cc9cee4f,d4a7204e2907
England,E12000002,E08000011,Knowsley,KNOWS_24e695a51f1c,ce622f1fb36d
England,E12000002,E08000011,Knowsley,KNOWS_3a121e0eddd7,5c997e865f65
England,E12000002,E08000011,Knowsley,KNOWS_021e0badbdae,7b59e6d7c180
England,E12000002,E08000011,Knowsley,KNOWS_68c1ba346b44,5f8c811ccc96
England,E12000002,E08000011,Knowsley,KNOWS_777e7e2a3831,879458162325
England,E12000002,E08000011,Knowsley,KNOWS_cf7a9603b05d,fa9210082f3f
England,E12000002,E08000011,Knowsley,KNOWS_08da8e1047ef,83b024c939fe
England,E12000002,E08000011,Knowsley,KNOWS_5fed1b8601ef,88560184033b
England,E12000002,E08000011,Knowsley,KNOWS_4930c04572b3,488a9e1e74da
England,E12000002,E08000011,Knowsley,KNOWS_b282e675b677,a154a0349e13
England,E12000002,E08000011,Knowsley,KNOWS_c3c21ba03e78,b783ced358c0
England,E12000002,E08000011,Knowsley,KNOWS_a2bfee9de36a,dc082dfadd6d
England,E12000002,E08000011,Knowsley,KNOWS_b010a48c67ec,eabb332898cb
England,E12000002,E08000011,Knowsley,KNOWS_addfa9ae71b6,6ad44838f637
England,E12000002,E08000011,Knowsley,KNOWS_0e3664791147,65eb23f1f358
England,E12000002,E08000011,Knowsley,KNOWS_bc9a6c2ded8f,e1d6592e3588
England,E12000002,E08000011,Knowsley,KNOWS_b4384e80ba83,698802a0815a
England,E12000002,E08000011,Knowsley,KNOWS_a574d3e6324d,f33a4a2684d8
England,E12000002,E08000011,Knowsley,KNOWS_ad9fc2e7d614,655aeb0a2c7e
England,E12000002,E08000011,Knowsley,KNOWS_c3faf506890e,0f5471a9cd16
England,E12000002,E08000011,Knowsley,KNOWS_a11bf3af1ded,27349b9f6dce
England,E12000002,E08000011,Knowsley,KNOWS_661798521b12,acafbb1a23b2
England,E12000002,E08000011,Knowsley,KNOWS_28c237ab16ee,e315621e48e2
England,E12000002,E08000011,Knowsley,KNOWS_b96009a2a6c0,e2b9319869e2
England,E12000002,E08000011,Knowsley,KNOWS_4732c856b91c,ab7cdbdb9502
England,E12000002,E08000011,Knowsley,KNOWS_9c2bc3cfff4f,3919bff08327
England,E12000002,E08000011,Knowsley,KNOWS_dd245ae53590,138e9911a1ca
England,E12000002,E08000011,Knowsley,KNOWS_feee83ce4543,ab71089ba660
England,E12000002,E08000011,Knowsley,KNOWS_4cfa33aff4bf,edf9404806f2
England,E12000002,E08000011,Knowsley,KNOWS_5134f7ef6141,2879eb3997c7
England,E12000002,E08000011,Knowsley,KNOWS_5fe3c8816961,9dfc6610404c
England,E12000002,E08000011,Knowsley,KNOWS_1ee47a37f366,fac8c4a18dbb
England,E12000002,E08000011,Knowsley,KNOWS_ba9fe6b4cf9a,697df56d8ac4
England,E12000002,E08000011,Knowsley,KNOWS_9fc396658b9e,e1e73849b5f2
England,E12000002,E08000011,Knowsley,KNOWS_b6531fd240c6,daafc332cedb
England,E12000002,E08000011,Knowsley,KNOWS_701f7d7638f1,4b4d6e6943ab
England,E12000002,E08000011,Knowsley,KNOWS_fffc7853aa8d,249cf754ee86
England,E12000002,E08000011,Knowsley,KNOWS_a62aef5dc5ba,d6ce8b4db5ec
England,E12000002,E08000011,Knowsley,KNOWS_77075005fff1,b7fe5a97fd34
England,E12000002,E08000011,Knowsley,KNOWS_1ad36d14a513,f3e48e6b196c
England,E12000002,E08000011,Knowsley,KNOWS_ce60265dc29a,e4013b3196be
England,E12000002,E08000011,Knowsley,KNOWS_8277865fadd5,b0877d193f9b
England,E12000002,E08000011,Knowsley,KNOWS_0f6e20759123,739b1f13d9c2
England,E12000002,E08000011,Knowsley,KNOWS_85928d03d3d2,0d19b339f183
England,E12000002,E08000011,Knowsley,KNOWS_56d3285691b7,14b0c243d267
England,E12000002,E08000011,Knowsley,KNOWS_91974831ade6,8336f7e270b2
England,E12000002,E08000011,Knowsley,KNOWS_a436e2a814a3,f1eb7e0b83a7
England,E12000002,E08000011,Knowsley,KNOWS_a7e65ff0f7d3,5e4fce4f6178
England,E12000002,E08000011,Knowsley,KNOWS_e9502088eedb,40c3877e4f6f
England,E12000002,E08000011,Knowsley,KNOWS_01daa86f5244,0737b43fe2e7
England,E12000002,E08000011,Knowsley,KNOWS_77f18709ecbb,d566373f6dfc
England,E12000002,E08000011,Knowsley,KNOWS_ecd6744839c7,b5c9a75950e5
England,E12000002,E08000011,Knowsley,KNOWS_4fa8fa44621a,07d3751b5305
England,E12000002,E08000011,Knowsley,KNOWS_cd3f5d321641,7dff61fed9e4
England,E12000002,E08000011,Knowsley,KNOWS_5c786d277728,80c084e986c8
England,E12000002,E08000011,Knowsley,KNOWS_60c73c6558e1,1ea97564e592
England,E12000002,E08000011,Knowsley,KNOWS_6d331cc5c570,82e4ecb85b3e
England,E12000002,E08000011,Knowsley,KNOWS_20bb6720a0f3,7613b4dc5b64
England,E12000002,E08000011,Knowsley,KNOWS_de421f6d64d1,45f7cae441ba
England,E12000002,E08000011,Knowsley,KNOWS_662cb00d5888,fa3a6087a2cc
England,E12000002,E08000011,Knowsley,KNOWS_6aa02b788f62,0972ae960b2e
England,E12000002,E08000011,Knowsley,KNOWS_4a56c8c74385,b717f37c7071
England,E12000002,E08000011,Knowsley,KNOWS_8659761a9804,e517ef89d3b1
England,E12000002,E08000011,Knowsley,KNOWS_009d25cff92d,3c1f75550087
England,E12000002,E08000011,Knowsley,KNOWS_f84afc13f40d,bf4a5515a082
England,E12000002,E08000011,Knowsley,KNOWS_299b567f8738,122700744a63
England,E12000002,E08000011,Knowsley,KNOWS_fee62200d7d3,4934eb1c245d
England,E12000002,E08000011,Knowsley,KNOWS_ff24e999d010,e9cab82fcb00
England,E12000002,E08000011,Knowsley,KNOWS_8f52f065b286,dd80375d302f
England,E12000002,E08000011,Knowsley,KNOWS_fdae04766ec3,09161cf0fd9b
England,E12000002,E08000011,Knowsley,KNOWS_59e440eb4cdb,6de607689a47
England,E12000002,E08000011,Knowsley,KNOWS_eefb675c3b44,6d886b172477
England,E12000002,E08000011,Knowsley,KNOWS_9b3718447674,69bd50b7ba82
England,E12000002,E08000011,Knowsley,KNOWS_21400e503559,ba39b168068d
England,E12000002,E08000011,Knowsley,KNOWS_993a662d3989,7bbf6f5eb119
England,E12000002,E08000011,Knowsley,KNOWS_6b6c5f27d055,32e921d54279
England,E12000002,E08000011,Knowsley,KNOWS_6babd460bbc0,dd2973f7e219
England,E12000002,E08000011,Knowsley,KNOWS_19bf51278adf,3477fb6255d2
England,E12000002,E08000011,Knowsley,KNOWS_c196db8a2a1e,ea37af622426
England,E12000002,E08000011,Knowsley,KNOWS_a43dcf51d2cc,033ac5ee05c9
England,E12000002,E08000011,Knowsley,KNOWS_cb1fcb853609,7d219aaa1aea
England,E12000002,E08000011,Knowsley,KNOWS_823ec5fcc9be,603f21f8bf84
England,E12000002,E08000011,Knowsley,KNOWS_446750db6f2b,1eec86c1087c
