{
"type": "FeatureCollection",
"name": "MANCH_85_walking",
"crs": { "type": "name", "properties": { "name": "urn:ogc:def:crs:OGC:1.3:CRS84" } },
"features": [
{"type":"Feature","properties":{"highway":"path","name":null,"category":"Shared path"},"geometry":{"type":"MultiLineString","coordinates":[[[-2.2266163,53.4511282],[-2.2265409,53.4511385],[-2.2259091,53.4512246],[-2.2258616,53.4512311]]]}},
{"type":"Feature","properties":{"highway":"footway","name":null,"category":"Footpath (pedestrian only)"},"geometry":{"type":"MultiLineString","coordinates":[[[-2.2152188,53.4513169],[-2.2151274,53.4513697],[-2.2150934,53.4513956],[-2.214708,53.4515702],[-2.2145551,53.4515766],[-2.2144935,53.4516277],[-2.2144365,53.4517489],[-2.214347,53.4517982],[-2.2134517,53.4522918]]]}},
{"type":"Feature","properties":{"highway":"footway","name":null,"category":"Footpath (pedestrian only)"},"geometry":{"type":"MultiLineString","coordinates":[[[-2.2239864,53.447493],[-2.2245453,53.4478131]]]}},
{"type":"Feature","properties":{"highway":"footway","name":null,"category":"Footpath (pedestrian only)"},"geometry":{"type":"MultiLineString","coordinates":[[[-2.2233466,53.4489953],[-2.2231764,53.449049],[-2.2227593,53.4491807],[-2.2220501,53.4493716]]]}},
{"type":"Feature","properties":{"highway":"footway","name":null,"category":"Footpath (pedestrian only)"},"geometry":{"type":"MultiLineString","coordinates":[[[-2.2248952,53.4480143],[-2.2245569,53.4482961],[-2.2242168,53.4485326],[-2.2239068,53.4487225],[-2.2236033,53.4488788],[-2.2233466,53.4489953],[-2.2237442,53.4495796],[-2.2238834,53.4497374],[-2.2240398,53.4498769],[-2.2241514,53.4499895],[-2.2242617,53.4500614],[-2.2243862,53.4501558],[-2.2244722,53.4502638],[-2.2246108,53.45059],[-2.2246598,53.4506946]]]}},
{"type":"Feature","properties":{"highway":"footway","name":null,"category":"Footpath (pedestrian only)"},"geometry":{"type":"MultiLineString","coordinates":[[[-2.2208038,53.4491807],[-2.2208273,53.4492219]]]}},
{"type":"Feature","properties":{"highway":"footway","name":null,"category":"Footpath (pedestrian only)"},"geometry":{"type":"MultiLineString","coordinates":[[[-2.2220501,53.4493716],[-2.22172,53.4494557],[-2.2213727,53.4495363],[-2.2210541,53.4496031]]]}},
{"type":"Feature","properties":{"highway":"footway","name":null,"category":"Footpath (pedestrian only)"},"geometry":{"type":"MultiLineString","coordinates":[[[-2.2248549,53.4458557],[-2.2249469,53.4455771],[-2.224982,53.4454708],[-2.2250989,53.4451581],[-2.2252339,53.4450344],[-2.2254286,53.4449547],[-2.2256388,53.4449236],[-2.2258536,53.4449317],[-2.2260173,53.444969],[-2.2261614,53.4450496],[-2.2262591,53.4451412],[-2.2264239,53.4452688],[-2.2265903,53.4453463],[-2.2267111,53.4453862],[-2.2268534,53.445408],[-2.2270534,53.4454262],[-2.2272512,53.4454643],[-2.2274368,53.4455512],[-2.2275422,53.4456563],[-2.2276226,53.4458016],[-2.2276411,53.4458639],[-2.2276335,53.4459582],[-2.2275881,53.4460771],[-2.2275129,53.4461786],[-2.2274099,53.4462668],[-2.227293,53.4463203],[-2.2270943,53.4463866],[-2.2267942,53.4464405],[-2.2264185,53.4465289],[-2.2262514,53.4465737],[-2.2258457,53.4467018],[-2.2255231,53.4468233],[-2.2252232,53.4469417],[-2.2250542,53.4470164],[-2.2249523,53.4470477],[-2.2248545,53.4470672],[-2.2247511,53.4470692],[-2.2246351,53.447045],[-2.2245423,53.4469997],[-2.2244909,53.4469366],[-2.2244643,53.4468719],[-2.2244624,53.4468111],[-2.2244817,53.4467345],[-2.2245217,53.4466643],[-2.2245721,53.4466104],[-2.2246474,53.4465063],[-2.2247041,53.4462981],[-2.2247803,53.4460744],[-2.2248549,53.4458557]]]}},
{"type":"Feature","properties":{"highway":"footway","name":null,"category":"Footpath (pedestrian only)"},"geometry":{"type":"MultiLineString","coordinates":[[[-2.224982,53.4454708],[-2.2242193,53.4453763],[-2.2240793,53.4453434],[-2.2238689,53.4453097]]]}},
{"type":"Feature","properties":{"highway":"footway","name":null,"category":"Footpath (pedestrian only)"},"geometry":{"type":"MultiLineString","coordinates":[[[-2.1988182,53.4577938],[-2.1984008,53.457132]]]}},
{"type":"Feature","properties":{"highway":"footway","name":null,"category":"Footpath (pedestrian only)"},"geometry":{"type":"MultiLineString","coordinates":[[[-2.2138779,53.4551839],[-2.2137792,53.4552264],[-2.2137318,53.4552469],[-2.2136122,53.4552417],[-2.2134158,53.4552276],[-2.2128552,53.4555895],[-2.2128198,53.4556124]]]}},
{"type":"Feature","properties":{"highway":"footway","name":null,"category":"Footpath (pedestrian only)"},"geometry":{"type":"MultiLineString","coordinates":[[[-2.2134158,53.4552276],[-2.213453,53.4551316],[-2.2134668,53.4550646],[-2.2134721,53.4550387],[-2.2134785,53.4549651]]]}},
{"type":"Feature","properties":{"highway":"footway","name":"Marsham Close","category":"Footpath (pedestrian only)"},"geometry":{"type":"MultiLineString","coordinates":[[[-2.2078205,53.4608527],[-2.2077733,53.4608304],[-2.2072013,53.4605599],[-2.2071727,53.4605464],[-2.2071295,53.460526],[-2.2070856,53.4605052],[-2.2068762,53.4604063]]]}},
{"type":"Feature","properties":{"highway":"path","name":null,"category":"Shared path"},"geometry":{"type":"MultiLineString","coordinates":[[[-2.2167613,53.4438143],[-2.2168373,53.4438084],[-2.2173882,53.4437955],[-2.2176511,53.443789],[-2.2177236,53.4438036],[-2.2183142,53.4438312],[-2.2183377,53.4438325],[-2.2183499,53.4437775],[-2.2184546,53.4437866]]]}},
{"type":"Feature","properties":{"highway":"path","name":null,"category":"Shared path"},"geometry":{"type":"MultiLineString","coordinates":[[[-2.2164958,53.442808],[-2.2159268,53.4428324],[-2.2159512,53.4429801],[-2.2159582,53.4429992],[-2.215967,53.4430131],[-2.2159823,53.4430263],[-2.2159962,53.443039],[-2.2160041,53.4430566],[-2.2159989,53.4430827],[-2.2159863,53.4431022],[-2.2159787,53.4431219],[-2.215976,53.4431431],[-2.2160608,53.443705],[-2.2160718,53.4437324],[-2.2160945,53.4437679],[-2.2161285,53.4438033],[-2.2161725,53.4438401]]]}},
{"type":"Feature","properties":{"highway":"path","name":null,"category":"Shared path"},"geometry":{"type":"MultiLineString","coordinates":[[[-2.217336,53.4434391],[-2.2174107,53.4434526],[-2.2174615,53.4434673],[-2.2175299,53.4434979],[-2.2175709,53.443526],[-2.2175995,53.4435632],[-2.2176511,53.443789]]]}},
{"type":"Feature","properties":{"highway":"path","name":null,"category":"Shared path"},"geometry":{"type":"MultiLineString","coordinates":[[[-2.217336,53.4434391],[-2.2172334,53.4434331],[-2.2167818,53.4434561]]]}},
{"type":"Feature","properties":{"highway":"path","name":null,"category":"Shared path"},"geometry":{"type":"MultiLineString","coordinates":[[[-2.2167975,53.443003],[-2.2169746,53.4429926],[-2.2170891,53.4429763],[-2.2174669,53.4430942],[-2.2176091,53.4431386],[-2.21764,53.4431453],[-2.2176901,53.4431481],[-2.2177613,53.4431418],[-2.2177935,53.4431326],[-2.2178095,53.4431226],[-2.2178223,53.4431069],[-2.2178272,53.4430839],[-2.2178089,53.4429334],[-2.2170891,53.4429763]]]}},
{"type":"Feature","properties":{"highway":"footway","name":null,"category":"Footpath (pedestrian only)"},"geometry":{"type":"MultiLineString","coordinates":[[[-2.2295124,53.4457299],[-2.2294452,53.4458333],[-2.2293568,53.4459327],[-2.2292667,53.4460097],[-2.2291634,53.4460593],[-2.2289264,53.4461534],[-2.2286317,53.4462414],[-2.2282403,53.4463149],[-2.2278906,53.4463554],[-2.2274792,53.4463154],[-2.2274099,53.4462668]]]}},
{"type":"Feature","properties":{"highway":"path","name":null,"category":"Shared path"},"geometry":{"type":"MultiLineString","coordinates":[[[-2.2131306,53.4430958],[-2.2131896,53.4430671],[-2.2132298,53.4430255],[-2.2132137,53.4429872],[-2.2131762,53.4429105],[-2.2131896,53.4428322],[-2.2131681,53.4427859],[-2.2130957,53.4427172],[-2.212975,53.4426645],[-2.2129106,53.4426054],[-2.2128865,53.4425558],[-2.2127953,53.4425191],[-2.2127443,53.4424855],[-2.2127068,53.4424504],[-2.2126934,53.4424073],[-2.2127148,53.4423737],[-2.212739,53.4423721],[-2.2127846,53.4423977],[-2.2128355,53.4424089],[-2.2129401,53.4424248],[-2.2130608,53.4423913],[-2.2131359,53.4423481],[-2.2132057,53.442313],[-2.2132727,53.4422874],[-2.2133478,53.4422874],[-2.2134149,53.4422779],[-2.213498,53.4422667],[-2.2136214,53.4422922],[-2.2137394,53.4423402],[-2.2138199,53.4423753],[-2.2138762,53.4423945],[-2.2139245,53.4423865],[-2.2139433,53.442337],[-2.2139755,53.4423082],[-2.2140532,53.4423258],[-2.214064,53.4423753],[-2.2140425,53.4424168],[-2.2140264,53.4424616],[-2.2140586,53.4425974],[-2.2140801,53.4426677],[-2.2141096,53.4427843],[-2.2141257,53.442853],[-2.2141713,53.4429233],[-2.2141873,53.4430846],[-2.2142142,53.4431885],[-2.2142276,53.4432268],[-2.2139513,53.4432604],[-2.2137873,53.4432767],[-2.2135651,53.4432987],[-2.2134256,53.4433083],[-2.213372,53.4432987],[-2.2133398,53.4432284],[-2.2133237,53.4431885],[-2.2132861,53.4431501],[-2.2132325,53.4431246],[-2.2131922,53.4431134],[-2.2131306,53.4430958]]]}},
{"type":"Feature","properties":{"highway":"path","name":null,"category":"Shared path"},"geometry":{"type":"MultiLineString","coordinates":[[[-2.2130325,53.4433132],[-2.2130501,53.4433332],[-2.2130725,53.443361],[-2.213119,53.4433883],[-2.2131762,53.443393],[-2.2133639,53.443377],[-2.2134334,53.4433699],[-2.2135678,53.4433562],[-2.2138065,53.4433275],[-2.2142464,53.4432795],[-2.2142857,53.4433332],[-2.2143104,53.443417],[-2.2143133,53.4434337],[-2.2142995,53.4434492],[-2.2142842,53.4434574]]]}},
{"type":"Feature","properties":{"highway":"path","name":null,"category":"Shared path"},"geometry":{"type":"MultiLineString","coordinates":[[[-2.2141536,53.4436543],[-2.2141668,53.4436691],[-2.214208,53.44369],[-2.2142465,53.4437033],[-2.2143552,53.4437318],[-2.2144904,53.4437492],[-2.2145491,53.4437553]]]}},
{"type":"Feature","properties":{"highway":"path","name":null,"category":"Shared path"},"geometry":{"type":"MultiLineString","coordinates":[[[-2.2146538,53.4426823],[-2.2145345,53.4426849],[-2.2143992,53.4423466],[-2.2146192,53.4423186],[-2.2151933,53.4422765],[-2.2154453,53.4422771],[-2.2154409,53.4424029]]]}},
{"type":"Feature","properties":{"highway":"path","name":null,"category":"Shared path"},"geometry":{"type":"MultiLineString","coordinates":[[[-2.2146192,53.4423186],[-2.2147641,53.4426605],[-2.2151997,53.4426302],[-2.2151933,53.4422765]]]}},
{"type":"Feature","properties":{"highway":"path","name":null,"category":"Shared path"},"geometry":{"type":"MultiLineString","coordinates":[[[-2.2168373,53.4438084],[-2.2167818,53.4434561],[-2.2167883,53.4433562],[-2.2167895,53.4433313],[-2.2168053,53.4432961],[-2.2168276,53.4432656],[-2.2167975,53.443003],[-2.2164989,53.4428427],[-2.2164958,53.442808],[-2.2164848,53.4426842],[-2.2165057,53.4426463],[-2.2165619,53.4426021],[-2.2165838,53.4425675],[-2.2166385,53.4424384],[-2.2166867,53.4423477]]]}},
{"type":"Feature","properties":{"highway":"path","name":null,"category":"Shared path"},"geometry":{"type":"MultiLineString","coordinates":[[[-2.2126219,53.4447308],[-2.2133137,53.4446959],[-2.2136454,53.4446745],[-2.2136992,53.444671],[-2.2140998,53.4446451],[-2.2147504,53.4446057]]]}},
{"type":"Feature","properties":{"highway":"path","name":null,"category":"Shared path"},"geometry":{"type":"MultiLineString","coordinates":[[[-2.2133137,53.4446959],[-2.2133723,53.4447304],[-2.2134358,53.4447641],[-2.2134895,53.4447876],[-2.2135508,53.4448089],[-2.2136332,53.4448143],[-2.2137218,53.444816],[-2.2138118,53.4452949],[-2.2138698,53.4454962]]]}},
{"type":"Feature","properties":{"highway":"path","name":null,"category":"Shared path"},"geometry":{"type":"MultiLineString","coordinates":[[[-2.2137218,53.444816],[-2.213811,53.4448068],[-2.2138879,53.4447898],[-2.2139441,53.4447654],[-2.2139837,53.4447384],[-2.2140448,53.4446924],[-2.2140998,53.4446451]]]}},
{"type":"Feature","properties":{"highway":"path","name":null,"category":"Shared path"},"geometry":{"type":"MultiLineString","coordinates":[[[-2.2135508,53.4448089],[-2.213517,53.4448498],[-2.2134779,53.4448899],[-2.2134189,53.4449416],[-2.2133896,53.4449571],[-2.2134065,53.4450902],[-2.213411,53.4451262],[-2.2133955,53.4451677],[-2.2133776,53.445194],[-2.2134847,53.4452426],[-2.2135976,53.445275],[-2.2137005,53.4452919],[-2.2138118,53.4452949]]]}},
{"type":"Feature","properties":{"highway":"path","name":null,"category":"Shared path"},"geometry":{"type":"MultiLineString","coordinates":[[[-2.2138879,53.4447898],[-2.2139857,53.4448574],[-2.2140463,53.4448914],[-2.2140952,53.4449146],[-2.2141268,53.4450475],[-2.2141341,53.4450906],[-2.2141456,53.4451145],[-2.2141688,53.4451364],[-2.2141992,53.4451541],[-2.214149,53.4451808],[-2.2140904,53.4452085],[-2.2139664,53.4452619],[-2.2138899,53.4452844],[-2.2138118,53.4452949]]]}},
{"type":"Feature","properties":{"highway":"path","name":null,"category":"Shared path"},"geometry":{"type":"MultiLineString","coordinates":[[[-2.2140952,53.4449146],[-2.2142909,53.4449033],[-2.2143849,53.4448976],[-2.2143931,53.4449379],[-2.2144141,53.444959],[-2.2144451,53.4449742],[-2.214485,53.4450203],[-2.2144937,53.4450694],[-2.2144583,53.4450713],[-2.2144587,53.4451161],[-2.2144266,53.4451192],[-2.2144021,53.4451313],[-2.2143866,53.4451473],[-2.2143839,53.4451671],[-2.2143256,53.4451702],[-2.2142559,53.4451739],[-2.2142206,53.4451662],[-2.2141992,53.4451541]]]}},
{"type":"Feature","properties":{"highway":"path","name":null,"category":"Shared path"},"geometry":{"type":"MultiLineString","coordinates":[[[-2.2133896,53.4449571],[-2.2132026,53.4449654],[-2.2131183,53.4449691],[-2.2131129,53.4449981],[-2.2131022,53.4450248],[-2.2130918,53.4450401],[-2.2130746,53.4450555],[-2.2130613,53.4450746],[-2.2130547,53.4450979],[-2.2130613,53.4451472],[-2.2130644,53.4451713],[-2.2130946,53.4451718],[-2.2130974,53.445192],[-2.2131323,53.4451951],[-2.2131572,53.4452042],[-2.2131789,53.4452179],[-2.2131889,53.4452365],[-2.2132698,53.4452311],[-2.2133266,53.4452273],[-2.2133587,53.4452121],[-2.2133776,53.445194]]]}},
{"type":"Feature","properties":{"highway":"footway","name":null,"category":"Footpath (pedestrian only)"},"geometry":{"type":"MultiLineString","coordinates":[[[-2.2248183,53.4479712],[-2.2248952,53.4480143],[-2.2252912,53.448248],[-2.2273177,53.4496691],[-2.2274329,53.4497636],[-2.2275019,53.44986],[-2.227577,53.4499639],[-2.2276106,53.4500105]]]}},
{"type":"Feature","properties":{"highway":"footway","name":null,"category":"Footpath (pedestrian only)"},"geometry":{"type":"MultiLineString","coordinates":[[[-2.2245453,53.4478131],[-2.2248183,53.4479712]]]}},
{"type":"Feature","properties":{"highway":"footway","name":null,"category":"Footpath (pedestrian only)"},"geometry":{"type":"MultiLineString","coordinates":[[[-2.2153697,53.4589818],[-2.2152125,53.4589877],[-2.2148523,53.4589986],[-2.2146656,53.4589705],[-2.2146201,53.4589654],[-2.2145764,53.4589705],[-2.2145164,53.4589996],[-2.214292,53.4590958],[-2.2142142,53.4591077],[-2.2141364,53.4591195],[-2.2139207,53.4591936],[-2.2137875,53.4592014],[-2.2134091,53.4592161],[-2.2133073,53.459223],[-2.2132134,53.4592266],[-2.2129128,53.4592848],[-2.212889,53.4597326],[-2.2128853,53.4598021]]]}},
{"type":"Feature","properties":{"highway":"path","name":null,"category":"Shared path"},"geometry":{"type":"MultiLineString","coordinates":[[[-2.2126494,53.4559444],[-2.2125377,53.4559451],[-2.2118284,53.4559497],[-2.21178,53.45595]]]}},
{"type":"Feature","properties":{"highway":"footway","name":null,"category":"Footpath (pedestrian only)"},"geometry":{"type":"MultiLineString","coordinates":[[[-2.2199321,53.446113],[-2.2203011,53.4461007],[-2.2206901,53.4460818]]]}},
{"type":"Feature","properties":{"highway":"footway","name":null,"category":"Footpath (pedestrian only)"},"geometry":{"type":"MultiLineString","coordinates":[[[-2.2207087,53.4462097],[-2.2203205,53.4462298],[-2.2199498,53.446249],[-2.2199321,53.446113],[-2.2199134,53.4459991],[-2.2202797,53.4459801],[-2.2206723,53.4459598],[-2.2206901,53.4460818],[-2.2207087,53.4462097]]]}},
{"type":"Feature","properties":{"highway":"footway","name":null,"category":"Footpath (pedestrian only)"},"geometry":{"type":"MultiLineString","coordinates":[[[-2.220864,53.4458773],[-2.2202685,53.4459284],[-2.2198662,53.4459412],[-2.2195926,53.4459859],[-2.2190615,53.4461489],[-2.2187289,53.4462703],[-2.218335,53.4464052],[-2.2181344,53.4464607]]]}},
{"type":"Feature","properties":{"highway":"footway","name":null,"category":"Footpath (pedestrian only)"},"geometry":{"type":"MultiLineString","coordinates":[[[-2.2247803,53.4460744],[-2.2242689,53.4460253],[-2.2242245,53.4461562],[-2.22421,53.4461989],[-2.2233906,53.4461584],[-2.2227952,53.4460562],[-2.2217579,53.4458774],[-2.221674,53.4458613],[-2.2211126,53.4458992],[-2.220864,53.4458773]]]}},
{"type":"Feature","properties":{"highway":"footway","name":null,"category":"Footpath (pedestrian only)"},"geometry":{"type":"MultiLineString","coordinates":[[[-2.2199321,53.446113],[-2.2199148,53.4461124],[-2.2199018,53.4460118],[-2.2198662,53.4459412]]]}},
{"type":"Feature","properties":{"highway":"footway","name":null,"category":"Footpath (pedestrian only)"},"geometry":{"type":"MultiLineString","coordinates":[[[-2.2202685,53.4459284],[-2.2202797,53.4459801]]]}},
{"type":"Feature","properties":{"highway":"footway","name":null,"category":"Footpath (pedestrian only)"},"geometry":{"type":"MultiLineString","coordinates":[[[-2.2203205,53.4462298],[-2.2203011,53.4461007],[-2.2202797,53.4459801]]]}},
{"type":"Feature","properties":{"highway":"footway","name":null,"category":"Footpath (pedestrian only)"},"geometry":{"type":"MultiLineString","coordinates":[[[-2.2207836,53.4491387],[-2.2211268,53.4490805],[-2.2215723,53.4489748],[-2.2220179,53.4488243],[-2.2225099,53.4486306],[-2.2228408,53.4484685],[-2.2231946,53.4482554],[-2.2235154,53.4480073],[-2.2236401,53.4478902],[-2.2237823,53.4477185],[-2.2239215,53.4475005],[-2.2239453,53.4474243]]]}},
{"type":"Feature","properties":{"highway":"footway","name":null,"category":"Footpath (pedestrian only)"},"geometry":{"type":"MultiLineString","coordinates":[[[-2.2203763,53.449254],[-2.2208038,53.4491807],[-2.2207836,53.4491387],[-2.2204988,53.4485471],[-2.2203665,53.4485455],[-2.2200739,53.4485867]]]}},
{"type":"Feature","properties":{"highway":"footway","name":null,"category":"Footpath (pedestrian only)"},"geometry":{"type":"MultiLineString","coordinates":[[[-2.2248952,53.4480143],[-2.2251215,53.4478619],[-2.2253609,53.447714],[-2.2257079,53.4475302],[-2.2259738,53.4474112],[-2.226232,53.4473063],[-2.2266739,53.4471429],[-2.2269521,53.4470692],[-2.2273688,53.4469588],[-2.227671,53.4468848],[-2.2280253,53.4468032],[-2.2284237,53.4467117],[-2.2285497,53.4467355],[-2.2287258,53.4467316]]]}},
{"type":"Feature","properties":{"highway":"footway","name":null,"category":"Footpath (pedestrian only)"},"geometry":{"type":"MultiLineString","coordinates":[[[-2.2242193,53.4453763],[-2.2242503,53.4454303],[-2.2242298,53.4456935],[-2.2241843,53.4459713],[-2.2242011,53.4460061],[-2.2242689,53.4460253]]]}},
{"type":"Feature","properties":{"highway":"footway","name":null,"category":"Footpath (pedestrian only)"},"geometry":{"type":"MultiLineString","coordinates":[[[-2.2218807,53.4504975],[-2.2220438,53.4504314],[-2.2221924,53.4503409]]]}},
{"type":"Feature","properties":{"highway":"footway","name":null,"category":"Footpath (pedestrian only)"},"geometry":{"type":"MultiLineString","coordinates":[[[-2.2218311,53.4503096],[-2.2218807,53.4504975],[-2.2218193,53.4505411],[-2.2218939,53.450641],[-2.2219005,53.4506912],[-2.2217686,53.4507138],[-2.2215183,53.450751]]]}},
{"type":"Feature","properties":{"highway":"footway","name":null,"category":"Footpath (pedestrian only)"},"geometry":{"type":"MultiLineString","coordinates":[[[-2.213487,53.4547437],[-2.21348,53.4549261],[-2.2134785,53.4549651]]]}},
{"type":"Feature","properties":{"highway":"footway","name":null,"category":"Footpath (pedestrian only)"},"geometry":{"type":"MultiLineString","coordinates":[[[-2.2159049,53.4540965],[-2.2159516,53.4540725],[-2.2161452,53.4537203],[-2.2161552,53.4537022]]]}},
{"type":"Feature","properties":{"highway":"footway","name":null,"category":"Footpath (pedestrian only)"},"geometry":{"type":"MultiLineString","coordinates":[[[-2.2030048,53.4442376],[-2.2031443,53.4442239],[-2.2035296,53.4441912],[-2.2043896,53.4440848],[-2.2057069,53.4440418],[-2.2058604,53.4440368],[-2.2059938,53.4440292],[-2.2064625,53.4440291],[-2.206546,53.4443377],[-2.209636,53.4443566],[-2.2100773,53.4443715],[-2.2109193,53.444371],[-2.210984,53.4443754],[-2.2110302,53.4443949],[-2.2110772,53.4444077],[-2.2111192,53.4444139]]]}},
{"type":"Feature","properties":{"highway":"footway","name":null,"category":"Footpath (pedestrian only)"},"geometry":{"type":"MultiLineString","coordinates":[[[-2.2207507,53.4526602],[-2.2207415,53.4526419],[-2.220682,53.452524],[-2.2206183,53.4523768],[-2.2205544,53.4522979]]]}},
{"type":"Feature","properties":{"highway":"footway","name":null,"category":"Footpath (pedestrian only)"},"geometry":{"type":"MultiLineString","coordinates":[[[-2.2215873,53.4525464],[-2.2214383,53.4521345]]]}},
{"type":"Feature","properties":{"highway":"footway","name":null,"category":"Footpath (pedestrian only)"},"geometry":{"type":"MultiLineString","coordinates":[[[-2.2167037,53.4541896],[-2.2166205,53.4541832],[-2.2165454,53.4541896],[-2.2165052,53.4542104],[-2.2164575,53.4542309],[-2.2162611,53.4541848],[-2.2162263,53.4542088],[-2.2161003,53.4543444]]]}},
{"type":"Feature","properties":{"highway":"footway","name":null,"category":"Footpath (pedestrian only)"},"geometry":{"type":"MultiLineString","coordinates":[[[-2.2158889,53.4543954],[-2.2158449,53.4544189],[-2.2154339,53.4546386],[-2.2153917,53.4546611]]]}},
{"type":"Feature","properties":{"highway":"footway","name":null,"category":"Footpath (pedestrian only)"},"geometry":{"type":"MultiLineString","coordinates":[[[-2.2156576,53.4541371],[-2.2160117,53.4543397],[-2.2160519,53.4543493],[-2.2161003,53.4543444],[-2.2161749,53.4543502]]]}},
{"type":"Feature","properties":{"highway":"footway","name":null,"category":"Footpath (pedestrian only)"},"geometry":{"type":"MultiLineString","coordinates":[[[-2.2163813,53.4612993],[-2.2160999,53.4611335],[-2.2157676,53.4609354],[-2.2156086,53.4608303],[-2.2152934,53.4606393],[-2.2148402,53.4603552],[-2.2144864,53.4601366]]]}},
{"type":"Feature","properties":{"highway":"footway","name":"Edbrook Walk","category":"Footpath (pedestrian only)"},"geometry":{"type":"MultiLineString","coordinates":[[[-2.2158961,53.4612643],[-2.2156986,53.4611568],[-2.2155529,53.4610775],[-2.2155933,53.4610516],[-2.2154967,53.4609985],[-2.2154179,53.4609551],[-2.2152423,53.4608544],[-2.2151917,53.4608254],[-2.2150933,53.460769],[-2.2151116,53.4607589],[-2.2149696,53.4606818],[-2.214625,53.4604948]]]}},
{"type":"Feature","properties":{"highway":"footway","name":null,"category":"Footpath (pedestrian only)"},"geometry":{"type":"MultiLineString","coordinates":[[[-2.2233114,53.4510201],[-2.2236653,53.4513802],[-2.2237129,53.4514153],[-2.2237619,53.451446],[-2.2238645,53.4514964],[-2.2240093,53.451551]]]}},
{"type":"Feature","properties":{"highway":"footway","name":null,"category":"Footpath (pedestrian only)"},"geometry":{"type":"MultiLineString","coordinates":[[[-2.211975,53.4543686],[-2.2120394,53.4545123],[-2.2120984,53.4546848],[-2.2121306,53.4548349],[-2.2121464,53.4549898],[-2.2121502,53.4550269]]]}},
{"type":"Feature","properties":{"highway":"track","name":null,"category":"Track"},"geometry":{"type":"MultiLineString","coordinates":[[[-2.2159516,53.4540725],[-2.2160574,53.4540397],[-2.2185275,53.4537295],[-2.2186603,53.4537128],[-2.218692,53.4537088]]]}},
{"type":"Feature","properties":{"highway":"footway","name":null,"category":"Footpath (pedestrian only)"},"geometry":{"type":"MultiLineString","coordinates":[[[-2.2183754,53.4514988],[-2.217693,53.4506573]]]}},
{"type":"Feature","properties":{"highway":"footway","name":null,"category":"Footpath (pedestrian only)"},"geometry":{"type":"MultiLineString","coordinates":[[[-2.2134232,53.4525078],[-2.2138035,53.4527421],[-2.2138994,53.4528449],[-2.2139137,53.4529527],[-2.2138678,53.4530407],[-2.2138162,53.4530875],[-2.2136878,53.4531513],[-2.2135039,53.4531839],[-2.2132879,53.453161],[-2.2131471,53.4531012],[-2.2130594,53.4530202],[-2.2130184,53.4529662],[-2.2127931,53.4528768]]]}},
{"type":"Feature","properties":{"highway":"footway","name":null,"category":"Footpath (pedestrian only)"},"geometry":{"type":"MultiLineString","coordinates":[[[-2.210691,53.4521364],[-2.2110182,53.4522166]]]}},
{"type":"Feature","properties":{"highway":"footway","name":null,"category":"Footpath (pedestrian only)"},"geometry":{"type":"MultiLineString","coordinates":[[[-2.2049192,53.4551939],[-2.2049836,53.4551791],[-2.2050029,53.4552092]]]}},
{"type":"Feature","properties":{"highway":"footway","name":null,"category":"Footpath (pedestrian only)"},"geometry":{"type":"MultiLineString","coordinates":[[[-2.2109158,53.4518439],[-2.210708,53.4520454]]]}},
{"type":"Feature","properties":{"highway":"footway","name":null,"category":"Footpath (pedestrian only)"},"geometry":{"type":"MultiLineString","coordinates":[[[-2.2106804,53.4520148],[-2.210708,53.4520454],[-2.2107175,53.4520763],[-2.2107117,53.4521075],[-2.210691,53.4521364],[-2.2106552,53.4521615],[-2.2106083,53.4521789],[-2.2105548,53.4521871],[-2.2104996,53.4521852],[-2.210448,53.4521735],[-2.2104047,53.4521531],[-2.2103739,53.4521257],[-2.210358,53.4520923],[-2.2103608,53.4520576],[-2.2103822,53.4520252],[-2.2104198,53.4519986],[-2.2104697,53.4519805],[-2.2105267,53.4519729],[-2.2105847,53.4519765],[-2.2106378,53.451991],[-2.2106804,53.4520148]]]}},
{"type":"Feature","properties":{"highway":"footway","name":null,"category":"Footpath (pedestrian only)"},"geometry":{"type":"MultiLineString","coordinates":[[[-2.2143676,53.4504503],[-2.2141789,53.4504954],[-2.2137505,53.4505607],[-2.2134903,53.4506374],[-2.2127796,53.4509074],[-2.2121662,53.4512085],[-2.2116343,53.4515654],[-2.2112615,53.4519136],[-2.2110182,53.4522166],[-2.2109021,53.4524295],[-2.210894,53.4526963],[-2.2109133,53.4527312],[-2.211055,53.4529886],[-2.2113035,53.4532691],[-2.2114841,53.4534581],[-2.2115528,53.453585],[-2.2115513,53.4536731],[-2.2115225,53.4537437],[-2.2114507,53.4538542]]]}},
{"type":"Feature","properties":{"highway":"footway","name":null,"category":"Footpath (pedestrian only)"},"geometry":{"type":"MultiLineString","coordinates":[[[-2.2103739,53.4521257],[-2.210115,53.4522001],[-2.2100266,53.4522255]]]}},
{"type":"Feature","properties":{"highway":"footway","name":null,"category":"Footpath (pedestrian only)"},"geometry":{"type":"MultiLineString","coordinates":[[[-2.2103739,53.4521257],[-2.2102369,53.4520366],[-2.2097429,53.4514971],[-2.20951,53.4512428],[-2.2090213,53.4506476],[-2.2088988,53.4506437],[-2.2088806,53.450643],[-2.2087842,53.4506396]]]}},
{"type":"Feature","properties":{"highway":"footway","name":null,"category":"Footpath (pedestrian only)"},"geometry":{"type":"MultiLineString","coordinates":[[[-2.1997945,53.4533923],[-2.1996002,53.4531014]]]}},
{"type":"Feature","properties":{"highway":"footway","name":null,"category":"Footpath (pedestrian only)"},"geometry":{"type":"MultiLineString","coordinates":[[[-2.2141789,53.4504954],[-2.2138685,53.4504138],[-2.2135788,53.4502748],[-2.2134849,53.4501582],[-2.2134152,53.450032],[-2.2133669,53.4499122],[-2.2131979,53.4496647],[-2.2130772,53.4495784],[-2.2129111,53.4494905],[-2.2116478,53.4494782],[-2.2109365,53.4495046],[-2.2103554,53.4495934],[-2.2100023,53.4496587],[-2.2090213,53.4506476]]]}},
{"type":"Feature","properties":{"highway":"footway","name":null,"category":"Footpath (pedestrian only)"},"geometry":{"type":"MultiLineString","coordinates":[[[-2.2121473,53.452959],[-2.2123773,53.4528959],[-2.2126706,53.4528721],[-2.2127931,53.4528768],[-2.2129835,53.4528352],[-2.2130853,53.4528001],[-2.2131523,53.4527394],[-2.2132087,53.4527059],[-2.2132811,53.4526851],[-2.2133374,53.4526595],[-2.213375,53.4526196],[-2.2133964,53.4525829],[-2.2134232,53.4525078]]]}},
{"type":"Feature","properties":{"highway":"footway","name":null,"category":"Footpath (pedestrian only)"},"geometry":{"type":"MultiLineString","coordinates":[[[-2.2110266,53.4518144],[-2.2112615,53.4519136]]]}},
{"type":"Feature","properties":{"highway":"footway","name":null,"category":"Footpath (pedestrian only)"},"geometry":{"type":"MultiLineString","coordinates":[[[-2.2043252,53.4487906],[-2.2022869,53.4492168]]]}},
{"type":"Feature","properties":{"highway":"footway","name":null,"category":"Footpath (pedestrian only)"},"geometry":{"type":"MultiLineString","coordinates":[[[-2.2013405,53.449397],[-2.202266,53.4491845]]]}},
{"type":"Feature","properties":{"highway":"footway","name":null,"category":"Footpath (pedestrian only)"},"geometry":{"type":"MultiLineString","coordinates":[[[-2.2089341,53.4534194],[-2.2091165,53.4536607]]]}},
{"type":"Feature","properties":{"highway":"footway","name":null,"category":"Footpath (pedestrian only)"},"geometry":{"type":"MultiLineString","coordinates":[[[-2.2145126,53.4506051],[-2.2142555,53.4507116],[-2.2139565,53.4508694],[-2.2126972,53.4515715],[-2.2125251,53.4516715],[-2.2123181,53.4517828],[-2.2118295,53.4520651],[-2.2114333,53.4524125],[-2.2111635,53.452592],[-2.2109133,53.4527312]]]}},
{"type":"Feature","properties":{"highway":"footway","name":null,"category":"Footpath (pedestrian only)"},"geometry":{"type":"MultiLineString","coordinates":[[[-2.2124591,53.4514093],[-2.2126972,53.4515715]]]}},
{"type":"Feature","properties":{"highway":"footway","name":null,"category":"Footpath (pedestrian only)"},"geometry":{"type":"MultiLineString","coordinates":[[[-2.2123935,53.4513673],[-2.2124591,53.4514093]]]}},
{"type":"Feature","properties":{"highway":"footway","name":null,"category":"Footpath (pedestrian only)"},"geometry":{"type":"MultiLineString","coordinates":[[[-2.215731,53.449028],[-2.2157821,53.4490511]]]}},
{"type":"Feature","properties":{"highway":"footway","name":null,"category":"Footpath (pedestrian only)"},"geometry":{"type":"MultiLineString","coordinates":[[[-2.2121662,53.4512085],[-2.2123935,53.4513673]]]}},
{"type":"Feature","properties":{"highway":"footway","name":null,"category":"Footpath (pedestrian only)"},"geometry":{"type":"MultiLineString","coordinates":[[[-2.2147633,53.4503661],[-2.2153575,53.4496509],[-2.215522,53.4495506]]]}},
{"type":"Feature","properties":{"highway":"footway","name":null,"category":"Footpath (pedestrian only)"},"geometry":{"type":"MultiLineString","coordinates":[[[-2.2134517,53.4522918],[-2.2133707,53.4522053],[-2.2125251,53.4516715]]]}},
{"type":"Feature","properties":{"highway":"footway","name":null,"category":"Footpath (pedestrian only)"},"geometry":{"type":"MultiLineString","coordinates":[[[-2.2146509,53.4518707],[-2.2145154,53.4517952],[-2.214347,53.4517982]]]}},
{"type":"Feature","properties":{"highway":"footway","name":null,"category":"Footpath (pedestrian only)"},"geometry":{"type":"MultiLineString","coordinates":[[[-2.2157821,53.4490511],[-2.215804,53.4491481],[-2.2157043,53.4493479],[-2.215522,53.4495506]]]}},
{"type":"Feature","properties":{"highway":"footway","name":null,"category":"Footpath (pedestrian only)"},"geometry":{"type":"MultiLineString","coordinates":[[[-2.2158111,53.4468539],[-2.2158099,53.4478042],[-2.2157845,53.4488021],[-2.2157494,53.4488958],[-2.2157092,53.4490193],[-2.215731,53.449028]]]}},
{"type":"Feature","properties":{"highway":"path","name":null,"category":"Shared path"},"geometry":{"type":"MultiLineString","coordinates":[[[-2.2152249,53.4494228],[-2.2151698,53.4494096],[-2.2149659,53.4494129],[-2.2143817,53.4493936],[-2.2134518,53.4493845],[-2.2120484,53.4493766],[-2.2107589,53.4494563],[-2.2099212,53.4496261],[-2.2097608,53.4495946],[-2.2096097,53.4495575]]]}},
{"type":"Feature","properties":{"highway":"footway","name":null,"category":"Footpath (pedestrian only)"},"geometry":{"type":"MultiLineString","coordinates":[[[-2.2056124,53.4435605],[-2.2054796,53.4435744],[-2.2054265,53.4435733],[-2.2053479,53.4435724],[-2.2049158,53.443587],[-2.2047682,53.4435898]]]}},
{"type":"Feature","properties":{"highway":"footway","name":null,"category":"Footpath (pedestrian only)"},"geometry":{"type":"MultiLineString","coordinates":[[[-2.2161042,53.4582407],[-2.2161238,53.4582892],[-2.2163816,53.4589261],[-2.2163882,53.458944]]]}},
{"type":"Feature","properties":{"highway":"footway","name":null,"category":"Footpath (pedestrian only)"},"geometry":{"type":"MultiLineString","coordinates":[[[-2.2227887,53.4538154],[-2.2227093,53.4538312],[-2.2222925,53.4539406],[-2.2219744,53.4540306],[-2.2218846,53.45406]]]}},
{"type":"Feature","properties":{"highway":"footway","name":null,"category":"Footpath (pedestrian only)"},"geometry":{"type":"MultiLineString","coordinates":[[[-2.2227256,53.4537106],[-2.222648,53.4537432],[-2.2222202,53.4538736],[-2.2218298,53.4540054]]]}},
{"type":"Feature","properties":{"highway":"footway","name":null,"category":"Footpath (pedestrian only)"},"geometry":{"type":"MultiLineString","coordinates":[[[-2.2054797,53.443283],[-2.2056379,53.4432678]]]}},
{"type":"Feature","properties":{"highway":"footway","name":null,"category":"Footpath (pedestrian only)"},"geometry":{"type":"MultiLineString","coordinates":[[[-2.2052313,53.4432373],[-2.2052446,53.4432702],[-2.2052655,53.4433219]]]}},
{"type":"Feature","properties":{"highway":"footway","name":null,"category":"Footpath (pedestrian only)"},"geometry":{"type":"MultiLineString","coordinates":[[[-2.2054488,53.443257],[-2.2054797,53.443283],[-2.2054848,53.4433209],[-2.2054923,53.4433759],[-2.2054971,53.4434201]]]}},
{"type":"Feature","properties":{"highway":"footway","name":null,"category":"Footpath (pedestrian only)"},"geometry":{"type":"MultiLineString","coordinates":[[[-2.2047858,53.4438875],[-2.2054274,53.4438684],[-2.2055156,53.4438578],[-2.2056907,53.4438275]]]}},
{"type":"Feature","properties":{"highway":"footway","name":null,"category":"Footpath (pedestrian only)"},"geometry":{"type":"MultiLineString","coordinates":[[[-2.2049834,53.4429415],[-2.2054158,53.4428891]]]}},
{"type":"Feature","properties":{"highway":"footway","name":null,"category":"Footpath (pedestrian only)"},"geometry":{"type":"MultiLineString","coordinates":[[[-2.2164663,53.4547402],[-2.2161043,53.4549567],[-2.2160166,53.4550113],[-2.2159771,53.4550358]]]}},
{"type":"Feature","properties":{"highway":"footway","name":null,"category":"Footpath (pedestrian only)"},"geometry":{"type":"MultiLineString","coordinates":[[[-2.2160394,53.4548049],[-2.2159339,53.4548597],[-2.2161043,53.4549567]]]}},
{"type":"Feature","properties":{"highway":"footway","name":null,"category":"Footpath (pedestrian only)"},"geometry":{"type":"MultiLineString","coordinates":[[[-2.2161043,53.4549567],[-2.2161659,53.4549945],[-2.216373,53.4550539],[-2.2164286,53.4549867]]]}},
{"type":"Feature","properties":{"highway":"footway","name":null,"category":"Footpath (pedestrian only)"},"geometry":{"type":"MultiLineString","coordinates":[[[-2.2239215,53.4475005],[-2.2239864,53.447493],[-2.2240741,53.4474828],[-2.2244654,53.4473092]]]}},
{"type":"Feature","properties":{"highway":"footway","name":null,"category":"Footpath (pedestrian only)"},"geometry":{"type":"MultiLineString","coordinates":[[[-2.2207909,53.4507546],[-2.221329,53.4505319]]]}},
{"type":"Feature","properties":{"highway":"footway","name":null,"category":"Footpath (pedestrian only)"},"geometry":{"type":"MultiLineString","coordinates":[[[-2.219957,53.4500519],[-2.2199972,53.4501118],[-2.2203842,53.4506006],[-2.2205147,53.450591],[-2.2207909,53.4507546],[-2.2210131,53.4508861],[-2.2215506,53.4507861]]]}},
{"type":"Feature","properties":{"highway":"footway","name":null,"category":"Footpath (pedestrian only)"},"geometry":{"type":"MultiLineString","coordinates":[[[-2.219493,53.4432331],[-2.2194883,53.4433191]]]}},
{"type":"Feature","properties":{"highway":"footway","name":null,"category":"Footpath (pedestrian only)"},"geometry":{"type":"MultiLineString","coordinates":[[[-2.218147,53.4565843],[-2.2180946,53.4566031],[-2.2180793,53.4566086],[-2.2180601,53.4566152],[-2.2179158,53.4566659],[-2.2178576,53.4566873],[-2.2178032,53.4567075],[-2.2177888,53.4567317],[-2.2177254,53.4567789],[-2.2177259,53.4567904]]]}},
{"type":"Feature","properties":{"highway":"footway","name":null,"category":"Footpath (pedestrian only)"},"geometry":{"type":"MultiLineString","coordinates":[[[-2.2177563,53.4568166],[-2.217868,53.4569121]]]}},
{"type":"Feature","properties":{"highway":"footway","name":null,"category":"Footpath (pedestrian only)"},"geometry":{"type":"MultiLineString","coordinates":[[[-2.217868,53.4569121],[-2.217873,53.4569322],[-2.2178633,53.4569614],[-2.2178456,53.4569962],[-2.2178328,53.4570228],[-2.2178305,53.457047],[-2.2178403,53.4570668],[-2.2178739,53.4570922],[-2.2180946,53.457226]]]}},
{"type":"Feature","properties":{"highway":"footway","name":null,"category":"Footpath (pedestrian only)"},"geometry":{"type":"MultiLineString","coordinates":[[[-2.2177888,53.4567317],[-2.2177672,53.4567218],[-2.2176987,53.4566904],[-2.2176776,53.4566841],[-2.2176601,53.4566826],[-2.217644,53.4566843],[-2.2176287,53.4566852],[-2.2176138,53.4566831],[-2.2175985,53.4566763],[-2.217547,53.4567092],[-2.2175383,53.4567181],[-2.2175329,53.4567264],[-2.2175308,53.4567341],[-2.2175306,53.4567416],[-2.2175318,53.4567495],[-2.2175362,53.4567576],[-2.2175412,53.4567624],[-2.2175497,53.4567666],[-2.2175622,53.4567727],[-2.2175686,53.4567781],[-2.2175722,53.4567836],[-2.2175792,53.4567939],[-2.217584,53.4567985],[-2.2175912,53.4568029]]]}},
{"type":"Feature","properties":{"highway":"footway","name":null,"category":"Footpath (pedestrian only)"},"geometry":{"type":"MultiLineString","coordinates":[[[-2.2175985,53.4566763],[-2.2174413,53.4565799],[-2.2172948,53.4564892],[-2.217217,53.4564415],[-2.2172286,53.4563881],[-2.217167,53.4563494],[-2.2169045,53.456202],[-2.2166351,53.4563824],[-2.2163769,53.4562408]]]}},
{"type":"Feature","properties":{"highway":"footway","name":null,"category":"Footpath (pedestrian only)"},"geometry":{"type":"MultiLineString","coordinates":[[[-2.2172286,53.4563881],[-2.217306,53.4564406],[-2.2172948,53.4564892]]]}},
{"type":"Feature","properties":{"highway":"footway","name":null,"category":"Footpath (pedestrian only)"},"geometry":{"type":"MultiLineString","coordinates":[[[-2.2177563,53.4568166],[-2.2177259,53.4567904],[-2.2176863,53.4568195],[-2.2176717,53.456825],[-2.2176571,53.456827],[-2.2176429,53.4568261],[-2.2176299,53.4568223],[-2.2175912,53.4568029]]]}},
{"type":"Feature","properties":{"highway":"footway","name":null,"category":"Footpath (pedestrian only)"},"geometry":{"type":"MultiLineString","coordinates":[[[-2.2176066,53.4568679],[-2.2176085,53.4568519],[-2.2176169,53.4568372],[-2.2176299,53.4568223]]]}},
{"type":"Feature","properties":{"highway":"footway","name":null,"category":"Footpath (pedestrian only)"},"geometry":{"type":"MultiLineString","coordinates":[[[-2.2161054,53.4560981],[-2.2161163,53.4560959],[-2.2163558,53.4561265],[-2.2164558,53.4560564],[-2.2166891,53.4560781],[-2.2166452,53.4559119]]]}},
{"type":"Feature","properties":{"highway":"footway","name":null,"category":"Footpath (pedestrian only)"},"geometry":{"type":"MultiLineString","coordinates":[[[-2.2169045,53.456202],[-2.2166891,53.4560781]]]}},
{"type":"Feature","properties":{"highway":"footway","name":null,"category":"Footpath (pedestrian only)"},"geometry":{"type":"MultiLineString","coordinates":[[[-2.2162898,53.4561925],[-2.2163458,53.4561586],[-2.2163558,53.4561265]]]}},
{"type":"Feature","properties":{"highway":"footway","name":null,"category":"Footpath (pedestrian only)"},"geometry":{"type":"MultiLineString","coordinates":[[[-2.2156437,53.4559648],[-2.215778,53.4558779],[-2.2157887,53.455884],[-2.2158828,53.4558236],[-2.2158895,53.4558193],[-2.2158998,53.45582],[-2.2159099,53.4558244],[-2.2159297,53.4558339],[-2.2159413,53.4558373],[-2.215954,53.4558362],[-2.2159675,53.455832],[-2.2161166,53.4557351],[-2.2161356,53.4557167]]]}},
{"type":"Feature","properties":{"highway":"footway","name":null,"category":"Footpath (pedestrian only)"},"geometry":{"type":"MultiLineString","coordinates":[[[-2.2164558,53.4560564],[-2.2163783,53.4560127],[-2.2163841,53.4560088]]]}},
{"type":"Feature","properties":{"highway":"footway","name":null,"category":"Footpath (pedestrian only)"},"geometry":{"type":"MultiLineString","coordinates":[[[-2.2166351,53.4563824],[-2.2168046,53.456477]]]}},
{"type":"Feature","properties":{"highway":"footway","name":null,"category":"Footpath (pedestrian only)"},"geometry":{"type":"MultiLineString","coordinates":[[[-2.2165072,53.4556227],[-2.2162821,53.4554922],[-2.216239,53.4554784],[-2.2161866,53.4554793],[-2.2161466,53.4554903],[-2.2161127,53.4555087],[-2.2160183,53.455572],[-2.2159432,53.4556224]]]}},
{"type":"Feature","properties":{"highway":"footway","name":null,"category":"Footpath (pedestrian only)"},"geometry":{"type":"MultiLineString","coordinates":[[[-2.2161019,53.4555733],[-2.2160569,53.455593],[-2.2159994,53.4556304]]]}},
{"type":"Feature","properties":{"highway":"path","name":null,"category":"Shared path"},"geometry":{"type":"MultiLineString","coordinates":[[[-2.2151086,53.4556554],[-2.2151824,53.4556091]]]}},
{"type":"Feature","properties":{"highway":"footway","name":null,"category":"Footpath (pedestrian only)"},"geometry":{"type":"MultiLineString","coordinates":[[[-2.2274394,53.4503114],[-2.2274412,53.4503213],[-2.2274418,53.450325],[-2.2275457,53.4509183]]]}},
{"type":"Feature","properties":{"highway":"footway","name":null,"category":"Footpath (pedestrian only)"},"geometry":{"type":"MultiLineString","coordinates":[[[-2.2265837,53.4505124],[-2.2268185,53.4504594],[-2.2270734,53.4503997],[-2.2271295,53.4503866],[-2.2271867,53.4503727],[-2.2274394,53.4503114],[-2.2276936,53.4502497],[-2.2277623,53.450233],[-2.2278186,53.4502193],[-2.2280794,53.450156],[-2.2283361,53.4500937],[-2.2283969,53.450079],[-2.2284611,53.4500634],[-2.2284978,53.4500545],[-2.2287342,53.4499971],[-2.2289433,53.4499463],[-2.2290444,53.4499218],[-2.2291092,53.4499061],[-2.2291466,53.449897],[-2.2293751,53.4498415],[-2.2295257,53.4498049],[-2.2296304,53.4497741],[-2.2296944,53.449764],[-2.2297513,53.4497509],[-2.2300454,53.4496831],[-2.2302766,53.4496299],[-2.2303426,53.4496147]]]}},
{"type":"Feature","properties":{"highway":"footway","name":null,"category":"Footpath (pedestrian only)"},"geometry":{"type":"MultiLineString","coordinates":[[[-2.2268185,53.4504594],[-2.2268199,53.4504674],[-2.2269093,53.4509604]]]}},
{"type":"Feature","properties":{"highway":"footway","name":null,"category":"Footpath (pedestrian only)"},"geometry":{"type":"MultiLineString","coordinates":[[[-2.2285267,53.4508534],[-2.2284446,53.4508597],[-2.2284161,53.4508608],[-2.2281975,53.4508752],[-2.2279575,53.4508911],[-2.2278667,53.4508971],[-2.2278091,53.4509009],[-2.2275457,53.4509183],[-2.2272785,53.450936],[-2.2272332,53.450939],[-2.2271745,53.4509429],[-2.2269093,53.4509604],[-2.226668,53.4509732]]]}},
{"type":"Feature","properties":{"highway":"footway","name":null,"category":"Footpath (pedestrian only)"},"geometry":{"type":"MultiLineString","coordinates":[[[-2.2226872,53.4502331],[-2.2234177,53.4499966],[-2.2238274,53.4499128],[-2.2240398,53.4498769],[-2.2242465,53.4498612],[-2.2248529,53.4498488],[-2.2250888,53.4498392],[-2.2252776,53.449818],[-2.2254423,53.4497938],[-2.2257514,53.4497277],[-2.2258658,53.4497149],[-2.2260328,53.4497188],[-2.2264557,53.4497652],[-2.2272623,53.4498716],[-2.2273716,53.4498773],[-2.2275019,53.44986]]]}},
{"type":"Feature","properties":{"highway":"footway","name":null,"category":"Footpath (pedestrian only)"},"geometry":{"type":"MultiLineString","coordinates":[[[-2.2231764,53.449049],[-2.2230879,53.4489851],[-2.2229672,53.4488924]]]}},
{"type":"Feature","properties":{"highway":"footway","name":null,"category":"Footpath (pedestrian only)"},"geometry":{"type":"MultiLineString","coordinates":[[[-2.2266739,53.4471429],[-2.2265694,53.4469755]]]}},
{"type":"Feature","properties":{"highway":"footway","name":null,"category":"Footpath (pedestrian only)"},"geometry":{"type":"MultiLineString","coordinates":[[[-2.2265694,53.4469755],[-2.2264859,53.4468701]]]}},
{"type":"Feature","properties":{"highway":"footway","name":null,"category":"Footpath (pedestrian only)"},"geometry":{"type":"MultiLineString","coordinates":[[[-2.2241413,53.4465847],[-2.2245217,53.4466643]]]}},
{"type":"Feature","properties":{"highway":"footway","name":null,"category":"Footpath (pedestrian only)"},"geometry":{"type":"MultiLineString","coordinates":[[[-2.2264859,53.4468701],[-2.2262514,53.4465737]]]}},
{"type":"Feature","properties":{"highway":"footway","name":null,"category":"Footpath (pedestrian only)"},"geometry":{"type":"MultiLineString","coordinates":[[[-2.2208808,53.4493156],[-2.2209791,53.4494878],[-2.2210541,53.4496031],[-2.2213158,53.4499493],[-2.221553,53.4501789],[-2.2216891,53.4502648],[-2.2218311,53.4503096],[-2.2219049,53.450321],[-2.222079,53.45034],[-2.2221924,53.4503409],[-2.2225395,53.4502838],[-2.2226872,53.4502331]]]}},
{"type":"Feature","properties":{"highway":"footway","name":null,"category":"Footpath (pedestrian only)"},"geometry":{"type":"MultiLineString","coordinates":[[[-2.2208273,53.4492219],[-2.2208808,53.4493156]]]}},
{"type":"Feature","properties":{"highway":"footway","name":null,"category":"Footpath (pedestrian only)"},"geometry":{"type":"MultiLineString","coordinates":[[[-2.2228223,53.4502821],[-2.2228653,53.4504195],[-2.2229591,53.4505616],[-2.2229591,53.4506095],[-2.2228116,53.4507054],[-2.2225085,53.4508092],[-2.2222886,53.4508491],[-2.2220253,53.4508603]]]}},
{"type":"Feature","properties":{"highway":"footway","name":null,"category":"Footpath (pedestrian only)"},"geometry":{"type":"MultiLineString","coordinates":[[[-2.2219005,53.4506912],[-2.2219158,53.4507245],[-2.2220253,53.4508603]]]}},
{"type":"Feature","properties":{"highway":"footway","name":null,"category":"Footpath (pedestrian only)"},"geometry":{"type":"MultiLineString","coordinates":[[[-2.2240398,53.4498769],[-2.2240025,53.4499435],[-2.2238979,53.449985],[-2.223635,53.4500505],[-2.2233293,53.4501351],[-2.2229162,53.4502677],[-2.2228223,53.4502821],[-2.2225395,53.4502838]]]}},
{"type":"Feature","properties":{"highway":"footway","name":null,"category":"Footpath (pedestrian only)"},"geometry":{"type":"MultiLineString","coordinates":[[[-2.2219005,53.4506912],[-2.2220445,53.4506607],[-2.2227553,53.4504594],[-2.2228653,53.4504195]]]}},
{"type":"Feature","properties":{"highway":"footway","name":null,"category":"Footpath (pedestrian only)"},"geometry":{"type":"MultiLineString","coordinates":[[[-2.2242193,53.4453763],[-2.2241189,53.4452753],[-2.2240538,53.4451843],[-2.2240417,53.4451068],[-2.2240471,53.4450474],[-2.2240518,53.4449239],[-2.2239999,53.4448914],[-2.2240016,53.4448489],[-2.2239413,53.4448195],[-2.2239503,53.4447241]]]}},
{"type":"Feature","properties":{"highway":"footway","name":null,"category":"Footpath (pedestrian only)"},"geometry":{"type":"MultiLineString","coordinates":[[[-2.2270175,53.447959],[-2.2285731,53.4475448]]]}},
{"type":"Feature","properties":{"highway":"footway","name":null,"category":"Footpath (pedestrian only)"},"geometry":{"type":"MultiLineString","coordinates":[[[-2.2269244,53.4444277],[-2.226683,53.444336],[-2.2262968,53.4441954],[-2.2259106,53.4440772],[-2.2255109,53.4439669],[-2.2252508,53.4439126],[-2.2249182,53.4438663],[-2.2242422,53.4437816],[-2.223907,53.4437241],[-2.2235019,53.4436682],[-2.2232364,53.4436378],[-2.2230647,53.4436331],[-2.2228985,53.4436538],[-2.2228073,53.4436826],[-2.2227536,53.4437177],[-2.2227295,53.4437609],[-2.2227161,53.4438743],[-2.2226892,53.4441283],[-2.2226329,53.4445165],[-2.2225873,53.4448152],[-2.222531,53.4450341],[-2.222483,53.4451799]]]}},
{"type":"Feature","properties":{"highway":"footway","name":null,"category":"Footpath (pedestrian only)"},"geometry":{"type":"MultiLineString","coordinates":[[[-2.2240417,53.4451068],[-2.2233464,53.4450868]]]}},
{"type":"Feature","properties":{"highway":"footway","name":null,"category":"Footpath (pedestrian only)"},"geometry":{"type":"MultiLineString","coordinates":[[[-2.223905,53.44583],[-2.2242245,53.4461562]]]}},
{"type":"Feature","properties":{"highway":"footway","name":null,"category":"Footpath (pedestrian only)"},"geometry":{"type":"MultiLineString","coordinates":[[[-2.222208,53.4451541],[-2.2222878,53.445247],[-2.2234596,53.4453459],[-2.2235785,53.4452825]]]}},
{"type":"Feature","properties":{"highway":"footway","name":null,"category":"Footpath (pedestrian only)"},"geometry":{"type":"MultiLineString","coordinates":[[[-2.2162263,53.4542088],[-2.2162835,53.4542279]]]}},
{"type":"Feature","properties":{"highway":"footway","name":null,"category":"Footpath (pedestrian only)"},"geometry":{"type":"MultiLineString","coordinates":[[[-2.2071259,53.4527706],[-2.2064082,53.4524886]]]}},
{"type":"Feature","properties":{"highway":"footway","name":null,"category":"Footpath (pedestrian only)"},"geometry":{"type":"MultiLineString","coordinates":[[[-2.2229165,53.4520333],[-2.2230387,53.452215],[-2.2230877,53.4522767],[-2.2231043,53.4523049]]]}},
{"type":"Feature","properties":{"highway":"footway","name":"Neville Cardus Walk","category":"Footpath (pedestrian only)"},"geometry":{"type":"MultiLineString","coordinates":[[[-2.2247223,53.4514044],[-2.2243893,53.4514728],[-2.2240093,53.451551]]]}},
{"type":"Feature","properties":{"highway":"footway","name":null,"category":"Footpath (pedestrian only)"},"geometry":{"type":"MultiLineString","coordinates":[[[-2.2254651,53.452718],[-2.2254189,53.4525512],[-2.2254096,53.4525178]]]}},
{"type":"Feature","properties":{"highway":"footway","name":null,"category":"Footpath (pedestrian only)"},"geometry":{"type":"MultiLineString","coordinates":[[[-2.2243071,53.4519649],[-2.2243066,53.4519371],[-2.2243377,53.4519121],[-2.2243318,53.451886],[-2.2243677,53.4517316],[-2.2240597,53.4516271]]]}},
{"type":"Feature","properties":{"highway":"footway","name":null,"category":"Footpath (pedestrian only)"},"geometry":{"type":"MultiLineString","coordinates":[[[-2.224985,53.4523119],[-2.2248706,53.4522761],[-2.2248224,53.4522842],[-2.2245629,53.4523142]]]}},
{"type":"Feature","properties":{"highway":"footway","name":null,"category":"Footpath (pedestrian only)"},"geometry":{"type":"MultiLineString","coordinates":[[[-2.2251643,53.4512182],[-2.2251472,53.4512221],[-2.2246731,53.4513256],[-2.2247223,53.4514044],[-2.2247955,53.4515302],[-2.2248065,53.4516101],[-2.2247555,53.4516644],[-2.2247204,53.4516868],[-2.2249942,53.4518913]]]}},
{"type":"Feature","properties":{"highway":"footway","name":"Neville Cardus Walk","category":"Footpath (pedestrian only)"},"geometry":{"type":"MultiLineString","coordinates":[[[-2.2245897,53.451634],[-2.2245853,53.4516129],[-2.2245638,53.4515902],[-2.2245276,53.451557],[-2.2243893,53.4514728]]]}},
{"type":"Feature","properties":{"highway":"footway","name":"Wiggins Walk","category":"Footpath (pedestrian only)"},"geometry":{"type":"MultiLineString","coordinates":[[[-2.2246728,53.4519048],[-2.2244769,53.4519064],[-2.2243318,53.451886],[-2.224234,53.451863],[-2.2238536,53.4518241]]]}},
{"type":"Feature","properties":{"highway":"footway","name":null,"category":"Footpath (pedestrian only)"},"geometry":{"type":"MultiLineString","coordinates":[[[-2.2248109,53.4520772],[-2.2248224,53.4522842]]]}},
{"type":"Feature","properties":{"highway":"footway","name":"Grove Close","category":"Footpath (pedestrian only)"},"geometry":{"type":"MultiLineString","coordinates":[[[-2.2254489,53.4518235],[-2.2254284,53.4518309],[-2.225326,53.4518747],[-2.2251966,53.4518715],[-2.2251073,53.4516757],[-2.2250761,53.4516072]]]}},
{"type":"Feature","properties":{"highway":"footway","name":null,"category":"Footpath (pedestrian only)"},"geometry":{"type":"MultiLineString","coordinates":[[[-2.223854,53.4518845],[-2.2229165,53.4520333],[-2.2228944,53.4519991],[-2.2228748,53.4519689]]]}},
{"type":"Feature","properties":{"highway":"footway","name":null,"category":"Footpath (pedestrian only)"},"geometry":{"type":"MultiLineString","coordinates":[[[-2.225326,53.4518747],[-2.2253638,53.4520143],[-2.2254493,53.4520765],[-2.2254946,53.4522157]]]}},
{"type":"Feature","properties":{"highway":"footway","name":null,"category":"Footpath (pedestrian only)"},"geometry":{"type":"MultiLineString","coordinates":[[[-2.2260552,53.4517474],[-2.2260167,53.4517514],[-2.2256923,53.4517876],[-2.2254489,53.4518235]]]}},
{"type":"Feature","properties":{"highway":"footway","name":"Rookley Walk","category":"Footpath (pedestrian only)"},"geometry":{"type":"MultiLineString","coordinates":[[[-2.2244962,53.4520972],[-2.2247003,53.4520766],[-2.2248109,53.4520772]]]}},
{"type":"Feature","properties":{"highway":"footway","name":null,"category":"Footpath (pedestrian only)"},"geometry":{"type":"MultiLineString","coordinates":[[[-2.2215772,53.460146],[-2.2214436,53.4602013]]]}},
{"type":"Feature","properties":{"highway":"footway","name":null,"category":"Footpath (pedestrian only)"},"geometry":{"type":"MultiLineString","coordinates":[[[-2.2055345,53.4572037],[-2.2055988,53.4572043],[-2.2057095,53.4572054]]]}},
{"type":"Feature","properties":{"highway":"footway","name":null,"category":"Footpath (pedestrian only)"},"geometry":{"type":"MultiLineString","coordinates":[[[-2.205246,53.4588997],[-2.2047058,53.4588853]]]}},
{"type":"Feature","properties":{"highway":"footway","name":null,"category":"Footpath (pedestrian only)"},"geometry":{"type":"MultiLineString","coordinates":[[[-2.2046991,53.4598214],[-2.2047048,53.4598343],[-2.2047493,53.4598251],[-2.2047564,53.4598346]]]}},
{"type":"Feature","properties":{"highway":"footway","name":null,"category":"Footpath (pedestrian only)"},"geometry":{"type":"MultiLineString","coordinates":[[[-2.2029489,53.4587781],[-2.2029211,53.4587785],[-2.2029158,53.4587146],[-2.2029032,53.4587099]]]}},
{"type":"Feature","properties":{"highway":"footway","name":null,"category":"Footpath (pedestrian only)"},"geometry":{"type":"MultiLineString","coordinates":[[[-2.2027173,53.4590613],[-2.2027566,53.4590815],[-2.2027811,53.4590941]]]}},
{"type":"Feature","properties":{"highway":"footway","name":null,"category":"Footpath (pedestrian only)"},"geometry":{"type":"MultiLineString","coordinates":[[[-2.2015326,53.4579474],[-2.2010891,53.4581905],[-2.2009323,53.4582622],[-2.2007543,53.4583392]]]}},
{"type":"Feature","properties":{"highway":"footway","name":null,"category":"Footpath (pedestrian only)"},"geometry":{"type":"MultiLineString","coordinates":[[[-2.200147,53.4577532],[-2.200295,53.4577215]]]}},
{"type":"Feature","properties":{"highway":"footway","name":null,"category":"Footpath (pedestrian only)"},"geometry":{"type":"MultiLineString","coordinates":[[[-2.2010278,53.4575666],[-2.2006028,53.4577722],[-2.200403,53.4578444]]]}},
{"type":"Feature","properties":{"highway":"footway","name":null,"category":"Footpath (pedestrian only)"},"geometry":{"type":"MultiLineString","coordinates":[[[-2.2005904,53.4572127],[-2.2004498,53.4572873],[-2.2001061,53.4574661]]]}},
{"type":"Feature","properties":{"highway":"footway","name":null,"category":"Footpath (pedestrian only)"},"geometry":{"type":"MultiLineString","coordinates":[[[-2.2006373,53.4580274],[-2.2005702,53.4581616]]]}},
{"type":"Feature","properties":{"highway":"footway","name":null,"category":"Footpath (pedestrian only)"},"geometry":{"type":"MultiLineString","coordinates":[[[-2.1978128,53.4547927],[-2.1978909,53.4547591],[-2.1979776,53.4547467]]]}},
{"type":"Feature","properties":{"highway":"footway","name":null,"category":"Footpath (pedestrian only)"},"geometry":{"type":"MultiLineString","coordinates":[[[-2.1981031,53.4549463],[-2.1981434,53.454987]]]}},
{"type":"Feature","properties":{"highway":"footway","name":null,"category":"Footpath (pedestrian only)"},"geometry":{"type":"MultiLineString","coordinates":[[[-2.1976962,53.4543087],[-2.1976708,53.454318],[-2.1976242,53.4543375],[-2.1974271,53.4544477],[-2.1973608,53.4544863]]]}},
{"type":"Feature","properties":{"highway":"footway","name":null,"category":"Footpath (pedestrian only)"},"geometry":{"type":"MultiLineString","coordinates":[[[-2.1976242,53.4543375],[-2.1978006,53.4545759],[-2.1978296,53.4546422],[-2.1978198,53.4546674],[-2.1977629,53.4546586],[-2.1974271,53.4544477]]]}},
{"type":"Feature","properties":{"highway":"footway","name":null,"category":"Footpath (pedestrian only)"},"geometry":{"type":"MultiLineString","coordinates":[[[-2.1981218,53.455003],[-2.1981434,53.454987],[-2.198175,53.4549802]]]}},
{"type":"Feature","properties":{"highway":"footway","name":null,"category":"Footpath (pedestrian only)"},"geometry":{"type":"MultiLineString","coordinates":[[[-2.1978198,53.4546674],[-2.1978344,53.4546882]]]}},
{"type":"Feature","properties":{"highway":"footway","name":null,"category":"Footpath (pedestrian only)"},"geometry":{"type":"MultiLineString","coordinates":[[[-2.2121473,53.452959],[-2.2124947,53.4534355],[-2.212529,53.4534894],[-2.2125287,53.4535134],[-2.2125512,53.4535438],[-2.2125868,53.4535912]]]}},
{"type":"Feature","properties":{"highway":"footway","name":null,"category":"Footpath (pedestrian only)"},"geometry":{"type":"MultiLineString","coordinates":[[[-2.2097429,53.4514971],[-2.2100338,53.4514129],[-2.2101429,53.4513094],[-2.2099446,53.4510562]]]}},
{"type":"Feature","properties":{"highway":"path","name":null,"category":"Shared path"},"geometry":{"type":"MultiLineString","coordinates":[[[-2.2099212,53.4496261],[-2.2100023,53.4496587]]]}},
{"type":"Feature","properties":{"highway":"footway","name":null,"category":"Footpath (pedestrian only)"},"geometry":{"type":"MultiLineString","coordinates":[[[-2.2198662,53.4459412],[-2.2203289,53.4458255],[-2.2205631,53.4456922],[-2.2210423,53.4455643],[-2.2215404,53.4454678],[-2.2219731,53.4453071],[-2.2221363,53.4451443]]]}},
{"type":"Feature","properties":{"highway":"footway","name":null,"category":"Footpath (pedestrian only)"},"geometry":{"type":"MultiLineString","coordinates":[[[-2.2190981,53.4452166],[-2.218901,53.445187],[-2.2188871,53.4451675],[-2.2189064,53.4451159]]]}},
{"type":"Feature","properties":{"highway":"footway","name":null,"category":"Footpath (pedestrian only)"},"geometry":{"type":"MultiLineString","coordinates":[[[-2.2139559,53.4545836],[-2.213833,53.4544212]]]}},
{"type":"Feature","properties":{"highway":"footway","name":null,"category":"Footpath (pedestrian only)"},"geometry":{"type":"MultiLineString","coordinates":[[[-2.2140218,53.4545611],[-2.2140388,53.4545811],[-2.214129,53.4546868]]]}},
{"type":"Feature","properties":{"highway":"footway","name":null,"category":"Footpath (pedestrian only)"},"geometry":{"type":"MultiLineString","coordinates":[[[-2.2142681,53.4546456],[-2.2146249,53.454561],[-2.2147331,53.4545525]]]}},
{"type":"Feature","properties":{"highway":"footway","name":null,"category":"Footpath (pedestrian only)"},"geometry":{"type":"MultiLineString","coordinates":[[[-2.2140093,53.4548668],[-2.2142678,53.4549049]]]}},
{"type":"Feature","properties":{"highway":"footway","name":null,"category":"Footpath (pedestrian only)"},"geometry":{"type":"MultiLineString","coordinates":[[[-2.2141394,53.4549858],[-2.2140093,53.4548668],[-2.2139047,53.4548544]]]}},
{"type":"Feature","properties":{"highway":"footway","name":null,"category":"Footpath (pedestrian only)"},"geometry":{"type":"MultiLineString","coordinates":[[[-2.2142678,53.4549049],[-2.2141394,53.4549858],[-2.214123,53.4550121]]]}},
{"type":"Feature","properties":{"highway":"footway","name":null,"category":"Footpath (pedestrian only)"},"geometry":{"type":"MultiLineString","coordinates":[[[-2.2148495,53.4553738],[-2.2148159,53.4553228],[-2.2146142,53.4550169],[-2.2143272,53.4549515],[-2.2142678,53.4549049],[-2.2141501,53.4548125],[-2.2140576,53.4547079],[-2.214129,53.4546868],[-2.2142681,53.4546456],[-2.2143156,53.4546941]]]}},
{"type":"Feature","properties":{"highway":"footway","name":null,"category":"Footpath (pedestrian only)"},"geometry":{"type":"MultiLineString","coordinates":[[[-2.2236036,53.4566151],[-2.2235428,53.4563635]]]}},
{"type":"Feature","properties":{"highway":"footway","name":null,"category":"Footpath (pedestrian only)"},"geometry":{"type":"MultiLineString","coordinates":[[[-2.2238232,53.4567133],[-2.2236036,53.4566151],[-2.2234514,53.4566209]]]}},
{"type":"Feature","properties":{"highway":"footway","name":null,"category":"Footpath (pedestrian only)"},"geometry":{"type":"MultiLineString","coordinates":[[[-2.2229996,53.4571228],[-2.2230042,53.4571559],[-2.2230261,53.4571506]]]}},
{"type":"Feature","properties":{"highway":"footway","name":null,"category":"Footpath (pedestrian only)"},"geometry":{"type":"MultiLineString","coordinates":[[[-2.2223783,53.4572662],[-2.2225139,53.4572213],[-2.2228063,53.4571718],[-2.2229996,53.4571228],[-2.2229858,53.4568883],[-2.2229785,53.4567956],[-2.2229761,53.4567692]]]}},
{"type":"Feature","properties":{"highway":"footway","name":null,"category":"Footpath (pedestrian only)"},"geometry":{"type":"MultiLineString","coordinates":[[[-2.2234572,53.457],[-2.2233885,53.4567391],[-2.2233725,53.4566243],[-2.2234514,53.4566209],[-2.2234475,53.4566025]]]}},
{"type":"Feature","properties":{"highway":"footway","name":null,"category":"Footpath (pedestrian only)"},"geometry":{"type":"MultiLineString","coordinates":[[[-2.2238701,53.4567109],[-2.2238542,53.4567117],[-2.2238232,53.4567133],[-2.2233885,53.4567391],[-2.2229761,53.4567692],[-2.2229629,53.4567712]]]}},
{"type":"Feature","properties":{"highway":"footway","name":null,"category":"Footpath (pedestrian only)"},"geometry":{"type":"MultiLineString","coordinates":[[[-2.2141164,53.4596755],[-2.2140681,53.4596761],[-2.2133445,53.4596844],[-2.2132876,53.4596851]]]}},
{"type":"Feature","properties":{"highway":"footway","name":null,"category":"Footpath (pedestrian only)"},"geometry":{"type":"MultiLineString","coordinates":[[[-2.2154659,53.4596079],[-2.2152285,53.4590269],[-2.2152125,53.4589877]]]}},
{"type":"Feature","properties":{"highway":"footway","name":null,"category":"Footpath (pedestrian only)"},"geometry":{"type":"MultiLineString","coordinates":[[[-2.2160881,53.459521],[-2.2158858,53.4590191],[-2.2158632,53.4589632]]]}},
{"type":"Feature","properties":{"highway":"footway","name":null,"category":"Footpath (pedestrian only)"},"geometry":{"type":"MultiLineString","coordinates":[[[-2.2166331,53.4594449],[-2.2164558,53.4590216],[-2.2164426,53.45899]]]}},
{"type":"Feature","properties":{"highway":"footway","name":null,"category":"Footpath (pedestrian only)"},"geometry":{"type":"MultiLineString","coordinates":[[[-2.2167626,53.4590417],[-2.2170642,53.4589993],[-2.2172169,53.4593633],[-2.2169647,53.4593985],[-2.2169125,53.4594058],[-2.2168511,53.4594144],[-2.2166331,53.4594449],[-2.2164016,53.4594772],[-2.2163371,53.4594862],[-2.2162773,53.4594946],[-2.2160881,53.459521],[-2.2158192,53.4595585],[-2.2157758,53.4595646],[-2.2156945,53.459576],[-2.2154659,53.4596079],[-2.2151818,53.4596476],[-2.215124,53.4596557],[-2.2150602,53.4596643],[-2.2148084,53.4596994],[-2.2145297,53.459738],[-2.2144731,53.4597458],[-2.2144025,53.4597559],[-2.2142017,53.4597846],[-2.2141164,53.4596755],[-2.2139207,53.4591936]]]}},
{"type":"Feature","properties":{"highway":"footway","name":null,"category":"Footpath (pedestrian only)"},"geometry":{"type":"MultiLineString","coordinates":[[[-2.2137369,53.4606618],[-2.2130358,53.4602059],[-2.2129081,53.4601988],[-2.2126713,53.4602092],[-2.2117187,53.4603846],[-2.2113528,53.4604565]]]}},
{"type":"Feature","properties":{"highway":"footway","name":null,"category":"Footpath (pedestrian only)"},"geometry":{"type":"MultiLineString","coordinates":[[[-2.2040723,53.4590868],[-2.2041219,53.4590884],[-2.2045134,53.4591006],[-2.2046088,53.4591036]]]}},
{"type":"Feature","properties":{"highway":"footway","name":null,"category":"Footpath (pedestrian only)"},"geometry":{"type":"MultiLineString","coordinates":[[[-2.2040723,53.4590868],[-2.2038968,53.4590858],[-2.2039085,53.4592281],[-2.2039346,53.4592988],[-2.2036781,53.4591975],[-2.2033796,53.4591356]]]}},
{"type":"Feature","properties":{"highway":"footway","name":null,"category":"Footpath (pedestrian only)"},"geometry":{"type":"MultiLineString","coordinates":[[[-2.2037276,53.4578126],[-2.2041685,53.4578213],[-2.2046293,53.4578317]]]}},
{"type":"Feature","properties":{"highway":"footway","name":null,"category":"Footpath (pedestrian only)"},"geometry":{"type":"MultiLineString","coordinates":[[[-2.2041685,53.4578213],[-2.2041866,53.4571495]]]}},
{"type":"Feature","properties":{"highway":"footway","name":null,"category":"Footpath (pedestrian only)"},"geometry":{"type":"MultiLineString","coordinates":[[[-2.2041884,53.457072],[-2.2041905,53.4569629],[-2.2041916,53.4569071],[-2.2041922,53.456879],[-2.2041955,53.4567107],[-2.2041964,53.4566616]]]}},
{"type":"Feature","properties":{"highway":"footway","name":null,"category":"Footpath (pedestrian only)"},"geometry":{"type":"MultiLineString","coordinates":[[[-2.2036075,53.4571565],[-2.2036004,53.4571415],[-2.2035666,53.45707],[-2.2034925,53.4569132],[-2.2034031,53.4567243]]]}},
{"type":"Feature","properties":{"highway":"footway","name":null,"category":"Footpath (pedestrian only)"},"geometry":{"type":"MultiLineString","coordinates":[[[-2.2041916,53.4569071],[-2.2034925,53.4569132]]]}},
{"type":"Feature","properties":{"highway":"footway","name":null,"category":"Footpath (pedestrian only)"},"geometry":{"type":"MultiLineString","coordinates":[[[-2.2041922,53.456879],[-2.2042857,53.4568808],[-2.2043119,53.4568036],[-2.2043124,53.4567129],[-2.2043127,53.4566679]]]}},
{"type":"Feature","properties":{"highway":"footway","name":null,"category":"Footpath (pedestrian only)"},"geometry":{"type":"MultiLineString","coordinates":[[[-2.1985466,53.4531115],[-2.1982495,53.4526663]]]}},
{"type":"Feature","properties":{"highway":"path","name":null,"category":"Shared path"},"geometry":{"type":"MultiLineString","coordinates":[[[-2.2126282,53.4447853],[-2.2124286,53.4448],[-2.2123291,53.4448614],[-2.2121603,53.4450058],[-2.2121906,53.4451878],[-2.2121936,53.4452058],[-2.2122063,53.4452821],[-2.2122108,53.4453037],[-2.212221,53.4453701],[-2.2122327,53.4454407],[-2.2122371,53.445462],[-2.2122583,53.4455944],[-2.2122703,53.4456625]]]}},
{"type":"Feature","properties":{"highway":"path","name":null,"category":"Shared path"},"geometry":{"type":"MultiLineString","coordinates":[[[-2.2122583,53.4455944],[-2.2120502,53.4456053],[-2.211994,53.445609]]]}},
{"type":"Feature","properties":{"highway":"path","name":null,"category":"Shared path"},"geometry":{"type":"MultiLineString","coordinates":[[[-2.2122371,53.445462],[-2.2120502,53.4456053]]]}},
{"type":"Feature","properties":{"highway":"path","name":null,"category":"Shared path"},"geometry":{"type":"MultiLineString","coordinates":[[[-2.212221,53.4453701],[-2.2123042,53.4453669],[-2.2123505,53.4453659]]]}},
{"type":"Feature","properties":{"highway":"path","name":null,"category":"Shared path"},"geometry":{"type":"MultiLineString","coordinates":[[[-2.2123042,53.4453669],[-2.2122108,53.4453037]]]}},
{"type":"Feature","properties":{"highway":"path","name":null,"category":"Shared path"},"geometry":{"type":"MultiLineString","coordinates":[[[-2.2121936,53.4452058],[-2.2120976,53.445206],[-2.2120332,53.4451602],[-2.2120144,53.4451073],[-2.2121603,53.4450058]]]}},
{"type":"Feature","properties":{"highway":"path","name":null,"category":"Shared path"},"geometry":{"type":"MultiLineString","coordinates":[[[-2.2121906,53.4451878],[-2.212329,53.445178]]]}},
{"type":"Feature","properties":{"highway":"path","name":null,"category":"Shared path"},"geometry":{"type":"MultiLineString","coordinates":[[[-2.2121603,53.4450058],[-2.211904,53.4448901],[-2.2112696,53.4449272],[-2.2112144,53.4449304],[-2.2109469,53.4449461],[-2.2108445,53.4449532],[-2.2106905,53.4449619],[-2.2104813,53.4449738],[-2.2102105,53.4449891],[-2.2101789,53.4449703],[-2.210145,53.4449501],[-2.2101202,53.4447765],[-2.2100999,53.4446341],[-2.2100961,53.4446078],[-2.2100802,53.4444075],[-2.2100773,53.4443715]]]}},
{"type":"Feature","properties":{"highway":"path","name":null,"category":"Shared path"},"geometry":{"type":"MultiLineString","coordinates":[[[-2.2112331,53.4443781],[-2.2112216,53.4444092],[-2.2111192,53.4444139],[-2.2110422,53.4445054],[-2.2110776,53.4445676],[-2.2110723,53.444733],[-2.2110546,53.4447921],[-2.2112144,53.4449304]]]}},
{"type":"Feature","properties":{"highway":"path","name":null,"category":"Shared path"},"geometry":{"type":"MultiLineString","coordinates":[[[-2.2110546,53.4447921],[-2.2109469,53.4449461]]]}},
{"type":"Feature","properties":{"highway":"path","name":null,"category":"Shared path"},"geometry":{"type":"MultiLineString","coordinates":[[[-2.2106905,53.4449619],[-2.2106494,53.4449391],[-2.2100999,53.4446341]]]}},
{"type":"Feature","properties":{"highway":"path","name":null,"category":"Shared path"},"geometry":{"type":"MultiLineString","coordinates":[[[-2.2122063,53.4452821],[-2.212108,53.4453362],[-2.2122327,53.4454407]]]}},
{"type":"Feature","properties":{"highway":"path","name":null,"category":"Shared path"},"geometry":{"type":"MultiLineString","coordinates":[[[-2.212108,53.4453362],[-2.2120573,53.4453576],[-2.2120022,53.4453631],[-2.2119245,53.4453658],[-2.2118487,53.4453699],[-2.2118009,53.4453724],[-2.2117629,53.4453848],[-2.2117512,53.4453986],[-2.2117583,53.4454501],[-2.2117447,53.4454614],[-2.2117414,53.4454757],[-2.2117614,53.4455941]]]}},
{"type":"Feature","properties":{"highway":"path","name":null,"category":"Shared path"},"geometry":{"type":"MultiLineString","coordinates":[[[-2.2118009,53.4453724],[-2.2117853,53.4453064],[-2.2117558,53.4453091],[-2.2117239,53.4451235],[-2.2117367,53.4451226]]]}},
{"type":"Feature","properties":{"highway":"path","name":null,"category":"Shared path"},"geometry":{"type":"MultiLineString","coordinates":[[[-2.2112696,53.4449272],[-2.2112843,53.4449752]]]}},
{"type":"Feature","properties":{"highway":"path","name":null,"category":"Shared path"},"geometry":{"type":"MultiLineString","coordinates":[[[-2.211904,53.4448901],[-2.2123291,53.4448614]]]}},
{"type":"Feature","properties":{"highway":"path","name":null,"category":"Shared path"},"geometry":{"type":"MultiLineString","coordinates":[[[-2.211904,53.4448901],[-2.211894,53.4447382],[-2.2119263,53.4447244],[-2.2119309,53.4446244],[-2.2119805,53.4446201],[-2.2120258,53.4446162]]]}},
{"type":"Feature","properties":{"highway":"path","name":null,"category":"Shared path"},"geometry":{"type":"MultiLineString","coordinates":[[[-2.2119805,53.4446201],[-2.2119803,53.4445315]]]}},
{"type":"Feature","properties":{"highway":"path","name":null,"category":"Shared path"},"geometry":{"type":"MultiLineString","coordinates":[[[-2.211894,53.4447382],[-2.2117996,53.4446786],[-2.2116714,53.4446484],[-2.2114897,53.4446492],[-2.2114184,53.4446487]]]}},
{"type":"Feature","properties":{"highway":"path","name":null,"category":"Shared path"},"geometry":{"type":"MultiLineString","coordinates":[[[-2.2114897,53.4446492],[-2.2114902,53.4447049]]]}},
{"type":"Feature","properties":{"highway":"path","name":null,"category":"Shared path"},"geometry":{"type":"MultiLineString","coordinates":[[[-2.2106494,53.4449391],[-2.2106508,53.4446868],[-2.2107308,53.4446879]]]}},
{"type":"Feature","properties":{"highway":"path","name":null,"category":"Shared path"},"geometry":{"type":"MultiLineString","coordinates":[[[-2.2106508,53.4446868],[-2.2105398,53.4446327],[-2.2104998,53.4446328],[-2.2100999,53.4446341]]]}},
{"type":"Feature","properties":{"highway":"path","name":null,"category":"Shared path"},"geometry":{"type":"MultiLineString","coordinates":[[[-2.2104998,53.4446328],[-2.2104967,53.4445741]]]}},
{"type":"Feature","properties":{"highway":"path","name":null,"category":"Shared path"},"geometry":{"type":"MultiLineString","coordinates":[[[-2.2100961,53.4446078],[-2.2100082,53.444609]]]}},
{"type":"Feature","properties":{"highway":"path","name":null,"category":"Shared path"},"geometry":{"type":"MultiLineString","coordinates":[[[-2.2101789,53.4449703],[-2.2100271,53.4450525]]]}},
{"type":"Feature","properties":{"highway":"path","name":null,"category":"Shared path"},"geometry":{"type":"MultiLineString","coordinates":[[[-2.2104813,53.4449738],[-2.2104953,53.4450386]]]}},
{"type":"Feature","properties":{"highway":"path","name":null,"category":"Shared path"},"geometry":{"type":"MultiLineString","coordinates":[[[-2.2124286,53.4448],[-2.2124507,53.4447443],[-2.2124381,53.4446559],[-2.2124098,53.4444802],[-2.2123987,53.4444098]]]}},
{"type":"Feature","properties":{"highway":"path","name":null,"category":"Shared path"},"geometry":{"type":"MultiLineString","coordinates":[[[-2.2116714,53.4446484],[-2.2117427,53.4446256],[-2.2119309,53.4446244]]]}},
{"type":"Feature","properties":{"highway":"path","name":null,"category":"Shared path"},"geometry":{"type":"MultiLineString","coordinates":[[[-2.2110723,53.444733],[-2.2110365,53.4447165],[-2.2110033,53.4447137]]]}},
{"type":"Feature","properties":{"highway":"footway","name":null,"category":"Footpath (pedestrian only)"},"geometry":{"type":"MultiLineString","coordinates":[[[-2.2112331,53.4443781],[-2.2112464,53.4443457],[-2.2112224,53.4443396],[-2.2111902,53.4443274],[-2.2111593,53.4443063],[-2.2111494,53.4442895],[-2.2111591,53.4442414],[-2.2111743,53.4441992],[-2.2111861,53.4441772],[-2.211197,53.4438814],[-2.21121,53.4436131],[-2.2112571,53.4436139],[-2.2116409,53.4436229],[-2.2116416,53.4436046],[-2.2121118,53.4436108],[-2.2121033,53.4438698],[-2.2122033,53.4438704],[-2.2122281,53.4438705]]]}},
{"type":"Feature","properties":{"highway":"footway","name":null,"category":"Footpath (pedestrian only)"},"geometry":{"type":"MultiLineString","coordinates":[[[-2.211197,53.4438814],[-2.2109969,53.4438766]]]}},
{"type":"Feature","properties":{"highway":"footway","name":null,"category":"Footpath (pedestrian only)"},"geometry":{"type":"MultiLineString","coordinates":[[[-2.2102933,53.4437234],[-2.2102974,53.4435541],[-2.2103571,53.4434967],[-2.2103848,53.4428053],[-2.2104001,53.4425026],[-2.2105168,53.4424385]]]}},
{"type":"Feature","properties":{"highway":"footway","name":null,"category":"Footpath (pedestrian only)"},"geometry":{"type":"MultiLineString","coordinates":[[[-2.2114351,53.443512],[-2.2114339,53.4435335],[-2.2125683,53.4435482]]]}},
{"type":"Feature","properties":{"highway":"footway","name":null,"category":"Footpath (pedestrian only)"},"geometry":{"type":"MultiLineString","coordinates":[[[-2.2095133,53.443435],[-2.209418,53.4434044],[-2.2087855,53.4433983],[-2.208683,53.4433723],[-2.2082579,53.4433638],[-2.2082553,53.443393],[-2.2080758,53.4433888],[-2.2080765,53.4433619],[-2.2075342,53.443353]]]}},
{"type":"Feature","properties":{"highway":"footway","name":null,"category":"Footpath (pedestrian only)"},"geometry":{"type":"MultiLineString","coordinates":[[[-2.2087855,53.4433983],[-2.2088118,53.4427811],[-2.2088357,53.4422038]]]}},
{"type":"Feature","properties":{"highway":"footway","name":null,"category":"Footpath (pedestrian only)"},"geometry":{"type":"MultiLineString","coordinates":[[[-2.2087334,53.4441731],[-2.2094156,53.444176],[-2.210394,53.4441795]]]}},
{"type":"Feature","properties":{"highway":"path","name":null,"category":"Shared path"},"geometry":{"type":"MultiLineString","coordinates":[[[-2.2105444,53.4451872],[-2.2108241,53.4451741],[-2.2108485,53.4451614],[-2.2108588,53.4451428],[-2.2108445,53.4449532]]]}},
{"type":"Feature","properties":{"highway":"path","name":null,"category":"Shared path"},"geometry":{"type":"MultiLineString","coordinates":[[[-2.2100802,53.4444075],[-2.2102598,53.4444045],[-2.2105151,53.4444002]]]}},
{"type":"Feature","properties":{"highway":"path","name":null,"category":"Shared path"},"geometry":{"type":"MultiLineString","coordinates":[[[-2.2101202,53.4447765],[-2.2100605,53.4447811],[-2.21,53.4448117],[-2.2098949,53.4448335],[-2.2098299,53.4448444],[-2.2098047,53.4448648],[-2.2097785,53.4448682]]]}},
{"type":"Feature","properties":{"highway":"path","name":null,"category":"Shared path"},"geometry":{"type":"MultiLineString","coordinates":[[[-2.2098014,53.4450743],[-2.2097785,53.4448682],[-2.2097255,53.4445954]]]}},
{"type":"Feature","properties":{"highway":"path","name":null,"category":"Shared path"},"geometry":{"type":"MultiLineString","coordinates":[[[-2.2149834,53.4452638],[-2.214971,53.4452989],[-2.2149541,53.4453166],[-2.2149273,53.4453355],[-2.2149061,53.4453475],[-2.2148648,53.4453707],[-2.2147947,53.4454443]]]}},
{"type":"Feature","properties":{"highway":"path","name":null,"category":"Shared path"},"geometry":{"type":"MultiLineString","coordinates":[[[-2.2126884,53.4457692],[-2.2126828,53.4457774],[-2.2126642,53.4457827],[-2.2122952,53.4458033]]]}},
{"type":"Feature","properties":{"highway":"path","name":null,"category":"Shared path"},"geometry":{"type":"MultiLineString","coordinates":[[[-2.2180348,53.4424487],[-2.2180125,53.4425505]]]}},
{"type":"Feature","properties":{"highway":"path","name":null,"category":"Shared path"},"geometry":{"type":"MultiLineString","coordinates":[[[-2.2177333,53.4424182],[-2.2177243,53.442522]]]}},
{"type":"Feature","properties":{"highway":"path","name":null,"category":"Shared path"},"geometry":{"type":"MultiLineString","coordinates":[[[-2.2174315,53.4423912],[-2.2174183,53.4424911]]]}},
{"type":"Feature","properties":{"highway":"path","name":null,"category":"Shared path"},"geometry":{"type":"MultiLineString","coordinates":[[[-2.2135459,53.4436783],[-2.2134829,53.4435088]]]}},
{"type":"Feature","properties":{"highway":"path","name":null,"category":"Shared path"},"geometry":{"type":"MultiLineString","coordinates":[[[-2.2158381,53.4457936],[-2.21585,53.4457768],[-2.2159099,53.4456997],[-2.2159125,53.4456715],[-2.2158906,53.4455922],[-2.2158745,53.4455385],[-2.2158753,53.445509],[-2.2158877,53.4454803],[-2.2159254,53.4454345],[-2.2159221,53.4453553],[-2.2158924,53.4453209],[-2.215821,53.4452684],[-2.2157618,53.4452461]]]}},
{"type":"Feature","properties":{"highway":"path","name":null,"category":"Shared path"},"geometry":{"type":"MultiLineString","coordinates":[[[-2.2156336,53.4445534],[-2.2155607,53.4441322]]]}},
{"type":"Feature","properties":{"highway":"path","name":null,"category":"Shared path"},"geometry":{"type":"MultiLineString","coordinates":[[[-2.2152756,53.4446181],[-2.2152512,53.4445773],[-2.215227,53.4445042],[-2.2152125,53.444465],[-2.215148,53.4444676]]]}},
{"type":"Feature","properties":{"highway":"path","name":null,"category":"Shared path"},"geometry":{"type":"MultiLineString","coordinates":[[[-2.2159221,53.4453553],[-2.2159753,53.4453333],[-2.2160373,53.4453024],[-2.2160637,53.4452721],[-2.2160902,53.4452353]]]}},
{"type":"Feature","properties":{"highway":"path","name":null,"category":"Shared path"},"geometry":{"type":"MultiLineString","coordinates":[[[-2.2162059,53.4455351],[-2.2160441,53.4455406],[-2.2160039,53.4455318],[-2.2159731,53.4455105],[-2.2159254,53.4454345]]]}},
{"type":"Feature","properties":{"highway":"path","name":null,"category":"Shared path"},"geometry":{"type":"MultiLineString","coordinates":[[[-2.2137154,53.4447801],[-2.2136992,53.444671]]]}},
{"type":"Feature","properties":{"highway":"path","name":null,"category":"Shared path"},"geometry":{"type":"MultiLineString","coordinates":[[[-2.2144937,53.4450694],[-2.2145037,53.4450686]]]}},
{"type":"Feature","properties":{"highway":"path","name":null,"category":"Shared path"},"geometry":{"type":"MultiLineString","coordinates":[[[-2.2143315,53.4451986],[-2.2143256,53.4451702]]]}},
{"type":"Feature","properties":{"highway":"path","name":null,"category":"Shared path"},"geometry":{"type":"MultiLineString","coordinates":[[[-2.214106,53.4450492],[-2.2141268,53.4450475]]]}},
{"type":"Feature","properties":{"highway":"path","name":null,"category":"Shared path"},"geometry":{"type":"MultiLineString","coordinates":[[[-2.2142886,53.444891],[-2.2142909,53.4449033]]]}},
{"type":"Feature","properties":{"highway":"path","name":null,"category":"Shared path"},"geometry":{"type":"MultiLineString","coordinates":[[[-2.2136454,53.4446745],[-2.2136437,53.4446681]]]}},
{"type":"Feature","properties":{"highway":"path","name":null,"category":"Shared path"},"geometry":{"type":"MultiLineString","coordinates":[[[-2.2132698,53.4452311],[-2.2132736,53.4452592]]]}},
{"type":"Feature","properties":{"highway":"path","name":null,"category":"Shared path"},"geometry":{"type":"MultiLineString","coordinates":[[[-2.2130613,53.4451472],[-2.2130454,53.4451485]]]}},
{"type":"Feature","properties":{"highway":"path","name":null,"category":"Shared path"},"geometry":{"type":"MultiLineString","coordinates":[[[-2.2134065,53.4450902],[-2.2134277,53.4450881]]]}},
{"type":"Feature","properties":{"highway":"path","name":null,"category":"Shared path"},"geometry":{"type":"MultiLineString","coordinates":[[[-2.2132026,53.4449654],[-2.2132001,53.4449547]]]}},
{"type":"Feature","properties":{"highway":"path","name":null,"category":"Shared path"},"geometry":{"type":"MultiLineString","coordinates":[[[-2.2153076,53.4431176],[-2.2152951,53.4430623],[-2.215273,53.4429664],[-2.2152482,53.4429089],[-2.2152119,53.4428752],[-2.2151527,53.4428341],[-2.2150741,53.4427995],[-2.2150104,53.442785]]]}},
{"type":"Feature","properties":{"highway":"path","name":null,"category":"Shared path"},"geometry":{"type":"MultiLineString","coordinates":[[[-2.2146538,53.4426823],[-2.2147015,53.4426736],[-2.2147641,53.4426605]]]}},
{"type":"Feature","properties":{"highway":"path","name":null,"category":"Shared path"},"geometry":{"type":"MultiLineString","coordinates":[[[-2.2151997,53.4426302],[-2.2153089,53.4426302],[-2.2154374,53.4426301]]]}},
{"type":"Feature","properties":{"highway":"path","name":null,"category":"Shared path"},"geometry":{"type":"MultiLineString","coordinates":[[[-2.2153148,53.4427665],[-2.2153089,53.4426302]]]}},
{"type":"Feature","properties":{"highway":"path","name":null,"category":"Shared path"},"geometry":{"type":"MultiLineString","coordinates":[[[-2.2154662,53.4431431],[-2.2152573,53.4431591],[-2.2150895,53.443172],[-2.2149148,53.4431854],[-2.2147443,53.4431985],[-2.2147647,53.4433028],[-2.2144435,53.4433293]]]}},
{"type":"Feature","properties":{"highway":"path","name":null,"category":"Shared path"},"geometry":{"type":"MultiLineString","coordinates":[[[-2.2154014,53.4431108],[-2.2153076,53.4431176],[-2.2150798,53.4431353],[-2.2146299,53.4431702],[-2.2145576,53.4428187],[-2.214556,53.4428116],[-2.2146793,53.4428033]]]}},
{"type":"Feature","properties":{"highway":"path","name":null,"category":"Shared path"},"geometry":{"type":"MultiLineString","coordinates":[[[-2.2177236,53.4438036],[-2.2174233,53.4440025],[-2.2174075,53.4440034],[-2.2169952,53.4440269],[-2.2168032,53.4440378]]]}},
{"type":"Feature","properties":{"highway":"path","name":null,"category":"Shared path"},"geometry":{"type":"MultiLineString","coordinates":[[[-2.2173882,53.4437955],[-2.2173311,53.4438193],[-2.217277,53.4438333],[-2.2172293,53.4438543],[-2.2171674,53.4439],[-2.2171228,53.443935],[-2.217082,53.4439709],[-2.2170452,53.4439989],[-2.2169952,53.4440269]]]}},
{"type":"Feature","properties":{"highway":"path","name":null,"category":"Shared path"},"geometry":{"type":"MultiLineString","coordinates":[[[-2.2150895,53.443172],[-2.2151021,53.4432221]]]}},
{"type":"Feature","properties":{"highway":"path","name":null,"category":"Shared path"},"geometry":{"type":"MultiLineString","coordinates":[[[-2.2152573,53.4431591],[-2.2152667,53.443201],[-2.2152824,53.4431998]]]}},
{"type":"Feature","properties":{"highway":"path","name":null,"category":"Shared path"},"geometry":{"type":"MultiLineString","coordinates":[[[-2.2149148,53.4431854],[-2.2149244,53.4432284],[-2.214907,53.4432299]]]}},
{"type":"Feature","properties":{"highway":"path","name":null,"category":"Shared path"},"geometry":{"type":"MultiLineString","coordinates":[[[-2.2147647,53.4433028],[-2.214781,53.4433837],[-2.2148115,53.4435189],[-2.2150443,53.443501],[-2.2150149,53.4433656],[-2.214781,53.4433837]]]}},
{"type":"Feature","properties":{"highway":"path","name":null,"category":"Shared path"},"geometry":{"type":"MultiLineString","coordinates":[[[-2.2148676,53.4439766],[-2.2148454,53.4439551],[-2.2148362,53.4439378],[-2.214813,53.4439042],[-2.2148063,53.4438864],[-2.2148012,53.4438675],[-2.2148049,53.443863],[-2.2148125,53.4438595],[-2.2148159,53.4438498],[-2.2148168,53.4438347],[-2.2148056,53.4438347]]]}},
{"type":"Feature","properties":{"highway":"footway","name":null,"category":"Footpath (pedestrian only)"},"geometry":{"type":"MultiLineString","coordinates":[[[-2.2185979,53.4580023],[-2.2186581,53.4579466],[-2.2187293,53.4578764],[-2.2187932,53.4578892],[-2.2188162,53.4578943]]]}},
{"type":"Feature","properties":{"highway":"footway","name":null,"category":"Footpath (pedestrian only)"},"geometry":{"type":"MultiLineString","coordinates":[[[-2.2020418,53.4559909],[-2.2020125,53.4559568]]]}},
{"type":"Feature","properties":{"highway":"footway","name":null,"category":"Footpath (pedestrian only)"},"geometry":{"type":"MultiLineString","coordinates":[[[-2.2020682,53.4560095],[-2.2020531,53.456004],[-2.2020167,53.4560425],[-2.2019676,53.4560548]]]}},
{"type":"Feature","properties":{"highway":"footway","name":null,"category":"Footpath (pedestrian only)"},"geometry":{"type":"MultiLineString","coordinates":[[[-2.2237147,53.4474869],[-2.2238036,53.4474304],[-2.2239453,53.4474243],[-2.2239601,53.4473683],[-2.223984,53.4471617],[-2.2241413,53.4465847],[-2.2241486,53.4464132],[-2.22421,53.4461989]]]}},
{"type":"Feature","properties":{"highway":"footway","name":null,"category":"Footpath (pedestrian only)"},"geometry":{"type":"MultiLineString","coordinates":[[[-2.2209555,53.4500393],[-2.2211145,53.4499992],[-2.2213158,53.4499493]]]}},
{"type":"Feature","properties":{"highway":"footway","name":null,"category":"Footpath (pedestrian only)"},"geometry":{"type":"MultiLineString","coordinates":[[[-2.2237823,53.4477185],[-2.2227207,53.4477601],[-2.222703,53.4476248],[-2.2226983,53.4475847]]]}},
{"type":"Feature","properties":{"highway":"path","name":null,"category":"Shared path"},"geometry":{"type":"MultiLineString","coordinates":[[[-2.2178089,53.4429334],[-2.2176397,53.4429746],[-2.217586,53.442997],[-2.2175217,53.4430289],[-2.2174975,53.4430513],[-2.2174669,53.4430942]]]}},
{"type":"Feature","properties":{"highway":"path","name":null,"category":"Shared path"},"geometry":{"type":"MultiLineString","coordinates":[[[-2.1996036,53.4557385],[-2.1999395,53.4559727],[-2.2002242,53.456146]]]}},
{"type":"Feature","properties":{"highway":"path","name":null,"category":"Shared path"},"geometry":{"type":"MultiLineString","coordinates":[[[-2.2005896,53.454823],[-2.2002921,53.4543642]]]}},
{"type":"Feature","properties":{"highway":"path","name":null,"category":"Shared path"},"geometry":{"type":"MultiLineString","coordinates":[[[-2.2071345,53.4590826],[-2.20713,53.4590671],[-2.2070793,53.4588915],[-2.2069483,53.4588878],[-2.2069605,53.458708],[-2.2069622,53.4586943],[-2.2070889,53.458655]]]}},
{"type":"Feature","properties":{"highway":"path","name":null,"category":"Shared path"},"geometry":{"type":"MultiLineString","coordinates":[[[-2.2069483,53.4588878],[-2.2068235,53.4589814],[-2.2067357,53.4590859],[-2.2062405,53.4590722],[-2.2061898,53.4590708]]]}},
{"type":"Feature","properties":{"highway":"footway","name":null,"category":"Footpath (pedestrian only)"},"geometry":{"type":"MultiLineString","coordinates":[[[-2.2046204,53.458006],[-2.2042306,53.4579919],[-2.2041983,53.4580112],[-2.2040773,53.4580114]]]}},
{"type":"Feature","properties":{"highway":"footway","name":null,"category":"Footpath (pedestrian only)"},"geometry":{"type":"MultiLineString","coordinates":[[[-2.2112571,53.4436139],[-2.2112537,53.4435792],[-2.2112373,53.4435297]]]}},
{"type":"Feature","properties":{"highway":"footway","name":null,"category":"Footpath (pedestrian only)"},"geometry":{"type":"MultiLineString","coordinates":[[[-2.2094156,53.444176],[-2.2094178,53.4440465],[-2.209454,53.4437146],[-2.2095133,53.443435]]]}},
{"type":"Feature","properties":{"highway":"footway","name":null,"category":"Footpath (pedestrian only)"},"geometry":{"type":"MultiLineString","coordinates":[[[-2.2103997,53.4438105],[-2.2102913,53.4438061],[-2.210054,53.4437953],[-2.2096959,53.4437841],[-2.2097006,53.4437361],[-2.209454,53.4437146]]]}},
{"type":"Feature","properties":{"highway":"footway","name":null,"category":"Footpath (pedestrian only)"},"geometry":{"type":"MultiLineString","coordinates":[[[-2.2097006,53.4437361],[-2.2100531,53.4437407],[-2.2102933,53.4437234],[-2.2102913,53.4438061]]]}},
{"type":"Feature","properties":{"highway":"footway","name":null,"category":"Footpath (pedestrian only)"},"geometry":{"type":"MultiLineString","coordinates":[[[-2.210054,53.4437953],[-2.2100531,53.4437407]]]}},
{"type":"Feature","properties":{"highway":"footway","name":null,"category":"Footpath (pedestrian only)"},"geometry":{"type":"MultiLineString","coordinates":[[[-2.2121473,53.452959],[-2.2114623,53.4531273],[-2.2113035,53.4532691]]]}},
{"type":"Feature","properties":{"highway":"footway","name":null,"category":"Footpath (pedestrian only)"},"geometry":{"type":"MultiLineString","coordinates":[[[-2.2134232,53.4525078],[-2.2134517,53.4522918]]]}},
{"type":"Feature","properties":{"highway":"path","name":"Bombay Street","category":"Shared path"},"geometry":{"type":"MultiLineString","coordinates":[[[-2.2112921,53.4559495],[-2.2112926,53.4558983],[-2.2112986,53.4552441],[-2.2112992,53.4551828]]]}},
{"type":"Feature","properties":{"highway":"footway","name":null,"category":"Footpath (pedestrian only)"},"geometry":{"type":"MultiLineString","coordinates":[[[-2.2054502,53.4425954],[-2.2053389,53.4426055],[-2.2052735,53.4426115],[-2.205147,53.4426216],[-2.2049693,53.4426299]]]}},
{"type":"Feature","properties":{"highway":"track","name":null,"category":"Track"},"geometry":{"type":"MultiLineString","coordinates":[[[-2.2176142,53.4497437],[-2.2175857,53.4496975],[-2.2174241,53.4494568],[-2.2173922,53.4494225],[-2.2173343,53.4493962],[-2.217243,53.449382],[-2.2171916,53.4493579],[-2.2171686,53.449325]]]}},
{"type":"Feature","properties":{"highway":"track","name":null,"category":"Track"},"geometry":{"type":"MultiLineString","coordinates":[[[-2.2172646,53.4493006],[-2.2171686,53.449325],[-2.2161171,53.4495868]]]}},
{"type":"Feature","properties":{"highway":"track","name":null,"category":"Track"},"geometry":{"type":"MultiLineString","coordinates":[[[-2.2177046,53.4491877],[-2.217333,53.4492834]]]}},
{"type":"Feature","properties":{"highway":"track","name":null,"category":"Track"},"geometry":{"type":"MultiLineString","coordinates":[[[-2.217333,53.4492834],[-2.2172646,53.4493006]]]}},
{"type":"Feature","properties":{"highway":"path","name":null,"category":"Shared path"},"geometry":{"type":"MultiLineString","coordinates":[[[-2.2161171,53.4495868],[-2.215915,53.4494067],[-2.2158461,53.4493279],[-2.2167638,53.4491472]]]}},
{"type":"Feature","properties":{"highway":"footway","name":null,"category":"Footpath (pedestrian only)"},"geometry":{"type":"MultiLineString","coordinates":[[[-2.2235428,53.4563635],[-2.2235293,53.4563053]]]}},
{"type":"Feature","properties":{"highway":"footway","name":"Grantock Walk","category":"Footpath (pedestrian only)"},"geometry":{"type":"MultiLineString","coordinates":[[[-2.2249942,53.4518913],[-2.2250122,53.4518895],[-2.2250568,53.4520593],[-2.2250696,53.4521116],[-2.2250929,53.4521839],[-2.2251318,53.4522003],[-2.2251584,53.4522925]]]}},
{"type":"Feature","properties":{"highway":"footway","name":null,"category":"Footpath (pedestrian only)"},"geometry":{"type":"MultiLineString","coordinates":[[[-2.2243893,53.4514728],[-2.2242881,53.4513067],[-2.2239388,53.4513817]]]}},
{"type":"Feature","properties":{"highway":"footway","name":"Staplers Walk","category":"Footpath (pedestrian only)"},"geometry":{"type":"MultiLineString","coordinates":[[[-2.2254493,53.4520765],[-2.2257538,53.4519855]]]}},
{"type":"Feature","properties":{"highway":"footway","name":null,"category":"Footpath (pedestrian only)"},"geometry":{"type":"MultiLineString","coordinates":[[[-2.2256923,53.4517876],[-2.2257441,53.4519514],[-2.2257538,53.4519855],[-2.2257822,53.4519961],[-2.2258091,53.4520158],[-2.2258229,53.4520452],[-2.2258557,53.4521675]]]}},
{"type":"Feature","properties":{"highway":"footway","name":null,"category":"Footpath (pedestrian only)"},"geometry":{"type":"MultiLineString","coordinates":[[[-2.2249942,53.4518913],[-2.2248575,53.451904],[-2.2246728,53.4519048]]]}},
{"type":"Feature","properties":{"highway":"footway","name":null,"category":"Footpath (pedestrian only)"},"geometry":{"type":"MultiLineString","coordinates":[[[-2.2248109,53.4520772],[-2.2250568,53.4520593]]]}},
{"type":"Feature","properties":{"highway":"footway","name":"Rookley Walk","category":"Footpath (pedestrian only)"},"geometry":{"type":"MultiLineString","coordinates":[[[-2.2245629,53.4523142],[-2.2245608,53.452306],[-2.2244962,53.4520972],[-2.2244671,53.4520978],[-2.2243621,53.4520288],[-2.2243071,53.4519649]]]}},
{"type":"Feature","properties":{"highway":"footway","name":"Bembridge Close","category":"Footpath (pedestrian only)"},"geometry":{"type":"MultiLineString","coordinates":[[[-2.2243071,53.4519649],[-2.2241587,53.451996],[-2.2241055,53.4519876],[-2.2239802,53.4520116],[-2.2239176,53.4520235],[-2.2238577,53.452035]]]}},
{"type":"Feature","properties":{"highway":"footway","name":null,"category":"Footpath (pedestrian only)"},"geometry":{"type":"MultiLineString","coordinates":[[[-2.2247204,53.4516868],[-2.2246255,53.4516389],[-2.2245897,53.451634],[-2.2245343,53.4516736],[-2.2243955,53.4517056],[-2.2243794,53.4517159],[-2.2243677,53.4517316]]]}},
{"type":"Feature","properties":{"highway":"footway","name":null,"category":"Footpath (pedestrian only)"},"geometry":{"type":"MultiLineString","coordinates":[[[-2.2251656,53.4542835],[-2.2252263,53.454275]]]}},
{"type":"Feature","properties":{"highway":"footway","name":null,"category":"Footpath (pedestrian only)"},"geometry":{"type":"MultiLineString","coordinates":[[[-2.2254294,53.4549525],[-2.2253581,53.4549626],[-2.2251078,53.4542912]]]}},
{"type":"Feature","properties":{"highway":"footway","name":null,"category":"Footpath (pedestrian only)"},"geometry":{"type":"MultiLineString","coordinates":[[[-2.2163048,53.4562016],[-2.2162898,53.4561925],[-2.2161163,53.4560959],[-2.2162504,53.4560104],[-2.2164507,53.4558863],[-2.2162579,53.4557825],[-2.2161356,53.4557167],[-2.2161515,53.4557067]]]}},
{"type":"Feature","properties":{"highway":"footway","name":null,"category":"Footpath (pedestrian only)"},"geometry":{"type":"MultiLineString","coordinates":[[[-2.2163769,53.4562408],[-2.2163048,53.4562016]]]}},
{"type":"Feature","properties":{"highway":"footway","name":null,"category":"Footpath (pedestrian only)"},"geometry":{"type":"MultiLineString","coordinates":[[[-2.2109484,53.4486934],[-2.2113496,53.4486888]]]}},
{"type":"Feature","properties":{"highway":"footway","name":null,"category":"Footpath (pedestrian only)"},"geometry":{"type":"MultiLineString","coordinates":[[[-2.2109484,53.4486934],[-2.2109534,53.4488169],[-2.2109822,53.4488165],[-2.2109836,53.4488455]]]}},
{"type":"Feature","properties":{"highway":"path","name":null,"category":"Shared path"},"geometry":{"type":"MultiLineString","coordinates":[[[-2.2146952,53.4443844],[-2.2146143,53.4443375],[-2.2145144,53.4442788],[-2.214194,53.4442799],[-2.2135808,53.444282],[-2.2131175,53.444282],[-2.2131128,53.4442571],[-2.2130987,53.444141],[-2.2133422,53.4441443],[-2.2140266,53.4441482],[-2.2141828,53.4441482],[-2.214194,53.4442799]]]}},
{"type":"Feature","properties":{"highway":"path","name":null,"category":"Shared path"},"geometry":{"type":"MultiLineString","coordinates":[[[-2.2141828,53.4441482],[-2.2141834,53.4441178],[-2.2141863,53.4439736],[-2.2141401,53.4438727],[-2.2140106,53.4438709],[-2.213622,53.4438617],[-2.2133331,53.4438812],[-2.2133336,53.443916],[-2.2133351,53.4439715],[-2.2133422,53.4441443]]]}},
{"type":"Feature","properties":{"highway":"path","name":null,"category":"Shared path"},"geometry":{"type":"MultiLineString","coordinates":[[[-2.2133351,53.4439715],[-2.2130877,53.4439726]]]}},
{"type":"Feature","properties":{"highway":"path","name":null,"category":"Shared path"},"geometry":{"type":"MultiLineString","coordinates":[[[-2.2141834,53.4441178],[-2.2145022,53.4441126],[-2.2145144,53.444074],[-2.2145039,53.4440248],[-2.2144793,53.4439527],[-2.214434,53.443924],[-2.2143171,53.4439285],[-2.2141863,53.4439736]]]}},
{"type":"Feature","properties":{"highway":"path","name":null,"category":"Shared path"},"geometry":{"type":"MultiLineString","coordinates":[[[-2.2144793,53.4439527],[-2.2144589,53.4439627],[-2.214431,53.4439763],[-2.21436,53.4439531],[-2.2143171,53.4439285]]]}},
{"type":"Feature","properties":{"highway":"footway","name":null,"category":"Footpath (pedestrian only)"},"geometry":{"type":"MultiLineString","coordinates":[[[-2.2215665,53.4560726],[-2.2216104,53.456069],[-2.2216272,53.4560673],[-2.2217016,53.4560598]]]}},
{"type":"Feature","properties":{"highway":"footway","name":null,"category":"Footpath (pedestrian only)"},"geometry":{"type":"MultiLineString","coordinates":[[[-2.2217713,53.4575897],[-2.2219133,53.4575707],[-2.2220086,53.4575201],[-2.222022,53.4574623],[-2.2218846,53.4571827],[-2.2217954,53.4568758],[-2.2216686,53.4562912],[-2.2216272,53.4560673],[-2.2215349,53.4557288],[-2.2214108,53.4553167],[-2.221363,53.4552796]]]}},
{"type":"Feature","properties":{"highway":"footway","name":null,"category":"Footpath (pedestrian only)"},"geometry":{"type":"MultiLineString","coordinates":[[[-2.221363,53.4552796],[-2.2213467,53.4552436],[-2.2213326,53.455206]]]}},
{"type":"Feature","properties":{"highway":"footway","name":null,"category":"Footpath (pedestrian only)"},"geometry":{"type":"MultiLineString","coordinates":[[[-2.2213326,53.455206],[-2.2212164,53.4549824],[-2.2211482,53.4548845],[-2.2208347,53.4547189],[-2.2205658,53.4545431],[-2.2205502,53.4545329]]]}},
{"type":"Feature","properties":{"highway":"footway","name":null,"category":"Footpath (pedestrian only)"},"geometry":{"type":"MultiLineString","coordinates":[[[-2.220764,53.4544471],[-2.2207687,53.4544587],[-2.2207749,53.4545333],[-2.2209994,53.4546847],[-2.221267,53.4548096],[-2.2214737,53.4548451],[-2.2214698,53.4548705]]]}},
{"type":"Feature","properties":{"highway":"footway","name":null,"category":"Footpath (pedestrian only)"},"geometry":{"type":"MultiLineString","coordinates":[[[-2.2214698,53.4548705],[-2.2214704,53.4548922],[-2.2214718,53.4549464]]]}},
{"type":"Feature","properties":{"highway":"footway","name":null,"category":"Footpath (pedestrian only)"},"geometry":{"type":"MultiLineString","coordinates":[[[-2.2214718,53.4549464],[-2.2214597,53.4549598],[-2.2214225,53.4550008],[-2.2215473,53.4552415],[-2.2217193,53.4557201],[-2.2218533,53.4563774],[-2.221846,53.4564041],[-2.2218417,53.4564197]]]}},
{"type":"Feature","properties":{"highway":"footway","name":null,"category":"Footpath (pedestrian only)"},"geometry":{"type":"MultiLineString","coordinates":[[[-2.2218417,53.4564197],[-2.2218493,53.4565376],[-2.2218534,53.4566009]]]}},
{"type":"Feature","properties":{"highway":"footway","name":null,"category":"Footpath (pedestrian only)"},"geometry":{"type":"MultiLineString","coordinates":[[[-2.2218534,53.4566009],[-2.2218602,53.4566223],[-2.2220089,53.4570899],[-2.2222336,53.4575077],[-2.2222985,53.4575909],[-2.2223599,53.4576579]]]}},
{"type":"Feature","properties":{"highway":"footway","name":null,"category":"Footpath (pedestrian only)"},"geometry":{"type":"MultiLineString","coordinates":[[[-2.2221668,53.4576402],[-2.2222665,53.4576507]]]}},
{"type":"Feature","properties":{"highway":"footway","name":null,"category":"Footpath (pedestrian only)"},"geometry":{"type":"MultiLineString","coordinates":[[[-2.2217713,53.4575897],[-2.2218564,53.4576003],[-2.2219245,53.4576088]]]}},
{"type":"Feature","properties":{"highway":"footway","name":null,"category":"Footpath (pedestrian only)"},"geometry":{"type":"MultiLineString","coordinates":[[[-2.2219245,53.4576088],[-2.2220484,53.4576263]]]}},
{"type":"Feature","properties":{"highway":"footway","name":null,"category":"Footpath (pedestrian only)"},"geometry":{"type":"MultiLineString","coordinates":[[[-2.2220484,53.4576263],[-2.2221146,53.4576341],[-2.2221668,53.4576402]]]}},
{"type":"Feature","properties":{"highway":"footway","name":null,"category":"Footpath (pedestrian only)"},"geometry":{"type":"MultiLineString","coordinates":[[[-2.2222665,53.4576507],[-2.2223171,53.4576546],[-2.2223599,53.4576579]]]}},
{"type":"Feature","properties":{"highway":"footway","name":null,"category":"Footpath (pedestrian only)"},"geometry":{"type":"MultiLineString","coordinates":[[[-2.2205502,53.4545329],[-2.2206588,53.4544925],[-2.220764,53.4544471]]]}},
{"type":"Feature","properties":{"highway":"footway","name":null,"category":"Footpath (pedestrian only)"},"geometry":{"type":"MultiLineString","coordinates":[[[-2.2158632,53.4589632],[-2.2157092,53.458969]]]}},
{"type":"Feature","properties":{"highway":"footway","name":null,"category":"Footpath (pedestrian only)"},"geometry":{"type":"MultiLineString","coordinates":[[[-2.2167626,53.4590417],[-2.2164426,53.45899],[-2.2164045,53.458984],[-2.2163882,53.458944],[-2.2162717,53.4589478]]]}},
{"type":"Feature","properties":{"highway":"footway","name":null,"category":"Footpath (pedestrian only)"},"geometry":{"type":"MultiLineString","coordinates":[[[-2.2128505,53.4589135],[-2.2128377,53.4587045],[-2.2128335,53.4586365]]]}},
{"type":"Feature","properties":{"highway":"footway","name":null,"category":"Footpath (pedestrian only)"},"geometry":{"type":"MultiLineString","coordinates":[[[-2.2111815,53.4589197],[-2.2111814,53.4587754],[-2.2111813,53.4587261]]]}},
{"type":"Feature","properties":{"highway":"footway","name":null,"category":"Footpath (pedestrian only)"},"geometry":{"type":"MultiLineString","coordinates":[[[-2.2061306,53.4604462],[-2.2061308,53.4604943],[-2.2060312,53.4605666],[-2.2059675,53.4606128]]]}},
{"type":"Feature","properties":{"highway":"footway","name":null,"category":"Footpath (pedestrian only)"},"geometry":{"type":"MultiLineString","coordinates":[[[-2.2060096,53.4600262],[-2.2058755,53.4601163],[-2.205573,53.4603315]]]}},
{"type":"Feature","properties":{"highway":"footway","name":null,"category":"Footpath (pedestrian only)"},"geometry":{"type":"MultiLineString","coordinates":[[[-2.2056001,53.459982],[-2.2056889,53.4600235],[-2.2057028,53.4600303],[-2.2058755,53.4601163]]]}},
{"type":"Feature","properties":{"highway":"footway","name":null,"category":"Footpath (pedestrian only)"},"geometry":{"type":"MultiLineString","coordinates":[[[-2.206479,53.4601027],[-2.2063315,53.46005],[-2.2063301,53.4600246]]]}},
{"type":"Feature","properties":{"highway":"footway","name":"Toll Gate Close","category":"Footpath (pedestrian only)"},"geometry":{"type":"MultiLineString","coordinates":[[[-2.2057028,53.4600303],[-2.2060096,53.4600262],[-2.2063301,53.4600246],[-2.2071552,53.4600207]]]}},
{"type":"Feature","properties":{"highway":"footway","name":null,"category":"Footpath (pedestrian only)"},"geometry":{"type":"MultiLineString","coordinates":[[[-2.2068686,53.4607247],[-2.2072616,53.460917],[-2.207379,53.4609744],[-2.2074704,53.4610188],[-2.2075248,53.4610453]]]}},
{"type":"Feature","properties":{"highway":"footway","name":null,"category":"Footpath (pedestrian only)"},"geometry":{"type":"MultiLineString","coordinates":[[[-2.2069049,53.4606976],[-2.2068686,53.4607247],[-2.2068174,53.4607004],[-2.2066058,53.4608549],[-2.2065429,53.4609008]]]}},
{"type":"Feature","properties":{"highway":"footway","name":null,"category":"Footpath (pedestrian only)"},"geometry":{"type":"MultiLineString","coordinates":[[[-2.2072013,53.4605599],[-2.2072616,53.460917]]]}},
{"type":"Feature","properties":{"highway":"footway","name":null,"category":"Footpath (pedestrian only)"},"geometry":{"type":"MultiLineString","coordinates":[[[-2.2068003,53.4603893],[-2.2066388,53.4603123],[-2.2065868,53.4602875]]]}},
{"type":"Feature","properties":{"highway":"footway","name":null,"category":"Footpath (pedestrian only)"},"geometry":{"type":"MultiLineString","coordinates":[[[-2.2068762,53.4604063],[-2.2068003,53.4603893],[-2.2063503,53.4607267],[-2.2062881,53.4607733]]]}},
{"type":"Feature","properties":{"highway":"footway","name":null,"category":"Footpath (pedestrian only)"},"geometry":{"type":"MultiLineString","coordinates":[[[-2.214625,53.4604948],[-2.2148402,53.4603552]]]}},
{"type":"Feature","properties":{"highway":"path","name":null,"category":"Shared path"},"geometry":{"type":"MultiLineString","coordinates":[[[-2.199336,53.4558626],[-2.1996036,53.4557385]]]}},
{"type":"Feature","properties":{"highway":"footway","name":null,"category":"Footpath (pedestrian only)"},"geometry":{"type":"MultiLineString","coordinates":[[[-2.2191881,53.4583985],[-2.2190943,53.4584363],[-2.2190774,53.4584431],[-2.2188093,53.4585512]]]}},
{"type":"Feature","properties":{"highway":"footway","name":null,"category":"Footpath (pedestrian only)"},"geometry":{"type":"MultiLineString","coordinates":[[[-2.2186044,53.459386],[-2.2185948,53.4593603],[-2.218532,53.4591933]]]}},
{"type":"Feature","properties":{"highway":"footway","name":null,"category":"Footpath (pedestrian only)"},"geometry":{"type":"MultiLineString","coordinates":[[[-2.2211126,53.4458992],[-2.2210332,53.4457922],[-2.221007,53.4456892],[-2.2210423,53.4455643]]]}},
{"type":"Feature","properties":{"highway":"footway","name":null,"category":"Footpath (pedestrian only)"},"geometry":{"type":"MultiLineString","coordinates":[[[-2.2184324,53.4569609],[-2.218541,53.4570793],[-2.21861,53.4571587],[-2.2187954,53.4575142],[-2.2188033,53.4575412],[-2.2188006,53.4575788],[-2.2187905,53.4576196],[-2.2187601,53.4576558],[-2.2187543,53.4576628],[-2.2187073,53.4576907],[-2.2185853,53.4577266],[-2.2185483,53.4577319],[-2.2185156,53.4577322],[-2.2184863,53.4577272],[-2.2184592,53.4577171],[-2.2176398,53.4572001],[-2.2174649,53.4570897],[-2.2171933,53.4569417]]]}},
{"type":"Feature","properties":{"highway":"footway","name":null,"category":"Footpath (pedestrian only)"},"geometry":{"type":"MultiLineString","coordinates":[[[-2.21693,53.4569675],[-2.217156,53.4570927],[-2.2174751,53.4572695],[-2.2176908,53.4574119],[-2.2178794,53.4575364],[-2.2183274,53.4578321],[-2.21834,53.4578515],[-2.2183452,53.4578765],[-2.2183379,53.4579047],[-2.2183226,53.4579204],[-2.2183032,53.4579405],[-2.2181411,53.4580025],[-2.2179792,53.4580566],[-2.2177635,53.4581217],[-2.2176415,53.4581537],[-2.2175531,53.4581693],[-2.2174815,53.4581793],[-2.2170154,53.4582151],[-2.216875,53.4582223],[-2.2167366,53.4582295],[-2.2163693,53.4582245]]]}},
{"type":"Feature","properties":{"highway":"footway","name":null,"category":"Footpath (pedestrian only)"},"geometry":{"type":"MultiLineString","coordinates":[[[-2.2163767,53.4583064],[-2.2165377,53.4583133],[-2.2166556,53.4583164],[-2.2168546,53.4583185],[-2.2168944,53.4583189],[-2.2170533,53.4583195],[-2.2171627,53.4583158],[-2.2172848,53.458302],[-2.2174805,53.4582769],[-2.2176446,53.4582519],[-2.2177772,53.4582249],[-2.217866,53.458196],[-2.2179813,53.4581585],[-2.2181686,53.4580978],[-2.2184306,53.4579925],[-2.2184696,53.4579881],[-2.2185211,53.4579894],[-2.2185674,53.4579975],[-2.2185869,53.4580114],[-2.2185937,53.4580163],[-2.2190943,53.4584363],[-2.2192935,53.4586084],[-2.219652,53.4589125],[-2.2199361,53.4591467],[-2.2199449,53.4591541],[-2.219949,53.4591631],[-2.2199493,53.459175],[-2.2199419,53.4591899],[-2.219925,53.4591984],[-2.2199007,53.4592028],[-2.2198601,53.459208],[-2.2198515,53.4592091],[-2.2195913,53.4592431],[-2.2191767,53.4593073],[-2.2191052,53.4593171],[-2.2186044,53.459386],[-2.2173879,53.4595532]]]}},
{"type":"Feature","properties":{"highway":"footway","name":null,"category":"Footpath (pedestrian only)"},"geometry":{"type":"MultiLineString","coordinates":[[[-2.2185869,53.4580114],[-2.2185979,53.4580023]]]}},
{"type":"Feature","properties":{"highway":"footway","name":null,"category":"Footpath (pedestrian only)"},"geometry":{"type":"MultiLineString","coordinates":[[[-2.2185533,53.4569537],[-2.2186228,53.4570432],[-2.2186832,53.4571117],[-2.2187283,53.4571497],[-2.2187502,53.4571782],[-2.218783,53.4572219],[-2.218813,53.457279],[-2.2188298,53.4573148],[-2.2189576,53.4575781],[-2.2189699,53.4575888],[-2.2190037,53.457607],[-2.2190433,53.4576243],[-2.219061,53.4576298],[-2.2190886,53.4576383],[-2.2191144,53.4576412],[-2.2191427,53.4576426],[-2.2193328,53.4576123]]]}},
{"type":"Feature","properties":{"highway":"footway","name":null,"category":"Footpath (pedestrian only)"},"geometry":{"type":"MultiLineString","coordinates":[[[-2.219061,53.4576298],[-2.2190263,53.4576328]]]}},
{"type":"Feature","properties":{"highway":"footway","name":null,"category":"Footpath (pedestrian only)"},"geometry":{"type":"MultiLineString","coordinates":[[[-2.2190263,53.4576328],[-2.21894,53.4576403],[-2.2187938,53.4576529]]]}},
{"type":"Feature","properties":{"highway":"footway","name":null,"category":"Footpath (pedestrian only)"},"geometry":{"type":"MultiLineString","coordinates":[[[-2.2187938,53.4576529],[-2.2187601,53.4576558]]]}},
{"type":"Feature","properties":{"highway":"footway","name":null,"category":"Footpath (pedestrian only)"},"geometry":{"type":"MultiLineString","coordinates":[[[-2.2192872,53.4577298],[-2.2190897,53.4577723],[-2.2190354,53.4577846],[-2.2189662,53.4578069],[-2.2189326,53.4578213],[-2.218898,53.4578419],[-2.2188614,53.4578748],[-2.2188468,53.4579009],[-2.2188409,53.4579115],[-2.2188325,53.4579488],[-2.2188372,53.4579829],[-2.2188484,53.4580257],[-2.2188727,53.4580603],[-2.2193151,53.4584186]]]}},
{"type":"Feature","properties":{"highway":"footway","name":null,"category":"Footpath (pedestrian only)"},"geometry":{"type":"MultiLineString","coordinates":[[[-2.2188162,53.4578943],[-2.2188468,53.4579009]]]}},
{"type":"Feature","properties":{"highway":"footway","name":null,"category":"Footpath (pedestrian only)"},"geometry":{"type":"MultiLineString","coordinates":[[[-2.2142904,53.4608244],[-2.2142177,53.4607857],[-2.2144641,53.4606444],[-2.2144962,53.4605678],[-2.214625,53.4604948]]]}},
{"type":"Feature","properties":{"highway":"footway","name":null,"category":"Footpath (pedestrian only)"},"geometry":{"type":"MultiLineString","coordinates":[[[-2.219257,53.4612051],[-2.2198038,53.4611134],[-2.2201744,53.4610513],[-2.2201464,53.4610206],[-2.2200046,53.4608805],[-2.2199695,53.4608514],[-2.2193933,53.4603726],[-2.2191838,53.4603912]]]}},
{"type":"Feature","properties":{"highway":"footway","name":null,"category":"Footpath (pedestrian only)"},"geometry":{"type":"MultiLineString","coordinates":[[[-2.2207448,53.4613316],[-2.2202621,53.4609071],[-2.2201028,53.460767],[-2.2206656,53.4605251],[-2.2208418,53.4604493],[-2.22126,53.4602857],[-2.2213909,53.4603936],[-2.2215501,53.4605319],[-2.2215606,53.4605411]]]}},
{"type":"Feature","properties":{"highway":"footway","name":null,"category":"Footpath (pedestrian only)"},"geometry":{"type":"MultiLineString","coordinates":[[[-2.2219967,53.4606536],[-2.2215765,53.460303],[-2.2214436,53.4602013],[-2.2205322,53.4594292],[-2.2205091,53.4594023],[-2.2204977,53.4593707],[-2.2204971,53.4593528],[-2.220508,53.4593298],[-2.2205215,53.4593163],[-2.2205289,53.45931],[-2.2205514,53.4592922],[-2.2205787,53.4592777],[-2.2206202,53.4592603],[-2.2206566,53.4592488],[-2.2207397,53.459236],[-2.2210624,53.4592012],[-2.2215848,53.4591636],[-2.2216272,53.4591616],[-2.2216583,53.4591639],[-2.221692,53.4591693],[-2.2217251,53.4591807],[-2.2217696,53.4592],[-2.2217986,53.4592133],[-2.221813,53.4592231],[-2.2218223,53.4592294],[-2.2218405,53.4592536],[-2.2218597,53.459291],[-2.2218677,53.4593259],[-2.221876,53.4593827],[-2.2218817,53.4594019],[-2.2218968,53.4594229],[-2.2219701,53.4595072],[-2.2222069,53.4597242],[-2.2222526,53.4597847],[-2.2222667,53.4598045],[-2.2222777,53.4598284],[-2.2222751,53.4598433],[-2.2222716,53.4598523],[-2.2222168,53.459856],[-2.2221572,53.4598646],[-2.2221069,53.4598796],[-2.2220341,53.4599056],[-2.2219562,53.4599412]]]}},
{"type":"Feature","properties":{"highway":"footway","name":null,"category":"Footpath (pedestrian only)"},"geometry":{"type":"MultiLineString","coordinates":[[[-2.2215765,53.460303],[-2.2215528,53.4603146]]]}},
{"type":"Feature","properties":{"highway":"footway","name":null,"category":"Footpath (pedestrian only)"},"geometry":{"type":"MultiLineString","coordinates":[[[-2.2213909,53.4603936],[-2.2214147,53.460382]]]}},
{"type":"Feature","properties":{"highway":"footway","name":null,"category":"Footpath (pedestrian only)"},"geometry":{"type":"MultiLineString","coordinates":[[[-2.2215528,53.4603146],[-2.2214738,53.4603531],[-2.2214147,53.460382]]]}},
{"type":"Feature","properties":{"highway":"footway","name":null,"category":"Footpath (pedestrian only)"},"geometry":{"type":"MultiLineString","coordinates":[[[-2.22126,53.4602857],[-2.2212485,53.4602759]]]}},
{"type":"Feature","properties":{"highway":"footway","name":null,"category":"Footpath (pedestrian only)"},"geometry":{"type":"MultiLineString","coordinates":[[[-2.2212485,53.4602759],[-2.2212142,53.4602466],[-2.2212012,53.4602355]]]}},
{"type":"Feature","properties":{"highway":"footway","name":null,"category":"Footpath (pedestrian only)"},"geometry":{"type":"MultiLineString","coordinates":[[[-2.2199271,53.4596397],[-2.2202732,53.4594952],[-2.2202919,53.4594854],[-2.2202986,53.4594798],[-2.2203016,53.4594737],[-2.2203,53.4594623],[-2.2201972,53.4593754],[-2.2201871,53.4593663],[-2.2201547,53.4593371],[-2.220126,53.4593191],[-2.2200794,53.4593069],[-2.2200219,53.4593077],[-2.2199822,53.459311],[-2.2199288,53.4593175],[-2.2199159,53.4593187],[-2.2193128,53.4593993],[-2.2186752,53.4594877],[-2.2186477,53.459495],[-2.2186311,53.4595074],[-2.2186316,53.4595184],[-2.2186418,53.4595318],[-2.2200144,53.4606985],[-2.2207627,53.460402]]]}},
{"type":"Feature","properties":{"highway":"footway","name":null,"category":"Footpath (pedestrian only)"},"geometry":{"type":"MultiLineString","coordinates":[[[-2.2207627,53.460402],[-2.2208182,53.4603781],[-2.2208687,53.4603563]]]}},
{"type":"Feature","properties":{"highway":"footway","name":null,"category":"Footpath (pedestrian only)"},"geometry":{"type":"MultiLineString","coordinates":[[[-2.2208687,53.4603563],[-2.2211683,53.4602397],[-2.2211767,53.4602364],[-2.2211864,53.460232],[-2.2211923,53.4602279],[-2.2211929,53.4602232],[-2.2211889,53.4602166],[-2.2211846,53.4602126],[-2.2204196,53.4595585],[-2.220408,53.4595507],[-2.2203874,53.4595404],[-2.2203752,53.4595379],[-2.220363,53.4595382],[-2.2203436,53.459541],[-2.2203241,53.4595475],[-2.2197671,53.4597814]]]}},
{"type":"Feature","properties":{"highway":"footway","name":null,"category":"Footpath (pedestrian only)"},"geometry":{"type":"MultiLineString","coordinates":[[[-2.2193933,53.4603726],[-2.2193741,53.4603534]]]}},
{"type":"Feature","properties":{"highway":"footway","name":null,"category":"Footpath (pedestrian only)"},"geometry":{"type":"MultiLineString","coordinates":[[[-2.2192903,53.460276],[-2.2192378,53.4602335],[-2.2190267,53.460049],[-2.2184696,53.4595636],[-2.2184439,53.4595483],[-2.2184111,53.4595381],[-2.218364,53.4595381],[-2.2177847,53.4596177],[-2.2177755,53.4596288],[-2.2177725,53.4596413],[-2.2177805,53.4596632]]]}},
{"type":"Feature","properties":{"highway":"footway","name":null,"category":"Footpath (pedestrian only)"},"geometry":{"type":"MultiLineString","coordinates":[[[-2.2192903,53.460276],[-2.2193375,53.4603196],[-2.2193741,53.4603534]]]}},
{"type":"Feature","properties":{"highway":"footway","name":null,"category":"Footpath (pedestrian only)"},"geometry":{"type":"MultiLineString","coordinates":[[[-2.2215035,53.4602471],[-2.2221734,53.459985],[-2.2222195,53.4599638],[-2.2222771,53.4599493],[-2.222306,53.4599471],[-2.2223374,53.4599507],[-2.2223688,53.4599611],[-2.2223949,53.4599757],[-2.2224726,53.4600382],[-2.2227188,53.4602361],[-2.222854,53.4603601],[-2.2228913,53.4605026]]]}},
{"type":"Feature","properties":{"highway":"footway","name":null,"category":"Footpath (pedestrian only)"},"geometry":{"type":"MultiLineString","coordinates":[[[-2.2082164,53.4614968],[-2.2096091,53.4610532],[-2.2096918,53.4610265],[-2.2104724,53.4607748],[-2.2104542,53.4607473],[-2.2097438,53.4604858],[-2.2091478,53.4603016],[-2.2085225,53.4605576]]]}},
{"type":"Feature","properties":{"highway":"footway","name":null,"category":"Footpath (pedestrian only)"},"geometry":{"type":"MultiLineString","coordinates":[[[-2.2085225,53.4605576],[-2.208481,53.4605785],[-2.2084017,53.4606185]]]}},
{"type":"Feature","properties":{"highway":"footway","name":null,"category":"Footpath (pedestrian only)"},"geometry":{"type":"MultiLineString","coordinates":[[[-2.2084017,53.4606185],[-2.2082307,53.4607106]]]}},
{"type":"Feature","properties":{"highway":"footway","name":null,"category":"Footpath (pedestrian only)"},"geometry":{"type":"MultiLineString","coordinates":[[[-2.2107728,53.4607101],[-2.2093982,53.4602488]]]}},
{"type":"Feature","properties":{"highway":"footway","name":null,"category":"Footpath (pedestrian only)"},"geometry":{"type":"MultiLineString","coordinates":[[[-2.2091287,53.4602941],[-2.2091478,53.4603016]]]}},
{"type":"Feature","properties":{"highway":"footway","name":null,"category":"Footpath (pedestrian only)"},"geometry":{"type":"MultiLineString","coordinates":[[[-2.2091287,53.4602941],[-2.2090628,53.460279],[-2.2089736,53.4602586]]]}},
{"type":"Feature","properties":{"highway":"footway","name":null,"category":"Footpath (pedestrian only)"},"geometry":{"type":"MultiLineString","coordinates":[[[-2.2158892,53.4598748],[-2.2166525,53.4597681],[-2.2166827,53.4597682],[-2.2167012,53.4597774],[-2.2167098,53.4597895],[-2.2167573,53.4598967],[-2.2167106,53.4599025],[-2.2168636,53.460276]]]}},
{"type":"Feature","properties":{"highway":"footway","name":null,"category":"Footpath (pedestrian only)"},"geometry":{"type":"MultiLineString","coordinates":[[[-2.2158892,53.4598748],[-2.2158486,53.4598801],[-2.2158097,53.4598851]]]}},
{"type":"Feature","properties":{"highway":"footway","name":null,"category":"Footpath (pedestrian only)"},"geometry":{"type":"MultiLineString","coordinates":[[[-2.2158097,53.4598851],[-2.2146085,53.4600552]]]}},
{"type":"Feature","properties":{"highway":"footway","name":null,"category":"Footpath (pedestrian only)"},"geometry":{"type":"MultiLineString","coordinates":[[[-2.2146085,53.4600552],[-2.2145386,53.4600845]]]}},
{"type":"Feature","properties":{"highway":"footway","name":null,"category":"Footpath (pedestrian only)"},"geometry":{"type":"MultiLineString","coordinates":[[[-2.2145386,53.4600845],[-2.2144864,53.4601366],[-2.2139008,53.460732],[-2.2137599,53.4608679],[-2.2136988,53.4609302],[-2.2137326,53.4609822]]]}},
{"type":"Feature","properties":{"highway":"footway","name":null,"category":"Footpath (pedestrian only)"},"geometry":{"type":"MultiLineString","coordinates":[[[-2.2167206,53.4590559],[-2.2168511,53.4594144],[-2.2169178,53.4595976],[-2.2169174,53.4596075],[-2.2169141,53.4596139],[-2.2169061,53.4596193],[-2.2168955,53.4596227],[-2.2165253,53.4596716],[-2.2165069,53.4596724],[-2.2164859,53.459666],[-2.216475,53.4596517],[-2.2164016,53.4594772],[-2.2162322,53.4590743],[-2.2162236,53.4590537],[-2.2162316,53.4590273],[-2.2162496,53.4590137],[-2.2162691,53.4590018],[-2.2162933,53.4590004],[-2.2163174,53.4590034],[-2.2164558,53.4590216]]]}},
{"type":"Feature","properties":{"highway":"footway","name":null,"category":"Footpath (pedestrian only)"},"geometry":{"type":"MultiLineString","coordinates":[[[-2.2163385,53.4596984],[-2.2163296,53.4597012],[-2.2159368,53.4597568],[-2.2159202,53.4597562],[-2.2159074,53.4597527],[-2.2158972,53.459746],[-2.2158192,53.4595585],[-2.2156152,53.4590604],[-2.2156181,53.4590454],[-2.2156369,53.4590309],[-2.2156639,53.4590237],[-2.2158858,53.4590191],[-2.2160132,53.4590165],[-2.2160456,53.4590189],[-2.2160739,53.4590317],[-2.2161008,53.4590574],[-2.2161134,53.4590887],[-2.2162773,53.4594946],[-2.2163476,53.4596685],[-2.2163505,53.459678],[-2.2163491,53.4596887],[-2.2163385,53.4596984]]]}},
{"type":"Feature","properties":{"highway":"footway","name":null,"category":"Footpath (pedestrian only)"},"geometry":{"type":"MultiLineString","coordinates":[[[-2.2154877,53.4590483],[-2.2154976,53.4590736],[-2.2156945,53.459576],[-2.2157644,53.4597542],[-2.2157657,53.4597636],[-2.2157636,53.4597719],[-2.2157531,53.4597803],[-2.2152998,53.4598462],[-2.2152819,53.4598477],[-2.215269,53.4598453],[-2.2152603,53.4598394],[-2.2152475,53.4598118],[-2.2151818,53.4596476],[-2.2149415,53.4590469],[-2.2149418,53.4590358],[-2.2149458,53.4590281],[-2.2149725,53.4590268],[-2.2152285,53.4590269],[-2.215433,53.459027],[-2.2154542,53.4590286],[-2.2154732,53.4590345],[-2.2154877,53.4590483]]]}},
{"type":"Feature","properties":{"highway":"footway","name":null,"category":"Footpath (pedestrian only)"},"geometry":{"type":"MultiLineString","coordinates":[[[-2.2142769,53.4591342],[-2.2145297,53.459738],[-2.2146007,53.459914],[-2.2146126,53.4599251],[-2.2146329,53.4599306],[-2.2146558,53.4599306],[-2.2150782,53.4598742],[-2.2151037,53.4598696],[-2.215114,53.4598615],[-2.2151221,53.4598421],[-2.2150602,53.4596643],[-2.2147939,53.4590193]]]}},
{"type":"Feature","properties":{"highway":"footway","name":null,"category":"Footpath (pedestrian only)"},"geometry":{"type":"MultiLineString","coordinates":[[[-2.2136669,53.4599761],[-2.2138139,53.4600046],[-2.2138416,53.4600082],[-2.2138695,53.4600095],[-2.2140242,53.4600149],[-2.2140633,53.4600168],[-2.2142483,53.4600529],[-2.2142759,53.460055],[-2.2143092,53.4600529],[-2.2143369,53.4600482],[-2.2143579,53.4600419],[-2.2143785,53.4600335],[-2.2144289,53.4600019],[-2.2144641,53.4599799],[-2.214476,53.4599595],[-2.2144733,53.4599463],[-2.2144025,53.4597559],[-2.2141787,53.4591543]]]}},
{"type":"Feature","properties":{"highway":"footway","name":null,"category":"Footpath (pedestrian only)"},"geometry":{"type":"MultiLineString","coordinates":[[[-2.2140026,53.4603924],[-2.2140375,53.4603571],[-2.2140779,53.4603161]]]}},
{"type":"Feature","properties":{"highway":"footway","name":null,"category":"Footpath (pedestrian only)"},"geometry":{"type":"MultiLineString","coordinates":[[[-2.2139326,53.4594932],[-2.2133716,53.4594998]]]}},
{"type":"Feature","properties":{"highway":"footway","name":null,"category":"Footpath (pedestrian only)"},"geometry":{"type":"MultiLineString","coordinates":[[[-2.2138441,53.4594121],[-2.2133864,53.4594126]]]}},
{"type":"Feature","properties":{"highway":"footway","name":null,"category":"Footpath (pedestrian only)"},"geometry":{"type":"MultiLineString","coordinates":[[[-2.2163385,53.4596984],[-2.2163756,53.4596927]]]}},
{"type":"Feature","properties":{"highway":"footway","name":null,"category":"Footpath (pedestrian only)"},"geometry":{"type":"MultiLineString","coordinates":[[[-2.2165069,53.4596724],[-2.2164653,53.4596788]]]}},
{"type":"Feature","properties":{"highway":"footway","name":null,"category":"Footpath (pedestrian only)"},"geometry":{"type":"MultiLineString","coordinates":[[[-2.2164653,53.4596788],[-2.2164066,53.4596879],[-2.2163756,53.4596927]]]}},
{"type":"Feature","properties":{"highway":"footway","name":null,"category":"Footpath (pedestrian only)"},"geometry":{"type":"MultiLineString","coordinates":[[[-2.2159202,53.4597562],[-2.2158833,53.4597615]]]}},
{"type":"Feature","properties":{"highway":"footway","name":null,"category":"Footpath (pedestrian only)"},"geometry":{"type":"MultiLineString","coordinates":[[[-2.2157948,53.4597743],[-2.2157531,53.4597803]]]}},
{"type":"Feature","properties":{"highway":"footway","name":null,"category":"Footpath (pedestrian only)"},"geometry":{"type":"MultiLineString","coordinates":[[[-2.2158833,53.4597615],[-2.2158505,53.4597663],[-2.2157948,53.4597743]]]}},
{"type":"Feature","properties":{"highway":"footway","name":null,"category":"Footpath (pedestrian only)"},"geometry":{"type":"MultiLineString","coordinates":[[[-2.2152819,53.4598477],[-2.21524,53.4598529]]]}},
{"type":"Feature","properties":{"highway":"footway","name":null,"category":"Footpath (pedestrian only)"},"geometry":{"type":"MultiLineString","coordinates":[[[-2.2151518,53.4598637],[-2.2151037,53.4598696]]]}},
{"type":"Feature","properties":{"highway":"footway","name":null,"category":"Footpath (pedestrian only)"},"geometry":{"type":"MultiLineString","coordinates":[[[-2.21524,53.4598529],[-2.2152057,53.4598571],[-2.2151518,53.4598637]]]}},
{"type":"Feature","properties":{"highway":"footway","name":null,"category":"Footpath (pedestrian only)"},"geometry":{"type":"MultiLineString","coordinates":[[[-2.2146329,53.4599306],[-2.2145934,53.4599379]]]}},
{"type":"Feature","properties":{"highway":"footway","name":null,"category":"Footpath (pedestrian only)"},"geometry":{"type":"MultiLineString","coordinates":[[[-2.2145934,53.4599379],[-2.2145562,53.4599447],[-2.2145067,53.4599538]]]}},
{"type":"Feature","properties":{"highway":"footway","name":null,"category":"Footpath (pedestrian only)"},"geometry":{"type":"MultiLineString","coordinates":[[[-2.2145067,53.4599538],[-2.214476,53.4599595]]]}},
{"type":"Feature","properties":{"highway":"footway","name":null,"category":"Footpath (pedestrian only)"},"geometry":{"type":"MultiLineString","coordinates":[[[-2.2143579,53.4600419],[-2.2143375,53.4600619]]]}},
{"type":"Feature","properties":{"highway":"footway","name":null,"category":"Footpath (pedestrian only)"},"geometry":{"type":"MultiLineString","coordinates":[[[-2.2143375,53.4600619],[-2.2142861,53.4601122],[-2.2142233,53.4601737]]]}},
{"type":"Feature","properties":{"highway":"footway","name":null,"category":"Footpath (pedestrian only)"},"geometry":{"type":"MultiLineString","coordinates":[[[-2.2156152,53.4590604],[-2.2156018,53.4590619]]]}},
{"type":"Feature","properties":{"highway":"footway","name":null,"category":"Footpath (pedestrian only)"},"geometry":{"type":"MultiLineString","coordinates":[[[-2.2156018,53.4590619],[-2.2155787,53.4590645],[-2.2155106,53.4590721]]]}},
{"type":"Feature","properties":{"highway":"footway","name":null,"category":"Footpath (pedestrian only)"},"geometry":{"type":"MultiLineString","coordinates":[[[-2.2155106,53.4590721],[-2.2154976,53.4590736]]]}},
{"type":"Feature","properties":{"highway":"footway","name":null,"category":"Footpath (pedestrian only)"},"geometry":{"type":"MultiLineString","coordinates":[[[-2.2162322,53.4590743],[-2.2162216,53.4590756]]]}},
{"type":"Feature","properties":{"highway":"footway","name":null,"category":"Footpath (pedestrian only)"},"geometry":{"type":"MultiLineString","coordinates":[[[-2.2162216,53.4590756],[-2.2161783,53.4590808],[-2.2161272,53.459087]]]}},
{"type":"Feature","properties":{"highway":"footway","name":null,"category":"Footpath (pedestrian only)"},"geometry":{"type":"MultiLineString","coordinates":[[[-2.2161272,53.459087],[-2.2161134,53.4590887]]]}},
{"type":"Feature","properties":{"highway":"footway","name":null,"category":"Footpath (pedestrian only)"},"geometry":{"type":"MultiLineString","coordinates":[[[-2.2163816,53.4589261],[-2.2152177,53.4589628]]]}},
{"type":"Feature","properties":{"highway":"footway","name":null,"category":"Footpath (pedestrian only)"},"geometry":{"type":"MultiLineString","coordinates":[[[-2.2147939,53.4590193],[-2.214823,53.4590205]]]}},
{"type":"Feature","properties":{"highway":"footway","name":null,"category":"Footpath (pedestrian only)"},"geometry":{"type":"MultiLineString","coordinates":[[[-2.2149316,53.4590251],[-2.2149725,53.4590268]]]}},
{"type":"Feature","properties":{"highway":"footway","name":null,"category":"Footpath (pedestrian only)"},"geometry":{"type":"MultiLineString","coordinates":[[[-2.2149316,53.4590251],[-2.214862,53.4590222],[-2.214823,53.4590205]]]}},
{"type":"Feature","properties":{"highway":"footway","name":null,"category":"Footpath (pedestrian only)"},"geometry":{"type":"MultiLineString","coordinates":[[[-2.2141963,53.4591507],[-2.2142289,53.459144],[-2.2142617,53.4591373]]]}},
{"type":"Feature","properties":{"highway":"footway","name":null,"category":"Footpath (pedestrian only)"},"geometry":{"type":"MultiLineString","coordinates":[[[-2.2142617,53.4591373],[-2.2142769,53.4591342]]]}},
{"type":"Feature","properties":{"highway":"footway","name":null,"category":"Footpath (pedestrian only)"},"geometry":{"type":"MultiLineString","coordinates":[[[-2.2141787,53.4591543],[-2.2141963,53.4591507]]]}},
{"type":"Feature","properties":{"highway":"footway","name":null,"category":"Footpath (pedestrian only)"},"geometry":{"type":"MultiLineString","coordinates":[[[-2.2173879,53.4595532],[-2.2173536,53.459558],[-2.2172942,53.4595663]]]}},
{"type":"Feature","properties":{"highway":"footway","name":null,"category":"Footpath (pedestrian only)"},"geometry":{"type":"MultiLineString","coordinates":[[[-2.2172942,53.4595663],[-2.2170755,53.4595949],[-2.2170552,53.4595937],[-2.217041,53.4595881],[-2.2170321,53.4595765],[-2.2169647,53.4593985],[-2.216835,53.4590559]]]}},
{"type":"Feature","properties":{"highway":"footway","name":null,"category":"Footpath (pedestrian only)"},"geometry":{"type":"MultiLineString","coordinates":[[[-2.2170386,53.4595992],[-2.2169931,53.4596046],[-2.2169384,53.459611]]]}},
{"type":"Feature","properties":{"highway":"footway","name":null,"category":"Footpath (pedestrian only)"},"geometry":{"type":"MultiLineString","coordinates":[[[-2.2169384,53.459611],[-2.2169141,53.4596139]]]}},
{"type":"Feature","properties":{"highway":"footway","name":null,"category":"Footpath (pedestrian only)"},"geometry":{"type":"MultiLineString","coordinates":[[[-2.2170755,53.4595949],[-2.2170386,53.4595992]]]}},
{"type":"Feature","properties":{"highway":"footway","name":null,"category":"Footpath (pedestrian only)"},"geometry":{"type":"MultiLineString","coordinates":[[[-2.2186316,53.4595184],[-2.2185956,53.4595216]]]}},
{"type":"Feature","properties":{"highway":"footway","name":null,"category":"Footpath (pedestrian only)"},"geometry":{"type":"MultiLineString","coordinates":[[[-2.2185956,53.4595216],[-2.218537,53.4595269],[-2.2184655,53.4595332]]]}},
{"type":"Feature","properties":{"highway":"footway","name":null,"category":"Footpath (pedestrian only)"},"geometry":{"type":"MultiLineString","coordinates":[[[-2.2184655,53.4595332],[-2.2184111,53.4595381]]]}},
{"type":"Feature","properties":{"highway":"footway","name":null,"category":"Footpath (pedestrian only)"},"geometry":{"type":"MultiLineString","coordinates":[[[-2.2177522,53.4596222],[-2.2177095,53.4596278],[-2.2176552,53.4596349]]]}},
{"type":"Feature","properties":{"highway":"footway","name":null,"category":"Footpath (pedestrian only)"},"geometry":{"type":"MultiLineString","coordinates":[[[-2.2176552,53.4596349],[-2.2176148,53.4596406]]]}},
{"type":"Feature","properties":{"highway":"footway","name":null,"category":"Footpath (pedestrian only)"},"geometry":{"type":"MultiLineString","coordinates":[[[-2.2177847,53.4596177],[-2.2177522,53.4596222]]]}},
{"type":"Feature","properties":{"highway":"footway","name":null,"category":"Footpath (pedestrian only)"},"geometry":{"type":"MultiLineString","coordinates":[[[-2.217675,53.4597188],[-2.2176501,53.459659],[-2.2176342,53.459646],[-2.2176148,53.4596406],[-2.2168613,53.4597468],[-2.216847,53.4597623],[-2.2168411,53.4597762],[-2.2170503,53.4603037]]]}},
{"type":"Feature","properties":{"highway":"footway","name":null,"category":"Footpath (pedestrian only)"},"geometry":{"type":"MultiLineString","coordinates":[[[-2.2168233,53.4597513],[-2.2167651,53.4597583],[-2.216719,53.4597638]]]}},
{"type":"Feature","properties":{"highway":"footway","name":null,"category":"Footpath (pedestrian only)"},"geometry":{"type":"MultiLineString","coordinates":[[[-2.216719,53.4597638],[-2.2166827,53.4597682]]]}},
{"type":"Feature","properties":{"highway":"footway","name":null,"category":"Footpath (pedestrian only)"},"geometry":{"type":"MultiLineString","coordinates":[[[-2.2168613,53.4597468],[-2.2168233,53.4597513]]]}},
{"type":"Feature","properties":{"highway":"footway","name":null,"category":"Footpath (pedestrian only)"},"geometry":{"type":"MultiLineString","coordinates":[[[-2.2110244,53.4586905],[-2.2102226,53.4587157]]]}},
{"type":"Feature","properties":{"highway":"footway","name":null,"category":"Footpath (pedestrian only)"},"geometry":{"type":"MultiLineString","coordinates":[[[-2.2133754,53.4586034],[-2.213182,53.4586463],[-2.2131498,53.4586534],[-2.2128377,53.4587045],[-2.2127501,53.4587189],[-2.2124778,53.4587293],[-2.2114842,53.4587673],[-2.2111814,53.4587754],[-2.2110461,53.458779],[-2.2100697,53.4588106],[-2.2099178,53.4588242],[-2.2094241,53.4588752],[-2.2091105,53.4589204],[-2.2087774,53.4590374],[-2.2087124,53.4590681],[-2.2084499,53.4591922],[-2.2083934,53.4592189],[-2.2082371,53.4593287]]]}},
{"type":"Feature","properties":{"highway":"footway","name":null,"category":"Footpath (pedestrian only)"},"geometry":{"type":"MultiLineString","coordinates":[[[-2.2082394,53.4591925],[-2.208275,53.4591766],[-2.208517,53.4590435],[-2.2086779,53.4589711],[-2.208829,53.4589199],[-2.2094568,53.4587407],[-2.2100778,53.4587147],[-2.2101074,53.4587135]]]}},
{"type":"Feature","properties":{"highway":"footway","name":null,"category":"Footpath (pedestrian only)"},"geometry":{"type":"MultiLineString","coordinates":[[[-2.2101074,53.4587135],[-2.2101725,53.4587136],[-2.2102103,53.4587137]]]}},
{"type":"Feature","properties":{"highway":"footway","name":null,"category":"Footpath (pedestrian only)"},"geometry":{"type":"MultiLineString","coordinates":[[[-2.2102226,53.4587157],[-2.2102129,53.4586919],[-2.2102022,53.4586505],[-2.2102084,53.4586057]]]}},
{"type":"Feature","properties":{"highway":"footway","name":null,"category":"Footpath (pedestrian only)"},"geometry":{"type":"MultiLineString","coordinates":[[[-2.2102103,53.4587137],[-2.2102226,53.4587157]]]}},
{"type":"Feature","properties":{"highway":"footway","name":null,"category":"Footpath (pedestrian only)"},"geometry":{"type":"MultiLineString","coordinates":[[[-2.2100778,53.4587147],[-2.210048,53.4585937]]]}},
{"type":"Feature","properties":{"highway":"footway","name":null,"category":"Footpath (pedestrian only)"},"geometry":{"type":"MultiLineString","coordinates":[[[-2.2110177,53.4599065],[-2.2107941,53.4599225],[-2.2105879,53.459953],[-2.2100246,53.4600531],[-2.2094544,53.460212],[-2.2093982,53.4602488]]]}},
{"type":"Feature","properties":{"highway":"footway","name":null,"category":"Footpath (pedestrian only)"},"geometry":{"type":"MultiLineString","coordinates":[[[-2.209216,53.4601815],[-2.2098514,53.4600072],[-2.2097801,53.4598314],[-2.2097748,53.4598173],[-2.209682,53.4595698],[-2.2096718,53.4595524]]]}},
{"type":"Feature","properties":{"highway":"footway","name":null,"category":"Footpath (pedestrian only)"},"geometry":{"type":"MultiLineString","coordinates":[[[-2.2110445,53.4598238],[-2.2106226,53.459871],[-2.2105211,53.4595766]]]}},
{"type":"Feature","properties":{"highway":"footway","name":null,"category":"Footpath (pedestrian only)"},"geometry":{"type":"MultiLineString","coordinates":[[[-2.2103708,53.4594513],[-2.210436,53.4596923],[-2.2104839,53.4598695],[-2.2104422,53.4599061],[-2.2099755,53.4599805],[-2.2098799,53.4598266],[-2.2098697,53.4597993],[-2.2097779,53.459554]]]}},
{"type":"Feature","properties":{"highway":"footway","name":null,"category":"Footpath (pedestrian only)"},"geometry":{"type":"MultiLineString","coordinates":[[[-2.2104839,53.4598695],[-2.2105034,53.4598901]]]}},
{"type":"Feature","properties":{"highway":"footway","name":null,"category":"Footpath (pedestrian only)"},"geometry":{"type":"MultiLineString","coordinates":[[[-2.2106226,53.459871],[-2.2106056,53.4598779]]]}},
{"type":"Feature","properties":{"highway":"footway","name":null,"category":"Footpath (pedestrian only)"},"geometry":{"type":"MultiLineString","coordinates":[[[-2.2105034,53.4598901],[-2.2105617,53.4598831],[-2.2106056,53.4598779]]]}},
{"type":"Feature","properties":{"highway":"footway","name":null,"category":"Footpath (pedestrian only)"},"geometry":{"type":"MultiLineString","coordinates":[[[-2.2099755,53.4599805],[-2.2099544,53.4599873]]]}},
{"type":"Feature","properties":{"highway":"footway","name":null,"category":"Footpath (pedestrian only)"},"geometry":{"type":"MultiLineString","coordinates":[[[-2.2098514,53.4600072],[-2.2098629,53.4600067]]]}},
{"type":"Feature","properties":{"highway":"footway","name":null,"category":"Footpath (pedestrian only)"},"geometry":{"type":"MultiLineString","coordinates":[[[-2.2099544,53.4599873],[-2.2099132,53.459996],[-2.2098629,53.4600067]]]}},
{"type":"Feature","properties":{"highway":"footway","name":null,"category":"Footpath (pedestrian only)"},"geometry":{"type":"MultiLineString","coordinates":[[[-2.209216,53.4601815],[-2.2089267,53.4600933],[-2.2082168,53.4598932]]]}},
{"type":"Feature","properties":{"highway":"footway","name":null,"category":"Footpath (pedestrian only)"},"geometry":{"type":"MultiLineString","coordinates":[[[-2.2089736,53.4602586],[-2.2089639,53.460247],[-2.2089491,53.4602295],[-2.2088541,53.4601937],[-2.2082168,53.4600094]]]}},
{"type":"Feature","properties":{"highway":"footway","name":null,"category":"Footpath (pedestrian only)"},"geometry":{"type":"MultiLineString","coordinates":[[[-2.2089639,53.460247],[-2.2088981,53.460291]]]}},
{"type":"Feature","properties":{"highway":"footway","name":null,"category":"Footpath (pedestrian only)"},"geometry":{"type":"MultiLineString","coordinates":[[[-2.209216,53.4601815],[-2.2092198,53.4601893]]]}},
{"type":"Feature","properties":{"highway":"footway","name":null,"category":"Footpath (pedestrian only)"},"geometry":{"type":"MultiLineString","coordinates":[[[-2.2093982,53.4602488],[-2.2093751,53.4602358]]]}},
{"type":"Feature","properties":{"highway":"footway","name":null,"category":"Footpath (pedestrian only)"},"geometry":{"type":"MultiLineString","coordinates":[[[-2.2092198,53.4601893],[-2.2092608,53.4602016],[-2.2093751,53.4602358]]]}},
{"type":"Feature","properties":{"highway":"footway","name":null,"category":"Footpath (pedestrian only)"},"geometry":{"type":"MultiLineString","coordinates":[[[-2.2110445,53.4598238],[-2.211679,53.459776],[-2.2117917,53.4597717]]]}},
{"type":"Feature","properties":{"highway":"footway","name":null,"category":"Footpath (pedestrian only)"},"geometry":{"type":"MultiLineString","coordinates":[[[-2.2118921,53.4597546],[-2.2119434,53.459765],[-2.212889,53.4597326],[-2.2132004,53.4597814]]]}},
{"type":"Feature","properties":{"highway":"footway","name":null,"category":"Footpath (pedestrian only)"},"geometry":{"type":"MultiLineString","coordinates":[[[-2.2118921,53.4597546],[-2.2118552,53.4597609],[-2.2117917,53.4597717]]]}},
{"type":"Feature","properties":{"highway":"footway","name":null,"category":"Footpath (pedestrian only)"},"geometry":{"type":"MultiLineString","coordinates":[[[-2.2111659,53.4599005],[-2.2115204,53.4598744]]]}},
{"type":"Feature","properties":{"highway":"footway","name":null,"category":"Footpath (pedestrian only)"},"geometry":{"type":"MultiLineString","coordinates":[[[-2.2111659,53.4599005],[-2.2111069,53.4599029],[-2.2110177,53.4599065]]]}},
{"type":"Feature","properties":{"highway":"footway","name":null,"category":"Footpath (pedestrian only)"},"geometry":{"type":"MultiLineString","coordinates":[[[-2.2115204,53.4598744],[-2.2115604,53.4598718],[-2.2119581,53.4598461],[-2.2126176,53.4598389],[-2.2130186,53.4598744],[-2.2133367,53.4599779],[-2.2139901,53.4604043]]]}},
{"type":"Feature","properties":{"highway":"footway","name":null,"category":"Footpath (pedestrian only)"},"geometry":{"type":"MultiLineString","coordinates":[[[-2.2136669,53.4599761],[-2.2133209,53.4598454],[-2.2133445,53.4596844],[-2.2133716,53.4594998]]]}},
{"type":"Feature","properties":{"highway":"footway","name":null,"category":"Footpath (pedestrian only)"},"geometry":{"type":"MultiLineString","coordinates":[[[-2.2133716,53.4594998],[-2.2133648,53.4594896]]]}},
{"type":"Feature","properties":{"highway":"footway","name":null,"category":"Footpath (pedestrian only)"},"geometry":{"type":"MultiLineString","coordinates":[[[-2.2133648,53.4594896],[-2.2133627,53.4594552],[-2.2133613,53.4594324]]]}},
{"type":"Feature","properties":{"highway":"footway","name":null,"category":"Footpath (pedestrian only)"},"geometry":{"type":"MultiLineString","coordinates":[[[-2.2133864,53.4594126],[-2.2133463,53.4593794],[-2.2133508,53.4592201]]]}},
{"type":"Feature","properties":{"highway":"footway","name":null,"category":"Footpath (pedestrian only)"},"geometry":{"type":"MultiLineString","coordinates":[[[-2.2133864,53.4594126],[-2.2133613,53.4594324]]]}},
{"type":"Feature","properties":{"highway":"footway","name":null,"category":"Footpath (pedestrian only)"},"geometry":{"type":"MultiLineString","coordinates":[[[-2.2132134,53.4592266],[-2.2132004,53.4597814]]]}},
{"type":"Feature","properties":{"highway":"footway","name":null,"category":"Footpath (pedestrian only)"},"geometry":{"type":"MultiLineString","coordinates":[[[-2.2132004,53.4597814],[-2.2132154,53.4597906]]]}},
{"type":"Feature","properties":{"highway":"footway","name":null,"category":"Footpath (pedestrian only)"},"geometry":{"type":"MultiLineString","coordinates":[[[-2.2132154,53.4597906],[-2.2132665,53.4598187],[-2.2132959,53.4598349]]]}},
{"type":"Feature","properties":{"highway":"footway","name":null,"category":"Footpath (pedestrian only)"},"geometry":{"type":"MultiLineString","coordinates":[[[-2.2132959,53.4598349],[-2.2133209,53.4598454]]]}},
{"type":"Feature","properties":{"highway":"footway","name":null,"category":"Footpath (pedestrian only)"},"geometry":{"type":"MultiLineString","coordinates":[[[-2.2110244,53.4586905],[-2.2116816,53.4586709],[-2.2116826,53.4585999]]]}},
{"type":"Feature","properties":{"highway":"footway","name":null,"category":"Footpath (pedestrian only)"},"geometry":{"type":"MultiLineString","coordinates":[[[-2.2118144,53.4585983],[-2.2118298,53.4586656],[-2.2121975,53.4586413],[-2.2127431,53.4586155]]]}},
{"type":"Feature","properties":{"highway":"footway","name":null,"category":"Footpath (pedestrian only)"},"geometry":{"type":"MultiLineString","coordinates":[[[-2.2118298,53.4586656],[-2.2118076,53.4586644]]]}},
{"type":"Feature","properties":{"highway":"footway","name":null,"category":"Footpath (pedestrian only)"},"geometry":{"type":"MultiLineString","coordinates":[[[-2.2116816,53.4586709],[-2.2117021,53.4586712]]]}},
{"type":"Feature","properties":{"highway":"footway","name":null,"category":"Footpath (pedestrian only)"},"geometry":{"type":"MultiLineString","coordinates":[[[-2.2118076,53.4586644],[-2.2117688,53.4586669],[-2.2117021,53.4586712]]]}},
{"type":"Feature","properties":{"highway":"footway","name":null,"category":"Footpath (pedestrian only)"},"geometry":{"type":"MultiLineString","coordinates":[[[-2.2197013,53.4597348],[-2.2198769,53.4596614]]]}},
{"type":"Feature","properties":{"highway":"footway","name":null,"category":"Footpath (pedestrian only)"},"geometry":{"type":"MultiLineString","coordinates":[[[-2.2198769,53.4596614],[-2.2199271,53.4596397]]]}},
{"type":"Feature","properties":{"highway":"footway","name":null,"category":"Footpath (pedestrian only)"},"geometry":{"type":"MultiLineString","coordinates":[[[-2.2203016,53.4594737],[-2.2203158,53.4594847]]]}},
{"type":"Feature","properties":{"highway":"footway","name":null,"category":"Footpath (pedestrian only)"},"geometry":{"type":"MultiLineString","coordinates":[[[-2.2203874,53.4595404],[-2.2203693,53.4595263]]]}},
{"type":"Feature","properties":{"highway":"footway","name":null,"category":"Footpath (pedestrian only)"},"geometry":{"type":"MultiLineString","coordinates":[[[-2.2203693,53.4595263],[-2.2203399,53.4595035],[-2.2203158,53.4594847]]]}},
{"type":"Feature","properties":{"highway":"footway","name":null,"category":"Footpath (pedestrian only)"},"geometry":{"type":"MultiLineString","coordinates":[[[-2.2212012,53.4602355],[-2.2211923,53.4602279]]]}},
{"type":"Feature","properties":{"highway":"footway","name":null,"category":"Footpath (pedestrian only)"},"geometry":{"type":"MultiLineString","coordinates":[[[-2.2203462,53.4592934],[-2.2202978,53.459315],[-2.2202077,53.4593567]]]}},
{"type":"Feature","properties":{"highway":"footway","name":null,"category":"Footpath (pedestrian only)"},"geometry":{"type":"MultiLineString","coordinates":[[[-2.2202077,53.4593567],[-2.2201871,53.4593663]]]}},
{"type":"Feature","properties":{"highway":"footway","name":null,"category":"Footpath (pedestrian only)"},"geometry":{"type":"MultiLineString","coordinates":[[[-2.220428,53.4592421],[-2.2204307,53.4592016]]]}},
{"type":"Feature","properties":{"highway":"footway","name":null,"category":"Footpath (pedestrian only)"},"geometry":{"type":"MultiLineString","coordinates":[[[-2.2204347,53.4591403],[-2.2204325,53.459123]]]}},
{"type":"Feature","properties":{"highway":"footway","name":null,"category":"Footpath (pedestrian only)"},"geometry":{"type":"MultiLineString","coordinates":[[[-2.2233183,53.4590532],[-2.222891,53.4590396],[-2.2222647,53.4590196],[-2.2221271,53.4590152],[-2.2219035,53.4590174],[-2.221802,53.4590224],[-2.2217804,53.4590232],[-2.2212392,53.459043],[-2.2210481,53.459055],[-2.2208388,53.4590718],[-2.2205233,53.4591102],[-2.2204325,53.459123],[-2.2203615,53.4591308],[-2.2203248,53.4591334],[-2.2202868,53.4591338],[-2.2202506,53.4591324],[-2.2202165,53.4591262],[-2.2201896,53.4591156],[-2.220159,53.4590981],[-2.2201384,53.4590815],[-2.2193151,53.4584186]]]}},
{"type":"Feature","properties":{"highway":"footway","name":null,"category":"Footpath (pedestrian only)"},"geometry":{"type":"MultiLineString","coordinates":[[[-2.2205006,53.4593107],[-2.2205215,53.4593163]]]}},
{"type":"Feature","properties":{"highway":"footway","name":null,"category":"Footpath (pedestrian only)"},"geometry":{"type":"MultiLineString","coordinates":[[[-2.2205006,53.4593107],[-2.2204644,53.4593011],[-2.2204237,53.4592897]]]}},
{"type":"Feature","properties":{"highway":"footway","name":null,"category":"Footpath (pedestrian only)"},"geometry":{"type":"MultiLineString","coordinates":[[[-2.2203927,53.4592759],[-2.2203462,53.4592934]]]}},
{"type":"Feature","properties":{"highway":"footway","name":null,"category":"Footpath (pedestrian only)"},"geometry":{"type":"MultiLineString","coordinates":[[[-2.220428,53.4592421],[-2.2203927,53.4592759]]]}},
{"type":"Feature","properties":{"highway":"footway","name":null,"category":"Footpath (pedestrian only)"},"geometry":{"type":"MultiLineString","coordinates":[[[-2.2204237,53.4592897],[-2.2203927,53.4592759]]]}},
{"type":"Feature","properties":{"highway":"footway","name":null,"category":"Footpath (pedestrian only)"},"geometry":{"type":"MultiLineString","coordinates":[[[-2.2204307,53.4592016],[-2.220432,53.4591807]]]}},
{"type":"Feature","properties":{"highway":"footway","name":null,"category":"Footpath (pedestrian only)"},"geometry":{"type":"MultiLineString","coordinates":[[[-2.220432,53.4591807],[-2.2204329,53.4591676],[-2.2204347,53.4591403]]]}},
{"type":"Feature","properties":{"highway":"footway","name":null,"category":"Footpath (pedestrian only)"},"geometry":{"type":"MultiLineString","coordinates":[[[-2.2201384,53.4590815],[-2.2201092,53.4590941]]]}},
{"type":"Feature","properties":{"highway":"footway","name":null,"category":"Footpath (pedestrian only)"},"geometry":{"type":"MultiLineString","coordinates":[[[-2.2201092,53.4590941],[-2.2200547,53.4591176],[-2.2199672,53.4591553]]]}},
{"type":"Feature","properties":{"highway":"footway","name":null,"category":"Footpath (pedestrian only)"},"geometry":{"type":"MultiLineString","coordinates":[[[-2.2199672,53.4591553],[-2.219949,53.4591631]]]}},
{"type":"Feature","properties":{"highway":"footway","name":null,"category":"Footpath (pedestrian only)"},"geometry":{"type":"MultiLineString","coordinates":[[[-2.2198515,53.4592091],[-2.2198581,53.4592204]]]}},
{"type":"Feature","properties":{"highway":"footway","name":null,"category":"Footpath (pedestrian only)"},"geometry":{"type":"MultiLineString","coordinates":[[[-2.2198581,53.4592204],[-2.219875,53.4592482],[-2.2199076,53.4593045]]]}},
{"type":"Feature","properties":{"highway":"footway","name":null,"category":"Footpath (pedestrian only)"},"geometry":{"type":"MultiLineString","coordinates":[[[-2.2199076,53.4593045],[-2.2199159,53.4593187]]]}},
{"type":"Feature","properties":{"highway":"footway","name":null,"category":"Footpath (pedestrian only)"},"geometry":{"type":"MultiLineString","coordinates":[[[-2.2219035,53.4590174],[-2.2219036,53.4590303]]]}},
{"type":"Feature","properties":{"highway":"footway","name":null,"category":"Footpath (pedestrian only)"},"geometry":{"type":"MultiLineString","coordinates":[[[-2.2219036,53.4590303],[-2.221904,53.4590637],[-2.2219046,53.4591235]]]}},
{"type":"Feature","properties":{"highway":"footway","name":null,"category":"Footpath (pedestrian only)"},"geometry":{"type":"MultiLineString","coordinates":[[[-2.2219046,53.4591235],[-2.2219286,53.4591605]]]}},
{"type":"Feature","properties":{"highway":"footway","name":null,"category":"Footpath (pedestrian only)"},"geometry":{"type":"MultiLineString","coordinates":[[[-2.2219286,53.4591605],[-2.2218793,53.4591937]]]}},
{"type":"Feature","properties":{"highway":"footway","name":null,"category":"Footpath (pedestrian only)"},"geometry":{"type":"MultiLineString","coordinates":[[[-2.2219286,53.4591605],[-2.2219663,53.4591908]]]}},
{"type":"Feature","properties":{"highway":"footway","name":null,"category":"Footpath (pedestrian only)"},"geometry":{"type":"MultiLineString","coordinates":[[[-2.2218793,53.4591937],[-2.2218408,53.4592125]]]}},
{"type":"Feature","properties":{"highway":"footway","name":null,"category":"Footpath (pedestrian only)"},"geometry":{"type":"MultiLineString","coordinates":[[[-2.2218408,53.4592125],[-2.221813,53.4592231]]]}},
{"type":"Feature","properties":{"highway":"footway","name":null,"category":"Footpath (pedestrian only)"},"geometry":{"type":"MultiLineString","coordinates":[[[-2.2219663,53.4591908],[-2.2220027,53.4591908],[-2.2221141,53.4591907]]]}},
{"type":"Feature","properties":{"highway":"footway","name":null,"category":"Footpath (pedestrian only)"},"geometry":{"type":"MultiLineString","coordinates":[[[-2.2074273,53.4612439],[-2.2074163,53.4612387],[-2.2073982,53.4612303],[-2.2071743,53.4611259],[-2.2067658,53.4609352],[-2.2066058,53.4608549],[-2.2063503,53.4607267],[-2.2060312,53.4605666],[-2.2057907,53.4604459],[-2.205573,53.4603315],[-2.2052987,53.4601859]]]}},
{"type":"Feature","properties":{"highway":"footway","name":null,"category":"Footpath (pedestrian only)"},"geometry":{"type":"MultiLineString","coordinates":[[[-2.2079452,53.4607312],[-2.2078626,53.4606632],[-2.2073805,53.4604335],[-2.2072857,53.4604553],[-2.2071727,53.4605464]]]}},
{"type":"Feature","properties":{"highway":"footway","name":null,"category":"Footpath (pedestrian only)"},"geometry":{"type":"MultiLineString","coordinates":[[[-2.2082681,53.460547],[-2.208065,53.4606609]]]}},
{"type":"Feature","properties":{"highway":"footway","name":null,"category":"Footpath (pedestrian only)"},"geometry":{"type":"MultiLineString","coordinates":[[[-2.208065,53.4606609],[-2.2080303,53.4606821],[-2.2079649,53.4607198]]]}},
{"type":"Feature","properties":{"highway":"footway","name":null,"category":"Footpath (pedestrian only)"},"geometry":{"type":"MultiLineString","coordinates":[[[-2.2066388,53.4603123],[-2.2069511,53.4602344],[-2.2069957,53.4602354],[-2.2070314,53.4602554],[-2.2072265,53.4603534],[-2.2072408,53.4603923],[-2.2070856,53.4605052],[-2.2068174,53.4607004]]]}},
{"type":"Feature","properties":{"highway":"footway","name":null,"category":"Footpath (pedestrian only)"},"geometry":{"type":"MultiLineString","coordinates":[[[-2.2072408,53.4603923],[-2.2072507,53.4603905]]]}},
{"type":"Feature","properties":{"highway":"footway","name":null,"category":"Footpath (pedestrian only)"},"geometry":{"type":"MultiLineString","coordinates":[[[-2.2073805,53.4604335],[-2.2073577,53.4604259]]]}},
{"type":"Feature","properties":{"highway":"footway","name":null,"category":"Footpath (pedestrian only)"},"geometry":{"type":"MultiLineString","coordinates":[[[-2.2072507,53.4603905],[-2.2072899,53.4604035],[-2.2073577,53.4604259]]]}},
{"type":"Feature","properties":{"highway":"footway","name":null,"category":"Footpath (pedestrian only)"},"geometry":{"type":"MultiLineString","coordinates":[[[-2.2248017,53.4597785],[-2.2247075,53.4597777],[-2.2246434,53.4597411],[-2.2243719,53.4597314],[-2.2241769,53.4597566],[-2.2238631,53.4597492],[-2.2236762,53.4597939],[-2.2235425,53.459824],[-2.2234142,53.4598492],[-2.2232326,53.4598399],[-2.2227259,53.4598351],[-2.2226828,53.4598347],[-2.2226305,53.4598253],[-2.2225719,53.459813],[-2.2225307,53.4598026],[-2.222488,53.4597875],[-2.2224373,53.459764],[-2.2224087,53.4597404],[-2.2223961,53.45973],[-2.2223613,53.4596904],[-2.2221395,53.4594339],[-2.222111,53.4593943],[-2.2220984,53.4593462],[-2.2221031,53.459299],[-2.2221149,53.4592476],[-2.2221293,53.4591999],[-2.2221351,53.4591907],[-2.2221482,53.4591793],[-2.2221678,53.4591683],[-2.2222352,53.4591492],[-2.222254,53.4591456],[-2.2222705,53.4591425],[-2.2224198,53.4591359],[-2.2241015,53.459198],[-2.2247152,53.4592129]]]}},
{"type":"Feature","properties":{"highway":"footway","name":null,"category":"Footpath (pedestrian only)"},"geometry":{"type":"MultiLineString","coordinates":[[[-2.2221141,53.4591907],[-2.2221351,53.4591907]]]}},
{"type":"Feature","properties":{"highway":"footway","name":null,"category":"Footpath (pedestrian only)"},"geometry":{"type":"MultiLineString","coordinates":[[[-2.2222647,53.4590196],[-2.2222636,53.4590327]]]}},
{"type":"Feature","properties":{"highway":"footway","name":null,"category":"Footpath (pedestrian only)"},"geometry":{"type":"MultiLineString","coordinates":[[[-2.2222636,53.4590327],[-2.2222608,53.4590651],[-2.2222553,53.4591308]]]}},
{"type":"Feature","properties":{"highway":"footway","name":null,"category":"Footpath (pedestrian only)"},"geometry":{"type":"MultiLineString","coordinates":[[[-2.2222553,53.4591308],[-2.222254,53.4591456]]]}},
{"type":"Feature","properties":{"highway":"footway","name":null,"category":"Footpath (pedestrian only)"},"geometry":{"type":"MultiLineString","coordinates":[[[-2.2082168,53.4600094],[-2.2078618,53.4599435],[-2.2075788,53.459891],[-2.207552,53.459886]]]}},
{"type":"Feature","properties":{"highway":"footway","name":null,"category":"Footpath (pedestrian only)"},"geometry":{"type":"MultiLineString","coordinates":[[[-2.2082168,53.4598932],[-2.2079278,53.4598249],[-2.2077132,53.4597742],[-2.2079344,53.4595861],[-2.2082371,53.4593287]]]}},
{"type":"Feature","properties":{"highway":"footway","name":null,"category":"Footpath (pedestrian only)"},"geometry":{"type":"MultiLineString","coordinates":[[[-2.2079278,53.4598249],[-2.2079174,53.4598398]]]}},
{"type":"Feature","properties":{"highway":"footway","name":null,"category":"Footpath (pedestrian only)"},"geometry":{"type":"MultiLineString","coordinates":[[[-2.2078618,53.4599435],[-2.2078766,53.4599179]]]}},
{"type":"Feature","properties":{"highway":"footway","name":null,"category":"Footpath (pedestrian only)"},"geometry":{"type":"MultiLineString","coordinates":[[[-2.2075788,53.459891],[-2.2072198,53.4601554],[-2.2071304,53.4602012]]]}},
{"type":"Feature","properties":{"highway":"footway","name":null,"category":"Footpath (pedestrian only)"},"geometry":{"type":"MultiLineString","coordinates":[[[-2.2078766,53.4599179],[-2.2079062,53.4598611],[-2.2079174,53.4598398]]]}},
{"type":"Feature","properties":{"highway":"footway","name":null,"category":"Footpath (pedestrian only)"},"geometry":{"type":"MultiLineString","coordinates":[[[-2.2075236,53.4597483],[-2.207045,53.4597035],[-2.207053,53.4594939],[-2.2070974,53.4592985],[-2.2071738,53.4590909],[-2.2071757,53.4590774],[-2.2071636,53.4590711],[-2.20713,53.4590671],[-2.2070926,53.4590627],[-2.2070792,53.4590663],[-2.2070735,53.4590846],[-2.2070068,53.4592435],[-2.2069485,53.4594516],[-2.2069332,53.4596899]]]}},
{"type":"Feature","properties":{"highway":"footway","name":null,"category":"Footpath (pedestrian only)"},"geometry":{"type":"MultiLineString","coordinates":[[[-2.2069332,53.4596899],[-2.2069093,53.4597068],[-2.2062691,53.4596904],[-2.2062354,53.4596738],[-2.206203,53.4596453],[-2.2062393,53.4591037]]]}},
{"type":"Feature","properties":{"highway":"footway","name":null,"category":"Footpath (pedestrian only)"},"geometry":{"type":"MultiLineString","coordinates":[[[-2.206109,53.4591691],[-2.2060606,53.4596645],[-2.2060373,53.459675],[-2.205977,53.4597021],[-2.2054346,53.45972]]]}},
{"type":"Feature","properties":{"highway":"footway","name":null,"category":"Footpath (pedestrian only)"},"geometry":{"type":"MultiLineString","coordinates":[[[-2.2060373,53.459675],[-2.2060611,53.4596853]]]}},
{"type":"Feature","properties":{"highway":"footway","name":null,"category":"Footpath (pedestrian only)"},"geometry":{"type":"MultiLineString","coordinates":[[[-2.2062354,53.4596738],[-2.2062099,53.4596853]]]}},
{"type":"Feature","properties":{"highway":"footway","name":null,"category":"Footpath (pedestrian only)"},"geometry":{"type":"MultiLineString","coordinates":[[[-2.2060611,53.4596853],[-2.2061654,53.4596853],[-2.2062099,53.4596853]]]}},
{"type":"Feature","properties":{"highway":"footway","name":null,"category":"Footpath (pedestrian only)"},"geometry":{"type":"MultiLineString","coordinates":[[[-2.2056868,53.4599817],[-2.2056798,53.4598458],[-2.2057048,53.4598288],[-2.2070235,53.4598115],[-2.207181,53.4598237],[-2.2072141,53.4598449],[-2.2072627,53.4598759]]]}},
{"type":"Feature","properties":{"highway":"footway","name":null,"category":"Footpath (pedestrian only)"},"geometry":{"type":"MultiLineString","coordinates":[[[-2.2072141,53.4598449],[-2.2072476,53.4598466]]]}},
{"type":"Feature","properties":{"highway":"footway","name":null,"category":"Footpath (pedestrian only)"},"geometry":{"type":"MultiLineString","coordinates":[[[-2.207552,53.459886],[-2.2073889,53.4598649],[-2.2072476,53.4598466]]]}},
{"type":"Feature","properties":{"highway":"footway","name":null,"category":"Footpath (pedestrian only)"},"geometry":{"type":"MultiLineString","coordinates":[[[-2.2075236,53.4597483],[-2.2075582,53.45973],[-2.2078844,53.4594719],[-2.2079186,53.4594017],[-2.2079718,53.4591909],[-2.208093,53.4587106],[-2.2080562,53.4586592],[-2.2069605,53.458708]]]}},
{"type":"Feature","properties":{"highway":"footway","name":null,"category":"Footpath (pedestrian only)"},"geometry":{"type":"MultiLineString","coordinates":[[[-2.2077132,53.4597742],[-2.2077003,53.4597708]]]}},
{"type":"Feature","properties":{"highway":"footway","name":null,"category":"Footpath (pedestrian only)"},"geometry":{"type":"MultiLineString","coordinates":[[[-2.2075236,53.4597483],[-2.2075469,53.4597526]]]}},
{"type":"Feature","properties":{"highway":"footway","name":null,"category":"Footpath (pedestrian only)"},"geometry":{"type":"MultiLineString","coordinates":[[[-2.2075469,53.4597526],[-2.2076263,53.459762],[-2.2077003,53.4597708]]]}},
{"type":"Feature","properties":{"highway":"footway","name":null,"category":"Footpath (pedestrian only)"},"geometry":{"type":"MultiLineString","coordinates":[[[-2.2082394,53.4591925],[-2.2081946,53.4592063],[-2.2081485,53.4591846],[-2.2081407,53.4591697],[-2.2081302,53.4591497],[-2.2082196,53.4587558],[-2.208209,53.4586527],[-2.2081926,53.4585993]]]}},
{"type":"Feature","properties":{"highway":"footway","name":null,"category":"Footpath (pedestrian only)"},"geometry":{"type":"MultiLineString","coordinates":[[[-2.2081407,53.4591697],[-2.2081124,53.459178]]]}},
{"type":"Feature","properties":{"highway":"footway","name":null,"category":"Footpath (pedestrian only)"},"geometry":{"type":"MultiLineString","coordinates":[[[-2.2081124,53.459178],[-2.2080664,53.4591817],[-2.2079973,53.4591885]]]}},
{"type":"Feature","properties":{"highway":"footway","name":null,"category":"Footpath (pedestrian only)"},"geometry":{"type":"MultiLineString","coordinates":[[[-2.2079973,53.4591885],[-2.2079718,53.4591909]]]}},
{"type":"Feature","properties":{"highway":"footway","name":null,"category":"Footpath (pedestrian only)"},"geometry":{"type":"MultiLineString","coordinates":[[[-2.2070314,53.4602554],[-2.2070515,53.4602427]]]}},
{"type":"Feature","properties":{"highway":"footway","name":null,"category":"Footpath (pedestrian only)"},"geometry":{"type":"MultiLineString","coordinates":[[[-2.2071304,53.4602012],[-2.207394,53.4603336]]]}},
{"type":"Feature","properties":{"highway":"footway","name":null,"category":"Footpath (pedestrian only)"},"geometry":{"type":"MultiLineString","coordinates":[[[-2.2071304,53.4602012],[-2.2071069,53.4602093]]]}},
{"type":"Feature","properties":{"highway":"footway","name":null,"category":"Footpath (pedestrian only)"},"geometry":{"type":"MultiLineString","coordinates":[[[-2.2070515,53.4602427],[-2.2070801,53.4602255],[-2.2071069,53.4602093]]]}},
{"type":"Feature","properties":{"highway":"footway","name":null,"category":"Footpath (pedestrian only)"},"geometry":{"type":"MultiLineString","coordinates":[[[-2.2072627,53.4598759],[-2.2072578,53.459933],[-2.2071552,53.4600207],[-2.2071362,53.4600369],[-2.2069735,53.4601149]]]}},
{"type":"Feature","properties":{"highway":"footway","name":null,"category":"Footpath (pedestrian only)"},"geometry":{"type":"MultiLineString","coordinates":[[[-2.2069735,53.4601149],[-2.2069151,53.4601401],[-2.2068724,53.4601585]]]}},
{"type":"Feature","properties":{"highway":"footway","name":null,"category":"Footpath (pedestrian only)"},"geometry":{"type":"MultiLineString","coordinates":[[[-2.2068724,53.4601585],[-2.2065934,53.4602578]]]}},
{"type":"Feature","properties":{"highway":"footway","name":null,"category":"Footpath (pedestrian only)"},"geometry":{"type":"MultiLineString","coordinates":[[[-2.2062561,53.4586492],[-2.2062405,53.4590722],[-2.2062393,53.4591037]]]}},
{"type":"Feature","properties":{"highway":"footway","name":null,"category":"Footpath (pedestrian only)"},"geometry":{"type":"MultiLineString","coordinates":[[[-2.2061586,53.4586411],[-2.206134,53.4589022]]]}},
{"type":"Feature","properties":{"highway":"footway","name":null,"category":"Footpath (pedestrian only)"},"geometry":{"type":"MultiLineString","coordinates":[[[-2.2056798,53.4598458],[-2.2056215,53.4598477]]]}},
{"type":"Feature","properties":{"highway":"footway","name":null,"category":"Footpath (pedestrian only)"},"geometry":{"type":"MultiLineString","coordinates":[[[-2.2056215,53.4598477],[-2.2055763,53.459848],[-2.2054812,53.4598487]]]}},
{"type":"Feature","properties":{"highway":"footway","name":null,"category":"Footpath (pedestrian only)"},"geometry":{"type":"MultiLineString","coordinates":[[[-2.207045,53.4597035],[-2.2070252,53.4597048]]]}},
{"type":"Feature","properties":{"highway":"footway","name":null,"category":"Footpath (pedestrian only)"},"geometry":{"type":"MultiLineString","coordinates":[[[-2.2070252,53.4597048],[-2.2069999,53.4597036],[-2.2069455,53.4597011]]]}},
{"type":"Feature","properties":{"highway":"footway","name":null,"category":"Footpath (pedestrian only)"},"geometry":{"type":"MultiLineString","coordinates":[[[-2.2069332,53.4596899],[-2.2069455,53.4597011]]]}},
{"type":"Feature","properties":{"highway":"footway","name":null,"category":"Footpath (pedestrian only)"},"geometry":{"type":"MultiLineString","coordinates":[[[-2.2061297,53.4589486],[-2.206109,53.4591691]]]}},
{"type":"Feature","properties":{"highway":"footway","name":null,"category":"Footpath (pedestrian only)"},"geometry":{"type":"MultiLineString","coordinates":[[[-2.206134,53.4589022],[-2.2061318,53.458926],[-2.2061297,53.4589486]]]}},
{"type":"Feature","properties":{"highway":"footway","name":null,"category":"Footpath (pedestrian only)"},"geometry":{"type":"MultiLineString","coordinates":[[[-2.2061586,53.4586411],[-2.2061615,53.4585988],[-2.2061968,53.4580816]]]}},
{"type":"Feature","properties":{"highway":"footway","name":null,"category":"Footpath (pedestrian only)"},"geometry":{"type":"MultiLineString","coordinates":[[[-2.2062561,53.4586492],[-2.2063614,53.4574857]]]}},
{"type":"Feature","properties":{"highway":"footway","name":null,"category":"Footpath (pedestrian only)"},"geometry":{"type":"MultiLineString","coordinates":[[[-2.2081926,53.4585993],[-2.2081699,53.4581765],[-2.2091305,53.4581394]]]}},
{"type":"Feature","properties":{"highway":"footway","name":null,"category":"Footpath (pedestrian only)"},"geometry":{"type":"MultiLineString","coordinates":[[[-2.2080562,53.4586592],[-2.2080712,53.4586474]]]}},
{"type":"Feature","properties":{"highway":"footway","name":null,"category":"Footpath (pedestrian only)"},"geometry":{"type":"MultiLineString","coordinates":[[[-2.2080712,53.4586474],[-2.208067,53.4586153],[-2.2080632,53.4585863]]]}},
{"type":"Feature","properties":{"highway":"footway","name":null,"category":"Footpath (pedestrian only)"},"geometry":{"type":"MultiLineString","coordinates":[[[-2.2080632,53.4585863],[-2.2080603,53.4585711]]]}},
{"type":"Feature","properties":{"highway":"footway","name":null,"category":"Footpath (pedestrian only)"},"geometry":{"type":"MultiLineString","coordinates":[[[-2.2080603,53.4585711],[-2.2080064,53.4581735],[-2.2073274,53.4581953]]]}},
{"type":"Feature","properties":{"highway":"footway","name":null,"category":"Footpath (pedestrian only)"},"geometry":{"type":"MultiLineString","coordinates":[[[-2.2072692,53.4581158],[-2.2080025,53.4580963],[-2.2079823,53.4576875],[-2.2079332,53.4576837],[-2.2070726,53.4577032]]]}},
{"type":"Feature","properties":{"highway":"footway","name":null,"category":"Footpath (pedestrian only)"},"geometry":{"type":"MultiLineString","coordinates":[[[-2.2070802,53.4576154],[-2.2079685,53.4575982],[-2.2079344,53.4571871]]]}},
{"type":"Feature","properties":{"highway":"footway","name":null,"category":"Footpath (pedestrian only)"},"geometry":{"type":"MultiLineString","coordinates":[[[-2.2088822,53.4571655],[-2.2080982,53.4571848],[-2.2081373,53.4575989],[-2.208751,53.4575792]]]}},
{"type":"Feature","properties":{"highway":"footway","name":null,"category":"Footpath (pedestrian only)"},"geometry":{"type":"MultiLineString","coordinates":[[[-2.2089269,53.4576479],[-2.2081398,53.457677],[-2.2081751,53.4580948],[-2.2091361,53.4580645]]]}},
{"type":"Feature","properties":{"highway":"footway","name":null,"category":"Footpath (pedestrian only)"},"geometry":{"type":"MultiLineString","coordinates":[[[-2.2081751,53.4580948],[-2.208148,53.4580964]]]}},
{"type":"Feature","properties":{"highway":"footway","name":null,"category":"Footpath (pedestrian only)"},"geometry":{"type":"MultiLineString","coordinates":[[[-2.2080025,53.4580963],[-2.2080332,53.4580971]]]}},
{"type":"Feature","properties":{"highway":"footway","name":null,"category":"Footpath (pedestrian only)"},"geometry":{"type":"MultiLineString","coordinates":[[[-2.2080332,53.4580971],[-2.2080905,53.4580968],[-2.208148,53.4580964]]]}},
{"type":"Feature","properties":{"highway":"footway","name":null,"category":"Footpath (pedestrian only)"},"geometry":{"type":"MultiLineString","coordinates":[[[-2.2081699,53.4581765],[-2.2081546,53.4581706]]]}},
{"type":"Feature","properties":{"highway":"footway","name":null,"category":"Footpath (pedestrian only)"},"geometry":{"type":"MultiLineString","coordinates":[[[-2.2080064,53.4581735],[-2.2080464,53.4581757]]]}},
{"type":"Feature","properties":{"highway":"footway","name":null,"category":"Footpath (pedestrian only)"},"geometry":{"type":"MultiLineString","coordinates":[[[-2.2080464,53.4581757],[-2.2080958,53.4581734],[-2.2081546,53.4581706]]]}},
{"type":"Feature","properties":{"highway":"footway","name":null,"category":"Footpath (pedestrian only)"},"geometry":{"type":"MultiLineString","coordinates":[[[-2.2081398,53.457677],[-2.2081333,53.4576756]]]}},
{"type":"Feature","properties":{"highway":"footway","name":null,"category":"Footpath (pedestrian only)"},"geometry":{"type":"MultiLineString","coordinates":[[[-2.2079823,53.4576875],[-2.2079972,53.4576829]]]}},
{"type":"Feature","properties":{"highway":"footway","name":null,"category":"Footpath (pedestrian only)"},"geometry":{"type":"MultiLineString","coordinates":[[[-2.2081373,53.4575989],[-2.2081225,53.4576039]]]}},
{"type":"Feature","properties":{"highway":"footway","name":null,"category":"Footpath (pedestrian only)"},"geometry":{"type":"MultiLineString","coordinates":[[[-2.2079685,53.4575982],[-2.2079864,53.4576111]]]}},
{"type":"Feature","properties":{"highway":"footway","name":null,"category":"Footpath (pedestrian only)"},"geometry":{"type":"MultiLineString","coordinates":[[[-2.2081333,53.4576756],[-2.2080726,53.4576788],[-2.2079972,53.4576829],[-2.20799,53.4576354],[-2.2079864,53.4576111],[-2.2080685,53.4576068],[-2.2081225,53.4576039],[-2.2081267,53.4576318],[-2.2081333,53.4576756]]]}},
{"type":"Feature","properties":{"highway":"footway","name":null,"category":"Footpath (pedestrian only)"},"geometry":{"type":"MultiLineString","coordinates":[[[-2.2081546,53.4581706],[-2.2081508,53.4581283],[-2.208148,53.4580964]]]}},
{"type":"Feature","properties":{"highway":"footway","name":null,"category":"Footpath (pedestrian only)"},"geometry":{"type":"MultiLineString","coordinates":[[[-2.2080464,53.4581757],[-2.2080391,53.4581321],[-2.2080332,53.4580971]]]}},
{"type":"Feature","properties":{"highway":"footway","name":null,"category":"Footpath (pedestrian only)"},"geometry":{"type":"MultiLineString","coordinates":[[[-2.2079366,53.4571259],[-2.2079106,53.4568876]]]}},
{"type":"Feature","properties":{"highway":"footway","name":null,"category":"Footpath (pedestrian only)"},"geometry":{"type":"MultiLineString","coordinates":[[[-2.2079366,53.4571259],[-2.2078835,53.457132],[-2.2072029,53.4571475]]]}},
{"type":"Feature","properties":{"highway":"footway","name":null,"category":"Footpath (pedestrian only)"},"geometry":{"type":"MultiLineString","coordinates":[[[-2.2072425,53.4572027],[-2.2079344,53.4571871]]]}},
{"type":"Feature","properties":{"highway":"footway","name":null,"category":"Footpath (pedestrian only)"},"geometry":{"type":"MultiLineString","coordinates":[[[-2.2088856,53.4570991],[-2.2080803,53.4571183],[-2.2080644,53.4569685],[-2.2081064,53.4569172],[-2.2081912,53.4568932],[-2.2082846,53.4568855]]]}},
{"type":"Feature","properties":{"highway":"footway","name":null,"category":"Footpath (pedestrian only)"},"geometry":{"type":"MultiLineString","coordinates":[[[-2.2079344,53.4571871],[-2.2079399,53.4571795]]]}},
{"type":"Feature","properties":{"highway":"footway","name":null,"category":"Footpath (pedestrian only)"},"geometry":{"type":"MultiLineString","coordinates":[[[-2.2079366,53.4571259],[-2.2079378,53.4571289]]]}},
{"type":"Feature","properties":{"highway":"footway","name":null,"category":"Footpath (pedestrian only)"},"geometry":{"type":"MultiLineString","coordinates":[[[-2.2080982,53.4571848],[-2.2080734,53.4571777]]]}},
{"type":"Feature","properties":{"highway":"footway","name":null,"category":"Footpath (pedestrian only)"},"geometry":{"type":"MultiLineString","coordinates":[[[-2.2080803,53.4571183],[-2.2080713,53.457127]]]}},
{"type":"Feature","properties":{"highway":"footway","name":null,"category":"Footpath (pedestrian only)"},"geometry":{"type":"MultiLineString","coordinates":[[[-2.2080734,53.4571777],[-2.2080363,53.4571782],[-2.2079399,53.4571795],[-2.2079386,53.4571487],[-2.2079378,53.4571289],[-2.2080317,53.4571275],[-2.2080713,53.457127],[-2.2080721,53.4571455],[-2.2080734,53.4571777]]]}},
{"type":"Feature","properties":{"highway":"footway","name":null,"category":"Footpath (pedestrian only)"},"geometry":{"type":"MultiLineString","coordinates":[[[-2.2080603,53.4585711],[-2.2080062,53.4585875],[-2.2071442,53.4586046]]]}},
{"type":"Feature","properties":{"highway":"footway","name":null,"category":"Footpath (pedestrian only)"},"geometry":{"type":"MultiLineString","coordinates":[[[-2.2061968,53.4580816],[-2.2062227,53.4577922],[-2.2062435,53.4576174]]]}},
{"type":"Feature","properties":{"highway":"footway","name":null,"category":"Footpath (pedestrian only)"},"geometry":{"type":"MultiLineString","coordinates":[[[-2.2062435,53.4576174],[-2.2062461,53.4575674],[-2.2062474,53.4575413]]]}},
{"type":"Feature","properties":{"highway":"footway","name":null,"category":"Footpath (pedestrian only)"},"geometry":{"type":"MultiLineString","coordinates":[[[-2.2062474,53.4575413],[-2.2062571,53.4572708]]]}},
{"type":"Feature","properties":{"highway":"footway","name":null,"category":"Footpath (pedestrian only)"},"geometry":{"type":"MultiLineString","coordinates":[[[-2.2063614,53.4574857],[-2.2063872,53.4572844],[-2.2064684,53.4569656]]]}},
{"type":"Feature","properties":{"highway":"footway","name":null,"category":"Footpath (pedestrian only)"},"geometry":{"type":"MultiLineString","coordinates":[[[-2.2063402,53.4569713],[-2.206259,53.4571941],[-2.2058393,53.4571954],[-2.2058142,53.457172],[-2.205785,53.4571501],[-2.2057222,53.4571418],[-2.2056443,53.457145],[-2.2056054,53.457172],[-2.2055988,53.4572043],[-2.2055967,53.4572145],[-2.2056357,53.4572519],[-2.2056919,53.4572616],[-2.2057676,53.4572558],[-2.2058336,53.4572281],[-2.2062577,53.45725],[-2.2062571,53.4572708]]]}},
{"type":"Feature","properties":{"highway":"footway","name":null,"category":"Footpath (pedestrian only)"},"geometry":{"type":"MultiLineString","coordinates":[[[-2.206259,53.4571941],[-2.2062659,53.4572043]]]}},
{"type":"Feature","properties":{"highway":"footway","name":null,"category":"Footpath (pedestrian only)"},"geometry":{"type":"MultiLineString","coordinates":[[[-2.2062577,53.45725],[-2.2062674,53.4572406]]]}},
{"type":"Feature","properties":{"highway":"footway","name":null,"category":"Footpath (pedestrian only)"},"geometry":{"type":"MultiLineString","coordinates":[[[-2.2062659,53.4572043],[-2.2062667,53.4572227],[-2.2062674,53.4572406]]]}},
{"type":"Feature","properties":{"highway":"footway","name":null,"category":"Footpath (pedestrian only)"},"geometry":{"type":"MultiLineString","coordinates":[[[-2.210048,53.4585937],[-2.2100483,53.4582316]]]}},
{"type":"Feature","properties":{"highway":"footway","name":null,"category":"Footpath (pedestrian only)"},"geometry":{"type":"MultiLineString","coordinates":[[[-2.2100483,53.4582316],[-2.210053,53.4580233]]]}},
{"type":"Feature","properties":{"highway":"footway","name":null,"category":"Footpath (pedestrian only)"},"geometry":{"type":"MultiLineString","coordinates":[[[-2.2100451,53.4579658],[-2.2100689,53.4574784]]]}},
{"type":"Feature","properties":{"highway":"footway","name":null,"category":"Footpath (pedestrian only)"},"geometry":{"type":"MultiLineString","coordinates":[[[-2.2100451,53.4579658],[-2.210053,53.4580233]]]}},
{"type":"Feature","properties":{"highway":"footway","name":null,"category":"Footpath (pedestrian only)"},"geometry":{"type":"MultiLineString","coordinates":[[[-2.2102084,53.4586057],[-2.2101987,53.4581741]]]}},
{"type":"Feature","properties":{"highway":"footway","name":null,"category":"Footpath (pedestrian only)"},"geometry":{"type":"MultiLineString","coordinates":[[[-2.2102003,53.4580751],[-2.2101943,53.4576435],[-2.2101939,53.4576311]]]}},
{"type":"Feature","properties":{"highway":"footway","name":null,"category":"Footpath (pedestrian only)"},"geometry":{"type":"MultiLineString","coordinates":[[[-2.2101939,53.4575501],[-2.2101932,53.4575284],[-2.21018,53.4570901]]]}},
{"type":"Feature","properties":{"highway":"footway","name":null,"category":"Footpath (pedestrian only)"},"geometry":{"type":"MultiLineString","coordinates":[[[-2.21018,53.4570901],[-2.2110489,53.4570901]]]}},
{"type":"Feature","properties":{"highway":"footway","name":null,"category":"Footpath (pedestrian only)"},"geometry":{"type":"MultiLineString","coordinates":[[[-2.2110149,53.4569975],[-2.2101929,53.4569988],[-2.2101974,53.4565655]]]}},
{"type":"Feature","properties":{"highway":"footway","name":null,"category":"Footpath (pedestrian only)"},"geometry":{"type":"MultiLineString","coordinates":[[[-2.2100683,53.457081],[-2.2100684,53.4570919],[-2.2100722,53.4574001]]]}},
{"type":"Feature","properties":{"highway":"footway","name":null,"category":"Footpath (pedestrian only)"},"geometry":{"type":"MultiLineString","coordinates":[[[-2.2100722,53.4574001],[-2.2100689,53.4574784]]]}},
{"type":"Feature","properties":{"highway":"footway","name":null,"category":"Footpath (pedestrian only)"},"geometry":{"type":"MultiLineString","coordinates":[[[-2.2101939,53.4575501],[-2.2101939,53.4575838],[-2.2101939,53.4576311]]]}},
{"type":"Feature","properties":{"highway":"footway","name":null,"category":"Footpath (pedestrian only)"},"geometry":{"type":"MultiLineString","coordinates":[[[-2.2101932,53.4575284],[-2.2110223,53.4575228]]]}},
{"type":"Feature","properties":{"highway":"footway","name":null,"category":"Footpath (pedestrian only)"},"geometry":{"type":"MultiLineString","coordinates":[[[-2.2101943,53.4576435],[-2.2102552,53.457635]]]}},
{"type":"Feature","properties":{"highway":"footway","name":null,"category":"Footpath (pedestrian only)"},"geometry":{"type":"MultiLineString","coordinates":[[[-2.2101987,53.4581741],[-2.2110333,53.458168]]]}},
{"type":"Feature","properties":{"highway":"footway","name":null,"category":"Footpath (pedestrian only)"},"geometry":{"type":"MultiLineString","coordinates":[[[-2.2110521,53.45806],[-2.2102003,53.4580751]]]}},
{"type":"Feature","properties":{"highway":"footway","name":null,"category":"Footpath (pedestrian only)"},"geometry":{"type":"MultiLineString","coordinates":[[[-2.2101987,53.4581741],[-2.2101928,53.4581623]]]}},
{"type":"Feature","properties":{"highway":"footway","name":null,"category":"Footpath (pedestrian only)"},"geometry":{"type":"MultiLineString","coordinates":[[[-2.2102003,53.4580751],[-2.210196,53.4580815]]]}},
{"type":"Feature","properties":{"highway":"footway","name":null,"category":"Footpath (pedestrian only)"},"geometry":{"type":"MultiLineString","coordinates":[[[-2.2101928,53.4581623],[-2.210195,53.4581072],[-2.210196,53.4580815]]]}},
{"type":"Feature","properties":{"highway":"footway","name":null,"category":"Footpath (pedestrian only)"},"geometry":{"type":"MultiLineString","coordinates":[[[-2.2101929,53.4569988],[-2.210189,53.4570046]]]}},
{"type":"Feature","properties":{"highway":"footway","name":null,"category":"Footpath (pedestrian only)"},"geometry":{"type":"MultiLineString","coordinates":[[[-2.21018,53.4570901],[-2.2101801,53.4570789]]]}},
{"type":"Feature","properties":{"highway":"footway","name":null,"category":"Footpath (pedestrian only)"},"geometry":{"type":"MultiLineString","coordinates":[[[-2.210189,53.4570046],[-2.2101852,53.4570286],[-2.2101801,53.4570789]]]}},
{"type":"Feature","properties":{"highway":"footway","name":null,"category":"Footpath (pedestrian only)"},"geometry":{"type":"MultiLineString","coordinates":[[[-2.2100567,53.4570214],[-2.2100588,53.4570088],[-2.2100656,53.4569687]]]}},
{"type":"Feature","properties":{"highway":"footway","name":null,"category":"Footpath (pedestrian only)"},"geometry":{"type":"MultiLineString","coordinates":[[[-2.2100567,53.4570214],[-2.2100603,53.4570397],[-2.2100683,53.457081]]]}},
{"type":"Feature","properties":{"highway":"footway","name":null,"category":"Footpath (pedestrian only)"},"geometry":{"type":"MultiLineString","coordinates":[[[-2.2100684,53.4570919],[-2.2100127,53.4570595],[-2.2095448,53.457059]]]}},
{"type":"Feature","properties":{"highway":"footway","name":null,"category":"Footpath (pedestrian only)"},"geometry":{"type":"MultiLineString","coordinates":[[[-2.2100588,53.4570088],[-2.209953,53.4570241],[-2.2095616,53.4570228]]]}},
{"type":"Feature","properties":{"highway":"footway","name":null,"category":"Footpath (pedestrian only)"},"geometry":{"type":"MultiLineString","coordinates":[[[-2.2116826,53.4585999],[-2.2116835,53.4581489],[-2.2110333,53.458168]]]}},
{"type":"Feature","properties":{"highway":"footway","name":null,"category":"Footpath (pedestrian only)"},"geometry":{"type":"MultiLineString","coordinates":[[[-2.2110521,53.45806],[-2.2116821,53.4580535],[-2.2116848,53.4576319],[-2.2116681,53.4576244],[-2.2102552,53.457635]]]}},
{"type":"Feature","properties":{"highway":"footway","name":null,"category":"Footpath (pedestrian only)"},"geometry":{"type":"MultiLineString","coordinates":[[[-2.211671,53.4575269],[-2.2110223,53.4575228]]]}},
{"type":"Feature","properties":{"highway":"footway","name":null,"category":"Footpath (pedestrian only)"},"geometry":{"type":"MultiLineString","coordinates":[[[-2.211671,53.4575269],[-2.2116767,53.4570929],[-2.2110489,53.4570901]]]}},
{"type":"Feature","properties":{"highway":"footway","name":null,"category":"Footpath (pedestrian only)"},"geometry":{"type":"MultiLineString","coordinates":[[[-2.2110149,53.4569975],[-2.2116887,53.4569918],[-2.2116887,53.4569521]]]}},
{"type":"Feature","properties":{"highway":"footway","name":null,"category":"Footpath (pedestrian only)"},"geometry":{"type":"MultiLineString","coordinates":[[[-2.2137989,53.4569845],[-2.2118644,53.4571948],[-2.2118144,53.4585983]]]}},
{"type":"Feature","properties":{"highway":"footway","name":null,"category":"Footpath (pedestrian only)"},"geometry":{"type":"MultiLineString","coordinates":[[[-2.2116835,53.4581489],[-2.2116856,53.4581413]]]}},
{"type":"Feature","properties":{"highway":"footway","name":null,"category":"Footpath (pedestrian only)"},"geometry":{"type":"MultiLineString","coordinates":[[[-2.2116821,53.4580535],[-2.2116855,53.4580619]]]}},
{"type":"Feature","properties":{"highway":"footway","name":null,"category":"Footpath (pedestrian only)"},"geometry":{"type":"MultiLineString","coordinates":[[[-2.2116855,53.4580619],[-2.2116878,53.4580818],[-2.2116856,53.4581413]]]}},
{"type":"Feature","properties":{"highway":"footway","name":null,"category":"Footpath (pedestrian only)"},"geometry":{"type":"MultiLineString","coordinates":[[[-2.2116848,53.4576319],[-2.2117041,53.4576256]]]}},
{"type":"Feature","properties":{"highway":"footway","name":null,"category":"Footpath (pedestrian only)"},"geometry":{"type":"MultiLineString","coordinates":[[[-2.211671,53.4575269],[-2.2116908,53.4575413]]]}},
{"type":"Feature","properties":{"highway":"footway","name":null,"category":"Footpath (pedestrian only)"},"geometry":{"type":"MultiLineString","coordinates":[[[-2.2116908,53.4575413],[-2.2116895,53.4575793],[-2.2117041,53.4576256]]]}},
{"type":"Feature","properties":{"highway":"footway","name":null,"category":"Footpath (pedestrian only)"},"geometry":{"type":"MultiLineString","coordinates":[[[-2.2116767,53.4570929],[-2.2116841,53.4570869]]]}},
{"type":"Feature","properties":{"highway":"footway","name":null,"category":"Footpath (pedestrian only)"},"geometry":{"type":"MultiLineString","coordinates":[[[-2.2116887,53.4569918],[-2.2116996,53.4569983]]]}},
{"type":"Feature","properties":{"highway":"footway","name":null,"category":"Footpath (pedestrian only)"},"geometry":{"type":"MultiLineString","coordinates":[[[-2.2116996,53.4569983],[-2.2116969,53.4570137],[-2.2116841,53.4570869]]]}},
{"type":"Feature","properties":{"highway":"footway","name":null,"category":"Footpath (pedestrian only)"},"geometry":{"type":"MultiLineString","coordinates":[[[-2.2118435,53.4570988],[-2.2118647,53.4570942],[-2.2125374,53.4570253],[-2.212546,53.4569491]]]}},
{"type":"Feature","properties":{"highway":"footway","name":null,"category":"Footpath (pedestrian only)"},"geometry":{"type":"MultiLineString","coordinates":[[[-2.2118435,53.4570988],[-2.2118519,53.4571164],[-2.2118555,53.4571735]]]}},
{"type":"Feature","properties":{"highway":"footway","name":null,"category":"Footpath (pedestrian only)"},"geometry":{"type":"MultiLineString","coordinates":[[[-2.2118644,53.4571948],[-2.2118555,53.4571735]]]}},
{"type":"Feature","properties":{"highway":"footway","name":null,"category":"Footpath (pedestrian only)"},"geometry":{"type":"MultiLineString","coordinates":[[[-2.2118647,53.4570942],[-2.2118317,53.4570428],[-2.2118325,53.4569247]]]}},
{"type":"Feature","properties":{"highway":"footway","name":null,"category":"Footpath (pedestrian only)"},"geometry":{"type":"MultiLineString","coordinates":[[[-2.2133754,53.4586034],[-2.2137868,53.4585106]]]}},
{"type":"Feature","properties":{"highway":"footway","name":null,"category":"Footpath (pedestrian only)"},"geometry":{"type":"MultiLineString","coordinates":[[[-2.2137736,53.4584402],[-2.2134212,53.4585198],[-2.2131385,53.4585796],[-2.2127431,53.4586155]]]}},
{"type":"Feature","properties":{"highway":"footway","name":null,"category":"Footpath (pedestrian only)"},"geometry":{"type":"MultiLineString","coordinates":[[[-2.2126862,53.4570124],[-2.2132666,53.4569627]]]}},
{"type":"Feature","properties":{"highway":"footway","name":null,"category":"Footpath (pedestrian only)"},"geometry":{"type":"MultiLineString","coordinates":[[[-2.2126862,53.4570124],[-2.2126729,53.4569339]]]}},
{"type":"Feature","properties":{"highway":"footway","name":null,"category":"Footpath (pedestrian only)"},"geometry":{"type":"MultiLineString","coordinates":[[[-2.2125374,53.4570253],[-2.212556,53.4570241]]]}},
{"type":"Feature","properties":{"highway":"footway","name":null,"category":"Footpath (pedestrian only)"},"geometry":{"type":"MultiLineString","coordinates":[[[-2.2126862,53.4570124],[-2.2126668,53.4570157]]]}},
{"type":"Feature","properties":{"highway":"footway","name":null,"category":"Footpath (pedestrian only)"},"geometry":{"type":"MultiLineString","coordinates":[[[-2.2126668,53.4570157],[-2.2126342,53.4570182],[-2.212556,53.4570241]]]}},
{"type":"Feature","properties":{"highway":"footway","name":null,"category":"Footpath (pedestrian only)"},"geometry":{"type":"MultiLineString","coordinates":[[[-2.2163767,53.4583064],[-2.2162979,53.458301],[-2.2161238,53.4582892],[-2.2160635,53.4582851],[-2.2157443,53.4582808],[-2.2154022,53.4582938],[-2.2150902,53.458319],[-2.2147082,53.4583579],[-2.2143019,53.4584176],[-2.2137868,53.4585106]]]}},
{"type":"Feature","properties":{"highway":"footway","name":null,"category":"Footpath (pedestrian only)"},"geometry":{"type":"MultiLineString","coordinates":[[[-2.2137736,53.4584402],[-2.2143007,53.4583017],[-2.2142712,53.4581662],[-2.2142848,53.4579559],[-2.2143258,53.457959],[-2.2143377,53.4577741],[-2.2143172,53.4577294],[-2.2142473,53.4577091]]]}},
{"type":"Feature","properties":{"highway":"footway","name":null,"category":"Footpath (pedestrian only)"},"geometry":{"type":"MultiLineString","coordinates":[[[-2.2163693,53.4582245],[-2.2157756,53.4581347],[-2.2152912,53.4579336],[-2.2151718,53.4578046],[-2.2151479,53.4576594]]]}},
{"type":"Feature","properties":{"highway":"footway","name":null,"category":"Footpath (pedestrian only)"},"geometry":{"type":"MultiLineString","coordinates":[[[-2.2151479,53.4576594],[-2.215141,53.4576187],[-2.2151347,53.4575817]]]}},
{"type":"Feature","properties":{"highway":"footway","name":null,"category":"Footpath (pedestrian only)"},"geometry":{"type":"MultiLineString","coordinates":[[[-2.2151347,53.4575817],[-2.2151076,53.4575499],[-2.2150732,53.4572252]]]}},
{"type":"Feature","properties":{"highway":"footway","name":null,"category":"Footpath (pedestrian only)"},"geometry":{"type":"MultiLineString","coordinates":[[[-2.2155759,53.4581895],[-2.2156365,53.4581805],[-2.2155118,53.4581275],[-2.2153523,53.4580691],[-2.2152579,53.4580256],[-2.2151349,53.4579513],[-2.2150708,53.4578437],[-2.2150538,53.4577057],[-2.2150257,53.4575872],[-2.2149954,53.4573453],[-2.2149814,53.4572329]]]}},
{"type":"Feature","properties":{"highway":"footway","name":null,"category":"Footpath (pedestrian only)"},"geometry":{"type":"MultiLineString","coordinates":[[[-2.2155759,53.4581895],[-2.2154594,53.4582063],[-2.2151877,53.458216],[-2.2148129,53.4582509],[-2.2145084,53.458276]]]}},
{"type":"Feature","properties":{"highway":"footway","name":null,"category":"Footpath (pedestrian only)"},"geometry":{"type":"MultiLineString","coordinates":[[[-2.2145084,53.458276],[-2.2144127,53.4582884],[-2.2143293,53.4582992]]]}},
{"type":"Feature","properties":{"highway":"footway","name":null,"category":"Footpath (pedestrian only)"},"geometry":{"type":"MultiLineString","coordinates":[[[-2.2143007,53.4583017],[-2.2143293,53.4582992]]]}},
{"type":"Feature","properties":{"highway":"footway","name":null,"category":"Footpath (pedestrian only)"},"geometry":{"type":"MultiLineString","coordinates":[[[-2.2064684,53.4569656],[-2.2066474,53.4563198]]]}},
{"type":"Feature","properties":{"highway":"footway","name":null,"category":"Footpath (pedestrian only)"},"geometry":{"type":"MultiLineString","coordinates":[[[-2.2063402,53.4569713],[-2.2065365,53.4563307]]]}},
{"type":"Feature","properties":{"highway":"footway","name":null,"category":"Footpath (pedestrian only)"},"geometry":{"type":"MultiLineString","coordinates":[[[-2.2065365,53.4563307],[-2.2065232,53.4563166],[-2.2059428,53.4562589]]]}},
{"type":"Feature","properties":{"highway":"footway","name":null,"category":"Footpath (pedestrian only)"},"geometry":{"type":"MultiLineString","coordinates":[[[-2.2059428,53.4562589],[-2.2059127,53.4562521],[-2.2057346,53.4567915]]]}},
{"type":"Feature","properties":{"highway":"footway","name":null,"category":"Footpath (pedestrian only)"},"geometry":{"type":"MultiLineString","coordinates":[[[-2.2056428,53.4567764],[-2.2057964,53.4562394],[-2.2057828,53.4562395],[-2.2054919,53.4562078]]]}},
{"type":"Feature","properties":{"highway":"footway","name":null,"category":"Footpath (pedestrian only)"},"geometry":{"type":"MultiLineString","coordinates":[[[-2.2059127,53.4562521],[-2.2059065,53.4562485]]]}},
{"type":"Feature","properties":{"highway":"footway","name":null,"category":"Footpath (pedestrian only)"},"geometry":{"type":"MultiLineString","coordinates":[[[-2.2057964,53.4562394],[-2.2058069,53.4562367]]]}},
{"type":"Feature","properties":{"highway":"footway","name":null,"category":"Footpath (pedestrian only)"},"geometry":{"type":"MultiLineString","coordinates":[[[-2.2058069,53.4562367],[-2.2058547,53.4562424],[-2.2059065,53.4562485]]]}},
{"type":"Feature","properties":{"highway":"footway","name":null,"category":"Footpath (pedestrian only)"},"geometry":{"type":"MultiLineString","coordinates":[[[-2.2054909,53.4561371],[-2.206536,53.4562433],[-2.2066602,53.4558292],[-2.2067933,53.4553058],[-2.2068702,53.4549566],[-2.205545,53.4552333],[-2.2054758,53.4552478]]]}},
{"type":"Feature","properties":{"highway":"footway","name":null,"category":"Footpath (pedestrian only)"},"geometry":{"type":"MultiLineString","coordinates":[[[-2.208285,53.4553898],[-2.2068911,53.4555188],[-2.2068137,53.4558485],[-2.2068812,53.4558433],[-2.2072702,53.455813],[-2.208296,53.4557255]]]}},
{"type":"Feature","properties":{"highway":"footway","name":null,"category":"Footpath (pedestrian only)"},"geometry":{"type":"MultiLineString","coordinates":[[[-2.2074098,53.4563242],[-2.2066474,53.4563198]]]}},
{"type":"Feature","properties":{"highway":"footway","name":null,"category":"Footpath (pedestrian only)"},"geometry":{"type":"MultiLineString","coordinates":[[[-2.2085775,53.4562531],[-2.2085542,53.4562547],[-2.2076639,53.4563146],[-2.2076369,53.4563333],[-2.2076226,53.4563432],[-2.2076193,53.4565403],[-2.2075267,53.4566188],[-2.2071683,53.4566584]]]}},
{"type":"Feature","properties":{"highway":"footway","name":null,"category":"Footpath (pedestrian only)"},"geometry":{"type":"MultiLineString","coordinates":[[[-2.2068948,53.456593],[-2.2073305,53.4565677],[-2.2074602,53.456543],[-2.2075037,53.4565067],[-2.2075037,53.456462],[-2.2075037,53.4564179],[-2.2075026,53.4563731],[-2.2074482,53.4563369],[-2.2074098,53.4563242]]]}},
{"type":"Feature","properties":{"highway":"footway","name":null,"category":"Footpath (pedestrian only)"},"geometry":{"type":"MultiLineString","coordinates":[[[-2.2076369,53.4563333],[-2.2076095,53.4563216]]]}},
{"type":"Feature","properties":{"highway":"footway","name":null,"category":"Footpath (pedestrian only)"},"geometry":{"type":"MultiLineString","coordinates":[[[-2.2074482,53.4563369],[-2.207458,53.4563242]]]}},
{"type":"Feature","properties":{"highway":"footway","name":null,"category":"Footpath (pedestrian only)"},"geometry":{"type":"MultiLineString","coordinates":[[[-2.2076095,53.4563216],[-2.2075721,53.4563222],[-2.207458,53.4563242]]]}},
{"type":"Feature","properties":{"highway":"footway","name":null,"category":"Footpath (pedestrian only)"},"geometry":{"type":"MultiLineString","coordinates":[[[-2.2082959,53.4561775],[-2.2070195,53.4562416],[-2.2067014,53.4562358],[-2.2067929,53.4559374],[-2.2068988,53.455927],[-2.2083852,53.4557938]]]}},
{"type":"Feature","properties":{"highway":"footway","name":null,"category":"Footpath (pedestrian only)"},"geometry":{"type":"MultiLineString","coordinates":[[[-2.2068137,53.4558485],[-2.2068046,53.4558533]]]}},
{"type":"Feature","properties":{"highway":"footway","name":null,"category":"Footpath (pedestrian only)"},"geometry":{"type":"MultiLineString","coordinates":[[[-2.2067929,53.4559374],[-2.2067803,53.4559303]]]}},
{"type":"Feature","properties":{"highway":"footway","name":null,"category":"Footpath (pedestrian only)"},"geometry":{"type":"MultiLineString","coordinates":[[[-2.2068046,53.4558533],[-2.2068006,53.4558658],[-2.2067803,53.4559303]]]}},
{"type":"Feature","properties":{"highway":"footway","name":null,"category":"Footpath (pedestrian only)"},"geometry":{"type":"MultiLineString","coordinates":[[[-2.2066474,53.4563198],[-2.2066513,53.456305]]]}},
{"type":"Feature","properties":{"highway":"footway","name":null,"category":"Footpath (pedestrian only)"},"geometry":{"type":"MultiLineString","coordinates":[[[-2.2067014,53.4562358],[-2.206687,53.4562454]]]}},
{"type":"Feature","properties":{"highway":"footway","name":null,"category":"Footpath (pedestrian only)"},"geometry":{"type":"MultiLineString","coordinates":[[[-2.2066513,53.456305],[-2.2066611,53.4562887],[-2.206687,53.4562454]]]}},
{"type":"Feature","properties":{"highway":"footway","name":null,"category":"Footpath (pedestrian only)"},"geometry":{"type":"MultiLineString","coordinates":[[[-2.2065232,53.4563166],[-2.2065274,53.4563085]]]}},
{"type":"Feature","properties":{"highway":"footway","name":null,"category":"Footpath (pedestrian only)"},"geometry":{"type":"MultiLineString","coordinates":[[[-2.206536,53.4562433],[-2.206541,53.4562511]]]}},
{"type":"Feature","properties":{"highway":"footway","name":null,"category":"Footpath (pedestrian only)"},"geometry":{"type":"MultiLineString","coordinates":[[[-2.2065274,53.4563085],[-2.2065338,53.4562816],[-2.206541,53.4562511]]]}},
{"type":"Feature","properties":{"highway":"footway","name":null,"category":"Footpath (pedestrian only)"},"geometry":{"type":"MultiLineString","coordinates":[[[-2.2065274,53.4563085],[-2.2066031,53.4563064],[-2.2066513,53.456305]]]}},
{"type":"Feature","properties":{"highway":"footway","name":null,"category":"Footpath (pedestrian only)"},"geometry":{"type":"MultiLineString","coordinates":[[[-2.206541,53.4562511],[-2.2066187,53.4562481],[-2.206687,53.4562454]]]}},
{"type":"Feature","properties":{"highway":"footway","name":null,"category":"Footpath (pedestrian only)"},"geometry":{"type":"MultiLineString","coordinates":[[[-2.2069542,53.4553965],[-2.2079276,53.4553328]]]}},
{"type":"Feature","properties":{"highway":"footway","name":null,"category":"Footpath (pedestrian only)"},"geometry":{"type":"MultiLineString","coordinates":[[[-2.2069542,53.4553965],[-2.2069577,53.455295],[-2.2070665,53.4549283],[-2.2070736,53.4549042],[-2.2083018,53.4546224]]]}},
{"type":"Feature","properties":{"highway":"footway","name":null,"category":"Footpath (pedestrian only)"},"geometry":{"type":"MultiLineString","coordinates":[[[-2.2069542,53.4553965],[-2.2069401,53.4554119]]]}},
{"type":"Feature","properties":{"highway":"footway","name":null,"category":"Footpath (pedestrian only)"},"geometry":{"type":"MultiLineString","coordinates":[[[-2.2068911,53.4555188],[-2.2068946,53.4554981]]]}},
{"type":"Feature","properties":{"highway":"footway","name":null,"category":"Footpath (pedestrian only)"},"geometry":{"type":"MultiLineString","coordinates":[[[-2.2069401,53.4554119],[-2.2069294,53.4554323],[-2.2068946,53.4554981]]]}},
{"type":"Feature","properties":{"highway":"footway","name":null,"category":"Footpath (pedestrian only)"},"geometry":{"type":"MultiLineString","coordinates":[[[-2.2082809,53.4568183],[-2.2082261,53.4568203],[-2.2082119,53.4566872]]]}},
{"type":"Feature","properties":{"highway":"footway","name":null,"category":"Footpath (pedestrian only)"},"geometry":{"type":"MultiLineString","coordinates":[[[-2.2082261,53.4568203],[-2.2081987,53.4568237]]]}},
{"type":"Feature","properties":{"highway":"footway","name":null,"category":"Footpath (pedestrian only)"},"geometry":{"type":"MultiLineString","coordinates":[[[-2.2081912,53.4568932],[-2.2081862,53.4568836]]]}},
{"type":"Feature","properties":{"highway":"footway","name":null,"category":"Footpath (pedestrian only)"},"geometry":{"type":"MultiLineString","coordinates":[[[-2.2081987,53.4568237],[-2.2081934,53.4568493],[-2.2081862,53.4568836]]]}},
{"type":"Feature","properties":{"highway":"footway","name":null,"category":"Footpath (pedestrian only)"},"geometry":{"type":"MultiLineString","coordinates":[[[-2.2223576,53.4564295],[-2.2219627,53.4564607]]]}},
{"type":"Feature","properties":{"highway":"footway","name":null,"category":"Footpath (pedestrian only)"},"geometry":{"type":"MultiLineString","coordinates":[[[-2.2222778,53.4564968],[-2.2219435,53.4565763]]]}},
{"type":"Feature","properties":{"highway":"footway","name":null,"category":"Footpath (pedestrian only)"},"geometry":{"type":"MultiLineString","coordinates":[[[-2.2223599,53.4576579],[-2.2224635,53.4577338],[-2.2233436,53.4578775],[-2.2238443,53.4579579],[-2.2240314,53.4579822],[-2.224116,53.4579905],[-2.2241458,53.4579934],[-2.2246242,53.4580147],[-2.2247561,53.4580251],[-2.2250981,53.4579764],[-2.2248458,53.4576298],[-2.2247708,53.4572862]]]}},
{"type":"Feature","properties":{"highway":"footway","name":null,"category":"Footpath (pedestrian only)"},"geometry":{"type":"MultiLineString","coordinates":[[[-2.2101974,53.4565655],[-2.2102205,53.4565485],[-2.2110643,53.4565496]]]}},
{"type":"Feature","properties":{"highway":"footway","name":null,"category":"Footpath (pedestrian only)"},"geometry":{"type":"MultiLineString","coordinates":[[[-2.2110273,53.4564441],[-2.2102133,53.4564312],[-2.2102018,53.4562884],[-2.2101918,53.4560145],[-2.2110557,53.4560058]]]}},
{"type":"Feature","properties":{"highway":"footway","name":null,"category":"Footpath (pedestrian only)"},"geometry":{"type":"MultiLineString","coordinates":[[[-2.2102133,53.4564312],[-2.2102016,53.4564482]]]}},
{"type":"Feature","properties":{"highway":"footway","name":null,"category":"Footpath (pedestrian only)"},"geometry":{"type":"MultiLineString","coordinates":[[[-2.2102205,53.4565485],[-2.2102074,53.456544]]]}},
{"type":"Feature","properties":{"highway":"footway","name":null,"category":"Footpath (pedestrian only)"},"geometry":{"type":"MultiLineString","coordinates":[[[-2.2102016,53.4564482],[-2.2102038,53.456485],[-2.2102074,53.456544]]]}},
{"type":"Feature","properties":{"highway":"footway","name":null,"category":"Footpath (pedestrian only)"},"geometry":{"type":"MultiLineString","coordinates":[[[-2.2108533,53.4553682],[-2.2108562,53.4555685],[-2.2108464,53.4558971],[-2.210814,53.4558969],[-2.2102017,53.4558945]]]}},
{"type":"Feature","properties":{"highway":"footway","name":null,"category":"Footpath (pedestrian only)"},"geometry":{"type":"MultiLineString","coordinates":[[[-2.2110003,53.4552978],[-2.2110083,53.4558904],[-2.2110083,53.4558994]]]}},
{"type":"Feature","properties":{"highway":"footway","name":null,"category":"Footpath (pedestrian only)"},"geometry":{"type":"MultiLineString","coordinates":[[[-2.2108464,53.4558971],[-2.2108659,53.4559029]]]}},
{"type":"Feature","properties":{"highway":"footway","name":null,"category":"Footpath (pedestrian only)"},"geometry":{"type":"MultiLineString","coordinates":[[[-2.2110083,53.4558994],[-2.2109849,53.4558994]]]}},
{"type":"Feature","properties":{"highway":"footway","name":null,"category":"Footpath (pedestrian only)"},"geometry":{"type":"MultiLineString","coordinates":[[[-2.2108659,53.4559029],[-2.2109159,53.4559014],[-2.2109849,53.4558994]]]}},
{"type":"Feature","properties":{"highway":"footway","name":null,"category":"Footpath (pedestrian only)"},"geometry":{"type":"MultiLineString","coordinates":[[[-2.2102017,53.4558945],[-2.2101928,53.4553585]]]}},
{"type":"Feature","properties":{"highway":"footway","name":null,"category":"Footpath (pedestrian only)"},"geometry":{"type":"MultiLineString","coordinates":[[[-2.2101928,53.4553585],[-2.2108487,53.455301],[-2.2108533,53.4553682]]]}},
{"type":"Feature","properties":{"highway":"footway","name":null,"category":"Footpath (pedestrian only)"},"geometry":{"type":"MultiLineString","coordinates":[[[-2.2100113,53.4553568],[-2.2100143,53.4555815],[-2.208296,53.4557255]]]}},
{"type":"Feature","properties":{"highway":"footway","name":null,"category":"Footpath (pedestrian only)"},"geometry":{"type":"MultiLineString","coordinates":[[[-2.2083852,53.4557938],[-2.2100138,53.4556458],[-2.2100157,53.4559686],[-2.2082959,53.4561775]]]}},
{"type":"Feature","properties":{"highway":"footway","name":null,"category":"Footpath (pedestrian only)"},"geometry":{"type":"MultiLineString","coordinates":[[[-2.208708,53.4562437],[-2.2087288,53.4562361],[-2.2087645,53.4562231],[-2.210003,53.456054],[-2.2100281,53.4560605],[-2.2100544,53.4560674],[-2.2100656,53.4569687]]]}},
{"type":"Feature","properties":{"highway":"footway","name":null,"category":"Footpath (pedestrian only)"},"geometry":{"type":"MultiLineString","coordinates":[[[-2.2101918,53.4560145],[-2.2101872,53.4560073]]]}},
{"type":"Feature","properties":{"highway":"footway","name":null,"category":"Footpath (pedestrian only)"},"geometry":{"type":"MultiLineString","coordinates":[[[-2.2102017,53.4558945],[-2.2101924,53.4559033]]]}},
{"type":"Feature","properties":{"highway":"footway","name":null,"category":"Footpath (pedestrian only)"},"geometry":{"type":"MultiLineString","coordinates":[[[-2.2101872,53.4560073],[-2.2101891,53.455953],[-2.2101924,53.4559033]]]}},
{"type":"Feature","properties":{"highway":"footway","name":null,"category":"Footpath (pedestrian only)"},"geometry":{"type":"MultiLineString","coordinates":[[[-2.2100157,53.4559686],[-2.210019,53.4559742]]]}},
{"type":"Feature","properties":{"highway":"footway","name":null,"category":"Footpath (pedestrian only)"},"geometry":{"type":"MultiLineString","coordinates":[[[-2.2100281,53.4560605],[-2.2100334,53.4560448]]]}},
{"type":"Feature","properties":{"highway":"footway","name":null,"category":"Footpath (pedestrian only)"},"geometry":{"type":"MultiLineString","coordinates":[[[-2.210019,53.4559742],[-2.2100265,53.456011],[-2.2100334,53.4560448]]]}},
{"type":"Feature","properties":{"highway":"footway","name":null,"category":"Footpath (pedestrian only)"},"geometry":{"type":"MultiLineString","coordinates":[[[-2.2101872,53.4560073],[-2.2101383,53.4560192],[-2.2100334,53.4560448]]]}},
{"type":"Feature","properties":{"highway":"footway","name":null,"category":"Footpath (pedestrian only)"},"geometry":{"type":"MultiLineString","coordinates":[[[-2.2101924,53.4559033],[-2.2101378,53.4559256],[-2.210019,53.4559742]]]}},
{"type":"Feature","properties":{"highway":"footway","name":null,"category":"Footpath (pedestrian only)"},"geometry":{"type":"MultiLineString","coordinates":[[[-2.2085775,53.4562531],[-2.2086447,53.4562483],[-2.208708,53.4562437]]]}},
{"type":"Feature","properties":{"highway":"footway","name":null,"category":"Footpath (pedestrian only)"},"geometry":{"type":"MultiLineString","coordinates":[[[-2.2085542,53.4562547],[-2.2085937,53.4563125],[-2.2086323,53.4564227],[-2.2087379,53.4565072],[-2.2090161,53.4565194],[-2.2094756,53.4564941],[-2.2094965,53.456493],[-2.2095339,53.4565275],[-2.2095521,53.4568108]]]}},
{"type":"Feature","properties":{"highway":"footway","name":null,"category":"Footpath (pedestrian only)"},"geometry":{"type":"MultiLineString","coordinates":[[[-2.2096472,53.4566154],[-2.2095878,53.4561512],[-2.2094838,53.45616],[-2.209505,53.4564247],[-2.209473,53.4564261],[-2.2088622,53.4564537],[-2.2087296,53.4564146],[-2.2087288,53.4562361]]]}},
{"type":"Feature","properties":{"highway":"footway","name":null,"category":"Footpath (pedestrian only)"},"geometry":{"type":"MultiLineString","coordinates":[[[-2.2096594,53.4566956],[-2.2096603,53.4567228],[-2.2096692,53.4568431],[-2.2095557,53.4568452],[-2.2095521,53.4568108]]]}},
{"type":"Feature","properties":{"highway":"footway","name":null,"category":"Footpath (pedestrian only)"},"geometry":{"type":"MultiLineString","coordinates":[[[-2.2096472,53.4566154],[-2.2096594,53.4566956]]]}},
{"type":"Feature","properties":{"highway":"footway","name":null,"category":"Footpath (pedestrian only)"},"geometry":{"type":"MultiLineString","coordinates":[[[-2.209473,53.4564261],[-2.209473,53.4564364]]]}},
{"type":"Feature","properties":{"highway":"footway","name":null,"category":"Footpath (pedestrian only)"},"geometry":{"type":"MultiLineString","coordinates":[[[-2.2094756,53.4564941],[-2.2094757,53.4564834]]]}},
{"type":"Feature","properties":{"highway":"footway","name":null,"category":"Footpath (pedestrian only)"},"geometry":{"type":"MultiLineString","coordinates":[[[-2.209473,53.4564364],[-2.2094739,53.4564522],[-2.2094757,53.4564834]]]}},
{"type":"Feature","properties":{"highway":"footway","name":null,"category":"Footpath (pedestrian only)"},"geometry":{"type":"MultiLineString","coordinates":[[[-2.2100138,53.4556458],[-2.2100207,53.455635]]]}},
{"type":"Feature","properties":{"highway":"footway","name":null,"category":"Footpath (pedestrian only)"},"geometry":{"type":"MultiLineString","coordinates":[[[-2.2100143,53.4555815],[-2.210028,53.455583]]]}},
{"type":"Feature","properties":{"highway":"footway","name":null,"category":"Footpath (pedestrian only)"},"geometry":{"type":"MultiLineString","coordinates":[[[-2.2100207,53.455635],[-2.2100242,53.4556013],[-2.210028,53.455583]]]}},
{"type":"Feature","properties":{"highway":"footway","name":null,"category":"Footpath (pedestrian only)"},"geometry":{"type":"MultiLineString","coordinates":[[[-2.2136851,53.4561827],[-2.2134276,53.4563439],[-2.2134629,53.4569344],[-2.2137324,53.4569018]]]}},
{"type":"Feature","properties":{"highway":"footway","name":null,"category":"Footpath (pedestrian only)"},"geometry":{"type":"MultiLineString","coordinates":[[[-2.2132666,53.4569627],[-2.2132928,53.4569567],[-2.2132956,53.4566949],[-2.2133111,53.4563156],[-2.2135772,53.4561203]]]}},
{"type":"Feature","properties":{"highway":"footway","name":null,"category":"Footpath (pedestrian only)"},"geometry":{"type":"MultiLineString","coordinates":[[[-2.2126729,53.4569339],[-2.2127235,53.455648],[-2.2130857,53.4558353],[-2.2135772,53.4561203]]]}},
{"type":"Feature","properties":{"highway":"footway","name":null,"category":"Footpath (pedestrian only)"},"geometry":{"type":"MultiLineString","coordinates":[[[-2.212546,53.4569491],[-2.2125377,53.4559451],[-2.2125342,53.4555283],[-2.2121221,53.4552959]]]}},
{"type":"Feature","properties":{"highway":"footway","name":null,"category":"Footpath (pedestrian only)"},"geometry":{"type":"MultiLineString","coordinates":[[[-2.2125342,53.4555283],[-2.2125557,53.4555343]]]}},
{"type":"Feature","properties":{"highway":"footway","name":null,"category":"Footpath (pedestrian only)"},"geometry":{"type":"MultiLineString","coordinates":[[[-2.2127235,53.455648],[-2.2127042,53.455642]]]}},
{"type":"Feature","properties":{"highway":"footway","name":null,"category":"Footpath (pedestrian only)"},"geometry":{"type":"MultiLineString","coordinates":[[[-2.2125557,53.4555343],[-2.2126693,53.4556167],[-2.2127042,53.455642]]]}},
{"type":"Feature","properties":{"highway":"footway","name":null,"category":"Footpath (pedestrian only)"},"geometry":{"type":"MultiLineString","coordinates":[[[-2.2135772,53.4561203],[-2.2135898,53.4561217]]]}},
{"type":"Feature","properties":{"highway":"footway","name":null,"category":"Footpath (pedestrian only)"},"geometry":{"type":"MultiLineString","coordinates":[[[-2.2136851,53.4561827],[-2.213712,53.4561846],[-2.2148044,53.4567924],[-2.2147475,53.4568188],[-2.2137324,53.4569018]]]}},
{"type":"Feature","properties":{"highway":"footway","name":null,"category":"Footpath (pedestrian only)"},"geometry":{"type":"MultiLineString","coordinates":[[[-2.2135898,53.4561217],[-2.2136164,53.4561384],[-2.2136737,53.4561743]]]}},
{"type":"Feature","properties":{"highway":"footway","name":null,"category":"Footpath (pedestrian only)"},"geometry":{"type":"MultiLineString","coordinates":[[[-2.2136851,53.4561827],[-2.2136737,53.4561743]]]}},
{"type":"Feature","properties":{"highway":"footway","name":null,"category":"Footpath (pedestrian only)"},"geometry":{"type":"MultiLineString","coordinates":[[[-2.2137539,53.4559917],[-2.2136805,53.4560424],[-2.2128552,53.4555895],[-2.2123347,53.4553039],[-2.2120532,53.455122],[-2.2121471,53.4550759],[-2.2127418,53.4549052],[-2.2130368,53.4548371]]]}},
{"type":"Feature","properties":{"highway":"footway","name":null,"category":"Footpath (pedestrian only)"},"geometry":{"type":"MultiLineString","coordinates":[[[-2.2118259,53.4553385],[-2.2118284,53.4559497],[-2.2118325,53.4569247]]]}},
{"type":"Feature","properties":{"highway":"footway","name":null,"category":"Footpath (pedestrian only)"},"geometry":{"type":"MultiLineString","coordinates":[[[-2.2116887,53.4569521],[-2.2116671,53.456537],[-2.2110643,53.4565496]]]}},
{"type":"Feature","properties":{"highway":"footway","name":null,"category":"Footpath (pedestrian only)"},"geometry":{"type":"MultiLineString","coordinates":[[[-2.2110273,53.4564441],[-2.2116744,53.4564262],[-2.2116708,53.4560067],[-2.2114431,53.4559936],[-2.2112816,53.4559964],[-2.2110557,53.4560058]]]}},
{"type":"Feature","properties":{"highway":"footway","name":null,"category":"Footpath (pedestrian only)"},"geometry":{"type":"MultiLineString","coordinates":[[[-2.2110083,53.4558904],[-2.2112926,53.4558983],[-2.2116487,53.4559083],[-2.2116569,53.4557811],[-2.2116652,53.455336]]]}},
{"type":"Feature","properties":{"highway":"footway","name":null,"category":"Footpath (pedestrian only)"},"geometry":{"type":"MultiLineString","coordinates":[[[-2.2116671,53.456537],[-2.2116736,53.4565306]]]}},
{"type":"Feature","properties":{"highway":"footway","name":null,"category":"Footpath (pedestrian only)"},"geometry":{"type":"MultiLineString","coordinates":[[[-2.2116744,53.4564262],[-2.2116795,53.4564383]]]}},
{"type":"Feature","properties":{"highway":"footway","name":null,"category":"Footpath (pedestrian only)"},"geometry":{"type":"MultiLineString","coordinates":[[[-2.2116795,53.4564383],[-2.2116765,53.4564849],[-2.2116736,53.4565306]]]}},
{"type":"Feature","properties":{"highway":"footway","name":null,"category":"Footpath (pedestrian only)"},"geometry":{"type":"MultiLineString","coordinates":[[[-2.2135772,53.4561203],[-2.2135912,53.4561094]]]}},
{"type":"Feature","properties":{"highway":"footway","name":null,"category":"Footpath (pedestrian only)"},"geometry":{"type":"MultiLineString","coordinates":[[[-2.2135912,53.4561094],[-2.2136323,53.456079],[-2.2136624,53.4560568]]]}},
{"type":"Feature","properties":{"highway":"footway","name":null,"category":"Footpath (pedestrian only)"},"geometry":{"type":"MultiLineString","coordinates":[[[-2.2136805,53.4560424],[-2.2136795,53.4560491]]]}},
{"type":"Feature","properties":{"highway":"footway","name":null,"category":"Footpath (pedestrian only)"},"geometry":{"type":"MultiLineString","coordinates":[[[-2.2136624,53.4560568],[-2.2136795,53.4560491]]]}},
{"type":"Feature","properties":{"highway":"footway","name":null,"category":"Footpath (pedestrian only)"},"geometry":{"type":"MultiLineString","coordinates":[[[-2.2137989,53.4569845],[-2.2147691,53.4568929],[-2.2149667,53.4568743]]]}},
{"type":"Feature","properties":{"highway":"footway","name":null,"category":"Footpath (pedestrian only)"},"geometry":{"type":"MultiLineString","coordinates":[[[-2.2137982,53.456118],[-2.2149684,53.4567404],[-2.2151293,53.4568162],[-2.2150955,53.4570055]]]}},
{"type":"Feature","properties":{"highway":"footway","name":null,"category":"Footpath (pedestrian only)"},"geometry":{"type":"MultiLineString","coordinates":[[[-2.2137982,53.456118],[-2.2140888,53.4559036],[-2.2141143,53.455885],[-2.2144757,53.4556215],[-2.2161369,53.4565326]]]}},
{"type":"Feature","properties":{"highway":"footway","name":null,"category":"Footpath (pedestrian only)"},"geometry":{"type":"MultiLineString","coordinates":[[[-2.214369,53.4555356],[-2.2137539,53.4559917]]]}},
{"type":"Feature","properties":{"highway":"footway","name":null,"category":"Footpath (pedestrian only)"},"geometry":{"type":"MultiLineString","coordinates":[[[-2.214369,53.4555356],[-2.2141388,53.4554144],[-2.2139234,53.4553011]]]}},
{"type":"Feature","properties":{"highway":"footway","name":null,"category":"Footpath (pedestrian only)"},"geometry":{"type":"MultiLineString","coordinates":[[[-2.2144506,53.4554307],[-2.2148159,53.4553228]]]}},
{"type":"Feature","properties":{"highway":"footway","name":null,"category":"Footpath (pedestrian only)"},"geometry":{"type":"MultiLineString","coordinates":[[[-2.2144506,53.4554307],[-2.2144169,53.4554284],[-2.2142681,53.4553546],[-2.2141695,53.4553057]]]}},
{"type":"Feature","properties":{"highway":"footway","name":null,"category":"Footpath (pedestrian only)"},"geometry":{"type":"MultiLineString","coordinates":[[[-2.2151748,53.4553605],[-2.2150366,53.4553874],[-2.2147706,53.4554392],[-2.2146721,53.4555125],[-2.2146807,53.4555507],[-2.214689,53.4555873],[-2.2164987,53.4565646]]]}},
{"type":"Feature","properties":{"highway":"footway","name":null,"category":"Footpath (pedestrian only)"},"geometry":{"type":"MultiLineString","coordinates":[[[-2.2144757,53.4556215],[-2.2144549,53.4556104]]]}},
{"type":"Feature","properties":{"highway":"footway","name":null,"category":"Footpath (pedestrian only)"},"geometry":{"type":"MultiLineString","coordinates":[[[-2.214369,53.4555356],[-2.214387,53.4555505]]]}},
{"type":"Feature","properties":{"highway":"footway","name":null,"category":"Footpath (pedestrian only)"},"geometry":{"type":"MultiLineString","coordinates":[[[-2.2144549,53.4556104],[-2.2144088,53.4555698],[-2.214387,53.4555505]]]}},
{"type":"Feature","properties":{"highway":"footway","name":null,"category":"Footpath (pedestrian only)"},"geometry":{"type":"MultiLineString","coordinates":[[[-2.2137982,53.456118],[-2.2137784,53.4561236]]]}},
{"type":"Feature","properties":{"highway":"footway","name":null,"category":"Footpath (pedestrian only)"},"geometry":{"type":"MultiLineString","coordinates":[[[-2.2136906,53.4560558],[-2.2136795,53.4560491]]]}},
{"type":"Feature","properties":{"highway":"footway","name":null,"category":"Footpath (pedestrian only)"},"geometry":{"type":"MultiLineString","coordinates":[[[-2.2137784,53.4561236],[-2.2137524,53.4561444],[-2.2137168,53.4561728]]]}},
{"type":"Feature","properties":{"highway":"footway","name":null,"category":"Footpath (pedestrian only)"},"geometry":{"type":"MultiLineString","coordinates":[[[-2.213712,53.4561846],[-2.2137168,53.4561728]]]}},
{"type":"Feature","properties":{"highway":"footway","name":null,"category":"Footpath (pedestrian only)"},"geometry":{"type":"MultiLineString","coordinates":[[[-2.2136906,53.4560558],[-2.2137136,53.4560707],[-2.2137676,53.4561056]]]}},
{"type":"Feature","properties":{"highway":"footway","name":null,"category":"Footpath (pedestrian only)"},"geometry":{"type":"MultiLineString","coordinates":[[[-2.2137676,53.4561056],[-2.2137982,53.456118]]]}},
{"type":"Feature","properties":{"highway":"footway","name":null,"category":"Footpath (pedestrian only)"},"geometry":{"type":"MultiLineString","coordinates":[[[-2.2149667,53.4568743],[-2.2149908,53.4568921],[-2.2149684,53.4570049]]]}},
{"type":"Feature","properties":{"highway":"footway","name":null,"category":"Footpath (pedestrian only)"},"geometry":{"type":"MultiLineString","coordinates":[[[-2.2149667,53.4568743],[-2.2149891,53.4568711]]]}},
{"type":"Feature","properties":{"highway":"footway","name":null,"category":"Footpath (pedestrian only)"},"geometry":{"type":"MultiLineString","coordinates":[[[-2.2149891,53.4568711],[-2.2150539,53.4568425],[-2.2151053,53.4568199]]]}},
{"type":"Feature","properties":{"highway":"footway","name":null,"category":"Footpath (pedestrian only)"},"geometry":{"type":"MultiLineString","coordinates":[[[-2.2151293,53.4568162],[-2.2151053,53.4568199]]]}},
{"type":"Feature","properties":{"highway":"footway","name":null,"category":"Footpath (pedestrian only)"},"geometry":{"type":"MultiLineString","coordinates":[[[-2.2147475,53.4568188],[-2.2147495,53.4568242]]]}},
{"type":"Feature","properties":{"highway":"footway","name":null,"category":"Footpath (pedestrian only)"},"geometry":{"type":"MultiLineString","coordinates":[[[-2.2147691,53.4568929],[-2.2147643,53.4568782]]]}},
{"type":"Feature","properties":{"highway":"footway","name":null,"category":"Footpath (pedestrian only)"},"geometry":{"type":"MultiLineString","coordinates":[[[-2.2147643,53.4568782],[-2.2147531,53.4568357],[-2.2147495,53.4568242]]]}},
{"type":"Feature","properties":{"highway":"footway","name":null,"category":"Footpath (pedestrian only)"},"geometry":{"type":"MultiLineString","coordinates":[[[-2.2161369,53.4565326],[-2.216271,53.4566151],[-2.216318,53.456644]]]}},
{"type":"Feature","properties":{"highway":"footway","name":null,"category":"Footpath (pedestrian only)"},"geometry":{"type":"MultiLineString","coordinates":[[[-2.216318,53.456644],[-2.2165524,53.4567682]]]}},
{"type":"Feature","properties":{"highway":"footway","name":null,"category":"Footpath (pedestrian only)"},"geometry":{"type":"MultiLineString","coordinates":[[[-2.2146807,53.4555507],[-2.2146299,53.4555243]]]}},
{"type":"Feature","properties":{"highway":"footway","name":null,"category":"Footpath (pedestrian only)"},"geometry":{"type":"MultiLineString","coordinates":[[[-2.2144506,53.4554307],[-2.2144906,53.4554492]]]}},
{"type":"Feature","properties":{"highway":"footway","name":null,"category":"Footpath (pedestrian only)"},"geometry":{"type":"MultiLineString","coordinates":[[[-2.2146299,53.4555243],[-2.2145486,53.4554805],[-2.2144906,53.4554492]]]}},
{"type":"Feature","properties":{"highway":"footway","name":null,"category":"Footpath (pedestrian only)"},"geometry":{"type":"MultiLineString","coordinates":[[[-2.2142681,53.4553546],[-2.2142522,53.4553601]]]}},
{"type":"Feature","properties":{"highway":"footway","name":null,"category":"Footpath (pedestrian only)"},"geometry":{"type":"MultiLineString","coordinates":[[[-2.2141388,53.4554144],[-2.2141636,53.4553997]]]}},
{"type":"Feature","properties":{"highway":"footway","name":null,"category":"Footpath (pedestrian only)"},"geometry":{"type":"MultiLineString","coordinates":[[[-2.2142522,53.4553601],[-2.2142224,53.4553734],[-2.2141636,53.4553997]]]}},
{"type":"Feature","properties":{"highway":"footway","name":null,"category":"Footpath (pedestrian only)"},"geometry":{"type":"MultiLineString","coordinates":[[[-2.2185533,53.4569537],[-2.2185028,53.4568926],[-2.2183403,53.4566961],[-2.217542,53.4560353]]]}},
{"type":"Feature","properties":{"highway":"footway","name":null,"category":"Footpath (pedestrian only)"},"geometry":{"type":"MultiLineString","coordinates":[[[-2.217542,53.4560353],[-2.2175108,53.4560138],[-2.2172229,53.4558156],[-2.2171908,53.4557941],[-2.2165094,53.4553376]]]}},
{"type":"Feature","properties":{"highway":"footway","name":null,"category":"Footpath (pedestrian only)"},"geometry":{"type":"MultiLineString","coordinates":[[[-2.216272,53.4553151],[-2.2166168,53.4555525],[-2.2168586,53.4556976],[-2.2175934,53.4561917],[-2.2179737,53.4564885],[-2.2180946,53.4566031],[-2.2182272,53.4567287],[-2.2184324,53.4569609]]]}},
{"type":"Feature","properties":{"highway":"footway","name":null,"category":"Footpath (pedestrian only)"},"geometry":{"type":"MultiLineString","coordinates":[[[-2.2171933,53.4569417],[-2.2164987,53.4565646]]]}},
{"type":"Feature","properties":{"highway":"footway","name":null,"category":"Footpath (pedestrian only)"},"geometry":{"type":"MultiLineString","coordinates":[[[-2.21693,53.4569675],[-2.2165524,53.4567682]]]}},
{"type":"Feature","properties":{"highway":"footway","name":null,"category":"Footpath (pedestrian only)"},"geometry":{"type":"MultiLineString","coordinates":[[[-2.2219627,53.4564607],[-2.2219515,53.4564553],[-2.221846,53.4564041]]]}},
{"type":"Feature","properties":{"highway":"footway","name":null,"category":"Footpath (pedestrian only)"},"geometry":{"type":"MultiLineString","coordinates":[[[-2.2219435,53.4565763],[-2.2218602,53.4566223]]]}},
{"type":"Feature","properties":{"highway":"footway","name":null,"category":"Footpath (pedestrian only)"},"geometry":{"type":"MultiLineString","coordinates":[[[-2.2193928,53.4554357],[-2.2195795,53.4558163],[-2.219604,53.4558664],[-2.2200346,53.4567506],[-2.2201045,53.4568667],[-2.220196,53.4570188],[-2.2203053,53.457235],[-2.2203745,53.457385],[-2.2204016,53.4574592],[-2.2203914,53.4575077],[-2.2203817,53.4575174]]]}},
{"type":"Feature","properties":{"highway":"footway","name":null,"category":"Footpath (pedestrian only)"},"geometry":{"type":"MultiLineString","coordinates":[[[-2.2205808,53.4575085],[-2.2205481,53.4574734],[-2.2205026,53.4574327],[-2.2203524,53.4571147],[-2.2203077,53.4570033],[-2.2200063,53.4563968],[-2.2197933,53.4559683],[-2.2195399,53.4554493]]]}},
{"type":"Feature","properties":{"highway":"footway","name":null,"category":"Footpath (pedestrian only)"},"geometry":{"type":"MultiLineString","coordinates":[[[-2.2093751,53.4542552],[-2.2082998,53.4545048],[-2.2070569,53.4547882],[-2.205517,53.4551392],[-2.2054289,53.4551593]]]}},
{"type":"Feature","properties":{"highway":"footway","name":null,"category":"Footpath (pedestrian only)"},"geometry":{"type":"MultiLineString","coordinates":[[[-2.2070665,53.4549283],[-2.2070367,53.4549295]]]}},
{"type":"Feature","properties":{"highway":"footway","name":null,"category":"Footpath (pedestrian only)"},"geometry":{"type":"MultiLineString","coordinates":[[[-2.2068702,53.4549566],[-2.2069011,53.4549364]]]}},
{"type":"Feature","properties":{"highway":"footway","name":null,"category":"Footpath (pedestrian only)"},"geometry":{"type":"MultiLineString","coordinates":[[[-2.2070367,53.4549295],[-2.2069809,53.4549323],[-2.2069011,53.4549364]]]}},
{"type":"Feature","properties":{"highway":"footway","name":null,"category":"Footpath (pedestrian only)"},"geometry":{"type":"MultiLineString","coordinates":[[[-2.205545,53.4552333],[-2.2055405,53.455224]]]}},
{"type":"Feature","properties":{"highway":"footway","name":null,"category":"Footpath (pedestrian only)"},"geometry":{"type":"MultiLineString","coordinates":[[[-2.205517,53.4551392],[-2.2055193,53.455149]]]}},
{"type":"Feature","properties":{"highway":"footway","name":null,"category":"Footpath (pedestrian only)"},"geometry":{"type":"MultiLineString","coordinates":[[[-2.2055405,53.455224],[-2.2055271,53.4551765],[-2.2055193,53.455149]]]}},
{"type":"Feature","properties":{"highway":"footway","name":null,"category":"Footpath (pedestrian only)"},"geometry":{"type":"MultiLineString","coordinates":[[[-2.2110378,53.4540286],[-2.2102169,53.4542082],[-2.2102167,53.4542154],[-2.2102044,53.4546475],[-2.210233,53.4546574],[-2.2106051,53.4545743],[-2.2110303,53.4544794]]]}},
{"type":"Feature","properties":{"highway":"footway","name":null,"category":"Footpath (pedestrian only)"},"geometry":{"type":"MultiLineString","coordinates":[[[-2.2110173,53.4539174],[-2.2094884,53.4542349]]]}},
{"type":"Feature","properties":{"highway":"footway","name":null,"category":"Footpath (pedestrian only)"},"geometry":{"type":"MultiLineString","coordinates":[[[-2.2100059,53.4542482],[-2.2085663,53.4545603]]]}},
{"type":"Feature","properties":{"highway":"footway","name":null,"category":"Footpath (pedestrian only)"},"geometry":{"type":"MultiLineString","coordinates":[[[-2.2093751,53.4542552],[-2.2094464,53.4542424],[-2.2094884,53.4542349]]]}},
{"type":"Feature","properties":{"highway":"footway","name":null,"category":"Footpath (pedestrian only)"},"geometry":{"type":"MultiLineString","coordinates":[[[-2.2102167,53.4542154],[-2.2101839,53.454219]]]}},
{"type":"Feature","properties":{"highway":"footway","name":null,"category":"Footpath (pedestrian only)"},"geometry":{"type":"MultiLineString","coordinates":[[[-2.2100059,53.4542482],[-2.2100298,53.4542417],[-2.2100443,53.4542377]]]}},
{"type":"Feature","properties":{"highway":"footway","name":null,"category":"Footpath (pedestrian only)"},"geometry":{"type":"MultiLineString","coordinates":[[[-2.2101839,53.454219],[-2.2101598,53.4542222],[-2.2100443,53.4542377]]]}},
{"type":"Feature","properties":{"highway":"footway","name":null,"category":"Footpath (pedestrian only)"},"geometry":{"type":"MultiLineString","coordinates":[[[-2.2100298,53.4542417],[-2.2100486,53.4542668],[-2.2100617,53.4546663],[-2.2085726,53.4549237],[-2.2085521,53.454738],[-2.2085663,53.4545603]]]}},
{"type":"Feature","properties":{"highway":"footway","name":null,"category":"Footpath (pedestrian only)"},"geometry":{"type":"MultiLineString","coordinates":[[[-2.2110137,53.4546009],[-2.2106465,53.4546782],[-2.2105397,53.4547003]]]}},
{"type":"Feature","properties":{"highway":"footway","name":null,"category":"Footpath (pedestrian only)"},"geometry":{"type":"MultiLineString","coordinates":[[[-2.2106051,53.4545743],[-2.2106113,53.4545851]]]}},
{"type":"Feature","properties":{"highway":"footway","name":null,"category":"Footpath (pedestrian only)"},"geometry":{"type":"MultiLineString","coordinates":[[[-2.2106113,53.4545851],[-2.2106154,53.4545969],[-2.21064,53.4546679]]]}},
{"type":"Feature","properties":{"highway":"footway","name":null,"category":"Footpath (pedestrian only)"},"geometry":{"type":"MultiLineString","coordinates":[[[-2.21064,53.4546679],[-2.2106465,53.4546782]]]}},
{"type":"Feature","properties":{"highway":"footway","name":null,"category":"Footpath (pedestrian only)"},"geometry":{"type":"MultiLineString","coordinates":[[[-2.2105308,53.4547008],[-2.2105152,53.454704],[-2.2104435,53.4547175]]]}},
{"type":"Feature","properties":{"highway":"footway","name":null,"category":"Footpath (pedestrian only)"},"geometry":{"type":"MultiLineString","coordinates":[[[-2.2105397,53.4547003],[-2.2106123,53.4548484]]]}},
{"type":"Feature","properties":{"highway":"footway","name":null,"category":"Footpath (pedestrian only)"},"geometry":{"type":"MultiLineString","coordinates":[[[-2.2104435,53.4547175],[-2.2102227,53.4547811],[-2.2102156,53.4552606],[-2.211031,53.4551819],[-2.2117665,53.4550828],[-2.2121464,53.4549898]]]}},
{"type":"Feature","properties":{"highway":"footway","name":null,"category":"Footpath (pedestrian only)"},"geometry":{"type":"MultiLineString","coordinates":[[[-2.2110003,53.4552978],[-2.2109682,53.4552979]]]}},
{"type":"Feature","properties":{"highway":"footway","name":null,"category":"Footpath (pedestrian only)"},"geometry":{"type":"MultiLineString","coordinates":[[[-2.2108487,53.455301],[-2.2108679,53.4553001]]]}},
{"type":"Feature","properties":{"highway":"footway","name":null,"category":"Footpath (pedestrian only)"},"geometry":{"type":"MultiLineString","coordinates":[[[-2.2109682,53.4552979],[-2.2109192,53.4553019],[-2.2108679,53.4553001]]]}},
{"type":"Feature","properties":{"highway":"footway","name":null,"category":"Footpath (pedestrian only)"},"geometry":{"type":"MultiLineString","coordinates":[[[-2.2100113,53.4553568],[-2.2100154,53.4552347],[-2.2088668,53.4553362],[-2.208596,53.4553574]]]}},
{"type":"Feature","properties":{"highway":"footway","name":null,"category":"Footpath (pedestrian only)"},"geometry":{"type":"MultiLineString","coordinates":[[[-2.2100096,53.4551431],[-2.2099476,53.4551576],[-2.2097194,53.4551793],[-2.2091836,53.4552301],[-2.2088093,53.4552489],[-2.208649,53.4550266],[-2.2096605,53.4548145]]]}},
{"type":"Feature","properties":{"highway":"footway","name":null,"category":"Footpath (pedestrian only)"},"geometry":{"type":"MultiLineString","coordinates":[[[-2.2096605,53.4548145],[-2.2097295,53.4548012],[-2.209772,53.454793]]]}},
{"type":"Feature","properties":{"highway":"footway","name":null,"category":"Footpath (pedestrian only)"},"geometry":{"type":"MultiLineString","coordinates":[[[-2.209772,53.454793],[-2.2100355,53.4547609],[-2.2100096,53.4551431]]]}},
{"type":"Feature","properties":{"highway":"footway","name":null,"category":"Footpath (pedestrian only)"},"geometry":{"type":"MultiLineString","coordinates":[[[-2.2100617,53.4546663],[-2.2100718,53.454672]]]}},
{"type":"Feature","properties":{"highway":"footway","name":null,"category":"Footpath (pedestrian only)"},"geometry":{"type":"MultiLineString","coordinates":[[[-2.2102044,53.4546475],[-2.2101966,53.454658]]]}},
{"type":"Feature","properties":{"highway":"footway","name":null,"category":"Footpath (pedestrian only)"},"geometry":{"type":"MultiLineString","coordinates":[[[-2.2102227,53.4547811],[-2.2102042,53.4547739]]]}},
{"type":"Feature","properties":{"highway":"footway","name":null,"category":"Footpath (pedestrian only)"},"geometry":{"type":"MultiLineString","coordinates":[[[-2.2100355,53.4547609],[-2.2100508,53.4547523]]]}},
{"type":"Feature","properties":{"highway":"footway","name":null,"category":"Footpath (pedestrian only)"},"geometry":{"type":"MultiLineString","coordinates":[[[-2.2102042,53.4547739],[-2.2101711,53.4547692],[-2.2100508,53.4547523],[-2.2100612,53.4547126],[-2.2100718,53.454672],[-2.2101745,53.4546605],[-2.2101966,53.454658],[-2.2101986,53.4546892],[-2.2102042,53.4547739]]]}},
{"type":"Feature","properties":{"highway":"footway","name":null,"category":"Footpath (pedestrian only)"},"geometry":{"type":"MultiLineString","coordinates":[[[-2.2105397,53.4547003],[-2.2105308,53.4547008]]]}},
{"type":"Feature","properties":{"highway":"footway","name":null,"category":"Footpath (pedestrian only)"},"geometry":{"type":"MultiLineString","coordinates":[[[-2.208649,53.4550266],[-2.2086348,53.4550177]]]}},
{"type":"Feature","properties":{"highway":"footway","name":null,"category":"Footpath (pedestrian only)"},"geometry":{"type":"MultiLineString","coordinates":[[[-2.2085726,53.4549237],[-2.2085617,53.4549316]]]}},
{"type":"Feature","properties":{"highway":"footway","name":null,"category":"Footpath (pedestrian only)"},"geometry":{"type":"MultiLineString","coordinates":[[[-2.2086348,53.4550177],[-2.2085752,53.4549478],[-2.2085617,53.4549316]]]}},
{"type":"Feature","properties":{"highway":"footway","name":null,"category":"Footpath (pedestrian only)"},"geometry":{"type":"MultiLineString","coordinates":[[[-2.2086173,53.4552666],[-2.2085288,53.4551208],[-2.2084367,53.4549707],[-2.2084231,53.4545995],[-2.2083018,53.4546224]]]}},
{"type":"Feature","properties":{"highway":"footway","name":null,"category":"Footpath (pedestrian only)"},"geometry":{"type":"MultiLineString","coordinates":[[[-2.2085663,53.4545603],[-2.2085512,53.4545604]]]}},
{"type":"Feature","properties":{"highway":"footway","name":null,"category":"Footpath (pedestrian only)"},"geometry":{"type":"MultiLineString","coordinates":[[[-2.2084231,53.4545995],[-2.208438,53.4545908]]]}},
{"type":"Feature","properties":{"highway":"footway","name":null,"category":"Footpath (pedestrian only)"},"geometry":{"type":"MultiLineString","coordinates":[[[-2.2085512,53.4545604],[-2.208511,53.4545712],[-2.208438,53.4545908]]]}},
{"type":"Feature","properties":{"highway":"footway","name":null,"category":"Footpath (pedestrian only)"},"geometry":{"type":"MultiLineString","coordinates":[[[-2.2086173,53.4552666],[-2.2085947,53.4552731],[-2.2082221,53.4552994]]]}},
{"type":"Feature","properties":{"highway":"footway","name":null,"category":"Footpath (pedestrian only)"},"geometry":{"type":"MultiLineString","coordinates":[[[-2.2086173,53.4552666],[-2.2086346,53.4552645]]]}},
{"type":"Feature","properties":{"highway":"footway","name":null,"category":"Footpath (pedestrian only)"},"geometry":{"type":"MultiLineString","coordinates":[[[-2.2088093,53.4552489],[-2.208775,53.455254]]]}},
{"type":"Feature","properties":{"highway":"footway","name":null,"category":"Footpath (pedestrian only)"},"geometry":{"type":"MultiLineString","coordinates":[[[-2.208775,53.455254],[-2.2086974,53.4552598],[-2.2086346,53.4552645]]]}},
{"type":"Feature","properties":{"highway":"footway","name":null,"category":"Footpath (pedestrian only)"},"geometry":{"type":"MultiLineString","coordinates":[[[-2.2100154,53.4552347],[-2.2100229,53.455227]]]}},
{"type":"Feature","properties":{"highway":"footway","name":null,"category":"Footpath (pedestrian only)"},"geometry":{"type":"MultiLineString","coordinates":[[[-2.2100096,53.4551431],[-2.2100229,53.4551507]]]}},
{"type":"Feature","properties":{"highway":"footway","name":null,"category":"Footpath (pedestrian only)"},"geometry":{"type":"MultiLineString","coordinates":[[[-2.2100229,53.4551507],[-2.2100229,53.4551853],[-2.2100229,53.455227]]]}},
{"type":"Feature","properties":{"highway":"footway","name":null,"category":"Footpath (pedestrian only)"},"geometry":{"type":"MultiLineString","coordinates":[[[-2.2102156,53.4552606],[-2.2102024,53.4552692]]]}},
{"type":"Feature","properties":{"highway":"footway","name":null,"category":"Footpath (pedestrian only)"},"geometry":{"type":"MultiLineString","coordinates":[[[-2.2102024,53.4552692],[-2.2101973,53.4553206],[-2.2101957,53.4553366]]]}},
{"type":"Feature","properties":{"highway":"footway","name":null,"category":"Footpath (pedestrian only)"},"geometry":{"type":"MultiLineString","coordinates":[[[-2.2101928,53.4553585],[-2.2101957,53.4553366]]]}},
{"type":"Feature","properties":{"highway":"footway","name":null,"category":"Footpath (pedestrian only)"},"geometry":{"type":"MultiLineString","coordinates":[[[-2.2121221,53.4552959],[-2.2119034,53.4551912],[-2.2118417,53.455197],[-2.2118272,53.4552481],[-2.2118259,53.4553385]]]}},
{"type":"Feature","properties":{"highway":"footway","name":null,"category":"Footpath (pedestrian only)"},"geometry":{"type":"MultiLineString","coordinates":[[[-2.2116652,53.455336],[-2.2116651,53.4552056],[-2.2116288,53.455197],[-2.2112986,53.4552441],[-2.2110991,53.4552726],[-2.2110003,53.4552978]]]}},
{"type":"Feature","properties":{"highway":"footway","name":null,"category":"Footpath (pedestrian only)"},"geometry":{"type":"MultiLineString","coordinates":[[[-2.2118417,53.455197],[-2.2118203,53.4551954]]]}},
{"type":"Feature","properties":{"highway":"footway","name":null,"category":"Footpath (pedestrian only)"},"geometry":{"type":"MultiLineString","coordinates":[[[-2.2116651,53.4552056],[-2.2116759,53.4551965]]]}},
{"type":"Feature","properties":{"highway":"footway","name":null,"category":"Footpath (pedestrian only)"},"geometry":{"type":"MultiLineString","coordinates":[[[-2.2116759,53.4551965],[-2.2117773,53.4551957],[-2.2118203,53.4551954]]]}},
{"type":"Feature","properties":{"highway":"footway","name":null,"category":"Footpath (pedestrian only)"},"geometry":{"type":"MultiLineString","coordinates":[[[-2.2119034,53.4551912],[-2.2119073,53.455182]]]}},
{"type":"Feature","properties":{"highway":"footway","name":null,"category":"Footpath (pedestrian only)"},"geometry":{"type":"MultiLineString","coordinates":[[[-2.2120532,53.455122],[-2.2120301,53.4551224]]]}},
{"type":"Feature","properties":{"highway":"footway","name":null,"category":"Footpath (pedestrian only)"},"geometry":{"type":"MultiLineString","coordinates":[[[-2.2120301,53.4551224],[-2.2119957,53.4551391],[-2.2119073,53.455182]]]}},
{"type":"Feature","properties":{"highway":"footway","name":null,"category":"Footpath (pedestrian only)"},"geometry":{"type":"MultiLineString","coordinates":[[[-2.2126613,53.4548287],[-2.2121464,53.4549898]]]}},
{"type":"Feature","properties":{"highway":"footway","name":null,"category":"Footpath (pedestrian only)"},"geometry":{"type":"MultiLineString","coordinates":[[[-2.2139234,53.4553011],[-2.2137792,53.4552264],[-2.2134668,53.4550646],[-2.2132221,53.4549379],[-2.2130368,53.4548371]]]}},
{"type":"Feature","properties":{"highway":"footway","name":null,"category":"Footpath (pedestrian only)"},"geometry":{"type":"MultiLineString","coordinates":[[[-2.2141695,53.4553057],[-2.21348,53.4549261]]]}},
{"type":"Feature","properties":{"highway":"footway","name":null,"category":"Footpath (pedestrian only)"},"geometry":{"type":"MultiLineString","coordinates":[[[-2.2130368,53.4548371],[-2.2128639,53.4547529],[-2.2125998,53.4546243],[-2.2121198,53.4543341],[-2.2120775,53.4543442],[-2.211975,53.4543686]]]}},
{"type":"Feature","properties":{"highway":"footway","name":null,"category":"Footpath (pedestrian only)"},"geometry":{"type":"MultiLineString","coordinates":[[[-2.2126613,53.4548287],[-2.2128639,53.4547529]]]}},
{"type":"Feature","properties":{"highway":"footway","name":null,"category":"Footpath (pedestrian only)"},"geometry":{"type":"MultiLineString","coordinates":[[[-2.21348,53.4549261],[-2.2130073,53.4546669],[-2.2123057,53.4542773]]]}},
{"type":"Feature","properties":{"highway":"footway","name":null,"category":"Footpath (pedestrian only)"},"geometry":{"type":"MultiLineString","coordinates":[[[-2.2123057,53.4542773],[-2.2122697,53.4542566],[-2.2122378,53.4542382]]]}},
{"type":"Feature","properties":{"highway":"footway","name":null,"category":"Footpath (pedestrian only)"},"geometry":{"type":"MultiLineString","coordinates":[[[-2.2122378,53.4542382],[-2.2117491,53.4539661]]]}},
{"type":"Feature","properties":{"highway":"footway","name":null,"category":"Footpath (pedestrian only)"},"geometry":{"type":"MultiLineString","coordinates":[[[-2.211767,53.4538469],[-2.2117678,53.4538868],[-2.2117184,53.4538957]]]}},
{"type":"Feature","properties":{"highway":"footway","name":null,"category":"Footpath (pedestrian only)"},"geometry":{"type":"MultiLineString","coordinates":[[[-2.2117678,53.4538868],[-2.2117491,53.4539661]]]}},
{"type":"Feature","properties":{"highway":"footway","name":null,"category":"Footpath (pedestrian only)"},"geometry":{"type":"MultiLineString","coordinates":[[[-2.2117678,53.4538868],[-2.2119074,53.4538418],[-2.2129131,53.4535921]]]}},
{"type":"Feature","properties":{"highway":"footway","name":null,"category":"Footpath (pedestrian only)"},"geometry":{"type":"MultiLineString","coordinates":[[[-2.2117184,53.4538957],[-2.2115864,53.4539274],[-2.2114739,53.4539544]]]}},
{"type":"Feature","properties":{"highway":"footway","name":null,"category":"Footpath (pedestrian only)"},"geometry":{"type":"MultiLineString","coordinates":[[[-2.211767,53.4538469],[-2.2117136,53.4537939],[-2.2116742,53.4537548]]]}},
{"type":"Feature","properties":{"highway":"footway","name":null,"category":"Footpath (pedestrian only)"},"geometry":{"type":"MultiLineString","coordinates":[[[-2.211386,53.4539602],[-2.211294,53.4539783],[-2.2110378,53.4540286]]]}},
{"type":"Feature","properties":{"highway":"footway","name":null,"category":"Footpath (pedestrian only)"},"geometry":{"type":"MultiLineString","coordinates":[[[-2.211294,53.4539783],[-2.2112798,53.4539505]]]}},
{"type":"Feature","properties":{"highway":"footway","name":null,"category":"Footpath (pedestrian only)"},"geometry":{"type":"MultiLineString","coordinates":[[[-2.211386,53.4539602],[-2.2114378,53.4539671],[-2.2114915,53.4539742],[-2.2120689,53.4542755],[-2.2114284,53.4544017]]]}},
{"type":"Feature","properties":{"highway":"footway","name":null,"category":"Footpath (pedestrian only)"},"geometry":{"type":"MultiLineString","coordinates":[[[-2.2120689,53.4542755],[-2.2120699,53.4542868]]]}},
{"type":"Feature","properties":{"highway":"footway","name":null,"category":"Footpath (pedestrian only)"},"geometry":{"type":"MultiLineString","coordinates":[[[-2.2120699,53.4542868],[-2.2120729,53.4543009],[-2.212079,53.4543301]]]}},
{"type":"Feature","properties":{"highway":"footway","name":null,"category":"Footpath (pedestrian only)"},"geometry":{"type":"MultiLineString","coordinates":[[[-2.212079,53.4543301],[-2.2120775,53.4543442]]]}},
{"type":"Feature","properties":{"highway":"footway","name":null,"category":"Footpath (pedestrian only)"},"geometry":{"type":"MultiLineString","coordinates":[[[-2.211975,53.4543686],[-2.2110137,53.4546009]]]}},
{"type":"Feature","properties":{"highway":"footway","name":null,"category":"Footpath (pedestrian only)"},"geometry":{"type":"MultiLineString","coordinates":[[[-2.2110303,53.4544794],[-2.2114284,53.4544017]]]}},
{"type":"Feature","properties":{"highway":"footway","name":null,"category":"Footpath (pedestrian only)"},"geometry":{"type":"MultiLineString","coordinates":[[[-2.2114739,53.4539544],[-2.2114378,53.4539671]]]}},
{"type":"Feature","properties":{"highway":"footway","name":null,"category":"Footpath (pedestrian only)"},"geometry":{"type":"MultiLineString","coordinates":[[[-2.2112798,53.4539505],[-2.2112473,53.4539008],[-2.2112157,53.4538535]]]}},
{"type":"Feature","properties":{"highway":"footway","name":null,"category":"Footpath (pedestrian only)"},"geometry":{"type":"MultiLineString","coordinates":[[[-2.2110173,53.4539174],[-2.2111589,53.4538719],[-2.2112112,53.4538282]]]}},
{"type":"Feature","properties":{"highway":"footway","name":null,"category":"Footpath (pedestrian only)"},"geometry":{"type":"MultiLineString","coordinates":[[[-2.2129131,53.4535921],[-2.2136038,53.4534378],[-2.2137909,53.453396]]]}},
{"type":"Feature","properties":{"highway":"footway","name":null,"category":"Footpath (pedestrian only)"},"geometry":{"type":"MultiLineString","coordinates":[[[-2.2151748,53.4553605],[-2.2154997,53.4553337],[-2.2161793,53.4552803],[-2.216272,53.4553151]]]}},
{"type":"Feature","properties":{"highway":"footway","name":null,"category":"Footpath (pedestrian only)"},"geometry":{"type":"MultiLineString","coordinates":[[[-2.2165094,53.4553376],[-2.2164755,53.4553006],[-2.2165277,53.4552588],[-2.2165754,53.4552588]]]}},
{"type":"Feature","properties":{"highway":"footway","name":null,"category":"Footpath (pedestrian only)"},"geometry":{"type":"MultiLineString","coordinates":[[[-2.2140388,53.4545811],[-2.2146828,53.4544106],[-2.2148125,53.4543962],[-2.2148685,53.4544028],[-2.21492,53.4544089],[-2.2149446,53.4544246],[-2.2150258,53.4544765],[-2.2154977,53.4547686],[-2.2155448,53.4547977],[-2.2155768,53.4548175],[-2.2160989,53.4551451],[-2.2161829,53.455203],[-2.2161699,53.4552042],[-2.2160819,53.4552122],[-2.2154229,53.4552441],[-2.2153836,53.4552492],[-2.2151534,53.455279],[-2.2148159,53.4553228]]]}},
{"type":"Feature","properties":{"highway":"footway","name":null,"category":"Footpath (pedestrian only)"},"geometry":{"type":"MultiLineString","coordinates":[[[-2.2158449,53.4544189],[-2.2155088,53.4542376],[-2.2153402,53.4542528],[-2.2151431,53.4543296],[-2.2151294,53.4543529],[-2.2151142,53.4543788],[-2.2152132,53.4544974],[-2.2154339,53.4546386],[-2.2160166,53.4550113],[-2.2162899,53.4551861],[-2.2165168,53.4551747]]]}},
{"type":"Feature","properties":{"highway":"footway","name":null,"category":"Footpath (pedestrian only)"},"geometry":{"type":"MultiLineString","coordinates":[[[-2.2162899,53.4551861],[-2.2162778,53.4551899]]]}},
{"type":"Feature","properties":{"highway":"footway","name":null,"category":"Footpath (pedestrian only)"},"geometry":{"type":"MultiLineString","coordinates":[[[-2.2161829,53.455203],[-2.2161935,53.4552012]]]}},
{"type":"Feature","properties":{"highway":"footway","name":null,"category":"Footpath (pedestrian only)"},"geometry":{"type":"MultiLineString","coordinates":[[[-2.2161935,53.4552012],[-2.21624,53.455195],[-2.2162778,53.4551899]]]}},
{"type":"Feature","properties":{"highway":"footway","name":null,"category":"Footpath (pedestrian only)"},"geometry":{"type":"MultiLineString","coordinates":[[[-2.2147882,53.4543153],[-2.2147791,53.4543056],[-2.2142013,53.453686]]]}},
{"type":"Feature","properties":{"highway":"footway","name":null,"category":"Footpath (pedestrian only)"},"geometry":{"type":"MultiLineString","coordinates":[[[-2.2143677,53.4537241],[-2.2148905,53.4542685],[-2.2149209,53.4542663],[-2.2149906,53.4542612],[-2.2154306,53.4541492]]]}},
{"type":"Feature","properties":{"highway":"footway","name":null,"category":"Footpath (pedestrian only)"},"geometry":{"type":"MultiLineString","coordinates":[[[-2.2151142,53.4543788],[-2.2150737,53.4543882]]]}},
{"type":"Feature","properties":{"highway":"footway","name":null,"category":"Footpath (pedestrian only)"},"geometry":{"type":"MultiLineString","coordinates":[[[-2.2149446,53.4544246],[-2.2149561,53.4544217]]]}},
{"type":"Feature","properties":{"highway":"footway","name":null,"category":"Footpath (pedestrian only)"},"geometry":{"type":"MultiLineString","coordinates":[[[-2.2150737,53.4543882],[-2.2149974,53.45441],[-2.2149561,53.4544217]]]}},
{"type":"Feature","properties":{"highway":"footway","name":null,"category":"Footpath (pedestrian only)"},"geometry":{"type":"MultiLineString","coordinates":[[[-2.2149209,53.4542663],[-2.2149457,53.4542806]]]}},
{"type":"Feature","properties":{"highway":"footway","name":null,"category":"Footpath (pedestrian only)"},"geometry":{"type":"MultiLineString","coordinates":[[[-2.2151294,53.4543529],[-2.2150947,53.4543411]]]}},
{"type":"Feature","properties":{"highway":"footway","name":null,"category":"Footpath (pedestrian only)"},"geometry":{"type":"MultiLineString","coordinates":[[[-2.2149457,53.4542806],[-2.2149986,53.4543021],[-2.2150947,53.4543411]]]}},
{"type":"Feature","properties":{"highway":"footway","name":null,"category":"Footpath (pedestrian only)"},"geometry":{"type":"MultiLineString","coordinates":[[[-2.2148685,53.4544028],[-2.2148483,53.4543805]]]}},
{"type":"Feature","properties":{"highway":"footway","name":null,"category":"Footpath (pedestrian only)"},"geometry":{"type":"MultiLineString","coordinates":[[[-2.2148483,53.4543805],[-2.2148204,53.4543503],[-2.2147882,53.4543153]]]}},
{"type":"Feature","properties":{"highway":"footway","name":null,"category":"Footpath (pedestrian only)"},"geometry":{"type":"MultiLineString","coordinates":[[[-2.2147791,53.4543056],[-2.2147889,53.4543009]]]}},
{"type":"Feature","properties":{"highway":"footway","name":null,"category":"Footpath (pedestrian only)"},"geometry":{"type":"MultiLineString","coordinates":[[[-2.2147889,53.4543009],[-2.2148372,53.4542838],[-2.2148747,53.4542706]]]}},
{"type":"Feature","properties":{"highway":"footway","name":null,"category":"Footpath (pedestrian only)"},"geometry":{"type":"MultiLineString","coordinates":[[[-2.2148905,53.4542685],[-2.2148747,53.4542706]]]}},
{"type":"Feature","properties":{"highway":"footway","name":null,"category":"Footpath (pedestrian only)"},"geometry":{"type":"MultiLineString","coordinates":[[[-2.2161793,53.4552803],[-2.2161818,53.4552729]]]}},
{"type":"Feature","properties":{"highway":"footway","name":null,"category":"Footpath (pedestrian only)"},"geometry":{"type":"MultiLineString","coordinates":[[[-2.2161699,53.4552042],[-2.2161738,53.4552125]]]}},
{"type":"Feature","properties":{"highway":"footway","name":null,"category":"Footpath (pedestrian only)"},"geometry":{"type":"MultiLineString","coordinates":[[[-2.2161738,53.4552125],[-2.2161767,53.4552341],[-2.2161818,53.4552729]]]}},
{"type":"Feature","properties":{"highway":"footway","name":null,"category":"Footpath (pedestrian only)"},"geometry":{"type":"MultiLineString","coordinates":[[[-2.2164755,53.4553006],[-2.2164638,53.455292]]]}},
{"type":"Feature","properties":{"highway":"footway","name":null,"category":"Footpath (pedestrian only)"},"geometry":{"type":"MultiLineString","coordinates":[[[-2.216272,53.4553151],[-2.2162815,53.455292]]]}},
{"type":"Feature","properties":{"highway":"footway","name":null,"category":"Footpath (pedestrian only)"},"geometry":{"type":"MultiLineString","coordinates":[[[-2.2164638,53.455292],[-2.2163913,53.455292],[-2.2162815,53.455292]]]}},
{"type":"Feature","properties":{"highway":"footway","name":null,"category":"Footpath (pedestrian only)"},"geometry":{"type":"MultiLineString","coordinates":[[[-2.2165754,53.4552588],[-2.2175392,53.4551542],[-2.2190978,53.4549476],[-2.2192523,53.4551479]]]}},
{"type":"Feature","properties":{"highway":"footway","name":null,"category":"Footpath (pedestrian only)"},"geometry":{"type":"MultiLineString","coordinates":[[[-2.2165168,53.4551747],[-2.2174698,53.4550659]]]}},
{"type":"Feature","properties":{"highway":"footway","name":null,"category":"Footpath (pedestrian only)"},"geometry":{"type":"MultiLineString","coordinates":[[[-2.2176356,53.4550463],[-2.2188124,53.4548912]]]}},
{"type":"Feature","properties":{"highway":"footway","name":null,"category":"Footpath (pedestrian only)"},"geometry":{"type":"MultiLineString","coordinates":[[[-2.2176356,53.4550463],[-2.2175745,53.4549878],[-2.2174371,53.4546103]]]}},
{"type":"Feature","properties":{"highway":"footway","name":null,"category":"Footpath (pedestrian only)"},"geometry":{"type":"MultiLineString","coordinates":[[[-2.217308,53.4546072],[-2.2174939,53.4550373],[-2.2174698,53.4550659]]]}},
{"type":"Feature","properties":{"highway":"footway","name":null,"category":"Footpath (pedestrian only)"},"geometry":{"type":"MultiLineString","coordinates":[[[-2.2188124,53.4548912],[-2.2189077,53.4548726]]]}},
{"type":"Feature","properties":{"highway":"footway","name":null,"category":"Footpath (pedestrian only)"},"geometry":{"type":"MultiLineString","coordinates":[[[-2.2189077,53.4548726],[-2.2192605,53.454795]]]}},
{"type":"Feature","properties":{"highway":"footway","name":null,"category":"Footpath (pedestrian only)"},"geometry":{"type":"MultiLineString","coordinates":[[[-2.2190978,53.4549476],[-2.2191318,53.4549427]]]}},
{"type":"Feature","properties":{"highway":"footway","name":null,"category":"Footpath (pedestrian only)"},"geometry":{"type":"MultiLineString","coordinates":[[[-2.2191318,53.4549427],[-2.2191958,53.4549312],[-2.2193065,53.4549114]]]}},
{"type":"Feature","properties":{"highway":"footway","name":null,"category":"Footpath (pedestrian only)"},"geometry":{"type":"MultiLineString","coordinates":[[[-2.2176356,53.4550463],[-2.2176087,53.4550466]]]}},
{"type":"Feature","properties":{"highway":"footway","name":null,"category":"Footpath (pedestrian only)"},"geometry":{"type":"MultiLineString","coordinates":[[[-2.2174698,53.4550659],[-2.2175002,53.4550589]]]}},
{"type":"Feature","properties":{"highway":"footway","name":null,"category":"Footpath (pedestrian only)"},"geometry":{"type":"MultiLineString","coordinates":[[[-2.2176087,53.4550466],[-2.2175643,53.4550516],[-2.2175002,53.4550589]]]}},
{"type":"Feature","properties":{"highway":"footway","name":null,"category":"Footpath (pedestrian only)"},"geometry":{"type":"MultiLineString","coordinates":[[[-2.217308,53.4546072],[-2.2172131,53.4543322],[-2.2169998,53.4542784]]]}},
{"type":"Feature","properties":{"highway":"footway","name":null,"category":"Footpath (pedestrian only)"},"geometry":{"type":"MultiLineString","coordinates":[[[-2.2174137,53.454553],[-2.217342,53.4543682],[-2.2173606,53.4543535],[-2.2174821,53.4542572],[-2.2176497,53.4542199],[-2.2178298,53.4542311],[-2.2185515,53.4541358],[-2.2186553,53.4541023],[-2.2187804,53.4540226],[-2.2192644,53.4539913]]]}},
{"type":"Feature","properties":{"highway":"footway","name":null,"category":"Footpath (pedestrian only)"},"geometry":{"type":"MultiLineString","coordinates":[[[-2.2169998,53.4542784],[-2.2169167,53.454255],[-2.2168403,53.4542335]]]}},
{"type":"Feature","properties":{"highway":"footway","name":null,"category":"Footpath (pedestrian only)"},"geometry":{"type":"MultiLineString","coordinates":[[[-2.2168403,53.4542335],[-2.2167037,53.4541896]]]}},
{"type":"Feature","properties":{"highway":"footway","name":null,"category":"Footpath (pedestrian only)"},"geometry":{"type":"MultiLineString","coordinates":[[[-2.2173606,53.4543535],[-2.2173343,53.454338]]]}},
{"type":"Feature","properties":{"highway":"footway","name":null,"category":"Footpath (pedestrian only)"},"geometry":{"type":"MultiLineString","coordinates":[[[-2.2172131,53.4543322],[-2.2172318,53.4543286]]]}},
{"type":"Feature","properties":{"highway":"footway","name":null,"category":"Footpath (pedestrian only)"},"geometry":{"type":"MultiLineString","coordinates":[[[-2.2173343,53.454338],[-2.217277,53.4543327],[-2.2172318,53.4543286]]]}},
{"type":"Feature","properties":{"highway":"footway","name":null,"category":"Footpath (pedestrian only)"},"geometry":{"type":"MultiLineString","coordinates":[[[-2.2192032,53.4539404],[-2.2187375,53.453957],[-2.2185192,53.454066],[-2.2182511,53.4541094],[-2.2179055,53.4541549],[-2.2176484,53.4541527],[-2.2175562,53.4541549],[-2.2174786,53.4541736],[-2.2172736,53.4542813],[-2.2167873,53.4541412]]]}},
{"type":"Feature","properties":{"highway":"footway","name":null,"category":"Footpath (pedestrian only)"},"geometry":{"type":"MultiLineString","coordinates":[[[-2.2167521,53.4541557],[-2.2167126,53.4541828]]]}},
{"type":"Feature","properties":{"highway":"footway","name":null,"category":"Footpath (pedestrian only)"},"geometry":{"type":"MultiLineString","coordinates":[[[-2.2167873,53.4541412],[-2.2167521,53.4541557]]]}},
{"type":"Feature","properties":{"highway":"footway","name":null,"category":"Footpath (pedestrian only)"},"geometry":{"type":"MultiLineString","coordinates":[[[-2.2167126,53.4541828],[-2.2167037,53.4541896]]]}},
{"type":"Feature","properties":{"highway":"footway","name":null,"category":"Footpath (pedestrian only)"},"geometry":{"type":"MultiLineString","coordinates":[[[-2.2174371,53.4546103],[-2.2174234,53.4545755],[-2.2174137,53.454553]]]}},
{"type":"Feature","properties":{"highway":"footway","name":null,"category":"Footpath (pedestrian only)"},"geometry":{"type":"MultiLineString","coordinates":[[[-2.2251093,53.4580785],[-2.2248754,53.4581129],[-2.224722,53.4581215],[-2.2244436,53.4581162],[-2.2242638,53.4581058],[-2.2240785,53.4580916],[-2.22359,53.4580276],[-2.2229319,53.4579266],[-2.2219692,53.4577487],[-2.22163,53.4576871],[-2.2212376,53.4576315],[-2.2211203,53.4576214],[-2.2208988,53.4576189],[-2.2206112,53.4576146],[-2.2202029,53.4576225],[-2.2198312,53.4576582],[-2.2194609,53.4576981],[-2.2192872,53.4577298]]]}},
{"type":"Feature","properties":{"highway":"footway","name":null,"category":"Footpath (pedestrian only)"},"geometry":{"type":"MultiLineString","coordinates":[[[-2.2203817,53.4575174],[-2.2201597,53.4575278],[-2.2197213,53.4575656],[-2.2195733,53.4575784],[-2.2193328,53.4576123]]]}},
{"type":"Feature","properties":{"highway":"footway","name":null,"category":"Footpath (pedestrian only)"},"geometry":{"type":"MultiLineString","coordinates":[[[-2.2217713,53.4575897],[-2.2216196,53.4575758],[-2.2212208,53.4575331],[-2.2208066,53.4575173],[-2.2205808,53.4575085]]]}},
{"type":"Feature","properties":{"highway":"footway","name":null,"category":"Footpath (pedestrian only)"},"geometry":{"type":"MultiLineString","coordinates":[[[-2.2205808,53.4575085],[-2.220539,53.45751],[-2.220447,53.4575143],[-2.2203817,53.4575174]]]}},
{"type":"Feature","properties":{"highway":"footway","name":null,"category":"Footpath (pedestrian only)"},"geometry":{"type":"MultiLineString","coordinates":[[[-2.222013,53.454902],[-2.2218281,53.4549375],[-2.2216964,53.4549437],[-2.2215292,53.4549493],[-2.2214597,53.4549598]]]}},
{"type":"Feature","properties":{"highway":"footway","name":null,"category":"Footpath (pedestrian only)"},"geometry":{"type":"MultiLineString","coordinates":[[[-2.2220162,53.4547869],[-2.2219117,53.4548124],[-2.2217403,53.4548516],[-2.2216107,53.454856],[-2.2215062,53.4548473],[-2.2214737,53.4548451]]]}},
{"type":"Feature","properties":{"highway":"footway","name":null,"category":"Footpath (pedestrian only)"},"geometry":{"type":"MultiLineString","coordinates":[[[-2.2207687,53.4544587],[-2.2207935,53.4544402],[-2.220885,53.4543985],[-2.2215713,53.4541728],[-2.2218084,53.4541077],[-2.2218766,53.45412],[-2.222,53.454167]]]}},
{"type":"Feature","properties":{"highway":"footway","name":null,"category":"Footpath (pedestrian only)"},"geometry":{"type":"MultiLineString","coordinates":[[[-2.2216882,53.4540039],[-2.2213591,53.4541238],[-2.2207691,53.4543275],[-2.2207083,53.4543433],[-2.220675,53.454352],[-2.2206252,53.4543472],[-2.2205722,53.4543164],[-2.2205245,53.4542644],[-2.2204271,53.4541193],[-2.2203719,53.4539685],[-2.2203426,53.453857],[-2.2203491,53.4537783],[-2.2203729,53.4536687]]]}},
{"type":"Feature","properties":{"highway":"footway","name":null,"category":"Footpath (pedestrian only)"},"geometry":{"type":"MultiLineString","coordinates":[[[-2.2201413,53.4536616],[-2.2201142,53.4537893],[-2.2201521,53.4539556],[-2.2202149,53.4540993],[-2.2203535,53.4542876],[-2.2203989,53.4543991],[-2.2203624,53.454433],[-2.2203285,53.4544645],[-2.2200175,53.4545786],[-2.2198137,53.4546436],[-2.2192605,53.454795]]]}},
{"type":"Feature","properties":{"highway":"footway","name":null,"category":"Footpath (pedestrian only)"},"geometry":{"type":"MultiLineString","coordinates":[[[-2.2205658,53.4545431],[-2.2204725,53.4545428],[-2.2203718,53.4545702],[-2.2193463,53.4549012],[-2.2193134,53.4549623],[-2.2195399,53.4554493]]]}},
{"type":"Feature","properties":{"highway":"footway","name":null,"category":"Footpath (pedestrian only)"},"geometry":{"type":"MultiLineString","coordinates":[[[-2.2193928,53.4554357],[-2.2192523,53.4551479]]]}},
{"type":"Feature","properties":{"highway":"footway","name":null,"category":"Footpath (pedestrian only)"},"geometry":{"type":"MultiLineString","coordinates":[[[-2.2193463,53.4549012],[-2.2193065,53.4549114]]]}},
{"type":"Feature","properties":{"highway":"footway","name":null,"category":"Footpath (pedestrian only)"},"geometry":{"type":"MultiLineString","coordinates":[[[-2.2207083,53.4543433],[-2.2207178,53.4543535]]]}},
{"type":"Feature","properties":{"highway":"footway","name":null,"category":"Footpath (pedestrian only)"},"geometry":{"type":"MultiLineString","coordinates":[[[-2.2206252,53.4543472],[-2.2205956,53.4543551]]]}},
{"type":"Feature","properties":{"highway":"footway","name":null,"category":"Footpath (pedestrian only)"},"geometry":{"type":"MultiLineString","coordinates":[[[-2.2203624,53.454433],[-2.2203822,53.4544492]]]}},
{"type":"Feature","properties":{"highway":"footway","name":null,"category":"Footpath (pedestrian only)"},"geometry":{"type":"MultiLineString","coordinates":[[[-2.2204725,53.4545428],[-2.2204613,53.4545292]]]}},
{"type":"Feature","properties":{"highway":"footway","name":null,"category":"Footpath (pedestrian only)"},"geometry":{"type":"MultiLineString","coordinates":[[[-2.2207935,53.4544402],[-2.2207793,53.4544241]]]}},
{"type":"Feature","properties":{"highway":"footway","name":null,"category":"Footpath (pedestrian only)"},"geometry":{"type":"MultiLineString","coordinates":[[[-2.2204613,53.4545292],[-2.2204223,53.4544897],[-2.2203822,53.4544492],[-2.2205277,53.4543809],[-2.2205956,53.4543551]]]}},
{"type":"Feature","properties":{"highway":"footway","name":null,"category":"Footpath (pedestrian only)"},"geometry":{"type":"MultiLineString","coordinates":[[[-2.2207793,53.4544241],[-2.2207486,53.4543889],[-2.2207178,53.4543535]]]}},
{"type":"Feature","properties":{"highway":"footway","name":null,"category":"Footpath (pedestrian only)"},"geometry":{"type":"MultiLineString","coordinates":[[[-2.2216882,53.4540039],[-2.2216624,53.4539638],[-2.2216533,53.4539167],[-2.2216637,53.4538712],[-2.2216727,53.4538118],[-2.2217116,53.4537509],[-2.221753,53.4537053]]]}},
{"type":"Feature","properties":{"highway":"footway","name":null,"category":"Footpath (pedestrian only)"},"geometry":{"type":"MultiLineString","coordinates":[[[-2.2247238,53.454667],[-2.2246554,53.4545504],[-2.2246115,53.4545594],[-2.2241864,53.4546479],[-2.2241627,53.4546556]]]}},
{"type":"Feature","properties":{"highway":"footway","name":null,"category":"Footpath (pedestrian only)"},"geometry":{"type":"MultiLineString","coordinates":[[[-2.2241627,53.4546556],[-2.2240933,53.4546719],[-2.2240534,53.4546812]]]}},
{"type":"Feature","properties":{"highway":"footway","name":null,"category":"Footpath (pedestrian only)"},"geometry":{"type":"MultiLineString","coordinates":[[[-2.2240534,53.4546812],[-2.22304,53.4548936]]]}},
{"type":"Feature","properties":{"highway":"footway","name":null,"category":"Footpath (pedestrian only)"},"geometry":{"type":"MultiLineString","coordinates":[[[-2.22304,53.4548936],[-2.2230037,53.4548959],[-2.2229767,53.4548628],[-2.222795,53.4546398],[-2.2227662,53.4546434],[-2.222013,53.454902]]]}},
{"type":"Feature","properties":{"highway":"footway","name":null,"category":"Footpath (pedestrian only)"},"geometry":{"type":"MultiLineString","coordinates":[[[-2.2220162,53.4547869],[-2.2223125,53.4546847],[-2.2227028,53.4545458],[-2.2226565,53.4544385],[-2.2224342,53.4542199],[-2.2222853,53.4542223],[-2.2221073,53.4542031],[-2.222,53.454167]]]}},
{"type":"Feature","properties":{"highway":"footway","name":null,"category":"Footpath (pedestrian only)"},"geometry":{"type":"MultiLineString","coordinates":[[[-2.2246115,53.4545594],[-2.2246075,53.4545526]]]}},
{"type":"Feature","properties":{"highway":"footway","name":null,"category":"Footpath (pedestrian only)"},"geometry":{"type":"MultiLineString","coordinates":[[[-2.2246075,53.4545526],[-2.2245856,53.4545237],[-2.224571,53.4545043]]]}},
{"type":"Feature","properties":{"highway":"footway","name":null,"category":"Footpath (pedestrian only)"},"geometry":{"type":"MultiLineString","coordinates":[[[-2.224571,53.4545043],[-2.224563,53.454494]]]}},
{"type":"Feature","properties":{"highway":"footway","name":null,"category":"Footpath (pedestrian only)"},"geometry":{"type":"MultiLineString","coordinates":[[[-2.224563,53.454494],[-2.2245836,53.454469],[-2.2243635,53.4542591],[-2.224297,53.4542071],[-2.2239246,53.4538949],[-2.2236522,53.4536868]]]}},
{"type":"Feature","properties":{"highway":"footway","name":null,"category":"Footpath (pedestrian only)"},"geometry":{"type":"MultiLineString","coordinates":[[[-2.224563,53.454494],[-2.2239627,53.4546154],[-2.2239002,53.4546301],[-2.2231197,53.4548137],[-2.2230556,53.4547826],[-2.222827,53.4544824],[-2.2226163,53.4542058],[-2.2226308,53.4541742],[-2.2226406,53.4541529],[-2.222841,53.4539916],[-2.2228626,53.4539082],[-2.2228688,53.4537934],[-2.2228771,53.4537511],[-2.2229535,53.4537149]]]}},
{"type":"Feature","properties":{"highway":"footway","name":null,"category":"Footpath (pedestrian only)"},"geometry":{"type":"MultiLineString","coordinates":[[[-2.222795,53.4546398],[-2.2227803,53.4546297]]]}},
{"type":"Feature","properties":{"highway":"footway","name":null,"category":"Footpath (pedestrian only)"},"geometry":{"type":"MultiLineString","coordinates":[[[-2.2227028,53.4545458],[-2.222709,53.4545619]]]}},
{"type":"Feature","properties":{"highway":"footway","name":null,"category":"Footpath (pedestrian only)"},"geometry":{"type":"MultiLineString","coordinates":[[[-2.2227803,53.4546297],[-2.2227543,53.454605],[-2.222709,53.4545619]]]}},
{"type":"Feature","properties":{"highway":"footway","name":null,"category":"Footpath (pedestrian only)"},"geometry":{"type":"MultiLineString","coordinates":[[[-2.2226308,53.4541742],[-2.2226023,53.4541789]]]}},
{"type":"Feature","properties":{"highway":"footway","name":null,"category":"Footpath (pedestrian only)"},"geometry":{"type":"MultiLineString","coordinates":[[[-2.2226023,53.4541789],[-2.2225334,53.4541948],[-2.2224583,53.4542121]]]}},
{"type":"Feature","properties":{"highway":"footway","name":null,"category":"Footpath (pedestrian only)"},"geometry":{"type":"MultiLineString","coordinates":[[[-2.2224583,53.4542121],[-2.2224342,53.4542199]]]}},
{"type":"Feature","properties":{"highway":"footway","name":null,"category":"Footpath (pedestrian only)"},"geometry":{"type":"MultiLineString","coordinates":[[[-2.2228771,53.4537511],[-2.2228693,53.4537437]]]}},
{"type":"Feature","properties":{"highway":"footway","name":null,"category":"Footpath (pedestrian only)"},"geometry":{"type":"MultiLineString","coordinates":[[[-2.2228693,53.4537437],[-2.2228358,53.4537125],[-2.222813,53.4536775]]]}},
{"type":"Feature","properties":{"highway":"footway","name":null,"category":"Footpath (pedestrian only)"},"geometry":{"type":"MultiLineString","coordinates":[[[-2.2247887,53.4543675],[-2.2241567,53.4538366],[-2.2240917,53.4537828],[-2.224073,53.4537671],[-2.2242591,53.4536957]]]}},
{"type":"Feature","properties":{"highway":"footway","name":null,"category":"Footpath (pedestrian only)"},"geometry":{"type":"MultiLineString","coordinates":[[[-2.2240917,53.4537828],[-2.2240749,53.45379]]]}},
{"type":"Feature","properties":{"highway":"footway","name":null,"category":"Footpath (pedestrian only)"},"geometry":{"type":"MultiLineString","coordinates":[[[-2.2240749,53.45379],[-2.224042,53.4538118]]]}},
{"type":"Feature","properties":{"highway":"footway","name":null,"category":"Footpath (pedestrian only)"},"geometry":{"type":"MultiLineString","coordinates":[[[-2.224042,53.4538118],[-2.2240649,53.453828]]]}},
{"type":"Feature","properties":{"highway":"footway","name":null,"category":"Footpath (pedestrian only)"},"geometry":{"type":"MultiLineString","coordinates":[[[-2.2240441,53.4538374],[-2.2239917,53.4538611],[-2.2239366,53.4538861]]]}},
{"type":"Feature","properties":{"highway":"footway","name":null,"category":"Footpath (pedestrian only)"},"geometry":{"type":"MultiLineString","coordinates":[[[-2.2239366,53.4538861],[-2.2239246,53.4538949]]]}},
{"type":"Feature","properties":{"highway":"footway","name":null,"category":"Footpath (pedestrian only)"},"geometry":{"type":"MultiLineString","coordinates":[[[-2.2241567,53.4538366],[-2.2241409,53.4538447]]]}},
{"type":"Feature","properties":{"highway":"footway","name":null,"category":"Footpath (pedestrian only)"},"geometry":{"type":"MultiLineString","coordinates":[[[-2.2241409,53.4538447],[-2.2241115,53.4538566]]]}},
{"type":"Feature","properties":{"highway":"footway","name":null,"category":"Footpath (pedestrian only)"},"geometry":{"type":"MultiLineString","coordinates":[[[-2.2241115,53.4538566],[-2.2240649,53.453828]]]}},
{"type":"Feature","properties":{"highway":"footway","name":null,"category":"Footpath (pedestrian only)"},"geometry":{"type":"MultiLineString","coordinates":[[[-2.2240649,53.453828],[-2.2240441,53.4538374]]]}},
{"type":"Feature","properties":{"highway":"footway","name":null,"category":"Footpath (pedestrian only)"},"geometry":{"type":"MultiLineString","coordinates":[[[-2.224073,53.4537671],[-2.2240582,53.453764]]]}},
{"type":"Feature","properties":{"highway":"footway","name":null,"category":"Footpath (pedestrian only)"},"geometry":{"type":"MultiLineString","coordinates":[[[-2.2240582,53.453764],[-2.2240177,53.4537321],[-2.223975,53.4536984]]]}},
{"type":"Feature","properties":{"highway":"footway","name":null,"category":"Footpath (pedestrian only)"},"geometry":{"type":"MultiLineString","coordinates":[[[-2.2247139,53.455124],[-2.2249103,53.4550801],[-2.2249495,53.455071],[-2.2249289,53.4550039],[-2.2247299,53.4546764],[-2.2247238,53.454667]]]}},
{"type":"Feature","properties":{"highway":"footway","name":null,"category":"Footpath (pedestrian only)"},"geometry":{"type":"MultiLineString","coordinates":[[[-2.2247556,53.4546656],[-2.2247299,53.4546764]]]}},
{"type":"Feature","properties":{"highway":"footway","name":null,"category":"Footpath (pedestrian only)"},"geometry":{"type":"MultiLineString","coordinates":[[[-2.2247556,53.4546656],[-2.2248124,53.4546517]]]}},
{"type":"Feature","properties":{"highway":"footway","name":null,"category":"Footpath (pedestrian only)"},"geometry":{"type":"MultiLineString","coordinates":[[[-2.2248124,53.4546517],[-2.2248255,53.4546481],[-2.2248379,53.454645]]]}},
{"type":"Feature","properties":{"highway":"footway","name":null,"category":"Footpath (pedestrian only)"},"geometry":{"type":"MultiLineString","coordinates":[[[-2.2248961,53.4546323],[-2.2248379,53.454645]]]}},
{"type":"Feature","properties":{"highway":"footway","name":null,"category":"Footpath (pedestrian only)"},"geometry":{"type":"MultiLineString","coordinates":[[[-2.2248961,53.4546323],[-2.2249185,53.4546285]]]}},
{"type":"Feature","properties":{"highway":"footway","name":null,"category":"Footpath (pedestrian only)"},"geometry":{"type":"MultiLineString","coordinates":[[[-2.2249185,53.4546285],[-2.2249702,53.4546218]]]}},
{"type":"Feature","properties":{"highway":"footway","name":null,"category":"Footpath (pedestrian only)"},"geometry":{"type":"MultiLineString","coordinates":[[[-2.2249702,53.4546218],[-2.2249835,53.4546199]]]}},
{"type":"Feature","properties":{"highway":"footway","name":null,"category":"Footpath (pedestrian only)"},"geometry":{"type":"MultiLineString","coordinates":[[[-2.2249835,53.4546199],[-2.2247887,53.4543675]]]}},
{"type":"Feature","properties":{"highway":"footway","name":null,"category":"Footpath (pedestrian only)"},"geometry":{"type":"MultiLineString","coordinates":[[[-2.2249835,53.4546199],[-2.2251235,53.4549798],[-2.2251764,53.4551158],[-2.2256129,53.4550484]]]}},
{"type":"Feature","properties":{"highway":"footway","name":null,"category":"Footpath (pedestrian only)"},"geometry":{"type":"MultiLineString","coordinates":[[[-2.2267135,53.4540358],[-2.2267203,53.454011],[-2.2266154,53.4537095],[-2.2265218,53.453443],[-2.2265091,53.4534308],[-2.2264879,53.4534273],[-2.2260616,53.453471],[-2.2260273,53.4534795],[-2.2260122,53.4534957],[-2.2260151,53.4535186],[-2.2261211,53.4538331]]]}},
{"type":"Feature","properties":{"highway":"footway","name":null,"category":"Footpath (pedestrian only)"},"geometry":{"type":"MultiLineString","coordinates":[[[-2.2142013,53.453686],[-2.2139113,53.4533766],[-2.2137909,53.453396]]]}},
{"type":"Feature","properties":{"highway":"footway","name":null,"category":"Footpath (pedestrian only)"},"geometry":{"type":"MultiLineString","coordinates":[[[-2.2143677,53.4537241],[-2.2140624,53.4533395],[-2.2155995,53.453],[-2.2165331,53.4527938]]]}},
{"type":"Feature","properties":{"highway":"footway","name":null,"category":"Footpath (pedestrian only)"},"geometry":{"type":"MultiLineString","coordinates":[[[-2.2140624,53.4533395],[-2.2140449,53.4533449]]]}},
{"type":"Feature","properties":{"highway":"footway","name":null,"category":"Footpath (pedestrian only)"},"geometry":{"type":"MultiLineString","coordinates":[[[-2.2139113,53.4533766],[-2.2139175,53.453369]]]}},
{"type":"Feature","properties":{"highway":"footway","name":null,"category":"Footpath (pedestrian only)"},"geometry":{"type":"MultiLineString","coordinates":[[[-2.2139175,53.453369],[-2.2140196,53.4533497],[-2.2140449,53.4533449]]]}},
{"type":"Feature","properties":{"highway":"footway","name":null,"category":"Footpath (pedestrian only)"},"geometry":{"type":"MultiLineString","coordinates":[[[-2.2152057,53.4536442],[-2.2151838,53.4536217],[-2.2151958,53.453572],[-2.2152356,53.4535542],[-2.2153062,53.4535601],[-2.2154087,53.4535251],[-2.215582,53.4534872],[-2.2157143,53.4534937],[-2.215787,53.4535132],[-2.2160608,53.4536674],[-2.2165266,53.4535992]]]}},
{"type":"Feature","properties":{"highway":"footway","name":null,"category":"Footpath (pedestrian only)"},"geometry":{"type":"MultiLineString","coordinates":[[[-2.2165157,53.453681],[-2.2161912,53.4537118],[-2.2161452,53.4537203],[-2.2161115,53.4537266],[-2.2160399,53.4537296],[-2.2159533,53.4536928],[-2.2157343,53.4535678],[-2.2156725,53.4535358],[-2.2155571,53.4535435],[-2.2153938,53.4535873],[-2.2153839,53.4536128],[-2.215345,53.4536443],[-2.2152913,53.4536579],[-2.2152485,53.4536525],[-2.2152057,53.4536442]]]}},
{"type":"Feature","properties":{"highway":"footway","name":null,"category":"Footpath (pedestrian only)"},"geometry":{"type":"MultiLineString","coordinates":[[[-2.2192761,53.4524087],[-2.21877,53.4525225],[-2.2186163,53.452557],[-2.2181421,53.4526636],[-2.2181731,53.45272],[-2.2183811,53.45289],[-2.2185245,53.4529365],[-2.2187511,53.4529051],[-2.2188966,53.4528849],[-2.2192706,53.452833],[-2.2196358,53.4527856],[-2.2197912,53.4527654],[-2.2207415,53.4526419],[-2.2210161,53.4526066],[-2.2209207,53.4524623],[-2.2209067,53.4524427],[-2.2207719,53.4522724]]]}},
{"type":"Feature","properties":{"highway":"footway","name":null,"category":"Footpath (pedestrian only)"},"geometry":{"type":"MultiLineString","coordinates":[[[-2.2214348,53.4526262],[-2.219252,53.4528949],[-2.2185648,53.4529928],[-2.2184609,53.4532339],[-2.2184624,53.4533919],[-2.2185804,53.4536203],[-2.2186642,53.4536757],[-2.2192909,53.4535953]]]}},
{"type":"Feature","properties":{"highway":"footway","name":null,"category":"Footpath (pedestrian only)"},"geometry":{"type":"MultiLineString","coordinates":[[[-2.2180114,53.4526837],[-2.218425,53.4530598],[-2.2182807,53.4533415],[-2.2165266,53.4535992]]]}},
{"type":"Feature","properties":{"highway":"footway","name":null,"category":"Footpath (pedestrian only)"},"geometry":{"type":"MultiLineString","coordinates":[[[-2.2165331,53.4527938],[-2.216972,53.4527593],[-2.2173931,53.4527287],[-2.2180114,53.4526837]]]}},
{"type":"Feature","properties":{"highway":"footway","name":null,"category":"Footpath (pedestrian only)"},"geometry":{"type":"MultiLineString","coordinates":[[[-2.2173893,53.4526394],[-2.2173883,53.4526313]]]}},
{"type":"Feature","properties":{"highway":"footway","name":null,"category":"Footpath (pedestrian only)"},"geometry":{"type":"MultiLineString","coordinates":[[[-2.2173883,53.4526313],[-2.2170867,53.452651]]]}},
{"type":"Feature","properties":{"highway":"footway","name":null,"category":"Footpath (pedestrian only)"},"geometry":{"type":"MultiLineString","coordinates":[[[-2.2173883,53.4526313],[-2.2176011,53.4526069],[-2.2175679,53.4525452]]]}},
{"type":"Feature","properties":{"highway":"footway","name":null,"category":"Footpath (pedestrian only)"},"geometry":{"type":"MultiLineString","coordinates":[[[-2.2173893,53.4526394],[-2.2173901,53.4526796],[-2.2173899,53.452686]]]}},
{"type":"Feature","properties":{"highway":"footway","name":null,"category":"Footpath (pedestrian only)"},"geometry":{"type":"MultiLineString","coordinates":[[[-2.2173899,53.452686],[-2.21739,53.4526973]]]}},
{"type":"Feature","properties":{"highway":"footway","name":null,"category":"Footpath (pedestrian only)"},"geometry":{"type":"MultiLineString","coordinates":[[[-2.21739,53.4526973],[-2.2173928,53.452723]]]}},
{"type":"Feature","properties":{"highway":"footway","name":null,"category":"Footpath (pedestrian only)"},"geometry":{"type":"MultiLineString","coordinates":[[[-2.2173928,53.452723],[-2.2173931,53.4527287]]]}},
{"type":"Feature","properties":{"highway":"footway","name":null,"category":"Footpath (pedestrian only)"},"geometry":{"type":"MultiLineString","coordinates":[[[-2.2186392,53.4524213],[-2.2177924,53.4525911],[-2.217718,53.4525148]]]}},
{"type":"Feature","properties":{"highway":"footway","name":null,"category":"Footpath (pedestrian only)"},"geometry":{"type":"MultiLineString","coordinates":[[[-2.2176011,53.4526069],[-2.2176181,53.4526107]]]}},
{"type":"Feature","properties":{"highway":"footway","name":null,"category":"Footpath (pedestrian only)"},"geometry":{"type":"MultiLineString","coordinates":[[[-2.2177924,53.4525911],[-2.2177532,53.452596]]]}},
{"type":"Feature","properties":{"highway":"footway","name":null,"category":"Footpath (pedestrian only)"},"geometry":{"type":"MultiLineString","coordinates":[[[-2.2177532,53.452596],[-2.2177038,53.4526014],[-2.2176181,53.4526107]]]}},
{"type":"Feature","properties":{"highway":"footway","name":null,"category":"Footpath (pedestrian only)"},"geometry":{"type":"MultiLineString","coordinates":[[[-2.2181421,53.4526636],[-2.2181215,53.4526586]]]}},
{"type":"Feature","properties":{"highway":"footway","name":null,"category":"Footpath (pedestrian only)"},"geometry":{"type":"MultiLineString","coordinates":[[[-2.2180114,53.4526837],[-2.2180117,53.4526736]]]}},
{"type":"Feature","properties":{"highway":"footway","name":null,"category":"Footpath (pedestrian only)"},"geometry":{"type":"MultiLineString","coordinates":[[[-2.2181215,53.4526586],[-2.2180731,53.4526652],[-2.2180117,53.4526736]]]}},
{"type":"Feature","properties":{"highway":"footway","name":null,"category":"Footpath (pedestrian only)"},"geometry":{"type":"MultiLineString","coordinates":[[[-2.2192416,53.4523052],[-2.2190791,53.4523371],[-2.2187872,53.4523943],[-2.2187008,53.4523041]]]}},
{"type":"Feature","properties":{"highway":"footway","name":null,"category":"Footpath (pedestrian only)"},"geometry":{"type":"MultiLineString","coordinates":[[[-2.2187872,53.4523943],[-2.2187694,53.4523986]]]}},
{"type":"Feature","properties":{"highway":"footway","name":null,"category":"Footpath (pedestrian only)"},"geometry":{"type":"MultiLineString","coordinates":[[[-2.2187694,53.4523986],[-2.218714,53.4524083],[-2.2186392,53.4524213]]]}},
{"type":"Feature","properties":{"highway":"footway","name":null,"category":"Footpath (pedestrian only)"},"geometry":{"type":"MultiLineString","coordinates":[[[-2.2165157,53.453681],[-2.2168992,53.4536234],[-2.2183311,53.4534111],[-2.2183791,53.4534352],[-2.2185275,53.4537295],[-2.218534,53.4537423]]]}},
{"type":"Feature","properties":{"highway":"footway","name":null,"category":"Footpath (pedestrian only)"},"geometry":{"type":"MultiLineString","coordinates":[[[-2.2183311,53.4534111],[-2.2183291,53.4534013]]]}},
{"type":"Feature","properties":{"highway":"footway","name":null,"category":"Footpath (pedestrian only)"},"geometry":{"type":"MultiLineString","coordinates":[[[-2.2182807,53.4533415],[-2.2183035,53.4533451]]]}},
{"type":"Feature","properties":{"highway":"footway","name":null,"category":"Footpath (pedestrian only)"},"geometry":{"type":"MultiLineString","coordinates":[[[-2.2183291,53.4534013],[-2.2183114,53.4533625],[-2.2183035,53.4533451]]]}},
{"type":"Feature","properties":{"highway":"footway","name":null,"category":"Footpath (pedestrian only)"},"geometry":{"type":"MultiLineString","coordinates":[[[-2.2185648,53.4529928],[-2.2185596,53.4529878]]]}},
{"type":"Feature","properties":{"highway":"footway","name":null,"category":"Footpath (pedestrian only)"},"geometry":{"type":"MultiLineString","coordinates":[[[-2.2185245,53.4529365],[-2.2185361,53.4529495]]]}},
{"type":"Feature","properties":{"highway":"footway","name":null,"category":"Footpath (pedestrian only)"},"geometry":{"type":"MultiLineString","coordinates":[[[-2.2185596,53.4529878],[-2.2185533,53.4529775],[-2.2185361,53.4529495]]]}},
{"type":"Feature","properties":{"highway":"footway","name":null,"category":"Footpath (pedestrian only)"},"geometry":{"type":"MultiLineString","coordinates":[[[-2.2201413,53.4536616],[-2.2201865,53.4535537],[-2.2201387,53.453524],[-2.220011,53.4535324],[-2.2193068,53.4536702],[-2.2192849,53.4536951],[-2.2193108,53.4537414]]]}},
{"type":"Feature","properties":{"highway":"footway","name":null,"category":"Footpath (pedestrian only)"},"geometry":{"type":"MultiLineString","coordinates":[[[-2.2192909,53.4535953],[-2.2210783,53.4532009]]]}},
{"type":"Feature","properties":{"highway":"footway","name":null,"category":"Footpath (pedestrian only)"},"geometry":{"type":"MultiLineString","coordinates":[[[-2.2212358,53.4532698],[-2.220783,53.4533732],[-2.2205915,53.453435],[-2.2204259,53.4535347],[-2.2203681,53.4536333],[-2.2203729,53.4536687]]]}},
{"type":"Feature","properties":{"highway":"footway","name":null,"category":"Footpath (pedestrian only)"},"geometry":{"type":"MultiLineString","coordinates":[[[-2.221753,53.4537053],[-2.2218221,53.4536389],[-2.2218393,53.4536224]]]}},
{"type":"Feature","properties":{"highway":"footway","name":null,"category":"Footpath (pedestrian only)"},"geometry":{"type":"MultiLineString","coordinates":[[[-2.2218393,53.4536224],[-2.2218685,53.4536039],[-2.2219153,53.4535798]]]}},
{"type":"Feature","properties":{"highway":"footway","name":null,"category":"Footpath (pedestrian only)"},"geometry":{"type":"MultiLineString","coordinates":[[[-2.2219153,53.4535798],[-2.2219264,53.4535673]]]}},
{"type":"Feature","properties":{"highway":"footway","name":null,"category":"Footpath (pedestrian only)"},"geometry":{"type":"MultiLineString","coordinates":[[[-2.2219264,53.4535673],[-2.2220122,53.4535325]]]}},
{"type":"Feature","properties":{"highway":"footway","name":null,"category":"Footpath (pedestrian only)"},"geometry":{"type":"MultiLineString","coordinates":[[[-2.2219264,53.4535673],[-2.2213938,53.4532108],[-2.221237,53.4531773],[-2.2211716,53.453187],[-2.2210783,53.4532009]]]}},
{"type":"Feature","properties":{"highway":"footway","name":null,"category":"Footpath (pedestrian only)"},"geometry":{"type":"MultiLineString","coordinates":[[[-2.2212358,53.4532698],[-2.2212941,53.4532625],[-2.221365,53.4533037],[-2.2218221,53.4536389]]]}},
{"type":"Feature","properties":{"highway":"footway","name":null,"category":"Footpath (pedestrian only)"},"geometry":{"type":"MultiLineString","coordinates":[[[-2.2207719,53.4522724],[-2.2205544,53.4522979],[-2.2202612,53.4523335],[-2.2197672,53.4523395],[-2.219628,53.452353],[-2.2195462,53.452361],[-2.2194674,53.4523749],[-2.2192761,53.4524087]]]}},
{"type":"Feature","properties":{"highway":"footway","name":null,"category":"Footpath (pedestrian only)"},"geometry":{"type":"MultiLineString","coordinates":[[[-2.2192416,53.4523052],[-2.2193736,53.452277]]]}},
{"type":"Feature","properties":{"highway":"footway","name":null,"category":"Footpath (pedestrian only)"},"geometry":{"type":"MultiLineString","coordinates":[[[-2.2193736,53.452277],[-2.2194523,53.4522652],[-2.2194975,53.4522584]]]}},
{"type":"Feature","properties":{"highway":"footway","name":null,"category":"Footpath (pedestrian only)"},"geometry":{"type":"MultiLineString","coordinates":[[[-2.2194975,53.4522584],[-2.219758,53.4522179],[-2.2200834,53.4522137],[-2.2201051,53.4522134]]]}},
{"type":"Feature","properties":{"highway":"footway","name":null,"category":"Footpath (pedestrian only)"},"geometry":{"type":"MultiLineString","coordinates":[[[-2.2220054,53.4515654],[-2.2221531,53.451842],[-2.22215,53.4518585],[-2.2221438,53.4518668],[-2.2221268,53.4518755],[-2.2221072,53.451883],[-2.2207612,53.4521424],[-2.2202603,53.452213],[-2.2202453,53.4522151]]]}},
{"type":"Feature","properties":{"highway":"footway","name":null,"category":"Footpath (pedestrian only)"},"geometry":{"type":"MultiLineString","coordinates":[[[-2.2201051,53.4522134],[-2.2201949,53.452214],[-2.2202453,53.4522151]]]}},
{"type":"Feature","properties":{"highway":"footway","name":null,"category":"Footpath (pedestrian only)"},"geometry":{"type":"MultiLineString","coordinates":[[[-2.2200834,53.4522137],[-2.2200783,53.4521668],[-2.2200053,53.4520573]]]}},
{"type":"Feature","properties":{"highway":"footway","name":null,"category":"Footpath (pedestrian only)"},"geometry":{"type":"MultiLineString","coordinates":[[[-2.2202603,53.452213],[-2.2200077,53.4519323]]]}},
{"type":"Feature","properties":{"highway":"footway","name":null,"category":"Footpath (pedestrian only)"},"geometry":{"type":"MultiLineString","coordinates":[[[-2.222102,53.4519876],[-2.2218425,53.4520474],[-2.2214383,53.4521345],[-2.2209321,53.4522345],[-2.2209305,53.4522987],[-2.2211154,53.4525767],[-2.2214882,53.4525345]]]}},
{"type":"Feature","properties":{"highway":"footway","name":null,"category":"Footpath (pedestrian only)"},"geometry":{"type":"MultiLineString","coordinates":[[[-2.2211154,53.4525767],[-2.2211053,53.4525811]]]}},
{"type":"Feature","properties":{"highway":"footway","name":null,"category":"Footpath (pedestrian only)"},"geometry":{"type":"MultiLineString","coordinates":[[[-2.2210161,53.4526066],[-2.2210375,53.4526027]]]}},
{"type":"Feature","properties":{"highway":"footway","name":null,"category":"Footpath (pedestrian only)"},"geometry":{"type":"MultiLineString","coordinates":[[[-2.2211053,53.4525811],[-2.2210734,53.4525913],[-2.2210375,53.4526027]]]}},
{"type":"Feature","properties":{"highway":"footway","name":null,"category":"Footpath (pedestrian only)"},"geometry":{"type":"MultiLineString","coordinates":[[[-2.2236522,53.4536868],[-2.2234527,53.4535414],[-2.2233592,53.4535739],[-2.2229535,53.4537149]]]}},
{"type":"Feature","properties":{"highway":"footway","name":null,"category":"Footpath (pedestrian only)"},"geometry":{"type":"MultiLineString","coordinates":[[[-2.223975,53.4536984],[-2.2239761,53.4536884]]]}},
{"type":"Feature","properties":{"highway":"footway","name":null,"category":"Footpath (pedestrian only)"},"geometry":{"type":"MultiLineString","coordinates":[[[-2.2239761,53.4536884],[-2.2242057,53.4535955],[-2.2242792,53.4535852],[-2.2246353,53.4535405],[-2.2246409,53.4535344]]]}},
{"type":"Feature","properties":{"highway":"footway","name":null,"category":"Footpath (pedestrian only)"},"geometry":{"type":"MultiLineString","coordinates":[[[-2.2239761,53.4536884],[-2.2234916,53.453294],[-2.2232982,53.4531366],[-2.2233714,53.453067],[-2.223546,53.4530326],[-2.2235996,53.4530198],[-2.2237007,53.4529978],[-2.2244053,53.4529122],[-2.224422,53.4529141]]]}},
{"type":"Feature","properties":{"highway":"footway","name":null,"category":"Footpath (pedestrian only)"},"geometry":{"type":"MultiLineString","coordinates":[[[-2.2244853,53.4530934],[-2.224518,53.4531862],[-2.2238848,53.4532589]]]}},
{"type":"Feature","properties":{"highway":"footway","name":null,"category":"Footpath (pedestrian only)"},"geometry":{"type":"MultiLineString","coordinates":[[[-2.2239501,53.4533153],[-2.2245397,53.4532476],[-2.2245827,53.4533695]]]}},
{"type":"Feature","properties":{"highway":"footway","name":null,"category":"Footpath (pedestrian only)"},"geometry":{"type":"MultiLineString","coordinates":[[[-2.2246409,53.4535344],[-2.2246383,53.4535271],[-2.2245912,53.4533937],[-2.2245827,53.4533695]]]}},
{"type":"Feature","properties":{"highway":"footway","name":null,"category":"Footpath (pedestrian only)"},"geometry":{"type":"MultiLineString","coordinates":[[[-2.2247425,53.4535117],[-2.2246999,53.453381],[-2.2246068,53.4530949]]]}},
{"type":"Feature","properties":{"highway":"footway","name":null,"category":"Footpath (pedestrian only)"},"geometry":{"type":"MultiLineString","coordinates":[[[-2.2246068,53.4530949],[-2.22459,53.4530435],[-2.2245829,53.4530215]]]}},
{"type":"Feature","properties":{"highway":"footway","name":null,"category":"Footpath (pedestrian only)"},"geometry":{"type":"MultiLineString","coordinates":[[[-2.2245829,53.4530215],[-2.224554,53.4529157],[-2.2245561,53.4529022],[-2.2245728,53.4528945],[-2.2247702,53.4528804],[-2.2250392,53.452854],[-2.2250617,53.452859],[-2.2250768,53.4528702],[-2.2250806,53.4529946],[-2.2251919,53.4533176],[-2.2252619,53.453448],[-2.2252614,53.4534642],[-2.2252525,53.4534754],[-2.2252361,53.453481],[-2.2248028,53.4535269],[-2.2247746,53.4535269],[-2.2247583,53.4535229],[-2.2247425,53.4535117]]]}},
{"type":"Feature","properties":{"highway":"footway","name":null,"category":"Footpath (pedestrian only)"},"geometry":{"type":"MultiLineString","coordinates":[[[-2.224422,53.4529141],[-2.2244258,53.4529248],[-2.2244657,53.4530379]]]}},
{"type":"Feature","properties":{"highway":"footway","name":null,"category":"Footpath (pedestrian only)"},"geometry":{"type":"MultiLineString","coordinates":[[[-2.2244657,53.4530379],[-2.224473,53.4530586],[-2.2244853,53.4530934]]]}},
{"type":"Feature","properties":{"highway":"footway","name":null,"category":"Footpath (pedestrian only)"},"geometry":{"type":"MultiLineString","coordinates":[[[-2.2245561,53.4529022],[-2.2245188,53.4529048]]]}},
{"type":"Feature","properties":{"highway":"footway","name":null,"category":"Footpath (pedestrian only)"},"geometry":{"type":"MultiLineString","coordinates":[[[-2.224422,53.4529141],[-2.2244413,53.452912]]]}},
{"type":"Feature","properties":{"highway":"footway","name":null,"category":"Footpath (pedestrian only)"},"geometry":{"type":"MultiLineString","coordinates":[[[-2.2245188,53.4529048],[-2.2244888,53.4529076],[-2.2244413,53.452912]]]}},
{"type":"Feature","properties":{"highway":"footway","name":null,"category":"Footpath (pedestrian only)"},"geometry":{"type":"MultiLineString","coordinates":[[[-2.2229017,53.4525685],[-2.2229003,53.452552],[-2.2243631,53.4523912],[-2.2244129,53.4524052],[-2.2244524,53.4524257],[-2.2245549,53.4527405],[-2.2245461,53.4527698],[-2.2245387,53.4527943],[-2.2244791,53.452823],[-2.2242054,53.4528648],[-2.2235475,53.4529491],[-2.2232104,53.4530615],[-2.223143,53.4530077],[-2.2230385,53.4528744],[-2.2230014,53.452827],[-2.2229871,53.4527151],[-2.2229017,53.4525685]]]}},
{"type":"Feature","properties":{"highway":"footway","name":null,"category":"Footpath (pedestrian only)"},"geometry":{"type":"MultiLineString","coordinates":[[[-2.2254946,53.4522157],[-2.22551,53.4522528],[-2.2255227,53.4522834],[-2.2255435,53.4522824],[-2.2255583,53.452285],[-2.2255746,53.4522944],[-2.2255814,53.4523093],[-2.2256322,53.4523035],[-2.2258039,53.452284],[-2.2257999,53.4522651],[-2.2258018,53.4522549],[-2.2258122,53.4522475],[-2.2258325,53.4522423],[-2.2260629,53.4522072],[-2.2261003,53.4522058],[-2.2261219,53.4522093],[-2.2261373,53.4522155],[-2.2261463,53.4522278],[-2.226208,53.4525604],[-2.2262006,53.4525788],[-2.226189,53.4525943],[-2.2261722,53.4526081],[-2.2261501,53.4526231],[-2.2261256,53.4526328],[-2.2260845,53.4526451],[-2.2260374,53.4526547],[-2.2254651,53.452718],[-2.2247963,53.4527904],[-2.2247482,53.4527877],[-2.2247166,53.4527789],[-2.2246944,53.4527661],[-2.2246657,53.4527383],[-2.2245629,53.4523142]]]}},
{"type":"Feature","properties":{"highway":"footway","name":null,"category":"Footpath (pedestrian only)"},"geometry":{"type":"MultiLineString","coordinates":[[[-2.2245608,53.452306],[-2.224055,53.4523564],[-2.2239914,53.4523407],[-2.2239464,53.4522989],[-2.2239176,53.4520235]]]}},
{"type":"Feature","properties":{"highway":"footway","name":null,"category":"Footpath (pedestrian only)"},"geometry":{"type":"MultiLineString","coordinates":[[[-2.2237006,53.4520463],[-2.2237024,53.4520872],[-2.2237178,53.4521047],[-2.2237708,53.4521102],[-2.2237931,53.4521164],[-2.2237998,53.4521201],[-2.2238012,53.4521267],[-2.2238305,53.4523299],[-2.2238089,53.4523583],[-2.2237907,53.4523823],[-2.2234989,53.4524127],[-2.2228773,53.4524789]]]}},
{"type":"Feature","properties":{"highway":"footway","name":null,"category":"Footpath (pedestrian only)"},"geometry":{"type":"MultiLineString","coordinates":[[[-2.224055,53.4523564],[-2.2239681,53.4523527]]]}},
{"type":"Feature","properties":{"highway":"footway","name":null,"category":"Footpath (pedestrian only)"},"geometry":{"type":"MultiLineString","coordinates":[[[-2.2238089,53.4523583],[-2.2238322,53.4523588]]]}},
{"type":"Feature","properties":{"highway":"footway","name":null,"category":"Footpath (pedestrian only)"},"geometry":{"type":"MultiLineString","coordinates":[[[-2.2238322,53.4523588],[-2.2239058,53.4523555],[-2.2239681,53.4523527]]]}},
{"type":"Feature","properties":{"highway":"footway","name":null,"category":"Footpath (pedestrian only)"},"geometry":{"type":"MultiLineString","coordinates":[[[-2.2246944,53.4527661],[-2.224672,53.4527727]]]}},
{"type":"Feature","properties":{"highway":"footway","name":null,"category":"Footpath (pedestrian only)"},"geometry":{"type":"MultiLineString","coordinates":[[[-2.2245461,53.4527698],[-2.2245656,53.4527754]]]}},
{"type":"Feature","properties":{"highway":"footway","name":null,"category":"Footpath (pedestrian only)"},"geometry":{"type":"MultiLineString","coordinates":[[[-2.2245656,53.4527754],[-2.2246215,53.4527732],[-2.224672,53.4527727]]]}},
{"type":"Feature","properties":{"highway":"footway","name":null,"category":"Footpath (pedestrian only)"},"geometry":{"type":"MultiLineString","coordinates":[[[-2.2232982,53.4531366],[-2.2232803,53.4531191]]]}},
{"type":"Feature","properties":{"highway":"footway","name":null,"category":"Footpath (pedestrian only)"},"geometry":{"type":"MultiLineString","coordinates":[[[-2.2232104,53.4530615],[-2.2232172,53.4530665]]]}},
{"type":"Feature","properties":{"highway":"footway","name":null,"category":"Footpath (pedestrian only)"},"geometry":{"type":"MultiLineString","coordinates":[[[-2.2232803,53.4531191],[-2.2232461,53.4530906],[-2.2232172,53.4530665]]]}},
{"type":"Feature","properties":{"highway":"footway","name":null,"category":"Footpath (pedestrian only)"},"geometry":{"type":"MultiLineString","coordinates":[[[-2.222813,53.4536775],[-2.2232657,53.453485],[-2.2233021,53.4534695],[-2.2233107,53.4534249],[-2.2232802,53.4533877],[-2.2232484,53.4533489],[-2.2228885,53.4529683],[-2.2228451,53.4529142],[-2.2228367,53.4529037],[-2.2227311,53.4527266],[-2.2225737,53.4525151],[-2.2225361,53.452518],[-2.2223242,53.4525345]]]}},
{"type":"Feature","properties":{"highway":"footway","name":null,"category":"Footpath (pedestrian only)"},"geometry":{"type":"MultiLineString","coordinates":[[[-2.2232802,53.4533877],[-2.2232949,53.4533807]]]}},
{"type":"Feature","properties":{"highway":"footway","name":null,"category":"Footpath (pedestrian only)"},"geometry":{"type":"MultiLineString","coordinates":[[[-2.2232949,53.4533807],[-2.223358,53.4533518],[-2.2233847,53.4533396]]]}},
{"type":"Feature","properties":{"highway":"footway","name":null,"category":"Footpath (pedestrian only)"},"geometry":{"type":"MultiLineString","coordinates":[[[-2.2233847,53.4533396],[-2.2234247,53.453322]]]}},
{"type":"Feature","properties":{"highway":"footway","name":null,"category":"Footpath (pedestrian only)"},"geometry":{"type":"MultiLineString","coordinates":[[[-2.2234247,53.453322],[-2.2234662,53.4533049]]]}},
{"type":"Feature","properties":{"highway":"footway","name":null,"category":"Footpath (pedestrian only)"},"geometry":{"type":"MultiLineString","coordinates":[[[-2.2234662,53.4533049],[-2.2234916,53.453294]]]}},
{"type":"Feature","properties":{"highway":"footway","name":null,"category":"Footpath (pedestrian only)"},"geometry":{"type":"MultiLineString","coordinates":[[[-2.2233592,53.4535739],[-2.2233352,53.453548]]]}},
{"type":"Feature","properties":{"highway":"footway","name":null,"category":"Footpath (pedestrian only)"},"geometry":{"type":"MultiLineString","coordinates":[[[-2.2232657,53.453485],[-2.2232855,53.4534996]]]}},
{"type":"Feature","properties":{"highway":"footway","name":null,"category":"Footpath (pedestrian only)"},"geometry":{"type":"MultiLineString","coordinates":[[[-2.2233352,53.453548],[-2.2233068,53.4535203],[-2.2232855,53.4534996]]]}},
{"type":"Feature","properties":{"highway":"footway","name":null,"category":"Footpath (pedestrian only)"},"geometry":{"type":"MultiLineString","coordinates":[[[-2.2228451,53.4529142],[-2.222866,53.4529097]]]}},
{"type":"Feature","properties":{"highway":"footway","name":null,"category":"Footpath (pedestrian only)"},"geometry":{"type":"MultiLineString","coordinates":[[[-2.2230385,53.4528744],[-2.2230039,53.4528804]]]}},
{"type":"Feature","properties":{"highway":"footway","name":null,"category":"Footpath (pedestrian only)"},"geometry":{"type":"MultiLineString","coordinates":[[[-2.2230039,53.4528804],[-2.2229222,53.4528978],[-2.222866,53.4529097]]]}},
{"type":"Feature","properties":{"highway":"footway","name":null,"category":"Footpath (pedestrian only)"},"geometry":{"type":"MultiLineString","coordinates":[[[-2.2228773,53.4524789],[-2.2227686,53.4523624],[-2.2226931,53.4522815]]]}},
{"type":"Feature","properties":{"highway":"footway","name":null,"category":"Footpath (pedestrian only)"},"geometry":{"type":"MultiLineString","coordinates":[[[-2.2222561,53.4515034],[-2.2225225,53.4519904],[-2.2225365,53.4520139],[-2.2225497,53.4520176],[-2.22257,53.452018],[-2.2226584,53.4519992],[-2.2226683,53.4520124]]]}},
{"type":"Feature","properties":{"highway":"footway","name":null,"category":"Footpath (pedestrian only)"},"geometry":{"type":"MultiLineString","coordinates":[[[-2.222102,53.4519876],[-2.2221698,53.4519767],[-2.2221742,53.4519766],[-2.2221923,53.4519764],[-2.222229,53.4519808],[-2.2222404,53.451989],[-2.2222499,53.4519979],[-2.2222551,53.4520066],[-2.2222911,53.4520673],[-2.2225145,53.452415],[-2.2225373,53.452453],[-2.222506,53.4524664],[-2.2224978,53.45247],[-2.2222793,53.4524971]]]}},
{"type":"Feature","properties":{"highway":"footway","name":null,"category":"Footpath (pedestrian only)"},"geometry":{"type":"MultiLineString","coordinates":[[[-2.2223242,53.4525345],[-2.2222785,53.4525379]]]}},
{"type":"Feature","properties":{"highway":"footway","name":null,"category":"Footpath (pedestrian only)"},"geometry":{"type":"MultiLineString","coordinates":[[[-2.2225361,53.452518],[-2.2225329,53.4525091]]]}},
{"type":"Feature","properties":{"highway":"footway","name":null,"category":"Footpath (pedestrian only)"},"geometry":{"type":"MultiLineString","coordinates":[[[-2.222506,53.4524664],[-2.2225117,53.4524709]]]}},
{"type":"Feature","properties":{"highway":"footway","name":null,"category":"Footpath (pedestrian only)"},"geometry":{"type":"MultiLineString","coordinates":[[[-2.2225329,53.4525091],[-2.2225232,53.4524916],[-2.2225117,53.4524709]]]}},
{"type":"Feature","properties":{"highway":"footway","name":null,"category":"Footpath (pedestrian only)"},"geometry":{"type":"MultiLineString","coordinates":[[[-2.2246409,53.4535344],[-2.22466,53.4535333]]]}},
{"type":"Feature","properties":{"highway":"footway","name":null,"category":"Footpath (pedestrian only)"},"geometry":{"type":"MultiLineString","coordinates":[[[-2.2247746,53.4535269],[-2.2247492,53.4535283]]]}},
{"type":"Feature","properties":{"highway":"footway","name":null,"category":"Footpath (pedestrian only)"},"geometry":{"type":"MultiLineString","coordinates":[[[-2.2247492,53.4535283],[-2.2247096,53.4535305],[-2.22466,53.4535333]]]}},
{"type":"Feature","properties":{"highway":"footway","name":null,"category":"Footpath (pedestrian only)"},"geometry":{"type":"MultiLineString","coordinates":[[[-2.2229003,53.452552],[-2.2228948,53.452541]]]}},
{"type":"Feature","properties":{"highway":"footway","name":null,"category":"Footpath (pedestrian only)"},"geometry":{"type":"MultiLineString","coordinates":[[[-2.2228773,53.4524789],[-2.2228832,53.4524919]]]}},
{"type":"Feature","properties":{"highway":"footway","name":null,"category":"Footpath (pedestrian only)"},"geometry":{"type":"MultiLineString","coordinates":[[[-2.2228948,53.452541],[-2.2228919,53.4525289],[-2.2228832,53.4524919]]]}},
{"type":"Feature","properties":{"highway":"footway","name":null,"category":"Footpath (pedestrian only)"},"geometry":{"type":"MultiLineString","coordinates":[[[-2.2225145,53.452415],[-2.2225299,53.4524113]]]}},
{"type":"Feature","properties":{"highway":"footway","name":null,"category":"Footpath (pedestrian only)"},"geometry":{"type":"MultiLineString","coordinates":[[[-2.2226642,53.4523857],[-2.222692,53.4523807]]]}},
{"type":"Feature","properties":{"highway":"footway","name":null,"category":"Footpath (pedestrian only)"},"geometry":{"type":"MultiLineString","coordinates":[[[-2.2225922,53.4524034],[-2.2226087,53.4523996],[-2.2226206,53.4523969]]]}},
{"type":"Feature","properties":{"highway":"footway","name":null,"category":"Footpath (pedestrian only)"},"geometry":{"type":"MultiLineString","coordinates":[[[-2.2226206,53.4523969],[-2.2226642,53.4523857]]]}},
{"type":"Feature","properties":{"highway":"footway","name":null,"category":"Footpath (pedestrian only)"},"geometry":{"type":"MultiLineString","coordinates":[[[-2.2225922,53.4524034],[-2.2225299,53.4524113]]]}},
{"type":"Feature","properties":{"highway":"footway","name":null,"category":"Footpath (pedestrian only)"},"geometry":{"type":"MultiLineString","coordinates":[[[-2.222692,53.4523807],[-2.2227234,53.4523746]]]}},
{"type":"Feature","properties":{"highway":"footway","name":null,"category":"Footpath (pedestrian only)"},"geometry":{"type":"MultiLineString","coordinates":[[[-2.2227234,53.4523746],[-2.2227686,53.4523624]]]}},
{"type":"Feature","properties":{"highway":"footway","name":null,"category":"Footpath (pedestrian only)"},"geometry":{"type":"MultiLineString","coordinates":[[[-2.224518,53.4531862],[-2.2245208,53.453194]]]}},
{"type":"Feature","properties":{"highway":"footway","name":null,"category":"Footpath (pedestrian only)"},"geometry":{"type":"MultiLineString","coordinates":[[[-2.2245397,53.4532476],[-2.2245384,53.4532441]]]}},
{"type":"Feature","properties":{"highway":"footway","name":null,"category":"Footpath (pedestrian only)"},"geometry":{"type":"MultiLineString","coordinates":[[[-2.2245384,53.4532441],[-2.2245328,53.453228],[-2.2245208,53.453194]]]}},
{"type":"Feature","properties":{"highway":"footway","name":null,"category":"Footpath (pedestrian only)"},"geometry":{"type":"MultiLineString","coordinates":[[[-2.2256923,53.4517876],[-2.225628,53.4516539],[-2.2254279,53.4516838],[-2.2252464,53.4512605],[-2.2252471,53.4512448],[-2.2252682,53.4512392],[-2.2257545,53.4511336],[-2.2257728,53.4511345],[-2.2257841,53.4511372],[-2.2260167,53.4517514],[-2.2260652,53.4518765],[-2.2261097,53.4521058],[-2.2261082,53.4521186],[-2.2260978,53.452132],[-2.2260789,53.4521391],[-2.2258557,53.4521675],[-2.2254946,53.4522157]]]}},
{"type":"Feature","properties":{"highway":"footway","name":null,"category":"Footpath (pedestrian only)"},"geometry":{"type":"MultiLineString","coordinates":[[[-2.2259091,53.4512246],[-2.226058,53.4515955],[-2.2261798,53.4518739],[-2.2262089,53.4520392],[-2.2262416,53.4522349],[-2.2263026,53.4525284],[-2.2263164,53.4525546],[-2.226335,53.4525751],[-2.226365,53.4525946],[-2.2263987,53.4526064],[-2.2264334,53.4526109],[-2.2276978,53.4526014]]]}},
{"type":"Feature","properties":{"highway":"footway","name":null,"category":"Footpath (pedestrian only)"},"geometry":{"type":"MultiLineString","coordinates":[[[-2.2263987,53.4526064],[-2.2263501,53.4526097]]]}},
{"type":"Feature","properties":{"highway":"footway","name":null,"category":"Footpath (pedestrian only)"},"geometry":{"type":"MultiLineString","coordinates":[[[-2.2261927,53.4526202],[-2.2261501,53.4526231]]]}},
{"type":"Feature","properties":{"highway":"footway","name":null,"category":"Footpath (pedestrian only)"},"geometry":{"type":"MultiLineString","coordinates":[[[-2.2261927,53.4526202],[-2.2262873,53.4526139],[-2.2263501,53.4526097]]]}},
{"type":"Feature","properties":{"highway":"footway","name":null,"category":"Footpath (pedestrian only)"},"geometry":{"type":"MultiLineString","coordinates":[[[-2.2275176,53.4532701],[-2.227456,53.4531868],[-2.2274311,53.4531588],[-2.2274109,53.4531276],[-2.2273934,53.4530964],[-2.2273814,53.453064],[-2.2273658,53.4530208],[-2.2273529,53.4529692],[-2.2273474,53.4529423],[-2.2273411,53.4529164],[-2.2273363,53.4528963],[-2.2273326,53.4528492],[-2.2273308,53.452802],[-2.2273299,53.4527681],[-2.2273271,53.452733],[-2.2273163,53.4527193],[-2.2272921,53.4527023],[-2.227274,53.4526933],[-2.2272599,53.4526908],[-2.2272295,53.4526875],[-2.2271623,53.452688],[-2.2266966,53.4526919],[-2.2265052,53.452693],[-2.2264665,53.4526941],[-2.2264507,53.452695],[-2.2264315,53.4527009],[-2.2264188,53.452713],[-2.226409,53.4527341],[-2.2264132,53.4527587],[-2.2264501,53.4528766],[-2.2266072,53.4533783],[-2.2266627,53.4535513],[-2.2266716,53.453563],[-2.2266852,53.4535709],[-2.2266989,53.4535737],[-2.2267241,53.4535797],[-2.226753,53.4535818],[-2.226876,53.4535682],[-2.2269034,53.453562],[-2.2269242,53.4535504],[-2.2269314,53.4535365],[-2.2269277,53.4535167]]]}},
{"type":"Feature","properties":{"highway":"footway","name":null,"category":"Footpath (pedestrian only)"},"geometry":{"type":"MultiLineString","coordinates":[[[-2.2264498,53.4533372],[-2.2260038,53.4533871],[-2.2259874,53.4533839],[-2.2259707,53.4533765],[-2.2259614,53.4533635],[-2.2259267,53.4532488],[-2.2258102,53.4529086],[-2.2257746,53.4528012],[-2.2257757,53.4527832],[-2.2257855,53.4527719],[-2.2258059,53.4527641],[-2.2262415,53.4527105],[-2.2262634,53.4527131],[-2.2262742,53.4527192],[-2.2262791,53.4527264],[-2.2262861,53.4527417],[-2.2263221,53.4528529],[-2.2264321,53.4531914],[-2.2264694,53.453306],[-2.2264706,53.4533216],[-2.2264626,53.4533311],[-2.2264498,53.4533372]]]}},
{"type":"Feature","properties":{"highway":"footway","name":null,"category":"Footpath (pedestrian only)"},"geometry":{"type":"MultiLineString","coordinates":[[[-2.2262634,53.4527131],[-2.2262818,53.4527118]]]}},
{"type":"Feature","properties":{"highway":"footway","name":null,"category":"Footpath (pedestrian only)"},"geometry":{"type":"MultiLineString","coordinates":[[[-2.2264315,53.4527009],[-2.2264114,53.4527024]]]}},
{"type":"Feature","properties":{"highway":"footway","name":null,"category":"Footpath (pedestrian only)"},"geometry":{"type":"MultiLineString","coordinates":[[[-2.2264114,53.4527024],[-2.226349,53.4527069],[-2.2262818,53.4527118]]]}},
{"type":"Feature","properties":{"highway":"footway","name":null,"category":"Footpath (pedestrian only)"},"geometry":{"type":"MultiLineString","coordinates":[[[-2.2258305,53.4534068],[-2.2254352,53.4534509],[-2.2254116,53.4534535],[-2.2253916,53.4534499],[-2.2253799,53.4534394],[-2.225334,53.4533105],[-2.2252166,53.4530016],[-2.2252164,53.4529792],[-2.2251698,53.4528579],[-2.2251687,53.4528454],[-2.2251754,53.4528369],[-2.2251869,53.4528336],[-2.2256385,53.4527858],[-2.2256576,53.4527873],[-2.2256749,53.4527932],[-2.2256844,53.4528028],[-2.2256921,53.4529243],[-2.2257947,53.4532591],[-2.2258656,53.4533748],[-2.225861,53.453389],[-2.225854,53.4533991],[-2.2258305,53.4534068]]]}},
{"type":"Feature","properties":{"highway":"footway","name":null,"category":"Footpath (pedestrian only)"},"geometry":{"type":"MultiLineString","coordinates":[[[-2.225983,53.4538407],[-2.2258711,53.4535269],[-2.225863,53.4535125],[-2.2258521,53.4535028],[-2.2258345,53.4535015],[-2.2258168,53.4535031],[-2.2254528,53.4535467],[-2.2254401,53.4535504],[-2.2254301,53.4535557],[-2.2254152,53.4535704],[-2.2254138,53.4535847],[-2.2255778,53.4540784]]]}},
{"type":"Feature","properties":{"highway":"footway","name":null,"category":"Footpath (pedestrian only)"},"geometry":{"type":"MultiLineString","coordinates":[[[-2.2254639,53.4541194],[-2.2252866,53.4535823],[-2.2252716,53.4535743],[-2.2252401,53.4535757],[-2.2246688,53.4536351]]]}},
{"type":"Feature","properties":{"highway":"footway","name":null,"category":"Footpath (pedestrian only)"},"geometry":{"type":"MultiLineString","coordinates":[[[-2.2260273,53.4534795],[-2.225985,53.4534849]]]}},
{"type":"Feature","properties":{"highway":"footway","name":null,"category":"Footpath (pedestrian only)"},"geometry":{"type":"MultiLineString","coordinates":[[[-2.2258862,53.4534974],[-2.2258521,53.4535028]]]}},
{"type":"Feature","properties":{"highway":"footway","name":null,"category":"Footpath (pedestrian only)"},"geometry":{"type":"MultiLineString","coordinates":[[[-2.225985,53.4534849],[-2.2259448,53.45349],[-2.2258862,53.4534974]]]}},
{"type":"Feature","properties":{"highway":"footway","name":null,"category":"Footpath (pedestrian only)"},"geometry":{"type":"MultiLineString","coordinates":[[[-2.2259874,53.4533839],[-2.2259657,53.4533864]]]}},
{"type":"Feature","properties":{"highway":"footway","name":null,"category":"Footpath (pedestrian only)"},"geometry":{"type":"MultiLineString","coordinates":[[[-2.2258794,53.4533962],[-2.225854,53.4533991]]]}},
{"type":"Feature","properties":{"highway":"footway","name":null,"category":"Footpath (pedestrian only)"},"geometry":{"type":"MultiLineString","coordinates":[[[-2.2258794,53.4533962],[-2.2259125,53.4533924],[-2.2259657,53.4533864]]]}},
{"type":"Feature","properties":{"highway":"footway","name":null,"category":"Footpath (pedestrian only)"},"geometry":{"type":"MultiLineString","coordinates":[[[-2.2253916,53.4534499],[-2.2253687,53.4534529]]]}},
{"type":"Feature","properties":{"highway":"footway","name":null,"category":"Footpath (pedestrian only)"},"geometry":{"type":"MultiLineString","coordinates":[[[-2.2252845,53.4534614],[-2.2252614,53.4534642]]]}},
{"type":"Feature","properties":{"highway":"footway","name":null,"category":"Footpath (pedestrian only)"},"geometry":{"type":"MultiLineString","coordinates":[[[-2.2253687,53.4534529],[-2.2253088,53.4534592],[-2.2252845,53.4534614]]]}},
{"type":"Feature","properties":{"highway":"footway","name":null,"category":"Footpath (pedestrian only)"},"geometry":{"type":"MultiLineString","coordinates":[[[-2.2254301,53.4535557],[-2.2253869,53.4535609]]]}},
{"type":"Feature","properties":{"highway":"footway","name":null,"category":"Footpath (pedestrian only)"},"geometry":{"type":"MultiLineString","coordinates":[[[-2.225297,53.4535716],[-2.2252716,53.4535743]]]}},
{"type":"Feature","properties":{"highway":"footway","name":null,"category":"Footpath (pedestrian only)"},"geometry":{"type":"MultiLineString","coordinates":[[[-2.2253869,53.4535609],[-2.22535,53.4535653],[-2.225297,53.4535716]]]}},
{"type":"Feature","properties":{"highway":"footway","name":null,"category":"Footpath (pedestrian only)"},"geometry":{"type":"MultiLineString","coordinates":[[[-2.2260273,53.4534795],[-2.2260234,53.4534641]]]}},
{"type":"Feature","properties":{"highway":"footway","name":null,"category":"Footpath (pedestrian only)"},"geometry":{"type":"MultiLineString","coordinates":[[[-2.2260038,53.4533871],[-2.2260075,53.4534015]]]}},
{"type":"Feature","properties":{"highway":"footway","name":null,"category":"Footpath (pedestrian only)"},"geometry":{"type":"MultiLineString","coordinates":[[[-2.2260075,53.4534015],[-2.2260149,53.4534313],[-2.2260234,53.4534641]]]}},
{"type":"Feature","properties":{"highway":"footway","name":null,"category":"Footpath (pedestrian only)"},"geometry":{"type":"MultiLineString","coordinates":[[[-2.2258521,53.4535028],[-2.2258482,53.4534855]]]}},
{"type":"Feature","properties":{"highway":"footway","name":null,"category":"Footpath (pedestrian only)"},"geometry":{"type":"MultiLineString","coordinates":[[[-2.2258305,53.4534068],[-2.2258336,53.4534204]]]}},
{"type":"Feature","properties":{"highway":"footway","name":null,"category":"Footpath (pedestrian only)"},"geometry":{"type":"MultiLineString","coordinates":[[[-2.2258482,53.4534855],[-2.2258401,53.4534511],[-2.2258336,53.4534204]]]}},
{"type":"Feature","properties":{"highway":"footway","name":null,"category":"Footpath (pedestrian only)"},"geometry":{"type":"MultiLineString","coordinates":[[[-2.2254401,53.4535504],[-2.225435,53.4535336]]]}},
{"type":"Feature","properties":{"highway":"footway","name":null,"category":"Footpath (pedestrian only)"},"geometry":{"type":"MultiLineString","coordinates":[[[-2.2254116,53.4534535],[-2.2254155,53.4534669]]]}},
{"type":"Feature","properties":{"highway":"footway","name":null,"category":"Footpath (pedestrian only)"},"geometry":{"type":"MultiLineString","coordinates":[[[-2.2254155,53.4534669],[-2.2254245,53.4534981],[-2.225435,53.4535336]]]}},
{"type":"Feature","properties":{"highway":"footway","name":null,"category":"Footpath (pedestrian only)"},"geometry":{"type":"MultiLineString","coordinates":[[[-2.2252716,53.4535743],[-2.2252567,53.4535603]]]}},
{"type":"Feature","properties":{"highway":"footway","name":null,"category":"Footpath (pedestrian only)"},"geometry":{"type":"MultiLineString","coordinates":[[[-2.2252361,53.453481],[-2.2252393,53.4534932]]]}},
{"type":"Feature","properties":{"highway":"footway","name":null,"category":"Footpath (pedestrian only)"},"geometry":{"type":"MultiLineString","coordinates":[[[-2.2252393,53.4534932],[-2.2252452,53.4535184],[-2.2252567,53.4535603]]]}},
{"type":"Feature","properties":{"highway":"footway","name":null,"category":"Footpath (pedestrian only)"},"geometry":{"type":"MultiLineString","coordinates":[[[-2.2257855,53.4527719],[-2.2257451,53.4527768]]]}},
{"type":"Feature","properties":{"highway":"footway","name":null,"category":"Footpath (pedestrian only)"},"geometry":{"type":"MultiLineString","coordinates":[[[-2.2256923,53.4527831],[-2.2256576,53.4527873]]]}},
{"type":"Feature","properties":{"highway":"footway","name":null,"category":"Footpath (pedestrian only)"},"geometry":{"type":"MultiLineString","coordinates":[[[-2.2257451,53.4527768],[-2.2257061,53.4527815],[-2.2256923,53.4527831]]]}},
{"type":"Feature","properties":{"highway":"footway","name":null,"category":"Footpath (pedestrian only)"},"geometry":{"type":"MultiLineString","coordinates":[[[-2.2251754,53.4528369],[-2.2251481,53.4528403]]]}},
{"type":"Feature","properties":{"highway":"footway","name":null,"category":"Footpath (pedestrian only)"},"geometry":{"type":"MultiLineString","coordinates":[[[-2.2250636,53.4528509],[-2.2250392,53.452854]]]}},
{"type":"Feature","properties":{"highway":"footway","name":null,"category":"Footpath (pedestrian only)"},"geometry":{"type":"MultiLineString","coordinates":[[[-2.2251481,53.4528403],[-2.2251014,53.4528462],[-2.2250636,53.4528509]]]}},
{"type":"Feature","properties":{"highway":"footway","name":null,"category":"Footpath (pedestrian only)"},"geometry":{"type":"MultiLineString","coordinates":[[[-2.2221742,53.4519766],[-2.2221682,53.4519637]]]}},
{"type":"Feature","properties":{"highway":"footway","name":null,"category":"Footpath (pedestrian only)"},"geometry":{"type":"MultiLineString","coordinates":[[[-2.2221682,53.4519637],[-2.2221488,53.4519225],[-2.222133,53.4518887]]]}},
{"type":"Feature","properties":{"highway":"footway","name":null,"category":"Footpath (pedestrian only)"},"geometry":{"type":"MultiLineString","coordinates":[[[-2.222133,53.4518887],[-2.2221268,53.4518755]]]}},
{"type":"Feature","properties":{"highway":"footway","name":null,"category":"Footpath (pedestrian only)"},"geometry":{"type":"MultiLineString","coordinates":[[[-2.2225225,53.4519904],[-2.2225065,53.4519932]]]}},
{"type":"Feature","properties":{"highway":"footway","name":null,"category":"Footpath (pedestrian only)"},"geometry":{"type":"MultiLineString","coordinates":[[[-2.2225065,53.4519932],[-2.222428,53.4520066]]]}},
{"type":"Feature","properties":{"highway":"footway","name":null,"category":"Footpath (pedestrian only)"},"geometry":{"type":"MultiLineString","coordinates":[[[-2.222428,53.4520066],[-2.2224142,53.452009],[-2.2224002,53.451983],[-2.2223865,53.4519853]]]}},
{"type":"Feature","properties":{"highway":"footway","name":null,"category":"Footpath (pedestrian only)"},"geometry":{"type":"MultiLineString","coordinates":[[[-2.2223865,53.4519853],[-2.2223741,53.4519873],[-2.2222671,53.4520043]]]}},
{"type":"Feature","properties":{"highway":"footway","name":null,"category":"Footpath (pedestrian only)"},"geometry":{"type":"MultiLineString","coordinates":[[[-2.2222671,53.4520043],[-2.2222551,53.4520066]]]}},
{"type":"Feature","properties":{"highway":"footway","name":null,"category":"Footpath (pedestrian only)"},"geometry":{"type":"MultiLineString","coordinates":[[[-2.2226931,53.4522815],[-2.2226635,53.4522499],[-2.2225759,53.4520936],[-2.2225639,53.4520728],[-2.2225623,53.4520666],[-2.2225681,53.4520631],[-2.2225763,53.4520606],[-2.2228944,53.4519991]]]}},
{"type":"Feature","properties":{"highway":"footway","name":null,"category":"Footpath (pedestrian only)"},"geometry":{"type":"MultiLineString","coordinates":[[[-2.2225587,53.4520586],[-2.2225483,53.4520377],[-2.2225412,53.4520233]]]}},
{"type":"Feature","properties":{"highway":"footway","name":null,"category":"Footpath (pedestrian only)"},"geometry":{"type":"MultiLineString","coordinates":[[[-2.2225412,53.4520233],[-2.2225365,53.4520139]]]}},
{"type":"Feature","properties":{"highway":"footway","name":null,"category":"Footpath (pedestrian only)"},"geometry":{"type":"MultiLineString","coordinates":[[[-2.2225587,53.4520586],[-2.2225623,53.4520666]]]}},
{"type":"Feature","properties":{"highway":"footway","name":null,"category":"Footpath (pedestrian only)"},"geometry":{"type":"MultiLineString","coordinates":[[[-2.2275502,53.4512193],[-2.2273215,53.4512324],[-2.2270406,53.4512486],[-2.2269756,53.4512526],[-2.2269147,53.4512562],[-2.2268636,53.4512593],[-2.2267808,53.4512627],[-2.2267102,53.4512633],[-2.2266766,53.451258],[-2.2266396,53.4512486],[-2.2266144,53.4512365],[-2.2265926,53.4512173],[-2.2265736,53.4512013],[-2.2265576,53.4511937],[-2.226531,53.4511906],[-2.2265041,53.4511933]]]}},
{"type":"Feature","properties":{"highway":"footway","name":null,"category":"Footpath (pedestrian only)"},"geometry":{"type":"MultiLineString","coordinates":[[[-2.22651,53.4511228],[-2.2265412,53.451118],[-2.226553,53.4511127],[-2.2265589,53.4511011],[-2.2264419,53.4505546],[-2.226351,53.4504016],[-2.2263412,53.4503954],[-2.2263256,53.4503937],[-2.2263138,53.4503943],[-2.2249494,53.4506947],[-2.2249267,53.4506993],[-2.2249125,53.4507038],[-2.2249016,53.4507113],[-2.2249013,53.4507195],[-2.2251645,53.4511533],[-2.2251706,53.4511614],[-2.2251819,53.4511678],[-2.2251987,53.4511705],[-2.2252181,53.4511697],[-2.2257917,53.4510447]]]}},
{"type":"Feature","properties":{"highway":"footway","name":null,"category":"Footpath (pedestrian only)"},"geometry":{"type":"MultiLineString","coordinates":[[[-2.2275333,53.4511437],[-2.2267701,53.4511898],[-2.2267343,53.4511887],[-2.2267113,53.4511781],[-2.2267027,53.4511582],[-2.226668,53.4509732],[-2.2265854,53.4505219],[-2.2265837,53.4505124],[-2.2264637,53.4503515]]]}},
{"type":"Feature","properties":{"highway":"footway","name":null,"category":"Footpath (pedestrian only)"},"geometry":{"type":"MultiLineString","coordinates":[[[-2.2265576,53.4511937],[-2.2265555,53.4511852]]]}},
{"type":"Feature","properties":{"highway":"footway","name":null,"category":"Footpath (pedestrian only)"},"geometry":{"type":"MultiLineString","coordinates":[[[-2.2265412,53.451118],[-2.2265439,53.4511279]]]}},
{"type":"Feature","properties":{"highway":"footway","name":null,"category":"Footpath (pedestrian only)"},"geometry":{"type":"MultiLineString","coordinates":[[[-2.2265439,53.4511279],[-2.2265409,53.4511385],[-2.2265555,53.4511852]]]}},
{"type":"Feature","properties":{"highway":"footway","name":null,"category":"Footpath (pedestrian only)"},"geometry":{"type":"MultiLineString","coordinates":[[[-2.2254284,53.4518309],[-2.2253348,53.451639],[-2.2252283,53.4514025],[-2.2251472,53.4512221],[-2.2248213,53.4507414],[-2.2248138,53.4507359],[-2.2248059,53.4507327],[-2.2247943,53.4507326],[-2.2247448,53.4507391],[-2.2244136,53.4508011]]]}},
{"type":"Feature","properties":{"highway":"footway","name":null,"category":"Footpath (pedestrian only)"},"geometry":{"type":"MultiLineString","coordinates":[[[-2.2028008,53.4586796],[-2.2026554,53.4585628],[-2.2025177,53.4584391],[-2.2023939,53.4583181],[-2.2023489,53.4582347],[-2.2023283,53.4582098],[-2.2020305,53.4579727],[-2.2019825,53.4579496],[-2.2015082,53.4575805],[-2.2014334,53.4575223],[-2.2013463,53.4574545],[-2.2013109,53.457427]]]}},
{"type":"Feature","properties":{"highway":"footway","name":null,"category":"Footpath (pedestrian only)"},"geometry":{"type":"MultiLineString","coordinates":[[[-2.2013109,53.457427],[-2.2024464,53.457177]]]}},
{"type":"Feature","properties":{"highway":"footway","name":null,"category":"Footpath (pedestrian only)"},"geometry":{"type":"MultiLineString","coordinates":[[[-2.2024464,53.457177],[-2.2024994,53.457261],[-2.2027104,53.4575952],[-2.2027344,53.4578448]]]}},
{"type":"Feature","properties":{"highway":"footway","name":null,"category":"Footpath (pedestrian only)"},"geometry":{"type":"MultiLineString","coordinates":[[[-2.2024464,53.457177],[-2.2024381,53.4571521]]]}},
{"type":"Feature","properties":{"highway":"footway","name":null,"category":"Footpath (pedestrian only)"},"geometry":{"type":"MultiLineString","coordinates":[[[-2.2024381,53.4571521],[-2.20242,53.4571064],[-2.202403,53.4570706]]]}},
{"type":"Feature","properties":{"highway":"footway","name":null,"category":"Footpath (pedestrian only)"},"geometry":{"type":"MultiLineString","coordinates":[[[-2.2023962,53.4570584],[-2.2023453,53.4569939]]]}},
{"type":"Feature","properties":{"highway":"footway","name":null,"category":"Footpath (pedestrian only)"},"geometry":{"type":"MultiLineString","coordinates":[[[-2.2023962,53.4570584],[-2.2015961,53.4572361]]]}},
{"type":"Feature","properties":{"highway":"footway","name":null,"category":"Footpath (pedestrian only)"},"geometry":{"type":"MultiLineString","coordinates":[[[-2.2015961,53.4572361],[-2.2015623,53.4572441],[-2.201504,53.457258]]]}},
{"type":"Feature","properties":{"highway":"footway","name":null,"category":"Footpath (pedestrian only)"},"geometry":{"type":"MultiLineString","coordinates":[[[-2.201504,53.457258],[-2.2011022,53.4573569],[-2.2006427,53.4569897]]]}},
{"type":"Feature","properties":{"highway":"footway","name":null,"category":"Footpath (pedestrian only)"},"geometry":{"type":"MultiLineString","coordinates":[[[-2.2012462,53.4574059],[-2.2011897,53.4573859],[-2.201121,53.4573625]]]}},
{"type":"Feature","properties":{"highway":"footway","name":null,"category":"Footpath (pedestrian only)"},"geometry":{"type":"MultiLineString","coordinates":[[[-2.2022864,53.4586048],[-2.2019944,53.4582907],[-2.2015326,53.4579474]]]}},
{"type":"Feature","properties":{"highway":"footway","name":"Stockport Road","category":"Footpath (pedestrian only)"},"geometry":{"type":"MultiLineString","coordinates":[[[-2.1980212,53.4551661],[-2.1980104,53.4551604],[-2.198035,53.4551447],[-2.1980363,53.4551152],[-2.1979835,53.4550787],[-2.1979472,53.4550536],[-2.1978042,53.4549613],[-2.197704,53.454924],[-2.1976373,53.4548922],[-2.1971631,53.4546002],[-2.1971287,53.4545824]]]}},
{"type":"Feature","properties":{"highway":"footway","name":null,"category":"Footpath (pedestrian only)"},"geometry":{"type":"MultiLineString","coordinates":[[[-2.2027344,53.4578448],[-2.2027365,53.4578648],[-2.2028187,53.4586482],[-2.2028008,53.4586796]]]}},
{"type":"Feature","properties":{"highway":"footway","name":null,"category":"Footpath (pedestrian only)"},"geometry":{"type":"MultiLineString","coordinates":[[[-2.2035666,53.45707],[-2.2041884,53.457072],[-2.2046682,53.4570673],[-2.2046741,53.4569971]]]}},
{"type":"Feature","properties":{"highway":"footway","name":null,"category":"Footpath (pedestrian only)"},"geometry":{"type":"MultiLineString","coordinates":[[[-2.203712,53.4571475],[-2.2041866,53.4571495]]]}},
{"type":"Feature","properties":{"highway":"footway","name":null,"category":"Footpath (pedestrian only)"},"geometry":{"type":"MultiLineString","coordinates":[[[-2.2041866,53.4571495],[-2.2046514,53.4571554]]]}},
{"type":"Feature","properties":{"highway":"footway","name":null,"category":"Footpath (pedestrian only)"},"geometry":{"type":"MultiLineString","coordinates":[[[-2.204653,53.4571461],[-2.2046622,53.4571123],[-2.2046671,53.4570736]]]}},
{"type":"Feature","properties":{"highway":"footway","name":null,"category":"Footpath (pedestrian only)"},"geometry":{"type":"MultiLineString","coordinates":[[[-2.2046514,53.4571554],[-2.2046319,53.4577988]]]}},
{"type":"Feature","properties":{"highway":"footway","name":null,"category":"Footpath (pedestrian only)"},"geometry":{"type":"MultiLineString","coordinates":[[[-2.2046279,53.457849],[-2.2046204,53.458006]]]}},
{"type":"Feature","properties":{"highway":"footway","name":null,"category":"Footpath (pedestrian only)"},"geometry":{"type":"MultiLineString","coordinates":[[[-2.2046279,53.457849],[-2.2046293,53.4578317],[-2.2046319,53.4577988]]]}},
{"type":"Feature","properties":{"highway":"footway","name":null,"category":"Footpath (pedestrian only)"},"geometry":{"type":"MultiLineString","coordinates":[[[-2.2046204,53.458006],[-2.2046076,53.4585921]]]}},
{"type":"Feature","properties":{"highway":"footway","name":null,"category":"Footpath (pedestrian only)"},"geometry":{"type":"MultiLineString","coordinates":[[[-2.2046076,53.4585921],[-2.2039022,53.4585803],[-2.2038686,53.4585637],[-2.2038518,53.4585553]]]}},
{"type":"Feature","properties":{"highway":"footway","name":null,"category":"Footpath (pedestrian only)"},"geometry":{"type":"MultiLineString","coordinates":[[[-2.2038518,53.4585553],[-2.2037852,53.4580118],[-2.2037276,53.4578126]]]}},
{"type":"Feature","properties":{"highway":"footway","name":null,"category":"Footpath (pedestrian only)"},"geometry":{"type":"MultiLineString","coordinates":[[[-2.203712,53.4571475],[-2.2036825,53.457165],[-2.2036507,53.4571838],[-2.2036558,53.4575376],[-2.2036564,53.4575788],[-2.2037276,53.4578126]]]}},
{"type":"Feature","properties":{"highway":"footway","name":null,"category":"Footpath (pedestrian only)"},"geometry":{"type":"MultiLineString","coordinates":[[[-2.203559,53.4571385],[-2.203538,53.4574272],[-2.2035371,53.4575525],[-2.2035939,53.4577615]]]}},
{"type":"Feature","properties":{"highway":"footway","name":null,"category":"Footpath (pedestrian only)"},"geometry":{"type":"MultiLineString","coordinates":[[[-2.2035939,53.4577615],[-2.2035785,53.4577696],[-2.2035666,53.4577772],[-2.202926,53.4577974]]]}},
{"type":"Feature","properties":{"highway":"footway","name":null,"category":"Footpath (pedestrian only)"},"geometry":{"type":"MultiLineString","coordinates":[[[-2.202926,53.4577974],[-2.202793,53.4574088]]]}},
{"type":"Feature","properties":{"highway":"footway","name":null,"category":"Footpath (pedestrian only)"},"geometry":{"type":"MultiLineString","coordinates":[[[-2.2035978,53.4578412],[-2.2033491,53.4578516],[-2.2033505,53.4579005],[-2.2029338,53.4579132],[-2.2029869,53.4582398],[-2.2030478,53.4585674]]]}},
{"type":"Feature","properties":{"highway":"footway","name":null,"category":"Footpath (pedestrian only)"},"geometry":{"type":"MultiLineString","coordinates":[[[-2.2029338,53.4579132],[-2.202926,53.4577974]]]}},
{"type":"Feature","properties":{"highway":"footway","name":null,"category":"Footpath (pedestrian only)"},"geometry":{"type":"MultiLineString","coordinates":[[[-2.2035785,53.4577696],[-2.203592,53.4577809]]]}},
{"type":"Feature","properties":{"highway":"footway","name":null,"category":"Footpath (pedestrian only)"},"geometry":{"type":"MultiLineString","coordinates":[[[-2.2035978,53.4578412],[-2.2036202,53.4578532],[-2.2036364,53.4578625],[-2.2036513,53.4579385],[-2.2037247,53.4581773],[-2.2037381,53.4583606],[-2.2037314,53.4585605]]]}},
{"type":"Feature","properties":{"highway":"footway","name":null,"category":"Footpath (pedestrian only)"},"geometry":{"type":"MultiLineString","coordinates":[[[-2.2036202,53.4578532],[-2.2036181,53.4578339]]]}},
{"type":"Feature","properties":{"highway":"footway","name":null,"category":"Footpath (pedestrian only)"},"geometry":{"type":"MultiLineString","coordinates":[[[-2.2036181,53.4578339],[-2.2036,53.4577971],[-2.203592,53.4577809]]]}},
{"type":"Feature","properties":{"highway":"footway","name":null,"category":"Footpath (pedestrian only)"},"geometry":{"type":"MultiLineString","coordinates":[[[-2.2037314,53.4585605],[-2.2037093,53.4585686],[-2.2036837,53.4585779],[-2.2030478,53.4585674]]]}},
{"type":"Feature","properties":{"highway":"footway","name":null,"category":"Footpath (pedestrian only)"},"geometry":{"type":"MultiLineString","coordinates":[[[-2.2048166,53.4571354],[-2.2048492,53.4569835]]]}},
{"type":"Feature","properties":{"highway":"footway","name":null,"category":"Footpath (pedestrian only)"},"geometry":{"type":"MultiLineString","coordinates":[[[-2.2048166,53.4571354],[-2.2048107,53.4571904],[-2.2048067,53.4572274]]]}},
{"type":"Feature","properties":{"highway":"footway","name":null,"category":"Footpath (pedestrian only)"},"geometry":{"type":"MultiLineString","coordinates":[[[-2.2048067,53.4572274],[-2.20479,53.4576489],[-2.2047457,53.458192]]]}},
{"type":"Feature","properties":{"highway":"footway","name":null,"category":"Footpath (pedestrian only)"},"geometry":{"type":"MultiLineString","coordinates":[[[-2.2047457,53.458192],[-2.2047251,53.4585994],[-2.2047241,53.4586135]]]}},
{"type":"Feature","properties":{"highway":"footway","name":null,"category":"Footpath (pedestrian only)"},"geometry":{"type":"MultiLineString","coordinates":[[[-2.2038686,53.4585637],[-2.2038539,53.4585734]]]}},
{"type":"Feature","properties":{"highway":"footway","name":null,"category":"Footpath (pedestrian only)"},"geometry":{"type":"MultiLineString","coordinates":[[[-2.2037093,53.4585686],[-2.2037299,53.4585759]]]}},
{"type":"Feature","properties":{"highway":"footway","name":null,"category":"Footpath (pedestrian only)"},"geometry":{"type":"MultiLineString","coordinates":[[[-2.2038539,53.4585734],[-2.2038008,53.4585745],[-2.2037299,53.4585759]]]}},
{"type":"Feature","properties":{"highway":"footway","name":null,"category":"Footpath (pedestrian only)"},"geometry":{"type":"MultiLineString","coordinates":[[[-2.2036825,53.457165],[-2.203657,53.4571455]]]}},
{"type":"Feature","properties":{"highway":"footway","name":null,"category":"Footpath (pedestrian only)"},"geometry":{"type":"MultiLineString","coordinates":[[[-2.203657,53.4571455],[-2.2036313,53.4571437],[-2.2036004,53.4571415],[-2.203559,53.4571385]]]}},
{"type":"Feature","properties":{"highway":"footway","name":null,"category":"Footpath (pedestrian only)"},"geometry":{"type":"MultiLineString","coordinates":[[[-2.2048492,53.4569835],[-2.2050959,53.4561733]]]}},
{"type":"Feature","properties":{"highway":"footway","name":null,"category":"Footpath (pedestrian only)"},"geometry":{"type":"MultiLineString","coordinates":[[[-2.2054919,53.4562078],[-2.2050959,53.4561733]]]}},
{"type":"Feature","properties":{"highway":"footway","name":null,"category":"Footpath (pedestrian only)"},"geometry":{"type":"MultiLineString","coordinates":[[[-2.2054909,53.4561371],[-2.2051116,53.4560956]]]}},
{"type":"Feature","properties":{"highway":"footway","name":null,"category":"Footpath (pedestrian only)"},"geometry":{"type":"MultiLineString","coordinates":[[[-2.2051116,53.4560956],[-2.2051848,53.4558558],[-2.2052421,53.4556475]]]}},
{"type":"Feature","properties":{"highway":"footway","name":null,"category":"Footpath (pedestrian only)"},"geometry":{"type":"MultiLineString","coordinates":[[[-2.2054758,53.4552478],[-2.2053089,53.4552977],[-2.2052981,53.4553541],[-2.2052421,53.4556475]]]}},
{"type":"Feature","properties":{"highway":"footway","name":null,"category":"Footpath (pedestrian only)"},"geometry":{"type":"MultiLineString","coordinates":[[[-2.2045072,53.4553586],[-2.2042731,53.4554053],[-2.2042431,53.4553543]]]}},
{"type":"Feature","properties":{"highway":"footway","name":null,"category":"Footpath (pedestrian only)"},"geometry":{"type":"MultiLineString","coordinates":[[[-2.2041228,53.4553617],[-2.20416,53.4554297],[-2.2036093,53.455546],[-2.2035167,53.4554229]]]}},
{"type":"Feature","properties":{"highway":"footway","name":null,"category":"Footpath (pedestrian only)"},"geometry":{"type":"MultiLineString","coordinates":[[[-2.2027857,53.4557242],[-2.2034378,53.4555813],[-2.2033611,53.4554671]]]}},
{"type":"Feature","properties":{"highway":"footway","name":null,"category":"Footpath (pedestrian only)"},"geometry":{"type":"MultiLineString","coordinates":[[[-2.2036093,53.455546],[-2.2035963,53.4555565]]]}},
{"type":"Feature","properties":{"highway":"footway","name":null,"category":"Footpath (pedestrian only)"},"geometry":{"type":"MultiLineString","coordinates":[[[-2.2034378,53.4555813],[-2.2034615,53.4555816]]]}},
{"type":"Feature","properties":{"highway":"footway","name":null,"category":"Footpath (pedestrian only)"},"geometry":{"type":"MultiLineString","coordinates":[[[-2.2035963,53.4555565],[-2.2035106,53.4555725],[-2.2034615,53.4555816]]]}},
{"type":"Feature","properties":{"highway":"footway","name":null,"category":"Footpath (pedestrian only)"},"geometry":{"type":"MultiLineString","coordinates":[[[-2.2027759,53.455851],[-2.2033977,53.4557149],[-2.2036766,53.456166]]]}},
{"type":"Feature","properties":{"highway":"footway","name":null,"category":"Footpath (pedestrian only)"},"geometry":{"type":"MultiLineString","coordinates":[[[-2.2036766,53.456166],[-2.203964,53.4566355]]]}},
{"type":"Feature","properties":{"highway":"footway","name":null,"category":"Footpath (pedestrian only)"},"geometry":{"type":"MultiLineString","coordinates":[[[-2.2027759,53.455851],[-2.2027052,53.4558704],[-2.2032243,53.4566304],[-2.2032015,53.4566438]]]}},
{"type":"Feature","properties":{"highway":"footway","name":null,"category":"Footpath (pedestrian only)"},"geometry":{"type":"MultiLineString","coordinates":[[[-2.203964,53.4566355],[-2.2032243,53.4566304]]]}},
{"type":"Feature","properties":{"highway":"footway","name":null,"category":"Footpath (pedestrian only)"},"geometry":{"type":"MultiLineString","coordinates":[[[-2.2028005,53.4562497],[-2.2030635,53.4566574],[-2.2027729,53.4567164]]]}},
{"type":"Feature","properties":{"highway":"footway","name":null,"category":"Footpath (pedestrian only)"},"geometry":{"type":"MultiLineString","coordinates":[[[-2.2030635,53.4566574],[-2.203099,53.45666]]]}},
{"type":"Feature","properties":{"highway":"footway","name":null,"category":"Footpath (pedestrian only)"},"geometry":{"type":"MultiLineString","coordinates":[[[-2.2032015,53.4566438],[-2.2031406,53.4566534],[-2.203099,53.45666]]]}},
{"type":"Feature","properties":{"highway":"footway","name":null,"category":"Footpath (pedestrian only)"},"geometry":{"type":"MultiLineString","coordinates":[[[-2.2046741,53.4569971],[-2.2047441,53.4567284],[-2.2043124,53.4567129],[-2.2041955,53.4567107],[-2.2034031,53.4567243]]]}},
{"type":"Feature","properties":{"highway":"footway","name":null,"category":"Footpath (pedestrian only)"},"geometry":{"type":"MultiLineString","coordinates":[[[-2.2038206,53.4561469],[-2.20414,53.4566327]]]}},
{"type":"Feature","properties":{"highway":"footway","name":null,"category":"Footpath (pedestrian only)"},"geometry":{"type":"MultiLineString","coordinates":[[[-2.20414,53.4566327],[-2.2047538,53.4566504]]]}},
{"type":"Feature","properties":{"highway":"footway","name":null,"category":"Footpath (pedestrian only)"},"geometry":{"type":"MultiLineString","coordinates":[[[-2.2047538,53.4566504],[-2.2049581,53.4559131]]]}},
{"type":"Feature","properties":{"highway":"footway","name":null,"category":"Footpath (pedestrian only)"},"geometry":{"type":"MultiLineString","coordinates":[[[-2.2049581,53.4559131],[-2.2048725,53.4559107],[-2.2038206,53.4561469]]]}},
{"type":"Feature","properties":{"highway":"footway","name":null,"category":"Footpath (pedestrian only)"},"geometry":{"type":"MultiLineString","coordinates":[[[-2.2049352,53.4553724],[-2.2035036,53.4557033]]]}},
{"type":"Feature","properties":{"highway":"footway","name":null,"category":"Footpath (pedestrian only)"},"geometry":{"type":"MultiLineString","coordinates":[[[-2.2035036,53.4557033],[-2.2037604,53.456073]]]}},
{"type":"Feature","properties":{"highway":"footway","name":null,"category":"Footpath (pedestrian only)"},"geometry":{"type":"MultiLineString","coordinates":[[[-2.2037604,53.456073],[-2.2050301,53.4557908]]]}},
{"type":"Feature","properties":{"highway":"footway","name":null,"category":"Footpath (pedestrian only)"},"geometry":{"type":"MultiLineString","coordinates":[[[-2.2038075,53.4561283],[-2.2037883,53.4561079],[-2.2037675,53.4560844]]]}},
{"type":"Feature","properties":{"highway":"footway","name":null,"category":"Footpath (pedestrian only)"},"geometry":{"type":"MultiLineString","coordinates":[[[-2.2042731,53.4554053],[-2.2042321,53.4554142],[-2.20416,53.4554297]]]}},
{"type":"Feature","properties":{"highway":"footway","name":null,"category":"Footpath (pedestrian only)"},"geometry":{"type":"MultiLineString","coordinates":[[[-2.2034174,53.4557138],[-2.2034567,53.4557098],[-2.2034899,53.4557054]]]}},
{"type":"Feature","properties":{"highway":"footway","name":null,"category":"Footpath (pedestrian only)"},"geometry":{"type":"MultiLineString","coordinates":[[[-2.2049352,53.4553724],[-2.2050496,53.4553675],[-2.2050718,53.4556385],[-2.2050301,53.4557908]]]}},
{"type":"Feature","properties":{"highway":"footway","name":null,"category":"Footpath (pedestrian only)"},"geometry":{"type":"MultiLineString","coordinates":[[[-2.2052722,53.4553547],[-2.2051987,53.4553573],[-2.2050886,53.4553656]]]}},
{"type":"Feature","properties":{"highway":"footway","name":null,"category":"Footpath (pedestrian only)"},"geometry":{"type":"MultiLineString","coordinates":[[[-2.2052981,53.4553541],[-2.2052722,53.4553547]]]}},
{"type":"Feature","properties":{"highway":"footway","name":null,"category":"Footpath (pedestrian only)"},"geometry":{"type":"MultiLineString","coordinates":[[[-2.2050886,53.4553656],[-2.2050496,53.4553675]]]}},
{"type":"Feature","properties":{"highway":"footway","name":null,"category":"Footpath (pedestrian only)"},"geometry":{"type":"MultiLineString","coordinates":[[[-2.2050301,53.4557908],[-2.205019,53.4558103]]]}},
{"type":"Feature","properties":{"highway":"footway","name":null,"category":"Footpath (pedestrian only)"},"geometry":{"type":"MultiLineString","coordinates":[[[-2.2049581,53.4559131],[-2.2049658,53.4558895]]]}},
{"type":"Feature","properties":{"highway":"footway","name":null,"category":"Footpath (pedestrian only)"},"geometry":{"type":"MultiLineString","coordinates":[[[-2.205019,53.4558103],[-2.2049972,53.4558427],[-2.2049658,53.4558895]]]}},
{"type":"Feature","properties":{"highway":"footway","name":null,"category":"Footpath (pedestrian only)"},"geometry":{"type":"MultiLineString","coordinates":[[[-2.2051116,53.4560956],[-2.2051117,53.4561086]]]}},
{"type":"Feature","properties":{"highway":"footway","name":null,"category":"Footpath (pedestrian only)"},"geometry":{"type":"MultiLineString","coordinates":[[[-2.2051005,53.4561732],[-2.2051015,53.4561543]]]}},
{"type":"Feature","properties":{"highway":"footway","name":null,"category":"Footpath (pedestrian only)"},"geometry":{"type":"MultiLineString","coordinates":[[[-2.2051015,53.4561543],[-2.2051039,53.4561437],[-2.2051117,53.4561086]]]}},
{"type":"Feature","properties":{"highway":"footway","name":null,"category":"Footpath (pedestrian only)"},"geometry":{"type":"MultiLineString","coordinates":[[[-2.2041229,53.4566327],[-2.2040726,53.4566338],[-2.2039794,53.4566358]]]}},
{"type":"Feature","properties":{"highway":"footway","name":null,"category":"Footpath (pedestrian only)"},"geometry":{"type":"MultiLineString","coordinates":[[[-2.204742,53.456721],[-2.204747,53.4566913],[-2.2047504,53.4566603]]]}},
{"type":"Feature","properties":{"highway":"footway","name":null,"category":"Footpath (pedestrian only)"},"geometry":{"type":"MultiLineString","coordinates":[[[-2.228342,53.4501062],[-2.2280776,53.4501739],[-2.2278315,53.4502369]]]}},
{"type":"Feature","properties":{"highway":"footway","name":null,"category":"Footpath (pedestrian only)"},"geometry":{"type":"MultiLineString","coordinates":[[[-2.2278315,53.4502369],[-2.227872,53.4504287]]]}},
{"type":"Feature","properties":{"highway":"footway","name":null,"category":"Footpath (pedestrian only)"},"geometry":{"type":"MultiLineString","coordinates":[[[-2.2277431,53.4504296],[-2.2277026,53.4502645],[-2.2275079,53.4503056]]]}},
{"type":"Feature","properties":{"highway":"footway","name":null,"category":"Footpath (pedestrian only)"},"geometry":{"type":"MultiLineString","coordinates":[[[-2.2278315,53.4502369],[-2.2277651,53.4502511],[-2.2277026,53.4502645]]]}},
{"type":"Feature","properties":{"highway":"footway","name":null,"category":"Footpath (pedestrian only)"},"geometry":{"type":"MultiLineString","coordinates":[[[-2.2277026,53.4502645],[-2.2276936,53.4502497],[-2.2275977,53.4500908],[-2.2274944,53.4501115]]]}},
{"type":"Feature","properties":{"highway":"footway","name":null,"category":"Footpath (pedestrian only)"},"geometry":{"type":"MultiLineString","coordinates":[[[-2.2278315,53.4502369],[-2.2278186,53.4502193],[-2.2277004,53.4500589],[-2.2282586,53.4499292]]]}},
{"type":"Feature","properties":{"highway":"footway","name":null,"category":"Footpath (pedestrian only)"},"geometry":{"type":"MultiLineString","coordinates":[[[-2.227577,53.4499639],[-2.2302527,53.4492827]]]}},
{"type":"Feature","properties":{"highway":"footway","name":null,"category":"Footpath (pedestrian only)"},"geometry":{"type":"MultiLineString","coordinates":[[[-2.2276853,53.4500643],[-2.2276534,53.4500733],[-2.2276123,53.4500857]]]}},
{"type":"Feature","properties":{"highway":"footway","name":null,"category":"Footpath (pedestrian only)"},"geometry":{"type":"MultiLineString","coordinates":[[[-2.227577,53.4499639],[-2.2260674,53.4503328]]]}},
{"type":"Feature","properties":{"highway":"footway","name":null,"category":"Footpath (pedestrian only)"},"geometry":{"type":"MultiLineString","coordinates":[[[-2.2264637,53.4503515],[-2.22699,53.45023],[-2.2270734,53.4503997],[-2.227077,53.4504071],[-2.2270811,53.4504155]]]}},
{"type":"Feature","properties":{"highway":"footway","name":null,"category":"Footpath (pedestrian only)"},"geometry":{"type":"MultiLineString","coordinates":[[[-2.2271867,53.4503727],[-2.2270879,53.4502031],[-2.2274944,53.4501115]]]}},
{"type":"Feature","properties":{"highway":"footway","name":null,"category":"Footpath (pedestrian only)"},"geometry":{"type":"MultiLineString","coordinates":[[[-2.2270879,53.4502031],[-2.2270242,53.4502218],[-2.22699,53.45023]]]}},
{"type":"Feature","properties":{"highway":"footway","name":null,"category":"Footpath (pedestrian only)"},"geometry":{"type":"MultiLineString","coordinates":[[[-2.2264637,53.4503515],[-2.2264022,53.4503703],[-2.2263256,53.4503937]]]}},
{"type":"Feature","properties":{"highway":"footway","name":null,"category":"Footpath (pedestrian only)"},"geometry":{"type":"MultiLineString","coordinates":[[[-2.2275079,53.4503056],[-2.2274412,53.4503213],[-2.2271879,53.450381],[-2.227131,53.4503944],[-2.227077,53.4504071],[-2.2269202,53.4504441]]]}},
{"type":"Feature","properties":{"highway":"footway","name":null,"category":"Footpath (pedestrian only)"},"geometry":{"type":"MultiLineString","coordinates":[[[-2.2249013,53.4507195],[-2.2248887,53.4507216]]]}},
{"type":"Feature","properties":{"highway":"footway","name":null,"category":"Footpath (pedestrian only)"},"geometry":{"type":"MultiLineString","coordinates":[[[-2.2248213,53.4507414],[-2.224835,53.4507385]]]}},
{"type":"Feature","properties":{"highway":"footway","name":null,"category":"Footpath (pedestrian only)"},"geometry":{"type":"MultiLineString","coordinates":[[[-2.2248887,53.4507216],[-2.2248607,53.4507304],[-2.224835,53.4507385]]]}},
{"type":"Feature","properties":{"highway":"footway","name":null,"category":"Footpath (pedestrian only)"},"geometry":{"type":"MultiLineString","coordinates":[[[-2.2271879,53.450381],[-2.2272077,53.450412],[-2.2272785,53.450936]]]}},
{"type":"Feature","properties":{"highway":"footway","name":null,"category":"Footpath (pedestrian only)"},"geometry":{"type":"MultiLineString","coordinates":[[[-2.2271745,53.4509429],[-2.2270811,53.4504155]]]}},
{"type":"Feature","properties":{"highway":"footway","name":null,"category":"Footpath (pedestrian only)"},"geometry":{"type":"MultiLineString","coordinates":[[[-2.2269202,53.4504441],[-2.2268199,53.4504674],[-2.2265854,53.4505219]]]}},
{"type":"Feature","properties":{"highway":"footway","name":null,"category":"Footpath (pedestrian only)"},"geometry":{"type":"MultiLineString","coordinates":[[[-2.2259091,53.4512246],[-2.2258136,53.4510424],[-2.2257917,53.4510447]]]}},
{"type":"Feature","properties":{"highway":"footway","name":null,"category":"Footpath (pedestrian only)"},"geometry":{"type":"MultiLineString","coordinates":[[[-2.2252471,53.4512448],[-2.2252397,53.451232]]]}},
{"type":"Feature","properties":{"highway":"footway","name":null,"category":"Footpath (pedestrian only)"},"geometry":{"type":"MultiLineString","coordinates":[[[-2.2251987,53.4511705],[-2.2252061,53.4511812]]]}},
{"type":"Feature","properties":{"highway":"footway","name":null,"category":"Footpath (pedestrian only)"},"geometry":{"type":"MultiLineString","coordinates":[[[-2.2252397,53.451232],[-2.2252227,53.4512063],[-2.2252061,53.4511812]]]}},
{"type":"Feature","properties":{"highway":"footway","name":null,"category":"Footpath (pedestrian only)"},"geometry":{"type":"MultiLineString","coordinates":[[[-2.2027857,53.4557242],[-2.2019729,53.4559078],[-2.201888,53.455927]]]}},
{"type":"Feature","properties":{"highway":"footway","name":null,"category":"Footpath (pedestrian only)"},"geometry":{"type":"MultiLineString","coordinates":[[[-2.201888,53.455927],[-2.2018644,53.455889],[-2.2014964,53.4553302]]]}},
{"type":"Feature","properties":{"highway":"footway","name":null,"category":"Footpath (pedestrian only)"},"geometry":{"type":"MultiLineString","coordinates":[[[-2.2013141,53.45532],[-2.2016751,53.4559318],[-2.201696,53.4559672]]]}},
{"type":"Feature","properties":{"highway":"footway","name":null,"category":"Footpath (pedestrian only)"},"geometry":{"type":"MultiLineString","coordinates":[[[-2.201696,53.4559672],[-2.2015956,53.4559901],[-2.2006543,53.4562052]]]}},
{"type":"Feature","properties":{"highway":"footway","name":null,"category":"Footpath (pedestrian only)"},"geometry":{"type":"MultiLineString","coordinates":[[[-2.2006543,53.4562052],[-2.2005471,53.4560406]]]}},
{"type":"Feature","properties":{"highway":"footway","name":null,"category":"Footpath (pedestrian only)"},"geometry":{"type":"MultiLineString","coordinates":[[[-2.2000094,53.4563701],[-2.2001084,53.4563232],[-2.2005165,53.4562378],[-2.2004355,53.4561026],[-2.200417,53.4560702]]]}},
{"type":"Feature","properties":{"highway":"footway","name":null,"category":"Footpath (pedestrian only)"},"geometry":{"type":"MultiLineString","coordinates":[[[-2.2006543,53.4562052],[-2.2006282,53.4562197]]]}},
{"type":"Feature","properties":{"highway":"footway","name":null,"category":"Footpath (pedestrian only)"},"geometry":{"type":"MultiLineString","coordinates":[[[-2.2005165,53.4562378],[-2.2005359,53.4562395]]]}},
{"type":"Feature","properties":{"highway":"footway","name":null,"category":"Footpath (pedestrian only)"},"geometry":{"type":"MultiLineString","coordinates":[[[-2.2006282,53.4562197],[-2.200586,53.4562288],[-2.2005359,53.4562395]]]}},
{"type":"Feature","properties":{"highway":"footway","name":null,"category":"Footpath (pedestrian only)"},"geometry":{"type":"MultiLineString","coordinates":[[[-2.2027052,53.4558704],[-2.2026269,53.4558914],[-2.2025632,53.4559075]]]}},
{"type":"Feature","properties":{"highway":"footway","name":null,"category":"Footpath (pedestrian only)"},"geometry":{"type":"MultiLineString","coordinates":[[[-2.2028005,53.4562497],[-2.2026859,53.4560465],[-2.202595,53.4559267],[-2.2025525,53.45592],[-2.2025223,53.4559129],[-2.2021979,53.4560136],[-2.2021599,53.4560386],[-2.2020912,53.4561534]]]}},
{"type":"Feature","properties":{"highway":"footway","name":null,"category":"Footpath (pedestrian only)"},"geometry":{"type":"MultiLineString","coordinates":[[[-2.2025525,53.45592],[-2.2025632,53.4559075]]]}},
{"type":"Feature","properties":{"highway":"footway","name":null,"category":"Footpath (pedestrian only)"},"geometry":{"type":"MultiLineString","coordinates":[[[-2.2021015,53.4560215],[-2.2021368,53.4560319]]]}},
{"type":"Feature","properties":{"highway":"footway","name":null,"category":"Footpath (pedestrian only)"},"geometry":{"type":"MultiLineString","coordinates":[[[-2.2021599,53.4560386],[-2.2021368,53.4560319]]]}},
{"type":"Feature","properties":{"highway":"footway","name":null,"category":"Footpath (pedestrian only)"},"geometry":{"type":"MultiLineString","coordinates":[[[-2.2020125,53.4559568],[-2.2019856,53.4559235]]]}},
{"type":"Feature","properties":{"highway":"footway","name":null,"category":"Footpath (pedestrian only)"},"geometry":{"type":"MultiLineString","coordinates":[[[-2.2019856,53.4559235],[-2.2019729,53.4559078]]]}},
{"type":"Feature","properties":{"highway":"footway","name":null,"category":"Footpath (pedestrian only)"},"geometry":{"type":"MultiLineString","coordinates":[[[-2.2020912,53.4561534],[-2.2022095,53.4564535]]]}},
{"type":"Feature","properties":{"highway":"footway","name":null,"category":"Footpath (pedestrian only)"},"geometry":{"type":"MultiLineString","coordinates":[[[-2.2022337,53.4565132],[-2.202218,53.4564745],[-2.2022095,53.4564535]]]}},
{"type":"Feature","properties":{"highway":"footway","name":null,"category":"Footpath (pedestrian only)"},"geometry":{"type":"MultiLineString","coordinates":[[[-2.2022337,53.4565132],[-2.2023782,53.4568024],[-2.2027729,53.4567164]]]}},
{"type":"Feature","properties":{"highway":"footway","name":null,"category":"Footpath (pedestrian only)"},"geometry":{"type":"MultiLineString","coordinates":[[[-2.2034031,53.4567243],[-2.2032126,53.4567646],[-2.2024585,53.4569241],[-2.2024989,53.4569734],[-2.2026701,53.4572242],[-2.202793,53.4574088]]]}},
{"type":"Feature","properties":{"highway":"footway","name":null,"category":"Footpath (pedestrian only)"},"geometry":{"type":"MultiLineString","coordinates":[[[-2.2024585,53.4569241],[-2.2023988,53.4568337],[-2.2023782,53.4568024]]]}},
{"type":"Feature","properties":{"highway":"footway","name":null,"category":"Footpath (pedestrian only)"},"geometry":{"type":"MultiLineString","coordinates":[[[-2.2023453,53.4569939],[-2.2020666,53.4565655]]]}},
{"type":"Feature","properties":{"highway":"footway","name":null,"category":"Footpath (pedestrian only)"},"geometry":{"type":"MultiLineString","coordinates":[[[-2.2020666,53.4565655],[-2.2020421,53.4565237],[-2.2020225,53.4564903]]]}},
{"type":"Feature","properties":{"highway":"footway","name":null,"category":"Footpath (pedestrian only)"},"geometry":{"type":"MultiLineString","coordinates":[[[-2.2020225,53.4564903],[-2.2019889,53.4564445],[-2.2017318,53.4560936]]]}},
{"type":"Feature","properties":{"highway":"footway","name":null,"category":"Footpath (pedestrian only)"},"geometry":{"type":"MultiLineString","coordinates":[[[-2.2017318,53.4560936],[-2.2017735,53.4560796]]]}},
{"type":"Feature","properties":{"highway":"footway","name":null,"category":"Footpath (pedestrian only)"},"geometry":{"type":"MultiLineString","coordinates":[[[-2.2018378,53.4560737],[-2.2017735,53.4560796]]]}},
{"type":"Feature","properties":{"highway":"footway","name":null,"category":"Footpath (pedestrian only)"},"geometry":{"type":"MultiLineString","coordinates":[[[-2.2017318,53.4560936],[-2.2016614,53.4561095],[-2.2005437,53.4563621]]]}},
{"type":"Feature","properties":{"highway":"footway","name":null,"category":"Footpath (pedestrian only)"},"geometry":{"type":"MultiLineString","coordinates":[[[-2.2001338,53.4565654],[-2.2001567,53.456519],[-2.2001693,53.4564934],[-2.2004326,53.4563937]]]}},
{"type":"Feature","properties":{"highway":"footway","name":null,"category":"Footpath (pedestrian only)"},"geometry":{"type":"MultiLineString","coordinates":[[[-2.2005129,53.4563715],[-2.2004841,53.456379],[-2.2004483,53.4563897]]]}},
{"type":"Feature","properties":{"highway":"footway","name":null,"category":"Footpath (pedestrian only)"},"geometry":{"type":"MultiLineString","coordinates":[[[-2.2006427,53.4569897],[-2.2003225,53.4567228],[-2.2001889,53.4566114],[-2.2001338,53.4565654]]]}},
{"type":"Feature","properties":{"highway":"footway","name":null,"category":"Footpath (pedestrian only)"},"geometry":{"type":"MultiLineString","coordinates":[[[-2.2004326,53.4563937],[-2.2006255,53.4565445],[-2.2007948,53.4566767],[-2.2011668,53.4569675]]]}},
{"type":"Feature","properties":{"highway":"footway","name":null,"category":"Footpath (pedestrian only)"},"geometry":{"type":"MultiLineString","coordinates":[[[-2.2005437,53.4563621],[-2.2009257,53.4566885]]]}},
{"type":"Feature","properties":{"highway":"footway","name":null,"category":"Footpath (pedestrian only)"},"geometry":{"type":"MultiLineString","coordinates":[[[-2.2009257,53.4566885],[-2.2019889,53.4564445]]]}},
{"type":"Feature","properties":{"highway":"footway","name":null,"category":"Footpath (pedestrian only)"},"geometry":{"type":"MultiLineString","coordinates":[[[-2.2052267,53.4601475],[-2.2054779,53.4599654],[-2.2054974,53.4599234],[-2.2054943,53.4598725]]]}},
{"type":"Feature","properties":{"highway":"footway","name":null,"category":"Footpath (pedestrian only)"},"geometry":{"type":"MultiLineString","coordinates":[[[-2.2054812,53.4598487],[-2.2054718,53.4598541]]]}},
{"type":"Feature","properties":{"highway":"footway","name":null,"category":"Footpath (pedestrian only)"},"geometry":{"type":"MultiLineString","coordinates":[[[-2.2054943,53.4598725],[-2.2054718,53.4598541],[-2.2054471,53.4598365],[-2.2050028,53.4598617],[-2.204841,53.4599332],[-2.2048721,53.459961],[-2.2052267,53.4601475]]]}},
{"type":"Feature","properties":{"highway":"footway","name":null,"category":"Footpath (pedestrian only)"},"geometry":{"type":"MultiLineString","coordinates":[[[-2.2054346,53.45972],[-2.204667,53.459742],[-2.2045846,53.4597444],[-2.2045463,53.4597217]]]}},
{"type":"Feature","properties":{"highway":"footway","name":null,"category":"Footpath (pedestrian only)"},"geometry":{"type":"MultiLineString","coordinates":[[[-2.2046991,53.4598214],[-2.2046875,53.4597948],[-2.2046711,53.4597554]]]}},
{"type":"Feature","properties":{"highway":"footway","name":null,"category":"Footpath (pedestrian only)"},"geometry":{"type":"MultiLineString","coordinates":[[[-2.2046711,53.4597554],[-2.204667,53.459742]]]}},
{"type":"Feature","properties":{"highway":"footway","name":null,"category":"Footpath (pedestrian only)"},"geometry":{"type":"MultiLineString","coordinates":[[[-2.204841,53.4599332],[-2.2048112,53.4599022]]]}},
{"type":"Feature","properties":{"highway":"footway","name":null,"category":"Footpath (pedestrian only)"},"geometry":{"type":"MultiLineString","coordinates":[[[-2.2047564,53.4598346],[-2.2047782,53.4598638],[-2.2048112,53.4599022]]]}},
{"type":"Feature","properties":{"highway":"footway","name":null,"category":"Footpath (pedestrian only)"},"geometry":{"type":"MultiLineString","coordinates":[[[-2.2045463,53.4597217],[-2.2047058,53.4588853]]]}},
{"type":"Feature","properties":{"highway":"footway","name":null,"category":"Footpath (pedestrian only)"},"geometry":{"type":"MultiLineString","coordinates":[[[-2.2047241,53.4586135],[-2.2047058,53.4588853]]]}},
{"type":"Feature","properties":{"highway":"footway","name":null,"category":"Footpath (pedestrian only)"},"geometry":{"type":"MultiLineString","coordinates":[[[-2.2045709,53.4586481],[-2.2045134,53.4591006],[-2.2044952,53.4592442],[-2.2044711,53.459323],[-2.2044547,53.4593767],[-2.2043714,53.4596489]]]}},
{"type":"Feature","properties":{"highway":"footway","name":null,"category":"Footpath (pedestrian only)"},"geometry":{"type":"MultiLineString","coordinates":[[[-2.2046021,53.4586016],[-2.2045888,53.4586217],[-2.2045768,53.4586403]]]}},
{"type":"Feature","properties":{"highway":"footway","name":null,"category":"Footpath (pedestrian only)"},"geometry":{"type":"MultiLineString","coordinates":[[[-2.2045709,53.4586481],[-2.2041923,53.458654],[-2.2041686,53.4586716],[-2.2041299,53.4587004],[-2.2041219,53.4590884]]]}},
{"type":"Feature","properties":{"highway":"footway","name":null,"category":"Footpath (pedestrian only)"},"geometry":{"type":"MultiLineString","coordinates":[[[-2.2040224,53.4586621],[-2.2037276,53.458654],[-2.2037226,53.4586866],[-2.2035193,53.4586866],[-2.2035223,53.4586298],[-2.2030547,53.4586352]]]}},
{"type":"Feature","properties":{"highway":"footway","name":null,"category":"Footpath (pedestrian only)"},"geometry":{"type":"MultiLineString","coordinates":[[[-2.2041686,53.4586716],[-2.2041463,53.4586596]]]}},
{"type":"Feature","properties":{"highway":"footway","name":null,"category":"Footpath (pedestrian only)"},"geometry":{"type":"MultiLineString","coordinates":[[[-2.2040224,53.4586621],[-2.2040663,53.4586625],[-2.2040409,53.4589694],[-2.2039608,53.4590022],[-2.2038912,53.4590287]]]}},
{"type":"Feature","properties":{"highway":"footway","name":null,"category":"Footpath (pedestrian only)"},"geometry":{"type":"MultiLineString","coordinates":[[[-2.2038912,53.4590287],[-2.2038968,53.4590858]]]}},
{"type":"Feature","properties":{"highway":"footway","name":null,"category":"Footpath (pedestrian only)"},"geometry":{"type":"MultiLineString","coordinates":[[[-2.2044547,53.4593767],[-2.2042384,53.4593636],[-2.2042299,53.4594185],[-2.2040626,53.4593611],[-2.2039346,53.4592988]]]}},
{"type":"Feature","properties":{"highway":"footway","name":null,"category":"Footpath (pedestrian only)"},"geometry":{"type":"MultiLineString","coordinates":[[[-2.2045219,53.4597088],[-2.2044569,53.4596838],[-2.2043849,53.4596562]]]}},
{"type":"Feature","properties":{"highway":"footway","name":null,"category":"Footpath (pedestrian only)"},"geometry":{"type":"MultiLineString","coordinates":[[[-2.2040663,53.4586625],[-2.2040882,53.4586569]]]}},
{"type":"Feature","properties":{"highway":"footway","name":null,"category":"Footpath (pedestrian only)"},"geometry":{"type":"MultiLineString","coordinates":[[[-2.2041463,53.4586596],[-2.2041019,53.4586575],[-2.2040882,53.4586569]]]}},
{"type":"Feature","properties":{"highway":"footway","name":null,"category":"Footpath (pedestrian only)"},"geometry":{"type":"MultiLineString","coordinates":[[[-2.2030547,53.4586352],[-2.2030478,53.4585674]]]}},
{"type":"Feature","properties":{"highway":"footway","name":null,"category":"Footpath (pedestrian only)"},"geometry":{"type":"MultiLineString","coordinates":[[[-2.2035911,53.459523],[-2.2035742,53.4595143],[-2.2030532,53.4592449]]]}},
{"type":"Feature","properties":{"highway":"footway","name":null,"category":"Footpath (pedestrian only)"},"geometry":{"type":"MultiLineString","coordinates":[[[-2.2030708,53.4587749],[-2.2030397,53.4587769]]]}},
{"type":"Feature","properties":{"highway":"footway","name":null,"category":"Footpath (pedestrian only)"},"geometry":{"type":"MultiLineString","coordinates":[[[-2.2022864,53.4586048],[-2.2023857,53.4587052],[-2.202509,53.4588231],[-2.2026047,53.4589112],[-2.2026791,53.4589794],[-2.2027,53.4590221],[-2.2026881,53.4590559],[-2.2026348,53.4591246],[-2.2025255,53.4592104],[-2.2013956,53.4594369],[-2.2011683,53.4594824]]]}},
{"type":"Feature","properties":{"highway":"footway","name":null,"category":"Footpath (pedestrian only)"},"geometry":{"type":"MultiLineString","coordinates":[[[-2.2027173,53.4590613],[-2.2026881,53.4590559]]]}},
{"type":"Feature","properties":{"highway":"footway","name":null,"category":"Footpath (pedestrian only)"},"geometry":{"type":"MultiLineString","coordinates":[[[-2.2030532,53.4592449],[-2.2029153,53.4592536],[-2.2027768,53.4592803],[-2.2014568,53.459546],[-2.2013074,53.4595761]]]}},
{"type":"Feature","properties":{"highway":"footway","name":null,"category":"Footpath (pedestrian only)"},"geometry":{"type":"MultiLineString","coordinates":[[[-2.204841,53.4599332],[-2.2048136,53.4599481]]]}},
{"type":"Feature","properties":{"highway":"footway","name":null,"category":"Footpath (pedestrian only)"},"geometry":{"type":"MultiLineString","coordinates":[[[-2.2048136,53.4599481],[-2.2047481,53.4599975],[-2.2046785,53.4600499]]]}},
{"type":"Feature","properties":{"highway":"footway","name":null,"category":"Footpath (pedestrian only)"},"geometry":{"type":"MultiLineString","coordinates":[[[-2.2045463,53.4597217],[-2.2045219,53.4597088]]]}},
{"type":"Feature","properties":{"highway":"footway","name":null,"category":"Footpath (pedestrian only)"},"geometry":{"type":"MultiLineString","coordinates":[[[-2.2043849,53.4596562],[-2.2043714,53.4596489]]]}},
{"type":"Feature","properties":{"highway":"footway","name":null,"category":"Footpath (pedestrian only)"},"geometry":{"type":"MultiLineString","coordinates":[[[-2.2045768,53.4586403],[-2.2045709,53.4586481]]]}},
{"type":"Feature","properties":{"highway":"footway","name":null,"category":"Footpath (pedestrian only)"},"geometry":{"type":"MultiLineString","coordinates":[[[-2.2026269,53.4589017],[-2.2026047,53.4589112]]]}},
{"type":"Feature","properties":{"highway":"footway","name":null,"category":"Footpath (pedestrian only)"},"geometry":{"type":"MultiLineString","coordinates":[[[-2.2187293,53.4578764],[-2.2186771,53.4578347],[-2.2186467,53.4578116],[-2.2185633,53.4577481]]]}},
{"type":"Feature","properties":{"highway":"footway","name":null,"category":"Footpath (pedestrian only)"},"geometry":{"type":"MultiLineString","coordinates":[[[-2.2185633,53.4577481],[-2.2185483,53.4577319]]]}},
{"type":"Feature","properties":{"highway":"footway","name":null,"category":"Footpath (pedestrian only)"},"geometry":{"type":"MultiLineString","coordinates":[[[-2.2184306,53.4579925],[-2.2184145,53.457982]]]}},
{"type":"Feature","properties":{"highway":"footway","name":null,"category":"Footpath (pedestrian only)"},"geometry":{"type":"MultiLineString","coordinates":[[[-2.2184145,53.457982],[-2.218371,53.4579526],[-2.21834,53.4579316]]]}},
{"type":"Feature","properties":{"highway":"footway","name":null,"category":"Footpath (pedestrian only)"},"geometry":{"type":"MultiLineString","coordinates":[[[-2.21834,53.4579316],[-2.2183226,53.4579204]]]}},
{"type":"Feature","properties":{"highway":"footway","name":null,"category":"Footpath (pedestrian only)"},"geometry":{"type":"MultiLineString","coordinates":[[[-2.2046021,53.4586016],[-2.2046076,53.4585921]]]}},
{"type":"Feature","properties":{"highway":"footway","name":null,"category":"Footpath (pedestrian only)"},"geometry":{"type":"MultiLineString","coordinates":[[[-2.2046514,53.4571554],[-2.204653,53.4571461]]]}},
{"type":"Feature","properties":{"highway":"footway","name":null,"category":"Footpath (pedestrian only)"},"geometry":{"type":"MultiLineString","coordinates":[[[-2.2046682,53.4570673],[-2.2046671,53.4570736]]]}},
{"type":"Feature","properties":{"highway":"footway","name":null,"category":"Footpath (pedestrian only)"},"geometry":{"type":"MultiLineString","coordinates":[[[-2.204742,53.456721],[-2.2047441,53.4567284]]]}},
{"type":"Feature","properties":{"highway":"footway","name":null,"category":"Footpath (pedestrian only)"},"geometry":{"type":"MultiLineString","coordinates":[[[-2.2047504,53.4566603],[-2.2047538,53.4566504]]]}},
{"type":"Feature","properties":{"highway":"footway","name":null,"category":"Footpath (pedestrian only)"},"geometry":{"type":"MultiLineString","coordinates":[[[-2.2041229,53.4566327],[-2.20414,53.4566327]]]}},
{"type":"Feature","properties":{"highway":"footway","name":null,"category":"Footpath (pedestrian only)"},"geometry":{"type":"MultiLineString","coordinates":[[[-2.2039794,53.4566358],[-2.203964,53.4566355]]]}},
{"type":"Feature","properties":{"highway":"footway","name":null,"category":"Footpath (pedestrian only)"},"geometry":{"type":"MultiLineString","coordinates":[[[-2.2038206,53.4561469],[-2.2038075,53.4561283]]]}},
{"type":"Feature","properties":{"highway":"footway","name":null,"category":"Footpath (pedestrian only)"},"geometry":{"type":"MultiLineString","coordinates":[[[-2.2037604,53.456073],[-2.2037675,53.4560844]]]}},
{"type":"Feature","properties":{"highway":"footway","name":null,"category":"Footpath (pedestrian only)"},"geometry":{"type":"MultiLineString","coordinates":[[[-2.2034899,53.4557054],[-2.2035036,53.4557033]]]}},
{"type":"Feature","properties":{"highway":"footway","name":null,"category":"Footpath (pedestrian only)"},"geometry":{"type":"MultiLineString","coordinates":[[[-2.2034174,53.4557138],[-2.2033977,53.4557149]]]}},
{"type":"Feature","properties":{"highway":"footway","name":null,"category":"Footpath (pedestrian only)"},"geometry":{"type":"MultiLineString","coordinates":[[[-2.2023962,53.4570584],[-2.202403,53.4570706]]]}},
{"type":"Feature","properties":{"highway":"footway","name":null,"category":"Footpath (pedestrian only)"},"geometry":{"type":"MultiLineString","coordinates":[[[-2.2012462,53.4574059],[-2.2013109,53.457427]]]}},
{"type":"Feature","properties":{"highway":"footway","name":null,"category":"Footpath (pedestrian only)"},"geometry":{"type":"MultiLineString","coordinates":[[[-2.201121,53.4573625],[-2.2011022,53.4573569]]]}},
{"type":"Feature","properties":{"highway":"footway","name":null,"category":"Footpath (pedestrian only)"},"geometry":{"type":"MultiLineString","coordinates":[[[-2.2001567,53.456519],[-2.2001344,53.4565004]]]}},
{"type":"Feature","properties":{"highway":"footway","name":null,"category":"Footpath (pedestrian only)"},"geometry":{"type":"MultiLineString","coordinates":[[[-2.2001344,53.4565004],[-2.200079,53.45644]]]}},
{"type":"Feature","properties":{"highway":"footway","name":null,"category":"Footpath (pedestrian only)"},"geometry":{"type":"MultiLineString","coordinates":[[[-2.2000283,53.4563914],[-2.2000094,53.4563701]]]}},
{"type":"Feature","properties":{"highway":"footway","name":null,"category":"Footpath (pedestrian only)"},"geometry":{"type":"MultiLineString","coordinates":[[[-2.2005129,53.4563715],[-2.2005437,53.4563621]]]}},
{"type":"Feature","properties":{"highway":"footway","name":null,"category":"Footpath (pedestrian only)"},"geometry":{"type":"MultiLineString","coordinates":[[[-2.2004326,53.4563937],[-2.2004483,53.4563897]]]}},
{"type":"Feature","properties":{"highway":"footway","name":null,"category":"Footpath (pedestrian only)"},"geometry":{"type":"MultiLineString","coordinates":[[[-2.2276123,53.4500857],[-2.2275977,53.4500908]]]}},
{"type":"Feature","properties":{"highway":"footway","name":null,"category":"Footpath (pedestrian only)"},"geometry":{"type":"MultiLineString","coordinates":[[[-2.2276853,53.4500643],[-2.2277004,53.4500589]]]}},
{"type":"Feature","properties":{"highway":"footway","name":null,"category":"Footpath (pedestrian only)"},"geometry":{"type":"MultiLineString","coordinates":[[[-2.2134629,53.4569344],[-2.2134015,53.4569425],[-2.2132928,53.4569567]]]}},
{"type":"Feature","properties":{"highway":"footway","name":null,"category":"Footpath (pedestrian only)"},"geometry":{"type":"MultiLineString","coordinates":[[[-2.2010278,53.4575666],[-2.2005904,53.4572127],[-2.200482,53.4571193],[-2.2003878,53.457047],[-2.200299,53.456979],[-2.2000739,53.4568066],[-2.2000663,53.4568007],[-2.1999534,53.4567142],[-2.1999339,53.4566993],[-2.1999266,53.4566937],[-2.1998964,53.4566631]]]}},
{"type":"Feature","properties":{"highway":"footway","name":null,"category":"Footpath (pedestrian only)"},"geometry":{"type":"MultiLineString","coordinates":[[[-2.1998051,53.456604],[-2.1997249,53.4565684]]]}},
{"type":"Feature","properties":{"highway":"footway","name":null,"category":"Footpath (pedestrian only)"},"geometry":{"type":"MultiLineString","coordinates":[[[-2.1997249,53.4565684],[-2.1996884,53.4565526]]]}},
{"type":"Feature","properties":{"highway":"footway","name":"Stanley Grove","category":"Footpath (pedestrian only)"},"geometry":{"type":"MultiLineString","coordinates":[[[-2.1996884,53.4565526],[-2.1997158,53.4564796]]]}},
{"type":"Feature","properties":{"highway":"footway","name":"Stockport Road","category":"Footpath (pedestrian only)"},"geometry":{"type":"MultiLineString","coordinates":[[[-2.1997158,53.4564796],[-2.1997004,53.4564599],[-2.1996611,53.4564095],[-2.1994316,53.4561609],[-2.1991259,53.4559118],[-2.1988551,53.4556912]]]}},
{"type":"Feature","properties":{"highway":"footway","name":null,"category":"Footpath (pedestrian only)"},"geometry":{"type":"MultiLineString","coordinates":[[[-2.1988551,53.4556912],[-2.1988466,53.4556842],[-2.1988342,53.4556752]]]}},
{"type":"Feature","properties":{"highway":"footway","name":"Stockport Road","category":"Footpath (pedestrian only)"},"geometry":{"type":"MultiLineString","coordinates":[[[-2.1988342,53.4556752],[-2.198744,53.4556514],[-2.1983696,53.455384],[-2.198358,53.4553574],[-2.198126,53.4551975],[-2.198075,53.4552056]]]}},
{"type":"Feature","properties":{"highway":"footway","name":null,"category":"Footpath (pedestrian only)"},"geometry":{"type":"MultiLineString","coordinates":[[[-2.198075,53.4552056],[-2.1980431,53.4551821],[-2.1980212,53.4551661]]]}},
{"type":"Feature","properties":{"highway":"footway","name":null,"category":"Footpath (pedestrian only)"},"geometry":{"type":"MultiLineString","coordinates":[[[-2.1980037,53.455068],[-2.1980683,53.4550324],[-2.1981218,53.455003]]]}},
{"type":"Feature","properties":{"highway":"footway","name":null,"category":"Footpath (pedestrian only)"},"geometry":{"type":"MultiLineString","coordinates":[[[-2.1979835,53.4550787],[-2.197996,53.455072],[-2.1980037,53.455068]]]}},
{"type":"Feature","properties":{"highway":"footway","name":null,"category":"Footpath (pedestrian only)"},"geometry":{"type":"MultiLineString","coordinates":[[[-2.198175,53.4549802],[-2.1982316,53.4549679],[-2.1982606,53.4549618]]]}},
{"type":"Feature","properties":{"highway":"footway","name":null,"category":"Footpath (pedestrian only)"},"geometry":{"type":"MultiLineString","coordinates":[[[-2.1980574,53.4549161],[-2.1980745,53.4549274],[-2.1981031,53.4549463]]]}},
{"type":"Feature","properties":{"highway":"footway","name":null,"category":"Footpath (pedestrian only)"},"geometry":{"type":"MultiLineString","coordinates":[[[-2.1978728,53.4547363],[-2.1978909,53.4547591]]]}},
{"type":"Feature","properties":{"highway":"footway","name":"Stockport Road","category":"Footpath (pedestrian only)"},"geometry":{"type":"MultiLineString","coordinates":[[[-2.2000094,53.4563701],[-2.1999567,53.4563495],[-2.1999313,53.4563435],[-2.199336,53.4558626],[-2.1988011,53.4554605],[-2.1987845,53.4554462]]]}},
{"type":"Feature","properties":{"highway":"footway","name":"Slade Lane","category":"Footpath (pedestrian only)"},"geometry":{"type":"MultiLineString","coordinates":[[[-2.1984701,53.4552063],[-2.1983823,53.4551375],[-2.1982814,53.4549569],[-2.1982308,53.4548662]]]}},
{"type":"Feature","properties":{"highway":"footway","name":"Slade Lane","category":"Footpath (pedestrian only)"},"geometry":{"type":"MultiLineString","coordinates":[[[-2.1981992,53.4548031],[-2.1980843,53.4546098]]]}},
{"type":"Feature","properties":{"highway":"footway","name":null,"category":"Footpath (pedestrian only)"},"geometry":{"type":"MultiLineString","coordinates":[[[-2.1982308,53.4548662],[-2.1982134,53.4548295],[-2.1981992,53.4548031]]]}},
{"type":"Feature","properties":{"highway":"footway","name":"Stockport Road","category":"Footpath (pedestrian only)"},"geometry":{"type":"MultiLineString","coordinates":[[[-2.1987141,53.4553974],[-2.1984701,53.4552063]]]}},
{"type":"Feature","properties":{"highway":"footway","name":null,"category":"Footpath (pedestrian only)"},"geometry":{"type":"MultiLineString","coordinates":[[[-2.1987845,53.4554462],[-2.1987456,53.4554193],[-2.1987141,53.4553974]]]}},
{"type":"Feature","properties":{"highway":"footway","name":null,"category":"Footpath (pedestrian only)"},"geometry":{"type":"MultiLineString","coordinates":[[[-2.1982814,53.4549569],[-2.1982606,53.4549618]]]}},
{"type":"Feature","properties":{"highway":"footway","name":"Slade Lane","category":"Footpath (pedestrian only)"},"geometry":{"type":"MultiLineString","coordinates":[[[-2.1980468,53.4549103],[-2.1980515,53.4548972],[-2.1979776,53.4547467],[-2.1979036,53.4546158],[-2.1976962,53.4543087]]]}},
{"type":"Feature","properties":{"highway":"footway","name":null,"category":"Footpath (pedestrian only)"},"geometry":{"type":"MultiLineString","coordinates":[[[-2.1980574,53.4549161],[-2.1980468,53.4549103]]]}},
{"type":"Feature","properties":{"highway":"footway","name":"Stockport Road","category":"Footpath (pedestrian only)"},"geometry":{"type":"MultiLineString","coordinates":[[[-2.1980468,53.4549103],[-2.1980196,53.4549172],[-2.1978128,53.4547927],[-2.1973212,53.4545102],[-2.1964448,53.4539977],[-2.1961758,53.4537774],[-2.1955355,53.4531416]]]}},
{"type":"Feature","properties":{"highway":"footway","name":null,"category":"Footpath (pedestrian only)"},"geometry":{"type":"MultiLineString","coordinates":[[[-2.2015326,53.4579474],[-2.2011494,53.4576583],[-2.2010278,53.4575666]]]}},
{"type":"Feature","properties":{"highway":"footway","name":null,"category":"Footpath (pedestrian only)"},"geometry":{"type":"MultiLineString","coordinates":[[[-2.2054971,53.4434201],[-2.2055141,53.4434302],[-2.2055399,53.4434474],[-2.2055628,53.4434545],[-2.2055887,53.4434912],[-2.2056124,53.4435605],[-2.2056907,53.4438275],[-2.205718,53.4439119]]]}},
{"type":"Feature","properties":{"highway":"footway","name":null,"category":"Footpath (pedestrian only)"},"geometry":{"type":"MultiLineString","coordinates":[[[-2.2041524,53.4422403],[-2.2042198,53.4422074],[-2.204535,53.4421472],[-2.2047023,53.4421243],[-2.2048874,53.4421305],[-2.2050578,53.4421559],[-2.2050734,53.4421683],[-2.2051909,53.4422395],[-2.2052605,53.4423354],[-2.2053389,53.4426055],[-2.2054158,53.4428891]]]}},
{"type":"Feature","properties":{"highway":"footway","name":null,"category":"Footpath (pedestrian only)"},"geometry":{"type":"MultiLineString","coordinates":[[[-2.2054158,53.4428891],[-2.2054432,53.4430836],[-2.2054525,53.4431683],[-2.2053975,53.443227],[-2.205275,53.4432647],[-2.2052446,53.4432702],[-2.2051401,53.4432839],[-2.2050374,53.4433204],[-2.2050011,53.4433235],[-2.2049502,53.4433136],[-2.2049046,53.4432882],[-2.2048807,53.4432357],[-2.2048699,53.4431444],[-2.2048683,53.4431306],[-2.2048973,53.4430972]]]}},
{"type":"Feature","properties":{"highway":"footway","name":null,"category":"Footpath (pedestrian only)"},"geometry":{"type":"MultiLineString","coordinates":[[[-2.2048699,53.4431444],[-2.2048618,53.443145]]]}},
{"type":"Feature","properties":{"highway":"footway","name":null,"category":"Footpath (pedestrian only)"},"geometry":{"type":"MultiLineString","coordinates":[[[-2.2047739,53.4431442],[-2.2047815,53.4431442]]]}},
{"type":"Feature","properties":{"highway":"footway","name":null,"category":"Footpath (pedestrian only)"},"geometry":{"type":"MultiLineString","coordinates":[[[-2.2047739,53.4431442],[-2.2047838,53.4432506],[-2.2047414,53.4432802]]]}},
{"type":"Feature","properties":{"highway":"footway","name":null,"category":"Footpath (pedestrian only)"},"geometry":{"type":"MultiLineString","coordinates":[[[-2.2047815,53.4431442],[-2.2048162,53.4431445],[-2.2048618,53.443145]]]}},
{"type":"Feature","properties":{"highway":"footway","name":null,"category":"Footpath (pedestrian only)"},"geometry":{"type":"MultiLineString","coordinates":[[[-2.2048973,53.4429529],[-2.2049475,53.4429458],[-2.2049834,53.4429415]]]}},
{"type":"Feature","properties":{"highway":"footway","name":null,"category":"Footpath (pedestrian only)"},"geometry":{"type":"MultiLineString","coordinates":[[[-2.2047739,53.4431442],[-2.2047697,53.4430693],[-2.2048469,53.4430082],[-2.2048884,53.4429882],[-2.2048973,53.4429529]]]}},
{"type":"Feature","properties":{"highway":"footway","name":null,"category":"Footpath (pedestrian only)"},"geometry":{"type":"MultiLineString","coordinates":[[[-2.2058722,53.442022],[-2.2056659,53.442023],[-2.2055761,53.4420234],[-2.2054596,53.4420684],[-2.2054118,53.4421245],[-2.2055451,53.4425908],[-2.2059539,53.4439629]]]}},
{"type":"Feature","properties":{"highway":"footway","name":null,"category":"Footpath (pedestrian only)"},"geometry":{"type":"MultiLineString","coordinates":[[[-2.2220657,53.4512702],[-2.2219769,53.4512891]]]}},
{"type":"Feature","properties":{"highway":"footway","name":null,"category":"Footpath (pedestrian only)"},"geometry":{"type":"MultiLineString","coordinates":[[[-2.2221194,53.4512587],[-2.2220657,53.4512702]]]}},
{"type":"Feature","properties":{"highway":"footway","name":null,"category":"Footpath (pedestrian only)"},"geometry":{"type":"MultiLineString","coordinates":[[[-2.2221922,53.4513202],[-2.2222316,53.4513811],[-2.222265,53.4514326]]]}},
{"type":"Feature","properties":{"highway":"footway","name":null,"category":"Footpath (pedestrian only)"},"geometry":{"type":"MultiLineString","coordinates":[[[-2.2221194,53.4512587],[-2.2221922,53.4513202]]]}},
{"type":"Feature","properties":{"highway":"footway","name":null,"category":"Footpath (pedestrian only)"},"geometry":{"type":"MultiLineString","coordinates":[[[-2.222265,53.4514326],[-2.2222511,53.4514466],[-2.2222437,53.4514765],[-2.2222561,53.4515034]]]}},
{"type":"Feature","properties":{"highway":"footway","name":null,"category":"Footpath (pedestrian only)"},"geometry":{"type":"MultiLineString","coordinates":[[[-2.2219338,53.4512636],[-2.2218644,53.4512825]]]}},
{"type":"Feature","properties":{"highway":"footway","name":null,"category":"Footpath (pedestrian only)"},"geometry":{"type":"MultiLineString","coordinates":[[[-2.2218644,53.4512825],[-2.2218441,53.4512881]]]}},
{"type":"Feature","properties":{"highway":"footway","name":null,"category":"Footpath (pedestrian only)"},"geometry":{"type":"MultiLineString","coordinates":[[[-2.2219769,53.4512891],[-2.2219667,53.4512916],[-2.22196,53.4512933],[-2.2219338,53.4512636]]]}},
{"type":"Feature","properties":{"highway":"footway","name":null,"category":"Footpath (pedestrian only)"},"geometry":{"type":"MultiLineString","coordinates":[[[-2.2020531,53.456004],[-2.2020418,53.4559909]]]}},
{"type":"Feature","properties":{"highway":"footway","name":null,"category":"Footpath (pedestrian only)"},"geometry":{"type":"MultiLineString","coordinates":[[[-2.2021015,53.4560215],[-2.2020682,53.4560095]]]}},
{"type":"Feature","properties":{"highway":"footway","name":null,"category":"Footpath (pedestrian only)"},"geometry":{"type":"MultiLineString","coordinates":[[[-2.2019676,53.4560548],[-2.201945,53.4560604],[-2.201883,53.4560681]]]}},
{"type":"Feature","properties":{"highway":"footway","name":null,"category":"Footpath (pedestrian only)"},"geometry":{"type":"MultiLineString","coordinates":[[[-2.201883,53.4560681],[-2.2018525,53.4560719]]]}},
{"type":"Feature","properties":{"highway":"footway","name":null,"category":"Footpath (pedestrian only)"},"geometry":{"type":"MultiLineString","coordinates":[[[-2.2018525,53.4560719],[-2.2018378,53.4560737]]]}},
{"type":"Feature","properties":{"highway":"footway","name":null,"category":"Footpath (pedestrian only)"},"geometry":{"type":"MultiLineString","coordinates":[[[-2.2000811,53.4566568],[-2.1999983,53.4566941]]]}},
{"type":"Feature","properties":{"highway":"footway","name":null,"category":"Footpath (pedestrian only)"},"geometry":{"type":"MultiLineString","coordinates":[[[-2.1999037,53.4563753],[-2.1998371,53.4564025]]]}},
{"type":"Feature","properties":{"highway":"footway","name":null,"category":"Footpath (pedestrian only)"},"geometry":{"type":"MultiLineString","coordinates":[[[-2.1997274,53.4564483],[-2.1997004,53.4564599]]]}},
{"type":"Feature","properties":{"highway":"footway","name":null,"category":"Footpath (pedestrian only)"},"geometry":{"type":"MultiLineString","coordinates":[[[-2.1999567,53.4563495],[-2.1999037,53.4563753]]]}},
{"type":"Feature","properties":{"highway":"footway","name":null,"category":"Footpath (pedestrian only)"},"geometry":{"type":"MultiLineString","coordinates":[[[-2.2001889,53.4566114],[-2.200165,53.456623]]]}},
{"type":"Feature","properties":{"highway":"footway","name":null,"category":"Footpath (pedestrian only)"},"geometry":{"type":"MultiLineString","coordinates":[[[-2.1999983,53.4566941],[-2.1999534,53.4567142]]]}},
{"type":"Feature","properties":{"highway":"footway","name":null,"category":"Footpath (pedestrian only)"},"geometry":{"type":"MultiLineString","coordinates":[[[-2.200165,53.456623],[-2.2000976,53.4566498]]]}},
{"type":"Feature","properties":{"highway":"footway","name":null,"category":"Footpath (pedestrian only)"},"geometry":{"type":"MultiLineString","coordinates":[[[-2.2000976,53.4566498],[-2.2000886,53.4566534],[-2.2000811,53.4566568]]]}},
{"type":"Feature","properties":{"highway":"footway","name":null,"category":"Footpath (pedestrian only)"},"geometry":{"type":"MultiLineString","coordinates":[[[-2.1998045,53.456416],[-2.1997274,53.4564483]]]}},
{"type":"Feature","properties":{"highway":"footway","name":null,"category":"Footpath (pedestrian only)"},"geometry":{"type":"MultiLineString","coordinates":[[[-2.1998371,53.4564025],[-2.1998209,53.4564091],[-2.1998045,53.456416]]]}},
{"type":"Feature","properties":{"highway":"footway","name":null,"category":"Footpath (pedestrian only)"},"geometry":{"type":"MultiLineString","coordinates":[[[-2.1998964,53.4566631],[-2.1998263,53.4566157]]]}},
{"type":"Feature","properties":{"highway":"footway","name":null,"category":"Footpath (pedestrian only)"},"geometry":{"type":"MultiLineString","coordinates":[[[-2.1998263,53.4566157],[-2.1998165,53.456609],[-2.1998051,53.456604]]]}},
{"type":"Feature","properties":{"highway":"footway","name":null,"category":"Footpath (pedestrian only)"},"geometry":{"type":"MultiLineString","coordinates":[[[-2.2000656,53.4564264],[-2.2000283,53.4563914]]]}},
{"type":"Feature","properties":{"highway":"footway","name":null,"category":"Footpath (pedestrian only)"},"geometry":{"type":"MultiLineString","coordinates":[[[-2.200079,53.45644],[-2.2000723,53.4564327],[-2.2000656,53.4564264]]]}},
{"type":"Feature","properties":{"highway":"footway","name":null,"category":"Footpath (pedestrian only)"},"geometry":{"type":"MultiLineString","coordinates":[[[-2.2016556,53.4560932],[-2.2016265,53.4560378],[-2.2016109,53.4560108]]]}},
{"type":"Feature","properties":{"highway":"footway","name":null,"category":"Footpath (pedestrian only)"},"geometry":{"type":"MultiLineString","coordinates":[[[-2.2016109,53.4560108],[-2.2015956,53.4559901]]]}},
{"type":"Feature","properties":{"highway":"footway","name":null,"category":"Footpath (pedestrian only)"},"geometry":{"type":"MultiLineString","coordinates":[[[-2.2016614,53.4561095],[-2.2016556,53.4560932]]]}},
{"type":"Feature","properties":{"highway":"footway","name":null,"category":"Footpath (pedestrian only)"},"geometry":{"type":"MultiLineString","coordinates":[[[-2.1996166,53.4457263],[-2.1996568,53.4457391],[-2.1996715,53.445806],[-2.1997804,53.4462965],[-2.1988722,53.4463569],[-2.1983448,53.4464064],[-2.1980233,53.446436],[-2.1979125,53.4464223]]]}},
{"type":"Feature","properties":{"highway":"footway","name":null,"category":"Footpath (pedestrian only)"},"geometry":{"type":"MultiLineString","coordinates":[[[-2.1979121,53.4465318],[-2.1985049,53.4464997],[-2.1988584,53.4464807],[-2.1997838,53.4464022],[-2.1998512,53.4467178],[-2.1998859,53.4469905],[-2.1998498,53.4469995],[-2.1980302,53.4471425],[-2.1977212,53.44716],[-2.197704,53.4471393],[-2.1979121,53.4465318]]]}},
{"type":"Feature","properties":{"highway":"footway","name":null,"category":"Footpath (pedestrian only)"},"geometry":{"type":"MultiLineString","coordinates":[[[-2.1997838,53.4464022],[-2.1997908,53.4463972]]]}},
{"type":"Feature","properties":{"highway":"footway","name":null,"category":"Footpath (pedestrian only)"},"geometry":{"type":"MultiLineString","coordinates":[[[-2.1998859,53.4469905],[-2.1998947,53.4469938]]]}},
{"type":"Feature","properties":{"highway":"footway","name":null,"category":"Footpath (pedestrian only)"},"geometry":{"type":"MultiLineString","coordinates":[[[-2.1998947,53.4469938],[-2.2000011,53.4469877],[-2.2000798,53.4469831]]]}},
{"type":"Feature","properties":{"highway":"footway","name":null,"category":"Footpath (pedestrian only)"},"geometry":{"type":"MultiLineString","coordinates":[[[-2.2000073,53.447085],[-2.1992846,53.4471327],[-2.1987099,53.4471746]]]}},
{"type":"Feature","properties":{"highway":"footway","name":null,"category":"Footpath (pedestrian only)"},"geometry":{"type":"MultiLineString","coordinates":[[[-2.1999441,53.4463997],[-2.2000564,53.4469654]]]}},
{"type":"Feature","properties":{"highway":"footway","name":null,"category":"Footpath (pedestrian only)"},"geometry":{"type":"MultiLineString","coordinates":[[[-2.2000564,53.4469654],[-2.2000798,53.4469831]]]}},
{"type":"Feature","properties":{"highway":"footway","name":null,"category":"Footpath (pedestrian only)"},"geometry":{"type":"MultiLineString","coordinates":[[[-2.1999441,53.4463997],[-2.2001547,53.4463807]]]}},
{"type":"Feature","properties":{"highway":"footway","name":null,"category":"Footpath (pedestrian only)"},"geometry":{"type":"MultiLineString","coordinates":[[[-2.1999441,53.4463997],[-2.1999358,53.4463955]]]}},
{"type":"Feature","properties":{"highway":"footway","name":null,"category":"Footpath (pedestrian only)"},"geometry":{"type":"MultiLineString","coordinates":[[[-2.1997908,53.4463972],[-2.1998919,53.446396],[-2.1999358,53.4463955]]]}},
{"type":"Feature","properties":{"highway":"footway","name":null,"category":"Footpath (pedestrian only)"},"geometry":{"type":"MultiLineString","coordinates":[[[-2.2000608,53.4462845],[-2.199931,53.4462915],[-2.1998179,53.4457093],[-2.2000941,53.4456878]]]}},
{"type":"Feature","properties":{"highway":"footway","name":null,"category":"Footpath (pedestrian only)"},"geometry":{"type":"MultiLineString","coordinates":[[[-2.199931,53.4462915],[-2.1999291,53.446295]]]}},
{"type":"Feature","properties":{"highway":"footway","name":null,"category":"Footpath (pedestrian only)"},"geometry":{"type":"MultiLineString","coordinates":[[[-2.1997804,53.4462965],[-2.1997863,53.4462987]]]}},
{"type":"Feature","properties":{"highway":"footway","name":null,"category":"Footpath (pedestrian only)"},"geometry":{"type":"MultiLineString","coordinates":[[[-2.1997863,53.4462987],[-2.1998728,53.4462965],[-2.1999291,53.446295]]]}},
{"type":"Feature","properties":{"highway":"footway","name":null,"category":"Footpath (pedestrian only)"},"geometry":{"type":"MultiLineString","coordinates":[[[-2.201463,53.4575956],[-2.2014481,53.4576009],[-2.201378,53.4575466],[-2.201314,53.4574971],[-2.2013195,53.4574909]]]}},
{"type":"Feature","properties":{"highway":"footway","name":null,"category":"Footpath (pedestrian only)"},"geometry":{"type":"MultiLineString","coordinates":[[[-2.2023254,53.4582388],[-2.2023164,53.4582404],[-2.2023089,53.4582417]]]}},
{"type":"Feature","properties":{"highway":"footway","name":null,"category":"Footpath (pedestrian only)"},"geometry":{"type":"MultiLineString","coordinates":[[[-2.2019765,53.4579576],[-2.2019747,53.4579601],[-2.2019701,53.4579664]]]}},
{"type":"Feature","properties":{"highway":"footway","name":"Longsight Health Centre","category":"Footpath (pedestrian only)"},"geometry":{"type":"MultiLineString","coordinates":[[[-2.202289,53.4582453],[-2.2019618,53.4579778]]]}},
{"type":"Feature","properties":{"highway":"footway","name":null,"category":"Footpath (pedestrian only)"},"geometry":{"type":"MultiLineString","coordinates":[[[-2.2018644,53.455889],[-2.2017777,53.4559092],[-2.2016751,53.4559318]]]}},
{"type":"Feature","properties":{"highway":"footway","name":null,"category":"Footpath (pedestrian only)"},"geometry":{"type":"MultiLineString","coordinates":[[[-2.2032479,53.4590364],[-2.2031125,53.4589194],[-2.2030948,53.4589007],[-2.2030879,53.4588772],[-2.2030708,53.4587749],[-2.2030547,53.4586352]]]}},
{"type":"Feature","properties":{"highway":"footway","name":null,"category":"Footpath (pedestrian only)"},"geometry":{"type":"MultiLineString","coordinates":[[[-2.2043714,53.4596489],[-2.204264,53.4595944]]]}},
{"type":"Feature","properties":{"highway":"footway","name":null,"category":"Footpath (pedestrian only)"},"geometry":{"type":"MultiLineString","coordinates":[[[-2.2169207,53.4422633],[-2.2170379,53.4422032],[-2.2171893,53.4421489],[-2.2173686,53.4421106]]]}},
{"type":"Feature","properties":{"highway":"footway","name":null,"category":"Footpath (pedestrian only)"},"geometry":{"type":"MultiLineString","coordinates":[[[-2.2168164,53.4422187],[-2.2168022,53.4422363],[-2.2167868,53.4422552]]]}},
{"type":"Feature","properties":{"highway":"footway","name":null,"category":"Footpath (pedestrian only)"},"geometry":{"type":"MultiLineString","coordinates":[[[-2.2167868,53.4422552],[-2.2167573,53.4423097]]]}},
{"type":"Feature","properties":{"highway":"footway","name":null,"category":"Footpath (pedestrian only)"},"geometry":{"type":"MultiLineString","coordinates":[[[-2.2254189,53.4525512],[-2.225685,53.4524886],[-2.2256322,53.4523035]]]}},
{"type":"Feature","properties":{"highway":"footway","name":null,"category":"Footpath (pedestrian only)"},"geometry":{"type":"MultiLineString","coordinates":[[[-2.2251391,53.4524757],[-2.2250878,53.4523004]]]}},
{"type":"Feature","properties":{"highway":"footway","name":null,"category":"Footpath (pedestrian only)"},"geometry":{"type":"MultiLineString","coordinates":[[[-2.2251596,53.4525443],[-2.2251029,53.4525796],[-2.2249246,53.4525988]]]}},
{"type":"Feature","properties":{"highway":"footway","name":null,"category":"Footpath (pedestrian only)"},"geometry":{"type":"MultiLineString","coordinates":[[[-2.2253906,53.452449],[-2.2253415,53.452272]]]}},
{"type":"Feature","properties":{"highway":"footway","name":null,"category":"Footpath (pedestrian only)"},"geometry":{"type":"MultiLineString","coordinates":[[[-2.2257441,53.4519514],[-2.2261129,53.4519212]]]}},
{"type":"Feature","properties":{"highway":"footway","name":"Grove Close","category":"Footpath (pedestrian only)"},"geometry":{"type":"MultiLineString","coordinates":[[[-2.2252283,53.4514025],[-2.2249125,53.4514532]]]}},
{"type":"Feature","properties":{"highway":"footway","name":null,"category":"Footpath (pedestrian only)"},"geometry":{"type":"MultiLineString","coordinates":[[[-2.2253638,53.4520143],[-2.2253446,53.4520278],[-2.2252896,53.4520318],[-2.2253048,53.4520888],[-2.2250696,53.4521116]]]}},
{"type":"Feature","properties":{"highway":"footway","name":null,"category":"Footpath (pedestrian only)"},"geometry":{"type":"MultiLineString","coordinates":[[[-2.2239802,53.4520116],[-2.2239408,53.4519425],[-2.223854,53.4518845]]]}},
{"type":"Feature","properties":{"highway":"footway","name":"Bembridge Close","category":"Footpath (pedestrian only)"},"geometry":{"type":"MultiLineString","coordinates":[[[-2.2230387,53.452215],[-2.2237006,53.4520463],[-2.2238569,53.4520065]]]}},
{"type":"Feature","properties":{"highway":"footway","name":null,"category":"Footpath (pedestrian only)"},"geometry":{"type":"MultiLineString","coordinates":[[[-2.1970026,53.4509169],[-2.1967408,53.4516807],[-2.1967118,53.4517744],[-2.196706,53.451793]]]}},
{"type":"Feature","properties":{"highway":"footway","name":null,"category":"Footpath (pedestrian only)"},"geometry":{"type":"MultiLineString","coordinates":[[[-2.1969244,53.4517012],[-2.19689,53.4516974],[-2.1967905,53.4516863]]]}},
{"type":"Feature","properties":{"highway":"footway","name":null,"category":"Footpath (pedestrian only)"},"geometry":{"type":"MultiLineString","coordinates":[[[-2.1967905,53.4516863],[-2.1967408,53.4516807]]]}},
{"type":"Feature","properties":{"highway":"footway","name":null,"category":"Footpath (pedestrian only)"},"geometry":{"type":"MultiLineString","coordinates":[[[-2.1969469,53.4517044],[-2.1969244,53.4517012]]]}},
{"type":"Feature","properties":{"highway":"footway","name":null,"category":"Footpath (pedestrian only)"},"geometry":{"type":"MultiLineString","coordinates":[[[-2.1970167,53.4514625],[-2.1971234,53.4511461]]]}},
{"type":"Feature","properties":{"highway":"footway","name":null,"category":"Footpath (pedestrian only)"},"geometry":{"type":"MultiLineString","coordinates":[[[-2.196995,53.4515402],[-2.1970105,53.4514863],[-2.1970167,53.4514625]]]}},
{"type":"Feature","properties":{"highway":"footway","name":null,"category":"Footpath (pedestrian only)"},"geometry":{"type":"MultiLineString","coordinates":[[[-2.1971234,53.4511461],[-2.19715,53.4510642],[-2.1971543,53.4510509]]]}},
{"type":"Feature","properties":{"highway":"footway","name":null,"category":"Footpath (pedestrian only)"},"geometry":{"type":"MultiLineString","coordinates":[[[-2.1971543,53.4510509],[-2.197273,53.4506521]]]}},
{"type":"Feature","properties":{"highway":"footway","name":null,"category":"Footpath (pedestrian only)"},"geometry":{"type":"MultiLineString","coordinates":[[[-2.1976697,53.4495073],[-2.1976164,53.4495147],[-2.197541,53.4498243],[-2.1974641,53.4500879],[-2.1973637,53.4504091],[-2.1973173,53.4505431]]]}},
{"type":"Feature","properties":{"highway":"footway","name":null,"category":"Footpath (pedestrian only)"},"geometry":{"type":"MultiLineString","coordinates":[[[-2.197273,53.4506521],[-2.1972989,53.4505944],[-2.1973173,53.4505431]]]}},
{"type":"Feature","properties":{"highway":"footway","name":null,"category":"Footpath (pedestrian only)"},"geometry":{"type":"MultiLineString","coordinates":[[[-2.1975191,53.4483372],[-2.19766,53.4485473],[-2.1977581,53.4487067],[-2.1977842,53.4487741],[-2.1977955,53.4488334],[-2.1977901,53.4488942],[-2.1977613,53.4490245],[-2.1977142,53.4492209],[-2.1977288,53.4492827],[-2.1977566,53.4493368]]]}},
{"type":"Feature","properties":{"highway":"footway","name":null,"category":"Footpath (pedestrian only)"},"geometry":{"type":"MultiLineString","coordinates":[[[-2.1975191,53.4483372],[-2.1974976,53.4483038],[-2.1974773,53.4482469]]]}},
{"type":"Feature","properties":{"highway":"footway","name":null,"category":"Footpath (pedestrian only)"},"geometry":{"type":"MultiLineString","coordinates":[[[-2.1974653,53.4480406],[-2.1974605,53.4481925],[-2.1974773,53.4482469]]]}},
{"type":"Feature","properties":{"highway":"footway","name":null,"category":"Footpath (pedestrian only)"},"geometry":{"type":"MultiLineString","coordinates":[[[-2.1974252,53.4481949],[-2.1974605,53.4481925]]]}},
{"type":"Feature","properties":{"highway":"footway","name":null,"category":"Footpath (pedestrian only)"},"geometry":{"type":"MultiLineString","coordinates":[[[-2.196927,53.4518986],[-2.1968694,53.4519043],[-2.1967874,53.4519125]]]}},
{"type":"Feature","properties":{"highway":"footway","name":null,"category":"Footpath (pedestrian only)"},"geometry":{"type":"MultiLineString","coordinates":[[[-2.1967874,53.4519125],[-2.1967086,53.4519218],[-2.1966903,53.4518787],[-2.1966922,53.4518705]]]}},
{"type":"Feature","properties":{"highway":"footway","name":null,"category":"Footpath (pedestrian only)"},"geometry":{"type":"MultiLineString","coordinates":[[[-2.1966922,53.4518705],[-2.1967005,53.4518238],[-2.196706,53.451793]]]}},
{"type":"Feature","properties":{"highway":"footway","name":null,"category":"Footpath (pedestrian only)"},"geometry":{"type":"MultiLineString","coordinates":[[[-2.196927,53.4518986],[-2.1969458,53.4518961],[-2.1969449,53.4518788],[-2.1969469,53.4517044],[-2.196995,53.4515402]]]}},
{"type":"Feature","properties":{"highway":"footway","name":null,"category":"Footpath (pedestrian only)"},"geometry":{"type":"MultiLineString","coordinates":[[[-2.1966903,53.4518787],[-2.1963033,53.4518354],[-2.1953517,53.4517326],[-2.1944809,53.45165],[-2.1943335,53.4516463],[-2.1942342,53.4516695],[-2.1941933,53.4516491]]]}},
{"type":"Feature","properties":{"highway":"footway","name":null,"category":"Footpath (pedestrian only)"},"geometry":{"type":"MultiLineString","coordinates":[[[-2.1967118,53.4517744],[-2.1965529,53.4517786],[-2.1960127,53.4517179],[-2.1941185,53.4515405]]]}},
{"type":"Feature","properties":{"highway":"footway","name":null,"category":"Footpath (pedestrian only)"},"geometry":{"type":"MultiLineString","coordinates":[[[-2.2247511,53.4470692],[-2.2247462,53.4471595],[-2.2244654,53.4473092]]]}},
{"type":"Feature","properties":{"highway":"footway","name":null,"category":"Footpath (pedestrian only)"},"geometry":{"type":"MultiLineString","coordinates":[[[-2.2140779,53.4603161],[-2.2142233,53.4601737]]]}},
{"type":"Feature","properties":{"highway":"footway","name":null,"category":"Footpath (pedestrian only)"},"geometry":{"type":"MultiLineString","coordinates":[[[-2.2137369,53.4606618],[-2.2139901,53.4604043],[-2.2140026,53.4603924]]]}},
{"type":"Feature","properties":{"highway":"footway","name":null,"category":"Footpath (pedestrian only)"},"geometry":{"type":"MultiLineString","coordinates":[[[-2.2052987,53.4601859],[-2.205262,53.4601663],[-2.2052267,53.4601475]]]}},
{"type":"Feature","properties":{"highway":"footway","name":null,"category":"Footpath (pedestrian only)"},"geometry":{"type":"MultiLineString","coordinates":[[[-2.2056889,53.4600235],[-2.2056868,53.4599817]]]}},
{"type":"Feature","properties":{"highway":"footway","name":null,"category":"Footpath (pedestrian only)"},"geometry":{"type":"MultiLineString","coordinates":[[[-2.2056868,53.4599817],[-2.2056001,53.459982],[-2.2052987,53.4601859]]]}},
{"type":"Feature","properties":{"highway":"footway","name":null,"category":"Footpath (pedestrian only)"},"geometry":{"type":"MultiLineString","coordinates":[[[-2.2027811,53.4590941],[-2.2028097,53.4591087]]]}},
{"type":"Feature","properties":{"highway":"footway","name":null,"category":"Footpath (pedestrian only)"},"geometry":{"type":"MultiLineString","coordinates":[[[-2.2028097,53.4591087],[-2.2028356,53.4591245],[-2.2028605,53.4591397]]]}},
{"type":"Feature","properties":{"highway":"footway","name":null,"category":"Footpath (pedestrian only)"},"geometry":{"type":"MultiLineString","coordinates":[[[-2.2028605,53.4591397],[-2.2028732,53.4591491],[-2.2028458,53.4591886],[-2.2028508,53.4591927]]]}},
{"type":"Feature","properties":{"highway":"footway","name":null,"category":"Footpath (pedestrian only)"},"geometry":{"type":"MultiLineString","coordinates":[[[-2.2030397,53.4587769],[-2.2029881,53.4587775],[-2.2029489,53.4587781]]]}},
{"type":"Feature","properties":{"highway":"footway","name":null,"category":"Footpath (pedestrian only)"},"geometry":{"type":"MultiLineString","coordinates":[[[-2.2029032,53.4587099],[-2.2028676,53.4586986],[-2.202837,53.4586889]]]}},
{"type":"Feature","properties":{"highway":"footway","name":null,"category":"Footpath (pedestrian only)"},"geometry":{"type":"MultiLineString","coordinates":[[[-2.202837,53.4586889],[-2.2028008,53.4586796],[-2.2027728,53.4587029]]]}},
{"type":"Feature","properties":{"highway":"footway","name":null,"category":"Footpath (pedestrian only)"},"geometry":{"type":"MultiLineString","coordinates":[[[-2.2027728,53.4587029],[-2.202718,53.4587425],[-2.2026714,53.4587763]]]}},
{"type":"Feature","properties":{"highway":"footway","name":null,"category":"Footpath (pedestrian only)"},"geometry":{"type":"MultiLineString","coordinates":[[[-2.2026714,53.4587763],[-2.2026535,53.4587874],[-2.2027292,53.4588563],[-2.2027165,53.4588619]]]}},
{"type":"Feature","properties":{"highway":"footway","name":null,"category":"Footpath (pedestrian only)"},"geometry":{"type":"MultiLineString","coordinates":[[[-2.2027165,53.4588619],[-2.2026753,53.4588799],[-2.2026269,53.4589017]]]}},
{"type":"Feature","properties":{"highway":"footway","name":null,"category":"Footpath (pedestrian only)"},"geometry":{"type":"MultiLineString","coordinates":[[[-2.2015082,53.4575805],[-2.2014828,53.4575887]]]}},
{"type":"Feature","properties":{"highway":"footway","name":null,"category":"Footpath (pedestrian only)"},"geometry":{"type":"MultiLineString","coordinates":[[[-2.2014828,53.4575887],[-2.2014749,53.4575913],[-2.201463,53.4575956]]]}},
{"type":"Feature","properties":{"highway":"footway","name":null,"category":"Footpath (pedestrian only)"},"geometry":{"type":"MultiLineString","coordinates":[[[-2.2013308,53.4574769],[-2.2013463,53.4574545]]]}},
{"type":"Feature","properties":{"highway":"footway","name":null,"category":"Footpath (pedestrian only)"},"geometry":{"type":"MultiLineString","coordinates":[[[-2.2013195,53.4574909],[-2.2013274,53.4574819],[-2.2013308,53.4574769]]]}},
{"type":"Feature","properties":{"highway":"footway","name":null,"category":"Footpath (pedestrian only)"},"geometry":{"type":"MultiLineString","coordinates":[[[-2.2026701,53.4572242],[-2.2026326,53.4572322]]]}},
{"type":"Feature","properties":{"highway":"footway","name":null,"category":"Footpath (pedestrian only)"},"geometry":{"type":"MultiLineString","coordinates":[[[-2.2025213,53.4572563],[-2.2024994,53.457261]]]}},
{"type":"Feature","properties":{"highway":"footway","name":null,"category":"Footpath (pedestrian only)"},"geometry":{"type":"MultiLineString","coordinates":[[[-2.2026326,53.4572322],[-2.2026095,53.4572372],[-2.2025213,53.4572563]]]}},
{"type":"Feature","properties":{"highway":"footway","name":null,"category":"Footpath (pedestrian only)"},"geometry":{"type":"MultiLineString","coordinates":[[[-2.2023489,53.4582347],[-2.2023254,53.4582388]]]}},
{"type":"Feature","properties":{"highway":"footway","name":null,"category":"Footpath (pedestrian only)"},"geometry":{"type":"MultiLineString","coordinates":[[[-2.2023089,53.4582417],[-2.202289,53.4582453]]]}},
{"type":"Feature","properties":{"highway":"footway","name":null,"category":"Footpath (pedestrian only)"},"geometry":{"type":"MultiLineString","coordinates":[[[-2.2019701,53.4579664],[-2.2019618,53.4579778]]]}},
{"type":"Feature","properties":{"highway":"footway","name":null,"category":"Footpath (pedestrian only)"},"geometry":{"type":"MultiLineString","coordinates":[[[-2.2019825,53.4579496],[-2.2019765,53.4579576]]]}},
{"type":"Feature","properties":{"highway":"footway","name":null,"category":"Footpath (pedestrian only)"},"geometry":{"type":"MultiLineString","coordinates":[[[-2.2088806,53.450643],[-2.2088671,53.4506617],[-2.2088669,53.4506777],[-2.2088766,53.4507011],[-2.210115,53.4522001],[-2.2103625,53.4524925]]]}},
{"type":"Feature","properties":{"highway":"footway","name":null,"category":"Footpath (pedestrian only)"},"geometry":{"type":"MultiLineString","coordinates":[[[-2.2103625,53.4524925],[-2.2102791,53.4525166],[-2.2101805,53.452545]]]}},
{"type":"Feature","properties":{"highway":"footway","name":null,"category":"Footpath (pedestrian only)"},"geometry":{"type":"MultiLineString","coordinates":[[[-2.2096155,53.4518707],[-2.2101805,53.452545]]]}},
{"type":"Feature","properties":{"highway":"footway","name":null,"category":"Footpath (pedestrian only)"},"geometry":{"type":"MultiLineString","coordinates":[[[-2.2095754,53.4518228],[-2.2096155,53.4518707]]]}},
{"type":"Feature","properties":{"highway":"pedestrian","name":"Gatcombe Square","category":"Pedestrian area/street"},"geometry":{"type":"MultiLineString","coordinates":[[[-2.2198006,53.452789],[-2.2197912,53.4527654],[-2.219628,53.452353],[-2.2196022,53.452288]]]}},
{"type":"Feature","properties":{"highway":"pedestrian","name":"Arreton Square","category":"Pedestrian area/street"},"geometry":{"type":"MultiLineString","coordinates":[[[-2.2187615,53.4529318],[-2.2187511,53.4529051],[-2.2186163,53.452557],[-2.2185866,53.4524805]]]}},
{"type":"Feature","properties":{"highway":"pedestrian","name":"Gatcombe Square","category":"Pedestrian area/street"},"geometry":{"type":"MultiLineString","coordinates":[[[-2.2196461,53.4528106],[-2.2196358,53.4527856],[-2.2194674,53.4523749],[-2.2194412,53.4523109]]]}},
{"type":"Feature","properties":{"highway":"pedestrian","name":"Arreton Square","category":"Pedestrian area/street"},"geometry":{"type":"MultiLineString","coordinates":[[[-2.2187431,53.4524454],[-2.21877,53.4525225],[-2.2188966,53.4528849],[-2.2189061,53.452912]]]}}
]
}
