{
"type": "FeatureCollection",
"name": "WIGAN_2_walking",
"crs": { "type": "name", "properties": { "name": "urn:ogc:def:crs:OGC:1.3:CRS84" } },
"features": [
{"type":"Feature","properties":{"highway":"path","name":null,"category":"Shared path"},"geometry":{"type":"MultiLineString","coordinates":[[[-2.6419879,53.5399449],[-2.6430532,53.5401207],[-2.6432421,53.5401327],[-2.6437794,53.5401602],[-2.6439173,53.5401572],[-2.6440543,53.5401364],[-2.6441865,53.540099],[-2.6443258,53.5400504],[-2.6444698,53.5400074],[-2.6445882,53.5399961],[-2.6447112,53.5400042],[-2.644838,53.5400294],[-2.6449694,53.5400781],[-2.6450737,53.5401448],[-2.6451639,53.540217],[-2.645249,53.5403469],[-2.6453426,53.5405555],[-2.6453776,53.5406291],[-2.645408,53.5406694],[-2.6454527,53.5407041],[-2.6455139,53.5407365]]]}},
{"type":"Feature","properties":{"highway":"footway","name":null,"category":"Footpath (pedestrian only)"},"geometry":{"type":"MultiLineString","coordinates":[[[-2.6425416,53.5454316],[-2.6424733,53.5453779],[-2.642369,53.5452482],[-2.6423114,53.5451756]]]}},
{"type":"Feature","properties":{"highway":"footway","name":null,"category":"Footpath (pedestrian only)"},"geometry":{"type":"MultiLineString","coordinates":[[[-2.6332141,53.5436773],[-2.6331287,53.543652],[-2.6331807,53.5435901],[-2.6332508,53.5435225],[-2.6333925,53.5433862]]]}},
{"type":"Feature","properties":{"highway":"path","name":null,"category":"Shared path"},"geometry":{"type":"MultiLineString","coordinates":[[[-2.6391006,53.5362039],[-2.6390013,53.5362133]]]}},
{"type":"Feature","properties":{"highway":"footway","name":null,"category":"Footpath (pedestrian only)"},"geometry":{"type":"MultiLineString","coordinates":[[[-2.6490345,53.5481452],[-2.6489956,53.548126],[-2.6492721,53.5479407],[-2.6493056,53.5479593]]]}},
{"type":"Feature","properties":{"highway":"footway","name":null,"category":"Footpath (pedestrian only)"},"geometry":{"type":"MultiLineString","coordinates":[[[-2.6484739,53.5483885],[-2.648652,53.5483336],[-2.6489898,53.5482218],[-2.6491175,53.5481883]]]}},
{"type":"Feature","properties":{"highway":"footway","name":null,"category":"Footpath (pedestrian only)"},"geometry":{"type":"MultiLineString","coordinates":[[[-2.6495305,53.5479736],[-2.6493729,53.5479944],[-2.6493277,53.5480209]]]}},
{"type":"Feature","properties":{"highway":"footway","name":null,"category":"Footpath (pedestrian only)"},"geometry":{"type":"MultiLineString","coordinates":[[[-2.633794,53.5454626],[-2.6338695,53.5455972]]]}},
{"type":"Feature","properties":{"highway":"footway","name":null,"category":"Footpath (pedestrian only)"},"geometry":{"type":"MultiLineString","coordinates":[[[-2.6330136,53.545787],[-2.6330291,53.5457788],[-2.6331585,53.5457104],[-2.6334896,53.545699],[-2.6335204,53.5456975],[-2.633543,53.5456937],[-2.63357,53.5456873],[-2.633601,53.5456786],[-2.6338695,53.5455972],[-2.634148,53.5455142]]]}},
{"type":"Feature","properties":{"highway":"footway","name":null,"category":"Footpath (pedestrian only)"},"geometry":{"type":"MultiLineString","coordinates":[[[-2.6325213,53.5457246],[-2.6324433,53.5456316],[-2.6324369,53.5456178],[-2.6323741,53.5454813],[-2.6323301,53.5453855],[-2.6322958,53.5453109]]]}},
{"type":"Feature","properties":{"highway":"footway","name":null,"category":"Footpath (pedestrian only)"},"geometry":{"type":"MultiLineString","coordinates":[[[-2.6373403,53.5404241],[-2.63738,53.5403726]]]}},
{"type":"Feature","properties":{"highway":"path","name":null,"category":"Shared path"},"geometry":{"type":"MultiLineString","coordinates":[[[-2.6393657,53.5418764],[-2.6394084,53.5418992],[-2.6395269,53.5418147],[-2.6393311,53.541702],[-2.6392709,53.5416699],[-2.6390955,53.5415458],[-2.6388699,53.5413862],[-2.6386034,53.5412074],[-2.6380102,53.5408094],[-2.6377052,53.5406493],[-2.6375873,53.5405998]]]}},
{"type":"Feature","properties":{"highway":"footway","name":null,"category":"Footpath (pedestrian only)"},"geometry":{"type":"MultiLineString","coordinates":[[[-2.6389952,53.5420705],[-2.6389905,53.5420973],[-2.6390003,53.5421268],[-2.6390286,53.5421702]]]}},
{"type":"Feature","properties":{"highway":"footway","name":null,"category":"Footpath (pedestrian only)"},"geometry":{"type":"MultiLineString","coordinates":[[[-2.6391246,53.5422902],[-2.6392977,53.5422401],[-2.6396194,53.5422754],[-2.6403481,53.5421525]]]}},
{"type":"Feature","properties":{"highway":"path","name":null,"category":"Shared path"},"geometry":{"type":"MultiLineString","coordinates":[[[-2.6389284,53.5420368],[-2.6389952,53.5420705],[-2.6390891,53.5420094],[-2.6393657,53.5418764]]]}},
{"type":"Feature","properties":{"highway":"path","name":null,"category":"Shared path"},"geometry":{"type":"MultiLineString","coordinates":[[[-2.6315056,53.5395064],[-2.631432,53.5394913],[-2.6312653,53.5394516],[-2.6310917,53.5394189]]]}},
{"type":"Feature","properties":{"highway":"footway","name":null,"category":"Footpath (pedestrian only)"},"geometry":{"type":"MultiLineString","coordinates":[[[-2.6367929,53.5411478],[-2.6369469,53.5410711],[-2.6367852,53.5409438],[-2.6366866,53.5408632],[-2.6370458,53.5407051],[-2.637102,53.5406252],[-2.6372506,53.5405048],[-2.6372949,53.5404689],[-2.6373403,53.5404241]]]}},
{"type":"Feature","properties":{"highway":"footway","name":null,"category":"Footpath (pedestrian only)"},"geometry":{"type":"MultiLineString","coordinates":[[[-2.6390286,53.5421702],[-2.6391246,53.5422902]]]}},
{"type":"Feature","properties":{"highway":"footway","name":null,"category":"Footpath (pedestrian only)"},"geometry":{"type":"MultiLineString","coordinates":[[[-2.63738,53.5403726],[-2.6373838,53.5403393],[-2.6373213,53.5402596],[-2.6374459,53.5401096]]]}},
{"type":"Feature","properties":{"highway":"footway","name":null,"category":"Footpath (pedestrian only)"},"geometry":{"type":"MultiLineString","coordinates":[[[-2.6540319,53.5461386],[-2.6540553,53.5462126]]]}},
{"type":"Feature","properties":{"highway":"footway","name":null,"category":"Footpath (pedestrian only)"},"geometry":{"type":"MultiLineString","coordinates":[[[-2.653035,53.5429204],[-2.6531222,53.5429676]]]}},
{"type":"Feature","properties":{"highway":"footway","name":null,"category":"Footpath (pedestrian only)"},"geometry":{"type":"MultiLineString","coordinates":[[[-2.6542576,53.5461283],[-2.6544085,53.5460868],[-2.6545544,53.5460366],[-2.6546265,53.5460165],[-2.6546384,53.5460126]]]}},
{"type":"Feature","properties":{"highway":"footway","name":null,"category":"Footpath (pedestrian only)"},"geometry":{"type":"MultiLineString","coordinates":[[[-2.6532505,53.545892],[-2.6531399,53.5460234],[-2.653051,53.5460311],[-2.652637,53.5460852]]]}},
{"type":"Feature","properties":{"highway":"footway","name":null,"category":"Footpath (pedestrian only)"},"geometry":{"type":"MultiLineString","coordinates":[[[-2.6580463,53.5461384],[-2.6580839,53.5461838],[-2.6581217,53.5462103],[-2.6582495,53.5463379],[-2.6583714,53.5464546],[-2.6585063,53.5465814],[-2.6585553,53.5466193],[-2.6586071,53.5466463]]]}},
{"type":"Feature","properties":{"highway":"footway","name":null,"category":"Footpath (pedestrian only)"},"geometry":{"type":"MultiLineString","coordinates":[[[-2.6570371,53.5465899],[-2.6571022,53.5466475],[-2.6571531,53.5467232],[-2.6571939,53.5467976],[-2.6572624,53.5470012],[-2.6572982,53.5470705],[-2.6580311,53.5474548],[-2.6585767,53.5477409]]]}},
{"type":"Feature","properties":{"highway":"footway","name":null,"category":"Footpath (pedestrian only)"},"geometry":{"type":"MultiLineString","coordinates":[[[-2.6558317,53.5439847],[-2.6556985,53.5440734],[-2.6555164,53.5441198]]]}},
{"type":"Feature","properties":{"highway":"footway","name":null,"category":"Footpath (pedestrian only)"},"geometry":{"type":"MultiLineString","coordinates":[[[-2.6540553,53.5462126],[-2.6540892,53.5464047],[-2.6541464,53.546584],[-2.6542306,53.5467049],[-2.6543257,53.5468116],[-2.654394,53.5468947]]]}},
{"type":"Feature","properties":{"highway":"path","name":null,"category":"Shared path"},"geometry":{"type":"MultiLineString","coordinates":[[[-2.6310917,53.5394189],[-2.6308276,53.5393634]]]}},
{"type":"Feature","properties":{"highway":"footway","name":null,"category":"Footpath (pedestrian only)"},"geometry":{"type":"MultiLineString","coordinates":[[[-2.6298937,53.5389943],[-2.6299128,53.5389763],[-2.6299444,53.5389466]]]}},
{"type":"Feature","properties":{"highway":"footway","name":null,"category":"Footpath (pedestrian only)"},"geometry":{"type":"MultiLineString","coordinates":[[[-2.630951,53.5395595],[-2.6307734,53.5395258]]]}},
{"type":"Feature","properties":{"highway":"path","name":null,"category":"Shared path"},"geometry":{"type":"MultiLineString","coordinates":[[[-2.6374411,53.5405297],[-2.6372949,53.5404689],[-2.6372243,53.5404459],[-2.6369611,53.5403659],[-2.6367693,53.5403103],[-2.6365717,53.5402845],[-2.6361818,53.5402058],[-2.635681,53.5401083],[-2.635386,53.5400638],[-2.635068,53.540024],[-2.6346137,53.5399663],[-2.6341707,53.5399263],[-2.6329153,53.5398308],[-2.6324934,53.5398037],[-2.6318342,53.5396949],[-2.6317893,53.5397092],[-2.6315052,53.5396595],[-2.6313772,53.5396548],[-2.6311036,53.5396033],[-2.6310402,53.5395786],[-2.630951,53.5395595]]]}},
{"type":"Feature","properties":{"highway":"path","name":null,"category":"Shared path"},"geometry":{"type":"MultiLineString","coordinates":[[[-2.6838335,53.5618328],[-2.6834376,53.5617796],[-2.6830101,53.5616974],[-2.6826277,53.5616337],[-2.6822072,53.561547],[-2.6818427,53.561472],[-2.6814715,53.5613782],[-2.6812514,53.5613224],[-2.6810656,53.5612584],[-2.6807198,53.5611261],[-2.6803418,53.5609581],[-2.6801293,53.5608456],[-2.6798659,53.5606757],[-2.6796986,53.56059],[-2.6796249,53.5605539],[-2.6796025,53.5605196],[-2.6795504,53.5604759],[-2.6793764,53.5603753],[-2.6791992,53.5602728],[-2.6788686,53.5601234],[-2.6784227,53.5599497],[-2.6779578,53.5597929],[-2.6774041,53.5596246],[-2.6770341,53.5595611],[-2.6766863,53.5595115],[-2.6763456,53.5594567],[-2.6760693,53.559432],[-2.6758375,53.5594329],[-2.6755438,53.5594528],[-2.6753003,53.559495],[-2.6748936,53.5596291],[-2.6746638,53.5597448],[-2.6743683,53.5598764],[-2.6740779,53.5600008],[-2.6738817,53.5600713],[-2.6735686,53.5601641],[-2.6734578,53.5602217],[-2.6733817,53.560233],[-2.6732833,53.5602381],[-2.6732286,53.56023],[-2.6730269,53.5602404],[-2.6726678,53.5602488],[-2.6724377,53.5602449],[-2.6722216,53.5602169],[-2.6720206,53.560178],[-2.6718198,53.5601358],[-2.6716166,53.5600894],[-2.6713993,53.560046],[-2.6712555,53.5600267],[-2.6711259,53.5600099],[-2.6709945,53.5599846],[-2.6708881,53.5599488],[-2.6707807,53.5598916],[-2.6706865,53.5598333],[-2.6705857,53.5597668],[-2.670428,53.5597035],[-2.6700653,53.5595899],[-2.6696843,53.5594793],[-2.6692712,53.5593664],[-2.6688713,53.5592639],[-2.668188,53.5591099],[-2.6676998,53.5590021],[-2.6672035,53.5588948],[-2.6668817,53.5588231],[-2.6665294,53.5587285],[-2.6661741,53.5586184],[-2.6658401,53.5585028],[-2.6650686,53.5582174],[-2.6647246,53.558092],[-2.6646251,53.5580647],[-2.6645237,53.5580506],[-2.6644264,53.5580162],[-2.6643931,53.5579878],[-2.6643203,53.5579552],[-2.6640323,53.5578279],[-2.6634158,53.5576007],[-2.6630753,53.5574667],[-2.6627778,53.557343],[-2.6625642,53.5572386],[-2.6622183,53.5570424],[-2.6619942,53.5568929],[-2.661813,53.556702],[-2.6617147,53.5566358],[-2.6616169,53.5565232],[-2.6614941,53.5563578],[-2.6614488,53.5562614],[-2.6614283,53.5561799],[-2.6614227,53.5561059],[-2.6614385,53.5558234],[-2.6614356,53.5557589],[-2.6614164,53.5557128],[-2.6613732,53.5556564],[-2.6613451,53.5556003],[-2.6613365,53.555532],[-2.6613427,53.5554476],[-2.6613524,53.5552857],[-2.6613401,53.5550455],[-2.6613314,53.5547907],[-2.6612994,53.5545171],[-2.6613022,53.5544034],[-2.6612997,53.5543191],[-2.6612983,53.554239],[-2.6612748,53.554209],[-2.6612704,53.5541617],[-2.6612599,53.5540584],[-2.6612585,53.5539423],[-2.6612309,53.5538707],[-2.6611955,53.5537994],[-2.6611549,53.5537277],[-2.6610751,53.5536361],[-2.6610335,53.5536006],[-2.6607476,53.5533571],[-2.6604787,53.5531176],[-2.6604003,53.5530477],[-2.6602046,53.5528933],[-2.6599636,53.5527257],[-2.6598361,53.5526428],[-2.6597052,53.5525784],[-2.6595264,53.552507],[-2.6589474,53.5523014],[-2.658351,53.552107],[-2.6577529,53.5519198],[-2.6571694,53.5517417],[-2.6570629,53.5517112],[-2.656953,53.5516919],[-2.6567713,53.551661],[-2.6564681,53.5515732],[-2.6563185,53.551531],[-2.656174,53.5514829],[-2.6560108,53.5514187],[-2.6558567,53.551347],[-2.6557502,53.5512938],[-2.6556478,53.5512379],[-2.6555496,53.5511793],[-2.655456,53.5511182],[-2.6552875,53.550966],[-2.6550862,53.5507728],[-2.6547342,53.5504159],[-2.6545848,53.5502667],[-2.6544104,53.5501375],[-2.6537126,53.5497611],[-2.6535776,53.5496977],[-2.6534096,53.5496226],[-2.6530931,53.5494984],[-2.6530157,53.549468],[-2.6528014,53.5493923],[-2.6523171,53.5492191],[-2.6519414,53.5490865],[-2.6511922,53.5487841],[-2.6500815,53.5483369],[-2.6498321,53.5482945],[-2.6497286,53.5482462],[-2.6496467,53.5481761],[-2.6493277,53.5480209],[-2.6492554,53.5479927],[-2.6490701,53.5478847],[-2.6488488,53.547667],[-2.6488038,53.5475972],[-2.6487511,53.5475028],[-2.6487111,53.5473824],[-2.6486937,53.5472804],[-2.6486761,53.5471035],[-2.6486647,53.5467087],[-2.6486583,53.5465121],[-2.6486224,53.5463257],[-2.6485735,53.5461994],[-2.648507,53.5460918],[-2.6484296,53.5459885],[-2.6483306,53.5458881],[-2.6480558,53.5456365],[-2.6477427,53.5453727],[-2.6474758,53.5451813],[-2.6471216,53.5449714],[-2.6465625,53.544544],[-2.6458886,53.5440042],[-2.6457954,53.5439351],[-2.6455557,53.5437004],[-2.6452227,53.5433978],[-2.645197,53.5433744],[-2.6450604,53.5432147],[-2.6448405,53.5429661],[-2.6447261,53.5427035],[-2.6446866,53.5425929],[-2.6446832,53.5425777]]]}},
{"type":"Feature","properties":{"highway":"footway","name":null,"category":"Footpath (pedestrian only)"},"geometry":{"type":"MultiLineString","coordinates":[[[-2.6368091,53.5352381],[-2.6367952,53.5352324],[-2.6367469,53.535242],[-2.6365612,53.5353408],[-2.636529,53.5353508],[-2.6364981,53.5353472],[-2.6364494,53.5353291],[-2.6364002,53.5353161],[-2.6361997,53.5352345],[-2.6360205,53.5351614]]]}},
{"type":"Feature","properties":{"highway":"footway","name":null,"category":"Footpath (pedestrian only)"},"geometry":{"type":"MultiLineString","coordinates":[[[-2.6306089,53.538435],[-2.6304523,53.5383585]]]}},
{"type":"Feature","properties":{"highway":"footway","name":null,"category":"Footpath (pedestrian only)"},"geometry":{"type":"MultiLineString","coordinates":[[[-2.6369697,53.5353407],[-2.6369012,53.5352938]]]}},
{"type":"Feature","properties":{"highway":"footway","name":null,"category":"Footpath (pedestrian only)"},"geometry":{"type":"MultiLineString","coordinates":[[[-2.6569612,53.5290792],[-2.65698,53.5290347],[-2.657026,53.5289461],[-2.6572411,53.5289225],[-2.6572866,53.5288942],[-2.657331,53.5288979]]]}},
{"type":"Feature","properties":{"highway":"path","name":null,"category":"Shared path"},"geometry":{"type":"MultiLineString","coordinates":[[[-2.6429949,53.5419878],[-2.6425247,53.5419091],[-2.6421916,53.5418692],[-2.6421406,53.5418639],[-2.6417283,53.5418214],[-2.6410058,53.5417621],[-2.6406446,53.5417337],[-2.6405901,53.5417307],[-2.6403452,53.5417171],[-2.6402543,53.5417171],[-2.6401267,53.5417191],[-2.6400353,53.5417216],[-2.6399446,53.5417241],[-2.639844,53.5417236],[-2.6397863,53.5417364],[-2.6397029,53.5417338],[-2.6396744,53.5417287]]]}},
{"type":"Feature","properties":{"highway":"path","name":null,"category":"Shared path"},"geometry":{"type":"MultiLineString","coordinates":[[[-2.6396744,53.5417287],[-2.6394692,53.5418227]]]}},
{"type":"Feature","properties":{"highway":"path","name":null,"category":"Shared path"},"geometry":{"type":"MultiLineString","coordinates":[[[-2.6394692,53.5418227],[-2.6393657,53.5418764]]]}},
{"type":"Feature","properties":{"highway":"footway","name":null,"category":"Footpath (pedestrian only)"},"geometry":{"type":"MultiLineString","coordinates":[[[-2.6423114,53.5451756],[-2.6422247,53.5450476]]]}},
{"type":"Feature","properties":{"highway":"footway","name":null,"category":"Footpath (pedestrian only)"},"geometry":{"type":"MultiLineString","coordinates":[[[-2.6624658,53.5418969],[-2.6622791,53.5417482],[-2.6612621,53.5420649],[-2.6611715,53.5420725],[-2.6610835,53.5420865],[-2.6610229,53.5421232],[-2.6609811,53.5421615],[-2.6608335,53.5422077],[-2.6591719,53.5427271],[-2.6575468,53.5432212],[-2.6573593,53.5432815]]]}},
{"type":"Feature","properties":{"highway":"footway","name":null,"category":"Footpath (pedestrian only)"},"geometry":{"type":"MultiLineString","coordinates":[[[-2.6575468,53.5432212],[-2.6585235,53.5434322],[-2.6590667,53.5435534],[-2.6596691,53.5436879],[-2.659837,53.5437271],[-2.6601704,53.5438047],[-2.6602042,53.5438126],[-2.6608463,53.5439531]]]}},
{"type":"Feature","properties":{"highway":"footway","name":null,"category":"Footpath (pedestrian only)"},"geometry":{"type":"MultiLineString","coordinates":[[[-2.6578978,53.5436834],[-2.6585235,53.5434322],[-2.6591719,53.5427271]]]}},
{"type":"Feature","properties":{"highway":"footway","name":null,"category":"Footpath (pedestrian only)"},"geometry":{"type":"MultiLineString","coordinates":[[[-2.6560775,53.5414462],[-2.6560596,53.5414128],[-2.6557484,53.5412263],[-2.6555419,53.5411068],[-2.6554794,53.5411051]]]}},
{"type":"Feature","properties":{"highway":"footway","name":null,"category":"Footpath (pedestrian only)"},"geometry":{"type":"MultiLineString","coordinates":[[[-2.6307672,53.5374049],[-2.6307629,53.5375561],[-2.6307381,53.5377359],[-2.6305195,53.5380175],[-2.630283,53.5382726],[-2.6302948,53.5382783],[-2.6304523,53.5383585]]]}},
{"type":"Feature","properties":{"highway":"path","name":null,"category":"Shared path"},"geometry":{"type":"MultiLineString","coordinates":[[[-2.6456217,53.5345316],[-2.6455157,53.5345789],[-2.6455595,53.5346642],[-2.6455599,53.534744],[-2.645564,53.535224],[-2.6455647,53.535313],[-2.6455653,53.5353785],[-2.6455385,53.5358057],[-2.6454365,53.5360831],[-2.6452971,53.5363381],[-2.6452957,53.5363439],[-2.6452595,53.5364937],[-2.645283,53.5366127],[-2.6453381,53.5367532],[-2.6455066,53.5371083],[-2.6456801,53.5373432],[-2.6457915,53.5374887],[-2.645832,53.5375961],[-2.6458202,53.5377735],[-2.6458485,53.5379507],[-2.6459159,53.5380931],[-2.6459919,53.5382274],[-2.6460458,53.5382985],[-2.646109,53.5383669],[-2.6462714,53.5384968],[-2.6463301,53.538542],[-2.6464042,53.5385931],[-2.6465509,53.5386996],[-2.6468072,53.5392664],[-2.6469869,53.5393684],[-2.6471907,53.5394672],[-2.6473436,53.5395612],[-2.6474107,53.5396234],[-2.6474402,53.5396872],[-2.6474428,53.5397971],[-2.6474053,53.5401096],[-2.6473674,53.5403031],[-2.6473472,53.540422],[-2.6473271,53.5405265],[-2.6472997,53.5406573],[-2.6472984,53.5407],[-2.6473114,53.5407439],[-2.6473422,53.5407823],[-2.6473812,53.5408188],[-2.6474256,53.5408382],[-2.6476467,53.5408794]]]}},
{"type":"Feature","properties":{"highway":"path","name":null,"category":"Shared path"},"geometry":{"type":"MultiLineString","coordinates":[[[-2.6476467,53.5408794],[-2.6478532,53.5409065],[-2.6479551,53.5409065],[-2.6480732,53.5409065],[-2.648218,53.5409416],[-2.6483682,53.5410308],[-2.648513,53.5411169],[-2.6486097,53.5411802]]]}},
{"type":"Feature","properties":{"highway":"path","name":null,"category":"Shared path"},"geometry":{"type":"MultiLineString","coordinates":[[[-2.6474256,53.5408382],[-2.6468521,53.5407415],[-2.6467767,53.5407189],[-2.6462117,53.5406069],[-2.6460594,53.5405705],[-2.6458898,53.5405208],[-2.6457894,53.5404848],[-2.6456778,53.5404361],[-2.6455197,53.5402908],[-2.6453652,53.5401353],[-2.6452962,53.5400755],[-2.6452121,53.5400182],[-2.6450843,53.5399429],[-2.6449233,53.5398787],[-2.644817,53.5398354],[-2.6444736,53.5396027],[-2.6440284,53.5393413],[-2.6436958,53.5391277],[-2.6434544,53.538981],[-2.6433396,53.5389054],[-2.6432551,53.5388299],[-2.6432448,53.5387828],[-2.6431895,53.5386846],[-2.6431111,53.5385825],[-2.6429466,53.5384306],[-2.6428565,53.5383437],[-2.6428284,53.538301],[-2.6428107,53.5382574],[-2.6428375,53.5381968],[-2.6429734,53.5380904],[-2.6433223,53.5378317],[-2.6434254,53.5377448],[-2.6436367,53.5375464],[-2.6439587,53.5372308],[-2.6440571,53.5371233],[-2.6442483,53.5369885],[-2.6444209,53.5368892],[-2.6445173,53.5368463],[-2.6448168,53.5366654],[-2.6450403,53.5365167],[-2.6452957,53.5363439]]]}},
{"type":"Feature","properties":{"highway":"path","name":null,"category":"Shared path"},"geometry":{"type":"MultiLineString","coordinates":[[[-2.6473271,53.5405265],[-2.6474665,53.5403671],[-2.6476036,53.5402022],[-2.6477781,53.5400107],[-2.6480113,53.5397391],[-2.6480373,53.5396926],[-2.6480759,53.5396053],[-2.6481284,53.5394979],[-2.6481774,53.5394578],[-2.6482194,53.5394066],[-2.6482486,53.5392183],[-2.6482733,53.5390751],[-2.6483026,53.5389993],[-2.6483507,53.5389401],[-2.6484433,53.5388121],[-2.6486257,53.5386144],[-2.6488702,53.5384703],[-2.6490049,53.5382902],[-2.649026,53.5382626],[-2.6490471,53.5382233],[-2.6490441,53.5381304],[-2.6489975,53.5380051],[-2.6489609,53.5379223],[-2.6489476,53.5378493],[-2.6489435,53.5377922],[-2.6489511,53.5377337],[-2.6490047,53.5376692],[-2.6490559,53.5375922],[-2.6491263,53.5374846]]]}},
{"type":"Feature","properties":{"highway":"path","name":null,"category":"Shared path"},"geometry":{"type":"MultiLineString","coordinates":[[[-2.645832,53.5375961],[-2.6459354,53.5375482],[-2.6460388,53.5375113],[-2.6463879,53.5374549],[-2.6467696,53.5373966],[-2.6469506,53.5373333],[-2.6471162,53.5372407],[-2.647188,53.5371734],[-2.6472049,53.5371256],[-2.6472034,53.5370778],[-2.6470735,53.5367266],[-2.6470649,53.5366543],[-2.6470807,53.536611],[-2.6471244,53.5365593],[-2.6471768,53.5365226],[-2.6472576,53.536481],[-2.6474052,53.5364231],[-2.6475528,53.53637],[-2.6477197,53.5363286],[-2.6478866,53.5362992],[-2.6480565,53.5363032],[-2.6485506,53.5363764],[-2.648749,53.5363956],[-2.6489677,53.5364002],[-2.6497917,53.5363682],[-2.6502136,53.5363126],[-2.6506856,53.5361915],[-2.6514474,53.5359683],[-2.6517371,53.5359046],[-2.6521297,53.535855]]]}},
{"type":"Feature","properties":{"highway":"footway","name":null,"category":"Footpath (pedestrian only)"},"geometry":{"type":"MultiLineString","coordinates":[[[-2.64934,53.53484],[-2.6492085,53.5348921],[-2.6488156,53.5349162],[-2.6487795,53.5347303]]]}},
{"type":"Feature","properties":{"highway":"footway","name":null,"category":"Footpath (pedestrian only)"},"geometry":{"type":"MultiLineString","coordinates":[[[-2.6484858,53.5347662],[-2.6485399,53.5351171],[-2.6489295,53.5350943],[-2.6490636,53.5350851],[-2.6494572,53.5350629],[-2.6494962,53.5353491]]]}},
{"type":"Feature","properties":{"highway":"footway","name":null,"category":"Footpath (pedestrian only)"},"geometry":{"type":"MultiLineString","coordinates":[[[-2.6476629,53.5348167],[-2.6476306,53.5346322],[-2.6474897,53.5346388],[-2.6475233,53.5348269]]]}},
{"type":"Feature","properties":{"highway":"footway","name":null,"category":"Footpath (pedestrian only)"},"geometry":{"type":"MultiLineString","coordinates":[[[-2.6473436,53.5344699],[-2.6473231,53.534496],[-2.6472967,53.5345296],[-2.6472779,53.5345663],[-2.6472967,53.5346492],[-2.6471947,53.5346508],[-2.6469372,53.5345647],[-2.6468621,53.5345711],[-2.6468246,53.5345838],[-2.6468098,53.5345926],[-2.6466878,53.5346651],[-2.6464196,53.5347911],[-2.6461648,53.5349154],[-2.6461182,53.5349378],[-2.645969,53.5350095],[-2.6456712,53.5351641],[-2.6456149,53.5351976],[-2.645564,53.535224]]]}},
{"type":"Feature","properties":{"highway":"footway","name":null,"category":"Footpath (pedestrian only)"},"geometry":{"type":"MultiLineString","coordinates":[[[-2.6469372,53.5345647],[-2.6469077,53.5344627],[-2.6468713,53.5344583],[-2.6467897,53.5344738],[-2.6468098,53.5345926]]]}},
{"type":"Feature","properties":{"highway":"footway","name":null,"category":"Footpath (pedestrian only)"},"geometry":{"type":"MultiLineString","coordinates":[[[-2.6470941,53.5340429],[-2.6469963,53.5340036],[-2.6469292,53.5339749],[-2.6467709,53.5338792],[-2.6466547,53.5338275],[-2.6466006,53.5338465]]]}},
{"type":"Feature","properties":{"highway":"footway","name":null,"category":"Footpath (pedestrian only)"},"geometry":{"type":"MultiLineString","coordinates":[[[-2.6467913,53.5340707],[-2.6467294,53.5340444],[-2.6466769,53.534007],[-2.6466079,53.5339237]]]}},
{"type":"Feature","properties":{"highway":"footway","name":null,"category":"Footpath (pedestrian only)"},"geometry":{"type":"MultiLineString","coordinates":[[[-2.6447245,53.5338609],[-2.6449013,53.5337297],[-2.6449497,53.5336321],[-2.6450314,53.5334971],[-2.6450731,53.5334281],[-2.6456417,53.5330997],[-2.645934,53.5329249]]]}},
{"type":"Feature","properties":{"highway":"footway","name":null,"category":"Footpath (pedestrian only)"},"geometry":{"type":"MultiLineString","coordinates":[[[-2.6457357,53.5328561],[-2.6455854,53.5329562],[-2.6454352,53.5330343],[-2.6451938,53.5331427],[-2.6448854,53.5332687],[-2.6447861,53.5332734],[-2.6447325,53.5333005],[-2.6446332,53.5333914],[-2.6445715,53.5334121],[-2.6445486,53.5334329],[-2.6442846,53.5336728]]]}},
{"type":"Feature","properties":{"highway":"footway","name":null,"category":"Footpath (pedestrian only)"},"geometry":{"type":"MultiLineString","coordinates":[[[-2.6446332,53.5334647],[-2.6446766,53.5334397],[-2.6447476,53.5334663],[-2.6448103,53.5334791],[-2.6448961,53.5334886],[-2.6450314,53.5334971],[-2.6451992,53.5335891]]]}},
{"type":"Feature","properties":{"highway":"footway","name":null,"category":"Footpath (pedestrian only)"},"geometry":{"type":"MultiLineString","coordinates":[[[-2.6468957,53.5327609],[-2.646787,53.5328685]]]}},
{"type":"Feature","properties":{"highway":"footway","name":null,"category":"Footpath (pedestrian only)"},"geometry":{"type":"MultiLineString","coordinates":[[[-2.646014,53.5329526],[-2.6462586,53.5327011],[-2.6462721,53.5326597],[-2.6462801,53.5325529],[-2.6462962,53.5325305],[-2.6463068,53.5325241],[-2.6464363,53.5324454],[-2.6465403,53.5323823],[-2.6467414,53.5322691],[-2.6470458,53.5320986]]]}},
{"type":"Feature","properties":{"highway":"footway","name":null,"category":"Footpath (pedestrian only)"},"geometry":{"type":"MultiLineString","coordinates":[[[-2.6459411,53.5310093],[-2.6459046,53.5310718],[-2.6458778,53.5311483],[-2.6459046,53.5313109],[-2.6459368,53.5315278],[-2.6459663,53.5317047],[-2.6459609,53.531837],[-2.6459663,53.5319184],[-2.6460521,53.5321559],[-2.6461232,53.5321623],[-2.6461849,53.5321742],[-2.6462573,53.5322157],[-2.6463979,53.5323082],[-2.6464364,53.5323335]]]}},
{"type":"Feature","properties":{"highway":"footway","name":null,"category":"Footpath (pedestrian only)"},"geometry":{"type":"MultiLineString","coordinates":[[[-2.6460521,53.5321559],[-2.6460521,53.5322683],[-2.6460435,53.5323526],[-2.6460425,53.5323623],[-2.6460414,53.5323735],[-2.6458858,53.5326063],[-2.6456938,53.5328416]]]}},
{"type":"Feature","properties":{"highway":"path","name":null,"category":"Shared path"},"geometry":{"type":"MultiLineString","coordinates":[[[-2.6587102,53.5352571],[-2.6586841,53.5351782],[-2.6586703,53.5349321],[-2.658634,53.5344645],[-2.6586082,53.5342787],[-2.6585841,53.5341521],[-2.6585686,53.5338129]]]}},
{"type":"Feature","properties":{"highway":"path","name":null,"category":"Shared path"},"geometry":{"type":"MultiLineString","coordinates":[[[-2.6585686,53.5338129],[-2.6585223,53.5335546],[-2.6584901,53.5329935],[-2.6583018,53.5328916]]]}},
{"type":"Feature","properties":{"highway":"footway","name":null,"category":"Footpath (pedestrian only)"},"geometry":{"type":"MultiLineString","coordinates":[[[-2.6492116,53.5339725],[-2.6493605,53.5339667],[-2.6497934,53.5339413],[-2.6505033,53.5339031]]]}},
{"type":"Feature","properties":{"highway":"footway","name":null,"category":"Footpath (pedestrian only)"},"geometry":{"type":"MultiLineString","coordinates":[[[-2.6490457,53.5336102],[-2.6491445,53.5336045],[-2.6494648,53.5335861],[-2.6497367,53.5335705],[-2.6497934,53.5339413],[-2.6498411,53.5342065],[-2.649881,53.534452],[-2.6493706,53.5344826],[-2.6490533,53.5345008],[-2.6489272,53.5345081],[-2.6488209,53.5345136]]]}},
{"type":"Feature","properties":{"highway":"footway","name":null,"category":"Footpath (pedestrian only)"},"geometry":{"type":"MultiLineString","coordinates":[[[-2.6494648,53.5335861],[-2.6494811,53.5335962],[-2.649732,53.5338772],[-2.6497934,53.5339413],[-2.6495925,53.5341976],[-2.6493706,53.5344826]]]}},
{"type":"Feature","properties":{"highway":"footway","name":null,"category":"Footpath (pedestrian only)"},"geometry":{"type":"MultiLineString","coordinates":[[[-2.6494811,53.5335962],[-2.6493268,53.5337582],[-2.6493306,53.5337831],[-2.6493605,53.5339667]]]}},
{"type":"Feature","properties":{"highway":"footway","name":null,"category":"Footpath (pedestrian only)"},"geometry":{"type":"MultiLineString","coordinates":[[[-2.6494648,53.5335861],[-2.6494263,53.5333155],[-2.6493684,53.5333187],[-2.6493001,53.5329398],[-2.6492919,53.5328572]]]}},
{"type":"Feature","properties":{"highway":"footway","name":null,"category":"Footpath (pedestrian only)"},"geometry":{"type":"MultiLineString","coordinates":[[[-2.6455371,53.5314449],[-2.645588,53.5316756],[-2.6456792,53.5318892]]]}},
{"type":"Feature","properties":{"highway":"footway","name":null,"category":"Footpath (pedestrian only)"},"geometry":{"type":"MultiLineString","coordinates":[[[-2.6490871,53.5312711],[-2.6488404,53.5312807],[-2.6487599,53.5313094],[-2.6487476,53.5313156],[-2.6486136,53.5313827]]]}},
{"type":"Feature","properties":{"highway":"footway","name":null,"category":"Footpath (pedestrian only)"},"geometry":{"type":"MultiLineString","coordinates":[[[-2.6485748,53.5312042],[-2.6487475,53.5312539],[-2.6488404,53.5312807]]]}},
{"type":"Feature","properties":{"highway":"footway","name":null,"category":"Footpath (pedestrian only)"},"geometry":{"type":"MultiLineString","coordinates":[[[-2.6487475,53.5312539],[-2.6487476,53.5313156]]]}},
{"type":"Feature","properties":{"highway":"footway","name":null,"category":"Footpath (pedestrian only)"},"geometry":{"type":"MultiLineString","coordinates":[[[-2.6520046,53.53174],[-2.6519925,53.5317152],[-2.6519563,53.5312624]]]}},
{"type":"Feature","properties":{"highway":"footway","name":null,"category":"Footpath (pedestrian only)"},"geometry":{"type":"MultiLineString","coordinates":[[[-2.6546527,53.5318371],[-2.6546175,53.5318011],[-2.6544971,53.5316777]]]}},
{"type":"Feature","properties":{"highway":"footway","name":null,"category":"Footpath (pedestrian only)"},"geometry":{"type":"MultiLineString","coordinates":[[[-2.6545921,53.5312137],[-2.654465,53.5311994],[-2.6544015,53.53119],[-2.6542718,53.5311707],[-2.654068,53.5311707],[-2.654049,53.531171],[-2.6538016,53.5311788],[-2.6533202,53.5311818]]]}},
{"type":"Feature","properties":{"highway":"footway","name":null,"category":"Footpath (pedestrian only)"},"geometry":{"type":"MultiLineString","coordinates":[[[-2.6546175,53.5318011],[-2.6546044,53.5316107],[-2.6545861,53.5315137],[-2.6545749,53.5314545],[-2.6545454,53.5313285],[-2.6545561,53.5312839],[-2.6545724,53.5312512],[-2.6545921,53.5312137]]]}},
{"type":"Feature","properties":{"highway":"footway","name":null,"category":"Footpath (pedestrian only)"},"geometry":{"type":"MultiLineString","coordinates":[[[-2.6540565,53.5317019],[-2.6540528,53.5314433],[-2.654049,53.531171]]]}},
{"type":"Feature","properties":{"highway":"footway","name":null,"category":"Footpath (pedestrian only)"},"geometry":{"type":"MultiLineString","coordinates":[[[-2.6540528,53.5314433],[-2.6535001,53.5314601]]]}},
{"type":"Feature","properties":{"highway":"footway","name":null,"category":"Footpath (pedestrian only)"},"geometry":{"type":"MultiLineString","coordinates":[[[-2.6539305,53.530487],[-2.6537051,53.5305747],[-2.6535395,53.5306137],[-2.6533922,53.5306353],[-2.6531747,53.5306564],[-2.6529846,53.5306659],[-2.6527876,53.5306572],[-2.6525509,53.5306375]]]}},
{"type":"Feature","properties":{"highway":"footway","name":null,"category":"Footpath (pedestrian only)"},"geometry":{"type":"MultiLineString","coordinates":[[[-2.6541772,53.5361364],[-2.6540618,53.5362135],[-2.6539526,53.5362913],[-2.6537355,53.536457],[-2.6537025,53.5364786],[-2.6536153,53.5365244],[-2.6534852,53.5366205],[-2.653487,53.5366362],[-2.6534892,53.5366543],[-2.6533136,53.5367775],[-2.6532792,53.5368043],[-2.6532251,53.536856],[-2.6530856,53.5370242],[-2.6530018,53.537117],[-2.6530011,53.5371437],[-2.652982,53.5371618],[-2.6529562,53.5371932],[-2.6528469,53.5373119],[-2.6527342,53.5374394],[-2.6527141,53.5375009],[-2.6526946,53.5375495],[-2.6525914,53.5376869],[-2.6525981,53.5377112],[-2.6525522,53.5377183],[-2.652521,53.5377204],[-2.6523151,53.5380129],[-2.6522687,53.5380821]]]}},
{"type":"Feature","properties":{"highway":"footway","name":null,"category":"Footpath (pedestrian only)"},"geometry":{"type":"MultiLineString","coordinates":[[[-2.654011,53.5363184],[-2.6541474,53.5363929]]]}},
{"type":"Feature","properties":{"highway":"footway","name":null,"category":"Footpath (pedestrian only)"},"geometry":{"type":"MultiLineString","coordinates":[[[-2.6550412,53.5366915],[-2.6549286,53.5368668]]]}},
{"type":"Feature","properties":{"highway":"footway","name":null,"category":"Footpath (pedestrian only)"},"geometry":{"type":"MultiLineString","coordinates":[[[-2.6550911,53.536481],[-2.6550935,53.5362299],[-2.6550818,53.5362166],[-2.6550463,53.5361998],[-2.6550033,53.536195],[-2.6549041,53.5361839],[-2.6547964,53.5361723]]]}},
{"type":"Feature","properties":{"highway":"footway","name":null,"category":"Footpath (pedestrian only)"},"geometry":{"type":"MultiLineString","coordinates":[[[-2.6541459,53.5358107],[-2.6544796,53.5359621],[-2.6545349,53.5359872],[-2.6549628,53.5361213],[-2.6550542,53.5361222],[-2.6551486,53.5361274],[-2.6552532,53.536141],[-2.6552359,53.5361009],[-2.6552268,53.5360409],[-2.6552448,53.5359528]]]}},
{"type":"Feature","properties":{"highway":"footway","name":null,"category":"Footpath (pedestrian only)"},"geometry":{"type":"MultiLineString","coordinates":[[[-2.6530346,53.534226],[-2.653957,53.5341589]]]}},
{"type":"Feature","properties":{"highway":"footway","name":null,"category":"Footpath (pedestrian only)"},"geometry":{"type":"MultiLineString","coordinates":[[[-2.6530346,53.534226],[-2.6530772,53.5343989],[-2.6530776,53.5345536],[-2.65311,53.5346921],[-2.6528952,53.5346996],[-2.6526718,53.5347027]]]}},
{"type":"Feature","properties":{"highway":"footway","name":null,"category":"Footpath (pedestrian only)"},"geometry":{"type":"MultiLineString","coordinates":[[[-2.6536794,53.534668],[-2.6534064,53.5346745],[-2.6533758,53.5344755],[-2.6533635,53.5343956],[-2.6530772,53.5343989]]]}},
{"type":"Feature","properties":{"highway":"footway","name":null,"category":"Footpath (pedestrian only)"},"geometry":{"type":"MultiLineString","coordinates":[[[-2.6533758,53.5344755],[-2.6536406,53.5344628],[-2.6536263,53.534378],[-2.6533635,53.5343956]]]}},
{"type":"Feature","properties":{"highway":"footway","name":null,"category":"Footpath (pedestrian only)"},"geometry":{"type":"MultiLineString","coordinates":[[[-2.6527046,53.5349265],[-2.6524611,53.5349413],[-2.6523967,53.534945],[-2.6523242,53.5349487],[-2.6518478,53.5349749],[-2.6516809,53.5349841],[-2.6516713,53.5349287],[-2.6513783,53.5349462],[-2.651088,53.5349627],[-2.6509683,53.5349544],[-2.6510015,53.5351451],[-2.6510058,53.5351647],[-2.6514108,53.5351456],[-2.6513783,53.5349462]]]}},
{"type":"Feature","properties":{"highway":"footway","name":null,"category":"Footpath (pedestrian only)"},"geometry":{"type":"MultiLineString","coordinates":[[[-2.6509683,53.5349544],[-2.6508291,53.5349598],[-2.650762,53.5349636],[-2.6506983,53.5349668],[-2.6505985,53.5349725],[-2.6502159,53.5349941],[-2.6500283,53.5350052],[-2.6499613,53.5350095],[-2.649791,53.5350224]]]}},
{"type":"Feature","properties":{"highway":"footway","name":null,"category":"Footpath (pedestrian only)"},"geometry":{"type":"MultiLineString","coordinates":[[[-2.6502159,53.5349941],[-2.6502386,53.5351854],[-2.6502467,53.5352451],[-2.6502612,53.5353513],[-2.6502709,53.535423]]]}},
{"type":"Feature","properties":{"highway":"footway","name":null,"category":"Footpath (pedestrian only)"},"geometry":{"type":"MultiLineString","coordinates":[[[-2.6502386,53.5351854],[-2.6506297,53.5351609],[-2.650729,53.5351562],[-2.6510015,53.5351451]]]}},
{"type":"Feature","properties":{"highway":"footway","name":null,"category":"Footpath (pedestrian only)"},"geometry":{"type":"MultiLineString","coordinates":[[[-2.6506983,53.5349668],[-2.650729,53.5351562]]]}},
{"type":"Feature","properties":{"highway":"footway","name":null,"category":"Footpath (pedestrian only)"},"geometry":{"type":"MultiLineString","coordinates":[[[-2.6514108,53.5351456],[-2.6514376,53.5352965],[-2.6514445,53.5353359],[-2.651465,53.5354993],[-2.6514917,53.5357107]]]}},
{"type":"Feature","properties":{"highway":"footway","name":null,"category":"Footpath (pedestrian only)"},"geometry":{"type":"MultiLineString","coordinates":[[[-2.6505975,53.5355776],[-2.6508828,53.5355591],[-2.6511641,53.5355409]]]}},
{"type":"Feature","properties":{"highway":"footway","name":null,"category":"Footpath (pedestrian only)"},"geometry":{"type":"MultiLineString","coordinates":[[[-2.6508828,53.5355591],[-2.6508465,53.5353894],[-2.6508315,53.5353193],[-2.6505607,53.5353345],[-2.6503694,53.5353452],[-2.6502612,53.5353513]]]}},
{"type":"Feature","properties":{"highway":"footway","name":null,"category":"Footpath (pedestrian only)"},"geometry":{"type":"MultiLineString","coordinates":[[[-2.6505607,53.5353345],[-2.650574,53.5354086],[-2.6508465,53.5353894]]]}},
{"type":"Feature","properties":{"highway":"footway","name":null,"category":"Footpath (pedestrian only)"},"geometry":{"type":"MultiLineString","coordinates":[[[-2.6503694,53.5353452],[-2.6503835,53.5354177]]]}},
{"type":"Feature","properties":{"highway":"footway","name":null,"category":"Footpath (pedestrian only)"},"geometry":{"type":"MultiLineString","coordinates":[[[-2.6522879,53.5354756],[-2.6527815,53.5354458],[-2.6528431,53.5354421],[-2.6528712,53.5355795],[-2.6528824,53.5356343],[-2.6528874,53.5357094]]]}},
{"type":"Feature","properties":{"highway":"footway","name":null,"category":"Footpath (pedestrian only)"},"geometry":{"type":"MultiLineString","coordinates":[[[-2.6528712,53.5355795],[-2.6532213,53.5355585],[-2.6532686,53.535415]]]}},
{"type":"Feature","properties":{"highway":"footway","name":null,"category":"Footpath (pedestrian only)"},"geometry":{"type":"MultiLineString","coordinates":[[[-2.6532317,53.5354168],[-2.6531999,53.5353831],[-2.6531704,53.5352938],[-2.6531403,53.5351102],[-2.6531144,53.5349128]]]}},
{"type":"Feature","properties":{"highway":"footway","name":null,"category":"Footpath (pedestrian only)"},"geometry":{"type":"MultiLineString","coordinates":[[[-2.6518886,53.5354266],[-2.651999,53.5354182],[-2.6520259,53.5354156],[-2.652277,53.5354058],[-2.6527712,53.5353782]]]}},
{"type":"Feature","properties":{"highway":"footway","name":null,"category":"Footpath (pedestrian only)"},"geometry":{"type":"MultiLineString","coordinates":[[[-2.651993,53.5352142],[-2.6520259,53.5354156]]]}},
{"type":"Feature","properties":{"highway":"footway","name":null,"category":"Footpath (pedestrian only)"},"geometry":{"type":"MultiLineString","coordinates":[[[-2.652277,53.5354058],[-2.6522879,53.5354756],[-2.6523222,53.5356646]]]}},
{"type":"Feature","properties":{"highway":"footway","name":null,"category":"Footpath (pedestrian only)"},"geometry":{"type":"MultiLineString","coordinates":[[[-2.6533779,53.5322028],[-2.6538597,53.5322043],[-2.6542486,53.5322055],[-2.654381,53.5322059]]]}},
{"type":"Feature","properties":{"highway":"footway","name":null,"category":"Footpath (pedestrian only)"},"geometry":{"type":"MultiLineString","coordinates":[[[-2.6538597,53.5322043],[-2.6538601,53.5322821],[-2.6538611,53.5324958],[-2.6538624,53.5327683],[-2.6538624,53.5327736]]]}},
{"type":"Feature","properties":{"highway":"footway","name":null,"category":"Footpath (pedestrian only)"},"geometry":{"type":"MultiLineString","coordinates":[[[-2.6538611,53.5324958],[-2.6533419,53.5324945],[-2.6532347,53.5324942],[-2.6532186,53.5325037],[-2.6531588,53.5326974],[-2.6530872,53.5329294],[-2.6534171,53.5330872],[-2.6537439,53.5331183],[-2.6542006,53.5331618]]]}},
{"type":"Feature","properties":{"highway":"footway","name":null,"category":"Footpath (pedestrian only)"},"geometry":{"type":"MultiLineString","coordinates":[[[-2.6533779,53.5322028],[-2.653358,53.532215],[-2.6533447,53.5322231],[-2.6533419,53.5324945]]]}},
{"type":"Feature","properties":{"highway":"footway","name":null,"category":"Footpath (pedestrian only)"},"geometry":{"type":"MultiLineString","coordinates":[[[-2.6316405,53.5440725],[-2.6319795,53.5438293]]]}},
{"type":"Feature","properties":{"highway":"footway","name":null,"category":"Footpath (pedestrian only)"},"geometry":{"type":"MultiLineString","coordinates":[[[-2.6333925,53.5433862],[-2.6334109,53.5433932]]]}},
{"type":"Feature","properties":{"highway":"footway","name":null,"category":"Footpath (pedestrian only)"},"geometry":{"type":"MultiLineString","coordinates":[[[-2.6332508,53.5435225],[-2.6332642,53.543528]]]}},
{"type":"Feature","properties":{"highway":"footway","name":null,"category":"Footpath (pedestrian only)"},"geometry":{"type":"MultiLineString","coordinates":[[[-2.6329211,53.5432024],[-2.6331925,53.543307],[-2.6332546,53.543331]]]}},
{"type":"Feature","properties":{"highway":"footway","name":null,"category":"Footpath (pedestrian only)"},"geometry":{"type":"MultiLineString","coordinates":[[[-2.6332555,53.54375],[-2.6331433,53.5437216],[-2.6330919,53.5437123],[-2.6330266,53.5438534],[-2.6328822,53.5439148]]]}},
{"type":"Feature","properties":{"highway":"footway","name":null,"category":"Footpath (pedestrian only)"},"geometry":{"type":"MultiLineString","coordinates":[[[-2.6335318,53.5438559],[-2.6334765,53.5438101],[-2.6333569,53.5437764],[-2.6332555,53.54375],[-2.633295,53.5436987],[-2.6332141,53.5436773]]]}},
{"type":"Feature","properties":{"highway":"footway","name":null,"category":"Footpath (pedestrian only)"},"geometry":{"type":"MultiLineString","coordinates":[[[-2.6320642,53.5438998],[-2.6322056,53.5440643],[-2.6323973,53.5441794],[-2.6325832,53.5442944],[-2.6327826,53.5441851],[-2.6328233,53.5441656],[-2.6328582,53.5441552],[-2.6328888,53.5441455],[-2.6329164,53.5441434],[-2.6329705,53.5441503],[-2.6330454,53.5441619],[-2.6330972,53.5441701],[-2.6331376,53.5441592]]]}},
{"type":"Feature","properties":{"highway":"footway","name":null,"category":"Footpath (pedestrian only)"},"geometry":{"type":"MultiLineString","coordinates":[[[-2.655535,53.527041],[-2.6554572,53.527572],[-2.6551914,53.5275622],[-2.6550329,53.5275564],[-2.6549713,53.5275513]]]}},
{"type":"Feature","properties":{"highway":"footway","name":null,"category":"Footpath (pedestrian only)"},"geometry":{"type":"MultiLineString","coordinates":[[[-2.6551914,53.5275622],[-2.6551595,53.5277186],[-2.6552366,53.5279379],[-2.6552453,53.5279626],[-2.6551274,53.5281221]]]}},
{"type":"Feature","properties":{"highway":"footway","name":null,"category":"Footpath (pedestrian only)"},"geometry":{"type":"MultiLineString","coordinates":[[[-2.6552453,53.5279626],[-2.655307,53.5281412],[-2.6553499,53.5281523],[-2.6558185,53.5280911],[-2.6558891,53.5280838],[-2.6561921,53.5280519],[-2.6565355,53.5280232],[-2.6567527,53.5280056],[-2.656793,53.5279849],[-2.656798,53.5279723]]]}},
{"type":"Feature","properties":{"highway":"footway","name":null,"category":"Footpath (pedestrian only)"},"geometry":{"type":"MultiLineString","coordinates":[[[-2.6574903,53.5276692],[-2.6575899,53.5271462]]]}},
{"type":"Feature","properties":{"highway":"footway","name":null,"category":"Footpath (pedestrian only)"},"geometry":{"type":"MultiLineString","coordinates":[[[-2.6588968,53.544526],[-2.6586423,53.5446422],[-2.658519,53.5447203],[-2.6583841,53.5448174]]]}},
{"type":"Feature","properties":{"highway":"footway","name":null,"category":"Footpath (pedestrian only)"},"geometry":{"type":"MultiLineString","coordinates":[[[-2.660431,53.5359178],[-2.6609079,53.5365891],[-2.6610065,53.5368634]]]}},
{"type":"Feature","properties":{"highway":"footway","name":"Wilfred Street","category":"Footpath (pedestrian only)"},"geometry":{"type":"MultiLineString","coordinates":[[[-2.6544403,53.5403416],[-2.6543865,53.5403719],[-2.6547714,53.5406389],[-2.6547882,53.5406689]]]}},
{"type":"Feature","properties":{"highway":"footway","name":null,"category":"Footpath (pedestrian only)"},"geometry":{"type":"MultiLineString","coordinates":[[[-2.6539533,53.5405125],[-2.6543582,53.5402799]]]}},
{"type":"Feature","properties":{"highway":"footway","name":null,"category":"Footpath (pedestrian only)"},"geometry":{"type":"MultiLineString","coordinates":[[[-2.6535194,53.5402177],[-2.6539631,53.5399833]]]}},
{"type":"Feature","properties":{"highway":"path","name":null,"category":"Shared path"},"geometry":{"type":"MultiLineString","coordinates":[[[-2.6542488,53.5350055],[-2.6542285,53.5350037],[-2.65378,53.5349637]]]}},
{"type":"Feature","properties":{"highway":"footway","name":null,"category":"Footpath (pedestrian only)"},"geometry":{"type":"MultiLineString","coordinates":[[[-2.6537618,53.5350746],[-2.6531403,53.5351102]]]}},
{"type":"Feature","properties":{"highway":"footway","name":null,"category":"Footpath (pedestrian only)"},"geometry":{"type":"MultiLineString","coordinates":[[[-2.6536406,53.5344628],[-2.6536704,53.5344629],[-2.6536829,53.5345542],[-2.653693,53.5346274],[-2.6536794,53.534668]]]}},
{"type":"Feature","properties":{"highway":"footway","name":null,"category":"Footpath (pedestrian only)"},"geometry":{"type":"MultiLineString","coordinates":[[[-2.6522701,53.5348979],[-2.6523242,53.5349487],[-2.6523461,53.5350513],[-2.6523532,53.5350918],[-2.652372,53.535196]]]}},
{"type":"Feature","properties":{"highway":"footway","name":null,"category":"Footpath (pedestrian only)"},"geometry":{"type":"MultiLineString","coordinates":[[[-2.6528824,53.5356343],[-2.6523222,53.5356646],[-2.6520499,53.5356797],[-2.6514917,53.5357107],[-2.6498089,53.5358014],[-2.6492264,53.535688],[-2.6492037,53.5356836],[-2.6491659,53.5353675]]]}},
{"type":"Feature","properties":{"highway":"footway","name":null,"category":"Footpath (pedestrian only)"},"geometry":{"type":"MultiLineString","coordinates":[[[-2.6532317,53.5354168],[-2.6528431,53.5354421]]]}},
{"type":"Feature","properties":{"highway":"footway","name":null,"category":"Footpath (pedestrian only)"},"geometry":{"type":"MultiLineString","coordinates":[[[-2.651999,53.5354182],[-2.6520499,53.5356797]]]}},
{"type":"Feature","properties":{"highway":"footway","name":null,"category":"Footpath (pedestrian only)"},"geometry":{"type":"MultiLineString","coordinates":[[[-2.6518574,53.5352229],[-2.6517166,53.5352297],[-2.6516809,53.5349841]]]}},
{"type":"Feature","properties":{"highway":"path","name":null,"category":"Shared path"},"geometry":{"type":"MultiLineString","coordinates":[[[-2.6574659,53.5344055],[-2.6578151,53.5342152],[-2.6584283,53.5339008],[-2.6585686,53.5338129],[-2.6590468,53.5335874],[-2.6591719,53.5335812],[-2.6592193,53.5335223],[-2.6593408,53.5335068],[-2.6593733,53.5334693],[-2.6594813,53.5334227],[-2.6594866,53.5333965],[-2.6597227,53.5332881],[-2.65983,53.5332435],[-2.6599108,53.5332322],[-2.6599882,53.5332309],[-2.660034,53.5332466],[-2.660074,53.5332819],[-2.6601827,53.5333418],[-2.6602344,53.5333587],[-2.6602752,53.5333619],[-2.6603194,53.5333592],[-2.6604055,53.5333392],[-2.6605352,53.5332965],[-2.6605839,53.5332729],[-2.6607656,53.5331987],[-2.6609759,53.5331366],[-2.6611606,53.5330926],[-2.6615881,53.5329975],[-2.6619714,53.5329134],[-2.6620519,53.5329214],[-2.6621324,53.5329485],[-2.6622637,53.5330665],[-2.6623057,53.5330804],[-2.662361,53.5330702],[-2.662496,53.5330482],[-2.662631,53.5330301],[-2.6630753,53.5329085]]]}},
{"type":"Feature","properties":{"highway":"footway","name":null,"category":"Footpath (pedestrian only)"},"geometry":{"type":"MultiLineString","coordinates":[[[-2.653957,53.5341589],[-2.6539032,53.5342029],[-2.6539407,53.5343616],[-2.6539495,53.5345416],[-2.6539505,53.5345624],[-2.6538672,53.5346373]]]}},
{"type":"Feature","properties":{"highway":"footway","name":null,"category":"Footpath (pedestrian only)"},"geometry":{"type":"MultiLineString","coordinates":[[[-2.6539407,53.5343616],[-2.6536263,53.534378]]]}},
{"type":"Feature","properties":{"highway":"footway","name":null,"category":"Footpath (pedestrian only)"},"geometry":{"type":"MultiLineString","coordinates":[[[-2.6534064,53.5346745],[-2.65311,53.5346921]]]}},
{"type":"Feature","properties":{"highway":"footway","name":null,"category":"Footpath (pedestrian only)"},"geometry":{"type":"MultiLineString","coordinates":[[[-2.6531698,53.5340306],[-2.653245,53.5337467],[-2.6533283,53.5334242],[-2.6533549,53.5333233],[-2.6534171,53.5330872]]]}},
{"type":"Feature","properties":{"highway":"footway","name":null,"category":"Footpath (pedestrian only)"},"geometry":{"type":"MultiLineString","coordinates":[[[-2.6540621,53.5338298],[-2.6535577,53.5337761],[-2.653245,53.5337467]]]}},
{"type":"Feature","properties":{"highway":"footway","name":null,"category":"Footpath (pedestrian only)"},"geometry":{"type":"MultiLineString","coordinates":[[[-2.6541545,53.5335073],[-2.653653,53.533458]]]}},
{"type":"Feature","properties":{"highway":"footway","name":null,"category":"Footpath (pedestrian only)"},"geometry":{"type":"MultiLineString","coordinates":[[[-2.6535577,53.5337761],[-2.65359,53.5336936],[-2.6536314,53.5335388],[-2.653653,53.533458],[-2.6536807,53.5333544],[-2.6537439,53.5331183]]]}},
{"type":"Feature","properties":{"highway":"footway","name":null,"category":"Footpath (pedestrian only)"},"geometry":{"type":"MultiLineString","coordinates":[[[-2.6536807,53.5333544],[-2.6533549,53.5333233]]]}},
{"type":"Feature","properties":{"highway":"footway","name":null,"category":"Footpath (pedestrian only)"},"geometry":{"type":"MultiLineString","coordinates":[[[-2.6542742,53.5328151],[-2.6538624,53.5327683],[-2.6531588,53.5326974]]]}},
{"type":"Feature","properties":{"highway":"footway","name":null,"category":"Footpath (pedestrian only)"},"geometry":{"type":"MultiLineString","coordinates":[[[-2.6542917,53.5319949],[-2.6536448,53.5319958],[-2.6536448,53.5318364],[-2.6541689,53.5318402]]]}},
{"type":"Feature","properties":{"highway":"footway","name":null,"category":"Footpath (pedestrian only)"},"geometry":{"type":"MultiLineString","coordinates":[[[-2.6536448,53.5318364],[-2.6536394,53.5317694],[-2.6530774,53.5317532]]]}},
{"type":"Feature","properties":{"highway":"footway","name":null,"category":"Footpath (pedestrian only)"},"geometry":{"type":"MultiLineString","coordinates":[[[-2.6519925,53.5317152],[-2.6514896,53.5317149]]]}},
{"type":"Feature","properties":{"highway":"footway","name":null,"category":"Footpath (pedestrian only)"},"geometry":{"type":"MultiLineString","coordinates":[[[-2.6519242,53.5292489],[-2.6519315,53.5292138],[-2.6519422,53.5291053],[-2.6519744,53.5290065],[-2.6520173,53.5288534],[-2.6519686,53.5287188]]]}},
{"type":"Feature","properties":{"highway":"footway","name":null,"category":"Footpath (pedestrian only)"},"geometry":{"type":"MultiLineString","coordinates":[[[-2.6544454,53.5277465],[-2.6544473,53.5277938],[-2.6544482,53.5278163],[-2.6544494,53.5278474],[-2.6531459,53.5281471],[-2.6524056,53.5283321],[-2.6522929,53.528364],[-2.6520821,53.5283506]]]}},
{"type":"Feature","properties":{"highway":"footway","name":null,"category":"Footpath (pedestrian only)"},"geometry":{"type":"MultiLineString","coordinates":[[[-2.656793,53.5279849],[-2.6569423,53.5281652]]]}},
{"type":"Feature","properties":{"highway":"footway","name":null,"category":"Footpath (pedestrian only)"},"geometry":{"type":"MultiLineString","coordinates":[[[-2.6574903,53.5276692],[-2.6575576,53.5276786]]]}},
{"type":"Feature","properties":{"highway":"footway","name":null,"category":"Footpath (pedestrian only)"},"geometry":{"type":"MultiLineString","coordinates":[[[-2.6572191,53.5277047],[-2.6572078,53.5276111],[-2.6571669,53.5275092],[-2.6571658,53.527379]]]}},
{"type":"Feature","properties":{"highway":"footway","name":null,"category":"Footpath (pedestrian only)"},"geometry":{"type":"MultiLineString","coordinates":[[[-2.655663,53.5275656],[-2.6555798,53.5275688],[-2.6554572,53.527572]]]}},
{"type":"Feature","properties":{"highway":"footway","name":null,"category":"Footpath (pedestrian only)"},"geometry":{"type":"MultiLineString","coordinates":[[[-2.655535,53.527041],[-2.6555476,53.5269151],[-2.655092,53.5268891],[-2.6550245,53.5268889]]]}},
{"type":"Feature","properties":{"highway":"footway","name":null,"category":"Footpath (pedestrian only)"},"geometry":{"type":"MultiLineString","coordinates":[[[-2.6556013,53.5264815],[-2.6551274,53.5264556],[-2.6550533,53.5264474]]]}},
{"type":"Feature","properties":{"highway":"footway","name":null,"category":"Footpath (pedestrian only)"},"geometry":{"type":"MultiLineString","coordinates":[[[-2.6432811,53.5451309],[-2.6431804,53.5451134],[-2.6430919,53.545114],[-2.6429712,53.5451227],[-2.6428424,53.5451452],[-2.6426593,53.5451905],[-2.6425425,53.5452112],[-2.6424782,53.5452259],[-2.642369,53.5452482]]]}},
{"type":"Feature","properties":{"highway":"footway","name":null,"category":"Footpath (pedestrian only)"},"geometry":{"type":"MultiLineString","coordinates":[[[-2.6499247,53.5419084],[-2.6499046,53.5418899],[-2.6498799,53.5418532],[-2.6498942,53.5418038],[-2.6498849,53.5417831]]]}},
{"type":"Feature","properties":{"highway":"footway","name":null,"category":"Footpath (pedestrian only)"},"geometry":{"type":"MultiLineString","coordinates":[[[-2.6330779,53.5446869],[-2.6331488,53.5447103],[-2.6332336,53.5447383]]]}},
{"type":"Feature","properties":{"highway":"footway","name":null,"category":"Footpath (pedestrian only)"},"geometry":{"type":"MultiLineString","coordinates":[[[-2.6334483,53.544761],[-2.6334159,53.544798],[-2.6333576,53.5448608]]]}},
{"type":"Feature","properties":{"highway":"path","name":null,"category":"Shared path"},"geometry":{"type":"MultiLineString","coordinates":[[[-2.6455557,53.5437004],[-2.6455213,53.5436125],[-2.6453734,53.5434661],[-2.6453374,53.5433862],[-2.6453232,53.5433547]]]}},
{"type":"Feature","properties":{"highway":"footway","name":null,"category":"Footpath (pedestrian only)"},"geometry":{"type":"MultiLineString","coordinates":[[[-2.6502986,53.5403188],[-2.6499697,53.5402123]]]}},
{"type":"Feature","properties":{"highway":"footway","name":null,"category":"Footpath (pedestrian only)"},"geometry":{"type":"MultiLineString","coordinates":[[[-2.6522746,53.5397456],[-2.6523375,53.5397918],[-2.652405,53.5398366]]]}},
{"type":"Feature","properties":{"highway":"footway","name":null,"category":"Footpath (pedestrian only)"},"geometry":{"type":"MultiLineString","coordinates":[[[-2.6572865,53.537729],[-2.6572398,53.5376758]]]}},
{"type":"Feature","properties":{"highway":"footway","name":null,"category":"Footpath (pedestrian only)"},"geometry":{"type":"MultiLineString","coordinates":[[[-2.6495158,53.5420391],[-2.6494873,53.5420125],[-2.6494567,53.5420012],[-2.6494301,53.5419963],[-2.6493938,53.5419935],[-2.6493457,53.5419939],[-2.6492868,53.5420004],[-2.6492121,53.5420175],[-2.6490649,53.5420642]]]}},
{"type":"Feature","properties":{"highway":"footway","name":null,"category":"Footpath (pedestrian only)"},"geometry":{"type":"MultiLineString","coordinates":[[[-2.6484146,53.5421243],[-2.6483473,53.5421388],[-2.6482772,53.5421539]]]}},
{"type":"Feature","properties":{"highway":"footway","name":null,"category":"Footpath (pedestrian only)"},"geometry":{"type":"MultiLineString","coordinates":[[[-2.6578515,53.534831],[-2.658382,53.5351512],[-2.6585592,53.5352523],[-2.657486,53.5358522],[-2.6564545,53.5364504],[-2.6562418,53.5365744],[-2.6560148,53.5367074],[-2.6558005,53.536816],[-2.6556823,53.5368605],[-2.6556044,53.5368772],[-2.6555213,53.5368811],[-2.6552639,53.5368397],[-2.6551579,53.5368417],[-2.6551501,53.5368419],[-2.6550474,53.5368608],[-2.6549286,53.5368668],[-2.6547942,53.5368752],[-2.6547355,53.5368684],[-2.6546925,53.5368572],[-2.6543029,53.5365111],[-2.6541474,53.5363929],[-2.6544391,53.5362958],[-2.6547964,53.5361723],[-2.6549628,53.5361213],[-2.6550814,53.5360761],[-2.6551691,53.5360248],[-2.6552448,53.5359528],[-2.6552716,53.5358446],[-2.6554617,53.5357565],[-2.655621,53.5356827],[-2.6560762,53.5354716],[-2.6565825,53.5352378],[-2.6567913,53.5351486],[-2.6578515,53.534831]]]}},
{"type":"Feature","properties":{"highway":"footway","name":null,"category":"Footpath (pedestrian only)"},"geometry":{"type":"MultiLineString","coordinates":[[[-2.6552379,53.5365241],[-2.6552191,53.5365093],[-2.6551693,53.5364893],[-2.6551117,53.5364801],[-2.6550911,53.536481],[-2.6550522,53.5364825],[-2.6549973,53.5364962],[-2.6549527,53.5365198],[-2.6549398,53.5365334],[-2.6549234,53.5365506],[-2.6549125,53.5365855],[-2.6549212,53.5366205],[-2.6549485,53.536652],[-2.6549915,53.5366766],[-2.6550412,53.5366915],[-2.6551048,53.5366952],[-2.6551648,53.5366867],[-2.655214,53.5366686],[-2.6552519,53.5366409],[-2.6552651,53.5366195],[-2.6552725,53.5366074],[-2.6552737,53.5365717],[-2.6552552,53.5365378],[-2.6552379,53.5365241]]]}},
{"type":"Feature","properties":{"highway":"footway","name":null,"category":"Footpath (pedestrian only)"},"geometry":{"type":"MultiLineString","coordinates":[[[-2.6560827,53.5365085],[-2.6560396,53.5364814],[-2.6561207,53.5364355],[-2.6559885,53.536355],[-2.6557973,53.5361601]]]}},
{"type":"Feature","properties":{"highway":"footway","name":null,"category":"Footpath (pedestrian only)"},"geometry":{"type":"MultiLineString","coordinates":[[[-2.6568006,53.5363927],[-2.6568345,53.5364161],[-2.6568894,53.5364667]]]}},
{"type":"Feature","properties":{"highway":"footway","name":null,"category":"Footpath (pedestrian only)"},"geometry":{"type":"MultiLineString","coordinates":[[[-2.658157,53.5359424],[-2.658046,53.5361342],[-2.6580208,53.5361779],[-2.6580144,53.5361914],[-2.6579731,53.5362523],[-2.657733,53.5365019],[-2.6573315,53.5362333],[-2.6568894,53.5364667],[-2.6572911,53.5367353],[-2.6574854,53.5366322],[-2.6576042,53.5365705],[-2.6576939,53.5365226],[-2.657733,53.5365019]]]}},
{"type":"Feature","properties":{"highway":"footway","name":null,"category":"Footpath (pedestrian only)"},"geometry":{"type":"MultiLineString","coordinates":[[[-2.6563717,53.5363925],[-2.6564545,53.5364504]]]}},
{"type":"Feature","properties":{"highway":"footway","name":null,"category":"Footpath (pedestrian only)"},"geometry":{"type":"MultiLineString","coordinates":[[[-2.6423703,53.535375],[-2.6421463,53.5354334],[-2.6417385,53.5355842],[-2.641371,53.5352243],[-2.6413925,53.5351127]]]}},
{"type":"Feature","properties":{"highway":"footway","name":null,"category":"Footpath (pedestrian only)"},"geometry":{"type":"MultiLineString","coordinates":[[[-2.641801,53.5350234],[-2.6419988,53.5352377],[-2.641964,53.535252],[-2.6421463,53.5354334]]]}},
{"type":"Feature","properties":{"highway":"footway","name":null,"category":"Footpath (pedestrian only)"},"geometry":{"type":"MultiLineString","coordinates":[[[-2.6547825,53.5357353],[-2.6551406,53.5356484]]]}},
{"type":"Feature","properties":{"highway":"footway","name":null,"category":"Footpath (pedestrian only)"},"geometry":{"type":"MultiLineString","coordinates":[[[-2.6553843,53.5356935],[-2.6554617,53.5357565]]]}},
{"type":"Feature","properties":{"highway":"footway","name":null,"category":"Footpath (pedestrian only)"},"geometry":{"type":"MultiLineString","coordinates":[[[-2.6549398,53.5365334],[-2.6545051,53.5364439],[-2.6544624,53.5364335],[-2.6544473,53.5364233],[-2.6544415,53.5364126],[-2.654441,53.5363979],[-2.6544418,53.536386],[-2.6544417,53.53637],[-2.6544391,53.5362958]]]}},
{"type":"Feature","properties":{"highway":"footway","name":null,"category":"Footpath (pedestrian only)"},"geometry":{"type":"MultiLineString","coordinates":[[[-2.6558005,53.536816],[-2.6556932,53.5366697],[-2.6558181,53.5365575],[-2.655858,53.5365376],[-2.6559143,53.536524],[-2.6559881,53.5365137],[-2.6560442,53.5365091],[-2.6560565,53.5365081],[-2.6560827,53.5365085],[-2.6561088,53.5365113],[-2.6561397,53.5365192],[-2.6561839,53.5365407],[-2.6562418,53.5365744]]]}},
{"type":"Feature","properties":{"highway":"footway","name":null,"category":"Footpath (pedestrian only)"},"geometry":{"type":"MultiLineString","coordinates":[[[-2.6560148,53.5367074],[-2.6558181,53.5365575],[-2.6552532,53.536141]]]}},
{"type":"Feature","properties":{"highway":"footway","name":null,"category":"Footpath (pedestrian only)"},"geometry":{"type":"MultiLineString","coordinates":[[[-2.6560148,53.5367074],[-2.6560671,53.5367393],[-2.6561194,53.5367712]]]}},
{"type":"Feature","properties":{"highway":"footway","name":null,"category":"Footpath (pedestrian only)"},"geometry":{"type":"MultiLineString","coordinates":[[[-2.6552532,53.536141],[-2.6554287,53.5361163],[-2.6554381,53.5361418],[-2.6554663,53.5361625],[-2.6554985,53.5361872],[-2.6555307,53.5362112],[-2.6555602,53.5362319],[-2.6555816,53.5362462],[-2.6556245,53.536263],[-2.6556527,53.5362701],[-2.6556768,53.5362654],[-2.6557117,53.5362646],[-2.6557466,53.5362717],[-2.655764,53.5362837],[-2.655764,53.5363036],[-2.6557573,53.5363204],[-2.6557573,53.5363355],[-2.655764,53.5363514],[-2.6557721,53.5363634],[-2.6559143,53.536524]]]}},
{"type":"Feature","properties":{"highway":"footway","name":null,"category":"Footpath (pedestrian only)"},"geometry":{"type":"MultiLineString","coordinates":[[[-2.6554287,53.5361163],[-2.6554862,53.5358135],[-2.6554782,53.5357721],[-2.6554617,53.5357565]]]}},
{"type":"Feature","properties":{"highway":"footway","name":null,"category":"Footpath (pedestrian only)"},"geometry":{"type":"MultiLineString","coordinates":[[[-2.6482772,53.5421539],[-2.6483011,53.5421808],[-2.6483102,53.5422124],[-2.6483138,53.5422612]]]}},
{"type":"Feature","properties":{"highway":"footway","name":null,"category":"Footpath (pedestrian only)"},"geometry":{"type":"MultiLineString","coordinates":[[[-2.6559442,53.5401484],[-2.6557008,53.540163],[-2.6559033,53.5405412],[-2.6552037,53.5406735],[-2.6549892,53.5402727],[-2.6552804,53.5402176],[-2.6552363,53.5401393],[-2.6552512,53.5401317],[-2.6553141,53.5400999],[-2.6554536,53.5401855],[-2.6556891,53.540141],[-2.6557008,53.540163]]]}},
{"type":"Feature","properties":{"highway":"footway","name":null,"category":"Footpath (pedestrian only)"},"geometry":{"type":"MultiLineString","coordinates":[[[-2.6552359,53.5401205],[-2.6552512,53.5401317]]]}},
{"type":"Feature","properties":{"highway":"footway","name":null,"category":"Footpath (pedestrian only)"},"geometry":{"type":"MultiLineString","coordinates":[[[-2.6499697,53.5402123],[-2.6498876,53.5402181],[-2.649696,53.5402142]]]}},
{"type":"Feature","properties":{"highway":"footway","name":null,"category":"Footpath (pedestrian only)"},"geometry":{"type":"MultiLineString","coordinates":[[[-2.6495375,53.5402197],[-2.649487,53.5402529],[-2.6493926,53.5403123]]]}},
{"type":"Feature","properties":{"highway":"track","name":null,"category":"Track"},"geometry":{"type":"MultiLineString","coordinates":[[[-2.6579289,53.542732],[-2.6580496,53.5424849]]]}},
{"type":"Feature","properties":{"highway":"path","name":null,"category":"Shared path"},"geometry":{"type":"MultiLineString","coordinates":[[[-2.6594813,53.5334227],[-2.6593735,53.5339685],[-2.6593591,53.5340182],[-2.6592721,53.5340873],[-2.6591666,53.5341491],[-2.6589639,53.5342413],[-2.658634,53.5344645]]]}},
{"type":"Feature","properties":{"highway":"footway","name":null,"category":"Footpath (pedestrian only)"},"geometry":{"type":"MultiLineString","coordinates":[[[-2.6342174,53.5454857],[-2.6343682,53.5454884]]]}},
{"type":"Feature","properties":{"highway":"footway","name":null,"category":"Footpath (pedestrian only)"},"geometry":{"type":"MultiLineString","coordinates":[[[-2.6344763,53.5454912],[-2.6346354,53.5454929]]]}},
{"type":"Feature","properties":{"highway":"footway","name":null,"category":"Footpath (pedestrian only)"},"geometry":{"type":"MultiLineString","coordinates":[[[-2.6340849,53.5454552],[-2.6340794,53.5454684],[-2.6340813,53.545482],[-2.6340903,53.5454945],[-2.6341056,53.5455047],[-2.6341255,53.5455115],[-2.634148,53.5455142],[-2.6341718,53.5455124],[-2.6341932,53.5455059],[-2.6342099,53.5454956],[-2.6342174,53.5454857],[-2.6342219,53.5454683],[-2.6342159,53.5454545],[-2.6342026,53.5454426],[-2.6341834,53.545434],[-2.6341604,53.5454297],[-2.6341364,53.5454302],[-2.634115,53.545435],[-2.6340972,53.5454436],[-2.6340849,53.5454552]]]}},
{"type":"Feature","properties":{"highway":"footway","name":null,"category":"Footpath (pedestrian only)"},"geometry":{"type":"MultiLineString","coordinates":[[[-2.6340794,53.5454684],[-2.633794,53.5454626],[-2.6334824,53.5454779],[-2.6334595,53.5454798],[-2.6334353,53.5454841],[-2.6334179,53.5454945],[-2.6333059,53.5455877],[-2.6331585,53.5457104]]]}},
{"type":"Feature","properties":{"highway":"track","name":null,"category":"Track"},"geometry":{"type":"MultiLineString","coordinates":[[[-2.6483138,53.5422612],[-2.6482613,53.5422642],[-2.6482247,53.5422863],[-2.648188,53.5423782],[-2.6481547,53.5424345],[-2.6481197,53.5425077],[-2.6480924,53.542581],[-2.6480747,53.5426549],[-2.6480509,53.5427287],[-2.6480076,53.5427654],[-2.64794,53.5428095],[-2.6478925,53.5428799],[-2.6478677,53.5429289],[-2.6478514,53.5429912]]]}},
{"type":"Feature","properties":{"highway":"footway","name":null,"category":"Footpath (pedestrian only)"},"geometry":{"type":"MultiLineString","coordinates":[[[-2.6426546,53.5407489],[-2.6425988,53.541148]]]}},
{"type":"Feature","properties":{"highway":"footway","name":null,"category":"Footpath (pedestrian only)"},"geometry":{"type":"MultiLineString","coordinates":[[[-2.6372506,53.5405048],[-2.6370602,53.5405455],[-2.6367744,53.5406239],[-2.6363411,53.5407734]]]}},
{"type":"Feature","properties":{"highway":"footway","name":null,"category":"Footpath (pedestrian only)"},"geometry":{"type":"MultiLineString","coordinates":[[[-2.6370458,53.5407051],[-2.6372677,53.5406043]]]}},
{"type":"Feature","properties":{"highway":"footway","name":null,"category":"Footpath (pedestrian only)"},"geometry":{"type":"MultiLineString","coordinates":[[[-2.6370602,53.5405455],[-2.6370471,53.5405189]]]}},
{"type":"Feature","properties":{"highway":"path","name":null,"category":"Shared path"},"geometry":{"type":"MultiLineString","coordinates":[[[-2.6370902,53.5354367],[-2.6370245,53.5354327],[-2.6368863,53.5354821],[-2.6368156,53.5355687],[-2.6368453,53.5355796]]]}},
{"type":"Feature","properties":{"highway":"footway","name":null,"category":"Footpath (pedestrian only)"},"geometry":{"type":"MultiLineString","coordinates":[[[-2.638194,53.5423888],[-2.6383354,53.5423269],[-2.6385367,53.5422218],[-2.6389284,53.5420368]]]}},
{"type":"Feature","properties":{"highway":"path","name":null,"category":"Shared path"},"geometry":{"type":"MultiLineString","coordinates":[[[-2.6406332,53.5414713],[-2.6406259,53.5415099],[-2.6405946,53.5415141],[-2.6404578,53.5415602],[-2.6401661,53.5416244],[-2.6400629,53.5416491],[-2.6397416,53.5416938],[-2.6397029,53.5417338]]]}},
{"type":"Feature","properties":{"highway":"path","name":null,"category":"Shared path"},"geometry":{"type":"MultiLineString","coordinates":[[[-2.6401661,53.5416244],[-2.6405901,53.5417307]]]}},
{"type":"Feature","properties":{"highway":"footway","name":null,"category":"Footpath (pedestrian only)"},"geometry":{"type":"MultiLineString","coordinates":[[[-2.6460016,53.5291353],[-2.6460468,53.5291788],[-2.6460565,53.5292297],[-2.6460492,53.5292864],[-2.646015,53.5293329],[-2.6459685,53.5293721],[-2.6459006,53.5294172]]]}},
{"type":"Feature","properties":{"highway":"footway","name":null,"category":"Footpath (pedestrian only)"},"geometry":{"type":"MultiLineString","coordinates":[[[-2.6490649,53.5420642],[-2.6489539,53.5420865],[-2.6488741,53.5421029],[-2.6488261,53.5421108]]]}},
{"type":"Feature","properties":{"highway":"footway","name":null,"category":"Footpath (pedestrian only)"},"geometry":{"type":"MultiLineString","coordinates":[[[-2.6519154,53.5293349],[-2.6519242,53.5292489]]]}},
{"type":"Feature","properties":{"highway":"footway","name":null,"category":"Footpath (pedestrian only)"},"geometry":{"type":"MultiLineString","coordinates":[[[-2.6518813,53.5295056],[-2.6519154,53.5293349]]]}},
{"type":"Feature","properties":{"highway":"footway","name":null,"category":"Footpath (pedestrian only)"},"geometry":{"type":"MultiLineString","coordinates":[[[-2.6460618,53.5290455],[-2.6460689,53.529012],[-2.6461138,53.5289164],[-2.6462425,53.528706],[-2.6462747,53.5286103],[-2.6463105,53.5282249]]]}},
{"type":"Feature","properties":{"highway":"footway","name":null,"category":"Footpath (pedestrian only)"},"geometry":{"type":"MultiLineString","coordinates":[[[-2.6538553,53.5417455],[-2.6540364,53.5418475],[-2.6540827,53.541853],[-2.654132,53.5418548],[-2.6541843,53.5418548],[-2.6542367,53.5418566],[-2.6543014,53.5418621],[-2.654363,53.5418713],[-2.6544308,53.5418896],[-2.6544832,53.5419189],[-2.6545109,53.5419427],[-2.6545387,53.5419811],[-2.6545571,53.5420342],[-2.6545602,53.5420709],[-2.654577,53.5421022],[-2.6545983,53.5421579],[-2.6546366,53.542211],[-2.654692,53.542249],[-2.6547261,53.5422743],[-2.6547218,53.5423148],[-2.6547048,53.5423451],[-2.6545983,53.5424286],[-2.654568,53.5424556]]]}},
{"type":"Feature","properties":{"highway":"footway","name":null,"category":"Footpath (pedestrian only)"},"geometry":{"type":"MultiLineString","coordinates":[[[-2.643239,53.5306445],[-2.642923,53.530684]]]}},
{"type":"Feature","properties":{"highway":"footway","name":null,"category":"Footpath (pedestrian only)"},"geometry":{"type":"MultiLineString","coordinates":[[[-2.642923,53.530684],[-2.6392926,53.5311418],[-2.6376368,53.5313492],[-2.6372033,53.5314053],[-2.63577,53.5315852],[-2.6355861,53.5316145]]]}},
{"type":"Feature","properties":{"highway":"footway","name":null,"category":"Footpath (pedestrian only)"},"geometry":{"type":"MultiLineString","coordinates":[[[-2.6459922,53.5303196],[-2.6456337,53.5303511]]]}},
{"type":"Feature","properties":{"highway":"footway","name":null,"category":"Footpath (pedestrian only)"},"geometry":{"type":"MultiLineString","coordinates":[[[-2.6456337,53.5303511],[-2.6454137,53.5303726],[-2.6449312,53.5304297],[-2.643239,53.5306445]]]}},
{"type":"Feature","properties":{"highway":"path","name":null,"category":"Shared path"},"geometry":{"type":"MultiLineString","coordinates":[[[-2.6338387,53.5373229],[-2.6336952,53.5372497]]]}},
{"type":"Feature","properties":{"highway":"path","name":null,"category":"Shared path"},"geometry":{"type":"MultiLineString","coordinates":[[[-2.6391971,53.5365113],[-2.6392362,53.5365651],[-2.639258,53.5366531],[-2.6405502,53.5366975],[-2.6412349,53.536721]]]}},
{"type":"Feature","properties":{"highway":"path","name":null,"category":"Shared path"},"geometry":{"type":"MultiLineString","coordinates":[[[-2.6405468,53.5367318],[-2.6405502,53.5366975]]]}},
{"type":"Feature","properties":{"highway":"path","name":null,"category":"Shared path"},"geometry":{"type":"MultiLineString","coordinates":[[[-2.6398679,53.5381341],[-2.6398929,53.537865],[-2.6399102,53.5376769],[-2.6396448,53.5376617],[-2.6396308,53.5375934],[-2.6395996,53.5374414],[-2.6394711,53.5374494],[-2.6394435,53.5372073]]]}},
{"type":"Feature","properties":{"highway":"path","name":null,"category":"Shared path"},"geometry":{"type":"MultiLineString","coordinates":[[[-2.6399102,53.5376769],[-2.6401157,53.5376827],[-2.640206,53.5376558]]]}},
{"type":"Feature","properties":{"highway":"path","name":null,"category":"Shared path"},"geometry":{"type":"MultiLineString","coordinates":[[[-2.6395996,53.5374414],[-2.6399469,53.5374124],[-2.6399506,53.5373767],[-2.6404496,53.5373853],[-2.640622,53.5373869],[-2.6406354,53.5370923]]]}},
{"type":"Feature","properties":{"highway":"path","name":null,"category":"Shared path"},"geometry":{"type":"MultiLineString","coordinates":[[[-2.6404496,53.5373853],[-2.6404271,53.5376633]]]}},
{"type":"Feature","properties":{"highway":"path","name":null,"category":"Shared path"},"geometry":{"type":"MultiLineString","coordinates":[[[-2.6409487,53.5379978],[-2.6407937,53.537989],[-2.640755,53.5382387]]]}},
{"type":"Feature","properties":{"highway":"path","name":null,"category":"Shared path"},"geometry":{"type":"MultiLineString","coordinates":[[[-2.6407937,53.537989],[-2.6407977,53.5379594],[-2.6405255,53.5379464],[-2.6405272,53.5379328],[-2.6405608,53.5376686]]]}},
{"type":"Feature","properties":{"highway":"path","name":null,"category":"Shared path"},"geometry":{"type":"MultiLineString","coordinates":[[[-2.6405272,53.5379328],[-2.6401569,53.5379128]]]}},
{"type":"Feature","properties":{"highway":"path","name":null,"category":"Shared path"},"geometry":{"type":"MultiLineString","coordinates":[[[-2.6398929,53.537865],[-2.6394278,53.5378437],[-2.6393731,53.5376141],[-2.6396308,53.5375934]]]}},
{"type":"Feature","properties":{"highway":"path","name":null,"category":"Shared path"},"geometry":{"type":"MultiLineString","coordinates":[[[-2.6394278,53.5378437],[-2.6394821,53.5381241]]]}},
{"type":"Feature","properties":{"highway":"path","name":null,"category":"Shared path"},"geometry":{"type":"MultiLineString","coordinates":[[[-2.6383661,53.5377781],[-2.6383569,53.5378189],[-2.6384165,53.5380799],[-2.6383661,53.5381573]]]}},
{"type":"Feature","properties":{"highway":"path","name":null,"category":"Shared path"},"geometry":{"type":"MultiLineString","coordinates":[[[-2.6380894,53.5364744],[-2.6380399,53.5365189],[-2.6380503,53.5365918],[-2.6379769,53.5365899]]]}},
{"type":"Feature","properties":{"highway":"path","name":null,"category":"Shared path"},"geometry":{"type":"MultiLineString","coordinates":[[[-2.6380503,53.5365918],[-2.6380875,53.5366782],[-2.6382376,53.5373087]]]}},
{"type":"Feature","properties":{"highway":"path","name":null,"category":"Shared path"},"geometry":{"type":"MultiLineString","coordinates":[[[-2.6518129,53.540989],[-2.651848,53.5410303],[-2.6519172,53.541106],[-2.6519861,53.5411615],[-2.6521841,53.5412673],[-2.6522905,53.5412886]]]}},
{"type":"Feature","properties":{"highway":"track","name":null,"category":"Track"},"geometry":{"type":"MultiLineString","coordinates":[[[-2.6380873,53.5454571],[-2.637628,53.5452384],[-2.6373423,53.5451011],[-2.6370838,53.5450133],[-2.636943,53.5449605],[-2.6368309,53.5449101],[-2.6365725,53.544755],[-2.6361144,53.5445161],[-2.6359339,53.5444292],[-2.6357302,53.544339],[-2.6354048,53.5441757],[-2.634899,53.5439501],[-2.6344613,53.5437126]]]}},
{"type":"Feature","properties":{"highway":"footway","name":null,"category":"Footpath (pedestrian only)"},"geometry":{"type":"MultiLineString","coordinates":[[[-2.6552651,53.5366195],[-2.6556932,53.5366697],[-2.6557022,53.5366708],[-2.6560148,53.5367074]]]}},
{"type":"Feature","properties":{"highway":"footway","name":null,"category":"Footpath (pedestrian only)"},"geometry":{"type":"MultiLineString","coordinates":[[[-2.65967,53.5339775],[-2.6593735,53.5339685]]]}},
{"type":"Feature","properties":{"highway":"footway","name":null,"category":"Footpath (pedestrian only)"},"geometry":{"type":"MultiLineString","coordinates":[[[-2.6495092,53.5407946],[-2.6494368,53.5408208],[-2.6494251,53.5408221],[-2.6493702,53.5408283],[-2.6493523,53.5408303],[-2.649317,53.5408402],[-2.649298,53.5408585],[-2.6493007,53.5408869],[-2.6492916,53.5409108],[-2.6492495,53.5409628]]]}},
{"type":"Feature","properties":{"highway":"footway","name":null,"category":"Footpath (pedestrian only)"},"geometry":{"type":"MultiLineString","coordinates":[[[-2.6498096,53.5409196],[-2.6497615,53.5408909],[-2.6497222,53.5408696],[-2.6497621,53.5407969],[-2.6497524,53.5407892],[-2.6497179,53.540762],[-2.6496739,53.5407279]]]}},
{"type":"Feature","properties":{"highway":"footway","name":null,"category":"Footpath (pedestrian only)"},"geometry":{"type":"MultiLineString","coordinates":[[[-2.649849,53.5411146],[-2.6499591,53.5411455],[-2.6500577,53.5411902],[-2.6501319,53.5412434],[-2.6501815,53.5413085],[-2.6501915,53.5413619],[-2.6501719,53.5414159]]]}},
{"type":"Feature","properties":{"highway":"footway","name":null,"category":"Footpath (pedestrian only)"},"geometry":{"type":"MultiLineString","coordinates":[[[-2.6514117,53.540017],[-2.6513325,53.5400578],[-2.6512801,53.5400847],[-2.6512591,53.5400863],[-2.6512337,53.5400883],[-2.6512261,53.5401144],[-2.6512172,53.5401448],[-2.6512064,53.5401815],[-2.6512045,53.5401882],[-2.6510915,53.5402245],[-2.6510941,53.5402405],[-2.6510995,53.540273],[-2.6511081,53.5403255],[-2.6511054,53.5403385],[-2.6509834,53.5403763],[-2.6508647,53.5404122],[-2.6507782,53.5404477],[-2.6507175,53.5405028],[-2.6506528,53.5405341],[-2.6505985,53.5405736],[-2.6505465,53.5406151],[-2.6505335,53.5406254],[-2.6504523,53.5407234],[-2.6504054,53.5408162],[-2.650396,53.5409238],[-2.6504238,53.5409678],[-2.650445,53.5410254],[-2.650457,53.5410629],[-2.6504333,53.5410711]]]}},
{"type":"Feature","properties":{"highway":"path","name":null,"category":"Shared path"},"geometry":{"type":"MultiLineString","coordinates":[[[-2.6507556,53.5405124],[-2.6507175,53.5405028],[-2.6506732,53.5404917]]]}},
{"type":"Feature","properties":{"highway":"footway","name":null,"category":"Footpath (pedestrian only)"},"geometry":{"type":"MultiLineString","coordinates":[[[-2.6369012,53.5352938],[-2.6368091,53.5352381]]]}},
{"type":"Feature","properties":{"highway":"footway","name":null,"category":"Footpath (pedestrian only)"},"geometry":{"type":"MultiLineString","coordinates":[[[-2.6422247,53.5450476],[-2.6420041,53.5447183]]]}},
{"type":"Feature","properties":{"highway":"footway","name":null,"category":"Footpath (pedestrian only)"},"geometry":{"type":"MultiLineString","coordinates":[[[-2.6318634,53.5406785],[-2.6318651,53.5407425],[-2.6318663,53.540785]]]}},
{"type":"Feature","properties":{"highway":"footway","name":null,"category":"Footpath (pedestrian only)"},"geometry":{"type":"MultiLineString","coordinates":[[[-2.6316225,53.5406245],[-2.631529,53.5407213]]]}},
{"type":"Feature","properties":{"highway":"track","name":null,"category":"Track"},"geometry":{"type":"MultiLineString","coordinates":[[[-2.6602344,53.5333587],[-2.6601678,53.533373],[-2.6600099,53.5334632],[-2.6598824,53.5335779],[-2.6598075,53.5337381]]]}},
{"type":"Feature","properties":{"highway":"footway","name":null,"category":"Footpath (pedestrian only)"},"geometry":{"type":"MultiLineString","coordinates":[[[-2.6415268,53.5355884],[-2.6423608,53.5360017],[-2.6432373,53.5353702]]]}},
{"type":"Feature","properties":{"highway":"footway","name":null,"category":"Footpath (pedestrian only)"},"geometry":{"type":"MultiLineString","coordinates":[[[-2.6372966,53.5357622],[-2.6372763,53.5357269],[-2.6372651,53.5356917],[-2.6372781,53.5356234],[-2.6373041,53.5355606],[-2.6373374,53.5354978],[-2.6373671,53.5354571],[-2.6375895,53.5353227],[-2.6377383,53.5354013]]]}},
{"type":"Feature","properties":{"highway":"footway","name":null,"category":"Footpath (pedestrian only)"},"geometry":{"type":"MultiLineString","coordinates":[[[-2.6378487,53.5353415],[-2.6377981,53.5353689],[-2.6377383,53.5354013],[-2.6375646,53.5355031],[-2.6375074,53.5355367]]]}},
{"type":"Feature","properties":{"highway":"path","name":null,"category":"Shared path"},"geometry":{"type":"MultiLineString","coordinates":[[[-2.6453381,53.5367532],[-2.6450004,53.5371129],[-2.6446549,53.5375292],[-2.6443747,53.5378608],[-2.6442299,53.5380731],[-2.6439964,53.5386005],[-2.6437388,53.5388448]]]}},
{"type":"Feature","properties":{"highway":"path","name":null,"category":"Shared path"},"geometry":{"type":"MultiLineString","coordinates":[[[-2.6458363,53.5398021],[-2.6459624,53.5398743],[-2.64597,53.5399041],[-2.6459566,53.5399339],[-2.6459111,53.5399631],[-2.6458702,53.5399735],[-2.6458177,53.5399714],[-2.6457569,53.5399465],[-2.6457347,53.5399201],[-2.6457289,53.5398937],[-2.6457616,53.5398354],[-2.6457921,53.5397859]]]}},
{"type":"Feature","properties":{"highway":"path","name":null,"category":"Shared path"},"geometry":{"type":"MultiLineString","coordinates":[[[-2.6440019,53.5388558],[-2.6443139,53.5389557],[-2.6447622,53.5391111],[-2.6451872,53.5393942],[-2.6455795,53.5396717],[-2.6457383,53.5397661],[-2.6457921,53.5397859],[-2.6458363,53.5398021],[-2.6460045,53.5398549],[-2.6463827,53.5398826],[-2.646539,53.5399177],[-2.6466477,53.5399562],[-2.6468801,53.5400686],[-2.6470132,53.5401463],[-2.6471661,53.5401858]]]}},
{"type":"Feature","properties":{"highway":"path","name":null,"category":"Shared path"},"geometry":{"type":"MultiLineString","coordinates":[[[-2.6473472,53.540422],[-2.6473168,53.5403542],[-2.6471661,53.5401858],[-2.6470832,53.540038],[-2.6469945,53.5398105],[-2.6469151,53.5396884],[-2.6468072,53.5392664]]]}},
{"type":"Feature","properties":{"highway":"path","name":null,"category":"Shared path"},"geometry":{"type":"MultiLineString","coordinates":[[[-2.6468072,53.5392664],[-2.6466267,53.5393313],[-2.6463755,53.5393933],[-2.6461094,53.5394489],[-2.6459348,53.5394742],[-2.6458305,53.5395097],[-2.6457523,53.5395579]]]}},
{"type":"Feature","properties":{"highway":"footway","name":null,"category":"Footpath (pedestrian only)"},"geometry":{"type":"MultiLineString","coordinates":[[[-2.6502943,53.5411119],[-2.650226,53.541058],[-2.6502122,53.5410585],[-2.6501434,53.5410612],[-2.6500841,53.5410636],[-2.6500749,53.5410638],[-2.6500112,53.5410093],[-2.6499897,53.5410104],[-2.6499449,53.5410127],[-2.6499031,53.5410146],[-2.6498945,53.5410153],[-2.6498447,53.5410274]]]}},
{"type":"Feature","properties":{"highway":"footway","name":null,"category":"Footpath (pedestrian only)"},"geometry":{"type":"MultiLineString","coordinates":[[[-2.651979,53.5420638],[-2.6518619,53.5420111],[-2.6510443,53.5415853],[-2.6509422,53.5415558],[-2.6508355,53.5415419],[-2.6507166,53.5415353],[-2.6506048,53.5415395],[-2.6504849,53.5415516]]]}},
{"type":"Feature","properties":{"highway":"footway","name":null,"category":"Footpath (pedestrian only)"},"geometry":{"type":"MultiLineString","coordinates":[[[-2.653512,53.5429304],[-2.65354,53.5429465],[-2.653596,53.5429788],[-2.6536459,53.5430353]]]}},
{"type":"Feature","properties":{"highway":"path","name":null,"category":"Shared path"},"geometry":{"type":"MultiLineString","coordinates":[[[-2.636653,53.5410362],[-2.6366267,53.5410142],[-2.6365694,53.5409665]]]}},
{"type":"Feature","properties":{"highway":"path","name":null,"category":"Shared path"},"geometry":{"type":"MultiLineString","coordinates":[[[-2.6367852,53.5409438],[-2.6366267,53.5410142]]]}},
{"type":"Feature","properties":{"highway":"path","name":null,"category":"Shared path"},"geometry":{"type":"MultiLineString","coordinates":[[[-2.6370551,53.5418322],[-2.636996,53.5419178],[-2.6369988,53.5419841]]]}},
{"type":"Feature","properties":{"highway":"footway","name":null,"category":"Footpath (pedestrian only)"},"geometry":{"type":"MultiLineString","coordinates":[[[-2.6572444,53.5465033],[-2.6571545,53.5464356]]]}},
{"type":"Feature","properties":{"highway":"footway","name":null,"category":"Footpath (pedestrian only)"},"geometry":{"type":"MultiLineString","coordinates":[[[-2.6567296,53.5467158],[-2.6566717,53.5466691]]]}},
{"type":"Feature","properties":{"highway":"footway","name":null,"category":"Footpath (pedestrian only)"},"geometry":{"type":"MultiLineString","coordinates":[[[-2.6560864,53.5469032],[-2.6561621,53.5469599],[-2.656264,53.5469845],[-2.6563217,53.5469894],[-2.6563772,53.5470183],[-2.6564384,53.5470507]]]}},
{"type":"Feature","properties":{"highway":"footway","name":null,"category":"Footpath (pedestrian only)"},"geometry":{"type":"MultiLineString","coordinates":[[[-2.6558372,53.5470059],[-2.6552635,53.5465798],[-2.6551239,53.5465634]]]}},
{"type":"Feature","properties":{"highway":"footway","name":null,"category":"Footpath (pedestrian only)"},"geometry":{"type":"MultiLineString","coordinates":[[[-2.6585465,53.5460156],[-2.6584178,53.5459933]]]}},
{"type":"Feature","properties":{"highway":"footway","name":null,"category":"Footpath (pedestrian only)"},"geometry":{"type":"MultiLineString","coordinates":[[[-2.6554558,53.5471876],[-2.6556573,53.5470941],[-2.6558372,53.5470059],[-2.6558724,53.5469886]]]}},
{"type":"Feature","properties":{"highway":"footway","name":null,"category":"Footpath (pedestrian only)"},"geometry":{"type":"MultiLineString","coordinates":[[[-2.6459489,53.542153],[-2.6459082,53.5421962],[-2.6458355,53.5422197],[-2.6457222,53.5422565],[-2.6456924,53.5422241],[-2.6455782,53.5422612],[-2.6454938,53.5422886]]]}},
{"type":"Feature","properties":{"highway":"path","name":null,"category":"Shared path"},"geometry":{"type":"MultiLineString","coordinates":[[[-2.6474498,53.5417415],[-2.6474696,53.5416642],[-2.6475122,53.5416145],[-2.6475596,53.5415763],[-2.6480432,53.5413346],[-2.648107,53.5413758]]]}},
{"type":"Feature","properties":{"highway":"footway","name":null,"category":"Footpath (pedestrian only)"},"geometry":{"type":"MultiLineString","coordinates":[[[-2.6488261,53.5421108],[-2.6487519,53.5421204],[-2.6486964,53.5421348],[-2.6486452,53.5421551],[-2.6485695,53.5422081]]]}},
{"type":"Feature","properties":{"highway":"footway","name":null,"category":"Footpath (pedestrian only)"},"geometry":{"type":"MultiLineString","coordinates":[[[-2.6485695,53.5422081],[-2.6485289,53.5421902],[-2.6484798,53.5421685]]]}},
{"type":"Feature","properties":{"highway":"footway","name":null,"category":"Footpath (pedestrian only)"},"geometry":{"type":"MultiLineString","coordinates":[[[-2.6482772,53.5421539],[-2.6482276,53.5421124],[-2.6481446,53.5420637]]]}},
{"type":"Feature","properties":{"highway":"footway","name":null,"category":"Footpath (pedestrian only)"},"geometry":{"type":"MultiLineString","coordinates":[[[-2.6484798,53.5421685],[-2.6484146,53.5421243]]]}},
{"type":"Feature","properties":{"highway":"footway","name":null,"category":"Footpath (pedestrian only)"},"geometry":{"type":"MultiLineString","coordinates":[[[-2.6484146,53.5421243],[-2.6484393,53.5420334],[-2.6484642,53.5419448]]]}},
{"type":"Feature","properties":{"highway":"footway","name":null,"category":"Footpath (pedestrian only)"},"geometry":{"type":"MultiLineString","coordinates":[[[-2.6494301,53.5419963],[-2.6494549,53.5419577],[-2.6494907,53.5419054],[-2.6496029,53.5419033],[-2.6496635,53.5419044]]]}},
{"type":"Feature","properties":{"highway":"footway","name":null,"category":"Footpath (pedestrian only)"},"geometry":{"type":"MultiLineString","coordinates":[[[-2.6487528,53.5419495],[-2.6486814,53.5419607],[-2.648606,53.5419629],[-2.6485389,53.5419573],[-2.6484642,53.5419448],[-2.6484183,53.5419336],[-2.6483711,53.5419199],[-2.6483009,53.541893],[-2.6482384,53.5418562],[-2.6481951,53.541823],[-2.6481566,53.5417803],[-2.6481338,53.5417408],[-2.6481245,53.5417022],[-2.6481286,53.5416626],[-2.6481432,53.5416269],[-2.6481712,53.5415908],[-2.6482115,53.5415537],[-2.6482583,53.541522],[-2.6483037,53.5414976],[-2.6483576,53.5414731],[-2.6485522,53.5414041]]]}},
{"type":"Feature","properties":{"highway":"footway","name":null,"category":"Footpath (pedestrian only)"},"geometry":{"type":"MultiLineString","coordinates":[[[-2.6492744,53.5412171],[-2.6493079,53.541196],[-2.6494793,53.5411479],[-2.6495651,53.5411279],[-2.6496421,53.5411148],[-2.6497182,53.5411079],[-2.6497801,53.5411069],[-2.649849,53.5411146]]]}},
{"type":"Feature","properties":{"highway":"footway","name":null,"category":"Footpath (pedestrian only)"},"geometry":{"type":"MultiLineString","coordinates":[[[-2.6491189,53.5412564],[-2.6491898,53.5412385],[-2.6492744,53.5412171]]]}},
{"type":"Feature","properties":{"highway":"footway","name":null,"category":"Footpath (pedestrian only)"},"geometry":{"type":"MultiLineString","coordinates":[[[-2.6501719,53.5414159],[-2.6501627,53.5414419],[-2.6501419,53.5414685],[-2.6501034,53.5414996],[-2.6500564,53.5415248],[-2.6499763,53.5415541],[-2.649907,53.5415745],[-2.6498282,53.5415908],[-2.6497601,53.5415987],[-2.6496982,53.5416013],[-2.6496389,53.5415981]]]}},
{"type":"Feature","properties":{"highway":"footway","name":null,"category":"Footpath (pedestrian only)"},"geometry":{"type":"MultiLineString","coordinates":[[[-2.6496389,53.5415981],[-2.6496327,53.5416405],[-2.6496265,53.5416823]]]}},
{"type":"Feature","properties":{"highway":"footway","name":null,"category":"Footpath (pedestrian only)"},"geometry":{"type":"MultiLineString","coordinates":[[[-2.6496265,53.5416823],[-2.6491495,53.5418601],[-2.6490792,53.541883],[-2.6489958,53.5419046]]]}},
{"type":"Feature","properties":{"highway":"footway","name":null,"category":"Footpath (pedestrian only)"},"geometry":{"type":"MultiLineString","coordinates":[[[-2.6489958,53.5419046],[-2.6487528,53.5419495]]]}},
{"type":"Feature","properties":{"highway":"footway","name":null,"category":"Footpath (pedestrian only)"},"geometry":{"type":"MultiLineString","coordinates":[[[-2.6487038,53.5413641],[-2.6491189,53.5412564]]]}},
{"type":"Feature","properties":{"highway":"footway","name":null,"category":"Footpath (pedestrian only)"},"geometry":{"type":"MultiLineString","coordinates":[[[-2.6485522,53.5414041],[-2.6487038,53.5413641]]]}},
{"type":"Feature","properties":{"highway":"path","name":null,"category":"Shared path"},"geometry":{"type":"MultiLineString","coordinates":[[[-2.6421923,53.5309598],[-2.642095,53.5310573]]]}},
{"type":"Feature","properties":{"highway":"path","name":null,"category":"Shared path"},"geometry":{"type":"MultiLineString","coordinates":[[[-2.6521078,53.5422437],[-2.652126,53.5422315],[-2.652035,53.5421833],[-2.6521048,53.5421367]]]}},
{"type":"Feature","properties":{"highway":"path","name":null,"category":"Shared path"},"geometry":{"type":"MultiLineString","coordinates":[[[-2.6539573,53.5346748],[-2.6538672,53.5346373]]]}},
{"type":"Feature","properties":{"highway":"footway","name":null,"category":"Footpath (pedestrian only)"},"geometry":{"type":"MultiLineString","coordinates":[[[-2.6544107,53.5350229],[-2.6542764,53.5354613],[-2.6541459,53.5358107],[-2.654091,53.5359407],[-2.6540895,53.535969],[-2.6540995,53.5359956],[-2.654195,53.5360707],[-2.654222,53.5360684],[-2.6544796,53.5359621],[-2.6545318,53.5358935],[-2.6545143,53.5358389]]]}},
{"type":"Feature","properties":{"highway":"footway","name":null,"category":"Footpath (pedestrian only)"},"geometry":{"type":"MultiLineString","coordinates":[[[-2.654195,53.5360707],[-2.6541862,53.5361031],[-2.6541772,53.5361364]]]}},
{"type":"Feature","properties":{"highway":"footway","name":null,"category":"Footpath (pedestrian only)"},"geometry":{"type":"MultiLineString","coordinates":[[[-2.6548868,53.5310409],[-2.6548351,53.5310687],[-2.6547332,53.5311436],[-2.654651,53.5312236],[-2.6545921,53.5312137]]]}},
{"type":"Feature","properties":{"highway":"footway","name":null,"category":"Footpath (pedestrian only)"},"geometry":{"type":"MultiLineString","coordinates":[[[-2.6550357,53.5309014],[-2.6550329,53.5309573],[-2.6550427,53.5310054],[-2.6550626,53.5310927],[-2.655163,53.5313767],[-2.6551981,53.5315141],[-2.6552147,53.5316063],[-2.6552269,53.5317199],[-2.6552247,53.531826],[-2.6552037,53.531987],[-2.6551806,53.5321199],[-2.6550778,53.5326407],[-2.6550275,53.5329113],[-2.6549796,53.5331687],[-2.6549177,53.533419],[-2.6548447,53.5336748],[-2.6546823,53.5341351],[-2.654666,53.5341856],[-2.6544818,53.5347754]]]}},
{"type":"Feature","properties":{"highway":"footway","name":null,"category":"Footpath (pedestrian only)"},"geometry":{"type":"MultiLineString","coordinates":[[[-2.6548419,53.5329004],[-2.6549174,53.5329048],[-2.6550275,53.5329113]]]}},
{"type":"Feature","properties":{"highway":"footway","name":null,"category":"Footpath (pedestrian only)"},"geometry":{"type":"MultiLineString","coordinates":[[[-2.6547476,53.5333225],[-2.6548419,53.5329004],[-2.6548925,53.5326129],[-2.6549572,53.532444],[-2.6549676,53.5324173],[-2.6550265,53.5321394],[-2.6550575,53.5318561],[-2.6550597,53.5318212],[-2.6550621,53.5317833],[-2.6550609,53.5316939],[-2.6550503,53.5315692],[-2.655038,53.5315045],[-2.6549854,53.5313194],[-2.6548868,53.5310409],[-2.6548458,53.5309145]]]}},
{"type":"Feature","properties":{"highway":"footway","name":null,"category":"Footpath (pedestrian only)"},"geometry":{"type":"MultiLineString","coordinates":[[[-2.6542488,53.5350055],[-2.6543355,53.5347164],[-2.6544295,53.5343625],[-2.6544325,53.5343355],[-2.6544284,53.5343105],[-2.6544109,53.5342841]]]}},
{"type":"Feature","properties":{"highway":"footway","name":null,"category":"Footpath (pedestrian only)"},"geometry":{"type":"MultiLineString","coordinates":[[[-2.6544109,53.5342841],[-2.6544273,53.5342134],[-2.654442,53.5341507]]]}},
{"type":"Feature","properties":{"highway":"footway","name":null,"category":"Footpath (pedestrian only)"},"geometry":{"type":"MultiLineString","coordinates":[[[-2.654442,53.5341507],[-2.6544688,53.5341397],[-2.654491,53.5341242],[-2.6545064,53.5341019],[-2.6546494,53.5336651]]]}},
{"type":"Feature","properties":{"highway":"footway","name":null,"category":"Footpath (pedestrian only)"},"geometry":{"type":"MultiLineString","coordinates":[[[-2.6546494,53.5336651],[-2.6546787,53.5335635]]]}},
{"type":"Feature","properties":{"highway":"footway","name":null,"category":"Footpath (pedestrian only)"},"geometry":{"type":"MultiLineString","coordinates":[[[-2.6546787,53.5335635],[-2.6547095,53.5334541]]]}},
{"type":"Feature","properties":{"highway":"footway","name":null,"category":"Footpath (pedestrian only)"},"geometry":{"type":"MultiLineString","coordinates":[[[-2.6547095,53.5334541],[-2.6547305,53.5333816],[-2.6547476,53.5333225]]]}},
{"type":"Feature","properties":{"highway":"footway","name":null,"category":"Footpath (pedestrian only)"},"geometry":{"type":"MultiLineString","coordinates":[[[-2.6536419,53.5336987],[-2.65359,53.5336936]]]}},
{"type":"Feature","properties":{"highway":"footway","name":null,"category":"Footpath (pedestrian only)"},"geometry":{"type":"MultiLineString","coordinates":[[[-2.653678,53.5335439],[-2.6536314,53.5335388]]]}},
{"type":"Feature","properties":{"highway":"footway","name":null,"category":"Footpath (pedestrian only)"},"geometry":{"type":"MultiLineString","coordinates":[[[-2.6523364,53.5342556],[-2.6529173,53.5343935]]]}},
{"type":"Feature","properties":{"highway":"footway","name":null,"category":"Footpath (pedestrian only)"},"geometry":{"type":"MultiLineString","coordinates":[[[-2.6522499,53.5341357],[-2.6524845,53.533793]]]}},
{"type":"Feature","properties":{"highway":"footway","name":null,"category":"Footpath (pedestrian only)"},"geometry":{"type":"MultiLineString","coordinates":[[[-2.6527771,53.5354175],[-2.6527815,53.5354458]]]}},
{"type":"Feature","properties":{"highway":"footway","name":null,"category":"Footpath (pedestrian only)"},"geometry":{"type":"MultiLineString","coordinates":[[[-2.6518478,53.5349749],[-2.6518356,53.5348837],[-2.6518302,53.5348444],[-2.6518048,53.5346916]]]}},
{"type":"Feature","properties":{"highway":"footway","name":null,"category":"Footpath (pedestrian only)"},"geometry":{"type":"MultiLineString","coordinates":[[[-2.6502467,53.5352451],[-2.649828,53.5352692]]]}},
{"type":"Feature","properties":{"highway":"footway","name":null,"category":"Footpath (pedestrian only)"},"geometry":{"type":"MultiLineString","coordinates":[[[-2.6506297,53.5351609],[-2.6505985,53.5349725]]]}},
{"type":"Feature","properties":{"highway":"footway","name":null,"category":"Footpath (pedestrian only)"},"geometry":{"type":"MultiLineString","coordinates":[[[-2.6491139,53.5353707],[-2.6490636,53.5350851]]]}},
{"type":"Feature","properties":{"highway":"footway","name":null,"category":"Footpath (pedestrian only)"},"geometry":{"type":"MultiLineString","coordinates":[[[-2.6489369,53.5351312],[-2.6489295,53.5350943]]]}},
{"type":"Feature","properties":{"highway":"footway","name":null,"category":"Footpath (pedestrian only)"},"geometry":{"type":"MultiLineString","coordinates":[[[-2.6498089,53.5358014],[-2.6497838,53.5356591],[-2.6492264,53.535688]]]}},
{"type":"Feature","properties":{"highway":"footway","name":null,"category":"Footpath (pedestrian only)"},"geometry":{"type":"MultiLineString","coordinates":[[[-2.6497838,53.5356591],[-2.6497783,53.5356352],[-2.6498209,53.5356318],[-2.6499433,53.535577]]]}},
{"type":"Feature","properties":{"highway":"footway","name":null,"category":"Footpath (pedestrian only)"},"geometry":{"type":"MultiLineString","coordinates":[[[-2.6485159,53.5347645],[-2.6484994,53.5346812],[-2.6484782,53.5345569],[-2.6484708,53.5345138],[-2.6484367,53.5343136],[-2.6484102,53.5341584],[-2.6483946,53.5340668],[-2.6483605,53.5338667]]]}},
{"type":"Feature","properties":{"highway":"footway","name":null,"category":"Footpath (pedestrian only)"},"geometry":{"type":"MultiLineString","coordinates":[[[-2.6472967,53.5346492],[-2.6473359,53.5346473],[-2.6474046,53.5346438],[-2.6474897,53.5346388]]]}},
{"type":"Feature","properties":{"highway":"footway","name":null,"category":"Footpath (pedestrian only)"},"geometry":{"type":"MultiLineString","coordinates":[[[-2.6484708,53.5345138],[-2.6488174,53.5344927]]]}},
{"type":"Feature","properties":{"highway":"footway","name":null,"category":"Footpath (pedestrian only)"},"geometry":{"type":"MultiLineString","coordinates":[[[-2.6484782,53.5345569],[-2.6483737,53.534563],[-2.6480359,53.5345828],[-2.6476763,53.5346039],[-2.6476513,53.534477],[-2.6476295,53.5343657],[-2.6476209,53.5343222],[-2.6476454,53.5343027],[-2.6476249,53.5341958],[-2.6476161,53.5341499],[-2.6472889,53.5341742]]]}},
{"type":"Feature","properties":{"highway":"footway","name":null,"category":"Footpath (pedestrian only)"},"geometry":{"type":"MultiLineString","coordinates":[[[-2.6476249,53.5341958],[-2.6478152,53.5341826],[-2.6478205,53.5342026],[-2.6480497,53.5341833],[-2.6484102,53.5341584]]]}},
{"type":"Feature","properties":{"highway":"footway","name":null,"category":"Footpath (pedestrian only)"},"geometry":{"type":"MultiLineString","coordinates":[[[-2.6480392,53.5341347],[-2.6480497,53.5341833]]]}},
{"type":"Feature","properties":{"highway":"footway","name":null,"category":"Footpath (pedestrian only)"},"geometry":{"type":"MultiLineString","coordinates":[[[-2.6484367,53.5343136],[-2.6483302,53.5343204],[-2.6481486,53.5343339],[-2.6480806,53.5343382],[-2.6479977,53.5343431],[-2.6477806,53.5343574],[-2.6477139,53.5343617],[-2.6476295,53.5343657]]]}},
{"type":"Feature","properties":{"highway":"footway","name":null,"category":"Footpath (pedestrian only)"},"geometry":{"type":"MultiLineString","coordinates":[[[-2.6479977,53.5343431],[-2.6480359,53.5345828]]]}},
{"type":"Feature","properties":{"highway":"footway","name":null,"category":"Footpath (pedestrian only)"},"geometry":{"type":"MultiLineString","coordinates":[[[-2.6476763,53.5346039],[-2.6476287,53.5346138],[-2.6476306,53.5346322]]]}},
{"type":"Feature","properties":{"highway":"footway","name":null,"category":"Footpath (pedestrian only)"},"geometry":{"type":"MultiLineString","coordinates":[[[-2.6476513,53.534477],[-2.6473231,53.534496]]]}},
{"type":"Feature","properties":{"highway":"footway","name":null,"category":"Footpath (pedestrian only)"},"geometry":{"type":"MultiLineString","coordinates":[[[-2.6487449,53.5340489],[-2.6485371,53.534058],[-2.648471,53.5340617],[-2.6483946,53.5340668]]]}},
{"type":"Feature","properties":{"highway":"footway","name":null,"category":"Footpath (pedestrian only)"},"geometry":{"type":"MultiLineString","coordinates":[[[-2.6483737,53.534563],[-2.6483302,53.5343204]]]}},
{"type":"Feature","properties":{"highway":"footway","name":null,"category":"Footpath (pedestrian only)"},"geometry":{"type":"MultiLineString","coordinates":[[[-2.6487364,53.5339964],[-2.6488894,53.5339876],[-2.6489539,53.5339853],[-2.6492116,53.5339725]]]}},
{"type":"Feature","properties":{"highway":"footway","name":null,"category":"Footpath (pedestrian only)"},"geometry":{"type":"MultiLineString","coordinates":[[[-2.6480013,53.5333985],[-2.6474808,53.5335588],[-2.6472289,53.5336405],[-2.6466547,53.5338275]]]}},
{"type":"Feature","properties":{"highway":"footway","name":null,"category":"Footpath (pedestrian only)"},"geometry":{"type":"MultiLineString","coordinates":[[[-2.646874,53.5338602],[-2.6472289,53.5336405]]]}},
{"type":"Feature","properties":{"highway":"footway","name":null,"category":"Footpath (pedestrian only)"},"geometry":{"type":"MultiLineString","coordinates":[[[-2.647461,53.5335433],[-2.6474808,53.5335588]]]}},
{"type":"Feature","properties":{"highway":"footway","name":null,"category":"Footpath (pedestrian only)"},"geometry":{"type":"MultiLineString","coordinates":[[[-2.6536829,53.5345542],[-2.6539495,53.5345416]]]}},
{"type":"Feature","properties":{"highway":"footway","name":null,"category":"Footpath (pedestrian only)"},"geometry":{"type":"MultiLineString","coordinates":[[[-2.6515059,53.5354969],[-2.651465,53.5354993]]]}},
{"type":"Feature","properties":{"highway":"footway","name":null,"category":"Footpath (pedestrian only)"},"geometry":{"type":"MultiLineString","coordinates":[[[-2.6493684,53.5333187],[-2.649148,53.5333282],[-2.6491032,53.5333739]]]}},
{"type":"Feature","properties":{"highway":"footway","name":null,"category":"Footpath (pedestrian only)"},"geometry":{"type":"MultiLineString","coordinates":[[[-2.6463068,53.5325241],[-2.6460425,53.5323623]]]}},
{"type":"Feature","properties":{"highway":"footway","name":null,"category":"Footpath (pedestrian only)"},"geometry":{"type":"MultiLineString","coordinates":[[[-2.6460435,53.5323526],[-2.6463979,53.5323082]]]}},
{"type":"Feature","properties":{"highway":"footway","name":null,"category":"Footpath (pedestrian only)"},"geometry":{"type":"MultiLineString","coordinates":[[[-2.642912,53.5351738],[-2.6430117,53.5351196],[-2.6435313,53.5349167]]]}},
{"type":"Feature","properties":{"highway":"path","name":null,"category":"Shared path"},"geometry":{"type":"MultiLineString","coordinates":[[[-2.6446832,53.5425777],[-2.6446623,53.542464],[-2.6446599,53.5424503],[-2.6446423,53.542394],[-2.6446029,53.5422933],[-2.6445621,53.5421953],[-2.64452,53.5421487],[-2.6444633,53.5421147],[-2.6443161,53.5420569],[-2.6442172,53.5420383],[-2.6441168,53.5420285],[-2.6440237,53.5420263],[-2.6438646,53.5420331],[-2.6436198,53.542054],[-2.6435387,53.5420529],[-2.6432539,53.5420183],[-2.6429949,53.5419878]]]}},
{"type":"Feature","properties":{"highway":"footway","name":null,"category":"Footpath (pedestrian only)"},"geometry":{"type":"MultiLineString","coordinates":[[[-2.6356142,53.5434355],[-2.6355376,53.5434252],[-2.6354395,53.5433339],[-2.6354198,53.5433095]]]}},
{"type":"Feature","properties":{"highway":"footway","name":null,"category":"Footpath (pedestrian only)"},"geometry":{"type":"MultiLineString","coordinates":[[[-2.643833,53.5297808],[-2.6437652,53.5297615],[-2.643699,53.5297426]]]}},
{"type":"Feature","properties":{"highway":"footway","name":null,"category":"Footpath (pedestrian only)"},"geometry":{"type":"MultiLineString","coordinates":[[[-2.6390918,53.5343487],[-2.639038,53.5343181],[-2.6389865,53.5342888]]]}},
{"type":"Feature","properties":{"highway":"footway","name":null,"category":"Footpath (pedestrian only)"},"geometry":{"type":"MultiLineString","coordinates":[[[-2.6372006,53.5357617],[-2.6371913,53.5357298],[-2.6371854,53.5356971],[-2.6371838,53.5356455],[-2.6371917,53.5356059],[-2.6372097,53.5355606],[-2.6372329,53.5355197],[-2.6372603,53.5354813],[-2.6372879,53.5354455],[-2.6373193,53.5354182],[-2.63752,53.5352949],[-2.6375389,53.535287],[-2.6375625,53.5352812],[-2.6375803,53.5352788],[-2.6375994,53.535278],[-2.6376186,53.5352786],[-2.6376384,53.5352818],[-2.6376567,53.5352882],[-2.6377981,53.5353689],[-2.637917,53.5354367],[-2.6379208,53.5354419],[-2.6379208,53.5354501],[-2.637917,53.5354555],[-2.6376531,53.5356194],[-2.6372961,53.5358397],[-2.6372776,53.535842],[-2.6372592,53.5358402],[-2.6372439,53.535833],[-2.6372227,53.5358129],[-2.6372006,53.5357617]]]}},
{"type":"Feature","properties":{"highway":"path","name":null,"category":"Shared path"},"geometry":{"type":"MultiLineString","coordinates":[[[-2.6376756,53.5341496],[-2.6377083,53.5341402],[-2.6378322,53.5340571],[-2.6378583,53.5340035]]]}},
{"type":"Feature","properties":{"highway":"path","name":null,"category":"Shared path"},"geometry":{"type":"MultiLineString","coordinates":[[[-2.6394184,53.532074],[-2.6391048,53.5321342],[-2.6391028,53.5321541],[-2.6387958,53.5321934],[-2.638745,53.5322284]]]}},
{"type":"Feature","properties":{"highway":"path","name":null,"category":"Shared path"},"geometry":{"type":"MultiLineString","coordinates":[[[-2.6436109,53.5325499],[-2.6436557,53.532306],[-2.6434661,53.5319137]]]}},
{"type":"Feature","properties":{"highway":"footway","name":null,"category":"Footpath (pedestrian only)"},"geometry":{"type":"MultiLineString","coordinates":[[[-2.6500131,53.540517],[-2.6497248,53.5406963],[-2.6496739,53.5407279],[-2.6496267,53.5407401]]]}},
{"type":"Feature","properties":{"highway":"footway","name":null,"category":"Footpath (pedestrian only)"},"geometry":{"type":"MultiLineString","coordinates":[[[-2.6496267,53.5407401],[-2.6495705,53.5407662],[-2.6495092,53.5407946]]]}},
{"type":"Feature","properties":{"highway":"footway","name":null,"category":"Footpath (pedestrian only)"},"geometry":{"type":"MultiLineString","coordinates":[[[-2.6496897,53.5406298],[-2.6496811,53.5406249],[-2.6496607,53.5406133],[-2.6496426,53.540603],[-2.6496313,53.5405966]]]}},
{"type":"Feature","properties":{"highway":"footway","name":null,"category":"Footpath (pedestrian only)"},"geometry":{"type":"MultiLineString","coordinates":[[[-2.6497248,53.5406963],[-2.649716,53.5406666],[-2.6496973,53.5406353],[-2.6496897,53.5406298]]]}},
{"type":"Feature","properties":{"highway":"footway","name":null,"category":"Footpath (pedestrian only)"},"geometry":{"type":"MultiLineString","coordinates":[[[-2.6496313,53.5405966],[-2.6495928,53.5405849],[-2.6495484,53.5405714]]]}},
{"type":"Feature","properties":{"highway":"footway","name":null,"category":"Footpath (pedestrian only)"},"geometry":{"type":"MultiLineString","coordinates":[[[-2.6528877,53.5385556],[-2.6525431,53.5387389],[-2.65223,53.538894],[-2.6521301,53.5389482],[-2.6519081,53.5390781],[-2.6518417,53.5391091],[-2.6517452,53.539149],[-2.6516298,53.5392299],[-2.6515681,53.5392861],[-2.6514944,53.5393737],[-2.6514447,53.5394395],[-2.6514533,53.5394914]]]}},
{"type":"Feature","properties":{"highway":"footway","name":null,"category":"Footpath (pedestrian only)"},"geometry":{"type":"MultiLineString","coordinates":[[[-2.6504243,53.5415603],[-2.6503803,53.5415776],[-2.6502871,53.5416014],[-2.6502308,53.5416183],[-2.6501855,53.5416391],[-2.6500864,53.5417081],[-2.6498849,53.5417831],[-2.6497008,53.5418522],[-2.64968,53.5418664],[-2.6496661,53.5418856],[-2.6496635,53.5419044],[-2.6496638,53.5419259],[-2.6496753,53.5419502],[-2.6496977,53.5419671]]]}},
{"type":"Feature","properties":{"highway":"path","name":null,"category":"Shared path"},"geometry":{"type":"MultiLineString","coordinates":[[[-2.6504243,53.5415603],[-2.6504502,53.5416184],[-2.6504886,53.5416684]]]}},
{"type":"Feature","properties":{"highway":"footway","name":null,"category":"Footpath (pedestrian only)"},"geometry":{"type":"MultiLineString","coordinates":[[[-2.6534822,53.542954],[-2.6534474,53.542968],[-2.653408,53.542982],[-2.6533773,53.5429914],[-2.6533477,53.5429967],[-2.6533255,53.5429973],[-2.6532796,53.5429994],[-2.653223,53.5429969],[-2.6531663,53.5429846],[-2.6531222,53.5429676]]]}},
{"type":"Feature","properties":{"highway":"footway","name":null,"category":"Footpath (pedestrian only)"},"geometry":{"type":"MultiLineString","coordinates":[[[-2.6533477,53.5429967],[-2.6534456,53.5435083],[-2.6534511,53.543544],[-2.6534548,53.5435644],[-2.6535107,53.5438771],[-2.6535181,53.5439078],[-2.6535277,53.5439435],[-2.6536501,53.5443983],[-2.6537885,53.545009],[-2.6538006,53.5450701],[-2.6538075,53.5450943],[-2.6538244,53.5451772],[-2.6540109,53.5460918],[-2.6540319,53.5461386],[-2.6541609,53.5461496],[-2.6542576,53.5461283]]]}},
{"type":"Feature","properties":{"highway":"footway","name":null,"category":"Footpath (pedestrian only)"},"geometry":{"type":"MultiLineString","coordinates":[[[-2.6538244,53.5451772],[-2.6543467,53.545695],[-2.6544942,53.5458645],[-2.6546265,53.5460165],[-2.6546755,53.5460752],[-2.6549314,53.5462928]]]}},
{"type":"Feature","properties":{"highway":"path","name":null,"category":"Shared path"},"geometry":{"type":"MultiLineString","coordinates":[[[-2.6453426,53.5405555],[-2.6452325,53.5407331]]]}},
{"type":"Feature","properties":{"highway":"footway","name":null,"category":"Footpath (pedestrian only)"},"geometry":{"type":"MultiLineString","coordinates":[[[-2.6443477,53.5294537],[-2.6441708,53.5294121],[-2.6441579,53.5294116],[-2.6441473,53.5294139],[-2.6441397,53.5294201],[-2.6440529,53.5295774],[-2.6439514,53.5296996],[-2.6438497,53.5297605],[-2.643833,53.5297808],[-2.6437048,53.5299358]]]}},
{"type":"Feature","properties":{"highway":"footway","name":null,"category":"Footpath (pedestrian only)"},"geometry":{"type":"MultiLineString","coordinates":[[[-2.6437048,53.5299358],[-2.6436764,53.5299727],[-2.6436523,53.530004]]]}},
{"type":"Feature","properties":{"highway":"footway","name":null,"category":"Footpath (pedestrian only)"},"geometry":{"type":"MultiLineString","coordinates":[[[-2.6436523,53.530004],[-2.6434584,53.5302308],[-2.6433948,53.5303218],[-2.6433241,53.530423]]]}},
{"type":"Feature","properties":{"highway":"footway","name":null,"category":"Footpath (pedestrian only)"},"geometry":{"type":"MultiLineString","coordinates":[[[-2.6431492,53.5304401],[-2.6432729,53.5302634],[-2.6433883,53.5301223],[-2.6434395,53.5300649],[-2.6434448,53.5300536],[-2.6434448,53.5300434],[-2.6434412,53.5300334],[-2.6434359,53.530027],[-2.6434271,53.5300205],[-2.6434142,53.5300147]]]}},
{"type":"Feature","properties":{"highway":"footway","name":null,"category":"Footpath (pedestrian only)"},"geometry":{"type":"MultiLineString","coordinates":[[[-2.6434359,53.530027],[-2.643465,53.5299891],[-2.6434974,53.5299468]]]}},
{"type":"Feature","properties":{"highway":"footway","name":null,"category":"Footpath (pedestrian only)"},"geometry":{"type":"MultiLineString","coordinates":[[[-2.6437538,53.5296739],[-2.6437719,53.5296663],[-2.6437975,53.5296362],[-2.6438262,53.5296027]]]}},
{"type":"Feature","properties":{"highway":"footway","name":null,"category":"Footpath (pedestrian only)"},"geometry":{"type":"MultiLineString","coordinates":[[[-2.6434311,53.5299463],[-2.6434469,53.5299487],[-2.6434623,53.5299501],[-2.643476,53.5299499],[-2.6434871,53.5299489],[-2.6434974,53.5299468],[-2.6435099,53.5299433],[-2.643522,53.5299383],[-2.6435327,53.5299333],[-2.6435421,53.5299269],[-2.6435511,53.5299188],[-2.643699,53.5297426],[-2.6437538,53.5296739],[-2.6437519,53.5296678],[-2.6437431,53.5296614],[-2.6437262,53.5296588]]]}},
{"type":"Feature","properties":{"highway":"footway","name":null,"category":"Footpath (pedestrian only)"},"geometry":{"type":"MultiLineString","coordinates":[[[-2.6377383,53.5354013],[-2.637823,53.5354461],[-2.637589,53.535583],[-2.6372966,53.5357622]]]}},
{"type":"Feature","properties":{"highway":"footway","name":null,"category":"Footpath (pedestrian only)"},"geometry":{"type":"MultiLineString","coordinates":[[[-2.6376941,53.5356426],[-2.6376531,53.5356194],[-2.637589,53.535583],[-2.6375718,53.5355732],[-2.6375074,53.5355367],[-2.6374532,53.5355059],[-2.6373671,53.5354571]]]}},
{"type":"Feature","properties":{"highway":"path","name":null,"category":"Shared path"},"geometry":{"type":"MultiLineString","coordinates":[[[-2.6457921,53.5397859],[-2.6458317,53.5397577],[-2.6458877,53.5396856],[-2.6459064,53.5396301],[-2.6458784,53.5395801],[-2.6457523,53.5395579],[-2.6456635,53.5395746],[-2.6455935,53.5396301],[-2.6455795,53.5396717]]]}},
{"type":"Feature","properties":{"highway":"footway","name":null,"category":"Footpath (pedestrian only)"},"geometry":{"type":"MultiLineString","coordinates":[[[-2.6435028,53.5422695],[-2.643628,53.5423387],[-2.6441604,53.5423999],[-2.644282,53.5423055]]]}},
{"type":"Feature","properties":{"highway":"footway","name":null,"category":"Footpath (pedestrian only)"},"geometry":{"type":"MultiLineString","coordinates":[[[-2.658046,53.5361342],[-2.6578633,53.5360082]]]}},
{"type":"Feature","properties":{"highway":"footway","name":null,"category":"Footpath (pedestrian only)"},"geometry":{"type":"MultiLineString","coordinates":[[[-2.645903,53.5295093],[-2.6459012,53.5294652],[-2.6459006,53.5294172],[-2.6459099,53.5293564],[-2.6459656,53.5292036],[-2.6460016,53.5291353]]]}},
{"type":"Feature","properties":{"highway":"footway","name":null,"category":"Footpath (pedestrian only)"},"geometry":{"type":"MultiLineString","coordinates":[[[-2.6544482,53.5278163],[-2.6532392,53.5277765],[-2.6532087,53.5277837],[-2.6531701,53.5277958],[-2.6531539,53.5278127],[-2.6531459,53.5281471]]]}},
{"type":"Feature","properties":{"highway":"footway","name":null,"category":"Footpath (pedestrian only)"},"geometry":{"type":"MultiLineString","coordinates":[[[-2.6531701,53.5277958],[-2.6531447,53.527785],[-2.6531351,53.5277647],[-2.6531396,53.5277475],[-2.6531616,53.5276844]]]}},
{"type":"Feature","properties":{"highway":"footway","name":null,"category":"Footpath (pedestrian only)"},"geometry":{"type":"MultiLineString","coordinates":[[[-2.630283,53.5382726],[-2.6301976,53.5382942],[-2.6300186,53.5381774],[-2.629949,53.5381412],[-2.6298857,53.5381264],[-2.6297975,53.5381263],[-2.6296997,53.5381471],[-2.6294252,53.5382273],[-2.6274672,53.5388123]]]}},
{"type":"Feature","properties":{"highway":"path","name":null,"category":"Shared path"},"geometry":{"type":"MultiLineString","coordinates":[[[-2.6598075,53.5337381],[-2.6597315,53.5338684],[-2.6597113,53.5339422],[-2.6596899,53.5339699],[-2.65967,53.5339775]]]}},
{"type":"Feature","properties":{"highway":"footway","name":null,"category":"Footpath (pedestrian only)"},"geometry":{"type":"MultiLineString","coordinates":[[[-2.6572933,53.534484],[-2.6574935,53.5346118],[-2.6575616,53.5346561],[-2.6578515,53.534831],[-2.6579771,53.5347856],[-2.6581182,53.5347569],[-2.6582357,53.5347345],[-2.6583316,53.5347194],[-2.6583859,53.5346972],[-2.6584101,53.5346781],[-2.6584047,53.5346494],[-2.6583374,53.5345891],[-2.658166,53.534498],[-2.6580023,53.5344486],[-2.6578093,53.5344223],[-2.6576108,53.5344071],[-2.6574659,53.5344055],[-2.6572933,53.534484],[-2.656959,53.5346319],[-2.6566532,53.534773],[-2.6563997,53.5348885],[-2.6563528,53.5349184],[-2.6563226,53.5349778],[-2.6563133,53.5350162],[-2.6564439,53.5351213],[-2.6565825,53.5352378],[-2.657486,53.5358522]]]}},
{"type":"Feature","properties":{"highway":"footway","name":null,"category":"Footpath (pedestrian only)"},"geometry":{"type":"MultiLineString","coordinates":[[[-2.6475146,53.5438113],[-2.6475599,53.5437776],[-2.6483276,53.5432068]]]}},
{"type":"Feature","properties":{"highway":"footway","name":null,"category":"Footpath (pedestrian only)"},"geometry":{"type":"MultiLineString","coordinates":[[[-2.6551687,53.5287324],[-2.655135,53.528751],[-2.6550806,53.5287811],[-2.655105,53.5287944],[-2.6551004,53.5288429],[-2.6550942,53.528908],[-2.6550909,53.5289436],[-2.6550754,53.5289906],[-2.6550847,53.5290297],[-2.6551286,53.5290684],[-2.6551636,53.5290992]]]}},
{"type":"Feature","properties":{"highway":"footway","name":null,"category":"Footpath (pedestrian only)"},"geometry":{"type":"MultiLineString","coordinates":[[[-2.6551241,53.5280939],[-2.6550867,53.5281019],[-2.6550543,53.5281087]]]}},
{"type":"Feature","properties":{"highway":"footway","name":null,"category":"Footpath (pedestrian only)"},"geometry":{"type":"MultiLineString","coordinates":[[[-2.6550543,53.5281087],[-2.6550519,53.5282343]]]}},
{"type":"Feature","properties":{"highway":"footway","name":null,"category":"Footpath (pedestrian only)"},"geometry":{"type":"MultiLineString","coordinates":[[[-2.6550358,53.5279468],[-2.6550516,53.5279593],[-2.6551241,53.5280939],[-2.6551274,53.5281221],[-2.6551221,53.528235],[-2.6551104,53.5282529],[-2.6550632,53.5283247],[-2.6550978,53.5284956],[-2.6551082,53.5285472],[-2.6551314,53.5286087],[-2.6551976,53.5286864],[-2.6552245,53.5287085],[-2.6553057,53.5287507],[-2.6554267,53.5288033]]]}},
{"type":"Feature","properties":{"highway":"footway","name":null,"category":"Footpath (pedestrian only)"},"geometry":{"type":"MultiLineString","coordinates":[[[-2.6550519,53.5282343],[-2.6550813,53.5282436],[-2.6551104,53.5282529]]]}},
{"type":"Feature","properties":{"highway":"footway","name":null,"category":"Footpath (pedestrian only)"},"geometry":{"type":"MultiLineString","coordinates":[[[-2.6551687,53.5287324],[-2.6551416,53.528708]]]}},
{"type":"Feature","properties":{"highway":"footway","name":null,"category":"Footpath (pedestrian only)"},"geometry":{"type":"MultiLineString","coordinates":[[[-2.6551416,53.528708],[-2.6551678,53.5286979],[-2.6551976,53.5286864]]]}},
{"type":"Feature","properties":{"highway":"footway","name":null,"category":"Footpath (pedestrian only)"},"geometry":{"type":"MultiLineString","coordinates":[[[-2.6550427,53.5308368],[-2.6550292,53.5308078],[-2.6550282,53.5304927],[-2.6550359,53.5301228],[-2.6550189,53.5299177],[-2.6550191,53.529851],[-2.6550314,53.5295824],[-2.6550449,53.5292891],[-2.6550507,53.5292461],[-2.6550621,53.5292118],[-2.6550747,53.5291867],[-2.6550938,53.5291599],[-2.6551172,53.5291339],[-2.6551385,53.5291162],[-2.6551636,53.5290992],[-2.6551859,53.5290876]]]}},
{"type":"Feature","properties":{"highway":"footway","name":null,"category":"Footpath (pedestrian only)"},"geometry":{"type":"MultiLineString","coordinates":[[[-2.6558127,53.5290284],[-2.6557219,53.5290473],[-2.6554847,53.5290551],[-2.655403,53.5290647],[-2.6553275,53.5290789],[-2.6552705,53.5290967],[-2.655222,53.529116]]]}},
{"type":"Feature","properties":{"highway":"footway","name":null,"category":"Footpath (pedestrian only)"},"geometry":{"type":"MultiLineString","coordinates":[[[-2.6551859,53.5290876],[-2.6552058,53.5291029],[-2.655222,53.529116]]]}},
{"type":"Feature","properties":{"highway":"footway","name":null,"category":"Footpath (pedestrian only)"},"geometry":{"type":"MultiLineString","coordinates":[[[-2.6550191,53.529851],[-2.6550603,53.5298488],[-2.6551087,53.5298463]]]}},
{"type":"Feature","properties":{"highway":"footway","name":null,"category":"Footpath (pedestrian only)"},"geometry":{"type":"MultiLineString","coordinates":[[[-2.6551264,53.5301182],[-2.6550771,53.5301207],[-2.6550359,53.5301228]]]}},
{"type":"Feature","properties":{"highway":"footway","name":null,"category":"Footpath (pedestrian only)"},"geometry":{"type":"MultiLineString","coordinates":[[[-2.6551264,53.5301182],[-2.6554097,53.5299998]]]}},
{"type":"Feature","properties":{"highway":"footway","name":null,"category":"Footpath (pedestrian only)"},"geometry":{"type":"MultiLineString","coordinates":[[[-2.6551087,53.5298463],[-2.655168,53.5299199],[-2.6551928,53.5299388],[-2.6552255,53.5299535],[-2.6552635,53.5299625],[-2.6553362,53.5300033]]]}},
{"type":"Feature","properties":{"highway":"footway","name":null,"category":"Footpath (pedestrian only)"},"geometry":{"type":"MultiLineString","coordinates":[[[-2.6545977,53.5278165],[-2.654576,53.5278081],[-2.6545543,53.5278042],[-2.6544473,53.5277938],[-2.6543887,53.5277901]]]}},
{"type":"Feature","properties":{"highway":"footway","name":null,"category":"Footpath (pedestrian only)"},"geometry":{"type":"MultiLineString","coordinates":[[[-2.6426597,53.5311166],[-2.642778,53.5309628],[-2.6428848,53.530817]]]}},
{"type":"Feature","properties":{"highway":"footway","name":null,"category":"Footpath (pedestrian only)"},"geometry":{"type":"MultiLineString","coordinates":[[[-2.6429471,53.5307248],[-2.6430117,53.5307404],[-2.6430931,53.5307602]]]}},
{"type":"Feature","properties":{"highway":"footway","name":null,"category":"Footpath (pedestrian only)"},"geometry":{"type":"MultiLineString","coordinates":[[[-2.6430785,53.5307807],[-2.6428801,53.5310513],[-2.6428641,53.5310795],[-2.6428607,53.5310962],[-2.6428741,53.5311182],[-2.6428089,53.5311931]]]}},
{"type":"Feature","properties":{"highway":"footway","name":null,"category":"Footpath (pedestrian only)"},"geometry":{"type":"MultiLineString","coordinates":[[[-2.6468211,53.5302832],[-2.6466435,53.5302824],[-2.6459922,53.5303196]]]}},
{"type":"Feature","properties":{"highway":"footway","name":null,"category":"Footpath (pedestrian only)"},"geometry":{"type":"MultiLineString","coordinates":[[[-2.6457096,53.5281312],[-2.6454051,53.5280416],[-2.6453856,53.5280376],[-2.6453615,53.528034],[-2.6453366,53.5280321],[-2.6453193,53.528034],[-2.6453045,53.5280396],[-2.6452922,53.5280503],[-2.645246,53.528111],[-2.6447227,53.528703],[-2.6447213,53.5287116],[-2.6447278,53.5287195],[-2.6447377,53.5287241],[-2.6451887,53.5288316]]]}},
{"type":"Feature","properties":{"highway":"footway","name":null,"category":"Footpath (pedestrian only)"},"geometry":{"type":"MultiLineString","coordinates":[[[-2.6451093,53.5288906],[-2.6446711,53.528776],[-2.6446634,53.5287756],[-2.644654,53.5287772],[-2.6446483,53.5287809],[-2.6444583,53.5290173]]]}},
{"type":"Feature","properties":{"highway":"footway","name":null,"category":"Footpath (pedestrian only)"},"geometry":{"type":"MultiLineString","coordinates":[[[-2.6444583,53.5290173],[-2.6444242,53.5290604],[-2.6443906,53.529103]]]}},
{"type":"Feature","properties":{"highway":"footway","name":null,"category":"Footpath (pedestrian only)"},"geometry":{"type":"MultiLineString","coordinates":[[[-2.6447213,53.5287116],[-2.6446905,53.5287456],[-2.6446634,53.5287756]]]}},
{"type":"Feature","properties":{"highway":"footway","name":null,"category":"Footpath (pedestrian only)"},"geometry":{"type":"MultiLineString","coordinates":[[[-2.6443906,53.529103],[-2.64422,53.5293181],[-2.6442177,53.5293254],[-2.6442193,53.5293328],[-2.6442254,53.5293392],[-2.6442354,53.5293442],[-2.6443972,53.5293859]]]}},
{"type":"Feature","properties":{"highway":"footway","name":null,"category":"Footpath (pedestrian only)"},"geometry":{"type":"MultiLineString","coordinates":[[[-2.6442193,53.5293328],[-2.6441878,53.5293732],[-2.6441579,53.5294116]]]}},
{"type":"Feature","properties":{"highway":"footway","name":null,"category":"Footpath (pedestrian only)"},"geometry":{"type":"MultiLineString","coordinates":[[[-2.6437498,53.5295994],[-2.643795,53.5296031],[-2.6438262,53.5296027],[-2.6438445,53.5295952],[-2.6443799,53.5289324],[-2.6443813,53.5289272],[-2.6443779,53.5289216],[-2.6443692,53.5289176],[-2.6439207,53.5287984]]]}},
{"type":"Feature","properties":{"highway":"footway","name":null,"category":"Footpath (pedestrian only)"},"geometry":{"type":"MultiLineString","coordinates":[[[-2.6439787,53.5287319],[-2.6443914,53.5288462],[-2.6444118,53.5288473],[-2.6444286,53.5288447],[-2.6444401,53.5288384],[-2.6444551,53.5288268],[-2.6449739,53.5282075],[-2.6449766,53.5281996],[-2.6449753,53.5281916],[-2.6449681,53.5281852],[-2.6449572,53.5281804],[-2.6445747,53.5280725]]]}},
{"type":"Feature","properties":{"highway":"footway","name":null,"category":"Footpath (pedestrian only)"},"geometry":{"type":"MultiLineString","coordinates":[[[-2.6443779,53.5289216],[-2.6444003,53.5288877],[-2.6444286,53.5288447]]]}},
{"type":"Feature","properties":{"highway":"footway","name":null,"category":"Footpath (pedestrian only)"},"geometry":{"type":"MultiLineString","coordinates":[[[-2.6315956,53.5417376],[-2.6315055,53.5416845],[-2.6314485,53.5416561],[-2.6313956,53.5416366],[-2.6313374,53.5416211],[-2.6312854,53.5416104],[-2.6312291,53.5416025],[-2.6311753,53.5415976],[-2.6311136,53.5415944],[-2.6310682,53.5415944],[-2.6310251,53.5415967],[-2.6309858,53.5416003],[-2.6309459,53.5416074],[-2.6308945,53.5416205],[-2.630835,53.54164],[-2.6307801,53.5416622],[-2.6307252,53.5416955],[-2.6305734,53.541812],[-2.6297292,53.5425481],[-2.6296549,53.5426863],[-2.6296377,53.5427051]]]}},
{"type":"Feature","properties":{"highway":"footway","name":null,"category":"Footpath (pedestrian only)"},"geometry":{"type":"MultiLineString","coordinates":[[[-2.6327668,53.541037],[-2.6327397,53.541019],[-2.6326983,53.5409972],[-2.6326501,53.5409806],[-2.6321581,53.5408283],[-2.6321184,53.540816],[-2.6320712,53.5408044],[-2.6320192,53.5407954],[-2.6319573,53.5407881],[-2.6319159,53.5407854],[-2.6318663,53.540785],[-2.6318044,53.5407878],[-2.6317548,53.540793],[-2.6317285,53.5407985],[-2.6317122,53.5408058],[-2.6316981,53.5408155],[-2.6316882,53.5408266],[-2.6316577,53.5408752],[-2.6315524,53.5410093],[-2.6314899,53.5410698],[-2.6314118,53.5411402],[-2.6311587,53.5413433],[-2.6311506,53.5413595],[-2.6311548,53.5413716],[-2.6311643,53.5413818],[-2.6312635,53.5414288],[-2.6313535,53.5414748],[-2.631429,53.5415198],[-2.6320254,53.5419073],[-2.6328087,53.542417],[-2.6328326,53.5424156],[-2.6328606,53.5424108]]]}},
{"type":"Feature","properties":{"highway":"path","name":null,"category":"Shared path"},"geometry":{"type":"MultiLineString","coordinates":[[[-2.6316387,53.5411039],[-2.6315797,53.5411088],[-2.6315649,53.5411023]]]}},
{"type":"Feature","properties":{"highway":"footway","name":null,"category":"Footpath (pedestrian only)"},"geometry":{"type":"MultiLineString","coordinates":[[[-2.631781,53.5406566],[-2.6317196,53.5406449],[-2.6316225,53.5406245]]]}},
{"type":"Feature","properties":{"highway":"footway","name":null,"category":"Footpath (pedestrian only)"},"geometry":{"type":"MultiLineString","coordinates":[[[-2.6318629,53.5406592],[-2.631781,53.5406566]]]}},
{"type":"Feature","properties":{"highway":"footway","name":null,"category":"Footpath (pedestrian only)"},"geometry":{"type":"MultiLineString","coordinates":[[[-2.6319472,53.5406407],[-2.6318935,53.5406575]]]}},
{"type":"Feature","properties":{"highway":"footway","name":null,"category":"Footpath (pedestrian only)"},"geometry":{"type":"MultiLineString","coordinates":[[[-2.6318935,53.5406575],[-2.6318629,53.5406592],[-2.6318634,53.5406785]]]}},
{"type":"Feature","properties":{"highway":"footway","name":null,"category":"Footpath (pedestrian only)"},"geometry":{"type":"MultiLineString","coordinates":[[[-2.63254,53.5411136],[-2.6325778,53.5410637],[-2.632604,53.5410292]]]}},
{"type":"Feature","properties":{"highway":"footway","name":null,"category":"Footpath (pedestrian only)"},"geometry":{"type":"MultiLineString","coordinates":[[[-2.632604,53.5410292],[-2.6326501,53.5409806]]]}},
{"type":"Feature","properties":{"highway":"footway","name":null,"category":"Footpath (pedestrian only)"},"geometry":{"type":"MultiLineString","coordinates":[[[-2.632112,53.5409609],[-2.6321148,53.5409188],[-2.6321172,53.5408839]]]}},
{"type":"Feature","properties":{"highway":"footway","name":null,"category":"Footpath (pedestrian only)"},"geometry":{"type":"MultiLineString","coordinates":[[[-2.6328274,53.5412829],[-2.63254,53.5411136],[-2.6324953,53.5410872],[-2.6323745,53.5411597],[-2.6321083,53.5410029],[-2.632112,53.5409609]]]}},
{"type":"Feature","properties":{"highway":"path","name":null,"category":"Shared path"},"geometry":{"type":"MultiLineString","coordinates":[[[-2.6326668,53.5401682],[-2.6326181,53.5401792],[-2.6325256,53.5401577],[-2.6324719,53.5401378],[-2.6324344,53.5401195],[-2.6324102,53.5400963],[-2.6324009,53.5400732],[-2.6324035,53.5400453],[-2.6324143,53.5400135],[-2.6324357,53.5399728],[-2.6325041,53.539878],[-2.6325117,53.539855],[-2.6325091,53.5398366],[-2.6324934,53.5398037]]]}},
{"type":"Feature","properties":{"highway":"footway","name":null,"category":"Footpath (pedestrian only)"},"geometry":{"type":"MultiLineString","coordinates":[[[-2.632834,53.5410639],[-2.6328062,53.5410527],[-2.6327668,53.541037]]]}},
{"type":"Feature","properties":{"highway":"footway","name":null,"category":"Footpath (pedestrian only)"},"geometry":{"type":"MultiLineString","coordinates":[[[-2.6329841,53.541157],[-2.6329384,53.5411281],[-2.6329174,53.5411148]]]}},
{"type":"Feature","properties":{"highway":"footway","name":null,"category":"Footpath (pedestrian only)"},"geometry":{"type":"MultiLineString","coordinates":[[[-2.6329174,53.5411148],[-2.632834,53.5410639]]]}},
{"type":"Feature","properties":{"highway":"footway","name":null,"category":"Footpath (pedestrian only)"},"geometry":{"type":"MultiLineString","coordinates":[[[-2.6321172,53.5408839],[-2.6321332,53.5408618]]]}},
{"type":"Feature","properties":{"highway":"footway","name":null,"category":"Footpath (pedestrian only)"},"geometry":{"type":"MultiLineString","coordinates":[[[-2.6321492,53.5408397],[-2.6321581,53.5408283]]]}},
{"type":"Feature","properties":{"highway":"path","name":null,"category":"Shared path"},"geometry":{"type":"MultiLineString","coordinates":[[[-2.6315126,53.5410797],[-2.6314899,53.5410698],[-2.6314369,53.5410469]]]}},
{"type":"Feature","properties":{"highway":"footway","name":null,"category":"Footpath (pedestrian only)"},"geometry":{"type":"MultiLineString","coordinates":[[[-2.6328087,53.542417],[-2.6328643,53.5424523],[-2.6329097,53.5424812]]]}},
{"type":"Feature","properties":{"highway":"footway","name":null,"category":"Footpath (pedestrian only)"},"geometry":{"type":"MultiLineString","coordinates":[[[-2.631735,53.5418275],[-2.6316657,53.5417828],[-2.6315956,53.5417376]]]}},
{"type":"Feature","properties":{"highway":"footway","name":null,"category":"Footpath (pedestrian only)"},"geometry":{"type":"MultiLineString","coordinates":[[[-2.6319419,53.5419679],[-2.6318986,53.5419393],[-2.6318584,53.5419128]]]}},
{"type":"Feature","properties":{"highway":"footway","name":null,"category":"Footpath (pedestrian only)"},"geometry":{"type":"MultiLineString","coordinates":[[[-2.6318584,53.5419128],[-2.631735,53.5418275]]]}},
{"type":"Feature","properties":{"highway":"footway","name":null,"category":"Footpath (pedestrian only)"},"geometry":{"type":"MultiLineString","coordinates":[[[-2.6321008,53.5420716],[-2.6320517,53.5420388],[-2.6320089,53.5420102]]]}},
{"type":"Feature","properties":{"highway":"footway","name":null,"category":"Footpath (pedestrian only)"},"geometry":{"type":"MultiLineString","coordinates":[[[-2.6325132,53.5423405],[-2.6324619,53.542307],[-2.6324115,53.5422741]]]}},
{"type":"Feature","properties":{"highway":"footway","name":null,"category":"Footpath (pedestrian only)"},"geometry":{"type":"MultiLineString","coordinates":[[[-2.6322675,53.5421785],[-2.6321604,53.5421075]]]}},
{"type":"Feature","properties":{"highway":"footway","name":null,"category":"Footpath (pedestrian only)"},"geometry":{"type":"MultiLineString","coordinates":[[[-2.6324115,53.5422741],[-2.6322675,53.5421785]]]}},
{"type":"Feature","properties":{"highway":"footway","name":null,"category":"Footpath (pedestrian only)"},"geometry":{"type":"MultiLineString","coordinates":[[[-2.6321604,53.5421075],[-2.6321008,53.5420716]]]}},
{"type":"Feature","properties":{"highway":"footway","name":null,"category":"Footpath (pedestrian only)"},"geometry":{"type":"MultiLineString","coordinates":[[[-2.6320089,53.5420102],[-2.6319419,53.5419679]]]}},
{"type":"Feature","properties":{"highway":"footway","name":null,"category":"Footpath (pedestrian only)"},"geometry":{"type":"MultiLineString","coordinates":[[[-2.6333989,53.5412667],[-2.6333397,53.5413003],[-2.6332827,53.5413326]]]}},
{"type":"Feature","properties":{"highway":"footway","name":null,"category":"Footpath (pedestrian only)"},"geometry":{"type":"MultiLineString","coordinates":[[[-2.6308309,53.5409854],[-2.6308653,53.5409463],[-2.6308963,53.5409099]]]}},
{"type":"Feature","properties":{"highway":"footway","name":null,"category":"Footpath (pedestrian only)"},"geometry":{"type":"MultiLineString","coordinates":[[[-2.6307954,53.5412385],[-2.6309747,53.5410833],[-2.6309859,53.5410707],[-2.6309935,53.5410574],[-2.6309981,53.5410402],[-2.630994,53.5410266],[-2.6309818,53.5410069],[-2.6309656,53.5409906],[-2.6309498,53.5409788],[-2.6309305,53.5409686],[-2.6309102,53.5409604],[-2.6308653,53.5409463]]]}},
{"type":"Feature","properties":{"highway":"footway","name":null,"category":"Footpath (pedestrian only)"},"geometry":{"type":"MultiLineString","coordinates":[[[-2.6309981,53.5410402],[-2.6310707,53.5409666],[-2.6311276,53.5409089]]]}},
{"type":"Feature","properties":{"highway":"footway","name":null,"category":"Footpath (pedestrian only)"},"geometry":{"type":"MultiLineString","coordinates":[[[-2.6305888,53.5408079],[-2.6306453,53.5407905],[-2.6309621,53.5408885],[-2.631032,53.5409064],[-2.631062,53.5409121],[-2.6310903,53.5409131],[-2.6311103,53.5409117],[-2.6311276,53.5409089],[-2.6311462,53.540904],[-2.6311705,53.5408933],[-2.6311913,53.5408816],[-2.6312132,53.5408651],[-2.6312441,53.5408332],[-2.6313849,53.5406727],[-2.6315526,53.5404563],[-2.6315611,53.5404401],[-2.6315631,53.5404238],[-2.6315607,53.5404112],[-2.6315509,53.5403952],[-2.6315377,53.540382],[-2.6315222,53.540372],[-2.6314953,53.5403596],[-2.6311841,53.5402452],[-2.6311175,53.540232],[-2.6308526,53.5401797],[-2.6307469,53.5401588]]]}},
{"type":"Feature","properties":{"highway":"footway","name":null,"category":"Footpath (pedestrian only)"},"geometry":{"type":"MultiLineString","coordinates":[[[-2.6315607,53.5404112],[-2.6315966,53.5403507],[-2.631635,53.5402861]]]}},
{"type":"Feature","properties":{"highway":"footway","name":null,"category":"Footpath (pedestrian only)"},"geometry":{"type":"MultiLineString","coordinates":[[[-2.6306066,53.5401312],[-2.6305885,53.5400825],[-2.6306398,53.5400804],[-2.6307076,53.5400839],[-2.6307729,53.5400929],[-2.6311897,53.540181],[-2.6314699,53.5402559],[-2.6315755,53.5402861],[-2.631605,53.5402888],[-2.631635,53.5402861],[-2.6316614,53.5402804],[-2.6316848,53.5402709],[-2.631706,53.5402612],[-2.6317237,53.5402476],[-2.6317392,53.5402278],[-2.6318323,53.5400814],[-2.6318354,53.5400675],[-2.6318339,53.5400541],[-2.6318275,53.5400402],[-2.6318153,53.5400292],[-2.631799,53.5400216],[-2.6317613,53.5400108],[-2.6305929,53.5397594]]]}},
{"type":"Feature","properties":{"highway":"footway","name":null,"category":"Footpath (pedestrian only)"},"geometry":{"type":"MultiLineString","coordinates":[[[-2.6305929,53.5397594],[-2.6304828,53.5397337]]]}},
{"type":"Feature","properties":{"highway":"footway","name":null,"category":"Footpath (pedestrian only)"},"geometry":{"type":"MultiLineString","coordinates":[[[-2.6304828,53.5397337],[-2.6304009,53.5397142]]]}},
{"type":"Feature","properties":{"highway":"footway","name":null,"category":"Footpath (pedestrian only)"},"geometry":{"type":"MultiLineString","coordinates":[[[-2.6304009,53.5397142],[-2.6303444,53.5396866],[-2.6302495,53.5396401]]]}},
{"type":"Feature","properties":{"highway":"footway","name":null,"category":"Footpath (pedestrian only)"},"geometry":{"type":"MultiLineString","coordinates":[[[-2.6310647,53.5397866],[-2.6311336,53.5398009],[-2.6311931,53.5398133]]]}},
{"type":"Feature","properties":{"highway":"footway","name":null,"category":"Footpath (pedestrian only)"},"geometry":{"type":"MultiLineString","coordinates":[[[-2.6307244,53.5397088],[-2.6310647,53.5397866]]]}},
{"type":"Feature","properties":{"highway":"footway","name":null,"category":"Footpath (pedestrian only)"},"geometry":{"type":"MultiLineString","coordinates":[[[-2.6303506,53.539627],[-2.6305623,53.539672]]]}},
{"type":"Feature","properties":{"highway":"footway","name":null,"category":"Footpath (pedestrian only)"},"geometry":{"type":"MultiLineString","coordinates":[[[-2.6306073,53.5396816],[-2.6307244,53.5397088]]]}},
{"type":"Feature","properties":{"highway":"footway","name":null,"category":"Footpath (pedestrian only)"},"geometry":{"type":"MultiLineString","coordinates":[[[-2.6305623,53.539672],[-2.6306073,53.5396816]]]}},
{"type":"Feature","properties":{"highway":"footway","name":null,"category":"Footpath (pedestrian only)"},"geometry":{"type":"MultiLineString","coordinates":[[[-2.6311931,53.5398133],[-2.631796,53.5399397],[-2.631826,53.5399443],[-2.6318536,53.5399465],[-2.6318875,53.539947],[-2.6319206,53.5399447],[-2.6319453,53.5399383],[-2.6319638,53.5399291],[-2.6319764,53.5399181]]]}},
{"type":"Feature","properties":{"highway":"footway","name":null,"category":"Footpath (pedestrian only)"},"geometry":{"type":"MultiLineString","coordinates":[[[-2.631799,53.5400216],[-2.6318261,53.5399843],[-2.6318536,53.5399465]]]}},
{"type":"Feature","properties":{"highway":"path","name":null,"category":"Shared path"},"geometry":{"type":"MultiLineString","coordinates":[[[-2.6512101,53.5377874],[-2.6511684,53.5378387],[-2.6511008,53.5378397]]]}},
{"type":"Feature","properties":{"highway":"path","name":null,"category":"Shared path"},"geometry":{"type":"MultiLineString","coordinates":[[[-2.6528604,53.5365662],[-2.6527571,53.5365783],[-2.6527178,53.5365944],[-2.65269,53.5366174],[-2.652654,53.5366753],[-2.652612,53.536705]]]}},
{"type":"Feature","properties":{"highway":"footway","name":null,"category":"Footpath (pedestrian only)"},"geometry":{"type":"MultiLineString","coordinates":[[[-2.6525509,53.5306375],[-2.6519186,53.530529],[-2.6518623,53.5305038],[-2.6518822,53.5304366],[-2.6518859,53.530386],[-2.6518675,53.5301432],[-2.6518343,53.5301031]]]}},
{"type":"Feature","properties":{"highway":"footway","name":null,"category":"Footpath (pedestrian only)"},"geometry":{"type":"MultiLineString","coordinates":[[[-2.650072,53.5419566],[-2.6499924,53.5419305],[-2.6499247,53.5419084]]]}},
{"type":"Feature","properties":{"highway":"footway","name":null,"category":"Footpath (pedestrian only)"},"geometry":{"type":"MultiLineString","coordinates":[[[-2.6498447,53.5410274],[-2.649832,53.5410038],[-2.6498273,53.5409951],[-2.6498203,53.5409871],[-2.6498106,53.540976],[-2.6498039,53.5409684],[-2.6497893,53.5409518]]]}},
{"type":"Feature","properties":{"highway":"footway","name":null,"category":"Footpath (pedestrian only)"},"geometry":{"type":"MultiLineString","coordinates":[[[-2.6497893,53.5409518],[-2.6498148,53.5409229],[-2.6498096,53.5409196]]]}},
{"type":"Feature","properties":{"highway":"footway","name":null,"category":"Footpath (pedestrian only)"},"geometry":{"type":"MultiLineString","coordinates":[[[-2.6403911,53.5422307],[-2.6403671,53.5421832],[-2.6403481,53.5421525]]]}},
{"type":"Feature","properties":{"highway":"footway","name":null,"category":"Footpath (pedestrian only)"},"geometry":{"type":"MultiLineString","coordinates":[[[-2.6388907,53.5420065],[-2.6389284,53.5420368]]]}},
{"type":"Feature","properties":{"highway":"footway","name":null,"category":"Footpath (pedestrian only)"},"geometry":{"type":"MultiLineString","coordinates":[[[-2.638194,53.5423888],[-2.6381828,53.5423802],[-2.6381522,53.5423568],[-2.6381506,53.5423565],[-2.6381098,53.5423267]]]}},
{"type":"Feature","properties":{"highway":"footway","name":null,"category":"Footpath (pedestrian only)"},"geometry":{"type":"MultiLineString","coordinates":[[[-2.6351523,53.5434042],[-2.6351592,53.5433846],[-2.6354198,53.5433095],[-2.6358728,53.5431806],[-2.6360242,53.5431368],[-2.6360544,53.5431426],[-2.6361154,53.5431535],[-2.6361516,53.5431264],[-2.6361945,53.5431144],[-2.6362455,53.5431097],[-2.6362964,53.5431144],[-2.6363487,53.5431168],[-2.636393,53.5431089],[-2.6364721,53.5430889],[-2.6365435,53.5430716],[-2.6366183,53.5430523],[-2.6367135,53.5430037],[-2.6367114,53.5429733],[-2.6367082,53.5429423],[-2.6373251,53.5427869],[-2.6382859,53.5425853],[-2.6384023,53.5425662],[-2.6385099,53.5425427],[-2.6385616,53.5425683],[-2.6385912,53.5425844],[-2.6386466,53.5425448],[-2.6402312,53.5422761],[-2.640247,53.5422578]]]}},
{"type":"Feature","properties":{"highway":"path","name":null,"category":"Shared path"},"geometry":{"type":"MultiLineString","coordinates":[[[-2.6509824,53.5277675],[-2.6513769,53.5279736],[-2.6513581,53.5280533],[-2.6513172,53.5280507]]]}},
{"type":"Feature","properties":{"highway":"footway","name":null,"category":"Footpath (pedestrian only)"},"geometry":{"type":"MultiLineString","coordinates":[[[-2.6372006,53.5357617],[-2.6370991,53.535779],[-2.6369901,53.5357973]]]}},
{"type":"Feature","properties":{"highway":"footway","name":null,"category":"Footpath (pedestrian only)"},"geometry":{"type":"MultiLineString","coordinates":[[[-2.6371025,53.5354295],[-2.6371821,53.5354556],[-2.6372603,53.5354813]]]}},
{"type":"Feature","properties":{"highway":"footway","name":null,"category":"Footpath (pedestrian only)"},"geometry":{"type":"MultiLineString","coordinates":[[[-2.6377165,53.5351891],[-2.6376463,53.5352311],[-2.6375625,53.5352812]]]}},
{"type":"Feature","properties":{"highway":"path","name":null,"category":"Shared path"},"geometry":{"type":"MultiLineString","coordinates":[[[-2.6368124,53.5354402],[-2.6368863,53.5354821]]]}},
{"type":"Feature","properties":{"highway":"footway","name":null,"category":"Footpath (pedestrian only)"},"geometry":{"type":"MultiLineString","coordinates":[[[-2.6505059,53.5406025],[-2.6505465,53.5406151],[-2.6507573,53.5406804],[-2.6508171,53.540699]]]}},
{"type":"Feature","properties":{"highway":"footway","name":null,"category":"Footpath (pedestrian only)"},"geometry":{"type":"MultiLineString","coordinates":[[[-2.6392977,53.5422401],[-2.6390058,53.5423794],[-2.6384883,53.5424652],[-2.6383597,53.5424888]]]}},
{"type":"Feature","properties":{"highway":"footway","name":null,"category":"Footpath (pedestrian only)"},"geometry":{"type":"MultiLineString","coordinates":[[[-2.6383597,53.5424888],[-2.638194,53.5423888]]]}},
{"type":"Feature","properties":{"highway":"footway","name":null,"category":"Footpath (pedestrian only)"},"geometry":{"type":"MultiLineString","coordinates":[[[-2.6382859,53.5425853],[-2.6383044,53.5426117],[-2.6383287,53.5426338],[-2.6387135,53.5427488]]]}},
{"type":"Feature","properties":{"highway":"footway","name":null,"category":"Footpath (pedestrian only)"},"geometry":{"type":"MultiLineString","coordinates":[[[-2.6384023,53.5425662],[-2.6383886,53.542533],[-2.6383645,53.5424961],[-2.6383597,53.5424888]]]}},
{"type":"Feature","properties":{"highway":"footway","name":null,"category":"Footpath (pedestrian only)"},"geometry":{"type":"MultiLineString","coordinates":[[[-2.6530456,53.5426821],[-2.6521048,53.5421367]]]}},
{"type":"Feature","properties":{"highway":"footway","name":null,"category":"Footpath (pedestrian only)"},"geometry":{"type":"MultiLineString","coordinates":[[[-2.6566765,53.5443468],[-2.6565959,53.5444034]]]}},
{"type":"Feature","properties":{"highway":"footway","name":null,"category":"Footpath (pedestrian only)"},"geometry":{"type":"MultiLineString","coordinates":[[[-2.6516077,53.5388461],[-2.6514997,53.5389992],[-2.6514575,53.5390446],[-2.651381,53.5391414],[-2.6513217,53.5392187],[-2.6512873,53.5392303],[-2.6512449,53.5392275],[-2.6512134,53.5392251]]]}},
{"type":"Feature","properties":{"highway":"footway","name":null,"category":"Footpath (pedestrian only)"},"geometry":{"type":"MultiLineString","coordinates":[[[-2.6519382,53.5388282],[-2.6519973,53.5388393],[-2.6520328,53.5388465],[-2.6520724,53.5388507],[-2.6521059,53.5388422],[-2.6521936,53.53881],[-2.6523379,53.5387389],[-2.6528132,53.5384926]]]}},
{"type":"Feature","properties":{"highway":"footway","name":null,"category":"Footpath (pedestrian only)"},"geometry":{"type":"MultiLineString","coordinates":[[[-2.6519349,53.5388561],[-2.6519382,53.5388282],[-2.6519567,53.5387724],[-2.651998,53.5385955],[-2.6520409,53.5384472],[-2.6521334,53.5382711],[-2.6522687,53.5380821]]]}},
{"type":"Feature","properties":{"highway":"footway","name":null,"category":"Footpath (pedestrian only)"},"geometry":{"type":"MultiLineString","coordinates":[[[-2.6608335,53.5422077],[-2.660809,53.5422472],[-2.6607473,53.5423045],[-2.6599641,53.5428018],[-2.6597455,53.5430241],[-2.6596382,53.5431301],[-2.6594049,53.5432999],[-2.6590667,53.5435534],[-2.658859,53.5436378],[-2.6586579,53.5436991],[-2.6584755,53.5437406],[-2.6581429,53.543774],[-2.6580267,53.5437848]]]}},
{"type":"Feature","properties":{"highway":"footway","name":null,"category":"Footpath (pedestrian only)"},"geometry":{"type":"MultiLineString","coordinates":[[[-2.6631765,53.5398847],[-2.6631177,53.539895],[-2.6630346,53.5399049],[-2.6629702,53.5399093],[-2.6629159,53.5398989],[-2.6628381,53.5398762],[-2.662763,53.5398424],[-2.662742,53.5398263],[-2.662712,53.5397862],[-2.6627107,53.5397555],[-2.662714,53.5397137],[-2.6627208,53.539681],[-2.6627382,53.5396626],[-2.6627912,53.5396216],[-2.6628475,53.5395969],[-2.6629202,53.5395721]]]}},
{"type":"Feature","properties":{"highway":"path","name":null,"category":"Shared path"},"geometry":{"type":"MultiLineString","coordinates":[[[-2.6361204,53.5330588],[-2.6361241,53.5333685],[-2.6365257,53.5336593],[-2.6369718,53.5341689],[-2.6369578,53.5346081],[-2.63685,53.5348007],[-2.6365311,53.5349199],[-2.6361675,53.5350769],[-2.6360205,53.5351614],[-2.6359778,53.535186],[-2.6356494,53.5352863]]]}},
{"type":"Feature","properties":{"highway":"path","name":null,"category":"Shared path"},"geometry":{"type":"MultiLineString","coordinates":[[[-2.6361675,53.5350769],[-2.6361997,53.5352345]]]}},
{"type":"Feature","properties":{"highway":"footway","name":null,"category":"Footpath (pedestrian only)"},"geometry":{"type":"MultiLineString","coordinates":[[[-2.654545,53.5276945],[-2.654568,53.5276884],[-2.6545868,53.5276812],[-2.6546037,53.5276718]]]}},
{"type":"Feature","properties":{"highway":"footway","name":null,"category":"Footpath (pedestrian only)"},"geometry":{"type":"MultiLineString","coordinates":[[[-2.6519349,53.5388561],[-2.6518908,53.5388484],[-2.6518429,53.5388398],[-2.6517834,53.5388278],[-2.6517472,53.5388198],[-2.651721,53.5388685],[-2.6516754,53.5388601],[-2.6516562,53.5388561],[-2.6516077,53.5388461]]]}},
{"type":"Feature","properties":{"highway":"footway","name":null,"category":"Footpath (pedestrian only)"},"geometry":{"type":"MultiLineString","coordinates":[[[-2.6518417,53.5391091],[-2.6518457,53.5390717],[-2.651847,53.5390606]]]}},
{"type":"Feature","properties":{"highway":"footway","name":null,"category":"Footpath (pedestrian only)"},"geometry":{"type":"MultiLineString","coordinates":[[[-2.651847,53.5390606],[-2.651868,53.5390116],[-2.6518847,53.5389729],[-2.6519014,53.5389339],[-2.6519125,53.5389081],[-2.6519207,53.5388891],[-2.6519349,53.5388561]]]}},
{"type":"Feature","properties":{"highway":"footway","name":null,"category":"Footpath (pedestrian only)"},"geometry":{"type":"MultiLineString","coordinates":[[[-2.6514533,53.5394914],[-2.6514207,53.539494],[-2.6513929,53.5394954],[-2.6513783,53.5395419],[-2.6513594,53.5395751],[-2.6513762,53.5395939],[-2.6513944,53.5396133],[-2.6513435,53.5397312],[-2.6512979,53.5398547],[-2.6513006,53.5399081],[-2.6513287,53.5399368],[-2.6513945,53.5399559],[-2.6514773,53.5400045],[-2.6514424,53.5400134],[-2.6514117,53.540017]]]}},
{"type":"Feature","properties":{"highway":"footway","name":null,"category":"Footpath (pedestrian only)"},"geometry":{"type":"MultiLineString","coordinates":[[[-2.6388574,53.5419798],[-2.6388907,53.5420065]]]}},
{"type":"Feature","properties":{"highway":"footway","name":null,"category":"Footpath (pedestrian only)"},"geometry":{"type":"MultiLineString","coordinates":[[[-2.6366154,53.53309],[-2.6367523,53.5331997]]]}},
{"type":"Feature","properties":{"highway":"footway","name":null,"category":"Footpath (pedestrian only)"},"geometry":{"type":"MultiLineString","coordinates":[[[-2.6368763,53.533298],[-2.6369031,53.5333164],[-2.6368666,53.5333352]]]}},
{"type":"Feature","properties":{"highway":"pedestrian","name":null,"category":"Pedestrian area/street"},"geometry":{"type":"MultiLineString","coordinates":[[[-2.6584178,53.5459933],[-2.6580463,53.5461384],[-2.6571545,53.5464356],[-2.6566717,53.5466691],[-2.6560864,53.5469032],[-2.6558724,53.5469886]]]}}
]
}
