{
"type": "FeatureCollection",
"name": "SALFO_94_NACH_800m",
"crs": { "type": "name", "properties": { "name": "urn:ogc:def:crs:OGC:1.3:CRS84" } },
"features": [
{ "type": "Feature", "properties": { "id": 576, "nach": 0.42246775989368235 }, "geometry": { "type": "LineString", "coordinates": [ [ -2.4511383, 53.41803 ], [ -2.4516213, 53.417958 ] ] } },
{ "type": "Feature", "properties": { "id": 4536, "nach": 0.48567303828540215 }, "geometry": { "type": "LineString", "coordinates": [ [ -2.4502693, 53.4180221 ], [ -2.4506823, 53.41803560000001 ], [ -2.4508688, 53.4180378 ], [ -2.4511383, 53.41803 ] ] } },
{ "type": "Feature", "properties": { "id": 750, "nach": 0.45123893493396705 }, "geometry": { "type": "LineString", "coordinates": [ [ -2.4529102, 53.4177788 ], [ -2.4525846, 53.4178754 ], [ -2.4522658, 53.4179463 ], [ -2.4520152, 53.4179878 ], [ -2.4516367, 53.4180297 ], [ -2.4513413, 53.418037 ], [ -2.4511383, 53.41803 ] ] } },
{ "type": "Feature", "properties": { "id": 88550, "nach": 0.41498910252537985 }, "geometry": { "type": "LineString", "coordinates": [ [ -2.4516213, 53.417958 ], [ -2.4518835, 53.4179189 ] ] } },
{ "type": "Feature", "properties": { "id": 88552, "nach": 0.36920850530326577 }, "geometry": { "type": "LineString", "coordinates": [ [ -2.4514188, 53.4177253 ], [ -2.4514076, 53.4177667 ], [ -2.4514134, 53.417796 ], [ -2.4514364, 53.4178219 ], [ -2.4514901, 53.4178573 ], [ -2.4515263, 53.417881 ], [ -2.4516041, 53.4179247 ], [ -2.4516213, 53.417958 ] ] } },
{ "type": "Feature", "properties": { "id": 76038, "nach": 0.45157691022839008 }, "geometry": { "type": "LineString", "coordinates": [ [ -2.4500793, 53.4180843 ], [ -2.4501849, 53.4180656 ], [ -2.4502693, 53.4180221 ] ] } },
{ "type": "Feature", "properties": { "id": 88547, "nach": 0.44652219332484389 }, "geometry": { "type": "LineString", "coordinates": [ [ -2.4491435, 53.4179526 ], [ -2.4493795, 53.417969200000016 ], [ -2.4502693, 53.4180221 ] ] } },
{ "type": "Feature", "properties": { "id": 45094, "nach": 0.30661589606742734 }, "geometry": { "type": "LineString", "coordinates": [ [ -2.4289401, 53.4254475 ], [ -2.4292166, 53.4251971 ], [ -2.4295462, 53.4249233 ], [ -2.4299298, 53.4246411 ], [ -2.4304767, 53.4243195 ], [ -2.4310537, 53.4240312 ], [ -2.4316646, 53.4237786 ], [ -2.4323478, 53.4235592 ], [ -2.4332843, 53.4232861 ], [ -2.4341585, 53.423009199999989 ] ] } },
{ "type": "Feature", "properties": { "id": 749, "nach": 0.33618038043589349 }, "geometry": { "type": "LineString", "coordinates": [ [ -2.4529102, 53.4177788 ], [ -2.4528731, 53.417719 ], [ -2.4528838, 53.4176602 ], [ -2.4529459, 53.4175958 ] ] } },
{ "type": "Feature", "properties": { "id": 23943, "nach": 0.47769669096250955 }, "geometry": { "type": "LineString", "coordinates": [ [ -2.4530773, 53.4179925 ], [ -2.4529996, 53.4178821 ], [ -2.4529102, 53.4177788 ] ] } },
{ "type": "Feature", "properties": { "id": 4532, "nach": 0.38397673848120861 }, "geometry": { "type": "LineString", "coordinates": [ [ -2.4518835, 53.4179189 ], [ -2.4521275, 53.4178834 ], [ -2.4524149, 53.4178315 ], [ -2.4526915, 53.4177589 ], [ -2.4527593, 53.417747 ], [ -2.4528192, 53.41774860000001 ], [ -2.4528703, 53.4177596 ], [ -2.4529102, 53.4177788 ] ] } },
{ "type": "Feature", "properties": { "id": 32464, "nach": 0.28933498576556965 }, "geometry": { "type": "LineString", "coordinates": [ [ -2.4566535, 53.4130443 ], [ -2.4565396, 53.413103 ], [ -2.4565337, 53.413106 ], [ -2.4562518, 53.4132841 ], [ -2.456128, 53.4133737 ], [ -2.4560139, 53.4134662 ], [ -2.4558466, 53.4136191 ], [ -2.4557699, 53.4136995 ], [ -2.4556981, 53.413788599999982 ], [ -2.4556264, 53.4138813 ], [ -2.4555399, 53.4140111 ], [ -2.4554823, 53.414107 ], [ -2.4554443, 53.41418560000001 ], [ -2.4554119, 53.4142593 ], [ -2.455376, 53.41437160000001 ], [ -2.4553519, 53.4144511 ], [ -2.4553223, 53.4145539 ], [ -2.4552987, 53.414671800000015 ], [ -2.455158, 53.4154259 ], [ -2.4551322, 53.4155578 ], [ -2.4550787, 53.4157648 ], [ -2.4550475, 53.4158682 ], [ -2.4550037, 53.4159983 ], [ -2.4549355, 53.416156 ], [ -2.4548828, 53.4162569 ], [ -2.4548101, 53.4163695 ], [ -2.4547088, 53.416513499999986 ], [ -2.4546527, 53.4165855 ], [ -2.4545913, 53.416657499999985 ], [ -2.4544862, 53.4167682 ], [ -2.4543425, 53.416905 ], [ -2.4542359, 53.416995 ], [ -2.4541259, 53.4170862 ], [ -2.4539828, 53.4172043 ], [ -2.4537116, 53.4173889 ], [ -2.453409, 53.417564 ], [ -2.4531627, 53.417683 ], [ -2.4529102, 53.4177788 ] ] } },
{ "type": "Feature", "properties": { "id": 3552, "nach": 0.2840266413241066 }, "geometry": { "type": "LineString", "coordinates": [ [ -2.4529459, 53.4175958 ], [ -2.4530216, 53.4175603 ], [ -2.4531888, 53.4174847 ], [ -2.4533771, 53.4173874 ], [ -2.4535082, 53.4173158 ], [ -2.4536877, 53.417205 ], [ -2.4538242, 53.4171101 ], [ -2.4539558, 53.41701590000001 ], [ -2.4540833, 53.41691440000001 ], [ -2.454215, 53.41680310000001 ], [ -2.4543263, 53.4166856 ], [ -2.4543962, 53.4166114 ], [ -2.4545112, 53.4164702 ], [ -2.4545871, 53.4163609 ], [ -2.4546662, 53.4162316 ], [ -2.4547228, 53.4161188 ], [ -2.4547696, 53.416009 ], [ -2.4548481, 53.4158144 ], [ -2.4549006, 53.4156638 ], [ -2.4549301, 53.4155534 ], [ -2.4550831, 53.4148369 ], [ -2.4551233, 53.414668100000014 ], [ -2.4551513, 53.4145492 ], [ -2.4551829, 53.4144326 ], [ -2.4552192, 53.414318100000017 ], [ -2.4552571, 53.4142189 ], [ -2.4553068, 53.4140999 ], [ -2.4553698, 53.4139804 ], [ -2.4554234, 53.4138858 ], [ -2.4555014, 53.4137794 ], [ -2.4555977, 53.4136593 ], [ -2.4557124, 53.4135276 ], [ -2.45579, 53.4134497 ], [ -2.4559121, 53.4133372 ], [ -2.4559964, 53.41326440000001 ], [ -2.4560897, 53.4131897 ], [ -2.4562483, 53.41308 ], [ -2.4563794, 53.4129935 ], [ -2.4565105, 53.412917 ] ] } },
{ "type": "Feature", "properties": { "id": 4533, "nach": 0.33990976105207316 }, "geometry": { "type": "LineString", "coordinates": [ [ -2.4518835, 53.4179189 ], [ -2.4522169, 53.4178415 ], [ -2.4524236, 53.4177848 ], [ -2.4526344, 53.417711 ], [ -2.4529459, 53.4175958 ] ] } },
{ "type": "Feature", "properties": { "id": 23941, "nach": 0.50597879492488307 }, "geometry": { "type": "LineString", "coordinates": [ [ -2.4530773, 53.4179925 ], [ -2.4531061, 53.4180537 ] ] } },
{ "type": "Feature", "properties": { "id": 45136, "nach": 0.52517214762372055 }, "geometry": { "type": "LineString", "coordinates": [ [ -2.4535984, 53.4177844 ], [ -2.4533791, 53.417900500000016 ], [ -2.4532762, 53.4179443 ], [ -2.4531743, 53.4179736 ], [ -2.4530773, 53.4179925 ] ] } },
{ "type": "Feature", "properties": { "id": 56136, "nach": 0.46222952449658544 }, "geometry": { "type": "LineString", "coordinates": [ [ -2.4527864, 53.4194815 ], [ -2.4530299, 53.418568 ], [ -2.4531166, 53.4181503 ], [ -2.4531061, 53.4180537 ] ] } },
{ "type": "Feature", "properties": { "id": 76036, "nach": 0.49080981605831542 }, "geometry": { "type": "LineString", "coordinates": [ [ -2.4500793, 53.4180843 ], [ -2.4503314, 53.418101299999982 ], [ -2.450616, 53.4181059 ], [ -2.4508918, 53.4181044 ], [ -2.4511435, 53.4180972 ], [ -2.45128, 53.4180967 ], [ -2.4515409, 53.4180933 ], [ -2.4517709, 53.4180773 ], [ -2.4519163, 53.41805990000001 ], [ -2.4520594, 53.418041 ], [ -2.4522429, 53.4180157 ], [ -2.4526025, 53.4179659 ], [ -2.4526979, 53.4179537 ], [ -2.4527588, 53.417947499999983 ], [ -2.4527929, 53.4179483 ], [ -2.4528227, 53.4179531 ], [ -2.4528581, 53.4179712 ], [ -2.4529161, 53.4180029 ], [ -2.4530267, 53.4180634 ], [ -2.4531061, 53.4180537 ] ] } },
{ "type": "Feature", "properties": { "id": 83546, "nach": 0.41214272763162929 }, "geometry": { "type": "LineString", "coordinates": [ [ -2.4525418, 53.4203844 ], [ -2.4527658, 53.4195587 ], [ -2.4527864, 53.4194815 ] ] } },
{ "type": "Feature", "properties": { "id": 56139, "nach": 0.40764891055944796 }, "geometry": { "type": "LineString", "coordinates": [ [ -2.4533918, 53.4197859 ], [ -2.4534771, 53.4195969 ], [ -2.4534526, 53.4195628 ], [ -2.4529232, 53.4194982 ], [ -2.4527864, 53.4194815 ] ] } },
{ "type": "Feature", "properties": { "id": 76037, "nach": 0.52013410368978963 }, "geometry": { "type": "LineString", "coordinates": [ [ -2.4500793, 53.4180843 ], [ -2.4498647, 53.4180725 ], [ -2.449659, 53.4180612 ] ] } },
{ "type": "Feature", "properties": { "id": 4491, "nach": 0.39318050341653771 }, "geometry": { "type": "LineString", "coordinates": [ [ -2.4467442, 53.4177955 ], [ -2.4468074, 53.4177547 ], [ -2.4468889, 53.4177276 ], [ -2.4469472, 53.4177208 ] ] } },
{ "type": "Feature", "properties": { "id": 4498, "nach": 0.40475156393920381 }, "geometry": { "type": "LineString", "coordinates": [ [ -2.4467946, 53.4180248 ], [ -2.44674, 53.4179864 ], [ -2.4467059, 53.4179405 ], [ -2.4466949, 53.4178906 ], [ -2.446708, 53.417841 ], [ -2.4467442, 53.4177955 ] ] } },
{ "type": "Feature", "properties": { "id": 4531, "nach": 0.24321967412278761 }, "geometry": { "type": "LineString", "coordinates": [ [ -2.4462325, 53.4179844 ], [ -2.4464211, 53.41792 ], [ -2.4465905, 53.417859500000013 ], [ -2.4467442, 53.4177955 ] ] } },
{ "type": "Feature", "properties": { "id": 88553, "nach": 0.36744023440592766 }, "geometry": { "type": "LineString", "coordinates": [ [ -2.4469472, 53.4177208 ], [ -2.4469805, 53.417717 ], [ -2.447073, 53.417724 ], [ -2.4471573, 53.4177478 ] ] } },
{ "type": "Feature", "properties": { "id": 88555, "nach": 0.36368277025622969 }, "geometry": { "type": "LineString", "coordinates": [ [ -2.4469036, 53.4175941 ], [ -2.446927, 53.41765370000001 ], [ -2.4469472, 53.4177208 ] ] } },
{ "type": "Feature", "properties": { "id": 4492, "nach": 0.363719405942451 }, "geometry": { "type": "LineString", "coordinates": [ [ -2.4471573, 53.4177478 ], [ -2.4473524, 53.417794700000016 ], [ -2.4476508, 53.4178479 ], [ -2.4479718, 53.4178807 ] ] } },
{ "type": "Feature", "properties": { "id": 4493, "nach": 0.360953836462926 }, "geometry": { "type": "LineString", "coordinates": [ [ -2.4471573, 53.4177478 ], [ -2.4472175, 53.4177806 ], [ -2.4472604, 53.4178219 ], [ -2.4472827, 53.4178686 ], [ -2.4472826, 53.4179172 ], [ -2.4472603, 53.417964 ] ] } },
{ "type": "Feature", "properties": { "id": 88548, "nach": 0.45045760071707874 }, "geometry": { "type": "LineString", "coordinates": [ [ -2.4491435, 53.4179526 ], [ -2.4486885, 53.4179215 ], [ -2.4479718, 53.4178807 ] ] } },
{ "type": "Feature", "properties": { "id": 4535, "nach": 0.43565337733607568 }, "geometry": { "type": "LineString", "coordinates": [ [ -2.4479718, 53.4178807 ], [ -2.4476509, 53.4178998 ], [ -2.4474372, 53.417932 ], [ -2.4472603, 53.417964 ] ] } },
{ "type": "Feature", "properties": { "id": 4494, "nach": 0.46079060803665817 }, "geometry": { "type": "LineString", "coordinates": [ [ -2.4472603, 53.417964 ], [ -2.4472391, 53.417987600000018 ] ] } },
{ "type": "Feature", "properties": { "id": 79285, "nach": 0.45261353083989264 }, "geometry": { "type": "LineString", "coordinates": [ [ -2.4472391, 53.417987600000018 ], [ -2.4471872, 53.418099200000015 ], [ -2.4471514, 53.4181956 ] ] } },
{ "type": "Feature", "properties": { "id": 79286, "nach": 0.3610855405641924 }, "geometry": { "type": "LineString", "coordinates": [ [ -2.4472391, 53.417987600000018 ], [ -2.4471759, 53.4180297 ], [ -2.4470936, 53.4180577 ], [ -2.4470007, 53.4180688 ], [ -2.4469066, 53.4180617 ], [ -2.4468212, 53.4180372 ] ] } },
{ "type": "Feature", "properties": { "id": 21214, "nach": 0.51010255674111615 }, "geometry": { "type": "LineString", "coordinates": [ [ -2.4469987, 53.4185216 ], [ -2.447039, 53.4184218 ] ] } },
{ "type": "Feature", "properties": { "id": 4496, "nach": 0.46653564297921135 }, "geometry": { "type": "LineString", "coordinates": [ [ -2.447039, 53.4184218 ], [ -2.447008, 53.4182798 ], [ -2.4469694, 53.4181966 ] ] } },
{ "type": "Feature", "properties": { "id": 33888, "nach": 0.45087474200910249 }, "geometry": { "type": "LineString", "coordinates": [ [ -2.4471514, 53.4181956 ], [ -2.447039, 53.4184218 ] ] } },
{ "type": "Feature", "properties": { "id": 21215, "nach": 0.50376193782944256 }, "geometry": { "type": "LineString", "coordinates": [ [ -2.4469987, 53.4185216 ], [ -2.4469261, 53.418641799999989 ], [ -2.4468155, 53.4187581 ] ] } },
{ "type": "Feature", "properties": { "id": 86920, "nach": 0.42824277133445698 }, "geometry": { "type": "LineString", "coordinates": [ [ -2.4471352, 53.41855180000001 ], [ -2.4469987, 53.4185216 ] ] } },
{ "type": "Feature", "properties": { "id": 86914, "nach": 0.38068137122189838 }, "geometry": { "type": "LineString", "coordinates": [ [ -2.4468753, 53.4182101 ], [ -2.4469694, 53.4181966 ] ] } },
{ "type": "Feature", "properties": { "id": 4500, "nach": 0.45346031260352704 }, "geometry": { "type": "LineString", "coordinates": [ [ -2.4469694, 53.4181966 ], [ -2.4469101, 53.4181175 ], [ -2.4468212, 53.4180372 ] ] } },
{ "type": "Feature", "properties": { "id": 33890, "nach": 0.36497966567739687 }, "geometry": { "type": "LineString", "coordinates": [ [ -2.4471514, 53.4181956 ], [ -2.4470626, 53.4181832 ], [ -2.4469694, 53.4181966 ] ] } },
{ "type": "Feature", "properties": { "id": 4497, "nach": 0.37662341320341541 }, "geometry": { "type": "LineString", "coordinates": [ [ -2.4467946, 53.4180248 ], [ -2.4466062, 53.4179945 ], [ -2.4464251, 53.4179821 ], [ -2.4462325, 53.4179844 ] ] } },
{ "type": "Feature", "properties": { "id": 79287, "nach": 0.45427999465251268 }, "geometry": { "type": "LineString", "coordinates": [ [ -2.4468212, 53.4180372 ], [ -2.4467946, 53.4180248 ] ] } },
{ "type": "Feature", "properties": { "id": 86925, "nach": 0.31387819988138793 }, "geometry": { "type": "LineString", "coordinates": [ [ -2.4412727, 53.419819900000014 ], [ -2.4422509, 53.4194232 ], [ -2.4444708, 53.4185114 ], [ -2.4449912, 53.4183164 ], [ -2.4454818, 53.4181661 ], [ -2.4459875, 53.418035 ], [ -2.4462325, 53.4179844 ] ] } },
{ "type": "Feature", "properties": { "id": 86915, "nach": 0.36690226096395784 }, "geometry": { "type": "LineString", "coordinates": [ [ -2.4468753, 53.4182101 ], [ -2.4468913, 53.418295 ], [ -2.4468913, 53.418397800000015 ], [ -2.4468667, 53.418492199999982 ], [ -2.4468163, 53.4185931 ], [ -2.4467177, 53.418707 ], [ -2.446613, 53.418787 ], [ -2.4464931, 53.4188633 ], [ -2.4464251, 53.4189054 ] ] } },
{ "type": "Feature", "properties": { "id": 86916, "nach": 0.37157881347796717 }, "geometry": { "type": "LineString", "coordinates": [ [ -2.4468753, 53.4182101 ], [ -2.4467777, 53.4181267 ], [ -2.4466776, 53.4180856 ], [ -2.4465317, 53.4180589 ], [ -2.4462695, 53.418071 ], [ -2.445928, 53.41812190000001 ], [ -2.445412, 53.418262 ], [ -2.4450153, 53.4184005 ], [ -2.4437936, 53.418869300000011 ], [ -2.4413407, 53.4198783 ] ] } },
{ "type": "Feature", "properties": { "id": 86917, "nach": 0.4310315938792883 }, "geometry": { "type": "LineString", "coordinates": [ [ -2.4472723, 53.4182124 ], [ -2.4471514, 53.4181956 ] ] } },
{ "type": "Feature", "properties": { "id": 21204, "nach": 0.50477130633525191 }, "geometry": { "type": "LineString", "coordinates": [ [ -2.4473243, 53.4185831 ], [ -2.4473143, 53.4186221 ], [ -2.4472964, 53.418661099999987 ], [ -2.4472636, 53.4186933 ], [ -2.4472136, 53.418718 ], [ -2.4469873, 53.418807 ], [ -2.4468155, 53.4187581 ] ] } },
{ "type": "Feature", "properties": { "id": 40827, "nach": 0.54939853958283369 }, "geometry": { "type": "LineString", "coordinates": [ [ -2.4465218, 53.4189489 ], [ -2.4466309, 53.4188896 ], [ -2.4467323, 53.4188276 ], [ -2.4468155, 53.4187581 ] ] } },
{ "type": "Feature", "properties": { "id": 21205, "nach": 0.52317091365449353 }, "geometry": { "type": "LineString", "coordinates": [ [ -2.4473243, 53.4185831 ], [ -2.4473803, 53.4185865 ], [ -2.4474468, 53.4185809 ], [ -2.4474974, 53.4185669 ] ] } },
{ "type": "Feature", "properties": { "id": 86922, "nach": 0.43650341914287166 }, "geometry": { "type": "LineString", "coordinates": [ [ -2.4471352, 53.41855180000001 ], [ -2.4472045, 53.41856760000001 ], [ -2.447223, 53.4185718 ], [ -2.4473243, 53.4185831 ] ] } },
{ "type": "Feature", "properties": { "id": 40825, "nach": 0.55387471145998712 }, "geometry": { "type": "LineString", "coordinates": [ [ -2.4465218, 53.4189489 ], [ -2.446402, 53.419007 ] ] } },
{ "type": "Feature", "properties": { "id": 40826, "nach": 0.43135715998725283 }, "geometry": { "type": "LineString", "coordinates": [ [ -2.4465218, 53.4189489 ], [ -2.4464251, 53.4189054 ] ] } },
{ "type": "Feature", "properties": { "id": 126843, "nach": 0.59429936303439579 }, "geometry": { "type": "LineString", "coordinates": [ [ -2.4348764, 53.429040099999987 ], [ -2.4350283, 53.4290771 ] ] } },
{ "type": "Feature", "properties": { "id": 21236, "nach": 0.6627031197296086 }, "geometry": { "type": "LineString", "coordinates": [ [ -2.4351205, 53.4289524 ], [ -2.4350283, 53.4290771 ] ] } },
{ "type": "Feature", "properties": { "id": 126825, "nach": 0.63379505602541064 }, "geometry": { "type": "LineString", "coordinates": [ [ -2.4349215, 53.4292274 ], [ -2.434962, 53.4291711 ], [ -2.4350283, 53.4290771 ] ] } },
{ "type": "Feature", "properties": { "id": 126844, "nach": 0.63020867200479025 }, "geometry": { "type": "LineString", "coordinates": [ [ -2.4348764, 53.429040099999987 ], [ -2.4348362, 53.4290295 ], [ -2.4344698, 53.4289362 ] ] } },
{ "type": "Feature", "properties": { "id": 126846, "nach": 0.58755666810097185 }, "geometry": { "type": "LineString", "coordinates": [ [ -2.4348764, 53.429040099999987 ], [ -2.4349064, 53.4289998 ], [ -2.4349076, 53.4289693 ] ] } },
{ "type": "Feature", "properties": { "id": 126845, "nach": 0.46225854248584247 }, "geometry": { "type": "LineString", "coordinates": [ [ -2.4348764, 53.429040099999987 ], [ -2.4348181, 53.4291135 ], [ -2.4347857, 53.4291275 ] ] } },
{ "type": "Feature", "properties": { "id": 126833, "nach": 0.63624294430104555 }, "geometry": { "type": "LineString", "coordinates": [ [ -2.435178, 53.4288787 ], [ -2.4351205, 53.4289524 ] ] } },
{ "type": "Feature", "properties": { "id": 126813, "nach": 0.59715121733108845 }, "geometry": { "type": "LineString", "coordinates": [ [ -2.4352077, 53.4289906 ], [ -2.4351205, 53.4289524 ] ] } },
{ "type": "Feature", "properties": { "id": 126824, "nach": 0.68621315355090307 }, "geometry": { "type": "LineString", "coordinates": [ [ -2.4349215, 53.4292274 ], [ -2.4349126, 53.429239799999984 ], [ -2.4348801, 53.4292816 ], [ -2.4346403, 53.4295934 ] ] } },
{ "type": "Feature", "properties": { "id": 126823, "nach": 0.61148377371619556 }, "geometry": { "type": "LineString", "coordinates": [ [ -2.4349215, 53.4292274 ], [ -2.4349854, 53.4292465 ] ] } },
{ "type": "Feature", "properties": { "id": 126826, "nach": 0.63177094620002328 }, "geometry": { "type": "LineString", "coordinates": [ [ -2.4349215, 53.4292274 ], [ -2.4348367, 53.4292021 ], [ -2.4348224, 53.4292015 ] ] } },
{ "type": "Feature", "properties": { "id": 44350, "nach": 0.62090625964031643 }, "geometry": { "type": "LineString", "coordinates": [ [ -2.4341572, 53.4288801 ], [ -2.4342933, 53.428897 ] ] } },
{ "type": "Feature", "properties": { "id": 75387, "nach": 0.62618657605983996 }, "geometry": { "type": "LineString", "coordinates": [ [ -2.4344698, 53.4289362 ], [ -2.4342933, 53.428897 ] ] } },
{ "type": "Feature", "properties": { "id": 118487, "nach": 0.49494491063640578 }, "geometry": { "type": "LineString", "coordinates": [ [ -2.4342904, 53.4288284 ], [ -2.4342915, 53.428855200000015 ], [ -2.4342933, 53.428897 ] ] } },
{ "type": "Feature", "properties": { "id": 44352, "nach": 0.62003521156966357 }, "geometry": { "type": "LineString", "coordinates": [ [ -2.4341572, 53.4288801 ], [ -2.4337573, 53.4288522 ], [ -2.4333603, 53.4288094 ] ] } },
{ "type": "Feature", "properties": { "id": 118491, "nach": 0.37993352790882823 }, "geometry": { "type": "LineString", "coordinates": [ [ -2.4341388, 53.4289522 ], [ -2.4341451, 53.4289312 ], [ -2.4341572, 53.4288801 ] ] } },
{ "type": "Feature", "properties": { "id": 118523, "nach": 0.53166138903412252 }, "geometry": { "type": "LineString", "coordinates": [ [ -2.4344137, 53.4290058 ], [ -2.4344698, 53.4289362 ] ] } },
{ "type": "Feature", "properties": { "id": 118486, "nach": 0.45337004167668365 }, "geometry": { "type": "LineString", "coordinates": [ [ -2.4342904, 53.4288284 ], [ -2.4343204, 53.4287265 ] ] } },
{ "type": "Feature", "properties": { "id": 126838, "nach": 0.45586293847552084 }, "geometry": { "type": "LineString", "coordinates": [ [ -2.4349076, 53.4289693 ], [ -2.4348644, 53.4289745 ], [ -2.4348175, 53.428967299999989 ], [ -2.4343622, 53.4288415 ], [ -2.4342904, 53.4288284 ] ] } },
{ "type": "Feature", "properties": { "id": 118522, "nach": 0.44648287919481694 }, "geometry": { "type": "LineString", "coordinates": [ [ -2.433245, 53.4287376 ], [ -2.4336346, 53.428782700000014 ], [ -2.4337466, 53.4287851 ], [ -2.433821, 53.4287839 ], [ -2.4339464, 53.4287879 ], [ -2.4342173, 53.4288151 ], [ -2.4342904, 53.4288284 ] ] } },
{ "type": "Feature", "properties": { "id": 86924, "nach": 0.1272686051195851 }, "geometry": { "type": "LineString", "coordinates": [ [ -2.4412727, 53.419819900000014 ], [ -2.4398344, 53.4203901 ], [ -2.43917, 53.4206684 ], [ -2.4385238, 53.4209616 ], [ -2.4377216, 53.421354 ], [ -2.4366378, 53.4219361 ], [ -2.4360552, 53.4222343 ], [ -2.4352965, 53.4225738 ], [ -2.4341585, 53.423009199999989 ] ] } },
{ "type": "Feature", "properties": { "id": 86923, "nach": 0.37894807546831821 }, "geometry": { "type": "LineString", "coordinates": [ [ -2.4412727, 53.419819900000014 ], [ -2.4413407, 53.4198783 ] ] } },
{ "type": "Feature", "properties": { "id": 88549, "nach": 0.36798243643898343 }, "geometry": { "type": "LineString", "coordinates": [ [ -2.4491834, 53.4177363 ], [ -2.4491435, 53.4179526 ] ] } },
{ "type": "Feature", "properties": { "id": 56878, "nach": 0.44744757920731848 }, "geometry": { "type": "LineString", "coordinates": [ [ -2.4532502, 53.4253732 ], [ -2.4533553, 53.426011 ] ] } },
{ "type": "Feature", "properties": { "id": 56881, "nach": 0.47659289008363759 }, "geometry": { "type": "LineString", "coordinates": [ [ -2.4534158, 53.4261759 ], [ -2.4533553, 53.426011 ] ] } },
{ "type": "Feature", "properties": { "id": 36858, "nach": 0.49146044883546491 }, "geometry": { "type": "LineString", "coordinates": [ [ -2.4521806, 53.4261709 ], [ -2.4522256, 53.4261895 ], [ -2.4522801, 53.4261969 ], [ -2.4533553, 53.426011 ] ] } },
{ "type": "Feature", "properties": { "id": 56879, "nach": 0.35511350619890236 }, "geometry": { "type": "LineString", "coordinates": [ [ -2.4532502, 53.4253732 ], [ -2.4531433, 53.4249301 ], [ -2.4530669, 53.4247161 ], [ -2.4529449, 53.4244633 ] ] } },
{ "type": "Feature", "properties": { "id": 64230, "nach": 0.4328822222243433 }, "geometry": { "type": "LineString", "coordinates": [ [ -2.4547263, 53.4251728 ], [ -2.454624, 53.4252545 ], [ -2.454476, 53.4253048 ], [ -2.4543597, 53.4253291 ], [ -2.453871, 53.4253551 ], [ -2.4537786, 53.4253338 ], [ -2.4532502, 53.4253732 ] ] } },
{ "type": "Feature", "properties": { "id": 125715, "nach": 0.43980334746844296 }, "geometry": { "type": "LineString", "coordinates": [ [ -2.453648, 53.4265127 ], [ -2.4535903, 53.4264559 ], [ -2.453495, 53.4263352 ], [ -2.4534158, 53.4261759 ] ] } },
{ "type": "Feature", "properties": { "id": 125713, "nach": 0.39789980713534218 }, "geometry": { "type": "LineString", "coordinates": [ [ -2.4542645, 53.42638560000001 ], [ -2.4540717, 53.4262728 ], [ -2.4538827, 53.426205 ], [ -2.4537038, 53.4261856 ], [ -2.4534158, 53.4261759 ] ] } },
{ "type": "Feature", "properties": { "id": 36860, "nach": 0.27973086202981173 }, "geometry": { "type": "LineString", "coordinates": [ [ -2.4521806, 53.4261709 ], [ -2.4521429, 53.4261446 ], [ -2.4521289, 53.42612470000001 ], [ -2.451899, 53.4255324 ], [ -2.4518899, 53.4254864 ], [ -2.4518972, 53.4254466 ], [ -2.4519185, 53.4254067 ], [ -2.452093, 53.4251876 ], [ -2.4521319, 53.4251062 ], [ -2.4521329, 53.4250743 ], [ -2.4519921, 53.4246808 ], [ -2.4519851, 53.4246439 ], [ -2.4520044, 53.4246044 ], [ -2.4520749, 53.4245735 ], [ -2.4529449, 53.4244633 ] ] } },
{ "type": "Feature", "properties": { "id": 118680, "nach": 0.49973977413616 }, "geometry": { "type": "LineString", "coordinates": [ [ -2.4493466, 53.42747030000001 ], [ -2.449581, 53.4270044 ], [ -2.4497486, 53.4266109 ], [ -2.4508633, 53.4262788 ], [ -2.4511082, 53.4262439 ], [ -2.4512998, 53.4262183 ], [ -2.4515189, 53.4261877 ], [ -2.4518249, 53.4262521 ], [ -2.4521806, 53.4261709 ] ] } },
{ "type": "Feature", "properties": { "id": 76074, "nach": 0.34166744114674424 }, "geometry": { "type": "LineString", "coordinates": [ [ -2.4522816, 53.4214295 ], [ -2.4522339, 53.4217368 ], [ -2.4522262, 53.422063 ], [ -2.4524092, 53.4234121 ], [ -2.45246150000001, 53.4235937 ], [ -2.4525326, 53.4237725 ], [ -2.4526918, 53.4240739 ], [ -2.4528379, 53.424280699999983 ], [ -2.4529449, 53.4244633 ] ] } },
{ "type": "Feature", "properties": { "id": 76075, "nach": 0.31628390518129496 }, "geometry": { "type": "LineString", "coordinates": [ [ -2.4517882, 53.4214151 ], [ -2.4522816, 53.4214295 ] ] } },
{ "type": "Feature", "properties": { "id": 83543, "nach": 0.36946550043869975 }, "geometry": { "type": "LineString", "coordinates": [ [ -2.4524941, 53.4205602 ], [ -2.4524382, 53.420766 ], [ -2.4522845, 53.4214106 ], [ -2.4522816, 53.4214295 ] ] } },
{ "type": "Feature", "properties": { "id": 33894, "nach": 0.42199097217832265 }, "geometry": { "type": "LineString", "coordinates": [ [ -2.4342229, 53.4230853 ], [ -2.4342043, 53.4230634 ], [ -2.4341585, 53.423009199999989 ] ] } },
{ "type": "Feature", "properties": { "id": 33895, "nach": 0.45507593800014445 }, "geometry": { "type": "LineString", "coordinates": [ [ -2.4342229, 53.4230853 ], [ -2.4343092, 53.423171 ], [ -2.4344178, 53.4232586 ], [ -2.4346928, 53.4234324 ] ] } },
{ "type": "Feature", "properties": { "id": 119125, "nach": 0.37032946893932112 }, "geometry": { "type": "LineString", "coordinates": [ [ -2.4343786, 53.4230294 ], [ -2.4343469, 53.4230402 ], [ -2.4342229, 53.4230853 ] ] } },
{ "type": "Feature", "properties": { "id": 119130, "nach": 0.38707690694941843 }, "geometry": { "type": "LineString", "coordinates": [ [ -2.4340812, 53.4231359 ], [ -2.434111, 53.4231257 ], [ -2.4342229, 53.4230853 ] ] } },
{ "type": "Feature", "properties": { "id": 44347, "nach": 0.65452042350864015 }, "geometry": { "type": "LineString", "coordinates": [ [ -2.4333603, 53.4288094 ], [ -2.4330612, 53.4287768 ] ] } },
{ "type": "Feature", "properties": { "id": 75385, "nach": 0.56772486937555944 }, "geometry": { "type": "LineString", "coordinates": [ [ -2.433295, 53.4280578 ], [ -2.4331525, 53.4284871 ], [ -2.4330716, 53.4287404 ], [ -2.4330612, 53.4287768 ] ] } },
{ "type": "Feature", "properties": { "id": 86583, "nach": 0.49612588348295578 }, "geometry": { "type": "LineString", "coordinates": [ [ -2.444947, 53.419431 ], [ -2.4451545, 53.4195938 ] ] } },
{ "type": "Feature", "properties": { "id": 83112, "nach": 0.54807516862717853 }, "geometry": { "type": "LineString", "coordinates": [ [ -2.4446498, 53.4198681 ], [ -2.4448704, 53.4197402 ], [ -2.4451545, 53.4195938 ] ] } },
{ "type": "Feature", "properties": { "id": 21132, "nach": 0.55428754952353476 }, "geometry": { "type": "LineString", "coordinates": [ [ -2.446402, 53.419007 ], [ -2.4461664, 53.4191075 ], [ -2.4457951, 53.4192812 ], [ -2.4451545, 53.4195938 ] ] } },
{ "type": "Feature", "properties": { "id": 21104, "nach": 0.47299974553744595 }, "geometry": { "type": "LineString", "coordinates": [ [ -2.4460139, 53.4201981 ], [ -2.4452396, 53.419646799999988 ], [ -2.4452119, 53.4196295 ], [ -2.4451545, 53.4195938 ] ] } },
{ "type": "Feature", "properties": { "id": 86585, "nach": 0.48513152718795027 }, "geometry": { "type": "LineString", "coordinates": [ [ -2.444947, 53.419431 ], [ -2.4440068, 53.4198417 ], [ -2.4430418, 53.4204227 ], [ -2.4428558, 53.4205427 ], [ -2.4427303, 53.4206012 ] ] } },
{ "type": "Feature", "properties": { "id": 126707, "nach": 0.54642545301518386 }, "geometry": { "type": "LineString", "coordinates": [ [ -2.4444495, 53.4199843 ], [ -2.4446498, 53.4198681 ] ] } },
{ "type": "Feature", "properties": { "id": 83114, "nach": 0.37430735779056745 }, "geometry": { "type": "LineString", "coordinates": [ [ -2.4452976, 53.4203331 ], [ -2.4448625, 53.4200078 ], [ -2.4446498, 53.4198681 ] ] } },
{ "type": "Feature", "properties": { "id": 21133, "nach": 0.42989787125109602 }, "geometry": { "type": "LineString", "coordinates": [ [ -2.446402, 53.419007 ], [ -2.4464572, 53.4190794 ], [ -2.4464961, 53.4191119 ], [ -2.4471758, 53.4195896 ] ] } },
{ "type": "Feature", "properties": { "id": 59270, "nach": 0.54719577195654057 }, "geometry": { "type": "LineString", "coordinates": [ [ -2.4423561, 53.4212898 ], [ -2.441581, 53.4217959 ] ] } },
{ "type": "Feature", "properties": { "id": 23815, "nach": 0.55896755193343028 }, "geometry": { "type": "LineString", "coordinates": [ [ -2.440621, 53.42244070000001 ], [ -2.4410157, 53.4221699 ], [ -2.441581, 53.4217959 ] ] } },
{ "type": "Feature", "properties": { "id": 21081, "nach": 0.44517020159830512 }, "geometry": { "type": "LineString", "coordinates": [ [ -2.441581, 53.4217959 ], [ -2.4422695, 53.4221993 ], [ -2.4425056, 53.4222465 ], [ -2.443042, 53.4222094 ], [ -2.4435703, 53.4220733 ], [ -2.443877, 53.4219339 ] ] } },
{ "type": "Feature", "properties": { "id": 59271, "nach": 0.53681848069662141 }, "geometry": { "type": "LineString", "coordinates": [ [ -2.4423561, 53.4212898 ], [ -2.4428893, 53.4209522 ] ] } },
{ "type": "Feature", "properties": { "id": 126692, "nach": 0.45541796354609537 }, "geometry": { "type": "LineString", "coordinates": [ [ -2.4421647, 53.421188100000016 ], [ -2.4421841, 53.4211988 ], [ -2.4423561, 53.4212898 ] ] } },
{ "type": "Feature", "properties": { "id": 51927, "nach": 0.56734722208518351 }, "geometry": { "type": "LineString", "coordinates": [ [ -2.440443, 53.4225728 ], [ -2.440621, 53.42244070000001 ] ] } },
{ "type": "Feature", "properties": { "id": 86907, "nach": 0.42846179686752833 }, "geometry": { "type": "LineString", "coordinates": [ [ -2.4386093, 53.421009200000015 ], [ -2.4386696, 53.4210442 ], [ -2.4389391, 53.4212022 ], [ -2.4395118, 53.4216137 ], [ -2.4400845, 53.4220589 ], [ -2.4401293, 53.422039200000015 ], [ -2.440621, 53.42244070000001 ] ] } },
{ "type": "Feature", "properties": { "id": 21093, "nach": 0.40168628197088885 }, "geometry": { "type": "LineString", "coordinates": [ [ -2.443877, 53.4219339 ], [ -2.4432251, 53.4215548 ] ] } },
{ "type": "Feature", "properties": { "id": 61499, "nach": 0.48958643730313967 }, "geometry": { "type": "LineString", "coordinates": [ [ -2.4448195, 53.4224824 ], [ -2.443877, 53.4219339 ] ] } },
{ "type": "Feature", "properties": { "id": 21094, "nach": 0.49624117072486978 }, "geometry": { "type": "LineString", "coordinates": [ [ -2.443877, 53.4219339 ], [ -2.4440426, 53.4218462 ], [ -2.4441273, 53.4217878 ], [ -2.4442147, 53.4217147 ], [ -2.4443397, 53.421566699999985 ] ] } },
{ "type": "Feature", "properties": { "id": 51930, "nach": 0.59513496273506594 }, "geometry": { "type": "LineString", "coordinates": [ [ -2.4403718, 53.4226291 ], [ -2.4401526, 53.4227944 ] ] } },
{ "type": "Feature", "properties": { "id": 51935, "nach": 0.58869257469201797 }, "geometry": { "type": "LineString", "coordinates": [ [ -2.4394662, 53.4234334 ], [ -2.4396429, 53.4232536 ], [ -2.4398338, 53.4230656 ], [ -2.4401526, 53.4227944 ] ] } },
{ "type": "Feature", "properties": { "id": 65151, "nach": 0.55035872679089237 }, "geometry": { "type": "LineString", "coordinates": [ [ -2.44071, 53.422946900000014 ], [ -2.4406186, 53.4229482 ], [ -2.4405423, 53.4229345 ], [ -2.4404707, 53.422912099999984 ], [ -2.4401526, 53.4227944 ] ] } },
{ "type": "Feature", "properties": { "id": 51931, "nach": 0.56958347594048842 }, "geometry": { "type": "LineString", "coordinates": [ [ -2.4403718, 53.4226291 ], [ -2.440443, 53.4225728 ] ] } },
{ "type": "Feature", "properties": { "id": 51932, "nach": 0.53245021030628348 }, "geometry": { "type": "LineString", "coordinates": [ [ -2.4403718, 53.4226291 ], [ -2.439941, 53.4223721 ] ] } },
{ "type": "Feature", "properties": { "id": 51936, "nach": 0.32967050748585608 }, "geometry": { "type": "LineString", "coordinates": [ [ -2.4394662, 53.4234334 ], [ -2.4400406, 53.4236183 ], [ -2.4400978, 53.4236375 ] ] } },
{ "type": "Feature", "properties": { "id": 51934, "nach": 0.59178030788863822 }, "geometry": { "type": "LineString", "coordinates": [ [ -2.4394662, 53.4234334 ], [ -2.4392838, 53.4236314 ] ] } },
{ "type": "Feature", "properties": { "id": 65152, "nach": 0.52341834747001814 }, "geometry": { "type": "LineString", "coordinates": [ [ -2.44071, 53.422946900000014 ], [ -2.4407088, 53.4229949 ], [ -2.4406734, 53.4230328 ], [ -2.440274, 53.4234726 ], [ -2.4400978, 53.4236375 ] ] } },
{ "type": "Feature", "properties": { "id": 65150, "nach": 0.50211360589202803 }, "geometry": { "type": "LineString", "coordinates": [ [ -2.44071, 53.422946900000014 ], [ -2.4413917, 53.4229042 ] ] } },
{ "type": "Feature", "properties": { "id": 76622, "nach": 0.3591821742496859 }, "geometry": { "type": "LineString", "coordinates": [ [ -2.4470139, 53.4196673 ], [ -2.4471758, 53.4195896 ] ] } },
{ "type": "Feature", "properties": { "id": 76621, "nach": 0.35864177166223782 }, "geometry": { "type": "LineString", "coordinates": [ [ -2.4473425, 53.4195096 ], [ -2.4471758, 53.4195896 ] ] } },
{ "type": "Feature", "properties": { "id": 63194, "nach": 0.51921059807732439 }, "geometry": { "type": "LineString", "coordinates": [ [ -2.4388266, 53.4249346 ], [ -2.4402685, 53.4253733 ] ] } },
{ "type": "Feature", "properties": { "id": 119037, "nach": 0.48072156431449931 }, "geometry": { "type": "LineString", "coordinates": [ [ -2.4402755, 53.4253879 ], [ -2.4402685, 53.4253733 ] ] } },
{ "type": "Feature", "properties": { "id": 118844, "nach": 0.50738717279888068 }, "geometry": { "type": "LineString", "coordinates": [ [ -2.440737, 53.425034 ], [ -2.440443, 53.4250555 ], [ -2.4403118, 53.4253426 ], [ -2.4402685, 53.4253733 ] ] } },
{ "type": "Feature", "properties": { "id": 63196, "nach": 0.47145330530287971 }, "geometry": { "type": "LineString", "coordinates": [ [ -2.4388266, 53.4249346 ], [ -2.4386822, 53.4248915 ], [ -2.4383377, 53.4247888 ], [ -2.4382948, 53.4247753 ] ] } },
{ "type": "Feature", "properties": { "id": 119006, "nach": 0.51041224886486747 }, "geometry": { "type": "LineString", "coordinates": [ [ -2.4387997, 53.4249624 ], [ -2.4388266, 53.4249346 ] ] } },
{ "type": "Feature", "properties": { "id": 119038, "nach": 0.43597118897080928 }, "geometry": { "type": "LineString", "coordinates": [ [ -2.4402755, 53.4253879 ], [ -2.4402416, 53.4253898 ], [ -2.4393102, 53.4251265 ], [ -2.4392767, 53.425134899999989 ], [ -2.439166, 53.425103300000018 ], [ -2.4391593, 53.4250757 ], [ -2.4387997, 53.4249624 ] ] } },
{ "type": "Feature", "properties": { "id": 119040, "nach": 0.49171045726094698 }, "geometry": { "type": "LineString", "coordinates": [ [ -2.4403352, 53.425512500000011 ], [ -2.4402755, 53.4253879 ] ] } },
{ "type": "Feature", "properties": { "id": 118843, "nach": 0.49535375002076343 }, "geometry": { "type": "LineString", "coordinates": [ [ -2.440737, 53.425034 ], [ -2.4407653, 53.4250319 ] ] } },
{ "type": "Feature", "properties": { "id": 118854, "nach": 0.28978919597760083 }, "geometry": { "type": "LineString", "coordinates": [ [ -2.4419666, 53.424978 ], [ -2.4419542, 53.42499380000001 ], [ -2.4419233, 53.4250406 ], [ -2.4418502, 53.4251169 ], [ -2.4417892, 53.4251601 ], [ -2.4417617, 53.425175200000012 ], [ -2.4417255, 53.4251848 ], [ -2.4416658, 53.425186 ], [ -2.4414419, 53.4251353 ], [ -2.4413835, 53.4251213 ], [ -2.4413782, 53.4251061 ], [ -2.4413782, 53.4250861 ], [ -2.4413728, 53.425061 ], [ -2.441348, 53.4250374 ], [ -2.4413004, 53.4250158 ], [ -2.4409564, 53.4249319 ], [ -2.4409141, 53.4249263 ], [ -2.4408779, 53.4249271 ], [ -2.440839, 53.424931099999988 ], [ -2.4408001, 53.4249423 ], [ -2.4407633, 53.4249687 ], [ -2.4407425, 53.4249962 ], [ -2.4407378, 53.4250202 ], [ -2.440737, 53.425034 ] ] } },
{ "type": "Feature", "properties": { "id": 119041, "nach": 0.0 }, "geometry": { "type": "LineString", "coordinates": [ [ -2.4403352, 53.425512500000011 ], [ -2.4404102, 53.4255039 ], [ -2.4405185, 53.4254993 ], [ -2.4406017, 53.4255005 ], [ -2.4407284, 53.4255161 ], [ -2.4408531, 53.4255476 ], [ -2.4409182, 53.4255704 ], [ -2.4410355, 53.4256211 ], [ -2.4410945, 53.4256235 ], [ -2.4411287, 53.425614 ], [ -2.4411676, 53.4255888 ], [ -2.4415606, 53.4253087 ], [ -2.4415887, 53.4252823 ], [ -2.4416001, 53.425258300000017 ], [ -2.4415901, 53.4252368 ], [ -2.441521, 53.425201199999989 ], [ -2.4413601, 53.4251649 ], [ -2.4413118, 53.425166 ], [ -2.4412642, 53.4251784 ], [ -2.4412219, 53.4251884 ], [ -2.4411643, 53.425182399999983 ], [ -2.4410596, 53.4251601 ], [ -2.4409148, 53.4251237 ], [ -2.4408149, 53.4250929 ], [ -2.4407659, 53.425073 ], [ -2.4407438, 53.4250566 ], [ -2.4407364, 53.4250446 ], [ -2.440737, 53.425034 ] ] } },
{ "type": "Feature", "properties": { "id": 61500, "nach": 0.45679976804065692 }, "geometry": { "type": "LineString", "coordinates": [ [ -2.4448195, 53.4224824 ], [ -2.4450086, 53.4225876 ], [ -2.4452071, 53.4227086 ], [ -2.4452566, 53.4227537 ], [ -2.4452644, 53.4227787 ] ] } },
{ "type": "Feature", "properties": { "id": 61501, "nach": 0.46697745633233084 }, "geometry": { "type": "LineString", "coordinates": [ [ -2.4448195, 53.4224824 ], [ -2.4445024, 53.422689899999988 ], [ -2.444459, 53.4227286 ], [ -2.4444444, 53.4227541 ], [ -2.4444402, 53.42279340000001 ] ] } },
{ "type": "Feature", "properties": { "id": 61503, "nach": 0.40586775441051559 }, "geometry": { "type": "LineString", "coordinates": [ [ -2.4451232, 53.4221209 ], [ -2.4452171, 53.4221976 ], [ -2.4452251, 53.4222264 ], [ -2.4452144, 53.422247099999986 ], [ -2.4448195, 53.4224824 ] ] } },
{ "type": "Feature", "properties": { "id": 21156, "nach": 0.40283509528986722 }, "geometry": { "type": "LineString", "coordinates": [ [ -2.4443397, 53.421566699999985 ], [ -2.4444146, 53.4215898 ], [ -2.4444895, 53.4216047 ], [ -2.4445897, 53.4216095 ], [ -2.4459585, 53.4215194 ], [ -2.4460695, 53.4215121 ] ] } },
{ "type": "Feature", "properties": { "id": 21155, "nach": 0.48412194983497731 }, "geometry": { "type": "LineString", "coordinates": [ [ -2.4443397, 53.421566699999985 ], [ -2.4444577, 53.421396200000011 ], [ -2.444493, 53.4213313 ], [ -2.4445217, 53.4212501 ], [ -2.4445392, 53.4211684 ], [ -2.4445502, 53.421078 ], [ -2.4445416, 53.4209702 ] ] } },
{ "type": "Feature", "properties": { "id": 21102, "nach": 0.43117964055609398 }, "geometry": { "type": "LineString", "coordinates": [ [ -2.4390621, 53.4238947 ], [ -2.4389643, 53.4238775 ], [ -2.437632, 53.423289899999986 ] ] } },
{ "type": "Feature", "properties": { "id": 21199, "nach": 0.60594041537955479 }, "geometry": { "type": "LineString", "coordinates": [ [ -2.4388987, 53.4240799 ], [ -2.4390621, 53.4238947 ] ] } },
{ "type": "Feature", "properties": { "id": 23803, "nach": 0.59873714358368757 }, "geometry": { "type": "LineString", "coordinates": [ [ -2.4392838, 53.4236314 ], [ -2.4390621, 53.4238947 ] ] } },
{ "type": "Feature", "properties": { "id": 21126, "nach": 0.0 }, "geometry": { "type": "LineString", "coordinates": [ [ -2.4413917, 53.4229042 ], [ -2.4413937, 53.4229831 ], [ -2.4413699, 53.423037 ], [ -2.4410418, 53.4237126 ], [ -2.4410171, 53.4237416 ], [ -2.4409792, 53.423762 ], [ -2.4409257, 53.4237715 ], [ -2.4400978, 53.4236375 ] ] } },
{ "type": "Feature", "properties": { "id": 65149, "nach": 0.53694570925675467 }, "geometry": { "type": "LineString", "coordinates": [ [ -2.4397233, 53.42418150000001 ], [ -2.4398826, 53.4238647 ], [ -2.4400978, 53.4236375 ] ] } },
{ "type": "Feature", "properties": { "id": 36868, "nach": 0.48986515179077655 }, "geometry": { "type": "LineString", "coordinates": [ [ -2.4430815, 53.422826 ], [ -2.442239, 53.4228466 ], [ -2.4413917, 53.4229042 ] ] } },
{ "type": "Feature", "properties": { "id": 65148, "nach": 0.61608977372760043 }, "geometry": { "type": "LineString", "coordinates": [ [ -2.4397233, 53.42418150000001 ], [ -2.4403412, 53.4243032 ] ] } },
{ "type": "Feature", "properties": { "id": 73071, "nach": 0.60867455943602455 }, "geometry": { "type": "LineString", "coordinates": [ [ -2.4396469, 53.42416870000001 ], [ -2.4397233, 53.42418150000001 ] ] } },
{ "type": "Feature", "properties": { "id": 23811, "nach": 0.65276471889340815 }, "geometry": { "type": "LineString", "coordinates": [ [ -2.4387112, 53.4243017 ], [ -2.4388987, 53.4240799 ] ] } },
{ "type": "Feature", "properties": { "id": 73073, "nach": 0.61348742551484714 }, "geometry": { "type": "LineString", "coordinates": [ [ -2.4396469, 53.42416870000001 ], [ -2.4393633, 53.424129200000017 ], [ -2.4390752, 53.424113 ], [ -2.4389974, 53.4241027 ], [ -2.4388987, 53.4240799 ] ] } },
{ "type": "Feature", "properties": { "id": 23805, "nach": 0.42311093425314661 }, "geometry": { "type": "LineString", "coordinates": [ [ -2.4392838, 53.4236314 ], [ -2.4391987, 53.4235968 ], [ -2.4388419, 53.4234521 ], [ -2.4382089, 53.423228400000021 ], [ -2.4381123, 53.4231452 ], [ -2.4381338, 53.423055700000013 ], [ -2.4384234, 53.4228256 ] ] } },
{ "type": "Feature", "properties": { "id": 21163, "nach": 0.35944183868470342 }, "geometry": { "type": "LineString", "coordinates": [ [ -2.448231, 53.420405 ], [ -2.4460139, 53.4201981 ] ] } },
{ "type": "Feature", "properties": { "id": 21140, "nach": 0.45655964841826469 }, "geometry": { "type": "LineString", "coordinates": [ [ -2.4460695, 53.4215121 ], [ -2.446068, 53.4214767 ], [ -2.4460139, 53.4201981 ] ] } },
{ "type": "Feature", "properties": { "id": 21164, "nach": 0.36967999277017072 }, "geometry": { "type": "LineString", "coordinates": [ [ -2.448231, 53.420405 ], [ -2.4487276, 53.4204446 ] ] } },
{ "type": "Feature", "properties": { "id": 21165, "nach": 0.44654893129639567 }, "geometry": { "type": "LineString", "coordinates": [ [ -2.448231, 53.420405 ], [ -2.448183, 53.420512600000016 ], [ -2.4481045, 53.4206771 ], [ -2.448028, 53.4208214 ], [ -2.4477499, 53.4210754 ] ] } },
{ "type": "Feature", "properties": { "id": 29255, "nach": 0.43699188133854233 }, "geometry": { "type": "LineString", "coordinates": [ [ -2.4484934, 53.419344499999987 ], [ -2.4485459, 53.4193861 ], [ -2.4485888, 53.4195139 ], [ -2.448231, 53.420405 ] ] } },
{ "type": "Feature", "properties": { "id": 23818, "nach": 0.5341591561372413 }, "geometry": { "type": "LineString", "coordinates": [ [ -2.4428893, 53.4209522 ], [ -2.4436967, 53.4204462 ] ] } },
{ "type": "Feature", "properties": { "id": 83115, "nach": 0.54590308201730531 }, "geometry": { "type": "LineString", "coordinates": [ [ -2.4442733, 53.4200892 ], [ -2.4436967, 53.4204462 ] ] } },
{ "type": "Feature", "properties": { "id": 83109, "nach": 0.50255666167368029 }, "geometry": { "type": "LineString", "coordinates": [ [ -2.4441069, 53.4206889 ], [ -2.4437621, 53.4204849 ], [ -2.4436967, 53.4204462 ] ] } },
{ "type": "Feature", "properties": { "id": 23820, "nach": 0.39418328889157672 }, "geometry": { "type": "LineString", "coordinates": [ [ -2.4435553, 53.421127499999983 ], [ -2.4433876, 53.4212197 ], [ -2.4433328, 53.4212283 ], [ -2.443286, 53.4212157 ], [ -2.4428893, 53.4209522 ] ] } },
{ "type": "Feature", "properties": { "id": 83118, "nach": 0.42268596143931692 }, "geometry": { "type": "LineString", "coordinates": [ [ -2.4446457, 53.4202781 ], [ -2.4442733, 53.4200892 ] ] } },
{ "type": "Feature", "properties": { "id": 126709, "nach": 0.53427204552239815 }, "geometry": { "type": "LineString", "coordinates": [ [ -2.4444495, 53.4199843 ], [ -2.4443415, 53.4200469 ], [ -2.4442733, 53.4200892 ] ] } },
{ "type": "Feature", "properties": { "id": 21107, "nach": 0.58295083652461688 }, "geometry": { "type": "LineString", "coordinates": [ [ -2.4379089, 53.4252403 ], [ -2.4378111, 53.4251914 ] ] } },
{ "type": "Feature", "properties": { "id": 21117, "nach": 0.6275122703256224 }, "geometry": { "type": "LineString", "coordinates": [ [ -2.43752, 53.4257255 ], [ -2.4379089, 53.4252403 ] ] } },
{ "type": "Feature", "properties": { "id": 119034, "nach": 0.57744718463630917 }, "geometry": { "type": "LineString", "coordinates": [ [ -2.4380237, 53.42527230000001 ], [ -2.4379596, 53.425253 ], [ -2.4379089, 53.4252403 ] ] } },
{ "type": "Feature", "properties": { "id": 51938, "nach": 0.62294339529449405 }, "geometry": { "type": "LineString", "coordinates": [ [ -2.4381738, 53.4249172 ], [ -2.4380749, 53.4250378 ], [ -2.4379089, 53.4252403 ] ] } },
{ "type": "Feature", "properties": { "id": 119014, "nach": 0.59079234402268177 }, "geometry": { "type": "LineString", "coordinates": [ [ -2.4378111, 53.4251914 ], [ -2.4377295, 53.4251505 ], [ -2.437085, 53.4248826 ], [ -2.4368564, 53.424771200000016 ] ] } },
{ "type": "Feature", "properties": { "id": 119023, "nach": 0.51399801435631032 }, "geometry": { "type": "LineString", "coordinates": [ [ -2.4378692, 53.4251237 ], [ -2.4378521, 53.4251436 ], [ -2.4378111, 53.4251914 ] ] } },
{ "type": "Feature", "properties": { "id": 119019, "nach": 0.46831564834461459 }, "geometry": { "type": "LineString", "coordinates": [ [ -2.4377631, 53.4252473 ], [ -2.4377809, 53.4252266 ], [ -2.4378111, 53.4251914 ] ] } },
{ "type": "Feature", "properties": { "id": 118864, "nach": 0.62260634525958924 }, "geometry": { "type": "LineString", "coordinates": [ [ -2.4375795, 53.42574530000001 ], [ -2.43752, 53.4257255 ] ] } },
{ "type": "Feature", "properties": { "id": 83083, "nach": 0.6625182260593987 }, "geometry": { "type": "LineString", "coordinates": [ [ -2.4372397, 53.4260643 ], [ -2.43752, 53.4257255 ] ] } },
{ "type": "Feature", "properties": { "id": 119035, "nach": 0.60166635056202145 }, "geometry": { "type": "LineString", "coordinates": [ [ -2.4380237, 53.42527230000001 ], [ -2.438122, 53.4253075 ], [ -2.4383005, 53.4253675 ], [ -2.4385323, 53.4254593 ], [ -2.4387556, 53.4255644 ], [ -2.4394464, 53.4258765 ] ] } },
{ "type": "Feature", "properties": { "id": 126688, "nach": 0.56241149856580974 }, "geometry": { "type": "LineString", "coordinates": [ [ -2.4380511, 53.4252358 ], [ -2.4380237, 53.42527230000001 ] ] } },
{ "type": "Feature", "properties": { "id": 126685, "nach": 0.49588507968809531 }, "geometry": { "type": "LineString", "coordinates": [ [ -2.4379732, 53.4253563 ], [ -2.4380237, 53.42527230000001 ] ] } },
{ "type": "Feature", "properties": { "id": 51937, "nach": 0.63518005231558428 }, "geometry": { "type": "LineString", "coordinates": [ [ -2.4381738, 53.4249172 ], [ -2.4382948, 53.4247753 ] ] } },
{ "type": "Feature", "properties": { "id": 119020, "nach": 0.51961451701742578 }, "geometry": { "type": "LineString", "coordinates": [ [ -2.4381107, 53.4249005 ], [ -2.438122, 53.4249035 ], [ -2.4381738, 53.4249172 ] ] } },
{ "type": "Feature", "properties": { "id": 119045, "nach": 0.59424067693038263 }, "geometry": { "type": "LineString", "coordinates": [ [ -2.4382477, 53.4249369 ], [ -2.4382313, 53.4249325 ], [ -2.4381738, 53.4249172 ] ] } },
{ "type": "Feature", "properties": { "id": 42561, "nach": 0.65602257413877119 }, "geometry": { "type": "LineString", "coordinates": [ [ -2.4371386, 53.4261931 ], [ -2.4371769, 53.4261413 ] ] } },
{ "type": "Feature", "properties": { "id": 83082, "nach": 0.65920441132383645 }, "geometry": { "type": "LineString", "coordinates": [ [ -2.4372397, 53.4260643 ], [ -2.4371769, 53.4261413 ] ] } },
{ "type": "Feature", "properties": { "id": 126671, "nach": 0.52185964203956914 }, "geometry": { "type": "LineString", "coordinates": [ [ -2.4375696, 53.4264077 ], [ -2.4373819, 53.4262386 ], [ -2.437323, 53.4261912 ], [ -2.4372598, 53.4261629 ], [ -2.4372316, 53.4261556 ], [ -2.4371769, 53.4261413 ] ] } },
{ "type": "Feature", "properties": { "id": 83077, "nach": 0.43240927136832252 }, "geometry": { "type": "LineString", "coordinates": [ [ -2.4370641, 53.4261721 ], [ -2.4371386, 53.4261931 ] ] } },
{ "type": "Feature", "properties": { "id": 51942, "nach": 0.65509588192582668 }, "geometry": { "type": "LineString", "coordinates": [ [ -2.4370896, 53.4262529 ], [ -2.4371386, 53.4261931 ] ] } },
{ "type": "Feature", "properties": { "id": 83089, "nach": 0.54495458622186466 }, "geometry": { "type": "LineString", "coordinates": [ [ -2.4371645, 53.426044 ], [ -2.4372397, 53.4260643 ] ] } },
{ "type": "Feature", "properties": { "id": 126669, "nach": 0.57324448208994272 }, "geometry": { "type": "LineString", "coordinates": [ [ -2.4375696, 53.4264077 ], [ -2.4376306, 53.4264626 ] ] } },
{ "type": "Feature", "properties": { "id": 126672, "nach": 0.57595619318763169 }, "geometry": { "type": "LineString", "coordinates": [ [ -2.4375144, 53.4264261 ], [ -2.4375696, 53.4264077 ] ] } },
{ "type": "Feature", "properties": { "id": 118865, "nach": 0.44731568708205294 }, "geometry": { "type": "LineString", "coordinates": [ [ -2.4375795, 53.42574530000001 ], [ -2.4376881, 53.4257815 ], [ -2.4379283, 53.4258908 ], [ -2.4378926, 53.4260259 ], [ -2.4381028, 53.4261314 ], [ -2.4382619, 53.426018499999984 ] ] } },
{ "type": "Feature", "properties": { "id": 126687, "nach": 0.61380796022247452 }, "geometry": { "type": "LineString", "coordinates": [ [ -2.4379732, 53.4253563 ], [ -2.4379577, 53.425359 ], [ -2.4378893, 53.4253814 ], [ -2.4378558, 53.425407 ], [ -2.4375795, 53.42574530000001 ] ] } },
{ "type": "Feature", "properties": { "id": 118948, "nach": 0.48319847431425716 }, "geometry": { "type": "LineString", "coordinates": [ [ -2.4376785, 53.4264466 ], [ -2.4376459, 53.4264083 ], [ -2.4373274, 53.426137 ], [ -2.4372925, 53.4261086 ], [ -2.4372945, 53.4260946 ], [ -2.4373072, 53.426078600000011 ], [ -2.4375795, 53.42574530000001 ] ] } },
{ "type": "Feature", "properties": { "id": 21127, "nach": 0.51634395914259812 }, "geometry": { "type": "LineString", "coordinates": [ [ -2.4461038, 53.4227606 ], [ -2.4452644, 53.4227787 ] ] } },
{ "type": "Feature", "properties": { "id": 21192, "nach": 0.48127611607747145 }, "geometry": { "type": "LineString", "coordinates": [ [ -2.4444402, 53.42279340000001 ], [ -2.4452644, 53.4227787 ] ] } },
{ "type": "Feature", "properties": { "id": 21162, "nach": 0.44391249703243091 }, "geometry": { "type": "LineString", "coordinates": [ [ -2.4471834, 53.4227044 ], [ -2.4461038, 53.4227606 ] ] } },
{ "type": "Feature", "properties": { "id": 63598, "nach": 0.52577842112317663 }, "geometry": { "type": "LineString", "coordinates": [ [ -2.4460106, 53.42309370000001 ], [ -2.4461038, 53.4227606 ] ] } },
{ "type": "Feature", "properties": { "id": 45020, "nach": 0.50803113684185763 }, "geometry": { "type": "LineString", "coordinates": [ [ -2.4461004, 53.4220844 ], [ -2.446106, 53.422252400000012 ], [ -2.4461081, 53.4223462 ], [ -2.4461184, 53.4226218 ], [ -2.4461038, 53.4227606 ] ] } },
{ "type": "Feature", "properties": { "id": 36867, "nach": 0.5218915548773615 }, "geometry": { "type": "LineString", "coordinates": [ [ -2.4430815, 53.422826 ], [ -2.4444402, 53.42279340000001 ] ] } },
{ "type": "Feature", "properties": { "id": 42563, "nach": 0.63807697785772854 }, "geometry": { "type": "LineString", "coordinates": [ [ -2.4386235, 53.4244084 ], [ -2.4384161, 53.4246509 ], [ -2.4382948, 53.4247753 ] ] } },
{ "type": "Feature", "properties": { "id": 42564, "nach": 0.63629633887528791 }, "geometry": { "type": "LineString", "coordinates": [ [ -2.4386235, 53.4244084 ], [ -2.43868, 53.4243402 ], [ -2.4387112, 53.4243017 ] ] } },
{ "type": "Feature", "properties": { "id": 42568, "nach": 0.44415724662929518 }, "geometry": { "type": "LineString", "coordinates": [ [ -2.4389381, 53.4243489 ], [ -2.4388443, 53.4244687 ], [ -2.4386235, 53.4244084 ] ] } },
{ "type": "Feature", "properties": { "id": 61217, "nach": 0.48466538266736614 }, "geometry": { "type": "LineString", "coordinates": [ [ -2.4428276, 53.4248159 ], [ -2.4428592, 53.4247779 ], [ -2.4430298, 53.42455970000001 ], [ -2.4430762, 53.4244795 ], [ -2.443053, 53.4243891 ], [ -2.4427426, 53.4242098 ], [ -2.4430896, 53.423201 ], [ -2.4430815, 53.422826 ] ] } },
{ "type": "Feature", "properties": { "id": 21161, "nach": 0.38915167728473699 }, "geometry": { "type": "LineString", "coordinates": [ [ -2.4471834, 53.4227044 ], [ -2.4471298, 53.4222696 ], [ -2.4473015, 53.422128899999983 ], [ -2.4477843, 53.4220458 ], [ -2.4479238, 53.4221097 ], [ -2.4476125, 53.4228131 ] ] } },
{ "type": "Feature", "properties": { "id": 63612, "nach": 0.52507858861404988 }, "geometry": { "type": "LineString", "coordinates": [ [ -2.446003, 53.4248958 ], [ -2.445971, 53.424628700000014 ], [ -2.4459174, 53.4242388 ], [ -2.4459066, 53.4235675 ], [ -2.4460106, 53.42309370000001 ] ] } },
{ "type": "Feature", "properties": { "id": 63601, "nach": 0.41098158068583152 }, "geometry": { "type": "LineString", "coordinates": [ [ -2.4469015, 53.4231637 ], [ -2.4467925, 53.4231541 ], [ -2.4466479, 53.4231027 ], [ -2.4464724, 53.423093 ], [ -2.4460106, 53.42309370000001 ] ] } },
{ "type": "Feature", "properties": { "id": 45019, "nach": 0.49576693238799469 }, "geometry": { "type": "LineString", "coordinates": [ [ -2.4461004, 53.4220844 ], [ -2.4460723, 53.4215639 ], [ -2.4460695, 53.4215121 ] ] } },
{ "type": "Feature", "properties": { "id": 45021, "nach": 0.35777594017269171 }, "geometry": { "type": "LineString", "coordinates": [ [ -2.4461004, 53.4220844 ], [ -2.4463797, 53.422081499999983 ], [ -2.4466237, 53.422053 ], [ -2.4468547, 53.4219803 ], [ -2.4471161, 53.421866 ], [ -2.4474255, 53.421795900000014 ], [ -2.4482247, 53.4217508 ], [ -2.4483228, 53.4217299 ], [ -2.4484722, 53.4216409 ], [ -2.4485726, 53.421563 ], [ -2.4485983, 53.421485 ], [ -2.448589, 53.4212777 ], [ -2.4487174, 53.420775400000011 ], [ -2.4489159, 53.4203092 ], [ -2.449015, 53.4201341 ], [ -2.4491921, 53.4194404 ] ] } },
{ "type": "Feature", "properties": { "id": 63596, "nach": 0.40370772074924588 }, "geometry": { "type": "LineString", "coordinates": [ [ -2.4476765, 53.4228512 ], [ -2.4476125, 53.4228131 ] ] } },
{ "type": "Feature", "properties": { "id": 63595, "nach": 0.38456792912897397 }, "geometry": { "type": "LineString", "coordinates": [ [ -2.4476765, 53.4228512 ], [ -2.4477091, 53.4228706 ] ] } },
{ "type": "Feature", "properties": { "id": 63607, "nach": 0.42626608823480205 }, "geometry": { "type": "LineString", "coordinates": [ [ -2.4470234, 53.4249046 ], [ -2.4470217, 53.4246177 ], [ -2.4470315, 53.424456 ], [ -2.4470509, 53.4243833 ], [ -2.4471762, 53.4243126 ], [ -2.4473617, 53.424197299999989 ], [ -2.447464, 53.4239561 ], [ -2.4474494, 53.423679 ], [ -2.4474624, 53.4232402 ], [ -2.4474722, 53.4231501 ], [ -2.4476765, 53.4228512 ] ] } },
{ "type": "Feature", "properties": { "id": 21152, "nach": 0.46581470600232572 }, "geometry": { "type": "LineString", "coordinates": [ [ -2.4472935, 53.4213155 ], [ -2.4470681, 53.4213842 ], [ -2.4468268, 53.4214376 ], [ -2.446545, 53.4214767 ], [ -2.4461473, 53.4215063 ], [ -2.4460695, 53.4215121 ] ] } },
{ "type": "Feature", "properties": { "id": 21154, "nach": 0.0 }, "geometry": { "type": "LineString", "coordinates": [ [ -2.4472935, 53.4213155 ], [ -2.4474496, 53.42143990000001 ], [ -2.4475858, 53.421473099999986 ], [ -2.4476926, 53.4214589 ], [ -2.447816, 53.42139670000001 ], [ -2.4479183, 53.421336 ], [ -2.4479387, 53.4212735 ], [ -2.4479164, 53.4212032 ], [ -2.4477499, 53.4210754 ] ] } },
{ "type": "Feature", "properties": { "id": 126721, "nach": 0.4559418788928824 }, "geometry": { "type": "LineString", "coordinates": [ [ -2.4475534, 53.4211954 ], [ -2.4475465, 53.4211996 ], [ -2.4472935, 53.4213155 ] ] } },
{ "type": "Feature", "properties": { "id": 21147, "nach": 0.38742032587630426 }, "geometry": { "type": "LineString", "coordinates": [ [ -2.4452935, 53.4208809 ], [ -2.4445416, 53.4209702 ] ] } },
{ "type": "Feature", "properties": { "id": 21143, "nach": 0.49188955402929907 }, "geometry": { "type": "LineString", "coordinates": [ [ -2.4445416, 53.4209702 ], [ -2.4444852, 53.4209127 ], [ -2.4441069, 53.4206889 ] ] } },
{ "type": "Feature", "properties": { "id": 83110, "nach": 0.393819187991646 }, "geometry": { "type": "LineString", "coordinates": [ [ -2.4444246, 53.4205153 ], [ -2.4441069, 53.4206889 ] ] } },
{ "type": "Feature", "properties": { "id": 126719, "nach": 0.44962575722973769 }, "geometry": { "type": "LineString", "coordinates": [ [ -2.4475534, 53.4211954 ], [ -2.4477499, 53.4210754 ] ] } },
{ "type": "Feature", "properties": { "id": 126722, "nach": 0.38377006836522759 }, "geometry": { "type": "LineString", "coordinates": [ [ -2.4476342, 53.4212471 ], [ -2.4475534, 53.4211954 ] ] } },
{ "type": "Feature", "properties": { "id": 118685, "nach": 0.57976373645040147 }, "geometry": { "type": "LineString", "coordinates": [ [ -2.445843, 53.4259735 ], [ -2.445831, 53.4259856 ], [ -2.4458035, 53.4260135 ] ] } },
{ "type": "Feature", "properties": { "id": 57612, "nach": 0.55346893359654192 }, "geometry": { "type": "LineString", "coordinates": [ [ -2.4448997, 53.425658 ], [ -2.4456724, 53.4259764 ], [ -2.4458035, 53.4260135 ] ] } },
{ "type": "Feature", "properties": { "id": 21265, "nach": 0.59691167721267391 }, "geometry": { "type": "LineString", "coordinates": [ [ -2.4464345, 53.42618 ], [ -2.4459312, 53.4260551 ], [ -2.4458035, 53.4260135 ] ] } },
{ "type": "Feature", "properties": { "id": 118690, "nach": 0.57684287858090366 }, "geometry": { "type": "LineString", "coordinates": [ [ -2.4457585, 53.426059 ], [ -2.4457759, 53.4260414 ], [ -2.4458035, 53.4260135 ] ] } },
{ "type": "Feature", "properties": { "id": 118684, "nach": 0.56326018692354196 }, "geometry": { "type": "LineString", "coordinates": [ [ -2.445843, 53.4259735 ], [ -2.4459285, 53.4258769 ], [ -2.4460144, 53.42576420000001 ], [ -2.4460552, 53.425679 ], [ -2.4460801, 53.42561 ], [ -2.4460875, 53.42553680000001 ], [ -2.4460499, 53.4253679 ] ] } },
{ "type": "Feature", "properties": { "id": 118697, "nach": 0.42966054383626473 }, "geometry": { "type": "LineString", "coordinates": [ [ -2.4457414, 53.4259432 ], [ -2.4457758, 53.4259534 ], [ -2.445843, 53.4259735 ] ] } },
{ "type": "Feature", "properties": { "id": 118797, "nach": 0.43493186566116726 }, "geometry": { "type": "LineString", "coordinates": [ [ -2.4459453, 53.4260039 ], [ -2.4459136, 53.4259945 ], [ -2.445843, 53.4259735 ] ] } },
{ "type": "Feature", "properties": { "id": 57610, "nach": 0.53948335817138671 }, "geometry": { "type": "LineString", "coordinates": [ [ -2.4448997, 53.425658 ], [ -2.4440689, 53.4251868 ] ] } },
{ "type": "Feature", "properties": { "id": 118839, "nach": 0.54092905675499525 }, "geometry": { "type": "LineString", "coordinates": [ [ -2.4448562, 53.42569060000001 ], [ -2.4448997, 53.425658 ] ] } },
{ "type": "Feature", "properties": { "id": 21263, "nach": 0.59357965433444781 }, "geometry": { "type": "LineString", "coordinates": [ [ -2.4464345, 53.42618 ], [ -2.4469581, 53.4262916 ] ] } },
{ "type": "Feature", "properties": { "id": 126734, "nach": 0.41253559461326367 }, "geometry": { "type": "LineString", "coordinates": [ [ -2.4476286, 53.4258606 ], [ -2.4475724, 53.4258721 ], [ -2.4467865, 53.4259932 ], [ -2.4466775, 53.4260199 ], [ -2.446577, 53.4260539 ], [ -2.4465019, 53.426097 ], [ -2.4464549, 53.4261482 ], [ -2.4464345, 53.42618 ] ] } },
{ "type": "Feature", "properties": { "id": 118691, "nach": 0.57817004972010055 }, "geometry": { "type": "LineString", "coordinates": [ [ -2.4457585, 53.426059 ], [ -2.445602, 53.4262871 ], [ -2.4455618, 53.426345700000013 ] ] } },
{ "type": "Feature", "properties": { "id": 118698, "nach": 0.50511703987123269 }, "geometry": { "type": "LineString", "coordinates": [ [ -2.4456985, 53.4260415 ], [ -2.4457117, 53.4260453 ], [ -2.4457585, 53.426059 ] ] } },
{ "type": "Feature", "properties": { "id": 118735, "nach": 0.52792591440154923 }, "geometry": { "type": "LineString", "coordinates": [ [ -2.4458501, 53.4260858 ], [ -2.4458266, 53.426079 ], [ -2.4457585, 53.426059 ] ] } },
{ "type": "Feature", "properties": { "id": 29256, "nach": 0.41986441233698879 }, "geometry": { "type": "LineString", "coordinates": [ [ -2.4484934, 53.419344499999987 ], [ -2.4475771, 53.4186291 ], [ -2.4474974, 53.4185669 ] ] } },
{ "type": "Feature", "properties": { "id": 45034, "nach": 0.50704852927507482 }, "geometry": { "type": "LineString", "coordinates": [ [ -2.4490259, 53.4181443 ], [ -2.4485927, 53.418218900000014 ], [ -2.4482547, 53.4183133 ], [ -2.4479293, 53.4184145 ], [ -2.4474974, 53.4185669 ] ] } },
{ "type": "Feature", "properties": { "id": 29257, "nach": 0.41346593245676405 }, "geometry": { "type": "LineString", "coordinates": [ [ -2.4484934, 53.419344499999987 ], [ -2.4486529, 53.4192901 ], [ -2.448779, 53.4192805 ], [ -2.4489802, 53.4193365 ], [ -2.4490848, 53.4194116 ], [ -2.4491921, 53.4194404 ] ] } },
{ "type": "Feature", "properties": { "id": 45032, "nach": 0.50561609506643268 }, "geometry": { "type": "LineString", "coordinates": [ [ -2.4490259, 53.4181443 ], [ -2.4490643, 53.4181959 ] ] } },
{ "type": "Feature", "properties": { "id": 126717, "nach": 0.4132249668738795 }, "geometry": { "type": "LineString", "coordinates": [ [ -2.4491575, 53.4181225 ], [ -2.4490259, 53.4181443 ] ] } },
{ "type": "Feature", "properties": { "id": 76559, "nach": 0.57992002430109202 }, "geometry": { "type": "LineString", "coordinates": [ [ -2.44181, 53.4269975 ], [ -2.441708, 53.4268976 ] ] } },
{ "type": "Feature", "properties": { "id": 118957, "nach": 0.45861234440767462 }, "geometry": { "type": "LineString", "coordinates": [ [ -2.4416487, 53.4269149 ], [ -2.441708, 53.4268976 ] ] } },
{ "type": "Feature", "properties": { "id": 21179, "nach": 0.57053261340226691 }, "geometry": { "type": "LineString", "coordinates": [ [ -2.4413763, 53.4267165 ], [ -2.4414989, 53.4267687 ], [ -2.4416107, 53.4268222 ], [ -2.441708, 53.4268976 ] ] } },
{ "type": "Feature", "properties": { "id": 76560, "nach": 0.53705443156518773 }, "geometry": { "type": "LineString", "coordinates": [ [ -2.44181, 53.4269975 ], [ -2.4419269, 53.4271253 ] ] } },
{ "type": "Feature", "properties": { "id": 118976, "nach": 0.55053003587111782 }, "geometry": { "type": "LineString", "coordinates": [ [ -2.4418502, 53.4269749 ], [ -2.44181, 53.4269975 ] ] } },
{ "type": "Feature", "properties": { "id": 118959, "nach": 0.54282961527013562 }, "geometry": { "type": "LineString", "coordinates": [ [ -2.4416487, 53.4269149 ], [ -2.441635, 53.4269001 ], [ -2.4415445, 53.4268378 ], [ -2.4414653, 53.4268046 ], [ -2.4414278, 53.426792600000013 ], [ -2.4414149, 53.426792299999988 ] ] } },
{ "type": "Feature", "properties": { "id": 118958, "nach": 0.40802503495774606 }, "geometry": { "type": "LineString", "coordinates": [ [ -2.4416487, 53.4269149 ], [ -2.4411022, 53.4270738 ], [ -2.4412228, 53.4272467 ] ] } },
{ "type": "Feature", "properties": { "id": 118962, "nach": 0.50620530731026581 }, "geometry": { "type": "LineString", "coordinates": [ [ -2.4418113, 53.42710550000001 ], [ -2.441814, 53.4270963 ], [ -2.4418033, 53.427081500000014 ], [ -2.4416487, 53.4269149 ] ] } },
{ "type": "Feature", "properties": { "id": 118914, "nach": 0.54833224131942848 }, "geometry": { "type": "LineString", "coordinates": [ [ -2.4413292, 53.4267537 ], [ -2.4413452, 53.4267439 ], [ -2.4413763, 53.4267165 ] ] } },
{ "type": "Feature", "properties": { "id": 23783, "nach": 0.6065820890585123 }, "geometry": { "type": "LineString", "coordinates": [ [ -2.4407687, 53.426455 ], [ -2.4411333, 53.42661 ], [ -2.4413763, 53.4267165 ] ] } },
{ "type": "Feature", "properties": { "id": 23735, "nach": 0.37110824978895152 }, "geometry": { "type": "LineString", "coordinates": [ [ -2.4432244, 53.425805 ], [ -2.4438163, 53.4260934 ], [ -2.4445454, 53.426455099999984 ] ] } },
{ "type": "Feature", "properties": { "id": 23745, "nach": 0.55891048544420041 }, "geometry": { "type": "LineString", "coordinates": [ [ -2.4453023, 53.4268092 ], [ -2.4452506, 53.4267938 ], [ -2.4450921, 53.4267177 ], [ -2.4449548, 53.4266517 ], [ -2.4447781, 53.4265668 ], [ -2.4445454, 53.426455099999984 ] ] } },
{ "type": "Feature", "properties": { "id": 21248, "nach": 0.55675109602631634 }, "geometry": { "type": "LineString", "coordinates": [ [ -2.4432545, 53.4269086 ], [ -2.4432953, 53.4268938 ], [ -2.4436007, 53.4267873 ], [ -2.4438501, 53.4267003 ], [ -2.4441992, 53.4265825 ], [ -2.4445002, 53.4264705 ], [ -2.4445454, 53.426455099999984 ] ] } },
{ "type": "Feature", "properties": { "id": 23733, "nach": 0.54298967638545015 }, "geometry": { "type": "LineString", "coordinates": [ [ -2.4432244, 53.425805 ], [ -2.4431955, 53.4258262 ], [ -2.4429969, 53.425973600000013 ], [ -2.4427768, 53.426137 ], [ -2.4425764, 53.4262857 ], [ -2.4425452, 53.426308899999988 ] ] } },
{ "type": "Feature", "properties": { "id": 57615, "nach": 0.5578291435837508 }, "geometry": { "type": "LineString", "coordinates": [ [ -2.4436556, 53.425494 ], [ -2.4432622, 53.4257777 ], [ -2.4432244, 53.425805 ] ] } },
{ "type": "Feature", "properties": { "id": 23752, "nach": 0.55224487950669687 }, "geometry": { "type": "LineString", "coordinates": [ [ -2.4417559, 53.4252373 ], [ -2.441812, 53.425252 ], [ -2.4421379, 53.425353099999988 ], [ -2.4425792, 53.4255151 ], [ -2.4428701, 53.4256339 ], [ -2.4432244, 53.425805 ] ] } },
{ "type": "Feature", "properties": { "id": 57606, "nach": 0.5742797646610085 }, "geometry": { "type": "LineString", "coordinates": [ [ -2.4455618, 53.426345700000013 ], [ -2.4455006, 53.4264574 ], [ -2.4453023, 53.4268092 ] ] } },
{ "type": "Feature", "properties": { "id": 23794, "nach": 0.48048154129423176 }, "geometry": { "type": "LineString", "coordinates": [ [ -2.4442163, 53.4278175 ], [ -2.4445304, 53.427708 ], [ -2.444728, 53.4276214 ], [ -2.4448724, 53.4275054 ], [ -2.4449572, 53.4273784 ], [ -2.4451693, 53.4270286 ], [ -2.4452277, 53.426932299999983 ], [ -2.4453023, 53.4268092 ] ] } },
{ "type": "Feature", "properties": { "id": 21249, "nach": 0.5479603450961289 }, "geometry": { "type": "LineString", "coordinates": [ [ -2.4432545, 53.4269086 ], [ -2.4428695, 53.4265196 ], [ -2.4425452, 53.426308899999988 ] ] } },
{ "type": "Feature", "properties": { "id": 76535, "nach": 0.59722278062427447 }, "geometry": { "type": "LineString", "coordinates": [ [ -2.4425646, 53.427146099999987 ], [ -2.4427749, 53.4270767 ], [ -2.4429024, 53.4270318 ], [ -2.4432069, 53.4269244 ], [ -2.4432545, 53.4269086 ] ] } },
{ "type": "Feature", "properties": { "id": 21253, "nach": 0.48711477572668166 }, "geometry": { "type": "LineString", "coordinates": [ [ -2.4441021, 53.4278549 ], [ -2.4440795, 53.4278289 ], [ -2.4439868, 53.4277279 ], [ -2.4439494, 53.4276872 ], [ -2.4437083, 53.42742470000001 ], [ -2.4432545, 53.4269086 ] ] } },
{ "type": "Feature", "properties": { "id": 31080, "nach": 0.37455382149139155 }, "geometry": { "type": "LineString", "coordinates": [ [ -2.452946, 53.4288404 ], [ -2.4530891, 53.4287905 ] ] } },
{ "type": "Feature", "properties": { "id": 31079, "nach": 0.45733887839186821 }, "geometry": { "type": "LineString", "coordinates": [ [ -2.452946, 53.4288404 ], [ -2.4526413, 53.4289277 ] ] } },
{ "type": "Feature", "properties": { "id": 31081, "nach": 0.46438609785286961 }, "geometry": { "type": "LineString", "coordinates": [ [ -2.452946, 53.4288404 ], [ -2.4529734, 53.428871 ], [ -2.4530682, 53.428927 ], [ -2.4531598, 53.4289597 ], [ -2.4532101, 53.4289729 ], [ -2.4532777, 53.4289809 ], [ -2.4533971, 53.4289913 ], [ -2.453515, 53.429010100000021 ], [ -2.4536211, 53.4290416 ], [ -2.4537081, 53.4290772 ], [ -2.4537645, 53.4291172 ] ] } },
{ "type": "Feature", "properties": { "id": 31082, "nach": 0.42439632293264978 }, "geometry": { "type": "LineString", "coordinates": [ [ -2.452946, 53.4288404 ], [ -2.4528821, 53.42876 ], [ -2.4528392, 53.42873 ], [ -2.4527768, 53.4287113 ], [ -2.4526742, 53.4286921 ], [ -2.4524925, 53.4286813 ], [ -2.4524152, 53.428689 ], [ -2.4523706, 53.4287006 ] ] } },
{ "type": "Feature", "properties": { "id": 23766, "nach": 0.57390964533659761 }, "geometry": { "type": "LineString", "coordinates": [ [ -2.4422803, 53.4275125 ], [ -2.4420962, 53.4273133 ] ] } },
{ "type": "Feature", "properties": { "id": 23774, "nach": 0.5778640191858031 }, "geometry": { "type": "LineString", "coordinates": [ [ -2.4419269, 53.4271253 ], [ -2.4419955, 53.4272049 ], [ -2.4420962, 53.4273133 ] ] } },
{ "type": "Feature", "properties": { "id": 118881, "nach": 0.56293374880409741 }, "geometry": { "type": "LineString", "coordinates": [ [ -2.4421672, 53.427286 ], [ -2.4421461, 53.4272941 ], [ -2.4420962, 53.4273133 ] ] } },
{ "type": "Feature", "properties": { "id": 23767, "nach": 0.55994564380477796 }, "geometry": { "type": "LineString", "coordinates": [ [ -2.4422803, 53.4275125 ], [ -2.442604, 53.4278762 ], [ -2.4429288, 53.4282411 ] ] } },
{ "type": "Feature", "properties": { "id": 118891, "nach": 0.45527017202138764 }, "geometry": { "type": "LineString", "coordinates": [ [ -2.4422025, 53.427530899999987 ], [ -2.44222, 53.42752680000001 ], [ -2.4422803, 53.4275125 ] ] } },
{ "type": "Feature", "properties": { "id": 118910, "nach": 0.53442508839595437 }, "geometry": { "type": "LineString", "coordinates": [ [ -2.4418452, 53.4271442 ], [ -2.4418696, 53.4271382 ], [ -2.4419269, 53.4271253 ] ] } },
{ "type": "Feature", "properties": { "id": 118882, "nach": 0.55877292363700626 }, "geometry": { "type": "LineString", "coordinates": [ [ -2.4421672, 53.427286 ], [ -2.4422601, 53.4272503 ], [ -2.4424927, 53.4271707 ], [ -2.4425646, 53.427146099999987 ] ] } },
{ "type": "Feature", "properties": { "id": 118883, "nach": 0.43400355292661108 }, "geometry": { "type": "LineString", "coordinates": [ [ -2.4421137, 53.4272299 ], [ -2.4421199, 53.427236499999985 ], [ -2.4421672, 53.427286 ] ] } },
{ "type": "Feature", "properties": { "id": 118888, "nach": 0.43346386221906968 }, "geometry": { "type": "LineString", "coordinates": [ [ -2.4422184, 53.4273397 ], [ -2.4422072, 53.4273279 ], [ -2.4421672, 53.427286 ] ] } },
{ "type": "Feature", "properties": { "id": 118913, "nach": 0.39431964788677271 }, "geometry": { "type": "LineString", "coordinates": [ [ -2.4413292, 53.4267537 ], [ -2.4413078, 53.42676680000001 ], [ -2.4412816, 53.4267799 ], [ -2.4412443, 53.4267926 ], [ -2.4408953, 53.4268838 ], [ -2.4407783, 53.4269131 ], [ -2.4401647, 53.4270692 ], [ -2.4397966, 53.4271603 ], [ -2.4397558, 53.4271692 ] ] } },
{ "type": "Feature", "properties": { "id": 118964, "nach": 0.43487625302731664 }, "geometry": { "type": "LineString", "coordinates": [ [ -2.4412461, 53.4267163 ], [ -2.4412669, 53.426725700000013 ], [ -2.4413292, 53.4267537 ] ] } },
{ "type": "Feature", "properties": { "id": 118917, "nach": 0.5464657124246205 }, "geometry": { "type": "LineString", "coordinates": [ [ -2.4414149, 53.426792299999988 ], [ -2.4413962, 53.4267838 ], [ -2.4413292, 53.4267537 ] ] } },
{ "type": "Feature", "properties": { "id": 76542, "nach": 0.61362289617782828 }, "geometry": { "type": "LineString", "coordinates": [ [ -2.4405062, 53.4263373 ], [ -2.4407687, 53.426455 ] ] } },
{ "type": "Feature", "properties": { "id": 118921, "nach": 0.51596505491545619 }, "geometry": { "type": "LineString", "coordinates": [ [ -2.4407264, 53.4264869 ], [ -2.4407358, 53.4264798 ], [ -2.4407687, 53.426455 ] ] } },
{ "type": "Feature", "properties": { "id": 21189, "nach": 0.58891685789360959 }, "geometry": { "type": "LineString", "coordinates": [ [ -2.447801, 53.42654240000001 ], [ -2.4469581, 53.4262916 ] ] } },
{ "type": "Feature", "properties": { "id": 59383, "nach": 0.3803935197882804 }, "geometry": { "type": "LineString", "coordinates": [ [ -2.4465361, 53.427626 ], [ -2.4462769, 53.4275635 ], [ -2.4462419, 53.4275478 ], [ -2.4462128, 53.4275282 ], [ -2.4461909, 53.4275055 ], [ -2.446177, 53.4274808 ], [ -2.4461717, 53.427452 ], [ -2.4461771, 53.4274233 ], [ -2.4461931, 53.427396 ], [ -2.446321, 53.4272114 ], [ -2.4465792, 53.426838600000011 ], [ -2.4467674, 53.42656680000001 ], [ -2.4469363, 53.426323 ], [ -2.4469581, 53.4262916 ] ] } },
{ "type": "Feature", "properties": { "id": 23824, "nach": 0.5883947248175786 }, "geometry": { "type": "LineString", "coordinates": [ [ -2.4481848, 53.4266617 ], [ -2.447801, 53.42654240000001 ] ] } },
{ "type": "Feature", "properties": { "id": 21256, "nach": 0.42532179496880751 }, "geometry": { "type": "LineString", "coordinates": [ [ -2.4469986, 53.4277333 ], [ -2.4470121, 53.4277132 ], [ -2.4471624, 53.4274901 ], [ -2.4474258, 53.427099200000015 ], [ -2.4476383, 53.4267838 ], [ -2.4477826, 53.42656980000001 ], [ -2.447801, 53.42654240000001 ] ] } },
{ "type": "Feature", "properties": { "id": 76574, "nach": 0.3717148175406913 }, "geometry": { "type": "LineString", "coordinates": [ [ -2.4466752, 53.4276574 ], [ -2.4465361, 53.427626 ] ] } },
{ "type": "Feature", "properties": { "id": 118672, "nach": 0.37462525738792507 }, "geometry": { "type": "LineString", "coordinates": [ [ -2.4465198, 53.42765820000001 ], [ -2.4465361, 53.427626 ] ] } },
{ "type": "Feature", "properties": { "id": 55708, "nach": 0.55728545443303357 }, "geometry": { "type": "LineString", "coordinates": [ [ -2.4430044, 53.4283283 ], [ -2.4429288, 53.4282411 ] ] } },
{ "type": "Feature", "properties": { "id": 21252, "nach": 0.45734694300180173 }, "geometry": { "type": "LineString", "coordinates": [ [ -2.4441021, 53.4278549 ], [ -2.4433487, 53.4281029 ], [ -2.4429826, 53.4282234 ], [ -2.4429288, 53.4282411 ] ] } },
{ "type": "Feature", "properties": { "id": 55710, "nach": 0.56428456558587681 }, "geometry": { "type": "LineString", "coordinates": [ [ -2.4430044, 53.4283283 ], [ -2.4433134, 53.4286701 ], [ -2.4434105, 53.4287741 ], [ -2.4434841, 53.4288375 ], [ -2.4435559, 53.428879200000011 ], [ -2.4436046, 53.428899 ], [ -2.4436597, 53.4289181 ], [ -2.4437465, 53.4289352 ], [ -2.4438324, 53.4289485 ], [ -2.4442894, 53.429 ] ] } },
{ "type": "Feature", "properties": { "id": 118667, "nach": 0.48972785890027587 }, "geometry": { "type": "LineString", "coordinates": [ [ -2.4429396, 53.428345 ], [ -2.4430044, 53.4283283 ] ] } },
{ "type": "Feature", "properties": { "id": 23793, "nach": 0.51077229656904621 }, "geometry": { "type": "LineString", "coordinates": [ [ -2.4442163, 53.4278175 ], [ -2.4441021, 53.4278549 ] ] } },
{ "type": "Feature", "properties": { "id": 23753, "nach": 0.58703366105008414 }, "geometry": { "type": "LineString", "coordinates": [ [ -2.4422472, 53.4246583 ], [ -2.4419847, 53.4245977 ] ] } },
{ "type": "Feature", "properties": { "id": 23799, "nach": 0.49195958357472336 }, "geometry": { "type": "LineString", "coordinates": [ [ -2.4423257, 53.4239683 ], [ -2.442229, 53.4242061 ], [ -2.4420035, 53.4245675 ], [ -2.4419847, 53.4245977 ] ] } },
{ "type": "Feature", "properties": { "id": 76523, "nach": 0.58368165439101982 }, "geometry": { "type": "LineString", "coordinates": [ [ -2.4407709, 53.4243749 ], [ -2.4416562, 53.4245361 ], [ -2.4419847, 53.4245977 ] ] } },
{ "type": "Feature", "properties": { "id": 23755, "nach": 0.51928500354454632 }, "geometry": { "type": "LineString", "coordinates": [ [ -2.4422472, 53.4246583 ], [ -2.4422257, 53.424692 ], [ -2.4420735, 53.4249309 ], [ -2.442033, 53.4249945 ] ] } },
{ "type": "Feature", "properties": { "id": 61215, "nach": 0.594740708245034 }, "geometry": { "type": "LineString", "coordinates": [ [ -2.4428276, 53.4248159 ], [ -2.4422472, 53.4246583 ] ] } },
{ "type": "Feature", "properties": { "id": 23800, "nach": 0.41547187231296201 }, "geometry": { "type": "LineString", "coordinates": [ [ -2.4423257, 53.4239683 ], [ -2.4424575, 53.4235544 ], [ -2.4423609, 53.4234202 ], [ -2.4421893, 53.4233946 ], [ -2.4419103, 53.4234138 ] ] } },
{ "type": "Feature", "properties": { "id": 23801, "nach": 0.41950564576884153 }, "geometry": { "type": "LineString", "coordinates": [ [ -2.4423257, 53.4239683 ], [ -2.4420168, 53.4239296 ], [ -2.4419404, 53.4239054 ], [ -2.4418996, 53.42386770000001 ], [ -2.4418852, 53.4238415 ], [ -2.4419148, 53.423742900000015 ] ] } },
{ "type": "Feature", "properties": { "id": 76521, "nach": 0.5969160038827136 }, "geometry": { "type": "LineString", "coordinates": [ [ -2.4407709, 53.4243749 ], [ -2.4403412, 53.4243032 ] ] } },
{ "type": "Feature", "properties": { "id": 118847, "nach": 0.51510062228805698 }, "geometry": { "type": "LineString", "coordinates": [ [ -2.4407565, 53.4244033 ], [ -2.4407709, 53.4243749 ] ] } },
{ "type": "Feature", "properties": { "id": 23825, "nach": 0.57987752939283754 }, "geometry": { "type": "LineString", "coordinates": [ [ -2.4481848, 53.4266617 ], [ -2.4483268, 53.4267354 ], [ -2.4484257, 53.4267839 ], [ -2.4485105, 53.4268379 ], [ -2.4488043, 53.4270893 ] ] } },
{ "type": "Feature", "properties": { "id": 118823, "nach": 0.48924512663687841 }, "geometry": { "type": "LineString", "coordinates": [ [ -2.4484104, 53.4264273 ], [ -2.448331, 53.4265098 ], [ -2.4481848, 53.4266617 ] ] } },
{ "type": "Feature", "properties": { "id": 23832, "nach": 0.48345524213802377 }, "geometry": { "type": "LineString", "coordinates": [ [ -2.4480577, 53.427990599999987 ], [ -2.4469986, 53.4277333 ] ] } },
{ "type": "Feature", "properties": { "id": 76576, "nach": 0.49346171528110411 }, "geometry": { "type": "LineString", "coordinates": [ [ -2.4466752, 53.4276574 ], [ -2.4466968, 53.4276625 ], [ -2.446784, 53.4276829 ], [ -2.4469986, 53.4277333 ] ] } },
{ "type": "Feature", "properties": { "id": 30033, "nach": 0.49793204682679915 }, "geometry": { "type": "LineString", "coordinates": [ [ -2.4519792, 53.4290877 ], [ -2.4526413, 53.4289277 ] ] } },
{ "type": "Feature", "properties": { "id": 45018, "nach": 0.44919002578147915 }, "geometry": { "type": "LineString", "coordinates": [ [ -2.4523706, 53.4287006 ], [ -2.4524674, 53.428757 ], [ -2.4525362, 53.4287971 ], [ -2.4526227, 53.4289006 ], [ -2.4526413, 53.4289277 ] ] } },
{ "type": "Feature", "properties": { "id": 30032, "nach": 0.47200845753548715 }, "geometry": { "type": "LineString", "coordinates": [ [ -2.4519792, 53.4290877 ], [ -2.4512649, 53.4292578 ] ] } },
{ "type": "Feature", "properties": { "id": 118749, "nach": 0.46218313619370638 }, "geometry": { "type": "LineString", "coordinates": [ [ -2.4520064, 53.429128 ], [ -2.451999, 53.4291169 ], [ -2.4519792, 53.4290877 ] ] } },
{ "type": "Feature", "properties": { "id": 45017, "nach": 0.48451691669911667 }, "geometry": { "type": "LineString", "coordinates": [ [ -2.4523706, 53.4287006 ], [ -2.4522173, 53.4286397 ], [ -2.4516612, 53.428431 ], [ -2.4503003, 53.4279201 ], [ -2.449962, 53.4277903 ] ] } },
{ "type": "Feature", "properties": { "id": 42549, "nach": 0.58507770083798805 }, "geometry": { "type": "LineString", "coordinates": [ [ -2.4382599, 53.4243103 ], [ -2.4384792, 53.4242791 ], [ -2.438572, 53.4242734 ], [ -2.4386398, 53.4242846 ], [ -2.4387112, 53.4243017 ] ] } },
{ "type": "Feature", "properties": { "id": 73075, "nach": 0.51285670171761111 }, "geometry": { "type": "LineString", "coordinates": [ [ -2.4395171, 53.4243635 ], [ -2.4396469, 53.42416870000001 ] ] } },
{ "type": "Feature", "properties": { "id": 21207, "nach": 0.50604577169140763 }, "geometry": { "type": "LineString", "coordinates": [ [ -2.449962, 53.4277903 ], [ -2.4495582, 53.4276379 ] ] } },
{ "type": "Feature", "properties": { "id": 36855, "nach": 0.57786515884771139 }, "geometry": { "type": "LineString", "coordinates": [ [ -2.4493068, 53.4275011 ], [ -2.4495582, 53.4276379 ] ] } },
{ "type": "Feature", "properties": { "id": 21274, "nach": 0.5593771833723945 }, "geometry": { "type": "LineString", "coordinates": [ [ -2.4491166, 53.4282404 ], [ -2.4491298, 53.428221 ], [ -2.4492624, 53.428026 ], [ -2.4493805, 53.4278522 ], [ -2.4494677, 53.4277296 ], [ -2.4495335, 53.4276629 ], [ -2.4495582, 53.4276379 ] ] } },
{ "type": "Feature", "properties": { "id": 21210, "nach": 0.3874568732161911 }, "geometry": { "type": "LineString", "coordinates": [ [ -2.4501245, 53.4269422 ], [ -2.4502204, 53.4274947 ], [ -2.4502194, 53.427529 ], [ -2.4501926, 53.4275702 ], [ -2.4499873, 53.4277661 ], [ -2.449962, 53.4277903 ] ] } },
{ "type": "Feature", "properties": { "id": 36856, "nach": 0.57406218910463647 }, "geometry": { "type": "LineString", "coordinates": [ [ -2.4493068, 53.4275011 ], [ -2.4490496, 53.427297700000011 ], [ -2.4488043, 53.4270893 ] ] } },
{ "type": "Feature", "properties": { "id": 118681, "nach": 0.51641706809047416 }, "geometry": { "type": "LineString", "coordinates": [ [ -2.4493466, 53.42747030000001 ], [ -2.4493415, 53.427481099999987 ], [ -2.4493068, 53.4275011 ] ] } },
{ "type": "Feature", "properties": { "id": 21275, "nach": 0.56192900385220057 }, "geometry": { "type": "LineString", "coordinates": [ [ -2.4491166, 53.4282404 ], [ -2.4497034, 53.4283936 ], [ -2.4497491, 53.428407200000017 ], [ -2.4497893, 53.428426 ], [ -2.4498224, 53.428449099999987 ], [ -2.4498468, 53.4284753 ], [ -2.4498621, 53.4285038 ], [ -2.4498677, 53.4285335 ], [ -2.4499198, 53.4288007 ] ] } },
{ "type": "Feature", "properties": { "id": 23833, "nach": 0.47601275020702566 }, "geometry": { "type": "LineString", "coordinates": [ [ -2.4480577, 53.427990599999987 ], [ -2.4491166, 53.4282404 ] ] } },
{ "type": "Feature", "properties": { "id": 86921, "nach": 0.33824890110841294 }, "geometry": { "type": "LineString", "coordinates": [ [ -2.4471352, 53.41855180000001 ], [ -2.4472723, 53.4182124 ] ] } },
{ "type": "Feature", "properties": { "id": 37776, "nach": 0.44508120412980556 }, "geometry": { "type": "LineString", "coordinates": [ [ -2.4333759, 53.4276271 ], [ -2.4332253, 53.4272562 ] ] } },
{ "type": "Feature", "properties": { "id": 37777, "nach": 0.58864651686675951 }, "geometry": { "type": "LineString", "coordinates": [ [ -2.4333759, 53.4276271 ], [ -2.4335999, 53.4275439 ] ] } },
{ "type": "Feature", "properties": { "id": 57411, "nach": 0.5913522145639436 }, "geometry": { "type": "LineString", "coordinates": [ [ -2.4333568, 53.4278486 ], [ -2.4333862, 53.4276525 ], [ -2.4333759, 53.4276271 ] ] } },
{ "type": "Feature", "properties": { "id": 126716, "nach": 0.37236145588829211 }, "geometry": { "type": "LineString", "coordinates": [ [ -2.4491575, 53.4181225 ], [ -2.4492369, 53.4181093 ] ] } },
{ "type": "Feature", "properties": { "id": 126718, "nach": 0.41142513110225504 }, "geometry": { "type": "LineString", "coordinates": [ [ -2.4491575, 53.4181225 ], [ -2.4492282, 53.418032399999987 ] ] } },
{ "type": "Feature", "properties": { "id": 29369, "nach": 0.58692995910282497 }, "geometry": { "type": "LineString", "coordinates": [ [ -2.4349095, 53.4273196 ], [ -2.4335999, 53.4275439 ] ] } },
{ "type": "Feature", "properties": { "id": 126536, "nach": 0.432803532211265 }, "geometry": { "type": "LineString", "coordinates": [ [ -2.4347868, 53.4275823 ], [ -2.4336752, 53.4277758 ], [ -2.4335972, 53.4276187 ], [ -2.4335999, 53.4275439 ] ] } },
{ "type": "Feature", "properties": { "id": 75891, "nach": 0.60437639125389808 }, "geometry": { "type": "LineString", "coordinates": [ [ -2.4356996, 53.4275158 ], [ -2.4356473, 53.4275002 ], [ -2.4350201, 53.4273138 ], [ -2.4349095, 53.4273196 ] ] } },
{ "type": "Feature", "properties": { "id": 29383, "nach": 0.51668888301407179 }, "geometry": { "type": "LineString", "coordinates": [ [ -2.4341571, 53.4272766 ], [ -2.4342912, 53.4271248 ], [ -2.4344387, 53.4271072 ], [ -2.4348384, 53.4272239 ], [ -2.4349095, 53.4273196 ] ] } },
{ "type": "Feature", "properties": { "id": 76598, "nach": 0.61326690681451979 }, "geometry": { "type": "LineString", "coordinates": [ [ -2.4373674, 53.4301446 ], [ -2.4373432, 53.4301589 ] ] } },
{ "type": "Feature", "properties": { "id": 24434, "nach": 0.57978299747409445 }, "geometry": { "type": "LineString", "coordinates": [ [ -2.4365878, 53.43107040000001 ], [ -2.4365858, 53.4310368 ], [ -2.4365783, 53.4307891 ], [ -2.4365857, 53.430701 ], [ -2.436593, 53.4306709 ], [ -2.4366132, 53.4306494 ], [ -2.4366388, 53.43063020000001 ], [ -2.4373432, 53.4301589 ] ] } },
{ "type": "Feature", "properties": { "id": 24452, "nach": 0.60520204848534198 }, "geometry": { "type": "LineString", "coordinates": [ [ -2.4363443, 53.4296001 ], [ -2.4370523, 53.429996199999984 ], [ -2.4373179, 53.4301448 ], [ -2.4373432, 53.4301589 ] ] } },
{ "type": "Feature", "properties": { "id": 76599, "nach": 0.55113002296747993 }, "geometry": { "type": "LineString", "coordinates": [ [ -2.4373674, 53.4301446 ], [ -2.4374715, 53.4300852 ], [ -2.4377485, 53.4299026 ], [ -2.4380795, 53.42967 ] ] } },
{ "type": "Feature", "properties": { "id": 76600, "nach": 0.58165355004537544 }, "geometry": { "type": "LineString", "coordinates": [ [ -2.4373674, 53.4301446 ], [ -2.4374089, 53.4301673 ], [ -2.4377137, 53.4303249 ], [ -2.4383987, 53.4306813 ] ] } },
{ "type": "Feature", "properties": { "id": 126544, "nach": 0.60671875741140446 }, "geometry": { "type": "LineString", "coordinates": [ [ -2.4359208, 53.4293697 ], [ -2.4363443, 53.4296001 ] ] } },
{ "type": "Feature", "properties": { "id": 76608, "nach": 0.51376374978927086 }, "geometry": { "type": "LineString", "coordinates": [ [ -2.436588, 53.4294425 ], [ -2.4363669, 53.4295859 ], [ -2.4363443, 53.4296001 ] ] } },
{ "type": "Feature", "properties": { "id": 36865, "nach": 0.57411577366143296 }, "geometry": { "type": "LineString", "coordinates": [ [ -2.4438175, 53.4250809 ], [ -2.4440689, 53.4251868 ] ] } },
{ "type": "Feature", "properties": { "id": 118985, "nach": 0.51724948216219369 }, "geometry": { "type": "LineString", "coordinates": [ [ -2.4439948, 53.4252442 ], [ -2.4440269, 53.4252197 ], [ -2.4440689, 53.4251868 ] ] } },
{ "type": "Feature", "properties": { "id": 36866, "nach": 0.52217439982658265 }, "geometry": { "type": "LineString", "coordinates": [ [ -2.4438175, 53.4250809 ], [ -2.4442925, 53.4249331 ], [ -2.4445158, 53.4249694 ], [ -2.4449117, 53.425048 ], [ -2.4455004, 53.4249573 ], [ -2.4460089, 53.4249447 ] ] } },
{ "type": "Feature", "properties": { "id": 126724, "nach": 0.5895576073719534 }, "geometry": { "type": "LineString", "coordinates": [ [ -2.4428906, 53.424832800000011 ], [ -2.4438175, 53.4250809 ] ] } },
{ "type": "Feature", "properties": { "id": 118984, "nach": 0.51304163492435007 }, "geometry": { "type": "LineString", "coordinates": [ [ -2.4439948, 53.4252442 ], [ -2.4437662, 53.4254181 ] ] } },
{ "type": "Feature", "properties": { "id": 118990, "nach": 0.46035656039594786 }, "geometry": { "type": "LineString", "coordinates": [ [ -2.4440492, 53.4252739 ], [ -2.4440387, 53.4252682 ], [ -2.4439948, 53.4252442 ] ] } },
{ "type": "Feature", "properties": { "id": 118991, "nach": 0.44242058984245408 }, "geometry": { "type": "LineString", "coordinates": [ [ -2.4439278, 53.4252075 ], [ -2.44395, 53.4252197 ], [ -2.4439948, 53.4252442 ] ] } },
{ "type": "Feature", "properties": { "id": 76529, "nach": 0.4645620139925396 }, "geometry": { "type": "LineString", "coordinates": [ [ -2.4421138, 53.4261124 ], [ -2.4425452, 53.426308899999988 ] ] } },
{ "type": "Feature", "properties": { "id": 76532, "nach": 0.47027926099079076 }, "geometry": { "type": "LineString", "coordinates": [ [ -2.4415302, 53.4258736 ], [ -2.4414955, 53.425908900000017 ], [ -2.4414891, 53.4259301 ], [ -2.4414979, 53.4259609 ], [ -2.4415229, 53.4259878 ], [ -2.4419651, 53.4261681 ], [ -2.4420079, 53.4261719 ], [ -2.4420402, 53.4261594 ], [ -2.4421138, 53.4261124 ] ] } },
{ "type": "Feature", "properties": { "id": 118528, "nach": 0.62260529367917283 }, "geometry": { "type": "LineString", "coordinates": [ [ -2.4333366, 53.4288675 ], [ -2.4333458, 53.4288454 ], [ -2.4333603, 53.4288094 ] ] } },
{ "type": "Feature", "properties": { "id": 75384, "nach": 0.56734787929150288 }, "geometry": { "type": "LineString", "coordinates": [ [ -2.433295, 53.4280578 ], [ -2.4333568, 53.4278486 ] ] } },
{ "type": "Feature", "properties": { "id": 75386, "nach": 0.44803128332619069 }, "geometry": { "type": "LineString", "coordinates": [ [ -2.433295, 53.4280578 ], [ -2.4334026, 53.4280707 ], [ -2.4336312, 53.4280977 ] ] } },
{ "type": "Feature", "properties": { "id": 118572, "nach": 0.51471962613980893 }, "geometry": { "type": "LineString", "coordinates": [ [ -2.4397931, 53.4315026 ], [ -2.4397451, 53.431468700000018 ] ] } },
{ "type": "Feature", "properties": { "id": 118403, "nach": 0.51381165377366711 }, "geometry": { "type": "LineString", "coordinates": [ [ -2.4396924, 53.4314487 ], [ -2.4397451, 53.431468700000018 ] ] } },
{ "type": "Feature", "properties": { "id": 24407, "nach": 0.39016183170640467 }, "geometry": { "type": "LineString", "coordinates": [ [ -2.4379431, 53.4320891 ], [ -2.4393397, 53.4316497 ], [ -2.4396606, 53.4315488 ], [ -2.4397051, 53.431520200000023 ], [ -2.439734, 53.4314903 ], [ -2.4397451, 53.431468700000018 ] ] } },
{ "type": "Feature", "properties": { "id": 24442, "nach": 0.51016802434572672 }, "geometry": { "type": "LineString", "coordinates": [ [ -2.4392764, 53.4311455 ], [ -2.4394059, 53.4312162 ], [ -2.4396425, 53.4313454 ], [ -2.439681, 53.431364 ], [ -2.4397132, 53.4313868 ], [ -2.4397346, 53.4314148 ], [ -2.4397451, 53.431468700000018 ] ] } },
{ "type": "Feature", "properties": { "id": 118575, "nach": 0.4197419269592802 }, "geometry": { "type": "LineString", "coordinates": [ [ -2.4397931, 53.4315026 ], [ -2.4398097, 53.4314255 ], [ -2.4397903, 53.4313968 ], [ -2.4397434, 53.431362 ], [ -2.4396884, 53.4313285 ], [ -2.439388, 53.4311619 ], [ -2.4393792, 53.431149100000013 ], [ -2.4393766, 53.43113790000001 ], [ -2.4393826, 53.4311215 ], [ -2.439396, 53.4311119 ], [ -2.4412286, 53.4302822 ], [ -2.4412561, 53.430277 ], [ -2.4412813, 53.4302798 ], [ -2.4413111, 53.43029150000001 ], [ -2.441918, 53.4307628 ], [ -2.4419467, 53.4307831 ] ] } },
{ "type": "Feature", "properties": { "id": 126315, "nach": 0.4741184903906337 }, "geometry": { "type": "LineString", "coordinates": [ [ -2.4415037, 53.432073 ], [ -2.4410007, 53.4317057 ], [ -2.4409382, 53.4316773 ], [ -2.4404106, 53.4319592 ], [ -2.4402667, 53.4318564 ], [ -2.4398168, 53.4315428 ], [ -2.4397931, 53.4315026 ] ] } },
{ "type": "Feature", "properties": { "id": 126538, "nach": 0.0 }, "geometry": { "type": "LineString", "coordinates": [ [ -2.4367049, 53.4324784 ], [ -2.4367373, 53.432504800000011 ], [ -2.437903, 53.4321407 ], [ -2.4379322, 53.4321401 ], [ -2.4379487, 53.4321431 ], [ -2.4379634, 53.43214840000001 ], [ -2.4385981, 53.432652 ], [ -2.4385979, 53.432666500000011 ], [ -2.4386071, 53.4326799 ], [ -2.4386241, 53.43269020000001 ], [ -2.4386464, 53.4326959 ], [ -2.4386707, 53.4326961 ], [ -2.4386933, 53.4326908 ], [ -2.4387109, 53.4326806 ], [ -2.4387206, 53.4326671 ], [ -2.4387209, 53.4326525 ], [ -2.4387117, 53.4326389 ], [ -2.4386945, 53.4326285 ], [ -2.4386718, 53.4326228 ], [ -2.4380569, 53.4321267 ], [ -2.4380462, 53.4321111 ], [ -2.4380509, 53.4320971 ], [ -2.4380623, 53.4320867 ], [ -2.4380958, 53.4320759 ], [ -2.4396843, 53.431569 ], [ -2.4397246, 53.4315554 ], [ -2.4397809, 53.4315174 ], [ -2.4397931, 53.4315026 ] ] } },
{ "type": "Feature", "properties": { "id": 118405, "nach": 0.45900974723311233 }, "geometry": { "type": "LineString", "coordinates": [ [ -2.4396924, 53.4314487 ], [ -2.439687, 53.4314236 ], [ -2.4396676, 53.431402 ], [ -2.4392176, 53.4311615 ], [ -2.4391792, 53.4311426 ] ] } },
{ "type": "Feature", "properties": { "id": 118404, "nach": 0.52870461676820713 }, "geometry": { "type": "LineString", "coordinates": [ [ -2.4396924, 53.4314487 ], [ -2.4396837, 53.4314763 ], [ -2.4396615, 53.4315003 ], [ -2.4396186, 53.43152340000001 ], [ -2.4378397, 53.4320851 ], [ -2.4378001, 53.4320931 ], [ -2.4377511, 53.4320947 ] ] } },
{ "type": "Feature", "properties": { "id": 83295, "nach": 0.54825966595071363 }, "geometry": { "type": "LineString", "coordinates": [ [ -2.4392199, 53.4311183 ], [ -2.4392764, 53.4311455 ] ] } },
{ "type": "Feature", "properties": { "id": 24446, "nach": 0.53747690204149168 }, "geometry": { "type": "LineString", "coordinates": [ [ -2.4412876, 53.4302051 ], [ -2.4412392, 53.4302277 ], [ -2.4409078, 53.430382399999985 ], [ -2.4395442, 53.4310097 ], [ -2.4393058, 53.4311303 ], [ -2.4392764, 53.4311455 ] ] } },
{ "type": "Feature", "properties": { "id": 126836, "nach": 0.64322480111541736 }, "geometry": { "type": "LineString", "coordinates": [ [ -2.435178, 53.4288787 ], [ -2.4352038, 53.4288456 ], [ -2.4352358, 53.4288017 ], [ -2.4356166, 53.4282811 ] ] } },
{ "type": "Feature", "properties": { "id": 126835, "nach": 0.5743264996537476 }, "geometry": { "type": "LineString", "coordinates": [ [ -2.435178, 53.4288787 ], [ -2.4352486, 53.4288983 ] ] } },
{ "type": "Feature", "properties": { "id": 126834, "nach": 0.60324147862370037 }, "geometry": { "type": "LineString", "coordinates": [ [ -2.435178, 53.4288787 ], [ -2.4350806, 53.4288516 ] ] } },
{ "type": "Feature", "properties": { "id": 126814, "nach": 0.6135904668293295 }, "geometry": { "type": "LineString", "coordinates": [ [ -2.4352077, 53.4289906 ], [ -2.4352628, 53.429014699999989 ], [ -2.435655, 53.4292262 ], [ -2.4358086, 53.4293087 ] ] } },
{ "type": "Feature", "properties": { "id": 126816, "nach": 0.58362332588047217 }, "geometry": { "type": "LineString", "coordinates": [ [ -2.4352077, 53.4289906 ], [ -2.43519, 53.429012799999988 ], [ -2.4351816, 53.4290412 ] ] } },
{ "type": "Feature", "properties": { "id": 126815, "nach": 0.6056177880380873 }, "geometry": { "type": "LineString", "coordinates": [ [ -2.4352077, 53.4289906 ], [ -2.4352315, 53.4289607 ], [ -2.4352512, 53.4289546 ] ] } },
{ "type": "Feature", "properties": { "id": 24463, "nach": 0.69110640805493861 }, "geometry": { "type": "LineString", "coordinates": [ [ -2.4359592, 53.4278013 ], [ -2.4360768, 53.4276256 ] ] } },
{ "type": "Feature", "properties": { "id": 75889, "nach": 0.61450340401413805 }, "geometry": { "type": "LineString", "coordinates": [ [ -2.4356996, 53.4275158 ], [ -2.4360768, 53.4276256 ] ] } },
{ "type": "Feature", "properties": { "id": 126679, "nach": 0.69278388177904848 }, "geometry": { "type": "LineString", "coordinates": [ [ -2.4367621, 53.4267003 ], [ -2.4362296, 53.4274275 ], [ -2.4361768, 53.427499 ], [ -2.4360768, 53.4276256 ] ] } },
{ "type": "Feature", "properties": { "id": 51923, "nach": 0.66894230787783149 }, "geometry": { "type": "LineString", "coordinates": [ [ -2.4357384, 53.4281027 ], [ -2.4357623, 53.4280675 ], [ -2.4359592, 53.4278013 ] ] } },
{ "type": "Feature", "properties": { "id": 118437, "nach": 0.60802475100154241 }, "geometry": { "type": "LineString", "coordinates": [ [ -2.436073, 53.4278405 ], [ -2.4360117, 53.42781870000001 ], [ -2.4359592, 53.4278013 ] ] } },
{ "type": "Feature", "properties": { "id": 75894, "nach": 0.46198223480275358 }, "geometry": { "type": "LineString", "coordinates": [ [ -2.4356215, 53.4276137 ], [ -2.4356449, 53.427584299999985 ], [ -2.4356996, 53.4275158 ] ] } },
{ "type": "Feature", "properties": { "id": 126677, "nach": 0.67674309053835435 }, "geometry": { "type": "LineString", "coordinates": [ [ -2.4367621, 53.4267003 ], [ -2.4370896, 53.4262529 ] ] } },
{ "type": "Feature", "properties": { "id": 126681, "nach": 0.59196901992071094 }, "geometry": { "type": "LineString", "coordinates": [ [ -2.4368217, 53.4267148 ], [ -2.4367621, 53.4267003 ] ] } },
{ "type": "Feature", "properties": { "id": 119039, "nach": 0.50074603363818826 }, "geometry": { "type": "LineString", "coordinates": [ [ -2.4403352, 53.425512500000011 ], [ -2.4403546, 53.4255529 ] ] } },
{ "type": "Feature", "properties": { "id": 118902, "nach": 0.58150157386260526 }, "geometry": { "type": "LineString", "coordinates": [ [ -2.4396646, 53.4259189 ], [ -2.4398804, 53.4257425 ], [ -2.4399357, 53.4257057 ], [ -2.4399869, 53.4256717 ], [ -2.4400451, 53.425639700000012 ], [ -2.4401096, 53.4256123 ], [ -2.4401906, 53.4255868 ], [ -2.4402769, 53.4255685 ], [ -2.4403546, 53.4255529 ] ] } },
{ "type": "Feature", "properties": { "id": 23740, "nach": 0.57448670184092909 }, "geometry": { "type": "LineString", "coordinates": [ [ -2.4411023, 53.4256974 ], [ -2.4408029, 53.4255794 ], [ -2.4406547, 53.4255495 ], [ -2.4405966, 53.4255417 ], [ -2.4405373, 53.4255384 ], [ -2.4404791, 53.4255396 ], [ -2.4404216, 53.4255452 ], [ -2.4403546, 53.4255529 ] ] } },
{ "type": "Feature", "properties": { "id": 119042, "nach": 0.39245724739982252 }, "geometry": { "type": "LineString", "coordinates": [ [ -2.4403352, 53.425512500000011 ], [ -2.4403033, 53.4255169 ], [ -2.4402067, 53.4255432 ], [ -2.4400981, 53.4255768 ], [ -2.440025, 53.4256048 ], [ -2.4399566, 53.4256311 ], [ -2.439862, 53.4256919 ], [ -2.4398057, 53.4257442 ], [ -2.4397071, 53.4258241 ], [ -2.4396642, 53.4258585 ], [ -2.439626, 53.4258749 ], [ -2.4395875, 53.4258839 ] ] } },
{ "type": "Feature", "properties": { "id": 118901, "nach": 0.56607240534026926 }, "geometry": { "type": "LineString", "coordinates": [ [ -2.4396646, 53.4259189 ], [ -2.4396491, 53.4259315 ], [ -2.4396195, 53.4259556 ] ] } },
{ "type": "Feature", "properties": { "id": 118905, "nach": 0.47858909103058273 }, "geometry": { "type": "LineString", "coordinates": [ [ -2.4395875, 53.4258839 ], [ -2.4396009, 53.4258903 ], [ -2.4396646, 53.4259189 ] ] } },
{ "type": "Feature", "properties": { "id": 118906, "nach": 0.54060929546085645 }, "geometry": { "type": "LineString", "coordinates": [ [ -2.4397721, 53.4259672 ], [ -2.4397484, 53.4259565 ], [ -2.4396646, 53.4259189 ] ] } },
{ "type": "Feature", "properties": { "id": 76530, "nach": 0.48300420208558142 }, "geometry": { "type": "LineString", "coordinates": [ [ -2.4415302, 53.4258736 ], [ -2.4411023, 53.4256974 ] ] } },
{ "type": "Feature", "properties": { "id": 23749, "nach": 0.55845948018246039 }, "geometry": { "type": "LineString", "coordinates": [ [ -2.4417559, 53.4252373 ], [ -2.4415696, 53.4253653 ], [ -2.4413474, 53.425524 ], [ -2.441141, 53.4256716 ], [ -2.4411023, 53.4256974 ] ] } },
{ "type": "Feature", "properties": { "id": 118980, "nach": 0.5535330852293574 }, "geometry": { "type": "LineString", "coordinates": [ [ -2.4425414, 53.4271161 ], [ -2.4425646, 53.427146099999987 ] ] } },
{ "type": "Feature", "properties": { "id": 118701, "nach": 0.51118451471709803 }, "geometry": { "type": "LineString", "coordinates": [ [ -2.4442673, 53.4278645 ], [ -2.4442471, 53.4278459 ], [ -2.4442163, 53.4278175 ] ] } },
{ "type": "Feature", "properties": { "id": 23834, "nach": 0.39399474127267975 }, "geometry": { "type": "LineString", "coordinates": [ [ -2.4480577, 53.427990599999987 ], [ -2.4480741, 53.4279655 ], [ -2.4481536, 53.4278436 ], [ -2.4482859, 53.4276411 ] ] } },
{ "type": "Feature", "properties": { "id": 118676, "nach": 0.48931835114830496 }, "geometry": { "type": "LineString", "coordinates": [ [ -2.4466525, 53.4276887 ], [ -2.4466752, 53.4276574 ] ] } },
{ "type": "Feature", "properties": { "id": 30045, "nach": 0.63593264671318894 }, "geometry": { "type": "LineString", "coordinates": [ [ -2.4394464, 53.4258765 ], [ -2.4396195, 53.4259556 ] ] } },
{ "type": "Feature", "properties": { "id": 23775, "nach": 0.61997087439819931 }, "geometry": { "type": "LineString", "coordinates": [ [ -2.4400381, 53.4261394 ], [ -2.4396195, 53.4259556 ] ] } },
{ "type": "Feature", "properties": { "id": 118932, "nach": 0.60760092017698175 }, "geometry": { "type": "LineString", "coordinates": [ [ -2.4394083, 53.4259081 ], [ -2.4394464, 53.4258765 ] ] } },
{ "type": "Feature", "properties": { "id": 76544, "nach": 0.61471484165584633 }, "geometry": { "type": "LineString", "coordinates": [ [ -2.4405062, 53.4263373 ], [ -2.4403632, 53.4262733 ], [ -2.4400381, 53.4261394 ] ] } },
{ "type": "Feature", "properties": { "id": 118929, "nach": 0.48382993683972464 }, "geometry": { "type": "LineString", "coordinates": [ [ -2.4399685, 53.4261705 ], [ -2.4399942, 53.4261583 ], [ -2.4400381, 53.4261394 ] ] } },
{ "type": "Feature", "properties": { "id": 118819, "nach": 0.47877601215199611 }, "geometry": { "type": "LineString", "coordinates": [ [ -2.4492713, 53.426618099999978 ], [ -2.4491901, 53.4268853 ], [ -2.449165, 53.4269162 ], [ -2.4491351, 53.4269449 ], [ -2.4490714, 53.4269728 ], [ -2.4488472, 53.4270705 ], [ -2.4488043, 53.4270893 ] ] } },
{ "type": "Feature", "properties": { "id": 118818, "nach": 0.40547829915729466 }, "geometry": { "type": "LineString", "coordinates": [ [ -2.4492713, 53.426618099999978 ], [ -2.4493031, 53.4265134 ] ] } },
{ "type": "Feature", "properties": { "id": 118817, "nach": 0.40661003161663595 }, "geometry": { "type": "LineString", "coordinates": [ [ -2.4492713, 53.426618099999978 ], [ -2.4491733, 53.4266072 ] ] } },
{ "type": "Feature", "properties": { "id": 126732, "nach": 0.0 }, "geometry": { "type": "LineString", "coordinates": [ [ -2.4476286, 53.4258606 ], [ -2.4476492, 53.4259016 ], [ -2.4468512, 53.4260223 ], [ -2.446701, 53.4260471 ], [ -2.4466232, 53.4260782 ], [ -2.4465964, 53.426088199999988 ], [ -2.4465736, 53.4260994 ], [ -2.4465629, 53.4261178 ], [ -2.4465656, 53.4261402 ], [ -2.4465749, 53.426159400000017 ], [ -2.4465937, 53.4261721 ], [ -2.4466447, 53.4261849 ], [ -2.4467627, 53.42621050000001 ], [ -2.4469397, 53.4262544 ], [ -2.4471416, 53.4263016 ], [ -2.4473005, 53.4263499 ], [ -2.4480267, 53.4265665 ], [ -2.4480696, 53.4265781 ], [ -2.4481105, 53.4265825 ], [ -2.4481648, 53.4265797 ], [ -2.4482225, 53.4265613 ], [ -2.4483043, 53.426475 ], [ -2.448309, 53.426457 ], [ -2.4483063, 53.4264426 ], [ -2.4482882, 53.4264259 ], [ -2.4482681, 53.4264107 ], [ -2.4483056, 53.4263631 ], [ -2.4483258, 53.4263683 ], [ -2.4483559, 53.4263743 ], [ -2.4483901, 53.4263747 ], [ -2.4484163, 53.4263675 ], [ -2.4485926, 53.4261933 ], [ -2.4486765, 53.4262121 ], [ -2.44837, 53.4265201 ], [ -2.4483338, 53.4265517 ], [ -2.4483144, 53.4265781 ], [ -2.448305, 53.4265973 ], [ -2.448305, 53.426616399999986 ], [ -2.4483123, 53.4266444 ], [ -2.4483271, 53.4266612 ], [ -2.4483546, 53.4266776 ], [ -2.4483874, 53.4266948 ], [ -2.4484659, 53.426732700000017 ], [ -2.448545, 53.4267874 ], [ -2.448779, 53.4269908 ], [ -2.4488012, 53.4270028 ], [ -2.448836, 53.4270092 ], [ -2.4488877, 53.4270068 ], [ -2.4490158, 53.42696320000001 ], [ -2.4490989, 53.4269241 ], [ -2.4491257, 53.426907300000011 ], [ -2.4491458, 53.4268761 ], [ -2.4492028, 53.4266932 ], [ -2.4492048, 53.42667 ], [ -2.4491888, 53.4266504 ], [ -2.4491673, 53.4266384 ], [ -2.4491425, 53.42663240000001 ], [ -2.4491572, 53.4265769 ], [ -2.449176, 53.426578900000017 ], [ -2.4492095, 53.4265741 ], [ -2.4492437, 53.4265641 ], [ -2.4492598, 53.4265445 ], [ -2.4492739, 53.4264946 ], [ -2.4493638, 53.4265042 ], [ -2.4492471, 53.4268582 ], [ -2.4492337, 53.4268993 ], [ -2.4492176, 53.4269301 ], [ -2.449182, 53.4269569 ], [ -2.4490915, 53.4269992 ], [ -2.4489755, 53.427051499999983 ], [ -2.448944, 53.4270799 ], [ -2.4489386, 53.4271011 ], [ -2.4489386, 53.427124700000014 ], [ -2.4489702, 53.4271586 ], [ -2.4490882, 53.4272569 ], [ -2.4491955, 53.4273424 ], [ -2.4492954, 53.4274279 ], [ -2.4493466, 53.42747030000001 ] ] } },
{ "type": "Feature", "properties": { "id": 126733, "nach": 0.2834577043742369 }, "geometry": { "type": "LineString", "coordinates": [ [ -2.4476286, 53.4258606 ], [ -2.4476056, 53.4258149 ], [ -2.4466896, 53.4259612 ], [ -2.4465716, 53.4259935 ], [ -2.4465079, 53.42602870000001 ], [ -2.4464408, 53.4260659 ], [ -2.4463899, 53.426089 ], [ -2.4463409, 53.426097400000018 ], [ -2.4462953, 53.4261046 ], [ -2.4462517, 53.4260942 ], [ -2.4460278, 53.4260395 ], [ -2.4459668, 53.4260207 ], [ -2.4459453, 53.4260039 ] ] } },
{ "type": "Feature", "properties": { "id": 118728, "nach": 0.38564035701973831 }, "geometry": { "type": "LineString", "coordinates": [ [ -2.4474241, 53.4292934 ], [ -2.4474674, 53.4292002 ], [ -2.4475318, 53.4291004 ], [ -2.4476613, 53.4289094 ], [ -2.447848, 53.4286342 ], [ -2.4478782, 53.428608 ], [ -2.4479161, 53.4285857 ], [ -2.4479604, 53.4285681 ], [ -2.4480096, 53.4285558 ], [ -2.4480646, 53.4285492 ], [ -2.4481208, 53.4285492 ], [ -2.4481759, 53.4285559 ], [ -2.4482275, 53.4285691 ], [ -2.4492327, 53.4288192 ], [ -2.4493899, 53.4288391 ], [ -2.4495404, 53.4288356 ], [ -2.4498829, 53.4288041 ], [ -2.4499198, 53.4288007 ] ] } },
{ "type": "Feature", "properties": { "id": 118743, "nach": 0.55700839579767281 }, "geometry": { "type": "LineString", "coordinates": [ [ -2.4502261, 53.4293692 ], [ -2.4501691, 53.4292857 ], [ -2.4500045, 53.4290285 ], [ -2.4499198, 53.4288007 ] ] } },
{ "type": "Feature", "properties": { "id": 118727, "nach": 0.45966939219746888 }, "geometry": { "type": "LineString", "coordinates": [ [ -2.4474241, 53.4292934 ], [ -2.4474107, 53.4293174 ], [ -2.4473953, 53.429345 ] ] } },
{ "type": "Feature", "properties": { "id": 118813, "nach": 0.39890498263427288 }, "geometry": { "type": "LineString", "coordinates": [ [ -2.4475533, 53.4293085 ], [ -2.4475373, 53.4293067 ], [ -2.4474241, 53.4292934 ] ] } },
{ "type": "Feature", "properties": { "id": 118740, "nach": 0.43253267534843975 }, "geometry": { "type": "LineString", "coordinates": [ [ -2.4473038, 53.4292794 ], [ -2.4473255, 53.4292819 ], [ -2.4474241, 53.4292934 ] ] } },
{ "type": "Feature", "properties": { "id": 118744, "nach": 0.54056814104062434 }, "geometry": { "type": "LineString", "coordinates": [ [ -2.4502261, 53.4293692 ], [ -2.4502856, 53.429460600000013 ], [ -2.4503037, 53.42948830000001 ] ] } },
{ "type": "Feature", "properties": { "id": 118745, "nach": 0.49002188634459082 }, "geometry": { "type": "LineString", "coordinates": [ [ -2.4502756, 53.4293565 ], [ -2.450265, 53.4293592 ], [ -2.4502261, 53.4293692 ] ] } },
{ "type": "Feature", "properties": { "id": 118810, "nach": 0.38868516026737948 }, "geometry": { "type": "LineString", "coordinates": [ [ -2.4501778, 53.4293816 ], [ -2.4501869, 53.4293793 ], [ -2.4502261, 53.4293692 ] ] } },
{ "type": "Feature", "properties": { "id": 30036, "nach": 0.54648209198070363 }, "geometry": { "type": "LineString", "coordinates": [ [ -2.4501402, 53.4295252 ], [ -2.4503037, 53.42948830000001 ] ] } },
{ "type": "Feature", "properties": { "id": 23835, "nach": 0.52210457839450775 }, "geometry": { "type": "LineString", "coordinates": [ [ -2.451054, 53.429307 ], [ -2.4503037, 53.42948830000001 ] ] } },
{ "type": "Feature", "properties": { "id": 30040, "nach": 0.53732650886161049 }, "geometry": { "type": "LineString", "coordinates": [ [ -2.4493325, 53.42956 ], [ -2.4494649, 53.4295718 ], [ -2.4495986, 53.429575899999982 ], [ -2.4497008, 53.4295737 ], [ -2.4498023, 53.429567 ], [ -2.4499836, 53.4295488 ], [ -2.4501402, 53.4295252 ] ] } },
{ "type": "Feature", "properties": { "id": 118764, "nach": 0.52380290700292287 }, "geometry": { "type": "LineString", "coordinates": [ [ -2.4501641, 53.4295628 ], [ -2.4501575, 53.4295525 ], [ -2.4501402, 53.4295252 ] ] } },
{ "type": "Feature", "properties": { "id": 23839, "nach": 0.48999813583729507 }, "geometry": { "type": "LineString", "coordinates": [ [ -2.4512649, 53.4292578 ], [ -2.451054, 53.429307 ] ] } },
{ "type": "Feature", "properties": { "id": 118753, "nach": 0.46973307510845741 }, "geometry": { "type": "LineString", "coordinates": [ [ -2.4510825, 53.4293487 ], [ -2.451074, 53.4293362 ], [ -2.451054, 53.429307 ] ] } },
{ "type": "Feature", "properties": { "id": 64245, "nach": 0.43709753354265013 }, "geometry": { "type": "LineString", "coordinates": [ [ -2.4558077, 53.4275926 ], [ -2.4545961, 53.4270821 ], [ -2.4542967, 53.4269366 ], [ -2.4540591, 53.4268053 ], [ -2.453898, 53.426705 ] ] } },
{ "type": "Feature", "properties": { "id": 125716, "nach": 0.42444037236921717 }, "geometry": { "type": "LineString", "coordinates": [ [ -2.453648, 53.4265127 ], [ -2.4537044, 53.4265682 ], [ -2.453898, 53.426705 ] ] } },
{ "type": "Feature", "properties": { "id": 125711, "nach": 0.37540846968047253 }, "geometry": { "type": "LineString", "coordinates": [ [ -2.4543151, 53.4264152 ], [ -2.4541015, 53.4265854 ], [ -2.4540034, 53.42665 ], [ -2.4539557, 53.4266777 ], [ -2.453898, 53.426705 ] ] } },
{ "type": "Feature", "properties": { "id": 64246, "nach": 0.43034456955484734 }, "geometry": { "type": "LineString", "coordinates": [ [ -2.4558077, 53.4275926 ], [ -2.4567034, 53.42797 ], [ -2.4569027, 53.4280391 ], [ -2.4570895, 53.4280888 ], [ -2.457169, 53.4281109 ] ] } },
{ "type": "Feature", "properties": { "id": 64247, "nach": 0.30771310375663297 }, "geometry": { "type": "LineString", "coordinates": [ [ -2.4553917, 53.4278818 ], [ -2.4558077, 53.4275926 ] ] } },
{ "type": "Feature", "properties": { "id": 125717, "nach": 0.19443212950926875 }, "geometry": { "type": "LineString", "coordinates": [ [ -2.453648, 53.4265127 ], [ -2.4537343, 53.4264763 ], [ -2.4539457, 53.4264218 ], [ -2.4542645, 53.42638560000001 ] ] } },
{ "type": "Feature", "properties": { "id": 125710, "nach": 0.39224412556099603 }, "geometry": { "type": "LineString", "coordinates": [ [ -2.4543151, 53.4264152 ], [ -2.4545435, 53.4262333 ], [ -2.4550585, 53.4260096 ], [ -2.4555305, 53.425626 ], [ -2.4558339, 53.4255 ] ] } },
{ "type": "Feature", "properties": { "id": 125712, "nach": 0.38330180463048058 }, "geometry": { "type": "LineString", "coordinates": [ [ -2.4542645, 53.42638560000001 ], [ -2.4543151, 53.4264152 ] ] } },
{ "type": "Feature", "properties": { "id": 33179, "nach": 0.28916682123569559 }, "geometry": { "type": "LineString", "coordinates": [ [ -2.4574291, 53.4246702 ], [ -2.4576618, 53.4252253 ] ] } },
{ "type": "Feature", "properties": { "id": 64238, "nach": 0.37769714207719851 }, "geometry": { "type": "LineString", "coordinates": [ [ -2.4558339, 53.4255 ], [ -2.4558846, 53.425479 ], [ -2.4565927, 53.4253703 ], [ -2.4576618, 53.4252253 ] ] } },
{ "type": "Feature", "properties": { "id": 64240, "nach": 0.3811976931315243 }, "geometry": { "type": "LineString", "coordinates": [ [ -2.4558339, 53.4255 ], [ -2.4557713, 53.4254186 ], [ -2.4555902, 53.4252337 ], [ -2.4552017, 53.4249697 ] ] } },
{ "type": "Feature", "properties": { "id": 36850, "nach": 0.56185148958180919 }, "geometry": { "type": "LineString", "coordinates": [ [ -2.4443546, 53.4290054 ], [ -2.4442894, 53.429 ] ] } },
{ "type": "Feature", "properties": { "id": 118715, "nach": 0.53270010202115503 }, "geometry": { "type": "LineString", "coordinates": [ [ -2.4443111, 53.4289555 ], [ -2.4443033, 53.4289714 ], [ -2.4442894, 53.429 ] ] } },
{ "type": "Feature", "properties": { "id": 118767, "nach": 0.50268780426750037 }, "geometry": { "type": "LineString", "coordinates": [ [ -2.4443468, 53.4290507 ], [ -2.4443546, 53.4290054 ] ] } },
{ "type": "Feature", "properties": { "id": 76572, "nach": 0.53522809685051342 }, "geometry": { "type": "LineString", "coordinates": [ [ -2.4464573, 53.4292412 ], [ -2.4443546, 53.4290054 ] ] } },
{ "type": "Feature", "properties": { "id": 118714, "nach": 0.42230272435979027 }, "geometry": { "type": "LineString", "coordinates": [ [ -2.4443111, 53.4289555 ], [ -2.444441, 53.4286889 ] ] } },
{ "type": "Feature", "properties": { "id": 118718, "nach": 0.48170375000570154 }, "geometry": { "type": "LineString", "coordinates": [ [ -2.4442261, 53.428944799999989 ], [ -2.4442553, 53.4289485 ], [ -2.4443111, 53.4289555 ] ] } },
{ "type": "Feature", "properties": { "id": 118729, "nach": 0.47629390789474324 }, "geometry": { "type": "LineString", "coordinates": [ [ -2.4443735, 53.4289633 ], [ -2.444359, 53.4289615 ], [ -2.4443111, 53.4289555 ] ] } },
{ "type": "Feature", "properties": { "id": 76571, "nach": 0.52919042734826549 }, "geometry": { "type": "LineString", "coordinates": [ [ -2.4464573, 53.4292412 ], [ -2.4473953, 53.429345 ] ] } },
{ "type": "Feature", "properties": { "id": 30039, "nach": 0.52615375093319894 }, "geometry": { "type": "LineString", "coordinates": [ [ -2.4493325, 53.42956 ], [ -2.4491507, 53.4295396 ], [ -2.4490656, 53.4295301 ], [ -2.4473953, 53.429345 ] ] } },
{ "type": "Feature", "properties": { "id": 118721, "nach": 0.37434313926749474 }, "geometry": { "type": "LineString", "coordinates": [ [ -2.4464952, 53.4291218 ], [ -2.4464673, 53.429209699999987 ], [ -2.4464573, 53.4292412 ] ] } },
{ "type": "Feature", "properties": { "id": 118760, "nach": 0.43139690668465747 }, "geometry": { "type": "LineString", "coordinates": [ [ -2.4493146, 53.429608 ], [ -2.4493209, 53.4295912 ], [ -2.4493325, 53.42956 ] ] } },
{ "type": "Feature", "properties": { "id": 118998, "nach": 0.44658930659304252 }, "geometry": { "type": "LineString", "coordinates": [ [ -2.4420953, 53.4250083 ], [ -2.442033, 53.4249945 ] ] } },
{ "type": "Feature", "properties": { "id": 118851, "nach": 0.51401008004032722 }, "geometry": { "type": "LineString", "coordinates": [ [ -2.4419666, 53.424978 ], [ -2.442033, 53.4249945 ] ] } },
{ "type": "Feature", "properties": { "id": 23750, "nach": 0.56231939762994454 }, "geometry": { "type": "LineString", "coordinates": [ [ -2.4417559, 53.4252373 ], [ -2.4419193, 53.4251145 ], [ -2.442033, 53.4249945 ] ] } },
{ "type": "Feature", "properties": { "id": 119001, "nach": 0.39167427539178257 }, "geometry": { "type": "LineString", "coordinates": [ [ -2.4420953, 53.4250083 ], [ -2.4421117, 53.4249898 ], [ -2.4422599, 53.4247569 ], [ -2.4422854, 53.4247437 ], [ -2.4423236, 53.4247353 ], [ -2.4423478, 53.4247341 ], [ -2.4423793, 53.424739300000013 ], [ -2.443829, 53.4251283 ], [ -2.4438743, 53.4251485 ], [ -2.4439058, 53.425170200000011 ], [ -2.4439202, 53.425186 ], [ -2.4439283, 53.4252012 ], [ -2.4439278, 53.4252075 ] ] } },
{ "type": "Feature", "properties": { "id": 119000, "nach": 0.1934742043971977 }, "geometry": { "type": "LineString", "coordinates": [ [ -2.4420953, 53.4250083 ], [ -2.4420829, 53.4250222 ], [ -2.4419589, 53.425162899999989 ], [ -2.4419421, 53.4251804 ], [ -2.4419361, 53.4252 ], [ -2.4419361, 53.425218 ], [ -2.4419454, 53.4252352 ], [ -2.4419796, 53.42525710000001 ], [ -2.4421131, 53.4252995 ], [ -2.4423974, 53.425389 ], [ -2.4426911, 53.4255029 ], [ -2.4428862, 53.4255896 ], [ -2.4431115, 53.4256959 ], [ -2.4431424, 53.4257071 ], [ -2.4431826, 53.4257142 ], [ -2.4432389, 53.4257138 ], [ -2.4432812, 53.4257019 ], [ -2.4433006, 53.4256903 ], [ -2.4436802, 53.4254202 ], [ -2.4437039, 53.4254009 ] ] } },
{ "type": "Feature", "properties": { "id": 118853, "nach": 0.50564016398408129 }, "geometry": { "type": "LineString", "coordinates": [ [ -2.4419666, 53.424978 ], [ -2.441977, 53.4249631 ], [ -2.4421339, 53.4247293 ], [ -2.4421366, 53.4247121 ], [ -2.4421292, 53.424695 ], [ -2.4421117, 53.4246778 ], [ -2.4420641, 53.424661 ], [ -2.4415867, 53.4245607 ], [ -2.4407565, 53.4244033 ] ] } },
{ "type": "Feature", "properties": { "id": 23758, "nach": 0.48326522433336239 }, "geometry": { "type": "LineString", "coordinates": [ [ -2.441333, 53.4251324 ], [ -2.4417073, 53.4252245 ], [ -2.4417559, 53.4252373 ] ] } },
{ "type": "Feature", "properties": { "id": 65154, "nach": 0.50902347752507549 }, "geometry": { "type": "LineString", "coordinates": [ [ -2.4437662, 53.4254181 ], [ -2.4436556, 53.425494 ] ] } },
{ "type": "Feature", "properties": { "id": 118835, "nach": 0.52888446645298626 }, "geometry": { "type": "LineString", "coordinates": [ [ -2.4437028, 53.4255174 ], [ -2.4436556, 53.425494 ] ] } },
{ "type": "Feature", "properties": { "id": 23748, "nach": 0.55817591511838993 }, "geometry": { "type": "LineString", "coordinates": [ [ -2.4403412, 53.4243032 ], [ -2.4402095, 53.4245005 ], [ -2.4401218, 53.4246564 ], [ -2.44009, 53.4247173 ], [ -2.4400491, 53.42477070000001 ], [ -2.4399975, 53.4248128 ], [ -2.4399357, 53.4248457 ] ] } },
{ "type": "Feature", "properties": { "id": 118858, "nach": 0.5274912299069241 }, "geometry": { "type": "LineString", "coordinates": [ [ -2.4394576, 53.4247574 ], [ -2.4395159, 53.424792699999983 ], [ -2.4396176, 53.4248322 ], [ -2.4397661, 53.4248503 ], [ -2.4398273, 53.4248539 ], [ -2.4398627, 53.424856 ], [ -2.4399357, 53.4248457 ] ] } },
{ "type": "Feature", "properties": { "id": 118860, "nach": 0.46453242821459456 }, "geometry": { "type": "LineString", "coordinates": [ [ -2.4400431, 53.4249572 ], [ -2.4400236, 53.4249407 ], [ -2.4399357, 53.4248457 ] ] } },
{ "type": "Feature", "properties": { "id": 118857, "nach": 0.49328864850461646 }, "geometry": { "type": "LineString", "coordinates": [ [ -2.4394576, 53.4247574 ], [ -2.4393822, 53.4247116 ] ] } },
{ "type": "Feature", "properties": { "id": 118856, "nach": 0.42316681939298162 }, "geometry": { "type": "LineString", "coordinates": [ [ -2.4394576, 53.4247574 ], [ -2.4394014, 53.4248196 ] ] } },
{ "type": "Feature", "properties": { "id": 118859, "nach": 0.42460582708079747 }, "geometry": { "type": "LineString", "coordinates": [ [ -2.4400431, 53.4249572 ], [ -2.44011, 53.4250138 ], [ -2.44019, 53.4250542 ], [ -2.4403603, 53.42509470000001 ] ] } },
{ "type": "Feature", "properties": { "id": 118862, "nach": 0.43762941808748351 }, "geometry": { "type": "LineString", "coordinates": [ [ -2.4400431, 53.4249572 ], [ -2.4400873, 53.4249467 ], [ -2.4400304, 53.4248828 ], [ -2.440033, 53.4248572 ], [ -2.4400532, 53.424832799999983 ], [ -2.44008, 53.4248068 ], [ -2.4401236, 53.4247617 ], [ -2.4401745, 53.4246782 ], [ -2.4401946, 53.424633 ], [ -2.4402101, 53.4245975 ], [ -2.4403442, 53.4243961 ], [ -2.4403596, 53.424372499999983 ], [ -2.440373, 53.4243601 ], [ -2.4403971, 53.42435170000001 ], [ -2.4404313, 53.4243485 ], [ -2.440493, 53.4243533 ], [ -2.4407565, 53.4244033 ] ] } },
{ "type": "Feature", "properties": { "id": 118863, "nach": 0.4221615462907386 }, "geometry": { "type": "LineString", "coordinates": [ [ -2.4394644, 53.4248228 ], [ -2.4394999, 53.4248264 ], [ -2.439516, 53.4248332 ], [ -2.4395429, 53.424847199999988 ], [ -2.4395838, 53.4248612 ], [ -2.4396522, 53.4248756 ], [ -2.4397078, 53.4248796 ], [ -2.439801, 53.4248892 ], [ -2.4398614, 53.4248951 ], [ -2.4399143, 53.4249139 ], [ -2.4399425, 53.4249339 ], [ -2.4399673, 53.4249563 ], [ -2.4399747, 53.4249735 ], [ -2.4400431, 53.4249572 ] ] } },
{ "type": "Feature", "properties": { "id": 73067, "nach": 0.42264398560994898 }, "geometry": { "type": "LineString", "coordinates": [ [ -2.4393822, 53.4247116 ], [ -2.4393549, 53.4246997 ] ] } },
{ "type": "Feature", "properties": { "id": 73069, "nach": 0.41910608094099205 }, "geometry": { "type": "LineString", "coordinates": [ [ -2.4391036, 53.4249183 ], [ -2.4392049, 53.4247872 ], [ -2.4392354, 53.424762500000014 ], [ -2.4393022, 53.4247335 ], [ -2.4393822, 53.4247116 ] ] } },
{ "type": "Feature", "properties": { "id": 118831, "nach": 0.42085037418173782 }, "geometry": { "type": "LineString", "coordinates": [ [ -2.4455002, 53.42633510000001 ], [ -2.4455618, 53.426345700000013 ] ] } },
{ "type": "Feature", "properties": { "id": 76526, "nach": 0.48411445386174218 }, "geometry": { "type": "LineString", "coordinates": [ [ -2.4407653, 53.4250319 ], [ -2.4407854, 53.425056599999984 ], [ -2.4408358, 53.425076900000015 ], [ -2.4411808, 53.4251639 ], [ -2.4412167, 53.4251694 ], [ -2.4412538, 53.425168 ], [ -2.4412883, 53.4251599 ], [ -2.441317, 53.4251458 ], [ -2.441333, 53.4251324 ] ] } },
{ "type": "Feature", "properties": { "id": 126723, "nach": 0.59249585921834169 }, "geometry": { "type": "LineString", "coordinates": [ [ -2.4428906, 53.424832800000011 ], [ -2.4428276, 53.4248159 ] ] } },
{ "type": "Feature", "properties": { "id": 23790, "nach": 0.57410865284654444 }, "geometry": { "type": "LineString", "coordinates": [ [ -2.4393183, 53.4274915 ], [ -2.4398573, 53.4273622 ] ] } },
{ "type": "Feature", "properties": { "id": 23770, "nach": 0.49522705288355268 }, "geometry": { "type": "LineString", "coordinates": [ [ -2.4397558, 53.4271692 ], [ -2.4398075, 53.4272602 ], [ -2.4398446, 53.4273361 ], [ -2.4398573, 53.4273622 ] ] } },
{ "type": "Feature", "properties": { "id": 23788, "nach": 0.5608256287931066 }, "geometry": { "type": "LineString", "coordinates": [ [ -2.4401059, 53.427566400000011 ], [ -2.4400099, 53.4274206 ], [ -2.4399778, 53.4273732 ], [ -2.4399542, 53.4273555 ], [ -2.4399149, 53.427351 ], [ -2.4398573, 53.4273622 ] ] } },
{ "type": "Feature", "properties": { "id": 118936, "nach": 0.51676589346562585 }, "geometry": { "type": "LineString", "coordinates": [ [ -2.4393501, 53.4275338 ], [ -2.4393401, 53.4275206 ], [ -2.4393183, 53.4274915 ] ] } },
{ "type": "Feature", "properties": { "id": 76567, "nach": 0.5678734853146683 }, "geometry": { "type": "LineString", "coordinates": [ [ -2.4376306, 53.4264626 ], [ -2.438742, 53.4275817 ], [ -2.4387652, 53.4275941 ], [ -2.4387968, 53.4276066 ], [ -2.4388476, 53.427611 ], [ -2.4388922, 53.4276032 ], [ -2.4391848, 53.42752740000001 ], [ -2.4393183, 53.4274915 ] ] } },
{ "type": "Feature", "properties": { "id": 23785, "nach": 0.48812489903885742 }, "geometry": { "type": "LineString", "coordinates": [ [ -2.4393511, 53.4268978 ], [ -2.439664, 53.42708480000001 ], [ -2.4397114, 53.42712190000001 ], [ -2.4397558, 53.4271692 ] ] } },
{ "type": "Feature", "properties": { "id": 23787, "nach": 0.39093473182289251 }, "geometry": { "type": "LineString", "coordinates": [ [ -2.4401059, 53.427566400000011 ], [ -2.4403477, 53.4279246 ], [ -2.4403622, 53.4279381 ], [ -2.4403823, 53.42794880000001 ], [ -2.4404065, 53.4279559 ], [ -2.4404384, 53.4279589 ], [ -2.4404701, 53.4279556 ], [ -2.4404985, 53.4279465 ], [ -2.4410341, 53.4278079 ] ] } },
{ "type": "Feature", "properties": { "id": 76563, "nach": 0.55080117847218368 }, "geometry": { "type": "LineString", "coordinates": [ [ -2.4412516, 53.4272888 ], [ -2.4405222, 53.4274655 ], [ -2.440149, 53.427556 ], [ -2.4401059, 53.427566400000011 ] ] } },
{ "type": "Feature", "properties": { "id": 118892, "nach": 0.4437913378538812 }, "geometry": { "type": "LineString", "coordinates": [ [ -2.4422025, 53.427530899999987 ], [ -2.4418868, 53.4276102 ], [ -2.4416904, 53.4276523 ], [ -2.4410341, 53.4278079 ] ] } },
{ "type": "Feature", "properties": { "id": 23765, "nach": 0.41163017976230037 }, "geometry": { "type": "LineString", "coordinates": [ [ -2.4419143, 53.4283451 ], [ -2.4415107, 53.4282652 ], [ -2.4412266, 53.4279927 ], [ -2.441069, 53.4278414 ], [ -2.4410341, 53.4278079 ] ] } },
{ "type": "Feature", "properties": { "id": 118893, "nach": 0.52814357218689467 }, "geometry": { "type": "LineString", "coordinates": [ [ -2.4421694, 53.427492 ], [ -2.442181, 53.4275057 ], [ -2.4422025, 53.427530899999987 ] ] } },
{ "type": "Feature", "properties": { "id": 118898, "nach": 0.52098340861843317 }, "geometry": { "type": "LineString", "coordinates": [ [ -2.4422506, 53.4275874 ], [ -2.4422293, 53.4275624 ], [ -2.4422025, 53.427530899999987 ] ] } },
{ "type": "Feature", "properties": { "id": 118930, "nach": 0.47993922426123786 }, "geometry": { "type": "LineString", "coordinates": [ [ -2.4399685, 53.4261705 ], [ -2.4397085, 53.4262943 ], [ -2.4396146, 53.426339 ], [ -2.4390201, 53.426622 ], [ -2.4390073, 53.426633100000018 ], [ -2.4390028, 53.4266462 ], [ -2.4390089, 53.4266612 ], [ -2.4390222, 53.4266782 ], [ -2.4393511, 53.4268978 ] ] } },
{ "type": "Feature", "properties": { "id": 118920, "nach": 0.38147208021961443 }, "geometry": { "type": "LineString", "coordinates": [ [ -2.4407264, 53.4264869 ], [ -2.4407022, 53.426505 ], [ -2.4403294, 53.4266156 ], [ -2.4402359, 53.4266437 ], [ -2.4397594, 53.426780599999987 ], [ -2.4393917, 53.4268862 ], [ -2.4393511, 53.4268978 ] ] } },
{ "type": "Feature", "properties": { "id": 118909, "nach": 0.54613831659483558 }, "geometry": { "type": "LineString", "coordinates": [ [ -2.4418452, 53.4271442 ], [ -2.4414714, 53.427235600000017 ], [ -2.4413588, 53.427263200000013 ], [ -2.4412516, 53.4272888 ] ] } },
{ "type": "Feature", "properties": { "id": 118943, "nach": 0.53712333093400133 }, "geometry": { "type": "LineString", "coordinates": [ [ -2.4418757, 53.427179 ], [ -2.4418695, 53.4271719 ], [ -2.4418452, 53.4271442 ] ] } },
{ "type": "Feature", "properties": { "id": 118961, "nach": 0.51467417229123447 }, "geometry": { "type": "LineString", "coordinates": [ [ -2.4418113, 53.42710550000001 ], [ -2.4418224, 53.4271182 ], [ -2.4418452, 53.4271442 ] ] } },
{ "type": "Feature", "properties": { "id": 118869, "nach": 0.53866515929189218 }, "geometry": { "type": "LineString", "coordinates": [ [ -2.4405453, 53.426304700000017 ], [ -2.4405062, 53.4263373 ] ] } },
{ "type": "Feature", "properties": { "id": 118967, "nach": 0.44150998418393406 }, "geometry": { "type": "LineString", "coordinates": [ [ -2.4400263, 53.426193699999985 ], [ -2.4400104, 53.4261873 ], [ -2.4399685, 53.4261705 ] ] } },
{ "type": "Feature", "properties": { "id": 118950, "nach": 0.5012759819349768 }, "geometry": { "type": "LineString", "coordinates": [ [ -2.4399133, 53.42614840000001 ], [ -2.4399253, 53.4261532 ], [ -2.4399685, 53.4261705 ] ] } },
{ "type": "Feature", "properties": { "id": 118935, "nach": 0.50755088004799631 }, "geometry": { "type": "LineString", "coordinates": [ [ -2.4393501, 53.4275338 ], [ -2.4395204, 53.4277603 ] ] } },
{ "type": "Feature", "properties": { "id": 76570, "nach": 0.43507740339622786 }, "geometry": { "type": "LineString", "coordinates": [ [ -2.4394362, 53.4277808 ], [ -2.4395204, 53.4277603 ] ] } },
{ "type": "Feature", "properties": { "id": 76569, "nach": 0.43507740339622786 }, "geometry": { "type": "LineString", "coordinates": [ [ -2.4396158, 53.427737 ], [ -2.4395204, 53.4277603 ] ] } },
{ "type": "Feature", "properties": { "id": 118937, "nach": 0.0 }, "geometry": { "type": "LineString", "coordinates": [ [ -2.4393501, 53.4275338 ], [ -2.4393987, 53.4275194 ], [ -2.4398587, 53.4274075 ], [ -2.4398996, 53.427398 ], [ -2.4399103, 53.427398 ], [ -2.4399291, 53.4274075 ], [ -2.4403241, 53.4279821 ], [ -2.4403334, 53.4279949 ], [ -2.4403475, 53.4280033 ], [ -2.4403723, 53.4280069 ], [ -2.4404025, 53.4280088 ], [ -2.4404394, 53.4280009 ], [ -2.440841, 53.4279026 ], [ -2.4409048, 53.427887 ], [ -2.4409483, 53.4278834 ], [ -2.4409872, 53.4278854 ], [ -2.4410214, 53.4278886 ], [ -2.4410556, 53.427895800000016 ], [ -2.4410898, 53.4279174 ], [ -2.4414808, 53.4282881 ], [ -2.44181, 53.4283552 ], [ -2.4418583, 53.4283976 ], [ -2.441934, 53.428406 ], [ -2.4419991, 53.4283808 ], [ -2.4420125, 53.4283413 ], [ -2.441979, 53.4283021 ], [ -2.4419072, 53.4282913 ], [ -2.4418321, 53.4283029 ], [ -2.4415726, 53.428251 ], [ -2.4415243, 53.428239 ], [ -2.4411824, 53.4279006 ], [ -2.4411723, 53.4278794 ], [ -2.4411743, 53.4278622 ], [ -2.4411824, 53.4278462 ], [ -2.4411964, 53.4278283 ], [ -2.4412233, 53.4278143 ], [ -2.4421345, 53.4275893 ], [ -2.4421828, 53.4275805 ], [ -2.442217, 53.427578900000015 ], [ -2.4422465, 53.4275841 ], [ -2.4422506, 53.4275874 ] ] } },
{ "type": "Feature", "properties": { "id": 118942, "nach": 0.4881702433050833 }, "geometry": { "type": "LineString", "coordinates": [ [ -2.4392787, 53.427555 ], [ -2.4393007, 53.4275484 ], [ -2.4393501, 53.4275338 ] ] } },
{ "type": "Feature", "properties": { "id": 118924, "nach": 0.43859852463656845 }, "geometry": { "type": "LineString", "coordinates": [ [ -2.4408036, 53.4265241 ], [ -2.4407948, 53.4265146 ], [ -2.4407264, 53.4264869 ] ] } },
{ "type": "Feature", "properties": { "id": 118970, "nach": 0.43843853174992942 }, "geometry": { "type": "LineString", "coordinates": [ [ -2.4406399, 53.4264518 ], [ -2.4406521, 53.4264568 ], [ -2.4407264, 53.4264869 ] ] } },
{ "type": "Feature", "properties": { "id": 118953, "nach": 0.42058587001102044 }, "geometry": { "type": "LineString", "coordinates": [ [ -2.4412228, 53.4272467 ], [ -2.4412516, 53.4272888 ] ] } },
{ "type": "Feature", "properties": { "id": 118946, "nach": 0.50061726172142862 }, "geometry": { "type": "LineString", "coordinates": [ [ -2.4376785, 53.4264466 ], [ -2.4376306, 53.4264626 ] ] } },
{ "type": "Feature", "properties": { "id": 118702, "nach": 0.41837329907732851 }, "geometry": { "type": "LineString", "coordinates": [ [ -2.4442673, 53.4278645 ], [ -2.444277, 53.4278734 ], [ -2.4445009, 53.4279985 ], [ -2.444625, 53.4280794 ], [ -2.4447636, 53.428199600000013 ] ] } },
{ "type": "Feature", "properties": { "id": 118732, "nach": 0.41664868838838304 }, "geometry": { "type": "LineString", "coordinates": [ [ -2.4443588, 53.4278327 ], [ -2.4443425, 53.4278383 ], [ -2.4442673, 53.4278645 ] ] } },
{ "type": "Feature", "properties": { "id": 118705, "nach": 0.47992278511868819 }, "geometry": { "type": "LineString", "coordinates": [ [ -2.444206, 53.4278859 ], [ -2.4442226, 53.427880100000017 ], [ -2.4442673, 53.4278645 ] ] } },
{ "type": "Feature", "properties": { "id": 119026, "nach": 0.60811643392148651 }, "geometry": { "type": "LineString", "coordinates": [ [ -2.4363904, 53.4244588 ], [ -2.436478, 53.4244788 ] ] } },
{ "type": "Feature", "properties": { "id": 42548, "nach": 0.57384621025764881 }, "geometry": { "type": "LineString", "coordinates": [ [ -2.4382599, 53.4243103 ], [ -2.4378941, 53.4243687 ], [ -2.4376139, 53.4244093 ], [ -2.437397, 53.4244273 ], [ -2.437016, 53.4244553 ], [ -2.4367597, 53.4244714 ], [ -2.4366184, 53.4244832 ], [ -2.4365255, 53.4244807 ], [ -2.436478, 53.4244788 ] ] } },
{ "type": "Feature", "properties": { "id": 23809, "nach": 0.57234592765030201 }, "geometry": { "type": "LineString", "coordinates": [ [ -2.4368564, 53.424771200000016 ], [ -2.4367319, 53.4247002 ], [ -2.4365944, 53.4246146 ], [ -2.4365281, 53.4245703 ], [ -2.4365053, 53.4245459 ], [ -2.4364976, 53.42452260000001 ], [ -2.436478, 53.4244788 ] ] } },
{ "type": "Feature", "properties": { "id": 119028, "nach": 0.43553319143992003 }, "geometry": { "type": "LineString", "coordinates": [ [ -2.4363904, 53.4244588 ], [ -2.436441, 53.424251500000011 ], [ -2.43647, 53.424209900000015 ], [ -2.4365826, 53.4240437 ] ] } },
{ "type": "Feature", "properties": { "id": 119030, "nach": 0.60052730567735935 }, "geometry": { "type": "LineString", "coordinates": [ [ -2.4363748, 53.4244552 ], [ -2.4363904, 53.4244588 ] ] } },
{ "type": "Feature", "properties": { "id": 42566, "nach": 0.44268395814400002 }, "geometry": { "type": "LineString", "coordinates": [ [ -2.4381388, 53.4242243 ], [ -2.4382599, 53.4243103 ] ] } },
{ "type": "Feature", "properties": { "id": 119002, "nach": 0.59887995541686379 }, "geometry": { "type": "LineString", "coordinates": [ [ -2.4368291, 53.4247896 ], [ -2.4368564, 53.424771200000016 ] ] } },
{ "type": "Feature", "properties": { "id": 119003, "nach": 0.46637286292150404 }, "geometry": { "type": "LineString", "coordinates": [ [ -2.4368291, 53.4247896 ], [ -2.4365667, 53.4249666 ], [ -2.4361211, 53.4253507 ] ] } },
{ "type": "Feature", "properties": { "id": 119013, "nach": 0.59885098578894136 }, "geometry": { "type": "LineString", "coordinates": [ [ -2.4363268, 53.4244963 ], [ -2.4365535, 53.424631 ], [ -2.4367312, 53.424736900000013 ], [ -2.4368291, 53.4247896 ] ] } },
{ "type": "Feature", "properties": { "id": 119017, "nach": 0.58515443743053275 }, "geometry": { "type": "LineString", "coordinates": [ [ -2.4377631, 53.4252473 ], [ -2.4377585, 53.4252372 ], [ -2.4377344, 53.4252108 ], [ -2.437666, 53.4251764 ], [ -2.4374715, 53.4250961 ], [ -2.4373984, 53.4250726 ], [ -2.4373475, 53.4250502 ], [ -2.4372704, 53.4250182 ], [ -2.4370048, 53.424884 ], [ -2.4368291, 53.4247896 ] ] } },
{ "type": "Feature", "properties": { "id": 119011, "nach": 0.43947853557465671 }, "geometry": { "type": "LineString", "coordinates": [ [ -2.4363268, 53.4244963 ], [ -2.43614, 53.4246561 ] ] } },
{ "type": "Feature", "properties": { "id": 119029, "nach": 0.53871666311419242 }, "geometry": { "type": "LineString", "coordinates": [ [ -2.4363748, 53.4244552 ], [ -2.4363268, 53.4244963 ] ] } },
{ "type": "Feature", "properties": { "id": 119066, "nach": 0.61324797796250641 }, "geometry": { "type": "LineString", "coordinates": [ [ -2.4354091, 53.42403070000001 ], [ -2.4354686, 53.42408120000001 ], [ -2.4355423, 53.42406840000001 ], [ -2.4355933, 53.4240704 ], [ -2.4356255, 53.4240828 ], [ -2.4356845, 53.4241136 ], [ -2.4360117, 53.424313 ], [ -2.4363021, 53.4244816 ], [ -2.4363268, 53.4244963 ] ] } },
{ "type": "Feature", "properties": { "id": 51928, "nach": 0.35417809467902261 }, "geometry": { "type": "LineString", "coordinates": [ [ -2.4398015, 53.422263 ], [ -2.440443, 53.4225728 ] ] } },
{ "type": "Feature", "properties": { "id": 86913, "nach": 0.40607500391984247 }, "geometry": { "type": "LineString", "coordinates": [ [ -2.4413407, 53.4198783 ], [ -2.4405738, 53.4201861 ], [ -2.4386093, 53.421009200000015 ] ] } },
{ "type": "Feature", "properties": { "id": 119124, "nach": 0.36921492864056255 }, "geometry": { "type": "LineString", "coordinates": [ [ -2.4343786, 53.4230294 ], [ -2.4346921, 53.4229224 ], [ -2.4350359, 53.4227808 ], [ -2.4355305, 53.4225689 ], [ -2.4361952, 53.4222588 ], [ -2.4371933, 53.421744 ], [ -2.4377422, 53.4214375 ], [ -2.4386093, 53.421009200000015 ] ] } },
{ "type": "Feature", "properties": { "id": 126731, "nach": 0.42162759833524954 }, "geometry": { "type": "LineString", "coordinates": [ [ -2.4469201, 53.42531180000001 ], [ -2.4468909, 53.4253639 ] ] } },
{ "type": "Feature", "properties": { "id": 126730, "nach": 0.42162759833524954 }, "geometry": { "type": "LineString", "coordinates": [ [ -2.4469714, 53.425392 ], [ -2.4468909, 53.4253639 ] ] } },
{ "type": "Feature", "properties": { "id": 126728, "nach": 0.49423037972612999 }, "geometry": { "type": "LineString", "coordinates": [ [ -2.4461556, 53.4253711 ], [ -2.4464627, 53.4253838 ], [ -2.4468909, 53.4253639 ] ] } },
{ "type": "Feature", "properties": { "id": 126727, "nach": 0.51427780410682833 }, "geometry": { "type": "LineString", "coordinates": [ [ -2.4461556, 53.4253711 ], [ -2.4460499, 53.4253679 ] ] } },
{ "type": "Feature", "properties": { "id": 126729, "nach": 0.18701748491451228 }, "geometry": { "type": "LineString", "coordinates": [ [ -2.4461556, 53.4253711 ], [ -2.4461599, 53.4255604 ], [ -2.4461505, 53.4256092 ], [ -2.4461371, 53.4256635 ], [ -2.446121, 53.4257051 ], [ -2.4460915, 53.425753 ], [ -2.4460667, 53.425801 ], [ -2.4460412, 53.4258289 ], [ -2.4459507, 53.4259392 ], [ -2.4459393, 53.425964 ], [ -2.4459393, 53.4259887 ], [ -2.4459453, 53.4260039 ] ] } },
{ "type": "Feature", "properties": { "id": 118821, "nach": 0.41491329450814379 }, "geometry": { "type": "LineString", "coordinates": [ [ -2.4484104, 53.4264273 ], [ -2.4486065, 53.426223500000013 ] ] } },
{ "type": "Feature", "properties": { "id": 118822, "nach": 0.41732694378836999 }, "geometry": { "type": "LineString", "coordinates": [ [ -2.4484104, 53.4264273 ], [ -2.4483056, 53.4263931 ] ] } },
{ "type": "Feature", "properties": { "id": 36862, "nach": 0.55937755556447455 }, "geometry": { "type": "LineString", "coordinates": [ [ -2.4460089, 53.4249447 ], [ -2.4460499, 53.4253679 ] ] } },
{ "type": "Feature", "properties": { "id": 63611, "nach": 0.56492510407232976 }, "geometry": { "type": "LineString", "coordinates": [ [ -2.446003, 53.4248958 ], [ -2.4460089, 53.4249447 ] ] } },
{ "type": "Feature", "properties": { "id": 118801, "nach": 0.48614416674152028 }, "geometry": { "type": "LineString", "coordinates": [ [ -2.451238, 53.4292176 ], [ -2.4512472, 53.4292313 ], [ -2.4512649, 53.4292578 ] ] } },
{ "type": "Feature", "properties": { "id": 118824, "nach": 0.4500042683175024 }, "geometry": { "type": "LineString", "coordinates": [ [ -2.4511914, 53.4295081 ], [ -2.4510825, 53.4293487 ] ] } },
{ "type": "Feature", "properties": { "id": 118756, "nach": 0.46962057284214448 }, "geometry": { "type": "LineString", "coordinates": [ [ -2.4511738, 53.42932780000001 ], [ -2.4511528, 53.4293329 ], [ -2.4510825, 53.4293487 ] ] } },
{ "type": "Feature", "properties": { "id": 118786, "nach": 0.48526493002361737 }, "geometry": { "type": "LineString", "coordinates": [ [ -2.450959, 53.4293768 ], [ -2.4510013, 53.4293669 ], [ -2.4510825, 53.4293487 ] ] } },
{ "type": "Feature", "properties": { "id": 118829, "nach": 0.37280430907045753 }, "geometry": { "type": "LineString", "coordinates": [ [ -2.451133, 53.42906090000001 ], [ -2.4510218, 53.4288948 ] ] } },
{ "type": "Feature", "properties": { "id": 118828, "nach": 0.44847135006203315 }, "geometry": { "type": "LineString", "coordinates": [ [ -2.451133, 53.42906090000001 ], [ -2.451238, 53.4292176 ] ] } },
{ "type": "Feature", "properties": { "id": 118830, "nach": 0.37735038390020825 }, "geometry": { "type": "LineString", "coordinates": [ [ -2.451133, 53.42906090000001 ], [ -2.4510214, 53.42908760000001 ] ] } },
{ "type": "Feature", "properties": { "id": 118804, "nach": 0.43994790046366217 }, "geometry": { "type": "LineString", "coordinates": [ [ -2.4513212, 53.429195 ], [ -2.451304, 53.4292002 ], [ -2.451238, 53.4292176 ] ] } },
{ "type": "Feature", "properties": { "id": 118807, "nach": 0.47037823625721903 }, "geometry": { "type": "LineString", "coordinates": [ [ -2.4510717, 53.4292598 ], [ -2.4511622, 53.429237600000015 ], [ -2.451238, 53.4292176 ] ] } },
{ "type": "Feature", "properties": { "id": 118825, "nach": 0.37568955300742363 }, "geometry": { "type": "LineString", "coordinates": [ [ -2.4511914, 53.4295081 ], [ -2.4512773, 53.429634 ] ] } },
{ "type": "Feature", "properties": { "id": 118826, "nach": 0.37832357898897895 }, "geometry": { "type": "LineString", "coordinates": [ [ -2.4511914, 53.4295081 ], [ -2.4511012, 53.4295311 ] ] } },
{ "type": "Feature", "properties": { "id": 83294, "nach": 0.56417886735670675 }, "geometry": { "type": "LineString", "coordinates": [ [ -2.4392199, 53.4311183 ], [ -2.4383987, 53.4306813 ] ] } },
{ "type": "Feature", "properties": { "id": 118320, "nach": 0.4815110997962298 }, "geometry": { "type": "LineString", "coordinates": [ [ -2.4391792, 53.4311426 ], [ -2.4392199, 53.4311183 ] ] } },
{ "type": "Feature", "properties": { "id": 24448, "nach": 0.57623469312255848 }, "geometry": { "type": "LineString", "coordinates": [ [ -2.4413871, 53.430285 ], [ -2.4412876, 53.4302051 ] ] } },
{ "type": "Feature", "properties": { "id": 36854, "nach": 0.5420691398610944 }, "geometry": { "type": "LineString", "coordinates": [ [ -2.4406151, 53.4295308 ], [ -2.4409188, 53.4298126 ], [ -2.4412876, 53.4302051 ] ] } },
{ "type": "Feature", "properties": { "id": 24459, "nach": 0.42498446417284297 }, "geometry": { "type": "LineString", "coordinates": [ [ -2.4380795, 53.42967 ], [ -2.438124, 53.4296957 ], [ -2.4385793, 53.429951 ], [ -2.4390091, 53.4302074 ] ] } },
{ "type": "Feature", "properties": { "id": 24457, "nach": 0.54209112035149454 }, "geometry": { "type": "LineString", "coordinates": [ [ -2.4380795, 53.42967 ], [ -2.4386528, 53.4292879 ] ] } },
{ "type": "Feature", "properties": { "id": 24483, "nach": 0.55155652329155469 }, "geometry": { "type": "LineString", "coordinates": [ [ -2.4418888, 53.4306744 ], [ -2.4415625, 53.4304199 ], [ -2.4413871, 53.430285 ] ] } },
{ "type": "Feature", "properties": { "id": 118466, "nach": 0.50837478682805348 }, "geometry": { "type": "LineString", "coordinates": [ [ -2.4423533, 53.4297716 ], [ -2.4423505, 53.429785 ], [ -2.442298, 53.4298285 ], [ -2.4417444, 53.4301059 ], [ -2.4414263, 53.4302653 ], [ -2.4413871, 53.430285 ] ] } },
{ "type": "Feature", "properties": { "id": 118335, "nach": 0.32225819905631953 }, "geometry": { "type": "LineString", "coordinates": [ [ -2.44067, 53.4295109 ], [ -2.4406151, 53.4295308 ] ] } },
{ "type": "Feature", "properties": { "id": 37772, "nach": 0.54503522420405082 }, "geometry": { "type": "LineString", "coordinates": [ [ -2.4402342, 53.4291641 ], [ -2.44032, 53.4292369 ], [ -2.4405038, 53.429415900000016 ], [ -2.4406151, 53.4295308 ] ] } },
{ "type": "Feature", "properties": { "id": 75391, "nach": 0.38648195487400999 }, "geometry": { "type": "LineString", "coordinates": [ [ -2.4427778, 53.4300327 ], [ -2.4425357, 53.4301471 ], [ -2.4425202, 53.4301635 ], [ -2.4425238, 53.430182 ], [ -2.4426169, 53.4302658 ], [ -2.4426283, 53.4302788 ], [ -2.4426309, 53.430296699999985 ], [ -2.4426262, 53.4303127 ], [ -2.4426124, 53.4303315 ], [ -2.4422345, 53.4305111 ], [ -2.4419316, 53.4306541 ], [ -2.4418888, 53.4306744 ] ] } },
{ "type": "Feature", "properties": { "id": 30089, "nach": 0.5419686152675538 }, "geometry": { "type": "LineString", "coordinates": [ [ -2.4419947, 53.43076150000001 ], [ -2.4419588, 53.4307332 ], [ -2.4418888, 53.4306744 ] ] } },
{ "type": "Feature", "properties": { "id": 118467, "nach": 0.47739861653577303 }, "geometry": { "type": "LineString", "coordinates": [ [ -2.4423533, 53.4297716 ], [ -2.4423574, 53.4297519 ], [ -2.4423387, 53.4297168 ], [ -2.4422723, 53.4296765 ], [ -2.4418599, 53.4295487 ] ] } },
{ "type": "Feature", "properties": { "id": 118468, "nach": 0.39971647292533913 }, "geometry": { "type": "LineString", "coordinates": [ [ -2.4423533, 53.4297716 ], [ -2.4424195, 53.4297692 ], [ -2.4425107, 53.4297316 ] ] } },
{ "type": "Feature", "properties": { "id": 126543, "nach": 0.59116531341146672 }, "geometry": { "type": "LineString", "coordinates": [ [ -2.4359208, 53.4293697 ], [ -2.4358086, 53.4293087 ] ] } },
{ "type": "Feature", "properties": { "id": 126847, "nach": 0.52961030426627009 }, "geometry": { "type": "LineString", "coordinates": [ [ -2.4358739, 53.4293976 ], [ -2.4359208, 53.4293697 ] ] } },
{ "type": "Feature", "properties": { "id": 118378, "nach": 0.49940769810177404 }, "geometry": { "type": "LineString", "coordinates": [ [ -2.4365409, 53.429419 ], [ -2.436588, 53.4294425 ] ] } },
{ "type": "Feature", "properties": { "id": 118391, "nach": 0.52680551567757905 }, "geometry": { "type": "LineString", "coordinates": [ [ -2.4371291, 53.4293291 ], [ -2.4370754, 53.4293032 ], [ -2.4369766, 53.4292672 ], [ -2.4369338, 53.4292616 ], [ -2.4368901, 53.4292637 ], [ -2.4368469, 53.4292774 ], [ -2.4367763, 53.4293238 ], [ -2.436675, 53.4293877 ], [ -2.436588, 53.4294425 ] ] } },
{ "type": "Feature", "properties": { "id": 24461, "nach": 0.53119914001117108 }, "geometry": { "type": "LineString", "coordinates": [ [ -2.439349, 53.4288102 ], [ -2.4393107, 53.4288421 ], [ -2.4386528, 53.4292879 ] ] } },
{ "type": "Feature", "properties": { "id": 37767, "nach": 0.54136583958953699 }, "geometry": { "type": "LineString", "coordinates": [ [ -2.4389533, 53.4294505 ], [ -2.4386984, 53.4293125 ], [ -2.4386528, 53.4292879 ] ] } },
{ "type": "Feature", "properties": { "id": 24487, "nach": 0.57682763127251147 }, "geometry": { "type": "LineString", "coordinates": [ [ -2.4379122, 53.428402700000014 ], [ -2.439349, 53.4288102 ] ] } },
{ "type": "Feature", "properties": { "id": 37771, "nach": 0.56389025957542116 }, "geometry": { "type": "LineString", "coordinates": [ [ -2.4402342, 53.4291641 ], [ -2.4401464, 53.4291048 ], [ -2.4400363, 53.4290375 ], [ -2.4398862, 53.4289757 ], [ -2.4397219, 53.4289158 ], [ -2.439349, 53.4288102 ] ] } },
{ "type": "Feature", "properties": { "id": 118304, "nach": 0.46799076053639127 }, "geometry": { "type": "LineString", "coordinates": [ [ -2.4389972, 53.4294209 ], [ -2.4389533, 53.4294505 ] ] } },
{ "type": "Feature", "properties": { "id": 118300, "nach": 0.46976318999029598 }, "geometry": { "type": "LineString", "coordinates": [ [ -2.4389119, 53.42948040000001 ], [ -2.4389533, 53.4294505 ] ] } },
{ "type": "Feature", "properties": { "id": 118577, "nach": 0.4198230499468889 }, "geometry": { "type": "LineString", "coordinates": [ [ -2.4397556, 53.4298806 ], [ -2.4390014, 53.429476499999986 ], [ -2.4389533, 53.4294505 ] ] } },
{ "type": "Feature", "properties": { "id": 75895, "nach": 0.57664079326902129 }, "geometry": { "type": "LineString", "coordinates": [ [ -2.4367393, 53.4280597 ], [ -2.4379122, 53.428402700000014 ] ] } },
{ "type": "Feature", "properties": { "id": 118342, "nach": 0.57062572487502616 }, "geometry": { "type": "LineString", "coordinates": [ [ -2.4378874, 53.4284354 ], [ -2.437892, 53.428429400000013 ], [ -2.4379122, 53.428402700000014 ] ] } },
{ "type": "Feature", "properties": { "id": 118284, "nach": 0.5032809939379268 }, "geometry": { "type": "LineString", "coordinates": [ [ -2.4402802, 53.4291443 ], [ -2.4402342, 53.4291641 ] ] } },
{ "type": "Feature", "properties": { "id": 51922, "nach": 0.66903960883984837 }, "geometry": { "type": "LineString", "coordinates": [ [ -2.4357384, 53.4281027 ], [ -2.4357192, 53.428133 ], [ -2.4356884, 53.4281754 ] ] } },
{ "type": "Feature", "properties": { "id": 118593, "nach": 0.53266977218884859 }, "geometry": { "type": "LineString", "coordinates": [ [ -2.4356591, 53.4280824 ], [ -2.4356869, 53.4280895 ], [ -2.4357384, 53.4281027 ] ] } },
{ "type": "Feature", "properties": { "id": 118596, "nach": 0.47415631808566894 }, "geometry": { "type": "LineString", "coordinates": [ [ -2.4358201, 53.4281237 ], [ -2.4357899, 53.4281159 ], [ -2.4357384, 53.4281027 ] ] } },
{ "type": "Feature", "properties": { "id": 118438, "nach": 0.59332514259165625 }, "geometry": { "type": "LineString", "coordinates": [ [ -2.436073, 53.4278405 ], [ -2.4363483, 53.4279385 ], [ -2.4367393, 53.4280597 ] ] } },
{ "type": "Feature", "properties": { "id": 118439, "nach": 0.55795763810362364 }, "geometry": { "type": "LineString", "coordinates": [ [ -2.436073, 53.4278405 ], [ -2.4360388, 53.42787580000001 ], [ -2.4360225, 53.4278926 ] ] } },
{ "type": "Feature", "properties": { "id": 118443, "nach": 0.57151072709307726 }, "geometry": { "type": "LineString", "coordinates": [ [ -2.4361155, 53.42779680000001 ], [ -2.4361066, 53.427806 ], [ -2.436073, 53.4278405 ] ] } },
{ "type": "Feature", "properties": { "id": 76602, "nach": 0.44116082551374908 }, "geometry": { "type": "LineString", "coordinates": [ [ -2.4373135, 53.4294181 ], [ -2.4374299, 53.4294816 ] ] } },
{ "type": "Feature", "properties": { "id": 118389, "nach": 0.48813232671811574 }, "geometry": { "type": "LineString", "coordinates": [ [ -2.4371291, 53.4293291 ], [ -2.4373135, 53.4294181 ] ] } },
{ "type": "Feature", "properties": { "id": 118385, "nach": 0.46951916029731483 }, "geometry": { "type": "LineString", "coordinates": [ [ -2.4374007, 53.429336 ], [ -2.4373135, 53.4294181 ] ] } },
{ "type": "Feature", "properties": { "id": 118598, "nach": 0.55162852153601771 }, "geometry": { "type": "LineString", "coordinates": [ [ -2.4358566, 53.429276 ], [ -2.4358337, 53.4292915 ], [ -2.4358086, 53.4293087 ] ] } },
{ "type": "Feature", "properties": { "id": 118597, "nach": 0.48288166731046717 }, "geometry": { "type": "LineString", "coordinates": [ [ -2.4358566, 53.429276 ], [ -2.4360432, 53.4291498 ] ] } },
{ "type": "Feature", "properties": { "id": 118599, "nach": 0.51870683922152616 }, "geometry": { "type": "LineString", "coordinates": [ [ -2.4358566, 53.429276 ], [ -2.435887, 53.4292909 ], [ -2.4359011, 53.4292977 ] ] } },
{ "type": "Feature", "properties": { "id": 118603, "nach": 0.45112418772939755 }, "geometry": { "type": "LineString", "coordinates": [ [ -2.4357754, 53.4292365 ], [ -2.4358214, 53.4292589 ], [ -2.4358566, 53.429276 ] ] } },
{ "type": "Feature", "properties": { "id": 24476, "nach": 0.5062114775401293 }, "geometry": { "type": "LineString", "coordinates": [ [ -2.4429433, 53.4314711 ], [ -2.4423957, 53.4310552 ] ] } },
{ "type": "Feature", "properties": { "id": 30090, "nach": 0.53204701616230565 }, "geometry": { "type": "LineString", "coordinates": [ [ -2.4419947, 53.43076150000001 ], [ -2.4421204, 53.4308609 ], [ -2.4423957, 53.4310552 ] ] } },
{ "type": "Feature", "properties": { "id": 118481, "nach": 0.46044601730334167 }, "geometry": { "type": "LineString", "coordinates": [ [ -2.4417483, 53.431354399999989 ], [ -2.4420266, 53.4312346 ], [ -2.4423459, 53.4310793 ], [ -2.4423957, 53.4310552 ] ] } },
{ "type": "Feature", "properties": { "id": 51472, "nach": 0.47566621309415646 }, "geometry": { "type": "LineString", "coordinates": [ [ -2.4435328, 53.43194 ], [ -2.4434755, 53.4318675 ], [ -2.4429433, 53.4314711 ] ] } },
{ "type": "Feature", "properties": { "id": 118477, "nach": 0.45218055468166318 }, "geometry": { "type": "LineString", "coordinates": [ [ -2.4422966, 53.4317693 ], [ -2.4426053, 53.4316297 ], [ -2.4428975, 53.4314923 ], [ -2.4429433, 53.4314711 ] ] } },
{ "type": "Feature", "properties": { "id": 118461, "nach": 0.4751860011723153 }, "geometry": { "type": "LineString", "coordinates": [ [ -2.4419467, 53.4307831 ], [ -2.4419947, 53.43076150000001 ] ] } },
{ "type": "Feature", "properties": { "id": 118479, "nach": 0.38757178850787655 }, "geometry": { "type": "LineString", "coordinates": [ [ -2.4417483, 53.431354399999989 ], [ -2.4416326, 53.431404200000017 ] ] } },
{ "type": "Feature", "properties": { "id": 118480, "nach": 0.38757178850787655 }, "geometry": { "type": "LineString", "coordinates": [ [ -2.4417483, 53.431354399999989 ], [ -2.4418234, 53.4314116 ] ] } },
{ "type": "Feature", "properties": { "id": 55704, "nach": 0.46783598670639731 }, "geometry": { "type": "LineString", "coordinates": [ [ -2.4437691, 53.4322697 ], [ -2.4437479, 53.4322541 ], [ -2.4436854, 53.4321816 ], [ -2.4435328, 53.43194 ] ] } },
{ "type": "Feature", "properties": { "id": 126314, "nach": 0.43314347919739593 }, "geometry": { "type": "LineString", "coordinates": [ [ -2.4415037, 53.432073 ], [ -2.44182, 53.432303899999987 ], [ -2.4433496, 53.4319744 ], [ -2.4435328, 53.43194 ] ] } },
{ "type": "Feature", "properties": { "id": 110170, "nach": 0.43651016331256826 }, "geometry": { "type": "LineString", "coordinates": [ [ -2.4453628, 53.4310641 ], [ -2.4445758, 53.431438 ], [ -2.4435328, 53.43194 ] ] } },
{ "type": "Feature", "properties": { "id": 118475, "nach": 0.37954419756112373 }, "geometry": { "type": "LineString", "coordinates": [ [ -2.4422966, 53.4317693 ], [ -2.4421965, 53.4318168 ] ] } },
{ "type": "Feature", "properties": { "id": 118476, "nach": 0.37954419756112373 }, "geometry": { "type": "LineString", "coordinates": [ [ -2.4422966, 53.4317693 ], [ -2.4422237, 53.43170880000001 ] ] } },
{ "type": "Feature", "properties": { "id": 30053, "nach": 0.68824547810137837 }, "geometry": { "type": "LineString", "coordinates": [ [ -2.4343131, 53.4300345 ], [ -2.4345783, 53.429674 ] ] } },
{ "type": "Feature", "properties": { "id": 126547, "nach": 0.68866250616858615 }, "geometry": { "type": "LineString", "coordinates": [ [ -2.4346403, 53.4295934 ], [ -2.4345783, 53.429674 ] ] } },
{ "type": "Feature", "properties": { "id": 57409, "nach": 0.43514752274489971 }, "geometry": { "type": "LineString", "coordinates": [ [ -2.4363148, 53.430379100000017 ], [ -2.4360293, 53.4302403 ], [ -2.4359544, 53.4302849 ], [ -2.4358352, 53.4302932 ], [ -2.4354332, 53.43009330000001 ], [ -2.4353915, 53.4300695 ], [ -2.4348114, 53.4297852 ], [ -2.4346302, 53.429698 ], [ -2.4345783, 53.429674 ] ] } },
{ "type": "Feature", "properties": { "id": 126560, "nach": 0.48195275066407389 }, "geometry": { "type": "LineString", "coordinates": [ [ -2.4347212, 53.4296138 ], [ -2.4346403, 53.4295934 ] ] } },
{ "type": "Feature", "properties": { "id": 118357, "nach": 0.49523382547658035 }, "geometry": { "type": "LineString", "coordinates": [ [ -2.4367132, 53.4280992 ], [ -2.4367393, 53.4280597 ] ] } },
{ "type": "Feature", "properties": { "id": 118339, "nach": 0.39498209563585018 }, "geometry": { "type": "LineString", "coordinates": [ [ -2.4378874, 53.4284354 ], [ -2.4375416, 53.4288917 ] ] } },
{ "type": "Feature", "properties": { "id": 118366, "nach": 0.54077804063028856 }, "geometry": { "type": "LineString", "coordinates": [ [ -2.4380184, 53.4284745 ], [ -2.4379688, 53.4284587 ], [ -2.4378874, 53.4284354 ] ] } },
{ "type": "Feature", "properties": { "id": 118368, "nach": 0.54134052482323414 }, "geometry": { "type": "LineString", "coordinates": [ [ -2.4377595, 53.4283998 ], [ -2.4378128, 53.428414 ], [ -2.4378874, 53.4284354 ] ] } },
{ "type": "Feature", "properties": { "id": 118292, "nach": 0.41748233982707711 }, "geometry": { "type": "LineString", "coordinates": [ [ -2.4377274, 53.4289455 ], [ -2.4376686, 53.4289275 ], [ -2.4375416, 53.4288917 ] ] } },
{ "type": "Feature", "properties": { "id": 118445, "nach": 0.45036107005893555 }, "geometry": { "type": "LineString", "coordinates": [ [ -2.4372064, 53.4288033 ], [ -2.4372676, 53.4288181 ], [ -2.4375416, 53.4288917 ] ] } },
{ "type": "Feature", "properties": { "id": 118386, "nach": 0.48128517675573368 }, "geometry": { "type": "LineString", "coordinates": [ [ -2.4374007, 53.429336 ], [ -2.4374623, 53.429278 ], [ -2.437666, 53.4291376 ], [ -2.4377676, 53.4289901 ], [ -2.4377442, 53.4289506 ], [ -2.4377274, 53.4289455 ] ] } },
{ "type": "Feature", "properties": { "id": 118367, "nach": 0.48851583238898633 }, "geometry": { "type": "LineString", "coordinates": [ [ -2.4380184, 53.4284745 ], [ -2.4380117, 53.4284829 ], [ -2.4377012, 53.428882 ], [ -2.4376969, 53.4288896 ], [ -2.4376978, 53.4288976 ], [ -2.4377046, 53.428905399999984 ], [ -2.4377163, 53.4289108 ], [ -2.4377451, 53.428919 ], [ -2.4377274, 53.4289455 ] ] } },
{ "type": "Feature", "properties": { "id": 118446, "nach": 0.0 }, "geometry": { "type": "LineString", "coordinates": [ [ -2.4372064, 53.4288033 ], [ -2.4371859, 53.4288307 ], [ -2.4377049, 53.4289765 ], [ -2.4377274, 53.4289455 ] ] } },
{ "type": "Feature", "properties": { "id": 118444, "nach": 0.55325886184599571 }, "geometry": { "type": "LineString", "coordinates": [ [ -2.4372064, 53.4288033 ], [ -2.4371939, 53.4288003 ], [ -2.4367929, 53.4286886 ], [ -2.4366506, 53.4287561 ] ] } },
{ "type": "Feature", "properties": { "id": 118447, "nach": 0.52410403241064363 }, "geometry": { "type": "LineString", "coordinates": [ [ -2.4372064, 53.4288033 ], [ -2.4372288, 53.4287736 ], [ -2.4373951, 53.4288185 ], [ -2.4374062, 53.4288203 ], [ -2.4374175, 53.4288191 ], [ -2.4374259, 53.4288156 ], [ -2.4374313, 53.4288105 ], [ -2.4377535, 53.4284082 ], [ -2.4377595, 53.4283998 ] ] } },
{ "type": "Feature", "properties": { "id": 37828, "nach": 0.0 }, "geometry": { "type": "LineString", "coordinates": [ [ -2.4541147, 53.4299498 ], [ -2.4541825, 53.430158 ], [ -2.4542758, 53.4303504 ], [ -2.4543927, 53.4305167 ], [ -2.4547672, 53.4307052 ], [ -2.4549153, 53.4307889 ], [ -2.4550472, 53.4309469 ], [ -2.4551105, 53.4310663 ], [ -2.4565756, 53.4322681 ], [ -2.4571557, 53.4327459 ], [ -2.4572729, 53.4329278 ], [ -2.4581694, 53.4340288 ], [ -2.459459, 53.4352473 ], [ -2.4601029, 53.4365016 ], [ -2.4602713, 53.4366681 ], [ -2.460347, 53.4367508 ], [ -2.4604485, 53.4368206 ], [ -2.4610487, 53.4371161 ] ] } },
{ "type": "Feature", "properties": { "id": 37829, "nach": 0.43222803722200015 }, "geometry": { "type": "LineString", "coordinates": [ [ -2.4541147, 53.4299498 ], [ -2.4541088, 53.429902800000015 ], [ -2.4540809, 53.4297168 ], [ -2.4540441, 53.429615 ], [ -2.4539931, 53.4294663 ], [ -2.4539261, 53.4292746 ], [ -2.4538671, 53.4291867 ], [ -2.4537645, 53.4291172 ] ] } },
{ "type": "Feature", "properties": { "id": 64263, "nach": 0.41189589679771099 }, "geometry": { "type": "LineString", "coordinates": [ [ -2.4497345, 53.4311202 ], [ -2.4511956, 53.4307255 ], [ -2.4514292, 53.4306644 ], [ -2.4540183, 53.42999240000001 ], [ -2.4541147, 53.4299498 ] ] } },
{ "type": "Feature", "properties": { "id": 76519, "nach": 0.42818486573075309 }, "geometry": { "type": "LineString", "coordinates": [ [ -2.4495329, 53.418875200000016 ], [ -2.4494864, 53.41887950000001 ], [ -2.4494018, 53.4188857 ], [ -2.4493029, 53.4189021 ], [ -2.4492721, 53.4189131 ], [ -2.4492576, 53.418931 ], [ -2.4492517, 53.4190283 ], [ -2.4492419, 53.4190853 ], [ -2.4492645, 53.4191191 ], [ -2.4491921, 53.4194404 ] ] } },
{ "type": "Feature", "properties": { "id": 76520, "nach": 0.3669005364723254 }, "geometry": { "type": "LineString", "coordinates": [ [ -2.4495231, 53.4189486 ], [ -2.4495329, 53.418875200000016 ] ] } },
{ "type": "Feature", "properties": { "id": 88557, "nach": 0.45575466560331979 }, "geometry": { "type": "LineString", "coordinates": [ [ -2.4492857, 53.4184795 ], [ -2.449472, 53.4187448 ], [ -2.4494726, 53.4187764 ], [ -2.4495329, 53.418875200000016 ] ] } },
{ "type": "Feature", "properties": { "id": 29381, "nach": 0.44585140641051862 }, "geometry": { "type": "LineString", "coordinates": [ [ -2.4341571, 53.4272766 ], [ -2.4341732, 53.4273373 ] ] } },
{ "type": "Feature", "properties": { "id": 29384, "nach": 0.44045181189559685 }, "geometry": { "type": "LineString", "coordinates": [ [ -2.433618, 53.4271423 ], [ -2.4341571, 53.4272766 ] ] } },
{ "type": "Feature", "properties": { "id": 118748, "nach": 0.3701020971582813 }, "geometry": { "type": "LineString", "coordinates": [ [ -2.4520064, 53.429128 ], [ -2.4522094, 53.4294276 ] ] } },
{ "type": "Feature", "properties": { "id": 118790, "nach": 0.44204531479947828 }, "geometry": { "type": "LineString", "coordinates": [ [ -2.4518388, 53.4291643 ], [ -2.4519333, 53.4291447 ], [ -2.4520064, 53.429128 ] ] } },
{ "type": "Feature", "properties": { "id": 118793, "nach": 0.41231788546907111 }, "geometry": { "type": "LineString", "coordinates": [ [ -2.4523598, 53.42904080000001 ], [ -2.4520728, 53.4291128 ], [ -2.4520064, 53.429128 ] ] } },
{ "type": "Feature", "properties": { "id": 118693, "nach": 0.38537961517498004 }, "geometry": { "type": "LineString", "coordinates": [ [ -2.450256, 53.429707 ], [ -2.4503479, 53.4298511 ] ] } },
{ "type": "Feature", "properties": { "id": 118695, "nach": 0.38613984992117373 }, "geometry": { "type": "LineString", "coordinates": [ [ -2.450256, 53.429707 ], [ -2.4501691, 53.4297244 ] ] } },
{ "type": "Feature", "properties": { "id": 118763, "nach": 0.45785381429217487 }, "geometry": { "type": "LineString", "coordinates": [ [ -2.4501641, 53.4295628 ], [ -2.450256, 53.429707 ] ] } },
{ "type": "Feature", "properties": { "id": 118777, "nach": 0.4703339351734212 }, "geometry": { "type": "LineString", "coordinates": [ [ -2.4500544, 53.4295794 ], [ -2.4500994, 53.4295738 ], [ -2.4501641, 53.4295628 ] ] } },
{ "type": "Feature", "properties": { "id": 118783, "nach": 0.49472364292970905 }, "geometry": { "type": "LineString", "coordinates": [ [ -2.4503066, 53.4295315 ], [ -2.4502375, 53.429550200000016 ], [ -2.4501641, 53.4295628 ] ] } },
{ "type": "Feature", "properties": { "id": 118759, "nach": 0.38227170626468843 }, "geometry": { "type": "LineString", "coordinates": [ [ -2.4493146, 53.429608 ], [ -2.4492106, 53.4298878 ] ] } },
{ "type": "Feature", "properties": { "id": 118771, "nach": 0.47758688010536104 }, "geometry": { "type": "LineString", "coordinates": [ [ -2.4492357, 53.4295982 ], [ -2.4492645, 53.429602 ], [ -2.4493146, 53.429608 ] ] } },
{ "type": "Feature", "properties": { "id": 118774, "nach": 0.453849350660253 }, "geometry": { "type": "LineString", "coordinates": [ [ -2.4493842, 53.4296154 ], [ -2.4493648, 53.429614 ], [ -2.4493146, 53.429608 ] ] } },
{ "type": "Feature", "properties": { "id": 118931, "nach": 0.44105024232725737 }, "geometry": { "type": "LineString", "coordinates": [ [ -2.4394083, 53.4259081 ], [ -2.4390692, 53.4261897 ] ] } },
{ "type": "Feature", "properties": { "id": 118952, "nach": 0.50724521526306388 }, "geometry": { "type": "LineString", "coordinates": [ [ -2.4399133, 53.42614840000001 ], [ -2.4399086, 53.4261382 ], [ -2.4398936, 53.4261266 ], [ -2.4398496, 53.4261078 ], [ -2.4394083, 53.4259081 ] ] } },
{ "type": "Feature", "properties": { "id": 126686, "nach": 0.60222064762857941 }, "geometry": { "type": "LineString", "coordinates": [ [ -2.4379732, 53.4253563 ], [ -2.4380127, 53.4253494 ], [ -2.4380623, 53.4253479 ], [ -2.4381199, 53.4253558 ], [ -2.4384794, 53.4254877 ], [ -2.4394083, 53.4259081 ] ] } },
{ "type": "Feature", "properties": { "id": 30049, "nach": 0.46134777533713917 }, "geometry": { "type": "LineString", "coordinates": [ [ -2.4356884, 53.4281754 ], [ -2.4354421, 53.4281118 ], [ -2.4352994, 53.4280748 ] ] } },
{ "type": "Feature", "properties": { "id": 31073, "nach": 0.66829350010985344 }, "geometry": { "type": "LineString", "coordinates": [ [ -2.4356166, 53.4282811 ], [ -2.4356884, 53.4281754 ] ] } },
{ "type": "Feature", "properties": { "id": 118353, "nach": 0.59193972149763496 }, "geometry": { "type": "LineString", "coordinates": [ [ -2.4356767, 53.4283181 ], [ -2.4356166, 53.4282811 ] ] } },
{ "type": "Feature", "properties": { "id": 86906, "nach": 0.46817437500638903 }, "geometry": { "type": "LineString", "coordinates": [ [ -2.4311014, 53.4241044 ], [ -2.4306008, 53.424343800000017 ], [ -2.4302352, 53.4245542 ], [ -2.4299337, 53.424750800000012 ], [ -2.42964, 53.4249634 ], [ -2.4293118, 53.4252378 ], [ -2.4284997, 53.4260089 ] ] } },
{ "type": "Feature", "properties": { "id": 59261, "nach": 0.40900092434014107 }, "geometry": { "type": "LineString", "coordinates": [ [ -2.4325029, 53.4267656 ], [ -2.4318854, 53.4266666 ], [ -2.4313902, 53.4266255 ], [ -2.4312341, 53.426620699999987 ] ] } },
{ "type": "Feature", "properties": { "id": 65219, "nach": 0.36885726656410689 }, "geometry": { "type": "LineString", "coordinates": [ [ -2.4332188, 53.4271683 ], [ -2.4332275, 53.427136 ], [ -2.4332492, 53.427095199999989 ], [ -2.4334152, 53.4269086 ], [ -2.4334169, 53.4268698 ], [ -2.4333895, 53.4268454 ], [ -2.4331876, 53.4267811 ], [ -2.431976, 53.4264397 ], [ -2.4316377, 53.4264045 ], [ -2.4313354, 53.4264208 ], [ -2.4311664, 53.4264479 ] ] } },
{ "type": "Feature", "properties": { "id": 118460, "nach": 0.40259081651821826 }, "geometry": { "type": "LineString", "coordinates": [ [ -2.4419467, 53.4307831 ], [ -2.4414751, 53.4309953 ] ] } },
{ "type": "Feature", "properties": { "id": 118464, "nach": 0.33235167342682093 }, "geometry": { "type": "LineString", "coordinates": [ [ -2.4421459, 53.4317983 ], [ -2.4421667, 53.43178910000001 ], [ -2.4421855, 53.431777099999984 ], [ -2.4421976, 53.4317567 ], [ -2.4421882, 53.4317332 ], [ -2.4421413, 53.4317056 ], [ -2.4422385, 53.4316645 ], [ -2.4422754, 53.4316984 ], [ -2.4423002, 53.4317076 ], [ -2.4423267, 53.4317084 ], [ -2.4423485, 53.4317036 ], [ -2.4428031, 53.4314963 ], [ -2.4428152, 53.4314799 ], [ -2.4428205, 53.4314651 ], [ -2.4428165, 53.4314479 ], [ -2.4424175, 53.4311503 ], [ -2.4423954, 53.4311379 ], [ -2.4423753, 53.431135500000011 ], [ -2.442335, 53.4311347 ], [ -2.4423069, 53.43113790000001 ], [ -2.4418885, 53.4313377 ], [ -2.4418737, 53.4313476 ], [ -2.4418657, 53.4313612 ], [ -2.441867, 53.431378 ], [ -2.4418737, 53.431392 ], [ -2.4418898, 53.4314088 ], [ -2.4417952, 53.431440300000013 ], [ -2.4417832, 53.4314299 ], [ -2.4417684, 53.4314216 ], [ -2.4417429, 53.4314196 ], [ -2.4417007, 53.431422 ], [ -2.4416618, 53.4314351 ], [ -2.4416403, 53.431433100000014 ], [ -2.4415793, 53.4313908 ], [ -2.4422318, 53.4310824 ], [ -2.4422666, 53.4310652 ], [ -2.4422807, 53.4310508 ], [ -2.4422774, 53.4310368 ], [ -2.4419682, 53.4307983 ], [ -2.4419467, 53.4307831 ] ] } },
{ "type": "Feature", "properties": { "id": 118349, "nach": 0.51399078388873087 }, "geometry": { "type": "LineString", "coordinates": [ [ -2.436482, 53.4288166 ], [ -2.4365129, 53.42883590000001 ] ] } },
{ "type": "Feature", "properties": { "id": 76606, "nach": 0.50597723682366103 }, "geometry": { "type": "LineString", "coordinates": [ [ -2.4360432, 53.4291498 ], [ -2.4360805, 53.4291249 ], [ -2.4365129, 53.42883590000001 ] ] } },
{ "type": "Feature", "properties": { "id": 118361, "nach": 0.41755204333426971 }, "geometry": { "type": "LineString", "coordinates": [ [ -2.4366506, 53.4287561 ], [ -2.4366268, 53.4287678 ], [ -2.4365129, 53.42883590000001 ] ] } },
{ "type": "Feature", "properties": { "id": 118356, "nach": 0.5289462461024993 }, "geometry": { "type": "LineString", "coordinates": [ [ -2.4356767, 53.4283181 ], [ -2.4361598, 53.42861580000001 ], [ -2.436482, 53.4288166 ] ] } },
{ "type": "Feature", "properties": { "id": 118602, "nach": 0.55682084144939681 }, "geometry": { "type": "LineString", "coordinates": [ [ -2.4357754, 53.4292365 ], [ -2.4357945, 53.4292378 ], [ -2.4358103, 53.4292348 ], [ -2.435823, 53.4292284 ], [ -2.436482, 53.4288166 ] ] } },
{ "type": "Feature", "properties": { "id": 118363, "nach": 0.55632043320773217 }, "geometry": { "type": "LineString", "coordinates": [ [ -2.4366506, 53.4287561 ], [ -2.4366085, 53.4287376 ], [ -2.436482, 53.4288166 ] ] } },
{ "type": "Feature", "properties": { "id": 118375, "nach": 0.49595254559715735 }, "geometry": { "type": "LineString", "coordinates": [ [ -2.4360837, 53.4291717 ], [ -2.4360432, 53.4291498 ] ] } },
{ "type": "Feature", "properties": { "id": 118376, "nach": 0.0 }, "geometry": { "type": "LineString", "coordinates": [ [ -2.4360837, 53.4291717 ], [ -2.436461, 53.428937 ], [ -2.4365354, 53.4288862 ], [ -2.4366937, 53.4287752 ], [ -2.4366506, 53.4287561 ] ] } },
{ "type": "Feature", "properties": { "id": 118594, "nach": 0.5762318939720612 }, "geometry": { "type": "LineString", "coordinates": [ [ -2.4358201, 53.4281237 ], [ -2.4356767, 53.4283181 ] ] } },
{ "type": "Feature", "properties": { "id": 126827, "nach": 0.61406471055190825 }, "geometry": { "type": "LineString", "coordinates": [ [ -2.4352486, 53.4288983 ], [ -2.4356767, 53.4283181 ] ] } },
{ "type": "Feature", "properties": { "id": 31076, "nach": 0.36188806538538881 }, "geometry": { "type": "LineString", "coordinates": [ [ -2.4537645, 53.4291172 ], [ -2.45316, 53.4293864 ] ] } },
{ "type": "Feature", "properties": { "id": 60430, "nach": 0.53040695390205095 }, "geometry": { "type": "LineString", "coordinates": [ [ -2.4335785, 53.4237104 ], [ -2.433615, 53.4237274 ], [ -2.4336464, 53.4237445 ], [ -2.4338702, 53.4238744 ], [ -2.4340026, 53.4239002 ] ] } },
{ "type": "Feature", "properties": { "id": 119115, "nach": 0.34974388914441035 }, "geometry": { "type": "LineString", "coordinates": [ [ -2.4346058, 53.4234826 ], [ -2.4340497, 53.4238037 ], [ -2.4340281, 53.42382640000001 ], [ -2.4340133, 53.4238512 ], [ -2.4340057, 53.4238734 ], [ -2.4340026, 53.4239002 ] ] } },
{ "type": "Feature", "properties": { "id": 37061, "nach": 0.54086515439676064 }, "geometry": { "type": "LineString", "coordinates": [ [ -2.4340558, 53.423991 ], [ -2.4340346, 53.423973199999985 ], [ -2.4340192, 53.4239533 ], [ -2.4340064, 53.4239281 ], [ -2.4340026, 53.4239002 ] ] } },
{ "type": "Feature", "properties": { "id": 60429, "nach": 0.51985616012246938 }, "geometry": { "type": "LineString", "coordinates": [ [ -2.4335785, 53.4237104 ], [ -2.4335314, 53.4237062 ], [ -2.4334663, 53.423706 ], [ -2.4333953, 53.4237102 ], [ -2.4331713, 53.4237433 ], [ -2.4328395, 53.4238571 ] ] } },
{ "type": "Feature", "properties": { "id": 119095, "nach": 0.45318322515826504 }, "geometry": { "type": "LineString", "coordinates": [ [ -2.4336169, 53.4236858 ], [ -2.4335785, 53.4237104 ] ] } },
{ "type": "Feature", "properties": { "id": 119114, "nach": 0.35231477441262715 }, "geometry": { "type": "LineString", "coordinates": [ [ -2.4346058, 53.4234826 ], [ -2.4346526, 53.4234555 ], [ -2.4346928, 53.4234324 ] ] } },
{ "type": "Feature", "properties": { "id": 119118, "nach": 0.5000548944560006 }, "geometry": { "type": "LineString", "coordinates": [ [ -2.434665, 53.4235167 ], [ -2.4346426, 53.4235037 ], [ -2.4346058, 53.4234826 ] ] } },
{ "type": "Feature", "properties": { "id": 119121, "nach": 0.4863765191649807 }, "geometry": { "type": "LineString", "coordinates": [ [ -2.4345582, 53.4234552 ], [ -2.4345759, 53.4234654 ], [ -2.4346058, 53.4234826 ] ] } },
{ "type": "Feature", "properties": { "id": 37059, "nach": 0.55670668167210191 }, "geometry": { "type": "LineString", "coordinates": [ [ -2.4340558, 53.423991 ], [ -2.4344411, 53.4242391 ] ] } },
{ "type": "Feature", "properties": { "id": 119107, "nach": 0.43913597634870305 }, "geometry": { "type": "LineString", "coordinates": [ [ -2.4340131, 53.4240155 ], [ -2.4340558, 53.423991 ] ] } },
{ "type": "Feature", "properties": { "id": 119135, "nach": 0.46948227277245935 }, "geometry": { "type": "LineString", "coordinates": [ [ -2.4315334, 53.4244089 ], [ -2.4317531, 53.4243031 ], [ -2.4318988, 53.4242236 ], [ -2.4320492, 53.4241315 ], [ -2.4322969, 53.4240278 ], [ -2.4327447, 53.4238871 ], [ -2.4328395, 53.4238571 ] ] } },
{ "type": "Feature", "properties": { "id": 37056, "nach": 0.46461607459438559 }, "geometry": { "type": "LineString", "coordinates": [ [ -2.4332877, 53.4242807 ], [ -2.4330357, 53.4241125 ], [ -2.4328395, 53.4238571 ] ] } },
{ "type": "Feature", "properties": { "id": 119133, "nach": 0.49241949227731396 }, "geometry": { "type": "LineString", "coordinates": [ [ -2.4315334, 53.4244089 ], [ -2.4314893, 53.4244302 ] ] } },
{ "type": "Feature", "properties": { "id": 119134, "nach": 0.43246341983924669 }, "geometry": { "type": "LineString", "coordinates": [ [ -2.4315334, 53.4244089 ], [ -2.4316035, 53.424464 ], [ -2.4316619, 53.4245092 ], [ -2.4317392, 53.4245407 ], [ -2.4322685, 53.4247043 ], [ -2.4323786, 53.4247481 ], [ -2.4325071, 53.4247558 ] ] } },
{ "type": "Feature", "properties": { "id": 119093, "nach": 0.31482868813718273 }, "geometry": { "type": "LineString", "coordinates": [ [ -2.4334046, 53.424215300000014 ], [ -2.4333765, 53.4242313 ], [ -2.4332877, 53.4242807 ] ] } },
{ "type": "Feature", "properties": { "id": 119087, "nach": 0.45436515046856363 }, "geometry": { "type": "LineString", "coordinates": [ [ -2.4331859, 53.4243416 ], [ -2.4332053, 53.4243266 ], [ -2.4332877, 53.4242807 ] ] } },
{ "type": "Feature", "properties": { "id": 119071, "nach": 0.47353713331573721 }, "geometry": { "type": "LineString", "coordinates": [ [ -2.4352302, 53.4237998 ], [ -2.4352195, 53.4237536 ], [ -2.4346928, 53.4234324 ] ] } },
{ "type": "Feature", "properties": { "id": 119072, "nach": 0.55637435247634992 }, "geometry": { "type": "LineString", "coordinates": [ [ -2.4352302, 53.4237998 ], [ -2.4352346, 53.4238186 ], [ -2.4354088, 53.4239197 ], [ -2.4355361, 53.423917100000011 ], [ -2.4356142, 53.4239714 ] ] } },
{ "type": "Feature", "properties": { "id": 119126, "nach": 0.40524946518639005 }, "geometry": { "type": "LineString", "coordinates": [ [ -2.4343786, 53.4230294 ], [ -2.4343622, 53.4230583 ], [ -2.4343501, 53.42307430000001 ], [ -2.4343461, 53.4231019 ], [ -2.4343555, 53.4231242 ], [ -2.4343689, 53.4231506 ], [ -2.4343809, 53.423167 ], [ -2.4344259, 53.4232053 ], [ -2.4344735, 53.4232401 ], [ -2.4350978, 53.4236169 ], [ -2.4352486, 53.42370840000001 ], [ -2.4353164, 53.4237536 ], [ -2.4352302, 53.4237998 ] ] } },
{ "type": "Feature", "properties": { "id": 119119, "nach": 0.51215193409990767 }, "geometry": { "type": "LineString", "coordinates": [ [ -2.434665, 53.4235167 ], [ -2.4346854, 53.423513 ], [ -2.4347122, 53.4235134 ], [ -2.434733, 53.42351739999998 ], [ -2.4347484, 53.4235254 ], [ -2.4352151, 53.4238079 ], [ -2.4352302, 53.4237998 ] ] } },
{ "type": "Feature", "properties": { "id": 119083, "nach": 0.46075818804247182 }, "geometry": { "type": "LineString", "coordinates": [ [ -2.4314438, 53.4243922 ], [ -2.4314893, 53.4244302 ] ] } },
{ "type": "Feature", "properties": { "id": 36770, "nach": 0.42296483202672081 }, "geometry": { "type": "LineString", "coordinates": [ [ -2.4307033, 53.424807 ], [ -2.4307139, 53.4247675 ], [ -2.4308038, 53.424704400000017 ], [ -2.4309093, 53.4246444 ], [ -2.4314893, 53.4244302 ] ] } },
{ "type": "Feature", "properties": { "id": 119084, "nach": 0.46177780011676695 }, "geometry": { "type": "LineString", "coordinates": [ [ -2.4314438, 53.4243922 ], [ -2.4314306, 53.4243813 ], [ -2.4311463, 53.4241441 ], [ -2.4311014, 53.4241044 ] ] } },
{ "type": "Feature", "properties": { "id": 119085, "nach": 0.3203389184402336 }, "geometry": { "type": "LineString", "coordinates": [ [ -2.4314438, 53.4243922 ], [ -2.4313366, 53.4244384 ], [ -2.4311838, 53.4244992 ], [ -2.4311026, 53.4245383 ], [ -2.4310456, 53.4245583 ], [ -2.4310007, 53.424568300000011 ], [ -2.4309289, 53.4245807 ], [ -2.4308947, 53.4245923 ], [ -2.4308331, 53.424625 ], [ -2.4307177, 53.4246886 ], [ -2.4306466, 53.4247353 ], [ -2.4305894, 53.4247976 ] ] } },
{ "type": "Feature", "properties": { "id": 119097, "nach": 0.32398451235744236 }, "geometry": { "type": "LineString", "coordinates": [ [ -2.4336169, 53.4236858 ], [ -2.4335944, 53.4236792 ], [ -2.4335045, 53.4236717 ], [ -2.4333905, 53.4236824 ], [ -2.4332584, 53.423694 ], [ -2.4331686, 53.4237124 ], [ -2.4323237, 53.4239701 ], [ -2.4321011, 53.4240608 ], [ -2.432028, 53.4240968 ], [ -2.4318865, 53.424177900000011 ], [ -2.4318168, 53.424228299999989 ], [ -2.4317356, 53.4242666 ], [ -2.4315868, 53.4243306 ], [ -2.4314438, 53.4243922 ] ] } },
{ "type": "Feature", "properties": { "id": 36769, "nach": 0.21011926284999885 }, "geometry": { "type": "LineString", "coordinates": [ [ -2.4307033, 53.424807 ], [ -2.4307549, 53.424836300000024 ], [ -2.4311743, 53.42497010000001 ], [ -2.4318982, 53.4251929 ], [ -2.4319757, 53.4252175 ] ] } },
{ "type": "Feature", "properties": { "id": 32623, "nach": 0.34694905465151976 }, "geometry": { "type": "LineString", "coordinates": [ [ -2.4337973, 53.4252872 ], [ -2.4334227, 53.4255672 ], [ -2.4333671, 53.4256032 ], [ -2.4332919, 53.4256267 ], [ -2.4331827, 53.4256271 ], [ -2.4330236, 53.4255588 ], [ -2.4328233, 53.4254849 ], [ -2.432553, 53.4253994 ], [ -2.4320532, 53.4252422 ], [ -2.4319757, 53.4252175 ] ] } },
{ "type": "Feature", "properties": { "id": 91891, "nach": 0.29984564946176667 }, "geometry": { "type": "LineString", "coordinates": [ [ -2.4325071, 53.4247558 ], [ -2.4324515, 53.4248287 ], [ -2.4321212, 53.4250524 ], [ -2.4320126, 53.4251565 ], [ -2.4319757, 53.4252175 ] ] } },
{ "type": "Feature", "properties": { "id": 119099, "nach": 0.43771426728794016 }, "geometry": { "type": "LineString", "coordinates": [ [ -2.4338936, 53.4253317 ], [ -2.4337973, 53.4252872 ] ] } },
{ "type": "Feature", "properties": { "id": 32629, "nach": 0.5103988666605509 }, "geometry": { "type": "LineString", "coordinates": [ [ -2.433229, 53.424986 ], [ -2.4332539, 53.4250103 ], [ -2.4332925, 53.4250519 ], [ -2.4333389, 53.4250808 ], [ -2.4337973, 53.4252872 ] ] } },
{ "type": "Feature", "properties": { "id": 32626, "nach": 0.5339414346038428 }, "geometry": { "type": "LineString", "coordinates": [ [ -2.4344411, 53.4242391 ], [ -2.4340396, 53.4244993 ], [ -2.4340236, 53.424531 ], [ -2.4340215, 53.424564 ], [ -2.4340323, 53.4245944 ], [ -2.4340549, 53.4246224 ], [ -2.4340879, 53.4246464 ], [ -2.4341946, 53.4247096 ], [ -2.4343072, 53.4247809 ], [ -2.4343293, 53.42479920000001 ], [ -2.4343441, 53.42482 ], [ -2.4343507, 53.4248422 ], [ -2.4343491, 53.424863700000017 ], [ -2.4343399, 53.4248846 ], [ -2.4342838, 53.4249293 ], [ -2.4337973, 53.4252872 ] ] } },
{ "type": "Feature", "properties": { "id": 91889, "nach": 0.4502330596868499 }, "geometry": { "type": "LineString", "coordinates": [ [ -2.4325071, 53.4247558 ], [ -2.4325986, 53.4247563 ] ] } },
{ "type": "Feature", "properties": { "id": 119100, "nach": 0.39003925651646421 }, "geometry": { "type": "LineString", "coordinates": [ [ -2.4338936, 53.4253317 ], [ -2.4341658, 53.4254575 ] ] } },
{ "type": "Feature", "properties": { "id": 119102, "nach": 0.0 }, "geometry": { "type": "LineString", "coordinates": [ [ -2.4338936, 53.4253317 ], [ -2.433821, 53.4253822 ], [ -2.4337761, 53.425359 ], [ -2.4332772, 53.4257266 ], [ -2.4329111, 53.42555320000001 ], [ -2.431865, 53.4252296 ], [ -2.4318731, 53.425220399999986 ], [ -2.4305662, 53.4248228 ], [ -2.4305894, 53.4247976 ] ] } },
{ "type": "Feature", "properties": { "id": 119101, "nach": 0.14368799440682378 }, "geometry": { "type": "LineString", "coordinates": [ [ -2.4338936, 53.4253317 ], [ -2.4339364, 53.4253019 ], [ -2.4338847, 53.4252787 ], [ -2.4344795, 53.4248464 ], [ -2.4341174, 53.424621 ], [ -2.4340953, 53.424597499999983 ], [ -2.4340866, 53.4245767 ], [ -2.4340866, 53.4245535 ], [ -2.4340926, 53.4245283 ], [ -2.434106, 53.424504 ], [ -2.4341288, 53.424484 ], [ -2.4344037, 53.4243214 ], [ -2.4344245, 53.42431220000001 ], [ -2.434454, 53.4243094 ], [ -2.4344856, 53.4243126 ], [ -2.4345057, 53.4243202 ], [ -2.4345285, 53.424331 ], [ -2.434568, 53.4243541 ], [ -2.434623, 53.4243713 ], [ -2.4346834, 53.4243821 ], [ -2.434735, 53.424384100000012 ], [ -2.4347699, 53.424383699999986 ], [ -2.4348014, 53.4243805 ], [ -2.4348477, 53.4243805 ], [ -2.4348738, 53.4243869 ], [ -2.4350435, 53.4244896 ], [ -2.4350871, 53.424464300000011 ] ] } },
{ "type": "Feature", "properties": { "id": 37062, "nach": 0.4930559398375412 }, "geometry": { "type": "LineString", "coordinates": [ [ -2.4331914, 53.4249643 ], [ -2.433229, 53.424986 ] ] } },
{ "type": "Feature", "properties": { "id": 119103, "nach": 0.41750962739215952 }, "geometry": { "type": "LineString", "coordinates": [ [ -2.4332627, 53.4249663 ], [ -2.433229, 53.424986 ] ] } },
{ "type": "Feature", "properties": { "id": 36771, "nach": 0.5937129498187812 }, "geometry": { "type": "LineString", "coordinates": [ [ -2.4348867, 53.4243344 ], [ -2.4347652, 53.4243495 ], [ -2.434682, 53.4243461 ], [ -2.434605, 53.4243271 ], [ -2.4344411, 53.4242391 ] ] } },
{ "type": "Feature", "properties": { "id": 119076, "nach": 0.60356085958592365 }, "geometry": { "type": "LineString", "coordinates": [ [ -2.435211, 53.424113099999985 ], [ -2.4351943, 53.4241261 ], [ -2.4350888, 53.4241927 ], [ -2.4348867, 53.4243344 ] ] } },
{ "type": "Feature", "properties": { "id": 119080, "nach": 0.46548419567910226 }, "geometry": { "type": "LineString", "coordinates": [ [ -2.4350871, 53.424464300000011 ], [ -2.4350691, 53.424454600000011 ], [ -2.4348867, 53.4243344 ] ] } },
{ "type": "Feature", "properties": { "id": 37064, "nach": 0.45992309442854046 }, "geometry": { "type": "LineString", "coordinates": [ [ -2.4331914, 53.4249643 ], [ -2.4330659, 53.42492 ], [ -2.4329808, 53.424897299999984 ], [ -2.4329211, 53.4248751 ], [ -2.4328693, 53.424843 ], [ -2.4326214, 53.4247623 ], [ -2.4325986, 53.4247563 ] ] } },
{ "type": "Feature", "properties": { "id": 119111, "nach": 0.42458119791974419 }, "geometry": { "type": "LineString", "coordinates": [ [ -2.4332124, 53.42494090000001 ], [ -2.4331914, 53.4249643 ] ] } },
{ "type": "Feature", "properties": { "id": 119104, "nach": 0.37631347228899736 }, "geometry": { "type": "LineString", "coordinates": [ [ -2.4332627, 53.4249663 ], [ -2.4334735, 53.4248433 ], [ -2.4335487, 53.4247979 ], [ -2.4334328, 53.4247072 ] ] } },
{ "type": "Feature", "properties": { "id": 119113, "nach": 0.29553770644287536 }, "geometry": { "type": "LineString", "coordinates": [ [ -2.4332124, 53.42494090000001 ], [ -2.4332524, 53.4249591 ], [ -2.4332627, 53.4249663 ] ] } },
{ "type": "Feature", "properties": { "id": 119110, "nach": 0.19865629548626107 }, "geometry": { "type": "LineString", "coordinates": [ [ -2.4340131, 53.4240155 ], [ -2.4343226, 53.4242127 ], [ -2.434338, 53.4242263 ], [ -2.4343387, 53.4242474 ], [ -2.4343219, 53.4242682 ], [ -2.4342495, 53.424309 ], [ -2.4340396, 53.4244324 ], [ -2.4339967, 53.424472 ], [ -2.4339753, 53.4245032 ], [ -2.4339652, 53.4245391 ], [ -2.4339645, 53.4245751 ], [ -2.4339719, 53.4246178 ], [ -2.4340021, 53.4246466 ], [ -2.4340376, 53.4246742 ], [ -2.4341194, 53.4247245 ], [ -2.4342079, 53.4247769 ], [ -2.4342401, 53.4248036 ], [ -2.4342609, 53.42483 ], [ -2.4342676, 53.4248604 ], [ -2.4342609, 53.4248915 ], [ -2.4342442, 53.4249123 ], [ -2.4342227, 53.4249271 ], [ -2.4337989, 53.4252208 ], [ -2.4337687, 53.4252348 ], [ -2.4337332, 53.4252348 ], [ -2.4337104, 53.425226 ], [ -2.4333577, 53.4250526 ], [ -2.4333275, 53.425025 ], [ -2.4333101, 53.4250038 ], [ -2.4332906, 53.4249858 ], [ -2.4332627, 53.4249663 ] ] } },
{ "type": "Feature", "properties": { "id": 126715, "nach": 0.40458455625342143 }, "geometry": { "type": "LineString", "coordinates": [ [ -2.4492282, 53.418032399999987 ], [ -2.4482901, 53.4179696 ], [ -2.4478408, 53.4179671 ], [ -2.4474851, 53.4179939 ], [ -2.4473916, 53.4180181 ], [ -2.4473347, 53.41805930000001 ], [ -2.4472723, 53.4182124 ] ] } },
{ "type": "Feature", "properties": { "id": 40828, "nach": 0.36757591668386475 }, "geometry": { "type": "LineString", "coordinates": [ [ -2.4462595, 53.418823200000013 ], [ -2.4464251, 53.4189054 ] ] } },
{ "type": "Feature", "properties": { "id": 119131, "nach": 0.39970956973956717 }, "geometry": { "type": "LineString", "coordinates": [ [ -2.4340812, 53.4231359 ], [ -2.4338718, 53.4232072 ], [ -2.4332783, 53.4233829 ], [ -2.4324977, 53.4235936 ], [ -2.4317842, 53.4238311 ], [ -2.4311014, 53.4241044 ] ] } },
{ "type": "Feature", "properties": { "id": 119132, "nach": 0.44959834288544648 }, "geometry": { "type": "LineString", "coordinates": [ [ -2.4340812, 53.4231359 ], [ -2.4341288, 53.4231402 ], [ -2.4341664, 53.4231482 ], [ -2.4342066, 53.4231634 ], [ -2.4342522, 53.4231906 ], [ -2.4342931, 53.4232321 ], [ -2.43434, 53.4232697 ], [ -2.4343863, 53.423301199999983 ], [ -2.434505, 53.4233712 ], [ -2.4345586, 53.4234063 ], [ -2.4345714, 53.4234231 ], [ -2.434566, 53.4234463 ], [ -2.4345582, 53.4234552 ] ] } },
{ "type": "Feature", "properties": { "id": 91892, "nach": 0.44095325226347126 }, "geometry": { "type": "LineString", "coordinates": [ [ -2.4326299, 53.424729399999983 ], [ -2.4325986, 53.4247563 ] ] } },
{ "type": "Feature", "properties": { "id": 91893, "nach": 0.37029197006492448 }, "geometry": { "type": "LineString", "coordinates": [ [ -2.4326299, 53.424729399999983 ], [ -2.4327179, 53.4246373 ], [ -2.4328295, 53.4245258 ], [ -2.4329611, 53.4244409 ] ] } },
{ "type": "Feature", "properties": { "id": 91894, "nach": 0.3881000726233973 }, "geometry": { "type": "LineString", "coordinates": [ [ -2.4326299, 53.424729399999983 ], [ -2.4327019, 53.4247134 ], [ -2.4327577, 53.4246952 ], [ -2.4328164, 53.4246683 ], [ -2.4328941, 53.4246245 ], [ -2.4329519, 53.4245835 ], [ -2.4329885, 53.424556 ] ] } },
{ "type": "Feature", "properties": { "id": 91899, "nach": 0.27578716491217969 }, "geometry": { "type": "LineString", "coordinates": [ [ -2.4331063, 53.4248382 ], [ -2.4330604, 53.4248299 ], [ -2.4329472, 53.4247993 ], [ -2.4327782, 53.4247618 ], [ -2.4326915, 53.424745 ], [ -2.4326299, 53.424729399999983 ] ] } },
{ "type": "Feature", "properties": { "id": 119090, "nach": 0.0 }, "geometry": { "type": "LineString", "coordinates": [ [ -2.4331859, 53.4243416 ], [ -2.4331411, 53.4243134 ], [ -2.4331719, 53.4243014 ], [ -2.4331894, 53.424289 ], [ -2.4331934, 53.4242718 ], [ -2.433182, 53.424257 ], [ -2.4331498, 53.4242355 ], [ -2.4329969, 53.42414680000001 ], [ -2.4329191, 53.4240501 ], [ -2.4328226, 53.42393220000001 ], [ -2.4327743, 53.4239458 ], [ -2.4327522, 53.4239246 ], [ -2.4323908, 53.4240341 ], [ -2.4322553, 53.424082799999987 ], [ -2.4321386, 53.4241404 ], [ -2.432024, 53.4241935 ], [ -2.4319214, 53.4242622 ], [ -2.4318697, 53.4242954 ], [ -2.4317879, 53.4243258 ], [ -2.4315961, 53.4244137 ], [ -2.4316129, 53.4244292 ], [ -2.4316538, 53.4244664 ], [ -2.4316947, 53.424493600000012 ], [ -2.4317376, 53.4245096 ], [ -2.4324035, 53.4247233 ], [ -2.4324618, 53.4246842 ], [ -2.4326013, 53.424724099999985 ], [ -2.4326299, 53.424729399999983 ] ] } },
{ "type": "Feature", "properties": { "id": 119077, "nach": 0.61065720492719766 }, "geometry": { "type": "LineString", "coordinates": [ [ -2.435211, 53.424113099999985 ], [ -2.4352437, 53.424087799999988 ], [ -2.4354091, 53.42403070000001 ] ] } },
{ "type": "Feature", "properties": { "id": 119127, "nach": 0.42952792237281878 }, "geometry": { "type": "LineString", "coordinates": [ [ -2.4351883, 53.4241 ], [ -2.435211, 53.424113099999985 ] ] } },
{ "type": "Feature", "properties": { "id": 119081, "nach": 0.0 }, "geometry": { "type": "LineString", "coordinates": [ [ -2.4350871, 53.424464300000011 ], [ -2.4351202, 53.424445 ], [ -2.4350052, 53.4243709 ], [ -2.4349952, 53.4243529 ], [ -2.4349925, 53.4243401 ], [ -2.4350046, 53.4243234 ], [ -2.4350321, 53.4243002 ], [ -2.4352795, 53.4241527 ], [ -2.435211, 53.424113099999985 ] ] } },
{ "type": "Feature", "properties": { "id": 119079, "nach": 0.4188593307853003 }, "geometry": { "type": "LineString", "coordinates": [ [ -2.4350871, 53.424464300000011 ], [ -2.4352706, 53.4245629 ] ] } },
{ "type": "Feature", "properties": { "id": 118768, "nach": 0.48825827471368394 }, "geometry": { "type": "LineString", "coordinates": [ [ -2.4443468, 53.4290507 ], [ -2.4443201, 53.429204300000016 ], [ -2.4443538, 53.4292445 ] ] } },
{ "type": "Feature", "properties": { "id": 110169, "nach": 0.4329440753203545 }, "geometry": { "type": "LineString", "coordinates": [ [ -2.4453628, 53.4310641 ], [ -2.4456347, 53.4309349 ], [ -2.4462301, 53.4305717 ], [ -2.4467772, 53.4298302 ], [ -2.4467246, 53.42977 ], [ -2.4444886, 53.4293047 ], [ -2.4443538, 53.4292445 ] ] } },
{ "type": "Feature", "properties": { "id": 51477, "nach": 0.41368929014099309 }, "geometry": { "type": "LineString", "coordinates": [ [ -2.436884, 53.427334 ], [ -2.4371604, 53.427415 ], [ -2.4386264, 53.4278512 ], [ -2.4422755, 53.4289044 ], [ -2.4436121, 53.4292745 ], [ -2.444182, 53.4293495 ], [ -2.4442401, 53.429342 ], [ -2.4443538, 53.4292445 ] ] } },
{ "type": "Feature", "properties": { "id": 118769, "nach": 0.44573781803547452 }, "geometry": { "type": "LineString", "coordinates": [ [ -2.4443468, 53.4290507 ], [ -2.4442615, 53.4290392 ], [ -2.4437982, 53.4289845 ], [ -2.4436929, 53.4289709 ], [ -2.4436191, 53.4289545 ], [ -2.4435682, 53.428934199999986 ], [ -2.4435052, 53.428905399999984 ], [ -2.4434388, 53.42887420000001 ], [ -2.4433798, 53.4288327 ], [ -2.4429801, 53.4283912 ], [ -2.4429396, 53.428345 ] ] } },
{ "type": "Feature", "properties": { "id": 118772, "nach": 0.47306622813796845 }, "geometry": { "type": "LineString", "coordinates": [ [ -2.4492357, 53.4295982 ], [ -2.4491914, 53.4295862 ], [ -2.4461398, 53.429245 ], [ -2.4444225, 53.4290608 ], [ -2.4443468, 53.4290507 ] ] } },
{ "type": "Feature", "properties": { "id": 110172, "nach": 0.33874950277717908 }, "geometry": { "type": "LineString", "coordinates": [ [ -2.4445681, 53.4316958 ], [ -2.4447468, 53.431604 ], [ -2.4450071, 53.431478300000016 ], [ -2.4452428, 53.4313736 ], [ -2.4454631, 53.4312883 ], [ -2.4457853, 53.4311824 ], [ -2.4458331, 53.4311612 ], [ -2.4458656, 53.4311412 ], [ -2.445888, 53.4311194 ], [ -2.4458971, 53.431094600000016 ], [ -2.445891, 53.4310685 ], [ -2.4458687, 53.4310461 ], [ -2.4458351, 53.4310316 ], [ -2.4457772, 53.431024900000011 ], [ -2.4457162, 53.4310274 ], [ -2.4455776, 53.4310377 ], [ -2.4453628, 53.4310641 ] ] } },
{ "type": "Feature", "properties": { "id": 51480, "nach": 0.50512349115627253 }, "geometry": { "type": "LineString", "coordinates": [ [ -2.436884, 53.427334 ], [ -2.436466463743595, 53.4272109856852 ] ] } },
{ "type": "Feature", "properties": { "id": 51479, "nach": 0.48639761043032875 }, "geometry": { "type": "LineString", "coordinates": [ [ -2.436884, 53.427334 ], [ -2.43627362791919, 53.42748641677489 ] ] } },
{ "type": "Feature", "properties": { "id": 118338, "nach": 0.41809741035052811 }, "geometry": { "type": "LineString", "coordinates": [ [ -2.44067, 53.4295109 ], [ -2.440371, 53.4292102 ], [ -2.4402802, 53.4291443 ] ] } },
{ "type": "Feature", "properties": { "id": 118470, "nach": 0.320987809183442 }, "geometry": { "type": "LineString", "coordinates": [ [ -2.4414021, 53.4294207 ], [ -2.4413849, 53.429444 ], [ -2.4422331, 53.4296965 ], [ -2.4422653, 53.4297084 ], [ -2.4422874, 53.4297296 ], [ -2.4422935, 53.429753200000015 ], [ -2.4422928, 53.4297768 ], [ -2.4422834, 53.4297959 ], [ -2.4422432, 53.4298247 ], [ -2.4414895, 53.4301927 ], [ -2.4414646, 53.430203 ], [ -2.4414359, 53.4302089 ], [ -2.4414056, 53.4302098 ], [ -2.4413693, 53.430204 ], [ -2.4413384, 53.4301913 ], [ -2.4413165, 53.4301731 ], [ -2.4407016, 53.4295426 ], [ -2.44067, 53.4295109 ] ] } },
{ "type": "Feature", "properties": { "id": 118682, "nach": 0.33434331859882993 }, "geometry": { "type": "LineString", "coordinates": [ [ -2.4493466, 53.42747030000001 ], [ -2.4493591, 53.427480699999983 ], [ -2.4494382, 53.4275298 ], [ -2.449522, 53.4275757 ], [ -2.4496132, 53.4276181 ], [ -2.449799, 53.427686799999989 ], [ -2.4498399, 53.427701600000013 ], [ -2.4498848, 53.427708800000012 ], [ -2.4499471, 53.427706 ], [ -2.4499934, 53.4276916 ], [ -2.4500229, 53.42767 ], [ -2.4501456, 53.4275502 ], [ -2.4501644, 53.4275258 ], [ -2.4501711, 53.4274994 ], [ -2.4501517, 53.4273588 ], [ -2.4500953, 53.427035600000011 ], [ -2.4500229, 53.4270368 ], [ -2.4500048, 53.4269353 ], [ -2.4500303, 53.4269165 ], [ -2.4501859, 53.4269037 ], [ -2.4502858, 53.4274914 ], [ -2.4502871, 53.4275342 ], [ -2.450269, 53.4275638 ], [ -2.4501047, 53.4277104 ], [ -2.4500927, 53.427742800000011 ], [ -2.4500913, 53.4277699 ], [ -2.450102, 53.4277919 ], [ -2.4501202, 53.4278083 ], [ -2.4516664, 53.42838960000001 ], [ -2.4523893, 53.4283509 ] ] } },
{ "type": "Feature", "properties": { "id": 63613, "nach": 0.51611755569444251 }, "geometry": { "type": "LineString", "coordinates": [ [ -2.446003, 53.4248958 ], [ -2.446474, 53.4248763 ], [ -2.4467422, 53.4249054 ], [ -2.4470234, 53.4249046 ] ] } },
{ "type": "Feature", "properties": { "id": 126726, "nach": 0.42667431719526 }, "geometry": { "type": "LineString", "coordinates": [ [ -2.4433828, 53.4247378 ], [ -2.4431376, 53.4246352 ], [ -2.4428906, 53.424832800000011 ] ] } },
{ "type": "Feature", "properties": { "id": 119094, "nach": 0.0 }, "geometry": { "type": "LineString", "coordinates": [ [ -2.4334046, 53.424215300000014 ], [ -2.4334388, 53.4242442 ], [ -2.4332229, 53.4243649 ], [ -2.4331859, 53.4243416 ] ] } },
{ "type": "Feature", "properties": { "id": 119109, "nach": 0.3732525859493569 }, "geometry": { "type": "LineString", "coordinates": [ [ -2.4340131, 53.4240155 ], [ -2.4338754, 53.423925 ], [ -2.4337225, 53.4238383 ], [ -2.4336085, 53.423764 ], [ -2.4335595, 53.4237432 ], [ -2.4335159, 53.4237396 ], [ -2.4334589, 53.4237456 ], [ -2.433304, 53.4237608 ], [ -2.4332269, 53.4237755 ], [ -2.432954, 53.4238619 ], [ -2.4329761, 53.4238878 ], [ -2.4329171, 53.4239038 ], [ -2.4330211, 53.4240325 ], [ -2.4330861, 53.424106 ], [ -2.4331404, 53.4241396 ], [ -2.433239, 53.4242071 ], [ -2.4332759, 53.4242215 ], [ -2.4333061, 53.4242211 ], [ -2.4333356, 53.4242123 ], [ -2.4333812, 53.424195500000017 ], [ -2.4334046, 53.424215300000014 ] ] } },
{ "type": "Feature", "properties": { "id": 119088, "nach": 0.4388070989015001 }, "geometry": { "type": "LineString", "coordinates": [ [ -2.4331859, 53.4243416 ], [ -2.4331409, 53.424376400000014 ], [ -2.4330938, 53.424417 ], [ -2.4330575, 53.4244604 ], [ -2.4330181, 53.4245068 ], [ -2.4329885, 53.424556 ] ] } },
{ "type": "Feature", "properties": { "id": 119112, "nach": 0.40239680574941644 }, "geometry": { "type": "LineString", "coordinates": [ [ -2.4332124, 53.42494090000001 ], [ -2.4332178, 53.4249348 ], [ -2.4331484, 53.4248683 ], [ -2.4331063, 53.4248382 ] ] } },
{ "type": "Feature", "properties": { "id": 91897, "nach": 0.36092345874001802 }, "geometry": { "type": "LineString", "coordinates": [ [ -2.4331063, 53.4248382 ], [ -2.4330885, 53.4247887 ], [ -2.4330531, 53.424735900000016 ], [ -2.4330276, 53.4246887 ], [ -2.4330101, 53.4246419 ], [ -2.4329981, 53.4246019 ], [ -2.4329885, 53.424556 ] ] } },
{ "type": "Feature", "properties": { "id": 118305, "nach": 0.41516452036159879 }, "geometry": { "type": "LineString", "coordinates": [ [ -2.4389972, 53.4294209 ], [ -2.4392706, 53.42923660000001 ], [ -2.4400691, 53.429671699999986 ] ] } },
{ "type": "Feature", "properties": { "id": 118307, "nach": 0.0 }, "geometry": { "type": "LineString", "coordinates": [ [ -2.4389972, 53.4294209 ], [ -2.438766, 53.4293001 ], [ -2.4387583, 53.4292955 ], [ -2.4387553, 53.4292893 ], [ -2.4387569, 53.429284 ], [ -2.438762, 53.4292796 ], [ -2.4393453, 53.428883 ], [ -2.4393573, 53.428877899999989 ], [ -2.4393712, 53.428875200000014 ], [ -2.4393862, 53.4288752 ], [ -2.4394003, 53.428878 ], [ -2.4395422, 53.4289164 ], [ -2.4397192, 53.42897090000001 ], [ -2.4398795, 53.4290328 ], [ -2.4400216, 53.4291004 ], [ -2.4401631, 53.4291863 ], [ -2.4402637, 53.429262199999982 ], [ -2.4405534, 53.429557 ], [ -2.4411777, 53.4302022 ], [ -2.4411748, 53.4302113 ], [ -2.4411651, 53.4302224 ], [ -2.4392971, 53.4310798 ], [ -2.4392746, 53.4310834 ], [ -2.4392552, 53.4310838 ], [ -2.4392374, 53.4310822 ], [ -2.4392217, 53.4310774 ], [ -2.438596, 53.4307504 ], [ -2.4379711, 53.43042040000001 ], [ -2.4374776, 53.4301661 ], [ -2.4374694, 53.4301586 ], [ -2.4374678, 53.4301497 ], [ -2.437472, 53.4301424 ], [ -2.4374806, 53.4301367 ], [ -2.437731, 53.42997050000001 ], [ -2.4380703, 53.4297416 ], [ -2.4380891, 53.4297364 ], [ -2.4381099, 53.429734 ], [ -2.43813, 53.42973880000001 ], [ -2.4389541, 53.4302102 ], [ -2.4389625, 53.4302249 ], [ -2.4389807, 53.430236 ], [ -2.4390052, 53.4302413 ], [ -2.4390311, 53.4302398 ], [ -2.4390534, 53.4302318 ], [ -2.4390683, 53.4302178 ], [ -2.4390708, 53.4302012 ], [ -2.43906, 53.4301858 ], [ -2.4390386, 53.4301751 ], [ -2.4381937, 53.4297009 ], [ -2.4381756, 53.429690099999988 ], [ -2.4381716, 53.4296841 ], [ -2.4381743, 53.42967130000001 ], [ -2.438639, 53.4293559 ], [ -2.4386456, 53.4293514 ], [ -2.438655, 53.4293495 ], [ -2.4386659, 53.429351 ], [ -2.4386735, 53.4293559 ], [ -2.4389119, 53.42948040000001 ] ] } },
{ "type": "Feature", "properties": { "id": 118581, "nach": 0.0 }, "geometry": { "type": "LineString", "coordinates": [ [ -2.4397093, 53.4299115 ], [ -2.4397212, 53.4299176 ], [ -2.4398211, 53.4298595 ], [ -2.4389972, 53.4294209 ] ] } },
{ "type": "Feature", "properties": { "id": 118580, "nach": 0.41903945255861064 }, "geometry": { "type": "LineString", "coordinates": [ [ -2.4397093, 53.4299115 ], [ -2.4397045, 53.429909 ], [ -2.4389119, 53.42948040000001 ] ] } },
{ "type": "Feature", "properties": { "id": 118578, "nach": 0.072098334986191323 }, "geometry": { "type": "LineString", "coordinates": [ [ -2.4397093, 53.4299115 ], [ -2.439738, 53.4298926 ], [ -2.4397556, 53.4298806 ] ] } },
{ "type": "Feature", "properties": { "id": 118285, "nach": 0.41698907233826504 }, "geometry": { "type": "LineString", "coordinates": [ [ -2.4402802, 53.4291443 ], [ -2.440711, 53.4289591 ], [ -2.4405983, 53.4289226 ], [ -2.4407397, 53.4288015 ] ] } },
{ "type": "Feature", "properties": { "id": 118588, "nach": 0.40095138980528727 }, "geometry": { "type": "LineString", "coordinates": [ [ -2.4362965, 53.4278698 ], [ -2.4363752, 53.4279006 ], [ -2.4365381, 53.4279565 ], [ -2.4367668, 53.42802240000001 ], [ -2.4379429, 53.4283604 ], [ -2.4394108, 53.4287831 ], [ -2.4398171, 53.4289026 ], [ -2.439978, 53.4289661 ], [ -2.4400786, 53.4290165 ], [ -2.4402329, 53.42911 ], [ -2.4402802, 53.4291443 ] ] } },
{ "type": "Feature", "properties": { "id": 118457, "nach": 0.44292428584681381 }, "geometry": { "type": "LineString", "coordinates": [ [ -2.4418805, 53.4295262 ], [ -2.4418599, 53.4295487 ] ] } },
{ "type": "Feature", "properties": { "id": 118472, "nach": 0.35173683729980793 }, "geometry": { "type": "LineString", "coordinates": [ [ -2.4414021, 53.4294207 ], [ -2.4414312, 53.4294211 ], [ -2.4418599, 53.4295487 ] ] } },
{ "type": "Feature", "properties": { "id": 118456, "nach": 0.38047835357579513 }, "geometry": { "type": "LineString", "coordinates": [ [ -2.4418805, 53.4295262 ], [ -2.4421623, 53.4292189 ] ] } },
{ "type": "Feature", "properties": { "id": 118473, "nach": 0.32460533620139581 }, "geometry": { "type": "LineString", "coordinates": [ [ -2.4425409, 53.4303313 ], [ -2.4419817, 53.4305946 ], [ -2.4419615, 53.4306046 ], [ -2.4419394, 53.4306102 ], [ -2.4419086, 53.4306082 ], [ -2.441867, 53.4305998 ], [ -2.4415451, 53.4303485 ], [ -2.441529, 53.4303286 ], [ -2.4415211, 53.430307 ], [ -2.4415216, 53.430284900000018 ], [ -2.4415332, 53.4302598 ], [ -2.4415559, 53.4302374 ], [ -2.4425704, 53.4297452 ], [ -2.4425087, 53.4296997 ], [ -2.4424658, 53.4297144 ], [ -2.442445, 53.4297184 ], [ -2.4424021, 53.4297164 ], [ -2.4423793, 53.4297064 ], [ -2.4423451, 53.4296761 ], [ -2.4423116, 53.4296565 ], [ -2.4418805, 53.4295262 ] ] } },
{ "type": "Feature", "properties": { "id": 118471, "nach": 0.0 }, "geometry": { "type": "LineString", "coordinates": [ [ -2.4414021, 53.4294207 ], [ -2.4414258, 53.4293888 ], [ -2.4418805, 53.4295262 ] ] } },
{ "type": "Feature", "properties": { "id": 57414, "nach": 0.43667644121575649 }, "geometry": { "type": "LineString", "coordinates": [ [ -2.4346718, 53.4278169 ], [ -2.4340199, 53.42791660000001 ], [ -2.4333568, 53.4278486 ] ] } },
{ "type": "Feature", "properties": { "id": 58983, "nach": 0.58330736137005357 }, "geometry": { "type": "LineString", "coordinates": [ [ -2.4328341, 53.4277872 ], [ -2.4332499, 53.4278358 ], [ -2.4333568, 53.4278486 ] ] } },
{ "type": "Feature", "properties": { "id": 64205, "nach": 0.43620981028093653 }, "geometry": { "type": "LineString", "coordinates": [ [ -2.4453945, 53.4335431 ], [ -2.4452591, 53.4333733 ], [ -2.4451611, 53.4332807 ], [ -2.4437691, 53.4322697 ] ] } },
{ "type": "Feature", "properties": { "id": 37823, "nach": 0.31953212217143562 }, "geometry": { "type": "LineString", "coordinates": [ [ -2.4481154, 53.4319143 ], [ -2.4477534, 53.4320879 ], [ -2.4474478, 53.4336957 ] ] } },
{ "type": "Feature", "properties": { "id": 37822, "nach": 0.33919640692245751 }, "geometry": { "type": "LineString", "coordinates": [ [ -2.4481154, 53.4319143 ], [ -2.4493828, 53.4313067 ] ] } },
{ "type": "Feature", "properties": { "id": 37827, "nach": 0.24325922629392968 }, "geometry": { "type": "LineString", "coordinates": [ [ -2.4499375, 53.4339849 ], [ -2.4496461, 53.433666900000013 ], [ -2.4481154, 53.4319143 ] ] } },
{ "type": "Feature", "properties": { "id": 37819, "nach": 0.34309955013521515 }, "geometry": { "type": "LineString", "coordinates": [ [ -2.4499128, 53.4315274 ], [ -2.4493828, 53.4313067 ] ] } },
{ "type": "Feature", "properties": { "id": 64262, "nach": 0.39046923247025955 }, "geometry": { "type": "LineString", "coordinates": [ [ -2.4497345, 53.4311202 ], [ -2.449662, 53.4311398 ], [ -2.4493828, 53.4313067 ] ] } },
{ "type": "Feature", "properties": { "id": 37821, "nach": 0.21362431222449141 }, "geometry": { "type": "LineString", "coordinates": [ [ -2.4499128, 53.4315274 ], [ -2.450312, 53.4316935 ], [ -2.4509358, 53.4318224 ], [ -2.4516996, 53.4318907 ], [ -2.4522724, 53.4321031 ], [ -2.4531076, 53.4330324 ] ] } },
{ "type": "Feature", "properties": { "id": 37820, "nach": 0.27496379572492963 }, "geometry": { "type": "LineString", "coordinates": [ [ -2.4499128, 53.4315274 ], [ -2.4516003, 53.4335003 ] ] } },
{ "type": "Feature", "properties": { "id": 64264, "nach": 0.33449617616269967 }, "geometry": { "type": "LineString", "coordinates": [ [ -2.4495946, 53.4310694 ], [ -2.4497345, 53.4311202 ] ] } },
{ "type": "Feature", "properties": { "id": 42555, "nach": 0.45680975076736824 }, "geometry": { "type": "LineString", "coordinates": [ [ -2.4355257, 53.4258477 ], [ -2.4355498, 53.4257614 ], [ -2.4355847, 53.4256815 ], [ -2.4357134, 53.4255712 ], [ -2.4357353, 53.4255592 ], [ -2.43581, 53.4255185 ], [ -2.4359548, 53.4254578 ], [ -2.4361211, 53.4253507 ] ] } },
{ "type": "Feature", "properties": { "id": 56867, "nach": 0.43445682097597138 }, "geometry": { "type": "LineString", "coordinates": [ [ -2.4365345, 53.4257551 ], [ -2.4364729, 53.4257134 ], [ -2.4363862, 53.4256701 ], [ -2.4362966, 53.4256217 ], [ -2.4362435, 53.4255684 ], [ -2.4362267, 53.42553 ], [ -2.4361903, 53.4254533 ], [ -2.4361211, 53.4253507 ] ] } },
{ "type": "Feature", "properties": { "id": 126668, "nach": 0.50588510092849559 }, "geometry": { "type": "LineString", "coordinates": [ [ -2.4364959, 53.4259644 ], [ -2.4364162, 53.425930800000017 ], [ -2.4361962, 53.4259037 ], [ -2.4358932, 53.4258749 ], [ -2.4355257, 53.4258477 ] ] } },
{ "type": "Feature", "properties": { "id": 42567, "nach": 0.43766094303820419 }, "geometry": { "type": "LineString", "coordinates": [ [ -2.4355927, 53.4263128 ], [ -2.4355391, 53.4261929 ], [ -2.4355418, 53.4260507 ], [ -2.435515, 53.4259212 ], [ -2.4355257, 53.4258477 ] ] } },
{ "type": "Feature", "properties": { "id": 126666, "nach": 0.50086313626795453 }, "geometry": { "type": "LineString", "coordinates": [ [ -2.4364959, 53.4259644 ], [ -2.4366817, 53.426042700000018 ] ] } },
{ "type": "Feature", "properties": { "id": 126667, "nach": 0.44787803763144524 }, "geometry": { "type": "LineString", "coordinates": [ [ -2.4364959, 53.4259644 ], [ -2.436706, 53.4259211 ] ] } },
{ "type": "Feature", "properties": { "id": 42565, "nach": 0.44875437477484081 }, "geometry": { "type": "LineString", "coordinates": [ [ -2.4364001, 53.4263224 ], [ -2.4365664, 53.4262137 ], [ -2.4366817, 53.426042700000018 ] ] } },
{ "type": "Feature", "properties": { "id": 83078, "nach": 0.54389787422217284 }, "geometry": { "type": "LineString", "coordinates": [ [ -2.4370641, 53.4261721 ], [ -2.4369571, 53.4261389 ], [ -2.4366817, 53.426042700000018 ] ] } },
{ "type": "Feature", "properties": { "id": 83091, "nach": 0.60017527022551642 }, "geometry": { "type": "LineString", "coordinates": [ [ -2.4371645, 53.426044 ], [ -2.4371497, 53.4260627 ], [ -2.4370846, 53.4261466 ], [ -2.4370641, 53.4261721 ] ] } },
{ "type": "Feature", "properties": { "id": 118876, "nach": 0.61248943770608455 }, "geometry": { "type": "LineString", "coordinates": [ [ -2.4370177, 53.4262326 ], [ -2.437043, 53.4261981 ], [ -2.4370641, 53.4261721 ] ] } },
{ "type": "Feature", "properties": { "id": 118874, "nach": 0.53924891619422266 }, "geometry": { "type": "LineString", "coordinates": [ [ -2.4371498, 53.426269900000015 ], [ -2.4371382, 53.4262666 ], [ -2.4370896, 53.4262529 ] ] } },
{ "type": "Feature", "properties": { "id": 118875, "nach": 0.62020786460910826 }, "geometry": { "type": "LineString", "coordinates": [ [ -2.4370177, 53.4262326 ], [ -2.4370368, 53.426238 ], [ -2.4370896, 53.4262529 ] ] } },
{ "type": "Feature", "properties": { "id": 118530, "nach": 0.61359323827992107 }, "geometry": { "type": "LineString", "coordinates": [ [ -2.4333366, 53.4288675 ], [ -2.4334502, 53.4288802 ], [ -2.4337513, 53.4289154 ], [ -2.4340638, 53.428944599999987 ], [ -2.4341388, 53.4289522 ] ] } },
{ "type": "Feature", "properties": { "id": 118490, "nach": 0.4524016371201206 }, "geometry": { "type": "LineString", "coordinates": [ [ -2.4341388, 53.4289522 ], [ -2.4340863, 53.4290434 ] ] } },
{ "type": "Feature", "properties": { "id": 118525, "nach": 0.62083534415573538 }, "geometry": { "type": "LineString", "coordinates": [ [ -2.4344137, 53.4290058 ], [ -2.4343836, 53.428998099999987 ], [ -2.4342254, 53.4289609 ], [ -2.4341388, 53.4289522 ] ] } },
{ "type": "Feature", "properties": { "id": 126713, "nach": 0.42042256468470668 }, "geometry": { "type": "LineString", "coordinates": [ [ -2.4492282, 53.418032399999987 ], [ -2.449659, 53.4180612 ] ] } },
{ "type": "Feature", "properties": { "id": 45031, "nach": 0.50536515478741662 }, "geometry": { "type": "LineString", "coordinates": [ [ -2.4490643, 53.4181959 ], [ -2.4491504, 53.4181841 ], [ -2.449659, 53.4180612 ] ] } },
{ "type": "Feature", "properties": { "id": 88556, "nach": 0.47616114894454403 }, "geometry": { "type": "LineString", "coordinates": [ [ -2.4492857, 53.4184795 ], [ -2.4490643, 53.4181959 ] ] } },
{ "type": "Feature", "properties": { "id": 108517, "nach": 0.37264706756937327 }, "geometry": { "type": "LineString", "coordinates": [ [ -2.4489922, 53.4182058 ], [ -2.4490643, 53.4181959 ] ] } },
{ "type": "Feature", "properties": { "id": 88559, "nach": 0.36767431616581364 }, "geometry": { "type": "LineString", "coordinates": [ [ -2.4499599, 53.4183498 ], [ -2.4499182, 53.4183459 ], [ -2.44987, 53.4183415 ], [ -2.4498153, 53.4183459 ], [ -2.4497551, 53.4183581 ], [ -2.4492857, 53.4184795 ] ] } },
{ "type": "Feature", "properties": { "id": 45142, "nach": 0.21792481176579814 }, "geometry": { "type": "LineString", "coordinates": [ [ -2.4564474, 53.4183286 ], [ -2.4563488, 53.4186124 ], [ -2.4561963, 53.4189866 ], [ -2.4558539, 53.4197707 ], [ -2.4558434, 53.419787199999988 ], [ -2.4558382, 53.4197951 ], [ -2.4558401, 53.4198015 ], [ -2.4558563, 53.4198123 ], [ -2.455907, 53.4198341 ], [ -2.4563784, 53.420014 ], [ -2.4564276, 53.4200278 ], [ -2.4564884, 53.420041 ], [ -2.4565538, 53.42005 ], [ -2.4566192, 53.4200581 ], [ -2.4567185, 53.4200675 ], [ -2.4568201, 53.4200754 ], [ -2.4569598, 53.420084 ], [ -2.4570999, 53.4200906 ], [ -2.4572414, 53.4200965 ], [ -2.4573759, 53.420099700000016 ], [ -2.4580458, 53.42009620000001 ], [ -2.4581952, 53.4200997 ], [ -2.4582786, 53.4201134 ], [ -2.4583217, 53.4201476 ], [ -2.4583361, 53.4201853 ], [ -2.4582844, 53.4203035 ], [ -2.4582326, 53.4204406 ], [ -2.4582182, 53.420531399999987 ], [ -2.4582067, 53.4205793 ], [ -2.45827, 53.420605 ], [ -2.4582384, 53.4207935 ], [ -2.4581406, 53.4210899 ], [ -2.4579739, 53.42141190000001 ], [ -2.4579972, 53.4214675 ] ] } },
{ "type": "Feature", "properties": { "id": 64212, "nach": 0.25457516768217453 }, "geometry": { "type": "LineString", "coordinates": [ [ -2.4556243, 53.4235562 ], [ -2.4556132, 53.423481 ], [ -2.4556707, 53.4234037 ], [ -2.4557634, 53.4233253 ], [ -2.4558987, 53.4232689 ], [ -2.4560841, 53.423217 ], [ -2.456212, 53.4232237 ], [ -2.4563974, 53.423231399999985 ], [ -2.4565438, 53.4231938 ], [ -2.4566087, 53.4231541 ], [ -2.4574892, 53.4221985 ], [ -2.4579138, 53.4216992 ], [ -2.4579694, 53.4215125 ], [ -2.4579972, 53.4214675 ] ] } },
{ "type": "Feature", "properties": { "id": 64215, "nach": 0.24543402584371515 }, "geometry": { "type": "LineString", "coordinates": [ [ -2.4552017, 53.4249697 ], [ -2.4556444, 53.4246535 ], [ -2.4561928, 53.4243168 ], [ -2.4563308, 53.4242125 ], [ -2.4563647, 53.424134599999988 ], [ -2.456313, 53.4240437 ], [ -2.456221, 53.4239682 ], [ -2.4560395, 53.423924899999989 ], [ -2.4560064, 53.4238745 ], [ -2.4559932, 53.4237848 ], [ -2.4558969, 53.42369870000001 ], [ -2.4557356, 53.4236213 ], [ -2.4556243, 53.4235562 ] ] } },
{ "type": "Feature", "properties": { "id": 64235, "nach": 0.27157146693516881 }, "geometry": { "type": "LineString", "coordinates": [ [ -2.4546043, 53.4248472 ], [ -2.4544513, 53.4245861 ], [ -2.4543768, 53.4244334 ], [ -2.4543708, 53.4243381 ], [ -2.4543956, 53.4243002 ], [ -2.4545119, 53.424238 ], [ -2.4546619, 53.4241877 ], [ -2.4548089, 53.4241143 ], [ -2.4549827, 53.4240474 ], [ -2.4551129, 53.4239758 ], [ -2.4552351, 53.4238977 ], [ -2.4553304, 53.4237858 ], [ -2.4556243, 53.4235562 ] ] } },
{ "type": "Feature", "properties": { "id": 45141, "nach": 0.34938269723001553 }, "geometry": { "type": "LineString", "coordinates": [ [ -2.4542213, 53.4191818 ], [ -2.4541246, 53.4190993 ], [ -2.4540279, 53.4190586 ], [ -2.4539217, 53.4190032 ], [ -2.4538781, 53.418932 ], [ -2.4538667, 53.418842700000013 ], [ -2.4540366, 53.4182809 ], [ -2.4540859, 53.4181211 ], [ -2.454072, 53.4180624 ], [ -2.4540258, 53.4180109 ], [ -2.4539596, 53.4179705 ] ] } },
{ "type": "Feature", "properties": { "id": 64210, "nach": 0.36743201540068549 }, "geometry": { "type": "LineString", "coordinates": [ [ -2.4424363, 53.4325776 ], [ -2.4426517, 53.4325232 ], [ -2.4433049, 53.4323658 ], [ -2.4437691, 53.4322697 ] ] } },
{ "type": "Feature", "properties": { "id": 126316, "nach": 0.40958455423431539 }, "geometry": { "type": "LineString", "coordinates": [ [ -2.4414582, 53.432091199999988 ], [ -2.4415037, 53.432073 ] ] } },
{ "type": "Feature", "properties": { "id": 51480, "nach": 0.50512349115627253 }, "geometry": { "type": "LineString", "coordinates": [ [ -2.436466463743595, 53.4272109856852 ], [ -2.4364474, 53.4272053 ] ] } },
{ "type": "Feature", "properties": { "id": 51479, "nach": 0.48639761043032875 }, "geometry": { "type": "LineString", "coordinates": [ [ -2.43627362791919, 53.42748641677489 ], [ -2.4362564, 53.4274814 ] ] } },
{ "type": "Feature", "properties": { "id": 118591, "nach": 0.4566024462505433 }, "geometry": { "type": "LineString", "coordinates": [ [ -2.4356591, 53.4280824 ], [ -2.4356731, 53.4280656 ], [ -2.435834, 53.4277979 ], [ -2.4359212, 53.4276816 ], [ -2.4359252, 53.4276549 ], [ -2.4359024, 53.4276325 ], [ -2.4358267, 53.427609699999984 ], [ -2.4356959, 53.4275777 ] ] } },
{ "type": "Feature", "properties": { "id": 118592, "nach": 0.46121356345768827 }, "geometry": { "type": "LineString", "coordinates": [ [ -2.4356591, 53.4280824 ], [ -2.4356362, 53.42810990000001 ], [ -2.435602, 53.4281187 ], [ -2.4355866, 53.4281187 ], [ -2.43536, 53.4280608 ] ] } },
{ "type": "Feature", "properties": { "id": 118595, "nach": 0.58119256794424135 }, "geometry": { "type": "LineString", "coordinates": [ [ -2.4358201, 53.4281237 ], [ -2.4359836, 53.4279022 ], [ -2.4360003, 53.4278942 ], [ -2.4360225, 53.4278926 ] ] } },
{ "type": "Feature", "properties": { "id": 51933, "nach": 0.40077994049720467 }, "geometry": { "type": "LineString", "coordinates": [ [ -2.4384822, 53.42192630000001 ], [ -2.4388325, 53.4221322 ], [ -2.4395656, 53.422128 ], [ -2.4398015, 53.422263 ] ] } },
{ "type": "Feature", "properties": { "id": 55824, "nach": 0.44474552131752565 }, "geometry": { "type": "LineString", "coordinates": [ [ -2.439941, 53.4223721 ], [ -2.4398015, 53.422263 ] ] } },
{ "type": "Feature", "properties": { "id": 55829, "nach": 0.49279731201551447 }, "geometry": { "type": "LineString", "coordinates": [ [ -2.4396661, 53.4224185 ], [ -2.4397295, 53.4223899 ], [ -2.439941, 53.4223721 ] ] } },
{ "type": "Feature", "properties": { "id": 119025, "nach": 0.50152393695213338 }, "geometry": { "type": "LineString", "coordinates": [ [ -2.4378692, 53.4251237 ], [ -2.4379174, 53.4251089 ], [ -2.4379604, 53.4250817 ], [ -2.4380039, 53.425029 ], [ -2.4381107, 53.4249005 ] ] } },
{ "type": "Feature", "properties": { "id": 119044, "nach": 0.53186046615225591 }, "geometry": { "type": "LineString", "coordinates": [ [ -2.4382477, 53.4249369 ], [ -2.4383399, 53.4248408 ], [ -2.4383654, 53.4248312 ], [ -2.4383922, 53.424834 ], [ -2.4387997, 53.4249624 ] ] } },
{ "type": "Feature", "properties": { "id": 126690, "nach": 0.56047240866135495 }, "geometry": { "type": "LineString", "coordinates": [ [ -2.4380511, 53.4252358 ], [ -2.4380395, 53.4252312 ], [ -2.4380234, 53.4252152 ], [ -2.4380234, 53.4251948 ], [ -2.4382477, 53.4249369 ] ] } },
{ "type": "Feature", "properties": { "id": 126683, "nach": 0.60915867571800675 }, "geometry": { "type": "LineString", "coordinates": [ [ -2.4368217, 53.4267148 ], [ -2.4371168, 53.426310800000017 ], [ -2.4371498, 53.426269900000015 ] ] } },
{ "type": "Feature", "properties": { "id": 126673, "nach": 0.58645896342685422 }, "geometry": { "type": "LineString", "coordinates": [ [ -2.4375144, 53.4264261 ], [ -2.4373468, 53.4262588 ], [ -2.437326, 53.4262437 ], [ -2.4372958, 53.426231299999984 ], [ -2.437267, 53.4262213 ], [ -2.4372375, 53.4262185 ], [ -2.4372087, 53.4262221 ], [ -2.4371785, 53.4262345 ], [ -2.4371498, 53.426269900000015 ] ] } },
{ "type": "Feature", "properties": { "id": 118878, "nach": 0.43385546675353059 }, "geometry": { "type": "LineString", "coordinates": [ [ -2.4357247, 53.4274795 ], [ -2.4358863, 53.4275322 ], [ -2.4359561, 53.4275422 ], [ -2.4360298, 53.4275398 ], [ -2.436058, 53.4275298 ], [ -2.4361009, 53.427497 ], [ -2.4364154, 53.42706230000001 ], [ -2.4364939, 53.4269509 ], [ -2.4365415, 53.426881299999984 ], [ -2.4370177, 53.4262326 ] ] } },
{ "type": "Feature", "properties": { "id": 118668, "nach": 0.42149651744197608 }, "geometry": { "type": "LineString", "coordinates": [ [ -2.4429396, 53.428345 ], [ -2.442554, 53.4284443 ], [ -2.4424926, 53.42845770000001 ], [ -2.4424479, 53.428478700000014 ], [ -2.4424386, 53.428505300000012 ], [ -2.4424963, 53.4285586 ], [ -2.4426638, 53.4286506 ] ] } },
{ "type": "Feature", "properties": { "id": 118897, "nach": 0.51025509162472249 }, "geometry": { "type": "LineString", "coordinates": [ [ -2.4422506, 53.4275874 ], [ -2.4422619, 53.4275965 ], [ -2.442622, 53.4279905 ], [ -2.4429312, 53.4283353 ], [ -2.4429396, 53.428345 ] ] } },
{ "type": "Feature", "properties": { "id": 55828, "nach": 0.41786399187548701 }, "geometry": { "type": "LineString", "coordinates": [ [ -2.4396661, 53.4224185 ], [ -2.439591, 53.4224525 ], [ -2.4395577, 53.4224617 ], [ -2.4395244, 53.4224617 ], [ -2.4392885, 53.4223242 ] ] } },
{ "type": "Feature", "properties": { "id": 55830, "nach": 0.42105711702050602 }, "geometry": { "type": "LineString", "coordinates": [ [ -2.4394603, 53.4222921 ], [ -2.4396661, 53.4224185 ] ] } },
{ "type": "Feature", "properties": { "id": 83545, "nach": 0.39364801395157789 }, "geometry": { "type": "LineString", "coordinates": [ [ -2.4525418, 53.4203844 ], [ -2.45243230000001, 53.4203837 ], [ -2.4523274, 53.4203916 ], [ -2.4523149, 53.4203986 ], [ -2.452308, 53.4204072 ], [ -2.4523074, 53.4204183 ], [ -2.4523142, 53.4205378 ], [ -2.4523224, 53.4205475 ], [ -2.452338, 53.4205538 ], [ -2.452358, 53.4205568 ], [ -2.4524024, 53.4205586 ], [ -2.4524941, 53.4205602 ] ] } },
{ "type": "Feature", "properties": { "id": 56176, "nach": 0.37729075543515911 }, "geometry": { "type": "LineString", "coordinates": [ [ -2.4543498, 53.4200259 ], [ -2.454388, 53.4199194 ], [ -2.4535485, 53.4198049 ], [ -2.4533918, 53.4197859 ] ] } },
{ "type": "Feature", "properties": { "id": 56175, "nach": 0.33038991930591133 }, "geometry": { "type": "LineString", "coordinates": [ [ -2.4543498, 53.4200259 ], [ -2.454774, 53.4200819 ] ] } },
{ "type": "Feature", "properties": { "id": 64231, "nach": 0.39105410161585596 }, "geometry": { "type": "LineString", "coordinates": [ [ -2.4547263, 53.4251728 ], [ -2.4547023, 53.4250693 ], [ -2.4547144, 53.4250476 ] ] } },
{ "type": "Feature", "properties": { "id": 64229, "nach": 0.36747372942358547 }, "geometry": { "type": "LineString", "coordinates": [ [ -2.4547263, 53.4251728 ], [ -2.4548548, 53.42509 ] ] } },
{ "type": "Feature", "properties": { "id": 58985, "nach": 0.53974547103219528 }, "geometry": { "type": "LineString", "coordinates": [ [ -2.4315105, 53.4276395 ], [ -2.4328341, 53.4277872 ] ] } },
{ "type": "Feature", "properties": { "id": 58982, "nach": 0.52255221637505322 }, "geometry": { "type": "LineString", "coordinates": [ [ -2.4328341, 53.4277872 ], [ -2.4327845, 53.4279273 ] ] } },
{ "type": "Feature", "properties": { "id": 118832, "nach": 0.36771416609113755 }, "geometry": { "type": "LineString", "coordinates": [ [ -2.4455002, 53.42633510000001 ], [ -2.4454862, 53.4263323 ], [ -2.4454015, 53.4262928 ], [ -2.4445575, 53.4259042 ] ] } },
{ "type": "Feature", "properties": { "id": 118834, "nach": 0.3209867406106427 }, "geometry": { "type": "LineString", "coordinates": [ [ -2.4455002, 53.42633510000001 ], [ -2.4455255, 53.4263032 ], [ -2.4456821, 53.4260663 ], [ -2.4456985, 53.4260415 ] ] } },
{ "type": "Feature", "properties": { "id": 118838, "nach": 0.0 }, "geometry": { "type": "LineString", "coordinates": [ [ -2.4437028, 53.4255174 ], [ -2.4433777, 53.425752600000017 ], [ -2.4433617, 53.4257718 ], [ -2.443359, 53.4257906 ], [ -2.4433677, 53.4258121 ], [ -2.4433831, 53.4258281 ], [ -2.4448147, 53.4265293 ], [ -2.445199, 53.4267159 ], [ -2.4452291, 53.4267207 ], [ -2.445262, 53.4267187 ], [ -2.4452908, 53.4267071 ], [ -2.4454799, 53.4263627 ], [ -2.4455002, 53.42633510000001 ] ] } },
{ "type": "Feature", "properties": { "id": 118840, "nach": 0.51264398709874304 }, "geometry": { "type": "LineString", "coordinates": [ [ -2.4448562, 53.42569060000001 ], [ -2.4447541, 53.4257668 ], [ -2.4445575, 53.4259042 ] ] } },
{ "type": "Feature", "properties": { "id": 118836, "nach": 0.51452729352454629 }, "geometry": { "type": "LineString", "coordinates": [ [ -2.4437028, 53.4255174 ], [ -2.443731, 53.4255314 ], [ -2.4441175, 53.4257025 ], [ -2.4445575, 53.4259042 ] ] } },
{ "type": "Feature", "properties": { "id": 118841, "nach": 0.50257489400734334 }, "geometry": { "type": "LineString", "coordinates": [ [ -2.4448562, 53.42569060000001 ], [ -2.4449006, 53.4257091 ], [ -2.4449703, 53.4257402 ], [ -2.4450897, 53.4257954 ], [ -2.4453002, 53.4258817 ], [ -2.4456449, 53.4260127 ], [ -2.4456891, 53.42603110000001 ], [ -2.4456962, 53.4260379 ], [ -2.4456985, 53.4260415 ] ] } },
{ "type": "Feature", "properties": { "id": 118988, "nach": 0.45500832222997667 }, "geometry": { "type": "LineString", "coordinates": [ [ -2.4440492, 53.4252739 ], [ -2.4440557, 53.4252715 ], [ -2.4440812, 53.4252687 ], [ -2.444106, 53.42527230000001 ], [ -2.4441321, 53.4252819 ], [ -2.4445787, 53.4255404 ], [ -2.4447852, 53.4256519 ], [ -2.4448449, 53.4256859 ], [ -2.4448562, 53.42569060000001 ] ] } },
{ "type": "Feature", "properties": { "id": 118989, "nach": 0.36505106102611812 }, "geometry": { "type": "LineString", "coordinates": [ [ -2.4440492, 53.4252739 ], [ -2.4440295, 53.4252811 ], [ -2.4437028, 53.4255174 ] ] } },
{ "type": "Feature", "properties": { "id": 118994, "nach": 0.42685869461563924 }, "geometry": { "type": "LineString", "coordinates": [ [ -2.4437039, 53.4254009 ], [ -2.4437662, 53.4254181 ] ] } },
{ "type": "Feature", "properties": { "id": 83134, "nach": 0.42034462532134087 }, "geometry": { "type": "LineString", "coordinates": [ [ -2.4326968, 53.4276602 ], [ -2.4313729, 53.4275222 ], [ -2.4311618, 53.427501100000015 ] ] } },
{ "type": "Feature", "properties": { "id": 58989, "nach": 0.47263086774594876 }, "geometry": { "type": "LineString", "coordinates": [ [ -2.4327845, 53.4279273 ], [ -2.432742, 53.42806070000001 ] ] } },
{ "type": "Feature", "properties": { "id": 58990, "nach": 0.43002690171433788 }, "geometry": { "type": "LineString", "coordinates": [ [ -2.4327845, 53.4279273 ], [ -2.4314701, 53.4277759 ] ] } },
{ "type": "Feature", "properties": { "id": 58993, "nach": 0.44285413479189856 }, "geometry": { "type": "LineString", "coordinates": [ [ -2.4330781, 53.4279623 ], [ -2.4327845, 53.4279273 ] ] } },
{ "type": "Feature", "properties": { "id": 58988, "nach": 0.40599740903251885 }, "geometry": { "type": "LineString", "coordinates": [ [ -2.432742, 53.42806070000001 ], [ -2.4327005, 53.4281959 ], [ -2.4317912, 53.428096200000013 ], [ -2.4318359, 53.427963200000015 ] ] } },
{ "type": "Feature", "properties": { "id": 126693, "nach": 0.40930759162874575 }, "geometry": { "type": "LineString", "coordinates": [ [ -2.4422746, 53.421128900000014 ], [ -2.4421647, 53.421188100000016 ] ] } },
{ "type": "Feature", "properties": { "id": 59277, "nach": 0.39000645248009702 }, "geometry": { "type": "LineString", "coordinates": [ [ -2.4417695, 53.4209698 ], [ -2.4418722, 53.4210261 ] ] } },
{ "type": "Feature", "properties": { "id": 126697, "nach": 0.22835845456534007 }, "geometry": { "type": "LineString", "coordinates": [ [ -2.4419997, 53.4210967 ], [ -2.4418722, 53.4210261 ] ] } },
{ "type": "Feature", "properties": { "id": 126702, "nach": 0.41237710981115111 }, "geometry": { "type": "LineString", "coordinates": [ [ -2.4424911, 53.4207048 ], [ -2.4422698, 53.4208007 ], [ -2.4418722, 53.4210261 ] ] } },
{ "type": "Feature", "properties": { "id": 59278, "nach": 0.34056422718628981 }, "geometry": { "type": "LineString", "coordinates": [ [ -2.4417695, 53.4209698 ], [ -2.4416988, 53.4209312 ], [ -2.4414804, 53.4208059 ], [ -2.4413314, 53.420702500000012 ] ] } },
{ "type": "Feature", "properties": { "id": 83221, "nach": 0.20455256313471146 }, "geometry": { "type": "LineString", "coordinates": [ [ -2.4407996, 53.4203129 ], [ -2.4408899, 53.4204092 ], [ -2.4408899, 53.4204873 ], [ -2.4408187, 53.420563900000012 ], [ -2.4406062, 53.4206458 ], [ -2.4401151, 53.4208596 ], [ -2.4399166, 53.4208694 ], [ -2.439657, 53.420973300000014 ], [ -2.4395413, 53.4210309 ], [ -2.4394878, 53.4210363 ], [ -2.4392246, 53.4208433 ], [ -2.4388235, 53.4209892 ], [ -2.4388621, 53.4210352 ], [ -2.4393268, 53.4213535 ], [ -2.4394329, 53.421403 ], [ -2.4397974, 53.4212513 ], [ -2.4399729, 53.4211938 ], [ -2.4402193, 53.421348 ], [ -2.44065, 53.4215533 ], [ -2.4407562, 53.4215849 ], [ -2.440964, 53.4215999 ], [ -2.4411339, 53.4215453 ], [ -2.4413552, 53.421404 ], [ -2.4414292, 53.4212274 ], [ -2.441591, 53.4210752 ], [ -2.4417695, 53.4209698 ] ] } },
{ "type": "Feature", "properties": { "id": 126698, "nach": 0.34425332500915912 }, "geometry": { "type": "LineString", "coordinates": [ [ -2.4419997, 53.4210967 ], [ -2.4421554, 53.421182900000012 ] ] } },
{ "type": "Feature", "properties": { "id": 126704, "nach": 0.38866375856048224 }, "geometry": { "type": "LineString", "coordinates": [ [ -2.441827, 53.4212169 ], [ -2.4419997, 53.4210967 ] ] } },
{ "type": "Feature", "properties": { "id": 126703, "nach": 0.43137999212304584 }, "geometry": { "type": "LineString", "coordinates": [ [ -2.4424911, 53.4207048 ], [ -2.4424321, 53.42081790000001 ], [ -2.4422737, 53.4209241 ], [ -2.4419997, 53.4210967 ] ] } },
{ "type": "Feature", "properties": { "id": 126701, "nach": 0.47698403114838311 }, "geometry": { "type": "LineString", "coordinates": [ [ -2.4424911, 53.4207048 ], [ -2.4427303, 53.4206012 ] ] } },
{ "type": "Feature", "properties": { "id": 118673, "nach": 0.47816634540681363 }, "geometry": { "type": "LineString", "coordinates": [ [ -2.4465198, 53.42765820000001 ], [ -2.4465172, 53.4276633 ], [ -2.4464607, 53.427748300000012 ] ] } },
{ "type": "Feature", "properties": { "id": 118737, "nach": 0.51281135706866754 }, "geometry": { "type": "LineString", "coordinates": [ [ -2.4458501, 53.4260858 ], [ -2.4458876, 53.4260874 ], [ -2.4459279, 53.426096200000011 ], [ -2.4467754, 53.42629479999998 ], [ -2.4468351, 53.4263775 ], [ -2.4461304, 53.4274151 ], [ -2.446121, 53.4274483 ], [ -2.4461183, 53.4274831 ], [ -2.446127, 53.4275122 ], [ -2.4461538, 53.4275462 ], [ -2.4461874, 53.427569799999986 ], [ -2.4462584, 53.4275945 ], [ -2.446473, 53.4276469 ], [ -2.4465198, 53.42765820000001 ] ] } },
{ "type": "Feature", "properties": { "id": 118678, "nach": 0.50461925149638198 }, "geometry": { "type": "LineString", "coordinates": [ [ -2.4466525, 53.4276887 ], [ -2.4465444, 53.4276642 ], [ -2.4465198, 53.42765820000001 ] ] } },
{ "type": "Feature", "properties": { "id": 119096, "nach": 0.39881505130475736 }, "geometry": { "type": "LineString", "coordinates": [ [ -2.4336169, 53.4236858 ], [ -2.4338766, 53.423519699999986 ], [ -2.4337832, 53.4233872 ], [ -2.4336068, 53.4234413 ] ] } },
{ "type": "Feature", "properties": { "id": 119122, "nach": 0.43205834687744071 }, "geometry": { "type": "LineString", "coordinates": [ [ -2.4345582, 53.4234552 ], [ -2.4345506, 53.4234639 ], [ -2.4344842, 53.4234962 ], [ -2.4344252, 53.4235166 ], [ -2.4340075, 53.423746800000011 ], [ -2.4339505, 53.4238011 ], [ -2.433925, 53.42382150000001 ], [ -2.4339022, 53.4238267 ], [ -2.4338787, 53.4238251 ], [ -2.4338378, 53.4238007 ], [ -2.4337506, 53.4237484 ], [ -2.4336863, 53.4237148 ], [ -2.433642, 53.4236932 ], [ -2.4336169, 53.4236858 ] ] } },
{ "type": "Feature", "properties": { "id": 119007, "nach": 0.44368837292424856 }, "geometry": { "type": "LineString", "coordinates": [ [ -2.4387997, 53.4249624 ], [ -2.4386642, 53.4251027 ], [ -2.4385216, 53.4250483 ] ] } },
{ "type": "Feature", "properties": { "id": 63604, "nach": 0.38604809012279689 }, "geometry": { "type": "LineString", "coordinates": [ [ -2.4478108, 53.4247228 ], [ -2.4481256, 53.424643799999984 ], [ -2.4484881, 53.424509199999989 ], [ -2.4491692, 53.4242835 ] ] } },
{ "type": "Feature", "properties": { "id": 63609, "nach": 0.45821435849850467 }, "geometry": { "type": "LineString", "coordinates": [ [ -2.4470234, 53.4249046 ], [ -2.4470835, 53.42490440000001 ], [ -2.4475923, 53.4247775 ], [ -2.4478108, 53.4247228 ] ] } },
{ "type": "Feature", "properties": { "id": 63606, "nach": 0.3596926390267487 }, "geometry": { "type": "LineString", "coordinates": [ [ -2.4486182, 53.4231743 ], [ -2.4482282, 53.423269199999986 ], [ -2.4481273, 53.42368 ], [ -2.447942, 53.4239784 ], [ -2.4480165, 53.4242089 ], [ -2.4477826, 53.42444720000001 ], [ -2.4478108, 53.4247228 ] ] } },
{ "type": "Feature", "properties": { "id": 63610, "nach": 0.38411986109776952 }, "geometry": { "type": "LineString", "coordinates": [ [ -2.4470234, 53.4249046 ], [ -2.4470056, 53.424960500000012 ], [ -2.4470348, 53.425009 ], [ -2.4470708, 53.4250612 ], [ -2.4471974, 53.42513490000001 ], [ -2.4473146, 53.4252124 ], [ -2.4473339, 53.4252628 ], [ -2.4473567, 53.4253403 ], [ -2.44749, 53.4254157 ], [ -2.447773, 53.4255591 ], [ -2.4480104, 53.4255727 ], [ -2.448527, 53.4255863 ], [ -2.4488359, 53.4257723 ] ] } },
{ "type": "Feature", "properties": { "id": 64217, "nach": 0.37658132197776301 }, "geometry": { "type": "LineString", "coordinates": [ [ -2.4550398, 53.4249766 ], [ -2.4552017, 53.4249697 ] ] } },
{ "type": "Feature", "properties": { "id": 64237, "nach": 0.32848342220717736 }, "geometry": { "type": "LineString", "coordinates": [ [ -2.4546043, 53.4248472 ], [ -2.45464, 53.4249244 ], [ -2.4546783, 53.4249833 ] ] } },
{ "type": "Feature", "properties": { "id": 64236, "nach": 0.23466524616910422 }, "geometry": { "type": "LineString", "coordinates": [ [ -2.4546043, 53.4248472 ], [ -2.4546947, 53.4248827 ], [ -2.4547941, 53.424884200000015 ] ] } },
{ "type": "Feature", "properties": { "id": 64228, "nach": 0.35386804760638152 }, "geometry": { "type": "LineString", "coordinates": [ [ -2.4548548, 53.42509 ], [ -2.4548648, 53.4250908 ], [ -2.4549214, 53.4250843 ], [ -2.4549717, 53.4250675 ], [ -2.4550105, 53.4250421 ], [ -2.455034, 53.4250108 ], [ -2.4550398, 53.4249766 ] ] } },
{ "type": "Feature", "properties": { "id": 64232, "nach": 0.30842323943881134 }, "geometry": { "type": "LineString", "coordinates": [ [ -2.4547941, 53.424884200000015 ], [ -2.4548203, 53.4248778 ], [ -2.4548825, 53.4248762 ], [ -2.4549418, 53.4248872 ], [ -2.4549914, 53.4249095 ], [ -2.4550254, 53.4249406 ], [ -2.4550398, 53.4249766 ] ] } },
{ "type": "Feature", "properties": { "id": 64227, "nach": 0.23813148841594076 }, "geometry": { "type": "LineString", "coordinates": [ [ -2.4548548, 53.42509 ], [ -2.4548077, 53.4250864 ], [ -2.4547558, 53.4250715 ], [ -2.4547144, 53.4250476 ] ] } },
{ "type": "Feature", "properties": { "id": 64233, "nach": 0.2976037111273665 }, "geometry": { "type": "LineString", "coordinates": [ [ -2.4547941, 53.424884200000015 ], [ -2.4547628, 53.4248919 ], [ -2.4547167, 53.4249167 ], [ -2.4546874, 53.4249494 ], [ -2.4546783, 53.4249833 ] ] } },
{ "type": "Feature", "properties": { "id": 64224, "nach": 0.37592883395390325 }, "geometry": { "type": "LineString", "coordinates": [ [ -2.4546783, 53.4249833 ], [ -2.4546876, 53.425017200000013 ], [ -2.4547144, 53.4250476 ] ] } },
{ "type": "Feature", "properties": { "id": 118997, "nach": 0.072215990668388325 }, "geometry": { "type": "LineString", "coordinates": [ [ -2.4437039, 53.4254009 ], [ -2.4437211, 53.425387 ], [ -2.4438451, 53.425297500000013 ], [ -2.4438947, 53.4252556 ], [ -2.4439219, 53.4252286 ], [ -2.4439273, 53.4252148 ], [ -2.4439278, 53.4252075 ] ] } },
{ "type": "Feature", "properties": { "id": 118394, "nach": 0.46500941646832633 }, "geometry": { "type": "LineString", "coordinates": [ [ -2.4383489, 53.4307134 ], [ -2.4383987, 53.4306813 ] ] } },
{ "type": "Feature", "properties": { "id": 118393, "nach": 0.43160214050572071 }, "geometry": { "type": "LineString", "coordinates": [ [ -2.4383489, 53.4307134 ], [ -2.4381168, 53.4308705 ] ] } },
{ "type": "Feature", "properties": { "id": 118395, "nach": 0.36699657320709728 }, "geometry": { "type": "LineString", "coordinates": [ [ -2.4383489, 53.4307134 ], [ -2.4383909, 53.430734 ], [ -2.4386825, 53.430887 ], [ -2.4388334, 53.4309617 ], [ -2.4391365, 53.4311215 ], [ -2.4391792, 53.4311426 ] ] } },
{ "type": "Feature", "properties": { "id": 118401, "nach": 0.0 }, "geometry": { "type": "LineString", "coordinates": [ [ -2.4377511, 53.4320947 ], [ -2.4377169, 53.4320919 ], [ -2.437672, 53.4320859 ], [ -2.4376237, 53.4320667 ], [ -2.4372026, 53.4318326 ], [ -2.4371772, 53.4318063 ], [ -2.4371678, 53.4317811 ], [ -2.4371725, 53.4317483 ], [ -2.4371886, 53.4317096 ], [ -2.4372187, 53.4316601 ], [ -2.4372705, 53.4316014 ], [ -2.4373274, 53.431537 ], [ -2.4373448, 53.4314987 ], [ -2.4373461, 53.43147110000001 ], [ -2.4373394, 53.43144310000001 ], [ -2.4373213, 53.4314144 ], [ -2.4372831, 53.4313832 ], [ -2.4367131, 53.4310644 ], [ -2.4366722, 53.431033600000013 ], [ -2.4366514, 53.4310053 ], [ -2.4366407, 53.4309773 ], [ -2.4366387, 53.4309485 ], [ -2.4366367, 53.4307356 ], [ -2.4366427, 53.430698 ], [ -2.4366541, 53.4306741 ], [ -2.4366789, 53.430651699999984 ], [ -2.4373388, 53.4302118 ], [ -2.4373533, 53.4302058 ], [ -2.4373706, 53.4302032 ], [ -2.4373901, 53.430205 ], [ -2.4374068, 53.4302112 ], [ -2.438307, 53.4306929 ], [ -2.4383489, 53.4307134 ] ] } },
{ "type": "Feature", "properties": { "id": 73077, "nach": 0.44063335908501877 }, "geometry": { "type": "LineString", "coordinates": [ [ -2.4394429, 53.4244324 ], [ -2.4395171, 53.4243635 ] ] } },
{ "type": "Feature", "properties": { "id": 73078, "nach": 0.4404784246418102 }, "geometry": { "type": "LineString", "coordinates": [ [ -2.4396556, 53.4244006 ], [ -2.4395171, 53.4243635 ] ] } },
{ "type": "Feature", "properties": { "id": 118524, "nach": 0.45156039429815364 }, "geometry": { "type": "LineString", "coordinates": [ [ -2.4344137, 53.4290058 ], [ -2.4343309, 53.4291041 ], [ -2.4342741, 53.4291887 ] ] } },
{ "type": "Feature", "properties": { "id": 126840, "nach": 0.62526257972033705 }, "geometry": { "type": "LineString", "coordinates": [ [ -2.4347857, 53.4291275 ], [ -2.434743, 53.429106 ], [ -2.4344447, 53.4290137 ], [ -2.4344137, 53.4290058 ] ] } },
{ "type": "Feature", "properties": { "id": 119031, "nach": 0.562648750485505 }, "geometry": { "type": "LineString", "coordinates": [ [ -2.4363748, 53.4244552 ], [ -2.4362686, 53.4244079 ], [ -2.4361727, 53.4243537 ], [ -2.4356876, 53.4240211 ], [ -2.4356142, 53.4239714 ] ] } },
{ "type": "Feature", "properties": { "id": 119064, "nach": 0.34667332908654425 }, "geometry": { "type": "LineString", "coordinates": [ [ -2.4354091, 53.42403070000001 ], [ -2.4354299, 53.424023500000011 ], [ -2.4356142, 53.4239714 ] ] } },
{ "type": "Feature", "properties": { "id": 119128, "nach": 0.0 }, "geometry": { "type": "LineString", "coordinates": [ [ -2.4351883, 53.4241 ], [ -2.4351937, 53.42408120000001 ], [ -2.4353921, 53.4240141 ], [ -2.4354091, 53.42403070000001 ] ] } },
{ "type": "Feature", "properties": { "id": 75893, "nach": 0.0 }, "geometry": { "type": "LineString", "coordinates": [ [ -2.4356215, 53.4276137 ], [ -2.4352441, 53.4276715 ], [ -2.435197, 53.4277054 ], [ -2.4352275, 53.4277385 ], [ -2.4354495, 53.4277823 ], [ -2.4355188, 53.4277683 ], [ -2.4356215, 53.4276137 ] ] } },
{ "type": "Feature", "properties": { "id": 118358, "nach": 0.45645419469496279 }, "geometry": { "type": "LineString", "coordinates": [ [ -2.4367132, 53.4280992 ], [ -2.4366511, 53.4281935 ], [ -2.4365064, 53.4283742 ] ] } },
{ "type": "Feature", "properties": { "id": 118370, "nach": 0.480323519139778 }, "geometry": { "type": "LineString", "coordinates": [ [ -2.4377595, 53.4283998 ], [ -2.4369304, 53.4281595 ], [ -2.4367621, 53.4281135 ], [ -2.4367132, 53.4280992 ] ] } },
{ "type": "Feature", "properties": { "id": 118371, "nach": 0.50700077200386418 }, "geometry": { "type": "LineString", "coordinates": [ [ -2.4360225, 53.4278926 ], [ -2.436064, 53.4279006 ], [ -2.436683, 53.4280904 ], [ -2.4367132, 53.4280992 ] ] } },
{ "type": "Feature", "properties": { "id": 118981, "nach": 0.42134117091146395 }, "geometry": { "type": "LineString", "coordinates": [ [ -2.4425414, 53.4271161 ], [ -2.4422771, 53.42681540000001 ], [ -2.442236, 53.4267831 ] ] } },
{ "type": "Feature", "properties": { "id": 118983, "nach": 0.53979346998613364 }, "geometry": { "type": "LineString", "coordinates": [ [ -2.4425414, 53.4271161 ], [ -2.4422418, 53.42722220000001 ], [ -2.442207, 53.4272305 ], [ -2.4421801, 53.4272345 ], [ -2.4421366, 53.4272329 ], [ -2.4421137, 53.4272299 ] ] } },
{ "type": "Feature", "properties": { "id": 118982, "nach": 0.0 }, "geometry": { "type": "LineString", "coordinates": [ [ -2.4425414, 53.4271161 ], [ -2.4430814, 53.4269249 ], [ -2.4431129, 53.4269081 ], [ -2.443127, 53.4268949 ], [ -2.4431276, 53.4268769 ], [ -2.4431176, 53.426857 ], [ -2.4428225, 53.4265537 ], [ -2.4427521, 53.4264978 ], [ -2.4426039, 53.4263975 ], [ -2.4424779, 53.4263296 ], [ -2.4422365, 53.4262157 ], [ -2.4421607, 53.4261833 ], [ -2.4421185, 53.4261785 ], [ -2.4420715, 53.42618370000001 ], [ -2.442032, 53.426191300000013 ], [ -2.441991, 53.4261941 ], [ -2.4419461, 53.4261885 ], [ -2.4414787, 53.4259959 ], [ -2.4414647, 53.4259839 ], [ -2.44146, 53.4259672 ], [ -2.4414586, 53.4259396 ], [ -2.4414533, 53.4259136 ], [ -2.4414392, 53.4258885 ], [ -2.4414137, 53.4258745 ], [ -2.4413795, 53.4258629 ], [ -2.4408156, 53.4256279 ], [ -2.4407519, 53.425604400000012 ], [ -2.4406419, 53.4255872 ], [ -2.44054, 53.4255828 ], [ -2.4404541, 53.4255836 ], [ -2.4403898, 53.4255896 ], [ -2.4403167, 53.4256 ], [ -2.4402557, 53.425612 ], [ -2.4401403, 53.4256507 ], [ -2.4400686, 53.4256835 ], [ -2.4400035, 53.4257166 ], [ -2.4399311, 53.425767 ], [ -2.4397849, 53.4258877 ], [ -2.4397648, 53.42591560000001 ], [ -2.4397615, 53.425936 ], [ -2.4397635, 53.4259552 ], [ -2.4397721, 53.4259672 ] ] } },
{ "type": "Feature", "properties": { "id": 76539, "nach": 0.38830599619432588 }, "geometry": { "type": "LineString", "coordinates": [ [ -2.4407793, 53.4261098 ], [ -2.4412614, 53.4263256 ] ] } },
{ "type": "Feature", "properties": { "id": 118973, "nach": 0.43940815832606478 }, "geometry": { "type": "LineString", "coordinates": [ [ -2.4410444, 53.4265157 ], [ -2.4412614, 53.4263256 ] ] } },
{ "type": "Feature", "properties": { "id": 76556, "nach": 0.40664890359573913 }, "geometry": { "type": "LineString", "coordinates": [ [ -2.442236, 53.4267831 ], [ -2.4418356, 53.4265773 ], [ -2.4412614, 53.4263256 ] ] } },
{ "type": "Feature", "properties": { "id": 118868, "nach": 0.46265957560364246 }, "geometry": { "type": "LineString", "coordinates": [ [ -2.4405453, 53.426304700000017 ], [ -2.4407793, 53.4261098 ] ] } },
{ "type": "Feature", "properties": { "id": 76555, "nach": 0.4326274485178187 }, "geometry": { "type": "LineString", "coordinates": [ [ -2.4407456, 53.4259133 ], [ -2.440819, 53.4259479 ], [ -2.4408642, 53.4259821 ], [ -2.4408739, 53.4260138 ], [ -2.440869, 53.4260441 ], [ -2.4407793, 53.4261098 ] ] } },
{ "type": "Feature", "properties": { "id": 118974, "nach": 0.49369389073523839 }, "geometry": { "type": "LineString", "coordinates": [ [ -2.4410444, 53.4265157 ], [ -2.4405453, 53.426304700000017 ] ] } },
{ "type": "Feature", "properties": { "id": 118979, "nach": 0.46402407025746084 }, "geometry": { "type": "LineString", "coordinates": [ [ -2.4418502, 53.4269749 ], [ -2.4417483, 53.4268642 ], [ -2.4417034, 53.4268262 ], [ -2.4416705, 53.426795 ], [ -2.4416175, 53.4267655 ], [ -2.4414157, 53.4266728 ], [ -2.4410444, 53.4265157 ] ] } },
{ "type": "Feature", "properties": { "id": 118977, "nach": 0.38805672481244557 }, "geometry": { "type": "LineString", "coordinates": [ [ -2.4418502, 53.4269749 ], [ -2.4419809, 53.4269014 ], [ -2.4421805, 53.4268093 ], [ -2.442236, 53.4267831 ] ] } },
{ "type": "Feature", "properties": { "id": 118907, "nach": 0.52916885291140869 }, "geometry": { "type": "LineString", "coordinates": [ [ -2.4397721, 53.4259672 ], [ -2.4397755, 53.425972 ], [ -2.4397983, 53.4259887 ], [ -2.4405453, 53.426304700000017 ] ] } },
{ "type": "Feature", "properties": { "id": 118978, "nach": 0.5481164009688746 }, "geometry": { "type": "LineString", "coordinates": [ [ -2.4418502, 53.4269749 ], [ -2.4420668, 53.4272102 ], [ -2.442097, 53.4272277 ], [ -2.4421137, 53.4272299 ] ] } },
{ "type": "Feature", "properties": { "id": 118956, "nach": 0.0 }, "geometry": { "type": "LineString", "coordinates": [ [ -2.4412228, 53.4272467 ], [ -2.4401745, 53.4274898 ], [ -2.4401363, 53.4274926 ], [ -2.4401055, 53.4274811 ], [ -2.4400029, 53.4273264 ], [ -2.4399928, 53.4273148 ], [ -2.439966, 53.4273041 ], [ -2.4399211, 53.4272965 ], [ -2.4398875, 53.4272913 ], [ -2.4398681, 53.4272781 ], [ -2.43985, 53.4272505 ], [ -2.4398299, 53.4272094 ], [ -2.4398299, 53.4271938 ], [ -2.4398359, 53.427181 ], [ -2.4398573, 53.4271682 ], [ -2.441352, 53.4267982 ], [ -2.4414003, 53.4267918 ], [ -2.4414149, 53.426792299999988 ] ] } },
{ "type": "Feature", "properties": { "id": 118963, "nach": 0.39826003511185154 }, "geometry": { "type": "LineString", "coordinates": [ [ -2.4418113, 53.42710550000001 ], [ -2.4418006, 53.4271127 ], [ -2.4412228, 53.4272467 ] ] } },
{ "type": "Feature", "properties": { "id": 118947, "nach": 0.44605202648835451 }, "geometry": { "type": "LineString", "coordinates": [ [ -2.4376785, 53.4264466 ], [ -2.4381832, 53.4262778 ], [ -2.4382229, 53.426276 ], [ -2.4382686, 53.4262867 ], [ -2.4385299, 53.4264826 ] ] } },
{ "type": "Feature", "properties": { "id": 118951, "nach": 0.0 }, "geometry": { "type": "LineString", "coordinates": [ [ -2.4399133, 53.42614840000001 ], [ -2.4399083, 53.4261598 ], [ -2.4398966, 53.4261687 ], [ -2.4389796, 53.42660450000001 ], [ -2.4389568, 53.42662 ], [ -2.4389454, 53.4266376 ], [ -2.4389414, 53.4266568 ], [ -2.4389528, 53.4266816 ], [ -2.4389769, 53.4267031 ], [ -2.4393303, 53.4269281 ], [ -2.4396629, 53.4271466 ], [ -2.4396937, 53.4271706 ], [ -2.4397132, 53.4271986 ], [ -2.439738, 53.427238100000011 ], [ -2.4397507, 53.4272725 ], [ -2.4397507, 53.4273029 ], [ -2.4397407, 53.4273272 ], [ -2.4397226, 53.4273528 ], [ -2.4397038, 53.4273644 ], [ -2.4396481, 53.4273756 ], [ -2.4388844, 53.427567 ], [ -2.4388482, 53.427571 ], [ -2.438818, 53.4275682 ], [ -2.4387918, 53.427561 ], [ -2.438767, 53.4275466 ], [ -2.4384432, 53.4272285 ], [ -2.4376921, 53.4264626 ], [ -2.4376785, 53.4264466 ] ] } },
{ "type": "Feature", "properties": { "id": 118722, "nach": 0.46687833031796216 }, "geometry": { "type": "LineString", "coordinates": [ [ -2.4464952, 53.4291218 ], [ -2.4465004, 53.4291055 ], [ -2.4465464, 53.4289728 ], [ -2.4465594, 53.4289366 ], [ -2.4462277, 53.428895700000012 ], [ -2.446788, 53.4282114 ], [ -2.4468311, 53.4281989 ], [ -2.4469281, 53.4279891 ], [ -2.4465073, 53.427889 ], [ -2.4466525, 53.4276887 ] ] } },
{ "type": "Feature", "properties": { "id": 118730, "nach": 0.44556747866522517 }, "geometry": { "type": "LineString", "coordinates": [ [ -2.4443735, 53.4289633 ], [ -2.4444024, 53.4289781 ], [ -2.4444922, 53.428985300000015 ], [ -2.4462926, 53.4291863 ], [ -2.4463376, 53.4291791 ], [ -2.4463771, 53.429161100000016 ], [ -2.4464335, 53.4291379 ], [ -2.4464449, 53.4291159 ], [ -2.4464952, 53.4291218 ] ] } },
{ "type": "Feature", "properties": { "id": 118739, "nach": 0.44595289337204269 }, "geometry": { "type": "LineString", "coordinates": [ [ -2.4473038, 53.4292794 ], [ -2.4472562, 53.4292841 ], [ -2.4471825, 53.42927980000001 ], [ -2.4469156, 53.429251 ], [ -2.4467265, 53.4292294 ], [ -2.4466702, 53.429223 ], [ -2.4466138, 53.4291903 ], [ -2.446589, 53.4291623 ], [ -2.4465709, 53.4291311 ], [ -2.446524, 53.4291251 ], [ -2.4464952, 53.4291218 ] ] } },
{ "type": "Feature", "properties": { "id": 118738, "nach": 0.0 }, "geometry": { "type": "LineString", "coordinates": [ [ -2.4473038, 53.4292794 ], [ -2.4473521, 53.4292686 ], [ -2.447385, 53.4292418 ], [ -2.4474332, 53.429164300000018 ], [ -2.447503, 53.4290596 ], [ -2.447613, 53.4288898 ], [ -2.4477437, 53.4287088 ], [ -2.4478208, 53.4286077 ], [ -2.4478745, 53.42857140000001 ], [ -2.4479207, 53.428550199999982 ], [ -2.4479818, 53.4285334 ], [ -2.4480441, 53.4285211 ], [ -2.4481112, 53.4285191 ], [ -2.4481695, 53.4285254 ], [ -2.44826, 53.4285426 ], [ -2.4492162, 53.4287847 ], [ -2.4493269, 53.42880670000001 ], [ -2.449406, 53.4288143 ], [ -2.4494697, 53.4288127 ], [ -2.4495468, 53.4288059 ], [ -2.4497627, 53.4287847 ], [ -2.4498037, 53.4287756 ], [ -2.4498298, 53.4287564 ], [ -2.4498526, 53.428731199999987 ], [ -2.4498479, 53.4287008 ], [ -2.4498137, 53.4285474 ], [ -2.449799, 53.4285179 ], [ -2.4497634, 53.428482299999985 ], [ -2.4497279, 53.42845710000001 ], [ -2.4496407, 53.4284192 ], [ -2.4495281, 53.428382 ], [ -2.4466525, 53.4276887 ] ] } },
{ "type": "Feature", "properties": { "id": 118390, "nach": 0.44275346627410439 }, "geometry": { "type": "LineString", "coordinates": [ [ -2.4371291, 53.4293291 ], [ -2.4370665, 53.429382 ] ] } },
{ "type": "Feature", "properties": { "id": 118387, "nach": 0.39688697682212198 }, "geometry": { "type": "LineString", "coordinates": [ [ -2.4374007, 53.429336 ], [ -2.4371718, 53.4292674 ], [ -2.4369237, 53.4291839 ], [ -2.4365409, 53.429419 ] ] } },
{ "type": "Feature", "properties": { "id": 118379, "nach": 0.46201242167725831 }, "geometry": { "type": "LineString", "coordinates": [ [ -2.4365409, 53.429419 ], [ -2.4360837, 53.4291717 ] ] } },
{ "type": "Feature", "properties": { "id": 118382, "nach": 0.24674957587079713 }, "geometry": { "type": "LineString", "coordinates": [ [ -2.4359011, 53.4292977 ], [ -2.4359138, 53.4292774 ], [ -2.4360837, 53.4291717 ] ] } },
{ "type": "Feature", "properties": { "id": 118383, "nach": 0.49116007736509576 }, "geometry": { "type": "LineString", "coordinates": [ [ -2.4359011, 53.4292977 ], [ -2.4359011, 53.4293049 ], [ -2.4359071, 53.4293141 ], [ -2.4362712, 53.4295071 ], [ -2.4363034, 53.4295243 ], [ -2.4363383, 53.4295343 ], [ -2.4363591, 53.429530700000015 ], [ -2.4365409, 53.429419 ] ] } },
{ "type": "Feature", "properties": { "id": 83088, "nach": 0.52008403259937563 }, "geometry": { "type": "LineString", "coordinates": [ [ -2.4371645, 53.426044 ], [ -2.436706, 53.4259211 ] ] } },
{ "type": "Feature", "properties": { "id": 119018, "nach": 0.59495210918369523 }, "geometry": { "type": "LineString", "coordinates": [ [ -2.4377631, 53.4252473 ], [ -2.4377733, 53.4252695 ], [ -2.4377726, 53.4252927 ], [ -2.4377565, 53.425329499999989 ], [ -2.4371738, 53.42603230000001 ], [ -2.4371645, 53.426044 ] ] } },
{ "type": "Feature", "properties": { "id": 83087, "nach": 0.44755284714631488 }, "geometry": { "type": "LineString", "coordinates": [ [ -2.4369313, 53.4256398 ], [ -2.4366859, 53.42579 ], [ -2.436706, 53.4259211 ] ] } },
{ "type": "Feature", "properties": { "id": 126711, "nach": 0.42711589661781213 }, "geometry": { "type": "LineString", "coordinates": [ [ -2.4447833, 53.4201952 ], [ -2.4444495, 53.4199843 ] ] } },
{ "type": "Feature", "properties": { "id": 83122, "nach": 0.37801915556545396 }, "geometry": { "type": "LineString", "coordinates": [ [ -2.4449458, 53.4204525 ], [ -2.4446457, 53.4202781 ] ] } },
{ "type": "Feature", "properties": { "id": 126712, "nach": 0.41998990911504014 }, "geometry": { "type": "LineString", "coordinates": [ [ -2.4447833, 53.4201952 ], [ -2.4447011, 53.4202515 ], [ -2.4446457, 53.4202781 ] ] } },
{ "type": "Feature", "properties": { "id": 126710, "nach": 0.37947671123254856 }, "geometry": { "type": "LineString", "coordinates": [ [ -2.4447833, 53.4201952 ], [ -2.4448656, 53.4201388 ] ] } },
{ "type": "Feature", "properties": { "id": 118321, "nach": 0.42372922197535245 }, "geometry": { "type": "LineString", "coordinates": [ [ -2.4391792, 53.4311426 ], [ -2.4391595, 53.4311544 ], [ -2.4389177, 53.4313152 ] ] } },
{ "type": "Feature", "properties": { "id": 86926, "nach": 0.36712384838094791 }, "geometry": { "type": "LineString", "coordinates": [ [ -2.441391, 53.4199215 ], [ -2.4413407, 53.4198783 ] ] } },
{ "type": "Feature", "properties": { "id": 115215, "nach": 0.40523629630035118 }, "geometry": { "type": "LineString", "coordinates": [ [ -2.4462792, 53.427705 ], [ -2.4464607, 53.427748300000012 ] ] } },
{ "type": "Feature", "properties": { "id": 115216, "nach": 0.4041083874083769 }, "geometry": { "type": "LineString", "coordinates": [ [ -2.446382, 53.427924500000017 ], [ -2.446413, 53.42782720000001 ], [ -2.4464607, 53.427748300000012 ] ] } },
{ "type": "Feature", "properties": { "id": 118589, "nach": 0.46197995742645798 }, "geometry": { "type": "LineString", "coordinates": [ [ -2.4362965, 53.4278698 ], [ -2.4361338, 53.427806300000015 ], [ -2.4361155, 53.42779680000001 ] ] } },
{ "type": "Feature", "properties": { "id": 118590, "nach": 0.38728894121646895 }, "geometry": { "type": "LineString", "coordinates": [ [ -2.4362965, 53.4278698 ], [ -2.4362531, 53.4277867 ], [ -2.436231, 53.4277352 ], [ -2.4362169, 53.4276545 ], [ -2.4362169, 53.4276161 ], [ -2.4362201, 53.4275625 ] ] } },
{ "type": "Feature", "properties": { "id": 118365, "nach": 0.48544069600767858 }, "geometry": { "type": "LineString", "coordinates": [ [ -2.4380184, 53.4284745 ], [ -2.4388143, 53.4287024 ] ] } },
{ "type": "Feature", "properties": { "id": 118347, "nach": 0.44315746556107333 }, "geometry": { "type": "LineString", "coordinates": [ [ -2.4390136, 53.4289988 ], [ -2.4392046, 53.4288686 ], [ -2.4392152, 53.428855399999989 ], [ -2.4392166, 53.4288407 ], [ -2.4392095, 53.4288277 ], [ -2.4391952, 53.42881710000001 ], [ -2.4388143, 53.4287024 ] ] } },
{ "type": "Feature", "properties": { "id": 118392, "nach": 0.34482309625258778 }, "geometry": { "type": "LineString", "coordinates": [ [ -2.4374085, 53.4295347 ], [ -2.4371932, 53.4294056 ], [ -2.4371745, 53.4293992 ], [ -2.4371483, 53.4293952 ], [ -2.4371235, 53.429402 ], [ -2.437098, 53.4294172 ], [ -2.4370075, 53.42938560000001 ], [ -2.437033, 53.4293301 ], [ -2.436929, 53.4292969 ], [ -2.4369096, 53.4292945 ], [ -2.4368821, 53.4292981 ], [ -2.43686, 53.4293105 ], [ -2.4364442, 53.4295726 ], [ -2.4364317, 53.4295804 ], [ -2.4364251, 53.4295904 ], [ -2.4364252, 53.4296005 ], [ -2.4364315, 53.42961 ], [ -2.4372932, 53.43008360000001 ], [ -2.437326, 53.4301008 ], [ -2.4373381, 53.430104499999985 ], [ -2.4373515, 53.4301056 ], [ -2.4373661, 53.4301035 ], [ -2.4373783, 53.4300984 ], [ -2.4374051, 53.430082 ], [ -2.4390136, 53.4289988 ] ] } },
{ "type": "Feature", "properties": { "id": 126811, "nach": 0.57546317212987297 }, "geometry": { "type": "LineString", "coordinates": [ [ -2.4352512, 53.4289546 ], [ -2.4352667, 53.4289673 ], [ -2.4357593, 53.4292304 ], [ -2.4357754, 53.4292365 ] ] } },
{ "type": "Feature", "properties": { "id": 126829, "nach": 0.57524673199896825 }, "geometry": { "type": "LineString", "coordinates": [ [ -2.4352486, 53.4288983 ], [ -2.4352393, 53.428911 ], [ -2.4352372, 53.4289302 ], [ -2.4352413, 53.428946599999989 ], [ -2.4352512, 53.4289546 ] ] } },
{ "type": "Feature", "properties": { "id": 126854, "nach": 0.34091745261101492 }, "geometry": { "type": "LineString", "coordinates": [ [ -2.4368036, 53.4304756 ], [ -2.436577, 53.4306277 ], [ -2.4365408, 53.4306529 ], [ -2.4365287, 53.43066850000001 ], [ -2.4365187, 53.4306944 ], [ -2.4365167, 53.4307396 ], [ -2.4365214, 53.4309453 ], [ -2.4365207, 53.4309721 ], [ -2.436512, 53.4309965 ], [ -2.4364959, 53.4310276 ], [ -2.4364644, 53.43105280000001 ], [ -2.4364159, 53.4310839 ], [ -2.4363691, 53.4311139 ], [ -2.4362129, 53.4312082 ], [ -2.4361753, 53.4312134 ], [ -2.4361344, 53.4312126 ], [ -2.4361143, 53.4312034 ], [ -2.4360748, 53.4311803 ], [ -2.4357764, 53.431014500000011 ], [ -2.4357153, 53.4309789 ], [ -2.4356496, 53.4309533 ], [ -2.4355719, 53.4309354 ], [ -2.4354719, 53.430921 ], [ -2.435374, 53.4309174 ], [ -2.4353137, 53.4309202 ], [ -2.4351943, 53.430925 ], [ -2.4351045, 53.4309154 ], [ -2.4350267, 53.4308994 ], [ -2.4349482, 53.430878600000014 ], [ -2.4348899, 53.4308543 ], [ -2.434845, 53.4308267 ], [ -2.4341623, 53.4304408 ], [ -2.4341429, 53.4304204 ], [ -2.4341416, 53.4304032 ], [ -2.4342603, 53.4302454 ], [ -2.4345995, 53.4297712 ], [ -2.4346183, 53.4297608 ], [ -2.4346297, 53.4297596 ], [ -2.4346874, 53.429780399999984 ], [ -2.4353566, 53.430108 ] ] } },
{ "type": "Feature", "properties": { "id": 126855, "nach": 0.35309424146694318 }, "geometry": { "type": "LineString", "coordinates": [ [ -2.4368036, 53.4304756 ], [ -2.4372298, 53.4301895 ], [ -2.4372445, 53.4301794 ], [ -2.4372502, 53.4301665 ], [ -2.4372468, 53.4301547 ], [ -2.4372358, 53.4301447 ], [ -2.4358739, 53.4293976 ] ] } },
{ "type": "Feature", "properties": { "id": 126856, "nach": 0.43389393517597535 }, "geometry": { "type": "LineString", "coordinates": [ [ -2.4368036, 53.4304756 ], [ -2.4361547, 53.4300802 ], [ -2.4359339, 53.4299398 ], [ -2.4355915, 53.429745100000012 ], [ -2.4353301, 53.4295421 ], [ -2.4351551, 53.4293996 ], [ -2.4349439, 53.429307 ] ] } },
{ "type": "Feature", "properties": { "id": 126562, "nach": 0.44434278173622721 }, "geometry": { "type": "LineString", "coordinates": [ [ -2.4347212, 53.4296138 ], [ -2.4346914, 53.4296541 ], [ -2.4346914, 53.4296669 ], [ -2.4347008, 53.4296809 ], [ -2.4347303, 53.429695700000011 ], [ -2.4354579, 53.4300564 ], [ -2.4354592, 53.4300696 ] ] } },
{ "type": "Feature", "properties": { "id": 126559, "nach": 0.45188272846643507 }, "geometry": { "type": "LineString", "coordinates": [ [ -2.4347212, 53.4296138 ], [ -2.4348727, 53.42965190000001 ] ] } },
{ "type": "Feature", "properties": { "id": 126852, "nach": 0.51255099182262587 }, "geometry": { "type": "LineString", "coordinates": [ [ -2.4349439, 53.429307 ], [ -2.4348852, 53.4293988 ], [ -2.4347377, 53.4295914 ], [ -2.4347212, 53.4296138 ] ] } },
{ "type": "Feature", "properties": { "id": 126849, "nach": 0.546355653404199 }, "geometry": { "type": "LineString", "coordinates": [ [ -2.4358739, 53.4293976 ], [ -2.435246, 53.4290532 ], [ -2.4352185, 53.4290448 ], [ -2.4351816, 53.4290412 ] ] } },
{ "type": "Feature", "properties": { "id": 126818, "nach": 0.59877788217590067 }, "geometry": { "type": "LineString", "coordinates": [ [ -2.4349854, 53.4292465 ], [ -2.4351326, 53.4290572 ], [ -2.4351501, 53.429046 ], [ -2.4351816, 53.4290412 ] ] } },
{ "type": "Feature", "properties": { "id": 126850, "nach": 0.44767873073480063 }, "geometry": { "type": "LineString", "coordinates": [ [ -2.4358739, 53.4293976 ], [ -2.4356445, 53.4295344 ], [ -2.43598, 53.4297137 ] ] } },
{ "type": "Feature", "properties": { "id": 126851, "nach": 0.5262061900032583 }, "geometry": { "type": "LineString", "coordinates": [ [ -2.4349439, 53.429307 ], [ -2.4349697, 53.4292666 ], [ -2.4349854, 53.4292465 ] ] } },
{ "type": "Feature", "properties": { "id": 118585, "nach": 0.54296262203586865 }, "geometry": { "type": "LineString", "coordinates": [ [ -2.4362201, 53.4275625 ], [ -2.4362122, 53.4275737 ], [ -2.4360895, 53.4277336 ], [ -2.4360808, 53.4277599 ], [ -2.4360929, 53.4277851 ], [ -2.4361155, 53.42779680000001 ] ] } },
{ "type": "Feature", "properties": { "id": 126682, "nach": 0.60040911593751711 }, "geometry": { "type": "LineString", "coordinates": [ [ -2.4362201, 53.4275625 ], [ -2.436466463743595, 53.4272109856852 ] ] } },
{ "type": "Feature", "properties": { "id": 126837, "nach": 0.59440126018777506 }, "geometry": { "type": "LineString", "coordinates": [ [ -2.4349076, 53.4289693 ], [ -2.4349207, 53.4289677 ], [ -2.4349737, 53.4289553 ], [ -2.4350005, 53.4289442 ], [ -2.4350307, 53.4289178 ], [ -2.4350806, 53.4288516 ] ] } },
{ "type": "Feature", "properties": { "id": 126831, "nach": 0.44771772801757098 }, "geometry": { "type": "LineString", "coordinates": [ [ -2.4350806, 53.4288516 ], [ -2.4355651, 53.4282094 ], [ -2.4355665, 53.4281962 ], [ -2.4355551, 53.428185 ], [ -2.4355323, 53.4281763 ], [ -2.435309, 53.428115100000014 ] ] } },
{ "type": "Feature", "properties": { "id": 126841, "nach": 0.62915201836676715 }, "geometry": { "type": "LineString", "coordinates": [ [ -2.4347857, 53.4291275 ], [ -2.4347913, 53.4291303 ], [ -2.4348148, 53.4291635 ], [ -2.4348224, 53.4292015 ] ] } },
{ "type": "Feature", "properties": { "id": 126821, "nach": 0.0 }, "geometry": { "type": "LineString", "coordinates": [ [ -2.4348224, 53.4292015 ], [ -2.4348235, 53.429207 ], [ -2.4348195, 53.429223 ], [ -2.4344965, 53.429652099999984 ], [ -2.4342891, 53.4299276 ], [ -2.4342596, 53.429945 ], [ -2.4342314, 53.4299454 ], [ -2.4338365, 53.4298671 ], [ -2.4338184, 53.4298595 ], [ -2.433811, 53.4298531 ], [ -2.4338063, 53.429615 ], [ -2.4336588, 53.429613 ], [ -2.4336946, 53.4299124 ], [ -2.4341325, 53.4300317 ], [ -2.4341791, 53.4300458 ], [ -2.4341818, 53.4300528 ], [ -2.4339491, 53.4303654 ] ] } },
{ "type": "Feature", "properties": { "id": 126684, "nach": 0.45862961794253793 }, "geometry": { "type": "LineString", "coordinates": [ [ -2.4372497, 53.4268579 ], [ -2.4368217, 53.4267148 ] ] } },
{ "type": "Feature", "properties": { "id": 126682, "nach": 0.60040911593751711 }, "geometry": { "type": "LineString", "coordinates": [ [ -2.43627362791919, 53.42748641677489 ], [ -2.4368217, 53.4267148 ] ] } },
{ "type": "Feature", "properties": { "id": 118736, "nach": 0.35299701848025578 }, "geometry": { "type": "LineString", "coordinates": [ [ -2.4458501, 53.4260858 ], [ -2.4458246, 53.4260898 ], [ -2.4457937, 53.426109 ], [ -2.4457683, 53.4261438 ], [ -2.4450441, 53.4273592 ], [ -2.4449475, 53.4275158 ], [ -2.4447913, 53.4276405 ], [ -2.4446893, 53.4276988 ], [ -2.4445492, 53.42775670000001 ], [ -2.444405, 53.4278095 ], [ -2.4443588, 53.4278327 ] ] } },
{ "type": "Feature", "properties": { "id": 118733, "nach": 0.0 }, "geometry": { "type": "LineString", "coordinates": [ [ -2.4443588, 53.4278327 ], [ -2.4443521, 53.4278562 ], [ -2.4443574, 53.427877 ], [ -2.4443809, 53.427895 ], [ -2.4446612, 53.4280684 ], [ -2.4447678, 53.428148299999989 ], [ -2.4448008, 53.4281549 ], [ -2.4448273, 53.4281684 ], [ -2.4448434, 53.4281869 ], [ -2.4448468, 53.4282075 ], [ -2.444837, 53.4282275 ], [ -2.4448154, 53.4282438 ], [ -2.4447873, 53.4282536 ], [ -2.4447553, 53.428257 ], [ -2.4447232, 53.4282535 ], [ -2.4446952, 53.4282436 ], [ -2.4446749, 53.4282284 ], [ -2.4446647, 53.42821 ], [ -2.444666, 53.4281906 ], [ -2.4446786, 53.4281727 ], [ -2.4445888, 53.4280904 ], [ -2.4444493, 53.4280092 ], [ -2.4442803, 53.4279082 ], [ -2.4442206, 53.4278882 ], [ -2.444206, 53.4278859 ] ] } },
{ "type": "Feature", "properties": { "id": 118720, "nach": 0.46115661323952079 }, "geometry": { "type": "LineString", "coordinates": [ [ -2.4442261, 53.428944799999989 ], [ -2.4441804, 53.428950100000016 ], [ -2.4438518, 53.428923 ], [ -2.4437378, 53.4288974 ], [ -2.4436493, 53.4288654 ], [ -2.4435689, 53.42882310000001 ], [ -2.4434589, 53.428752 ], [ -2.4434052, 53.4286897 ], [ -2.4430626, 53.4283145 ], [ -2.4430512, 53.4282913 ], [ -2.4430525, 53.4282741 ], [ -2.4430592, 53.428257 ], [ -2.4430861, 53.428235 ], [ -2.4440731, 53.4279114 ], [ -2.4441442, 53.4278878 ], [ -2.4441824, 53.4278822 ], [ -2.444206, 53.4278859 ] ] } },
{ "type": "Feature", "properties": { "id": 118731, "nach": 0.0 }, "geometry": { "type": "LineString", "coordinates": [ [ -2.4443735, 53.4289633 ], [ -2.4443588, 53.428938200000012 ], [ -2.4443628, 53.4289138 ], [ -2.4444225, 53.4288215 ], [ -2.4444593, 53.4287652 ], [ -2.4445573, 53.4287296 ], [ -2.4445559, 53.4286853 ], [ -2.4444754, 53.4286553 ], [ -2.4444345, 53.4286529 ], [ -2.4443749, 53.4286685 ], [ -2.4443769, 53.4287664 ], [ -2.4443051, 53.4288858 ], [ -2.4442837, 53.428915 ], [ -2.4442488, 53.4289422 ], [ -2.4442261, 53.428944799999989 ] ] } },
{ "type": "Feature", "properties": { "id": 118712, "nach": 0.35540923502645155 }, "geometry": { "type": "LineString", "coordinates": [ [ -2.4523846, 53.4289467 ], [ -2.4524543, 53.4289298 ], [ -2.4524845, 53.4289174 ], [ -2.452506, 53.4288894 ], [ -2.452508, 53.4288551 ], [ -2.4524899, 53.4288255 ], [ -2.4524255, 53.428784700000016 ], [ -2.4522498, 53.4287 ], [ -2.4522267, 53.4286913 ] ] } },
{ "type": "Feature", "properties": { "id": 118746, "nach": 0.0 }, "geometry": { "type": "LineString", "coordinates": [ [ -2.4502756, 53.4293565 ], [ -2.4501537, 53.4291955 ], [ -2.4500799, 53.429062 ], [ -2.450037, 53.4289957 ], [ -2.4499887, 53.4288918 ], [ -2.4499854, 53.4288591 ], [ -2.4499874, 53.4288391 ], [ -2.4499713, 53.428764 ], [ -2.4499304, 53.4285342 ], [ -2.4499203, 53.4284867 ], [ -2.4499089, 53.42844310000001 ], [ -2.4498868, 53.4284136 ], [ -2.44986, 53.42839 ], [ -2.4495213, 53.4283057 ], [ -2.4492699, 53.4282418 ], [ -2.4492397, 53.4282286 ], [ -2.4492263, 53.428215 ], [ -2.4492297, 53.4281902 ], [ -2.4495006, 53.4277631 ], [ -2.4495173, 53.4277491 ], [ -2.4495589, 53.427736800000012 ], [ -2.4496125, 53.4277304 ], [ -2.4496581, 53.4277328 ], [ -2.4497098, 53.4277436 ], [ -2.4522267, 53.4286913 ] ] } },
{ "type": "Feature", "properties": { "id": 118806, "nach": 0.40554350853688154 }, "geometry": { "type": "LineString", "coordinates": [ [ -2.4513212, 53.429195 ], [ -2.4513553, 53.4291967 ], [ -2.4523772, 53.4289485 ], [ -2.4523846, 53.4289467 ] ] } },
{ "type": "Feature", "properties": { "id": 118808, "nach": 0.47905383361878084 }, "geometry": { "type": "LineString", "coordinates": [ [ -2.4510717, 53.4292598 ], [ -2.4504286, 53.4294144 ], [ -2.450385, 53.429414799999989 ], [ -2.4503388, 53.4294072 ], [ -2.4503133, 53.4293952 ], [ -2.4502958, 53.4293832 ], [ -2.4502756, 53.4293565 ] ] } },
{ "type": "Feature", "properties": { "id": 118809, "nach": 0.0 }, "geometry": { "type": "LineString", "coordinates": [ [ -2.4510717, 53.4292598 ], [ -2.4510777, 53.4292474 ], [ -2.4510717, 53.4292354 ], [ -2.4508283, 53.4288806 ], [ -2.4511025, 53.4288259 ], [ -2.4511381, 53.428911 ], [ -2.4511273, 53.4289366 ], [ -2.451124, 53.4289601 ], [ -2.4512681, 53.4291731 ], [ -2.4512869, 53.429184300000017 ], [ -2.4513151, 53.429194699999989 ], [ -2.4513212, 53.429195 ] ] } },
{ "type": "Feature", "properties": { "id": 118815, "nach": 0.0 }, "geometry": { "type": "LineString", "coordinates": [ [ -2.4475533, 53.4293085 ], [ -2.4475251, 53.429283 ], [ -2.4475043, 53.4292566 ], [ -2.4475124, 53.4292174 ], [ -2.4478939, 53.4286561 ], [ -2.4479308, 53.4286233 ], [ -2.4479918, 53.4286002 ], [ -2.4480535, 53.4285874 ], [ -2.4481293, 53.428585800000015 ], [ -2.4481883, 53.428595 ], [ -2.4487328, 53.4287364 ], [ -2.4488092, 53.4287544 ], [ -2.4489681, 53.4287947 ], [ -2.4491606, 53.4288431 ], [ -2.4492411, 53.4288595 ], [ -2.4493074, 53.4288682 ], [ -2.4493785, 53.4288746 ], [ -2.4494758, 53.4288758 ], [ -2.4496092, 53.4288642 ], [ -2.4497353, 53.4288539 ], [ -2.4497909, 53.4288527 ], [ -2.4498399, 53.4288583 ], [ -2.4498694, 53.4288742 ], [ -2.4498928, 53.4289014 ], [ -2.4499451, 53.4290169 ], [ -2.4499914, 53.429102 ], [ -2.4501778, 53.4293816 ] ] } },
{ "type": "Feature", "properties": { "id": 118791, "nach": 0.44113671518246639 }, "geometry": { "type": "LineString", "coordinates": [ [ -2.4518388, 53.4291643 ], [ -2.451769, 53.4291811 ], [ -2.4514861, 53.4292494 ], [ -2.4512232, 53.4293073 ], [ -2.4511823, 53.42932050000001 ], [ -2.4511738, 53.42932780000001 ] ] } },
{ "type": "Feature", "properties": { "id": 118794, "nach": 0.0 }, "geometry": { "type": "LineString", "coordinates": [ [ -2.4523598, 53.42904080000001 ], [ -2.4523531, 53.4292981 ], [ -2.4523444, 53.429374 ], [ -2.4523149, 53.4294388 ], [ -2.452282, 53.4294759 ], [ -2.4522371, 53.429537399999987 ], [ -2.452111, 53.429571 ], [ -2.4518388, 53.4291643 ] ] } },
{ "type": "Feature", "properties": { "id": 118796, "nach": 0.36017156122853489 }, "geometry": { "type": "LineString", "coordinates": [ [ -2.4532429, 53.42900969999998 ], [ -2.4531806, 53.4289997 ], [ -2.4531189, 53.4289833 ], [ -2.4530558, 53.4289629 ], [ -2.4530062, 53.4289378 ], [ -2.4529586, 53.4289182 ], [ -2.4529217, 53.428910199999983 ], [ -2.4528708, 53.4289114 ], [ -2.4527796, 53.4289374 ], [ -2.4523598, 53.42904080000001 ] ] } },
{ "type": "Feature", "properties": { "id": 118789, "nach": 0.36792695204528758 }, "geometry": { "type": "LineString", "coordinates": [ [ -2.4514733, 53.429801100000013 ], [ -2.4513996, 53.4296565 ], [ -2.4513325, 53.4296158 ], [ -2.4512923, 53.4295834 ], [ -2.4511535, 53.4293696 ], [ -2.4511528, 53.4293569 ], [ -2.4511608, 53.4293389 ], [ -2.4511738, 53.42932780000001 ] ] } },
{ "type": "Feature", "properties": { "id": 118787, "nach": 0.47853891726591541 }, "geometry": { "type": "LineString", "coordinates": [ [ -2.450959, 53.4293768 ], [ -2.4508779, 53.4293988 ], [ -2.4503066, 53.4295315 ] ] } },
{ "type": "Feature", "properties": { "id": 118788, "nach": 0.37058006376647323 }, "geometry": { "type": "LineString", "coordinates": [ [ -2.4513137, 53.4298359 ], [ -2.450959, 53.4293768 ] ] } },
{ "type": "Feature", "properties": { "id": 118775, "nach": 0.0 }, "geometry": { "type": "LineString", "coordinates": [ [ -2.4493842, 53.4296154 ], [ -2.4493504, 53.429632900000016 ], [ -2.4492927, 53.429756800000014 ], [ -2.4492813, 53.4298087 ], [ -2.4493135, 53.4298898 ], [ -2.4492598, 53.429915 ], [ -2.4491418, 53.429895 ], [ -2.4491083, 53.4298643 ], [ -2.4491378, 53.4298395 ], [ -2.4491928, 53.4298111 ], [ -2.4492236, 53.429748 ], [ -2.4492665, 53.4296477 ], [ -2.4492659, 53.4296197 ], [ -2.4492357, 53.4295982 ] ] } },
{ "type": "Feature", "properties": { "id": 118778, "nach": 0.45830944004656898 }, "geometry": { "type": "LineString", "coordinates": [ [ -2.4500544, 53.4295794 ], [ -2.4499673, 53.4295894 ], [ -2.44975, 53.4296086 ], [ -2.4495757, 53.4296166 ], [ -2.4494348, 53.4296142 ], [ -2.4493842, 53.4296154 ] ] } },
{ "type": "Feature", "properties": { "id": 118780, "nach": 0.38266130629908818 }, "geometry": { "type": "LineString", "coordinates": [ [ -2.4503495, 53.430013700000011 ], [ -2.450143, 53.4297268 ], [ -2.450092, 53.4296493 ], [ -2.4500544, 53.4295794 ] ] } },
{ "type": "Feature", "properties": { "id": 118782, "nach": 0.38136253565959904 }, "geometry": { "type": "LineString", "coordinates": [ [ -2.4503066, 53.4295315 ], [ -2.4505372, 53.4299897 ] ] } },
{ "type": "Feature", "properties": { "id": 126674, "nach": 0.49857181633839637 }, "geometry": { "type": "LineString", "coordinates": [ [ -2.4375144, 53.4264261 ], [ -2.4386919, 53.4276021 ], [ -2.4387288, 53.4276269 ], [ -2.438761, 53.4276445 ], [ -2.4388113, 53.427653299999989 ], [ -2.4388656, 53.4276537 ], [ -2.4389233, 53.4276361 ], [ -2.4392465, 53.427556199999984 ], [ -2.4392787, 53.427555 ] ] } },
{ "type": "Feature", "properties": { "id": 126676, "nach": 0.45026390927407733 }, "geometry": { "type": "LineString", "coordinates": [ [ -2.4372761, 53.426694 ], [ -2.4372907, 53.4266144 ], [ -2.4373211, 53.4265198 ], [ -2.4375144, 53.4264261 ] ] } },
{ "type": "Feature", "properties": { "id": 118887, "nach": 0.0 }, "geometry": { "type": "LineString", "coordinates": [ [ -2.4422184, 53.4273397 ], [ -2.442219, 53.4273328 ], [ -2.4422331, 53.4273136 ], [ -2.4431766, 53.4269872 ], [ -2.4432001, 53.4269852 ], [ -2.4432262, 53.4269896 ], [ -2.4432524, 53.427 ], [ -2.4439645, 53.4278007 ], [ -2.4439712, 53.4278231 ], [ -2.4439685, 53.4278458 ], [ -2.4439457, 53.4278646 ], [ -2.4430418, 53.4281611 ], [ -2.443019, 53.4281663 ], [ -2.4429841, 53.4281687 ], [ -2.4429419, 53.4281635 ], [ -2.442903, 53.4281427 ], [ -2.4422271, 53.4273736 ], [ -2.442217, 53.427354 ], [ -2.4422184, 53.4273397 ] ] } },
{ "type": "Feature", "properties": { "id": 118945, "nach": 0.52790703207606393 }, "geometry": { "type": "LineString", "coordinates": [ [ -2.4418757, 53.427179 ], [ -2.4418982, 53.427182 ], [ -2.4419092, 53.4271882 ], [ -2.442164, 53.4274663 ], [ -2.4421701, 53.427487 ], [ -2.4421694, 53.427492 ] ] } },
{ "type": "Feature", "properties": { "id": 126689, "nach": 0.50057156356558741 }, "geometry": { "type": "LineString", "coordinates": [ [ -2.4380511, 53.4252358 ], [ -2.438077, 53.425246 ], [ -2.4383801, 53.425351 ], [ -2.4386725, 53.4254765 ], [ -2.4393524, 53.4257914 ], [ -2.4395395, 53.4258705 ], [ -2.4395744, 53.4258797 ], [ -2.4395875, 53.4258839 ] ] } },
{ "type": "Feature", "properties": { "id": 118966, "nach": 0.0 }, "geometry": { "type": "LineString", "coordinates": [ [ -2.4412461, 53.4267163 ], [ -2.4412521, 53.4267295 ], [ -2.4412534, 53.4267435 ], [ -2.4412467, 53.4267515 ], [ -2.441228, 53.4267615 ], [ -2.4398211, 53.4271219 ], [ -2.439801, 53.4271267 ], [ -2.4397863, 53.4271267 ], [ -2.4397742, 53.4271215 ], [ -2.4394577, 53.4269165 ], [ -2.4394517, 53.4269101 ], [ -2.4394537, 53.4269025 ], [ -2.4394617, 53.4268953 ], [ -2.4407204, 53.4265345 ], [ -2.4407733, 53.4265225 ], [ -2.4407995, 53.4265233 ], [ -2.4408036, 53.4265241 ] ] } },
{ "type": "Feature", "properties": { "id": 118972, "nach": 0.0 }, "geometry": { "type": "LineString", "coordinates": [ [ -2.4406399, 53.4264518 ], [ -2.4406419, 53.4264698 ], [ -2.4406379, 53.4264846 ], [ -2.4406278, 53.426499 ], [ -2.4405936, 53.426511400000017 ], [ -2.4394108, 53.4268478 ], [ -2.4393873, 53.426853 ], [ -2.4393678, 53.4268514 ], [ -2.4393497, 53.426847 ], [ -2.4390681, 53.4266688 ], [ -2.4390574, 53.4266536 ], [ -2.4390567, 53.4266436 ], [ -2.4390681, 53.4266332 ], [ -2.4399613, 53.4262085 ], [ -2.4399948, 53.4261977 ], [ -2.4400263, 53.426193699999985 ] ] } },
{ "type": "Feature", "properties": { "id": 118941, "nach": 0.43490849885197375 }, "geometry": { "type": "LineString", "coordinates": [ [ -2.4392787, 53.427555 ], [ -2.4393095, 53.4275861 ], [ -2.4393692, 53.4276628 ], [ -2.4394007, 53.4276856 ], [ -2.4394302, 53.4277116 ], [ -2.4394389, 53.427734 ], [ -2.4394329, 53.4277523 ], [ -2.4393792, 53.4277675 ], [ -2.4394201, 53.4278275 ], [ -2.4394792, 53.4278151 ] ] } },
{ "type": "Feature", "properties": { "id": 119129, "nach": 0.0 }, "geometry": { "type": "LineString", "coordinates": [ [ -2.4351883, 53.4241 ], [ -2.4349295, 53.4242658 ], [ -2.4348731, 53.4242902 ], [ -2.4348141, 53.424309 ], [ -2.4347578, 53.4243182 ], [ -2.4347182, 53.4243174 ], [ -2.4346793, 53.4243126 ], [ -2.4346438, 53.4243034 ], [ -2.4341174, 53.4239801 ], [ -2.4340886, 53.4239506 ], [ -2.4340732, 53.423927 ], [ -2.4340678, 53.4239042 ], [ -2.4340738, 53.423881 ], [ -2.4340826, 53.4238662 ], [ -2.4341007, 53.4238455 ], [ -2.4346586, 53.423517800000013 ], [ -2.434665, 53.4235167 ] ] } },
{ "type": "Feature", "properties": { "id": 126706, "nach": 0.10503484700055035 }, "geometry": { "type": "LineString", "coordinates": [ [ -2.441827, 53.4212169 ], [ -2.4419917, 53.421291800000013 ], [ -2.4421554, 53.421182900000012 ] ] } },
{ "type": "Feature", "properties": { "id": 126705, "nach": 0.34466427756705603 }, "geometry": { "type": "LineString", "coordinates": [ [ -2.441827, 53.4212169 ], [ -2.4417614, 53.4212625 ] ] } },
{ "type": "Feature", "properties": { "id": 126682, "nach": 0.60040911593751711 }, "geometry": { "type": "LineString", "coordinates": [ [ -2.436466463743595, 53.4272109856852 ], [ -2.43627362791919, 53.42748641677489 ] ] } }
]
}
