{
"type": "FeatureCollection",
"name": "4245cbd4cbe4_visibility",
"crs": { "type": "name", "properties": { "name": "urn:ogc:def:crs:OGC:1.3:CRS84" } },
"features": [
{ "type": "Feature", "properties": { "visible_points": 34, "total_points": 71, "visibility_pct": 47.887323943661968 }, "geometry": { "type": "Point", "coordinates": [ -2.206385453917266, 53.813249742124697 ] } },
{ "type": "Feature", "properties": { "visible_points": 27, "total_points": 69, "visibility_pct": 39.130434782608695 }, "geometry": { "type": "Point", "coordinates": [ -2.206175014721953, 53.813250104207604 ] } },
{ "type": "Feature", "properties": { "visible_points": 17, "total_points": 65, "visibility_pct": 26.153846153846157 }, "geometry": { "type": "Point", "coordinates": [ -2.205964575522057, 53.813250465921314 ] } },
{ "type": "Feature", "properties": { "visible_points": 14, "total_points": 82, "visibility_pct": 17.073170731707318 }, "geometry": { "type": "Point", "coordinates": [ -2.206701646810979, 53.813357053047596 ] } },
{ "type": "Feature", "properties": { "visible_points": 36, "total_points": 83, "visibility_pct": 43.373493975903614 }, "geometry": { "type": "Point", "coordinates": [ -2.206491207083195, 53.813357415689659 ] } },
{ "type": "Feature", "properties": { "visible_points": 35, "total_points": 81, "visibility_pct": 43.209876543209873 }, "geometry": { "type": "Point", "coordinates": [ -2.206280767350833, 53.813357777962523 ] } },
{ "type": "Feature", "properties": { "visible_points": 33, "total_points": 78, "visibility_pct": 42.307692307692307 }, "geometry": { "type": "Point", "coordinates": [ -2.206070327613883, 53.813358139866196 ] } },
{ "type": "Feature", "properties": { "visible_points": 19, "total_points": 73, "visibility_pct": 26.027397260273972 }, "geometry": { "type": "Point", "coordinates": [ -2.205859887872348, 53.813358501400671 ] } },
{ "type": "Feature", "properties": { "visible_points": 30, "total_points": 82, "visibility_pct": 36.585365853658537 }, "geometry": { "type": "Point", "coordinates": [ -2.207228281571456, 53.813463999551253 ] } },
{ "type": "Feature", "properties": { "visible_points": 39, "total_points": 87, "visibility_pct": 44.827586206896555 }, "geometry": { "type": "Point", "coordinates": [ -2.207017841315825, 53.813464363121689 ] } },
{ "type": "Feature", "properties": { "visible_points": 35, "total_points": 91, "visibility_pct": 38.461538461538467 }, "geometry": { "type": "Point", "coordinates": [ -2.206807401055584, 53.813464726322934 ] } },
{ "type": "Feature", "properties": { "visible_points": 7, "total_points": 94, "visibility_pct": 7.4468085106382977 }, "geometry": { "type": "Point", "coordinates": [ -2.206596960790755, 53.813465089154988 ] } },
{ "type": "Feature", "properties": { "visible_points": 37, "total_points": 94, "visibility_pct": 39.361702127659576 }, "geometry": { "type": "Point", "coordinates": [ -2.206386520521333, 53.813465451617809 ] } },
{ "type": "Feature", "properties": { "visible_points": 38, "total_points": 91, "visibility_pct": 41.758241758241759 }, "geometry": { "type": "Point", "coordinates": [ -2.20617608024732, 53.813465813711467 ] } },
{ "type": "Feature", "properties": { "visible_points": 30, "total_points": 86, "visibility_pct": 34.883720930232556 }, "geometry": { "type": "Point", "coordinates": [ -2.20596563996873, 53.813466175435885 ] } },
{ "type": "Feature", "properties": { "visible_points": 24, "total_points": 80, "visibility_pct": 30.0 }, "geometry": { "type": "Point", "coordinates": [ -2.20575519968556, 53.81346653679114 ] } },
{ "type": "Feature", "properties": { "visible_points": 51, "total_points": 84, "visibility_pct": 60.714285714285708 }, "geometry": { "type": "Point", "coordinates": [ -2.207544478219883, 53.813571308217362 ] } },
{ "type": "Feature", "properties": { "visible_points": 49, "total_points": 89, "visibility_pct": 55.056179775280903 }, "geometry": { "type": "Point", "coordinates": [ -2.207334037431806, 53.813571672346988 ] } },
{ "type": "Feature", "properties": { "visible_points": 34, "total_points": 94, "visibility_pct": 36.170212765957451 }, "geometry": { "type": "Point", "coordinates": [ -2.207123596639118, 53.813572036107409 ] } },
{ "type": "Feature", "properties": { "visible_points": 41, "total_points": 99, "visibility_pct": 41.414141414141412 }, "geometry": { "type": "Point", "coordinates": [ -2.206913155841828, 53.813572399498625 ] } },
{ "type": "Feature", "properties": { "visible_points": 39, "total_points": 103, "visibility_pct": 37.864077669902912 }, "geometry": { "type": "Point", "coordinates": [ -2.20670271503994, 53.813572762520643 ] } },
{ "type": "Feature", "properties": { "visible_points": 32, "total_points": 106, "visibility_pct": 30.188679245283019 }, "geometry": { "type": "Point", "coordinates": [ -2.206492274233456, 53.813573125173455 ] } },
{ "type": "Feature", "properties": { "visible_points": 41, "total_points": 104, "visibility_pct": 39.42307692307692 }, "geometry": { "type": "Point", "coordinates": [ -2.206281833422389, 53.81357348745707 ] } },
{ "type": "Feature", "properties": { "visible_points": 38, "total_points": 99, "visibility_pct": 38.383838383838381 }, "geometry": { "type": "Point", "coordinates": [ -2.206071392606733, 53.813573849371487 ] } },
{ "type": "Feature", "properties": { "visible_points": 31, "total_points": 93, "visibility_pct": 33.333333333333329 }, "geometry": { "type": "Point", "coordinates": [ -2.205860951786497, 53.813574210916691 ] } },
{ "type": "Feature", "properties": { "visible_points": 25, "total_points": 85, "visibility_pct": 29.411764705882355 }, "geometry": { "type": "Point", "coordinates": [ -2.20565051096169, 53.813574572092698 ] } },
{ "type": "Feature", "properties": { "visible_points": 42, "total_points": 82, "visibility_pct": 51.219512195121951 }, "geometry": { "type": "Point", "coordinates": [ -2.208071117795338, 53.8136782509767 ] } },
{ "type": "Feature", "properties": { "visible_points": 40, "total_points": 87, "visibility_pct": 45.977011494252871 }, "geometry": { "type": "Point", "coordinates": [ -2.207860676479437, 53.8136786160347 ] } },
{ "type": "Feature", "properties": { "visible_points": 52, "total_points": 91, "visibility_pct": 57.142857142857139 }, "geometry": { "type": "Point", "coordinates": [ -2.207650235158924, 53.813678980723495 ] } },
{ "type": "Feature", "properties": { "visible_points": 62, "total_points": 96, "visibility_pct": 64.583333333333343 }, "geometry": { "type": "Point", "coordinates": [ -2.20743979383379, 53.813679345043091 ] } },
{ "type": "Feature", "properties": { "visible_points": 58, "total_points": 101, "visibility_pct": 57.42574257425742 }, "geometry": { "type": "Point", "coordinates": [ -2.207229352504053, 53.813679708993483 ] } },
{ "type": "Feature", "properties": { "visible_points": 45, "total_points": 105, "visibility_pct": 42.857142857142854 }, "geometry": { "type": "Point", "coordinates": [ -2.207018911169704, 53.813680072574677 ] } },
{ "type": "Feature", "properties": { "visible_points": 57, "total_points": 109, "visibility_pct": 52.293577981651374 }, "geometry": { "type": "Point", "coordinates": [ -2.20680846983076, 53.813680435786672 ] } },
{ "type": "Feature", "properties": { "visible_points": 19, "total_points": 113, "visibility_pct": 16.814159292035399 }, "geometry": { "type": "Point", "coordinates": [ -2.206598028487211, 53.813680798629463 ] } },
{ "type": "Feature", "properties": { "visible_points": 48, "total_points": 116, "visibility_pct": 41.379310344827587 }, "geometry": { "type": "Point", "coordinates": [ -2.206387587139083, 53.813681161103041 ] } },
{ "type": "Feature", "properties": { "visible_points": 46, "total_points": 112, "visibility_pct": 41.071428571428569 }, "geometry": { "type": "Point", "coordinates": [ -2.206177145786359, 53.813681523207428 ] } },
{ "type": "Feature", "properties": { "visible_points": 49, "total_points": 106, "visibility_pct": 46.226415094339622 }, "geometry": { "type": "Point", "coordinates": [ -2.205966704429059, 53.813681884942604 ] } },
{ "type": "Feature", "properties": { "visible_points": 49, "total_points": 97, "visibility_pct": 50.515463917525771 }, "geometry": { "type": "Point", "coordinates": [ -2.205756263067181, 53.813682246308581 ] } },
{ "type": "Feature", "properties": { "visible_points": 25, "total_points": 87, "visibility_pct": 28.735632183908045 }, "geometry": { "type": "Point", "coordinates": [ -2.205545821700727, 53.813682607305353 ] } },
{ "type": "Feature", "properties": { "visible_points": 40, "total_points": 84, "visibility_pct": 47.619047619047613 }, "geometry": { "type": "Point", "coordinates": [ -2.208387318198446, 53.813785557386005 ] } },
{ "type": "Feature", "properties": { "visible_points": 44, "total_points": 89, "visibility_pct": 49.438202247191008 }, "geometry": { "type": "Point", "coordinates": [ -2.208176876350121, 53.813785923003209 ] } },
{ "type": "Feature", "properties": { "visible_points": 47, "total_points": 94, "visibility_pct": 50.0 }, "geometry": { "type": "Point", "coordinates": [ -2.207966434497177, 53.81378628825118 ] } },
{ "type": "Feature", "properties": { "visible_points": 49, "total_points": 99, "visibility_pct": 49.494949494949495 }, "geometry": { "type": "Point", "coordinates": [ -2.207755992639611, 53.813786653129974 ] } },
{ "type": "Feature", "properties": { "visible_points": 68, "total_points": 103, "visibility_pct": 66.019417475728162 }, "geometry": { "type": "Point", "coordinates": [ -2.207545550777425, 53.813787017639548 ] } },
{ "type": "Feature", "properties": { "visible_points": 75, "total_points": 107, "visibility_pct": 70.09345794392523 }, "geometry": { "type": "Point", "coordinates": [ -2.207335108910625, 53.813787381779932 ] } },
{ "type": "Feature", "properties": { "visible_points": 72, "total_points": 111, "visibility_pct": 64.86486486486487 }, "geometry": { "type": "Point", "coordinates": [ -2.207124667039223, 53.813787745551089 ] } },
{ "type": "Feature", "properties": { "visible_points": 62, "total_points": 114, "visibility_pct": 54.385964912280706 }, "geometry": { "type": "Point", "coordinates": [ -2.206914225163215, 53.813788108953055 ] } },
{ "type": "Feature", "properties": { "visible_points": 62, "total_points": 117, "visibility_pct": 52.991452991452995 }, "geometry": { "type": "Point", "coordinates": [ -2.206703783282609, 53.813788471985809 ] } },
{ "type": "Feature", "properties": { "visible_points": 35, "total_points": 119, "visibility_pct": 29.411764705882355 }, "geometry": { "type": "Point", "coordinates": [ -2.206493341397409, 53.813788834649387 ] } },
{ "type": "Feature", "properties": { "visible_points": 58, "total_points": 120, "visibility_pct": 48.333333333333336 }, "geometry": { "type": "Point", "coordinates": [ -2.206282899507619, 53.813789196943738 ] } },
{ "type": "Feature", "properties": { "visible_points": 52, "total_points": 115, "visibility_pct": 45.217391304347828 }, "geometry": { "type": "Point", "coordinates": [ -2.206072457613248, 53.813789558868898 ] } },
{ "type": "Feature", "properties": { "visible_points": 62, "total_points": 107, "visibility_pct": 57.943925233644855 }, "geometry": { "type": "Point", "coordinates": [ -2.205862015714299, 53.813789920424838 ] } },
{ "type": "Feature", "properties": { "visible_points": 44, "total_points": 98, "visibility_pct": 44.897959183673471 }, "geometry": { "type": "Point", "coordinates": [ -2.205651573810768, 53.813790281611588 ] } },
{ "type": "Feature", "properties": { "visible_points": 26, "total_points": 88, "visibility_pct": 29.545454545454547 }, "geometry": { "type": "Point", "coordinates": [ -2.205441131902667, 53.813790642429119 ] } },
{ "type": "Feature", "properties": { "visible_points": 46, "total_points": 68, "visibility_pct": 67.64705882352942 }, "geometry": { "type": "Point", "coordinates": [ -2.211018386093613, 53.813888810638765 ] } },
{ "type": "Feature", "properties": { "visible_points": 43, "total_points": 68, "visibility_pct": 63.235294117647058 }, "geometry": { "type": "Point", "coordinates": [ -2.210807943764157, 53.813889180876409 ] } },
{ "type": "Feature", "properties": { "visible_points": 32, "total_points": 69, "visibility_pct": 46.376811594202898 }, "geometry": { "type": "Point", "coordinates": [ -2.21059750143001, 53.813889550744847 ] } },
{ "type": "Feature", "properties": { "visible_points": 0, "total_points": 81, "visibility_pct": 0.0 }, "geometry": { "type": "Point", "coordinates": [ -2.208913962588768, 53.813892496400904 ] } },
{ "type": "Feature", "properties": { "visible_points": 41, "total_points": 86, "visibility_pct": 47.674418604651166 }, "geometry": { "type": "Point", "coordinates": [ -2.208703520212671, 53.813892862946496 ] } },
{ "type": "Feature", "properties": { "visible_points": 40, "total_points": 91, "visibility_pct": 43.956043956043956 }, "geometry": { "type": "Point", "coordinates": [ -2.208493077831933, 53.813893229122876 ] } },
{ "type": "Feature", "properties": { "visible_points": 44, "total_points": 96, "visibility_pct": 45.833333333333329 }, "geometry": { "type": "Point", "coordinates": [ -2.208282635446568, 53.813893594930043 ] } },
{ "type": "Feature", "properties": { "visible_points": 49, "total_points": 101, "visibility_pct": 48.514851485148512 }, "geometry": { "type": "Point", "coordinates": [ -2.208072193056566, 53.813893960368034 ] } },
{ "type": "Feature", "properties": { "visible_points": 51, "total_points": 105, "visibility_pct": 48.571428571428569 }, "geometry": { "type": "Point", "coordinates": [ -2.207861750661951, 53.813894325436799 ] } },
{ "type": "Feature", "properties": { "visible_points": 52, "total_points": 109, "visibility_pct": 47.706422018348626 }, "geometry": { "type": "Point", "coordinates": [ -2.207651308262705, 53.813894690136337 ] } },
{ "type": "Feature", "properties": { "visible_points": 72, "total_points": 113, "visibility_pct": 63.716814159292035 }, "geometry": { "type": "Point", "coordinates": [ -2.20744086585885, 53.813895054466705 ] } },
{ "type": "Feature", "properties": { "visible_points": 83, "total_points": 116, "visibility_pct": 71.551724137931032 }, "geometry": { "type": "Point", "coordinates": [ -2.207230423450384, 53.813895418427855 ] } },
{ "type": "Feature", "properties": { "visible_points": 72, "total_points": 118, "visibility_pct": 61.016949152542374 }, "geometry": { "type": "Point", "coordinates": [ -2.207019981037315, 53.813895782019806 ] } },
{ "type": "Feature", "properties": { "visible_points": 70, "total_points": 120, "visibility_pct": 58.333333333333336 }, "geometry": { "type": "Point", "coordinates": [ -2.206809538619642, 53.813896145242552 ] } },
{ "type": "Feature", "properties": { "visible_points": 70, "total_points": 120, "visibility_pct": 58.333333333333336 }, "geometry": { "type": "Point", "coordinates": [ -2.206599096197376, 53.813896508096079 ] } },
{ "type": "Feature", "properties": { "visible_points": 53, "total_points": 120, "visibility_pct": 44.166666666666664 }, "geometry": { "type": "Point", "coordinates": [ -2.206388653770514, 53.813896870580407 ] } },
{ "type": "Feature", "properties": { "visible_points": 63, "total_points": 120, "visibility_pct": 52.5 }, "geometry": { "type": "Point", "coordinates": [ -2.206178211339073, 53.813897232695524 ] } },
{ "type": "Feature", "properties": { "visible_points": 71, "total_points": 115, "visibility_pct": 61.739130434782609 }, "geometry": { "type": "Point", "coordinates": [ -2.205967768903042, 53.81389759444145 ] } },
{ "type": "Feature", "properties": { "visible_points": 65, "total_points": 107, "visibility_pct": 60.747663551401864 }, "geometry": { "type": "Point", "coordinates": [ -2.205757326462442, 53.813897955818163 ] } },
{ "type": "Feature", "properties": { "visible_points": 41, "total_points": 98, "visibility_pct": 41.836734693877553 }, "geometry": { "type": "Point", "coordinates": [ -2.20554688401726, 53.813898316825657 ] } },
{ "type": "Feature", "properties": { "visible_points": 27, "total_points": 88, "visibility_pct": 30.681818181818183 }, "geometry": { "type": "Point", "coordinates": [ -2.205336441567518, 53.813898677463968 ] } },
{ "type": "Feature", "properties": { "visible_points": 47, "total_points": 78, "visibility_pct": 60.256410256410255 }, "geometry": { "type": "Point", "coordinates": [ -2.211334595574987, 53.813996109199181 ] } },
{ "type": "Feature", "properties": { "visible_points": 44, "total_points": 79, "visibility_pct": 55.696202531645568 }, "geometry": { "type": "Point", "coordinates": [ -2.2111241527132, 53.813996479996014 ] } },
{ "type": "Feature", "properties": { "visible_points": 50, "total_points": 79, "visibility_pct": 63.291139240506332 }, "geometry": { "type": "Point", "coordinates": [ -2.210913709846718, 53.813996850423649 ] } },
{ "type": "Feature", "properties": { "visible_points": 45, "total_points": 80, "visibility_pct": 56.25 }, "geometry": { "type": "Point", "coordinates": [ -2.21070326697555, 53.813997220482094 ] } },
{ "type": "Feature", "properties": { "visible_points": 45, "total_points": 81, "visibility_pct": 55.555555555555557 }, "geometry": { "type": "Point", "coordinates": [ -2.210492824099698, 53.813997590171319 ] } },
{ "type": "Feature", "properties": { "visible_points": 42, "total_points": 85, "visibility_pct": 49.411764705882355 }, "geometry": { "type": "Point", "coordinates": [ -2.209230166746517, 53.813999800553354 ] } },
{ "type": "Feature", "properties": { "visible_points": 51, "total_points": 88, "visibility_pct": 57.95454545454546 }, "geometry": { "type": "Point", "coordinates": [ -2.209019723838018, 53.814000167658136 ] } },
{ "type": "Feature", "properties": { "visible_points": 40, "total_points": 93, "visibility_pct": 43.01075268817204 }, "geometry": { "type": "Point", "coordinates": [ -2.208809280924877, 53.814000534393713 ] } },
{ "type": "Feature", "properties": { "visible_points": 41, "total_points": 98, "visibility_pct": 41.836734693877553 }, "geometry": { "type": "Point", "coordinates": [ -2.208598838007091, 53.814000900760092 ] } },
{ "type": "Feature", "properties": { "visible_points": 45, "total_points": 103, "visibility_pct": 43.689320388349515 }, "geometry": { "type": "Point", "coordinates": [ -2.208388395084671, 53.814001266757245 ] } },
{ "type": "Feature", "properties": { "visible_points": 52, "total_points": 107, "visibility_pct": 48.598130841121495 }, "geometry": { "type": "Point", "coordinates": [ -2.208177952157623, 53.814001632385207 ] } },
{ "type": "Feature", "properties": { "visible_points": 57, "total_points": 111, "visibility_pct": 51.351351351351347 }, "geometry": { "type": "Point", "coordinates": [ -2.207967509225943, 53.81400199764397 ] } },
{ "type": "Feature", "properties": { "visible_points": 54, "total_points": 114, "visibility_pct": 47.368421052631575 }, "geometry": { "type": "Point", "coordinates": [ -2.20775706628964, 53.8140023625335 ] } },
{ "type": "Feature", "properties": { "visible_points": 60, "total_points": 117, "visibility_pct": 51.282051282051277 }, "geometry": { "type": "Point", "coordinates": [ -2.20754662334873, 53.814002727053847 ] } },
{ "type": "Feature", "properties": { "visible_points": 78, "total_points": 119, "visibility_pct": 65.546218487394952 }, "geometry": { "type": "Point", "coordinates": [ -2.207336180403199, 53.814003091204995 ] } },
{ "type": "Feature", "properties": { "visible_points": 82, "total_points": 120, "visibility_pct": 68.333333333333329 }, "geometry": { "type": "Point", "coordinates": [ -2.207125737453059, 53.81400345498691 ] } },
{ "type": "Feature", "properties": { "visible_points": 74, "total_points": 120, "visibility_pct": 61.666666666666671 }, "geometry": { "type": "Point", "coordinates": [ -2.206915294498323, 53.81400381839962 ] } },
{ "type": "Feature", "properties": { "visible_points": 76, "total_points": 120, "visibility_pct": 63.333333333333329 }, "geometry": { "type": "Point", "coordinates": [ -2.206704851538986, 53.814004181443138 ] } },
{ "type": "Feature", "properties": { "visible_points": 71, "total_points": 120, "visibility_pct": 59.166666666666664 }, "geometry": { "type": "Point", "coordinates": [ -2.206494408575051, 53.814004544117438 ] } },
{ "type": "Feature", "properties": { "visible_points": 61, "total_points": 120, "visibility_pct": 50.833333333333329 }, "geometry": { "type": "Point", "coordinates": [ -2.206283965606534, 53.814004906422547 ] } },
{ "type": "Feature", "properties": { "visible_points": 71, "total_points": 120, "visibility_pct": 59.166666666666664 }, "geometry": { "type": "Point", "coordinates": [ -2.206073522633427, 53.814005268358422 ] } },
{ "type": "Feature", "properties": { "visible_points": 75, "total_points": 115, "visibility_pct": 65.217391304347828 }, "geometry": { "type": "Point", "coordinates": [ -2.205863079655742, 53.814005629925113 ] } },
{ "type": "Feature", "properties": { "visible_points": 52, "total_points": 107, "visibility_pct": 48.598130841121495 }, "geometry": { "type": "Point", "coordinates": [ -2.205652636673485, 53.814005991122592 ] } },
{ "type": "Feature", "properties": { "visible_points": 36, "total_points": 98, "visibility_pct": 36.734693877551024 }, "geometry": { "type": "Point", "coordinates": [ -2.205442193686655, 53.814006351950852 ] } },
{ "type": "Feature", "properties": { "visible_points": 29, "total_points": 88, "visibility_pct": 32.954545454545453 }, "geometry": { "type": "Point", "coordinates": [ -2.205231750695261, 53.814006712409913 ] } },
{ "type": "Feature", "properties": { "visible_points": 52, "total_points": 80, "visibility_pct": 65.0 }, "geometry": { "type": "Point", "coordinates": [ -2.211861250056815, 53.814103035185397 ] } },
{ "type": "Feature", "properties": { "visible_points": 49, "total_points": 85, "visibility_pct": 57.647058823529406 }, "geometry": { "type": "Point", "coordinates": [ -2.211650806667401, 53.814103406910675 ] } },
{ "type": "Feature", "properties": { "visible_points": 51, "total_points": 89, "visibility_pct": 57.303370786516851 }, "geometry": { "type": "Point", "coordinates": [ -2.211440363273295, 53.814103778266727 ] } },
{ "type": "Feature", "properties": { "visible_points": 50, "total_points": 90, "visibility_pct": 55.555555555555557 }, "geometry": { "type": "Point", "coordinates": [ -2.211229919874477, 53.814104149253595 ] } },
{ "type": "Feature", "properties": { "visible_points": 56, "total_points": 91, "visibility_pct": 61.53846153846154 }, "geometry": { "type": "Point", "coordinates": [ -2.211019476470973, 53.814104519871229 ] } },
{ "type": "Feature", "properties": { "visible_points": 54, "total_points": 91, "visibility_pct": 59.340659340659343 }, "geometry": { "type": "Point", "coordinates": [ -2.210809033062779, 53.81410489011968 ] } },
{ "type": "Feature", "properties": { "visible_points": 52, "total_points": 92, "visibility_pct": 56.521739130434781 }, "geometry": { "type": "Point", "coordinates": [ -2.210598589649897, 53.814105259998904 ] } },
{ "type": "Feature", "properties": { "visible_points": 8, "total_points": 92, "visibility_pct": 8.695652173913043 }, "geometry": { "type": "Point", "coordinates": [ -2.209756815951618, 53.814106735823742 ] } },
{ "type": "Feature", "properties": { "visible_points": 21, "total_points": 92, "visibility_pct": 22.826086956521738 }, "geometry": { "type": "Point", "coordinates": [ -2.209546372515379, 53.814107103856948 ] } },
{ "type": "Feature", "properties": { "visible_points": 34, "total_points": 93, "visibility_pct": 36.55913978494624 }, "geometry": { "type": "Point", "coordinates": [ -2.209335929074486, 53.814107471520927 ] } },
{ "type": "Feature", "properties": { "visible_points": 53, "total_points": 96, "visibility_pct": 55.208333333333336 }, "geometry": { "type": "Point", "coordinates": [ -2.209125485628945, 53.814107838815694 ] } },
{ "type": "Feature", "properties": { "visible_points": 54, "total_points": 100, "visibility_pct": 54.0 }, "geometry": { "type": "Point", "coordinates": [ -2.208915042178749, 53.814108205741277 ] } },
{ "type": "Feature", "properties": { "visible_points": 44, "total_points": 104, "visibility_pct": 42.307692307692307 }, "geometry": { "type": "Point", "coordinates": [ -2.208704598723917, 53.814108572297641 ] } },
{ "type": "Feature", "properties": { "visible_points": 50, "total_points": 109, "visibility_pct": 45.871559633027523 }, "geometry": { "type": "Point", "coordinates": [ -2.208494155264441, 53.814108938484807 ] } },
{ "type": "Feature", "properties": { "visible_points": 56, "total_points": 113, "visibility_pct": 49.557522123893804 }, "geometry": { "type": "Point", "coordinates": [ -2.208283711800334, 53.814109304302747 ] } },
{ "type": "Feature", "properties": { "visible_points": 60, "total_points": 116, "visibility_pct": 51.724137931034484 }, "geometry": { "type": "Point", "coordinates": [ -2.2080732683316, 53.814109669751488 ] } },
{ "type": "Feature", "properties": { "visible_points": 62, "total_points": 118, "visibility_pct": 52.542372881355938 }, "geometry": { "type": "Point", "coordinates": [ -2.207862824858235, 53.814110034831018 ] } },
{ "type": "Feature", "properties": { "visible_points": 55, "total_points": 120, "visibility_pct": 45.833333333333329 }, "geometry": { "type": "Point", "coordinates": [ -2.207652381380262, 53.814110399541342 ] } },
{ "type": "Feature", "properties": { "visible_points": 65, "total_points": 120, "visibility_pct": 54.166666666666664 }, "geometry": { "type": "Point", "coordinates": [ -2.207441937897666, 53.814110763882447 ] } },
{ "type": "Feature", "properties": { "visible_points": 84, "total_points": 120, "visibility_pct": 70.0 }, "geometry": { "type": "Point", "coordinates": [ -2.20723149441046, 53.814111127854346 ] } },
{ "type": "Feature", "properties": { "visible_points": 87, "total_points": 120, "visibility_pct": 72.5 }, "geometry": { "type": "Point", "coordinates": [ -2.207021050918652, 53.814111491457062 ] } },
{ "type": "Feature", "properties": { "visible_points": 72, "total_points": 120, "visibility_pct": 60.0 }, "geometry": { "type": "Point", "coordinates": [ -2.20681060742224, 53.814111854690552 ] } },
{ "type": "Feature", "properties": { "visible_points": 72, "total_points": 120, "visibility_pct": 60.0 }, "geometry": { "type": "Point", "coordinates": [ -2.206600163921232, 53.814112217554829 ] } },
{ "type": "Feature", "properties": { "visible_points": 48, "total_points": 120, "visibility_pct": 40.0 }, "geometry": { "type": "Point", "coordinates": [ -2.206389720415638, 53.814112580049894 ] } },
{ "type": "Feature", "properties": { "visible_points": 60, "total_points": 120, "visibility_pct": 50.0 }, "geometry": { "type": "Point", "coordinates": [ -2.206179276905449, 53.814112942175754 ] } },
{ "type": "Feature", "properties": { "visible_points": 80, "total_points": 120, "visibility_pct": 66.666666666666657 }, "geometry": { "type": "Point", "coordinates": [ -2.205968833390685, 53.814113303932423 ] } },
{ "type": "Feature", "properties": { "visible_points": 69, "total_points": 115, "visibility_pct": 60.0 }, "geometry": { "type": "Point", "coordinates": [ -2.205758389871344, 53.814113665319859 ] } },
{ "type": "Feature", "properties": { "visible_points": 48, "total_points": 107, "visibility_pct": 44.859813084112147 }, "geometry": { "type": "Point", "coordinates": [ -2.205547946347425, 53.814114026338103 ] } },
{ "type": "Feature", "properties": { "visible_points": 38, "total_points": 98, "visibility_pct": 38.775510204081634 }, "geometry": { "type": "Point", "coordinates": [ -2.205337502818939, 53.814114386987121 ] } },
{ "type": "Feature", "properties": { "visible_points": 31, "total_points": 87, "visibility_pct": 35.632183908045981 }, "geometry": { "type": "Point", "coordinates": [ -2.205127059285894, 53.814114747266949 ] } },
{ "type": "Feature", "properties": { "visible_points": 42, "total_points": 83, "visibility_pct": 50.602409638554214 }, "geometry": { "type": "Point", "coordinates": [ -2.212177463292584, 53.814210331488788 ] } },
{ "type": "Feature", "properties": { "visible_points": 58, "total_points": 88, "visibility_pct": 65.909090909090907 }, "geometry": { "type": "Point", "coordinates": [ -2.211967019370861, 53.81421070377327 ] } },
{ "type": "Feature", "properties": { "visible_points": 59, "total_points": 92, "visibility_pct": 64.130434782608688 }, "geometry": { "type": "Point", "coordinates": [ -2.211756575444433, 53.814211075688547 ] } },
{ "type": "Feature", "properties": { "visible_points": 57, "total_points": 97, "visibility_pct": 58.762886597938149 }, "geometry": { "type": "Point", "coordinates": [ -2.211546131513299, 53.814211447234619 ] } },
{ "type": "Feature", "properties": { "visible_points": 54, "total_points": 101, "visibility_pct": 53.46534653465347 }, "geometry": { "type": "Point", "coordinates": [ -2.211335687577463, 53.814211818411458 ] } },
{ "type": "Feature", "properties": { "visible_points": 50, "total_points": 102, "visibility_pct": 49.019607843137251 }, "geometry": { "type": "Point", "coordinates": [ -2.211125243636927, 53.814212189219148 ] } },
{ "type": "Feature", "properties": { "visible_points": 64, "total_points": 102, "visibility_pct": 62.745098039215684 }, "geometry": { "type": "Point", "coordinates": [ -2.210914799691703, 53.81421255965757 ] } },
{ "type": "Feature", "properties": { "visible_points": 57, "total_points": 102, "visibility_pct": 55.882352941176471 }, "geometry": { "type": "Point", "coordinates": [ -2.210704355741786, 53.814212929726807 ] } },
{ "type": "Feature", "properties": { "visible_points": 56, "total_points": 102, "visibility_pct": 54.901960784313729 }, "geometry": { "type": "Point", "coordinates": [ -2.210493911787196, 53.814213299426839 ] } },
{ "type": "Feature", "properties": { "visible_points": 3, "total_points": 101, "visibility_pct": 2.9702970297029703 }, "geometry": { "type": "Point", "coordinates": [ -2.210073023863973, 53.814214037719267 ] } },
{ "type": "Feature", "properties": { "visible_points": 14, "total_points": 100, "visibility_pct": 14.000000000000002 }, "geometry": { "type": "Point", "coordinates": [ -2.209862579895354, 53.814214406311663 ] } },
{ "type": "Feature", "properties": { "visible_points": 13, "total_points": 100, "visibility_pct": 13.0 }, "geometry": { "type": "Point", "coordinates": [ -2.20965213592208, 53.814214774534861 ] } },
{ "type": "Feature", "properties": { "visible_points": 31, "total_points": 101, "visibility_pct": 30.693069306930692 }, "geometry": { "type": "Point", "coordinates": [ -2.209441691944138, 53.814215142388854 ] } },
{ "type": "Feature", "properties": { "visible_points": 48, "total_points": 103, "visibility_pct": 46.601941747572816 }, "geometry": { "type": "Point", "coordinates": [ -2.209231247961546, 53.814215509873605 ] } },
{ "type": "Feature", "properties": { "visible_points": 55, "total_points": 106, "visibility_pct": 51.886792452830186 }, "geometry": { "type": "Point", "coordinates": [ -2.209020803974301, 53.814215876989181 ] } },
{ "type": "Feature", "properties": { "visible_points": 61, "total_points": 110, "visibility_pct": 55.454545454545453 }, "geometry": { "type": "Point", "coordinates": [ -2.208810359982413, 53.814216243735537 ] } },
{ "type": "Feature", "properties": { "visible_points": 57, "total_points": 114, "visibility_pct": 50.0 }, "geometry": { "type": "Point", "coordinates": [ -2.208599915985882, 53.814216610112688 ] } },
{ "type": "Feature", "properties": { "visible_points": 56, "total_points": 117, "visibility_pct": 47.863247863247864 }, "geometry": { "type": "Point", "coordinates": [ -2.208389471984719, 53.814216976120626 ] } },
{ "type": "Feature", "properties": { "visible_points": 69, "total_points": 119, "visibility_pct": 57.983193277310932 }, "geometry": { "type": "Point", "coordinates": [ -2.208179027978921, 53.814217341759345 ] } },
{ "type": "Feature", "properties": { "visible_points": 75, "total_points": 120, "visibility_pct": 62.5 }, "geometry": { "type": "Point", "coordinates": [ -2.207968583968501, 53.814217707028874 ] } },
{ "type": "Feature", "properties": { "visible_points": 70, "total_points": 120, "visibility_pct": 58.333333333333336 }, "geometry": { "type": "Point", "coordinates": [ -2.207758139953454, 53.814218071929183 ] } },
{ "type": "Feature", "properties": { "visible_points": 58, "total_points": 120, "visibility_pct": 48.333333333333336 }, "geometry": { "type": "Point", "coordinates": [ -2.207547695933792, 53.81421843646028 ] } },
{ "type": "Feature", "properties": { "visible_points": 64, "total_points": 120, "visibility_pct": 53.333333333333336 }, "geometry": { "type": "Point", "coordinates": [ -2.207337251909516, 53.814218800622164 ] } },
{ "type": "Feature", "properties": { "visible_points": 79, "total_points": 120, "visibility_pct": 65.833333333333329 }, "geometry": { "type": "Point", "coordinates": [ -2.207126807880635, 53.81421916441483 ] } },
{ "type": "Feature", "properties": { "visible_points": 77, "total_points": 120, "visibility_pct": 64.166666666666671 }, "geometry": { "type": "Point", "coordinates": [ -2.206916363847152, 53.814219527838297 ] } },
{ "type": "Feature", "properties": { "visible_points": 73, "total_points": 120, "visibility_pct": 60.833333333333329 }, "geometry": { "type": "Point", "coordinates": [ -2.206705919809065, 53.814219890892566 ] } },
{ "type": "Feature", "properties": { "visible_points": 63, "total_points": 120, "visibility_pct": 52.5 }, "geometry": { "type": "Point", "coordinates": [ -2.20649547576639, 53.814220253577631 ] } },
{ "type": "Feature", "properties": { "visible_points": 64, "total_points": 120, "visibility_pct": 53.333333333333336 }, "geometry": { "type": "Point", "coordinates": [ -2.20628503171912, 53.814220615893461 ] } },
{ "type": "Feature", "properties": { "visible_points": 68, "total_points": 120, "visibility_pct": 56.666666666666664 }, "geometry": { "type": "Point", "coordinates": [ -2.206074587667276, 53.814220977840073 ] } },
{ "type": "Feature", "properties": { "visible_points": 76, "total_points": 120, "visibility_pct": 63.333333333333329 }, "geometry": { "type": "Point", "coordinates": [ -2.205864143610839, 53.8142213394175 ] } },
{ "type": "Feature", "properties": { "visible_points": 60, "total_points": 115, "visibility_pct": 52.173913043478258 }, "geometry": { "type": "Point", "coordinates": [ -2.205653699549833, 53.814221700625723 ] } },
{ "type": "Feature", "properties": { "visible_points": 43, "total_points": 107, "visibility_pct": 40.186915887850468 }, "geometry": { "type": "Point", "coordinates": [ -2.205443255484262, 53.814222061464704 ] } },
{ "type": "Feature", "properties": { "visible_points": 33, "total_points": 97, "visibility_pct": 34.020618556701031 }, "geometry": { "type": "Point", "coordinates": [ -2.205232811414116, 53.814222421934502 ] } },
{ "type": "Feature", "properties": { "visible_points": 34, "total_points": 84, "visibility_pct": 40.476190476190474 }, "geometry": { "type": "Point", "coordinates": [ -2.205022367339414, 53.814222782035088 ] } },
{ "type": "Feature", "properties": { "visible_points": 46, "total_points": 81, "visibility_pct": 56.79012345679012 }, "geometry": { "type": "Point", "coordinates": [ -2.212704122588679, 53.814317253730309 ] } },
{ "type": "Feature", "properties": { "visible_points": 33, "total_points": 86, "visibility_pct": 38.372093023255815 }, "geometry": { "type": "Point", "coordinates": [ -2.212493678139385, 53.814317626943222 ] } },
{ "type": "Feature", "properties": { "visible_points": 44, "total_points": 90, "visibility_pct": 48.888888888888886 }, "geometry": { "type": "Point", "coordinates": [ -2.212283233685362, 53.814317999786951 ] } },
{ "type": "Feature", "properties": { "visible_points": 51, "total_points": 95, "visibility_pct": 53.684210526315788 }, "geometry": { "type": "Point", "coordinates": [ -2.212072789226621, 53.814318372261447 ] } },
{ "type": "Feature", "properties": { "visible_points": 61, "total_points": 100, "visibility_pct": 61.0 }, "geometry": { "type": "Point", "coordinates": [ -2.211862344763173, 53.814318744366751 ] } },
{ "type": "Feature", "properties": { "visible_points": 68, "total_points": 104, "visibility_pct": 65.384615384615387 }, "geometry": { "type": "Point", "coordinates": [ -2.211651900295011, 53.81431911610283 ] } },
{ "type": "Feature", "properties": { "visible_points": 69, "total_points": 107, "visibility_pct": 64.485981308411212 }, "geometry": { "type": "Point", "coordinates": [ -2.211441455822146, 53.814319487469696 ] } },
{ "type": "Feature", "properties": { "visible_points": 60, "total_points": 111, "visibility_pct": 54.054054054054056 }, "geometry": { "type": "Point", "coordinates": [ -2.211231011344585, 53.81431985846735 ] } },
{ "type": "Feature", "properties": { "visible_points": 64, "total_points": 112, "visibility_pct": 57.142857142857139 }, "geometry": { "type": "Point", "coordinates": [ -2.211020566862326, 53.814320229095813 ] } },
{ "type": "Feature", "properties": { "visible_points": 66, "total_points": 112, "visibility_pct": 58.928571428571431 }, "geometry": { "type": "Point", "coordinates": [ -2.210810122375382, 53.81432059935505 ] } },
{ "type": "Feature", "properties": { "visible_points": 61, "total_points": 111, "visibility_pct": 54.954954954954957 }, "geometry": { "type": "Point", "coordinates": [ -2.210599677883746, 53.814320969245095 ] } },
{ "type": "Feature", "properties": { "visible_points": 58, "total_points": 110, "visibility_pct": 52.72727272727272 }, "geometry": { "type": "Point", "coordinates": [ -2.210389233387435, 53.814321338765915 ] } },
{ "type": "Feature", "properties": { "visible_points": 47, "total_points": 108, "visibility_pct": 43.518518518518519 }, "geometry": { "type": "Point", "coordinates": [ -2.210178788886448, 53.814321707917522 ] } },
{ "type": "Feature", "properties": { "visible_points": 0, "total_points": 107, "visibility_pct": 0.0 }, "geometry": { "type": "Point", "coordinates": [ -2.209968344380785, 53.814322076699916 ] } },
{ "type": "Feature", "properties": { "visible_points": 13, "total_points": 107, "visibility_pct": 12.149532710280374 }, "geometry": { "type": "Point", "coordinates": [ -2.209757899870461, 53.81432244511312 ] } },
{ "type": "Feature", "properties": { "visible_points": 33, "total_points": 107, "visibility_pct": 30.841121495327101 }, "geometry": { "type": "Point", "coordinates": [ -2.209547455355474, 53.814322813157105 ] } },
{ "type": "Feature", "properties": { "visible_points": 48, "total_points": 109, "visibility_pct": 44.036697247706428 }, "geometry": { "type": "Point", "coordinates": [ -2.209337010835828, 53.81432318083187 ] } },
{ "type": "Feature", "properties": { "visible_points": 53, "total_points": 112, "visibility_pct": 47.321428571428569 }, "geometry": { "type": "Point", "coordinates": [ -2.209126566311533, 53.814323548137438 ] } },
{ "type": "Feature", "properties": { "visible_points": 61, "total_points": 115, "visibility_pct": 53.04347826086957 }, "geometry": { "type": "Point", "coordinates": [ -2.208916121782587, 53.814323915073778 ] } },
{ "type": "Feature", "properties": { "visible_points": 61, "total_points": 118, "visibility_pct": 51.694915254237287 }, "geometry": { "type": "Point", "coordinates": [ -2.208705677248999, 53.814324281640914 ] } },
{ "type": "Feature", "properties": { "visible_points": 66, "total_points": 120, "visibility_pct": 55.000000000000007 }, "geometry": { "type": "Point", "coordinates": [ -2.208495232710773, 53.814324647838852 ] } },
{ "type": "Feature", "properties": { "visible_points": 75, "total_points": 120, "visibility_pct": 62.5 }, "geometry": { "type": "Point", "coordinates": [ -2.208284788167914, 53.814325013667563 ] } },
{ "type": "Feature", "properties": { "visible_points": 81, "total_points": 120, "visibility_pct": 67.5 }, "geometry": { "type": "Point", "coordinates": [ -2.208074343620427, 53.814325379127069 ] } },
{ "type": "Feature", "properties": { "visible_points": 80, "total_points": 120, "visibility_pct": 66.666666666666657 }, "geometry": { "type": "Point", "coordinates": [ -2.207863899068314, 53.814325744217356 ] } },
{ "type": "Feature", "properties": { "visible_points": 68, "total_points": 120, "visibility_pct": 56.666666666666664 }, "geometry": { "type": "Point", "coordinates": [ -2.207653454511584, 53.814326108938445 ] } },
{ "type": "Feature", "properties": { "visible_points": 61, "total_points": 120, "visibility_pct": 50.833333333333329 }, "geometry": { "type": "Point", "coordinates": [ -2.207443009950234, 53.814326473290315 ] } },
{ "type": "Feature", "properties": { "visible_points": 70, "total_points": 120, "visibility_pct": 58.333333333333336 }, "geometry": { "type": "Point", "coordinates": [ -2.20723256538428, 53.814326837272986 ] } },
{ "type": "Feature", "properties": { "visible_points": 72, "total_points": 120, "visibility_pct": 60.0 }, "geometry": { "type": "Point", "coordinates": [ -2.207022120813715, 53.814327200886417 ] } },
{ "type": "Feature", "properties": { "visible_points": 73, "total_points": 120, "visibility_pct": 60.833333333333329 }, "geometry": { "type": "Point", "coordinates": [ -2.206811676238554, 53.814327564130664 ] } },
{ "type": "Feature", "properties": { "visible_points": 64, "total_points": 120, "visibility_pct": 53.333333333333336 }, "geometry": { "type": "Point", "coordinates": [ -2.206601231658793, 53.814327927005706 ] } },
{ "type": "Feature", "properties": { "visible_points": 58, "total_points": 120, "visibility_pct": 48.333333333333336 }, "geometry": { "type": "Point", "coordinates": [ -2.206390787074442, 53.814328289511508 ] } },
{ "type": "Feature", "properties": { "visible_points": 71, "total_points": 120, "visibility_pct": 59.166666666666664 }, "geometry": { "type": "Point", "coordinates": [ -2.206180342485501, 53.814328651648118 ] } },
{ "type": "Feature", "properties": { "visible_points": 81, "total_points": 120, "visibility_pct": 67.5 }, "geometry": { "type": "Point", "coordinates": [ -2.205969897891987, 53.814329013415517 ] } },
{ "type": "Feature", "properties": { "visible_points": 71, "total_points": 120, "visibility_pct": 59.166666666666664 }, "geometry": { "type": "Point", "coordinates": [ -2.20575945329389, 53.814329374813695 ] } },
{ "type": "Feature", "properties": { "visible_points": 51, "total_points": 114, "visibility_pct": 44.736842105263158 }, "geometry": { "type": "Point", "coordinates": [ -2.205549008691218, 53.814329735842669 ] } },
{ "type": "Feature", "properties": { "visible_points": 37, "total_points": 103, "visibility_pct": 35.922330097087382 }, "geometry": { "type": "Point", "coordinates": [ -2.205338564083979, 53.814330096502424 ] } },
{ "type": "Feature", "properties": { "visible_points": 41, "total_points": 90, "visibility_pct": 45.555555555555557 }, "geometry": { "type": "Point", "coordinates": [ -2.20512811947218, 53.814330456792973 ] } },
{ "type": "Feature", "properties": { "visible_points": 41, "total_points": 77, "visibility_pct": 53.246753246753244 }, "geometry": { "type": "Point", "coordinates": [ -2.204917674855819, 53.814330816714303 ] } },
{ "type": "Feature", "properties": { "visible_points": 37, "total_points": 79, "visibility_pct": 46.835443037974684 }, "geometry": { "type": "Point", "coordinates": [ -2.213230784555654, 53.814424173635246 ] } },
{ "type": "Feature", "properties": { "visible_points": 43, "total_points": 84, "visibility_pct": 51.19047619047619 }, "geometry": { "type": "Point", "coordinates": [ -2.213020339578804, 53.814424547776589 ] } },
{ "type": "Feature", "properties": { "visible_points": 51, "total_points": 89, "visibility_pct": 57.303370786516851 }, "geometry": { "type": "Point", "coordinates": [ -2.212809894597219, 53.814424921548749 ] } },
{ "type": "Feature", "properties": { "visible_points": 57, "total_points": 93, "visibility_pct": 61.29032258064516 }, "geometry": { "type": "Point", "coordinates": [ -2.212599449610903, 53.81442529495169 ] } },
{ "type": "Feature", "properties": { "visible_points": 41, "total_points": 98, "visibility_pct": 41.836734693877553 }, "geometry": { "type": "Point", "coordinates": [ -2.212389004619864, 53.814425667985432 ] } },
{ "type": "Feature", "properties": { "visible_points": 42, "total_points": 102, "visibility_pct": 41.17647058823529 }, "geometry": { "type": "Point", "coordinates": [ -2.2121785596241, 53.814426040649948 ] } },
{ "type": "Feature", "properties": { "visible_points": 57, "total_points": 106, "visibility_pct": 53.773584905660378 }, "geometry": { "type": "Point", "coordinates": [ -2.211968114623627, 53.814426412945252 ] } },
{ "type": "Feature", "properties": { "visible_points": 68, "total_points": 110, "visibility_pct": 61.818181818181813 }, "geometry": { "type": "Point", "coordinates": [ -2.211757669618437, 53.814426784871337 ] } },
{ "type": "Feature", "properties": { "visible_points": 76, "total_points": 113, "visibility_pct": 67.256637168141594 }, "geometry": { "type": "Point", "coordinates": [ -2.211547224608546, 53.814427156428238 ] } },
{ "type": "Feature", "properties": { "visible_points": 69, "total_points": 116, "visibility_pct": 59.482758620689658 }, "geometry": { "type": "Point", "coordinates": [ -2.21133677959395, 53.814427527615905 ] } },
{ "type": "Feature", "properties": { "visible_points": 66, "total_points": 118, "visibility_pct": 55.932203389830505 }, "geometry": { "type": "Point", "coordinates": [ -2.211126334574655, 53.814427898434374 ] } },
{ "type": "Feature", "properties": { "visible_points": 74, "total_points": 119, "visibility_pct": 62.184873949579831 }, "geometry": { "type": "Point", "coordinates": [ -2.210915889550675, 53.814428268883631 ] } },
{ "type": "Feature", "properties": { "visible_points": 68, "total_points": 117, "visibility_pct": 58.119658119658126 }, "geometry": { "type": "Point", "coordinates": [ -2.210705444522002, 53.814428638963662 ] } },
{ "type": "Feature", "properties": { "visible_points": 70, "total_points": 115, "visibility_pct": 60.869565217391312 }, "geometry": { "type": "Point", "coordinates": [ -2.21049499948865, 53.814429008674495 ] } },
{ "type": "Feature", "properties": { "visible_points": 57, "total_points": 114, "visibility_pct": 50.0 }, "geometry": { "type": "Point", "coordinates": [ -2.210284554450613, 53.814429378016101 ] } },
{ "type": "Feature", "properties": { "visible_points": 42, "total_points": 113, "visibility_pct": 37.168141592920357 }, "geometry": { "type": "Point", "coordinates": [ -2.210074109407912, 53.814429746988516 ] } },
{ "type": "Feature", "properties": { "visible_points": 15, "total_points": 112, "visibility_pct": 13.392857142857142 }, "geometry": { "type": "Point", "coordinates": [ -2.209863664360535, 53.814430115591705 ] } },
{ "type": "Feature", "properties": { "visible_points": 25, "total_points": 113, "visibility_pct": 22.123893805309734 }, "geometry": { "type": "Point", "coordinates": [ -2.209653219308498, 53.814430483825682 ] } },
{ "type": "Feature", "properties": { "visible_points": 37, "total_points": 114, "visibility_pct": 32.456140350877192 }, "geometry": { "type": "Point", "coordinates": [ -2.209442774251799, 53.814430851690446 ] } },
{ "type": "Feature", "properties": { "visible_points": 63, "total_points": 116, "visibility_pct": 54.310344827586206 }, "geometry": { "type": "Point", "coordinates": [ -2.209232329190453, 53.814431219186005 ] } },
{ "type": "Feature", "properties": { "visible_points": 44, "total_points": 118, "visibility_pct": 37.288135593220339 }, "geometry": { "type": "Point", "coordinates": [ -2.209021884124442, 53.814431586312367 ] } },
{ "type": "Feature", "properties": { "visible_points": 61, "total_points": 120, "visibility_pct": 50.833333333333329 }, "geometry": { "type": "Point", "coordinates": [ -2.208811439053794, 53.814431953069487 ] } },
{ "type": "Feature", "properties": { "visible_points": 69, "total_points": 120, "visibility_pct": 57.5 }, "geometry": { "type": "Point", "coordinates": [ -2.20860099397851, 53.814432319457403 ] } },
{ "type": "Feature", "properties": { "visible_points": 85, "total_points": 120, "visibility_pct": 70.833333333333343 }, "geometry": { "type": "Point", "coordinates": [ -2.208390548898586, 53.814432685476127 ] } },
{ "type": "Feature", "properties": { "visible_points": 87, "total_points": 120, "visibility_pct": 72.5 }, "geometry": { "type": "Point", "coordinates": [ -2.208180103814027, 53.814433051125611 ] } },
{ "type": "Feature", "properties": { "visible_points": 93, "total_points": 120, "visibility_pct": 77.5 }, "geometry": { "type": "Point", "coordinates": [ -2.207969658724847, 53.814433416405898 ] } },
{ "type": "Feature", "properties": { "visible_points": 83, "total_points": 120, "visibility_pct": 69.166666666666671 }, "geometry": { "type": "Point", "coordinates": [ -2.207759213631039, 53.814433781316957 ] } },
{ "type": "Feature", "properties": { "visible_points": 65, "total_points": 120, "visibility_pct": 54.166666666666664 }, "geometry": { "type": "Point", "coordinates": [ -2.207548768532623, 53.814434145858833 ] } },
{ "type": "Feature", "properties": { "visible_points": 66, "total_points": 120, "visibility_pct": 55.000000000000007 }, "geometry": { "type": "Point", "coordinates": [ -2.207338323429585, 53.814434510031468 ] } },
{ "type": "Feature", "properties": { "visible_points": 68, "total_points": 120, "visibility_pct": 56.666666666666664 }, "geometry": { "type": "Point", "coordinates": [ -2.207127878321941, 53.814434873834912 ] } },
{ "type": "Feature", "properties": { "visible_points": 74, "total_points": 120, "visibility_pct": 61.666666666666671 }, "geometry": { "type": "Point", "coordinates": [ -2.206917433209701, 53.814435237269123 ] } },
{ "type": "Feature", "properties": { "visible_points": 63, "total_points": 120, "visibility_pct": 52.5 }, "geometry": { "type": "Point", "coordinates": [ -2.206706988092855, 53.814435600334129 ] } },
{ "type": "Feature", "properties": { "visible_points": 62, "total_points": 120, "visibility_pct": 51.666666666666671 }, "geometry": { "type": "Point", "coordinates": [ -2.206496542971417, 53.814435963029929 ] } },
{ "type": "Feature", "properties": { "visible_points": 58, "total_points": 120, "visibility_pct": 48.333333333333336 }, "geometry": { "type": "Point", "coordinates": [ -2.206286097845392, 53.814436325356517 ] } },
{ "type": "Feature", "properties": { "visible_points": 66, "total_points": 119, "visibility_pct": 55.462184873949582 }, "geometry": { "type": "Point", "coordinates": [ -2.20607565271478, 53.814436687313879 ] } },
{ "type": "Feature", "properties": { "visible_points": 73, "total_points": 117, "visibility_pct": 62.393162393162392 }, "geometry": { "type": "Point", "coordinates": [ -2.20586520757959, 53.814437048902036 ] } },
{ "type": "Feature", "properties": { "visible_points": 60, "total_points": 115, "visibility_pct": 52.173913043478258 }, "geometry": { "type": "Point", "coordinates": [ -2.205654762439826, 53.814437410120973 ] } },
{ "type": "Feature", "properties": { "visible_points": 44, "total_points": 106, "visibility_pct": 41.509433962264154 }, "geometry": { "type": "Point", "coordinates": [ -2.205444317295485, 53.814437770970706 ] } },
{ "type": "Feature", "properties": { "visible_points": 42, "total_points": 93, "visibility_pct": 45.161290322580641 }, "geometry": { "type": "Point", "coordinates": [ -2.205233872146584, 53.814438131451226 ] } },
{ "type": "Feature", "properties": { "visible_points": 49, "total_points": 81, "visibility_pct": 60.493827160493829 }, "geometry": { "type": "Point", "coordinates": [ -2.205023426993121, 53.814438491562527 ] } },
{ "type": "Feature", "properties": { "visible_points": 34, "total_points": 69, "visibility_pct": 49.275362318840585 }, "geometry": { "type": "Point", "coordinates": [ -2.204812981835103, 53.814438851304622 ] } },
{ "type": "Feature", "properties": { "visible_points": 38, "total_points": 82, "visibility_pct": 46.341463414634148 }, "geometry": { "type": "Point", "coordinates": [ -2.213547003689081, 53.814531466273337 ] } },
{ "type": "Feature", "properties": { "visible_points": 40, "total_points": 87, "visibility_pct": 45.977011494252871 }, "geometry": { "type": "Point", "coordinates": [ -2.213336558179955, 53.814531840973935 ] } },
{ "type": "Feature", "properties": { "visible_points": 32, "total_points": 91, "visibility_pct": 35.164835164835168 }, "geometry": { "type": "Point", "coordinates": [ -2.21312611266609, 53.814532215305334 ] } },
{ "type": "Feature", "properties": { "visible_points": 38, "total_points": 96, "visibility_pct": 39.583333333333329 }, "geometry": { "type": "Point", "coordinates": [ -2.212915667147483, 53.814532589267507 ] } },
{ "type": "Feature", "properties": { "visible_points": 54, "total_points": 101, "visibility_pct": 53.46534653465347 }, "geometry": { "type": "Point", "coordinates": [ -2.212705221624151, 53.814532962860476 ] } },
{ "type": "Feature", "properties": { "visible_points": 55, "total_points": 105, "visibility_pct": 52.380952380952387 }, "geometry": { "type": "Point", "coordinates": [ -2.212494776096087, 53.814533336084232 ] } },
{ "type": "Feature", "properties": { "visible_points": 43, "total_points": 108, "visibility_pct": 39.814814814814817 }, "geometry": { "type": "Point", "coordinates": [ -2.212284330563301, 53.814533708938754 ] } },
{ "type": "Feature", "properties": { "visible_points": 46, "total_points": 112, "visibility_pct": 41.071428571428569 }, "geometry": { "type": "Point", "coordinates": [ -2.212073885025798, 53.814534081424092 ] } },
{ "type": "Feature", "properties": { "visible_points": 60, "total_points": 115, "visibility_pct": 52.173913043478258 }, "geometry": { "type": "Point", "coordinates": [ -2.211863439483582, 53.814534453540212 ] } },
{ "type": "Feature", "properties": { "visible_points": 81, "total_points": 117, "visibility_pct": 69.230769230769226 }, "geometry": { "type": "Point", "coordinates": [ -2.211652993936656, 53.814534825287097 ] } },
{ "type": "Feature", "properties": { "visible_points": 93, "total_points": 119, "visibility_pct": 78.151260504201687 }, "geometry": { "type": "Point", "coordinates": [ -2.21144254838503, 53.814535196664792 ] } },
{ "type": "Feature", "properties": { "visible_points": 85, "total_points": 120, "visibility_pct": 70.833333333333343 }, "geometry": { "type": "Point", "coordinates": [ -2.211232102828697, 53.814535567673268 ] } },
{ "type": "Feature", "properties": { "visible_points": 78, "total_points": 120, "visibility_pct": 65.0 }, "geometry": { "type": "Point", "coordinates": [ -2.211021657267676, 53.814535938312524 ] } },
{ "type": "Feature", "properties": { "visible_points": 80, "total_points": 120, "visibility_pct": 66.666666666666657 }, "geometry": { "type": "Point", "coordinates": [ -2.210811211701964, 53.814536308582561 ] } },
{ "type": "Feature", "properties": { "visible_points": 74, "total_points": 119, "visibility_pct": 62.184873949579831 }, "geometry": { "type": "Point", "coordinates": [ -2.210600766131564, 53.8145366784834 ] } },
{ "type": "Feature", "properties": { "visible_points": 64, "total_points": 118, "visibility_pct": 54.237288135593218 }, "geometry": { "type": "Point", "coordinates": [ -2.210390320556489, 53.814537048015019 ] } },
{ "type": "Feature", "properties": { "visible_points": 50, "total_points": 117, "visibility_pct": 42.735042735042732 }, "geometry": { "type": "Point", "coordinates": [ -2.210179874976733, 53.814537417177434 ] } },
{ "type": "Feature", "properties": { "visible_points": 39, "total_points": 117, "visibility_pct": 33.333333333333329 }, "geometry": { "type": "Point", "coordinates": [ -2.209969429392308, 53.814537785970629 ] } },
{ "type": "Feature", "properties": { "visible_points": 25, "total_points": 117, "visibility_pct": 21.367521367521366 }, "geometry": { "type": "Point", "coordinates": [ -2.209758983803217, 53.814538154394619 ] } },
{ "type": "Feature", "properties": { "visible_points": 45, "total_points": 118, "visibility_pct": 38.135593220338983 }, "geometry": { "type": "Point", "coordinates": [ -2.209548538209464, 53.814538522449382 ] } },
{ "type": "Feature", "properties": { "visible_points": 50, "total_points": 119, "visibility_pct": 42.016806722689076 }, "geometry": { "type": "Point", "coordinates": [ -2.209338092611049, 53.814538890134926 ] } },
{ "type": "Feature", "properties": { "visible_points": 58, "total_points": 120, "visibility_pct": 48.333333333333336 }, "geometry": { "type": "Point", "coordinates": [ -2.209127647007989, 53.814539257451273 ] } },
{ "type": "Feature", "properties": { "visible_points": 48, "total_points": 120, "visibility_pct": 40.0 }, "geometry": { "type": "Point", "coordinates": [ -2.208917201400279, 53.814539624398414 ] } },
{ "type": "Feature", "properties": { "visible_points": 66, "total_points": 120, "visibility_pct": 55.000000000000007 }, "geometry": { "type": "Point", "coordinates": [ -2.208706755787925, 53.814539990976328 ] } },
{ "type": "Feature", "properties": { "visible_points": 79, "total_points": 120, "visibility_pct": 65.833333333333329 }, "geometry": { "type": "Point", "coordinates": [ -2.208496310170933, 53.814540357185017 ] } },
{ "type": "Feature", "properties": { "visible_points": 89, "total_points": 120, "visibility_pct": 74.166666666666671 }, "geometry": { "type": "Point", "coordinates": [ -2.208285864549307, 53.8145407230245 ] } },
{ "type": "Feature", "properties": { "visible_points": 85, "total_points": 120, "visibility_pct": 70.833333333333343 }, "geometry": { "type": "Point", "coordinates": [ -2.208075418923054, 53.814541088494792 ] } },
{ "type": "Feature", "properties": { "visible_points": 79, "total_points": 120, "visibility_pct": 65.833333333333329 }, "geometry": { "type": "Point", "coordinates": [ -2.207864973292174, 53.814541453595844 ] } },
{ "type": "Feature", "properties": { "visible_points": 74, "total_points": 120, "visibility_pct": 61.666666666666671 }, "geometry": { "type": "Point", "coordinates": [ -2.207654527656675, 53.81454181832769 ] } },
{ "type": "Feature", "properties": { "visible_points": 60, "total_points": 120, "visibility_pct": 50.0 }, "geometry": { "type": "Point", "coordinates": [ -2.207444082016563, 53.814542182690317 ] } },
{ "type": "Feature", "properties": { "visible_points": 69, "total_points": 120, "visibility_pct": 57.5 }, "geometry": { "type": "Point", "coordinates": [ -2.207233636371836, 53.814542546683725 ] } },
{ "type": "Feature", "properties": { "visible_points": 84, "total_points": 120, "visibility_pct": 70.0 }, "geometry": { "type": "Point", "coordinates": [ -2.207023190722507, 53.814542910307935 ] } },
{ "type": "Feature", "properties": { "visible_points": 78, "total_points": 120, "visibility_pct": 65.0 }, "geometry": { "type": "Point", "coordinates": [ -2.206812745068582, 53.814543273562926 ] } },
{ "type": "Feature", "properties": { "visible_points": 68, "total_points": 119, "visibility_pct": 57.142857142857139 }, "geometry": { "type": "Point", "coordinates": [ -2.20660229941005, 53.81454363644869 ] } },
{ "type": "Feature", "properties": { "visible_points": 74, "total_points": 117, "visibility_pct": 63.247863247863243 }, "geometry": { "type": "Point", "coordinates": [ -2.206391853746934, 53.814543998965256 ] } },
{ "type": "Feature", "properties": { "visible_points": 76, "total_points": 115, "visibility_pct": 66.086956521739125 }, "geometry": { "type": "Point", "coordinates": [ -2.206181408079229, 53.814544361112603 ] } },
{ "type": "Feature", "properties": { "visible_points": 75, "total_points": 112, "visibility_pct": 66.964285714285708 }, "geometry": { "type": "Point", "coordinates": [ -2.205970962406942, 53.814544722890744 ] } },
{ "type": "Feature", "properties": { "visible_points": 72, "total_points": 109, "visibility_pct": 66.055045871559642 }, "geometry": { "type": "Point", "coordinates": [ -2.205760516730077, 53.814545084299652 ] } },
{ "type": "Feature", "properties": { "visible_points": 53, "total_points": 106, "visibility_pct": 50.0 }, "geometry": { "type": "Point", "coordinates": [ -2.205550071048641, 53.814545445339355 ] } },
{ "type": "Feature", "properties": { "visible_points": 40, "total_points": 95, "visibility_pct": 42.105263157894733 }, "geometry": { "type": "Point", "coordinates": [ -2.205339625362635, 53.814545806009846 ] } },
{ "type": "Feature", "properties": { "visible_points": 48, "total_points": 83, "visibility_pct": 57.831325301204814 }, "geometry": { "type": "Point", "coordinates": [ -2.205129179672067, 53.814546166311118 ] } },
{ "type": "Feature", "properties": { "visible_points": 45, "total_points": 71, "visibility_pct": 63.380281690140848 }, "geometry": { "type": "Point", "coordinates": [ -2.20491873397694, 53.814546526243177 ] } },
{ "type": "Feature", "properties": { "visible_points": 27, "total_points": 60, "visibility_pct": 45.0 }, "geometry": { "type": "Point", "coordinates": [ -2.204708288277255, 53.814546885806017 ] } },
{ "type": "Feature", "properties": { "visible_points": 27, "total_points": 80, "visibility_pct": 33.75 }, "geometry": { "type": "Point", "coordinates": [ -2.214073670470162, 53.814638382433436 ] } },
{ "type": "Feature", "properties": { "visible_points": 22, "total_points": 85, "visibility_pct": 25.882352941176475 }, "geometry": { "type": "Point", "coordinates": [ -2.213863224433528, 53.814638758062493 ] } },
{ "type": "Feature", "properties": { "visible_points": 21, "total_points": 89, "visibility_pct": 23.595505617977526 }, "geometry": { "type": "Point", "coordinates": [ -2.213652778392132, 53.814639133322352 ] } },
{ "type": "Feature", "properties": { "visible_points": 46, "total_points": 94, "visibility_pct": 48.936170212765958 }, "geometry": { "type": "Point", "coordinates": [ -2.213442332345995, 53.814639508212949 ] } },
{ "type": "Feature", "properties": { "visible_points": 45, "total_points": 99, "visibility_pct": 45.454545454545453 }, "geometry": { "type": "Point", "coordinates": [ -2.213231886295108, 53.814639882734369 ] } },
{ "type": "Feature", "properties": { "visible_points": 40, "total_points": 103, "visibility_pct": 38.834951456310677 }, "geometry": { "type": "Point", "coordinates": [ -2.213021440239483, 53.814640256886577 ] } },
{ "type": "Feature", "properties": { "visible_points": 43, "total_points": 107, "visibility_pct": 40.186915887850468 }, "geometry": { "type": "Point", "coordinates": [ -2.212810994179129, 53.814640630669558 ] } },
{ "type": "Feature", "properties": { "visible_points": 57, "total_points": 111, "visibility_pct": 51.351351351351347 }, "geometry": { "type": "Point", "coordinates": [ -2.212600548114039, 53.814641004083335 ] } },
{ "type": "Feature", "properties": { "visible_points": 67, "total_points": 114, "visibility_pct": 58.771929824561411 }, "geometry": { "type": "Point", "coordinates": [ -2.212390102044229, 53.814641377127892 ] } },
{ "type": "Feature", "properties": { "visible_points": 39, "total_points": 117, "visibility_pct": 33.333333333333329 }, "geometry": { "type": "Point", "coordinates": [ -2.212179655969696, 53.814641749803236 ] } },
{ "type": "Feature", "properties": { "visible_points": 46, "total_points": 119, "visibility_pct": 38.655462184873954 }, "geometry": { "type": "Point", "coordinates": [ -2.211969209890449, 53.814642122109362 ] } },
{ "type": "Feature", "properties": { "visible_points": 65, "total_points": 120, "visibility_pct": 54.166666666666664 }, "geometry": { "type": "Point", "coordinates": [ -2.211758763806486, 53.814642494046275 ] } },
{ "type": "Feature", "properties": { "visible_points": 88, "total_points": 120, "visibility_pct": 73.333333333333329 }, "geometry": { "type": "Point", "coordinates": [ -2.211548317717822, 53.814642865613983 ] } },
{ "type": "Feature", "properties": { "visible_points": 93, "total_points": 120, "visibility_pct": 77.5 }, "geometry": { "type": "Point", "coordinates": [ -2.211337871624455, 53.814643236812465 ] } },
{ "type": "Feature", "properties": { "visible_points": 94, "total_points": 120, "visibility_pct": 78.333333333333329 }, "geometry": { "type": "Point", "coordinates": [ -2.211127425526388, 53.814643607641742 ] } },
{ "type": "Feature", "properties": { "visible_points": 75, "total_points": 120, "visibility_pct": 62.5 }, "geometry": { "type": "Point", "coordinates": [ -2.210916979423635, 53.814643978101792 ] } },
{ "type": "Feature", "properties": { "visible_points": 72, "total_points": 120, "visibility_pct": 60.0 }, "geometry": { "type": "Point", "coordinates": [ -2.21070653331619, 53.814644348192644 ] } },
{ "type": "Feature", "properties": { "visible_points": 70, "total_points": 120, "visibility_pct": 58.333333333333336 }, "geometry": { "type": "Point", "coordinates": [ -2.210496087204066, 53.81464471791427 ] } },
{ "type": "Feature", "properties": { "visible_points": 59, "total_points": 120, "visibility_pct": 49.166666666666664 }, "geometry": { "type": "Point", "coordinates": [ -2.210285641087259, 53.81464508726669 ] } },
{ "type": "Feature", "properties": { "visible_points": 47, "total_points": 120, "visibility_pct": 39.166666666666664 }, "geometry": { "type": "Point", "coordinates": [ -2.210075194965783, 53.814645456249877 ] } },
{ "type": "Feature", "properties": { "visible_points": 37, "total_points": 120, "visibility_pct": 30.833333333333336 }, "geometry": { "type": "Point", "coordinates": [ -2.209864748839632, 53.814645824863867 ] } },
{ "type": "Feature", "properties": { "visible_points": 52, "total_points": 120, "visibility_pct": 43.333333333333336 }, "geometry": { "type": "Point", "coordinates": [ -2.209654302708821, 53.814646193108622 ] } },
{ "type": "Feature", "properties": { "visible_points": 23, "total_points": 120, "visibility_pct": 19.166666666666668 }, "geometry": { "type": "Point", "coordinates": [ -2.209443856573352, 53.814646560984194 ] } },
{ "type": "Feature", "properties": { "visible_points": 63, "total_points": 120, "visibility_pct": 52.5 }, "geometry": { "type": "Point", "coordinates": [ -2.209233410433225, 53.814646928490532 ] } },
{ "type": "Feature", "properties": { "visible_points": 61, "total_points": 120, "visibility_pct": 50.833333333333329 }, "geometry": { "type": "Point", "coordinates": [ -2.209022964288451, 53.814647295627658 ] } },
{ "type": "Feature", "properties": { "visible_points": 65, "total_points": 120, "visibility_pct": 54.166666666666664 }, "geometry": { "type": "Point", "coordinates": [ -2.208812518139029, 53.814647662395558 ] } },
{ "type": "Feature", "properties": { "visible_points": 73, "total_points": 120, "visibility_pct": 60.833333333333329 }, "geometry": { "type": "Point", "coordinates": [ -2.20860207198497, 53.814648028794252 ] } },
{ "type": "Feature", "properties": { "visible_points": 81, "total_points": 120, "visibility_pct": 67.5 }, "geometry": { "type": "Point", "coordinates": [ -2.208391625826268, 53.814648394823735 ] } },
{ "type": "Feature", "properties": { "visible_points": 75, "total_points": 120, "visibility_pct": 62.5 }, "geometry": { "type": "Point", "coordinates": [ -2.208181179662941, 53.814648760484005 ] } },
{ "type": "Feature", "properties": { "visible_points": 75, "total_points": 120, "visibility_pct": 62.5 }, "geometry": { "type": "Point", "coordinates": [ -2.207970733494983, 53.814649125775048 ] } },
{ "type": "Feature", "properties": { "visible_points": 78, "total_points": 120, "visibility_pct": 65.0 }, "geometry": { "type": "Point", "coordinates": [ -2.207760287322408, 53.814649490696887 ] } },
{ "type": "Feature", "properties": { "visible_points": 75, "total_points": 120, "visibility_pct": 62.5 }, "geometry": { "type": "Point", "coordinates": [ -2.207549841145212, 53.81464985524952 ] } },
{ "type": "Feature", "properties": { "visible_points": 76, "total_points": 120, "visibility_pct": 63.333333333333329 }, "geometry": { "type": "Point", "coordinates": [ -2.207339394963401, 53.814650219432899 ] } },
{ "type": "Feature", "properties": { "visible_points": 88, "total_points": 119, "visibility_pct": 73.94957983193278 }, "geometry": { "type": "Point", "coordinates": [ -2.207128948776988, 53.814650583247094 ] } },
{ "type": "Feature", "properties": { "visible_points": 90, "total_points": 117, "visibility_pct": 76.923076923076934 }, "geometry": { "type": "Point", "coordinates": [ -2.206918502585967, 53.814650946692062 ] } },
{ "type": "Feature", "properties": { "visible_points": 82, "total_points": 115, "visibility_pct": 71.304347826086953 }, "geometry": { "type": "Point", "coordinates": [ -2.206708056390352, 53.814651309767811 ] } },
{ "type": "Feature", "properties": { "visible_points": 71, "total_points": 112, "visibility_pct": 63.392857142857139 }, "geometry": { "type": "Point", "coordinates": [ -2.206497610190138, 53.814651672474355 ] } },
{ "type": "Feature", "properties": { "visible_points": 71, "total_points": 109, "visibility_pct": 65.137614678899084 }, "geometry": { "type": "Point", "coordinates": [ -2.206287163985338, 53.814652034811679 ] } },
{ "type": "Feature", "properties": { "visible_points": 77, "total_points": 106, "visibility_pct": 72.641509433962256 }, "geometry": { "type": "Point", "coordinates": [ -2.206076717775953, 53.814652396779799 ] } },
{ "type": "Feature", "properties": { "visible_points": 72, "total_points": 103, "visibility_pct": 69.902912621359221 }, "geometry": { "type": "Point", "coordinates": [ -2.20586627156199, 53.814652758378692 ] } },
{ "type": "Feature", "properties": { "visible_points": 56, "total_points": 99, "visibility_pct": 56.56565656565656 }, "geometry": { "type": "Point", "coordinates": [ -2.205655825343445, 53.814653119608366 ] } },
{ "type": "Feature", "properties": { "visible_points": 44, "total_points": 93, "visibility_pct": 47.311827956989248 }, "geometry": { "type": "Point", "coordinates": [ -2.205445379120339, 53.81465348046882 ] } },
{ "type": "Feature", "properties": { "visible_points": 46, "total_points": 83, "visibility_pct": 55.421686746987952 }, "geometry": { "type": "Point", "coordinates": [ -2.205234932892661, 53.814653840960069 ] } },
{ "type": "Feature", "properties": { "visible_points": 42, "total_points": 72, "visibility_pct": 58.333333333333336 }, "geometry": { "type": "Point", "coordinates": [ -2.205024486660423, 53.814654201082107 ] } },
{ "type": "Feature", "properties": { "visible_points": 30, "total_points": 61, "visibility_pct": 49.180327868852459 }, "geometry": { "type": "Point", "coordinates": [ -2.204814040423628, 53.814654560834931 ] } },
{ "type": "Feature", "properties": { "visible_points": 34, "total_points": 83, "visibility_pct": 40.963855421686745 }, "geometry": { "type": "Point", "coordinates": [ -2.214389893357878, 53.814745672814375 ] } },
{ "type": "Feature", "properties": { "visible_points": 20, "total_points": 88, "visibility_pct": 22.727272727272727 }, "geometry": { "type": "Point", "coordinates": [ -2.214179446788989, 53.814746049002672 ] } },
{ "type": "Feature", "properties": { "visible_points": 37, "total_points": 92, "visibility_pct": 40.217391304347828 }, "geometry": { "type": "Point", "coordinates": [ -2.213969000215335, 53.814746424821756 ] } },
{ "type": "Feature", "properties": { "visible_points": 38, "total_points": 97, "visibility_pct": 39.175257731958766 }, "geometry": { "type": "Point", "coordinates": [ -2.213758553636932, 53.814746800271635 ] } },
{ "type": "Feature", "properties": { "visible_points": 27, "total_points": 101, "visibility_pct": 26.732673267326735 }, "geometry": { "type": "Point", "coordinates": [ -2.213548107053771, 53.814747175352288 ] } },
{ "type": "Feature", "properties": { "visible_points": 46, "total_points": 105, "visibility_pct": 43.80952380952381 }, "geometry": { "type": "Point", "coordinates": [ -2.213337660465867, 53.814747550063721 ] } },
{ "type": "Feature", "properties": { "visible_points": 47, "total_points": 109, "visibility_pct": 43.119266055045877 }, "geometry": { "type": "Point", "coordinates": [ -2.213127213873222, 53.81474792440595 ] } },
{ "type": "Feature", "properties": { "visible_points": 37, "total_points": 113, "visibility_pct": 32.743362831858406 }, "geometry": { "type": "Point", "coordinates": [ -2.212916767275839, 53.814748298378966 ] } },
{ "type": "Feature", "properties": { "visible_points": 41, "total_points": 116, "visibility_pct": 35.344827586206897 }, "geometry": { "type": "Point", "coordinates": [ -2.212706320673726, 53.814748671982755 ] } },
{ "type": "Feature", "properties": { "visible_points": 61, "total_points": 118, "visibility_pct": 51.694915254237287 }, "geometry": { "type": "Point", "coordinates": [ -2.212495874066888, 53.814749045217326 ] } },
{ "type": "Feature", "properties": { "visible_points": 60, "total_points": 120, "visibility_pct": 50.0 }, "geometry": { "type": "Point", "coordinates": [ -2.212285427455318, 53.814749418082698 ] } },
{ "type": "Feature", "properties": { "visible_points": 38, "total_points": 120, "visibility_pct": 31.666666666666664 }, "geometry": { "type": "Point", "coordinates": [ -2.212074980839038, 53.814749790578844 ] } },
{ "type": "Feature", "properties": { "visible_points": 50, "total_points": 120, "visibility_pct": 41.666666666666671 }, "geometry": { "type": "Point", "coordinates": [ -2.211864534218041, 53.814750162705771 ] } },
{ "type": "Feature", "properties": { "visible_points": 69, "total_points": 120, "visibility_pct": 57.5 }, "geometry": { "type": "Point", "coordinates": [ -2.211654087592339, 53.814750534463485 ] } },
{ "type": "Feature", "properties": { "visible_points": 91, "total_points": 120, "visibility_pct": 75.833333333333329 }, "geometry": { "type": "Point", "coordinates": [ -2.211443640961928, 53.814750905851994 ] } },
{ "type": "Feature", "properties": { "visible_points": 94, "total_points": 120, "visibility_pct": 78.333333333333329 }, "geometry": { "type": "Point", "coordinates": [ -2.211233194326823, 53.814751276871277 ] } },
{ "type": "Feature", "properties": { "visible_points": 88, "total_points": 120, "visibility_pct": 73.333333333333329 }, "geometry": { "type": "Point", "coordinates": [ -2.211022747687019, 53.814751647521334 ] } },
{ "type": "Feature", "properties": { "visible_points": 73, "total_points": 120, "visibility_pct": 60.833333333333329 }, "geometry": { "type": "Point", "coordinates": [ -2.210812301042528, 53.814752017802199 ] } },
{ "type": "Feature", "properties": { "visible_points": 63, "total_points": 120, "visibility_pct": 52.5 }, "geometry": { "type": "Point", "coordinates": [ -2.210601854393352, 53.814752387713831 ] } },
{ "type": "Feature", "properties": { "visible_points": 66, "total_points": 120, "visibility_pct": 55.000000000000007 }, "geometry": { "type": "Point", "coordinates": [ -2.210391407739491, 53.814752757256258 ] } },
{ "type": "Feature", "properties": { "visible_points": 52, "total_points": 120, "visibility_pct": 43.333333333333336 }, "geometry": { "type": "Point", "coordinates": [ -2.210180961080958, 53.814753126429466 ] } },
{ "type": "Feature", "properties": { "visible_points": 51, "total_points": 120, "visibility_pct": 42.5 }, "geometry": { "type": "Point", "coordinates": [ -2.209970514417753, 53.814753495233447 ] } },
{ "type": "Feature", "properties": { "visible_points": 30, "total_points": 120, "visibility_pct": 25.0 }, "geometry": { "type": "Point", "coordinates": [ -2.209760067749885, 53.814753863668216 ] } },
{ "type": "Feature", "properties": { "visible_points": 49, "total_points": 120, "visibility_pct": 40.833333333333336 }, "geometry": { "type": "Point", "coordinates": [ -2.209549621077346, 53.814754231733779 ] } },
{ "type": "Feature", "properties": { "visible_points": 39, "total_points": 120, "visibility_pct": 32.5 }, "geometry": { "type": "Point", "coordinates": [ -2.209339174400158, 53.814754599430124 ] } },
{ "type": "Feature", "properties": { "visible_points": 54, "total_points": 120, "visibility_pct": 45.0 }, "geometry": { "type": "Point", "coordinates": [ -2.209128727718317, 53.814754966757242 ] } },
{ "type": "Feature", "properties": { "visible_points": 58, "total_points": 120, "visibility_pct": 48.333333333333336 }, "geometry": { "type": "Point", "coordinates": [ -2.208918281031822, 53.814755333715169 ] } },
{ "type": "Feature", "properties": { "visible_points": 71, "total_points": 120, "visibility_pct": 59.166666666666664 }, "geometry": { "type": "Point", "coordinates": [ -2.20870783434069, 53.814755700303841 ] } },
{ "type": "Feature", "properties": { "visible_points": 77, "total_points": 120, "visibility_pct": 64.166666666666671 }, "geometry": { "type": "Point", "coordinates": [ -2.208497387644918, 53.814756066523316 ] } },
{ "type": "Feature", "properties": { "visible_points": 83, "total_points": 120, "visibility_pct": 69.166666666666671 }, "geometry": { "type": "Point", "coordinates": [ -2.208286940944512, 53.814756432373578 ] } },
{ "type": "Feature", "properties": { "visible_points": 80, "total_points": 120, "visibility_pct": 66.666666666666657 }, "geometry": { "type": "Point", "coordinates": [ -2.208076494239478, 53.814756797854606 ] } },
{ "type": "Feature", "properties": { "visible_points": 75, "total_points": 120, "visibility_pct": 62.5 }, "geometry": { "type": "Point", "coordinates": [ -2.207866047529818, 53.814757162966437 ] } },
{ "type": "Feature", "properties": { "visible_points": 82, "total_points": 119, "visibility_pct": 68.907563025210081 }, "geometry": { "type": "Point", "coordinates": [ -2.207655600815537, 53.814757527709048 ] } },
{ "type": "Feature", "properties": { "visible_points": 76, "total_points": 117, "visibility_pct": 64.957264957264954 }, "geometry": { "type": "Point", "coordinates": [ -2.207445154096645, 53.814757892082433 ] } },
{ "type": "Feature", "properties": { "visible_points": 80, "total_points": 115, "visibility_pct": 69.565217391304344 }, "geometry": { "type": "Point", "coordinates": [ -2.207234707373139, 53.814758256086613 ] } },
{ "type": "Feature", "properties": { "visible_points": 83, "total_points": 112, "visibility_pct": 74.107142857142861 }, "geometry": { "type": "Point", "coordinates": [ -2.207024260645031, 53.814758619721559 ] } },
{ "type": "Feature", "properties": { "visible_points": 78, "total_points": 109, "visibility_pct": 71.559633027522935 }, "geometry": { "type": "Point", "coordinates": [ -2.206813813912317, 53.814758982987307 ] } },
{ "type": "Feature", "properties": { "visible_points": 64, "total_points": 106, "visibility_pct": 60.377358490566039 }, "geometry": { "type": "Point", "coordinates": [ -2.206603367175011, 53.814759345883814 ] } },
{ "type": "Feature", "properties": { "visible_points": 47, "total_points": 103, "visibility_pct": 45.631067961165051 }, "geometry": { "type": "Point", "coordinates": [ -2.206392920433113, 53.814759708411131 ] } },
{ "type": "Feature", "properties": { "visible_points": 65, "total_points": 99, "visibility_pct": 65.656565656565661 }, "geometry": { "type": "Point", "coordinates": [ -2.206182473686624, 53.814760070569214 ] } },
{ "type": "Feature", "properties": { "visible_points": 67, "total_points": 95, "visibility_pct": 70.526315789473685 }, "geometry": { "type": "Point", "coordinates": [ -2.205972026935556, 53.814760432358085 ] } },
{ "type": "Feature", "properties": { "visible_points": 63, "total_points": 91, "visibility_pct": 69.230769230769226 }, "geometry": { "type": "Point", "coordinates": [ -2.205761580179914, 53.814760793777737 ] } },
{ "type": "Feature", "properties": { "visible_points": 47, "total_points": 87, "visibility_pct": 54.022988505747129 }, "geometry": { "type": "Point", "coordinates": [ -2.205551133419692, 53.814761154828183 ] } },
{ "type": "Feature", "properties": { "visible_points": 47, "total_points": 80, "visibility_pct": 58.75 }, "geometry": { "type": "Point", "coordinates": [ -2.205340686654905, 53.814761515509396 ] } },
{ "type": "Feature", "properties": { "visible_points": 42, "total_points": 71, "visibility_pct": 59.154929577464785 }, "geometry": { "type": "Point", "coordinates": [ -2.205130239885555, 53.814761875821389 ] } },
{ "type": "Feature", "properties": { "visible_points": 24, "total_points": 81, "visibility_pct": 29.629629629629626 }, "geometry": { "type": "Point", "coordinates": [ -2.21491656495297, 53.814852585229559 ] } },
{ "type": "Feature", "properties": { "visible_points": 40, "total_points": 86, "visibility_pct": 46.511627906976742 }, "geometry": { "type": "Point", "coordinates": [ -2.21470611785661, 53.814852962346336 ] } },
{ "type": "Feature", "properties": { "visible_points": 49, "total_points": 90, "visibility_pct": 54.444444444444443 }, "geometry": { "type": "Point", "coordinates": [ -2.214495670755468, 53.814853339093887 ] } },
{ "type": "Feature", "properties": { "visible_points": 48, "total_points": 95, "visibility_pct": 50.526315789473685 }, "geometry": { "type": "Point", "coordinates": [ -2.214285223649568, 53.814853715472218 ] } },
{ "type": "Feature", "properties": { "visible_points": 32, "total_points": 100, "visibility_pct": 32.0 }, "geometry": { "type": "Point", "coordinates": [ -2.2140747765389, 53.814854091481337 ] } },
{ "type": "Feature", "properties": { "visible_points": 53, "total_points": 104, "visibility_pct": 50.96153846153846 }, "geometry": { "type": "Point", "coordinates": [ -2.213864329423475, 53.814854467121236 ] } },
{ "type": "Feature", "properties": { "visible_points": 50, "total_points": 107, "visibility_pct": 46.728971962616825 }, "geometry": { "type": "Point", "coordinates": [ -2.213653882303302, 53.814854842391917 ] } },
{ "type": "Feature", "properties": { "visible_points": 32, "total_points": 111, "visibility_pct": 28.828828828828829 }, "geometry": { "type": "Point", "coordinates": [ -2.21344343517837, 53.814855217293399 ] } },
{ "type": "Feature", "properties": { "visible_points": 54, "total_points": 114, "visibility_pct": 47.368421052631575 }, "geometry": { "type": "Point", "coordinates": [ -2.213232988048706, 53.814855591825641 ] } },
{ "type": "Feature", "properties": { "visible_points": 52, "total_points": 117, "visibility_pct": 44.444444444444443 }, "geometry": { "type": "Point", "coordinates": [ -2.213022540914293, 53.81485596598867 ] } },
{ "type": "Feature", "properties": { "visible_points": 45, "total_points": 119, "visibility_pct": 37.815126050420169 }, "geometry": { "type": "Point", "coordinates": [ -2.212812093775147, 53.814856339782509 ] } },
{ "type": "Feature", "properties": { "visible_points": 53, "total_points": 120, "visibility_pct": 44.166666666666664 }, "geometry": { "type": "Point", "coordinates": [ -2.21260164663128, 53.814856713207092 ] } },
{ "type": "Feature", "properties": { "visible_points": 67, "total_points": 120, "visibility_pct": 55.833333333333336 }, "geometry": { "type": "Point", "coordinates": [ -2.21239119948268, 53.814857086262478 ] } },
{ "type": "Feature", "properties": { "visible_points": 67, "total_points": 120, "visibility_pct": 55.833333333333336 }, "geometry": { "type": "Point", "coordinates": [ -2.212180752329361, 53.814857458948651 ] } },
{ "type": "Feature", "properties": { "visible_points": 48, "total_points": 120, "visibility_pct": 40.0 }, "geometry": { "type": "Point", "coordinates": [ -2.211970305171326, 53.814857831265599 ] } },
{ "type": "Feature", "properties": { "visible_points": 58, "total_points": 120, "visibility_pct": 48.333333333333336 }, "geometry": { "type": "Point", "coordinates": [ -2.21175985800858, 53.814858203213333 ] } },
{ "type": "Feature", "properties": { "visible_points": 77, "total_points": 120, "visibility_pct": 64.166666666666671 }, "geometry": { "type": "Point", "coordinates": [ -2.211549410841128, 53.814858574791849 ] } },
{ "type": "Feature", "properties": { "visible_points": 82, "total_points": 120, "visibility_pct": 68.333333333333329 }, "geometry": { "type": "Point", "coordinates": [ -2.211338963668975, 53.814858946001152 ] } },
{ "type": "Feature", "properties": { "visible_points": 81, "total_points": 120, "visibility_pct": 67.5 }, "geometry": { "type": "Point", "coordinates": [ -2.211128516492129, 53.814859316841229 ] } },
{ "type": "Feature", "properties": { "visible_points": 80, "total_points": 120, "visibility_pct": 66.666666666666657 }, "geometry": { "type": "Point", "coordinates": [ -2.210918069310583, 53.814859687312079 ] } },
{ "type": "Feature", "properties": { "visible_points": 66, "total_points": 120, "visibility_pct": 55.000000000000007 }, "geometry": { "type": "Point", "coordinates": [ -2.210707622124351, 53.814860057413739 ] } },
{ "type": "Feature", "properties": { "visible_points": 58, "total_points": 120, "visibility_pct": 48.333333333333336 }, "geometry": { "type": "Point", "coordinates": [ -2.210497174933439, 53.814860427146186 ] } },
{ "type": "Feature", "properties": { "visible_points": 56, "total_points": 120, "visibility_pct": 46.666666666666664 }, "geometry": { "type": "Point", "coordinates": [ -2.21028672773785, 53.814860796509372 ] } },
{ "type": "Feature", "properties": { "visible_points": 56, "total_points": 120, "visibility_pct": 46.666666666666664 }, "geometry": { "type": "Point", "coordinates": [ -2.210076280537578, 53.814861165503373 ] } },
{ "type": "Feature", "properties": { "visible_points": 50, "total_points": 120, "visibility_pct": 41.666666666666671 }, "geometry": { "type": "Point", "coordinates": [ -2.209865833332652, 53.814861534128156 ] } },
{ "type": "Feature", "properties": { "visible_points": 24, "total_points": 120, "visibility_pct": 20.0 }, "geometry": { "type": "Point", "coordinates": [ -2.20965538612305, 53.814861902383711 ] } },
{ "type": "Feature", "properties": { "visible_points": 20, "total_points": 120, "visibility_pct": 16.666666666666664 }, "geometry": { "type": "Point", "coordinates": [ -2.209444938908795, 53.814862270270048 ] } },
{ "type": "Feature", "properties": { "visible_points": 52, "total_points": 120, "visibility_pct": 43.333333333333336 }, "geometry": { "type": "Point", "coordinates": [ -2.209234491689877, 53.814862637787172 ] } },
{ "type": "Feature", "properties": { "visible_points": 56, "total_points": 120, "visibility_pct": 46.666666666666664 }, "geometry": { "type": "Point", "coordinates": [ -2.209024044466322, 53.814863004935091 ] } },
{ "type": "Feature", "properties": { "visible_points": 66, "total_points": 120, "visibility_pct": 55.000000000000007 }, "geometry": { "type": "Point", "coordinates": [ -2.208813597238108, 53.81486337171377 ] } },
{ "type": "Feature", "properties": { "visible_points": 68, "total_points": 120, "visibility_pct": 56.666666666666664 }, "geometry": { "type": "Point", "coordinates": [ -2.208603150005259, 53.814863738123236 ] } },
{ "type": "Feature", "properties": { "visible_points": 83, "total_points": 120, "visibility_pct": 69.166666666666671 }, "geometry": { "type": "Point", "coordinates": [ -2.208392702767774, 53.81486410416349 ] } },
{ "type": "Feature", "properties": { "visible_points": 85, "total_points": 120, "visibility_pct": 70.833333333333343 }, "geometry": { "type": "Point", "coordinates": [ -2.208182255525659, 53.814864469834525 ] } },
{ "type": "Feature", "properties": { "visible_points": 57, "total_points": 118, "visibility_pct": 48.305084745762713 }, "geometry": { "type": "Point", "coordinates": [ -2.207971808278913, 53.814864835136333 ] } },
{ "type": "Feature", "properties": { "visible_points": 60, "total_points": 116, "visibility_pct": 51.724137931034484 }, "geometry": { "type": "Point", "coordinates": [ -2.207761361027548, 53.814865200068937 ] } },
{ "type": "Feature", "properties": { "visible_points": 71, "total_points": 113, "visibility_pct": 62.831858407079643 }, "geometry": { "type": "Point", "coordinates": [ -2.207550913771565, 53.814865564632314 ] } },
{ "type": "Feature", "properties": { "visible_points": 67, "total_points": 110, "visibility_pct": 60.909090909090914 }, "geometry": { "type": "Point", "coordinates": [ -2.20734046651097, 53.814865928826485 ] } },
{ "type": "Feature", "properties": { "visible_points": 64, "total_points": 106, "visibility_pct": 60.377358490566039 }, "geometry": { "type": "Point", "coordinates": [ -2.207130019245767, 53.814866292651416 ] } },
{ "type": "Feature", "properties": { "visible_points": 75, "total_points": 103, "visibility_pct": 72.815533980582529 }, "geometry": { "type": "Point", "coordinates": [ -2.20691957197596, 53.814866656107135 ] } },
{ "type": "Feature", "properties": { "visible_points": 61, "total_points": 99, "visibility_pct": 61.616161616161612 }, "geometry": { "type": "Point", "coordinates": [ -2.206709124701553, 53.814867019193649 ] } },
{ "type": "Feature", "properties": { "visible_points": 42, "total_points": 95, "visibility_pct": 44.210526315789473 }, "geometry": { "type": "Point", "coordinates": [ -2.206498677422553, 53.814867381910922 ] } },
{ "type": "Feature", "properties": { "visible_points": 48, "total_points": 91, "visibility_pct": 52.747252747252752 }, "geometry": { "type": "Point", "coordinates": [ -2.206288230138965, 53.814867744259011 ] } },
{ "type": "Feature", "properties": { "visible_points": 55, "total_points": 87, "visibility_pct": 63.218390804597703 }, "geometry": { "type": "Point", "coordinates": [ -2.206077782850796, 53.814868106237853 ] } },
{ "type": "Feature", "properties": { "visible_points": 60, "total_points": 83, "visibility_pct": 72.289156626506028 }, "geometry": { "type": "Point", "coordinates": [ -2.205867335558034, 53.814868467847468 ] } },
{ "type": "Feature", "properties": { "visible_points": 50, "total_points": 79, "visibility_pct": 63.291139240506332 }, "geometry": { "type": "Point", "coordinates": [ -2.20565688826071, 53.814868829087899 ] } },
{ "type": "Feature", "properties": { "visible_points": 16, "total_points": 78, "visibility_pct": 20.512820512820511 }, "geometry": { "type": "Point", "coordinates": [ -2.215443239218752, 53.814959495308031 ] } },
{ "type": "Feature", "properties": { "visible_points": 25, "total_points": 84, "visibility_pct": 29.761904761904763 }, "geometry": { "type": "Point", "coordinates": [ -2.215232791594941, 53.814959873353281 ] } },
{ "type": "Feature", "properties": { "visible_points": 24, "total_points": 89, "visibility_pct": 26.966292134831459 }, "geometry": { "type": "Point", "coordinates": [ -2.215022343966349, 53.814960251029298 ] } },
{ "type": "Feature", "properties": { "visible_points": 29, "total_points": 93, "visibility_pct": 31.182795698924732 }, "geometry": { "type": "Point", "coordinates": [ -2.214811896332968, 53.814960628336095 ] } },
{ "type": "Feature", "properties": { "visible_points": 48, "total_points": 98, "visibility_pct": 48.979591836734691 }, "geometry": { "type": "Point", "coordinates": [ -2.214601448694824, 53.81496100527368 ] } },
{ "type": "Feature", "properties": { "visible_points": 53, "total_points": 102, "visibility_pct": 51.960784313725497 }, "geometry": { "type": "Point", "coordinates": [ -2.214391001051902, 53.81496138184206 ] } },
{ "type": "Feature", "properties": { "visible_points": 53, "total_points": 106, "visibility_pct": 50.0 }, "geometry": { "type": "Point", "coordinates": [ -2.214180553404222, 53.8149617580412 ] } },
{ "type": "Feature", "properties": { "visible_points": 48, "total_points": 110, "visibility_pct": 43.636363636363633 }, "geometry": { "type": "Point", "coordinates": [ -2.213970105751775, 53.814962133871148 ] } },
{ "type": "Feature", "properties": { "visible_points": 55, "total_points": 113, "visibility_pct": 48.672566371681413 }, "geometry": { "type": "Point", "coordinates": [ -2.213759658094578, 53.814962509331863 ] } },
{ "type": "Feature", "properties": { "visible_points": 53, "total_points": 116, "visibility_pct": 45.689655172413794 }, "geometry": { "type": "Point", "coordinates": [ -2.213549210432627, 53.814962884423366 ] } },
{ "type": "Feature", "properties": { "visible_points": 41, "total_points": 118, "visibility_pct": 34.745762711864408 }, "geometry": { "type": "Point", "coordinates": [ -2.21333876276593, 53.814963259145628 ] } },
{ "type": "Feature", "properties": { "visible_points": 60, "total_points": 120, "visibility_pct": 50.0 }, "geometry": { "type": "Point", "coordinates": [ -2.21312831509449, 53.814963633498692 ] } },
{ "type": "Feature", "properties": { "visible_points": 64, "total_points": 120, "visibility_pct": 53.333333333333336 }, "geometry": { "type": "Point", "coordinates": [ -2.212917867418319, 53.814964007482537 ] } },
{ "type": "Feature", "properties": { "visible_points": 59, "total_points": 120, "visibility_pct": 49.166666666666664 }, "geometry": { "type": "Point", "coordinates": [ -2.21270741973741, 53.81496438109717 ] } },
{ "type": "Feature", "properties": { "visible_points": 51, "total_points": 120, "visibility_pct": 42.5 }, "geometry": { "type": "Point", "coordinates": [ -2.212496972051778, 53.814964754342583 ] } },
{ "type": "Feature", "properties": { "visible_points": 59, "total_points": 120, "visibility_pct": 49.166666666666664 }, "geometry": { "type": "Point", "coordinates": [ -2.212286524361418, 53.81496512721877 ] } },
{ "type": "Feature", "properties": { "visible_points": 71, "total_points": 120, "visibility_pct": 59.166666666666664 }, "geometry": { "type": "Point", "coordinates": [ -2.212076076666341, 53.81496549972573 ] } },
{ "type": "Feature", "properties": { "visible_points": 57, "total_points": 120, "visibility_pct": 47.5 }, "geometry": { "type": "Point", "coordinates": [ -2.211865628966557, 53.814965871863485 ] } },
{ "type": "Feature", "properties": { "visible_points": 59, "total_points": 120, "visibility_pct": 49.166666666666664 }, "geometry": { "type": "Point", "coordinates": [ -2.211655181262057, 53.814966243632028 ] } },
{ "type": "Feature", "properties": { "visible_points": 76, "total_points": 120, "visibility_pct": 63.333333333333329 }, "geometry": { "type": "Point", "coordinates": [ -2.211444733552855, 53.814966615031331 ] } },
{ "type": "Feature", "properties": { "visible_points": 76, "total_points": 120, "visibility_pct": 63.333333333333329 }, "geometry": { "type": "Point", "coordinates": [ -2.211234285838954, 53.814966986061435 ] } },
{ "type": "Feature", "properties": { "visible_points": 75, "total_points": 120, "visibility_pct": 62.5 }, "geometry": { "type": "Point", "coordinates": [ -2.211023838120357, 53.814967356722306 ] } },
{ "type": "Feature", "properties": { "visible_points": 74, "total_points": 120, "visibility_pct": 61.666666666666671 }, "geometry": { "type": "Point", "coordinates": [ -2.210813390397074, 53.814967727013965 ] } },
{ "type": "Feature", "properties": { "visible_points": 62, "total_points": 120, "visibility_pct": 51.666666666666671 }, "geometry": { "type": "Point", "coordinates": [ -2.210602942669105, 53.814968096936397 ] } },
{ "type": "Feature", "properties": { "visible_points": 47, "total_points": 120, "visibility_pct": 39.166666666666664 }, "geometry": { "type": "Point", "coordinates": [ -2.21039249493645, 53.814968466489624 ] } },
{ "type": "Feature", "properties": { "visible_points": 56, "total_points": 120, "visibility_pct": 46.666666666666664 }, "geometry": { "type": "Point", "coordinates": [ -2.210182047199125, 53.814968835673611 ] } },
{ "type": "Feature", "properties": { "visible_points": 59, "total_points": 120, "visibility_pct": 49.166666666666664 }, "geometry": { "type": "Point", "coordinates": [ -2.209971599457124, 53.814969204488413 ] } },
{ "type": "Feature", "properties": { "visible_points": 49, "total_points": 120, "visibility_pct": 40.833333333333336 }, "geometry": { "type": "Point", "coordinates": [ -2.20976115171046, 53.814969572933968 ] } },
{ "type": "Feature", "properties": { "visible_points": 39, "total_points": 120, "visibility_pct": 32.5 }, "geometry": { "type": "Point", "coordinates": [ -2.209550703959129, 53.814969941010311 ] } },
{ "type": "Feature", "properties": { "visible_points": 14, "total_points": 120, "visibility_pct": 11.666666666666666 }, "geometry": { "type": "Point", "coordinates": [ -2.209340256203145, 53.814970308717427 ] } },
{ "type": "Feature", "properties": { "visible_points": 54, "total_points": 120, "visibility_pct": 45.0 }, "geometry": { "type": "Point", "coordinates": [ -2.209129808442514, 53.814970676055353 ] } },
{ "type": "Feature", "properties": { "visible_points": 55, "total_points": 120, "visibility_pct": 45.833333333333329 }, "geometry": { "type": "Point", "coordinates": [ -2.208919360677226, 53.814971043024038 ] } },
{ "type": "Feature", "properties": { "visible_points": 66, "total_points": 120, "visibility_pct": 55.000000000000007 }, "geometry": { "type": "Point", "coordinates": [ -2.208708912907296, 53.814971409623496 ] } },
{ "type": "Feature", "properties": { "visible_points": 69, "total_points": 119, "visibility_pct": 57.983193277310932 }, "geometry": { "type": "Point", "coordinates": [ -2.208498465132731, 53.814971775853735 ] } },
{ "type": "Feature", "properties": { "visible_points": 76, "total_points": 117, "visibility_pct": 64.957264957264954 }, "geometry": { "type": "Point", "coordinates": [ -2.208288017353532, 53.814972141714762 ] } },
{ "type": "Feature", "properties": { "visible_points": 73, "total_points": 114, "visibility_pct": 64.035087719298247 }, "geometry": { "type": "Point", "coordinates": [ -2.2080775695697, 53.814972507206583 ] } },
{ "type": "Feature", "properties": { "visible_points": 51, "total_points": 111, "visibility_pct": 45.945945945945951 }, "geometry": { "type": "Point", "coordinates": [ -2.207867121781246, 53.814972872329179 ] } },
{ "type": "Feature", "properties": { "visible_points": 51, "total_points": 107, "visibility_pct": 47.663551401869157 }, "geometry": { "type": "Point", "coordinates": [ -2.207656673988169, 53.81497323708254 ] } },
{ "type": "Feature", "properties": { "visible_points": 58, "total_points": 104, "visibility_pct": 55.769230769230774 }, "geometry": { "type": "Point", "coordinates": [ -2.207446226190485, 53.814973601466683 ] } },
{ "type": "Feature", "properties": { "visible_points": 50, "total_points": 100, "visibility_pct": 50.0 }, "geometry": { "type": "Point", "coordinates": [ -2.207235778388181, 53.814973965481613 ] } },
{ "type": "Feature", "properties": { "visible_points": 54, "total_points": 96, "visibility_pct": 56.25 }, "geometry": { "type": "Point", "coordinates": [ -2.207025330581278, 53.814974329127324 ] } },
{ "type": "Feature", "properties": { "visible_points": 59, "total_points": 91, "visibility_pct": 64.835164835164832 }, "geometry": { "type": "Point", "coordinates": [ -2.206814882769772, 53.814974692403808 ] } },
{ "type": "Feature", "properties": { "visible_points": 39, "total_points": 87, "visibility_pct": 44.827586206896555 }, "geometry": { "type": "Point", "coordinates": [ -2.206604434953671, 53.814975055311095 ] } },
{ "type": "Feature", "properties": { "visible_points": 33, "total_points": 83, "visibility_pct": 39.75903614457831 }, "geometry": { "type": "Point", "coordinates": [ -2.206393987132975, 53.814975417849141 ] } },
{ "type": "Feature", "properties": { "visible_points": 43, "total_points": 79, "visibility_pct": 54.430379746835442 }, "geometry": { "type": "Point", "coordinates": [ -2.206183539307693, 53.81497578001796 ] } },
{ "type": "Feature", "properties": { "visible_points": 15, "total_points": 80, "visibility_pct": 18.75 }, "geometry": { "type": "Point", "coordinates": [ -2.215759468003948, 53.815066782023464 ] } },
{ "type": "Feature", "properties": { "visible_points": 18, "total_points": 86, "visibility_pct": 20.930232558139537 }, "geometry": { "type": "Point", "coordinates": [ -2.215549019847918, 53.815067160627976 ] } },
{ "type": "Feature", "properties": { "visible_points": 20, "total_points": 91, "visibility_pct": 21.978021978021978 }, "geometry": { "type": "Point", "coordinates": [ -2.215338571687096, 53.815067538863254 ] } },
{ "type": "Feature", "properties": { "visible_points": 26, "total_points": 96, "visibility_pct": 27.083333333333332 }, "geometry": { "type": "Point", "coordinates": [ -2.215128123521491, 53.815067916729326 ] } },
{ "type": "Feature", "properties": { "visible_points": 28, "total_points": 101, "visibility_pct": 27.722772277227726 }, "geometry": { "type": "Point", "coordinates": [ -2.214917675351104, 53.815068294226165 ] } },
{ "type": "Feature", "properties": { "visible_points": 36, "total_points": 105, "visibility_pct": 34.285714285714285 }, "geometry": { "type": "Point", "coordinates": [ -2.214707227175941, 53.815068671353785 ] } },
{ "type": "Feature", "properties": { "visible_points": 55, "total_points": 108, "visibility_pct": 50.925925925925931 }, "geometry": { "type": "Point", "coordinates": [ -2.214496778996003, 53.815069048112193 ] } },
{ "type": "Feature", "properties": { "visible_points": 55, "total_points": 112, "visibility_pct": 49.107142857142854 }, "geometry": { "type": "Point", "coordinates": [ -2.214286330811304, 53.815069424501381 ] } },
{ "type": "Feature", "properties": { "visible_points": 56, "total_points": 115, "visibility_pct": 48.695652173913047 }, "geometry": { "type": "Point", "coordinates": [ -2.214075882621835, 53.815069800521357 ] } },
{ "type": "Feature", "properties": { "visible_points": 63, "total_points": 117, "visibility_pct": 53.846153846153847 }, "geometry": { "type": "Point", "coordinates": [ -2.213865434427615, 53.8150701761721 ] } },
{ "type": "Feature", "properties": { "visible_points": 58, "total_points": 119, "visibility_pct": 48.739495798319325 }, "geometry": { "type": "Point", "coordinates": [ -2.213654986228634, 53.81507055145363 ] } },
{ "type": "Feature", "properties": { "visible_points": 48, "total_points": 120, "visibility_pct": 40.0 }, "geometry": { "type": "Point", "coordinates": [ -2.213444538024909, 53.815070926365941 ] } },
{ "type": "Feature", "properties": { "visible_points": 44, "total_points": 120, "visibility_pct": 36.666666666666664 }, "geometry": { "type": "Point", "coordinates": [ -2.213234089816441, 53.815071300909025 ] } },
{ "type": "Feature", "properties": { "visible_points": 57, "total_points": 120, "visibility_pct": 47.5 }, "geometry": { "type": "Point", "coordinates": [ -2.213023641603233, 53.815071675082912 ] } },
{ "type": "Feature", "properties": { "visible_points": 68, "total_points": 120, "visibility_pct": 56.666666666666664 }, "geometry": { "type": "Point", "coordinates": [ -2.212813193385289, 53.815072048887551 ] } },
{ "type": "Feature", "properties": { "visible_points": 58, "total_points": 120, "visibility_pct": 48.333333333333336 }, "geometry": { "type": "Point", "coordinates": [ -2.212602745162616, 53.815072422322984 ] } },
{ "type": "Feature", "properties": { "visible_points": 44, "total_points": 120, "visibility_pct": 36.666666666666664 }, "geometry": { "type": "Point", "coordinates": [ -2.212392296935217, 53.815072795389199 ] } },
{ "type": "Feature", "properties": { "visible_points": 58, "total_points": 120, "visibility_pct": 48.333333333333336 }, "geometry": { "type": "Point", "coordinates": [ -2.212181848703102, 53.815073168086187 ] } },
{ "type": "Feature", "properties": { "visible_points": 75, "total_points": 120, "visibility_pct": 62.5 }, "geometry": { "type": "Point", "coordinates": [ -2.211971400466264, 53.815073540413962 ] } },
{ "type": "Feature", "properties": { "visible_points": 58, "total_points": 120, "visibility_pct": 48.333333333333336 }, "geometry": { "type": "Point", "coordinates": [ -2.21176095222472, 53.815073912372512 ] } },
{ "type": "Feature", "properties": { "visible_points": 47, "total_points": 120, "visibility_pct": 39.166666666666664 }, "geometry": { "type": "Point", "coordinates": [ -2.211550503978468, 53.815074283961842 ] } },
{ "type": "Feature", "properties": { "visible_points": 59, "total_points": 120, "visibility_pct": 49.166666666666664 }, "geometry": { "type": "Point", "coordinates": [ -2.211340055727514, 53.815074655181959 ] } },
{ "type": "Feature", "properties": { "visible_points": 69, "total_points": 120, "visibility_pct": 57.5 }, "geometry": { "type": "Point", "coordinates": [ -2.211129607471864, 53.815075026032844 ] } },
{ "type": "Feature", "properties": { "visible_points": 72, "total_points": 120, "visibility_pct": 60.0 }, "geometry": { "type": "Point", "coordinates": [ -2.210919159211518, 53.815075396514523 ] } },
{ "type": "Feature", "properties": { "visible_points": 76, "total_points": 120, "visibility_pct": 63.333333333333329 }, "geometry": { "type": "Point", "coordinates": [ -2.210708710946491, 53.815075766626968 ] } },
{ "type": "Feature", "properties": { "visible_points": 73, "total_points": 120, "visibility_pct": 60.833333333333329 }, "geometry": { "type": "Point", "coordinates": [ -2.210498262676775, 53.815076136370195 ] } },
{ "type": "Feature", "properties": { "visible_points": 57, "total_points": 120, "visibility_pct": 47.5 }, "geometry": { "type": "Point", "coordinates": [ -2.210287814402382, 53.815076505744209 ] } },
{ "type": "Feature", "properties": { "visible_points": 57, "total_points": 120, "visibility_pct": 47.5 }, "geometry": { "type": "Point", "coordinates": [ -2.210077366123318, 53.815076874748989 ] } },
{ "type": "Feature", "properties": { "visible_points": 54, "total_points": 120, "visibility_pct": 45.0 }, "geometry": { "type": "Point", "coordinates": [ -2.209866917839582, 53.815077243384565 ] } },
{ "type": "Feature", "properties": { "visible_points": 24, "total_points": 120, "visibility_pct": 20.0 }, "geometry": { "type": "Point", "coordinates": [ -2.209656469551183, 53.815077611650906 ] } },
{ "type": "Feature", "properties": { "visible_points": 28, "total_points": 120, "visibility_pct": 23.333333333333332 }, "geometry": { "type": "Point", "coordinates": [ -2.209446021258125, 53.815077979548036 ] } },
{ "type": "Feature", "properties": { "visible_points": 29, "total_points": 120, "visibility_pct": 24.166666666666668 }, "geometry": { "type": "Point", "coordinates": [ -2.20923557296041, 53.815078347075946 ] } },
{ "type": "Feature", "properties": { "visible_points": 55, "total_points": 119, "visibility_pct": 46.218487394957982 }, "geometry": { "type": "Point", "coordinates": [ -2.209025124658048, 53.815078714234645 ] } },
{ "type": "Feature", "properties": { "visible_points": 52, "total_points": 117, "visibility_pct": 44.444444444444443 }, "geometry": { "type": "Point", "coordinates": [ -2.208814676351036, 53.815079081024095 ] } },
{ "type": "Feature", "properties": { "visible_points": 60, "total_points": 115, "visibility_pct": 52.173913043478258 }, "geometry": { "type": "Point", "coordinates": [ -2.208604228039385, 53.81507944744434 ] } },
{ "type": "Feature", "properties": { "visible_points": 66, "total_points": 112, "visibility_pct": 58.928571428571431 }, "geometry": { "type": "Point", "coordinates": [ -2.208393779723097, 53.815079813495359 ] } },
{ "type": "Feature", "properties": { "visible_points": 68, "total_points": 108, "visibility_pct": 62.962962962962962 }, "geometry": { "type": "Point", "coordinates": [ -2.208183331402184, 53.81508017917718 ] } },
{ "type": "Feature", "properties": { "visible_points": 63, "total_points": 105, "visibility_pct": 60.0 }, "geometry": { "type": "Point", "coordinates": [ -2.207972883076636, 53.815080544489746 ] } },
{ "type": "Feature", "properties": { "visible_points": 45, "total_points": 101, "visibility_pct": 44.554455445544555 }, "geometry": { "type": "Point", "coordinates": [ -2.207762434746468, 53.815080909433107 ] } },
{ "type": "Feature", "properties": { "visible_points": 44, "total_points": 97, "visibility_pct": 45.360824742268044 }, "geometry": { "type": "Point", "coordinates": [ -2.207551986411683, 53.815081274007241 ] } },
{ "type": "Feature", "properties": { "visible_points": 42, "total_points": 92, "visibility_pct": 45.652173913043477 }, "geometry": { "type": "Point", "coordinates": [ -2.207341538072287, 53.81508163821217 ] } },
{ "type": "Feature", "properties": { "visible_points": 38, "total_points": 88, "visibility_pct": 43.18181818181818 }, "geometry": { "type": "Point", "coordinates": [ -2.207131089728281, 53.815082002047859 ] } },
{ "type": "Feature", "properties": { "visible_points": 46, "total_points": 84, "visibility_pct": 54.761904761904766 }, "geometry": { "type": "Point", "coordinates": [ -2.20692064137967, 53.815082365514336 ] } },
{ "type": "Feature", "properties": { "visible_points": 38, "total_points": 79, "visibility_pct": 48.101265822784811 }, "geometry": { "type": "Point", "coordinates": [ -2.206710193026463, 53.815082728611586 ] } },
{ "type": "Feature", "properties": { "visible_points": 27, "total_points": 81, "visibility_pct": 33.333333333333329 }, "geometry": { "type": "Point", "coordinates": [ -2.216075698400136, 53.815174067889892 ] } },
{ "type": "Feature", "properties": { "visible_points": 29, "total_points": 87, "visibility_pct": 33.333333333333329 }, "geometry": { "type": "Point", "coordinates": [ -2.215865249711893, 53.81517444705365 ] } },
{ "type": "Feature", "properties": { "visible_points": 31, "total_points": 93, "visibility_pct": 33.333333333333329 }, "geometry": { "type": "Point", "coordinates": [ -2.215654801018857, 53.815174825848196 ] } },
{ "type": "Feature", "properties": { "visible_points": 32, "total_points": 98, "visibility_pct": 32.653061224489797 }, "geometry": { "type": "Point", "coordinates": [ -2.215444352321027, 53.81517520427353 ] } },
{ "type": "Feature", "properties": { "visible_points": 38, "total_points": 103, "visibility_pct": 36.893203883495147 }, "geometry": { "type": "Point", "coordinates": [ -2.215233903618411, 53.815175582329637 ] } },
{ "type": "Feature", "properties": { "visible_points": 32, "total_points": 107, "visibility_pct": 29.906542056074763 }, "geometry": { "type": "Point", "coordinates": [ -2.215023454911012, 53.815175960016532 ] } },
{ "type": "Feature", "properties": { "visible_points": 41, "total_points": 111, "visibility_pct": 36.936936936936938 }, "geometry": { "type": "Point", "coordinates": [ -2.214813006198826, 53.815176337334194 ] } },
{ "type": "Feature", "properties": { "visible_points": 39, "total_points": 114, "visibility_pct": 34.210526315789473 }, "geometry": { "type": "Point", "coordinates": [ -2.214602557481872, 53.815176714282636 ] } },
{ "type": "Feature", "properties": { "visible_points": 56, "total_points": 117, "visibility_pct": 47.863247863247864 }, "geometry": { "type": "Point", "coordinates": [ -2.21439210876015, 53.815177090861859 ] } },
{ "type": "Feature", "properties": { "visible_points": 59, "total_points": 119, "visibility_pct": 49.579831932773111 }, "geometry": { "type": "Point", "coordinates": [ -2.214181660033659, 53.815177467071862 ] } },
{ "type": "Feature", "properties": { "visible_points": 46, "total_points": 120, "visibility_pct": 38.333333333333336 }, "geometry": { "type": "Point", "coordinates": [ -2.213971211302405, 53.815177842912647 ] } },
{ "type": "Feature", "properties": { "visible_points": 63, "total_points": 120, "visibility_pct": 52.5 }, "geometry": { "type": "Point", "coordinates": [ -2.213760762566407, 53.815178218384212 ] } },
{ "type": "Feature", "properties": { "visible_points": 55, "total_points": 120, "visibility_pct": 45.833333333333329 }, "geometry": { "type": "Point", "coordinates": [ -2.213550313825646, 53.815178593486543 ] } },
{ "type": "Feature", "properties": { "visible_points": 46, "total_points": 120, "visibility_pct": 38.333333333333336 }, "geometry": { "type": "Point", "coordinates": [ -2.213339865080142, 53.815178968219669 ] } },
{ "type": "Feature", "properties": { "visible_points": 45, "total_points": 120, "visibility_pct": 37.5 }, "geometry": { "type": "Point", "coordinates": [ -2.213129416329896, 53.815179342583569 ] } },
{ "type": "Feature", "properties": { "visible_points": 60, "total_points": 120, "visibility_pct": 50.0 }, "geometry": { "type": "Point", "coordinates": [ -2.212918967574917, 53.81517971657825 ] } },
{ "type": "Feature", "properties": { "visible_points": 68, "total_points": 120, "visibility_pct": 56.666666666666664 }, "geometry": { "type": "Point", "coordinates": [ -2.212708518815206, 53.815180090203704 ] } },
{ "type": "Feature", "properties": { "visible_points": 49, "total_points": 120, "visibility_pct": 40.833333333333336 }, "geometry": { "type": "Point", "coordinates": [ -2.212498070050759, 53.815180463459946 ] } },
{ "type": "Feature", "properties": { "visible_points": 27, "total_points": 120, "visibility_pct": 22.5 }, "geometry": { "type": "Point", "coordinates": [ -2.212287621281598, 53.815180836346954 ] } },
{ "type": "Feature", "properties": { "visible_points": 60, "total_points": 120, "visibility_pct": 50.0 }, "geometry": { "type": "Point", "coordinates": [ -2.212077172507717, 53.81518120886475 ] } },
{ "type": "Feature", "properties": { "visible_points": 70, "total_points": 120, "visibility_pct": 58.333333333333336 }, "geometry": { "type": "Point", "coordinates": [ -2.211866723729119, 53.815181581013313 ] } },
{ "type": "Feature", "properties": { "visible_points": 48, "total_points": 120, "visibility_pct": 40.0 }, "geometry": { "type": "Point", "coordinates": [ -2.211656274945815, 53.815181952792678 ] } },
{ "type": "Feature", "properties": { "visible_points": 44, "total_points": 120, "visibility_pct": 36.666666666666664 }, "geometry": { "type": "Point", "coordinates": [ -2.211445826157806, 53.815182324202802 ] } },
{ "type": "Feature", "properties": { "visible_points": 55, "total_points": 120, "visibility_pct": 45.833333333333329 }, "geometry": { "type": "Point", "coordinates": [ -2.211235377365096, 53.815182695243699 ] } },
{ "type": "Feature", "properties": { "visible_points": 68, "total_points": 120, "visibility_pct": 56.666666666666664 }, "geometry": { "type": "Point", "coordinates": [ -2.211024928567694, 53.815183065915392 ] } },
{ "type": "Feature", "properties": { "visible_points": 81, "total_points": 120, "visibility_pct": 67.5 }, "geometry": { "type": "Point", "coordinates": [ -2.210814479765605, 53.81518343621785 ] } },
{ "type": "Feature", "properties": { "visible_points": 84, "total_points": 120, "visibility_pct": 70.0 }, "geometry": { "type": "Point", "coordinates": [ -2.210604030958823, 53.815183806151104 ] } },
{ "type": "Feature", "properties": { "visible_points": 64, "total_points": 120, "visibility_pct": 53.333333333333336 }, "geometry": { "type": "Point", "coordinates": [ -2.210393582147362, 53.815184175715117 ] } },
{ "type": "Feature", "properties": { "visible_points": 52, "total_points": 120, "visibility_pct": 43.333333333333336 }, "geometry": { "type": "Point", "coordinates": [ -2.210183133331229, 53.815184544909911 ] } },
{ "type": "Feature", "properties": { "visible_points": 53, "total_points": 120, "visibility_pct": 44.166666666666664 }, "geometry": { "type": "Point", "coordinates": [ -2.20997268451042, 53.815184913735479 ] } },
{ "type": "Feature", "properties": { "visible_points": 47, "total_points": 120, "visibility_pct": 39.166666666666664 }, "geometry": { "type": "Point", "coordinates": [ -2.20976223568495, 53.815185282191848 ] } },
{ "type": "Feature", "properties": { "visible_points": 0, "total_points": 120, "visibility_pct": 0.0 }, "geometry": { "type": "Point", "coordinates": [ -2.209551786854813, 53.815185650278984 ] } },
{ "type": "Feature", "properties": { "visible_points": 7, "total_points": 119, "visibility_pct": 5.8823529411764701 }, "geometry": { "type": "Point", "coordinates": [ -2.20934133802002, 53.815186017996879 ] } },
{ "type": "Feature", "properties": { "visible_points": 48, "total_points": 117, "visibility_pct": 41.025641025641022 }, "geometry": { "type": "Point", "coordinates": [ -2.209130889180575, 53.815186385345577 ] } },
{ "type": "Feature", "properties": { "visible_points": 46, "total_points": 114, "visibility_pct": 40.350877192982452 }, "geometry": { "type": "Point", "coordinates": [ -2.20892044033648, 53.815186752325026 ] } },
{ "type": "Feature", "properties": { "visible_points": 49, "total_points": 111, "visibility_pct": 44.144144144144143 }, "geometry": { "type": "Point", "coordinates": [ -2.208709991487747, 53.815187118935285 ] } },
{ "type": "Feature", "properties": { "visible_points": 56, "total_points": 107, "visibility_pct": 52.336448598130836 }, "geometry": { "type": "Point", "coordinates": [ -2.208499542634369, 53.815187485176288 ] } },
{ "type": "Feature", "properties": { "visible_points": 61, "total_points": 102, "visibility_pct": 59.803921568627452 }, "geometry": { "type": "Point", "coordinates": [ -2.208289093776362, 53.815187851048087 ] } },
{ "type": "Feature", "properties": { "visible_points": 62, "total_points": 98, "visibility_pct": 63.265306122448983 }, "geometry": { "type": "Point", "coordinates": [ -2.208078644913721, 53.815188216550681 ] } },
{ "type": "Feature", "properties": { "visible_points": 48, "total_points": 93, "visibility_pct": 51.612903225806448 }, "geometry": { "type": "Point", "coordinates": [ -2.207868196046457, 53.815188581684019 ] } },
{ "type": "Feature", "properties": { "visible_points": 40, "total_points": 89, "visibility_pct": 44.943820224719097 }, "geometry": { "type": "Point", "coordinates": [ -2.207657747174578, 53.815188946448153 ] } },
{ "type": "Feature", "properties": { "visible_points": 40, "total_points": 85, "visibility_pct": 47.058823529411761 }, "geometry": { "type": "Point", "coordinates": [ -2.207447298298079, 53.815189310843067 ] } },
{ "type": "Feature", "properties": { "visible_points": 41, "total_points": 80, "visibility_pct": 51.25 }, "geometry": { "type": "Point", "coordinates": [ -2.20723684941697, 53.815189674868748 ] } },
{ "type": "Feature", "properties": { "visible_points": 25, "total_points": 82, "visibility_pct": 30.487804878048781 }, "geometry": { "type": "Point", "coordinates": [ -2.216391930407316, 53.81528135290727 ] } },
{ "type": "Feature", "properties": { "visible_points": 25, "total_points": 88, "visibility_pct": 28.40909090909091 }, "geometry": { "type": "Point", "coordinates": [ -2.216181481186881, 53.815281732630311 ] } },
{ "type": "Feature", "properties": { "visible_points": 31, "total_points": 94, "visibility_pct": 32.978723404255319 }, "geometry": { "type": "Point", "coordinates": [ -2.21597103196163, 53.815282111984125 ] } },
{ "type": "Feature", "properties": { "visible_points": 27, "total_points": 99, "visibility_pct": 27.27272727272727 }, "geometry": { "type": "Point", "coordinates": [ -2.215760582731583, 53.81528249096872 ] } },
{ "type": "Feature", "properties": { "visible_points": 38, "total_points": 104, "visibility_pct": 36.538461538461533 }, "geometry": { "type": "Point", "coordinates": [ -2.215550133496744, 53.815282869584109 ] } },
{ "type": "Feature", "properties": { "visible_points": 38, "total_points": 109, "visibility_pct": 34.862385321100916 }, "geometry": { "type": "Point", "coordinates": [ -2.215339684257112, 53.815283247830251 ] } },
{ "type": "Feature", "properties": { "visible_points": 49, "total_points": 113, "visibility_pct": 43.362831858407077 }, "geometry": { "type": "Point", "coordinates": [ -2.215129235012692, 53.815283625707174 ] } },
{ "type": "Feature", "properties": { "visible_points": 43, "total_points": 116, "visibility_pct": 37.068965517241381 }, "geometry": { "type": "Point", "coordinates": [ -2.214918785763491, 53.815284003214877 ] } },
{ "type": "Feature", "properties": { "visible_points": 42, "total_points": 118, "visibility_pct": 35.593220338983052 }, "geometry": { "type": "Point", "coordinates": [ -2.214708336509517, 53.815284380353368 ] } },
{ "type": "Feature", "properties": { "visible_points": 42, "total_points": 120, "visibility_pct": 35.0 }, "geometry": { "type": "Point", "coordinates": [ -2.214497887250765, 53.815284757122647 ] } },
{ "type": "Feature", "properties": { "visible_points": 53, "total_points": 120, "visibility_pct": 44.166666666666664 }, "geometry": { "type": "Point", "coordinates": [ -2.214287437987251, 53.815285133522671 ] } },
{ "type": "Feature", "properties": { "visible_points": 55, "total_points": 120, "visibility_pct": 45.833333333333329 }, "geometry": { "type": "Point", "coordinates": [ -2.214076988718972, 53.815285509553497 ] } },
{ "type": "Feature", "properties": { "visible_points": 54, "total_points": 120, "visibility_pct": 45.0 }, "geometry": { "type": "Point", "coordinates": [ -2.213866539445933, 53.815285885215097 ] } },
{ "type": "Feature", "properties": { "visible_points": 66, "total_points": 120, "visibility_pct": 55.000000000000007 }, "geometry": { "type": "Point", "coordinates": [ -2.213656090168142, 53.815286260507463 ] } },
{ "type": "Feature", "properties": { "visible_points": 56, "total_points": 120, "visibility_pct": 46.666666666666664 }, "geometry": { "type": "Point", "coordinates": [ -2.213445640885607, 53.815286635430624 ] } },
{ "type": "Feature", "properties": { "visible_points": 50, "total_points": 120, "visibility_pct": 41.666666666666671 }, "geometry": { "type": "Point", "coordinates": [ -2.213235191598319, 53.815287009984544 ] } },
{ "type": "Feature", "properties": { "visible_points": 37, "total_points": 120, "visibility_pct": 30.833333333333336 }, "geometry": { "type": "Point", "coordinates": [ -2.213024742306303, 53.815287384169253 ] } },
{ "type": "Feature", "properties": { "visible_points": 53, "total_points": 120, "visibility_pct": 44.166666666666664 }, "geometry": { "type": "Point", "coordinates": [ -2.212814293009544, 53.815287757984741 ] } },
{ "type": "Feature", "properties": { "visible_points": 56, "total_points": 120, "visibility_pct": 46.666666666666664 }, "geometry": { "type": "Point", "coordinates": [ -2.212603843708056, 53.815288131430997 ] } },
{ "type": "Feature", "properties": { "visible_points": 40, "total_points": 120, "visibility_pct": 33.333333333333329 }, "geometry": { "type": "Point", "coordinates": [ -2.212393394401844, 53.815288504508032 ] } },
{ "type": "Feature", "properties": { "visible_points": 35, "total_points": 120, "visibility_pct": 29.166666666666668 }, "geometry": { "type": "Point", "coordinates": [ -2.212182945090909, 53.815288877215856 ] } },
{ "type": "Feature", "properties": { "visible_points": 64, "total_points": 120, "visibility_pct": 53.333333333333336 }, "geometry": { "type": "Point", "coordinates": [ -2.211972495775263, 53.815289249554446 ] } },
{ "type": "Feature", "properties": { "visible_points": 64, "total_points": 120, "visibility_pct": 53.333333333333336 }, "geometry": { "type": "Point", "coordinates": [ -2.211762046454905, 53.815289621523817 ] } },
{ "type": "Feature", "properties": { "visible_points": 44, "total_points": 120, "visibility_pct": 36.666666666666664 }, "geometry": { "type": "Point", "coordinates": [ -2.211551597129835, 53.815289993123969 ] } },
{ "type": "Feature", "properties": { "visible_points": 44, "total_points": 120, "visibility_pct": 36.666666666666664 }, "geometry": { "type": "Point", "coordinates": [ -2.211341147800069, 53.81529036435488 ] } },
{ "type": "Feature", "properties": { "visible_points": 59, "total_points": 120, "visibility_pct": 49.166666666666664 }, "geometry": { "type": "Point", "coordinates": [ -2.211130698465603, 53.815290735216585 ] } },
{ "type": "Feature", "properties": { "visible_points": 67, "total_points": 120, "visibility_pct": 55.833333333333336 }, "geometry": { "type": "Point", "coordinates": [ -2.210920249126446, 53.815291105709058 ] } },
{ "type": "Feature", "properties": { "visible_points": 80, "total_points": 120, "visibility_pct": 66.666666666666657 }, "geometry": { "type": "Point", "coordinates": [ -2.2107097997826, 53.815291475832318 ] } },
{ "type": "Feature", "properties": { "visible_points": 77, "total_points": 120, "visibility_pct": 64.166666666666671 }, "geometry": { "type": "Point", "coordinates": [ -2.210499350434073, 53.815291845586351 ] } },
{ "type": "Feature", "properties": { "visible_points": 64, "total_points": 120, "visibility_pct": 53.333333333333336 }, "geometry": { "type": "Point", "coordinates": [ -2.210288901080861, 53.815292214971159 ] } },
{ "type": "Feature", "properties": { "visible_points": 53, "total_points": 120, "visibility_pct": 44.166666666666664 }, "geometry": { "type": "Point", "coordinates": [ -2.210078451722985, 53.815292583986746 ] } },
{ "type": "Feature", "properties": { "visible_points": 48, "total_points": 120, "visibility_pct": 40.0 }, "geometry": { "type": "Point", "coordinates": [ -2.209868002360434, 53.815292952633115 ] } },
{ "type": "Feature", "properties": { "visible_points": 40, "total_points": 120, "visibility_pct": 33.333333333333329 }, "geometry": { "type": "Point", "coordinates": [ -2.20965755299322, 53.815293320910236 ] } },
{ "type": "Feature", "properties": { "visible_points": 0, "total_points": 118, "visibility_pct": 0.0 }, "geometry": { "type": "Point", "coordinates": [ -2.209447103621348, 53.815293688818151 ] } },
{ "type": "Feature", "properties": { "visible_points": 50, "total_points": 116, "visibility_pct": 43.103448275862064 }, "geometry": { "type": "Point", "coordinates": [ -2.209236654244815, 53.815294056356848 ] } },
{ "type": "Feature", "properties": { "visible_points": 52, "total_points": 112, "visibility_pct": 46.428571428571431 }, "geometry": { "type": "Point", "coordinates": [ -2.209026204863638, 53.815294423526318 ] } },
{ "type": "Feature", "properties": { "visible_points": 49, "total_points": 108, "visibility_pct": 45.370370370370374 }, "geometry": { "type": "Point", "coordinates": [ -2.208815755477812, 53.815294790326547 ] } },
{ "type": "Feature", "properties": { "visible_points": 46, "total_points": 103, "visibility_pct": 44.660194174757287 }, "geometry": { "type": "Point", "coordinates": [ -2.208605306087347, 53.815295156757564 ] } },
{ "type": "Feature", "properties": { "visible_points": 54, "total_points": 97, "visibility_pct": 55.670103092783506 }, "geometry": { "type": "Point", "coordinates": [ -2.208394856692244, 53.815295522819376 ] } },
{ "type": "Feature", "properties": { "visible_points": 60, "total_points": 91, "visibility_pct": 65.934065934065927 }, "geometry": { "type": "Point", "coordinates": [ -2.20818440729251, 53.815295888511947 ] } },
{ "type": "Feature", "properties": { "visible_points": 52, "total_points": 86, "visibility_pct": 60.465116279069761 }, "geometry": { "type": "Point", "coordinates": [ -2.207973957888152, 53.815296253835292 ] } },
{ "type": "Feature", "properties": { "visible_points": 39, "total_points": 81, "visibility_pct": 48.148148148148145 }, "geometry": { "type": "Point", "coordinates": [ -2.207763508479164, 53.815296618789411 ] } },
{ "type": "Feature", "properties": { "visible_points": 19, "total_points": 82, "visibility_pct": 23.170731707317074 }, "geometry": { "type": "Point", "coordinates": [ -2.2167081640255, 53.815388637075628 ] } },
{ "type": "Feature", "properties": { "visible_points": 22, "total_points": 89, "visibility_pct": 24.719101123595504 }, "geometry": { "type": "Point", "coordinates": [ -2.216497714272863, 53.81538901735793 ] } },
{ "type": "Feature", "properties": { "visible_points": 25, "total_points": 95, "visibility_pct": 26.315789473684209 }, "geometry": { "type": "Point", "coordinates": [ -2.216287264515413, 53.815389397271026 ] } },
{ "type": "Feature", "properties": { "visible_points": 26, "total_points": 100, "visibility_pct": 26.0 }, "geometry": { "type": "Point", "coordinates": [ -2.216076814753159, 53.815389776814904 ] } },
{ "type": "Feature", "properties": { "visible_points": 27, "total_points": 105, "visibility_pct": 25.714285714285712 }, "geometry": { "type": "Point", "coordinates": [ -2.215866364986097, 53.815390155989533 ] } },
{ "type": "Feature", "properties": { "visible_points": 24, "total_points": 110, "visibility_pct": 21.818181818181817 }, "geometry": { "type": "Point", "coordinates": [ -2.215655915214247, 53.815390534794972 ] } },
{ "type": "Feature", "properties": { "visible_points": 38, "total_points": 114, "visibility_pct": 33.333333333333329 }, "geometry": { "type": "Point", "coordinates": [ -2.215445465437591, 53.815390913231155 ] } },
{ "type": "Feature", "properties": { "visible_points": 46, "total_points": 117, "visibility_pct": 39.316239316239319 }, "geometry": { "type": "Point", "coordinates": [ -2.215235015656155, 53.81539129129812 ] } },
{ "type": "Feature", "properties": { "visible_points": 55, "total_points": 119, "visibility_pct": 46.218487394957982 }, "geometry": { "type": "Point", "coordinates": [ -2.215024565869937, 53.815391668995865 ] } },
{ "type": "Feature", "properties": { "visible_points": 52, "total_points": 120, "visibility_pct": 43.333333333333336 }, "geometry": { "type": "Point", "coordinates": [ -2.214814116078935, 53.815392046324405 ] } },
{ "type": "Feature", "properties": { "visible_points": 49, "total_points": 120, "visibility_pct": 40.833333333333336 }, "geometry": { "type": "Point", "coordinates": [ -2.214603666283161, 53.815392423283711 ] } },
{ "type": "Feature", "properties": { "visible_points": 45, "total_points": 120, "visibility_pct": 37.5 }, "geometry": { "type": "Point", "coordinates": [ -2.214393216482613, 53.815392799873777 ] } },
{ "type": "Feature", "properties": { "visible_points": 49, "total_points": 120, "visibility_pct": 40.833333333333336 }, "geometry": { "type": "Point", "coordinates": [ -2.214182766677304, 53.815393176094645 ] } },
{ "type": "Feature", "properties": { "visible_points": 53, "total_points": 120, "visibility_pct": 44.166666666666664 }, "geometry": { "type": "Point", "coordinates": [ -2.213972316867234, 53.815393551946279 ] } },
{ "type": "Feature", "properties": { "visible_points": 46, "total_points": 120, "visibility_pct": 38.333333333333336 }, "geometry": { "type": "Point", "coordinates": [ -2.213761867052408, 53.81539392742868 ] } },
{ "type": "Feature", "properties": { "visible_points": 61, "total_points": 120, "visibility_pct": 50.833333333333329 }, "geometry": { "type": "Point", "coordinates": [ -2.21355141723283, 53.815394302541868 ] } },
{ "type": "Feature", "properties": { "visible_points": 56, "total_points": 120, "visibility_pct": 46.666666666666664 }, "geometry": { "type": "Point", "coordinates": [ -2.213340967408505, 53.81539467728583 ] } },
{ "type": "Feature", "properties": { "visible_points": 46, "total_points": 120, "visibility_pct": 38.333333333333336 }, "geometry": { "type": "Point", "coordinates": [ -2.213130517579442, 53.815395051660566 ] } },
{ "type": "Feature", "properties": { "visible_points": 34, "total_points": 120, "visibility_pct": 28.333333333333332 }, "geometry": { "type": "Point", "coordinates": [ -2.212920067745637, 53.815395425666075 ] } },
{ "type": "Feature", "properties": { "visible_points": 44, "total_points": 120, "visibility_pct": 36.666666666666664 }, "geometry": { "type": "Point", "coordinates": [ -2.212709617907104, 53.815395799302372 ] } },
{ "type": "Feature", "properties": { "visible_points": 49, "total_points": 120, "visibility_pct": 40.833333333333336 }, "geometry": { "type": "Point", "coordinates": [ -2.212499168063843, 53.815396172569429 ] } },
{ "type": "Feature", "properties": { "visible_points": 38, "total_points": 120, "visibility_pct": 31.666666666666664 }, "geometry": { "type": "Point", "coordinates": [ -2.212288718215858, 53.815396545467287 ] } },
{ "type": "Feature", "properties": { "visible_points": 42, "total_points": 120, "visibility_pct": 35.0 }, "geometry": { "type": "Point", "coordinates": [ -2.212078268363154, 53.815396917995884 ] } },
{ "type": "Feature", "properties": { "visible_points": 66, "total_points": 120, "visibility_pct": 55.000000000000007 }, "geometry": { "type": "Point", "coordinates": [ -2.211867818505734, 53.815397290155289 ] } },
{ "type": "Feature", "properties": { "visible_points": 62, "total_points": 120, "visibility_pct": 51.666666666666671 }, "geometry": { "type": "Point", "coordinates": [ -2.211657368643612, 53.815397661945433 ] } },
{ "type": "Feature", "properties": { "visible_points": 46, "total_points": 120, "visibility_pct": 38.333333333333336 }, "geometry": { "type": "Point", "coordinates": [ -2.211446918776778, 53.815398033366385 ] } },
{ "type": "Feature", "properties": { "visible_points": 52, "total_points": 120, "visibility_pct": 43.333333333333336 }, "geometry": { "type": "Point", "coordinates": [ -2.211236468905253, 53.815398404418119 ] } },
{ "type": "Feature", "properties": { "visible_points": 65, "total_points": 120, "visibility_pct": 54.166666666666664 }, "geometry": { "type": "Point", "coordinates": [ -2.211026019029026, 53.81539877510059 ] } },
{ "type": "Feature", "properties": { "visible_points": 75, "total_points": 120, "visibility_pct": 62.5 }, "geometry": { "type": "Point", "coordinates": [ -2.210815569148109, 53.815399145413856 ] } },
{ "type": "Feature", "properties": { "visible_points": 76, "total_points": 120, "visibility_pct": 63.333333333333329 }, "geometry": { "type": "Point", "coordinates": [ -2.21060511926251, 53.815399515357917 ] } },
{ "type": "Feature", "properties": { "visible_points": 70, "total_points": 120, "visibility_pct": 58.333333333333336 }, "geometry": { "type": "Point", "coordinates": [ -2.210394669372231, 53.815399884932738 ] } },
{ "type": "Feature", "properties": { "visible_points": 53, "total_points": 120, "visibility_pct": 44.166666666666664 }, "geometry": { "type": "Point", "coordinates": [ -2.210184219477272, 53.815400254138325 ] } },
{ "type": "Feature", "properties": { "visible_points": 51, "total_points": 120, "visibility_pct": 42.5 }, "geometry": { "type": "Point", "coordinates": [ -2.209973769577644, 53.815400622974693 ] } },
{ "type": "Feature", "properties": { "visible_points": 42, "total_points": 120, "visibility_pct": 35.0 }, "geometry": { "type": "Point", "coordinates": [ -2.209763319673349, 53.815400991441841 ] } },
{ "type": "Feature", "properties": { "visible_points": 47, "total_points": 118, "visibility_pct": 39.83050847457627 }, "geometry": { "type": "Point", "coordinates": [ -2.209552869764391, 53.815401359539749 ] } },
{ "type": "Feature", "properties": { "visible_points": 0, "total_points": 115, "visibility_pct": 0.0 }, "geometry": { "type": "Point", "coordinates": [ -2.209342419850777, 53.815401727268451 ] } },
{ "type": "Feature", "properties": { "visible_points": 53, "total_points": 111, "visibility_pct": 47.747747747747752 }, "geometry": { "type": "Point", "coordinates": [ -2.209131969932508, 53.815402094627927 ] } },
{ "type": "Feature", "properties": { "visible_points": 47, "total_points": 106, "visibility_pct": 44.339622641509436 }, "geometry": { "type": "Point", "coordinates": [ -2.208921520009595, 53.81540246161817 ] } },
{ "type": "Feature", "properties": { "visible_points": 40, "total_points": 100, "visibility_pct": 40.0 }, "geometry": { "type": "Point", "coordinates": [ -2.208711070082031, 53.815402828239172 ] } },
{ "type": "Feature", "properties": { "visible_points": 42, "total_points": 94, "visibility_pct": 44.680851063829785 }, "geometry": { "type": "Point", "coordinates": [ -2.208500620149834, 53.815403194490976 ] } },
{ "type": "Feature", "properties": { "visible_points": 47, "total_points": 87, "visibility_pct": 54.022988505747129 }, "geometry": { "type": "Point", "coordinates": [ -2.208290170213006, 53.815403560373547 ] } },
{ "type": "Feature", "properties": { "visible_points": 23, "total_points": 82, "visibility_pct": 28.04878048780488 }, "geometry": { "type": "Point", "coordinates": [ -2.217024399254674, 53.815495920394923 ] } },
{ "type": "Feature", "properties": { "visible_points": 19, "total_points": 89, "visibility_pct": 21.348314606741571 }, "geometry": { "type": "Point", "coordinates": [ -2.21681394896985, 53.815496301236514 ] } },
{ "type": "Feature", "properties": { "visible_points": 18, "total_points": 95, "visibility_pct": 18.947368421052634 }, "geometry": { "type": "Point", "coordinates": [ -2.216603498680208, 53.815496681708879 ] } },
{ "type": "Feature", "properties": { "visible_points": 20, "total_points": 100, "visibility_pct": 20.0 }, "geometry": { "type": "Point", "coordinates": [ -2.216393048385751, 53.815497061812017 ] } },
{ "type": "Feature", "properties": { "visible_points": 20, "total_points": 106, "visibility_pct": 18.867924528301888 }, "geometry": { "type": "Point", "coordinates": [ -2.216182598086482, 53.815497441545951 ] } },
{ "type": "Feature", "properties": { "visible_points": 22, "total_points": 111, "visibility_pct": 19.81981981981982 }, "geometry": { "type": "Point", "coordinates": [ -2.215972147782407, 53.815497820910643 ] } },
{ "type": "Feature", "properties": { "visible_points": 23, "total_points": 115, "visibility_pct": 20.0 }, "geometry": { "type": "Point", "coordinates": [ -2.21576169747354, 53.815498199906102 ] } },
{ "type": "Feature", "properties": { "visible_points": 20, "total_points": 118, "visibility_pct": 16.949152542372879 }, "geometry": { "type": "Point", "coordinates": [ -2.215551247159869, 53.815498578532349 ] } },
{ "type": "Feature", "properties": { "visible_points": 17, "total_points": 120, "visibility_pct": 14.166666666666666 }, "geometry": { "type": "Point", "coordinates": [ -2.215340796841405, 53.815498956789369 ] } },
{ "type": "Feature", "properties": { "visible_points": 43, "total_points": 120, "visibility_pct": 35.833333333333336 }, "geometry": { "type": "Point", "coordinates": [ -2.215130346518163, 53.815499334677156 ] } },
{ "type": "Feature", "properties": { "visible_points": 43, "total_points": 120, "visibility_pct": 35.833333333333336 }, "geometry": { "type": "Point", "coordinates": [ -2.214919896190137, 53.815499712195738 ] } },
{ "type": "Feature", "properties": { "visible_points": 48, "total_points": 120, "visibility_pct": 40.0 }, "geometry": { "type": "Point", "coordinates": [ -2.214709445857332, 53.815500089345086 ] } },
{ "type": "Feature", "properties": { "visible_points": 45, "total_points": 120, "visibility_pct": 37.5 }, "geometry": { "type": "Point", "coordinates": [ -2.214498995519759, 53.815500466125187 ] } },
{ "type": "Feature", "properties": { "visible_points": 52, "total_points": 120, "visibility_pct": 43.333333333333336 }, "geometry": { "type": "Point", "coordinates": [ -2.214288545177411, 53.815500842536082 ] } },
{ "type": "Feature", "properties": { "visible_points": 58, "total_points": 120, "visibility_pct": 48.333333333333336 }, "geometry": { "type": "Point", "coordinates": [ -2.214078094830306, 53.815501218577758 ] } },
{ "type": "Feature", "properties": { "visible_points": 44, "total_points": 120, "visibility_pct": 36.666666666666664 }, "geometry": { "type": "Point", "coordinates": [ -2.213867644478442, 53.815501594250215 ] } },
{ "type": "Feature", "properties": { "visible_points": 50, "total_points": 120, "visibility_pct": 41.666666666666671 }, "geometry": { "type": "Point", "coordinates": [ -2.213657194121825, 53.815501969553424 ] } },
{ "type": "Feature", "properties": { "visible_points": 70, "total_points": 120, "visibility_pct": 58.333333333333336 }, "geometry": { "type": "Point", "coordinates": [ -2.213446743760457, 53.815502344487413 ] } },
{ "type": "Feature", "properties": { "visible_points": 59, "total_points": 120, "visibility_pct": 49.166666666666664 }, "geometry": { "type": "Point", "coordinates": [ -2.213236293394345, 53.815502719052184 ] } },
{ "type": "Feature", "properties": { "visible_points": 47, "total_points": 120, "visibility_pct": 39.166666666666664 }, "geometry": { "type": "Point", "coordinates": [ -2.213025843023497, 53.815503093247727 ] } },
{ "type": "Feature", "properties": { "visible_points": 40, "total_points": 120, "visibility_pct": 33.333333333333329 }, "geometry": { "type": "Point", "coordinates": [ -2.212815392647914, 53.815503467074059 ] } },
{ "type": "Feature", "properties": { "visible_points": 42, "total_points": 120, "visibility_pct": 35.0 }, "geometry": { "type": "Point", "coordinates": [ -2.212604942267596, 53.815503840531136 ] } },
{ "type": "Feature", "properties": { "visible_points": 48, "total_points": 120, "visibility_pct": 40.0 }, "geometry": { "type": "Point", "coordinates": [ -2.212394491882557, 53.815504213619 ] } },
{ "type": "Feature", "properties": { "visible_points": 50, "total_points": 120, "visibility_pct": 41.666666666666671 }, "geometry": { "type": "Point", "coordinates": [ -2.212184041492796, 53.815504586337646 ] } },
{ "type": "Feature", "properties": { "visible_points": 50, "total_points": 120, "visibility_pct": 41.666666666666671 }, "geometry": { "type": "Point", "coordinates": [ -2.211973591098319, 53.81550495868705 ] } },
{ "type": "Feature", "properties": { "visible_points": 64, "total_points": 120, "visibility_pct": 53.333333333333336 }, "geometry": { "type": "Point", "coordinates": [ -2.211763140699134, 53.815505330667243 ] } },
{ "type": "Feature", "properties": { "visible_points": 56, "total_points": 120, "visibility_pct": 46.666666666666664 }, "geometry": { "type": "Point", "coordinates": [ -2.211552690295235, 53.815505702278195 ] } },
{ "type": "Feature", "properties": { "visible_points": 57, "total_points": 120, "visibility_pct": 47.5 }, "geometry": { "type": "Point", "coordinates": [ -2.211342239886642, 53.815506073519948 ] } },
{ "type": "Feature", "properties": { "visible_points": 63, "total_points": 120, "visibility_pct": 52.5 }, "geometry": { "type": "Point", "coordinates": [ -2.211131789473347, 53.815506444392447 ] } },
{ "type": "Feature", "properties": { "visible_points": 72, "total_points": 120, "visibility_pct": 60.0 }, "geometry": { "type": "Point", "coordinates": [ -2.210921339055361, 53.815506814895748 ] } },
{ "type": "Feature", "properties": { "visible_points": 79, "total_points": 120, "visibility_pct": 65.833333333333329 }, "geometry": { "type": "Point", "coordinates": [ -2.210710888632685, 53.815507185029794 ] } },
{ "type": "Feature", "properties": { "visible_points": 78, "total_points": 120, "visibility_pct": 65.0 }, "geometry": { "type": "Point", "coordinates": [ -2.21050043820533, 53.815507554794628 ] } },
{ "type": "Feature", "properties": { "visible_points": 69, "total_points": 120, "visibility_pct": 57.5 }, "geometry": { "type": "Point", "coordinates": [ -2.210289987773292, 53.815507924190229 ] } },
{ "type": "Feature", "properties": { "visible_points": 55, "total_points": 120, "visibility_pct": 45.833333333333329 }, "geometry": { "type": "Point", "coordinates": [ -2.210079537336583, 53.81550829321661 ] } },
{ "type": "Feature", "properties": { "visible_points": 43, "total_points": 120, "visibility_pct": 35.833333333333336 }, "geometry": { "type": "Point", "coordinates": [ -2.209869086895206, 53.815508661873771 ] } },
{ "type": "Feature", "properties": { "visible_points": 42, "total_points": 118, "visibility_pct": 35.593220338983052 }, "geometry": { "type": "Point", "coordinates": [ -2.209658636449161, 53.815509030161685 ] } },
{ "type": "Feature", "properties": { "visible_points": 33, "total_points": 115, "visibility_pct": 28.695652173913043 }, "geometry": { "type": "Point", "coordinates": [ -2.209448185998459, 53.815509398080394 ] } },
{ "type": "Feature", "properties": { "visible_points": 0, "total_points": 110, "visibility_pct": 0.0 }, "geometry": { "type": "Point", "coordinates": [ -2.2092377355431, 53.815509765629869 ] } },
{ "type": "Feature", "properties": { "visible_points": 36, "total_points": 105, "visibility_pct": 34.285714285714285 }, "geometry": { "type": "Point", "coordinates": [ -2.209027285083091, 53.815510132810111 ] } },
{ "type": "Feature", "properties": { "visible_points": 43, "total_points": 99, "visibility_pct": 43.43434343434344 }, "geometry": { "type": "Point", "coordinates": [ -2.208816834618435, 53.815510499621134 ] } },
{ "type": "Feature", "properties": { "visible_points": 29, "total_points": 82, "visibility_pct": 35.365853658536587 }, "geometry": { "type": "Point", "coordinates": [ -2.217340636094847, 53.815603202865162 ] } },
{ "type": "Feature", "properties": { "visible_points": 37, "total_points": 89, "visibility_pct": 41.573033707865171 }, "geometry": { "type": "Point", "coordinates": [ -2.217130185277843, 53.815603584266036 ] } },
{ "type": "Feature", "properties": { "visible_points": 36, "total_points": 95, "visibility_pct": 37.894736842105267 }, "geometry": { "type": "Point", "coordinates": [ -2.216919734456009, 53.815603965297676 ] } },
{ "type": "Feature", "properties": { "visible_points": 31, "total_points": 100, "visibility_pct": 31.0 }, "geometry": { "type": "Point", "coordinates": [ -2.216709283629358, 53.815604345960104 ] } },
{ "type": "Feature", "properties": { "visible_points": 28, "total_points": 106, "visibility_pct": 26.415094339622641 }, "geometry": { "type": "Point", "coordinates": [ -2.216498832797886, 53.815604726253319 ] } },
{ "type": "Feature", "properties": { "visible_points": 23, "total_points": 111, "visibility_pct": 20.72072072072072 }, "geometry": { "type": "Point", "coordinates": [ -2.216288381961605, 53.815605106177287 ] } },
{ "type": "Feature", "properties": { "visible_points": 25, "total_points": 115, "visibility_pct": 21.739130434782609 }, "geometry": { "type": "Point", "coordinates": [ -2.216077931120515, 53.815605485732029 ] } },
{ "type": "Feature", "properties": { "visible_points": 20, "total_points": 118, "visibility_pct": 16.949152542372879 }, "geometry": { "type": "Point", "coordinates": [ -2.215867480274627, 53.815605864917551 ] } },
{ "type": "Feature", "properties": { "visible_points": 19, "total_points": 120, "visibility_pct": 15.833333333333332 }, "geometry": { "type": "Point", "coordinates": [ -2.215657029423935, 53.815606243733839 ] } },
{ "type": "Feature", "properties": { "visible_points": 14, "total_points": 120, "visibility_pct": 11.666666666666666 }, "geometry": { "type": "Point", "coordinates": [ -2.215446578568447, 53.815606622180894 ] } },
{ "type": "Feature", "properties": { "visible_points": 8, "total_points": 120, "visibility_pct": 6.666666666666667 }, "geometry": { "type": "Point", "coordinates": [ -2.215236127708183, 53.815607000258737 ] } },
{ "type": "Feature", "properties": { "visible_points": 31, "total_points": 120, "visibility_pct": 25.833333333333336 }, "geometry": { "type": "Point", "coordinates": [ -2.215025676843124, 53.815607377967353 ] } },
{ "type": "Feature", "properties": { "visible_points": 38, "total_points": 120, "visibility_pct": 31.666666666666664 }, "geometry": { "type": "Point", "coordinates": [ -2.214815225973287, 53.815607755306729 ] } },
{ "type": "Feature", "properties": { "visible_points": 40, "total_points": 120, "visibility_pct": 33.333333333333329 }, "geometry": { "type": "Point", "coordinates": [ -2.21460477509868, 53.815608132276914 ] } },
{ "type": "Feature", "properties": { "visible_points": 42, "total_points": 120, "visibility_pct": 35.0 }, "geometry": { "type": "Point", "coordinates": [ -2.214394324219301, 53.815608508877823 ] } },
{ "type": "Feature", "properties": { "visible_points": 54, "total_points": 120, "visibility_pct": 45.0 }, "geometry": { "type": "Point", "coordinates": [ -2.214183873335156, 53.815608885109555 ] } },
{ "type": "Feature", "properties": { "visible_points": 52, "total_points": 120, "visibility_pct": 43.333333333333336 }, "geometry": { "type": "Point", "coordinates": [ -2.213973422446252, 53.815609260972032 ] } },
{ "type": "Feature", "properties": { "visible_points": 40, "total_points": 120, "visibility_pct": 33.333333333333329 }, "geometry": { "type": "Point", "coordinates": [ -2.213762971552589, 53.815609636465283 ] } },
{ "type": "Feature", "properties": { "visible_points": 51, "total_points": 120, "visibility_pct": 42.5 }, "geometry": { "type": "Point", "coordinates": [ -2.213552520654181, 53.815610011589307 ] } },
{ "type": "Feature", "properties": { "visible_points": 62, "total_points": 120, "visibility_pct": 51.666666666666671 }, "geometry": { "type": "Point", "coordinates": [ -2.21334206975102, 53.815610386344105 ] } },
{ "type": "Feature", "properties": { "visible_points": 58, "total_points": 120, "visibility_pct": 48.333333333333336 }, "geometry": { "type": "Point", "coordinates": [ -2.21313161884312, 53.815610760729683 ] } },
{ "type": "Feature", "properties": { "visible_points": 48, "total_points": 120, "visibility_pct": 40.0 }, "geometry": { "type": "Point", "coordinates": [ -2.212921167930485, 53.815611134746035 ] } },
{ "type": "Feature", "properties": { "visible_points": 38, "total_points": 120, "visibility_pct": 31.666666666666664 }, "geometry": { "type": "Point", "coordinates": [ -2.212710717013114, 53.815611508393168 ] } },
{ "type": "Feature", "properties": { "visible_points": 41, "total_points": 120, "visibility_pct": 34.166666666666664 }, "geometry": { "type": "Point", "coordinates": [ -2.212500266091015, 53.815611881671032 ] } },
{ "type": "Feature", "properties": { "visible_points": 53, "total_points": 120, "visibility_pct": 44.166666666666664 }, "geometry": { "type": "Point", "coordinates": [ -2.212289815164196, 53.815612254579719 ] } },
{ "type": "Feature", "properties": { "visible_points": 47, "total_points": 120, "visibility_pct": 39.166666666666664 }, "geometry": { "type": "Point", "coordinates": [ -2.21207936423266, 53.815612627119151 ] } },
{ "type": "Feature", "properties": { "visible_points": 60, "total_points": 120, "visibility_pct": 50.0 }, "geometry": { "type": "Point", "coordinates": [ -2.211868913296406, 53.815612999289364 ] } },
{ "type": "Feature", "properties": { "visible_points": 64, "total_points": 120, "visibility_pct": 53.333333333333336 }, "geometry": { "type": "Point", "coordinates": [ -2.211658462355443, 53.81561337109035 ] } },
{ "type": "Feature", "properties": { "visible_points": 53, "total_points": 120, "visibility_pct": 44.166666666666664 }, "geometry": { "type": "Point", "coordinates": [ -2.21144801140978, 53.815613742522103 ] } },
{ "type": "Feature", "properties": { "visible_points": 58, "total_points": 120, "visibility_pct": 48.333333333333336 }, "geometry": { "type": "Point", "coordinates": [ -2.211237560459412, 53.815614113584616 ] } },
{ "type": "Feature", "properties": { "visible_points": 59, "total_points": 120, "visibility_pct": 49.166666666666664 }, "geometry": { "type": "Point", "coordinates": [ -2.211027109504352, 53.81561448427793 ] } },
{ "type": "Feature", "properties": { "visible_points": 66, "total_points": 120, "visibility_pct": 55.000000000000007 }, "geometry": { "type": "Point", "coordinates": [ -2.210816658544605, 53.815614854602003 ] } },
{ "type": "Feature", "properties": { "visible_points": 78, "total_points": 120, "visibility_pct": 65.0 }, "geometry": { "type": "Point", "coordinates": [ -2.210606207580164, 53.815615224556851 ] } },
{ "type": "Feature", "properties": { "visible_points": 74, "total_points": 120, "visibility_pct": 61.666666666666671 }, "geometry": { "type": "Point", "coordinates": [ -2.210395756611049, 53.815615594142471 ] } },
{ "type": "Feature", "properties": { "visible_points": 51, "total_points": 120, "visibility_pct": 42.5 }, "geometry": { "type": "Point", "coordinates": [ -2.210185305637257, 53.815615963358866 ] } },
{ "type": "Feature", "properties": { "visible_points": 46, "total_points": 120, "visibility_pct": 38.333333333333336 }, "geometry": { "type": "Point", "coordinates": [ -2.209974854658794, 53.815616332206019 ] } },
{ "type": "Feature", "properties": { "visible_points": 48, "total_points": 118, "visibility_pct": 40.677966101694921 }, "geometry": { "type": "Point", "coordinates": [ -2.209764403675656, 53.815616700683954 ] } },
{ "type": "Feature", "properties": { "visible_points": 39, "total_points": 115, "visibility_pct": 33.913043478260867 }, "geometry": { "type": "Point", "coordinates": [ -2.209553952687869, 53.815617068792662 ] } },
{ "type": "Feature", "properties": { "visible_points": 49, "total_points": 111, "visibility_pct": 44.144144144144143 }, "geometry": { "type": "Point", "coordinates": [ -2.209343501695414, 53.81561743653215 ] } },
{ "type": "Feature", "properties": { "visible_points": 34, "total_points": 82, "visibility_pct": 41.463414634146339 }, "geometry": { "type": "Point", "coordinates": [ -2.217656874546019, 53.815710484486345 ] } },
{ "type": "Feature", "properties": { "visible_points": 35, "total_points": 89, "visibility_pct": 39.325842696629216 }, "geometry": { "type": "Point", "coordinates": [ -2.217446423196839, 53.815710866446501 ] } },
{ "type": "Feature", "properties": { "visible_points": 42, "total_points": 95, "visibility_pct": 44.210526315789473 }, "geometry": { "type": "Point", "coordinates": [ -2.217235971842823, 53.815711248037438 ] } },
{ "type": "Feature", "properties": { "visible_points": 38, "total_points": 100, "visibility_pct": 38.0 }, "geometry": { "type": "Point", "coordinates": [ -2.217025520483985, 53.815711629259148 ] } },
{ "type": "Feature", "properties": { "visible_points": 41, "total_points": 106, "visibility_pct": 38.679245283018872 }, "geometry": { "type": "Point", "coordinates": [ -2.216815069120314, 53.815712010111625 ] } },
{ "type": "Feature", "properties": { "visible_points": 41, "total_points": 111, "visibility_pct": 36.936936936936938 }, "geometry": { "type": "Point", "coordinates": [ -2.216604617751836, 53.815712390594875 ] } },
{ "type": "Feature", "properties": { "visible_points": 41, "total_points": 115, "visibility_pct": 35.652173913043477 }, "geometry": { "type": "Point", "coordinates": [ -2.216394166378536, 53.815712770708892 ] } },
{ "type": "Feature", "properties": { "visible_points": 46, "total_points": 118, "visibility_pct": 38.983050847457626 }, "geometry": { "type": "Point", "coordinates": [ -2.216183715000427, 53.815713150453703 ] } },
{ "type": "Feature", "properties": { "visible_points": 32, "total_points": 120, "visibility_pct": 26.666666666666668 }, "geometry": { "type": "Point", "coordinates": [ -2.215973263617515, 53.815713529829267 ] } },
{ "type": "Feature", "properties": { "visible_points": 16, "total_points": 120, "visibility_pct": 13.333333333333334 }, "geometry": { "type": "Point", "coordinates": [ -2.215762812229799, 53.815713908835612 ] } },
{ "type": "Feature", "properties": { "visible_points": 17, "total_points": 120, "visibility_pct": 14.166666666666666 }, "geometry": { "type": "Point", "coordinates": [ -2.215552360837292, 53.815714287472723 ] } },
{ "type": "Feature", "properties": { "visible_points": 11, "total_points": 120, "visibility_pct": 9.1666666666666661 }, "geometry": { "type": "Point", "coordinates": [ -2.215341909439988, 53.815714665740593 ] } },
{ "type": "Feature", "properties": { "visible_points": 25, "total_points": 120, "visibility_pct": 20.833333333333336 }, "geometry": { "type": "Point", "coordinates": [ -2.215131458037907, 53.81571504363928 ] } },
{ "type": "Feature", "properties": { "visible_points": 27, "total_points": 120, "visibility_pct": 22.5 }, "geometry": { "type": "Point", "coordinates": [ -2.214921006631033, 53.815715421168704 ] } },
{ "type": "Feature", "properties": { "visible_points": 12, "total_points": 120, "visibility_pct": 10.0 }, "geometry": { "type": "Point", "coordinates": [ -2.214710555219392, 53.815715798328895 ] } },
{ "type": "Feature", "properties": { "visible_points": 45, "total_points": 120, "visibility_pct": 37.5 }, "geometry": { "type": "Point", "coordinates": [ -2.214500103802974, 53.815716175119874 ] } },
{ "type": "Feature", "properties": { "visible_points": 47, "total_points": 120, "visibility_pct": 39.166666666666664 }, "geometry": { "type": "Point", "coordinates": [ -2.214289652381789, 53.81571655154162 ] } },
{ "type": "Feature", "properties": { "visible_points": 56, "total_points": 120, "visibility_pct": 46.666666666666664 }, "geometry": { "type": "Point", "coordinates": [ -2.214079200955843, 53.815716927594153 ] } },
{ "type": "Feature", "properties": { "visible_points": 51, "total_points": 120, "visibility_pct": 42.5 }, "geometry": { "type": "Point", "coordinates": [ -2.213868749525135, 53.815717303277445 ] } },
{ "type": "Feature", "properties": { "visible_points": 43, "total_points": 120, "visibility_pct": 35.833333333333336 }, "geometry": { "type": "Point", "coordinates": [ -2.213658298089676, 53.815717678591504 ] } },
{ "type": "Feature", "properties": { "visible_points": 54, "total_points": 120, "visibility_pct": 45.0 }, "geometry": { "type": "Point", "coordinates": [ -2.21344784664947, 53.815718053536337 ] } },
{ "type": "Feature", "properties": { "visible_points": 49, "total_points": 120, "visibility_pct": 40.833333333333336 }, "geometry": { "type": "Point", "coordinates": [ -2.213237395204515, 53.815718428111943 ] } },
{ "type": "Feature", "properties": { "visible_points": 47, "total_points": 120, "visibility_pct": 39.166666666666664 }, "geometry": { "type": "Point", "coordinates": [ -2.213026943754826, 53.815718802318322 ] } },
{ "type": "Feature", "properties": { "visible_points": 45, "total_points": 120, "visibility_pct": 37.5 }, "geometry": { "type": "Point", "coordinates": [ -2.212816492300397, 53.815719176155476 ] } },
{ "type": "Feature", "properties": { "visible_points": 31, "total_points": 120, "visibility_pct": 25.833333333333336 }, "geometry": { "type": "Point", "coordinates": [ -2.212606040841235, 53.815719549623395 ] } },
{ "type": "Feature", "properties": { "visible_points": 39, "total_points": 120, "visibility_pct": 32.5 }, "geometry": { "type": "Point", "coordinates": [ -2.212395589377361, 53.815719922722089 ] } },
{ "type": "Feature", "properties": { "visible_points": 56, "total_points": 120, "visibility_pct": 46.666666666666664 }, "geometry": { "type": "Point", "coordinates": [ -2.212185137908756, 53.815720295451555 ] } },
{ "type": "Feature", "properties": { "visible_points": 54, "total_points": 120, "visibility_pct": 45.0 }, "geometry": { "type": "Point", "coordinates": [ -2.211974686435437, 53.815720667811782 ] } },
{ "type": "Feature", "properties": { "visible_points": 58, "total_points": 120, "visibility_pct": 48.333333333333336 }, "geometry": { "type": "Point", "coordinates": [ -2.211764234957406, 53.815721039802796 ] } },
{ "type": "Feature", "properties": { "visible_points": 58, "total_points": 120, "visibility_pct": 48.333333333333336 }, "geometry": { "type": "Point", "coordinates": [ -2.211553783474671, 53.815721411424562 ] } },
{ "type": "Feature", "properties": { "visible_points": 47, "total_points": 120, "visibility_pct": 39.166666666666664 }, "geometry": { "type": "Point", "coordinates": [ -2.211343331987228, 53.815721782677116 ] } },
{ "type": "Feature", "properties": { "visible_points": 53, "total_points": 120, "visibility_pct": 44.166666666666664 }, "geometry": { "type": "Point", "coordinates": [ -2.211132880495093, 53.815722153560436 ] } },
{ "type": "Feature", "properties": { "visible_points": 55, "total_points": 120, "visibility_pct": 45.833333333333329 }, "geometry": { "type": "Point", "coordinates": [ -2.210922428998265, 53.81572252407453 ] } },
{ "type": "Feature", "properties": { "visible_points": 59, "total_points": 120, "visibility_pct": 49.166666666666664 }, "geometry": { "type": "Point", "coordinates": [ -2.210711977496747, 53.815722894219398 ] } },
{ "type": "Feature", "properties": { "visible_points": 64, "total_points": 120, "visibility_pct": 53.333333333333336 }, "geometry": { "type": "Point", "coordinates": [ -2.210501525990548, 53.815723263995025 ] } },
{ "type": "Feature", "properties": { "visible_points": 62, "total_points": 120, "visibility_pct": 51.666666666666671 }, "geometry": { "type": "Point", "coordinates": [ -2.210291074479671, 53.815723633401447 ] } },
{ "type": "Feature", "properties": { "visible_points": 42, "total_points": 120, "visibility_pct": 35.0 }, "geometry": { "type": "Point", "coordinates": [ -2.210080622964113, 53.815724002438614 ] } },
{ "type": "Feature", "properties": { "visible_points": 42, "total_points": 119, "visibility_pct": 35.294117647058826 }, "geometry": { "type": "Point", "coordinates": [ -2.209870171443897, 53.815724371106541 ] } },
{ "type": "Feature", "properties": { "visible_points": 38, "total_points": 116, "visibility_pct": 32.758620689655174 }, "geometry": { "type": "Point", "coordinates": [ -2.209659719919008, 53.815724739405269 ] } },
{ "type": "Feature", "properties": { "visible_points": 43, "total_points": 112, "visibility_pct": 38.392857142857146 }, "geometry": { "type": "Point", "coordinates": [ -2.20944926838946, 53.815725107334757 ] } },
{ "type": "Feature", "properties": { "visible_points": 45, "total_points": 106, "visibility_pct": 42.452830188679243 }, "geometry": { "type": "Point", "coordinates": [ -2.209238816855262, 53.815725474895025 ] } },
{ "type": "Feature", "properties": { "visible_points": 41, "total_points": 82, "visibility_pct": 50.0 }, "geometry": { "type": "Point", "coordinates": [ -2.217973114608178, 53.815817765258437 ] } },
{ "type": "Feature", "properties": { "visible_points": 46, "total_points": 89, "visibility_pct": 51.68539325842697 }, "geometry": { "type": "Point", "coordinates": [ -2.217762662726833, 53.815818147777883 ] } },
{ "type": "Feature", "properties": { "visible_points": 42, "total_points": 95, "visibility_pct": 44.210526315789473 }, "geometry": { "type": "Point", "coordinates": [ -2.217552210840647, 53.815818529928123 ] } },
{ "type": "Feature", "properties": { "visible_points": 40, "total_points": 100, "visibility_pct": 40.0 }, "geometry": { "type": "Point", "coordinates": [ -2.217341758949625, 53.815818911709108 ] } },
{ "type": "Feature", "properties": { "visible_points": 34, "total_points": 106, "visibility_pct": 32.075471698113205 }, "geometry": { "type": "Point", "coordinates": [ -2.217131307053773, 53.815819293120867 ] } },
{ "type": "Feature", "properties": { "visible_points": 31, "total_points": 111, "visibility_pct": 27.927927927927925 }, "geometry": { "type": "Point", "coordinates": [ -2.216920855153092, 53.815819674163407 ] } },
{ "type": "Feature", "properties": { "visible_points": 30, "total_points": 115, "visibility_pct": 26.086956521739129 }, "geometry": { "type": "Point", "coordinates": [ -2.216710403247592, 53.815820054836713 ] } },
{ "type": "Feature", "properties": { "visible_points": 42, "total_points": 118, "visibility_pct": 35.593220338983052 }, "geometry": { "type": "Point", "coordinates": [ -2.216499951337274, 53.815820435140807 ] } },
{ "type": "Feature", "properties": { "visible_points": 43, "total_points": 120, "visibility_pct": 35.833333333333336 }, "geometry": { "type": "Point", "coordinates": [ -2.216289499422147, 53.815820815075647 ] } },
{ "type": "Feature", "properties": { "visible_points": 45, "total_points": 120, "visibility_pct": 37.5 }, "geometry": { "type": "Point", "coordinates": [ -2.216079047502205, 53.815821194641273 ] } },
{ "type": "Feature", "properties": { "visible_points": 33, "total_points": 120, "visibility_pct": 27.5 }, "geometry": { "type": "Point", "coordinates": [ -2.215868595577472, 53.815821573837667 ] } },
{ "type": "Feature", "properties": { "visible_points": 27, "total_points": 120, "visibility_pct": 22.5 }, "geometry": { "type": "Point", "coordinates": [ -2.215658143647929, 53.815821952664848 ] } },
{ "type": "Feature", "properties": { "visible_points": 19, "total_points": 120, "visibility_pct": 15.833333333333332 }, "geometry": { "type": "Point", "coordinates": [ -2.2154476917136, 53.815822331122767 ] } },
{ "type": "Feature", "properties": { "visible_points": 14, "total_points": 120, "visibility_pct": 11.666666666666666 }, "geometry": { "type": "Point", "coordinates": [ -2.21523723977448, 53.815822709211474 ] } },
{ "type": "Feature", "properties": { "visible_points": 5, "total_points": 120, "visibility_pct": 4.1666666666666661 }, "geometry": { "type": "Point", "coordinates": [ -2.215026787830576, 53.815823086930962 ] } },
{ "type": "Feature", "properties": { "visible_points": 0, "total_points": 120, "visibility_pct": 0.0 }, "geometry": { "type": "Point", "coordinates": [ -2.214816335881892, 53.815823464281209 ] } },
{ "type": "Feature", "properties": { "visible_points": 27, "total_points": 120, "visibility_pct": 22.5 }, "geometry": { "type": "Point", "coordinates": [ -2.214605883928437, 53.81582384126223 ] } },
{ "type": "Feature", "properties": { "visible_points": 29, "total_points": 120, "visibility_pct": 24.166666666666668 }, "geometry": { "type": "Point", "coordinates": [ -2.214395431970209, 53.815824217874002 ] } },
{ "type": "Feature", "properties": { "visible_points": 50, "total_points": 120, "visibility_pct": 41.666666666666671 }, "geometry": { "type": "Point", "coordinates": [ -2.214184980007218, 53.815824594116563 ] } },
{ "type": "Feature", "properties": { "visible_points": 51, "total_points": 120, "visibility_pct": 42.5 }, "geometry": { "type": "Point", "coordinates": [ -2.213974528039464, 53.815824969989897 ] } },
{ "type": "Feature", "properties": { "visible_points": 45, "total_points": 120, "visibility_pct": 37.5 }, "geometry": { "type": "Point", "coordinates": [ -2.21376407606695, 53.815825345494019 ] } },
{ "type": "Feature", "properties": { "visible_points": 43, "total_points": 120, "visibility_pct": 35.833333333333336 }, "geometry": { "type": "Point", "coordinates": [ -2.213553624089691, 53.815825720628872 ] } },
{ "type": "Feature", "properties": { "visible_points": 0, "total_points": 120, "visibility_pct": 0.0 }, "geometry": { "type": "Point", "coordinates": [ -2.213343172107688, 53.815826095394513 ] } },
{ "type": "Feature", "properties": { "visible_points": 35, "total_points": 120, "visibility_pct": 29.166666666666668 }, "geometry": { "type": "Point", "coordinates": [ -2.213132720120937, 53.81582646979092 ] } },
{ "type": "Feature", "properties": { "visible_points": 49, "total_points": 120, "visibility_pct": 40.833333333333336 }, "geometry": { "type": "Point", "coordinates": [ -2.21292226812945, 53.815826843818108 ] } },
{ "type": "Feature", "properties": { "visible_points": 47, "total_points": 120, "visibility_pct": 39.166666666666664 }, "geometry": { "type": "Point", "coordinates": [ -2.212711816133234, 53.815827217476055 ] } },
{ "type": "Feature", "properties": { "visible_points": 33, "total_points": 120, "visibility_pct": 27.5 }, "geometry": { "type": "Point", "coordinates": [ -2.212501364132284, 53.815827590764776 ] } },
{ "type": "Feature", "properties": { "visible_points": 47, "total_points": 120, "visibility_pct": 39.166666666666664 }, "geometry": { "type": "Point", "coordinates": [ -2.212290912126618, 53.815827963684292 ] } },
{ "type": "Feature", "properties": { "visible_points": 62, "total_points": 120, "visibility_pct": 51.666666666666671 }, "geometry": { "type": "Point", "coordinates": [ -2.212080460116227, 53.815828336234539 ] } },
{ "type": "Feature", "properties": { "visible_points": 54, "total_points": 120, "visibility_pct": 45.0 }, "geometry": { "type": "Point", "coordinates": [ -2.211870008101127, 53.815828708415559 ] } },
{ "type": "Feature", "properties": { "visible_points": 53, "total_points": 120, "visibility_pct": 44.166666666666664 }, "geometry": { "type": "Point", "coordinates": [ -2.211659556081314, 53.81582908022736 ] } },
{ "type": "Feature", "properties": { "visible_points": 50, "total_points": 120, "visibility_pct": 41.666666666666671 }, "geometry": { "type": "Point", "coordinates": [ -2.211449104056804, 53.815829451669934 ] } },
{ "type": "Feature", "properties": { "visible_points": 37, "total_points": 120, "visibility_pct": 30.833333333333336 }, "geometry": { "type": "Point", "coordinates": [ -2.211238652027586, 53.815829822743282 ] } },
{ "type": "Feature", "properties": { "visible_points": 42, "total_points": 120, "visibility_pct": 35.0 }, "geometry": { "type": "Point", "coordinates": [ -2.211028199993677, 53.81583019344739 ] } },
{ "type": "Feature", "properties": { "visible_points": 46, "total_points": 120, "visibility_pct": 38.333333333333336 }, "geometry": { "type": "Point", "coordinates": [ -2.210817747955077, 53.815830563782278 ] } },
{ "type": "Feature", "properties": { "visible_points": 51, "total_points": 120, "visibility_pct": 42.5 }, "geometry": { "type": "Point", "coordinates": [ -2.210607295911788, 53.815830933747911 ] } },
{ "type": "Feature", "properties": { "visible_points": 58, "total_points": 120, "visibility_pct": 48.333333333333336 }, "geometry": { "type": "Point", "coordinates": [ -2.210396843863828, 53.815831303344339 ] } },
{ "type": "Feature", "properties": { "visible_points": 46, "total_points": 120, "visibility_pct": 38.333333333333336 }, "geometry": { "type": "Point", "coordinates": [ -2.21018639181118, 53.81583167257152 ] } },
{ "type": "Feature", "properties": { "visible_points": 44, "total_points": 120, "visibility_pct": 36.666666666666664 }, "geometry": { "type": "Point", "coordinates": [ -2.209975939753865, 53.815832041429488 ] } },
{ "type": "Feature", "properties": { "visible_points": 39, "total_points": 117, "visibility_pct": 33.333333333333329 }, "geometry": { "type": "Point", "coordinates": [ -2.209765487691885, 53.815832409918215 ] } },
{ "type": "Feature", "properties": { "visible_points": 30, "total_points": 113, "visibility_pct": 26.548672566371685 }, "geometry": { "type": "Point", "coordinates": [ -2.20955503562524, 53.815832778037716 ] } },
{ "type": "Feature", "properties": { "visible_points": 57, "total_points": 108, "visibility_pct": 52.777777777777779 }, "geometry": { "type": "Point", "coordinates": [ -2.20934458355394, 53.815833145787977 ] } },
{ "type": "Feature", "properties": { "visible_points": 41, "total_points": 101, "visibility_pct": 40.594059405940598 }, "geometry": { "type": "Point", "coordinates": [ -2.209134131477986, 53.815833513169004 ] } },
{ "type": "Feature", "properties": { "visible_points": 34, "total_points": 82, "visibility_pct": 41.463414634146339 }, "geometry": { "type": "Point", "coordinates": [ -2.218289356218706, 53.815925045454129 ] } },
{ "type": "Feature", "properties": { "visible_points": 37, "total_points": 89, "visibility_pct": 41.573033707865171 }, "geometry": { "type": "Point", "coordinates": [ -2.218078903857735, 53.815925428282227 ] } },
{ "type": "Feature", "properties": { "visible_points": 41, "total_points": 95, "visibility_pct": 43.15789473684211 }, "geometry": { "type": "Point", "coordinates": [ -2.21786845144948, 53.815925810969702 ] } },
{ "type": "Feature", "properties": { "visible_points": 48, "total_points": 100, "visibility_pct": 48.0 }, "geometry": { "type": "Point", "coordinates": [ -2.217657999026287, 53.815926193310005 ] } },
{ "type": "Feature", "properties": { "visible_points": 54, "total_points": 106, "visibility_pct": 50.943396226415096 }, "geometry": { "type": "Point", "coordinates": [ -2.217447546598251, 53.815926575281054 ] } },
{ "type": "Feature", "properties": { "visible_points": 47, "total_points": 111, "visibility_pct": 42.342342342342342 }, "geometry": { "type": "Point", "coordinates": [ -2.217237094165381, 53.81592695688289 ] } },
{ "type": "Feature", "properties": { "visible_points": 43, "total_points": 115, "visibility_pct": 37.391304347826086 }, "geometry": { "type": "Point", "coordinates": [ -2.217026641727687, 53.815927338115479 ] } },
{ "type": "Feature", "properties": { "visible_points": 34, "total_points": 118, "visibility_pct": 28.8135593220339 }, "geometry": { "type": "Point", "coordinates": [ -2.216816189285169, 53.815927718978855 ] } },
{ "type": "Feature", "properties": { "visible_points": 33, "total_points": 120, "visibility_pct": 27.5 }, "geometry": { "type": "Point", "coordinates": [ -2.216605736837829, 53.815928099472984 ] } },
{ "type": "Feature", "properties": { "visible_points": 44, "total_points": 120, "visibility_pct": 36.666666666666664 }, "geometry": { "type": "Point", "coordinates": [ -2.216395284385678, 53.815928479597893 ] } },
{ "type": "Feature", "properties": { "visible_points": 32, "total_points": 120, "visibility_pct": 26.666666666666668 }, "geometry": { "type": "Point", "coordinates": [ -2.216184831928715, 53.815928859353576 ] } },
{ "type": "Feature", "properties": { "visible_points": 26, "total_points": 120, "visibility_pct": 21.666666666666668 }, "geometry": { "type": "Point", "coordinates": [ -2.215974379466946, 53.815929238740033 ] } },
{ "type": "Feature", "properties": { "visible_points": 22, "total_points": 120, "visibility_pct": 18.333333333333332 }, "geometry": { "type": "Point", "coordinates": [ -2.215763927000374, 53.815929617757249 ] } },
{ "type": "Feature", "properties": { "visible_points": 21, "total_points": 120, "visibility_pct": 17.5 }, "geometry": { "type": "Point", "coordinates": [ -2.215553474529016, 53.815929996405231 ] } },
{ "type": "Feature", "properties": { "visible_points": 5, "total_points": 120, "visibility_pct": 4.1666666666666661 }, "geometry": { "type": "Point", "coordinates": [ -2.215343022052859, 53.815930374683987 ] } },
{ "type": "Feature", "properties": { "visible_points": 1, "total_points": 120, "visibility_pct": 0.83333333333333337 }, "geometry": { "type": "Point", "coordinates": [ -2.215132569571917, 53.815930752593502 ] } },
{ "type": "Feature", "properties": { "visible_points": 0, "total_points": 120, "visibility_pct": 0.0 }, "geometry": { "type": "Point", "coordinates": [ -2.214922117086191, 53.815931130133798 ] } },
{ "type": "Feature", "properties": { "visible_points": 0, "total_points": 120, "visibility_pct": 0.0 }, "geometry": { "type": "Point", "coordinates": [ -2.214711664595695, 53.815931507304846 ] } },
{ "type": "Feature", "properties": { "visible_points": 14, "total_points": 120, "visibility_pct": 11.666666666666666 }, "geometry": { "type": "Point", "coordinates": [ -2.214501212100419, 53.815931884106689 ] } },
{ "type": "Feature", "properties": { "visible_points": 12, "total_points": 120, "visibility_pct": 10.0 }, "geometry": { "type": "Point", "coordinates": [ -2.214290759600382, 53.815932260539306 ] } },
{ "type": "Feature", "properties": { "visible_points": 44, "total_points": 120, "visibility_pct": 36.666666666666664 }, "geometry": { "type": "Point", "coordinates": [ -2.214080307095575, 53.815932636602682 ] } },
{ "type": "Feature", "properties": { "visible_points": 44, "total_points": 120, "visibility_pct": 36.666666666666664 }, "geometry": { "type": "Point", "coordinates": [ -2.213869854586018, 53.815933012296803 ] } },
{ "type": "Feature", "properties": { "visible_points": 42, "total_points": 120, "visibility_pct": 35.0 }, "geometry": { "type": "Point", "coordinates": [ -2.213659402071701, 53.815933387621719 ] } },
{ "type": "Feature", "properties": { "visible_points": 33, "total_points": 120, "visibility_pct": 27.5 }, "geometry": { "type": "Point", "coordinates": [ -2.213448949552635, 53.815933762577387 ] } },
{ "type": "Feature", "properties": { "visible_points": 29, "total_points": 120, "visibility_pct": 24.166666666666668 }, "geometry": { "type": "Point", "coordinates": [ -2.21323849702883, 53.815934137163843 ] } },
{ "type": "Feature", "properties": { "visible_points": 36, "total_points": 120, "visibility_pct": 30.0 }, "geometry": { "type": "Point", "coordinates": [ -2.213028044500282, 53.815934511381052 ] } },
{ "type": "Feature", "properties": { "visible_points": 51, "total_points": 120, "visibility_pct": 42.5 }, "geometry": { "type": "Point", "coordinates": [ -2.212817591966999, 53.815934885229041 ] } },
{ "type": "Feature", "properties": { "visible_points": 47, "total_points": 120, "visibility_pct": 39.166666666666664 }, "geometry": { "type": "Point", "coordinates": [ -2.212607139428985, 53.815935258707782 ] } },
{ "type": "Feature", "properties": { "visible_points": 35, "total_points": 120, "visibility_pct": 29.166666666666668 }, "geometry": { "type": "Point", "coordinates": [ -2.21239668688625, 53.815935631817297 ] } },
{ "type": "Feature", "properties": { "visible_points": 42, "total_points": 120, "visibility_pct": 35.0 }, "geometry": { "type": "Point", "coordinates": [ -2.212186234338788, 53.815936004557585 ] } },
{ "type": "Feature", "properties": { "visible_points": 56, "total_points": 120, "visibility_pct": 46.666666666666664 }, "geometry": { "type": "Point", "coordinates": [ -2.21197578178661, 53.81593637692864 ] } },
{ "type": "Feature", "properties": { "visible_points": 48, "total_points": 120, "visibility_pct": 40.0 }, "geometry": { "type": "Point", "coordinates": [ -2.211765329229729, 53.815936748930476 ] } },
{ "type": "Feature", "properties": { "visible_points": 45, "total_points": 120, "visibility_pct": 37.5 }, "geometry": { "type": "Point", "coordinates": [ -2.211554876668131, 53.815937120563078 ] } },
{ "type": "Feature", "properties": { "visible_points": 30, "total_points": 120, "visibility_pct": 25.0 }, "geometry": { "type": "Point", "coordinates": [ -2.211344424101839, 53.815937491826425 ] } },
{ "type": "Feature", "properties": { "visible_points": 31, "total_points": 120, "visibility_pct": 25.833333333333336 }, "geometry": { "type": "Point", "coordinates": [ -2.211133971530846, 53.815937862720553 ] } },
{ "type": "Feature", "properties": { "visible_points": 39, "total_points": 120, "visibility_pct": 32.5 }, "geometry": { "type": "Point", "coordinates": [ -2.210923518955158, 53.815938233245475 ] } },
{ "type": "Feature", "properties": { "visible_points": 41, "total_points": 120, "visibility_pct": 34.166666666666664 }, "geometry": { "type": "Point", "coordinates": [ -2.210713066374784, 53.815938603401122 ] } },
{ "type": "Feature", "properties": { "visible_points": 48, "total_points": 120, "visibility_pct": 40.0 }, "geometry": { "type": "Point", "coordinates": [ -2.210502613789727, 53.815938973187563 ] } },
{ "type": "Feature", "properties": { "visible_points": 51, "total_points": 120, "visibility_pct": 42.5 }, "geometry": { "type": "Point", "coordinates": [ -2.210292161199994, 53.815939342604764 ] } },
{ "type": "Feature", "properties": { "visible_points": 49, "total_points": 120, "visibility_pct": 40.833333333333336 }, "geometry": { "type": "Point", "coordinates": [ -2.210081708605582, 53.815939711652746 ] } },
{ "type": "Feature", "properties": { "visible_points": 30, "total_points": 119, "visibility_pct": 25.210084033613445 }, "geometry": { "type": "Point", "coordinates": [ -2.209871256006505, 53.815940080331472 ] } },
{ "type": "Feature", "properties": { "visible_points": 31, "total_points": 115, "visibility_pct": 26.956521739130434 }, "geometry": { "type": "Point", "coordinates": [ -2.209660803402759, 53.815940448640987 ] } },
{ "type": "Feature", "properties": { "visible_points": 55, "total_points": 110, "visibility_pct": 50.0 }, "geometry": { "type": "Point", "coordinates": [ -2.209450350794354, 53.815940816581247 ] } },
{ "type": "Feature", "properties": { "visible_points": 46, "total_points": 104, "visibility_pct": 44.230769230769226 }, "geometry": { "type": "Point", "coordinates": [ -2.209239898181299, 53.815941184152301 ] } },
{ "type": "Feature", "properties": { "visible_points": 31, "total_points": 79, "visibility_pct": 39.24050632911392 }, "geometry": { "type": "Point", "coordinates": [ -2.218605599370888, 53.816032325059332 ] } },
{ "type": "Feature", "properties": { "visible_points": 38, "total_points": 88, "visibility_pct": 43.18181818181818 }, "geometry": { "type": "Point", "coordinates": [ -2.218395146510427, 53.8160327083461 ] } },
{ "type": "Feature", "properties": { "visible_points": 44, "total_points": 95, "visibility_pct": 46.315789473684212 }, "geometry": { "type": "Point", "coordinates": [ -2.21818469363707, 53.816033091280111 ] } },
{ "type": "Feature", "properties": { "visible_points": 51, "total_points": 100, "visibility_pct": 51.0 }, "geometry": { "type": "Point", "coordinates": [ -2.217974240713959, 53.816033474061804 ] } },
{ "type": "Feature", "properties": { "visible_points": 53, "total_points": 106, "visibility_pct": 50.0 }, "geometry": { "type": "Point", "coordinates": [ -2.217763787753751, 53.816033856592163 ] } },
{ "type": "Feature", "properties": { "visible_points": 48, "total_points": 111, "visibility_pct": 43.243243243243242 }, "geometry": { "type": "Point", "coordinates": [ -2.217553334788705, 53.816034238753275 ] } },
{ "type": "Feature", "properties": { "visible_points": 55, "total_points": 115, "visibility_pct": 47.826086956521742 }, "geometry": { "type": "Point", "coordinates": [ -2.217342881818821, 53.816034620545175 ] } },
{ "type": "Feature", "properties": { "visible_points": 49, "total_points": 118, "visibility_pct": 41.525423728813557 }, "geometry": { "type": "Point", "coordinates": [ -2.217132428844105, 53.816035001967848 ] } },
{ "type": "Feature", "properties": { "visible_points": 50, "total_points": 120, "visibility_pct": 41.666666666666671 }, "geometry": { "type": "Point", "coordinates": [ -2.216921975864565, 53.816035383021273 ] } },
{ "type": "Feature", "properties": { "visible_points": 36, "total_points": 120, "visibility_pct": 30.0 }, "geometry": { "type": "Point", "coordinates": [ -2.216711522880203, 53.816035763705464 ] } },
{ "type": "Feature", "properties": { "visible_points": 33, "total_points": 120, "visibility_pct": 27.5 }, "geometry": { "type": "Point", "coordinates": [ -2.216501069891026, 53.816036144020437 ] } },
{ "type": "Feature", "properties": { "visible_points": 37, "total_points": 120, "visibility_pct": 30.833333333333336 }, "geometry": { "type": "Point", "coordinates": [ -2.216290616897032, 53.816036523966154 ] } },
{ "type": "Feature", "properties": { "visible_points": 30, "total_points": 120, "visibility_pct": 25.0 }, "geometry": { "type": "Point", "coordinates": [ -2.216080163898235, 53.816036903542646 ] } },
{ "type": "Feature", "properties": { "visible_points": 23, "total_points": 120, "visibility_pct": 19.166666666666668 }, "geometry": { "type": "Point", "coordinates": [ -2.215869710894632, 53.816037282749932 ] } },
{ "type": "Feature", "properties": { "visible_points": 25, "total_points": 120, "visibility_pct": 20.833333333333336 }, "geometry": { "type": "Point", "coordinates": [ -2.215659257886232, 53.816037661587977 ] } },
{ "type": "Feature", "properties": { "visible_points": 14, "total_points": 120, "visibility_pct": 11.666666666666666 }, "geometry": { "type": "Point", "coordinates": [ -2.21544880487304, 53.81603804005676 ] } },
{ "type": "Feature", "properties": { "visible_points": 6, "total_points": 120, "visibility_pct": 5.0 }, "geometry": { "type": "Point", "coordinates": [ -2.215238351855061, 53.816038418156346 ] } },
{ "type": "Feature", "properties": { "visible_points": 0, "total_points": 120, "visibility_pct": 0.0 }, "geometry": { "type": "Point", "coordinates": [ -2.215027898832291, 53.816038795886683 ] } },
{ "type": "Feature", "properties": { "visible_points": 9, "total_points": 120, "visibility_pct": 7.5 }, "geometry": { "type": "Point", "coordinates": [ -2.214817445804747, 53.816039173247788 ] } },
{ "type": "Feature", "properties": { "visible_points": 17, "total_points": 120, "visibility_pct": 14.166666666666666 }, "geometry": { "type": "Point", "coordinates": [ -2.214606992772428, 53.816039550239665 ] } },
{ "type": "Feature", "properties": { "visible_points": 22, "total_points": 120, "visibility_pct": 18.333333333333332 }, "geometry": { "type": "Point", "coordinates": [ -2.21439653973534, 53.816039926862317 ] } },
{ "type": "Feature", "properties": { "visible_points": 29, "total_points": 120, "visibility_pct": 24.166666666666668 }, "geometry": { "type": "Point", "coordinates": [ -2.214186086693485, 53.816040303115727 ] } },
{ "type": "Feature", "properties": { "visible_points": 37, "total_points": 120, "visibility_pct": 30.833333333333336 }, "geometry": { "type": "Point", "coordinates": [ -2.213975633646866, 53.816040678999912 ] } },
{ "type": "Feature", "properties": { "visible_points": 39, "total_points": 120, "visibility_pct": 32.5 }, "geometry": { "type": "Point", "coordinates": [ -2.213765180595496, 53.816041054514855 ] } },
{ "type": "Feature", "properties": { "visible_points": 34, "total_points": 120, "visibility_pct": 28.333333333333332 }, "geometry": { "type": "Point", "coordinates": [ -2.213554727539372, 53.816041429660558 ] } },
{ "type": "Feature", "properties": { "visible_points": 25, "total_points": 120, "visibility_pct": 20.833333333333336 }, "geometry": { "type": "Point", "coordinates": [ -2.213344274478503, 53.816041804437049 ] } },
{ "type": "Feature", "properties": { "visible_points": 30, "total_points": 120, "visibility_pct": 25.0 }, "geometry": { "type": "Point", "coordinates": [ -2.213133821412888, 53.816042178844299 ] } },
{ "type": "Feature", "properties": { "visible_points": 43, "total_points": 120, "visibility_pct": 35.833333333333336 }, "geometry": { "type": "Point", "coordinates": [ -2.212923368342543, 53.816042552882323 ] } },
{ "type": "Feature", "properties": { "visible_points": 48, "total_points": 120, "visibility_pct": 40.0 }, "geometry": { "type": "Point", "coordinates": [ -2.212712915267457, 53.816042926551091 ] } },
{ "type": "Feature", "properties": { "visible_points": 44, "total_points": 120, "visibility_pct": 36.666666666666664 }, "geometry": { "type": "Point", "coordinates": [ -2.212502462187652, 53.816043299850648 ] } },
{ "type": "Feature", "properties": { "visible_points": 34, "total_points": 120, "visibility_pct": 28.333333333333332 }, "geometry": { "type": "Point", "coordinates": [ -2.212292009103118, 53.816043672780964 ] } },
{ "type": "Feature", "properties": { "visible_points": 37, "total_points": 120, "visibility_pct": 30.833333333333336 }, "geometry": { "type": "Point", "coordinates": [ -2.212081556013867, 53.816044045342046 ] } },
{ "type": "Feature", "properties": { "visible_points": 46, "total_points": 120, "visibility_pct": 38.333333333333336 }, "geometry": { "type": "Point", "coordinates": [ -2.211871102919901, 53.816044417533902 ] } },
{ "type": "Feature", "properties": { "visible_points": 57, "total_points": 120, "visibility_pct": 47.5 }, "geometry": { "type": "Point", "coordinates": [ -2.211660649821227, 53.816044789356518 ] } },
{ "type": "Feature", "properties": { "visible_points": 56, "total_points": 120, "visibility_pct": 46.666666666666664 }, "geometry": { "type": "Point", "coordinates": [ -2.211450196717852, 53.816045160809907 ] } },
{ "type": "Feature", "properties": { "visible_points": 30, "total_points": 120, "visibility_pct": 25.0 }, "geometry": { "type": "Point", "coordinates": [ -2.211239743609769, 53.816045531894062 ] } },
{ "type": "Feature", "properties": { "visible_points": 37, "total_points": 120, "visibility_pct": 30.833333333333336 }, "geometry": { "type": "Point", "coordinates": [ -2.211029290496997, 53.816045902608977 ] } },
{ "type": "Feature", "properties": { "visible_points": 49, "total_points": 120, "visibility_pct": 40.833333333333336 }, "geometry": { "type": "Point", "coordinates": [ -2.210818837379533, 53.816046272954658 ] } },
{ "type": "Feature", "properties": { "visible_points": 55, "total_points": 120, "visibility_pct": 45.833333333333329 }, "geometry": { "type": "Point", "coordinates": [ -2.210608384257384, 53.816046642931113 ] } },
{ "type": "Feature", "properties": { "visible_points": 3, "total_points": 120, "visibility_pct": 2.5 }, "geometry": { "type": "Point", "coordinates": [ -2.210397931130553, 53.81604701253832 ] } },
{ "type": "Feature", "properties": { "visible_points": 56, "total_points": 120, "visibility_pct": 46.666666666666664 }, "geometry": { "type": "Point", "coordinates": [ -2.210187477999046, 53.816047381776315 ] } },
{ "type": "Feature", "properties": { "visible_points": 45, "total_points": 120, "visibility_pct": 37.5 }, "geometry": { "type": "Point", "coordinates": [ -2.209977024862869, 53.816047750645069 ] } },
{ "type": "Feature", "properties": { "visible_points": 45, "total_points": 118, "visibility_pct": 38.135593220338983 }, "geometry": { "type": "Point", "coordinates": [ -2.20976657172202, 53.81604811914459 ] } },
{ "type": "Feature", "properties": { "visible_points": 37, "total_points": 113, "visibility_pct": 32.743362831858406 }, "geometry": { "type": "Point", "coordinates": [ -2.209556118576513, 53.816048487274863 ] } },
{ "type": "Feature", "properties": { "visible_points": 63, "total_points": 107, "visibility_pct": 58.878504672897193 }, "geometry": { "type": "Point", "coordinates": [ -2.209345665426349, 53.816048855035923 ] } },
{ "type": "Feature", "properties": { "visible_points": 40, "total_points": 99, "visibility_pct": 40.404040404040401 }, "geometry": { "type": "Point", "coordinates": [ -2.209135212271525, 53.816049222427736 ] } },
{ "type": "Feature", "properties": { "visible_points": 16, "total_points": 59, "visibility_pct": 27.118644067796609 }, "geometry": { "type": "Point", "coordinates": [ -2.219132297501913, 53.816139219617433 ] } },
{ "type": "Feature", "properties": { "visible_points": 27, "total_points": 70, "visibility_pct": 38.571428571428577 }, "geometry": { "type": "Point", "coordinates": [ -2.218921844119091, 53.816139603828454 ] } },
{ "type": "Feature", "properties": { "visible_points": 36, "total_points": 81, "visibility_pct": 44.444444444444443 }, "geometry": { "type": "Point", "coordinates": [ -2.218711390731439, 53.816139987670226 ] } },
{ "type": "Feature", "properties": { "visible_points": 45, "total_points": 92, "visibility_pct": 48.913043478260867 }, "geometry": { "type": "Point", "coordinates": [ -2.218500937338959, 53.816140371142716 ] } },
{ "type": "Feature", "properties": { "visible_points": 49, "total_points": 100, "visibility_pct": 49.0 }, "geometry": { "type": "Point", "coordinates": [ -2.218290483941662, 53.816140754245943 ] } },
{ "type": "Feature", "properties": { "visible_points": 56, "total_points": 106, "visibility_pct": 52.830188679245282 }, "geometry": { "type": "Point", "coordinates": [ -2.218080030508689, 53.816141137077167 ] } },
{ "type": "Feature", "properties": { "visible_points": 55, "total_points": 111, "visibility_pct": 49.549549549549546 }, "geometry": { "type": "Point", "coordinates": [ -2.217869577023056, 53.81614151977459 ] } },
{ "type": "Feature", "properties": { "visible_points": 56, "total_points": 115, "visibility_pct": 48.695652173913047 }, "geometry": { "type": "Point", "coordinates": [ -2.217659123520992, 53.816141902125786 ] } },
{ "type": "Feature", "properties": { "visible_points": 44, "total_points": 118, "visibility_pct": 37.288135593220339 }, "geometry": { "type": "Point", "coordinates": [ -2.217448670014088, 53.816142284107734 ] } },
{ "type": "Feature", "properties": { "visible_points": 45, "total_points": 120, "visibility_pct": 37.5 }, "geometry": { "type": "Point", "coordinates": [ -2.217238216502354, 53.816142665720456 ] } },
{ "type": "Feature", "properties": { "visible_points": 49, "total_points": 120, "visibility_pct": 40.833333333333336 }, "geometry": { "type": "Point", "coordinates": [ -2.217027762985789, 53.816143046963944 ] } },
{ "type": "Feature", "properties": { "visible_points": 50, "total_points": 120, "visibility_pct": 41.666666666666671 }, "geometry": { "type": "Point", "coordinates": [ -2.216817309464401, 53.816143427838206 ] } },
{ "type": "Feature", "properties": { "visible_points": 42, "total_points": 120, "visibility_pct": 35.0 }, "geometry": { "type": "Point", "coordinates": [ -2.216606855938196, 53.816143808343227 ] } },
{ "type": "Feature", "properties": { "visible_points": 31, "total_points": 120, "visibility_pct": 25.833333333333336 }, "geometry": { "type": "Point", "coordinates": [ -2.216396402407172, 53.816144188479022 ] } },
{ "type": "Feature", "properties": { "visible_points": 35, "total_points": 120, "visibility_pct": 29.166666666666668 }, "geometry": { "type": "Point", "coordinates": [ -2.216185948871341, 53.816144568245583 ] } },
{ "type": "Feature", "properties": { "visible_points": 36, "total_points": 120, "visibility_pct": 30.0 }, "geometry": { "type": "Point", "coordinates": [ -2.215975495330706, 53.816144947642897 ] } },
{ "type": "Feature", "properties": { "visible_points": 30, "total_points": 120, "visibility_pct": 25.0 }, "geometry": { "type": "Point", "coordinates": [ -2.215765041785266, 53.816145326670998 ] } },
{ "type": "Feature", "properties": { "visible_points": 25, "total_points": 120, "visibility_pct": 20.833333333333336 }, "geometry": { "type": "Point", "coordinates": [ -2.215554588235036, 53.816145705329852 ] } },
{ "type": "Feature", "properties": { "visible_points": 14, "total_points": 120, "visibility_pct": 11.666666666666666 }, "geometry": { "type": "Point", "coordinates": [ -2.215344134680012, 53.816146083619472 ] } },
{ "type": "Feature", "properties": { "visible_points": 0, "total_points": 120, "visibility_pct": 0.0 }, "geometry": { "type": "Point", "coordinates": [ -2.215133681120197, 53.816146461539859 ] } },
{ "type": "Feature", "properties": { "visible_points": 11, "total_points": 120, "visibility_pct": 9.1666666666666661 }, "geometry": { "type": "Point", "coordinates": [ -2.214923227555607, 53.816146839091012 ] } },
{ "type": "Feature", "properties": { "visible_points": 22, "total_points": 120, "visibility_pct": 18.333333333333332 }, "geometry": { "type": "Point", "coordinates": [ -2.21471277398624, 53.816147216272952 ] } },
{ "type": "Feature", "properties": { "visible_points": 25, "total_points": 120, "visibility_pct": 20.833333333333336 }, "geometry": { "type": "Point", "coordinates": [ -2.214502320412095, 53.816147593085638 ] } },
{ "type": "Feature", "properties": { "visible_points": 26, "total_points": 120, "visibility_pct": 21.666666666666668 }, "geometry": { "type": "Point", "coordinates": [ -2.214291866833188, 53.816147969529084 ] } },
{ "type": "Feature", "properties": { "visible_points": 29, "total_points": 120, "visibility_pct": 24.166666666666668 }, "geometry": { "type": "Point", "coordinates": [ -2.214081413249514, 53.81614834560331 ] } },
{ "type": "Feature", "properties": { "visible_points": 31, "total_points": 120, "visibility_pct": 25.833333333333336 }, "geometry": { "type": "Point", "coordinates": [ -2.213870959661083, 53.816148721308295 ] } },
{ "type": "Feature", "properties": { "visible_points": 41, "total_points": 120, "visibility_pct": 34.166666666666664 }, "geometry": { "type": "Point", "coordinates": [ -2.213660506067898, 53.816149096644047 ] } },
{ "type": "Feature", "properties": { "visible_points": 33, "total_points": 120, "visibility_pct": 27.5 }, "geometry": { "type": "Point", "coordinates": [ -2.213450052469964, 53.816149471610558 ] } },
{ "type": "Feature", "properties": { "visible_points": 29, "total_points": 120, "visibility_pct": 24.166666666666668 }, "geometry": { "type": "Point", "coordinates": [ -2.213239598867285, 53.816149846207843 ] } },
{ "type": "Feature", "properties": { "visible_points": 40, "total_points": 120, "visibility_pct": 33.333333333333329 }, "geometry": { "type": "Point", "coordinates": [ -2.213029145259869, 53.816150220435901 ] } },
{ "type": "Feature", "properties": { "visible_points": 43, "total_points": 120, "visibility_pct": 35.833333333333336 }, "geometry": { "type": "Point", "coordinates": [ -2.212818691647718, 53.816150594294712 ] } },
{ "type": "Feature", "properties": { "visible_points": 47, "total_points": 120, "visibility_pct": 39.166666666666664 }, "geometry": { "type": "Point", "coordinates": [ -2.212608238030832, 53.816150967784303 ] } },
{ "type": "Feature", "properties": { "visible_points": 31, "total_points": 120, "visibility_pct": 25.833333333333336 }, "geometry": { "type": "Point", "coordinates": [ -2.212397784409224, 53.816151340904646 ] } },
{ "type": "Feature", "properties": { "visible_points": 34, "total_points": 120, "visibility_pct": 28.333333333333332 }, "geometry": { "type": "Point", "coordinates": [ -2.212187330782895, 53.816151713655763 ] } },
{ "type": "Feature", "properties": { "visible_points": 43, "total_points": 120, "visibility_pct": 35.833333333333336 }, "geometry": { "type": "Point", "coordinates": [ -2.211976877151849, 53.816152086037626 ] } },
{ "type": "Feature", "properties": { "visible_points": 56, "total_points": 120, "visibility_pct": 46.666666666666664 }, "geometry": { "type": "Point", "coordinates": [ -2.211766423516093, 53.816152458050283 ] } },
{ "type": "Feature", "properties": { "visible_points": 62, "total_points": 120, "visibility_pct": 51.666666666666671 }, "geometry": { "type": "Point", "coordinates": [ -2.21155596987563, 53.816152829693699 ] } },
{ "type": "Feature", "properties": { "visible_points": 61, "total_points": 120, "visibility_pct": 50.833333333333329 }, "geometry": { "type": "Point", "coordinates": [ -2.21134551623046, 53.816153200967854 ] } },
{ "type": "Feature", "properties": { "visible_points": 48, "total_points": 120, "visibility_pct": 40.0 }, "geometry": { "type": "Point", "coordinates": [ -2.211135062580599, 53.816153571872817 ] } },
{ "type": "Feature", "properties": { "visible_points": 21, "total_points": 120, "visibility_pct": 17.5 }, "geometry": { "type": "Point", "coordinates": [ -2.210924608926041, 53.816153942408512 ] } },
{ "type": "Feature", "properties": { "visible_points": 73, "total_points": 120, "visibility_pct": 60.833333333333329 }, "geometry": { "type": "Point", "coordinates": [ -2.2107141552668, 53.816154312574987 ] } },
{ "type": "Feature", "properties": { "visible_points": 79, "total_points": 120, "visibility_pct": 65.833333333333329 }, "geometry": { "type": "Point", "coordinates": [ -2.210503701602869, 53.816154682372215 ] } },
{ "type": "Feature", "properties": { "visible_points": 66, "total_points": 120, "visibility_pct": 55.000000000000007 }, "geometry": { "type": "Point", "coordinates": [ -2.210293247934263, 53.816155051800216 ] } },
{ "type": "Feature", "properties": { "visible_points": 46, "total_points": 120, "visibility_pct": 38.333333333333336 }, "geometry": { "type": "Point", "coordinates": [ -2.21008279426098, 53.816155420858991 ] } },
{ "type": "Feature", "properties": { "visible_points": 54, "total_points": 120, "visibility_pct": 45.0 }, "geometry": { "type": "Point", "coordinates": [ -2.209872340583033, 53.81615578954851 ] } },
{ "type": "Feature", "properties": { "visible_points": 15, "total_points": 117, "visibility_pct": 12.820512820512819 }, "geometry": { "type": "Point", "coordinates": [ -2.209661886900416, 53.816156157868818 ] } },
{ "type": "Feature", "properties": { "visible_points": 74, "total_points": 111, "visibility_pct": 66.666666666666657 }, "geometry": { "type": "Point", "coordinates": [ -2.209451433213143, 53.816156525819864 ] } },
{ "type": "Feature", "properties": { "visible_points": 58, "total_points": 103, "visibility_pct": 56.310679611650485 }, "geometry": { "type": "Point", "coordinates": [ -2.209240979521212, 53.816156893401697 ] } },
{ "type": "Feature", "properties": { "visible_points": 43, "total_points": 94, "visibility_pct": 45.744680851063826 }, "geometry": { "type": "Point", "coordinates": [ -2.209030525824627, 53.81615726061429 ] } },
{ "type": "Feature", "properties": { "visible_points": 17, "total_points": 58, "visibility_pct": 29.310344827586203 }, "geometry": { "type": "Point", "coordinates": [ -2.219238090463312, 53.816246881761515 ] } },
{ "type": "Feature", "properties": { "visible_points": 26, "total_points": 70, "visibility_pct": 37.142857142857146 }, "geometry": { "type": "Point", "coordinates": [ -2.21902763654848, 53.816247266158264 ] } },
{ "type": "Feature", "properties": { "visible_points": 37, "total_points": 82, "visibility_pct": 45.121951219512198 }, "geometry": { "type": "Point", "coordinates": [ -2.218817182628811, 53.816247650185751 ] } },
{ "type": "Feature", "properties": { "visible_points": 38, "total_points": 93, "visibility_pct": 40.86021505376344 }, "geometry": { "type": "Point", "coordinates": [ -2.218606728704318, 53.816248033843976 ] } },
{ "type": "Feature", "properties": { "visible_points": 48, "total_points": 104, "visibility_pct": 46.153846153846153 }, "geometry": { "type": "Point", "coordinates": [ -2.218396274774999, 53.816248417132925 ] } },
{ "type": "Feature", "properties": { "visible_points": 55, "total_points": 111, "visibility_pct": 49.549549549549546 }, "geometry": { "type": "Point", "coordinates": [ -2.218185820832073, 53.816248800069111 ] } },
{ "type": "Feature", "properties": { "visible_points": 60, "total_points": 115, "visibility_pct": 52.173913043478258 }, "geometry": { "type": "Point", "coordinates": [ -2.217975366834197, 53.816249182857291 ] } },
{ "type": "Feature", "properties": { "visible_points": 60, "total_points": 118, "visibility_pct": 50.847457627118644 }, "geometry": { "type": "Point", "coordinates": [ -2.217764912795118, 53.816249565398557 ] } },
{ "type": "Feature", "properties": { "visible_points": 51, "total_points": 120, "visibility_pct": 42.5 }, "geometry": { "type": "Point", "coordinates": [ -2.217554458751193, 53.816249947570583 ] } },
{ "type": "Feature", "properties": { "visible_points": 42, "total_points": 120, "visibility_pct": 35.0 }, "geometry": { "type": "Point", "coordinates": [ -2.217344004702432, 53.816250329373354 ] } },
{ "type": "Feature", "properties": { "visible_points": 42, "total_points": 120, "visibility_pct": 35.0 }, "geometry": { "type": "Point", "coordinates": [ -2.217133550648845, 53.816250710806919 ] } },
{ "type": "Feature", "properties": { "visible_points": 44, "total_points": 120, "visibility_pct": 36.666666666666664 }, "geometry": { "type": "Point", "coordinates": [ -2.216923096590429, 53.816251091871237 ] } },
{ "type": "Feature", "properties": { "visible_points": 41, "total_points": 120, "visibility_pct": 34.166666666666664 }, "geometry": { "type": "Point", "coordinates": [ -2.216712642527191, 53.816251472566321 ] } },
{ "type": "Feature", "properties": { "visible_points": 38, "total_points": 120, "visibility_pct": 31.666666666666664 }, "geometry": { "type": "Point", "coordinates": [ -2.216502188459134, 53.816251852892158 ] } },
{ "type": "Feature", "properties": { "visible_points": 35, "total_points": 120, "visibility_pct": 29.166666666666668 }, "geometry": { "type": "Point", "coordinates": [ -2.216291734386272, 53.816252232848782 ] } },
{ "type": "Feature", "properties": { "visible_points": 40, "total_points": 120, "visibility_pct": 33.333333333333329 }, "geometry": { "type": "Point", "coordinates": [ -2.216081280308592, 53.816252612436166 ] } },
{ "type": "Feature", "properties": { "visible_points": 43, "total_points": 120, "visibility_pct": 35.833333333333336 }, "geometry": { "type": "Point", "coordinates": [ -2.215870826226122, 53.816252991654302 ] } },
{ "type": "Feature", "properties": { "visible_points": 36, "total_points": 120, "visibility_pct": 30.0 }, "geometry": { "type": "Point", "coordinates": [ -2.215660372138841, 53.816253370503212 ] } },
{ "type": "Feature", "properties": { "visible_points": 31, "total_points": 120, "visibility_pct": 25.833333333333336 }, "geometry": { "type": "Point", "coordinates": [ -2.215449918046772, 53.816253748982888 ] } },
{ "type": "Feature", "properties": { "visible_points": 10, "total_points": 120, "visibility_pct": 8.3333333333333321 }, "geometry": { "type": "Point", "coordinates": [ -2.215239463949916, 53.816254127093316 ] } },
{ "type": "Feature", "properties": { "visible_points": 14, "total_points": 120, "visibility_pct": 11.666666666666666 }, "geometry": { "type": "Point", "coordinates": [ -2.215029009848273, 53.816254504834532 ] } },
{ "type": "Feature", "properties": { "visible_points": 33, "total_points": 120, "visibility_pct": 27.5 }, "geometry": { "type": "Point", "coordinates": [ -2.214818555741854, 53.816254882206508 ] } },
{ "type": "Feature", "properties": { "visible_points": 31, "total_points": 120, "visibility_pct": 25.833333333333336 }, "geometry": { "type": "Point", "coordinates": [ -2.214608101630656, 53.816255259209235 ] } },
{ "type": "Feature", "properties": { "visible_points": 28, "total_points": 120, "visibility_pct": 23.333333333333332 }, "geometry": { "type": "Point", "coordinates": [ -2.214397647514689, 53.816255635842751 ] } },
{ "type": "Feature", "properties": { "visible_points": 35, "total_points": 120, "visibility_pct": 29.166666666666668 }, "geometry": { "type": "Point", "coordinates": [ -2.214187193393959, 53.816256012106997 ] } },
{ "type": "Feature", "properties": { "visible_points": 33, "total_points": 120, "visibility_pct": 27.5 }, "geometry": { "type": "Point", "coordinates": [ -2.213976739268463, 53.816256388002031 ] } },
{ "type": "Feature", "properties": { "visible_points": 47, "total_points": 120, "visibility_pct": 39.166666666666664 }, "geometry": { "type": "Point", "coordinates": [ -2.213766285138216, 53.816256763527825 ] } },
{ "type": "Feature", "properties": { "visible_points": 37, "total_points": 120, "visibility_pct": 30.833333333333336 }, "geometry": { "type": "Point", "coordinates": [ -2.213555831003216, 53.816257138684371 ] } },
{ "type": "Feature", "properties": { "visible_points": 32, "total_points": 120, "visibility_pct": 26.666666666666668 }, "geometry": { "type": "Point", "coordinates": [ -2.213345376863471, 53.816257513471697 ] } },
{ "type": "Feature", "properties": { "visible_points": 42, "total_points": 120, "visibility_pct": 35.0 }, "geometry": { "type": "Point", "coordinates": [ -2.213134922718982, 53.816257887889783 ] } },
{ "type": "Feature", "properties": { "visible_points": 43, "total_points": 120, "visibility_pct": 35.833333333333336 }, "geometry": { "type": "Point", "coordinates": [ -2.212924468569757, 53.816258261938643 ] } },
{ "type": "Feature", "properties": { "visible_points": 43, "total_points": 120, "visibility_pct": 35.833333333333336 }, "geometry": { "type": "Point", "coordinates": [ -2.212714014415797, 53.816258635618247 ] } },
{ "type": "Feature", "properties": { "visible_points": 31, "total_points": 120, "visibility_pct": 25.833333333333336 }, "geometry": { "type": "Point", "coordinates": [ -2.212503560257111, 53.816259008928625 ] } },
{ "type": "Feature", "properties": { "visible_points": 40, "total_points": 120, "visibility_pct": 33.333333333333329 }, "geometry": { "type": "Point", "coordinates": [ -2.212293106093699, 53.816259381869777 ] } },
{ "type": "Feature", "properties": { "visible_points": 41, "total_points": 120, "visibility_pct": 34.166666666666664 }, "geometry": { "type": "Point", "coordinates": [ -2.212082651925573, 53.816259754441674 ] } },
{ "type": "Feature", "properties": { "visible_points": 53, "total_points": 120, "visibility_pct": 44.166666666666664 }, "geometry": { "type": "Point", "coordinates": [ -2.211872197752729, 53.816260126644359 ] } },
{ "type": "Feature", "properties": { "visible_points": 60, "total_points": 120, "visibility_pct": 50.0 }, "geometry": { "type": "Point", "coordinates": [ -2.211661743575178, 53.816260498477789 ] } },
{ "type": "Feature", "properties": { "visible_points": 58, "total_points": 120, "visibility_pct": 48.333333333333336 }, "geometry": { "type": "Point", "coordinates": [ -2.211451289392921, 53.816260869941992 ] } },
{ "type": "Feature", "properties": { "visible_points": 64, "total_points": 120, "visibility_pct": 53.333333333333336 }, "geometry": { "type": "Point", "coordinates": [ -2.211240835205968, 53.816261241036948 ] } },
{ "type": "Feature", "properties": { "visible_points": 50, "total_points": 120, "visibility_pct": 41.666666666666671 }, "geometry": { "type": "Point", "coordinates": [ -2.211030381014312, 53.816261611762684 ] } },
{ "type": "Feature", "properties": { "visible_points": 54, "total_points": 120, "visibility_pct": 45.0 }, "geometry": { "type": "Point", "coordinates": [ -2.210819926817972, 53.816261982119173 ] } },
{ "type": "Feature", "properties": { "visible_points": 72, "total_points": 120, "visibility_pct": 60.0 }, "geometry": { "type": "Point", "coordinates": [ -2.210609472616946, 53.816262352106428 ] } },
{ "type": "Feature", "properties": { "visible_points": 71, "total_points": 120, "visibility_pct": 59.166666666666664 }, "geometry": { "type": "Point", "coordinates": [ -2.210399018411239, 53.816262721724435 ] } },
{ "type": "Feature", "properties": { "visible_points": 60, "total_points": 120, "visibility_pct": 50.0 }, "geometry": { "type": "Point", "coordinates": [ -2.210188564200852, 53.816263090973223 ] } },
{ "type": "Feature", "properties": { "visible_points": 44, "total_points": 120, "visibility_pct": 36.666666666666664 }, "geometry": { "type": "Point", "coordinates": [ -2.209978109985792, 53.816263459852777 ] } },
{ "type": "Feature", "properties": { "visible_points": 15, "total_points": 120, "visibility_pct": 12.5 }, "geometry": { "type": "Point", "coordinates": [ -2.209767655766072, 53.816263828363084 ] } },
{ "type": "Feature", "properties": { "visible_points": 71, "total_points": 116, "visibility_pct": 61.206896551724135 }, "geometry": { "type": "Point", "coordinates": [ -2.209557201541683, 53.81626419650415 ] } },
{ "type": "Feature", "properties": { "visible_points": 71, "total_points": 108, "visibility_pct": 65.740740740740748 }, "geometry": { "type": "Point", "coordinates": [ -2.209346747312638, 53.81626456427599 ] } },
{ "type": "Feature", "properties": { "visible_points": 58, "total_points": 99, "visibility_pct": 58.585858585858588 }, "geometry": { "type": "Point", "coordinates": [ -2.209136293078943, 53.816264931678596 ] } },
{ "type": "Feature", "properties": { "visible_points": 44, "total_points": 89, "visibility_pct": 49.438202247191008 }, "geometry": { "type": "Point", "coordinates": [ -2.208925838840597, 53.816265298711961 ] } },
{ "type": "Feature", "properties": { "visible_points": 25, "total_points": 68, "visibility_pct": 36.764705882352942 }, "geometry": { "type": "Point", "coordinates": [ -2.219133429514696, 53.816354928392698 ] } },
{ "type": "Feature", "properties": { "visible_points": 33, "total_points": 80, "visibility_pct": 41.25 }, "geometry": { "type": "Point", "coordinates": [ -2.218922975063012, 53.816355312605936 ] } },
{ "type": "Feature", "properties": { "visible_points": 33, "total_points": 93, "visibility_pct": 35.483870967741936 }, "geometry": { "type": "Point", "coordinates": [ -2.218712520606498, 53.816355696449875 ] } },
{ "type": "Feature", "properties": { "visible_points": 43, "total_points": 105, "visibility_pct": 40.952380952380949 }, "geometry": { "type": "Point", "coordinates": [ -2.218502066145154, 53.81635607992456 ] } },
{ "type": "Feature", "properties": { "visible_points": 43, "total_points": 115, "visibility_pct": 37.391304347826086 }, "geometry": { "type": "Point", "coordinates": [ -2.218291611678996, 53.816356463029962 ] } },
{ "type": "Feature", "properties": { "visible_points": 52, "total_points": 118, "visibility_pct": 44.067796610169488 }, "geometry": { "type": "Point", "coordinates": [ -2.218081157174065, 53.816356845864277 ] } },
{ "type": "Feature", "properties": { "visible_points": 47, "total_points": 120, "visibility_pct": 39.166666666666664 }, "geometry": { "type": "Point", "coordinates": [ -2.217870702611086, 53.816357228571597 ] } },
{ "type": "Feature", "properties": { "visible_points": 43, "total_points": 120, "visibility_pct": 35.833333333333336 }, "geometry": { "type": "Point", "coordinates": [ -2.217660248030137, 53.816357610933679 ] } },
{ "type": "Feature", "properties": { "visible_points": 41, "total_points": 120, "visibility_pct": 34.166666666666664 }, "geometry": { "type": "Point", "coordinates": [ -2.217449793444354, 53.816357992926534 ] } },
{ "type": "Feature", "properties": { "visible_points": 44, "total_points": 120, "visibility_pct": 36.666666666666664 }, "geometry": { "type": "Point", "coordinates": [ -2.217239338853735, 53.816358374550163 ] } },
{ "type": "Feature", "properties": { "visible_points": 41, "total_points": 120, "visibility_pct": 34.166666666666664 }, "geometry": { "type": "Point", "coordinates": [ -2.217028884258289, 53.816358755804544 ] } },
{ "type": "Feature", "properties": { "visible_points": 41, "total_points": 120, "visibility_pct": 34.166666666666664 }, "geometry": { "type": "Point", "coordinates": [ -2.216818429658021, 53.816359136689684 ] } },
{ "type": "Feature", "properties": { "visible_points": 38, "total_points": 120, "visibility_pct": 31.666666666666664 }, "geometry": { "type": "Point", "coordinates": [ -2.216607975052928, 53.816359517205591 ] } },
{ "type": "Feature", "properties": { "visible_points": 31, "total_points": 120, "visibility_pct": 25.833333333333336 }, "geometry": { "type": "Point", "coordinates": [ -2.216397520443025, 53.816359897352264 ] } },
{ "type": "Feature", "properties": { "visible_points": 26, "total_points": 120, "visibility_pct": 21.666666666666668 }, "geometry": { "type": "Point", "coordinates": [ -2.216187065828311, 53.816360277129696 ] } },
{ "type": "Feature", "properties": { "visible_points": 46, "total_points": 120, "visibility_pct": 38.333333333333336 }, "geometry": { "type": "Point", "coordinates": [ -2.215976611208793, 53.816360656537896 ] } },
{ "type": "Feature", "properties": { "visible_points": 47, "total_points": 120, "visibility_pct": 39.166666666666664 }, "geometry": { "type": "Point", "coordinates": [ -2.215766156584472, 53.816361035576861 ] } },
{ "type": "Feature", "properties": { "visible_points": 41, "total_points": 120, "visibility_pct": 34.166666666666664 }, "geometry": { "type": "Point", "coordinates": [ -2.215555701955354, 53.816361414246586 ] } },
{ "type": "Feature", "properties": { "visible_points": 39, "total_points": 120, "visibility_pct": 32.5 }, "geometry": { "type": "Point", "coordinates": [ -2.215345247321447, 53.816361792547085 ] } },
{ "type": "Feature", "properties": { "visible_points": 39, "total_points": 120, "visibility_pct": 32.5 }, "geometry": { "type": "Point", "coordinates": [ -2.215134792682754, 53.816362170478342 ] } },
{ "type": "Feature", "properties": { "visible_points": 36, "total_points": 120, "visibility_pct": 30.0 }, "geometry": { "type": "Point", "coordinates": [ -2.214924338039281, 53.81636254804036 ] } },
{ "type": "Feature", "properties": { "visible_points": 33, "total_points": 120, "visibility_pct": 27.5 }, "geometry": { "type": "Point", "coordinates": [ -2.214713883391025, 53.816362925233136 ] } },
{ "type": "Feature", "properties": { "visible_points": 27, "total_points": 120, "visibility_pct": 22.5 }, "geometry": { "type": "Point", "coordinates": [ -2.214503428738001, 53.816363302056686 ] } },
{ "type": "Feature", "properties": { "visible_points": 21, "total_points": 120, "visibility_pct": 17.5 }, "geometry": { "type": "Point", "coordinates": [ -2.214292974080205, 53.816363678510989 ] } },
{ "type": "Feature", "properties": { "visible_points": 37, "total_points": 120, "visibility_pct": 30.833333333333336 }, "geometry": { "type": "Point", "coordinates": [ -2.214082519417652, 53.816364054596072 ] } },
{ "type": "Feature", "properties": { "visible_points": 44, "total_points": 120, "visibility_pct": 36.666666666666664 }, "geometry": { "type": "Point", "coordinates": [ -2.213872064750333, 53.816364430311907 ] } },
{ "type": "Feature", "properties": { "visible_points": 50, "total_points": 120, "visibility_pct": 41.666666666666671 }, "geometry": { "type": "Point", "coordinates": [ -2.213661610078269, 53.816364805658502 ] } },
{ "type": "Feature", "properties": { "visible_points": 51, "total_points": 120, "visibility_pct": 42.5 }, "geometry": { "type": "Point", "coordinates": [ -2.21345115540145, 53.816365180635849 ] } },
{ "type": "Feature", "properties": { "visible_points": 55, "total_points": 120, "visibility_pct": 45.833333333333329 }, "geometry": { "type": "Point", "coordinates": [ -2.213240700719887, 53.816365555243983 ] } },
{ "type": "Feature", "properties": { "visible_points": 53, "total_points": 120, "visibility_pct": 44.166666666666664 }, "geometry": { "type": "Point", "coordinates": [ -2.213030246033585, 53.81636592948287 ] } },
{ "type": "Feature", "properties": { "visible_points": 37, "total_points": 120, "visibility_pct": 30.833333333333336 }, "geometry": { "type": "Point", "coordinates": [ -2.212819791342552, 53.81636630335251 ] } },
{ "type": "Feature", "properties": { "visible_points": 39, "total_points": 120, "visibility_pct": 32.5 }, "geometry": { "type": "Point", "coordinates": [ -2.21260933664678, 53.816366676852923 ] } },
{ "type": "Feature", "properties": { "visible_points": 42, "total_points": 120, "visibility_pct": 35.0 }, "geometry": { "type": "Point", "coordinates": [ -2.212398881946291, 53.816367049984109 ] } },
{ "type": "Feature", "properties": { "visible_points": 46, "total_points": 120, "visibility_pct": 38.333333333333336 }, "geometry": { "type": "Point", "coordinates": [ -2.212188427241077, 53.816367422746048 ] } },
{ "type": "Feature", "properties": { "visible_points": 43, "total_points": 120, "visibility_pct": 35.833333333333336 }, "geometry": { "type": "Point", "coordinates": [ -2.211977972531143, 53.816367795138746 ] } },
{ "type": "Feature", "properties": { "visible_points": 56, "total_points": 120, "visibility_pct": 46.666666666666664 }, "geometry": { "type": "Point", "coordinates": [ -2.211767517816507, 53.81636816716221 ] } },
{ "type": "Feature", "properties": { "visible_points": 63, "total_points": 120, "visibility_pct": 52.5 }, "geometry": { "type": "Point", "coordinates": [ -2.211557063097156, 53.816368538816427 ] } },
{ "type": "Feature", "properties": { "visible_points": 54, "total_points": 120, "visibility_pct": 45.0 }, "geometry": { "type": "Point", "coordinates": [ -2.211346608373103, 53.81636891010141 ] } },
{ "type": "Feature", "properties": { "visible_points": 57, "total_points": 120, "visibility_pct": 47.5 }, "geometry": { "type": "Point", "coordinates": [ -2.211136153644357, 53.816369281017181 ] } },
{ "type": "Feature", "properties": { "visible_points": 58, "total_points": 120, "visibility_pct": 48.333333333333336 }, "geometry": { "type": "Point", "coordinates": [ -2.210925698910916, 53.81636965156369 ] } },
{ "type": "Feature", "properties": { "visible_points": 73, "total_points": 120, "visibility_pct": 60.833333333333329 }, "geometry": { "type": "Point", "coordinates": [ -2.210715244172785, 53.816370021740966 ] } },
{ "type": "Feature", "properties": { "visible_points": 76, "total_points": 120, "visibility_pct": 63.333333333333329 }, "geometry": { "type": "Point", "coordinates": [ -2.210504789429975, 53.816370391548993 ] } },
{ "type": "Feature", "properties": { "visible_points": 71, "total_points": 120, "visibility_pct": 59.166666666666664 }, "geometry": { "type": "Point", "coordinates": [ -2.210294334682479, 53.816370760987795 ] } },
{ "type": "Feature", "properties": { "visible_points": 60, "total_points": 120, "visibility_pct": 50.0 }, "geometry": { "type": "Point", "coordinates": [ -2.210083879930315, 53.816371130057355 ] } },
{ "type": "Feature", "properties": { "visible_points": 36, "total_points": 120, "visibility_pct": 30.0 }, "geometry": { "type": "Point", "coordinates": [ -2.209873425173481, 53.816371498757697 ] } },
{ "type": "Feature", "properties": { "visible_points": 55, "total_points": 120, "visibility_pct": 45.833333333333329 }, "geometry": { "type": "Point", "coordinates": [ -2.209662970411981, 53.816371867088776 ] } },
{ "type": "Feature", "properties": { "visible_points": 68, "total_points": 114, "visibility_pct": 59.649122807017541 }, "geometry": { "type": "Point", "coordinates": [ -2.209452515645818, 53.816372235050608 ] } },
{ "type": "Feature", "properties": { "visible_points": 66, "total_points": 106, "visibility_pct": 62.264150943396224 }, "geometry": { "type": "Point", "coordinates": [ -2.209242060875002, 53.81637260264322 ] } },
{ "type": "Feature", "properties": { "visible_points": 55, "total_points": 96, "visibility_pct": 57.291666666666664 }, "geometry": { "type": "Point", "coordinates": [ -2.209031606099537, 53.816372969866606 ] } },
{ "type": "Feature", "properties": { "visible_points": 45, "total_points": 85, "visibility_pct": 52.941176470588239 }, "geometry": { "type": "Point", "coordinates": [ -2.208821151319426, 53.81637333672073 ] } },
{ "type": "Feature", "properties": { "visible_points": 33, "total_points": 78, "visibility_pct": 42.307692307692307 }, "geometry": { "type": "Point", "coordinates": [ -2.219028768034046, 53.816462974930751 ] } },
{ "type": "Feature", "properties": { "visible_points": 38, "total_points": 91, "visibility_pct": 41.758241758241759 }, "geometry": { "type": "Point", "coordinates": [ -2.218818313045505, 53.816463358960412 ] } },
{ "type": "Feature", "properties": { "visible_points": 50, "total_points": 103, "visibility_pct": 48.543689320388353 }, "geometry": { "type": "Point", "coordinates": [ -2.218607858052145, 53.816463742620833 ] } },
{ "type": "Feature", "properties": { "visible_points": 43, "total_points": 115, "visibility_pct": 37.391304347826086 }, "geometry": { "type": "Point", "coordinates": [ -2.218397403053948, 53.816464125911978 ] } },
{ "type": "Feature", "properties": { "visible_points": 46, "total_points": 120, "visibility_pct": 38.333333333333336 }, "geometry": { "type": "Point", "coordinates": [ -2.218186948041497, 53.816464508850295 ] } },
{ "type": "Feature", "properties": { "visible_points": 45, "total_points": 120, "visibility_pct": 37.5 }, "geometry": { "type": "Point", "coordinates": [ -2.217976492968897, 53.816464891644905 ] } },
{ "type": "Feature", "properties": { "visible_points": 46, "total_points": 120, "visibility_pct": 38.333333333333336 }, "geometry": { "type": "Point", "coordinates": [ -2.21776603785093, 53.816465274197078 ] } },
{ "type": "Feature", "properties": { "visible_points": 42, "total_points": 120, "visibility_pct": 35.0 }, "geometry": { "type": "Point", "coordinates": [ -2.217555582728115, 53.816465656379982 ] } },
{ "type": "Feature", "properties": { "visible_points": 39, "total_points": 120, "visibility_pct": 32.5 }, "geometry": { "type": "Point", "coordinates": [ -2.217345127600465, 53.816466038193667 ] } },
{ "type": "Feature", "properties": { "visible_points": 40, "total_points": 120, "visibility_pct": 33.333333333333329 }, "geometry": { "type": "Point", "coordinates": [ -2.21713467246799, 53.816466419638118 ] } },
{ "type": "Feature", "properties": { "visible_points": 32, "total_points": 120, "visibility_pct": 26.666666666666668 }, "geometry": { "type": "Point", "coordinates": [ -2.216924217330681, 53.816466800713329 ] } },
{ "type": "Feature", "properties": { "visible_points": 38, "total_points": 120, "visibility_pct": 31.666666666666664 }, "geometry": { "type": "Point", "coordinates": [ -2.216713762188557, 53.816467181419299 ] } },
{ "type": "Feature", "properties": { "visible_points": 46, "total_points": 120, "visibility_pct": 38.333333333333336 }, "geometry": { "type": "Point", "coordinates": [ -2.216503307041609, 53.816467561756028 ] } },
{ "type": "Feature", "properties": { "visible_points": 37, "total_points": 120, "visibility_pct": 30.833333333333336 }, "geometry": { "type": "Point", "coordinates": [ -2.216292851889853, 53.816467941723531 ] } },
{ "type": "Feature", "properties": { "visible_points": 44, "total_points": 120, "visibility_pct": 36.666666666666664 }, "geometry": { "type": "Point", "coordinates": [ -2.216082396733293, 53.816468321321793 ] } },
{ "type": "Feature", "properties": { "visible_points": 43, "total_points": 120, "visibility_pct": 35.833333333333336 }, "geometry": { "type": "Point", "coordinates": [ -2.215871941571921, 53.816468700550807 ] } },
{ "type": "Feature", "properties": { "visible_points": 42, "total_points": 120, "visibility_pct": 35.0 }, "geometry": { "type": "Point", "coordinates": [ -2.215661486405761, 53.816469079410581 ] } },
{ "type": "Feature", "properties": { "visible_points": 52, "total_points": 120, "visibility_pct": 43.333333333333336 }, "geometry": { "type": "Point", "coordinates": [ -2.215451031234795, 53.816469457901121 ] } },
{ "type": "Feature", "properties": { "visible_points": 53, "total_points": 120, "visibility_pct": 44.166666666666664 }, "geometry": { "type": "Point", "coordinates": [ -2.215240576059053, 53.816469836022442 ] } },
{ "type": "Feature", "properties": { "visible_points": 50, "total_points": 120, "visibility_pct": 41.666666666666671 }, "geometry": { "type": "Point", "coordinates": [ -2.215030120878517, 53.816470213774508 ] } },
{ "type": "Feature", "properties": { "visible_points": 45, "total_points": 120, "visibility_pct": 37.5 }, "geometry": { "type": "Point", "coordinates": [ -2.214819665693207, 53.816470591157341 ] } },
{ "type": "Feature", "properties": { "visible_points": 50, "total_points": 120, "visibility_pct": 41.666666666666671 }, "geometry": { "type": "Point", "coordinates": [ -2.214609210503121, 53.816470968170933 ] } },
{ "type": "Feature", "properties": { "visible_points": 30, "total_points": 120, "visibility_pct": 25.0 }, "geometry": { "type": "Point", "coordinates": [ -2.214398755308261, 53.816471344815291 ] } },
{ "type": "Feature", "properties": { "visible_points": 16, "total_points": 120, "visibility_pct": 13.333333333333334 }, "geometry": { "type": "Point", "coordinates": [ -2.214188300108643, 53.816471721090402 ] } },
{ "type": "Feature", "properties": { "visible_points": 36, "total_points": 120, "visibility_pct": 30.0 }, "geometry": { "type": "Point", "coordinates": [ -2.213977844904259, 53.816472096996264 ] } },
{ "type": "Feature", "properties": { "visible_points": 42, "total_points": 120, "visibility_pct": 35.0 }, "geometry": { "type": "Point", "coordinates": [ -2.213767389695116, 53.816472472532922 ] } },
{ "type": "Feature", "properties": { "visible_points": 45, "total_points": 120, "visibility_pct": 37.5 }, "geometry": { "type": "Point", "coordinates": [ -2.213556934481229, 53.816472847700311 ] } },
{ "type": "Feature", "properties": { "visible_points": 51, "total_points": 120, "visibility_pct": 42.5 }, "geometry": { "type": "Point", "coordinates": [ -2.213346479262589, 53.816473222498473 ] } },
{ "type": "Feature", "properties": { "visible_points": 46, "total_points": 120, "visibility_pct": 38.333333333333336 }, "geometry": { "type": "Point", "coordinates": [ -2.213136024039211, 53.816473596927409 ] } },
{ "type": "Feature", "properties": { "visible_points": 60, "total_points": 120, "visibility_pct": 50.0 }, "geometry": { "type": "Point", "coordinates": [ -2.212925568811092, 53.81647397098709 ] } },
{ "type": "Feature", "properties": { "visible_points": 44, "total_points": 120, "visibility_pct": 36.666666666666664 }, "geometry": { "type": "Point", "coordinates": [ -2.212715113578246, 53.816474344677523 ] } },
{ "type": "Feature", "properties": { "visible_points": 48, "total_points": 120, "visibility_pct": 40.0 }, "geometry": { "type": "Point", "coordinates": [ -2.212504658340665, 53.816474717998759 ] } },
{ "type": "Feature", "properties": { "visible_points": 54, "total_points": 120, "visibility_pct": 45.0 }, "geometry": { "type": "Point", "coordinates": [ -2.212294203098365, 53.816475090950703 ] } },
{ "type": "Feature", "properties": { "visible_points": 44, "total_points": 120, "visibility_pct": 36.666666666666664 }, "geometry": { "type": "Point", "coordinates": [ -2.212083747851345, 53.816475463533436 ] } },
{ "type": "Feature", "properties": { "visible_points": 61, "total_points": 120, "visibility_pct": 50.833333333333329 }, "geometry": { "type": "Point", "coordinates": [ -2.211873292599611, 53.816475835746942 ] } },
{ "type": "Feature", "properties": { "visible_points": 62, "total_points": 120, "visibility_pct": 51.666666666666671 }, "geometry": { "type": "Point", "coordinates": [ -2.211662837343167, 53.816476207591194 ] } },
{ "type": "Feature", "properties": { "visible_points": 56, "total_points": 120, "visibility_pct": 46.666666666666664 }, "geometry": { "type": "Point", "coordinates": [ -2.211452382082019, 53.816476579066197 ] } },
{ "type": "Feature", "properties": { "visible_points": 56, "total_points": 120, "visibility_pct": 46.666666666666664 }, "geometry": { "type": "Point", "coordinates": [ -2.211241926816172, 53.816476950171968 ] } },
{ "type": "Feature", "properties": { "visible_points": 69, "total_points": 120, "visibility_pct": 57.5 }, "geometry": { "type": "Point", "coordinates": [ -2.211031471545629, 53.816477320908504 ] } },
{ "type": "Feature", "properties": { "visible_points": 69, "total_points": 120, "visibility_pct": 57.5 }, "geometry": { "type": "Point", "coordinates": [ -2.210821016270396, 53.816477691275807 ] } },
{ "type": "Feature", "properties": { "visible_points": 74, "total_points": 120, "visibility_pct": 61.666666666666671 }, "geometry": { "type": "Point", "coordinates": [ -2.210610560990471, 53.81647806127387 ] } },
{ "type": "Feature", "properties": { "visible_points": 73, "total_points": 120, "visibility_pct": 60.833333333333329 }, "geometry": { "type": "Point", "coordinates": [ -2.210400105705876, 53.816478430902684 ] } },
{ "type": "Feature", "properties": { "visible_points": 72, "total_points": 120, "visibility_pct": 60.0 }, "geometry": { "type": "Point", "coordinates": [ -2.210189650416598, 53.816478800162272 ] } },
{ "type": "Feature", "properties": { "visible_points": 66, "total_points": 120, "visibility_pct": 55.000000000000007 }, "geometry": { "type": "Point", "coordinates": [ -2.209979195122648, 53.816479169052613 ] } },
{ "type": "Feature", "properties": { "visible_points": 19, "total_points": 120, "visibility_pct": 15.833333333333332 }, "geometry": { "type": "Point", "coordinates": [ -2.20976873982403, 53.816479537573713 ] } },
{ "type": "Feature", "properties": { "visible_points": 69, "total_points": 120, "visibility_pct": 57.5 }, "geometry": { "type": "Point", "coordinates": [ -2.209558284520753, 53.816479905725572 ] } },
{ "type": "Feature", "properties": { "visible_points": 66, "total_points": 113, "visibility_pct": 58.407079646017699 }, "geometry": { "type": "Point", "coordinates": [ -2.209347829212815, 53.816480273508191 ] } },
{ "type": "Feature", "properties": { "visible_points": 58, "total_points": 104, "visibility_pct": 55.769230769230774 }, "geometry": { "type": "Point", "coordinates": [ -2.209137373900226, 53.816480640921576 ] } },
{ "type": "Feature", "properties": { "visible_points": 53, "total_points": 94, "visibility_pct": 56.38297872340425 }, "geometry": { "type": "Point", "coordinates": [ -2.208926918582987, 53.816481007965706 ] } },
{ "type": "Feature", "properties": { "visible_points": 40, "total_points": 83, "visibility_pct": 48.192771084337352 }, "geometry": { "type": "Point", "coordinates": [ -2.20871646326111, 53.816481374640617 ] } },
{ "type": "Feature", "properties": { "visible_points": 25, "total_points": 74, "visibility_pct": 33.783783783783782 }, "geometry": { "type": "Point", "coordinates": [ -2.219134561541916, 53.816570637160204 ] } },
{ "type": "Feature", "properties": { "visible_points": 35, "total_points": 87, "visibility_pct": 40.229885057471265 }, "geometry": { "type": "Point", "coordinates": [ -2.218924106021355, 53.816571021375601 ] } },
{ "type": "Feature", "properties": { "visible_points": 44, "total_points": 100, "visibility_pct": 44.0 }, "geometry": { "type": "Point", "coordinates": [ -2.21871365049596, 53.816571405221751 ] } },
{ "type": "Feature", "properties": { "visible_points": 54, "total_points": 112, "visibility_pct": 48.214285714285715 }, "geometry": { "type": "Point", "coordinates": [ -2.218503194965744, 53.816571788698624 ] } },
{ "type": "Feature", "properties": { "visible_points": 51, "total_points": 119, "visibility_pct": 42.857142857142854 }, "geometry": { "type": "Point", "coordinates": [ -2.218292739430701, 53.816572171806222 ] } },
{ "type": "Feature", "properties": { "visible_points": 53, "total_points": 120, "visibility_pct": 44.166666666666664 }, "geometry": { "type": "Point", "coordinates": [ -2.218082283853861, 53.816572554643514 ] } },
{ "type": "Feature", "properties": { "visible_points": 47, "total_points": 120, "visibility_pct": 39.166666666666664 }, "geometry": { "type": "Point", "coordinates": [ -2.217871828213566, 53.816572937360725 ] } },
{ "type": "Feature", "properties": { "visible_points": 46, "total_points": 120, "visibility_pct": 38.333333333333336 }, "geometry": { "type": "Point", "coordinates": [ -2.217661372553726, 53.816573319733713 ] } },
{ "type": "Feature", "properties": { "visible_points": 50, "total_points": 120, "visibility_pct": 41.666666666666671 }, "geometry": { "type": "Point", "coordinates": [ -2.217450916889044, 53.816573701737454 ] } },
{ "type": "Feature", "properties": { "visible_points": 42, "total_points": 120, "visibility_pct": 35.0 }, "geometry": { "type": "Point", "coordinates": [ -2.21724046121953, 53.816574083371975 ] } },
{ "type": "Feature", "properties": { "visible_points": 38, "total_points": 120, "visibility_pct": 31.666666666666664 }, "geometry": { "type": "Point", "coordinates": [ -2.217030005545187, 53.816574464637249 ] } },
{ "type": "Feature", "properties": { "visible_points": 37, "total_points": 120, "visibility_pct": 30.833333333333336 }, "geometry": { "type": "Point", "coordinates": [ -2.216819549866022, 53.816574845533282 ] } },
{ "type": "Feature", "properties": { "visible_points": 33, "total_points": 120, "visibility_pct": 27.5 }, "geometry": { "type": "Point", "coordinates": [ -2.216609094182032, 53.816575226060081 ] } },
{ "type": "Feature", "properties": { "visible_points": 50, "total_points": 120, "visibility_pct": 41.666666666666671 }, "geometry": { "type": "Point", "coordinates": [ -2.216398638493233, 53.81657560621764 ] } },
{ "type": "Feature", "properties": { "visible_points": 42, "total_points": 120, "visibility_pct": 35.0 }, "geometry": { "type": "Point", "coordinates": [ -2.216188182799623, 53.816575986005951 ] } },
{ "type": "Feature", "properties": { "visible_points": 54, "total_points": 120, "visibility_pct": 45.0 }, "geometry": { "type": "Point", "coordinates": [ -2.215977727101204, 53.816576365425014 ] } },
{ "type": "Feature", "properties": { "visible_points": 56, "total_points": 120, "visibility_pct": 46.666666666666664 }, "geometry": { "type": "Point", "coordinates": [ -2.215767271397987, 53.816576744474851 ] } },
{ "type": "Feature", "properties": { "visible_points": 55, "total_points": 120, "visibility_pct": 45.833333333333329 }, "geometry": { "type": "Point", "coordinates": [ -2.215556815689976, 53.816577123155469 ] } },
{ "type": "Feature", "properties": { "visible_points": 52, "total_points": 120, "visibility_pct": 43.333333333333336 }, "geometry": { "type": "Point", "coordinates": [ -2.215346359977171, 53.81657750146681 ] } },
{ "type": "Feature", "properties": { "visible_points": 54, "total_points": 120, "visibility_pct": 45.0 }, "geometry": { "type": "Point", "coordinates": [ -2.215135904259579, 53.816577879408946 ] } },
{ "type": "Feature", "properties": { "visible_points": 56, "total_points": 120, "visibility_pct": 46.666666666666664 }, "geometry": { "type": "Point", "coordinates": [ -2.214925448537204, 53.816578256981828 ] } },
{ "type": "Feature", "properties": { "visible_points": 59, "total_points": 120, "visibility_pct": 49.166666666666664 }, "geometry": { "type": "Point", "coordinates": [ -2.214714992810057, 53.816578634185454 ] } },
{ "type": "Feature", "properties": { "visible_points": 49, "total_points": 120, "visibility_pct": 40.833333333333336 }, "geometry": { "type": "Point", "coordinates": [ -2.214504537078134, 53.816579011019861 ] } },
{ "type": "Feature", "properties": { "visible_points": 43, "total_points": 120, "visibility_pct": 35.833333333333336 }, "geometry": { "type": "Point", "coordinates": [ -2.214294081341445, 53.816579387485028 ] } },
{ "type": "Feature", "properties": { "visible_points": 47, "total_points": 120, "visibility_pct": 39.166666666666664 }, "geometry": { "type": "Point", "coordinates": [ -2.214083625599989, 53.816579763580947 ] } },
{ "type": "Feature", "properties": { "visible_points": 51, "total_points": 120, "visibility_pct": 42.5 }, "geometry": { "type": "Point", "coordinates": [ -2.213873169853776, 53.816580139307632 ] } },
{ "type": "Feature", "properties": { "visible_points": 43, "total_points": 120, "visibility_pct": 35.833333333333336 }, "geometry": { "type": "Point", "coordinates": [ -2.213662714102809, 53.816580514665091 ] } },
{ "type": "Feature", "properties": { "visible_points": 33, "total_points": 120, "visibility_pct": 27.5 }, "geometry": { "type": "Point", "coordinates": [ -2.213452258347097, 53.816580889653295 ] } },
{ "type": "Feature", "properties": { "visible_points": 37, "total_points": 120, "visibility_pct": 30.833333333333336 }, "geometry": { "type": "Point", "coordinates": [ -2.213241802586633, 53.816581264272244 ] } },
{ "type": "Feature", "properties": { "visible_points": 42, "total_points": 120, "visibility_pct": 35.0 }, "geometry": { "type": "Point", "coordinates": [ -2.213031346821437, 53.81658163852196 ] } },
{ "type": "Feature", "properties": { "visible_points": 38, "total_points": 120, "visibility_pct": 31.666666666666664 }, "geometry": { "type": "Point", "coordinates": [ -2.212820891051499, 53.816582012402456 ] } },
{ "type": "Feature", "properties": { "visible_points": 30, "total_points": 120, "visibility_pct": 25.0 }, "geometry": { "type": "Point", "coordinates": [ -2.212610435276838, 53.816582385913691 ] } },
{ "type": "Feature", "properties": { "visible_points": 30, "total_points": 120, "visibility_pct": 25.0 }, "geometry": { "type": "Point", "coordinates": [ -2.212399979497442, 53.816582759055699 ] } },
{ "type": "Feature", "properties": { "visible_points": 54, "total_points": 120, "visibility_pct": 45.0 }, "geometry": { "type": "Point", "coordinates": [ -2.212189523713331, 53.816583131828452 ] } },
{ "type": "Feature", "properties": { "visible_points": 57, "total_points": 120, "visibility_pct": 47.5 }, "geometry": { "type": "Point", "coordinates": [ -2.211979067924503, 53.816583504231978 ] } },
{ "type": "Feature", "properties": { "visible_points": 61, "total_points": 120, "visibility_pct": 50.833333333333329 }, "geometry": { "type": "Point", "coordinates": [ -2.211768612130963, 53.816583876266272 ] } },
{ "type": "Feature", "properties": { "visible_points": 60, "total_points": 120, "visibility_pct": 50.0 }, "geometry": { "type": "Point", "coordinates": [ -2.211558156332718, 53.816584247931303 ] } },
{ "type": "Feature", "properties": { "visible_points": 61, "total_points": 120, "visibility_pct": 50.833333333333329 }, "geometry": { "type": "Point", "coordinates": [ -2.211347700529763, 53.816584619227115 ] } },
{ "type": "Feature", "properties": { "visible_points": 71, "total_points": 120, "visibility_pct": 59.166666666666664 }, "geometry": { "type": "Point", "coordinates": [ -2.211137244722123, 53.816584990153672 ] } },
{ "type": "Feature", "properties": { "visible_points": 73, "total_points": 120, "visibility_pct": 60.833333333333329 }, "geometry": { "type": "Point", "coordinates": [ -2.210926788909778, 53.816585360710981 ] } },
{ "type": "Feature", "properties": { "visible_points": 76, "total_points": 120, "visibility_pct": 63.333333333333329 }, "geometry": { "type": "Point", "coordinates": [ -2.210716333092752, 53.816585730899064 ] } },
{ "type": "Feature", "properties": { "visible_points": 78, "total_points": 120, "visibility_pct": 65.0 }, "geometry": { "type": "Point", "coordinates": [ -2.210505877271039, 53.816586100717913 ] } },
{ "type": "Feature", "properties": { "visible_points": 75, "total_points": 120, "visibility_pct": 62.5 }, "geometry": { "type": "Point", "coordinates": [ -2.210295421444646, 53.816586470167515 ] } },
{ "type": "Feature", "properties": { "visible_points": 79, "total_points": 120, "visibility_pct": 65.833333333333329 }, "geometry": { "type": "Point", "coordinates": [ -2.210084965613583, 53.816586839247869 ] } },
{ "type": "Feature", "properties": { "visible_points": 71, "total_points": 120, "visibility_pct": 59.166666666666664 }, "geometry": { "type": "Point", "coordinates": [ -2.209874509777848, 53.816587207958975 ] } },
{ "type": "Feature", "properties": { "visible_points": 77, "total_points": 120, "visibility_pct": 64.166666666666671 }, "geometry": { "type": "Point", "coordinates": [ -2.209664053937447, 53.816587576300854 ] } },
{ "type": "Feature", "properties": { "visible_points": 69, "total_points": 119, "visibility_pct": 57.983193277310932 }, "geometry": { "type": "Point", "coordinates": [ -2.209453598092389, 53.816587944273486 ] } },
{ "type": "Feature", "properties": { "visible_points": 64, "total_points": 112, "visibility_pct": 57.142857142857139 }, "geometry": { "type": "Point", "coordinates": [ -2.209243142242674, 53.81658831187687 ] } },
{ "type": "Feature", "properties": { "visible_points": 57, "total_points": 103, "visibility_pct": 55.339805825242713 }, "geometry": { "type": "Point", "coordinates": [ -2.209032686388305, 53.816588679111049 ] } },
{ "type": "Feature", "properties": { "visible_points": 50, "total_points": 93, "visibility_pct": 53.763440860215049 }, "geometry": { "type": "Point", "coordinates": [ -2.208822230529293, 53.816589045975952 ] } },
{ "type": "Feature", "properties": { "visible_points": 39, "total_points": 82, "visibility_pct": 47.560975609756099 }, "geometry": { "type": "Point", "coordinates": [ -2.208611774665641, 53.816589412471622 ] } },
{ "type": "Feature", "properties": { "visible_points": 26, "total_points": 81, "visibility_pct": 32.098765432098766 }, "geometry": { "type": "Point", "coordinates": [ -2.21902989953404, 53.816678683695443 ] } },
{ "type": "Feature", "properties": { "visible_points": 39, "total_points": 94, "visibility_pct": 41.48936170212766 }, "geometry": { "type": "Point", "coordinates": [ -2.218819443476614, 53.816679067727307 ] } },
{ "type": "Feature", "properties": { "visible_points": 46, "total_points": 106, "visibility_pct": 43.39622641509434 }, "geometry": { "type": "Point", "coordinates": [ -2.218608987414366, 53.816679451389895 ] } },
{ "type": "Feature", "properties": { "visible_points": 46, "total_points": 115, "visibility_pct": 40.0 }, "geometry": { "type": "Point", "coordinates": [ -2.218398531347288, 53.816679834683228 ] } },
{ "type": "Feature", "properties": { "visible_points": 43, "total_points": 120, "visibility_pct": 35.833333333333336 }, "geometry": { "type": "Point", "coordinates": [ -2.218188075265331, 53.81668021762367 ] } },
{ "type": "Feature", "properties": { "visible_points": 45, "total_points": 120, "visibility_pct": 37.5 }, "geometry": { "type": "Point", "coordinates": [ -2.217977619118062, 53.816680600424647 ] } },
{ "type": "Feature", "properties": { "visible_points": 52, "total_points": 120, "visibility_pct": 43.333333333333336 }, "geometry": { "type": "Point", "coordinates": [ -2.217767162921184, 53.816680982987705 ] } },
{ "type": "Feature", "properties": { "visible_points": 55, "total_points": 120, "visibility_pct": 45.833333333333329 }, "geometry": { "type": "Point", "coordinates": [ -2.217556706719471, 53.816681365181509 ] } },
{ "type": "Feature", "properties": { "visible_points": 55, "total_points": 120, "visibility_pct": 45.833333333333329 }, "geometry": { "type": "Point", "coordinates": [ -2.217346250512919, 53.816681747006101 ] } },
{ "type": "Feature", "properties": { "visible_points": 46, "total_points": 120, "visibility_pct": 38.333333333333336 }, "geometry": { "type": "Point", "coordinates": [ -2.217135794301536, 53.816682128461437 ] } },
{ "type": "Feature", "properties": { "visible_points": 35, "total_points": 120, "visibility_pct": 29.166666666666668 }, "geometry": { "type": "Point", "coordinates": [ -2.216925338085328, 53.816682509547526 ] } },
{ "type": "Feature", "properties": { "visible_points": 33, "total_points": 120, "visibility_pct": 27.5 }, "geometry": { "type": "Point", "coordinates": [ -2.216714881864295, 53.816682890264396 ] } },
{ "type": "Feature", "properties": { "visible_points": 49, "total_points": 120, "visibility_pct": 40.833333333333336 }, "geometry": { "type": "Point", "coordinates": [ -2.216504425638448, 53.81668327061201 ] } },
{ "type": "Feature", "properties": { "visible_points": 50, "total_points": 120, "visibility_pct": 41.666666666666671 }, "geometry": { "type": "Point", "coordinates": [ -2.216293969407789, 53.816683650590385 ] } },
{ "type": "Feature", "properties": { "visible_points": 42, "total_points": 120, "visibility_pct": 35.0 }, "geometry": { "type": "Point", "coordinates": [ -2.216083513172319, 53.816684030199525 ] } },
{ "type": "Feature", "properties": { "visible_points": 50, "total_points": 120, "visibility_pct": 41.666666666666671 }, "geometry": { "type": "Point", "coordinates": [ -2.21587305693205, 53.816684409439418 ] } },
{ "type": "Feature", "properties": { "visible_points": 46, "total_points": 120, "visibility_pct": 38.333333333333336 }, "geometry": { "type": "Point", "coordinates": [ -2.215662600686982, 53.816684788310084 ] } },
{ "type": "Feature", "properties": { "visible_points": 49, "total_points": 120, "visibility_pct": 40.833333333333336 }, "geometry": { "type": "Point", "coordinates": [ -2.215452144437116, 53.816685166811489 ] } },
{ "type": "Feature", "properties": { "visible_points": 54, "total_points": 120, "visibility_pct": 45.0 }, "geometry": { "type": "Point", "coordinates": [ -2.215241688182463, 53.81668554494366 ] } },
{ "type": "Feature", "properties": { "visible_points": 57, "total_points": 120, "visibility_pct": 47.5 }, "geometry": { "type": "Point", "coordinates": [ -2.215031231923027, 53.816685922706597 ] } },
{ "type": "Feature", "properties": { "visible_points": 61, "total_points": 120, "visibility_pct": 50.833333333333329 }, "geometry": { "type": "Point", "coordinates": [ -2.214820775658813, 53.81668630010028 ] } },
{ "type": "Feature", "properties": { "visible_points": 68, "total_points": 120, "visibility_pct": 56.666666666666664 }, "geometry": { "type": "Point", "coordinates": [ -2.21461031938982, 53.816686677124743 ] } },
{ "type": "Feature", "properties": { "visible_points": 48, "total_points": 120, "visibility_pct": 40.0 }, "geometry": { "type": "Point", "coordinates": [ -2.214399863116059, 53.816687053779944 ] } },
{ "type": "Feature", "properties": { "visible_points": 62, "total_points": 120, "visibility_pct": 51.666666666666671 }, "geometry": { "type": "Point", "coordinates": [ -2.214189406837533, 53.816687430065912 ] } },
{ "type": "Feature", "properties": { "visible_points": 42, "total_points": 120, "visibility_pct": 35.0 }, "geometry": { "type": "Point", "coordinates": [ -2.213978950554246, 53.816687805982639 ] } },
{ "type": "Feature", "properties": { "visible_points": 37, "total_points": 120, "visibility_pct": 30.833333333333336 }, "geometry": { "type": "Point", "coordinates": [ -2.213768494266199, 53.816688181530132 ] } },
{ "type": "Feature", "properties": { "visible_points": 35, "total_points": 120, "visibility_pct": 29.166666666666668 }, "geometry": { "type": "Point", "coordinates": [ -2.213558037973404, 53.816688556708378 ] } },
{ "type": "Feature", "properties": { "visible_points": 33, "total_points": 120, "visibility_pct": 27.5 }, "geometry": { "type": "Point", "coordinates": [ -2.213347581675863, 53.816688931517383 ] } },
{ "type": "Feature", "properties": { "visible_points": 45, "total_points": 120, "visibility_pct": 37.5 }, "geometry": { "type": "Point", "coordinates": [ -2.213137125373577, 53.816689305957134 ] } },
{ "type": "Feature", "properties": { "visible_points": 43, "total_points": 120, "visibility_pct": 35.833333333333336 }, "geometry": { "type": "Point", "coordinates": [ -2.212926669066556, 53.816689680027672 ] } },
{ "type": "Feature", "properties": { "visible_points": 30, "total_points": 120, "visibility_pct": 25.0 }, "geometry": { "type": "Point", "coordinates": [ -2.2127162127548, 53.816690053728948 ] } },
{ "type": "Feature", "properties": { "visible_points": 30, "total_points": 120, "visibility_pct": 25.0 }, "geometry": { "type": "Point", "coordinates": [ -2.212505756438316, 53.816690427060976 ] } },
{ "type": "Feature", "properties": { "visible_points": 43, "total_points": 120, "visibility_pct": 35.833333333333336 }, "geometry": { "type": "Point", "coordinates": [ -2.212295300117113, 53.816690800023771 ] } },
{ "type": "Feature", "properties": { "visible_points": 52, "total_points": 120, "visibility_pct": 43.333333333333336 }, "geometry": { "type": "Point", "coordinates": [ -2.212084843791184, 53.816691172617332 ] } },
{ "type": "Feature", "properties": { "visible_points": 54, "total_points": 120, "visibility_pct": 45.0 }, "geometry": { "type": "Point", "coordinates": [ -2.211874387460545, 53.816691544841639 ] } },
{ "type": "Feature", "properties": { "visible_points": 61, "total_points": 120, "visibility_pct": 50.833333333333329 }, "geometry": { "type": "Point", "coordinates": [ -2.211663931125201, 53.816691916696726 ] } },
{ "type": "Feature", "properties": { "visible_points": 65, "total_points": 120, "visibility_pct": 54.166666666666664 }, "geometry": { "type": "Point", "coordinates": [ -2.211453474785141, 53.816692288182537 ] } },
{ "type": "Feature", "properties": { "visible_points": 69, "total_points": 120, "visibility_pct": 57.5 }, "geometry": { "type": "Point", "coordinates": [ -2.211243018440388, 53.816692659299129 ] } },
{ "type": "Feature", "properties": { "visible_points": 73, "total_points": 120, "visibility_pct": 60.833333333333329 }, "geometry": { "type": "Point", "coordinates": [ -2.211032562090942, 53.816693030046473 ] } },
{ "type": "Feature", "properties": { "visible_points": 75, "total_points": 120, "visibility_pct": 62.5 }, "geometry": { "type": "Point", "coordinates": [ -2.210822105736802, 53.816693400424562 ] } },
{ "type": "Feature", "properties": { "visible_points": 82, "total_points": 120, "visibility_pct": 68.333333333333329 }, "geometry": { "type": "Point", "coordinates": [ -2.210611649377978, 53.816693770433432 ] } },
{ "type": "Feature", "properties": { "visible_points": 81, "total_points": 120, "visibility_pct": 67.5 }, "geometry": { "type": "Point", "coordinates": [ -2.210401193014468, 53.816694140073061 ] } },
{ "type": "Feature", "properties": { "visible_points": 81, "total_points": 120, "visibility_pct": 67.5 }, "geometry": { "type": "Point", "coordinates": [ -2.210190736646283, 53.816694509343428 ] } },
{ "type": "Feature", "properties": { "visible_points": 91, "total_points": 120, "visibility_pct": 75.833333333333329 }, "geometry": { "type": "Point", "coordinates": [ -2.209980280273431, 53.816694878244569 ] } },
{ "type": "Feature", "properties": { "visible_points": 77, "total_points": 120, "visibility_pct": 64.166666666666671 }, "geometry": { "type": "Point", "coordinates": [ -2.209769823895908, 53.816695246776469 ] } },
{ "type": "Feature", "properties": { "visible_points": 81, "total_points": 120, "visibility_pct": 67.5 }, "geometry": { "type": "Point", "coordinates": [ -2.209559367513722, 53.816695614939114 ] } },
{ "type": "Feature", "properties": { "visible_points": 73, "total_points": 118, "visibility_pct": 61.864406779661017 }, "geometry": { "type": "Point", "coordinates": [ -2.209348911126877, 53.816695982732512 ] } },
{ "type": "Feature", "properties": { "visible_points": 65, "total_points": 111, "visibility_pct": 58.558558558558559 }, "geometry": { "type": "Point", "coordinates": [ -2.209138454735381, 53.816696350156676 ] } },
{ "type": "Feature", "properties": { "visible_points": 56, "total_points": 102, "visibility_pct": 54.901960784313729 }, "geometry": { "type": "Point", "coordinates": [ -2.208927998339239, 53.816696717211606 ] } },
{ "type": "Feature", "properties": { "visible_points": 49, "total_points": 92, "visibility_pct": 53.260869565217398 }, "geometry": { "type": "Point", "coordinates": [ -2.208717541938448, 53.816697083897289 ] } },
{ "type": "Feature", "properties": { "visible_points": 43, "total_points": 80, "visibility_pct": 53.75 }, "geometry": { "type": "Point", "coordinates": [ -2.208507085533022, 53.816697450213724 ] } },
{ "type": "Feature", "properties": { "visible_points": 23, "total_points": 87, "visibility_pct": 26.436781609195403 }, "geometry": { "type": "Point", "coordinates": [ -2.218925236994111, 53.816786730137501 ] } },
{ "type": "Feature", "properties": { "visible_points": 35, "total_points": 99, "visibility_pct": 35.353535353535356 }, "geometry": { "type": "Point", "coordinates": [ -2.218714780399827, 53.816787113985832 ] } },
{ "type": "Feature", "properties": { "visible_points": 42, "total_points": 109, "visibility_pct": 38.532110091743121 }, "geometry": { "type": "Point", "coordinates": [ -2.218504323800717, 53.816787497464894 ] } },
{ "type": "Feature", "properties": { "visible_points": 40, "total_points": 117, "visibility_pct": 34.188034188034187 }, "geometry": { "type": "Point", "coordinates": [ -2.218293867196785, 53.816787880574672 ] } },
{ "type": "Feature", "properties": { "visible_points": 39, "total_points": 120, "visibility_pct": 32.5 }, "geometry": { "type": "Point", "coordinates": [ -2.218083410548081, 53.816788263414885 ] } },
{ "type": "Feature", "properties": { "visible_points": 43, "total_points": 120, "visibility_pct": 35.833333333333336 }, "geometry": { "type": "Point", "coordinates": [ -2.217872953830505, 53.816788646141966 ] } },
{ "type": "Feature", "properties": { "visible_points": 53, "total_points": 120, "visibility_pct": 44.166666666666664 }, "geometry": { "type": "Point", "coordinates": [ -2.217662497091754, 53.816789028525868 ] } },
{ "type": "Feature", "properties": { "visible_points": 57, "total_points": 120, "visibility_pct": 47.5 }, "geometry": { "type": "Point", "coordinates": [ -2.217452040348157, 53.816789410540515 ] } },
{ "type": "Feature", "properties": { "visible_points": 49, "total_points": 120, "visibility_pct": 40.833333333333336 }, "geometry": { "type": "Point", "coordinates": [ -2.217241583599738, 53.816789792185922 ] } },
{ "type": "Feature", "properties": { "visible_points": 44, "total_points": 120, "visibility_pct": 36.666666666666664 }, "geometry": { "type": "Point", "coordinates": [ -2.217031126846484, 53.816790173462081 ] } },
{ "type": "Feature", "properties": { "visible_points": 37, "total_points": 120, "visibility_pct": 30.833333333333336 }, "geometry": { "type": "Point", "coordinates": [ -2.216820670088405, 53.816790554369 ] } },
{ "type": "Feature", "properties": { "visible_points": 54, "total_points": 120, "visibility_pct": 45.0 }, "geometry": { "type": "Point", "coordinates": [ -2.216610213325508, 53.816790934906685 ] } },
{ "type": "Feature", "properties": { "visible_points": 55, "total_points": 120, "visibility_pct": 45.833333333333329 }, "geometry": { "type": "Point", "coordinates": [ -2.216399756557797, 53.816791315075115 ] } },
{ "type": "Feature", "properties": { "visible_points": 49, "total_points": 120, "visibility_pct": 40.833333333333336 }, "geometry": { "type": "Point", "coordinates": [ -2.216189299785274, 53.816791694874318 ] } },
{ "type": "Feature", "properties": { "visible_points": 55, "total_points": 120, "visibility_pct": 45.833333333333329 }, "geometry": { "type": "Point", "coordinates": [ -2.215978843007946, 53.816792074304267 ] } },
{ "type": "Feature", "properties": { "visible_points": 42, "total_points": 120, "visibility_pct": 35.0 }, "geometry": { "type": "Point", "coordinates": [ -2.215768386225822, 53.816792453364982 ] } },
{ "type": "Feature", "properties": { "visible_points": 45, "total_points": 120, "visibility_pct": 37.5 }, "geometry": { "type": "Point", "coordinates": [ -2.215557929438893, 53.816792832056457 ] } },
{ "type": "Feature", "properties": { "visible_points": 49, "total_points": 120, "visibility_pct": 40.833333333333336 }, "geometry": { "type": "Point", "coordinates": [ -2.21534747264718, 53.816793210378677 ] } },
{ "type": "Feature", "properties": { "visible_points": 67, "total_points": 120, "visibility_pct": 55.833333333333336 }, "geometry": { "type": "Point", "coordinates": [ -2.215137015850677, 53.81679358833167 ] } },
{ "type": "Feature", "properties": { "visible_points": 69, "total_points": 120, "visibility_pct": 57.5 }, "geometry": { "type": "Point", "coordinates": [ -2.214926559049393, 53.816793965915409 ] } },
{ "type": "Feature", "properties": { "visible_points": 70, "total_points": 120, "visibility_pct": 58.333333333333336 }, "geometry": { "type": "Point", "coordinates": [ -2.214716102243329, 53.816794343129907 ] } },
{ "type": "Feature", "properties": { "visible_points": 66, "total_points": 120, "visibility_pct": 55.000000000000007 }, "geometry": { "type": "Point", "coordinates": [ -2.214505645432497, 53.816794719975164 ] } },
{ "type": "Feature", "properties": { "visible_points": 59, "total_points": 120, "visibility_pct": 49.166666666666664 }, "geometry": { "type": "Point", "coordinates": [ -2.214295188616896, 53.816795096451173 ] } },
{ "type": "Feature", "properties": { "visible_points": 45, "total_points": 120, "visibility_pct": 37.5 }, "geometry": { "type": "Point", "coordinates": [ -2.214084731796528, 53.816795472557956 ] } },
{ "type": "Feature", "properties": { "visible_points": 40, "total_points": 120, "visibility_pct": 33.333333333333329 }, "geometry": { "type": "Point", "coordinates": [ -2.213874274971404, 53.816795848295506 ] } },
{ "type": "Feature", "properties": { "visible_points": 35, "total_points": 120, "visibility_pct": 29.166666666666668 }, "geometry": { "type": "Point", "coordinates": [ -2.213663818141526, 53.816796223663786 ] } },
{ "type": "Feature", "properties": { "visible_points": 36, "total_points": 120, "visibility_pct": 30.0 }, "geometry": { "type": "Point", "coordinates": [ -2.2134533613069, 53.816796598662833 ] } },
{ "type": "Feature", "properties": { "visible_points": 48, "total_points": 120, "visibility_pct": 40.0 }, "geometry": { "type": "Point", "coordinates": [ -2.213242904467525, 53.816796973292625 ] } },
{ "type": "Feature", "properties": { "visible_points": 60, "total_points": 120, "visibility_pct": 50.0 }, "geometry": { "type": "Point", "coordinates": [ -2.213032447623417, 53.816797347553191 ] } },
{ "type": "Feature", "properties": { "visible_points": 52, "total_points": 120, "visibility_pct": 43.333333333333336 }, "geometry": { "type": "Point", "coordinates": [ -2.212821990774569, 53.816797721444502 ] } },
{ "type": "Feature", "properties": { "visible_points": 35, "total_points": 120, "visibility_pct": 29.166666666666668 }, "geometry": { "type": "Point", "coordinates": [ -2.212611533920988, 53.816798094966572 ] } },
{ "type": "Feature", "properties": { "visible_points": 33, "total_points": 120, "visibility_pct": 27.5 }, "geometry": { "type": "Point", "coordinates": [ -2.212401077062688, 53.816798468119401 ] } },
{ "type": "Feature", "properties": { "visible_points": 52, "total_points": 120, "visibility_pct": 43.333333333333336 }, "geometry": { "type": "Point", "coordinates": [ -2.212190620199662, 53.81679884090299 ] } },
{ "type": "Feature", "properties": { "visible_points": 57, "total_points": 120, "visibility_pct": 47.5 }, "geometry": { "type": "Point", "coordinates": [ -2.211980163331923, 53.816799213317353 ] } },
{ "type": "Feature", "properties": { "visible_points": 55, "total_points": 120, "visibility_pct": 45.833333333333329 }, "geometry": { "type": "Point", "coordinates": [ -2.211769706459469, 53.816799585362446 ] } },
{ "type": "Feature", "properties": { "visible_points": 63, "total_points": 120, "visibility_pct": 52.5 }, "geometry": { "type": "Point", "coordinates": [ -2.211559249582308, 53.816799957038292 ] } },
{ "type": "Feature", "properties": { "visible_points": 68, "total_points": 120, "visibility_pct": 56.666666666666664 }, "geometry": { "type": "Point", "coordinates": [ -2.211348792700447, 53.816800328344911 ] } },
{ "type": "Feature", "properties": { "visible_points": 83, "total_points": 120, "visibility_pct": 69.166666666666671 }, "geometry": { "type": "Point", "coordinates": [ -2.211138335813886, 53.816800699282297 ] } },
{ "type": "Feature", "properties": { "visible_points": 81, "total_points": 120, "visibility_pct": 67.5 }, "geometry": { "type": "Point", "coordinates": [ -2.210927878922634, 53.816801069850413 ] } },
{ "type": "Feature", "properties": { "visible_points": 89, "total_points": 120, "visibility_pct": 74.166666666666671 }, "geometry": { "type": "Point", "coordinates": [ -2.210717422026692, 53.816801440049289 ] } },
{ "type": "Feature", "properties": { "visible_points": 81, "total_points": 120, "visibility_pct": 67.5 }, "geometry": { "type": "Point", "coordinates": [ -2.210506965126067, 53.816801809878939 ] } },
{ "type": "Feature", "properties": { "visible_points": 84, "total_points": 120, "visibility_pct": 70.0 }, "geometry": { "type": "Point", "coordinates": [ -2.210296508220764, 53.816802179339334 ] } },
{ "type": "Feature", "properties": { "visible_points": 78, "total_points": 120, "visibility_pct": 65.0 }, "geometry": { "type": "Point", "coordinates": [ -2.210086051310784, 53.816802548430481 ] } },
{ "type": "Feature", "properties": { "visible_points": 90, "total_points": 120, "visibility_pct": 75.0 }, "geometry": { "type": "Point", "coordinates": [ -2.209875594396136, 53.816802917152408 ] } },
{ "type": "Feature", "properties": { "visible_points": 88, "total_points": 120, "visibility_pct": 73.333333333333329 }, "geometry": { "type": "Point", "coordinates": [ -2.209665137476822, 53.81680328550506 ] } },
{ "type": "Feature", "properties": { "visible_points": 86, "total_points": 120, "visibility_pct": 71.666666666666671 }, "geometry": { "type": "Point", "coordinates": [ -2.20945468055285, 53.816803653488485 ] } },
{ "type": "Feature", "properties": { "visible_points": 83, "total_points": 117, "visibility_pct": 70.940170940170944 }, "geometry": { "type": "Point", "coordinates": [ -2.209244223624222, 53.816804021102662 ] } },
{ "type": "Feature", "properties": { "visible_points": 73, "total_points": 110, "visibility_pct": 66.363636363636374 }, "geometry": { "type": "Point", "coordinates": [ -2.209033766690941, 53.816804388347599 ] } },
{ "type": "Feature", "properties": { "visible_points": 60, "total_points": 101, "visibility_pct": 59.405940594059402 }, "geometry": { "type": "Point", "coordinates": [ -2.208823309753015, 53.816804755223288 ] } },
{ "type": "Feature", "properties": { "visible_points": 51, "total_points": 89, "visibility_pct": 57.303370786516851 }, "geometry": { "type": "Point", "coordinates": [ -2.208612852810448, 53.816805121729743 ] } },
{ "type": "Feature", "properties": { "visible_points": 2, "total_points": 79, "visibility_pct": 2.5316455696202533 }, "geometry": { "type": "Point", "coordinates": [ -2.21903103098664, 53.81689439243803 ] } },
{ "type": "Feature", "properties": { "visible_points": 17, "total_points": 91, "visibility_pct": 18.681318681318682 }, "geometry": { "type": "Point", "coordinates": [ -2.218820573858214, 53.8168947764728 ] } },
{ "type": "Feature", "properties": { "visible_points": 30, "total_points": 103, "visibility_pct": 29.126213592233007 }, "geometry": { "type": "Point", "coordinates": [ -2.218610116724933, 53.816895160138301 ] } },
{ "type": "Feature", "properties": { "visible_points": 37, "total_points": 112, "visibility_pct": 33.035714285714285 }, "geometry": { "type": "Point", "coordinates": [ -2.218399659586804, 53.816895543434548 ] } },
{ "type": "Feature", "properties": { "visible_points": 37, "total_points": 119, "visibility_pct": 31.092436974789916 }, "geometry": { "type": "Point", "coordinates": [ -2.218189202433417, 53.816895926377768 ] } },
{ "type": "Feature", "properties": { "visible_points": 32, "total_points": 120, "visibility_pct": 26.666666666666668 }, "geometry": { "type": "Point", "coordinates": [ -2.217978745211028, 53.816896309185282 ] } },
{ "type": "Feature", "properties": { "visible_points": 40, "total_points": 120, "visibility_pct": 33.333333333333329 }, "geometry": { "type": "Point", "coordinates": [ -2.217768287935731, 53.816896691759631 ] } },
{ "type": "Feature", "properties": { "visible_points": 42, "total_points": 120, "visibility_pct": 35.0 }, "geometry": { "type": "Point", "coordinates": [ -2.217557830655613, 53.816897073964732 ] } },
{ "type": "Feature", "properties": { "visible_points": 49, "total_points": 120, "visibility_pct": 40.833333333333336 }, "geometry": { "type": "Point", "coordinates": [ -2.217347373370679, 53.8168974558006 ] } },
{ "type": "Feature", "properties": { "visible_points": 42, "total_points": 120, "visibility_pct": 35.0 }, "geometry": { "type": "Point", "coordinates": [ -2.217136916080926, 53.816897837267227 ] } },
{ "type": "Feature", "properties": { "visible_points": 39, "total_points": 120, "visibility_pct": 32.5 }, "geometry": { "type": "Point", "coordinates": [ -2.216926458786375, 53.816898218364614 ] } },
{ "type": "Feature", "properties": { "visible_points": 54, "total_points": 120, "visibility_pct": 45.0 }, "geometry": { "type": "Point", "coordinates": [ -2.216716001487013, 53.816898599092774 ] } },
{ "type": "Feature", "properties": { "visible_points": 57, "total_points": 120, "visibility_pct": 47.5 }, "geometry": { "type": "Point", "coordinates": [ -2.216505544182849, 53.816898979451686 ] } },
{ "type": "Feature", "properties": { "visible_points": 56, "total_points": 120, "visibility_pct": 46.666666666666664 }, "geometry": { "type": "Point", "coordinates": [ -2.216295086873894, 53.816899359441351 ] } },
{ "type": "Feature", "properties": { "visible_points": 55, "total_points": 120, "visibility_pct": 45.833333333333329 }, "geometry": { "type": "Point", "coordinates": [ -2.216084629560148, 53.816899739061803 ] } },
{ "type": "Feature", "properties": { "visible_points": 54, "total_points": 120, "visibility_pct": 45.0 }, "geometry": { "type": "Point", "coordinates": [ -2.215874172241619, 53.816900118313008 ] } },
{ "type": "Feature", "properties": { "visible_points": 49, "total_points": 120, "visibility_pct": 40.833333333333336 }, "geometry": { "type": "Point", "coordinates": [ -2.215663714918306, 53.816900497194965 ] } },
{ "type": "Feature", "properties": { "visible_points": 54, "total_points": 120, "visibility_pct": 45.0 }, "geometry": { "type": "Point", "coordinates": [ -2.215453257590218, 53.816900875707688 ] } },
{ "type": "Feature", "properties": { "visible_points": 67, "total_points": 120, "visibility_pct": 55.833333333333336 }, "geometry": { "type": "Point", "coordinates": [ -2.215242800257357, 53.816901253851171 ] } },
{ "type": "Feature", "properties": { "visible_points": 69, "total_points": 120, "visibility_pct": 57.5 }, "geometry": { "type": "Point", "coordinates": [ -2.215032342919734, 53.81690163162542 ] } },
{ "type": "Feature", "properties": { "visible_points": 73, "total_points": 120, "visibility_pct": 60.833333333333329 }, "geometry": { "type": "Point", "coordinates": [ -2.214821885577344, 53.816902009030429 ] } },
{ "type": "Feature", "properties": { "visible_points": 69, "total_points": 120, "visibility_pct": 57.5 }, "geometry": { "type": "Point", "coordinates": [ -2.214611428230199, 53.816902386066204 ] } },
{ "type": "Feature", "properties": { "visible_points": 64, "total_points": 120, "visibility_pct": 53.333333333333336 }, "geometry": { "type": "Point", "coordinates": [ -2.2144009708783, 53.816902762732745 ] } },
{ "type": "Feature", "properties": { "visible_points": 55, "total_points": 120, "visibility_pct": 45.833333333333329 }, "geometry": { "type": "Point", "coordinates": [ -2.214190513521655, 53.816903139030025 ] } },
{ "type": "Feature", "properties": { "visible_points": 39, "total_points": 120, "visibility_pct": 32.5 }, "geometry": { "type": "Point", "coordinates": [ -2.213980056160266, 53.816903514958085 ] } },
{ "type": "Feature", "properties": { "visible_points": 38, "total_points": 120, "visibility_pct": 31.666666666666664 }, "geometry": { "type": "Point", "coordinates": [ -2.213769598794133, 53.816903890516905 ] } },
{ "type": "Feature", "properties": { "visible_points": 35, "total_points": 120, "visibility_pct": 29.166666666666668 }, "geometry": { "type": "Point", "coordinates": [ -2.213559141423272, 53.816904265706476 ] } },
{ "type": "Feature", "properties": { "visible_points": 42, "total_points": 120, "visibility_pct": 35.0 }, "geometry": { "type": "Point", "coordinates": [ -2.213348684047678, 53.816904640526822 ] } },
{ "type": "Feature", "properties": { "visible_points": 60, "total_points": 120, "visibility_pct": 50.0 }, "geometry": { "type": "Point", "coordinates": [ -2.213138226667366, 53.816905014977927 ] } },
{ "type": "Feature", "properties": { "visible_points": 58, "total_points": 120, "visibility_pct": 48.333333333333336 }, "geometry": { "type": "Point", "coordinates": [ -2.212927769282322, 53.81690538905977 ] } },
{ "type": "Feature", "properties": { "visible_points": 48, "total_points": 120, "visibility_pct": 40.0 }, "geometry": { "type": "Point", "coordinates": [ -2.212717311892572, 53.816905762772407 ] } },
{ "type": "Feature", "properties": { "visible_points": 40, "total_points": 120, "visibility_pct": 33.333333333333329 }, "geometry": { "type": "Point", "coordinates": [ -2.212506854498105, 53.816906136115776 ] } },
{ "type": "Feature", "properties": { "visible_points": 39, "total_points": 120, "visibility_pct": 32.5 }, "geometry": { "type": "Point", "coordinates": [ -2.212296397098938, 53.816906509089939 ] } },
{ "type": "Feature", "properties": { "visible_points": 71, "total_points": 120, "visibility_pct": 59.166666666666664 }, "geometry": { "type": "Point", "coordinates": [ -2.212085939695066, 53.816906881694841 ] } },
{ "type": "Feature", "properties": { "visible_points": 54, "total_points": 120, "visibility_pct": 45.0 }, "geometry": { "type": "Point", "coordinates": [ -2.211875482286497, 53.816907253930502 ] } },
{ "type": "Feature", "properties": { "visible_points": 60, "total_points": 120, "visibility_pct": 50.0 }, "geometry": { "type": "Point", "coordinates": [ -2.211665024873235, 53.816907625796922 ] } },
{ "type": "Feature", "properties": { "visible_points": 68, "total_points": 120, "visibility_pct": 56.666666666666664 }, "geometry": { "type": "Point", "coordinates": [ -2.211454567455287, 53.816907997294102 ] } },
{ "type": "Feature", "properties": { "visible_points": 83, "total_points": 120, "visibility_pct": 69.166666666666671 }, "geometry": { "type": "Point", "coordinates": [ -2.211244110032657, 53.816908368422041 ] } },
{ "type": "Feature", "properties": { "visible_points": 88, "total_points": 120, "visibility_pct": 73.333333333333329 }, "geometry": { "type": "Point", "coordinates": [ -2.211033652605344, 53.816908739180768 ] } },
{ "type": "Feature", "properties": { "visible_points": 83, "total_points": 120, "visibility_pct": 69.166666666666671 }, "geometry": { "type": "Point", "coordinates": [ -2.210823195173361, 53.816909109570226 ] } },
{ "type": "Feature", "properties": { "visible_points": 80, "total_points": 120, "visibility_pct": 66.666666666666657 }, "geometry": { "type": "Point", "coordinates": [ -2.210612737736712, 53.816909479590457 ] } },
{ "type": "Feature", "properties": { "visible_points": 77, "total_points": 120, "visibility_pct": 64.166666666666671 }, "geometry": { "type": "Point", "coordinates": [ -2.210402280295393, 53.816909849241448 ] } },
{ "type": "Feature", "properties": { "visible_points": 71, "total_points": 120, "visibility_pct": 59.166666666666664 }, "geometry": { "type": "Point", "coordinates": [ -2.210191822849413, 53.816910218523198 ] } },
{ "type": "Feature", "properties": { "visible_points": 83, "total_points": 120, "visibility_pct": 69.166666666666671 }, "geometry": { "type": "Point", "coordinates": [ -2.209981365398789, 53.816910587435686 ] } },
{ "type": "Feature", "properties": { "visible_points": 94, "total_points": 120, "visibility_pct": 78.333333333333329 }, "geometry": { "type": "Point", "coordinates": [ -2.2097709079435, 53.816910955978955 ] } },
{ "type": "Feature", "properties": { "visible_points": 98, "total_points": 120, "visibility_pct": 81.666666666666671 }, "geometry": { "type": "Point", "coordinates": [ -2.209560450483576, 53.81691132415299 ] } },
{ "type": "Feature", "properties": { "visible_points": 95, "total_points": 120, "visibility_pct": 79.166666666666657 }, "geometry": { "type": "Point", "coordinates": [ -2.209349993019008, 53.816911691957785 ] } },
{ "type": "Feature", "properties": { "visible_points": 79, "total_points": 116, "visibility_pct": 68.103448275862064 }, "geometry": { "type": "Point", "coordinates": [ -2.209139535549799, 53.816912059393324 ] } },
{ "type": "Feature", "properties": { "visible_points": 73, "total_points": 108, "visibility_pct": 67.592592592592595 }, "geometry": { "type": "Point", "coordinates": [ -2.208929078075968, 53.816912426459631 ] } },
{ "type": "Feature", "properties": { "visible_points": 59, "total_points": 95, "visibility_pct": 62.10526315789474 }, "geometry": { "type": "Point", "coordinates": [ -2.208718620597501, 53.816912793156689 ] } },
{ "type": "Feature", "properties": { "visible_points": 47, "total_points": 82, "visibility_pct": 57.317073170731703 }, "geometry": { "type": "Point", "coordinates": [ -2.208508163114418, 53.816913159484514 ] } },
{ "type": "Feature", "properties": { "visible_points": 7, "total_points": 83, "visibility_pct": 8.4337349397590362 }, "geometry": { "type": "Point", "coordinates": [ -2.218926367665609, 53.817002438839431 ] } },
{ "type": "Feature", "properties": { "visible_points": 9, "total_points": 95, "visibility_pct": 9.4736842105263168 }, "geometry": { "type": "Point", "coordinates": [ -2.218715909993434, 53.817002822692722 ] } },
{ "type": "Feature", "properties": { "visible_points": 16, "total_points": 106, "visibility_pct": 15.09433962264151 }, "geometry": { "type": "Point", "coordinates": [ -2.218505452316385, 53.817003206176778 ] } },
{ "type": "Feature", "properties": { "visible_points": 21, "total_points": 115, "visibility_pct": 18.260869565217391 }, "geometry": { "type": "Point", "coordinates": [ -2.218294994634459, 53.817003589291559 ] } },
{ "type": "Feature", "properties": { "visible_points": 24, "total_points": 120, "visibility_pct": 20.0 }, "geometry": { "type": "Point", "coordinates": [ -2.218084536909207, 53.817003972136781 ] } },
{ "type": "Feature", "properties": { "visible_points": 19, "total_points": 120, "visibility_pct": 15.833333333333332 }, "geometry": { "type": "Point", "coordinates": [ -2.217874079116676, 53.817004354875159 ] } },
{ "type": "Feature", "properties": { "visible_points": 22, "total_points": 120, "visibility_pct": 18.333333333333332 }, "geometry": { "type": "Point", "coordinates": [ -2.217663621303125, 53.817004737271461 ] } },
{ "type": "Feature", "properties": { "visible_points": 27, "total_points": 120, "visibility_pct": 22.5 }, "geometry": { "type": "Point", "coordinates": [ -2.217453163484773, 53.817005119298528 ] } },
{ "type": "Feature", "properties": { "visible_points": 22, "total_points": 120, "visibility_pct": 18.333333333333332 }, "geometry": { "type": "Point", "coordinates": [ -2.21724270566162, 53.817005500956363 ] } },
{ "type": "Feature", "properties": { "visible_points": 22, "total_points": 120, "visibility_pct": 18.333333333333332 }, "geometry": { "type": "Point", "coordinates": [ -2.217032247833677, 53.81700588224497 ] } },
{ "type": "Feature", "properties": { "visible_points": 37, "total_points": 120, "visibility_pct": 30.833333333333336 }, "geometry": { "type": "Point", "coordinates": [ -2.216821790000941, 53.817006263164323 ] } },
{ "type": "Feature", "properties": { "visible_points": 49, "total_points": 120, "visibility_pct": 40.833333333333336 }, "geometry": { "type": "Point", "coordinates": [ -2.216611332163429, 53.81700664371445 ] } },
{ "type": "Feature", "properties": { "visible_points": 47, "total_points": 120, "visibility_pct": 39.166666666666664 }, "geometry": { "type": "Point", "coordinates": [ -2.216400874321132, 53.817007023895371 ] } },
{ "type": "Feature", "properties": { "visible_points": 58, "total_points": 120, "visibility_pct": 48.333333333333336 }, "geometry": { "type": "Point", "coordinates": [ -2.216190416474063, 53.817007403707017 ] } },
{ "type": "Feature", "properties": { "visible_points": 59, "total_points": 120, "visibility_pct": 49.166666666666664 }, "geometry": { "type": "Point", "coordinates": [ -2.215979958622218, 53.817007783149457 ] } },
{ "type": "Feature", "properties": { "visible_points": 57, "total_points": 120, "visibility_pct": 47.5 }, "geometry": { "type": "Point", "coordinates": [ -2.215769500765613, 53.817008162222663 ] } },
{ "type": "Feature", "properties": { "visible_points": 62, "total_points": 120, "visibility_pct": 51.666666666666671 }, "geometry": { "type": "Point", "coordinates": [ -2.215559042904248, 53.817008540926608 ] } },
{ "type": "Feature", "properties": { "visible_points": 69, "total_points": 120, "visibility_pct": 57.5 }, "geometry": { "type": "Point", "coordinates": [ -2.215348585038122, 53.81700891926134 ] } },
{ "type": "Feature", "properties": { "visible_points": 83, "total_points": 120, "visibility_pct": 69.166666666666671 }, "geometry": { "type": "Point", "coordinates": [ -2.215138127167251, 53.817009297226832 ] } },
{ "type": "Feature", "properties": { "visible_points": 73, "total_points": 120, "visibility_pct": 60.833333333333329 }, "geometry": { "type": "Point", "coordinates": [ -2.214927669291629, 53.817009674823112 ] } },
{ "type": "Feature", "properties": { "visible_points": 74, "total_points": 120, "visibility_pct": 61.666666666666671 }, "geometry": { "type": "Point", "coordinates": [ -2.214717211411266, 53.817010052050122 ] } },
{ "type": "Feature", "properties": { "visible_points": 68, "total_points": 120, "visibility_pct": 56.666666666666664 }, "geometry": { "type": "Point", "coordinates": [ -2.214506753526165, 53.817010428907906 ] } },
{ "type": "Feature", "properties": { "visible_points": 61, "total_points": 120, "visibility_pct": 50.833333333333329 }, "geometry": { "type": "Point", "coordinates": [ -2.214296295636329, 53.817010805396478 ] } },
{ "type": "Feature", "properties": { "visible_points": 52, "total_points": 120, "visibility_pct": 43.333333333333336 }, "geometry": { "type": "Point", "coordinates": [ -2.214085837741767, 53.817011181515781 ] } },
{ "type": "Feature", "properties": { "visible_points": 47, "total_points": 120, "visibility_pct": 39.166666666666664 }, "geometry": { "type": "Point", "coordinates": [ -2.213875379842481, 53.817011557265864 ] } },
{ "type": "Feature", "properties": { "visible_points": 47, "total_points": 120, "visibility_pct": 39.166666666666664 }, "geometry": { "type": "Point", "coordinates": [ -2.213664921938473, 53.817011932646722 ] } },
{ "type": "Feature", "properties": { "visible_points": 53, "total_points": 120, "visibility_pct": 44.166666666666664 }, "geometry": { "type": "Point", "coordinates": [ -2.213454464029756, 53.817012307658331 ] } },
{ "type": "Feature", "properties": { "visible_points": 60, "total_points": 120, "visibility_pct": 50.0 }, "geometry": { "type": "Point", "coordinates": [ -2.213244006116326, 53.817012682300721 ] } },
{ "type": "Feature", "properties": { "visible_points": 63, "total_points": 120, "visibility_pct": 52.5 }, "geometry": { "type": "Point", "coordinates": [ -2.213033548198192, 53.81701305657387 ] } },
{ "type": "Feature", "properties": { "visible_points": 48, "total_points": 120, "visibility_pct": 40.0 }, "geometry": { "type": "Point", "coordinates": [ -2.212823090275355, 53.817013430477772 ] } },
{ "type": "Feature", "properties": { "visible_points": 46, "total_points": 120, "visibility_pct": 38.333333333333336 }, "geometry": { "type": "Point", "coordinates": [ -2.212612632347824, 53.81701380401244 ] } },
{ "type": "Feature", "properties": { "visible_points": 44, "total_points": 120, "visibility_pct": 36.666666666666664 }, "geometry": { "type": "Point", "coordinates": [ -2.212402174415603, 53.817014177177896 ] } },
{ "type": "Feature", "properties": { "visible_points": 50, "total_points": 120, "visibility_pct": 41.666666666666671 }, "geometry": { "type": "Point", "coordinates": [ -2.212191716478692, 53.817014549974104 ] } },
{ "type": "Feature", "properties": { "visible_points": 83, "total_points": 120, "visibility_pct": 69.166666666666671 }, "geometry": { "type": "Point", "coordinates": [ -2.211981258537099, 53.817014922401071 ] } },
{ "type": "Feature", "properties": { "visible_points": 67, "total_points": 120, "visibility_pct": 55.833333333333336 }, "geometry": { "type": "Point", "coordinates": [ -2.211770800590835, 53.817015294458812 ] } },
{ "type": "Feature", "properties": { "visible_points": 66, "total_points": 120, "visibility_pct": 55.000000000000007 }, "geometry": { "type": "Point", "coordinates": [ -2.21156034263989, 53.817015666147299 ] } },
{ "type": "Feature", "properties": { "visible_points": 80, "total_points": 120, "visibility_pct": 66.666666666666657 }, "geometry": { "type": "Point", "coordinates": [ -2.211349884684283, 53.817016037466558 ] } },
{ "type": "Feature", "properties": { "visible_points": 90, "total_points": 120, "visibility_pct": 75.0 }, "geometry": { "type": "Point", "coordinates": [ -2.211139426724011, 53.817016408416571 ] } },
{ "type": "Feature", "properties": { "visible_points": 87, "total_points": 120, "visibility_pct": 72.5 }, "geometry": { "type": "Point", "coordinates": [ -2.210928968759076, 53.817016778997377 ] } },
{ "type": "Feature", "properties": { "visible_points": 82, "total_points": 120, "visibility_pct": 68.333333333333329 }, "geometry": { "type": "Point", "coordinates": [ -2.210718510789492, 53.817017149208922 ] } },
{ "type": "Feature", "properties": { "visible_points": 78, "total_points": 120, "visibility_pct": 65.0 }, "geometry": { "type": "Point", "coordinates": [ -2.210508052815255, 53.817017519051234 ] } },
{ "type": "Feature", "properties": { "visible_points": 80, "total_points": 120, "visibility_pct": 66.666666666666657 }, "geometry": { "type": "Point", "coordinates": [ -2.210297594836376, 53.817017888524333 ] } },
{ "type": "Feature", "properties": { "visible_points": 80, "total_points": 120, "visibility_pct": 66.666666666666657 }, "geometry": { "type": "Point", "coordinates": [ -2.210087136852853, 53.817018257628177 ] } },
{ "type": "Feature", "properties": { "visible_points": 87, "total_points": 120, "visibility_pct": 72.5 }, "geometry": { "type": "Point", "coordinates": [ -2.209876678864699, 53.817018626362795 ] } },
{ "type": "Feature", "properties": { "visible_points": 78, "total_points": 120, "visibility_pct": 65.0 }, "geometry": { "type": "Point", "coordinates": [ -2.209666220871908, 53.817018994728166 ] } },
{ "type": "Feature", "properties": { "visible_points": 95, "total_points": 120, "visibility_pct": 79.166666666666657 }, "geometry": { "type": "Point", "coordinates": [ -2.209455762874497, 53.817019362724302 ] } },
{ "type": "Feature", "properties": { "visible_points": 89, "total_points": 118, "visibility_pct": 75.423728813559322 }, "geometry": { "type": "Point", "coordinates": [ -2.209245304872461, 53.817019730351205 ] } },
{ "type": "Feature", "properties": { "visible_points": 75, "total_points": 111, "visibility_pct": 67.567567567567565 }, "geometry": { "type": "Point", "coordinates": [ -2.209034846865806, 53.817020097608875 ] } },
{ "type": "Feature", "properties": { "visible_points": 62, "total_points": 99, "visibility_pct": 62.62626262626263 }, "geometry": { "type": "Point", "coordinates": [ -2.20882438885454, 53.817020464497276 ] } },
{ "type": "Feature", "properties": { "visible_points": 54, "total_points": 86, "visibility_pct": 62.790697674418603 }, "geometry": { "type": "Point", "coordinates": [ -2.208613930838667, 53.817020831016485 ] } },
{ "type": "Feature", "properties": { "visible_points": 42, "total_points": 73, "visibility_pct": 57.534246575342465 }, "geometry": { "type": "Point", "coordinates": [ -2.20840347281819, 53.817021197166433 ] } },
{ "type": "Feature", "properties": { "visible_points": 8, "total_points": 87, "visibility_pct": 9.1954022988505741 }, "geometry": { "type": "Point", "coordinates": [ -2.218821703756427, 53.817110485138123 ] } },
{ "type": "Feature", "properties": { "visible_points": 11, "total_points": 99, "visibility_pct": 11.111111111111111 }, "geometry": { "type": "Point", "coordinates": [ -2.218611245539813, 53.817110868810694 ] } },
{ "type": "Feature", "properties": { "visible_points": 12, "total_points": 109, "visibility_pct": 11.009174311926607 }, "geometry": { "type": "Point", "coordinates": [ -2.21840078731832, 53.817111252114024 ] } },
{ "type": "Feature", "properties": { "visible_points": 15, "total_points": 117, "visibility_pct": 12.820512820512819 }, "geometry": { "type": "Point", "coordinates": [ -2.218190329082929, 53.817111635064116 ] } },
{ "type": "Feature", "properties": { "visible_points": 17, "total_points": 120, "visibility_pct": 14.166666666666666 }, "geometry": { "type": "Point", "coordinates": [ -2.217979870785352, 53.817112017881144 ] } },
{ "type": "Feature", "properties": { "visible_points": 21, "total_points": 120, "visibility_pct": 17.5 }, "geometry": { "type": "Point", "coordinates": [ -2.217769412439681, 53.817112400469057 ] } },
{ "type": "Feature", "properties": { "visible_points": 17, "total_points": 120, "visibility_pct": 14.166666666666666 }, "geometry": { "type": "Point", "coordinates": [ -2.217558954089198, 53.81711278268773 ] } },
{ "type": "Feature", "properties": { "visible_points": 15, "total_points": 120, "visibility_pct": 12.5 }, "geometry": { "type": "Point", "coordinates": [ -2.21734849573392, 53.817113164537169 ] } },
{ "type": "Feature", "properties": { "visible_points": 23, "total_points": 120, "visibility_pct": 19.166666666666668 }, "geometry": { "type": "Point", "coordinates": [ -2.217138037373846, 53.817113546017374 ] } },
{ "type": "Feature", "properties": { "visible_points": 24, "total_points": 120, "visibility_pct": 20.0 }, "geometry": { "type": "Point", "coordinates": [ -2.216927579008979, 53.817113927128347 ] } },
{ "type": "Feature", "properties": { "visible_points": 36, "total_points": 120, "visibility_pct": 30.0 }, "geometry": { "type": "Point", "coordinates": [ -2.216717120639327, 53.817114307870085 ] } },
{ "type": "Feature", "properties": { "visible_points": 47, "total_points": 120, "visibility_pct": 39.166666666666664 }, "geometry": { "type": "Point", "coordinates": [ -2.216506662264895, 53.817114688242569 ] } },
{ "type": "Feature", "properties": { "visible_points": 52, "total_points": 120, "visibility_pct": 43.333333333333336 }, "geometry": { "type": "Point", "coordinates": [ -2.216296203885681, 53.817115068245855 ] } },
{ "type": "Feature", "properties": { "visible_points": 56, "total_points": 120, "visibility_pct": 46.666666666666664 }, "geometry": { "type": "Point", "coordinates": [ -2.216085745501699, 53.817115447879885 ] } },
{ "type": "Feature", "properties": { "visible_points": 65, "total_points": 120, "visibility_pct": 54.166666666666664 }, "geometry": { "type": "Point", "coordinates": [ -2.215875287112948, 53.817115827144669 ] } },
{ "type": "Feature", "properties": { "visible_points": 77, "total_points": 120, "visibility_pct": 64.166666666666671 }, "geometry": { "type": "Point", "coordinates": [ -2.215664828719433, 53.817116206040225 ] } },
{ "type": "Feature", "properties": { "visible_points": 93, "total_points": 120, "visibility_pct": 77.5 }, "geometry": { "type": "Point", "coordinates": [ -2.215454370321161, 53.817116584566548 ] } },
{ "type": "Feature", "properties": { "visible_points": 84, "total_points": 120, "visibility_pct": 70.0 }, "geometry": { "type": "Point", "coordinates": [ -2.215243911918135, 53.817116962723638 ] } },
{ "type": "Feature", "properties": { "visible_points": 92, "total_points": 120, "visibility_pct": 76.666666666666671 }, "geometry": { "type": "Point", "coordinates": [ -2.215033453510361, 53.817117340511494 ] } },
{ "type": "Feature", "properties": { "visible_points": 80, "total_points": 120, "visibility_pct": 66.666666666666657 }, "geometry": { "type": "Point", "coordinates": [ -2.214822995097835, 53.817117717930095 ] } },
{ "type": "Feature", "properties": { "visible_points": 75, "total_points": 120, "visibility_pct": 62.5 }, "geometry": { "type": "Point", "coordinates": [ -2.214612536680578, 53.817118094979477 ] } },
{ "type": "Feature", "properties": { "visible_points": 70, "total_points": 120, "visibility_pct": 58.333333333333336 }, "geometry": { "type": "Point", "coordinates": [ -2.214402078258585, 53.817118471659626 ] } },
{ "type": "Feature", "properties": { "visible_points": 68, "total_points": 120, "visibility_pct": 56.666666666666664 }, "geometry": { "type": "Point", "coordinates": [ -2.214191619831857, 53.817118847970519 ] } },
{ "type": "Feature", "properties": { "visible_points": 56, "total_points": 120, "visibility_pct": 46.666666666666664 }, "geometry": { "type": "Point", "coordinates": [ -2.213981161400403, 53.817119223912194 ] } },
{ "type": "Feature", "properties": { "visible_points": 47, "total_points": 120, "visibility_pct": 39.166666666666664 }, "geometry": { "type": "Point", "coordinates": [ -2.213770702964229, 53.817119599484627 ] } },
{ "type": "Feature", "properties": { "visible_points": 54, "total_points": 120, "visibility_pct": 45.0 }, "geometry": { "type": "Point", "coordinates": [ -2.21356024452334, 53.817119974687827 ] } },
{ "type": "Feature", "properties": { "visible_points": 64, "total_points": 120, "visibility_pct": 53.333333333333336 }, "geometry": { "type": "Point", "coordinates": [ -2.213349786077736, 53.817120349521787 ] } },
{ "type": "Feature", "properties": { "visible_points": 65, "total_points": 120, "visibility_pct": 54.166666666666664 }, "geometry": { "type": "Point", "coordinates": [ -2.213139327627422, 53.81712072398652 ] } },
{ "type": "Feature", "properties": { "visible_points": 62, "total_points": 120, "visibility_pct": 51.666666666666671 }, "geometry": { "type": "Point", "coordinates": [ -2.212928869172413, 53.817121098081998 ] } },
{ "type": "Feature", "properties": { "visible_points": 57, "total_points": 120, "visibility_pct": 47.5 }, "geometry": { "type": "Point", "coordinates": [ -2.212718410712701, 53.817121471808257 ] } },
{ "type": "Feature", "properties": { "visible_points": 57, "total_points": 120, "visibility_pct": 47.5 }, "geometry": { "type": "Point", "coordinates": [ -2.212507952248298, 53.817121845165261 ] } },
{ "type": "Feature", "properties": { "visible_points": 59, "total_points": 120, "visibility_pct": 49.166666666666664 }, "geometry": { "type": "Point", "coordinates": [ -2.212297493779201, 53.817122218153052 ] } },
{ "type": "Feature", "properties": { "visible_points": 68, "total_points": 120, "visibility_pct": 56.666666666666664 }, "geometry": { "type": "Point", "coordinates": [ -2.212087035305422, 53.817122590771582 ] } },
{ "type": "Feature", "properties": { "visible_points": 82, "total_points": 120, "visibility_pct": 68.333333333333329 }, "geometry": { "type": "Point", "coordinates": [ -2.211876576826965, 53.817122963020893 ] } },
{ "type": "Feature", "properties": { "visible_points": 67, "total_points": 120, "visibility_pct": 55.833333333333336 }, "geometry": { "type": "Point", "coordinates": [ -2.211666118343832, 53.817123334900948 ] } },
{ "type": "Feature", "properties": { "visible_points": 73, "total_points": 120, "visibility_pct": 60.833333333333329 }, "geometry": { "type": "Point", "coordinates": [ -2.211455659856025, 53.81712370641177 ] } },
{ "type": "Feature", "properties": { "visible_points": 88, "total_points": 120, "visibility_pct": 73.333333333333329 }, "geometry": { "type": "Point", "coordinates": [ -2.21124520136356, 53.817124077553373 ] } },
{ "type": "Feature", "properties": { "visible_points": 92, "total_points": 120, "visibility_pct": 76.666666666666671 }, "geometry": { "type": "Point", "coordinates": [ -2.211034742866426, 53.817124448325728 ] } },
{ "type": "Feature", "properties": { "visible_points": 82, "total_points": 120, "visibility_pct": 68.333333333333329 }, "geometry": { "type": "Point", "coordinates": [ -2.210824284364636, 53.817124818728843 ] } },
{ "type": "Feature", "properties": { "visible_points": 77, "total_points": 120, "visibility_pct": 64.166666666666671 }, "geometry": { "type": "Point", "coordinates": [ -2.2106138258582, 53.817125188762731 ] } },
{ "type": "Feature", "properties": { "visible_points": 71, "total_points": 120, "visibility_pct": 59.166666666666664 }, "geometry": { "type": "Point", "coordinates": [ -2.210403367347115, 53.817125558427371 ] } },
{ "type": "Feature", "properties": { "visible_points": 74, "total_points": 120, "visibility_pct": 61.666666666666671 }, "geometry": { "type": "Point", "coordinates": [ -2.210192908831381, 53.817125927722792 ] } },
{ "type": "Feature", "properties": { "visible_points": 81, "total_points": 120, "visibility_pct": 67.5 }, "geometry": { "type": "Point", "coordinates": [ -2.209982450311017, 53.817126296648937 ] } },
{ "type": "Feature", "properties": { "visible_points": 80, "total_points": 119, "visibility_pct": 67.226890756302524 }, "geometry": { "type": "Point", "coordinates": [ -2.209771991786013, 53.817126665205869 ] } },
{ "type": "Feature", "properties": { "visible_points": 83, "total_points": 117, "visibility_pct": 70.940170940170944 }, "geometry": { "type": "Point", "coordinates": [ -2.209561533256388, 53.817127033393561 ] } },
{ "type": "Feature", "properties": { "visible_points": 80, "total_points": 114, "visibility_pct": 70.175438596491219 }, "geometry": { "type": "Point", "coordinates": [ -2.209351074722129, 53.817127401212019 ] } },
{ "type": "Feature", "properties": { "visible_points": 71, "total_points": 111, "visibility_pct": 63.963963963963963 }, "geometry": { "type": "Point", "coordinates": [ -2.209140616183257, 53.817127768661223 ] } },
{ "type": "Feature", "properties": { "visible_points": 61, "total_points": 100, "visibility_pct": 61.0 }, "geometry": { "type": "Point", "coordinates": [ -2.208930157639769, 53.817128135741214 ] } },
{ "type": "Feature", "properties": { "visible_points": 58, "total_points": 88, "visibility_pct": 65.909090909090907 }, "geometry": { "type": "Point", "coordinates": [ -2.208719699091672, 53.817128502451958 ] } },
{ "type": "Feature", "properties": { "visible_points": 45, "total_points": 76, "visibility_pct": 59.210526315789465 }, "geometry": { "type": "Point", "coordinates": [ -2.208509240538965, 53.817128868793453 ] } },
{ "type": "Feature", "properties": { "visible_points": 34, "total_points": 64, "visibility_pct": 53.125 }, "geometry": { "type": "Point", "coordinates": [ -2.20829878198166, 53.817129234765716 ] } },
{ "type": "Feature", "properties": { "visible_points": 15, "total_points": 79, "visibility_pct": 18.9873417721519 }, "geometry": { "type": "Point", "coordinates": [ -2.218927498063851, 53.81721814748532 ] } },
{ "type": "Feature", "properties": { "visible_points": 16, "total_points": 91, "visibility_pct": 17.582417582417584 }, "geometry": { "type": "Point", "coordinates": [ -2.218717039307669, 53.817218531346441 ] } },
{ "type": "Feature", "properties": { "visible_points": 14, "total_points": 103, "visibility_pct": 13.592233009708737 }, "geometry": { "type": "Point", "coordinates": [ -2.218506580546605, 53.817218914838307 ] } },
{ "type": "Feature", "properties": { "visible_points": 15, "total_points": 112, "visibility_pct": 13.392857142857142 }, "geometry": { "type": "Point", "coordinates": [ -2.218296121780664, 53.817219297960897 ] } },
{ "type": "Feature", "properties": { "visible_points": 15, "total_points": 119, "visibility_pct": 12.605042016806722 }, "geometry": { "type": "Point", "coordinates": [ -2.218085662976571, 53.817219680813913 ] } },
{ "type": "Feature", "properties": { "visible_points": 17, "total_points": 120, "visibility_pct": 14.166666666666666 }, "geometry": { "type": "Point", "coordinates": [ -2.217875204113148, 53.817220063565365 ] } },
{ "type": "Feature", "properties": { "visible_points": 20, "total_points": 120, "visibility_pct": 16.666666666666664 }, "geometry": { "type": "Point", "coordinates": [ -2.21766474523054, 53.817220445975643 ] } },
{ "type": "Feature", "properties": { "visible_points": 22, "total_points": 120, "visibility_pct": 18.333333333333332 }, "geometry": { "type": "Point", "coordinates": [ -2.217454286343132, 53.817220828016701 ] } },
{ "type": "Feature", "properties": { "visible_points": 22, "total_points": 120, "visibility_pct": 18.333333333333332 }, "geometry": { "type": "Point", "coordinates": [ -2.217243827450918, 53.817221209688526 ] } },
{ "type": "Feature", "properties": { "visible_points": 23, "total_points": 120, "visibility_pct": 19.166666666666668 }, "geometry": { "type": "Point", "coordinates": [ -2.217033368553918, 53.817221590991089 ] } },
{ "type": "Feature", "properties": { "visible_points": 11, "total_points": 120, "visibility_pct": 9.1666666666666661 }, "geometry": { "type": "Point", "coordinates": [ -2.216822909652129, 53.817221971924425 ] } },
{ "type": "Feature", "properties": { "visible_points": 29, "total_points": 120, "visibility_pct": 24.166666666666668 }, "geometry": { "type": "Point", "coordinates": [ -2.216612450745555, 53.817222352488521 ] } },
{ "type": "Feature", "properties": { "visible_points": 44, "total_points": 120, "visibility_pct": 36.666666666666664 }, "geometry": { "type": "Point", "coordinates": [ -2.216401991834203, 53.817222732683391 ] } },
{ "type": "Feature", "properties": { "visible_points": 49, "total_points": 120, "visibility_pct": 40.833333333333336 }, "geometry": { "type": "Point", "coordinates": [ -2.216191532918072, 53.817223112509012 ] } },
{ "type": "Feature", "properties": { "visible_points": 57, "total_points": 120, "visibility_pct": 47.5 }, "geometry": { "type": "Point", "coordinates": [ -2.215981073997175, 53.817223491965414 ] } },
{ "type": "Feature", "properties": { "visible_points": 75, "total_points": 120, "visibility_pct": 62.5 }, "geometry": { "type": "Point", "coordinates": [ -2.215770615071512, 53.817223871052583 ] } },
{ "type": "Feature", "properties": { "visible_points": 90, "total_points": 120, "visibility_pct": 75.0 }, "geometry": { "type": "Point", "coordinates": [ -2.215560156141086, 53.817224249770483 ] } },
{ "type": "Feature", "properties": { "visible_points": 97, "total_points": 120, "visibility_pct": 80.833333333333329 }, "geometry": { "type": "Point", "coordinates": [ -2.215349697205904, 53.81722462811917 ] } },
{ "type": "Feature", "properties": { "visible_points": 93, "total_points": 120, "visibility_pct": 77.5 }, "geometry": { "type": "Point", "coordinates": [ -2.215139238265975, 53.81722500609861 ] } },
{ "type": "Feature", "properties": { "visible_points": 88, "total_points": 120, "visibility_pct": 73.333333333333329 }, "geometry": { "type": "Point", "coordinates": [ -2.214928779321294, 53.817225383708809 ] } },
{ "type": "Feature", "properties": { "visible_points": 78, "total_points": 120, "visibility_pct": 65.0 }, "geometry": { "type": "Point", "coordinates": [ -2.214718320371873, 53.817225760949789 ] } },
{ "type": "Feature", "properties": { "visible_points": 77, "total_points": 120, "visibility_pct": 64.166666666666671 }, "geometry": { "type": "Point", "coordinates": [ -2.21450786141771, 53.817226137821514 ] } },
{ "type": "Feature", "properties": { "visible_points": 77, "total_points": 120, "visibility_pct": 64.166666666666671 }, "geometry": { "type": "Point", "coordinates": [ -2.214297402458822, 53.817226514324012 ] } },
{ "type": "Feature", "properties": { "visible_points": 67, "total_points": 120, "visibility_pct": 55.833333333333336 }, "geometry": { "type": "Point", "coordinates": [ -2.2140869434952, 53.81722689045727 ] } },
{ "type": "Feature", "properties": { "visible_points": 54, "total_points": 120, "visibility_pct": 45.0 }, "geometry": { "type": "Point", "coordinates": [ -2.213876484526855, 53.817227266221288 ] } },
{ "type": "Feature", "properties": { "visible_points": 57, "total_points": 120, "visibility_pct": 47.5 }, "geometry": { "type": "Point", "coordinates": [ -2.213666025553791, 53.817227641616057 ] } },
{ "type": "Feature", "properties": { "visible_points": 70, "total_points": 120, "visibility_pct": 58.333333333333336 }, "geometry": { "type": "Point", "coordinates": [ -2.21345556657601, 53.8172280166416 ] } },
{ "type": "Feature", "properties": { "visible_points": 68, "total_points": 120, "visibility_pct": 56.666666666666664 }, "geometry": { "type": "Point", "coordinates": [ -2.213245107593525, 53.817228391297903 ] } },
{ "type": "Feature", "properties": { "visible_points": 64, "total_points": 120, "visibility_pct": 53.333333333333336 }, "geometry": { "type": "Point", "coordinates": [ -2.213034648606332, 53.817228765584979 ] } },
{ "type": "Feature", "properties": { "visible_points": 57, "total_points": 120, "visibility_pct": 47.5 }, "geometry": { "type": "Point", "coordinates": [ -2.212824189614434, 53.8172291395028 ] } },
{ "type": "Feature", "properties": { "visible_points": 62, "total_points": 120, "visibility_pct": 51.666666666666671 }, "geometry": { "type": "Point", "coordinates": [ -2.212613730617847, 53.817229513051387 ] } },
{ "type": "Feature", "properties": { "visible_points": 64, "total_points": 120, "visibility_pct": 53.333333333333336 }, "geometry": { "type": "Point", "coordinates": [ -2.212403271616565, 53.817229886230756 ] } },
{ "type": "Feature", "properties": { "visible_points": 61, "total_points": 120, "visibility_pct": 50.833333333333329 }, "geometry": { "type": "Point", "coordinates": [ -2.212192812610596, 53.817230259040862 ] } },
{ "type": "Feature", "properties": { "visible_points": 74, "total_points": 120, "visibility_pct": 61.666666666666671 }, "geometry": { "type": "Point", "coordinates": [ -2.211982353599947, 53.817230631481728 ] } },
{ "type": "Feature", "properties": { "visible_points": 68, "total_points": 120, "visibility_pct": 56.666666666666664 }, "geometry": { "type": "Point", "coordinates": [ -2.211771894584617, 53.817231003553374 ] } },
{ "type": "Feature", "properties": { "visible_points": 69, "total_points": 120, "visibility_pct": 57.5 }, "geometry": { "type": "Point", "coordinates": [ -2.211561435564616, 53.817231375255766 ] } },
{ "type": "Feature", "properties": { "visible_points": 81, "total_points": 120, "visibility_pct": 67.5 }, "geometry": { "type": "Point", "coordinates": [ -2.211350976539951, 53.817231746588917 ] } },
{ "type": "Feature", "properties": { "visible_points": 87, "total_points": 120, "visibility_pct": 72.5 }, "geometry": { "type": "Point", "coordinates": [ -2.211140517510616, 53.817232117552848 ] } },
{ "type": "Feature", "properties": { "visible_points": 88, "total_points": 120, "visibility_pct": 73.333333333333329 }, "geometry": { "type": "Point", "coordinates": [ -2.210930058476624, 53.817232488147539 ] } },
{ "type": "Feature", "properties": { "visible_points": 79, "total_points": 120, "visibility_pct": 65.833333333333329 }, "geometry": { "type": "Point", "coordinates": [ -2.210719599437982, 53.817232858372975 ] } },
{ "type": "Feature", "properties": { "visible_points": 71, "total_points": 120, "visibility_pct": 59.166666666666664 }, "geometry": { "type": "Point", "coordinates": [ -2.210509140394682, 53.817233228229178 ] } },
{ "type": "Feature", "properties": { "visible_points": 79, "total_points": 120, "visibility_pct": 65.833333333333329 }, "geometry": { "type": "Point", "coordinates": [ -2.210298681346741, 53.817233597716147 ] } },
{ "type": "Feature", "properties": { "visible_points": 86, "total_points": 118, "visibility_pct": 72.881355932203391 }, "geometry": { "type": "Point", "coordinates": [ -2.210088222294164, 53.817233966833868 ] } },
{ "type": "Feature", "properties": { "visible_points": 78, "total_points": 116, "visibility_pct": 67.241379310344826 }, "geometry": { "type": "Point", "coordinates": [ -2.209877763236948, 53.817234335582356 ] } },
{ "type": "Feature", "properties": { "visible_points": 67, "total_points": 113, "visibility_pct": 59.292035398230091 }, "geometry": { "type": "Point", "coordinates": [ -2.209667304175098, 53.817234703961603 ] } },
{ "type": "Feature", "properties": { "visible_points": 72, "total_points": 109, "visibility_pct": 66.055045871559642 }, "geometry": { "type": "Point", "coordinates": [ -2.209456845108624, 53.817235071971602 ] } },
{ "type": "Feature", "properties": { "visible_points": 67, "total_points": 105, "visibility_pct": 63.809523809523803 }, "geometry": { "type": "Point", "coordinates": [ -2.209246386037527, 53.817235439612368 ] } },
{ "type": "Feature", "properties": { "visible_points": 62, "total_points": 100, "visibility_pct": 62.0 }, "geometry": { "type": "Point", "coordinates": [ -2.209035926961815, 53.817235806883915 ] } },
{ "type": "Feature", "properties": { "visible_points": 57, "total_points": 89, "visibility_pct": 64.044943820224717 }, "geometry": { "type": "Point", "coordinates": [ -2.208825467881487, 53.817236173786185 ] } },
{ "type": "Feature", "properties": { "visible_points": 49, "total_points": 77, "visibility_pct": 63.636363636363633 }, "geometry": { "type": "Point", "coordinates": [ -2.208615008796554, 53.817236540319257 ] } },
{ "type": "Feature", "properties": { "visible_points": 36, "total_points": 66, "visibility_pct": 54.54545454545454 }, "geometry": { "type": "Point", "coordinates": [ -2.208404549707016, 53.817236906483053 ] } },
{ "type": "Feature", "properties": { "visible_points": 29, "total_points": 55, "visibility_pct": 52.72727272727272 }, "geometry": { "type": "Point", "coordinates": [ -2.208194090612882, 53.81723727227763 ] } },
{ "type": "Feature", "properties": { "visible_points": 17, "total_points": 83, "visibility_pct": 20.481927710843372 }, "geometry": { "type": "Point", "coordinates": [ -2.218822833619957, 53.817326193784005 ] } },
{ "type": "Feature", "properties": { "visible_points": 19, "total_points": 95, "visibility_pct": 20.0 }, "geometry": { "type": "Point", "coordinates": [ -2.218612374319314, 53.817326577464399 ] } },
{ "type": "Feature", "properties": { "visible_points": 18, "total_points": 106, "visibility_pct": 16.981132075471699 }, "geometry": { "type": "Point", "coordinates": [ -2.2184019150138, 53.817326960775524 ] } },
{ "type": "Feature", "properties": { "visible_points": 16, "total_points": 115, "visibility_pct": 13.913043478260869 }, "geometry": { "type": "Point", "coordinates": [ -2.218191455695845, 53.817327343733218 ] } },
{ "type": "Feature", "properties": { "visible_points": 23, "total_points": 120, "visibility_pct": 19.166666666666668 }, "geometry": { "type": "Point", "coordinates": [ -2.217980996323533, 53.817327726560414 ] } },
{ "type": "Feature", "properties": { "visible_points": 26, "total_points": 120, "visibility_pct": 21.666666666666668 }, "geometry": { "type": "Point", "coordinates": [ -2.217770536908792, 53.817328109162297 ] } },
{ "type": "Feature", "properties": { "visible_points": 20, "total_points": 120, "visibility_pct": 16.666666666666664 }, "geometry": { "type": "Point", "coordinates": [ -2.217560077489251, 53.81732849139496 ] } },
{ "type": "Feature", "properties": { "visible_points": 22, "total_points": 120, "visibility_pct": 18.333333333333332 }, "geometry": { "type": "Point", "coordinates": [ -2.217349618064907, 53.817328873258376 ] } },
{ "type": "Feature", "properties": { "visible_points": 26, "total_points": 120, "visibility_pct": 21.666666666666668 }, "geometry": { "type": "Point", "coordinates": [ -2.217139158635764, 53.817329254752551 ] } },
{ "type": "Feature", "properties": { "visible_points": 21, "total_points": 120, "visibility_pct": 17.5 }, "geometry": { "type": "Point", "coordinates": [ -2.216928699201839, 53.817329635877506 ] } },
{ "type": "Feature", "properties": { "visible_points": 27, "total_points": 120, "visibility_pct": 22.5 }, "geometry": { "type": "Point", "coordinates": [ -2.216718239763118, 53.8173300166332 ] } },
{ "type": "Feature", "properties": { "visible_points": 27, "total_points": 120, "visibility_pct": 22.5 }, "geometry": { "type": "Point", "coordinates": [ -2.216507780319624, 53.817330397019667 ] } },
{ "type": "Feature", "properties": { "visible_points": 47, "total_points": 120, "visibility_pct": 39.166666666666664 }, "geometry": { "type": "Point", "coordinates": [ -2.216297320871346, 53.817330777036915 ] } },
{ "type": "Feature", "properties": { "visible_points": 48, "total_points": 120, "visibility_pct": 40.0 }, "geometry": { "type": "Point", "coordinates": [ -2.216086861418299, 53.817331156684901 ] } },
{ "type": "Feature", "properties": { "visible_points": 64, "total_points": 120, "visibility_pct": 53.333333333333336 }, "geometry": { "type": "Point", "coordinates": [ -2.215876401960483, 53.817331535963639 ] } },
{ "type": "Feature", "properties": { "visible_points": 75, "total_points": 120, "visibility_pct": 62.5 }, "geometry": { "type": "Point", "coordinates": [ -2.215665942497906, 53.817331914873179 ] } },
{ "type": "Feature", "properties": { "visible_points": 85, "total_points": 120, "visibility_pct": 70.833333333333343 }, "geometry": { "type": "Point", "coordinates": [ -2.215455483030566, 53.81733229341345 ] } },
{ "type": "Feature", "properties": { "visible_points": 87, "total_points": 120, "visibility_pct": 72.5 }, "geometry": { "type": "Point", "coordinates": [ -2.215245023558476, 53.817332671584474 ] } },
{ "type": "Feature", "properties": { "visible_points": 85, "total_points": 120, "visibility_pct": 70.833333333333343 }, "geometry": { "type": "Point", "coordinates": [ -2.215034564081635, 53.817333049386278 ] } },
{ "type": "Feature", "properties": { "visible_points": 75, "total_points": 120, "visibility_pct": 62.5 }, "geometry": { "type": "Point", "coordinates": [ -2.214824104600047, 53.817333426818834 ] } },
{ "type": "Feature", "properties": { "visible_points": 79, "total_points": 120, "visibility_pct": 65.833333333333329 }, "geometry": { "type": "Point", "coordinates": [ -2.214613645113726, 53.817333803882164 ] } },
{ "type": "Feature", "properties": { "visible_points": 79, "total_points": 120, "visibility_pct": 65.833333333333329 }, "geometry": { "type": "Point", "coordinates": [ -2.214403185622662, 53.817334180576246 ] } },
{ "type": "Feature", "properties": { "visible_points": 72, "total_points": 120, "visibility_pct": 60.0 }, "geometry": { "type": "Point", "coordinates": [ -2.214192726126871, 53.817334556901081 ] } },
{ "type": "Feature", "properties": { "visible_points": 68, "total_points": 120, "visibility_pct": 56.666666666666664 }, "geometry": { "type": "Point", "coordinates": [ -2.213982266626354, 53.817334932856703 ] } },
{ "type": "Feature", "properties": { "visible_points": 51, "total_points": 120, "visibility_pct": 42.5 }, "geometry": { "type": "Point", "coordinates": [ -2.213771807121111, 53.817335308443042 ] } },
{ "type": "Feature", "properties": { "visible_points": 55, "total_points": 120, "visibility_pct": 45.833333333333329 }, "geometry": { "type": "Point", "coordinates": [ -2.213561347611161, 53.817335683660176 ] } },
{ "type": "Feature", "properties": { "visible_points": 59, "total_points": 120, "visibility_pct": 49.166666666666664 }, "geometry": { "type": "Point", "coordinates": [ -2.213350888096488, 53.817336058508062 ] } },
{ "type": "Feature", "properties": { "visible_points": 56, "total_points": 120, "visibility_pct": 46.666666666666664 }, "geometry": { "type": "Point", "coordinates": [ -2.213140428577116, 53.817336432986707 ] } },
{ "type": "Feature", "properties": { "visible_points": 58, "total_points": 120, "visibility_pct": 48.333333333333336 }, "geometry": { "type": "Point", "coordinates": [ -2.212929969053033, 53.817336807096112 ] } },
{ "type": "Feature", "properties": { "visible_points": 66, "total_points": 120, "visibility_pct": 55.000000000000007 }, "geometry": { "type": "Point", "coordinates": [ -2.212719509524257, 53.817337180836297 ] } },
{ "type": "Feature", "properties": { "visible_points": 68, "total_points": 120, "visibility_pct": 56.666666666666664 }, "geometry": { "type": "Point", "coordinates": [ -2.212509049990783, 53.817337554207207 ] } },
{ "type": "Feature", "properties": { "visible_points": 67, "total_points": 120, "visibility_pct": 55.833333333333336 }, "geometry": { "type": "Point", "coordinates": [ -2.212298590452627, 53.817337927208889 ] } },
{ "type": "Feature", "properties": { "visible_points": 62, "total_points": 120, "visibility_pct": 51.666666666666671 }, "geometry": { "type": "Point", "coordinates": [ -2.21208813090978, 53.817338299841339 ] } },
{ "type": "Feature", "properties": { "visible_points": 56, "total_points": 120, "visibility_pct": 46.666666666666664 }, "geometry": { "type": "Point", "coordinates": [ -2.211877671362257, 53.817338672104569 ] } },
{ "type": "Feature", "properties": { "visible_points": 52, "total_points": 120, "visibility_pct": 43.333333333333336 }, "geometry": { "type": "Point", "coordinates": [ -2.211667211810057, 53.817339043998523 ] } },
{ "type": "Feature", "properties": { "visible_points": 60, "total_points": 120, "visibility_pct": 50.0 }, "geometry": { "type": "Point", "coordinates": [ -2.211456752253184, 53.81733941552325 ] } },
{ "type": "Feature", "properties": { "visible_points": 78, "total_points": 120, "visibility_pct": 65.0 }, "geometry": { "type": "Point", "coordinates": [ -2.211246292691651, 53.817339786678744 ] } },
{ "type": "Feature", "properties": { "visible_points": 86, "total_points": 120, "visibility_pct": 71.666666666666671 }, "geometry": { "type": "Point", "coordinates": [ -2.211035833125452, 53.817340157464976 ] } },
{ "type": "Feature", "properties": { "visible_points": 84, "total_points": 120, "visibility_pct": 70.0 }, "geometry": { "type": "Point", "coordinates": [ -2.210825373554597, 53.817340527882003 ] } },
{ "type": "Feature", "properties": { "visible_points": 69, "total_points": 120, "visibility_pct": 57.5 }, "geometry": { "type": "Point", "coordinates": [ -2.210614913979092, 53.817340897929753 ] } },
{ "type": "Feature", "properties": { "visible_points": 85, "total_points": 118, "visibility_pct": 72.033898305084747 }, "geometry": { "type": "Point", "coordinates": [ -2.210404454398939, 53.817341267608285 ] } },
{ "type": "Feature", "properties": { "visible_points": 86, "total_points": 115, "visibility_pct": 74.782608695652172 }, "geometry": { "type": "Point", "coordinates": [ -2.210193994814142, 53.817341636917568 ] } },
{ "type": "Feature", "properties": { "visible_points": 81, "total_points": 112, "visibility_pct": 72.321428571428569 }, "geometry": { "type": "Point", "coordinates": [ -2.209983535224707, 53.817342005857611 ] } },
{ "type": "Feature", "properties": { "visible_points": 74, "total_points": 108, "visibility_pct": 68.518518518518519 }, "geometry": { "type": "Point", "coordinates": [ -2.209773075630641, 53.817342374428428 ] } },
{ "type": "Feature", "properties": { "visible_points": 66, "total_points": 103, "visibility_pct": 64.077669902912632 }, "geometry": { "type": "Point", "coordinates": [ -2.20956261603194, 53.817342742629975 ] } },
{ "type": "Feature", "properties": { "visible_points": 62, "total_points": 99, "visibility_pct": 62.62626262626263 }, "geometry": { "type": "Point", "coordinates": [ -2.209352156428621, 53.817343110462303 ] } },
{ "type": "Feature", "properties": { "visible_points": 60, "total_points": 94, "visibility_pct": 63.829787234042556 }, "geometry": { "type": "Point", "coordinates": [ -2.209141696820681, 53.817343477925391 ] } },
{ "type": "Feature", "properties": { "visible_points": 56, "total_points": 87, "visibility_pct": 64.367816091954026 }, "geometry": { "type": "Point", "coordinates": [ -2.208931237208125, 53.817343845019231 ] } },
{ "type": "Feature", "properties": { "visible_points": 52, "total_points": 77, "visibility_pct": 67.532467532467535 }, "geometry": { "type": "Point", "coordinates": [ -2.208720777590961, 53.817344211743837 ] } },
{ "type": "Feature", "properties": { "visible_points": 40, "total_points": 66, "visibility_pct": 60.606060606060609 }, "geometry": { "type": "Point", "coordinates": [ -2.208510317969183, 53.817344578099188 ] } },
{ "type": "Feature", "properties": { "visible_points": 19, "total_points": 86, "visibility_pct": 22.093023255813954 }, "geometry": { "type": "Point", "coordinates": [ -2.218718168636464, 53.817434239992302 ] } },
{ "type": "Feature", "properties": { "visible_points": 17, "total_points": 98, "visibility_pct": 17.346938775510203 }, "geometry": { "type": "Point", "coordinates": [ -2.218507708791372, 53.817434623491977 ] } },
{ "type": "Feature", "properties": { "visible_points": 19, "total_points": 109, "visibility_pct": 17.431192660550458 }, "geometry": { "type": "Point", "coordinates": [ -2.218297248941402, 53.817435006622389 ] } },
{ "type": "Feature", "properties": { "visible_points": 20, "total_points": 117, "visibility_pct": 17.094017094017094 }, "geometry": { "type": "Point", "coordinates": [ -2.218086789058376, 53.817435389483116 ] } },
{ "type": "Feature", "properties": { "visible_points": 26, "total_points": 120, "visibility_pct": 21.666666666666668 }, "geometry": { "type": "Point", "coordinates": [ -2.217876329123966, 53.81743577224767 ] } },
{ "type": "Feature", "properties": { "visible_points": 25, "total_points": 120, "visibility_pct": 20.833333333333336 }, "geometry": { "type": "Point", "coordinates": [ -2.217665869172293, 53.817436154671938 ] } },
{ "type": "Feature", "properties": { "visible_points": 22, "total_points": 120, "visibility_pct": 18.333333333333332 }, "geometry": { "type": "Point", "coordinates": [ -2.217455409215809, 53.817436536726966 ] } },
{ "type": "Feature", "properties": { "visible_points": 27, "total_points": 120, "visibility_pct": 22.5 }, "geometry": { "type": "Point", "coordinates": [ -2.217244949254528, 53.817436918412746 ] } },
{ "type": "Feature", "properties": { "visible_points": 19, "total_points": 120, "visibility_pct": 15.833333333333332 }, "geometry": { "type": "Point", "coordinates": [ -2.217034489288458, 53.817437299729306 ] } },
{ "type": "Feature", "properties": { "visible_points": 17, "total_points": 120, "visibility_pct": 14.166666666666666 }, "geometry": { "type": "Point", "coordinates": [ -2.216824029317596, 53.817437680676619 ] } },
{ "type": "Feature", "properties": { "visible_points": 24, "total_points": 120, "visibility_pct": 20.0 }, "geometry": { "type": "Point", "coordinates": [ -2.21661356934195, 53.817438061254677 ] } },
{ "type": "Feature", "properties": { "visible_points": 35, "total_points": 120, "visibility_pct": 29.166666666666668 }, "geometry": { "type": "Point", "coordinates": [ -2.216403109361526, 53.817438441463523 ] } },
{ "type": "Feature", "properties": { "visible_points": 51, "total_points": 120, "visibility_pct": 42.5 }, "geometry": { "type": "Point", "coordinates": [ -2.216192649376326, 53.817438821303114 ] } },
{ "type": "Feature", "properties": { "visible_points": 51, "total_points": 120, "visibility_pct": 42.5 }, "geometry": { "type": "Point", "coordinates": [ -2.215982189386354, 53.817439200773464 ] } },
{ "type": "Feature", "properties": { "visible_points": 56, "total_points": 120, "visibility_pct": 46.666666666666664 }, "geometry": { "type": "Point", "coordinates": [ -2.215771729391622, 53.817439579874588 ] } },
{ "type": "Feature", "properties": { "visible_points": 60, "total_points": 120, "visibility_pct": 50.0 }, "geometry": { "type": "Point", "coordinates": [ -2.215561269392124, 53.81743995860645 ] } },
{ "type": "Feature", "properties": { "visible_points": 69, "total_points": 120, "visibility_pct": 57.5 }, "geometry": { "type": "Point", "coordinates": [ -2.215350809387871, 53.817440336969099 ] } },
{ "type": "Feature", "properties": { "visible_points": 68, "total_points": 120, "visibility_pct": 56.666666666666664 }, "geometry": { "type": "Point", "coordinates": [ -2.215140349378865, 53.81744071496248 ] } },
{ "type": "Feature", "properties": { "visible_points": 77, "total_points": 120, "visibility_pct": 64.166666666666671 }, "geometry": { "type": "Point", "coordinates": [ -2.214929889365117, 53.817441092586634 ] } },
{ "type": "Feature", "properties": { "visible_points": 76, "total_points": 120, "visibility_pct": 63.333333333333329 }, "geometry": { "type": "Point", "coordinates": [ -2.214719429346623, 53.81744146984154 ] } },
{ "type": "Feature", "properties": { "visible_points": 79, "total_points": 120, "visibility_pct": 65.833333333333329 }, "geometry": { "type": "Point", "coordinates": [ -2.214508969323389, 53.817441846727213 ] } },
{ "type": "Feature", "properties": { "visible_points": 73, "total_points": 120, "visibility_pct": 60.833333333333329 }, "geometry": { "type": "Point", "coordinates": [ -2.214298509295425, 53.817442223243646 ] } },
{ "type": "Feature", "properties": { "visible_points": 64, "total_points": 120, "visibility_pct": 53.333333333333336 }, "geometry": { "type": "Point", "coordinates": [ -2.214088049262731, 53.817442599390837 ] } },
{ "type": "Feature", "properties": { "visible_points": 70, "total_points": 120, "visibility_pct": 58.333333333333336 }, "geometry": { "type": "Point", "coordinates": [ -2.213877589225314, 53.817442975168774 ] } },
{ "type": "Feature", "properties": { "visible_points": 56, "total_points": 120, "visibility_pct": 46.666666666666664 }, "geometry": { "type": "Point", "coordinates": [ -2.21366712918318, 53.817443350577506 ] } },
{ "type": "Feature", "properties": { "visible_points": 57, "total_points": 120, "visibility_pct": 47.5 }, "geometry": { "type": "Point", "coordinates": [ -2.213456669136327, 53.817443725616968 ] } },
{ "type": "Feature", "properties": { "visible_points": 59, "total_points": 120, "visibility_pct": 49.166666666666664 }, "geometry": { "type": "Point", "coordinates": [ -2.213246209084768, 53.817444100287197 ] } },
{ "type": "Feature", "properties": { "visible_points": 57, "total_points": 120, "visibility_pct": 47.5 }, "geometry": { "type": "Point", "coordinates": [ -2.213035749028499, 53.817444474588179 ] } },
{ "type": "Feature", "properties": { "visible_points": 60, "total_points": 120, "visibility_pct": 50.0 }, "geometry": { "type": "Point", "coordinates": [ -2.212825288967533, 53.817444848519912 ] } },
{ "type": "Feature", "properties": { "visible_points": 63, "total_points": 120, "visibility_pct": 52.5 }, "geometry": { "type": "Point", "coordinates": [ -2.21261482890187, 53.817445222082434 ] } },
{ "type": "Feature", "properties": { "visible_points": 64, "total_points": 120, "visibility_pct": 53.333333333333336 }, "geometry": { "type": "Point", "coordinates": [ -2.212404368831515, 53.817445595275693 ] } },
{ "type": "Feature", "properties": { "visible_points": 70, "total_points": 120, "visibility_pct": 58.333333333333336 }, "geometry": { "type": "Point", "coordinates": [ -2.212193908756476, 53.817445968099719 ] } },
{ "type": "Feature", "properties": { "visible_points": 57, "total_points": 120, "visibility_pct": 47.5 }, "geometry": { "type": "Point", "coordinates": [ -2.211983448676753, 53.817446340554497 ] } },
{ "type": "Feature", "properties": { "visible_points": 62, "total_points": 120, "visibility_pct": 51.666666666666671 }, "geometry": { "type": "Point", "coordinates": [ -2.211772988592348, 53.817446712640049 ] } },
{ "type": "Feature", "properties": { "visible_points": 44, "total_points": 120, "visibility_pct": 36.666666666666664 }, "geometry": { "type": "Point", "coordinates": [ -2.211562528503277, 53.817447084356338 ] } },
{ "type": "Feature", "properties": { "visible_points": 63, "total_points": 120, "visibility_pct": 52.5 }, "geometry": { "type": "Point", "coordinates": [ -2.211352068409533, 53.817447455703388 ] } },
{ "type": "Feature", "properties": { "visible_points": 71, "total_points": 120, "visibility_pct": 59.166666666666664 }, "geometry": { "type": "Point", "coordinates": [ -2.211141608311126, 53.817447826681196 ] } },
{ "type": "Feature", "properties": { "visible_points": 68, "total_points": 119, "visibility_pct": 57.142857142857139 }, "geometry": { "type": "Point", "coordinates": [ -2.210931148208064, 53.817448197289785 ] } },
{ "type": "Feature", "properties": { "visible_points": 79, "total_points": 117, "visibility_pct": 67.521367521367523 }, "geometry": { "type": "Point", "coordinates": [ -2.210720688100344, 53.817448567529112 ] } },
{ "type": "Feature", "properties": { "visible_points": 79, "total_points": 114, "visibility_pct": 69.298245614035096 }, "geometry": { "type": "Point", "coordinates": [ -2.210510227987972, 53.817448937399213 ] } },
{ "type": "Feature", "properties": { "visible_points": 84, "total_points": 110, "visibility_pct": 76.363636363636374 }, "geometry": { "type": "Point", "coordinates": [ -2.21029976787096, 53.817449306900052 ] } },
{ "type": "Feature", "properties": { "visible_points": 79, "total_points": 106, "visibility_pct": 74.528301886792448 }, "geometry": { "type": "Point", "coordinates": [ -2.210089307749304, 53.817449676031671 ] } },
{ "type": "Feature", "properties": { "visible_points": 68, "total_points": 102, "visibility_pct": 66.666666666666657 }, "geometry": { "type": "Point", "coordinates": [ -2.209878847623016, 53.817450044794015 ] } },
{ "type": "Feature", "properties": { "visible_points": 58, "total_points": 97, "visibility_pct": 59.793814432989691 }, "geometry": { "type": "Point", "coordinates": [ -2.209668387492093, 53.817450413187132 ] } },
{ "type": "Feature", "properties": { "visible_points": 55, "total_points": 92, "visibility_pct": 59.782608695652172 }, "geometry": { "type": "Point", "coordinates": [ -2.209457927356545, 53.817450781211022 ] } },
{ "type": "Feature", "properties": { "visible_points": 54, "total_points": 87, "visibility_pct": 62.068965517241381 }, "geometry": { "type": "Point", "coordinates": [ -2.209247467216374, 53.817451148865672 ] } },
{ "type": "Feature", "properties": { "visible_points": 53, "total_points": 81, "visibility_pct": 65.432098765432102 }, "geometry": { "type": "Point", "coordinates": [ -2.209037007071586, 53.817451516151046 ] } },
{ "type": "Feature", "properties": { "visible_points": 14, "total_points": 77, "visibility_pct": 18.181818181818183 }, "geometry": { "type": "Point", "coordinates": [ -2.218823963498054, 53.817541902422036 ] } },
{ "type": "Feature", "properties": { "visible_points": 12, "total_points": 89, "visibility_pct": 13.48314606741573 }, "geometry": { "type": "Point", "coordinates": [ -2.218613503113382, 53.817542286110246 ] } },
{ "type": "Feature", "properties": { "visible_points": 20, "total_points": 101, "visibility_pct": 19.801980198019802 }, "geometry": { "type": "Point", "coordinates": [ -2.218403042723827, 53.817542669429201 ] } },
{ "type": "Feature", "properties": { "visible_points": 17, "total_points": 111, "visibility_pct": 15.315315315315313 }, "geometry": { "type": "Point", "coordinates": [ -2.218192582323219, 53.817543052394477 ] } },
{ "type": "Feature", "properties": { "visible_points": 23, "total_points": 119, "visibility_pct": 19.327731092436977 }, "geometry": { "type": "Point", "coordinates": [ -2.217982121876068, 53.817543435231755 ] } },
{ "type": "Feature", "properties": { "visible_points": 25, "total_points": 120, "visibility_pct": 20.833333333333336 }, "geometry": { "type": "Point", "coordinates": [ -2.21777166139225, 53.817543817847636 ] } },
{ "type": "Feature", "properties": { "visible_points": 27, "total_points": 120, "visibility_pct": 22.5 }, "geometry": { "type": "Point", "coordinates": [ -2.217561200903632, 53.817544200094275 ] } },
{ "type": "Feature", "properties": { "visible_points": 31, "total_points": 120, "visibility_pct": 25.833333333333336 }, "geometry": { "type": "Point", "coordinates": [ -2.217350740410206, 53.81754458197166 ] } },
{ "type": "Feature", "properties": { "visible_points": 24, "total_points": 120, "visibility_pct": 20.0 }, "geometry": { "type": "Point", "coordinates": [ -2.217140279911991, 53.817544963479833 ] } },
{ "type": "Feature", "properties": { "visible_points": 27, "total_points": 120, "visibility_pct": 22.5 }, "geometry": { "type": "Point", "coordinates": [ -2.216929819408986, 53.81754534461875 ] } },
{ "type": "Feature", "properties": { "visible_points": 23, "total_points": 120, "visibility_pct": 19.166666666666668 }, "geometry": { "type": "Point", "coordinates": [ -2.216719358901188, 53.817545725388442 ] } },
{ "type": "Feature", "properties": { "visible_points": 24, "total_points": 120, "visibility_pct": 20.0 }, "geometry": { "type": "Point", "coordinates": [ -2.216508898388612, 53.817546105788871 ] } },
{ "type": "Feature", "properties": { "visible_points": 32, "total_points": 120, "visibility_pct": 26.666666666666668 }, "geometry": { "type": "Point", "coordinates": [ -2.216298437871257, 53.81754648582006 ] } },
{ "type": "Feature", "properties": { "visible_points": 53, "total_points": 120, "visibility_pct": 44.166666666666664 }, "geometry": { "type": "Point", "coordinates": [ -2.216087977349133, 53.817546865482022 ] } },
{ "type": "Feature", "properties": { "visible_points": 57, "total_points": 120, "visibility_pct": 47.5 }, "geometry": { "type": "Point", "coordinates": [ -2.215877516822236, 53.817547244774737 ] } },
{ "type": "Feature", "properties": { "visible_points": 54, "total_points": 120, "visibility_pct": 45.0 }, "geometry": { "type": "Point", "coordinates": [ -2.215667056290578, 53.817547623698196 ] } },
{ "type": "Feature", "properties": { "visible_points": 59, "total_points": 120, "visibility_pct": 49.166666666666664 }, "geometry": { "type": "Point", "coordinates": [ -2.215456595754166, 53.817548002252423 ] } },
{ "type": "Feature", "properties": { "visible_points": 60, "total_points": 120, "visibility_pct": 50.0 }, "geometry": { "type": "Point", "coordinates": [ -2.215246135212992, 53.817548380437422 ] } },
{ "type": "Feature", "properties": { "visible_points": 71, "total_points": 120, "visibility_pct": 59.166666666666664 }, "geometry": { "type": "Point", "coordinates": [ -2.215035674667076, 53.817548758253167 ] } },
{ "type": "Feature", "properties": { "visible_points": 76, "total_points": 120, "visibility_pct": 63.333333333333329 }, "geometry": { "type": "Point", "coordinates": [ -2.214825214116405, 53.817549135699679 ] } },
{ "type": "Feature", "properties": { "visible_points": 70, "total_points": 120, "visibility_pct": 58.333333333333336 }, "geometry": { "type": "Point", "coordinates": [ -2.214614753561006, 53.817549512776935 ] } },
{ "type": "Feature", "properties": { "visible_points": 65, "total_points": 120, "visibility_pct": 54.166666666666664 }, "geometry": { "type": "Point", "coordinates": [ -2.214404293000866, 53.817549889484958 ] } },
{ "type": "Feature", "properties": { "visible_points": 59, "total_points": 120, "visibility_pct": 49.166666666666664 }, "geometry": { "type": "Point", "coordinates": [ -2.214193832435992, 53.817550265823741 ] } },
{ "type": "Feature", "properties": { "visible_points": 56, "total_points": 120, "visibility_pct": 46.666666666666664 }, "geometry": { "type": "Point", "coordinates": [ -2.213983371866397, 53.817550641793268 ] } },
{ "type": "Feature", "properties": { "visible_points": 72, "total_points": 120, "visibility_pct": 60.0 }, "geometry": { "type": "Point", "coordinates": [ -2.213772911292077, 53.817551017393562 ] } },
{ "type": "Feature", "properties": { "visible_points": 56, "total_points": 120, "visibility_pct": 46.666666666666664 }, "geometry": { "type": "Point", "coordinates": [ -2.213562450713042, 53.817551392624623 ] } },
{ "type": "Feature", "properties": { "visible_points": 59, "total_points": 120, "visibility_pct": 49.166666666666664 }, "geometry": { "type": "Point", "coordinates": [ -2.213351990129294, 53.817551767486442 ] } },
{ "type": "Feature", "properties": { "visible_points": 56, "total_points": 120, "visibility_pct": 46.666666666666664 }, "geometry": { "type": "Point", "coordinates": [ -2.213141529540838, 53.817552141979007 ] } },
{ "type": "Feature", "properties": { "visible_points": 58, "total_points": 120, "visibility_pct": 48.333333333333336 }, "geometry": { "type": "Point", "coordinates": [ -2.212931068947681, 53.817552516102332 ] } },
{ "type": "Feature", "properties": { "visible_points": 64, "total_points": 120, "visibility_pct": 53.333333333333336 }, "geometry": { "type": "Point", "coordinates": [ -2.21272060834982, 53.817552889856401 ] } },
{ "type": "Feature", "properties": { "visible_points": 76, "total_points": 120, "visibility_pct": 63.333333333333329 }, "geometry": { "type": "Point", "coordinates": [ -2.212510147747269, 53.817553263241251 ] } },
{ "type": "Feature", "properties": { "visible_points": 71, "total_points": 120, "visibility_pct": 59.166666666666664 }, "geometry": { "type": "Point", "coordinates": [ -2.212299687140032, 53.817553636256847 ] } },
{ "type": "Feature", "properties": { "visible_points": 63, "total_points": 120, "visibility_pct": 52.5 }, "geometry": { "type": "Point", "coordinates": [ -2.212089226528104, 53.817554008903208 ] } },
{ "type": "Feature", "properties": { "visible_points": 62, "total_points": 120, "visibility_pct": 51.666666666666671 }, "geometry": { "type": "Point", "coordinates": [ -2.211878765911503, 53.817554381180315 ] } },
{ "type": "Feature", "properties": { "visible_points": 68, "total_points": 120, "visibility_pct": 56.666666666666664 }, "geometry": { "type": "Point", "coordinates": [ -2.211668305290221, 53.817554753088181 ] } },
{ "type": "Feature", "properties": { "visible_points": 46, "total_points": 120, "visibility_pct": 38.333333333333336 }, "geometry": { "type": "Point", "coordinates": [ -2.21145784466427, 53.817555124626814 ] } },
{ "type": "Feature", "properties": { "visible_points": 50, "total_points": 118, "visibility_pct": 42.372881355932201 }, "geometry": { "type": "Point", "coordinates": [ -2.211247384033653, 53.817555495796192 ] } },
{ "type": "Feature", "properties": { "visible_points": 66, "total_points": 116, "visibility_pct": 56.896551724137936 }, "geometry": { "type": "Point", "coordinates": [ -2.211036923398376, 53.817555866596337 ] } },
{ "type": "Feature", "properties": { "visible_points": 69, "total_points": 113, "visibility_pct": 61.06194690265486 }, "geometry": { "type": "Point", "coordinates": [ -2.210826462758442, 53.81755623702724 ] } },
{ "type": "Feature", "properties": { "visible_points": 63, "total_points": 109, "visibility_pct": 57.798165137614674 }, "geometry": { "type": "Point", "coordinates": [ -2.210616002113853, 53.817556607088896 ] } },
{ "type": "Feature", "properties": { "visible_points": 76, "total_points": 104, "visibility_pct": 73.076923076923066 }, "geometry": { "type": "Point", "coordinates": [ -2.210405541464621, 53.817556976781304 ] } },
{ "type": "Feature", "properties": { "visible_points": 72, "total_points": 100, "visibility_pct": 72.0 }, "geometry": { "type": "Point", "coordinates": [ -2.21019508081074, 53.817557346104472 ] } },
{ "type": "Feature", "properties": { "visible_points": 59, "total_points": 95, "visibility_pct": 62.10526315789474 }, "geometry": { "type": "Point", "coordinates": [ -2.209984620152228, 53.817557715058392 ] } },
{ "type": "Feature", "properties": { "visible_points": 50, "total_points": 90, "visibility_pct": 55.555555555555557 }, "geometry": { "type": "Point", "coordinates": [ -2.209774159489077, 53.817558083643071 ] } },
{ "type": "Feature", "properties": { "visible_points": 48, "total_points": 85, "visibility_pct": 56.470588235294116 }, "geometry": { "type": "Point", "coordinates": [ -2.2095636988213, 53.81755845185851 ] } },
{ "type": "Feature", "properties": { "visible_points": 48, "total_points": 80, "visibility_pct": 60.0 }, "geometry": { "type": "Point", "coordinates": [ -2.209353238148899, 53.817558819704708 ] } },
{ "type": "Feature", "properties": { "visible_points": 17, "total_points": 80, "visibility_pct": 21.25 }, "geometry": { "type": "Point", "coordinates": [ -2.218719297979828, 53.81764994863034 ] } },
{ "type": "Feature", "properties": { "visible_points": 14, "total_points": 92, "visibility_pct": 15.217391304347828 }, "geometry": { "type": "Point", "coordinates": [ -2.218508837050696, 53.817650332137816 ] } },
{ "type": "Feature", "properties": { "visible_points": 19, "total_points": 103, "visibility_pct": 18.446601941747574 }, "geometry": { "type": "Point", "coordinates": [ -2.21829837611668, 53.817650715276052 ] } },
{ "type": "Feature", "properties": { "visible_points": 15, "total_points": 113, "visibility_pct": 13.274336283185843 }, "geometry": { "type": "Point", "coordinates": [ -2.218087915154611, 53.817651098144431 ] } },
{ "type": "Feature", "properties": { "visible_points": 23, "total_points": 120, "visibility_pct": 19.166666666666668 }, "geometry": { "type": "Point", "coordinates": [ -2.217877454149141, 53.817651480922052 ] } },
{ "type": "Feature", "properties": { "visible_points": 29, "total_points": 120, "visibility_pct": 24.166666666666668 }, "geometry": { "type": "Point", "coordinates": [ -2.217666993128377, 53.817651863360311 ] } },
{ "type": "Feature", "properties": { "visible_points": 33, "total_points": 120, "visibility_pct": 27.5 }, "geometry": { "type": "Point", "coordinates": [ -2.217456532102811, 53.817652245429322 ] } },
{ "type": "Feature", "properties": { "visible_points": 28, "total_points": 120, "visibility_pct": 23.333333333333332 }, "geometry": { "type": "Point", "coordinates": [ -2.21724607107245, 53.817652627129085 ] } },
{ "type": "Feature", "properties": { "visible_points": 24, "total_points": 120, "visibility_pct": 20.0 }, "geometry": { "type": "Point", "coordinates": [ -2.217035610037289, 53.817653008459601 ] } },
{ "type": "Feature", "properties": { "visible_points": 25, "total_points": 120, "visibility_pct": 20.833333333333336 }, "geometry": { "type": "Point", "coordinates": [ -2.216825148997343, 53.81765338942089 ] } },
{ "type": "Feature", "properties": { "visible_points": 25, "total_points": 120, "visibility_pct": 20.833333333333336 }, "geometry": { "type": "Point", "coordinates": [ -2.216614687952612, 53.817653770012932 ] } },
{ "type": "Feature", "properties": { "visible_points": 29, "total_points": 120, "visibility_pct": 24.166666666666668 }, "geometry": { "type": "Point", "coordinates": [ -2.2164042269031, 53.81765415023574 ] } },
{ "type": "Feature", "properties": { "visible_points": 38, "total_points": 120, "visibility_pct": 31.666666666666664 }, "geometry": { "type": "Point", "coordinates": [ -2.216193765848819, 53.817654530089293 ] } },
{ "type": "Feature", "properties": { "visible_points": 57, "total_points": 120, "visibility_pct": 47.5 }, "geometry": { "type": "Point", "coordinates": [ -2.215983304789763, 53.817654909573633 ] } },
{ "type": "Feature", "properties": { "visible_points": 53, "total_points": 120, "visibility_pct": 44.166666666666664 }, "geometry": { "type": "Point", "coordinates": [ -2.215772843725939, 53.817655288688684 ] } },
{ "type": "Feature", "properties": { "visible_points": 53, "total_points": 120, "visibility_pct": 44.166666666666664 }, "geometry": { "type": "Point", "coordinates": [ -2.215562382657358, 53.817655667434522 ] } },
{ "type": "Feature", "properties": { "visible_points": 60, "total_points": 120, "visibility_pct": 50.0 }, "geometry": { "type": "Point", "coordinates": [ -2.215351921584019, 53.817656045811098 ] } },
{ "type": "Feature", "properties": { "visible_points": 66, "total_points": 120, "visibility_pct": 55.000000000000007 }, "geometry": { "type": "Point", "coordinates": [ -2.21514146050593, 53.817656423818434 ] } },
{ "type": "Feature", "properties": { "visible_points": 71, "total_points": 120, "visibility_pct": 59.166666666666664 }, "geometry": { "type": "Point", "coordinates": [ -2.214930999423094, 53.81765680145655 ] } },
{ "type": "Feature", "properties": { "visible_points": 72, "total_points": 120, "visibility_pct": 60.0 }, "geometry": { "type": "Point", "coordinates": [ -2.214720538335511, 53.817657178725391 ] } },
{ "type": "Feature", "properties": { "visible_points": 67, "total_points": 120, "visibility_pct": 55.833333333333336 }, "geometry": { "type": "Point", "coordinates": [ -2.214510077243197, 53.817657555625011 ] } },
{ "type": "Feature", "properties": { "visible_points": 61, "total_points": 120, "visibility_pct": 50.833333333333329 }, "geometry": { "type": "Point", "coordinates": [ -2.214299616146144, 53.81765793215537 ] } },
{ "type": "Feature", "properties": { "visible_points": 60, "total_points": 120, "visibility_pct": 50.0 }, "geometry": { "type": "Point", "coordinates": [ -2.214089155044365, 53.81765830831651 ] } },
{ "type": "Feature", "properties": { "visible_points": 65, "total_points": 120, "visibility_pct": 54.166666666666664 }, "geometry": { "type": "Point", "coordinates": [ -2.213878693937859, 53.81765868410838 ] } },
{ "type": "Feature", "properties": { "visible_points": 69, "total_points": 120, "visibility_pct": 57.5 }, "geometry": { "type": "Point", "coordinates": [ -2.213668232826639, 53.817659059531017 ] } },
{ "type": "Feature", "properties": { "visible_points": 62, "total_points": 120, "visibility_pct": 51.666666666666671 }, "geometry": { "type": "Point", "coordinates": [ -2.213457771710702, 53.817659434584421 ] } },
{ "type": "Feature", "properties": { "visible_points": 63, "total_points": 120, "visibility_pct": 52.5 }, "geometry": { "type": "Point", "coordinates": [ -2.213247310590052, 53.817659809268584 ] } },
{ "type": "Feature", "properties": { "visible_points": 63, "total_points": 120, "visibility_pct": 52.5 }, "geometry": { "type": "Point", "coordinates": [ -2.213036849464702, 53.817660183583484 ] } },
{ "type": "Feature", "properties": { "visible_points": 61, "total_points": 120, "visibility_pct": 50.833333333333329 }, "geometry": { "type": "Point", "coordinates": [ -2.212826388334645, 53.81766055752913 ] } },
{ "type": "Feature", "properties": { "visible_points": 68, "total_points": 120, "visibility_pct": 56.666666666666664 }, "geometry": { "type": "Point", "coordinates": [ -2.212615927199898, 53.817660931105557 ] } },
{ "type": "Feature", "properties": { "visible_points": 71, "total_points": 120, "visibility_pct": 59.166666666666664 }, "geometry": { "type": "Point", "coordinates": [ -2.212405466060455, 53.817661304312736 ] } },
{ "type": "Feature", "properties": { "visible_points": 70, "total_points": 120, "visibility_pct": 58.333333333333336 }, "geometry": { "type": "Point", "coordinates": [ -2.212195004916325, 53.817661677150667 ] } },
{ "type": "Feature", "properties": { "visible_points": 62, "total_points": 120, "visibility_pct": 51.666666666666671 }, "geometry": { "type": "Point", "coordinates": [ -2.211984543767519, 53.817662049619358 ] } },
{ "type": "Feature", "properties": { "visible_points": 61, "total_points": 120, "visibility_pct": 50.833333333333329 }, "geometry": { "type": "Point", "coordinates": [ -2.211774082614026, 53.817662421718801 ] } },
{ "type": "Feature", "properties": { "visible_points": 61, "total_points": 118, "visibility_pct": 51.694915254237287 }, "geometry": { "type": "Point", "coordinates": [ -2.211563621455867, 53.817662793449003 ] } },
{ "type": "Feature", "properties": { "visible_points": 49, "total_points": 115, "visibility_pct": 42.608695652173914 }, "geometry": { "type": "Point", "coordinates": [ -2.211353160293037, 53.817663164809957 ] } },
{ "type": "Feature", "properties": { "visible_points": 56, "total_points": 112, "visibility_pct": 50.0 }, "geometry": { "type": "Point", "coordinates": [ -2.211142699125543, 53.817663535801671 ] } },
{ "type": "Feature", "properties": { "visible_points": 53, "total_points": 108, "visibility_pct": 49.074074074074076 }, "geometry": { "type": "Point", "coordinates": [ -2.210932237953393, 53.817663906424137 ] } },
{ "type": "Feature", "properties": { "visible_points": 54, "total_points": 103, "visibility_pct": 52.427184466019419 }, "geometry": { "type": "Point", "coordinates": [ -2.210721776776582, 53.817664276677341 ] } },
{ "type": "Feature", "properties": { "visible_points": 56, "total_points": 98, "visibility_pct": 57.142857142857139 }, "geometry": { "type": "Point", "coordinates": [ -2.210511315595128, 53.817664646561326 ] } },
{ "type": "Feature", "properties": { "visible_points": 68, "total_points": 93, "visibility_pct": 73.118279569892479 }, "geometry": { "type": "Point", "coordinates": [ -2.210300854409027, 53.817665016076042 ] } },
{ "type": "Feature", "properties": { "visible_points": 58, "total_points": 88, "visibility_pct": 65.909090909090907 }, "geometry": { "type": "Point", "coordinates": [ -2.210090393218282, 53.817665385221538 ] } },
{ "type": "Feature", "properties": { "visible_points": 42, "total_points": 83, "visibility_pct": 50.602409638554214 }, "geometry": { "type": "Point", "coordinates": [ -2.209879932022903, 53.817665753997787 ] } },
{ "type": "Feature", "properties": { "visible_points": 16, "total_points": 82, "visibility_pct": 19.512195121951219 }, "geometry": { "type": "Point", "coordinates": [ -2.218614631922001, 53.817757994748256 ] } },
{ "type": "Feature", "properties": { "visible_points": 23, "total_points": 94, "visibility_pct": 24.468085106382979 }, "geometry": { "type": "Point", "coordinates": [ -2.218404170448399, 53.817758378075013 ] } },
{ "type": "Feature", "properties": { "visible_points": 27, "total_points": 105, "visibility_pct": 25.714285714285712 }, "geometry": { "type": "Point", "coordinates": [ -2.218193708965054, 53.81775876104787 ] } },
{ "type": "Feature", "properties": { "visible_points": 28, "total_points": 114, "visibility_pct": 24.561403508771928 }, "geometry": { "type": "Point", "coordinates": [ -2.217983247442962, 53.817759143895181 ] } },
{ "type": "Feature", "properties": { "visible_points": 26, "total_points": 120, "visibility_pct": 21.666666666666668 }, "geometry": { "type": "Point", "coordinates": [ -2.217772785890054, 53.817759526525066 ] } },
{ "type": "Feature", "properties": { "visible_points": 26, "total_points": 120, "visibility_pct": 21.666666666666668 }, "geometry": { "type": "Point", "coordinates": [ -2.217562324332341, 53.817759908785689 ] } },
{ "type": "Feature", "properties": { "visible_points": 24, "total_points": 120, "visibility_pct": 20.0 }, "geometry": { "type": "Point", "coordinates": [ -2.217351862769826, 53.817760290677072 ] } },
{ "type": "Feature", "properties": { "visible_points": 25, "total_points": 120, "visibility_pct": 20.833333333333336 }, "geometry": { "type": "Point", "coordinates": [ -2.217141401202518, 53.817760672199199 ] } },
{ "type": "Feature", "properties": { "visible_points": 26, "total_points": 120, "visibility_pct": 21.666666666666668 }, "geometry": { "type": "Point", "coordinates": [ -2.216930939630415, 53.817761053352093 ] } },
{ "type": "Feature", "properties": { "visible_points": 34, "total_points": 120, "visibility_pct": 28.333333333333332 }, "geometry": { "type": "Point", "coordinates": [ -2.216720478053531, 53.817761434135733 ] } },
{ "type": "Feature", "properties": { "visible_points": 5, "total_points": 120, "visibility_pct": 4.1666666666666661 }, "geometry": { "type": "Point", "coordinates": [ -2.216510016471863, 53.817761814550138 ] } },
{ "type": "Feature", "properties": { "visible_points": 30, "total_points": 120, "visibility_pct": 25.0 }, "geometry": { "type": "Point", "coordinates": [ -2.216299554885415, 53.817762194595304 ] } },
{ "type": "Feature", "properties": { "visible_points": 44, "total_points": 120, "visibility_pct": 36.666666666666664 }, "geometry": { "type": "Point", "coordinates": [ -2.216089093294196, 53.817762574271235 ] } },
{ "type": "Feature", "properties": { "visible_points": 38, "total_points": 120, "visibility_pct": 31.666666666666664 }, "geometry": { "type": "Point", "coordinates": [ -2.215878631698208, 53.817762953577891 ] } },
{ "type": "Feature", "properties": { "visible_points": 56, "total_points": 120, "visibility_pct": 46.666666666666664 }, "geometry": { "type": "Point", "coordinates": [ -2.215668170097459, 53.817763332515327 ] } },
{ "type": "Feature", "properties": { "visible_points": 60, "total_points": 120, "visibility_pct": 50.0 }, "geometry": { "type": "Point", "coordinates": [ -2.215457708491951, 53.817763711083508 ] } },
{ "type": "Feature", "properties": { "visible_points": 66, "total_points": 120, "visibility_pct": 55.000000000000007 }, "geometry": { "type": "Point", "coordinates": [ -2.215247246881688, 53.817764089282448 ] } },
{ "type": "Feature", "properties": { "visible_points": 69, "total_points": 120, "visibility_pct": 57.5 }, "geometry": { "type": "Point", "coordinates": [ -2.215036785266674, 53.817764467112148 ] } },
{ "type": "Feature", "properties": { "visible_points": 70, "total_points": 120, "visibility_pct": 58.333333333333336 }, "geometry": { "type": "Point", "coordinates": [ -2.214826323646917, 53.817764844572601 ] } },
{ "type": "Feature", "properties": { "visible_points": 69, "total_points": 120, "visibility_pct": 57.5 }, "geometry": { "type": "Point", "coordinates": [ -2.21461586202242, 53.817765221663791 ] } },
{ "type": "Feature", "properties": { "visible_points": 66, "total_points": 120, "visibility_pct": 55.000000000000007 }, "geometry": { "type": "Point", "coordinates": [ -2.214405400393188, 53.817765598385755 ] } },
{ "type": "Feature", "properties": { "visible_points": 61, "total_points": 120, "visibility_pct": 50.833333333333329 }, "geometry": { "type": "Point", "coordinates": [ -2.214194938759221, 53.817765974738492 ] } },
{ "type": "Feature", "properties": { "visible_points": 65, "total_points": 120, "visibility_pct": 54.166666666666664 }, "geometry": { "type": "Point", "coordinates": [ -2.213984477120534, 53.817766350721953 ] } },
{ "type": "Feature", "properties": { "visible_points": 66, "total_points": 120, "visibility_pct": 55.000000000000007 }, "geometry": { "type": "Point", "coordinates": [ -2.213774015477119, 53.817766726336174 ] } },
{ "type": "Feature", "properties": { "visible_points": 69, "total_points": 120, "visibility_pct": 57.5 }, "geometry": { "type": "Point", "coordinates": [ -2.213563553828989, 53.817767101581168 ] } },
{ "type": "Feature", "properties": { "visible_points": 67, "total_points": 120, "visibility_pct": 55.833333333333336 }, "geometry": { "type": "Point", "coordinates": [ -2.213353092176149, 53.817767476456886 ] } },
{ "type": "Feature", "properties": { "visible_points": 70, "total_points": 120, "visibility_pct": 58.333333333333336 }, "geometry": { "type": "Point", "coordinates": [ -2.213142630518599, 53.817767850963385 ] } },
{ "type": "Feature", "properties": { "visible_points": 72, "total_points": 120, "visibility_pct": 60.0 }, "geometry": { "type": "Point", "coordinates": [ -2.212932168856347, 53.817768225100636 ] } },
{ "type": "Feature", "properties": { "visible_points": 72, "total_points": 120, "visibility_pct": 60.0 }, "geometry": { "type": "Point", "coordinates": [ -2.212721707189395, 53.817768598868625 ] } },
{ "type": "Feature", "properties": { "visible_points": 73, "total_points": 120, "visibility_pct": 60.833333333333329 }, "geometry": { "type": "Point", "coordinates": [ -2.212511245517755, 53.81776897226738 ] } },
{ "type": "Feature", "properties": { "visible_points": 74, "total_points": 120, "visibility_pct": 61.666666666666671 }, "geometry": { "type": "Point", "coordinates": [ -2.212300783841416, 53.817769345296895 ] } },
{ "type": "Feature", "properties": { "visible_points": 70, "total_points": 120, "visibility_pct": 58.333333333333336 }, "geometry": { "type": "Point", "coordinates": [ -2.212090322160396, 53.817769717957148 ] } },
{ "type": "Feature", "properties": { "visible_points": 60, "total_points": 119, "visibility_pct": 50.420168067226889 }, "geometry": { "type": "Point", "coordinates": [ -2.211879860474701, 53.817770090248175 ] } },
{ "type": "Feature", "properties": { "visible_points": 59, "total_points": 116, "visibility_pct": 50.862068965517238 }, "geometry": { "type": "Point", "coordinates": [ -2.211669398784325, 53.817770462169953 ] } },
{ "type": "Feature", "properties": { "visible_points": 46, "total_points": 112, "visibility_pct": 41.071428571428569 }, "geometry": { "type": "Point", "coordinates": [ -2.21145893708928, 53.817770833722463 ] } },
{ "type": "Feature", "properties": { "visible_points": 49, "total_points": 108, "visibility_pct": 45.370370370370374 }, "geometry": { "type": "Point", "coordinates": [ -2.211248475389568, 53.817771204905746 ] } },
{ "type": "Feature", "properties": { "visible_points": 49, "total_points": 103, "visibility_pct": 47.572815533980581 }, "geometry": { "type": "Point", "coordinates": [ -2.211038013685195, 53.817771575719782 ] } },
{ "type": "Feature", "properties": { "visible_points": 45, "total_points": 97, "visibility_pct": 46.391752577319586 }, "geometry": { "type": "Point", "coordinates": [ -2.210827551976166, 53.817771946164562 ] } },
{ "type": "Feature", "properties": { "visible_points": 47, "total_points": 92, "visibility_pct": 51.086956521739133 }, "geometry": { "type": "Point", "coordinates": [ -2.210617090262488, 53.817772316240116 ] } },
{ "type": "Feature", "properties": { "visible_points": 51, "total_points": 86, "visibility_pct": 59.302325581395351 }, "geometry": { "type": "Point", "coordinates": [ -2.210406628544153, 53.817772685946402 ] } },
{ "type": "Feature", "properties": { "visible_points": 49, "total_points": 81, "visibility_pct": 60.493827160493829 }, "geometry": { "type": "Point", "coordinates": [ -2.21019616682119, 53.817773055283453 ] } },
{ "type": "Feature", "properties": { "visible_points": 12, "total_points": 84, "visibility_pct": 14.285714285714285 }, "geometry": { "type": "Point", "coordinates": [ -2.218509965324565, 53.817866040775819 ] } },
{ "type": "Feature", "properties": { "visible_points": 19, "total_points": 96, "visibility_pct": 19.791666666666664 }, "geometry": { "type": "Point", "coordinates": [ -2.218299503306498, 53.817866423921856 ] } },
{ "type": "Feature", "properties": { "visible_points": 17, "total_points": 106, "visibility_pct": 16.037735849056602 }, "geometry": { "type": "Point", "coordinates": [ -2.218089041265285, 53.817866806797866 ] } },
{ "type": "Feature", "properties": { "visible_points": 17, "total_points": 115, "visibility_pct": 14.782608695652174 }, "geometry": { "type": "Point", "coordinates": [ -2.217878579188663, 53.817867189588526 ] } },
{ "type": "Feature", "properties": { "visible_points": 16, "total_points": 120, "visibility_pct": 13.333333333333334 }, "geometry": { "type": "Point", "coordinates": [ -2.217668117098802, 53.817867572040761 ] } },
{ "type": "Feature", "properties": { "visible_points": 23, "total_points": 120, "visibility_pct": 19.166666666666668 }, "geometry": { "type": "Point", "coordinates": [ -2.21745765500414, 53.817867954123749 ] } },
{ "type": "Feature", "properties": { "visible_points": 24, "total_points": 120, "visibility_pct": 20.0 }, "geometry": { "type": "Point", "coordinates": [ -2.217247192904672, 53.817868335837517 ] } },
{ "type": "Feature", "properties": { "visible_points": 25, "total_points": 120, "visibility_pct": 20.833333333333336 }, "geometry": { "type": "Point", "coordinates": [ -2.217036730800421, 53.817868717182016 ] } },
{ "type": "Feature", "properties": { "visible_points": 32, "total_points": 120, "visibility_pct": 26.666666666666668 }, "geometry": { "type": "Point", "coordinates": [ -2.216826268691371, 53.817869098157288 ] } },
{ "type": "Feature", "properties": { "visible_points": 22, "total_points": 120, "visibility_pct": 18.333333333333332 }, "geometry": { "type": "Point", "coordinates": [ -2.216615806577541, 53.817869478763285 ] } },
{ "type": "Feature", "properties": { "visible_points": 24, "total_points": 120, "visibility_pct": 20.0 }, "geometry": { "type": "Point", "coordinates": [ -2.21640534445893, 53.817869859000041 ] } },
{ "type": "Feature", "properties": { "visible_points": 35, "total_points": 120, "visibility_pct": 29.166666666666668 }, "geometry": { "type": "Point", "coordinates": [ -2.21619488233555, 53.817870238867563 ] } },
{ "type": "Feature", "properties": { "visible_points": 35, "total_points": 120, "visibility_pct": 29.166666666666668 }, "geometry": { "type": "Point", "coordinates": [ -2.215984420207393, 53.817870618365845 ] } },
{ "type": "Feature", "properties": { "visible_points": 54, "total_points": 120, "visibility_pct": 45.0 }, "geometry": { "type": "Point", "coordinates": [ -2.215773958074475, 53.817870997494872 ] } },
{ "type": "Feature", "properties": { "visible_points": 51, "total_points": 120, "visibility_pct": 42.5 }, "geometry": { "type": "Point", "coordinates": [ -2.21556349593679, 53.817871376254665 ] } },
{ "type": "Feature", "properties": { "visible_points": 63, "total_points": 120, "visibility_pct": 52.5 }, "geometry": { "type": "Point", "coordinates": [ -2.215353033794353, 53.817871754645196 ] } },
{ "type": "Feature", "properties": { "visible_points": 63, "total_points": 120, "visibility_pct": 52.5 }, "geometry": { "type": "Point", "coordinates": [ -2.215142571647163, 53.81787213266648 ] } },
{ "type": "Feature", "properties": { "visible_points": 68, "total_points": 120, "visibility_pct": 56.666666666666664 }, "geometry": { "type": "Point", "coordinates": [ -2.214932109495225, 53.817872510318523 ] } },
{ "type": "Feature", "properties": { "visible_points": 70, "total_points": 120, "visibility_pct": 58.333333333333336 }, "geometry": { "type": "Point", "coordinates": [ -2.214721647338544, 53.817872887601339 ] } },
{ "type": "Feature", "properties": { "visible_points": 68, "total_points": 120, "visibility_pct": 56.666666666666664 }, "geometry": { "type": "Point", "coordinates": [ -2.214511185177129, 53.817873264514887 ] } },
{ "type": "Feature", "properties": { "visible_points": 64, "total_points": 120, "visibility_pct": 53.333333333333336 }, "geometry": { "type": "Point", "coordinates": [ -2.214300723010977, 53.817873641059208 ] } },
{ "type": "Feature", "properties": { "visible_points": 68, "total_points": 120, "visibility_pct": 56.666666666666664 }, "geometry": { "type": "Point", "coordinates": [ -2.214090260840096, 53.817874017234253 ] } },
{ "type": "Feature", "properties": { "visible_points": 69, "total_points": 120, "visibility_pct": 57.5 }, "geometry": { "type": "Point", "coordinates": [ -2.213879798664492, 53.817874393040064 ] } },
{ "type": "Feature", "properties": { "visible_points": 70, "total_points": 120, "visibility_pct": 58.333333333333336 }, "geometry": { "type": "Point", "coordinates": [ -2.21366933648417, 53.817874768476635 ] } },
{ "type": "Feature", "properties": { "visible_points": 66, "total_points": 120, "visibility_pct": 55.000000000000007 }, "geometry": { "type": "Point", "coordinates": [ -2.213458874299131, 53.817875143543972 ] } },
{ "type": "Feature", "properties": { "visible_points": 70, "total_points": 120, "visibility_pct": 58.333333333333336 }, "geometry": { "type": "Point", "coordinates": [ -2.213248412109384, 53.817875518242047 ] } },
{ "type": "Feature", "properties": { "visible_points": 70, "total_points": 120, "visibility_pct": 58.333333333333336 }, "geometry": { "type": "Point", "coordinates": [ -2.213037949914931, 53.817875892570882 ] } },
{ "type": "Feature", "properties": { "visible_points": 71, "total_points": 120, "visibility_pct": 59.166666666666664 }, "geometry": { "type": "Point", "coordinates": [ -2.212827487715777, 53.817876266530448 ] } },
{ "type": "Feature", "properties": { "visible_points": 70, "total_points": 120, "visibility_pct": 58.333333333333336 }, "geometry": { "type": "Point", "coordinates": [ -2.212617025511925, 53.81787664012078 ] } },
{ "type": "Feature", "properties": { "visible_points": 66, "total_points": 120, "visibility_pct": 55.000000000000007 }, "geometry": { "type": "Point", "coordinates": [ -2.21240656330338, 53.817877013341864 ] } },
{ "type": "Feature", "properties": { "visible_points": 69, "total_points": 120, "visibility_pct": 57.5 }, "geometry": { "type": "Point", "coordinates": [ -2.212196101090153, 53.817877386193707 ] } },
{ "type": "Feature", "properties": { "visible_points": 66, "total_points": 117, "visibility_pct": 56.410256410256409 }, "geometry": { "type": "Point", "coordinates": [ -2.211985638872241, 53.817877758676318 ] } },
{ "type": "Feature", "properties": { "visible_points": 59, "total_points": 113, "visibility_pct": 52.212389380530979 }, "geometry": { "type": "Point", "coordinates": [ -2.211775176649652, 53.817878130789644 ] } },
{ "type": "Feature", "properties": { "visible_points": 56, "total_points": 108, "visibility_pct": 51.851851851851848 }, "geometry": { "type": "Point", "coordinates": [ -2.211564714422388, 53.817878502533759 ] } },
{ "type": "Feature", "properties": { "visible_points": 45, "total_points": 103, "visibility_pct": 43.689320388349515 }, "geometry": { "type": "Point", "coordinates": [ -2.211354252190462, 53.817878873908604 ] } },
{ "type": "Feature", "properties": { "visible_points": 47, "total_points": 97, "visibility_pct": 48.453608247422679 }, "geometry": { "type": "Point", "coordinates": [ -2.211143789953863, 53.817879244914202 ] } },
{ "type": "Feature", "properties": { "visible_points": 44, "total_points": 92, "visibility_pct": 47.826086956521742 }, "geometry": { "type": "Point", "coordinates": [ -2.210933327712608, 53.817879615550567 ] } },
{ "type": "Feature", "properties": { "visible_points": 38, "total_points": 86, "visibility_pct": 44.186046511627907 }, "geometry": { "type": "Point", "coordinates": [ -2.210722865466704, 53.817879985817676 ] } },
{ "type": "Feature", "properties": { "visible_points": 10, "total_points": 73, "visibility_pct": 13.698630136986301 }, "geometry": { "type": "Point", "coordinates": [ -2.21861576074518, 53.817973703378406 ] } },
{ "type": "Feature", "properties": { "visible_points": 10, "total_points": 85, "visibility_pct": 11.76470588235294 }, "geometry": { "type": "Point", "coordinates": [ -2.218405298187517, 53.817974086712987 ] } },
{ "type": "Feature", "properties": { "visible_points": 10, "total_points": 96, "visibility_pct": 10.416666666666668 }, "geometry": { "type": "Point", "coordinates": [ -2.218194835621348, 53.817974469693397 ] } },
{ "type": "Feature", "properties": { "visible_points": 14, "total_points": 106, "visibility_pct": 13.20754716981132 }, "geometry": { "type": "Point", "coordinates": [ -2.217984373024216, 53.817974852550719 ] } },
{ "type": "Feature", "properties": { "visible_points": 18, "total_points": 114, "visibility_pct": 15.789473684210526 }, "geometry": { "type": "Point", "coordinates": [ -2.217773910402203, 53.817975235194574 ] } },
{ "type": "Feature", "properties": { "visible_points": 24, "total_points": 120, "visibility_pct": 20.0 }, "geometry": { "type": "Point", "coordinates": [ -2.217563447775379, 53.81797561746918 ] } },
{ "type": "Feature", "properties": { "visible_points": 25, "total_points": 120, "visibility_pct": 20.833333333333336 }, "geometry": { "type": "Point", "coordinates": [ -2.217352985143762, 53.817975999374532 ] } },
{ "type": "Feature", "properties": { "visible_points": 27, "total_points": 120, "visibility_pct": 22.5 }, "geometry": { "type": "Point", "coordinates": [ -2.217142522507347, 53.817976380910643 ] } },
{ "type": "Feature", "properties": { "visible_points": 33, "total_points": 120, "visibility_pct": 27.5 }, "geometry": { "type": "Point", "coordinates": [ -2.216932059866141, 53.817976762077514 ] } },
{ "type": "Feature", "properties": { "visible_points": 24, "total_points": 120, "visibility_pct": 20.0 }, "geometry": { "type": "Point", "coordinates": [ -2.216721597220147, 53.817977142875137 ] } },
{ "type": "Feature", "properties": { "visible_points": 21, "total_points": 120, "visibility_pct": 17.5 }, "geometry": { "type": "Point", "coordinates": [ -2.216511134569371, 53.817977523303497 ] } },
{ "type": "Feature", "properties": { "visible_points": 23, "total_points": 120, "visibility_pct": 19.166666666666668 }, "geometry": { "type": "Point", "coordinates": [ -2.216300671913819, 53.817977903362646 ] } },
{ "type": "Feature", "properties": { "visible_points": 33, "total_points": 120, "visibility_pct": 27.5 }, "geometry": { "type": "Point", "coordinates": [ -2.216090209253495, 53.817978283052518 ] } },
{ "type": "Feature", "properties": { "visible_points": 44, "total_points": 120, "visibility_pct": 36.666666666666664 }, "geometry": { "type": "Point", "coordinates": [ -2.215879746588404, 53.817978662373157 ] } },
{ "type": "Feature", "properties": { "visible_points": 62, "total_points": 120, "visibility_pct": 51.666666666666671 }, "geometry": { "type": "Point", "coordinates": [ -2.215669283918543, 53.817979041324541 ] } },
{ "type": "Feature", "properties": { "visible_points": 53, "total_points": 120, "visibility_pct": 44.166666666666664 }, "geometry": { "type": "Point", "coordinates": [ -2.215458821243927, 53.817979419906678 ] } },
{ "type": "Feature", "properties": { "visible_points": 61, "total_points": 120, "visibility_pct": 50.833333333333329 }, "geometry": { "type": "Point", "coordinates": [ -2.21524835856456, 53.817979798119566 ] } },
{ "type": "Feature", "properties": { "visible_points": 70, "total_points": 120, "visibility_pct": 58.333333333333336 }, "geometry": { "type": "Point", "coordinates": [ -2.215037895880438, 53.817980175963207 ] } },
{ "type": "Feature", "properties": { "visible_points": 69, "total_points": 120, "visibility_pct": 57.5 }, "geometry": { "type": "Point", "coordinates": [ -2.214827433191574, 53.817980553437607 ] } },
{ "type": "Feature", "properties": { "visible_points": 75, "total_points": 120, "visibility_pct": 62.5 }, "geometry": { "type": "Point", "coordinates": [ -2.214616970497971, 53.817980930542753 ] } },
{ "type": "Feature", "properties": { "visible_points": 77, "total_points": 120, "visibility_pct": 64.166666666666671 }, "geometry": { "type": "Point", "coordinates": [ -2.214406507799629, 53.817981307278664 ] } },
{ "type": "Feature", "properties": { "visible_points": 75, "total_points": 120, "visibility_pct": 62.5 }, "geometry": { "type": "Point", "coordinates": [ -2.214196045096561, 53.8179816836453 ] } },
{ "type": "Feature", "properties": { "visible_points": 81, "total_points": 120, "visibility_pct": 67.5 }, "geometry": { "type": "Point", "coordinates": [ -2.21398558238876, 53.817982059642723 ] } },
{ "type": "Feature", "properties": { "visible_points": 70, "total_points": 120, "visibility_pct": 58.333333333333336 }, "geometry": { "type": "Point", "coordinates": [ -2.213775119676241, 53.817982435270871 ] } },
{ "type": "Feature", "properties": { "visible_points": 70, "total_points": 120, "visibility_pct": 58.333333333333336 }, "geometry": { "type": "Point", "coordinates": [ -2.213564656959005, 53.817982810529784 ] } },
{ "type": "Feature", "properties": { "visible_points": 72, "total_points": 120, "visibility_pct": 60.0 }, "geometry": { "type": "Point", "coordinates": [ -2.213354194237058, 53.817983185419422 ] } },
{ "type": "Feature", "properties": { "visible_points": 76, "total_points": 120, "visibility_pct": 63.333333333333329 }, "geometry": { "type": "Point", "coordinates": [ -2.213143731510397, 53.817983559939854 ] } },
{ "type": "Feature", "properties": { "visible_points": 75, "total_points": 120, "visibility_pct": 62.5 }, "geometry": { "type": "Point", "coordinates": [ -2.212933268779037, 53.817983934091018 ] } },
{ "type": "Feature", "properties": { "visible_points": 75, "total_points": 120, "visibility_pct": 62.5 }, "geometry": { "type": "Point", "coordinates": [ -2.212722806042978, 53.817984307872933 ] } },
{ "type": "Feature", "properties": { "visible_points": 65, "total_points": 120, "visibility_pct": 54.166666666666664 }, "geometry": { "type": "Point", "coordinates": [ -2.212512343302229, 53.817984681285616 ] } },
{ "type": "Feature", "properties": { "visible_points": 62, "total_points": 118, "visibility_pct": 52.542372881355938 }, "geometry": { "type": "Point", "coordinates": [ -2.212301880556783, 53.817985054329036 ] } },
{ "type": "Feature", "properties": { "visible_points": 62, "total_points": 114, "visibility_pct": 54.385964912280706 }, "geometry": { "type": "Point", "coordinates": [ -2.212091417806659, 53.817985427003208 ] } },
{ "type": "Feature", "properties": { "visible_points": 57, "total_points": 109, "visibility_pct": 52.293577981651374 }, "geometry": { "type": "Point", "coordinates": [ -2.211880955051851, 53.817985799308111 ] } },
{ "type": "Feature", "properties": { "visible_points": 45, "total_points": 103, "visibility_pct": 43.689320388349515 }, "geometry": { "type": "Point", "coordinates": [ -2.21167049229237, 53.817986171243795 ] } },
{ "type": "Feature", "properties": { "visible_points": 54, "total_points": 97, "visibility_pct": 55.670103092783506 }, "geometry": { "type": "Point", "coordinates": [ -2.211460029528211, 53.817986542810218 ] } },
{ "type": "Feature", "properties": { "visible_points": 38, "total_points": 92, "visibility_pct": 41.304347826086953 }, "geometry": { "type": "Point", "coordinates": [ -2.211249566759398, 53.817986914007392 ] } },
{ "type": "Feature", "properties": { "visible_points": 40, "total_points": 86, "visibility_pct": 46.511627906976742 }, "geometry": { "type": "Point", "coordinates": [ -2.211039103985916, 53.817987284835318 ] } },
{ "type": "Feature", "properties": { "visible_points": 3, "total_points": 73, "visibility_pct": 4.10958904109589 }, "geometry": { "type": "Point", "coordinates": [ -2.218511093612988, 53.818081749405955 ] } },
{ "type": "Feature", "properties": { "visible_points": 10, "total_points": 85, "visibility_pct": 11.76470588235294 }, "geometry": { "type": "Point", "coordinates": [ -2.218300630510851, 53.818082132559809 ] } },
{ "type": "Feature", "properties": { "visible_points": 13, "total_points": 96, "visibility_pct": 13.541666666666666 }, "geometry": { "type": "Point", "coordinates": [ -2.218090167390391, 53.818082515443393 ] } },
{ "type": "Feature", "properties": { "visible_points": 17, "total_points": 105, "visibility_pct": 16.19047619047619 }, "geometry": { "type": "Point", "coordinates": [ -2.217879704242541, 53.818082898247091 ] } },
{ "type": "Feature", "properties": { "visible_points": 17, "total_points": 113, "visibility_pct": 15.044247787610621 }, "geometry": { "type": "Point", "coordinates": [ -2.217669241083566, 53.81808328071331 ] } },
{ "type": "Feature", "properties": { "visible_points": 28, "total_points": 119, "visibility_pct": 23.52941176470588 }, "geometry": { "type": "Point", "coordinates": [ -2.217458777919788, 53.818083662810302 ] } },
{ "type": "Feature", "properties": { "visible_points": 31, "total_points": 120, "visibility_pct": 25.833333333333336 }, "geometry": { "type": "Point", "coordinates": [ -2.217248314751211, 53.818084044538018 ] } },
{ "type": "Feature", "properties": { "visible_points": 32, "total_points": 120, "visibility_pct": 26.666666666666668 }, "geometry": { "type": "Point", "coordinates": [ -2.21703785157784, 53.818084425896501 ] } },
{ "type": "Feature", "properties": { "visible_points": 11, "total_points": 120, "visibility_pct": 9.1666666666666661 }, "geometry": { "type": "Point", "coordinates": [ -2.216827388399685, 53.818084806885714 ] } },
{ "type": "Feature", "properties": { "visible_points": 12, "total_points": 120, "visibility_pct": 10.0 }, "geometry": { "type": "Point", "coordinates": [ -2.21661692521674, 53.818085187505694 ] } },
{ "type": "Feature", "properties": { "visible_points": 22, "total_points": 120, "visibility_pct": 18.333333333333332 }, "geometry": { "type": "Point", "coordinates": [ -2.216406462029015, 53.818085567756448 ] } },
{ "type": "Feature", "properties": { "visible_points": 19, "total_points": 120, "visibility_pct": 15.833333333333332 }, "geometry": { "type": "Point", "coordinates": [ -2.21619599883652, 53.818085947637933 ] } },
{ "type": "Feature", "properties": { "visible_points": 41, "total_points": 120, "visibility_pct": 34.166666666666664 }, "geometry": { "type": "Point", "coordinates": [ -2.215985535639251, 53.818086327150176 ] } },
{ "type": "Feature", "properties": { "visible_points": 46, "total_points": 120, "visibility_pct": 38.333333333333336 }, "geometry": { "type": "Point", "coordinates": [ -2.215775072437217, 53.818086706293158 ] } },
{ "type": "Feature", "properties": { "visible_points": 38, "total_points": 120, "visibility_pct": 31.666666666666664 }, "geometry": { "type": "Point", "coordinates": [ -2.215564609230421, 53.8180870850669 ] } },
{ "type": "Feature", "properties": { "visible_points": 45, "total_points": 120, "visibility_pct": 37.5 }, "geometry": { "type": "Point", "coordinates": [ -2.215354146018868, 53.818087463471386 ] } },
{ "type": "Feature", "properties": { "visible_points": 61, "total_points": 120, "visibility_pct": 50.833333333333329 }, "geometry": { "type": "Point", "coordinates": [ -2.215143682802566, 53.818087841506632 ] } },
{ "type": "Feature", "properties": { "visible_points": 72, "total_points": 120, "visibility_pct": 60.0 }, "geometry": { "type": "Point", "coordinates": [ -2.214933219581516, 53.81808821917263 ] } },
{ "type": "Feature", "properties": { "visible_points": 82, "total_points": 120, "visibility_pct": 68.333333333333329 }, "geometry": { "type": "Point", "coordinates": [ -2.214722756355719, 53.81808859646938 ] } },
{ "type": "Feature", "properties": { "visible_points": 87, "total_points": 120, "visibility_pct": 72.5 }, "geometry": { "type": "Point", "coordinates": [ -2.21451229312519, 53.818088973396868 ] } },
{ "type": "Feature", "properties": { "visible_points": 84, "total_points": 120, "visibility_pct": 70.0 }, "geometry": { "type": "Point", "coordinates": [ -2.214301829889925, 53.818089349955116 ] } },
{ "type": "Feature", "properties": { "visible_points": 77, "total_points": 120, "visibility_pct": 64.166666666666671 }, "geometry": { "type": "Point", "coordinates": [ -2.214091366649928, 53.818089726144095 ] } },
{ "type": "Feature", "properties": { "visible_points": 72, "total_points": 120, "visibility_pct": 60.0 }, "geometry": { "type": "Point", "coordinates": [ -2.213880903405212, 53.818090101963847 ] } },
{ "type": "Feature", "properties": { "visible_points": 72, "total_points": 120, "visibility_pct": 60.0 }, "geometry": { "type": "Point", "coordinates": [ -2.213670440155774, 53.818090477414351 ] } },
{ "type": "Feature", "properties": { "visible_points": 73, "total_points": 120, "visibility_pct": 60.833333333333329 }, "geometry": { "type": "Point", "coordinates": [ -2.213459976901623, 53.818090852495601 ] } },
{ "type": "Feature", "properties": { "visible_points": 73, "total_points": 120, "visibility_pct": 60.833333333333329 }, "geometry": { "type": "Point", "coordinates": [ -2.213249513642758, 53.818091227207596 ] } },
{ "type": "Feature", "properties": { "visible_points": 78, "total_points": 120, "visibility_pct": 65.0 }, "geometry": { "type": "Point", "coordinates": [ -2.213039050379189, 53.81809160155035 ] } },
{ "type": "Feature", "properties": { "visible_points": 63, "total_points": 120, "visibility_pct": 52.5 }, "geometry": { "type": "Point", "coordinates": [ -2.212828587110923, 53.818091975523842 ] } },
{ "type": "Feature", "properties": { "visible_points": 59, "total_points": 118, "visibility_pct": 50.0 }, "geometry": { "type": "Point", "coordinates": [ -2.212618123837959, 53.818092349128101 ] } },
{ "type": "Feature", "properties": { "visible_points": 59, "total_points": 115, "visibility_pct": 51.304347826086961 }, "geometry": { "type": "Point", "coordinates": [ -2.212407660560297, 53.818092722363097 ] } },
{ "type": "Feature", "properties": { "visible_points": 57, "total_points": 110, "visibility_pct": 51.81818181818182 }, "geometry": { "type": "Point", "coordinates": [ -2.212197197277955, 53.818093095228853 ] } },
{ "type": "Feature", "properties": { "visible_points": 52, "total_points": 104, "visibility_pct": 50.0 }, "geometry": { "type": "Point", "coordinates": [ -2.211986733990927, 53.818093467725348 ] } },
{ "type": "Feature", "properties": { "visible_points": 45, "total_points": 98, "visibility_pct": 45.91836734693878 }, "geometry": { "type": "Point", "coordinates": [ -2.211776270699223, 53.818093839852601 ] } },
{ "type": "Feature", "properties": { "visible_points": 38, "total_points": 92, "visibility_pct": 41.304347826086953 }, "geometry": { "type": "Point", "coordinates": [ -2.211565807402846, 53.8180942116106 ] } },
{ "type": "Feature", "properties": { "visible_points": 46, "total_points": 86, "visibility_pct": 53.488372093023251 }, "geometry": { "type": "Point", "coordinates": [ -2.211355344101799, 53.81809458299935 ] } },
{ "type": "Feature", "properties": { "visible_points": 8, "total_points": 86, "visibility_pct": 9.3023255813953494 }, "geometry": { "type": "Point", "coordinates": [ -2.218195962292105, 53.818190178331072 ] } },
{ "type": "Feature", "properties": { "visible_points": 14, "total_points": 96, "visibility_pct": 14.583333333333334 }, "geometry": { "type": "Point", "coordinates": [ -2.217985498619828, 53.818190561198335 ] } },
{ "type": "Feature", "properties": { "visible_points": 11, "total_points": 105, "visibility_pct": 10.476190476190476 }, "geometry": { "type": "Point", "coordinates": [ -2.217775034928694, 53.81819094385618 ] } },
{ "type": "Feature", "properties": { "visible_points": 19, "total_points": 113, "visibility_pct": 16.814159292035399 }, "geometry": { "type": "Point", "coordinates": [ -2.217564571232752, 53.818191326144756 ] } },
{ "type": "Feature", "properties": { "visible_points": 26, "total_points": 118, "visibility_pct": 22.033898305084744 }, "geometry": { "type": "Point", "coordinates": [ -2.217354107532014, 53.818191708064106 ] } },
{ "type": "Feature", "properties": { "visible_points": 26, "total_points": 120, "visibility_pct": 21.666666666666668 }, "geometry": { "type": "Point", "coordinates": [ -2.217143643826479, 53.818192089614207 ] } },
{ "type": "Feature", "properties": { "visible_points": 29, "total_points": 120, "visibility_pct": 24.166666666666668 }, "geometry": { "type": "Point", "coordinates": [ -2.216933180116155, 53.818192470795047 ] } },
{ "type": "Feature", "properties": { "visible_points": 25, "total_points": 120, "visibility_pct": 20.833333333333336 }, "geometry": { "type": "Point", "coordinates": [ -2.216722716401035, 53.818192851606632 ] } },
{ "type": "Feature", "properties": { "visible_points": 32, "total_points": 120, "visibility_pct": 26.666666666666668 }, "geometry": { "type": "Point", "coordinates": [ -2.216512252681146, 53.818193232048969 ] } },
{ "type": "Feature", "properties": { "visible_points": 27, "total_points": 120, "visibility_pct": 22.5 }, "geometry": { "type": "Point", "coordinates": [ -2.216301788956468, 53.818193612122066 ] } },
{ "type": "Feature", "properties": { "visible_points": 34, "total_points": 120, "visibility_pct": 28.333333333333332 }, "geometry": { "type": "Point", "coordinates": [ -2.216091325227026, 53.818193991825915 ] } },
{ "type": "Feature", "properties": { "visible_points": 37, "total_points": 120, "visibility_pct": 30.833333333333336 }, "geometry": { "type": "Point", "coordinates": [ -2.215880861492815, 53.818194371160516 ] } },
{ "type": "Feature", "properties": { "visible_points": 36, "total_points": 120, "visibility_pct": 30.0 }, "geometry": { "type": "Point", "coordinates": [ -2.215670397753832, 53.818194750125841 ] } },
{ "type": "Feature", "properties": { "visible_points": 48, "total_points": 120, "visibility_pct": 40.0 }, "geometry": { "type": "Point", "coordinates": [ -2.215459934010097, 53.818195128721932 ] } },
{ "type": "Feature", "properties": { "visible_points": 55, "total_points": 120, "visibility_pct": 45.833333333333329 }, "geometry": { "type": "Point", "coordinates": [ -2.215249470261609, 53.81819550694879 ] } },
{ "type": "Feature", "properties": { "visible_points": 67, "total_points": 120, "visibility_pct": 55.833333333333336 }, "geometry": { "type": "Point", "coordinates": [ -2.215039006508364, 53.818195884806379 ] } },
{ "type": "Feature", "properties": { "visible_points": 72, "total_points": 120, "visibility_pct": 60.0 }, "geometry": { "type": "Point", "coordinates": [ -2.214828542750383, 53.81819626229472 ] } },
{ "type": "Feature", "properties": { "visible_points": 75, "total_points": 120, "visibility_pct": 62.5 }, "geometry": { "type": "Point", "coordinates": [ -2.214618078987656, 53.818196639413813 ] } },
{ "type": "Feature", "properties": { "visible_points": 75, "total_points": 120, "visibility_pct": 62.5 }, "geometry": { "type": "Point", "coordinates": [ -2.214407615220195, 53.818197016163651 ] } },
{ "type": "Feature", "properties": { "visible_points": 76, "total_points": 120, "visibility_pct": 63.333333333333329 }, "geometry": { "type": "Point", "coordinates": [ -2.214197151448003, 53.818197392544242 ] } },
{ "type": "Feature", "properties": { "visible_points": 74, "total_points": 120, "visibility_pct": 61.666666666666671 }, "geometry": { "type": "Point", "coordinates": [ -2.213986687671081, 53.818197768555578 ] } },
{ "type": "Feature", "properties": { "visible_points": 78, "total_points": 120, "visibility_pct": 65.0 }, "geometry": { "type": "Point", "coordinates": [ -2.213776223889445, 53.818198144197666 ] } },
{ "type": "Feature", "properties": { "visible_points": 77, "total_points": 120, "visibility_pct": 64.166666666666671 }, "geometry": { "type": "Point", "coordinates": [ -2.213565760103085, 53.818198519470506 ] } },
{ "type": "Feature", "properties": { "visible_points": 77, "total_points": 120, "visibility_pct": 64.166666666666671 }, "geometry": { "type": "Point", "coordinates": [ -2.213355296312013, 53.818198894374078 ] } },
{ "type": "Feature", "properties": { "visible_points": 77, "total_points": 120, "visibility_pct": 64.166666666666671 }, "geometry": { "type": "Point", "coordinates": [ -2.213144832516236, 53.818199268908423 ] } },
{ "type": "Feature", "properties": { "visible_points": 74, "total_points": 118, "visibility_pct": 62.711864406779661 }, "geometry": { "type": "Point", "coordinates": [ -2.212934368715756, 53.818199643073513 ] } },
{ "type": "Feature", "properties": { "visible_points": 68, "total_points": 115, "visibility_pct": 59.130434782608695 }, "geometry": { "type": "Point", "coordinates": [ -2.212723904910571, 53.818200016869334 ] } },
{ "type": "Feature", "properties": { "visible_points": 56, "total_points": 111, "visibility_pct": 50.450450450450447 }, "geometry": { "type": "Point", "coordinates": [ -2.212513441100698, 53.818200390295921 ] } },
{ "type": "Feature", "properties": { "visible_points": 58, "total_points": 105, "visibility_pct": 55.238095238095241 }, "geometry": { "type": "Point", "coordinates": [ -2.212302977286134, 53.818200763353254 ] } },
{ "type": "Feature", "properties": { "visible_points": 52, "total_points": 99, "visibility_pct": 52.525252525252533 }, "geometry": { "type": "Point", "coordinates": [ -2.212092513466883, 53.818201136041338 ] } },
{ "type": "Feature", "properties": { "visible_points": 48, "total_points": 93, "visibility_pct": 51.612903225806448 }, "geometry": { "type": "Point", "coordinates": [ -2.211882049642959, 53.818201508360161 ] } },
{ "type": "Feature", "properties": { "visible_points": 34, "total_points": 86, "visibility_pct": 39.534883720930232 }, "geometry": { "type": "Point", "coordinates": [ -2.211671585814353, 53.818201880309736 ] } },
{ "type": "Feature", "properties": { "visible_points": 9, "total_points": 86, "visibility_pct": 10.465116279069768 }, "geometry": { "type": "Point", "coordinates": [ -2.218091293529938, 53.81829822408104 ] } },
{ "type": "Feature", "properties": { "visible_points": 6, "total_points": 96, "visibility_pct": 6.25 }, "geometry": { "type": "Point", "coordinates": [ -2.217880829310768, 53.818298606897741 ] } },
{ "type": "Feature", "properties": { "visible_points": 17, "total_points": 105, "visibility_pct": 16.19047619047619 }, "geometry": { "type": "Point", "coordinates": [ -2.217670365082667, 53.818298989377944 ] } },
{ "type": "Feature", "properties": { "visible_points": 12, "total_points": 113, "visibility_pct": 10.619469026548673 }, "geometry": { "type": "Point", "coordinates": [ -2.217459900849763, 53.818299371488912 ] } },
{ "type": "Feature", "properties": { "visible_points": 30, "total_points": 118, "visibility_pct": 25.423728813559322 }, "geometry": { "type": "Point", "coordinates": [ -2.217249436612057, 53.818299753230612 ] } },
{ "type": "Feature", "properties": { "visible_points": 26, "total_points": 120, "visibility_pct": 21.666666666666668 }, "geometry": { "type": "Point", "coordinates": [ -2.217038972369562, 53.818300134603078 ] } },
{ "type": "Feature", "properties": { "visible_points": 37, "total_points": 120, "visibility_pct": 30.833333333333336 }, "geometry": { "type": "Point", "coordinates": [ -2.216828508122275, 53.818300515606275 ] } },
{ "type": "Feature", "properties": { "visible_points": 28, "total_points": 120, "visibility_pct": 23.333333333333332 }, "geometry": { "type": "Point", "coordinates": [ -2.216618043870205, 53.818300896240224 ] } },
{ "type": "Feature", "properties": { "visible_points": 24, "total_points": 120, "visibility_pct": 20.0 }, "geometry": { "type": "Point", "coordinates": [ -2.216407579613354, 53.818301276504926 ] } },
{ "type": "Feature", "properties": { "visible_points": 27, "total_points": 120, "visibility_pct": 22.5 }, "geometry": { "type": "Point", "coordinates": [ -2.216197115351734, 53.818301656400394 ] } },
{ "type": "Feature", "properties": { "visible_points": 33, "total_points": 120, "visibility_pct": 27.5 }, "geometry": { "type": "Point", "coordinates": [ -2.215986651085335, 53.818302035926592 ] } },
{ "type": "Feature", "properties": { "visible_points": 44, "total_points": 120, "visibility_pct": 36.666666666666664 }, "geometry": { "type": "Point", "coordinates": [ -2.215776186814171, 53.818302415083537 ] } },
{ "type": "Feature", "properties": { "visible_points": 49, "total_points": 120, "visibility_pct": 40.833333333333336 }, "geometry": { "type": "Point", "coordinates": [ -2.215565722538253, 53.818302793871233 ] } },
{ "type": "Feature", "properties": { "visible_points": 58, "total_points": 120, "visibility_pct": 48.333333333333336 }, "geometry": { "type": "Point", "coordinates": [ -2.215355258257568, 53.818303172289674 ] } },
{ "type": "Feature", "properties": { "visible_points": 56, "total_points": 120, "visibility_pct": 46.666666666666664 }, "geometry": { "type": "Point", "coordinates": [ -2.215144793972139, 53.818303550338861 ] } },
{ "type": "Feature", "properties": { "visible_points": 62, "total_points": 120, "visibility_pct": 51.666666666666671 }, "geometry": { "type": "Point", "coordinates": [ -2.21493432968196, 53.818303928018807 ] } },
{ "type": "Feature", "properties": { "visible_points": 66, "total_points": 120, "visibility_pct": 55.000000000000007 }, "geometry": { "type": "Point", "coordinates": [ -2.21472386538704, 53.818304305329498 ] } },
{ "type": "Feature", "properties": { "visible_points": 65, "total_points": 120, "visibility_pct": 54.166666666666664 }, "geometry": { "type": "Point", "coordinates": [ -2.214513401087375, 53.818304682270934 ] } },
{ "type": "Feature", "properties": { "visible_points": 71, "total_points": 120, "visibility_pct": 59.166666666666664 }, "geometry": { "type": "Point", "coordinates": [ -2.214302936782987, 53.818305058843116 ] } },
{ "type": "Feature", "properties": { "visible_points": 72, "total_points": 120, "visibility_pct": 60.0 }, "geometry": { "type": "Point", "coordinates": [ -2.214092472473863, 53.818305435046035 ] } },
{ "type": "Feature", "properties": { "visible_points": 75, "total_points": 120, "visibility_pct": 62.5 }, "geometry": { "type": "Point", "coordinates": [ -2.213882008160017, 53.818305810879721 ] } },
{ "type": "Feature", "properties": { "visible_points": 81, "total_points": 120, "visibility_pct": 67.5 }, "geometry": { "type": "Point", "coordinates": [ -2.21367154384145, 53.818306186344152 ] } },
{ "type": "Feature", "properties": { "visible_points": 83, "total_points": 120, "visibility_pct": 69.166666666666671 }, "geometry": { "type": "Point", "coordinates": [ -2.21346107951817, 53.818306561439329 ] } },
{ "type": "Feature", "properties": { "visible_points": 73, "total_points": 118, "visibility_pct": 61.864406779661017 }, "geometry": { "type": "Point", "coordinates": [ -2.213250615190181, 53.81830693616525 ] } },
{ "type": "Feature", "properties": { "visible_points": 68, "total_points": 115, "visibility_pct": 59.130434782608695 }, "geometry": { "type": "Point", "coordinates": [ -2.213040150857478, 53.818307310521917 ] } },
{ "type": "Feature", "properties": { "visible_points": 77, "total_points": 111, "visibility_pct": 69.369369369369366 }, "geometry": { "type": "Point", "coordinates": [ -2.212829686520084, 53.818307684509342 ] } },
{ "type": "Feature", "properties": { "visible_points": 59, "total_points": 106, "visibility_pct": 55.660377358490564 }, "geometry": { "type": "Point", "coordinates": [ -2.212619222177991, 53.818308058127499 ] } },
{ "type": "Feature", "properties": { "visible_points": 56, "total_points": 100, "visibility_pct": 56.000000000000007 }, "geometry": { "type": "Point", "coordinates": [ -2.212408757831205, 53.818308431376423 ] } },
{ "type": "Feature", "properties": { "visible_points": 51, "total_points": 94, "visibility_pct": 54.255319148936167 }, "geometry": { "type": "Point", "coordinates": [ -2.21219829347973, 53.81830880425607 ] } },
{ "type": "Feature", "properties": { "visible_points": 42, "total_points": 87, "visibility_pct": 48.275862068965516 }, "geometry": { "type": "Point", "coordinates": [ -2.211987829123573, 53.818309176766491 ] } },
{ "type": "Feature", "properties": { "visible_points": 36, "total_points": 80, "visibility_pct": 45.0 }, "geometry": { "type": "Point", "coordinates": [ -2.211777364762745, 53.818309548907649 ] } },
{ "type": "Feature", "properties": { "visible_points": 7, "total_points": 86, "visibility_pct": 8.1395348837209305 }, "geometry": { "type": "Point", "coordinates": [ -2.217986624229797, 53.818406269838029 ] } },
{ "type": "Feature", "properties": { "visible_points": 5, "total_points": 96, "visibility_pct": 5.2083333333333339 }, "geometry": { "type": "Point", "coordinates": [ -2.217776159469531, 53.818406652509864 ] } },
{ "type": "Feature", "properties": { "visible_points": 12, "total_points": 105, "visibility_pct": 11.428571428571429 }, "geometry": { "type": "Point", "coordinates": [ -2.217565694704455, 53.818407034812445 ] } },
{ "type": "Feature", "properties": { "visible_points": 16, "total_points": 113, "visibility_pct": 14.159292035398231 }, "geometry": { "type": "Point", "coordinates": [ -2.217355229934585, 53.818407416745778 ] } },
{ "type": "Feature", "properties": { "visible_points": 23, "total_points": 118, "visibility_pct": 19.491525423728813 }, "geometry": { "type": "Point", "coordinates": [ -2.217144765159917, 53.818407798309835 ] } },
{ "type": "Feature", "properties": { "visible_points": 28, "total_points": 120, "visibility_pct": 23.333333333333332 }, "geometry": { "type": "Point", "coordinates": [ -2.216934300380452, 53.818408179504651 ] } },
{ "type": "Feature", "properties": { "visible_points": 30, "total_points": 120, "visibility_pct": 25.0 }, "geometry": { "type": "Point", "coordinates": [ -2.216723835596205, 53.818408560330219 ] } },
{ "type": "Feature", "properties": { "visible_points": 27, "total_points": 120, "visibility_pct": 22.5 }, "geometry": { "type": "Point", "coordinates": [ -2.216513370807177, 53.818408940786533 ] } },
{ "type": "Feature", "properties": { "visible_points": 29, "total_points": 120, "visibility_pct": 24.166666666666668 }, "geometry": { "type": "Point", "coordinates": [ -2.216302906013368, 53.818409320873599 ] } },
{ "type": "Feature", "properties": { "visible_points": 25, "total_points": 120, "visibility_pct": 20.833333333333336 }, "geometry": { "type": "Point", "coordinates": [ -2.216092441214791, 53.818409700591396 ] } },
{ "type": "Feature", "properties": { "visible_points": 31, "total_points": 120, "visibility_pct": 25.833333333333336 }, "geometry": { "type": "Point", "coordinates": [ -2.21588197641144, 53.818410079939945 ] } },
{ "type": "Feature", "properties": { "visible_points": 53, "total_points": 120, "visibility_pct": 44.166666666666664 }, "geometry": { "type": "Point", "coordinates": [ -2.21567151160333, 53.818410458919239 ] } },
{ "type": "Feature", "properties": { "visible_points": 50, "total_points": 120, "visibility_pct": 41.666666666666671 }, "geometry": { "type": "Point", "coordinates": [ -2.215461046790458, 53.818410837529285 ] } },
{ "type": "Feature", "properties": { "visible_points": 55, "total_points": 120, "visibility_pct": 45.833333333333329 }, "geometry": { "type": "Point", "coordinates": [ -2.215250581972834, 53.818411215770077 ] } },
{ "type": "Feature", "properties": { "visible_points": 56, "total_points": 120, "visibility_pct": 46.666666666666664 }, "geometry": { "type": "Point", "coordinates": [ -2.215040117150458, 53.818411593641628 ] } },
{ "type": "Feature", "properties": { "visible_points": 52, "total_points": 120, "visibility_pct": 43.333333333333336 }, "geometry": { "type": "Point", "coordinates": [ -2.214829652323337, 53.818411971143902 ] } },
{ "type": "Feature", "properties": { "visible_points": 61, "total_points": 120, "visibility_pct": 50.833333333333329 }, "geometry": { "type": "Point", "coordinates": [ -2.214619187491479, 53.818412348276937 ] } },
{ "type": "Feature", "properties": { "visible_points": 60, "total_points": 120, "visibility_pct": 50.0 }, "geometry": { "type": "Point", "coordinates": [ -2.214408722654881, 53.818412725040737 ] } },
{ "type": "Feature", "properties": { "visible_points": 68, "total_points": 120, "visibility_pct": 56.666666666666664 }, "geometry": { "type": "Point", "coordinates": [ -2.214198257813552, 53.818413101435247 ] } },
{ "type": "Feature", "properties": { "visible_points": 74, "total_points": 120, "visibility_pct": 61.666666666666671 }, "geometry": { "type": "Point", "coordinates": [ -2.213987792967499, 53.818413477460538 ] } },
{ "type": "Feature", "properties": { "visible_points": 74, "total_points": 120, "visibility_pct": 61.666666666666671 }, "geometry": { "type": "Point", "coordinates": [ -2.213777328116724, 53.818413853116546 ] } },
{ "type": "Feature", "properties": { "visible_points": 77, "total_points": 118, "visibility_pct": 65.254237288135599 }, "geometry": { "type": "Point", "coordinates": [ -2.213566863261232, 53.818414228403313 ] } },
{ "type": "Feature", "properties": { "visible_points": 71, "total_points": 115, "visibility_pct": 61.739130434782609 }, "geometry": { "type": "Point", "coordinates": [ -2.213356398401023, 53.818414603320825 ] } },
{ "type": "Feature", "properties": { "visible_points": 60, "total_points": 111, "visibility_pct": 54.054054054054056 }, "geometry": { "type": "Point", "coordinates": [ -2.213145933536111, 53.818414977869089 ] } },
{ "type": "Feature", "properties": { "visible_points": 54, "total_points": 106, "visibility_pct": 50.943396226415096 }, "geometry": { "type": "Point", "coordinates": [ -2.212935468666491, 53.818415352048085 ] } },
{ "type": "Feature", "properties": { "visible_points": 54, "total_points": 100, "visibility_pct": 54.0 }, "geometry": { "type": "Point", "coordinates": [ -2.212725003792179, 53.81841572585784 ] } },
{ "type": "Feature", "properties": { "visible_points": 53, "total_points": 95, "visibility_pct": 55.78947368421052 }, "geometry": { "type": "Point", "coordinates": [ -2.212514538913165, 53.818416099298339 ] } },
{ "type": "Feature", "properties": { "visible_points": 47, "total_points": 88, "visibility_pct": 53.409090909090907 }, "geometry": { "type": "Point", "coordinates": [ -2.212304074029467, 53.818416472369577 ] } },
{ "type": "Feature", "properties": { "visible_points": 40, "total_points": 81, "visibility_pct": 49.382716049382715 }, "geometry": { "type": "Point", "coordinates": [ -2.212093609141079, 53.818416845071575 ] } },
{ "type": "Feature", "properties": { "visible_points": 9, "total_points": 87, "visibility_pct": 10.344827586206897 }, "geometry": { "type": "Point", "coordinates": [ -2.217881954393349, 53.818514315540497 ] } },
{ "type": "Feature", "properties": { "visible_points": 8, "total_points": 97, "visibility_pct": 8.2474226804123703 }, "geometry": { "type": "Point", "coordinates": [ -2.217671489096104, 53.818514698034683 ] } },
{ "type": "Feature", "properties": { "visible_points": 12, "total_points": 106, "visibility_pct": 11.320754716981133 }, "geometry": { "type": "Point", "coordinates": [ -2.21746102379406, 53.818515080159628 ] } },
{ "type": "Feature", "properties": { "visible_points": 20, "total_points": 113, "visibility_pct": 17.699115044247787 }, "geometry": { "type": "Point", "coordinates": [ -2.217250558487218, 53.818515461915304 ] } },
{ "type": "Feature", "properties": { "visible_points": 25, "total_points": 118, "visibility_pct": 21.1864406779661 }, "geometry": { "type": "Point", "coordinates": [ -2.217040093175577, 53.818515843301732 ] } },
{ "type": "Feature", "properties": { "visible_points": 29, "total_points": 120, "visibility_pct": 24.166666666666668 }, "geometry": { "type": "Point", "coordinates": [ -2.21682962785915, 53.818516224318934 ] } },
{ "type": "Feature", "properties": { "visible_points": 30, "total_points": 120, "visibility_pct": 25.0 }, "geometry": { "type": "Point", "coordinates": [ -2.21661916253794, 53.818516604966845 ] } },
{ "type": "Feature", "properties": { "visible_points": 22, "total_points": 120, "visibility_pct": 18.333333333333332 }, "geometry": { "type": "Point", "coordinates": [ -2.216408697211949, 53.818516985245516 ] } },
{ "type": "Feature", "properties": { "visible_points": 24, "total_points": 120, "visibility_pct": 20.0 }, "geometry": { "type": "Point", "coordinates": [ -2.216198231881182, 53.818517365154918 ] } },
{ "type": "Feature", "properties": { "visible_points": 12, "total_points": 120, "visibility_pct": 10.0 }, "geometry": { "type": "Point", "coordinates": [ -2.215987766545645, 53.818517744695093 ] } },
{ "type": "Feature", "properties": { "visible_points": 43, "total_points": 120, "visibility_pct": 35.833333333333336 }, "geometry": { "type": "Point", "coordinates": [ -2.215777301205344, 53.818518123866006 ] } },
{ "type": "Feature", "properties": { "visible_points": 35, "total_points": 120, "visibility_pct": 29.166666666666668 }, "geometry": { "type": "Point", "coordinates": [ -2.215566835860276, 53.818518502667636 ] } },
{ "type": "Feature", "properties": { "visible_points": 42, "total_points": 120, "visibility_pct": 35.0 }, "geometry": { "type": "Point", "coordinates": [ -2.215356370510456, 53.81851888110004 ] } },
{ "type": "Feature", "properties": { "visible_points": 48, "total_points": 120, "visibility_pct": 40.0 }, "geometry": { "type": "Point", "coordinates": [ -2.215145905155884, 53.818519259163189 ] } },
{ "type": "Feature", "properties": { "visible_points": 51, "total_points": 120, "visibility_pct": 42.5 }, "geometry": { "type": "Point", "coordinates": [ -2.214935439796561, 53.818519636857069 ] } },
{ "type": "Feature", "properties": { "visible_points": 52, "total_points": 120, "visibility_pct": 43.333333333333336 }, "geometry": { "type": "Point", "coordinates": [ -2.214724974432499, 53.818520014181708 ] } },
{ "type": "Feature", "properties": { "visible_points": 59, "total_points": 120, "visibility_pct": 49.166666666666664 }, "geometry": { "type": "Point", "coordinates": [ -2.214514509063696, 53.818520391137078 ] } },
{ "type": "Feature", "properties": { "visible_points": 65, "total_points": 120, "visibility_pct": 54.166666666666664 }, "geometry": { "type": "Point", "coordinates": [ -2.214304043690162, 53.818520767723193 ] } },
{ "type": "Feature", "properties": { "visible_points": 65, "total_points": 120, "visibility_pct": 54.166666666666664 }, "geometry": { "type": "Point", "coordinates": [ -2.214093578311898, 53.818521143940082 ] } },
{ "type": "Feature", "properties": { "visible_points": 71, "total_points": 118, "visibility_pct": 60.169491525423723 }, "geometry": { "type": "Point", "coordinates": [ -2.213883112928907, 53.818521519787687 ] } },
{ "type": "Feature", "properties": { "visible_points": 68, "total_points": 115, "visibility_pct": 59.130434782608695 }, "geometry": { "type": "Point", "coordinates": [ -2.2136726475412, 53.818521895266045 ] } },
{ "type": "Feature", "properties": { "visible_points": 65, "total_points": 111, "visibility_pct": 58.558558558558559 }, "geometry": { "type": "Point", "coordinates": [ -2.213462182148779, 53.818522270375155 ] } },
{ "type": "Feature", "properties": { "visible_points": 56, "total_points": 106, "visibility_pct": 52.830188679245282 }, "geometry": { "type": "Point", "coordinates": [ -2.213251716751646, 53.818522645114996 ] } },
{ "type": "Feature", "properties": { "visible_points": 50, "total_points": 100, "visibility_pct": 50.0 }, "geometry": { "type": "Point", "coordinates": [ -2.213041251349803, 53.818523019485582 ] } },
{ "type": "Feature", "properties": { "visible_points": 43, "total_points": 95, "visibility_pct": 45.263157894736842 }, "geometry": { "type": "Point", "coordinates": [ -2.212830785943263, 53.81852339348692 ] } },
{ "type": "Feature", "properties": { "visible_points": 48, "total_points": 89, "visibility_pct": 53.932584269662918 }, "geometry": { "type": "Point", "coordinates": [ -2.212620320532027, 53.818523767119004 ] } },
{ "type": "Feature", "properties": { "visible_points": 43, "total_points": 82, "visibility_pct": 52.439024390243901 }, "geometry": { "type": "Point", "coordinates": [ -2.2124098551161, 53.818524140381825 ] } },
{ "type": "Feature", "properties": { "visible_points": 15, "total_points": 88, "visibility_pct": 17.045454545454543 }, "geometry": { "type": "Point", "coordinates": [ -2.217777284024715, 53.818622361155661 ] } },
{ "type": "Feature", "properties": { "visible_points": 0, "total_points": 98, "visibility_pct": 0.0 }, "geometry": { "type": "Point", "coordinates": [ -2.217566818190486, 53.818622743472211 ] } },
{ "type": "Feature", "properties": { "visible_points": 0, "total_points": 107, "visibility_pct": 0.0 }, "geometry": { "type": "Point", "coordinates": [ -2.217356352351471, 53.818623125419514 ] } },
{ "type": "Feature", "properties": { "visible_points": 14, "total_points": 114, "visibility_pct": 12.280701754385964 }, "geometry": { "type": "Point", "coordinates": [ -2.217145886507651, 53.818623506997547 ] } },
{ "type": "Feature", "properties": { "visible_points": 22, "total_points": 119, "visibility_pct": 18.487394957983195 }, "geometry": { "type": "Point", "coordinates": [ -2.216935420659045, 53.818623888206353 ] } },
{ "type": "Feature", "properties": { "visible_points": 24, "total_points": 120, "visibility_pct": 20.0 }, "geometry": { "type": "Point", "coordinates": [ -2.21672495480565, 53.818624269045877 ] } },
{ "type": "Feature", "properties": { "visible_points": 19, "total_points": 120, "visibility_pct": 15.833333333333332 }, "geometry": { "type": "Point", "coordinates": [ -2.216514488947471, 53.818624649516167 ] } },
{ "type": "Feature", "properties": { "visible_points": 17, "total_points": 120, "visibility_pct": 14.166666666666666 }, "geometry": { "type": "Point", "coordinates": [ -2.216304023084513, 53.818625029617188 ] } },
{ "type": "Feature", "properties": { "visible_points": 15, "total_points": 120, "visibility_pct": 12.5 }, "geometry": { "type": "Point", "coordinates": [ -2.216093557216788, 53.818625409348968 ] } },
{ "type": "Feature", "properties": { "visible_points": 31, "total_points": 120, "visibility_pct": 25.833333333333336 }, "geometry": { "type": "Point", "coordinates": [ -2.21588309134429, 53.818625788711472 ] } },
{ "type": "Feature", "properties": { "visible_points": 43, "total_points": 120, "visibility_pct": 35.833333333333336 }, "geometry": { "type": "Point", "coordinates": [ -2.215672625467031, 53.818626167704728 ] } },
{ "type": "Feature", "properties": { "visible_points": 14, "total_points": 120, "visibility_pct": 11.666666666666666 }, "geometry": { "type": "Point", "coordinates": [ -2.215462159585011, 53.818626546328737 ] } },
{ "type": "Feature", "properties": { "visible_points": 40, "total_points": 120, "visibility_pct": 33.333333333333329 }, "geometry": { "type": "Point", "coordinates": [ -2.215251693698238, 53.818626924583484 ] } },
{ "type": "Feature", "properties": { "visible_points": 50, "total_points": 120, "visibility_pct": 41.666666666666671 }, "geometry": { "type": "Point", "coordinates": [ -2.215041227806712, 53.818627302468968 ] } },
{ "type": "Feature", "properties": { "visible_points": 55, "total_points": 120, "visibility_pct": 45.833333333333329 }, "geometry": { "type": "Point", "coordinates": [ -2.214830761910442, 53.818627679985212 ] } },
{ "type": "Feature", "properties": { "visible_points": 60, "total_points": 120, "visibility_pct": 50.0 }, "geometry": { "type": "Point", "coordinates": [ -2.214620296009437, 53.81862805713218 ] } },
{ "type": "Feature", "properties": { "visible_points": 57, "total_points": 120, "visibility_pct": 47.5 }, "geometry": { "type": "Point", "coordinates": [ -2.214409830103691, 53.818628433909907 ] } },
{ "type": "Feature", "properties": { "visible_points": 59, "total_points": 119, "visibility_pct": 49.579831932773111 }, "geometry": { "type": "Point", "coordinates": [ -2.214199364193212, 53.818628810318366 ] } },
{ "type": "Feature", "properties": { "visible_points": 66, "total_points": 116, "visibility_pct": 56.896551724137936 }, "geometry": { "type": "Point", "coordinates": [ -2.213988898278008, 53.818629186357569 ] } },
{ "type": "Feature", "properties": { "visible_points": 65, "total_points": 112, "visibility_pct": 58.035714285714292 }, "geometry": { "type": "Point", "coordinates": [ -2.213778432358086, 53.818629562027525 ] } },
{ "type": "Feature", "properties": { "visible_points": 65, "total_points": 107, "visibility_pct": 60.747663551401864 }, "geometry": { "type": "Point", "coordinates": [ -2.213567966433445, 53.818629937328218 ] } },
{ "type": "Feature", "properties": { "visible_points": 61, "total_points": 101, "visibility_pct": 60.396039603960396 }, "geometry": { "type": "Point", "coordinates": [ -2.213357500504086, 53.818630312259664 ] } },
{ "type": "Feature", "properties": { "visible_points": 53, "total_points": 95, "visibility_pct": 55.78947368421052 }, "geometry": { "type": "Point", "coordinates": [ -2.213147034570023, 53.818630686821827 ] } },
{ "type": "Feature", "properties": { "visible_points": 42, "total_points": 89, "visibility_pct": 47.191011235955052 }, "geometry": { "type": "Point", "coordinates": [ -2.212936568631255, 53.818631061014756 ] } },
{ "type": "Feature", "properties": { "visible_points": 39, "total_points": 82, "visibility_pct": 47.560975609756099 }, "geometry": { "type": "Point", "coordinates": [ -2.212726102687792, 53.81863143483843 ] } },
{ "type": "Feature", "properties": { "visible_points": 11, "total_points": 90, "visibility_pct": 12.222222222222221 }, "geometry": { "type": "Point", "coordinates": [ -2.217672613123881, 53.818730406683486 ] } },
{ "type": "Feature", "properties": { "visible_points": 9, "total_points": 100, "visibility_pct": 9.0 }, "geometry": { "type": "Point", "coordinates": [ -2.217462146752683, 53.818730788822435 ] } },
{ "type": "Feature", "properties": { "visible_points": 32, "total_points": 108, "visibility_pct": 29.629629629629626 }, "geometry": { "type": "Point", "coordinates": [ -2.217251680376685, 53.818731170592095 ] } },
{ "type": "Feature", "properties": { "visible_points": 11, "total_points": 115, "visibility_pct": 9.5652173913043477 }, "geometry": { "type": "Point", "coordinates": [ -2.217041213995892, 53.818731551992506 ] } },
{ "type": "Feature", "properties": { "visible_points": 22, "total_points": 120, "visibility_pct": 18.333333333333332 }, "geometry": { "type": "Point", "coordinates": [ -2.216830747610308, 53.818731933023649 ] } },
{ "type": "Feature", "properties": { "visible_points": 13, "total_points": 120, "visibility_pct": 10.833333333333334 }, "geometry": { "type": "Point", "coordinates": [ -2.216620281219944, 53.81873231368553 ] } },
{ "type": "Feature", "properties": { "visible_points": 18, "total_points": 120, "visibility_pct": 15.0 }, "geometry": { "type": "Point", "coordinates": [ -2.216409814824797, 53.818732693978177 ] } },
{ "type": "Feature", "properties": { "visible_points": 21, "total_points": 120, "visibility_pct": 17.5 }, "geometry": { "type": "Point", "coordinates": [ -2.216199348424875, 53.818733073901555 ] } },
{ "type": "Feature", "properties": { "visible_points": 12, "total_points": 120, "visibility_pct": 10.0 }, "geometry": { "type": "Point", "coordinates": [ -2.215988882020181, 53.818733453455685 ] } },
{ "type": "Feature", "properties": { "visible_points": 27, "total_points": 120, "visibility_pct": 22.5 }, "geometry": { "type": "Point", "coordinates": [ -2.215778415610723, 53.81873383264054 ] } },
{ "type": "Feature", "properties": { "visible_points": 33, "total_points": 120, "visibility_pct": 27.5 }, "geometry": { "type": "Point", "coordinates": [ -2.215567949196504, 53.818734211456153 ] } },
{ "type": "Feature", "properties": { "visible_points": 28, "total_points": 120, "visibility_pct": 23.333333333333332 }, "geometry": { "type": "Point", "coordinates": [ -2.215357482777526, 53.818734589902512 ] } },
{ "type": "Feature", "properties": { "visible_points": 47, "total_points": 120, "visibility_pct": 39.166666666666664 }, "geometry": { "type": "Point", "coordinates": [ -2.215147016353798, 53.818734967979609 ] } },
{ "type": "Feature", "properties": { "visible_points": 63, "total_points": 120, "visibility_pct": 52.5 }, "geometry": { "type": "Point", "coordinates": [ -2.214936549925323, 53.818735345687429 ] } },
{ "type": "Feature", "properties": { "visible_points": 60, "total_points": 120, "visibility_pct": 50.0 }, "geometry": { "type": "Point", "coordinates": [ -2.214726083492101, 53.818735723026023 ] } },
{ "type": "Feature", "properties": { "visible_points": 65, "total_points": 120, "visibility_pct": 54.166666666666664 }, "geometry": { "type": "Point", "coordinates": [ -2.214515617054144, 53.818736099995334 ] } },
{ "type": "Feature", "properties": { "visible_points": 61, "total_points": 118, "visibility_pct": 51.694915254237287 }, "geometry": { "type": "Point", "coordinates": [ -2.214305150611452, 53.81873647659539 ] } },
{ "type": "Feature", "properties": { "visible_points": 62, "total_points": 115, "visibility_pct": 53.913043478260867 }, "geometry": { "type": "Point", "coordinates": [ -2.214094684164036, 53.818736852826191 ] } },
{ "type": "Feature", "properties": { "visible_points": 63, "total_points": 110, "visibility_pct": 57.272727272727273 }, "geometry": { "type": "Point", "coordinates": [ -2.213884217711886, 53.818737228687745 ] } },
{ "type": "Feature", "properties": { "visible_points": 60, "total_points": 104, "visibility_pct": 57.692307692307686 }, "geometry": { "type": "Point", "coordinates": [ -2.213673751255024, 53.818737604180043 ] } },
{ "type": "Feature", "properties": { "visible_points": 59, "total_points": 98, "visibility_pct": 60.204081632653065 }, "geometry": { "type": "Point", "coordinates": [ -2.213463284793445, 53.818737979303059 ] } },
{ "type": "Feature", "properties": { "visible_points": 56, "total_points": 91, "visibility_pct": 61.53846153846154 }, "geometry": { "type": "Point", "coordinates": [ -2.213252818327154, 53.81873835405684 ] } },
{ "type": "Feature", "properties": { "visible_points": 46, "total_points": 83, "visibility_pct": 55.421686746987952 }, "geometry": { "type": "Point", "coordinates": [ -2.213042351856157, 53.818738728441353 ] } },
{ "type": "Feature", "properties": { "visible_points": 14, "total_points": 93, "visibility_pct": 15.053763440860216 }, "geometry": { "type": "Point", "coordinates": [ -2.21756794169086, 53.818838452124062 ] } },
{ "type": "Feature", "properties": { "visible_points": 1, "total_points": 102, "visibility_pct": 0.98039215686274506 }, "geometry": { "type": "Point", "coordinates": [ -2.217357474782672, 53.818838834085348 ] } },
{ "type": "Feature", "properties": { "visible_points": 5, "total_points": 110, "visibility_pct": 4.5454545454545459 }, "geometry": { "type": "Point", "coordinates": [ -2.217147007869695, 53.818839215677372 ] } },
{ "type": "Feature", "properties": { "visible_points": 10, "total_points": 117, "visibility_pct": 8.5470085470085468 }, "geometry": { "type": "Point", "coordinates": [ -2.216936540951927, 53.818839596900141 ] } },
{ "type": "Feature", "properties": { "visible_points": 14, "total_points": 120, "visibility_pct": 11.666666666666666 }, "geometry": { "type": "Point", "coordinates": [ -2.216726074029364, 53.81883997775364 ] } },
{ "type": "Feature", "properties": { "visible_points": 0, "total_points": 120, "visibility_pct": 0.0 }, "geometry": { "type": "Point", "coordinates": [ -2.216515607102028, 53.8188403582379 ] } },
{ "type": "Feature", "properties": { "visible_points": 21, "total_points": 120, "visibility_pct": 17.5 }, "geometry": { "type": "Point", "coordinates": [ -2.216305140169907, 53.818840738352883 ] } },
{ "type": "Feature", "properties": { "visible_points": 20, "total_points": 120, "visibility_pct": 16.666666666666664 }, "geometry": { "type": "Point", "coordinates": [ -2.21609467323302, 53.818841118098625 ] } },
{ "type": "Feature", "properties": { "visible_points": 30, "total_points": 120, "visibility_pct": 25.0 }, "geometry": { "type": "Point", "coordinates": [ -2.21588420629136, 53.818841497475098 ] } },
{ "type": "Feature", "properties": { "visible_points": 28, "total_points": 120, "visibility_pct": 23.333333333333332 }, "geometry": { "type": "Point", "coordinates": [ -2.215673739344936, 53.81884187648231 ] } },
{ "type": "Feature", "properties": { "visible_points": 26, "total_points": 120, "visibility_pct": 21.666666666666668 }, "geometry": { "type": "Point", "coordinates": [ -2.215463272393758, 53.818842255120273 ] } },
{ "type": "Feature", "properties": { "visible_points": 42, "total_points": 120, "visibility_pct": 35.0 }, "geometry": { "type": "Point", "coordinates": [ -2.215252805437817, 53.818842633388968 ] } },
{ "type": "Feature", "properties": { "visible_points": 54, "total_points": 120, "visibility_pct": 45.0 }, "geometry": { "type": "Point", "coordinates": [ -2.215042338477132, 53.818843011288408 ] } },
{ "type": "Feature", "properties": { "visible_points": 68, "total_points": 120, "visibility_pct": 56.666666666666664 }, "geometry": { "type": "Point", "coordinates": [ -2.214831871511702, 53.818843388818578 ] } },
{ "type": "Feature", "properties": { "visible_points": 49, "total_points": 120, "visibility_pct": 40.833333333333336 }, "geometry": { "type": "Point", "coordinates": [ -2.214621404541527, 53.818843765979516 ] } },
{ "type": "Feature", "properties": { "visible_points": 58, "total_points": 118, "visibility_pct": 49.152542372881356 }, "geometry": { "type": "Point", "coordinates": [ -2.214410937566622, 53.818844142771169 ] } },
{ "type": "Feature", "properties": { "visible_points": 52, "total_points": 114, "visibility_pct": 45.614035087719294 }, "geometry": { "type": "Point", "coordinates": [ -2.21420047058698, 53.818844519193554 ] } },
{ "type": "Feature", "properties": { "visible_points": 58, "total_points": 109, "visibility_pct": 53.211009174311933 }, "geometry": { "type": "Point", "coordinates": [ -2.213990003602614, 53.81884489524672 ] } },
{ "type": "Feature", "properties": { "visible_points": 56, "total_points": 103, "visibility_pct": 54.368932038834949 }, "geometry": { "type": "Point", "coordinates": [ -2.213779536613526, 53.818845270930602 ] } },
{ "type": "Feature", "properties": { "visible_points": 49, "total_points": 96, "visibility_pct": 51.041666666666664 }, "geometry": { "type": "Point", "coordinates": [ -2.213569069619723, 53.818845646245222 ] } },
{ "type": "Feature", "properties": { "visible_points": 57, "total_points": 88, "visibility_pct": 64.772727272727266 }, "geometry": { "type": "Point", "coordinates": [ -2.213358602621198, 53.818846021190588 ] } },
{ "type": "Feature", "properties": { "visible_points": 11, "total_points": 97, "visibility_pct": 11.340206185567011 }, "geometry": { "type": "Point", "coordinates": [ -2.217463269725628, 53.81894649747732 ] } },
{ "type": "Feature", "properties": { "visible_points": 0, "total_points": 105, "visibility_pct": 0.0 }, "geometry": { "type": "Point", "coordinates": [ -2.217252802280464, 53.818946879260963 ] } },
{ "type": "Feature", "properties": { "visible_points": 9, "total_points": 113, "visibility_pct": 7.9646017699115044 }, "geometry": { "type": "Point", "coordinates": [ -2.2170423348305, 53.818947260675351 ] } },
{ "type": "Feature", "properties": { "visible_points": 11, "total_points": 119, "visibility_pct": 9.2436974789915975 }, "geometry": { "type": "Point", "coordinates": [ -2.21683186737575, 53.818947641720463 ] } },
{ "type": "Feature", "properties": { "visible_points": 10, "total_points": 120, "visibility_pct": 8.3333333333333321 }, "geometry": { "type": "Point", "coordinates": [ -2.216621399916213, 53.818948022396341 ] } },
{ "type": "Feature", "properties": { "visible_points": 8, "total_points": 120, "visibility_pct": 6.666666666666667 }, "geometry": { "type": "Point", "coordinates": [ -2.216410932451899, 53.818948402702937 ] } },
{ "type": "Feature", "properties": { "visible_points": 16, "total_points": 120, "visibility_pct": 13.333333333333334 }, "geometry": { "type": "Point", "coordinates": [ -2.216200464982808, 53.818948782640284 ] } },
{ "type": "Feature", "properties": { "visible_points": 33, "total_points": 120, "visibility_pct": 27.5 }, "geometry": { "type": "Point", "coordinates": [ -2.215989997508947, 53.818949162208376 ] } },
{ "type": "Feature", "properties": { "visible_points": 47, "total_points": 120, "visibility_pct": 39.166666666666664 }, "geometry": { "type": "Point", "coordinates": [ -2.215779530030317, 53.8189495414072 ] } },
{ "type": "Feature", "properties": { "visible_points": 34, "total_points": 120, "visibility_pct": 28.333333333333332 }, "geometry": { "type": "Point", "coordinates": [ -2.215569062546928, 53.818949920236754 ] } },
{ "type": "Feature", "properties": { "visible_points": 33, "total_points": 120, "visibility_pct": 27.5 }, "geometry": { "type": "Point", "coordinates": [ -2.215358595058782, 53.818950298697054 ] } },
{ "type": "Feature", "properties": { "visible_points": 46, "total_points": 120, "visibility_pct": 38.333333333333336 }, "geometry": { "type": "Point", "coordinates": [ -2.215148127565885, 53.818950676788113 ] } },
{ "type": "Feature", "properties": { "visible_points": 61, "total_points": 120, "visibility_pct": 50.833333333333329 }, "geometry": { "type": "Point", "coordinates": [ -2.214937660068238, 53.818951054509895 ] } },
{ "type": "Feature", "properties": { "visible_points": 50, "total_points": 120, "visibility_pct": 41.666666666666671 }, "geometry": { "type": "Point", "coordinates": [ -2.214727192565851, 53.818951431862409 ] } },
{ "type": "Feature", "properties": { "visible_points": 53, "total_points": 118, "visibility_pct": 44.915254237288138 }, "geometry": { "type": "Point", "coordinates": [ -2.21451672505872, 53.818951808845675 ] } },
{ "type": "Feature", "properties": { "visible_points": 54, "total_points": 114, "visibility_pct": 47.368421052631575 }, "geometry": { "type": "Point", "coordinates": [ -2.21430625754686, 53.818952185459672 ] } },
{ "type": "Feature", "properties": { "visible_points": 59, "total_points": 109, "visibility_pct": 54.128440366972477 }, "geometry": { "type": "Point", "coordinates": [ -2.214095790030269, 53.818952561704421 ] } },
{ "type": "Feature", "properties": { "visible_points": 56, "total_points": 103, "visibility_pct": 54.368932038834949 }, "geometry": { "type": "Point", "coordinates": [ -2.213885322508956, 53.818952937579894 ] } },
{ "type": "Feature", "properties": { "visible_points": 47, "total_points": 95, "visibility_pct": 49.473684210526315 }, "geometry": { "type": "Point", "coordinates": [ -2.213674854982918, 53.818953313086119 ] } },
{ "type": "Feature", "properties": { "visible_points": 11, "total_points": 92, "visibility_pct": 11.956521739130435 }, "geometry": { "type": "Point", "coordinates": [ -2.217569065205556, 53.819054160768005 ] } },
{ "type": "Feature", "properties": { "visible_points": 8, "total_points": 101, "visibility_pct": 7.9207920792079207 }, "geometry": { "type": "Point", "coordinates": [ -2.217358597228197, 53.819054542743281 ] } },
{ "type": "Feature", "properties": { "visible_points": 12, "total_points": 109, "visibility_pct": 11.009174311926607 }, "geometry": { "type": "Point", "coordinates": [ -2.217148129246041, 53.819054924349274 ] } },
{ "type": "Feature", "properties": { "visible_points": 13, "total_points": 116, "visibility_pct": 11.206896551724139 }, "geometry": { "type": "Point", "coordinates": [ -2.216937661259095, 53.819055305586019 ] } },
{ "type": "Feature", "properties": { "visible_points": 0, "total_points": 120, "visibility_pct": 0.0 }, "geometry": { "type": "Point", "coordinates": [ -2.216727193267359, 53.819055686453503 ] } },
{ "type": "Feature", "properties": { "visible_points": 11, "total_points": 120, "visibility_pct": 9.1666666666666661 }, "geometry": { "type": "Point", "coordinates": [ -2.216516725270845, 53.819056066951724 ] } },
{ "type": "Feature", "properties": { "visible_points": 20, "total_points": 120, "visibility_pct": 16.666666666666664 }, "geometry": { "type": "Point", "coordinates": [ -2.216306257269555, 53.819056447080683 ] } },
{ "type": "Feature", "properties": { "visible_points": 31, "total_points": 120, "visibility_pct": 25.833333333333336 }, "geometry": { "type": "Point", "coordinates": [ -2.216095789263484, 53.819056826840374 ] } },
{ "type": "Feature", "properties": { "visible_points": 54, "total_points": 120, "visibility_pct": 45.0 }, "geometry": { "type": "Point", "coordinates": [ -2.215885321252649, 53.819057206230816 ] } },
{ "type": "Feature", "properties": { "visible_points": 50, "total_points": 120, "visibility_pct": 41.666666666666671 }, "geometry": { "type": "Point", "coordinates": [ -2.215674853237051, 53.81905758525199 ] } },
{ "type": "Feature", "properties": { "visible_points": 40, "total_points": 120, "visibility_pct": 33.333333333333329 }, "geometry": { "type": "Point", "coordinates": [ -2.215464385216692, 53.819057963903894 ] } },
{ "type": "Feature", "properties": { "visible_points": 41, "total_points": 120, "visibility_pct": 34.166666666666664 }, "geometry": { "type": "Point", "coordinates": [ -2.215253917191577, 53.819058342186551 ] } },
{ "type": "Feature", "properties": { "visible_points": 52, "total_points": 120, "visibility_pct": 43.333333333333336 }, "geometry": { "type": "Point", "coordinates": [ -2.215043449161719, 53.819058720099932 ] } },
{ "type": "Feature", "properties": { "visible_points": 61, "total_points": 120, "visibility_pct": 50.833333333333329 }, "geometry": { "type": "Point", "coordinates": [ -2.214832981127108, 53.819059097644065 ] } },
{ "type": "Feature", "properties": { "visible_points": 68, "total_points": 118, "visibility_pct": 57.627118644067799 }, "geometry": { "type": "Point", "coordinates": [ -2.214622513087757, 53.819059474818935 ] } },
{ "type": "Feature", "properties": { "visible_points": 51, "total_points": 115, "visibility_pct": 44.347826086956523 }, "geometry": { "type": "Point", "coordinates": [ -2.214412045043673, 53.81905985162453 ] } },
{ "type": "Feature", "properties": { "visible_points": 54, "total_points": 110, "visibility_pct": 49.090909090909093 }, "geometry": { "type": "Point", "coordinates": [ -2.214201576994858, 53.81906022806087 ] } },
{ "type": "Feature", "properties": { "visible_points": 53, "total_points": 103, "visibility_pct": 51.456310679611647 }, "geometry": { "type": "Point", "coordinates": [ -2.213991108941312, 53.819060604127941 ] } },
{ "type": "Feature", "properties": { "visible_points": 9, "total_points": 97, "visibility_pct": 9.2783505154639183 }, "geometry": { "type": "Point", "coordinates": [ -2.217464392712903, 53.81916220612429 ] } },
{ "type": "Feature", "properties": { "visible_points": 16, "total_points": 106, "visibility_pct": 15.09433962264151 }, "geometry": { "type": "Point", "coordinates": [ -2.21725392419855, 53.819162587921923 ] } },
{ "type": "Feature", "properties": { "visible_points": 20, "total_points": 113, "visibility_pct": 17.699115044247787 }, "geometry": { "type": "Point", "coordinates": [ -2.217043455679407, 53.819162969350288 ] } },
{ "type": "Feature", "properties": { "visible_points": 18, "total_points": 118, "visibility_pct": 15.254237288135593 }, "geometry": { "type": "Point", "coordinates": [ -2.216832987155474, 53.819163350409383 ] } },
{ "type": "Feature", "properties": { "visible_points": 21, "total_points": 120, "visibility_pct": 17.5 }, "geometry": { "type": "Point", "coordinates": [ -2.216622518626757, 53.819163731099216 ] } },
{ "type": "Feature", "properties": { "visible_points": 18, "total_points": 120, "visibility_pct": 15.0 }, "geometry": { "type": "Point", "coordinates": [ -2.216412050093254, 53.819164111419802 ] } },
{ "type": "Feature", "properties": { "visible_points": 27, "total_points": 120, "visibility_pct": 22.5 }, "geometry": { "type": "Point", "coordinates": [ -2.216201581554982, 53.819164491371112 ] } },
{ "type": "Feature", "properties": { "visible_points": 37, "total_points": 120, "visibility_pct": 30.833333333333336 }, "geometry": { "type": "Point", "coordinates": [ -2.215991113011938, 53.819164870953166 ] } },
{ "type": "Feature", "properties": { "visible_points": 50, "total_points": 120, "visibility_pct": 41.666666666666671 }, "geometry": { "type": "Point", "coordinates": [ -2.215780644464126, 53.819165250165938 ] } },
{ "type": "Feature", "properties": { "visible_points": 35, "total_points": 120, "visibility_pct": 29.166666666666668 }, "geometry": { "type": "Point", "coordinates": [ -2.215570175911551, 53.819165629009461 ] } },
{ "type": "Feature", "properties": { "visible_points": 49, "total_points": 120, "visibility_pct": 40.833333333333336 }, "geometry": { "type": "Point", "coordinates": [ -2.215359707354227, 53.819166007483716 ] } },
{ "type": "Feature", "properties": { "visible_points": 44, "total_points": 120, "visibility_pct": 36.666666666666664 }, "geometry": { "type": "Point", "coordinates": [ -2.215149238792141, 53.819166385588701 ] } },
{ "type": "Feature", "properties": { "visible_points": 56, "total_points": 120, "visibility_pct": 46.666666666666664 }, "geometry": { "type": "Point", "coordinates": [ -2.21493877022531, 53.819166763324432 ] } },
{ "type": "Feature", "properties": { "visible_points": 66, "total_points": 119, "visibility_pct": 55.462184873949582 }, "geometry": { "type": "Point", "coordinates": [ -2.214728301653738, 53.819167140690894 ] } },
{ "type": "Feature", "properties": { "visible_points": 51, "total_points": 116, "visibility_pct": 43.96551724137931 }, "geometry": { "type": "Point", "coordinates": [ -2.214517833077429, 53.819167517688115 ] } },
{ "type": "Feature", "properties": { "visible_points": 63, "total_points": 111, "visibility_pct": 56.756756756756758 }, "geometry": { "type": "Point", "coordinates": [ -2.21430736449638, 53.819167894316053 ] } },
{ "type": "Feature", "properties": { "visible_points": 9, "total_points": 93, "visibility_pct": 9.67741935483871 }, "geometry": { "type": "Point", "coordinates": [ -2.217570188734582, 53.819269869404032 ] } },
{ "type": "Feature", "properties": { "visible_points": 13, "total_points": 103, "visibility_pct": 12.621359223300971 }, "geometry": { "type": "Point", "coordinates": [ -2.217359719688037, 53.819270251393277 ] } },
{ "type": "Feature", "properties": { "visible_points": 15, "total_points": 111, "visibility_pct": 13.513513513513514 }, "geometry": { "type": "Point", "coordinates": [ -2.21714925063669, 53.819270633013261 ] } },
{ "type": "Feature", "properties": { "visible_points": 21, "total_points": 116, "visibility_pct": 18.103448275862068 }, "geometry": { "type": "Point", "coordinates": [ -2.216938781580557, 53.819271014263983 ] } },
{ "type": "Feature", "properties": { "visible_points": 25, "total_points": 120, "visibility_pct": 20.833333333333336 }, "geometry": { "type": "Point", "coordinates": [ -2.21672831251963, 53.819271395145449 ] } },
{ "type": "Feature", "properties": { "visible_points": 30, "total_points": 120, "visibility_pct": 25.0 }, "geometry": { "type": "Point", "coordinates": [ -2.216517843453927, 53.819271775657619 ] } },
{ "type": "Feature", "properties": { "visible_points": 24, "total_points": 120, "visibility_pct": 20.0 }, "geometry": { "type": "Point", "coordinates": [ -2.216307374383442, 53.819272155800547 ] } },
{ "type": "Feature", "properties": { "visible_points": 20, "total_points": 120, "visibility_pct": 16.666666666666664 }, "geometry": { "type": "Point", "coordinates": [ -2.216096905308186, 53.819272535574228 ] } },
{ "type": "Feature", "properties": { "visible_points": 41, "total_points": 120, "visibility_pct": 34.166666666666664 }, "geometry": { "type": "Point", "coordinates": [ -2.215886436228157, 53.819272914978612 ] } },
{ "type": "Feature", "properties": { "visible_points": 45, "total_points": 120, "visibility_pct": 37.5 }, "geometry": { "type": "Point", "coordinates": [ -2.215675967143371, 53.819273294013733 ] } },
{ "type": "Feature", "properties": { "visible_points": 37, "total_points": 120, "visibility_pct": 30.833333333333336 }, "geometry": { "type": "Point", "coordinates": [ -2.215465498053822, 53.819273672679607 ] } },
{ "type": "Feature", "properties": { "visible_points": 49, "total_points": 120, "visibility_pct": 40.833333333333336 }, "geometry": { "type": "Point", "coordinates": [ -2.215255028959517, 53.819274050976205 ] } },
{ "type": "Feature", "properties": { "visible_points": 59, "total_points": 120, "visibility_pct": 49.166666666666664 }, "geometry": { "type": "Point", "coordinates": [ -2.215044559860462, 53.819274428903533 ] } },
{ "type": "Feature", "properties": { "visible_points": 63, "total_points": 120, "visibility_pct": 52.5 }, "geometry": { "type": "Point", "coordinates": [ -2.214834090756662, 53.819274806461614 ] } },
{ "type": "Feature", "properties": { "visible_points": 69, "total_points": 117, "visibility_pct": 58.974358974358978 }, "geometry": { "type": "Point", "coordinates": [ -2.214623621648126, 53.81927518365044 ] } },
{ "type": "Feature", "properties": { "visible_points": 66, "total_points": 113, "visibility_pct": 58.407079646017699 }, "geometry": { "type": "Point", "coordinates": [ -2.214413152534851, 53.819275560469961 ] } },
{ "type": "Feature", "properties": { "visible_points": 62, "total_points": 107, "visibility_pct": 57.943925233644855 }, "geometry": { "type": "Point", "coordinates": [ -2.214202683416841, 53.819275936920242 ] } },
{ "type": "Feature", "properties": { "visible_points": 20, "total_points": 100, "visibility_pct": 20.0 }, "geometry": { "type": "Point", "coordinates": [ -2.217465515714502, 53.819377914763365 ] } },
{ "type": "Feature", "properties": { "visible_points": 17, "total_points": 109, "visibility_pct": 15.596330275229359 }, "geometry": { "type": "Point", "coordinates": [ -2.21725504613095, 53.819378296574968 ] } },
{ "type": "Feature", "properties": { "visible_points": 19, "total_points": 115, "visibility_pct": 16.521739130434781 }, "geometry": { "type": "Point", "coordinates": [ -2.217044576542612, 53.819378678017316 ] } },
{ "type": "Feature", "properties": { "visible_points": 30, "total_points": 119, "visibility_pct": 25.210084033613445 }, "geometry": { "type": "Point", "coordinates": [ -2.21683410694948, 53.819379059090387 ] } },
{ "type": "Feature", "properties": { "visible_points": 41, "total_points": 120, "visibility_pct": 34.166666666666664 }, "geometry": { "type": "Point", "coordinates": [ -2.216623637351567, 53.81937943979419 ] } },
{ "type": "Feature", "properties": { "visible_points": 26, "total_points": 120, "visibility_pct": 21.666666666666668 }, "geometry": { "type": "Point", "coordinates": [ -2.216413167748866, 53.819379820128731 ] } },
{ "type": "Feature", "properties": { "visible_points": 33, "total_points": 120, "visibility_pct": 27.5 }, "geometry": { "type": "Point", "coordinates": [ -2.2162026981414, 53.81938020009401 ] } },
{ "type": "Feature", "properties": { "visible_points": 30, "total_points": 120, "visibility_pct": 25.0 }, "geometry": { "type": "Point", "coordinates": [ -2.215992228529158, 53.819380579690019 ] } },
{ "type": "Feature", "properties": { "visible_points": 38, "total_points": 120, "visibility_pct": 31.666666666666664 }, "geometry": { "type": "Point", "coordinates": [ -2.215781758912145, 53.819380958916767 ] } },
{ "type": "Feature", "properties": { "visible_points": 44, "total_points": 120, "visibility_pct": 36.666666666666664 }, "geometry": { "type": "Point", "coordinates": [ -2.215571289290377, 53.819381337774232 ] } },
{ "type": "Feature", "properties": { "visible_points": 49, "total_points": 120, "visibility_pct": 40.833333333333336 }, "geometry": { "type": "Point", "coordinates": [ -2.215360819663852, 53.819381716262455 ] } },
{ "type": "Feature", "properties": { "visible_points": 49, "total_points": 120, "visibility_pct": 40.833333333333336 }, "geometry": { "type": "Point", "coordinates": [ -2.21515035003257, 53.819382094381403 ] } },
{ "type": "Feature", "properties": { "visible_points": 58, "total_points": 120, "visibility_pct": 48.333333333333336 }, "geometry": { "type": "Point", "coordinates": [ -2.214939880396544, 53.819382472131075 ] } },
{ "type": "Feature", "properties": { "visible_points": 69, "total_points": 119, "visibility_pct": 57.983193277310932 }, "geometry": { "type": "Point", "coordinates": [ -2.214729410755774, 53.819382849511491 ] } },
{ "type": "Feature", "properties": { "visible_points": 69, "total_points": 115, "visibility_pct": 60.0 }, "geometry": { "type": "Point", "coordinates": [ -2.214518941110261, 53.819383226522639 ] } },
{ "type": "Feature", "properties": { "visible_points": 70, "total_points": 110, "visibility_pct": 63.636363636363633 }, "geometry": { "type": "Point", "coordinates": [ -2.214308471460021, 53.819383603164503 ] } },
{ "type": "Feature", "properties": { "visible_points": 59, "total_points": 103, "visibility_pct": 57.28155339805825 }, "geometry": { "type": "Point", "coordinates": [ -2.214098001805048, 53.819383979437127 ] } },
{ "type": "Feature", "properties": { "visible_points": 30, "total_points": 106, "visibility_pct": 28.30188679245283 }, "geometry": { "type": "Point", "coordinates": [ -2.217360842162194, 53.819485960035394 ] } },
{ "type": "Feature", "properties": { "visible_points": 28, "total_points": 114, "visibility_pct": 24.561403508771928 }, "geometry": { "type": "Point", "coordinates": [ -2.217150372041646, 53.819486341669361 ] } },
{ "type": "Feature", "properties": { "visible_points": 27, "total_points": 118, "visibility_pct": 22.881355932203391 }, "geometry": { "type": "Point", "coordinates": [ -2.216939901916306, 53.819486722934045 ] } },
{ "type": "Feature", "properties": { "visible_points": 34, "total_points": 120, "visibility_pct": 28.333333333333332 }, "geometry": { "type": "Point", "coordinates": [ -2.216729431786177, 53.819487103829466 ] } },
{ "type": "Feature", "properties": { "visible_points": 36, "total_points": 120, "visibility_pct": 30.0 }, "geometry": { "type": "Point", "coordinates": [ -2.21651896165127, 53.819487484355626 ] } },
{ "type": "Feature", "properties": { "visible_points": 34, "total_points": 120, "visibility_pct": 28.333333333333332 }, "geometry": { "type": "Point", "coordinates": [ -2.21630849151158, 53.819487864512531 ] } },
{ "type": "Feature", "properties": { "visible_points": 32, "total_points": 120, "visibility_pct": 26.666666666666668 }, "geometry": { "type": "Point", "coordinates": [ -2.21609802136712, 53.819488244300146 ] } },
{ "type": "Feature", "properties": { "visible_points": 36, "total_points": 120, "visibility_pct": 30.0 }, "geometry": { "type": "Point", "coordinates": [ -2.21588755121789, 53.819488623718499 ] } },
{ "type": "Feature", "properties": { "visible_points": 51, "total_points": 120, "visibility_pct": 42.5 }, "geometry": { "type": "Point", "coordinates": [ -2.215677081063896, 53.81948900276759 ] } },
{ "type": "Feature", "properties": { "visible_points": 46, "total_points": 120, "visibility_pct": 38.333333333333336 }, "geometry": { "type": "Point", "coordinates": [ -2.215466610905142, 53.819489381447418 ] } },
{ "type": "Feature", "properties": { "visible_points": 57, "total_points": 120, "visibility_pct": 47.5 }, "geometry": { "type": "Point", "coordinates": [ -2.215256140741634, 53.819489759757971 ] } },
{ "type": "Feature", "properties": { "visible_points": 61, "total_points": 120, "visibility_pct": 50.833333333333329 }, "geometry": { "type": "Point", "coordinates": [ -2.215045670573379, 53.819490137699255 ] } },
{ "type": "Feature", "properties": { "visible_points": 69, "total_points": 120, "visibility_pct": 57.5 }, "geometry": { "type": "Point", "coordinates": [ -2.214835200400369, 53.819490515271276 ] } },
{ "type": "Feature", "properties": { "visible_points": 72, "total_points": 118, "visibility_pct": 61.016949152542374 }, "geometry": { "type": "Point", "coordinates": [ -2.21462473022263, 53.819490892474029 ] } },
{ "type": "Feature", "properties": { "visible_points": 66, "total_points": 113, "visibility_pct": 58.407079646017699 }, "geometry": { "type": "Point", "coordinates": [ -2.214414260040147, 53.819491269307498 ] } },
{ "type": "Feature", "properties": { "visible_points": 60, "total_points": 107, "visibility_pct": 56.074766355140184 }, "geometry": { "type": "Point", "coordinates": [ -2.214203789852937, 53.81949164577172 ] } },
{ "type": "Feature", "properties": { "visible_points": 39, "total_points": 99, "visibility_pct": 39.393939393939391 }, "geometry": { "type": "Point", "coordinates": [ -2.213993319660997, 53.819492021866672 ] } },
{ "type": "Feature", "properties": { "visible_points": 32, "total_points": 101, "visibility_pct": 31.683168316831683 }, "geometry": { "type": "Point", "coordinates": [ -2.217466638730423, 53.819593623394525 ] } },
{ "type": "Feature", "properties": { "visible_points": 30, "total_points": 112, "visibility_pct": 26.785714285714285 }, "geometry": { "type": "Point", "coordinates": [ -2.217256168077666, 53.819594005220125 ] } },
{ "type": "Feature", "properties": { "visible_points": 26, "total_points": 118, "visibility_pct": 22.033898305084744 }, "geometry": { "type": "Point", "coordinates": [ -2.217045697420112, 53.819594386676421 ] } },
{ "type": "Feature", "properties": { "visible_points": 27, "total_points": 120, "visibility_pct": 22.5 }, "geometry": { "type": "Point", "coordinates": [ -2.216835226757771, 53.819594767763483 ] } },
{ "type": "Feature", "properties": { "visible_points": 29, "total_points": 120, "visibility_pct": 24.166666666666668 }, "geometry": { "type": "Point", "coordinates": [ -2.216624756090644, 53.819595148481255 ] } },
{ "type": "Feature", "properties": { "visible_points": 38, "total_points": 120, "visibility_pct": 31.666666666666664 }, "geometry": { "type": "Point", "coordinates": [ -2.21641428541874, 53.819595528829751 ] } },
{ "type": "Feature", "properties": { "visible_points": 36, "total_points": 120, "visibility_pct": 30.0 }, "geometry": { "type": "Point", "coordinates": [ -2.216203814742055, 53.819595908808999 ] } },
{ "type": "Feature", "properties": { "visible_points": 38, "total_points": 120, "visibility_pct": 31.666666666666664 }, "geometry": { "type": "Point", "coordinates": [ -2.215993344060604, 53.819596288418964 ] } },
{ "type": "Feature", "properties": { "visible_points": 38, "total_points": 120, "visibility_pct": 31.666666666666664 }, "geometry": { "type": "Point", "coordinates": [ -2.215782873374383, 53.819596667659674 ] } },
{ "type": "Feature", "properties": { "visible_points": 42, "total_points": 120, "visibility_pct": 35.0 }, "geometry": { "type": "Point", "coordinates": [ -2.215572402683401, 53.819597046531122 ] } },
{ "type": "Feature", "properties": { "visible_points": 46, "total_points": 120, "visibility_pct": 38.333333333333336 }, "geometry": { "type": "Point", "coordinates": [ -2.215361931987661, 53.819597425033265 ] } },
{ "type": "Feature", "properties": { "visible_points": 64, "total_points": 120, "visibility_pct": 53.333333333333336 }, "geometry": { "type": "Point", "coordinates": [ -2.215151461287173, 53.819597803166182 ] } },
{ "type": "Feature", "properties": { "visible_points": 64, "total_points": 120, "visibility_pct": 53.333333333333336 }, "geometry": { "type": "Point", "coordinates": [ -2.214940990581932, 53.819598180929809 ] } },
{ "type": "Feature", "properties": { "visible_points": 64, "total_points": 120, "visibility_pct": 53.333333333333336 }, "geometry": { "type": "Point", "coordinates": [ -2.21473051987195, 53.819598558324159 ] } },
{ "type": "Feature", "properties": { "visible_points": 64, "total_points": 117, "visibility_pct": 54.700854700854705 }, "geometry": { "type": "Point", "coordinates": [ -2.21452004915723, 53.819598935349255 ] } },
{ "type": "Feature", "properties": { "visible_points": 70, "total_points": 111, "visibility_pct": 63.063063063063062 }, "geometry": { "type": "Point", "coordinates": [ -2.214309578437775, 53.819599312005067 ] } },
{ "type": "Feature", "properties": { "visible_points": 55, "total_points": 104, "visibility_pct": 52.884615384615387 }, "geometry": { "type": "Point", "coordinates": [ -2.214099107713591, 53.819599688291618 ] } },
{ "type": "Feature", "properties": { "visible_points": 43, "total_points": 95, "visibility_pct": 45.263157894736842 }, "geometry": { "type": "Point", "coordinates": [ -2.213888636984681, 53.819600064208885 ] } },
{ "type": "Feature", "properties": { "visible_points": 22, "total_points": 70, "visibility_pct": 31.428571428571427 }, "geometry": { "type": "Point", "coordinates": [ -2.21799337819117, 53.819700521510157 ] } },
{ "type": "Feature", "properties": { "visible_points": 32, "total_points": 83, "visibility_pct": 38.554216867469883 }, "geometry": { "type": "Point", "coordinates": [ -2.21778290701581, 53.819700904265908 ] } },
{ "type": "Feature", "properties": { "visible_points": 36, "total_points": 96, "visibility_pct": 37.5 }, "geometry": { "type": "Point", "coordinates": [ -2.217572435835639, 53.819701286652368 ] } },
{ "type": "Feature", "properties": { "visible_points": 38, "total_points": 108, "visibility_pct": 35.185185185185183 }, "geometry": { "type": "Point", "coordinates": [ -2.217361964650671, 53.819701668669573 ] } },
{ "type": "Feature", "properties": { "visible_points": 38, "total_points": 118, "visibility_pct": 32.20338983050847 }, "geometry": { "type": "Point", "coordinates": [ -2.217151493460906, 53.819702050317524 ] } },
{ "type": "Feature", "properties": { "visible_points": 31, "total_points": 120, "visibility_pct": 25.833333333333336 }, "geometry": { "type": "Point", "coordinates": [ -2.216941022266345, 53.819702431596198 ] } },
{ "type": "Feature", "properties": { "visible_points": 0, "total_points": 120, "visibility_pct": 0.0 }, "geometry": { "type": "Point", "coordinates": [ -2.216730551067001, 53.819702812505589 ] } },
{ "type": "Feature", "properties": { "visible_points": 40, "total_points": 120, "visibility_pct": 33.333333333333329 }, "geometry": { "type": "Point", "coordinates": [ -2.216520079862876, 53.819703193045719 ] } },
{ "type": "Feature", "properties": { "visible_points": 43, "total_points": 120, "visibility_pct": 35.833333333333336 }, "geometry": { "type": "Point", "coordinates": [ -2.216309608653969, 53.819703573216586 ] } },
{ "type": "Feature", "properties": { "visible_points": 40, "total_points": 120, "visibility_pct": 33.333333333333329 }, "geometry": { "type": "Point", "coordinates": [ -2.216099137440287, 53.81970395301817 ] } },
{ "type": "Feature", "properties": { "visible_points": 35, "total_points": 120, "visibility_pct": 29.166666666666668 }, "geometry": { "type": "Point", "coordinates": [ -2.215888666221842, 53.819704332450478 ] } },
{ "type": "Feature", "properties": { "visible_points": 43, "total_points": 120, "visibility_pct": 35.833333333333336 }, "geometry": { "type": "Point", "coordinates": [ -2.215678194998631, 53.819704711513538 ] } },
{ "type": "Feature", "properties": { "visible_points": 49, "total_points": 120, "visibility_pct": 40.833333333333336 }, "geometry": { "type": "Point", "coordinates": [ -2.215467723770656, 53.819705090207307 ] } },
{ "type": "Feature", "properties": { "visible_points": 56, "total_points": 120, "visibility_pct": 46.666666666666664 }, "geometry": { "type": "Point", "coordinates": [ -2.215257252537929, 53.819705468531808 ] } },
{ "type": "Feature", "properties": { "visible_points": 67, "total_points": 120, "visibility_pct": 55.833333333333336 }, "geometry": { "type": "Point", "coordinates": [ -2.215046781300457, 53.819705846487054 ] } },
{ "type": "Feature", "properties": { "visible_points": 70, "total_points": 120, "visibility_pct": 58.333333333333336 }, "geometry": { "type": "Point", "coordinates": [ -2.21483631005823, 53.819706224073023 ] } },
{ "type": "Feature", "properties": { "visible_points": 71, "total_points": 120, "visibility_pct": 59.166666666666664 }, "geometry": { "type": "Point", "coordinates": [ -2.214625838811269, 53.819706601289717 ] } },
{ "type": "Feature", "properties": { "visible_points": 66, "total_points": 116, "visibility_pct": 56.896551724137936 }, "geometry": { "type": "Point", "coordinates": [ -2.214415367559571, 53.819706978137141 ] } },
{ "type": "Feature", "properties": { "visible_points": 64, "total_points": 109, "visibility_pct": 58.715596330275233 }, "geometry": { "type": "Point", "coordinates": [ -2.214204896303138, 53.819707354615289 ] } },
{ "type": "Feature", "properties": { "visible_points": 45, "total_points": 101, "visibility_pct": 44.554455445544555 }, "geometry": { "type": "Point", "coordinates": [ -2.213994425041982, 53.819707730724176 ] } },
{ "type": "Feature", "properties": { "visible_points": 42, "total_points": 92, "visibility_pct": 45.652173913043477 }, "geometry": { "type": "Point", "coordinates": [ -2.213783953776098, 53.819708106463786 ] } },
{ "type": "Feature", "properties": { "visible_points": 28, "total_points": 77, "visibility_pct": 36.363636363636367 }, "geometry": { "type": "Point", "coordinates": [ -2.217888705190235, 53.81980856723083 ] } },
{ "type": "Feature", "properties": { "visible_points": 37, "total_points": 90, "visibility_pct": 41.111111111111107 }, "geometry": { "type": "Point", "coordinates": [ -2.217678233477852, 53.81980894980893 ] } },
{ "type": "Feature", "properties": { "visible_points": 42, "total_points": 103, "visibility_pct": 40.776699029126213 }, "geometry": { "type": "Point", "coordinates": [ -2.217467761760673, 53.819809332017769 ] } },
{ "type": "Feature", "properties": { "visible_points": 44, "total_points": 114, "visibility_pct": 38.596491228070171 }, "geometry": { "type": "Point", "coordinates": [ -2.217257290038689, 53.819809713857339 ] } },
{ "type": "Feature", "properties": { "visible_points": 39, "total_points": 120, "visibility_pct": 32.5 }, "geometry": { "type": "Point", "coordinates": [ -2.21704681831191, 53.819810095327625 ] } },
{ "type": "Feature", "properties": { "visible_points": 43, "total_points": 120, "visibility_pct": 35.833333333333336 }, "geometry": { "type": "Point", "coordinates": [ -2.21683634658035, 53.81981047642865 ] } },
{ "type": "Feature", "properties": { "visible_points": 43, "total_points": 120, "visibility_pct": 35.833333333333336 }, "geometry": { "type": "Point", "coordinates": [ -2.216625874843993, 53.819810857160405 ] } },
{ "type": "Feature", "properties": { "visible_points": 48, "total_points": 120, "visibility_pct": 40.0 }, "geometry": { "type": "Point", "coordinates": [ -2.216415403102863, 53.819811237522885 ] } },
{ "type": "Feature", "properties": { "visible_points": 42, "total_points": 120, "visibility_pct": 35.0 }, "geometry": { "type": "Point", "coordinates": [ -2.216204931356956, 53.819811617516102 ] } },
{ "type": "Feature", "properties": { "visible_points": 46, "total_points": 120, "visibility_pct": 38.333333333333336 }, "geometry": { "type": "Point", "coordinates": [ -2.215994459606278, 53.819811997140022 ] } },
{ "type": "Feature", "properties": { "visible_points": 43, "total_points": 120, "visibility_pct": 35.833333333333336 }, "geometry": { "type": "Point", "coordinates": [ -2.215783987850831, 53.819812376394673 ] } },
{ "type": "Feature", "properties": { "visible_points": 54, "total_points": 120, "visibility_pct": 45.0 }, "geometry": { "type": "Point", "coordinates": [ -2.215573516090625, 53.819812755280083 ] } },
{ "type": "Feature", "properties": { "visible_points": 55, "total_points": 120, "visibility_pct": 45.833333333333329 }, "geometry": { "type": "Point", "coordinates": [ -2.21536304432566, 53.819813133796202 ] } },
{ "type": "Feature", "properties": { "visible_points": 63, "total_points": 120, "visibility_pct": 52.5 }, "geometry": { "type": "Point", "coordinates": [ -2.215152572555948, 53.819813511943053 ] } },
{ "type": "Feature", "properties": { "visible_points": 70, "total_points": 120, "visibility_pct": 58.333333333333336 }, "geometry": { "type": "Point", "coordinates": [ -2.214942100781482, 53.819813889720606 ] } },
{ "type": "Feature", "properties": { "visible_points": 72, "total_points": 120, "visibility_pct": 60.0 }, "geometry": { "type": "Point", "coordinates": [ -2.214731629002269, 53.819814267128926 ] } },
{ "type": "Feature", "properties": { "visible_points": 69, "total_points": 120, "visibility_pct": 57.5 }, "geometry": { "type": "Point", "coordinates": [ -2.214521157218323, 53.819814644167948 ] } },
{ "type": "Feature", "properties": { "visible_points": 67, "total_points": 115, "visibility_pct": 58.260869565217391 }, "geometry": { "type": "Point", "coordinates": [ -2.214310685429647, 53.819815020837716 ] } },
{ "type": "Feature", "properties": { "visible_points": 62, "total_points": 108, "visibility_pct": 57.407407407407405 }, "geometry": { "type": "Point", "coordinates": [ -2.214100213636235, 53.819815397138207 ] } },
{ "type": "Feature", "properties": { "visible_points": 53, "total_points": 99, "visibility_pct": 53.535353535353536 }, "geometry": { "type": "Point", "coordinates": [ -2.213889741838099, 53.819815773069408 ] } },
{ "type": "Feature", "properties": { "visible_points": 44, "total_points": 89, "visibility_pct": 49.438202247191008 }, "geometry": { "type": "Point", "coordinates": [ -2.213679270035248, 53.819816148631347 ] } },
{ "type": "Feature", "properties": { "visible_points": 41, "total_points": 83, "visibility_pct": 49.397590361445779 }, "geometry": { "type": "Point", "coordinates": [ -2.217784031657065, 53.819916612864219 ] } },
{ "type": "Feature", "properties": { "visible_points": 48, "total_points": 96, "visibility_pct": 50.0 }, "geometry": { "type": "Point", "coordinates": [ -2.217573559407669, 53.819916995264663 ] } },
{ "type": "Feature", "properties": { "visible_points": 52, "total_points": 109, "visibility_pct": 47.706422018348626 }, "geometry": { "type": "Point", "coordinates": [ -2.217363087153466, 53.819917377295859 ] } },
{ "type": "Feature", "properties": { "visible_points": 54, "total_points": 118, "visibility_pct": 45.762711864406782 }, "geometry": { "type": "Point", "coordinates": [ -2.21715261489447, 53.819917758957786 ] } },
{ "type": "Feature", "properties": { "visible_points": 50, "total_points": 120, "visibility_pct": 41.666666666666671 }, "geometry": { "type": "Point", "coordinates": [ -2.216942142630679, 53.819918140250429 ] } },
{ "type": "Feature", "properties": { "visible_points": 48, "total_points": 120, "visibility_pct": 40.0 }, "geometry": { "type": "Point", "coordinates": [ -2.216731670362103, 53.819918521173811 ] } },
{ "type": "Feature", "properties": { "visible_points": 44, "total_points": 120, "visibility_pct": 36.666666666666664 }, "geometry": { "type": "Point", "coordinates": [ -2.216521198088741, 53.819918901727902 ] } },
{ "type": "Feature", "properties": { "visible_points": 47, "total_points": 120, "visibility_pct": 39.166666666666664 }, "geometry": { "type": "Point", "coordinates": [ -2.216310725810608, 53.819919281912739 ] } },
{ "type": "Feature", "properties": { "visible_points": 48, "total_points": 120, "visibility_pct": 40.0 }, "geometry": { "type": "Point", "coordinates": [ -2.21610025352769, 53.819919661728285 ] } },
{ "type": "Feature", "properties": { "visible_points": 49, "total_points": 120, "visibility_pct": 40.833333333333336 }, "geometry": { "type": "Point", "coordinates": [ -2.215889781240016, 53.819920041174562 ] } },
{ "type": "Feature", "properties": { "visible_points": 57, "total_points": 120, "visibility_pct": 47.5 }, "geometry": { "type": "Point", "coordinates": [ -2.215679308947569, 53.819920420251563 ] } },
{ "type": "Feature", "properties": { "visible_points": 64, "total_points": 120, "visibility_pct": 53.333333333333336 }, "geometry": { "type": "Point", "coordinates": [ -2.215468836650366, 53.819920798959295 ] } },
{ "type": "Feature", "properties": { "visible_points": 60, "total_points": 120, "visibility_pct": 50.0 }, "geometry": { "type": "Point", "coordinates": [ -2.215258364348407, 53.819921177297772 ] } },
{ "type": "Feature", "properties": { "visible_points": 65, "total_points": 120, "visibility_pct": 54.166666666666664 }, "geometry": { "type": "Point", "coordinates": [ -2.215047892041695, 53.819921555266951 ] } },
{ "type": "Feature", "properties": { "visible_points": 79, "total_points": 120, "visibility_pct": 65.833333333333329 }, "geometry": { "type": "Point", "coordinates": [ -2.214837419730243, 53.819921932866862 ] } },
{ "type": "Feature", "properties": { "visible_points": 73, "total_points": 120, "visibility_pct": 60.833333333333329 }, "geometry": { "type": "Point", "coordinates": [ -2.214626947414047, 53.819922310097496 ] } },
{ "type": "Feature", "properties": { "visible_points": 63, "total_points": 120, "visibility_pct": 52.5 }, "geometry": { "type": "Point", "coordinates": [ -2.214416475093113, 53.819922686958861 ] } },
{ "type": "Feature", "properties": { "visible_points": 65, "total_points": 115, "visibility_pct": 56.521739130434781 }, "geometry": { "type": "Point", "coordinates": [ -2.214206002767451, 53.81992306345095 ] } },
{ "type": "Feature", "properties": { "visible_points": 58, "total_points": 107, "visibility_pct": 54.205607476635507 }, "geometry": { "type": "Point", "coordinates": [ -2.213995530437059, 53.819923439573778 ] } },
{ "type": "Feature", "properties": { "visible_points": 45, "total_points": 98, "visibility_pct": 45.91836734693878 }, "geometry": { "type": "Point", "coordinates": [ -2.213785058101945, 53.819923815327314 ] } },
{ "type": "Feature", "properties": { "visible_points": 40, "total_points": 88, "visibility_pct": 45.454545454545453 }, "geometry": { "type": "Point", "coordinates": [ -2.213574585762115, 53.819924190711582 ] } },
{ "type": "Feature", "properties": { "visible_points": 41, "total_points": 79, "visibility_pct": 51.898734177215189 }, "geometry": { "type": "Point", "coordinates": [ -2.217889830373289, 53.820024275818199 ] } },
{ "type": "Feature", "properties": { "visible_points": 51, "total_points": 91, "visibility_pct": 56.043956043956044 }, "geometry": { "type": "Point", "coordinates": [ -2.217679357591665, 53.820024658410297 ] } },
{ "type": "Feature", "properties": { "visible_points": 55, "total_points": 103, "visibility_pct": 53.398058252427184 }, "geometry": { "type": "Point", "coordinates": [ -2.217468884805247, 53.820025040633119 ] } },
{ "type": "Feature", "properties": { "visible_points": 56, "total_points": 112, "visibility_pct": 50.0 }, "geometry": { "type": "Point", "coordinates": [ -2.217258412014024, 53.820025422486658 ] } },
{ "type": "Feature", "properties": { "visible_points": 58, "total_points": 119, "visibility_pct": 48.739495798319325 }, "geometry": { "type": "Point", "coordinates": [ -2.217047939218009, 53.820025803970928 ] } },
{ "type": "Feature", "properties": { "visible_points": 59, "total_points": 120, "visibility_pct": 49.166666666666664 }, "geometry": { "type": "Point", "coordinates": [ -2.216837466417206, 53.820026185085929 ] } },
{ "type": "Feature", "properties": { "visible_points": 54, "total_points": 120, "visibility_pct": 45.0 }, "geometry": { "type": "Point", "coordinates": [ -2.216626993611614, 53.820026565831654 ] } },
{ "type": "Feature", "properties": { "visible_points": 53, "total_points": 120, "visibility_pct": 44.166666666666664 }, "geometry": { "type": "Point", "coordinates": [ -2.216416520801245, 53.820026946208095 ] } },
{ "type": "Feature", "properties": { "visible_points": 49, "total_points": 120, "visibility_pct": 40.833333333333336 }, "geometry": { "type": "Point", "coordinates": [ -2.216206047986099, 53.820027326215254 ] } },
{ "type": "Feature", "properties": { "visible_points": 56, "total_points": 120, "visibility_pct": 46.666666666666664 }, "geometry": { "type": "Point", "coordinates": [ -2.215995575166177, 53.820027705853157 ] } },
{ "type": "Feature", "properties": { "visible_points": 55, "total_points": 120, "visibility_pct": 45.833333333333329 }, "geometry": { "type": "Point", "coordinates": [ -2.215785102341494, 53.820028085121791 ] } },
{ "type": "Feature", "properties": { "visible_points": 68, "total_points": 120, "visibility_pct": 56.666666666666664 }, "geometry": { "type": "Point", "coordinates": [ -2.215574629512052, 53.820028464021142 ] } },
{ "type": "Feature", "properties": { "visible_points": 66, "total_points": 120, "visibility_pct": 55.000000000000007 }, "geometry": { "type": "Point", "coordinates": [ -2.215364156677845, 53.820028842551217 ] } },
{ "type": "Feature", "properties": { "visible_points": 61, "total_points": 120, "visibility_pct": 50.833333333333329 }, "geometry": { "type": "Point", "coordinates": [ -2.215153683838892, 53.820029220712009 ] } },
{ "type": "Feature", "properties": { "visible_points": 67, "total_points": 120, "visibility_pct": 55.833333333333336 }, "geometry": { "type": "Point", "coordinates": [ -2.214943210995187, 53.820029598503545 ] } },
{ "type": "Feature", "properties": { "visible_points": 73, "total_points": 120, "visibility_pct": 60.833333333333329 }, "geometry": { "type": "Point", "coordinates": [ -2.214732738146738, 53.820029975925763 ] } },
{ "type": "Feature", "properties": { "visible_points": 66, "total_points": 120, "visibility_pct": 55.000000000000007 }, "geometry": { "type": "Point", "coordinates": [ -2.214522265293553, 53.820030352978748 ] } },
{ "type": "Feature", "properties": { "visible_points": 69, "total_points": 120, "visibility_pct": 57.5 }, "geometry": { "type": "Point", "coordinates": [ -2.21431179243563, 53.820030729662449 ] } },
{ "type": "Feature", "properties": { "visible_points": 54, "total_points": 115, "visibility_pct": 46.956521739130437 }, "geometry": { "type": "Point", "coordinates": [ -2.214101319572983, 53.820031105976867 ] } },
{ "type": "Feature", "properties": { "visible_points": 49, "total_points": 107, "visibility_pct": 45.794392523364486 }, "geometry": { "type": "Point", "coordinates": [ -2.213890846705607, 53.820031481922008 ] } },
{ "type": "Feature", "properties": { "visible_points": 38, "total_points": 98, "visibility_pct": 38.775510204081634 }, "geometry": { "type": "Point", "coordinates": [ -2.213680373833514, 53.820031857497895 ] } },
{ "type": "Feature", "properties": { "visible_points": 35, "total_points": 88, "visibility_pct": 39.772727272727273 }, "geometry": { "type": "Point", "coordinates": [ -2.213469900956702, 53.820032232704492 ] } },
{ "type": "Feature", "properties": { "visible_points": 52, "total_points": 88, "visibility_pct": 59.090909090909093 }, "geometry": { "type": "Point", "coordinates": [ -2.217785156312674, 53.820132321454615 ] } },
{ "type": "Feature", "properties": { "visible_points": 60, "total_points": 98, "visibility_pct": 61.224489795918366 }, "geometry": { "type": "Point", "coordinates": [ -2.217574682994029, 53.820132703869071 ] } },
{ "type": "Feature", "properties": { "visible_points": 65, "total_points": 107, "visibility_pct": 60.747663551401864 }, "geometry": { "type": "Point", "coordinates": [ -2.217364209670579, 53.82013308591425 ] } },
{ "type": "Feature", "properties": { "visible_points": 64, "total_points": 114, "visibility_pct": 56.140350877192979 }, "geometry": { "type": "Point", "coordinates": [ -2.217153736342337, 53.820133467590139 ] } },
{ "type": "Feature", "properties": { "visible_points": 61, "total_points": 120, "visibility_pct": 50.833333333333329 }, "geometry": { "type": "Point", "coordinates": [ -2.216943263009304, 53.820133848896759 ] } },
{ "type": "Feature", "properties": { "visible_points": 57, "total_points": 120, "visibility_pct": 47.5 }, "geometry": { "type": "Point", "coordinates": [ -2.216732789671481, 53.820134229834117 ] } },
{ "type": "Feature", "properties": { "visible_points": 54, "total_points": 120, "visibility_pct": 45.0 }, "geometry": { "type": "Point", "coordinates": [ -2.216522316328874, 53.820134610402178 ] } },
{ "type": "Feature", "properties": { "visible_points": 57, "total_points": 120, "visibility_pct": 47.5 }, "geometry": { "type": "Point", "coordinates": [ -2.216311842981491, 53.820134990600977 ] } },
{ "type": "Feature", "properties": { "visible_points": 47, "total_points": 120, "visibility_pct": 39.166666666666664 }, "geometry": { "type": "Point", "coordinates": [ -2.216101369629336, 53.820135370430485 ] } },
{ "type": "Feature", "properties": { "visible_points": 50, "total_points": 120, "visibility_pct": 41.666666666666671 }, "geometry": { "type": "Point", "coordinates": [ -2.215890896272408, 53.820135749890724 ] } },
{ "type": "Feature", "properties": { "visible_points": 67, "total_points": 120, "visibility_pct": 55.833333333333336 }, "geometry": { "type": "Point", "coordinates": [ -2.215680422910718, 53.820136128981694 ] } },
{ "type": "Feature", "properties": { "visible_points": 72, "total_points": 120, "visibility_pct": 60.0 }, "geometry": { "type": "Point", "coordinates": [ -2.215469949544266, 53.820136507703388 ] } },
{ "type": "Feature", "properties": { "visible_points": 64, "total_points": 120, "visibility_pct": 53.333333333333336 }, "geometry": { "type": "Point", "coordinates": [ -2.215259476173062, 53.820136886055806 ] } },
{ "type": "Feature", "properties": { "visible_points": 68, "total_points": 120, "visibility_pct": 56.666666666666664 }, "geometry": { "type": "Point", "coordinates": [ -2.215049002797107, 53.820137264038934 ] } },
{ "type": "Feature", "properties": { "visible_points": 62, "total_points": 120, "visibility_pct": 51.666666666666671 }, "geometry": { "type": "Point", "coordinates": [ -2.214838529416403, 53.820137641652785 ] } },
{ "type": "Feature", "properties": { "visible_points": 66, "total_points": 120, "visibility_pct": 55.000000000000007 }, "geometry": { "type": "Point", "coordinates": [ -2.214628056030961, 53.820138018897367 ] } },
{ "type": "Feature", "properties": { "visible_points": 67, "total_points": 120, "visibility_pct": 55.833333333333336 }, "geometry": { "type": "Point", "coordinates": [ -2.214417582640783, 53.82013839577268 ] } },
{ "type": "Feature", "properties": { "visible_points": 53, "total_points": 120, "visibility_pct": 44.166666666666664 }, "geometry": { "type": "Point", "coordinates": [ -2.214207109245872, 53.82013877227871 ] } },
{ "type": "Feature", "properties": { "visible_points": 50, "total_points": 115, "visibility_pct": 43.478260869565219 }, "geometry": { "type": "Point", "coordinates": [ -2.213996635846235, 53.820139148415457 ] } },
{ "type": "Feature", "properties": { "visible_points": 40, "total_points": 107, "visibility_pct": 37.383177570093459 }, "geometry": { "type": "Point", "coordinates": [ -2.213786162441875, 53.820139524182949 ] } },
{ "type": "Feature", "properties": { "visible_points": 38, "total_points": 98, "visibility_pct": 38.775510204081634 }, "geometry": { "type": "Point", "coordinates": [ -2.213575689032793, 53.820139899581136 ] } },
{ "type": "Feature", "properties": { "visible_points": 25, "total_points": 88, "visibility_pct": 28.40909090909091 }, "geometry": { "type": "Point", "coordinates": [ -2.213365215619005, 53.820140274610047 ] } },
{ "type": "Feature", "properties": { "visible_points": 59, "total_points": 94, "visibility_pct": 62.765957446808507 }, "geometry": { "type": "Point", "coordinates": [ -2.217680481719823, 53.820240367003741 ] } },
{ "type": "Feature", "properties": { "visible_points": 62, "total_points": 103, "visibility_pct": 60.194174757281552 }, "geometry": { "type": "Point", "coordinates": [ -2.217470007864144, 53.820240749240547 ] } },
{ "type": "Feature", "properties": { "visible_points": 63, "total_points": 110, "visibility_pct": 57.272727272727273 }, "geometry": { "type": "Point", "coordinates": [ -2.217259534003674, 53.820241131108077 ] } },
{ "type": "Feature", "properties": { "visible_points": 67, "total_points": 116, "visibility_pct": 57.758620689655174 }, "geometry": { "type": "Point", "coordinates": [ -2.217049060138407, 53.82024151260633 ] } },
{ "type": "Feature", "properties": { "visible_points": 72, "total_points": 120, "visibility_pct": 60.0 }, "geometry": { "type": "Point", "coordinates": [ -2.216838586268347, 53.820241893735286 ] } },
{ "type": "Feature", "properties": { "visible_points": 66, "total_points": 120, "visibility_pct": 55.000000000000007 }, "geometry": { "type": "Point", "coordinates": [ -2.216628112393503, 53.820242274494987 ] } },
{ "type": "Feature", "properties": { "visible_points": 61, "total_points": 120, "visibility_pct": 50.833333333333329 }, "geometry": { "type": "Point", "coordinates": [ -2.216417638513881, 53.820242654885398 ] } },
{ "type": "Feature", "properties": { "visible_points": 52, "total_points": 120, "visibility_pct": 43.333333333333336 }, "geometry": { "type": "Point", "coordinates": [ -2.216207164629482, 53.820243034906539 ] } },
{ "type": "Feature", "properties": { "visible_points": 50, "total_points": 120, "visibility_pct": 41.666666666666671 }, "geometry": { "type": "Point", "coordinates": [ -2.215996690740311, 53.820243414558398 ] } },
{ "type": "Feature", "properties": { "visible_points": 53, "total_points": 120, "visibility_pct": 44.166666666666664 }, "geometry": { "type": "Point", "coordinates": [ -2.215786216846372, 53.82024379384098 ] } },
{ "type": "Feature", "properties": { "visible_points": 61, "total_points": 120, "visibility_pct": 50.833333333333329 }, "geometry": { "type": "Point", "coordinates": [ -2.215575742947676, 53.820244172754286 ] } },
{ "type": "Feature", "properties": { "visible_points": 64, "total_points": 120, "visibility_pct": 53.333333333333336 }, "geometry": { "type": "Point", "coordinates": [ -2.215365269044219, 53.820244551298316 ] } },
{ "type": "Feature", "properties": { "visible_points": 56, "total_points": 120, "visibility_pct": 46.666666666666664 }, "geometry": { "type": "Point", "coordinates": [ -2.215154795136009, 53.820244929473063 ] } },
{ "type": "Feature", "properties": { "visible_points": 51, "total_points": 120, "visibility_pct": 42.5 }, "geometry": { "type": "Point", "coordinates": [ -2.21494432122305, 53.820245307278526 ] } },
{ "type": "Feature", "properties": { "visible_points": 60, "total_points": 120, "visibility_pct": 50.0 }, "geometry": { "type": "Point", "coordinates": [ -2.214733847305349, 53.820245684714727 ] } },
{ "type": "Feature", "properties": { "visible_points": 65, "total_points": 120, "visibility_pct": 54.166666666666664 }, "geometry": { "type": "Point", "coordinates": [ -2.21452337338291, 53.820246061781639 ] } },
{ "type": "Feature", "properties": { "visible_points": 57, "total_points": 120, "visibility_pct": 47.5 }, "geometry": { "type": "Point", "coordinates": [ -2.214312899455736, 53.820246438479288 ] } },
{ "type": "Feature", "properties": { "visible_points": 48, "total_points": 120, "visibility_pct": 40.0 }, "geometry": { "type": "Point", "coordinates": [ -2.214102425523833, 53.820246814807639 ] } },
{ "type": "Feature", "properties": { "visible_points": 45, "total_points": 115, "visibility_pct": 39.130434782608695 }, "geometry": { "type": "Point", "coordinates": [ -2.213891951587204, 53.820247190766729 ] } },
{ "type": "Feature", "properties": { "visible_points": 39, "total_points": 107, "visibility_pct": 36.44859813084112 }, "geometry": { "type": "Point", "coordinates": [ -2.213681477645856, 53.820247566356528 ] } },
{ "type": "Feature", "properties": { "visible_points": 36, "total_points": 98, "visibility_pct": 36.734693877551024 }, "geometry": { "type": "Point", "coordinates": [ -2.213471003699789, 53.820247941577051 ] } },
{ "type": "Feature", "properties": { "visible_points": 17, "total_points": 88, "visibility_pct": 19.318181818181817 }, "geometry": { "type": "Point", "coordinates": [ -2.213260529749016, 53.820248316428298 ] } },
{ "type": "Feature", "properties": { "visible_points": 59, "total_points": 100, "visibility_pct": 59.0 }, "geometry": { "type": "Point", "coordinates": [ -2.217575806594722, 53.820348412465563 ] } },
{ "type": "Feature", "properties": { "visible_points": 62, "total_points": 107, "visibility_pct": 57.943925233644855 }, "geometry": { "type": "Point", "coordinates": [ -2.217365332202016, 53.820348794524698 ] } },
{ "type": "Feature", "properties": { "visible_points": 65, "total_points": 113, "visibility_pct": 57.522123893805308 }, "geometry": { "type": "Point", "coordinates": [ -2.217154857804514, 53.820349176214577 ] } },
{ "type": "Feature", "properties": { "visible_points": 64, "total_points": 118, "visibility_pct": 54.237288135593218 }, "geometry": { "type": "Point", "coordinates": [ -2.216944383402216, 53.820349557535174 ] } },
{ "type": "Feature", "properties": { "visible_points": 63, "total_points": 120, "visibility_pct": 52.5 }, "geometry": { "type": "Point", "coordinates": [ -2.216733908995138, 53.820349938486501 ] } },
{ "type": "Feature", "properties": { "visible_points": 65, "total_points": 120, "visibility_pct": 54.166666666666664 }, "geometry": { "type": "Point", "coordinates": [ -2.216523434583269, 53.820350319068538 ] } },
{ "type": "Feature", "properties": { "visible_points": 62, "total_points": 120, "visibility_pct": 51.666666666666671 }, "geometry": { "type": "Point", "coordinates": [ -2.216312960166627, 53.820350699281299 ] } },
{ "type": "Feature", "properties": { "visible_points": 59, "total_points": 120, "visibility_pct": 49.166666666666664 }, "geometry": { "type": "Point", "coordinates": [ -2.21610248574521, 53.820351079124784 ] } },
{ "type": "Feature", "properties": { "visible_points": 60, "total_points": 120, "visibility_pct": 50.0 }, "geometry": { "type": "Point", "coordinates": [ -2.215892011319023, 53.820351458598992 ] } },
{ "type": "Feature", "properties": { "visible_points": 48, "total_points": 120, "visibility_pct": 40.0 }, "geometry": { "type": "Point", "coordinates": [ -2.215681536888074, 53.820351837703917 ] } },
{ "type": "Feature", "properties": { "visible_points": 52, "total_points": 120, "visibility_pct": 43.333333333333336 }, "geometry": { "type": "Point", "coordinates": [ -2.215471062452359, 53.820352216439552 ] } },
{ "type": "Feature", "properties": { "visible_points": 59, "total_points": 120, "visibility_pct": 49.166666666666664 }, "geometry": { "type": "Point", "coordinates": [ -2.215260588011899, 53.820352594805918 ] } },
{ "type": "Feature", "properties": { "visible_points": 51, "total_points": 120, "visibility_pct": 42.5 }, "geometry": { "type": "Point", "coordinates": [ -2.215050113566682, 53.820352972803008 ] } },
{ "type": "Feature", "properties": { "visible_points": 56, "total_points": 120, "visibility_pct": 46.666666666666664 }, "geometry": { "type": "Point", "coordinates": [ -2.214839639116716, 53.820353350430814 ] } },
{ "type": "Feature", "properties": { "visible_points": 54, "total_points": 120, "visibility_pct": 45.0 }, "geometry": { "type": "Point", "coordinates": [ -2.214629164662017, 53.820353727689344 ] } },
{ "type": "Feature", "properties": { "visible_points": 57, "total_points": 120, "visibility_pct": 47.5 }, "geometry": { "type": "Point", "coordinates": [ -2.214418690202575, 53.820354104578591 ] } },
{ "type": "Feature", "properties": { "visible_points": 50, "total_points": 120, "visibility_pct": 41.666666666666671 }, "geometry": { "type": "Point", "coordinates": [ -2.214208215738404, 53.820354481098562 ] } },
{ "type": "Feature", "properties": { "visible_points": 36, "total_points": 120, "visibility_pct": 30.0 }, "geometry": { "type": "Point", "coordinates": [ -2.213997741269504, 53.820354857249256 ] } },
{ "type": "Feature", "properties": { "visible_points": 12, "total_points": 115, "visibility_pct": 10.434782608695652 }, "geometry": { "type": "Point", "coordinates": [ -2.213787266795884, 53.820355233030654 ] } },
{ "type": "Feature", "properties": { "visible_points": 35, "total_points": 107, "visibility_pct": 32.710280373831772 }, "geometry": { "type": "Point", "coordinates": [ -2.213576792317545, 53.820355608442789 ] } },
{ "type": "Feature", "properties": { "visible_points": 21, "total_points": 98, "visibility_pct": 21.428571428571427 }, "geometry": { "type": "Point", "coordinates": [ -2.213366317834492, 53.820355983485641 ] } },
{ "type": "Feature", "properties": { "visible_points": 11, "total_points": 88, "visibility_pct": 12.5 }, "geometry": { "type": "Point", "coordinates": [ -2.213155843346731, 53.820356358159188 ] } },
{ "type": "Feature", "properties": { "visible_points": 58, "total_points": 105, "visibility_pct": 55.238095238095241 }, "geometry": { "type": "Point", "coordinates": [ -2.217471130937376, 53.820456457840052 ] } },
{ "type": "Feature", "properties": { "visible_points": 61, "total_points": 111, "visibility_pct": 54.954954954954957 }, "geometry": { "type": "Point", "coordinates": [ -2.217260656007631, 53.820456839721572 ] } },
{ "type": "Feature", "properties": { "visible_points": 66, "total_points": 116, "visibility_pct": 56.896551724137936 }, "geometry": { "type": "Point", "coordinates": [ -2.217050181073101, 53.820457221233795 ] } },
{ "type": "Feature", "properties": { "visible_points": 67, "total_points": 119, "visibility_pct": 56.30252100840336 }, "geometry": { "type": "Point", "coordinates": [ -2.216839706133773, 53.820457602376734 ] } },
{ "type": "Feature", "properties": { "visible_points": 67, "total_points": 120, "visibility_pct": 55.833333333333336 }, "geometry": { "type": "Point", "coordinates": [ -2.216629231189664, 53.820457983150391 ] } },
{ "type": "Feature", "properties": { "visible_points": 64, "total_points": 120, "visibility_pct": 53.333333333333336 }, "geometry": { "type": "Point", "coordinates": [ -2.216418756240775, 53.820458363554806 ] } },
{ "type": "Feature", "properties": { "visible_points": 65, "total_points": 120, "visibility_pct": 54.166666666666664 }, "geometry": { "type": "Point", "coordinates": [ -2.21620828128711, 53.820458743589896 ] } },
{ "type": "Feature", "properties": { "visible_points": 63, "total_points": 120, "visibility_pct": 52.5 }, "geometry": { "type": "Point", "coordinates": [ -2.215997806328671, 53.820459123255709 ] } },
{ "type": "Feature", "properties": { "visible_points": 47, "total_points": 120, "visibility_pct": 39.166666666666664 }, "geometry": { "type": "Point", "coordinates": [ -2.215787331365466, 53.820459502552268 ] } },
{ "type": "Feature", "properties": { "visible_points": 54, "total_points": 120, "visibility_pct": 45.0 }, "geometry": { "type": "Point", "coordinates": [ -2.2155768563975, 53.820459881479522 ] } },
{ "type": "Feature", "properties": { "visible_points": 47, "total_points": 120, "visibility_pct": 39.166666666666664 }, "geometry": { "type": "Point", "coordinates": [ -2.215366381424776, 53.820460260037507 ] } },
{ "type": "Feature", "properties": { "visible_points": 53, "total_points": 120, "visibility_pct": 44.166666666666664 }, "geometry": { "type": "Point", "coordinates": [ -2.215155906447301, 53.820460638226216 ] } },
{ "type": "Feature", "properties": { "visible_points": 46, "total_points": 120, "visibility_pct": 38.333333333333336 }, "geometry": { "type": "Point", "coordinates": [ -2.214945431465075, 53.82046101604562 ] } },
{ "type": "Feature", "properties": { "visible_points": 47, "total_points": 120, "visibility_pct": 39.166666666666664 }, "geometry": { "type": "Point", "coordinates": [ -2.214734956478106, 53.820461393495769 ] } },
{ "type": "Feature", "properties": { "visible_points": 50, "total_points": 120, "visibility_pct": 41.666666666666671 }, "geometry": { "type": "Point", "coordinates": [ -2.214524481486397, 53.820461770576614 ] } },
{ "type": "Feature", "properties": { "visible_points": 51, "total_points": 120, "visibility_pct": 42.5 }, "geometry": { "type": "Point", "coordinates": [ -2.214314006489956, 53.82046214728819 ] } },
{ "type": "Feature", "properties": { "visible_points": 43, "total_points": 120, "visibility_pct": 35.833333333333336 }, "geometry": { "type": "Point", "coordinates": [ -2.214103531488786, 53.820462523630511 ] } },
{ "type": "Feature", "properties": { "visible_points": 35, "total_points": 120, "visibility_pct": 29.166666666666668 }, "geometry": { "type": "Point", "coordinates": [ -2.213893056482889, 53.820462899603513 ] } },
{ "type": "Feature", "properties": { "visible_points": 30, "total_points": 115, "visibility_pct": 26.086956521739129 }, "geometry": { "type": "Point", "coordinates": [ -2.213682581472272, 53.820463275207246 ] } },
{ "type": "Feature", "properties": { "visible_points": 26, "total_points": 107, "visibility_pct": 24.299065420560748 }, "geometry": { "type": "Point", "coordinates": [ -2.213472106456941, 53.82046365044171 ] } },
{ "type": "Feature", "properties": { "visible_points": 15, "total_points": 98, "visibility_pct": 15.306122448979592 }, "geometry": { "type": "Point", "coordinates": [ -2.213261631436893, 53.820464025306869 ] } },
{ "type": "Feature", "properties": { "visible_points": 3, "total_points": 88, "visibility_pct": 3.4090909090909087 }, "geometry": { "type": "Point", "coordinates": [ -2.213051156412147, 53.820464399802766 ] } },
{ "type": "Feature", "properties": { "visible_points": 13, "total_points": 77, "visibility_pct": 16.883116883116884 }, "geometry": { "type": "Point", "coordinates": [ -2.212840681382693, 53.820464773929366 ] } },
{ "type": "Feature", "properties": { "visible_points": 59, "total_points": 103, "visibility_pct": 57.28155339805825 }, "geometry": { "type": "Point", "coordinates": [ -2.217576930209752, 53.82056412105414 ] } },
{ "type": "Feature", "properties": { "visible_points": 61, "total_points": 110, "visibility_pct": 55.454545454545453 }, "geometry": { "type": "Point", "coordinates": [ -2.217366454747766, 53.820564503127265 ] } },
{ "type": "Feature", "properties": { "visible_points": 65, "total_points": 115, "visibility_pct": 56.521739130434781 }, "geometry": { "type": "Point", "coordinates": [ -2.217155979280995, 53.820564884831121 ] } },
{ "type": "Feature", "properties": { "visible_points": 61, "total_points": 118, "visibility_pct": 51.694915254237287 }, "geometry": { "type": "Point", "coordinates": [ -2.216945503809424, 53.82056526616568 ] } },
{ "type": "Feature", "properties": { "visible_points": 61, "total_points": 120, "visibility_pct": 50.833333333333329 }, "geometry": { "type": "Point", "coordinates": [ -2.216735028333069, 53.820565647130991 ] } },
{ "type": "Feature", "properties": { "visible_points": 61, "total_points": 120, "visibility_pct": 50.833333333333329 }, "geometry": { "type": "Point", "coordinates": [ -2.216524552851929, 53.82056602772699 ] } },
{ "type": "Feature", "properties": { "visible_points": 64, "total_points": 120, "visibility_pct": 53.333333333333336 }, "geometry": { "type": "Point", "coordinates": [ -2.216314077366015, 53.820566407953727 ] } },
{ "type": "Feature", "properties": { "visible_points": 54, "total_points": 120, "visibility_pct": 45.0 }, "geometry": { "type": "Point", "coordinates": [ -2.21610360187532, 53.82056678781116 ] } },
{ "type": "Feature", "properties": { "visible_points": 49, "total_points": 120, "visibility_pct": 40.833333333333336 }, "geometry": { "type": "Point", "coordinates": [ -2.215893126379859, 53.820567167299338 ] } },
{ "type": "Feature", "properties": { "visible_points": 48, "total_points": 120, "visibility_pct": 40.0 }, "geometry": { "type": "Point", "coordinates": [ -2.215682650879639, 53.820567546418204 ] } },
{ "type": "Feature", "properties": { "visible_points": 45, "total_points": 120, "visibility_pct": 37.5 }, "geometry": { "type": "Point", "coordinates": [ -2.215472175374648, 53.820567925167815 ] } },
{ "type": "Feature", "properties": { "visible_points": 47, "total_points": 120, "visibility_pct": 39.166666666666664 }, "geometry": { "type": "Point", "coordinates": [ -2.215261699864912, 53.820568303548136 ] } },
{ "type": "Feature", "properties": { "visible_points": 42, "total_points": 120, "visibility_pct": 35.0 }, "geometry": { "type": "Point", "coordinates": [ -2.215051224350421, 53.820568681559173 ] } },
{ "type": "Feature", "properties": { "visible_points": 39, "total_points": 120, "visibility_pct": 32.5 }, "geometry": { "type": "Point", "coordinates": [ -2.214840748831185, 53.82056905920092 ] } },
{ "type": "Feature", "properties": { "visible_points": 36, "total_points": 120, "visibility_pct": 30.0 }, "geometry": { "type": "Point", "coordinates": [ -2.214630273307206, 53.820569436473399 ] } },
{ "type": "Feature", "properties": { "visible_points": 44, "total_points": 120, "visibility_pct": 36.666666666666664 }, "geometry": { "type": "Point", "coordinates": [ -2.214419797778494, 53.820569813376586 ] } },
{ "type": "Feature", "properties": { "visible_points": 34, "total_points": 120, "visibility_pct": 28.333333333333332 }, "geometry": { "type": "Point", "coordinates": [ -2.214209322245046, 53.820570189910498 ] } },
{ "type": "Feature", "properties": { "visible_points": 30, "total_points": 120, "visibility_pct": 25.0 }, "geometry": { "type": "Point", "coordinates": [ -2.213998846706874, 53.820570566075126 ] } },
{ "type": "Feature", "properties": { "visible_points": 21, "total_points": 120, "visibility_pct": 17.5 }, "geometry": { "type": "Point", "coordinates": [ -2.213788371163974, 53.82057094187045 ] } },
{ "type": "Feature", "properties": { "visible_points": 24, "total_points": 115, "visibility_pct": 20.869565217391305 }, "geometry": { "type": "Point", "coordinates": [ -2.21357789561636, 53.820571317296519 ] } },
{ "type": "Feature", "properties": { "visible_points": 0, "total_points": 107, "visibility_pct": 0.0 }, "geometry": { "type": "Point", "coordinates": [ -2.213367420064036, 53.820571692353298 ] } },
{ "type": "Feature", "properties": { "visible_points": 6, "total_points": 98, "visibility_pct": 6.1224489795918364 }, "geometry": { "type": "Point", "coordinates": [ -2.213156944506997, 53.820572067040779 ] } },
{ "type": "Feature", "properties": { "visible_points": 8, "total_points": 88, "visibility_pct": 9.0909090909090917 }, "geometry": { "type": "Point", "coordinates": [ -2.212946468945255, 53.820572441358991 ] } },
{ "type": "Feature", "properties": { "visible_points": 16, "total_points": 78, "visibility_pct": 20.512820512820511 }, "geometry": { "type": "Point", "coordinates": [ -2.212735993378815, 53.820572815307919 ] } },
{ "type": "Feature", "properties": { "visible_points": 60, "total_points": 109, "visibility_pct": 55.045871559633028 }, "geometry": { "type": "Point", "coordinates": [ -2.217472254024931, 53.82067216643167 ] } },
{ "type": "Feature", "properties": { "visible_points": 60, "total_points": 114, "visibility_pct": 52.631578947368418 }, "geometry": { "type": "Point", "coordinates": [ -2.217261778025903, 53.82067254832716 ] } },
{ "type": "Feature", "properties": { "visible_points": 58, "total_points": 117, "visibility_pct": 49.572649572649574 }, "geometry": { "type": "Point", "coordinates": [ -2.217051302022094, 53.820672929853359 ] } },
{ "type": "Feature", "properties": { "visible_points": 54, "total_points": 119, "visibility_pct": 45.378151260504204 }, "geometry": { "type": "Point", "coordinates": [ -2.216840826013486, 53.820673311010289 ] } },
{ "type": "Feature", "properties": { "visible_points": 54, "total_points": 120, "visibility_pct": 45.0 }, "geometry": { "type": "Point", "coordinates": [ -2.216630350000097, 53.820673691797921 ] } },
{ "type": "Feature", "properties": { "visible_points": 53, "total_points": 120, "visibility_pct": 44.166666666666664 }, "geometry": { "type": "Point", "coordinates": [ -2.216419873981925, 53.820674072216271 ] } },
{ "type": "Feature", "properties": { "visible_points": 56, "total_points": 120, "visibility_pct": 46.666666666666664 }, "geometry": { "type": "Point", "coordinates": [ -2.216209397958978, 53.82067445226533 ] } },
{ "type": "Feature", "properties": { "visible_points": 42, "total_points": 120, "visibility_pct": 35.0 }, "geometry": { "type": "Point", "coordinates": [ -2.215998921931261, 53.820674831945126 ] } },
{ "type": "Feature", "properties": { "visible_points": 41, "total_points": 120, "visibility_pct": 34.166666666666664 }, "geometry": { "type": "Point", "coordinates": [ -2.215788445898772, 53.820675211255633 ] } },
{ "type": "Feature", "properties": { "visible_points": 34, "total_points": 120, "visibility_pct": 28.333333333333332 }, "geometry": { "type": "Point", "coordinates": [ -2.215577969861529, 53.820675590196849 ] } },
{ "type": "Feature", "properties": { "visible_points": 29, "total_points": 120, "visibility_pct": 24.166666666666668 }, "geometry": { "type": "Point", "coordinates": [ -2.21536749381952, 53.820675968768782 ] } },
{ "type": "Feature", "properties": { "visible_points": 33, "total_points": 120, "visibility_pct": 27.5 }, "geometry": { "type": "Point", "coordinates": [ -2.215157017772766, 53.820676346971446 ] } },
{ "type": "Feature", "properties": { "visible_points": 37, "total_points": 120, "visibility_pct": 30.833333333333336 }, "geometry": { "type": "Point", "coordinates": [ -2.214946541721256, 53.820676724804819 ] } },
{ "type": "Feature", "properties": { "visible_points": 40, "total_points": 120, "visibility_pct": 33.333333333333329 }, "geometry": { "type": "Point", "coordinates": [ -2.214736065665009, 53.820677102268895 ] } },
{ "type": "Feature", "properties": { "visible_points": 35, "total_points": 120, "visibility_pct": 29.166666666666668 }, "geometry": { "type": "Point", "coordinates": [ -2.214525589604019, 53.820677479363709 ] } },
{ "type": "Feature", "properties": { "visible_points": 27, "total_points": 120, "visibility_pct": 22.5 }, "geometry": { "type": "Point", "coordinates": [ -2.214315113538293, 53.820677856089212 ] } },
{ "type": "Feature", "properties": { "visible_points": 1, "total_points": 120, "visibility_pct": 0.83333333333333337 }, "geometry": { "type": "Point", "coordinates": [ -2.214104637467842, 53.820678232445452 ] } },
{ "type": "Feature", "properties": { "visible_points": 6, "total_points": 120, "visibility_pct": 5.0 }, "geometry": { "type": "Point", "coordinates": [ -2.213894161392664, 53.820678608432402 ] } },
{ "type": "Feature", "properties": { "visible_points": 0, "total_points": 120, "visibility_pct": 0.0 }, "geometry": { "type": "Point", "coordinates": [ -2.213683685312761, 53.820678984050062 ] } },
{ "type": "Feature", "properties": { "visible_points": 2, "total_points": 115, "visibility_pct": 1.7391304347826086 }, "geometry": { "type": "Point", "coordinates": [ -2.213473209228155, 53.820679359298452 ] } },
{ "type": "Feature", "properties": { "visible_points": 0, "total_points": 107, "visibility_pct": 0.0 }, "geometry": { "type": "Point", "coordinates": [ -2.213262733138824, 53.820679734177546 ] } },
{ "type": "Feature", "properties": { "visible_points": 12, "total_points": 98, "visibility_pct": 12.244897959183673 }, "geometry": { "type": "Point", "coordinates": [ -2.213052257044792, 53.820680108687348 ] } },
{ "type": "Feature", "properties": { "visible_points": 12, "total_points": 89, "visibility_pct": 13.48314606741573 }, "geometry": { "type": "Point", "coordinates": [ -2.212841780946058, 53.820680482827896 ] } },
{ "type": "Feature", "properties": { "visible_points": 13, "total_points": 78, "visibility_pct": 16.666666666666664 }, "geometry": { "type": "Point", "coordinates": [ -2.212631304842626, 53.820680856599132 ] } },
{ "type": "Feature", "properties": { "visible_points": 18, "total_points": 67, "visibility_pct": 26.865671641791046 }, "geometry": { "type": "Point", "coordinates": [ -2.218419960119717, 53.820778298292765 ] } },
{ "type": "Feature", "properties": { "visible_points": 25, "total_points": 79, "visibility_pct": 31.645569620253166 }, "geometry": { "type": "Point", "coordinates": [ -2.218209483469203, 53.820778681370086 ] } },
{ "type": "Feature", "properties": { "visible_points": 40, "total_points": 91, "visibility_pct": 43.956043956043956 }, "geometry": { "type": "Point", "coordinates": [ -2.217999006887234, 53.820779064352699 ] } },
{ "type": "Feature", "properties": { "visible_points": 55, "total_points": 101, "visibility_pct": 54.455445544554458 }, "geometry": { "type": "Point", "coordinates": [ -2.217788530365577, 53.820779447178381 ] } },
{ "type": "Feature", "properties": { "visible_points": 54, "total_points": 109, "visibility_pct": 49.541284403669728 }, "geometry": { "type": "Point", "coordinates": [ -2.217578053839106, 53.820779829634787 ] } },
{ "type": "Feature", "properties": { "visible_points": 55, "total_points": 114, "visibility_pct": 48.245614035087719 }, "geometry": { "type": "Point", "coordinates": [ -2.217367577307848, 53.820780211721903 ] } },
{ "type": "Feature", "properties": { "visible_points": 53, "total_points": 117, "visibility_pct": 45.299145299145302 }, "geometry": { "type": "Point", "coordinates": [ -2.217157100771779, 53.820780593439743 ] } },
{ "type": "Feature", "properties": { "visible_points": 52, "total_points": 119, "visibility_pct": 43.69747899159664 }, "geometry": { "type": "Point", "coordinates": [ -2.216946624230922, 53.820780974788292 ] } },
{ "type": "Feature", "properties": { "visible_points": 42, "total_points": 120, "visibility_pct": 35.0 }, "geometry": { "type": "Point", "coordinates": [ -2.216736147685283, 53.820781355767551 ] } },
{ "type": "Feature", "properties": { "visible_points": 49, "total_points": 120, "visibility_pct": 40.833333333333336 }, "geometry": { "type": "Point", "coordinates": [ -2.216525671134851, 53.820781736377526 ] } },
{ "type": "Feature", "properties": { "visible_points": 47, "total_points": 120, "visibility_pct": 39.166666666666664 }, "geometry": { "type": "Point", "coordinates": [ -2.216315194579648, 53.820782116618233 ] } },
{ "type": "Feature", "properties": { "visible_points": 40, "total_points": 120, "visibility_pct": 33.333333333333329 }, "geometry": { "type": "Point", "coordinates": [ -2.216104718019668, 53.820782496489656 ] } },
{ "type": "Feature", "properties": { "visible_points": 34, "total_points": 120, "visibility_pct": 28.333333333333332 }, "geometry": { "type": "Point", "coordinates": [ -2.215894241454923, 53.820782875991782 ] } },
{ "type": "Feature", "properties": { "visible_points": 34, "total_points": 120, "visibility_pct": 28.333333333333332 }, "geometry": { "type": "Point", "coordinates": [ -2.215683764885407, 53.820783255124617 ] } },
{ "type": "Feature", "properties": { "visible_points": 0, "total_points": 120, "visibility_pct": 0.0 }, "geometry": { "type": "Point", "coordinates": [ -2.215473288311132, 53.820783633888183 ] } },
{ "type": "Feature", "properties": { "visible_points": 6, "total_points": 120, "visibility_pct": 5.0 }, "geometry": { "type": "Point", "coordinates": [ -2.215262811732111, 53.820784012282452 ] } },
{ "type": "Feature", "properties": { "visible_points": 36, "total_points": 120, "visibility_pct": 30.0 }, "geometry": { "type": "Point", "coordinates": [ -2.215052335148326, 53.820784390307438 ] } },
{ "type": "Feature", "properties": { "visible_points": 25, "total_points": 120, "visibility_pct": 20.833333333333336 }, "geometry": { "type": "Point", "coordinates": [ -2.214841858559802, 53.820784767963119 ] } },
{ "type": "Feature", "properties": { "visible_points": 20, "total_points": 120, "visibility_pct": 16.666666666666664 }, "geometry": { "type": "Point", "coordinates": [ -2.214631381966539, 53.820785145249552 ] } },
{ "type": "Feature", "properties": { "visible_points": 12, "total_points": 120, "visibility_pct": 10.0 }, "geometry": { "type": "Point", "coordinates": [ -2.214420905368531, 53.820785522166673 ] } },
{ "type": "Feature", "properties": { "visible_points": 3, "total_points": 120, "visibility_pct": 2.5 }, "geometry": { "type": "Point", "coordinates": [ -2.2142104287658, 53.820785898714519 ] } },
{ "type": "Feature", "properties": { "visible_points": 0, "total_points": 120, "visibility_pct": 0.0 }, "geometry": { "type": "Point", "coordinates": [ -2.213999952158337, 53.820786274893088 ] } },
{ "type": "Feature", "properties": { "visible_points": 0, "total_points": 120, "visibility_pct": 0.0 }, "geometry": { "type": "Point", "coordinates": [ -2.213789475546148, 53.82078665070236 ] } },
{ "type": "Feature", "properties": { "visible_points": 0, "total_points": 120, "visibility_pct": 0.0 }, "geometry": { "type": "Point", "coordinates": [ -2.213578998929249, 53.820787026142355 ] } },
{ "type": "Feature", "properties": { "visible_points": 2, "total_points": 115, "visibility_pct": 1.7391304347826086 }, "geometry": { "type": "Point", "coordinates": [ -2.213368522307631, 53.820787401213046 ] } },
{ "type": "Feature", "properties": { "visible_points": 11, "total_points": 107, "visibility_pct": 10.2803738317757 }, "geometry": { "type": "Point", "coordinates": [ -2.213158045681305, 53.820787775914461 ] } },
{ "type": "Feature", "properties": { "visible_points": 10, "total_points": 99, "visibility_pct": 10.1010101010101 }, "geometry": { "type": "Point", "coordinates": [ -2.212947569050277, 53.820788150246599 ] } },
{ "type": "Feature", "properties": { "visible_points": 9, "total_points": 88, "visibility_pct": 10.227272727272728 }, "geometry": { "type": "Point", "coordinates": [ -2.212737092414543, 53.820788524209448 ] } },
{ "type": "Feature", "properties": { "visible_points": 5, "total_points": 75, "visibility_pct": 6.666666666666667 }, "geometry": { "type": "Point", "coordinates": [ -2.21252661577412, 53.820788897803006 ] } },
{ "type": "Feature", "properties": { "visible_points": 14, "total_points": 64, "visibility_pct": 21.875 }, "geometry": { "type": "Point", "coordinates": [ -2.21852576268685, 53.820885960883913 ] } },
{ "type": "Feature", "properties": { "visible_points": 35, "total_points": 77, "visibility_pct": 45.454545454545453 }, "geometry": { "type": "Point", "coordinates": [ -2.218315285490503, 53.820886344139375 ] } },
{ "type": "Feature", "properties": { "visible_points": 40, "total_points": 89, "visibility_pct": 44.943820224719097 }, "geometry": { "type": "Point", "coordinates": [ -2.218104808330576, 53.820886727116743 ] } },
{ "type": "Feature", "properties": { "visible_points": 42, "total_points": 100, "visibility_pct": 42.0 }, "geometry": { "type": "Point", "coordinates": [ -2.217894331249037, 53.820887110088584 ] } },
{ "type": "Feature", "properties": { "visible_points": 51, "total_points": 109, "visibility_pct": 46.788990825688074 }, "geometry": { "type": "Point", "coordinates": [ -2.217683854190325, 53.820887492736617 ] } },
{ "type": "Feature", "properties": { "visible_points": 53, "total_points": 114, "visibility_pct": 46.491228070175438 }, "geometry": { "type": "Point", "coordinates": [ -2.217473377126808, 53.82088787501538 ] } },
{ "type": "Feature", "properties": { "visible_points": 53, "total_points": 117, "visibility_pct": 45.299145299145302 }, "geometry": { "type": "Point", "coordinates": [ -2.217262900058492, 53.820888256924832 ] } },
{ "type": "Feature", "properties": { "visible_points": 50, "total_points": 119, "visibility_pct": 42.016806722689076 }, "geometry": { "type": "Point", "coordinates": [ -2.217052422985387, 53.820888638465014 ] } },
{ "type": "Feature", "properties": { "visible_points": 44, "total_points": 120, "visibility_pct": 36.666666666666664 }, "geometry": { "type": "Point", "coordinates": [ -2.216841945907484, 53.820889019635914 ] } },
{ "type": "Feature", "properties": { "visible_points": 16, "total_points": 120, "visibility_pct": 13.333333333333334 }, "geometry": { "type": "Point", "coordinates": [ -2.2166314688248, 53.820889400437522 ] } },
{ "type": "Feature", "properties": { "visible_points": 36, "total_points": 120, "visibility_pct": 30.0 }, "geometry": { "type": "Point", "coordinates": [ -2.216420991737332, 53.820889780869848 ] } },
{ "type": "Feature", "properties": { "visible_points": 36, "total_points": 120, "visibility_pct": 30.0 }, "geometry": { "type": "Point", "coordinates": [ -2.216210514645093, 53.820890160932876 ] } },
{ "type": "Feature", "properties": { "visible_points": 29, "total_points": 120, "visibility_pct": 24.166666666666668 }, "geometry": { "type": "Point", "coordinates": [ -2.216000037548078, 53.820890540626635 ] } },
{ "type": "Feature", "properties": { "visible_points": 28, "total_points": 120, "visibility_pct": 23.333333333333332 }, "geometry": { "type": "Point", "coordinates": [ -2.215789560446298, 53.820890919951097 ] } },
{ "type": "Feature", "properties": { "visible_points": 24, "total_points": 120, "visibility_pct": 20.0 }, "geometry": { "type": "Point", "coordinates": [ -2.215579083339754, 53.820891298906268 ] } },
{ "type": "Feature", "properties": { "visible_points": 22, "total_points": 120, "visibility_pct": 18.333333333333332 }, "geometry": { "type": "Point", "coordinates": [ -2.215368606228455, 53.820891677492163 ] } },
{ "type": "Feature", "properties": { "visible_points": 24, "total_points": 120, "visibility_pct": 20.0 }, "geometry": { "type": "Point", "coordinates": [ -2.215158129112401, 53.820892055708768 ] } },
{ "type": "Feature", "properties": { "visible_points": 23, "total_points": 120, "visibility_pct": 19.166666666666668 }, "geometry": { "type": "Point", "coordinates": [ -2.214947651991598, 53.820892433556082 ] } },
{ "type": "Feature", "properties": { "visible_points": 9, "total_points": 120, "visibility_pct": 7.5 }, "geometry": { "type": "Point", "coordinates": [ -2.214737174866055, 53.82089281103412 ] } },
{ "type": "Feature", "properties": { "visible_points": 1, "total_points": 120, "visibility_pct": 0.83333333333333337 }, "geometry": { "type": "Point", "coordinates": [ -2.214526697735769, 53.820893188142854 ] } },
{ "type": "Feature", "properties": { "visible_points": 1, "total_points": 120, "visibility_pct": 0.83333333333333337 }, "geometry": { "type": "Point", "coordinates": [ -2.214316220600752, 53.820893564882319 ] } },
{ "type": "Feature", "properties": { "visible_points": 0, "total_points": 120, "visibility_pct": 0.0 }, "geometry": { "type": "Point", "coordinates": [ -2.214105743461002, 53.8208939412525 ] } },
{ "type": "Feature", "properties": { "visible_points": 0, "total_points": 120, "visibility_pct": 0.0 }, "geometry": { "type": "Point", "coordinates": [ -2.213895266316528, 53.820894317253369 ] } },
{ "type": "Feature", "properties": { "visible_points": 0, "total_points": 119, "visibility_pct": 0.0 }, "geometry": { "type": "Point", "coordinates": [ -2.213684789167331, 53.82089469288497 ] } },
{ "type": "Feature", "properties": { "visible_points": 0, "total_points": 118, "visibility_pct": 0.0 }, "geometry": { "type": "Point", "coordinates": [ -2.213474312013424, 53.82089506814728 ] } },
{ "type": "Feature", "properties": { "visible_points": 2, "total_points": 112, "visibility_pct": 1.7857142857142856 }, "geometry": { "type": "Point", "coordinates": [ -2.213263834854801, 53.820895443040307 ] } },
{ "type": "Feature", "properties": { "visible_points": 10, "total_points": 103, "visibility_pct": 9.7087378640776691 }, "geometry": { "type": "Point", "coordinates": [ -2.21305335769147, 53.82089581756405 ] } },
{ "type": "Feature", "properties": { "visible_points": 9, "total_points": 92, "visibility_pct": 9.7826086956521738 }, "geometry": { "type": "Point", "coordinates": [ -2.212842880523444, 53.820896191718489 ] } },
{ "type": "Feature", "properties": { "visible_points": 8, "total_points": 80, "visibility_pct": 10.0 }, "geometry": { "type": "Point", "coordinates": [ -2.212632403350714, 53.820896565503659 ] } },
{ "type": "Feature", "properties": { "visible_points": 5, "total_points": 68, "visibility_pct": 7.3529411764705888 }, "geometry": { "type": "Point", "coordinates": [ -2.212421926173294, 53.820896938919518 ] } },
{ "type": "Feature", "properties": { "visible_points": 25, "total_points": 74, "visibility_pct": 33.783783783783782 }, "geometry": { "type": "Point", "coordinates": [ -2.218421088062488, 53.820994006820889 ] } },
{ "type": "Feature", "properties": { "visible_points": 33, "total_points": 86, "visibility_pct": 38.372093023255815 }, "geometry": { "type": "Point", "coordinates": [ -2.218210610327971, 53.820994389905572 ] } },
{ "type": "Feature", "properties": { "visible_points": 43, "total_points": 98, "visibility_pct": 43.877551020408163 }, "geometry": { "type": "Point", "coordinates": [ -2.218000132669533, 53.820994772897485 ] } },
{ "type": "Feature", "properties": { "visible_points": 42, "total_points": 108, "visibility_pct": 38.888888888888893 }, "geometry": { "type": "Point", "coordinates": [ -2.217789655078571, 53.820995155737144 ] } },
{ "type": "Feature", "properties": { "visible_points": 41, "total_points": 115, "visibility_pct": 35.652173913043477 }, "geometry": { "type": "Point", "coordinates": [ -2.217579177482807, 53.820995538207541 ] } },
{ "type": "Feature", "properties": { "visible_points": 36, "total_points": 117, "visibility_pct": 30.76923076923077 }, "geometry": { "type": "Point", "coordinates": [ -2.217368699882236, 53.82099592030864 ] } },
{ "type": "Feature", "properties": { "visible_points": 39, "total_points": 119, "visibility_pct": 32.773109243697476 }, "geometry": { "type": "Point", "coordinates": [ -2.217158222276872, 53.820996302040449 ] } },
{ "type": "Feature", "properties": { "visible_points": 36, "total_points": 120, "visibility_pct": 30.0 }, "geometry": { "type": "Point", "coordinates": [ -2.216947744666712, 53.820996683402981 ] } },
{ "type": "Feature", "properties": { "visible_points": 25, "total_points": 120, "visibility_pct": 20.833333333333336 }, "geometry": { "type": "Point", "coordinates": [ -2.216737267051772, 53.820997064396209 ] } },
{ "type": "Feature", "properties": { "visible_points": 30, "total_points": 120, "visibility_pct": 25.0 }, "geometry": { "type": "Point", "coordinates": [ -2.216526789432042, 53.820997445020168 ] } },
{ "type": "Feature", "properties": { "visible_points": 39, "total_points": 120, "visibility_pct": 32.5 }, "geometry": { "type": "Point", "coordinates": [ -2.216316311807532, 53.820997825274844 ] } },
{ "type": "Feature", "properties": { "visible_points": 31, "total_points": 120, "visibility_pct": 25.833333333333336 }, "geometry": { "type": "Point", "coordinates": [ -2.216105834178252, 53.820998205160201 ] } },
{ "type": "Feature", "properties": { "visible_points": 30, "total_points": 120, "visibility_pct": 25.0 }, "geometry": { "type": "Point", "coordinates": [ -2.215895356544203, 53.82099858467631 ] } },
{ "type": "Feature", "properties": { "visible_points": 30, "total_points": 120, "visibility_pct": 25.0 }, "geometry": { "type": "Point", "coordinates": [ -2.215684878905384, 53.820998963823087 ] } },
{ "type": "Feature", "properties": { "visible_points": 14, "total_points": 120, "visibility_pct": 11.666666666666666 }, "geometry": { "type": "Point", "coordinates": [ -2.215474401261813, 53.820999342600601 ] } },
{ "type": "Feature", "properties": { "visible_points": 22, "total_points": 120, "visibility_pct": 18.333333333333332 }, "geometry": { "type": "Point", "coordinates": [ -2.215263923613482, 53.820999721008846 ] } },
{ "type": "Feature", "properties": { "visible_points": 28, "total_points": 120, "visibility_pct": 23.333333333333332 }, "geometry": { "type": "Point", "coordinates": [ -2.2150534459604, 53.821000099047787 ] } },
{ "type": "Feature", "properties": { "visible_points": 15, "total_points": 120, "visibility_pct": 12.5 }, "geometry": { "type": "Point", "coordinates": [ -2.214842968302573, 53.821000476717437 ] } },
{ "type": "Feature", "properties": { "visible_points": 4, "total_points": 119, "visibility_pct": 3.3613445378151261 }, "geometry": { "type": "Point", "coordinates": [ -2.214632490640007, 53.821000854017775 ] } },
{ "type": "Feature", "properties": { "visible_points": 0, "total_points": 118, "visibility_pct": 0.0 }, "geometry": { "type": "Point", "coordinates": [ -2.214422012972697, 53.821001230948845 ] } },
{ "type": "Feature", "properties": { "visible_points": 0, "total_points": 117, "visibility_pct": 0.0 }, "geometry": { "type": "Point", "coordinates": [ -2.214211535300663, 53.821001607510638 ] } },
{ "type": "Feature", "properties": { "visible_points": 0, "total_points": 115, "visibility_pct": 0.0 }, "geometry": { "type": "Point", "coordinates": [ -2.214001057623896, 53.821001983703148 ] } },
{ "type": "Feature", "properties": { "visible_points": 0, "total_points": 113, "visibility_pct": 0.0 }, "geometry": { "type": "Point", "coordinates": [ -2.213790579942409, 53.821002359526346 ] } },
{ "type": "Feature", "properties": { "visible_points": 0, "total_points": 112, "visibility_pct": 0.0 }, "geometry": { "type": "Point", "coordinates": [ -2.213580102256207, 53.821002734980276 ] } },
{ "type": "Feature", "properties": { "visible_points": 0, "total_points": 111, "visibility_pct": 0.0 }, "geometry": { "type": "Point", "coordinates": [ -2.21336962456528, 53.821003110064886 ] } },
{ "type": "Feature", "properties": { "visible_points": 0, "total_points": 104, "visibility_pct": 0.0 }, "geometry": { "type": "Point", "coordinates": [ -2.213159146869655, 53.821003484780242 ] } },
{ "type": "Feature", "properties": { "visible_points": 9, "total_points": 95, "visibility_pct": 9.4736842105263168 }, "geometry": { "type": "Point", "coordinates": [ -2.21294866916932, 53.821003859126293 ] } },
{ "type": "Feature", "properties": { "visible_points": 9, "total_points": 83, "visibility_pct": 10.843373493975903 }, "geometry": { "type": "Point", "coordinates": [ -2.212738191464286, 53.821004233103054 ] } },
{ "type": "Feature", "properties": { "visible_points": 9, "total_points": 71, "visibility_pct": 12.676056338028168 }, "geometry": { "type": "Point", "coordinates": [ -2.21252771375456, 53.821004606710531 ] } },
{ "type": "Feature", "properties": { "visible_points": 5, "total_points": 60, "visibility_pct": 8.3333333333333321 }, "geometry": { "type": "Point", "coordinates": [ -2.212317236040141, 53.821004979948718 ] } },
{ "type": "Feature", "properties": { "visible_points": 2, "total_points": 72, "visibility_pct": 2.7777777777777777 }, "geometry": { "type": "Point", "coordinates": [ -2.218526891179027, 53.821101669404214 ] } },
{ "type": "Feature", "properties": { "visible_points": 33, "total_points": 84, "visibility_pct": 39.285714285714285 }, "geometry": { "type": "Point", "coordinates": [ -2.218316412898413, 53.821102052667499 ] } },
{ "type": "Feature", "properties": { "visible_points": 33, "total_points": 96, "visibility_pct": 34.375 }, "geometry": { "type": "Point", "coordinates": [ -2.218105934657812, 53.821102435651731 ] } },
{ "type": "Feature", "properties": { "visible_points": 36, "total_points": 107, "visibility_pct": 33.644859813084111 }, "geometry": { "type": "Point", "coordinates": [ -2.217895456503862, 53.82110281863639 ] } },
{ "type": "Feature", "properties": { "visible_points": 37, "total_points": 116, "visibility_pct": 31.896551724137932 }, "geometry": { "type": "Point", "coordinates": [ -2.217684978375842, 53.821103201298421 ] } },
{ "type": "Feature", "properties": { "visible_points": 24, "total_points": 118, "visibility_pct": 20.33898305084746 }, "geometry": { "type": "Point", "coordinates": [ -2.217474500243016, 53.82110358359116 ] } },
{ "type": "Feature", "properties": { "visible_points": 41, "total_points": 119, "visibility_pct": 34.45378151260504 }, "geometry": { "type": "Point", "coordinates": [ -2.217264022105392, 53.82110396551461 ] } },
{ "type": "Feature", "properties": { "visible_points": 33, "total_points": 120, "visibility_pct": 27.5 }, "geometry": { "type": "Point", "coordinates": [ -2.217053543962976, 53.821104347068768 ] } },
{ "type": "Feature", "properties": { "visible_points": 21, "total_points": 120, "visibility_pct": 17.5 }, "geometry": { "type": "Point", "coordinates": [ -2.216843065815766, 53.821104728253644 ] } },
{ "type": "Feature", "properties": { "visible_points": 35, "total_points": 120, "visibility_pct": 29.166666666666668 }, "geometry": { "type": "Point", "coordinates": [ -2.216632587663775, 53.821105109069208 ] } },
{ "type": "Feature", "properties": { "visible_points": 36, "total_points": 120, "visibility_pct": 30.0 }, "geometry": { "type": "Point", "coordinates": [ -2.216422109507001, 53.82110548951551 ] } },
{ "type": "Feature", "properties": { "visible_points": 29, "total_points": 120, "visibility_pct": 24.166666666666668 }, "geometry": { "type": "Point", "coordinates": [ -2.216211631345446, 53.821105869592515 ] } },
{ "type": "Feature", "properties": { "visible_points": 32, "total_points": 120, "visibility_pct": 26.666666666666668 }, "geometry": { "type": "Point", "coordinates": [ -2.216001153179128, 53.821106249300222 ] } },
{ "type": "Feature", "properties": { "visible_points": 25, "total_points": 120, "visibility_pct": 20.833333333333336 }, "geometry": { "type": "Point", "coordinates": [ -2.215790675008035, 53.82110662863866 ] } },
{ "type": "Feature", "properties": { "visible_points": 23, "total_points": 119, "visibility_pct": 19.327731092436977 }, "geometry": { "type": "Point", "coordinates": [ -2.215580196832183, 53.821107007607786 ] } },
{ "type": "Feature", "properties": { "visible_points": 15, "total_points": 118, "visibility_pct": 12.711864406779661 }, "geometry": { "type": "Point", "coordinates": [ -2.215369718651577, 53.821107386207643 ] } },
{ "type": "Feature", "properties": { "visible_points": 16, "total_points": 117, "visibility_pct": 13.675213675213676 }, "geometry": { "type": "Point", "coordinates": [ -2.215159240466212, 53.821107764438189 ] } },
{ "type": "Feature", "properties": { "visible_points": 13, "total_points": 115, "visibility_pct": 11.304347826086957 }, "geometry": { "type": "Point", "coordinates": [ -2.214948762276102, 53.821108142299458 ] } },
{ "type": "Feature", "properties": { "visible_points": 4, "total_points": 113, "visibility_pct": 3.5398230088495577 }, "geometry": { "type": "Point", "coordinates": [ -2.214738284081245, 53.821108519791437 ] } },
{ "type": "Feature", "properties": { "visible_points": 0, "total_points": 112, "visibility_pct": 0.0 }, "geometry": { "type": "Point", "coordinates": [ -2.214527805881656, 53.821108896914126 ] } },
{ "type": "Feature", "properties": { "visible_points": 2, "total_points": 111, "visibility_pct": 1.8018018018018018 }, "geometry": { "type": "Point", "coordinates": [ -2.214317327677323, 53.821109273667531 ] } },
{ "type": "Feature", "properties": { "visible_points": 0, "total_points": 109, "visibility_pct": 0.0 }, "geometry": { "type": "Point", "coordinates": [ -2.214106849468264, 53.821109650051625 ] } },
{ "type": "Feature", "properties": { "visible_points": 0, "total_points": 107, "visibility_pct": 0.0 }, "geometry": { "type": "Point", "coordinates": [ -2.213896371254483, 53.821110026066457 ] } },
{ "type": "Feature", "properties": { "visible_points": 0, "total_points": 105, "visibility_pct": 0.0 }, "geometry": { "type": "Point", "coordinates": [ -2.213685893035978, 53.821110401711977 ] } },
{ "type": "Feature", "properties": { "visible_points": 0, "total_points": 103, "visibility_pct": 0.0 }, "geometry": { "type": "Point", "coordinates": [ -2.213475414812757, 53.82111077698822 ] } },
{ "type": "Feature", "properties": { "visible_points": 0, "total_points": 101, "visibility_pct": 0.0 }, "geometry": { "type": "Point", "coordinates": [ -2.213264936584827, 53.821111151895167 ] } },
{ "type": "Feature", "properties": { "visible_points": 4, "total_points": 95, "visibility_pct": 4.2105263157894735 }, "geometry": { "type": "Point", "coordinates": [ -2.213054458352186, 53.821111526432823 ] } },
{ "type": "Feature", "properties": { "visible_points": 9, "total_points": 84, "visibility_pct": 10.714285714285714 }, "geometry": { "type": "Point", "coordinates": [ -2.212843980114845, 53.821111900601196 ] } },
{ "type": "Feature", "properties": { "visible_points": 10, "total_points": 73, "visibility_pct": 13.698630136986301 }, "geometry": { "type": "Point", "coordinates": [ -2.212633501872808, 53.821112274400271 ] } },
{ "type": "Feature", "properties": { "visible_points": 11, "total_points": 62, "visibility_pct": 17.741935483870968 }, "geometry": { "type": "Point", "coordinates": [ -2.212423023626077, 53.821112647830063 ] } },
{ "type": "Feature", "properties": { "visible_points": 6, "total_points": 52, "visibility_pct": 11.538461538461538 }, "geometry": { "type": "Point", "coordinates": [ -2.212212545374656, 53.821113020890543 ] } },
{ "type": "Feature", "properties": { "visible_points": 34, "total_points": 83, "visibility_pct": 40.963855421686745 }, "geometry": { "type": "Point", "coordinates": [ -2.218422216019806, 53.82120971534119 ] } },
{ "type": "Feature", "properties": { "visible_points": 25, "total_points": 95, "visibility_pct": 26.315789473684209 }, "geometry": { "type": "Point", "coordinates": [ -2.218211737201202, 53.821210098433234 ] } },
{ "type": "Feature", "properties": { "visible_points": 34, "total_points": 106, "visibility_pct": 32.075471698113205 }, "geometry": { "type": "Point", "coordinates": [ -2.218001258466192, 53.821210481434342 ] } },
{ "type": "Feature", "properties": { "visible_points": 30, "total_points": 116, "visibility_pct": 25.862068965517242 }, "geometry": { "type": "Point", "coordinates": [ -2.217790779805916, 53.821210864288012 ] } },
{ "type": "Feature", "properties": { "visible_points": 0, "total_points": 119, "visibility_pct": 0.0 }, "geometry": { "type": "Point", "coordinates": [ -2.217580301140838, 53.821211246772371 ] } },
{ "type": "Feature", "properties": { "visible_points": 22, "total_points": 120, "visibility_pct": 18.333333333333332 }, "geometry": { "type": "Point", "coordinates": [ -2.217369822470949, 53.821211628887468 ] } },
{ "type": "Feature", "properties": { "visible_points": 30, "total_points": 120, "visibility_pct": 25.0 }, "geometry": { "type": "Point", "coordinates": [ -2.217159343796271, 53.821212010633261 ] } },
{ "type": "Feature", "properties": { "visible_points": 19, "total_points": 120, "visibility_pct": 15.833333333333332 }, "geometry": { "type": "Point", "coordinates": [ -2.216948865116801, 53.821212392009762 ] } },
{ "type": "Feature", "properties": { "visible_points": 23, "total_points": 120, "visibility_pct": 19.166666666666668 }, "geometry": { "type": "Point", "coordinates": [ -2.216738386432535, 53.821212773016974 ] } },
{ "type": "Feature", "properties": { "visible_points": 30, "total_points": 119, "visibility_pct": 25.210084033613445 }, "geometry": { "type": "Point", "coordinates": [ -2.216527907743493, 53.821213153654902 ] } },
{ "type": "Feature", "properties": { "visible_points": 20, "total_points": 118, "visibility_pct": 16.949152542372879 }, "geometry": { "type": "Point", "coordinates": [ -2.216317429049669, 53.821213533923526 ] } },
{ "type": "Feature", "properties": { "visible_points": 11, "total_points": 117, "visibility_pct": 9.4017094017094021 }, "geometry": { "type": "Point", "coordinates": [ -2.216106950351071, 53.821213913822874 ] } },
{ "type": "Feature", "properties": { "visible_points": 8, "total_points": 115, "visibility_pct": 6.9565217391304346 }, "geometry": { "type": "Point", "coordinates": [ -2.215896471647706, 53.821214293352931 ] } },
{ "type": "Feature", "properties": { "visible_points": 7, "total_points": 113, "visibility_pct": 6.1946902654867255 }, "geometry": { "type": "Point", "coordinates": [ -2.215685992939578, 53.821214672513669 ] } },
{ "type": "Feature", "properties": { "visible_points": 8, "total_points": 112, "visibility_pct": 7.1428571428571423 }, "geometry": { "type": "Point", "coordinates": [ -2.215475514226684, 53.821215051305153 ] } },
{ "type": "Feature", "properties": { "visible_points": 9, "total_points": 111, "visibility_pct": 8.1081081081081088 }, "geometry": { "type": "Point", "coordinates": [ -2.215265035509039, 53.821215429727339 ] } },
{ "type": "Feature", "properties": { "visible_points": 8, "total_points": 109, "visibility_pct": 7.3394495412844041 }, "geometry": { "type": "Point", "coordinates": [ -2.21505455678664, 53.82121580778022 ] } },
{ "type": "Feature", "properties": { "visible_points": 8, "total_points": 107, "visibility_pct": 7.4766355140186906 }, "geometry": { "type": "Point", "coordinates": [ -2.214844078059498, 53.821216185463818 ] } },
{ "type": "Feature", "properties": { "visible_points": 9, "total_points": 105, "visibility_pct": 8.5714285714285712 }, "geometry": { "type": "Point", "coordinates": [ -2.214633599327613, 53.821216562778119 ] } },
{ "type": "Feature", "properties": { "visible_points": 1, "total_points": 103, "visibility_pct": 0.97087378640776689 }, "geometry": { "type": "Point", "coordinates": [ -2.21442312059099, 53.821216939723136 ] } },
{ "type": "Feature", "properties": { "visible_points": 0, "total_points": 101, "visibility_pct": 0.0 }, "geometry": { "type": "Point", "coordinates": [ -2.214212641849637, 53.821217316298849 ] } },
{ "type": "Feature", "properties": { "visible_points": 1, "total_points": 99, "visibility_pct": 1.0101010101010102 }, "geometry": { "type": "Point", "coordinates": [ -2.214002163103552, 53.821217692505293 ] } },
{ "type": "Feature", "properties": { "visible_points": 2, "total_points": 97, "visibility_pct": 2.0618556701030926 }, "geometry": { "type": "Point", "coordinates": [ -2.213791684352751, 53.821218068342432 ] } },
{ "type": "Feature", "properties": { "visible_points": 3, "total_points": 95, "visibility_pct": 3.1578947368421053 }, "geometry": { "type": "Point", "coordinates": [ -2.213581205597229, 53.821218443810267 ] } },
{ "type": "Feature", "properties": { "visible_points": 5, "total_points": 92, "visibility_pct": 5.4347826086956523 }, "geometry": { "type": "Point", "coordinates": [ -2.213370726836988, 53.821218818908847 ] } },
{ "type": "Feature", "properties": { "visible_points": 6, "total_points": 90, "visibility_pct": 6.666666666666667 }, "geometry": { "type": "Point", "coordinates": [ -2.213160248072046, 53.8212191936381 ] } },
{ "type": "Feature", "properties": { "visible_points": 7, "total_points": 83, "visibility_pct": 8.4337349397590362 }, "geometry": { "type": "Point", "coordinates": [ -2.212949769302393, 53.821219567998085 ] } },
{ "type": "Feature", "properties": { "visible_points": 6, "total_points": 73, "visibility_pct": 8.2191780821917799 }, "geometry": { "type": "Point", "coordinates": [ -2.212739290528042, 53.821219941988751 ] } },
{ "type": "Feature", "properties": { "visible_points": 7, "total_points": 63, "visibility_pct": 11.111111111111111 }, "geometry": { "type": "Point", "coordinates": [ -2.212528811748999, 53.821220315610141 ] } },
{ "type": "Feature", "properties": { "visible_points": 5, "total_points": 53, "visibility_pct": 9.433962264150944 }, "geometry": { "type": "Point", "coordinates": [ -2.212318332965259, 53.821220688862255 ] } },
{ "type": "Feature", "properties": { "visible_points": 22, "total_points": 82, "visibility_pct": 26.829268292682929 }, "geometry": { "type": "Point", "coordinates": [ -2.218528019685763, 53.821317377916671 ] } },
{ "type": "Feature", "properties": { "visible_points": 26, "total_points": 94, "visibility_pct": 27.659574468085108 }, "geometry": { "type": "Point", "coordinates": [ -2.218317540320861, 53.821317761187778 ] } },
{ "type": "Feature", "properties": { "visible_points": 30, "total_points": 106, "visibility_pct": 28.30188679245283 }, "geometry": { "type": "Point", "coordinates": [ -2.218107060999492, 53.821318144178811 ] } },
{ "type": "Feature", "properties": { "visible_points": 27, "total_points": 115, "visibility_pct": 23.478260869565219 }, "geometry": { "type": "Point", "coordinates": [ -2.217896581773038, 53.821318527176309 ] } },
{ "type": "Feature", "properties": { "visible_points": 21, "total_points": 119, "visibility_pct": 17.647058823529413 }, "geometry": { "type": "Point", "coordinates": [ -2.217686102575698, 53.821318909852316 ] } },
{ "type": "Feature", "properties": { "visible_points": 15, "total_points": 118, "visibility_pct": 12.711864406779661 }, "geometry": { "type": "Point", "coordinates": [ -2.217475623373552, 53.821319292159032 ] } },
{ "type": "Feature", "properties": { "visible_points": 13, "total_points": 117, "visibility_pct": 11.111111111111111 }, "geometry": { "type": "Point", "coordinates": [ -2.21726514416661, 53.821319674096472 ] } },
{ "type": "Feature", "properties": { "visible_points": 24, "total_points": 116, "visibility_pct": 20.689655172413794 }, "geometry": { "type": "Point", "coordinates": [ -2.217054664954865, 53.8213200556646 ] } },
{ "type": "Feature", "properties": { "visible_points": 17, "total_points": 114, "visibility_pct": 14.912280701754385 }, "geometry": { "type": "Point", "coordinates": [ -2.216844185738336, 53.821320436863431 ] } },
{ "type": "Feature", "properties": { "visible_points": 6, "total_points": 113, "visibility_pct": 5.3097345132743365 }, "geometry": { "type": "Point", "coordinates": [ -2.21663370651702, 53.821320817693007 ] } },
{ "type": "Feature", "properties": { "visible_points": 7, "total_points": 112, "visibility_pct": 6.25 }, "geometry": { "type": "Point", "coordinates": [ -2.216423227290921, 53.821321198153278 ] } },
{ "type": "Feature", "properties": { "visible_points": 8, "total_points": 111, "visibility_pct": 7.2072072072072073 }, "geometry": { "type": "Point", "coordinates": [ -2.216212748060049, 53.82132157824423 ] } },
{ "type": "Feature", "properties": { "visible_points": 10, "total_points": 109, "visibility_pct": 9.1743119266055047 }, "geometry": { "type": "Point", "coordinates": [ -2.216002268824403, 53.821321957965907 ] } },
{ "type": "Feature", "properties": { "visible_points": 10, "total_points": 107, "visibility_pct": 9.3457943925233646 }, "geometry": { "type": "Point", "coordinates": [ -2.21579178958399, 53.821322337318314 ] } },
{ "type": "Feature", "properties": { "visible_points": 6, "total_points": 105, "visibility_pct": 5.7142857142857144 }, "geometry": { "type": "Point", "coordinates": [ -2.215581310338818, 53.821322716301388 ] } },
{ "type": "Feature", "properties": { "visible_points": 8, "total_points": 103, "visibility_pct": 7.7669902912621351 }, "geometry": { "type": "Point", "coordinates": [ -2.215370831088882, 53.821323094915186 ] } },
{ "type": "Feature", "properties": { "visible_points": 4, "total_points": 101, "visibility_pct": 3.9603960396039604 }, "geometry": { "type": "Point", "coordinates": [ -2.2151603518342, 53.821323473159701 ] } },
{ "type": "Feature", "properties": { "visible_points": 4, "total_points": 99, "visibility_pct": 4.0404040404040407 }, "geometry": { "type": "Point", "coordinates": [ -2.214949872574762, 53.821323851034911 ] } },
{ "type": "Feature", "properties": { "visible_points": 0, "total_points": 97, "visibility_pct": 0.0 }, "geometry": { "type": "Point", "coordinates": [ -2.214739393310588, 53.821324228540853 ] } },
{ "type": "Feature", "properties": { "visible_points": 6, "total_points": 95, "visibility_pct": 6.3157894736842106 }, "geometry": { "type": "Point", "coordinates": [ -2.214528914041667, 53.821324605677489 ] } },
{ "type": "Feature", "properties": { "visible_points": 5, "total_points": 92, "visibility_pct": 5.4347826086956523 }, "geometry": { "type": "Point", "coordinates": [ -2.214318434768014, 53.821324982444814 ] } },
{ "type": "Feature", "properties": { "visible_points": 4, "total_points": 90, "visibility_pct": 4.4444444444444446 }, "geometry": { "type": "Point", "coordinates": [ -2.214107955489637, 53.821325358842877 ] } },
{ "type": "Feature", "properties": { "visible_points": 4, "total_points": 88, "visibility_pct": 4.5454545454545459 }, "geometry": { "type": "Point", "coordinates": [ -2.213897476206525, 53.821325734871614 ] } },
{ "type": "Feature", "properties": { "visible_points": 6, "total_points": 86, "visibility_pct": 6.9767441860465116 }, "geometry": { "type": "Point", "coordinates": [ -2.2136869969187, 53.821326110531082 ] } },
{ "type": "Feature", "properties": { "visible_points": 3, "total_points": 83, "visibility_pct": 3.6144578313253009 }, "geometry": { "type": "Point", "coordinates": [ -2.213476517626152, 53.821326485821245 ] } },
{ "type": "Feature", "properties": { "visible_points": 1, "total_points": 80, "visibility_pct": 1.25 }, "geometry": { "type": "Point", "coordinates": [ -2.213266038328899, 53.821326860742111 ] } },
{ "type": "Feature", "properties": { "visible_points": 0, "total_points": 78, "visibility_pct": 0.0 }, "geometry": { "type": "Point", "coordinates": [ -2.213055559026934, 53.821327235293694 ] } },
{ "type": "Feature", "properties": { "visible_points": 23, "total_points": 85, "visibility_pct": 27.058823529411764 }, "geometry": { "type": "Point", "coordinates": [ -2.21842334399167, 53.821425423853633 ] } },
{ "type": "Feature", "properties": { "visible_points": 27, "total_points": 97, "visibility_pct": 27.835051546391753 }, "geometry": { "type": "Point", "coordinates": [ -2.218212864088898, 53.821425806952995 ] } },
{ "type": "Feature", "properties": { "visible_points": 26, "total_points": 106, "visibility_pct": 24.528301886792452 }, "geometry": { "type": "Point", "coordinates": [ -2.218002384277216, 53.821426189963297 ] } },
{ "type": "Feature", "properties": { "visible_points": 25, "total_points": 111, "visibility_pct": 22.522522522522522 }, "geometry": { "type": "Point", "coordinates": [ -2.217791904547609, 53.821426572830944 ] } },
{ "type": "Feature", "properties": { "visible_points": 18, "total_points": 112, "visibility_pct": 16.071428571428573 }, "geometry": { "type": "Point", "coordinates": [ -2.217581424813202, 53.821426955329322 ] } },
{ "type": "Feature", "properties": { "visible_points": 3, "total_points": 111, "visibility_pct": 2.7027027027027026 }, "geometry": { "type": "Point", "coordinates": [ -2.217370945073985, 53.821427337458374 ] } },
{ "type": "Feature", "properties": { "visible_points": 12, "total_points": 110, "visibility_pct": 10.909090909090908 }, "geometry": { "type": "Point", "coordinates": [ -2.217160465329975, 53.821427719218157 ] } },
{ "type": "Feature", "properties": { "visible_points": 11, "total_points": 108, "visibility_pct": 10.185185185185185 }, "geometry": { "type": "Point", "coordinates": [ -2.216949985581173, 53.821428100608628 ] } },
{ "type": "Feature", "properties": { "visible_points": 9, "total_points": 106, "visibility_pct": 8.4905660377358494 }, "geometry": { "type": "Point", "coordinates": [ -2.216739505827585, 53.821428481629823 ] } },
{ "type": "Feature", "properties": { "visible_points": 9, "total_points": 104, "visibility_pct": 8.6538461538461533 }, "geometry": { "type": "Point", "coordinates": [ -2.21652902606921, 53.821428862281707 ] } },
{ "type": "Feature", "properties": { "visible_points": 8, "total_points": 103, "visibility_pct": 7.7669902912621351 }, "geometry": { "type": "Point", "coordinates": [ -2.216318546306058, 53.821429242564328 ] } },
{ "type": "Feature", "properties": { "visible_points": 9, "total_points": 101, "visibility_pct": 8.9108910891089099 }, "geometry": { "type": "Point", "coordinates": [ -2.216108066538131, 53.821429622477616 ] } },
{ "type": "Feature", "properties": { "visible_points": 4, "total_points": 99, "visibility_pct": 4.0404040404040407 }, "geometry": { "type": "Point", "coordinates": [ -2.215897586765433, 53.821430002021643 ] } },
{ "type": "Feature", "properties": { "visible_points": 3, "total_points": 97, "visibility_pct": 3.0927835051546393 }, "geometry": { "type": "Point", "coordinates": [ -2.215687106987971, 53.821430381196365 ] } },
{ "type": "Feature", "properties": { "visible_points": 2, "total_points": 95, "visibility_pct": 2.1052631578947367 }, "geometry": { "type": "Point", "coordinates": [ -2.215476627205752, 53.821430760001782 ] } },
{ "type": "Feature", "properties": { "visible_points": 4, "total_points": 92, "visibility_pct": 4.3478260869565215 }, "geometry": { "type": "Point", "coordinates": [ -2.215266147418777, 53.821431138437916 ] } },
{ "type": "Feature", "properties": { "visible_points": 2, "total_points": 90, "visibility_pct": 2.2222222222222223 }, "geometry": { "type": "Point", "coordinates": [ -2.215055667627045, 53.821431516504745 ] } },
{ "type": "Feature", "properties": { "visible_points": 0, "total_points": 88, "visibility_pct": 0.0 }, "geometry": { "type": "Point", "coordinates": [ -2.214845187830574, 53.821431894202298 ] } },
{ "type": "Feature", "properties": { "visible_points": 0, "total_points": 86, "visibility_pct": 0.0 }, "geometry": { "type": "Point", "coordinates": [ -2.214634708029358, 53.821432271530547 ] } },
{ "type": "Feature", "properties": { "visible_points": 0, "total_points": 83, "visibility_pct": 0.0 }, "geometry": { "type": "Point", "coordinates": [ -2.214424228223408, 53.821432648489505 ] } },
{ "type": "Feature", "properties": { "visible_points": 0, "total_points": 80, "visibility_pct": 0.0 }, "geometry": { "type": "Point", "coordinates": [ -2.214213748412721, 53.821433025079159 ] } },
{ "type": "Feature", "properties": { "visible_points": 17, "total_points": 74, "visibility_pct": 22.972972972972975 }, "geometry": { "type": "Point", "coordinates": [ -2.218529148207049, 53.82153308642129 ] } },
{ "type": "Feature", "properties": { "visible_points": 24, "total_points": 85, "visibility_pct": 28.235294117647058 }, "geometry": { "type": "Point", "coordinates": [ -2.218318667757856, 53.821533469700213 ] } },
{ "type": "Feature", "properties": { "visible_points": 26, "total_points": 94, "visibility_pct": 27.659574468085108 }, "geometry": { "type": "Point", "coordinates": [ -2.218108187355608, 53.82153385269801 ] } },
{ "type": "Feature", "properties": { "visible_points": 24, "total_points": 101, "visibility_pct": 23.762376237623762 }, "geometry": { "type": "Point", "coordinates": [ -2.217897707056574, 53.821534235708292 ] } },
{ "type": "Feature", "properties": { "visible_points": 19, "total_points": 104, "visibility_pct": 18.269230769230766 }, "geometry": { "type": "Point", "coordinates": [ -2.217687226789899, 53.821534618398296 ] } },
{ "type": "Feature", "properties": { "visible_points": 10, "total_points": 103, "visibility_pct": 9.7087378640776691 }, "geometry": { "type": "Point", "coordinates": [ -2.217476746518413, 53.821535000719003 ] } },
{ "type": "Feature", "properties": { "visible_points": 8, "total_points": 102, "visibility_pct": 7.8431372549019605 }, "geometry": { "type": "Point", "coordinates": [ -2.217266266242137, 53.821535382670419 ] } },
{ "type": "Feature", "properties": { "visible_points": 12, "total_points": 100, "visibility_pct": 12.0 }, "geometry": { "type": "Point", "coordinates": [ -2.217055785961055, 53.82153576425253 ] } },
{ "type": "Feature", "properties": { "visible_points": 10, "total_points": 98, "visibility_pct": 10.204081632653061 }, "geometry": { "type": "Point", "coordinates": [ -2.216845305675193, 53.821536145465345 ] } },
{ "type": "Feature", "properties": { "visible_points": 4, "total_points": 96, "visibility_pct": 4.1666666666666661 }, "geometry": { "type": "Point", "coordinates": [ -2.216634825384534, 53.821536526308883 ] } },
{ "type": "Feature", "properties": { "visible_points": 5, "total_points": 94, "visibility_pct": 5.3191489361702127 }, "geometry": { "type": "Point", "coordinates": [ -2.216424345089103, 53.821536906783109 ] } },
{ "type": "Feature", "properties": { "visible_points": 6, "total_points": 92, "visibility_pct": 6.5217391304347823 }, "geometry": { "type": "Point", "coordinates": [ -2.216213864788894, 53.821537286888045 ] } },
{ "type": "Feature", "properties": { "visible_points": 8, "total_points": 90, "visibility_pct": 8.8888888888888893 }, "geometry": { "type": "Point", "coordinates": [ -2.216003384483911, 53.821537666623691 ] } },
{ "type": "Feature", "properties": { "visible_points": 6, "total_points": 88, "visibility_pct": 6.8181818181818175 }, "geometry": { "type": "Point", "coordinates": [ -2.215792904174162, 53.821538045990032 ] } },
{ "type": "Feature", "properties": { "visible_points": 5, "total_points": 86, "visibility_pct": 5.8139534883720927 }, "geometry": { "type": "Point", "coordinates": [ -2.21558242385965, 53.821538424987089 ] } },
{ "type": "Feature", "properties": { "visible_points": 1, "total_points": 83, "visibility_pct": 1.2048192771084338 }, "geometry": { "type": "Point", "coordinates": [ -2.215371943540377, 53.821538803614843 ] } },
{ "type": "Feature", "properties": { "visible_points": 0, "total_points": 80, "visibility_pct": 0.0 }, "geometry": { "type": "Point", "coordinates": [ -2.215161463216357, 53.821539181873298 ] } },
{ "type": "Feature", "properties": { "visible_points": 0, "total_points": 73, "visibility_pct": 0.0 }, "geometry": { "type": "Point", "coordinates": [ -2.218424471978091, 53.821641132358245 ] } },
{ "type": "Feature", "properties": { "visible_points": 0, "total_points": 81, "visibility_pct": 0.0 }, "geometry": { "type": "Point", "coordinates": [ -2.21821399099106, 53.821641515464933 ] } },
{ "type": "Feature", "properties": { "visible_points": 21, "total_points": 89, "visibility_pct": 23.595505617977526 }, "geometry": { "type": "Point", "coordinates": [ -2.218003510102601, 53.821641898484351 ] } },
{ "type": "Feature", "properties": { "visible_points": 0, "total_points": 94, "visibility_pct": 0.0 }, "geometry": { "type": "Point", "coordinates": [ -2.217793029303652, 53.821642281366003 ] } },
{ "type": "Feature", "properties": { "visible_points": 0, "total_points": 94, "visibility_pct": 0.0 }, "geometry": { "type": "Point", "coordinates": [ -2.2175825484999, 53.821642663878336 ] } },
{ "type": "Feature", "properties": { "visible_points": 7, "total_points": 93, "visibility_pct": 7.5268817204301079 }, "geometry": { "type": "Point", "coordinates": [ -2.217372067691341, 53.821643046021386 ] } },
{ "type": "Feature", "properties": { "visible_points": 3, "total_points": 91, "visibility_pct": 3.296703296703297 }, "geometry": { "type": "Point", "coordinates": [ -2.217161586877989, 53.821643427795138 ] } },
{ "type": "Feature", "properties": { "visible_points": 6, "total_points": 89, "visibility_pct": 6.7415730337078648 }, "geometry": { "type": "Point", "coordinates": [ -2.216951106059845, 53.8216438091996 ] } },
{ "type": "Feature", "properties": { "visible_points": 8, "total_points": 87, "visibility_pct": 9.1954022988505741 }, "geometry": { "type": "Point", "coordinates": [ -2.216740625236906, 53.821644190234764 ] } },
{ "type": "Feature", "properties": { "visible_points": 5, "total_points": 85, "visibility_pct": 5.8823529411764701 }, "geometry": { "type": "Point", "coordinates": [ -2.216530144409192, 53.821644570900617 ] } },
{ "type": "Feature", "properties": { "visible_points": 3, "total_points": 82, "visibility_pct": 3.6585365853658534 }, "geometry": { "type": "Point", "coordinates": [ -2.216319663576695, 53.821644951197186 ] } },
{ "type": "Feature", "properties": { "visible_points": 5, "total_points": 80, "visibility_pct": 6.25 }, "geometry": { "type": "Point", "coordinates": [ -2.216109182739423, 53.821645331124458 ] } },
{ "type": "Feature", "properties": { "visible_points": 0, "total_points": 61, "visibility_pct": 0.0 }, "geometry": { "type": "Point", "coordinates": [ -2.218530276742897, 53.821748794918065 ] } },
{ "type": "Feature", "properties": { "visible_points": 0, "total_points": 69, "visibility_pct": 0.0 }, "geometry": { "type": "Point", "coordinates": [ -2.218319795209393, 53.821749178204811 ] } },
{ "type": "Feature", "properties": { "visible_points": 0, "total_points": 76, "visibility_pct": 0.0 }, "geometry": { "type": "Point", "coordinates": [ -2.21810931372616, 53.821749561209302 ] } },
{ "type": "Feature", "properties": { "visible_points": 0, "total_points": 82, "visibility_pct": 0.0 }, "geometry": { "type": "Point", "coordinates": [ -2.217898832354469, 53.821749944232387 ] } },
{ "type": "Feature", "properties": { "visible_points": 0, "total_points": 84, "visibility_pct": 0.0 }, "geometry": { "type": "Point", "coordinates": [ -2.21768835101844, 53.821750326936389 ] } },
{ "type": "Feature", "properties": { "visible_points": 0, "total_points": 83, "visibility_pct": 0.0 }, "geometry": { "type": "Point", "coordinates": [ -2.217477869677606, 53.821750709271072 ] } },
{ "type": "Feature", "properties": { "visible_points": 7, "total_points": 81, "visibility_pct": 8.6419753086419746 }, "geometry": { "type": "Point", "coordinates": [ -2.217267388331976, 53.821751091236457 ] } },
{ "type": "Feature", "properties": { "visible_points": 3, "total_points": 79, "visibility_pct": 3.79746835443038 }, "geometry": { "type": "Point", "coordinates": [ -2.217056906981544, 53.821751472832553 ] } },
{ "type": "Feature", "properties": { "visible_points": 0, "total_points": 50, "visibility_pct": 0.0 }, "geometry": { "type": "Point", "coordinates": [ -2.218636082052283, 53.821856457379688 ] } },
{ "type": "Feature", "properties": { "visible_points": 0, "total_points": 57, "visibility_pct": 0.0 }, "geometry": { "type": "Point", "coordinates": [ -2.218425599979058, 53.82185684085502 ] } },
{ "type": "Feature", "properties": { "visible_points": 0, "total_points": 63, "visibility_pct": 0.0 }, "geometry": { "type": "Point", "coordinates": [ -2.218215117907683, 53.821857223968976 ] } },
{ "type": "Feature", "properties": { "visible_points": 0, "total_points": 69, "visibility_pct": 0.0 }, "geometry": { "type": "Point", "coordinates": [ -2.218004635942348, 53.82185760699749 ] } }
]
}
