{
"type": "FeatureCollection",
"name": "LANCA_32_NACH",
"crs": { "type": "name", "properties": { "name": "urn:ogc:def:crs:OGC:1.3:CRS84" } },
"features": [
{ "type": "Feature", "properties": { "id": 862, "nach": 0.59863780398051269 }, "geometry": { "type": "LineString", "coordinates": [ [ -2.8303068, 54.062419099999985 ], [ -2.8301828, 54.0625212 ] ] } },
{ "type": "Feature", "properties": { "id": 863, "nach": 0.67943148493385208 }, "geometry": { "type": "LineString", "coordinates": [ [ -2.8303068, 54.062419099999985 ], [ -2.8301876, 54.0623626 ] ] } },
{ "type": "Feature", "properties": { "id": 867, "nach": 0.56746671475195065 }, "geometry": { "type": "LineString", "coordinates": [ [ -2.8304475, 54.0623311 ], [ -2.8303068, 54.062419099999985 ] ] } },
{ "type": "Feature", "properties": { "id": 34242, "nach": 0.66901040031678793 }, "geometry": { "type": "LineString", "coordinates": [ [ -2.8304218, 54.0624737 ], [ -2.8303068, 54.062419099999985 ] ] } },
{ "type": "Feature", "properties": { "id": 34238, "nach": 0.5378544014527501 }, "geometry": { "type": "LineString", "coordinates": [ [ -2.8301828, 54.0625212 ], [ -2.8301408, 54.0625013 ], [ -2.830116, 54.0624896 ], [ -2.8300358, 54.0625548 ], [ -2.8300085, 54.0625425 ], [ -2.8299664, 54.0625235 ] ] } },
{ "type": "Feature", "properties": { "id": 34236, "nach": 0.56207635020404123 }, "geometry": { "type": "LineString", "coordinates": [ [ -2.8301828, 54.0625212 ], [ -2.8299807, 54.0626946 ] ] } },
{ "type": "Feature", "properties": { "id": 34241, "nach": 0.58151536358482347 }, "geometry": { "type": "LineString", "coordinates": [ [ -2.8302896, 54.0625655 ], [ -2.8302299, 54.0625407 ], [ -2.8301828, 54.0625212 ] ] } },
{ "type": "Feature", "properties": { "id": 34224, "nach": 0.68556896003325019 }, "geometry": { "type": "LineString", "coordinates": [ [ -2.8301876, 54.0623626 ], [ -2.8300832, 54.062313 ] ] } },
{ "type": "Feature", "properties": { "id": 34225, "nach": 0.52473209336426752 }, "geometry": { "type": "LineString", "coordinates": [ [ -2.8301876, 54.0623626 ], [ -2.8302678, 54.0623302 ], [ -2.8303388, 54.0623157 ], [ -2.8304144, 54.0623151 ] ] } },
{ "type": "Feature", "properties": { "id": 34233, "nach": 0.39493549107447551 }, "geometry": { "type": "LineString", "coordinates": [ [ -2.8299664, 54.0625235 ], [ -2.8301518, 54.062387100000016 ], [ -2.8301876, 54.0623626 ] ] } },
{ "type": "Feature", "properties": { "id": 864, "nach": 0.58934905193312848 }, "geometry": { "type": "LineString", "coordinates": [ [ -2.8300379, 54.0622916 ], [ -2.8301615, 54.0621919 ] ] } },
{ "type": "Feature", "properties": { "id": 865, "nach": 0.66847779107075267 }, "geometry": { "type": "LineString", "coordinates": [ [ -2.8300379, 54.0622916 ], [ -2.829917, 54.0622342 ] ] } },
{ "type": "Feature", "properties": { "id": 34230, "nach": 0.6065270466633006 }, "geometry": { "type": "LineString", "coordinates": [ [ -2.8298831, 54.0624166 ], [ -2.8300379, 54.0622916 ] ] } },
{ "type": "Feature", "properties": { "id": 34287, "nach": 0.68662370307191023 }, "geometry": { "type": "LineString", "coordinates": [ [ -2.8300832, 54.062313 ], [ -2.8300379, 54.0622916 ] ] } },
{ "type": "Feature", "properties": { "id": 29800, "nach": 0.59464503622847964 }, "geometry": { "type": "LineString", "coordinates": [ [ -2.8301615, 54.0621919 ], [ -2.8303275, 54.0620573 ] ] } },
{ "type": "Feature", "properties": { "id": 29801, "nach": 0.63168437721485882 }, "geometry": { "type": "LineString", "coordinates": [ [ -2.8301615, 54.0621919 ], [ -2.8302898, 54.0622547 ] ] } },
{ "type": "Feature", "properties": { "id": 34091, "nach": 0.62867916714739791 }, "geometry": { "type": "LineString", "coordinates": [ [ -2.8299907, 54.0621092 ], [ -2.8301615, 54.0621919 ] ] } },
{ "type": "Feature", "properties": { "id": 34096, "nach": 0.52507726730966786 }, "geometry": { "type": "LineString", "coordinates": [ [ -2.829917, 54.0622342 ], [ -2.8299552, 54.062204700000017 ], [ -2.8299743, 54.0621899 ], [ -2.8299149, 54.0621638 ], [ -2.8299356, 54.0621489 ], [ -2.8299907, 54.0621092 ] ] } },
{ "type": "Feature", "properties": { "id": 34094, "nach": 0.66709775763755119 }, "geometry": { "type": "LineString", "coordinates": [ [ -2.829917, 54.0622342 ], [ -2.8295916, 54.0620721 ] ] } },
{ "type": "Feature", "properties": { "id": 34227, "nach": 0.52550358140572639 }, "geometry": { "type": "LineString", "coordinates": [ [ -2.8298135, 54.0623843 ], [ -2.8298307, 54.0623432 ], [ -2.8298288, 54.062307 ], [ -2.8298412, 54.0622967 ], [ -2.829917, 54.0622342 ] ] } },
{ "type": "Feature", "properties": { "id": 866, "nach": 0.64656306176248679 }, "geometry": { "type": "LineString", "coordinates": [ [ -2.8304475, 54.0623311 ], [ -2.8306432, 54.0624259 ] ] } },
{ "type": "Feature", "properties": { "id": 34082, "nach": 0.61092385401708993 }, "geometry": { "type": "LineString", "coordinates": [ [ -2.8306515, 54.0621712 ], [ -2.8304475, 54.0623311 ] ] } },
{ "type": "Feature", "properties": { "id": 34226, "nach": 0.65073370031303845 }, "geometry": { "type": "LineString", "coordinates": [ [ -2.8304144, 54.0623151 ], [ -2.8304475, 54.0623311 ] ] } },
{ "type": "Feature", "properties": { "id": 34246, "nach": 0.58451359472179465 }, "geometry": { "type": "LineString", "coordinates": [ [ -2.8306432, 54.0624259 ], [ -2.8307187, 54.0623691 ], [ -2.8308333, 54.0623347 ] ] } },
{ "type": "Feature", "properties": { "id": 34247, "nach": 0.47268678370569417 }, "geometry": { "type": "LineString", "coordinates": [ [ -2.8306432, 54.0624259 ], [ -2.8306111, 54.0624508 ], [ -2.8305925, 54.0624652 ], [ -2.8304915, 54.0624209 ], [ -2.8304719, 54.062435700000016 ], [ -2.8304218, 54.0624737 ] ] } },
{ "type": "Feature", "properties": { "id": 34245, "nach": 0.63866529341806377 }, "geometry": { "type": "LineString", "coordinates": [ [ -2.8306432, 54.0624259 ], [ -2.8309396, 54.0625849 ], [ -2.8314426, 54.0628597 ], [ -2.8315826, 54.0629495 ], [ -2.831679, 54.0630442 ] ] } },
{ "type": "Feature", "properties": { "id": 868, "nach": 0.47062119632701654 }, "geometry": { "type": "LineString", "coordinates": [ [ -2.8317139, 54.0612427 ], [ -2.8314125, 54.0613908 ], [ -2.8312224, 54.061511 ], [ -2.8310396, 54.061644100000017 ], [ -2.8306583, 54.0619596 ], [ -2.8304852, 54.0620994 ], [ -2.8304333, 54.0621413 ] ] } },
{ "type": "Feature", "properties": { "id": 869, "nach": 0.5947049586559251 }, "geometry": { "type": "LineString", "coordinates": [ [ -2.8317139, 54.0612427 ], [ -2.8308792, 54.0619776 ], [ -2.8306942, 54.06213480000001 ], [ -2.8306515, 54.0621712 ] ] } },
{ "type": "Feature", "properties": { "id": 34178, "nach": 0.60401411182325193 }, "geometry": { "type": "LineString", "coordinates": [ [ -2.8323106, 54.0607697 ], [ -2.8320293, 54.0610076 ], [ -2.8317139, 54.0612427 ] ] } },
{ "type": "Feature", "properties": { "id": 34284, "nach": 0.63260217828037268 }, "geometry": { "type": "LineString", "coordinates": [ [ -2.8304333, 54.0621413 ], [ -2.8304826, 54.0621645 ], [ -2.8305065, 54.0621758 ], [ -2.8305604, 54.0621321 ], [ -2.8305821, 54.0621419 ], [ -2.8306515, 54.0621712 ] ] } },
{ "type": "Feature", "properties": { "id": 34283, "nach": 0.63893778994410499 }, "geometry": { "type": "LineString", "coordinates": [ [ -2.8304333, 54.0621413 ], [ -2.8303903, 54.0621235 ], [ -2.8303649, 54.0621126 ], [ -2.8303949, 54.0620885 ], [ -2.8303703, 54.0620779 ], [ -2.8303275, 54.0620573 ] ] } },
{ "type": "Feature", "properties": { "id": 34282, "nach": 0.48577609840722202 }, "geometry": { "type": "LineString", "coordinates": [ [ -2.8304333, 54.0621413 ], [ -2.8302898, 54.0622547 ] ] } },
{ "type": "Feature", "properties": { "id": 34084, "nach": 0.6525909242177087 }, "geometry": { "type": "LineString", "coordinates": [ [ -2.8306515, 54.0621712 ], [ -2.8307191, 54.0621998 ], [ -2.8308544, 54.0622567 ] ] } },
{ "type": "Feature", "properties": { "id": 870, "nach": 0.68174614811568912 }, "geometry": { "type": "LineString", "coordinates": [ [ -2.831679, 54.0630442 ], [ -2.8315826, 54.0630156 ] ] } },
{ "type": "Feature", "properties": { "id": 967, "nach": 0.71140461655098419 }, "geometry": { "type": "LineString", "coordinates": [ [ -2.8317353, 54.0630698 ], [ -2.831679, 54.0630442 ] ] } },
{ "type": "Feature", "properties": { "id": 17441, "nach": 0.66710726947486654 }, "geometry": { "type": "LineString", "coordinates": [ [ -2.8315826, 54.0630156 ], [ -2.8313397, 54.062916800000011 ], [ -2.8311317, 54.0628199 ], [ -2.8305502, 54.0625346 ], [ -2.8304865, 54.0625043 ], [ -2.8304218, 54.0624737 ] ] } },
{ "type": "Feature", "properties": { "id": 17442, "nach": 0.56520217479880375 }, "geometry": { "type": "LineString", "coordinates": [ [ -2.8315826, 54.0630156 ], [ -2.8313377, 54.0629785 ], [ -2.8310337, 54.0628976 ], [ -2.830793, 54.0627801 ], [ -2.8306164, 54.0627059 ], [ -2.8304804, 54.062672 ], [ -2.8303612, 54.062659 ], [ -2.8302602, 54.0626592 ] ] } },
{ "type": "Feature", "properties": { "id": 39516, "nach": 0.68741148893901449 }, "geometry": { "type": "LineString", "coordinates": [ [ -2.8316352, 54.0631473 ], [ -2.8317353, 54.0630698 ] ] } },
{ "type": "Feature", "properties": { "id": 42381, "nach": 0.70201510499950159 }, "geometry": { "type": "LineString", "coordinates": [ [ -2.83192, 54.0631612 ], [ -2.8317353, 54.0630698 ] ] } },
{ "type": "Feature", "properties": { "id": 872, "nach": 0.6598326920722567 }, "geometry": { "type": "LineString", "coordinates": [ [ -2.8284205, 54.0614645 ], [ -2.8286676, 54.0615255 ] ] } },
{ "type": "Feature", "properties": { "id": 27939, "nach": 0.71726104462929963 }, "geometry": { "type": "LineString", "coordinates": [ [ -2.8283151, 54.0614224 ], [ -2.8284205, 54.0614645 ] ] } },
{ "type": "Feature", "properties": { "id": 76388, "nach": 0.67489664673988192 }, "geometry": { "type": "LineString", "coordinates": [ [ -2.8295916, 54.0620721 ], [ -2.8295054, 54.0620299 ], [ -2.8286415, 54.0616256 ], [ -2.8284205, 54.0614645 ] ] } },
{ "type": "Feature", "properties": { "id": 45207, "nach": 0.59085329100021411 }, "geometry": { "type": "LineString", "coordinates": [ [ -2.8286676, 54.0615255 ], [ -2.8290506, 54.0616874 ], [ -2.8298642, 54.062052100000017 ], [ -2.8299302, 54.0620799 ], [ -2.8299907, 54.0621092 ] ] } },
{ "type": "Feature", "properties": { "id": 45208, "nach": 0.62254723962328695 }, "geometry": { "type": "LineString", "coordinates": [ [ -2.8286676, 54.0615255 ], [ -2.8291781, 54.061634899999987 ], [ -2.8297364, 54.0618926 ], [ -2.829856, 54.06194330000001 ], [ -2.8299929, 54.0619774 ], [ -2.8300317, 54.0619813 ], [ -2.8301054, 54.061983899999987 ] ] } },
{ "type": "Feature", "properties": { "id": 27940, "nach": 0.70867113204677523 }, "geometry": { "type": "LineString", "coordinates": [ [ -2.8283151, 54.0614224 ], [ -2.8278401, 54.0612037 ], [ -2.827528, 54.0610535 ], [ -2.82744, 54.061009599999984 ] ] } },
{ "type": "Feature", "properties": { "id": 39504, "nach": 0.57076761551204336 }, "geometry": { "type": "LineString", "coordinates": [ [ -2.8282355, 54.0614817 ], [ -2.8282531, 54.061468600000012 ], [ -2.8283151, 54.0614224 ] ] } },
{ "type": "Feature", "properties": { "id": 83534, "nach": 0.622044290128827 }, "geometry": { "type": "LineString", "coordinates": [ [ -2.8463861, 54.0733505 ], [ -2.845799587633914, 54.072605435077499 ] ] } },
{ "type": "Feature", "properties": { "id": 83633, "nach": 0.60522127079739085 }, "geometry": { "type": "LineString", "coordinates": [ [ -2.8401771, 54.0674538 ], [ -2.840279, 54.0675235 ] ] } },
{ "type": "Feature", "properties": { "id": 57186, "nach": 0.56207931417510526 }, "geometry": { "type": "LineString", "coordinates": [ [ -2.8406267, 54.0677648 ], [ -2.840279, 54.0675235 ] ] } },
{ "type": "Feature", "properties": { "id": 83553, "nach": 0.58017296762968096 }, "geometry": { "type": "LineString", "coordinates": [ [ -2.8401142, 54.0676022 ], [ -2.8402077, 54.0675576 ], [ -2.840279, 54.0675235 ] ] } },
{ "type": "Feature", "properties": { "id": 83634, "nach": 0.42096707206412481 }, "geometry": { "type": "LineString", "coordinates": [ [ -2.8401771, 54.0674538 ], [ -2.8400099, 54.06753 ] ] } },
{ "type": "Feature", "properties": { "id": 83694, "nach": 0.61038044066226727 }, "geometry": { "type": "LineString", "coordinates": [ [ -2.8401501, 54.0674353 ], [ -2.8401771, 54.0674538 ] ] } },
{ "type": "Feature", "properties": { "id": 83697, "nach": 0.5355199578430333 }, "geometry": { "type": "LineString", "coordinates": [ [ -2.8408354, 54.0679136 ], [ -2.8406267, 54.0677648 ] ] } },
{ "type": "Feature", "properties": { "id": 83616, "nach": 0.46110801685709585 }, "geometry": { "type": "LineString", "coordinates": [ [ -2.8407922, 54.0676855 ], [ -2.8406267, 54.0677648 ] ] } },
{ "type": "Feature", "properties": { "id": 83552, "nach": 0.61857404233372004 }, "geometry": { "type": "LineString", "coordinates": [ [ -2.8401142, 54.0676022 ], [ -2.8397708, 54.0677663 ], [ -2.8393015, 54.067925700000011 ], [ -2.8387893, 54.0680484 ] ] } },
{ "type": "Feature", "properties": { "id": 83582, "nach": 0.59532149713253701 }, "geometry": { "type": "LineString", "coordinates": [ [ -2.8400099, 54.06753 ], [ -2.8400774, 54.0675752 ], [ -2.8401142, 54.0676022 ] ] } },
{ "type": "Feature", "properties": { "id": 83588, "nach": 0.54993790230096595 }, "geometry": { "type": "LineString", "coordinates": [ [ -2.8420304, 54.069038 ], [ -2.8420114, 54.0690214 ], [ -2.841798, 54.0688354 ], [ -2.8416163, 54.0686971 ], [ -2.841472, 54.0685872 ], [ -2.8412935, 54.0684511 ], [ -2.8411149, 54.0683151 ], [ -2.8409401, 54.0681907 ], [ -2.8407468, 54.0680532 ], [ -2.8405424, 54.0679077 ], [ -2.8403638, 54.0677806 ], [ -2.8402069, 54.067669 ], [ -2.8401441, 54.0676242 ], [ -2.8401142, 54.0676022 ] ] } },
{ "type": "Feature", "properties": { "id": 22141, "nach": 0.41418885758006441 }, "geometry": { "type": "LineString", "coordinates": [ [ -2.8381768, 54.0746403 ], [ -2.8381567, 54.0760623 ] ] } },
{ "type": "Feature", "properties": { "id": 8307, "nach": 0.58820210053048194 }, "geometry": { "type": "LineString", "coordinates": [ [ -2.8367522, 54.0751149 ], [ -2.8368926, 54.0753682 ], [ -2.8369643, 54.0756111 ], [ -2.8370123, 54.0759015 ], [ -2.8370287, 54.0760659 ] ] } },
{ "type": "Feature", "properties": { "id": 959, "nach": 0.61529433557705937 }, "geometry": { "type": "LineString", "coordinates": [ [ -2.8375854, 54.0659351 ], [ -2.8377577, 54.0659917 ], [ -2.8378645, 54.0660217 ], [ -2.837925, 54.0660351 ] ] } },
{ "type": "Feature", "properties": { "id": 965, "nach": 0.67770748316283114 }, "geometry": { "type": "LineString", "coordinates": [ [ -2.8366389, 54.0654733 ], [ -2.8371964, 54.0657468 ], [ -2.8375854, 54.0659351 ] ] } },
{ "type": "Feature", "properties": { "id": 83666, "nach": 0.59835940029184997 }, "geometry": { "type": "LineString", "coordinates": [ [ -2.8377566, 54.066164 ], [ -2.837725, 54.0661261 ], [ -2.8376768, 54.0660851 ], [ -2.8375677, 54.0660163 ], [ -2.8375854, 54.0659351 ] ] } },
{ "type": "Feature", "properties": { "id": 83676, "nach": 0.58317691458032872 }, "geometry": { "type": "LineString", "coordinates": [ [ -2.8379625, 54.065987300000018 ], [ -2.8377754, 54.0659322 ], [ -2.8375854, 54.0659351 ] ] } },
{ "type": "Feature", "properties": { "id": 83669, "nach": 0.45952772090081334 }, "geometry": { "type": "LineString", "coordinates": [ [ -2.8378115, 54.0661217 ], [ -2.83777740000001, 54.06608 ], [ -2.8377153, 54.0660237 ], [ -2.8375854, 54.0659351 ] ] } },
{ "type": "Feature", "properties": { "id": 83674, "nach": 0.53286629490733228 }, "geometry": { "type": "LineString", "coordinates": [ [ -2.837925, 54.0660351 ], [ -2.837905, 54.0660591 ], [ -2.83786860000001, 54.0660777 ], [ -2.8378115, 54.0661217 ] ] } },
{ "type": "Feature", "properties": { "id": 83672, "nach": 0.62991939096482052 }, "geometry": { "type": "LineString", "coordinates": [ [ -2.837925, 54.0660351 ], [ -2.8379665, 54.066044300000016 ], [ -2.8380713, 54.0660622 ], [ -2.838171, 54.0660722 ] ] } },
{ "type": "Feature", "properties": { "id": 83677, "nach": 0.48160497892325099 }, "geometry": { "type": "LineString", "coordinates": [ [ -2.8379625, 54.065987300000018 ], [ -2.8379564, 54.06599760000001 ], [ -2.837925, 54.0660351 ] ] } },
{ "type": "Feature", "properties": { "id": 2511, "nach": 0.68086062487064136 }, "geometry": { "type": "LineString", "coordinates": [ [ -2.8356973, 54.0650191 ], [ -2.8366389, 54.0654733 ] ] } },
{ "type": "Feature", "properties": { "id": 8574, "nach": 0.44557290538342503 }, "geometry": { "type": "LineString", "coordinates": [ [ -2.8385078, 54.0646087 ], [ -2.8374314, 54.064906199999989 ], [ -2.8366389, 54.0654733 ] ] } },
{ "type": "Feature", "properties": { "id": 83667, "nach": 0.6199831834533146 }, "geometry": { "type": "LineString", "coordinates": [ [ -2.8377566, 54.066164 ], [ -2.8377509, 54.0662256 ], [ -2.8376834, 54.066302500000013 ] ] } },
{ "type": "Feature", "properties": { "id": 83671, "nach": 0.53381196846069046 }, "geometry": { "type": "LineString", "coordinates": [ [ -2.8378115, 54.0661217 ], [ -2.8377841, 54.0661428 ], [ -2.8377566, 54.066164 ] ] } },
{ "type": "Feature", "properties": { "id": 83679, "nach": 0.58932818506969065 }, "geometry": { "type": "LineString", "coordinates": [ [ -2.8383944, 54.0659823 ], [ -2.8382288, 54.0660057 ], [ -2.8380861, 54.0660073 ], [ -2.8379625, 54.065987300000018 ] ] } },
{ "type": "Feature", "properties": { "id": 80400, "nach": 0.68246002223789493 }, "geometry": { "type": "LineString", "coordinates": [ [ -2.8353618, 54.0648599 ], [ -2.8356973, 54.0650191 ] ] } },
{ "type": "Feature", "properties": { "id": 2515, "nach": 0.64407283197868037 }, "geometry": { "type": "LineString", "coordinates": [ [ -2.8354017, 54.065318 ], [ -2.8354206, 54.065218300000012 ], [ -2.8356364, 54.0650544 ], [ -2.8356973, 54.0650191 ] ] } },
{ "type": "Feature", "properties": { "id": 80506, "nach": 0.59547785117625651 }, "geometry": { "type": "LineString", "coordinates": [ [ -2.8357833, 54.0649612 ], [ -2.8357529, 54.0649836 ], [ -2.8356973, 54.0650191 ] ] } },
{ "type": "Feature", "properties": { "id": 8572, "nach": 0.59107836534868008 }, "geometry": { "type": "LineString", "coordinates": [ [ -2.8385078, 54.0646087 ], [ -2.8393901, 54.0657057 ] ] } },
{ "type": "Feature", "properties": { "id": 8571, "nach": 0.57720883145552571 }, "geometry": { "type": "LineString", "coordinates": [ [ -2.8385078, 54.0646087 ], [ -2.8379938, 54.064009 ] ] } },
{ "type": "Feature", "properties": { "id": 8575, "nach": 0.47828641400725841 }, "geometry": { "type": "LineString", "coordinates": [ [ -2.8391375, 54.064416799999989 ], [ -2.8385078, 54.0646087 ] ] } },
{ "type": "Feature", "properties": { "id": 39517, "nach": 0.69802879064994261 }, "geometry": { "type": "LineString", "coordinates": [ [ -2.8316352, 54.0631473 ], [ -2.8312877, 54.0634215 ], [ -2.8311158, 54.0635992 ] ] } },
{ "type": "Feature", "properties": { "id": 39519, "nach": 0.46034752983394794 }, "geometry": { "type": "LineString", "coordinates": [ [ -2.8316352, 54.0631473 ], [ -2.8316608, 54.0631594 ], [ -2.8324867, 54.0635495 ], [ -2.8326728, 54.06354790000001 ] ] } },
{ "type": "Feature", "properties": { "id": 39522, "nach": 0.56061979886961844 }, "geometry": { "type": "LineString", "coordinates": [ [ -2.8302602, 54.0626592 ], [ -2.830263, 54.0627123 ], [ -2.830264, 54.0627302 ], [ -2.8303402, 54.062727099999989 ], [ -2.8304055, 54.062732 ], [ -2.8305089, 54.062741900000013 ], [ -2.8306107, 54.0627649 ], [ -2.8307266, 54.0628094 ], [ -2.8310337, 54.062962 ], [ -2.8315813, 54.0631307 ], [ -2.8316352, 54.0631473 ] ] } },
{ "type": "Feature", "properties": { "id": 42380, "nach": 0.69093234067548559 }, "geometry": { "type": "LineString", "coordinates": [ [ -2.83192, 54.0631612 ], [ -2.8320934, 54.0632473 ] ] } },
{ "type": "Feature", "properties": { "id": 42379, "nach": 0.55481428303508118 }, "geometry": { "type": "LineString", "coordinates": [ [ -2.83192, 54.0631612 ], [ -2.8320365, 54.0630861 ] ] } },
{ "type": "Feature", "properties": { "id": 76846, "nach": 0.62534032628119784 }, "geometry": { "type": "LineString", "coordinates": [ [ -2.8502259, 54.0616251 ], [ -2.8498664, 54.061694 ] ] } },
{ "type": "Feature", "properties": { "id": 1257, "nach": 0.64235382288207921 }, "geometry": { "type": "LineString", "coordinates": [ [ -2.8494935, 54.0617661 ], [ -2.8498664, 54.061694 ] ] } },
{ "type": "Feature", "properties": { "id": 76842, "nach": 0.54427831898759704 }, "geometry": { "type": "LineString", "coordinates": [ [ -2.84984, 54.0616387 ], [ -2.8498448, 54.0616483 ], [ -2.8498664, 54.061694 ] ] } },
{ "type": "Feature", "properties": { "id": 7132, "nach": 0.63486158755089594 }, "geometry": { "type": "LineString", "coordinates": [ [ -2.8495502, 54.0618452 ], [ -2.8494935, 54.0617661 ] ] } },
{ "type": "Feature", "properties": { "id": 76830, "nach": 0.64766796931580173 }, "geometry": { "type": "LineString", "coordinates": [ [ -2.8494236, 54.0617818 ], [ -2.8494935, 54.0617661 ] ] } },
{ "type": "Feature", "properties": { "id": 76841, "nach": 0.53977043732476604 }, "geometry": { "type": "LineString", "coordinates": [ [ -2.84984, 54.0616387 ], [ -2.8498229, 54.0616105 ] ] } },
{ "type": "Feature", "properties": { "id": 76844, "nach": 0.35293542843327669 }, "geometry": { "type": "LineString", "coordinates": [ [ -2.85023, 54.0615638 ], [ -2.850056, 54.0615954 ], [ -2.84984, 54.0616387 ] ] } },
{ "type": "Feature", "properties": { "id": 7137, "nach": 0.63015633932961967 }, "geometry": { "type": "LineString", "coordinates": [ [ -2.8478477, 54.0622852 ], [ -2.8477979, 54.0622322 ] ] } },
{ "type": "Feature", "properties": { "id": 60968, "nach": 0.66130103106453797 }, "geometry": { "type": "LineString", "coordinates": [ [ -2.8481201, 54.0621358 ], [ -2.8477979, 54.0622322 ] ] } },
{ "type": "Feature", "properties": { "id": 38505, "nach": 0.67972657171569217 }, "geometry": { "type": "LineString", "coordinates": [ [ -2.84731, 54.062380400000016 ], [ -2.8473433, 54.062371 ], [ -2.8477979, 54.0622322 ] ] } },
{ "type": "Feature", "properties": { "id": 7139, "nach": 0.62619756456792075 }, "geometry": { "type": "LineString", "coordinates": [ [ -2.8478477, 54.0622852 ], [ -2.848726800000011, 54.06203150000001 ], [ -2.849382, 54.0618581 ], [ -2.8494902, 54.0618574 ], [ -2.8495502, 54.0618452 ] ] } },
{ "type": "Feature", "properties": { "id": 9890, "nach": 0.51975498183709301 }, "geometry": { "type": "LineString", "coordinates": [ [ -2.8479496, 54.062402 ], [ -2.8478477, 54.0622852 ] ] } },
{ "type": "Feature", "properties": { "id": 76920, "nach": 0.55642240298186108 }, "geometry": { "type": "LineString", "coordinates": [ [ -2.8463086, 54.0627739 ], [ -2.8470071, 54.062538 ], [ -2.8478477, 54.0622852 ] ] } },
{ "type": "Feature", "properties": { "id": 60969, "nach": 0.65735263724582871 }, "geometry": { "type": "LineString", "coordinates": [ [ -2.8481201, 54.0621358 ], [ -2.8484276, 54.0620439 ] ] } },
{ "type": "Feature", "properties": { "id": 60978, "nach": 0.45874525246835346 }, "geometry": { "type": "LineString", "coordinates": [ [ -2.8480627, 54.0620689 ], [ -2.8481201, 54.0621358 ] ] } },
{ "type": "Feature", "properties": { "id": 51040, "nach": 0.41166375300585228 }, "geometry": { "type": "LineString", "coordinates": [ [ -2.8472395, 54.0623089 ], [ -2.84731, 54.062380400000016 ] ] } },
{ "type": "Feature", "properties": { "id": 76904, "nach": 0.67833736422037771 }, "geometry": { "type": "LineString", "coordinates": [ [ -2.8465069, 54.0626337 ], [ -2.8471743, 54.0624231 ], [ -2.84731, 54.062380400000016 ] ] } },
{ "type": "Feature", "properties": { "id": 975, "nach": 0.60094779887395755 }, "geometry": { "type": "LineString", "coordinates": [ [ -2.838601, 54.0662699 ], [ -2.838593, 54.0663302 ], [ -2.8385538, 54.0663899 ], [ -2.8384971, 54.066434 ], [ -2.8384262, 54.0664671 ], [ -2.8383357, 54.0664903 ] ] } },
{ "type": "Feature", "properties": { "id": 976, "nach": 0.63041822412535276 }, "geometry": { "type": "LineString", "coordinates": [ [ -2.838601, 54.0662699 ], [ -2.83865, 54.066330100000016 ], [ -2.8387293, 54.06639770000001 ] ] } },
{ "type": "Feature", "properties": { "id": 984, "nach": 0.66492840032492073 }, "geometry": { "type": "LineString", "coordinates": [ [ -2.8385991, 54.0662578 ], [ -2.838601, 54.0662699 ] ] } },
{ "type": "Feature", "properties": { "id": 977, "nach": 0.67701998417500309 }, "geometry": { "type": "LineString", "coordinates": [ [ -2.8383357, 54.0664903 ], [ -2.8382844, 54.0664966 ] ] } },
{ "type": "Feature", "properties": { "id": 12134, "nach": 0.64959921714711943 }, "geometry": { "type": "LineString", "coordinates": [ [ -2.838597, 54.066528499999976 ], [ -2.8385226, 54.0665129 ], [ -2.8384384, 54.066498 ], [ -2.8383357, 54.0664903 ] ] } },
{ "type": "Feature", "properties": { "id": 73629, "nach": 0.68964713935390998 }, "geometry": { "type": "LineString", "coordinates": [ [ -2.8387293, 54.06639770000001 ], [ -2.8386934, 54.0664235 ], [ -2.8386161, 54.0664905 ], [ -2.838597, 54.066528499999976 ] ] } },
{ "type": "Feature", "properties": { "id": 73628, "nach": 0.66654609022462208 }, "geometry": { "type": "LineString", "coordinates": [ [ -2.8387293, 54.06639770000001 ], [ -2.8387638, 54.0664183 ], [ -2.838838, 54.0664529 ], [ -2.8390815, 54.0665404 ], [ -2.83921980000001, 54.0665956 ], [ -2.8393256, 54.066629500000012 ] ] } },
{ "type": "Feature", "properties": { "id": 83684, "nach": 0.63095365400779801 }, "geometry": { "type": "LineString", "coordinates": [ [ -2.83883030000001, 54.0663458 ], [ -2.8388098, 54.066356299999988 ], [ -2.8387293, 54.06639770000001 ] ] } },
{ "type": "Feature", "properties": { "id": 978, "nach": 0.67384164804676427 }, "geometry": { "type": "LineString", "coordinates": [ [ -2.8382844, 54.0664966 ], [ -2.838199, 54.0665314 ], [ -2.838173, 54.0665459 ] ] } },
{ "type": "Feature", "properties": { "id": 979, "nach": 0.43890855969698339 }, "geometry": { "type": "LineString", "coordinates": [ [ -2.8382844, 54.0664966 ], [ -2.8381633, 54.0664943 ], [ -2.8380517, 54.0664694 ], [ -2.8379961, 54.0664462 ] ] } },
{ "type": "Feature", "properties": { "id": 83641, "nach": 0.66748824391466233 }, "geometry": { "type": "LineString", "coordinates": [ [ -2.838173, 54.0665459 ], [ -2.8382104, 54.066550399999983 ] ] } },
{ "type": "Feature", "properties": { "id": 83643, "nach": 0.70557933556425934 }, "geometry": { "type": "LineString", "coordinates": [ [ -2.838173, 54.0665459 ], [ -2.8381159, 54.0665391 ], [ -2.8380642, 54.0665307 ], [ -2.8380213, 54.0665272 ] ] } },
{ "type": "Feature", "properties": { "id": 83642, "nach": 0.58852457579939854 }, "geometry": { "type": "LineString", "coordinates": [ [ -2.838173, 54.0665459 ], [ -2.838142, 54.0665633 ], [ -2.8380815, 54.0666106 ], [ -2.8379765, 54.0667121 ] ] } },
{ "type": "Feature", "properties": { "id": 83638, "nach": 0.45063335018862483 }, "geometry": { "type": "LineString", "coordinates": [ [ -2.8380213, 54.0665272 ], [ -2.83802080000001, 54.0665199 ], [ -2.8380118, 54.0664819 ], [ -2.8379961, 54.0664462 ] ] } },
{ "type": "Feature", "properties": { "id": 980, "nach": 0.65131404337589571 }, "geometry": { "type": "LineString", "coordinates": [ [ -2.8378735, 54.066252 ], [ -2.83787740000001, 54.0662393 ] ] } },
{ "type": "Feature", "properties": { "id": 73638, "nach": 0.42813755949681176 }, "geometry": { "type": "LineString", "coordinates": [ [ -2.8379895, 54.0664428 ], [ -2.837925, 54.0663974 ], [ -2.837894, 54.0663609 ], [ -2.8378717, 54.0663072 ], [ -2.8378735, 54.066252 ] ] } },
{ "type": "Feature", "properties": { "id": 73646, "nach": 0.64739417836453539 }, "geometry": { "type": "LineString", "coordinates": [ [ -2.8377343, 54.0663476 ], [ -2.8378113, 54.0663027 ], [ -2.8378735, 54.066252 ] ] } },
{ "type": "Feature", "properties": { "id": 981, "nach": 0.64896087260436464 }, "geometry": { "type": "LineString", "coordinates": [ [ -2.83787740000001, 54.0662393 ], [ -2.8378962, 54.06620310000001 ], [ -2.8379255, 54.0661694 ], [ -2.8379895, 54.0661245 ], [ -2.8380745, 54.0660907 ], [ -2.838171, 54.0660722 ] ] } },
{ "type": "Feature", "properties": { "id": 982, "nach": 0.43943068189345558 }, "geometry": { "type": "LineString", "coordinates": [ [ -2.83787740000001, 54.0662393 ], [ -2.8378531, 54.0661847 ], [ -2.8378235, 54.0661363 ], [ -2.8378115, 54.0661217 ] ] } },
{ "type": "Feature", "properties": { "id": 983, "nach": 0.68800803789873322 }, "geometry": { "type": "LineString", "coordinates": [ [ -2.838171, 54.0660722 ], [ -2.8381962, 54.06607 ] ] } },
{ "type": "Feature", "properties": { "id": 6112, "nach": 0.62662318309468745 }, "geometry": { "type": "LineString", "coordinates": [ [ -2.8381962, 54.06607 ], [ -2.8382616, 54.0660693 ], [ -2.8383262, 54.0660755 ], [ -2.8384314, 54.066102099999988 ], [ -2.8385183, 54.0661472 ], [ -2.8385748, 54.0662029 ], [ -2.8385991, 54.0662578 ] ] } },
{ "type": "Feature", "properties": { "id": 6113, "nach": 0.65050956706837548 }, "geometry": { "type": "LineString", "coordinates": [ [ -2.8381962, 54.06607 ], [ -2.83832110000001, 54.0660571 ], [ -2.8384073, 54.0660422 ], [ -2.8384867, 54.066025799999977 ] ] } },
{ "type": "Feature", "properties": { "id": 73625, "nach": 0.60388346452652442 }, "geometry": { "type": "LineString", "coordinates": [ [ -2.8386534, 54.066091099999987 ], [ -2.8386214, 54.0661566 ], [ -2.8386103, 54.0662103 ], [ -2.8385991, 54.0662578 ] ] } },
{ "type": "Feature", "properties": { "id": 86119, "nach": 0.69671124576725807 }, "geometry": { "type": "LineString", "coordinates": [ [ -2.8311505, 54.066621 ], [ -2.8309309, 54.066648 ] ] } },
{ "type": "Feature", "properties": { "id": 86206, "nach": 0.7110640944747777 }, "geometry": { "type": "LineString", "coordinates": [ [ -2.8308526, 54.0666355 ], [ -2.8309309, 54.066648 ] ] } },
{ "type": "Feature", "properties": { "id": 86177, "nach": 0.60387872689502475 }, "geometry": { "type": "LineString", "coordinates": [ [ -2.8309465, 54.0667529 ], [ -2.830947, 54.0667289 ], [ -2.8309309, 54.066648 ] ] } },
{ "type": "Feature", "properties": { "id": 86120, "nach": 0.73697856940802242 }, "geometry": { "type": "LineString", "coordinates": [ [ -2.8311505, 54.066621 ], [ -2.8312503, 54.0666075 ], [ -2.8313522, 54.066588 ], [ -2.8314319, 54.0665675 ], [ -2.8315322, 54.0665361 ], [ -2.8316264, 54.0665057 ], [ -2.8316821, 54.0664877 ], [ -2.8317721, 54.0664611 ] ] } },
{ "type": "Feature", "properties": { "id": 86211, "nach": 0.60304777040356761 }, "geometry": { "type": "LineString", "coordinates": [ [ -2.8308601, 54.0665733 ], [ -2.8309722, 54.0665762 ], [ -2.8311332, 54.0665671 ], [ -2.8311358, 54.06657520000001 ], [ -2.8311505, 54.066621 ] ] } },
{ "type": "Feature", "properties": { "id": 86188, "nach": 0.64969566144322977 }, "geometry": { "type": "LineString", "coordinates": [ [ -2.8311685, 54.0666778 ], [ -2.8311642, 54.0666635 ], [ -2.8311505, 54.066621 ] ] } },
{ "type": "Feature", "properties": { "id": 86208, "nach": 0.7080541149369467 }, "geometry": { "type": "LineString", "coordinates": [ [ -2.8308526, 54.0666355 ], [ -2.8307961, 54.0666264 ], [ -2.8306838, 54.066615 ] ] } },
{ "type": "Feature", "properties": { "id": 86209, "nach": 0.40377684689049181 }, "geometry": { "type": "LineString", "coordinates": [ [ -2.8308601, 54.0665733 ], [ -2.8308526, 54.0666355 ] ] } },
{ "type": "Feature", "properties": { "id": 86176, "nach": 0.65727485497628813 }, "geometry": { "type": "LineString", "coordinates": [ [ -2.8309465, 54.0667529 ], [ -2.8309417, 54.0670082 ] ] } },
{ "type": "Feature", "properties": { "id": 86185, "nach": 0.64411325118477503 }, "geometry": { "type": "LineString", "coordinates": [ [ -2.8310213, 54.0667545 ], [ -2.8309998, 54.066754 ], [ -2.8309465, 54.0667529 ] ] } },
{ "type": "Feature", "properties": { "id": 86182, "nach": 0.58935754676700802 }, "geometry": { "type": "LineString", "coordinates": [ [ -2.8308536, 54.0667527 ], [ -2.8308948, 54.0667519 ], [ -2.8309465, 54.0667529 ] ] } },
{ "type": "Feature", "properties": { "id": 42806, "nach": 0.68654855840791296 }, "geometry": { "type": "LineString", "coordinates": [ [ -2.8265928, 54.065344100000011 ], [ -2.8268586, 54.0654638 ], [ -2.8272292, 54.0655535 ], [ -2.8273502, 54.0655751 ] ] } },
{ "type": "Feature", "properties": { "id": 80634, "nach": 0.64054218616092207 }, "geometry": { "type": "LineString", "coordinates": [ [ -2.8273266, 54.06562670000001 ], [ -2.8273331, 54.0656145 ], [ -2.8273502, 54.0655751 ] ] } },
{ "type": "Feature", "properties": { "id": 8677, "nach": 0.65875014320940006 }, "geometry": { "type": "LineString", "coordinates": [ [ -2.8282538, 54.0657372 ], [ -2.8279132, 54.0656733 ], [ -2.8273502, 54.0655751 ] ] } },
{ "type": "Feature", "properties": { "id": 42807, "nach": 0.51130632976000168 }, "geometry": { "type": "LineString", "coordinates": [ [ -2.8265928, 54.065344100000011 ], [ -2.8264351, 54.0654616 ], [ -2.8260927, 54.0657167 ], [ -2.8259601, 54.0658001 ], [ -2.8255764, 54.0660003 ], [ -2.82551, 54.0660559 ], [ -2.82524, 54.06627 ] ] } },
{ "type": "Feature", "properties": { "id": 42805, "nach": 0.76709089553614995 }, "geometry": { "type": "LineString", "coordinates": [ [ -2.8265928, 54.065344100000011 ], [ -2.826331736691897, 54.065161006427829 ] ] } },
{ "type": "Feature", "properties": { "id": 80633, "nach": 0.50210481353069647 }, "geometry": { "type": "LineString", "coordinates": [ [ -2.8273266, 54.06562670000001 ], [ -2.8271994, 54.0658635 ], [ -2.8271008, 54.06605 ] ] } },
{ "type": "Feature", "properties": { "id": 80632, "nach": 0.62331842424598949 }, "geometry": { "type": "LineString", "coordinates": [ [ -2.8273266, 54.06562670000001 ], [ -2.8273814, 54.0656371 ], [ -2.8273917, 54.0656435 ] ] } },
{ "type": "Feature", "properties": { "id": 80761, "nach": 0.0 }, "geometry": { "type": "LineString", "coordinates": [ [ -2.8258596, 54.0690071 ], [ -2.8256854, 54.0690641 ], [ -2.8256726, 54.0690677 ], [ -2.8257427, 54.0689579 ], [ -2.8257766, 54.0688793 ], [ -2.8258159, 54.0687604 ], [ -2.8258598, 54.0686537 ], [ -2.8259206, 54.0685113 ], [ -2.8259838, 54.0683735 ], [ -2.8260539, 54.068226600000017 ], [ -2.826104, 54.0681154 ], [ -2.826161, 54.067982 ], [ -2.8262087, 54.0678894 ], [ -2.8262372, 54.067832 ], [ -2.8263273, 54.0676313 ], [ -2.8263943, 54.067490200000016 ], [ -2.8264575, 54.0673668 ], [ -2.8265091, 54.067248 ], [ -2.8265438, 54.0671625 ], [ -2.8265615, 54.0670794 ], [ -2.8265599, 54.067011100000016 ], [ -2.8265684, 54.0669429 ], [ -2.8265992, 54.066871 ], [ -2.8266778, 54.0667318 ], [ -2.8267525, 54.0665889 ], [ -2.8268188, 54.0664669 ], [ -2.8268734, 54.0663643 ], [ -2.8269474, 54.0662214 ], [ -2.8270144, 54.066091699999987 ], [ -2.8270776, 54.0659733 ], [ -2.8271293, 54.0658746 ], [ -2.8271323, 54.0658693 ], [ -2.8271869, 54.065749 ], [ -2.8272355, 54.0656731 ], [ -2.8272711, 54.0656161 ], [ -2.8273266, 54.06562670000001 ] ] } },
{ "type": "Feature", "properties": { "id": 8679, "nach": 0.46973399237292995 }, "geometry": { "type": "LineString", "coordinates": [ [ -2.8279177, 54.0653699 ], [ -2.8283442, 54.0654392 ], [ -2.8282538, 54.0657372 ] ] } },
{ "type": "Feature", "properties": { "id": 8681, "nach": 0.66305911073361279 }, "geometry": { "type": "LineString", "coordinates": [ [ -2.8283213, 54.0657492 ], [ -2.8282852, 54.0657429 ], [ -2.8282538, 54.0657372 ] ] } },
{ "type": "Feature", "properties": { "id": 22134, "nach": 0.50681406698462561 }, "geometry": { "type": "LineString", "coordinates": [ [ -2.8382025, 54.0739191 ], [ -2.8355809, 54.0743686 ], [ -2.8355066, 54.0744081 ] ] } },
{ "type": "Feature", "properties": { "id": 1055, "nach": 0.5831623774468806 }, "geometry": { "type": "LineString", "coordinates": [ [ -2.8349484, 54.074178 ], [ -2.8351408, 54.0742732 ], [ -2.835181, 54.0742914 ], [ -2.8355066, 54.0744081 ] ] } },
{ "type": "Feature", "properties": { "id": 59241, "nach": 0.59141029209703444 }, "geometry": { "type": "LineString", "coordinates": [ [ -2.8357841, 54.07450750000001 ], [ -2.8357578, 54.0744974 ], [ -2.8357016, 54.0744767 ], [ -2.8355066, 54.0744081 ] ] } },
{ "type": "Feature", "properties": { "id": 59237, "nach": 0.43783156777725718 }, "geometry": { "type": "LineString", "coordinates": [ [ -2.8354308, 54.0745067 ], [ -2.8354621, 54.0745 ], [ -2.8354703, 54.0744908 ], [ -2.83547850000001, 54.0744816 ], [ -2.8355038, 54.0744615 ], [ -2.8355066, 54.0744081 ] ] } },
{ "type": "Feature", "properties": { "id": 22132, "nach": 0.50138670663579754 }, "geometry": { "type": "LineString", "coordinates": [ [ -2.8382025, 54.0739191 ], [ -2.8392803, 54.0737316 ] ] } },
{ "type": "Feature", "properties": { "id": 22133, "nach": 0.39969239664054151 }, "geometry": { "type": "LineString", "coordinates": [ [ -2.8382025, 54.0739191 ], [ -2.8381992, 54.0733666 ] ] } },
{ "type": "Feature", "properties": { "id": 1056, "nach": 0.56281268499560611 }, "geometry": { "type": "LineString", "coordinates": [ [ -2.8342706, 54.0743579 ], [ -2.8348686, 54.0741991 ], [ -2.8349484, 54.074178 ] ] } },
{ "type": "Feature", "properties": { "id": 17511, "nach": 0.54015024975934978 }, "geometry": { "type": "LineString", "coordinates": [ [ -2.834768, 54.0738441 ], [ -2.834805, 54.0740044 ], [ -2.8348696, 54.0741051 ], [ -2.8349484, 54.074178 ] ] } },
{ "type": "Feature", "properties": { "id": 59240, "nach": 0.43710363383906103 }, "geometry": { "type": "LineString", "coordinates": [ [ -2.8357841, 54.07450750000001 ], [ -2.8355287, 54.0745731 ] ] } },
{ "type": "Feature", "properties": { "id": 59721, "nach": 0.5923607309084653 }, "geometry": { "type": "LineString", "coordinates": [ [ -2.8361316, 54.0746406 ], [ -2.8357841, 54.07450750000001 ] ] } },
{ "type": "Feature", "properties": { "id": 12320, "nach": 0.5038920727331716 }, "geometry": { "type": "LineString", "coordinates": [ [ -2.8312738, 54.0752304 ], [ -2.8313546, 54.0752091 ], [ -2.8317793, 54.0750867 ], [ -2.8323123, 54.0749453 ], [ -2.8337314, 54.0745146 ], [ -2.8340073, 54.074434 ], [ -2.8342706, 54.0743579 ] ] } },
{ "type": "Feature", "properties": { "id": 1061, "nach": 0.51761603520472677 }, "geometry": { "type": "LineString", "coordinates": [ [ -2.8339206, 54.0738968 ], [ -2.8342475, 54.0743273 ], [ -2.8342706, 54.0743579 ] ] } },
{ "type": "Feature", "properties": { "id": 17510, "nach": 0.52558235597177549 }, "geometry": { "type": "LineString", "coordinates": [ [ -2.834768, 54.0738441 ], [ -2.8347741, 54.0737118 ], [ -2.834832, 54.0732922 ] ] } },
{ "type": "Feature", "properties": { "id": 22114, "nach": 0.41516994615078412 }, "geometry": { "type": "LineString", "coordinates": [ [ -2.8357302, 54.0736827 ], [ -2.8353598, 54.0738056 ], [ -2.8352309, 54.07383 ], [ -2.8349402, 54.0738366 ], [ -2.8348416, 54.0738419 ], [ -2.834768, 54.0738441 ] ] } },
{ "type": "Feature", "properties": { "id": 12289, "nach": 0.41771355750982814 }, "geometry": { "type": "LineString", "coordinates": [ [ -2.8332057, 54.0741179 ], [ -2.8339206, 54.0738968 ] ] } },
{ "type": "Feature", "properties": { "id": 8536, "nach": 0.49705092670346274 }, "geometry": { "type": "LineString", "coordinates": [ [ -2.8324293, 54.0728045 ], [ -2.8329322, 54.0731694 ], [ -2.8339206, 54.0738968 ] ] } },
{ "type": "Feature", "properties": { "id": 12315, "nach": 0.34961484076830274 }, "geometry": { "type": "LineString", "coordinates": [ [ -2.8309704, 54.0747895 ], [ -2.8310114, 54.0747772 ], [ -2.8332057, 54.0741179 ] ] } },
{ "type": "Feature", "properties": { "id": 12294, "nach": 0.37185188455865897 }, "geometry": { "type": "LineString", "coordinates": [ [ -2.8313847, 54.072841300000015 ], [ -2.8330638, 54.0740167 ], [ -2.8332057, 54.0741179 ] ] } },
{ "type": "Feature", "properties": { "id": 8535, "nach": 0.54114491972093337 }, "geometry": { "type": "LineString", "coordinates": [ [ -2.8324293, 54.0728045 ], [ -2.8321007, 54.0725409 ] ] } },
{ "type": "Feature", "properties": { "id": 13174, "nach": 0.50033346353793484 }, "geometry": { "type": "LineString", "coordinates": [ [ -2.8331052, 54.0725496 ], [ -2.8324293, 54.0728045 ] ] } },
{ "type": "Feature", "properties": { "id": 9574, "nach": 0.56265698134798703 }, "geometry": { "type": "LineString", "coordinates": [ [ -2.8318272, 54.0723033 ], [ -2.8321007, 54.0725409 ] ] } },
{ "type": "Feature", "properties": { "id": 12293, "nach": 0.50875685259594716 }, "geometry": { "type": "LineString", "coordinates": [ [ -2.8313847, 54.072841300000015 ], [ -2.831826, 54.0726501 ], [ -2.83205, 54.0725611 ], [ -2.8321007, 54.0725409 ] ] } },
{ "type": "Feature", "properties": { "id": 9573, "nach": 0.56399204158916583 }, "geometry": { "type": "LineString", "coordinates": [ [ -2.8318272, 54.0723033 ], [ -2.8315965, 54.0720711 ] ] } },
{ "type": "Feature", "properties": { "id": 9572, "nach": 0.47637660953163036 }, "geometry": { "type": "LineString", "coordinates": [ [ -2.8318272, 54.0723033 ], [ -2.8305593, 54.072722400000011 ] ] } },
{ "type": "Feature", "properties": { "id": 12296, "nach": 0.5002957749685687 }, "geometry": { "type": "LineString", "coordinates": [ [ -2.8305518, 54.0732077 ], [ -2.830845, 54.0730672 ], [ -2.8310475, 54.07298 ], [ -2.8313847, 54.072841300000015 ] ] } },
{ "type": "Feature", "properties": { "id": 12279, "nach": 0.53081591061310285 }, "geometry": { "type": "LineString", "coordinates": [ [ -2.8315871, 54.0699527 ], [ -2.8315013, 54.0701479 ] ] } },
{ "type": "Feature", "properties": { "id": 1069, "nach": 0.43088089792468964 }, "geometry": { "type": "LineString", "coordinates": [ [ -2.8300995, 54.0701794 ], [ -2.8301554, 54.0701781 ], [ -2.831427, 54.0701497 ], [ -2.8315013, 54.0701479 ] ] } },
{ "type": "Feature", "properties": { "id": 12282, "nach": 0.53012401732219649 }, "geometry": { "type": "LineString", "coordinates": [ [ -2.8312933, 54.0710529 ], [ -2.8313188, 54.070823099999984 ], [ -2.8313704, 54.070544 ], [ -2.8313886, 54.0704469 ], [ -2.8314418, 54.0702996 ], [ -2.8315013, 54.0701479 ] ] } },
{ "type": "Feature", "properties": { "id": 12280, "nach": 0.53516134117662595 }, "geometry": { "type": "LineString", "coordinates": [ [ -2.8315871, 54.0699527 ], [ -2.8317556, 54.0696023 ], [ -2.8318529, 54.0692356 ] ] } },
{ "type": "Feature", "properties": { "id": 12284, "nach": 0.0 }, "geometry": { "type": "LineString", "coordinates": [ [ -2.8312933, 54.0710529 ], [ -2.8320775, 54.0710375 ], [ -2.8323024, 54.070986 ], [ -2.8324565, 54.0708843 ], [ -2.8327488, 54.0704189 ], [ -2.8328145, 54.0702747 ], [ -2.8327505, 54.0701937 ], [ -2.8324756, 54.0701273 ], [ -2.8316368, 54.06996250000001 ], [ -2.8315871, 54.0699527 ] ] } },
{ "type": "Feature", "properties": { "id": 17639, "nach": 0.51438879719624719 }, "geometry": { "type": "LineString", "coordinates": [ [ -2.8301018, 54.0702073 ], [ -2.8300995, 54.0701794 ] ] } },
{ "type": "Feature", "properties": { "id": 4486, "nach": 0.49453513870786092 }, "geometry": { "type": "LineString", "coordinates": [ [ -2.8303313, 54.0691309 ], [ -2.8301687, 54.0695903 ], [ -2.8300904, 54.0698439 ], [ -2.8300847, 54.0699319 ], [ -2.8300995, 54.0701794 ] ] } },
{ "type": "Feature", "properties": { "id": 12283, "nach": 0.52754256385885268 }, "geometry": { "type": "LineString", "coordinates": [ [ -2.8312933, 54.0710529 ], [ -2.8312732, 54.071422 ], [ -2.8312956, 54.0716035 ], [ -2.8313591, 54.071754 ] ] } },
{ "type": "Feature", "properties": { "id": 17640, "nach": 0.50685628358560553 }, "geometry": { "type": "LineString", "coordinates": [ [ -2.8301018, 54.0702073 ], [ -2.8301208, 54.0704814 ], [ -2.8302186, 54.0709608 ], [ -2.8303151, 54.071470100000013 ], [ -2.8303841, 54.0717889 ], [ -2.8304191, 54.071897 ], [ -2.8306427, 54.072261199999978 ] ] } },
{ "type": "Feature", "properties": { "id": 17641, "nach": 0.51005655843372777 }, "geometry": { "type": "LineString", "coordinates": [ [ -2.8301018, 54.0702073 ], [ -2.8300431, 54.0702092 ], [ -2.829834, 54.0702164 ], [ -2.8291732, 54.0702287 ] ] } },
{ "type": "Feature", "properties": { "id": 4484, "nach": 0.51418984702957771 }, "geometry": { "type": "LineString", "coordinates": [ [ -2.8303313, 54.0691309 ], [ -2.8304799, 54.0686034 ] ] } },
{ "type": "Feature", "properties": { "id": 12278, "nach": 0.25061118543975025 }, "geometry": { "type": "LineString", "coordinates": [ [ -2.8318529, 54.0692356 ], [ -2.8317949, 54.0692341 ], [ -2.8310161, 54.0692116 ], [ -2.8308769, 54.0692003 ], [ -2.8303313, 54.0691309 ] ] } },
{ "type": "Feature", "properties": { "id": 42890, "nach": 0.57060129003983506 }, "geometry": { "type": "LineString", "coordinates": [ [ -2.8271956, 54.068855 ], [ -2.8270963, 54.0687479 ] ] } },
{ "type": "Feature", "properties": { "id": 81370, "nach": 0.53426147739021002 }, "geometry": { "type": "LineString", "coordinates": [ [ -2.8260719, 54.0689882 ], [ -2.8263113, 54.0689304 ], [ -2.8266259, 54.0688636 ], [ -2.8270963, 54.0687479 ] ] } },
{ "type": "Feature", "properties": { "id": 8479, "nach": 0.60081228139470955 }, "geometry": { "type": "LineString", "coordinates": [ [ -2.8274358, 54.0686319 ], [ -2.8272634, 54.0686976 ], [ -2.8270963, 54.0687479 ] ] } },
{ "type": "Feature", "properties": { "id": 42891, "nach": 0.55486024874550954 }, "geometry": { "type": "LineString", "coordinates": [ [ -2.8271956, 54.068855 ], [ -2.8279138, 54.0696618 ] ] } },
{ "type": "Feature", "properties": { "id": 42893, "nach": 0.42766902361851944 }, "geometry": { "type": "LineString", "coordinates": [ [ -2.8268264, 54.0696349 ], [ -2.8268988, 54.0695358 ], [ -2.8269015, 54.0694948 ], [ -2.8269042, 54.0690415 ], [ -2.826939, 54.0689786 ], [ -2.8269954, 54.0689408 ], [ -2.8270302, 54.0689235 ], [ -2.8271956, 54.068855 ] ] } },
{ "type": "Feature", "properties": { "id": 81369, "nach": 0.48593314106953994 }, "geometry": { "type": "LineString", "coordinates": [ [ -2.8260719, 54.0689882 ], [ -2.8258692, 54.0690372 ] ] } },
{ "type": "Feature", "properties": { "id": 81371, "nach": 0.4701356457169405 }, "geometry": { "type": "LineString", "coordinates": [ [ -2.8260719, 54.0689882 ], [ -2.8260493, 54.068965699999985 ], [ -2.8260443, 54.0689607 ], [ -2.8260056, 54.068962 ] ] } },
{ "type": "Feature", "properties": { "id": 80752, "nach": 0.55876421718076186 }, "geometry": { "type": "LineString", "coordinates": [ [ -2.8275915, 54.0685524 ], [ -2.8274358, 54.0686319 ] ] } },
{ "type": "Feature", "properties": { "id": 80678, "nach": 0.55382519979867717 }, "geometry": { "type": "LineString", "coordinates": [ [ -2.827497, 54.0685314 ], [ -2.8274594, 54.0685583 ], [ -2.8274035, 54.0685887 ], [ -2.8274097, 54.06859690000001 ], [ -2.8274358, 54.0686319 ] ] } },
{ "type": "Feature", "properties": { "id": 8481, "nach": 0.6224678508931637 }, "geometry": { "type": "LineString", "coordinates": [ [ -2.8303225, 54.0679351 ], [ -2.8302319, 54.0679571 ] ] } },
{ "type": "Feature", "properties": { "id": 9537, "nach": 0.60590647253028496 }, "geometry": { "type": "LineString", "coordinates": [ [ -2.8294923, 54.068078500000013 ], [ -2.8302319, 54.0679571 ] ] } },
{ "type": "Feature", "properties": { "id": 9550, "nach": 0.48662680343296788 }, "geometry": { "type": "LineString", "coordinates": [ [ -2.829384, 54.069963 ], [ -2.8295044, 54.0695832 ], [ -2.829675, 54.0695302 ], [ -2.8298857, 54.0690474 ], [ -2.8297653, 54.068909 ], [ -2.8302424, 54.0680143 ], [ -2.8302319, 54.0679571 ] ] } },
{ "type": "Feature", "properties": { "id": 8482, "nach": 0.6399417491757714 }, "geometry": { "type": "LineString", "coordinates": [ [ -2.8303225, 54.0679351 ], [ -2.8305593, 54.0678458 ], [ -2.830744, 54.0677328 ] ] } },
{ "type": "Feature", "properties": { "id": 8483, "nach": 0.53133013082248115 }, "geometry": { "type": "LineString", "coordinates": [ [ -2.8303225, 54.0679351 ], [ -2.8304331, 54.0681182 ], [ -2.8304627, 54.0681444 ], [ -2.8305051, 54.0681786 ], [ -2.8305278, 54.0682254 ], [ -2.8305356, 54.0682739 ], [ -2.8304878, 54.068524 ], [ -2.8304799, 54.0686034 ] ] } },
{ "type": "Feature", "properties": { "id": 9543, "nach": 0.59501444166582096 }, "geometry": { "type": "LineString", "coordinates": [ [ -2.8290158, 54.068156 ], [ -2.8294923, 54.068078500000013 ] ] } },
{ "type": "Feature", "properties": { "id": 9540, "nach": 0.44001474530605317 }, "geometry": { "type": "LineString", "coordinates": [ [ -2.828777, 54.0678316 ], [ -2.8292369, 54.0677776 ], [ -2.8293571, 54.0678102 ], [ -2.8294923, 54.068078500000013 ] ] } },
{ "type": "Feature", "properties": { "id": 9552, "nach": 0.47467955606369827 }, "geometry": { "type": "LineString", "coordinates": [ [ -2.8291732, 54.0702287 ], [ -2.829384, 54.069963 ] ] } },
{ "type": "Feature", "properties": { "id": 9557, "nach": 0.33093067957673239 }, "geometry": { "type": "LineString", "coordinates": [ [ -2.8279138, 54.0696618 ], [ -2.8279846, 54.0696413 ], [ -2.8283895, 54.069524 ], [ -2.8286616, 54.069480199999987 ], [ -2.8291081, 54.069542 ], [ -2.829325, 54.069951 ], [ -2.829384, 54.069963 ] ] } },
{ "type": "Feature", "properties": { "id": 11328, "nach": 0.65864204943384619 }, "geometry": { "type": "LineString", "coordinates": [ [ -2.8307993, 54.067682499999989 ], [ -2.830744, 54.0677328 ] ] } },
{ "type": "Feature", "properties": { "id": 4479, "nach": 0.55922508437348017 }, "geometry": { "type": "LineString", "coordinates": [ [ -2.8313277, 54.0683486 ], [ -2.8311789, 54.0681968 ], [ -2.8311025, 54.068121 ], [ -2.8308936, 54.067885 ], [ -2.830744, 54.0677328 ] ] } },
{ "type": "Feature", "properties": { "id": 11329, "nach": 0.60656404973482203 }, "geometry": { "type": "LineString", "coordinates": [ [ -2.8307993, 54.067682499999989 ], [ -2.8316896, 54.0676535 ], [ -2.8323687, 54.0676224 ], [ -2.8327682, 54.0676365 ] ] } },
{ "type": "Feature", "properties": { "id": 73875, "nach": 0.65476235936567617 }, "geometry": { "type": "LineString", "coordinates": [ [ -2.8308571, 54.0675762 ], [ -2.8307993, 54.067682499999989 ] ] } },
{ "type": "Feature", "properties": { "id": 4482, "nach": 0.27016196985536001 }, "geometry": { "type": "LineString", "coordinates": [ [ -2.8304799, 54.0686034 ], [ -2.83053, 54.0686046 ], [ -2.8312801, 54.0683639 ], [ -2.8313277, 54.0683486 ] ] } },
{ "type": "Feature", "properties": { "id": 12276, "nach": 0.54360845107817679 }, "geometry": { "type": "LineString", "coordinates": [ [ -2.8318529, 54.0692356 ], [ -2.8318803, 54.069079 ], [ -2.8318626, 54.0690019 ], [ -2.8317757, 54.0688779 ], [ -2.8316456, 54.0686934 ], [ -2.8314626, 54.0684898 ], [ -2.8313277, 54.0683486 ] ] } },
{ "type": "Feature", "properties": { "id": 31251, "nach": 0.60390321826694204 }, "geometry": { "type": "LineString", "coordinates": [ [ -2.8390461, 54.0603061 ], [ -2.838772, 54.060561 ] ] } },
{ "type": "Feature", "properties": { "id": 31169, "nach": 0.65349960679029417 }, "geometry": { "type": "LineString", "coordinates": [ [ -2.8384723, 54.0604438 ], [ -2.8387095, 54.060535 ], [ -2.838772, 54.060561 ] ] } },
{ "type": "Feature", "properties": { "id": 31243, "nach": 0.65716605347990165 }, "geometry": { "type": "LineString", "coordinates": [ [ -2.8387266, 54.0608937 ], [ -2.8386692, 54.0608597 ], [ -2.8386265, 54.0608208 ], [ -2.83861430000001, 54.0607818 ], [ -2.8386084, 54.0607441 ], [ -2.8386304, 54.060706299999985 ], [ -2.838772, 54.060561 ] ] } },
{ "type": "Feature", "properties": { "id": 31246, "nach": 0.51295336528777968 }, "geometry": { "type": "LineString", "coordinates": [ [ -2.8384022, 54.0611886 ], [ -2.8387266, 54.0608937 ] ] } },
{ "type": "Feature", "properties": { "id": 43721, "nach": 0.65464911779767232 }, "geometry": { "type": "LineString", "coordinates": [ [ -2.8391524, 54.0610483 ], [ -2.8387266, 54.0608937 ] ] } },
{ "type": "Feature", "properties": { "id": 66576, "nach": 0.54330595104979074 }, "geometry": { "type": "LineString", "coordinates": [ [ -2.8388709, 54.060809 ], [ -2.8388124, 54.0608366 ], [ -2.8387266, 54.0608937 ] ] } },
{ "type": "Feature", "properties": { "id": 17835, "nach": 0.66214474477672169 }, "geometry": { "type": "LineString", "coordinates": [ [ -2.8449882, 54.061817199999986 ], [ -2.8446451, 54.0621076 ] ] } },
{ "type": "Feature", "properties": { "id": 38508, "nach": 0.64924844358936429 }, "geometry": { "type": "LineString", "coordinates": [ [ -2.8444151, 54.0623132 ], [ -2.8446451, 54.0621076 ] ] } },
{ "type": "Feature", "properties": { "id": 1323, "nach": 0.69693066681020288 }, "geometry": { "type": "LineString", "coordinates": [ [ -2.8449768, 54.0622379 ], [ -2.844699, 54.062128800000011 ], [ -2.8446451, 54.0621076 ] ] } },
{ "type": "Feature", "properties": { "id": 35484, "nach": 0.64270499571065587 }, "geometry": { "type": "LineString", "coordinates": [ [ -2.84533910000001, 54.0614917 ], [ -2.8449882, 54.061817199999986 ] ] } },
{ "type": "Feature", "properties": { "id": 31301, "nach": 0.57902290364564146 }, "geometry": { "type": "LineString", "coordinates": [ [ -2.8424202, 54.0609094 ], [ -2.8436193, 54.0613737 ], [ -2.8446187, 54.06165570000001 ], [ -2.8449882, 54.061817199999986 ] ] } },
{ "type": "Feature", "properties": { "id": 38509, "nach": 0.64161807698890072 }, "geometry": { "type": "LineString", "coordinates": [ [ -2.8444151, 54.0623132 ], [ -2.8442272, 54.0624782 ], [ -2.8442178, 54.062487600000011 ], [ -2.8439386, 54.0627399 ], [ -2.8439027, 54.0627579 ], [ -2.8438533, 54.0627728 ] ] } },
{ "type": "Feature", "properties": { "id": 38510, "nach": 0.461241850198715 }, "geometry": { "type": "LineString", "coordinates": [ [ -2.8433374, 54.0618938 ], [ -2.8444151, 54.0623132 ] ] } },
{ "type": "Feature", "properties": { "id": 76897, "nach": 0.695234037044686 }, "geometry": { "type": "LineString", "coordinates": [ [ -2.8452262, 54.062334399999983 ], [ -2.8449768, 54.0622379 ] ] } },
{ "type": "Feature", "properties": { "id": 76893, "nach": 0.50315727684160139 }, "geometry": { "type": "LineString", "coordinates": [ [ -2.84492, 54.0622757 ], [ -2.8449292, 54.0622695 ], [ -2.8449768, 54.0622379 ] ] } },
{ "type": "Feature", "properties": { "id": 3488, "nach": 0.62013485348878317 }, "geometry": { "type": "LineString", "coordinates": [ [ -2.8497448, 54.061903 ], [ -2.8504056, 54.0625511 ] ] } },
{ "type": "Feature", "properties": { "id": 4355, "nach": 0.56005759361408103 }, "geometry": { "type": "LineString", "coordinates": [ [ -2.85071930000001, 54.061707 ], [ -2.8497448, 54.061903 ] ] } },
{ "type": "Feature", "properties": { "id": 60972, "nach": 0.64606576209169875 }, "geometry": { "type": "LineString", "coordinates": [ [ -2.8496232, 54.0619364 ], [ -2.8497448, 54.061903 ] ] } },
{ "type": "Feature", "properties": { "id": 60973, "nach": 0.62997703592325027 }, "geometry": { "type": "LineString", "coordinates": [ [ -2.8496232, 54.0619364 ], [ -2.8495502, 54.0618452 ] ] } },
{ "type": "Feature", "properties": { "id": 64607, "nach": 0.62827585315751089 }, "geometry": { "type": "LineString", "coordinates": [ [ -2.8506453, 54.0616253 ], [ -2.8500453, 54.0617367 ], [ -2.8496489, 54.0618155 ], [ -2.8495991, 54.061836 ], [ -2.8495502, 54.0618452 ] ] } },
{ "type": "Feature", "properties": { "id": 76832, "nach": 0.52221509428937629 }, "geometry": { "type": "LineString", "coordinates": [ [ -2.8494236, 54.0617818 ], [ -2.8491439, 54.0618449 ], [ -2.8489308, 54.0619004 ], [ -2.8488909, 54.0619108 ] ] } },
{ "type": "Feature", "properties": { "id": 76838, "nach": 0.63359972983433688 }, "geometry": { "type": "LineString", "coordinates": [ [ -2.8493597, 54.0617319 ], [ -2.8493745, 54.0617435 ], [ -2.8494236, 54.0617818 ] ] } },
{ "type": "Feature", "properties": { "id": 80759, "nach": 0.43836042367371564 }, "geometry": { "type": "LineString", "coordinates": [ [ -2.8258596, 54.0690071 ], [ -2.8258692, 54.0690372 ] ] } },
{ "type": "Feature", "properties": { "id": 49859, "nach": 0.49115994220809384 }, "geometry": { "type": "LineString", "coordinates": [ [ -2.8249671, 54.0698128 ], [ -2.8251197, 54.0695342 ], [ -2.8252552, 54.0694046 ], [ -2.8254977, 54.0692154 ], [ -2.8256776, 54.0691157 ], [ -2.8258692, 54.0690372 ] ] } },
{ "type": "Feature", "properties": { "id": 80760, "nach": 0.44043288424633098 }, "geometry": { "type": "LineString", "coordinates": [ [ -2.8258596, 54.0690071 ], [ -2.825833, 54.0689231 ], [ -2.8258722, 54.068795 ], [ -2.8260172, 54.0684511 ], [ -2.8262178, 54.068014800000014 ], [ -2.8263535, 54.0677268 ], [ -2.8266283, 54.0670891 ] ] } },
{ "type": "Feature", "properties": { "id": 80762, "nach": 0.42429947516308031 }, "geometry": { "type": "LineString", "coordinates": [ [ -2.8258596, 54.0690071 ], [ -2.8259868, 54.0689667 ], [ -2.8260056, 54.068962 ] ] } },
{ "type": "Feature", "properties": { "id": 49860, "nach": 0.43265034923382384 }, "geometry": { "type": "LineString", "coordinates": [ [ -2.8249671, 54.0698128 ], [ -2.8244315, 54.070791 ], [ -2.8242896, 54.0709643 ], [ -2.824086, 54.071093500000011 ], [ -2.8238239, 54.071189 ], [ -2.8233366, 54.0713666 ], [ -2.822213, 54.0718103 ], [ -2.8221512, 54.071841 ] ] } },
{ "type": "Feature", "properties": { "id": 49871, "nach": 0.45578094877366893 }, "geometry": { "type": "LineString", "coordinates": [ [ -2.8258369, 54.0700985 ], [ -2.8255511, 54.0699744 ], [ -2.8250632, 54.0698355 ], [ -2.8249671, 54.0698128 ] ] } },
{ "type": "Feature", "properties": { "id": 2521, "nach": 0.72124735601403112 }, "geometry": { "type": "LineString", "coordinates": [ [ -2.834875, 54.0665081 ], [ -2.8351342, 54.0665726 ], [ -2.8352681, 54.0666016 ], [ -2.8353698, 54.0666176 ], [ -2.8354228, 54.0666253 ] ] } },
{ "type": "Feature", "properties": { "id": 17696, "nach": 0.72436682945926389 }, "geometry": { "type": "LineString", "coordinates": [ [ -2.836198, 54.066613 ], [ -2.8359303, 54.0666337 ], [ -2.8357556, 54.0666392 ], [ -2.8356365, 54.0666378 ], [ -2.8354228, 54.0666253 ] ] } },
{ "type": "Feature", "properties": { "id": 73832, "nach": 0.63867508597569889 }, "geometry": { "type": "LineString", "coordinates": [ [ -2.8356976, 54.0667426 ], [ -2.8356039, 54.0667217 ], [ -2.8354228, 54.0666253 ] ] } },
{ "type": "Feature", "properties": { "id": 2522, "nach": 0.66079078971985394 }, "geometry": { "type": "LineString", "coordinates": [ [ -2.834875, 54.0665081 ], [ -2.8349038, 54.0664508 ], [ -2.8350803, 54.065989499999986 ] ] } },
{ "type": "Feature", "properties": { "id": 44866, "nach": 0.73343615519606431 }, "geometry": { "type": "LineString", "coordinates": [ [ -2.8341509, 54.0663208 ], [ -2.8343866, 54.0663672 ], [ -2.834875, 54.0665081 ] ] } },
{ "type": "Feature", "properties": { "id": 13192, "nach": 0.65169253496826063 }, "geometry": { "type": "LineString", "coordinates": [ [ -2.8346356, 54.0668809 ], [ -2.8346325, 54.0667616 ], [ -2.8348304, 54.0665585 ], [ -2.834875, 54.0665081 ] ] } },
{ "type": "Feature", "properties": { "id": 17697, "nach": 0.44500314661376267 }, "geometry": { "type": "LineString", "coordinates": [ [ -2.836198, 54.066613 ], [ -2.8362162, 54.0666664 ], [ -2.83625110000001, 54.066747 ], [ -2.8364163, 54.0669913 ] ] } },
{ "type": "Feature", "properties": { "id": 25450, "nach": 0.72442361622877149 }, "geometry": { "type": "LineString", "coordinates": [ [ -2.8363358, 54.0665977 ], [ -2.836198, 54.066613 ] ] } },
{ "type": "Feature", "properties": { "id": 13217, "nach": 0.7270450763115861 }, "geometry": { "type": "LineString", "coordinates": [ [ -2.8334846, 54.06624 ], [ -2.8331454, 54.0662432 ] ] } },
{ "type": "Feature", "properties": { "id": 13194, "nach": 0.55016956598785338 }, "geometry": { "type": "LineString", "coordinates": [ [ -2.8331952, 54.0664713 ], [ -2.8331454, 54.0662432 ] ] } },
{ "type": "Feature", "properties": { "id": 34964, "nach": 0.72156697302303607 }, "geometry": { "type": "LineString", "coordinates": [ [ -2.8328252, 54.0662745 ], [ -2.8330522, 54.0662523 ], [ -2.8331454, 54.0662432 ] ] } },
{ "type": "Feature", "properties": { "id": 44865, "nach": 0.73131740446395477 }, "geometry": { "type": "LineString", "coordinates": [ [ -2.8341509, 54.0663208 ], [ -2.8339586, 54.0662829 ], [ -2.8334846, 54.06624 ] ] } },
{ "type": "Feature", "properties": { "id": 13226, "nach": 0.52117258286538637 }, "geometry": { "type": "LineString", "coordinates": [ [ -2.8333639, 54.0658686 ], [ -2.8334631, 54.0660213 ], [ -2.8334953, 54.0661346 ], [ -2.8334846, 54.06624 ] ] } },
{ "type": "Feature", "properties": { "id": 13193, "nach": 0.54790423872743221 }, "geometry": { "type": "LineString", "coordinates": [ [ -2.8331952, 54.0664713 ], [ -2.8332196, 54.0666538 ] ] } },
{ "type": "Feature", "properties": { "id": 13207, "nach": 0.54919897227205539 }, "geometry": { "type": "LineString", "coordinates": [ [ -2.8329106, 54.0665166 ], [ -2.8329411, 54.0664928 ], [ -2.8331952, 54.0664713 ] ] } },
{ "type": "Feature", "properties": { "id": 34965, "nach": 0.56397074843168427 }, "geometry": { "type": "LineString", "coordinates": [ [ -2.8328252, 54.0662745 ], [ -2.8328111, 54.0662419 ], [ -2.8327439, 54.0661027 ], [ -2.8327277, 54.0660693 ] ] } },
{ "type": "Feature", "properties": { "id": 34963, "nach": 0.7255037969780892 }, "geometry": { "type": "LineString", "coordinates": [ [ -2.8328252, 54.0662745 ], [ -2.8327907, 54.0662799 ] ] } },
{ "type": "Feature", "properties": { "id": 69358, "nach": 0.55927878968311318 }, "geometry": { "type": "LineString", "coordinates": [ [ -2.8453683, 54.0679645 ], [ -2.8453929, 54.0679037 ], [ -2.8454094, 54.0678628 ] ] } },
{ "type": "Feature", "properties": { "id": 2550, "nach": 0.68877318155025646 }, "geometry": { "type": "LineString", "coordinates": [ [ -2.8450289, 54.0678003 ], [ -2.84513710000001, 54.0678148 ], [ -2.8452075, 54.067826 ], [ -2.8454094, 54.0678628 ] ] } },
{ "type": "Feature", "properties": { "id": 69326, "nach": 0.67617988268954077 }, "geometry": { "type": "LineString", "coordinates": [ [ -2.8455527, 54.0678863 ], [ -2.8455034, 54.0678782 ], [ -2.8454094, 54.0678628 ] ] } },
{ "type": "Feature", "properties": { "id": 69359, "nach": 0.55769722547483269 }, "geometry": { "type": "LineString", "coordinates": [ [ -2.8453683, 54.0679645 ], [ -2.8454184, 54.0679714 ], [ -2.8454339, 54.0679738 ], [ -2.8454514, 54.0679593 ], [ -2.84547830000001, 54.067949 ], [ -2.84552190000001, 54.067945699999989 ] ] } },
{ "type": "Feature", "properties": { "id": 69364, "nach": 0.59948783168180397 }, "geometry": { "type": "LineString", "coordinates": [ [ -2.8452945, 54.0681456 ], [ -2.8453011, 54.0681313 ], [ -2.8453683, 54.0679645 ] ] } },
{ "type": "Feature", "properties": { "id": 2553, "nach": 0.57332579173768894 }, "geometry": { "type": "LineString", "coordinates": [ [ -2.8472592, 54.0663543 ], [ -2.8469411, 54.06644390000001 ], [ -2.8459752, 54.0667142 ], [ -2.8453744, 54.066883 ], [ -2.8452664, 54.0669271 ], [ -2.845199, 54.0669683 ], [ -2.8451435, 54.067030599999988 ], [ -2.8451229, 54.0671049 ], [ -2.8450972, 54.0672882 ], [ -2.8450364, 54.0677501 ], [ -2.8450289, 54.0678003 ] ] } },
{ "type": "Feature", "properties": { "id": 9509, "nach": 0.67684674160986136 }, "geometry": { "type": "LineString", "coordinates": [ [ -2.8440012, 54.067697 ], [ -2.8441675, 54.067713599999983 ], [ -2.8447336, 54.0677635 ], [ -2.8450289, 54.0678003 ] ] } },
{ "type": "Feature", "properties": { "id": 69325, "nach": 0.68109898827119342 }, "geometry": { "type": "LineString", "coordinates": [ [ -2.8455527, 54.0678863 ], [ -2.845658, 54.0679089 ] ] } },
{ "type": "Feature", "properties": { "id": 69349, "nach": 0.0 }, "geometry": { "type": "LineString", "coordinates": [ [ -2.845751, 54.0678071 ], [ -2.84570790000001, 54.0677977 ], [ -2.8456862, 54.0677916 ], [ -2.8456707, 54.0678096 ], [ -2.8456513, 54.0678222 ], [ -2.845618, 54.0678315 ], [ -2.8455808, 54.0678274 ], [ -2.8455749, 54.0678398 ], [ -2.8455527, 54.0678863 ] ] } },
{ "type": "Feature", "properties": { "id": 69338, "nach": 0.54446078011179555 }, "geometry": { "type": "LineString", "coordinates": [ [ -2.84552190000001, 54.067945699999989 ], [ -2.8455325, 54.067925300000013 ], [ -2.8455527, 54.0678863 ] ] } },
{ "type": "Feature", "properties": { "id": 2253, "nach": 0.62567592770374658 }, "geometry": { "type": "LineString", "coordinates": [ [ -2.8512698, 54.0694558 ], [ -2.8515081, 54.0694419 ], [ -2.8523098, 54.0693952 ], [ -2.8524638, 54.069393 ], [ -2.8525935, 54.0694039 ], [ -2.8527378, 54.06942020000001 ] ] } },
{ "type": "Feature", "properties": { "id": 24391, "nach": 0.51219376050858945 }, "geometry": { "type": "LineString", "coordinates": [ [ -2.8512205, 54.069765 ], [ -2.8512698, 54.0694558 ] ] } },
{ "type": "Feature", "properties": { "id": 2274, "nach": 0.6361480570226663 }, "geometry": { "type": "LineString", "coordinates": [ [ -2.8504862, 54.0695028 ], [ -2.8512698, 54.0694558 ] ] } },
{ "type": "Feature", "properties": { "id": 61036, "nach": 0.68526285034934886 }, "geometry": { "type": "LineString", "coordinates": [ [ -2.8461503, 54.0627506 ], [ -2.8459623, 54.0628153 ] ] } },
{ "type": "Feature", "properties": { "id": 61029, "nach": 0.68149618549440039 }, "geometry": { "type": "LineString", "coordinates": [ [ -2.8457462, 54.0629061 ], [ -2.8459623, 54.0628153 ] ] } },
{ "type": "Feature", "properties": { "id": 76878, "nach": 0.50440061568533057 }, "geometry": { "type": "LineString", "coordinates": [ [ -2.845844, 54.062706 ], [ -2.8459623, 54.0628153 ] ] } },
{ "type": "Feature", "properties": { "id": 61039, "nach": 0.65883492273921196 }, "geometry": { "type": "LineString", "coordinates": [ [ -2.8461503, 54.0627506 ], [ -2.8461079, 54.062707899999985 ], [ -2.8460913, 54.0626912 ] ] } },
{ "type": "Feature", "properties": { "id": 61038, "nach": 0.44083112054645807 }, "geometry": { "type": "LineString", "coordinates": [ [ -2.8461503, 54.0627506 ], [ -2.8461929, 54.0627935 ], [ -2.84620740000001, 54.0628081 ] ] } },
{ "type": "Feature", "properties": { "id": 76903, "nach": 0.67561128776845025 }, "geometry": { "type": "LineString", "coordinates": [ [ -2.8465069, 54.0626337 ], [ -2.8462631, 54.0627129 ], [ -2.8462062, 54.0627324 ], [ -2.8461503, 54.0627506 ] ] } },
{ "type": "Feature", "properties": { "id": 61030, "nach": 0.68793931340684511 }, "geometry": { "type": "LineString", "coordinates": [ [ -2.8457462, 54.0629061 ], [ -2.8457814, 54.0629407 ], [ -2.8457952, 54.0629543 ] ] } },
{ "type": "Feature", "properties": { "id": 61031, "nach": 0.63555246602264093 }, "geometry": { "type": "LineString", "coordinates": [ [ -2.8457462, 54.0629061 ], [ -2.8456758, 54.0628533 ], [ -2.8456592, 54.0628409 ] ] } },
{ "type": "Feature", "properties": { "id": 76822, "nach": 0.62739084419970881 }, "geometry": { "type": "LineString", "coordinates": [ [ -2.8456557, 54.06294230000001 ], [ -2.8456915, 54.062928 ], [ -2.8457462, 54.0629061 ] ] } },
{ "type": "Feature", "properties": { "id": 76879, "nach": 0.43212411101011777 }, "geometry": { "type": "LineString", "coordinates": [ [ -2.845844, 54.062706 ], [ -2.8457574, 54.062626 ] ] } },
{ "type": "Feature", "properties": { "id": 76881, "nach": 0.49295349186223636 }, "geometry": { "type": "LineString", "coordinates": [ [ -2.8457336, 54.0627306 ], [ -2.845844, 54.062706 ] ] } },
{ "type": "Feature", "properties": { "id": 76898, "nach": 0.69837117952169436 }, "geometry": { "type": "LineString", "coordinates": [ [ -2.8452262, 54.062334399999983 ], [ -2.8453641, 54.0623878 ], [ -2.845574, 54.062482 ], [ -2.845618, 54.0625111 ] ] } },
{ "type": "Feature", "properties": { "id": 76900, "nach": 0.49932179686360034 }, "geometry": { "type": "LineString", "coordinates": [ [ -2.84527360000001, 54.0622934 ], [ -2.8452633, 54.0623023 ], [ -2.8452262, 54.062334399999983 ] ] } },
{ "type": "Feature", "properties": { "id": 76892, "nach": 0.43092335758273603 }, "geometry": { "type": "LineString", "coordinates": [ [ -2.84492, 54.0622757 ], [ -2.8448653, 54.062312 ] ] } },
{ "type": "Feature", "properties": { "id": 76894, "nach": 0.50680752169330501 }, "geometry": { "type": "LineString", "coordinates": [ [ -2.84492, 54.0622757 ], [ -2.8449486, 54.0622864 ], [ -2.8452857, 54.062412 ], [ -2.8454092, 54.062463 ], [ -2.845483, 54.0624981 ], [ -2.8455422, 54.0625352 ] ] } },
{ "type": "Feature", "properties": { "id": 71512, "nach": 0.47995800225829471 }, "geometry": { "type": "LineString", "coordinates": [ [ -2.8448653, 54.062312 ], [ -2.8446914, 54.0624274 ] ] } },
{ "type": "Feature", "properties": { "id": 1326, "nach": 0.0 }, "geometry": { "type": "LineString", "coordinates": [ [ -2.8446914, 54.0624274 ], [ -2.8450205, 54.0626958 ], [ -2.8449163, 54.0627947 ], [ -2.845016, 54.062895 ], [ -2.8448289, 54.0630084 ], [ -2.8447326, 54.0630181 ], [ -2.8443779, 54.0627516 ], [ -2.8443904, 54.0626964 ], [ -2.8446914, 54.0624274 ] ] } },
{ "type": "Feature", "properties": { "id": 71516, "nach": 0.51022526672383683 }, "geometry": { "type": "LineString", "coordinates": [ [ -2.8454916, 54.0625513 ], [ -2.8454343, 54.0625437 ], [ -2.8449002, 54.0623257 ], [ -2.8448653, 54.062312 ] ] } },
{ "type": "Feature", "properties": { "id": 2461, "nach": 0.35495968871282296 }, "geometry": { "type": "LineString", "coordinates": [ [ -2.8506828, 54.0717562 ], [ -2.850561, 54.0715026 ], [ -2.8504886, 54.0708395 ], [ -2.8504212, 54.0702853 ], [ -2.8504862, 54.0695028 ] ] } },
{ "type": "Feature", "properties": { "id": 2319, "nach": 0.63687199310731069 }, "geometry": { "type": "LineString", "coordinates": [ [ -2.8499252, 54.069426500000013 ], [ -2.8501244, 54.0694789 ], [ -2.8503033, 54.0695004 ], [ -2.8504862, 54.0695028 ] ] } },
{ "type": "Feature", "properties": { "id": 2876, "nach": 0.58884241415983762 }, "geometry": { "type": "LineString", "coordinates": [ [ -2.8347373, 54.0679585 ], [ -2.8354486, 54.0680957 ], [ -2.8361282, 54.0681501 ], [ -2.8366868, 54.068172700000012 ], [ -2.8368046, 54.0681514 ] ] } },
{ "type": "Feature", "properties": { "id": 2602, "nach": 0.54601399921605753 }, "geometry": { "type": "LineString", "coordinates": [ [ -2.8359508, 54.0693083 ], [ -2.836115, 54.0688003 ], [ -2.8361439, 54.0687538 ], [ -2.8361839, 54.0686895 ], [ -2.8362992, 54.0685793 ], [ -2.8365283, 54.0684113 ], [ -2.8366801, 54.068285 ], [ -2.8368046, 54.0681514 ] ] } },
{ "type": "Feature", "properties": { "id": 2612, "nach": 0.62292932080964158 }, "geometry": { "type": "LineString", "coordinates": [ [ -2.8371225, 54.0677604 ], [ -2.8369702, 54.0679725 ], [ -2.8368046, 54.0681514 ] ] } },
{ "type": "Feature", "properties": { "id": 4914, "nach": 0.61463555398912784 }, "geometry": { "type": "LineString", "coordinates": [ [ -2.8375631, 54.068216 ], [ -2.8372858, 54.0682212 ], [ -2.8370909, 54.0682043 ], [ -2.8368856, 54.0681706 ], [ -2.8368046, 54.0681514 ] ] } },
{ "type": "Feature", "properties": { "id": 12109, "nach": 0.53190170627137312 }, "geometry": { "type": "LineString", "coordinates": [ [ -2.8343337, 54.0691626 ], [ -2.8347373, 54.0679585 ] ] } },
{ "type": "Feature", "properties": { "id": 3117, "nach": 0.61343793854818007 }, "geometry": { "type": "LineString", "coordinates": [ [ -2.8335636, 54.0677491 ], [ -2.8341968, 54.0678453 ], [ -2.8347373, 54.0679585 ] ] } },
{ "type": "Feature", "properties": { "id": 73845, "nach": 0.59034183665193352 }, "geometry": { "type": "LineString", "coordinates": [ [ -2.8346783, 54.0671502 ], [ -2.8347777, 54.067777299999989 ], [ -2.8347373, 54.0679585 ] ] } },
{ "type": "Feature", "properties": { "id": 12111, "nach": 0.49662183085553824 }, "geometry": { "type": "LineString", "coordinates": [ [ -2.8343337, 54.0691626 ], [ -2.8359508, 54.0693083 ] ] } },
{ "type": "Feature", "properties": { "id": 2605, "nach": 0.51705804843791525 }, "geometry": { "type": "LineString", "coordinates": [ [ -2.8356043, 54.0711498 ], [ -2.8356233, 54.0710952 ], [ -2.8356987, 54.0707458 ], [ -2.8359508, 54.0693083 ] ] } },
{ "type": "Feature", "properties": { "id": 25440, "nach": 0.6094360575962201 }, "geometry": { "type": "LineString", "coordinates": [ [ -2.8371675, 54.0677026 ], [ -2.8371225, 54.0677604 ] ] } },
{ "type": "Feature", "properties": { "id": 2614, "nach": 0.54261510665460422 }, "geometry": { "type": "LineString", "coordinates": [ [ -2.8364163, 54.0669913 ], [ -2.836869, 54.0676456 ], [ -2.8369054, 54.0676868 ], [ -2.8369631, 54.0677191 ], [ -2.8370435, 54.0677451 ], [ -2.8371225, 54.0677604 ] ] } },
{ "type": "Feature", "properties": { "id": 8525, "nach": 0.58127729126419403 }, "geometry": { "type": "LineString", "coordinates": [ [ -2.8387893, 54.0680484 ], [ -2.8385588, 54.068091 ], [ -2.8380576, 54.068167400000014 ], [ -2.8375631, 54.068216 ] ] } },
{ "type": "Feature", "properties": { "id": 8518, "nach": 0.58232056974258062 }, "geometry": { "type": "LineString", "coordinates": [ [ -2.83738380000001, 54.0693265 ], [ -2.8375677, 54.0689624 ], [ -2.8376455, 54.0687016 ], [ -2.8376458, 54.0686234 ], [ -2.8375631, 54.068216 ] ] } },
{ "type": "Feature", "properties": { "id": 9447, "nach": 0.55201143483986304 }, "geometry": { "type": "LineString", "coordinates": [ [ -2.8500908, 54.06921590000001 ], [ -2.8499252, 54.069426500000013 ] ] } },
{ "type": "Feature", "properties": { "id": 2447, "nach": 0.59523516335557314 }, "geometry": { "type": "LineString", "coordinates": [ [ -2.8494455, 54.0696937 ], [ -2.8498398, 54.06951 ], [ -2.8499252, 54.069426500000013 ] ] } },
{ "type": "Feature", "properties": { "id": 9452, "nach": 0.63911725019906929 }, "geometry": { "type": "LineString", "coordinates": [ [ -2.8490723, 54.0691895 ], [ -2.84950310000001, 54.0693108 ], [ -2.8499252, 54.069426500000013 ] ] } },
{ "type": "Feature", "properties": { "id": 2449, "nach": 0.55226887332729802 }, "geometry": { "type": "LineString", "coordinates": [ [ -2.8494414, 54.0700944 ], [ -2.84950810000001, 54.0707298 ] ] } },
{ "type": "Feature", "properties": { "id": 2683, "nach": 0.50633867184013659 }, "geometry": { "type": "LineString", "coordinates": [ [ -2.8488659, 54.0707513 ], [ -2.84950810000001, 54.0707298 ] ] } },
{ "type": "Feature", "properties": { "id": 2450, "nach": 0.39623510740145812 }, "geometry": { "type": "LineString", "coordinates": [ [ -2.8494414, 54.0700944 ], [ -2.848547, 54.0701064 ] ] } },
{ "type": "Feature", "properties": { "id": 2448, "nach": 0.55545208438042071 }, "geometry": { "type": "LineString", "coordinates": [ [ -2.8494414, 54.0700944 ], [ -2.8494455, 54.0696937 ] ] } },
{ "type": "Feature", "properties": { "id": 2685, "nach": 0.43107354791866809 }, "geometry": { "type": "LineString", "coordinates": [ [ -2.8488766, 54.0708251 ], [ -2.8488659, 54.0707513 ] ] } },
{ "type": "Feature", "properties": { "id": 3124, "nach": 0.43056303341941898 }, "geometry": { "type": "LineString", "coordinates": [ [ -2.8488478, 54.070655600000016 ], [ -2.8488659, 54.0707513 ] ] } },
{ "type": "Feature", "properties": { "id": 2390, "nach": 0.51099974173438611 }, "geometry": { "type": "LineString", "coordinates": [ [ -2.847672, 54.0706403 ], [ -2.8466103, 54.0712052 ] ] } },
{ "type": "Feature", "properties": { "id": 2463, "nach": 0.42355046389453649 }, "geometry": { "type": "LineString", "coordinates": [ [ -2.84766140000001, 54.0722685 ], [ -2.8476556, 54.0722305 ], [ -2.8474709, 54.071888800000011 ], [ -2.847394, 54.0718187 ], [ -2.8466103, 54.0712052 ] ] } },
{ "type": "Feature", "properties": { "id": 2302, "nach": 0.48937224048436606 }, "geometry": { "type": "LineString", "coordinates": [ [ -2.8451072, 54.0706085 ], [ -2.8455556, 54.0707504 ], [ -2.8461289, 54.0709685 ], [ -2.8466103, 54.0712052 ] ] } },
{ "type": "Feature", "properties": { "id": 2391, "nach": 0.54570236347496071 }, "geometry": { "type": "LineString", "coordinates": [ [ -2.847672, 54.0706403 ], [ -2.847803, 54.0705552 ] ] } },
{ "type": "Feature", "properties": { "id": 13137, "nach": 0.51207497947291658 }, "geometry": { "type": "LineString", "coordinates": [ [ -2.8468545, 54.0702707 ], [ -2.847672, 54.0706403 ] ] } },
{ "type": "Feature", "properties": { "id": 12275, "nach": 0.53427555844958696 }, "geometry": { "type": "LineString", "coordinates": [ [ -2.8460653, 54.0725587 ], [ -2.8476228, 54.0722992 ], [ -2.84766140000001, 54.0722685 ] ] } },
{ "type": "Feature", "properties": { "id": 83597, "nach": 0.56902499962212683 }, "geometry": { "type": "LineString", "coordinates": [ [ -2.8446598, 54.0710239 ], [ -2.8451072, 54.0706085 ] ] } },
{ "type": "Feature", "properties": { "id": 2395, "nach": 0.53999789548167232 }, "geometry": { "type": "LineString", "coordinates": [ [ -2.8461926, 54.0698886 ], [ -2.8455981, 54.0702229 ], [ -2.8451072, 54.0706085 ] ] } },
{ "type": "Feature", "properties": { "id": 2446, "nach": 0.52680184579869682 }, "geometry": { "type": "LineString", "coordinates": [ [ -2.8494455, 54.0696937 ], [ -2.848547, 54.0701064 ] ] } },
{ "type": "Feature", "properties": { "id": 2292, "nach": 0.52754486017293944 }, "geometry": { "type": "LineString", "coordinates": [ [ -2.847803, 54.0705552 ], [ -2.8480861, 54.0703662 ], [ -2.848547, 54.0701064 ] ] } },
{ "type": "Feature", "properties": { "id": 2293, "nach": 0.44080416805570788 }, "geometry": { "type": "LineString", "coordinates": [ [ -2.847803, 54.0705552 ], [ -2.8478708, 54.0706381 ], [ -2.8479566, 54.0708899 ], [ -2.8480826, 54.0710827 ], [ -2.8483374, 54.0712571 ], [ -2.8486205, 54.0713506 ] ] } },
{ "type": "Feature", "properties": { "id": 28777, "nach": 0.59652256847526797 }, "geometry": { "type": "LineString", "coordinates": [ [ -2.8445175, 54.0711191 ], [ -2.8445642, 54.0711744 ] ] } },
{ "type": "Feature", "properties": { "id": 83550, "nach": 0.58469387886414359 }, "geometry": { "type": "LineString", "coordinates": [ [ -2.8443805, 54.0712412 ], [ -2.8444955, 54.0711994 ], [ -2.8445642, 54.0711744 ] ] } },
{ "type": "Feature", "properties": { "id": 3712, "nach": 0.55667359334780087 }, "geometry": { "type": "LineString", "coordinates": [ [ -2.8454457, 54.0721526 ], [ -2.8452338, 54.071915 ], [ -2.8445642, 54.0711744 ] ] } },
{ "type": "Feature", "properties": { "id": 28778, "nach": 0.46844410084907856 }, "geometry": { "type": "LineString", "coordinates": [ [ -2.8445175, 54.0711191 ], [ -2.843297, 54.0699093 ], [ -2.8431165, 54.0697486 ] ] } },
{ "type": "Feature", "properties": { "id": 28776, "nach": 0.59186025546988585 }, "geometry": { "type": "LineString", "coordinates": [ [ -2.8445175, 54.0711191 ], [ -2.8446397, 54.0710426 ] ] } },
{ "type": "Feature", "properties": { "id": 83549, "nach": 0.58774358901783197 }, "geometry": { "type": "LineString", "coordinates": [ [ -2.8443805, 54.0712412 ], [ -2.8443193, 54.0712673 ] ] } },
{ "type": "Feature", "properties": { "id": 83589, "nach": 0.49392088584422317 }, "geometry": { "type": "LineString", "coordinates": [ [ -2.8420304, 54.069038 ], [ -2.842045400000011, 54.069051 ], [ -2.8422493, 54.0692275 ], [ -2.8423548, 54.0693189 ], [ -2.8424571, 54.0694076 ], [ -2.8425583, 54.0694952 ], [ -2.8426614, 54.0695845 ], [ -2.8427622, 54.06967190000001 ], [ -2.8428715, 54.0697665 ], [ -2.8429701, 54.069856499999986 ], [ -2.8430687, 54.0699464 ], [ -2.8431773, 54.0700455 ], [ -2.8433351, 54.0701895 ], [ -2.8435082, 54.0703474 ], [ -2.8436091, 54.0704508 ], [ -2.8437203, 54.0705646 ], [ -2.8437595, 54.0706048 ], [ -2.8438639, 54.0707116 ], [ -2.8439668, 54.070817 ], [ -2.8440802, 54.0709332 ], [ -2.8441701, 54.0710252 ], [ -2.8443445, 54.0712033 ], [ -2.8443805, 54.0712412 ] ] } },
{ "type": "Feature", "properties": { "id": 12747, "nach": 0.48247085328792233 }, "geometry": { "type": "LineString", "coordinates": [ [ -2.8455659, 54.0721099 ], [ -2.8455504, 54.072114900000017 ], [ -2.8454457, 54.0721526 ] ] } },
{ "type": "Feature", "properties": { "id": 83534, "nach": 0.622044290128827 }, "geometry": { "type": "LineString", "coordinates": [ [ -2.845799587633914, 54.072605435077499 ], [ -2.8454457, 54.0721526 ] ] } },
{ "type": "Feature", "properties": { "id": 4515, "nach": 0.47345910333270724 }, "geometry": { "type": "LineString", "coordinates": [ [ -2.83938850000001, 54.0725727 ], [ -2.8393216, 54.0729359 ], [ -2.8392803, 54.0737316 ] ] } },
{ "type": "Feature", "properties": { "id": 22123, "nach": 0.46213097853489299 }, "geometry": { "type": "LineString", "coordinates": [ [ -2.8407755, 54.0734759 ], [ -2.8394783, 54.0736965 ], [ -2.8392803, 54.0737316 ] ] } },
{ "type": "Feature", "properties": { "id": 8495, "nach": 0.53374912742075531 }, "geometry": { "type": "LineString", "coordinates": [ [ -2.84043830000001, 54.072544 ], [ -2.83938850000001, 54.0725727 ] ] } },
{ "type": "Feature", "properties": { "id": 49343, "nach": 0.5162052804142091 }, "geometry": { "type": "LineString", "coordinates": [ [ -2.8389744, 54.0725805 ], [ -2.83938850000001, 54.0725727 ] ] } },
{ "type": "Feature", "properties": { "id": 22122, "nach": 0.45985767518960707 }, "geometry": { "type": "LineString", "coordinates": [ [ -2.8407755, 54.0734759 ], [ -2.8429474, 54.073100799999985 ], [ -2.8429684, 54.07306590000001 ] ] } },
{ "type": "Feature", "properties": { "id": 22126, "nach": 0.39864257898338257 }, "geometry": { "type": "LineString", "coordinates": [ [ -2.8405859, 54.0730882 ], [ -2.8407755, 54.0734759 ] ] } },
{ "type": "Feature", "properties": { "id": 83596, "nach": 0.60201981079939992 }, "geometry": { "type": "LineString", "coordinates": [ [ -2.8446598, 54.0710239 ], [ -2.8446397, 54.0710426 ] ] } },
{ "type": "Feature", "properties": { "id": 83621, "nach": 0.55789323211880426 }, "geometry": { "type": "LineString", "coordinates": [ [ -2.843294, 54.0696844 ], [ -2.8433302, 54.069716 ], [ -2.843527, 54.0699008 ], [ -2.8436621, 54.070027599999989 ], [ -2.843708, 54.0700707 ], [ -2.8438273, 54.0701826 ], [ -2.84386980000001, 54.0702226 ], [ -2.8440083, 54.0703525 ], [ -2.8441648, 54.0705072 ], [ -2.8443104, 54.0706561 ], [ -2.8443651, 54.070711 ], [ -2.844632, 54.070994399999989 ], [ -2.8446598, 54.0710239 ] ] } },
{ "type": "Feature", "properties": { "id": 9514, "nach": 0.55066554853530147 }, "geometry": { "type": "LineString", "coordinates": [ [ -2.8473201, 54.0693513 ], [ -2.8461926, 54.0698886 ] ] } },
{ "type": "Feature", "properties": { "id": 9517, "nach": 0.52914792683700418 }, "geometry": { "type": "LineString", "coordinates": [ [ -2.845545, 54.069462799999982 ], [ -2.8461926, 54.0698886 ] ] } },
{ "type": "Feature", "properties": { "id": 13139, "nach": 0.52386220304842213 }, "geometry": { "type": "LineString", "coordinates": [ [ -2.8468545, 54.0702707 ], [ -2.8465654, 54.0701453 ], [ -2.8461926, 54.0698886 ] ] } },
{ "type": "Feature", "properties": { "id": 9448, "nach": 0.51774852168849883 }, "geometry": { "type": "LineString", "coordinates": [ [ -2.8500908, 54.06921590000001 ], [ -2.85016, 54.0692255 ], [ -2.850185, 54.0692285 ], [ -2.850219, 54.0692329 ], [ -2.8525791, 54.0688718 ] ] } },
{ "type": "Feature", "properties": { "id": 9449, "nach": 0.4602004005227775 }, "geometry": { "type": "LineString", "coordinates": [ [ -2.8500908, 54.06921590000001 ], [ -2.8501349, 54.069177 ], [ -2.8503245, 54.069063299999989 ], [ -2.8505212, 54.0689755 ], [ -2.8524232, 54.0686676 ] ] } },
{ "type": "Feature", "properties": { "id": 80005, "nach": 0.5724778355667649 }, "geometry": { "type": "LineString", "coordinates": [ [ -2.8499578, 54.0688907 ], [ -2.8495348, 54.0689797 ], [ -2.8490723, 54.0691895 ] ] } },
{ "type": "Feature", "properties": { "id": 86237, "nach": 0.65761362074137486 }, "geometry": { "type": "LineString", "coordinates": [ [ -2.8481656, 54.06890940000001 ], [ -2.8488458, 54.069123 ], [ -2.8490723, 54.0691895 ] ] } },
{ "type": "Feature", "properties": { "id": 28736, "nach": 0.44713347713418455 }, "geometry": { "type": "LineString", "coordinates": [ [ -2.8485081, 54.0695602 ], [ -2.8486856, 54.0695191 ], [ -2.8488537, 54.069393 ], [ -2.8490723, 54.0691895 ] ] } },
{ "type": "Feature", "properties": { "id": 83619, "nach": 0.51050423450760563 }, "geometry": { "type": "LineString", "coordinates": [ [ -2.843294, 54.0696844 ], [ -2.84318550000001, 54.06972360000001 ], [ -2.8431165, 54.0697486 ] ] } },
{ "type": "Feature", "properties": { "id": 83594, "nach": 0.53896855937231469 }, "geometry": { "type": "LineString", "coordinates": [ [ -2.84221360000001, 54.0689623 ], [ -2.8427485, 54.0694171 ], [ -2.8428749, 54.0695273 ], [ -2.8431165, 54.0697486 ] ] } },
{ "type": "Feature", "properties": { "id": 83620, "nach": 0.5678558475623926 }, "geometry": { "type": "LineString", "coordinates": [ [ -2.843294, 54.0696844 ], [ -2.8437869, 54.0695274 ], [ -2.8440722, 54.0693859 ], [ -2.8442069, 54.0693079 ], [ -2.8444174, 54.0691724 ], [ -2.8445297, 54.0690919 ], [ -2.8446151, 54.0690198 ], [ -2.8447571, 54.0688805 ] ] } },
{ "type": "Feature", "properties": { "id": 83702, "nach": 0.5277971169012331 }, "geometry": { "type": "LineString", "coordinates": [ [ -2.8409966, 54.0678376 ], [ -2.8411107, 54.0679226 ], [ -2.8412516, 54.0680275 ], [ -2.8413792, 54.0681224 ], [ -2.8415107, 54.0682203 ], [ -2.8416464, 54.0683226 ], [ -2.841694, 54.0683584 ], [ -2.8418557, 54.0684782 ], [ -2.8419361, 54.0685377 ], [ -2.8421182, 54.0686725 ], [ -2.842361, 54.0688781 ], [ -2.8424545, 54.0689573 ], [ -2.8425143, 54.069008 ], [ -2.8425579, 54.0690449 ], [ -2.8426968, 54.0691627 ], [ -2.8427303, 54.069191 ], [ -2.8428867, 54.069323500000017 ], [ -2.8432665, 54.0696604 ], [ -2.843294, 54.0696844 ] ] } },
{ "type": "Feature", "properties": { "id": 83595, "nach": 0.48891467497173863 }, "geometry": { "type": "LineString", "coordinates": [ [ -2.84221360000001, 54.0689623 ], [ -2.8421366, 54.0689941 ], [ -2.8420304, 54.069038 ] ] } },
{ "type": "Feature", "properties": { "id": 83699, "nach": 0.51577946567979882 }, "geometry": { "type": "LineString", "coordinates": [ [ -2.8408354, 54.0679136 ], [ -2.8413844, 54.0683052 ], [ -2.8420632, 54.0688344 ], [ -2.84221360000001, 54.0689623 ] ] } },
{ "type": "Feature", "properties": { "id": 13250, "nach": 0.42482903403625766 }, "geometry": { "type": "LineString", "coordinates": [ [ -2.8479303, 54.0696975 ], [ -2.8468545, 54.0702707 ] ] } },
{ "type": "Feature", "properties": { "id": 9515, "nach": 0.56629951573769299 }, "geometry": { "type": "LineString", "coordinates": [ [ -2.8473201, 54.0693513 ], [ -2.84758570000001, 54.0692155 ], [ -2.8476409, 54.0691774 ], [ -2.8479821, 54.0688518 ] ] } },
{ "type": "Feature", "properties": { "id": 9516, "nach": 0.4598025416146414 }, "geometry": { "type": "LineString", "coordinates": [ [ -2.8473201, 54.0693513 ], [ -2.8462193, 54.0689303 ], [ -2.8453907, 54.0684716 ], [ -2.8452897, 54.0684208 ], [ -2.8452157, 54.0684012 ], [ -2.8451649, 54.06839 ] ] } },
{ "type": "Feature", "properties": { "id": 9524, "nach": 0.43751233106944359 }, "geometry": { "type": "LineString", "coordinates": [ [ -2.8446184, 54.0699967 ], [ -2.845545, 54.069462799999982 ] ] } },
{ "type": "Feature", "properties": { "id": 9522, "nach": 0.53139887611696002 }, "geometry": { "type": "LineString", "coordinates": [ [ -2.8447571, 54.0688805 ], [ -2.8448092, 54.0688981 ], [ -2.844941, 54.0689824 ], [ -2.845545, 54.069462799999982 ] ] } },
{ "type": "Feature", "properties": { "id": 86236, "nach": 0.65973062846154773 }, "geometry": { "type": "LineString", "coordinates": [ [ -2.8481656, 54.06890940000001 ], [ -2.8479821, 54.0688518 ] ] } },
{ "type": "Feature", "properties": { "id": 47131, "nach": 0.65826792734435124 }, "geometry": { "type": "LineString", "coordinates": [ [ -2.8477216, 54.0687749 ], [ -2.8479821, 54.0688518 ] ] } },
{ "type": "Feature", "properties": { "id": 86238, "nach": 0.49873328476948114 }, "geometry": { "type": "LineString", "coordinates": [ [ -2.8481656, 54.06890940000001 ], [ -2.8482089, 54.0688608 ], [ -2.8483089, 54.0688885 ], [ -2.8483205, 54.068876 ], [ -2.848391, 54.0688482 ], [ -2.8485944, 54.0688604 ], [ -2.8486806, 54.068859 ] ] } },
{ "type": "Feature", "properties": { "id": 74131, "nach": 0.6553818205770271 }, "geometry": { "type": "LineString", "coordinates": [ [ -2.8472131, 54.0685912 ], [ -2.8477216, 54.0687749 ] ] } },
{ "type": "Feature", "properties": { "id": 86230, "nach": 0.54784180793457282 }, "geometry": { "type": "LineString", "coordinates": [ [ -2.8478659, 54.0685916 ], [ -2.8477843, 54.0687121 ], [ -2.8477216, 54.0687749 ] ] } },
{ "type": "Feature", "properties": { "id": 12746, "nach": 0.45937849472562586 }, "geometry": { "type": "LineString", "coordinates": [ [ -2.8455659, 54.0721099 ], [ -2.8456752, 54.0721898 ], [ -2.8460099, 54.0724667 ], [ -2.8460373, 54.072510899999983 ], [ -2.8460653, 54.0725587 ] ] } },
{ "type": "Feature", "properties": { "id": 12274, "nach": 0.5553753987143264 }, "geometry": { "type": "LineString", "coordinates": [ [ -2.8460653, 54.0725587 ], [ -2.845799587633914, 54.072605435077499 ] ] } },
{ "type": "Feature", "properties": { "id": 73868, "nach": 0.66464323091749933 }, "geometry": { "type": "LineString", "coordinates": [ [ -2.830934, 54.0672134 ], [ -2.8309417, 54.0670082 ] ] } },
{ "type": "Feature", "properties": { "id": 86174, "nach": 0.53429224021058375 }, "geometry": { "type": "LineString", "coordinates": [ [ -2.8308193, 54.0670107 ], [ -2.8308819, 54.0670083 ], [ -2.8309417, 54.0670082 ] ] } },
{ "type": "Feature", "properties": { "id": 73872, "nach": 0.65850646080296771 }, "geometry": { "type": "LineString", "coordinates": [ [ -2.8309307, 54.0672755 ], [ -2.830934, 54.0672134 ] ] } },
{ "type": "Feature", "properties": { "id": 73871, "nach": 0.47106317747431875 }, "geometry": { "type": "LineString", "coordinates": [ [ -2.8315518, 54.0672558 ], [ -2.8311281, 54.0672206 ], [ -2.830934, 54.0672134 ] ] } },
{ "type": "Feature", "properties": { "id": 86173, "nach": 0.52635794657211066 }, "geometry": { "type": "LineString", "coordinates": [ [ -2.8308193, 54.0670107 ], [ -2.8306562, 54.067017 ], [ -2.8305247, 54.0670152 ], [ -2.8304354, 54.0670014 ], [ -2.8303522, 54.0669775 ] ] } },
{ "type": "Feature", "properties": { "id": 86175, "nach": 0.57056781745771423 }, "geometry": { "type": "LineString", "coordinates": [ [ -2.8308193, 54.0670107 ], [ -2.8308342, 54.0669257 ], [ -2.8308233, 54.0669101 ] ] } },
{ "type": "Feature", "properties": { "id": 86172, "nach": 0.47534085504767298 }, "geometry": { "type": "LineString", "coordinates": [ [ -2.8308193, 54.0670107 ], [ -2.8308109, 54.067059 ] ] } },
{ "type": "Feature", "properties": { "id": 86125, "nach": 0.49313894368582789 }, "geometry": { "type": "LineString", "coordinates": [ [ -2.8300246, 54.0665368 ], [ -2.830007, 54.0665648 ], [ -2.8299966, 54.0666081 ], [ -2.8300019, 54.0666497 ], [ -2.8300845, 54.0667415 ], [ -2.8301135, 54.0667707 ], [ -2.8302808, 54.0669366 ], [ -2.8303522, 54.0669775 ] ] } },
{ "type": "Feature", "properties": { "id": 9532, "nach": 0.52292756965166542 }, "geometry": { "type": "LineString", "coordinates": [ [ -2.8301771, 54.067285 ], [ -2.8301606, 54.067066599999983 ], [ -2.8303522, 54.0669775 ] ] } },
{ "type": "Feature", "properties": { "id": 86124, "nach": 0.60646233177434605 }, "geometry": { "type": "LineString", "coordinates": [ [ -2.8300246, 54.0665368 ], [ -2.8300536, 54.0665076 ], [ -2.830101, 54.0664713 ] ] } },
{ "type": "Feature", "properties": { "id": 86167, "nach": 0.47367261714475556 }, "geometry": { "type": "LineString", "coordinates": [ [ -2.8299268, 54.066500199999979 ], [ -2.8300246, 54.0665368 ] ] } },
{ "type": "Feature", "properties": { "id": 86170, "nach": 0.57182651869661061 }, "geometry": { "type": "LineString", "coordinates": [ [ -2.8301494, 54.0665866 ], [ -2.8301316, 54.066577 ], [ -2.8300246, 54.0665368 ] ] } },
{ "type": "Feature", "properties": { "id": 9531, "nach": 0.46769716147251228 }, "geometry": { "type": "LineString", "coordinates": [ [ -2.8301771, 54.067285 ], [ -2.8301829, 54.0673923 ] ] } },
{ "type": "Feature", "properties": { "id": 9536, "nach": 0.35793635816830488 }, "geometry": { "type": "LineString", "coordinates": [ [ -2.8290103, 54.0670209 ], [ -2.8292758, 54.0670625 ], [ -2.8291838, 54.0672764 ], [ -2.829474, 54.0673283 ], [ -2.8301771, 54.067285 ] ] } },
{ "type": "Feature", "properties": { "id": 40997, "nach": 0.70356089525008936 }, "geometry": { "type": "LineString", "coordinates": [ [ -2.8299789, 54.0664037 ], [ -2.8300338, 54.0664368 ], [ -2.830101, 54.0664713 ] ] } },
{ "type": "Feature", "properties": { "id": 86114, "nach": 0.68834481386533342 }, "geometry": { "type": "LineString", "coordinates": [ [ -2.8305492, 54.0665977 ], [ -2.8304216, 54.0665759 ], [ -2.8303582, 54.0665597 ], [ -2.8302192, 54.0665196 ], [ -2.830101, 54.0664713 ] ] } },
{ "type": "Feature", "properties": { "id": 40996, "nach": 0.70621152072244997 }, "geometry": { "type": "LineString", "coordinates": [ [ -2.8299789, 54.0664037 ], [ -2.8299553, 54.0663875 ] ] } },
{ "type": "Feature", "properties": { "id": 86223, "nach": 0.4914152525778851 }, "geometry": { "type": "LineString", "coordinates": [ [ -2.8300463, 54.066362300000016 ], [ -2.8300318, 54.066371199999985 ], [ -2.8299789, 54.0664037 ] ] } },
{ "type": "Feature", "properties": { "id": 86202, "nach": 0.69256186593322056 }, "geometry": { "type": "LineString", "coordinates": [ [ -2.8306227, 54.066607100000013 ], [ -2.8305492, 54.0665977 ] ] } },
{ "type": "Feature", "properties": { "id": 86218, "nach": 0.48094158244313379 }, "geometry": { "type": "LineString", "coordinates": [ [ -2.8305603, 54.0665446 ], [ -2.8305492, 54.0665977 ] ] } },
{ "type": "Feature", "properties": { "id": 86197, "nach": 0.66355453485365357 }, "geometry": { "type": "LineString", "coordinates": [ [ -2.8299145, 54.066350900000018 ], [ -2.8299553, 54.0663875 ] ] } },
{ "type": "Feature", "properties": { "id": 2502, "nach": 0.65644126446405537 }, "geometry": { "type": "LineString", "coordinates": [ [ -2.8293112, 54.0664456 ], [ -2.829457, 54.0664659 ], [ -2.8295597, 54.066469 ], [ -2.8296509, 54.0664616 ], [ -2.8297473, 54.0664467 ], [ -2.8298697, 54.066411900000013 ], [ -2.8299553, 54.0663875 ] ] } },
{ "type": "Feature", "properties": { "id": 86198, "nach": 0.674408662335098 }, "geometry": { "type": "LineString", "coordinates": [ [ -2.8299145, 54.066350900000018 ], [ -2.8296947, 54.0661536 ], [ -2.8296356, 54.0661085 ], [ -2.829321, 54.0659265 ] ] } },
{ "type": "Feature", "properties": { "id": 86226, "nach": 0.55443748083111555 }, "geometry": { "type": "LineString", "coordinates": [ [ -2.829984, 54.0663169 ], [ -2.8299703, 54.0663281 ], [ -2.8299145, 54.066350900000018 ] ] } },
{ "type": "Feature", "properties": { "id": 9534, "nach": 0.49900673959595726 }, "geometry": { "type": "LineString", "coordinates": [ [ -2.8290103, 54.0670209 ], [ -2.8290776, 54.0669503 ], [ -2.8293112, 54.0664456 ] ] } },
{ "type": "Feature", "properties": { "id": 2506, "nach": 0.65601404925091744 }, "geometry": { "type": "LineString", "coordinates": [ [ -2.8285213, 54.0663044 ], [ -2.8285689, 54.0663129 ], [ -2.8293112, 54.0664456 ] ] } },
{ "type": "Feature", "properties": { "id": 9535, "nach": 0.44968412741555785 }, "geometry": { "type": "LineString", "coordinates": [ [ -2.8290103, 54.0670209 ], [ -2.8288511, 54.0670604 ], [ -2.8285715, 54.0674093 ], [ -2.8284299, 54.0673698 ], [ -2.8282848, 54.0675609 ] ] } },
{ "type": "Feature", "properties": { "id": 80625, "nach": 0.5913706106468527 }, "geometry": { "type": "LineString", "coordinates": [ [ -2.8285423, 54.0662643 ], [ -2.8285213, 54.0663044 ] ] } },
{ "type": "Feature", "properties": { "id": 80659, "nach": 0.6418908037089206 }, "geometry": { "type": "LineString", "coordinates": [ [ -2.8284987, 54.0663474 ], [ -2.8285213, 54.0663044 ] ] } },
{ "type": "Feature", "properties": { "id": 80619, "nach": 0.56335562543517925 }, "geometry": { "type": "LineString", "coordinates": [ [ -2.8284248, 54.0662879 ], [ -2.8284758, 54.0662971 ], [ -2.8285213, 54.0663044 ] ] } },
{ "type": "Feature", "properties": { "id": 80626, "nach": 0.51439735105803586 }, "geometry": { "type": "LineString", "coordinates": [ [ -2.8285423, 54.0662643 ], [ -2.8284939, 54.06625660000001 ], [ -2.8284756, 54.0662536 ] ] } },
{ "type": "Feature", "properties": { "id": 80624, "nach": 0.58517818647342634 }, "geometry": { "type": "LineString", "coordinates": [ [ -2.8285423, 54.0662643 ], [ -2.8287411, 54.0658839 ] ] } },
{ "type": "Feature", "properties": { "id": 80623, "nach": 0.47454467102449377 }, "geometry": { "type": "LineString", "coordinates": [ [ -2.8285423, 54.0662643 ], [ -2.8285942, 54.0662725 ] ] } },
{ "type": "Feature", "properties": { "id": 80660, "nach": 0.62819043360620341 }, "geometry": { "type": "LineString", "coordinates": [ [ -2.8284987, 54.0663474 ], [ -2.8283197, 54.0666881 ] ] } },
{ "type": "Feature", "properties": { "id": 80662, "nach": 0.55151798294821919 }, "geometry": { "type": "LineString", "coordinates": [ [ -2.8284987, 54.0663474 ], [ -2.828455, 54.0663401 ], [ -2.8284347, 54.0663358 ] ] } },
{ "type": "Feature", "properties": { "id": 80661, "nach": 0.47313238989708051 }, "geometry": { "type": "LineString", "coordinates": [ [ -2.8284987, 54.0663474 ], [ -2.8285448, 54.066355 ] ] } },
{ "type": "Feature", "properties": { "id": 80621, "nach": 0.59034954567161313 }, "geometry": { "type": "LineString", "coordinates": [ [ -2.8284248, 54.0662879 ], [ -2.8284372, 54.0662629 ], [ -2.8284424, 54.0662525 ] ] } },
{ "type": "Feature", "properties": { "id": 80628, "nach": 0.4741135916020443 }, "geometry": { "type": "LineString", "coordinates": [ [ -2.8271697, 54.0660624 ], [ -2.8284248, 54.0662879 ] ] } },
{ "type": "Feature", "properties": { "id": 80643, "nach": 0.58018104074366739 }, "geometry": { "type": "LineString", "coordinates": [ [ -2.8284074, 54.0663228 ], [ -2.8284123, 54.0663132 ], [ -2.8284248, 54.0662879 ] ] } },
{ "type": "Feature", "properties": { "id": 8680, "nach": 0.68755491164420224 }, "geometry": { "type": "LineString", "coordinates": [ [ -2.8283213, 54.0657492 ], [ -2.8287688, 54.0658308 ] ] } },
{ "type": "Feature", "properties": { "id": 8690, "nach": 0.675189266986153 }, "geometry": { "type": "LineString", "coordinates": [ [ -2.829321, 54.0659265 ], [ -2.8289658, 54.0658673 ], [ -2.8287688, 54.0658308 ] ] } },
{ "type": "Feature", "properties": { "id": 80614, "nach": 0.61609718029806115 }, "geometry": { "type": "LineString", "coordinates": [ [ -2.8287411, 54.0658839 ], [ -2.8287474, 54.0658717 ], [ -2.8287688, 54.0658308 ] ] } },
{ "type": "Feature", "properties": { "id": 8686, "nach": 0.64787853911774285 }, "geometry": { "type": "LineString", "coordinates": [ [ -2.8292332, 54.064896 ], [ -2.8291797, 54.0649138 ], [ -2.8285539, 54.065122 ], [ -2.8284598, 54.0651817 ], [ -2.8284389, 54.0652439 ], [ -2.8284283, 54.0652936 ], [ -2.8284258, 54.0653676 ], [ -2.8283213, 54.0657492 ] ] } },
{ "type": "Feature", "properties": { "id": 8693, "nach": 0.45987908245839487 }, "geometry": { "type": "LineString", "coordinates": [ [ -2.8288152, 54.0651077 ], [ -2.8293821, 54.0653019 ], [ -2.8297095, 54.0654386 ], [ -2.829746, 54.065464399999989 ], [ -2.8297639, 54.0655026 ], [ -2.8297348, 54.0655448 ], [ -2.829321, 54.0659265 ] ] } },
{ "type": "Feature", "properties": { "id": 80613, "nach": 0.48201208291691777 }, "geometry": { "type": "LineString", "coordinates": [ [ -2.8287411, 54.0658839 ], [ -2.8286857, 54.065874 ], [ -2.8286701, 54.065874 ] ] } },
{ "type": "Feature", "properties": { "id": 80611, "nach": 0.47664297072703127 }, "geometry": { "type": "LineString", "coordinates": [ [ -2.8287411, 54.0658839 ], [ -2.8287835, 54.0658915 ] ] } },
{ "type": "Feature", "properties": { "id": 80402, "nach": 0.66333847713724825 }, "geometry": { "type": "LineString", "coordinates": [ [ -2.8353618, 54.0648599 ], [ -2.8352351, 54.0648 ], [ -2.8346926, 54.0645371 ], [ -2.834317, 54.0643493 ], [ -2.834087, 54.0642342 ], [ -2.8327245, 54.0635735 ], [ -2.8326728, 54.06354790000001 ] ] } },
{ "type": "Feature", "properties": { "id": 80536, "nach": 0.57652338401638814 }, "geometry": { "type": "LineString", "coordinates": [ [ -2.8354457, 54.0647965 ], [ -2.8353618, 54.0648599 ] ] } },
{ "type": "Feature", "properties": { "id": 2519, "nach": 0.6226222876517864 }, "geometry": { "type": "LineString", "coordinates": [ [ -2.8350803, 54.065989499999986 ], [ -2.835289, 54.0655535 ], [ -2.8354017, 54.065318 ] ] } },
{ "type": "Feature", "properties": { "id": 44861, "nach": 0.53997534527151347 }, "geometry": { "type": "LineString", "coordinates": [ [ -2.8351737, 54.0655141 ], [ -2.835263500000011, 54.0653552 ], [ -2.8354017, 54.065318 ] ] } },
{ "type": "Feature", "properties": { "id": 80505, "nach": 0.5656117705446071 }, "geometry": { "type": "LineString", "coordinates": [ [ -2.8357833, 54.0649612 ], [ -2.8364266, 54.064486800000012 ], [ -2.8365188, 54.0644323 ], [ -2.8365783, 54.0644086 ], [ -2.8366497, 54.0643849 ] ] } },
{ "type": "Feature", "properties": { "id": 80504, "nach": 0.49036636469125366 }, "geometry": { "type": "LineString", "coordinates": [ [ -2.8357833, 54.0649612 ], [ -2.835857500000011, 54.0649938 ] ] } },
{ "type": "Feature", "properties": { "id": 80538, "nach": 0.40566630244181856 }, "geometry": { "type": "LineString", "coordinates": [ [ -2.8354457, 54.0647965 ], [ -2.8354679, 54.0648106 ], [ -2.8356974, 54.064923400000012 ], [ -2.8357833, 54.0649612 ] ] } },
{ "type": "Feature", "properties": { "id": 44862, "nach": 0.59504720173371717 }, "geometry": { "type": "LineString", "coordinates": [ [ -2.8349834, 54.065875 ], [ -2.8350803, 54.065989499999986 ] ] } },
{ "type": "Feature", "properties": { "id": 44859, "nach": 0.50556839119856722 }, "geometry": { "type": "LineString", "coordinates": [ [ -2.8351737, 54.0655141 ], [ -2.8348263, 54.0653552 ] ] } },
{ "type": "Feature", "properties": { "id": 44863, "nach": 0.45469372758173604 }, "geometry": { "type": "LineString", "coordinates": [ [ -2.8349834, 54.065875 ], [ -2.8351737, 54.0655141 ] ] } },
{ "type": "Feature", "properties": { "id": 44864, "nach": 0.58134401543732728 }, "geometry": { "type": "LineString", "coordinates": [ [ -2.8349834, 54.065875 ], [ -2.8347994, 54.0656575 ], [ -2.8347636, 54.065632500000014 ] ] } },
{ "type": "Feature", "properties": { "id": 44868, "nach": 0.47603995535338522 }, "geometry": { "type": "LineString", "coordinates": [ [ -2.8338151, 54.0657282 ], [ -2.8338929, 54.065841600000013 ], [ -2.8339358, 54.0659171 ], [ -2.8339626, 54.0659927 ], [ -2.8340136, 54.0660462 ], [ -2.8340914, 54.0660997 ], [ -2.8341396, 54.06618790000001 ], [ -2.8341665, 54.0662445 ], [ -2.8341509, 54.0663208 ] ] } },
{ "type": "Feature", "properties": { "id": 13191, "nach": 0.47900095085461375 }, "geometry": { "type": "LineString", "coordinates": [ [ -2.8346356, 54.0668809 ], [ -2.8339177, 54.0669207 ] ] } },
{ "type": "Feature", "properties": { "id": 73843, "nach": 0.64273504335752485 }, "geometry": { "type": "LineString", "coordinates": [ [ -2.8346783, 54.0671502 ], [ -2.8346356, 54.0668809 ] ] } },
{ "type": "Feature", "properties": { "id": 8672, "nach": 0.64619278389646706 }, "geometry": { "type": "LineString", "coordinates": [ [ -2.831434, 54.0639034 ], [ -2.8315386, 54.0639184 ], [ -2.8323346, 54.0644021 ] ] } },
{ "type": "Feature", "properties": { "id": 44853, "nach": 0.56731391508417051 }, "geometry": { "type": "LineString", "coordinates": [ [ -2.8347636, 54.065632500000014 ], [ -2.8343586, 54.0653492 ], [ -2.8334276, 54.0649151 ], [ -2.8323346, 54.0644021 ] ] } },
{ "type": "Feature", "properties": { "id": 2532, "nach": 0.61763451516162238 }, "geometry": { "type": "LineString", "coordinates": [ [ -2.831042, 54.0656044 ], [ -2.8310116, 54.0654481 ], [ -2.831021, 54.0653084 ], [ -2.8310793, 54.0651713 ], [ -2.8311494, 54.0650603 ], [ -2.8312638, 54.0649562 ], [ -2.8323346, 54.0644021 ] ] } },
{ "type": "Feature", "properties": { "id": 8687, "nach": 0.65121483105179589 }, "geometry": { "type": "LineString", "coordinates": [ [ -2.8311158, 54.0635992 ], [ -2.831434, 54.0639034 ] ] } },
{ "type": "Feature", "properties": { "id": 81230, "nach": 0.48466416354328701 }, "geometry": { "type": "LineString", "coordinates": [ [ -2.8299465, 54.06494940000001 ], [ -2.8307121, 54.0644846 ], [ -2.8313396, 54.0639382 ], [ -2.831434, 54.0639034 ] ] } },
{ "type": "Feature", "properties": { "id": 44856, "nach": 0.51030894135726867 }, "geometry": { "type": "LineString", "coordinates": [ [ -2.8348263, 54.0653552 ], [ -2.8347636, 54.065632500000014 ] ] } },
{ "type": "Feature", "properties": { "id": 2530, "nach": 0.6357874257418249 }, "geometry": { "type": "LineString", "coordinates": [ [ -2.831042, 54.0656044 ], [ -2.8311541, 54.0657345 ], [ -2.8312825, 54.0658565 ], [ -2.8314786, 54.0660538 ], [ -2.8317089, 54.0663763 ], [ -2.8317479, 54.0664275 ], [ -2.8317721, 54.0664611 ] ] } },
{ "type": "Feature", "properties": { "id": 8675, "nach": 0.52769180594165987 }, "geometry": { "type": "LineString", "coordinates": [ [ -2.8299098, 54.0649717 ], [ -2.8309533, 54.0655879 ], [ -2.831042, 54.0656044 ] ] } },
{ "type": "Feature", "properties": { "id": 40992, "nach": 0.7330572616573936 }, "geometry": { "type": "LineString", "coordinates": [ [ -2.8322748, 54.066362599999984 ], [ -2.8319453, 54.0664169 ], [ -2.8318815, 54.0664332 ], [ -2.8317721, 54.0664611 ] ] } },
{ "type": "Feature", "properties": { "id": 40993, "nach": 0.73172900491709969 }, "geometry": { "type": "LineString", "coordinates": [ [ -2.8322748, 54.066362599999984 ], [ -2.8323349, 54.0663512 ], [ -2.8327907, 54.0662799 ] ] } },
{ "type": "Feature", "properties": { "id": 40995, "nach": 0.47611415597568485 }, "geometry": { "type": "LineString", "coordinates": [ [ -2.8322138, 54.0667425 ], [ -2.832266, 54.0667425 ], [ -2.8324083, 54.0666113 ], [ -2.8322748, 54.066362599999984 ] ] } },
{ "type": "Feature", "properties": { "id": 81229, "nach": 0.51904202740098682 }, "geometry": { "type": "LineString", "coordinates": [ [ -2.8299465, 54.06494940000001 ], [ -2.8299098, 54.0649717 ] ] } },
{ "type": "Feature", "properties": { "id": 8683, "nach": 0.51339736055577012 }, "geometry": { "type": "LineString", "coordinates": [ [ -2.8292332, 54.064896 ], [ -2.8299098, 54.0649717 ] ] } },
{ "type": "Feature", "properties": { "id": 22793, "nach": 0.72129187642062775 }, "geometry": { "type": "LineString", "coordinates": [ [ -2.839335, 54.065723 ], [ -2.8393901, 54.0657057 ] ] } },
{ "type": "Feature", "properties": { "id": 13152, "nach": 0.71863618242821314 }, "geometry": { "type": "LineString", "coordinates": [ [ -2.8400789, 54.0654922 ], [ -2.8396958, 54.0656146 ], [ -2.8395572, 54.065656099999977 ], [ -2.8393901, 54.0657057 ] ] } },
{ "type": "Feature", "properties": { "id": 22792, "nach": 0.72331537325064355 }, "geometry": { "type": "LineString", "coordinates": [ [ -2.839335, 54.065723 ], [ -2.8389578, 54.0658551 ] ] } },
{ "type": "Feature", "properties": { "id": 74242, "nach": 0.56441502325420256 }, "geometry": { "type": "LineString", "coordinates": [ [ -2.8394352, 54.0658459 ], [ -2.839335, 54.065723 ] ] } },
{ "type": "Feature", "properties": { "id": 28710, "nach": 0.71886805883288052 }, "geometry": { "type": "LineString", "coordinates": [ [ -2.8403239, 54.0653988 ], [ -2.8400789, 54.0654922 ] ] } },
{ "type": "Feature", "properties": { "id": 82364, "nach": 0.58190896827620209 }, "geometry": { "type": "LineString", "coordinates": [ [ -2.8401017, 54.0655414 ], [ -2.8400789, 54.0654922 ] ] } },
{ "type": "Feature", "properties": { "id": 2539, "nach": 0.51271057842163448 }, "geometry": { "type": "LineString", "coordinates": [ [ -2.8366497, 54.0643849 ], [ -2.8379938, 54.064009 ] ] } },
{ "type": "Feature", "properties": { "id": 2544, "nach": 0.57022559088319258 }, "geometry": { "type": "LineString", "coordinates": [ [ -2.838074, 54.0632008 ], [ -2.8385584, 54.063807099999984 ], [ -2.8385677, 54.0638258 ], [ -2.8385462, 54.0638418 ], [ -2.8379938, 54.064009 ] ] } },
{ "type": "Feature", "properties": { "id": 2546, "nach": 0.54942872317639857 }, "geometry": { "type": "LineString", "coordinates": [ [ -2.8356957, 54.0639021 ], [ -2.8366133, 54.0643665 ], [ -2.8366497, 54.0643849 ] ] } },
{ "type": "Feature", "properties": { "id": 44835, "nach": 0.56035543638933571 }, "geometry": { "type": "LineString", "coordinates": [ [ -2.8376414, 54.062703 ], [ -2.838074, 54.0632008 ] ] } },
{ "type": "Feature", "properties": { "id": 2545, "nach": 0.35729786609633257 }, "geometry": { "type": "LineString", "coordinates": [ [ -2.8356957, 54.0639021 ], [ -2.838074, 54.0632008 ] ] } },
{ "type": "Feature", "properties": { "id": 4783, "nach": 0.54614565675034932 }, "geometry": { "type": "LineString", "coordinates": [ [ -2.8343368, 54.0631999 ], [ -2.8343386, 54.0632205 ], [ -2.8343549, 54.063241100000013 ], [ -2.8344123, 54.063276199999983 ], [ -2.8356957, 54.0639021 ] ] } },
{ "type": "Feature", "properties": { "id": 44837, "nach": 0.55273248980290779 }, "geometry": { "type": "LineString", "coordinates": [ [ -2.8376414, 54.062703 ], [ -2.8375912, 54.0626908 ], [ -2.8374893, 54.0626759 ], [ -2.8366232, 54.0626823 ] ] } },
{ "type": "Feature", "properties": { "id": 44838, "nach": 0.45751425726165001 }, "geometry": { "type": "LineString", "coordinates": [ [ -2.8383176, 54.062482499999987 ], [ -2.8376414, 54.062703 ] ] } },
{ "type": "Feature", "properties": { "id": 8582, "nach": 0.57390743504832609 }, "geometry": { "type": "LineString", "coordinates": [ [ -2.8354254, 54.0628692 ], [ -2.8344395, 54.063133 ], [ -2.834385, 54.0631549 ], [ -2.8343506, 54.0631762 ], [ -2.8343368, 54.0631999 ] ] } },
{ "type": "Feature", "properties": { "id": 80522, "nach": 0.57926590472050465 }, "geometry": { "type": "LineString", "coordinates": [ [ -2.8331297, 54.0632877 ], [ -2.8332239, 54.0632261 ], [ -2.8333026, 54.0632038 ], [ -2.8335856, 54.06320620000001 ], [ -2.8342537, 54.0631905 ], [ -2.8343368, 54.0631999 ] ] } },
{ "type": "Feature", "properties": { "id": 9579, "nach": 0.57029682534726678 }, "geometry": { "type": "LineString", "coordinates": [ [ -2.8464357, 54.0659356 ], [ -2.8472592, 54.0663543 ] ] } },
{ "type": "Feature", "properties": { "id": 9483, "nach": 0.53821151331769956 }, "geometry": { "type": "LineString", "coordinates": [ [ -2.848019, 54.0659233 ], [ -2.8477557, 54.0661169 ], [ -2.8475207, 54.0662419 ], [ -2.8472592, 54.0663543 ] ] } },
{ "type": "Feature", "properties": { "id": 9510, "nach": 0.45455288542294769 }, "geometry": { "type": "LineString", "coordinates": [ [ -2.8441395, 54.0669702 ], [ -2.8440012, 54.067697 ] ] } },
{ "type": "Feature", "properties": { "id": 28729, "nach": 0.67768382844292063 }, "geometry": { "type": "LineString", "coordinates": [ [ -2.8431246, 54.0675996 ], [ -2.8433082, 54.0676289 ], [ -2.8436443, 54.067667800000017 ], [ -2.8440012, 54.067697 ] ] } },
{ "type": "Feature", "properties": { "id": 9578, "nach": 0.58171429923370011 }, "geometry": { "type": "LineString", "coordinates": [ [ -2.8464357, 54.0659356 ], [ -2.8460876, 54.0657714 ] ] } },
{ "type": "Feature", "properties": { "id": 9580, "nach": 0.44201087609604284 }, "geometry": { "type": "LineString", "coordinates": [ [ -2.8464357, 54.0659356 ], [ -2.8467739, 54.0656201 ], [ -2.8471143, 54.065309199999987 ] ] } },
{ "type": "Feature", "properties": { "id": 9493, "nach": 0.5388409323872867 }, "geometry": { "type": "LineString", "coordinates": [ [ -2.8476851, 54.065518 ], [ -2.8480824, 54.0656663 ], [ -2.848132, 54.065695 ], [ -2.8481536, 54.0657346 ], [ -2.848153, 54.065777 ], [ -2.8481291, 54.0658153 ], [ -2.848019, 54.0659233 ] ] } },
{ "type": "Feature", "properties": { "id": 74150, "nach": 0.57383492468350628 }, "geometry": { "type": "LineString", "coordinates": [ [ -2.848723, 54.066145799999987 ], [ -2.8484086, 54.0660799 ], [ -2.848019, 54.0659233 ] ] } },
{ "type": "Feature", "properties": { "id": 2557, "nach": 0.57059517786042757 }, "geometry": { "type": "LineString", "coordinates": [ [ -2.8457872, 54.0655951 ], [ -2.8460876, 54.0657714 ] ] } },
{ "type": "Feature", "properties": { "id": 2574, "nach": 0.52120362301776535 }, "geometry": { "type": "LineString", "coordinates": [ [ -2.8450015, 54.0661629 ], [ -2.8453839, 54.0660546 ], [ -2.8456906, 54.0659508 ], [ -2.8460876, 54.0657714 ] ] } },
{ "type": "Feature", "properties": { "id": 2572, "nach": 0.57298628755139047 }, "geometry": { "type": "LineString", "coordinates": [ [ -2.8449748, 54.0650662 ], [ -2.8453151, 54.065318 ], [ -2.8457872, 54.0655951 ] ] } },
{ "type": "Feature", "properties": { "id": 2568, "nach": 0.35637328539080027 }, "geometry": { "type": "LineString", "coordinates": [ [ -2.8461184, 54.0649696 ], [ -2.8461826, 54.0650264 ], [ -2.8462134, 54.0651042 ], [ -2.8457872, 54.0655951 ] ] } },
{ "type": "Feature", "properties": { "id": 8557, "nach": 0.52738845394885803 }, "geometry": { "type": "LineString", "coordinates": [ [ -2.8439521, 54.0664057 ], [ -2.8441135, 54.0663506 ], [ -2.8450015, 54.0661629 ] ] } },
{ "type": "Feature", "properties": { "id": 9506, "nach": 0.0 }, "geometry": { "type": "LineString", "coordinates": [ [ -2.8435186, 54.066044 ], [ -2.84443930000001, 54.0657457 ], [ -2.8450015, 54.0661629 ] ] } },
{ "type": "Feature", "properties": { "id": 2570, "nach": 0.59803430341819663 }, "geometry": { "type": "LineString", "coordinates": [ [ -2.8449748, 54.0650662 ], [ -2.84487010000001, 54.0649848 ] ] } },
{ "type": "Feature", "properties": { "id": 24394, "nach": 0.49532568375080016 }, "geometry": { "type": "LineString", "coordinates": [ [ -2.8454986, 54.0648456 ], [ -2.8449748, 54.0650662 ] ] } },
{ "type": "Feature", "properties": { "id": 24395, "nach": 0.57749004979603724 }, "geometry": { "type": "LineString", "coordinates": [ [ -2.8454986, 54.0648456 ], [ -2.8455941, 54.0648185 ], [ -2.8457235, 54.064818499999987 ], [ -2.8461184, 54.0649696 ] ] } },
{ "type": "Feature", "properties": { "id": 9497, "nach": 0.56822809512044992 }, "geometry": { "type": "LineString", "coordinates": [ [ -2.8471143, 54.065309199999987 ], [ -2.8470708, 54.0652585 ], [ -2.8465117, 54.0650524 ], [ -2.8461184, 54.0649696 ] ] } },
{ "type": "Feature", "properties": { "id": 2586, "nach": 0.52349254973747339 }, "geometry": { "type": "LineString", "coordinates": [ [ -2.8434005, 54.0654634 ], [ -2.84487010000001, 54.0649848 ] ] } },
{ "type": "Feature", "properties": { "id": 9502, "nach": 0.58881544702089983 }, "geometry": { "type": "LineString", "coordinates": [ [ -2.8444145, 54.0646278 ], [ -2.84487010000001, 54.0649848 ] ] } },
{ "type": "Feature", "properties": { "id": 8552, "nach": 0.61378712534560487 }, "geometry": { "type": "LineString", "coordinates": [ [ -2.8429977, 54.0655925 ], [ -2.8434005, 54.0654634 ] ] } },
{ "type": "Feature", "properties": { "id": 82389, "nach": 0.59367191887350956 }, "geometry": { "type": "LineString", "coordinates": [ [ -2.8428639, 54.0649171 ], [ -2.8434005, 54.0654634 ] ] } },
{ "type": "Feature", "properties": { "id": 9501, "nach": 0.56798409519952953 }, "geometry": { "type": "LineString", "coordinates": [ [ -2.8444145, 54.0646278 ], [ -2.844138, 54.0644729 ] ] } },
{ "type": "Feature", "properties": { "id": 24397, "nach": 0.60097063734729128 }, "geometry": { "type": "LineString", "coordinates": [ [ -2.8445629, 54.0645198 ], [ -2.8444145, 54.0646278 ] ] } },
{ "type": "Feature", "properties": { "id": 82383, "nach": 0.59177719060481071 }, "geometry": { "type": "LineString", "coordinates": [ [ -2.8437157, 54.0645041 ], [ -2.8437911, 54.0644772 ], [ -2.8439047, 54.0644462 ], [ -2.8440115, 54.0644382 ], [ -2.844138, 54.0644729 ] ] } },
{ "type": "Feature", "properties": { "id": 9500, "nach": 0.62471647898850846 }, "geometry": { "type": "LineString", "coordinates": [ [ -2.8444571, 54.0642498 ], [ -2.8441674, 54.0644523 ], [ -2.844138, 54.0644729 ] ] } },
{ "type": "Feature", "properties": { "id": 82380, "nach": 0.60734120122608226 }, "geometry": { "type": "LineString", "coordinates": [ [ -2.8438003, 54.0645846 ], [ -2.8440142, 54.0645087 ], [ -2.8440451, 54.0645016 ], [ -2.8440726, 54.0645039 ], [ -2.844096, 54.0645106 ], [ -2.844138, 54.0644729 ] ] } },
{ "type": "Feature", "properties": { "id": 82381, "nach": 0.58908581539329918 }, "geometry": { "type": "LineString", "coordinates": [ [ -2.8437157, 54.0645041 ], [ -2.8436004, 54.0645454 ] ] } },
{ "type": "Feature", "properties": { "id": 82382, "nach": 0.076124060709125613 }, "geometry": { "type": "LineString", "coordinates": [ [ -2.8437157, 54.0645041 ], [ -2.8438003, 54.0645846 ] ] } },
{ "type": "Feature", "properties": { "id": 24398, "nach": 0.60313905873351903 }, "geometry": { "type": "LineString", "coordinates": [ [ -2.8445629, 54.0645198 ], [ -2.8444571, 54.0642498 ] ] } },
{ "type": "Feature", "properties": { "id": 34280, "nach": 0.66366809742408261 }, "geometry": { "type": "LineString", "coordinates": [ [ -2.8444675, 54.0638296 ], [ -2.844459, 54.0641714 ], [ -2.8444571, 54.0642498 ] ] } },
{ "type": "Feature", "properties": { "id": 82379, "nach": 0.60482676378262723 }, "geometry": { "type": "LineString", "coordinates": [ [ -2.8438003, 54.0645846 ], [ -2.8436848, 54.0646256 ] ] } },
{ "type": "Feature", "properties": { "id": 24399, "nach": 0.5697509030742588 }, "geometry": { "type": "LineString", "coordinates": [ [ -2.8445629, 54.0645198 ], [ -2.8446428, 54.0646502 ], [ -2.8447313, 54.0647179 ], [ -2.8449378, 54.064773 ], [ -2.8452248, 54.0648233 ], [ -2.84538580000001, 54.0648344 ], [ -2.8454986, 54.0648456 ] ] } },
{ "type": "Feature", "properties": { "id": 9495, "nach": 0.57061282320362705 }, "geometry": { "type": "LineString", "coordinates": [ [ -2.8471143, 54.065309199999987 ], [ -2.8476851, 54.065518 ] ] } },
{ "type": "Feature", "properties": { "id": 8556, "nach": 0.58272803882687296 }, "geometry": { "type": "LineString", "coordinates": [ [ -2.8439521, 54.0664057 ], [ -2.8431693, 54.0666529 ], [ -2.8426973, 54.0669803 ], [ -2.8425293, 54.0671481 ], [ -2.8422625, 54.0673984 ], [ -2.8422174, 54.0674407 ] ] } },
{ "type": "Feature", "properties": { "id": 9504, "nach": 0.55158615979875103 }, "geometry": { "type": "LineString", "coordinates": [ [ -2.8435186, 54.066044 ], [ -2.8439521, 54.0664057 ] ] } },
{ "type": "Feature", "properties": { "id": 9505, "nach": 0.56072835079837369 }, "geometry": { "type": "LineString", "coordinates": [ [ -2.8435186, 54.066044 ], [ -2.8429977, 54.0655925 ] ] } },
{ "type": "Feature", "properties": { "id": 28724, "nach": 0.68102524330720526 }, "geometry": { "type": "LineString", "coordinates": [ [ -2.8427566, 54.0675391 ], [ -2.8422174, 54.0674407 ] ] } },
{ "type": "Feature", "properties": { "id": 13245, "nach": 0.66024603346916244 }, "geometry": { "type": "LineString", "coordinates": [ [ -2.8401565, 54.0669002 ], [ -2.8404601, 54.0670082 ], [ -2.8406256, 54.06706650000001 ], [ -2.8407089, 54.0670962 ], [ -2.8409955, 54.0671919 ], [ -2.8412848, 54.0672582 ], [ -2.8416496, 54.06732920000001 ], [ -2.8422174, 54.0674407 ] ] } },
{ "type": "Feature", "properties": { "id": 83719, "nach": 0.58737648678670351 }, "geometry": { "type": "LineString", "coordinates": [ [ -2.8405689, 54.0671086 ], [ -2.8408933, 54.0672338 ], [ -2.8411891, 54.0673042 ], [ -2.8413725, 54.0673419 ], [ -2.841744, 54.0674081 ], [ -2.8421845, 54.0674907 ], [ -2.8422174, 54.0674407 ] ] } },
{ "type": "Feature", "properties": { "id": 28728, "nach": 0.67910352585717837 }, "geometry": { "type": "LineString", "coordinates": [ [ -2.8431246, 54.0675996 ], [ -2.8428813, 54.0675607 ], [ -2.8427566, 54.0675391 ] ] } },
{ "type": "Feature", "properties": { "id": 83687, "nach": 0.60766581104204032 }, "geometry": { "type": "LineString", "coordinates": [ [ -2.84020310000001, 54.0668481 ], [ -2.8401565, 54.0669002 ] ] } },
{ "type": "Feature", "properties": { "id": 25459, "nach": 0.67212503805124613 }, "geometry": { "type": "LineString", "coordinates": [ [ -2.8398374, 54.0667833 ], [ -2.8401565, 54.0669002 ] ] } },
{ "type": "Feature", "properties": { "id": 83718, "nach": 0.58131683325498584 }, "geometry": { "type": "LineString", "coordinates": [ [ -2.8405689, 54.0671086 ], [ -2.8404322, 54.0672101 ], [ -2.8403405, 54.0673307 ], [ -2.8403243, 54.0673497 ], [ -2.8403168, 54.067359 ] ] } },
{ "type": "Feature", "properties": { "id": 83717, "nach": 0.4787521024585869 }, "geometry": { "type": "LineString", "coordinates": [ [ -2.8405689, 54.0671086 ], [ -2.8403747, 54.0670388 ] ] } },
{ "type": "Feature", "properties": { "id": 13143, "nach": 0.59978121446463506 }, "geometry": { "type": "LineString", "coordinates": [ [ -2.8416086, 54.0660841 ], [ -2.8408114, 54.0663505 ] ] } },
{ "type": "Feature", "properties": { "id": 2583, "nach": 0.57028010089632064 }, "geometry": { "type": "LineString", "coordinates": [ [ -2.8402013, 54.0657557 ], [ -2.8408114, 54.0663505 ] ] } },
{ "type": "Feature", "properties": { "id": 17683, "nach": 0.63135714185806191 }, "geometry": { "type": "LineString", "coordinates": [ [ -2.8408439, 54.0663784 ], [ -2.8408114, 54.0663505 ] ] } },
{ "type": "Feature", "properties": { "id": 13144, "nach": 0.44626937029059088 }, "geometry": { "type": "LineString", "coordinates": [ [ -2.8416086, 54.0660841 ], [ -2.8416548, 54.0663767 ] ] } },
{ "type": "Feature", "properties": { "id": 13145, "nach": 0.60387499735450123 }, "geometry": { "type": "LineString", "coordinates": [ [ -2.8416086, 54.0660841 ], [ -2.8417764, 54.0660265 ], [ -2.8422955, 54.0658483 ] ] } },
{ "type": "Feature", "properties": { "id": 82365, "nach": 0.5709040797319852 }, "geometry": { "type": "LineString", "coordinates": [ [ -2.8401017, 54.0655414 ], [ -2.8402013, 54.0657557 ] ] } },
{ "type": "Feature", "properties": { "id": 8547, "nach": 0.49370741649855293 }, "geometry": { "type": "LineString", "coordinates": [ [ -2.8419051, 54.0651463 ], [ -2.8402013, 54.0657557 ] ] } },
{ "type": "Feature", "properties": { "id": 17684, "nach": 0.48886631818130283 }, "geometry": { "type": "LineString", "coordinates": [ [ -2.8408439, 54.0663784 ], [ -2.8408743, 54.0663952 ], [ -2.8409061, 54.0664047 ], [ -2.8409354, 54.066407499999983 ], [ -2.8416548, 54.0663767 ] ] } },
{ "type": "Feature", "properties": { "id": 83689, "nach": 0.63961687934835698 }, "geometry": { "type": "LineString", "coordinates": [ [ -2.84020310000001, 54.0668481 ], [ -2.840559, 54.0665137 ], [ -2.8406787, 54.0664495 ], [ -2.8407442, 54.0664143 ], [ -2.8408439, 54.0663784 ] ] } },
{ "type": "Feature", "properties": { "id": 82369, "nach": 0.37452396903515345 }, "geometry": { "type": "LineString", "coordinates": [ [ -2.8421306, 54.0648381 ], [ -2.842021, 54.064881 ], [ -2.8414995, 54.0650451 ], [ -2.8409687, 54.0652061 ], [ -2.8407103, 54.06530320000001 ], [ -2.8404466, 54.0654112 ], [ -2.8401017, 54.0655414 ] ] } },
{ "type": "Feature", "properties": { "id": 8548, "nach": 0.53630152485452121 }, "geometry": { "type": "LineString", "coordinates": [ [ -2.8419051, 54.0651463 ], [ -2.8423305, 54.06500290000001 ] ] } },
{ "type": "Feature", "properties": { "id": 8551, "nach": 0.48597071506558998 }, "geometry": { "type": "LineString", "coordinates": [ [ -2.842531, 54.0657502 ], [ -2.8419051, 54.0651463 ] ] } },
{ "type": "Feature", "properties": { "id": 8553, "nach": 0.59779506021832363 }, "geometry": { "type": "LineString", "coordinates": [ [ -2.8429977, 54.0655925 ], [ -2.842531, 54.0657502 ] ] } },
{ "type": "Feature", "properties": { "id": 82388, "nach": 0.56657341758602531 }, "geometry": { "type": "LineString", "coordinates": [ [ -2.8428639, 54.0649171 ], [ -2.842774, 54.0648407 ] ] } },
{ "type": "Feature", "properties": { "id": 82390, "nach": 0.60460551768208559 }, "geometry": { "type": "LineString", "coordinates": [ [ -2.8428639, 54.0649171 ], [ -2.8429102, 54.0649012 ], [ -2.8432446, 54.0647849 ], [ -2.8432748, 54.0647744 ] ] } },
{ "type": "Feature", "properties": { "id": 2592, "nach": 0.6253542234933307 }, "geometry": { "type": "LineString", "coordinates": [ [ -2.8423305, 54.06500290000001 ], [ -2.842774, 54.0648407 ] ] } },
{ "type": "Feature", "properties": { "id": 82361, "nach": 0.60053312529536551 }, "geometry": { "type": "LineString", "coordinates": [ [ -2.8428797, 54.0648009 ], [ -2.842774, 54.0648407 ] ] } },
{ "type": "Feature", "properties": { "id": 82368, "nach": 0.63334798971706363 }, "geometry": { "type": "LineString", "coordinates": [ [ -2.8421306, 54.0648381 ], [ -2.8423061, 54.0649828 ], [ -2.8423305, 54.06500290000001 ] ] } },
{ "type": "Feature", "properties": { "id": 82362, "nach": 0.58753152695369681 }, "geometry": { "type": "LineString", "coordinates": [ [ -2.8428797, 54.0648009 ], [ -2.8431853, 54.0646921 ] ] } },
{ "type": "Feature", "properties": { "id": 82363, "nach": 0.48573919751336608 }, "geometry": { "type": "LineString", "coordinates": [ [ -2.8428797, 54.0648009 ], [ -2.8428546, 54.0647798 ], [ -2.842693, 54.0646473 ], [ -2.8426753, 54.0646328 ], [ -2.8426501, 54.0646121 ] ] } },
{ "type": "Feature", "properties": { "id": 82367, "nach": 0.6407432501411271 }, "geometry": { "type": "LineString", "coordinates": [ [ -2.8421306, 54.0648381 ], [ -2.84211, 54.0648205 ], [ -2.8420735, 54.0647895 ] ] } },
{ "type": "Feature", "properties": { "id": 82370, "nach": 0.45857609178026981 }, "geometry": { "type": "LineString", "coordinates": [ [ -2.8421306, 54.0648381 ], [ -2.8422436, 54.0647934 ], [ -2.8426501, 54.0646121 ] ] } },
{ "type": "Feature", "properties": { "id": 8565, "nach": 0.71242538738865391 }, "geometry": { "type": "LineString", "coordinates": [ [ -2.8417963, 54.0648918 ], [ -2.8420735, 54.0647895 ] ] } },
{ "type": "Feature", "properties": { "id": 5708, "nach": 0.69234342085773826 }, "geometry": { "type": "LineString", "coordinates": [ [ -2.8429511, 54.064388 ], [ -2.84256670000001, 54.0645673 ], [ -2.8422713, 54.0647057 ], [ -2.8420735, 54.0647895 ] ] } },
{ "type": "Feature", "properties": { "id": 8569, "nach": 0.68288510922268197 }, "geometry": { "type": "LineString", "coordinates": [ [ -2.8416315, 54.0647448 ], [ -2.8417963, 54.0648918 ] ] } },
{ "type": "Feature", "properties": { "id": 28712, "nach": 0.71523622232863315 }, "geometry": { "type": "LineString", "coordinates": [ [ -2.8403239, 54.0653988 ], [ -2.840721, 54.0652327 ], [ -2.8409499, 54.0651485 ], [ -2.8411834, 54.0650742 ], [ -2.8416066, 54.0649508 ], [ -2.8417963, 54.0648918 ] ] } },
{ "type": "Feature", "properties": { "id": 5707, "nach": 0.43958842229883688 }, "geometry": { "type": "LineString", "coordinates": [ [ -2.8429511, 54.064388 ], [ -2.8429109, 54.0643627 ], [ -2.8439037, 54.0636363 ] ] } },
{ "type": "Feature", "properties": { "id": 76925, "nach": 0.69007688122249333 }, "geometry": { "type": "LineString", "coordinates": [ [ -2.8440179, 54.0638531 ], [ -2.8429511, 54.064388 ] ] } },
{ "type": "Feature", "properties": { "id": 17452, "nach": 0.52118205662016726 }, "geometry": { "type": "LineString", "coordinates": [ [ -2.8342104, 54.0695948 ], [ -2.8343337, 54.0691626 ] ] } },
{ "type": "Feature", "properties": { "id": 8530, "nach": 0.4638792546422934 }, "geometry": { "type": "LineString", "coordinates": [ [ -2.8340548, 54.0713371 ], [ -2.8352921, 54.0711463 ], [ -2.8354141, 54.0711361 ], [ -2.8355174, 54.071140799999988 ], [ -2.8356043, 54.0711498 ] ] } },
{ "type": "Feature", "properties": { "id": 8539, "nach": 0.49822919374855262 }, "geometry": { "type": "LineString", "coordinates": [ [ -2.835033, 54.0721145 ], [ -2.8351459, 54.0717586 ], [ -2.8352511, 54.0715811 ], [ -2.8354233, 54.071388 ], [ -2.8355697, 54.0712164 ], [ -2.8356043, 54.0711498 ] ] } },
{ "type": "Feature", "properties": { "id": 13209, "nach": 0.48970469471638262 }, "geometry": { "type": "LineString", "coordinates": [ [ -2.8328244, 54.0715286 ], [ -2.8340548, 54.0713371 ] ] } },
{ "type": "Feature", "properties": { "id": 17453, "nach": 0.47060383488323676 }, "geometry": { "type": "LineString", "coordinates": [ [ -2.8342104, 54.0695948 ], [ -2.8338746, 54.0707453 ], [ -2.8338385, 54.0709216 ], [ -2.8340548, 54.0713371 ] ] } },
{ "type": "Feature", "properties": { "id": 8537, "nach": 0.52535761537185144 }, "geometry": { "type": "LineString", "coordinates": [ [ -2.835033, 54.0721145 ], [ -2.8349324, 54.0726772 ] ] } },
{ "type": "Feature", "properties": { "id": 13176, "nach": 0.48405528697486222 }, "geometry": { "type": "LineString", "coordinates": [ [ -2.8331052, 54.0725496 ], [ -2.8338976, 54.0723375 ], [ -2.835033, 54.0721145 ] ] } },
{ "type": "Feature", "properties": { "id": 12108, "nach": 0.38547134282764572 }, "geometry": { "type": "LineString", "coordinates": [ [ -2.8371483, 54.073221 ], [ -2.834832, 54.0732922 ] ] } },
{ "type": "Feature", "properties": { "id": 13205, "nach": 0.52415770351013757 }, "geometry": { "type": "LineString", "coordinates": [ [ -2.8348784, 54.072981 ], [ -2.834832, 54.0732922 ] ] } },
{ "type": "Feature", "properties": { "id": 13204, "nach": 0.52882216826714712 }, "geometry": { "type": "LineString", "coordinates": [ [ -2.8348784, 54.072981 ], [ -2.8349324, 54.0726772 ] ] } },
{ "type": "Feature", "properties": { "id": 13203, "nach": 0.40988692291470047 }, "geometry": { "type": "LineString", "coordinates": [ [ -2.8348784, 54.072981 ], [ -2.8340476, 54.0730043 ] ] } },
{ "type": "Feature", "properties": { "id": 25442, "nach": 0.41642847885458412 }, "geometry": { "type": "LineString", "coordinates": [ [ -2.8371675, 54.0677026 ], [ -2.8370805, 54.0675099 ], [ -2.8370753, 54.0669505 ] ] } },
{ "type": "Feature", "properties": { "id": 73649, "nach": 0.60354305726846402 }, "geometry": { "type": "LineString", "coordinates": [ [ -2.8379765, 54.0667121 ], [ -2.8376072, 54.0671585 ], [ -2.8371675, 54.0677026 ] ] } },
{ "type": "Feature", "properties": { "id": 2615, "nach": 0.55090996581915452 }, "geometry": { "type": "LineString", "coordinates": [ [ -2.8364163, 54.0669913 ], [ -2.8363285, 54.0669441 ], [ -2.83622660000001, 54.0668982 ], [ -2.8361226, 54.0668596 ], [ -2.8360219, 54.0668244 ], [ -2.8359217, 54.066793199999985 ], [ -2.8357826, 54.066761599999985 ], [ -2.8356976, 54.0667426 ] ] } },
{ "type": "Feature", "properties": { "id": 73836, "nach": 0.61116223481236143 }, "geometry": { "type": "LineString", "coordinates": [ [ -2.83528520000001, 54.066690400000013 ], [ -2.8356753, 54.0667719 ], [ -2.8356976, 54.0667426 ] ] } },
{ "type": "Feature", "properties": { "id": 3115, "nach": 0.607569179133432 }, "geometry": { "type": "LineString", "coordinates": [ [ -2.8335636, 54.0677491 ], [ -2.8327682, 54.0676365 ] ] } },
{ "type": "Feature", "properties": { "id": 9528, "nach": 0.46422853751143972 }, "geometry": { "type": "LineString", "coordinates": [ [ -2.833771, 54.0673282 ], [ -2.8335636, 54.0677491 ] ] } },
{ "type": "Feature", "properties": { "id": 9527, "nach": 0.45346545884542377 }, "geometry": { "type": "LineString", "coordinates": [ [ -2.8322647, 54.06827220000001 ], [ -2.8333247, 54.068386800000013 ], [ -2.8335636, 54.0677491 ] ] } },
{ "type": "Feature", "properties": { "id": 73844, "nach": 0.64565123774938182 }, "geometry": { "type": "LineString", "coordinates": [ [ -2.8346783, 54.0671502 ], [ -2.8347592, 54.067146200000018 ] ] } },
{ "type": "Feature", "properties": { "id": 53700, "nach": 0.4581475809659164 }, "geometry": { "type": "LineString", "coordinates": [ [ -2.8327829, 54.06711880000001 ], [ -2.8328473, 54.0671204 ], [ -2.8328983, 54.0671487 ], [ -2.8329278, 54.0671897 ], [ -2.8329171, 54.067249500000017 ], [ -2.8327682, 54.0676365 ] ] } },
{ "type": "Feature", "properties": { "id": 8594, "nach": 0.48743280717385262 }, "geometry": { "type": "LineString", "coordinates": [ [ -2.8327105, 54.061615 ], [ -2.832606, 54.0613938 ] ] } },
{ "type": "Feature", "properties": { "id": 34100, "nach": 0.6127054632514769 }, "geometry": { "type": "LineString", "coordinates": [ [ -2.8323617, 54.0614302 ], [ -2.832606, 54.0613938 ] ] } },
{ "type": "Feature", "properties": { "id": 2889, "nach": 0.58520119067923648 }, "geometry": { "type": "LineString", "coordinates": [ [ -2.8342357, 54.0614041 ], [ -2.8336528, 54.0614945 ], [ -2.8334737, 54.0614914 ], [ -2.8332956, 54.0614643 ], [ -2.8331024, 54.0614108 ], [ -2.8329227, 54.0613704 ], [ -2.832606, 54.0613938 ] ] } },
{ "type": "Feature", "properties": { "id": 34101, "nach": 0.45514663643668624 }, "geometry": { "type": "LineString", "coordinates": [ [ -2.8323617, 54.0614302 ], [ -2.8322542, 54.0614559 ], [ -2.8321933, 54.0614593 ], [ -2.8321313, 54.0614512 ], [ -2.832084, 54.061436 ], [ -2.8320491, 54.0614124 ] ] } },
{ "type": "Feature", "properties": { "id": 34102, "nach": 0.60882978945694688 }, "geometry": { "type": "LineString", "coordinates": [ [ -2.8323617, 54.0614302 ], [ -2.8323764, 54.061453 ], [ -2.8323852, 54.0614625 ], [ -2.8323028, 54.0614807 ], [ -2.8321934, 54.0615066 ], [ -2.8320923, 54.0615314 ], [ -2.831996, 54.0615698 ], [ -2.8318915, 54.0616231 ], [ -2.8316688, 54.061771 ], [ -2.8315423, 54.0618708 ], [ -2.8314753, 54.0619266 ], [ -2.8314203, 54.0619841 ], [ -2.8313988, 54.0620096 ], [ -2.8313849, 54.06203510000001 ], [ -2.8313742, 54.0620552 ], [ -2.8313431, 54.06205 ], [ -2.8313159, 54.062044 ] ] } },
{ "type": "Feature", "properties": { "id": 51036, "nach": 0.54116786824652952 }, "geometry": { "type": "LineString", "coordinates": [ [ -2.8327534, 54.0612256 ], [ -2.8326913, 54.0612478 ], [ -2.8326566, 54.061274 ], [ -2.8326195, 54.0613272 ], [ -2.8326025, 54.0613437 ], [ -2.8325623, 54.0613591 ], [ -2.8324905, 54.0613674 ], [ -2.8323413, 54.0613937 ], [ -2.8323478, 54.0614086 ], [ -2.8323617, 54.0614302 ] ] } },
{ "type": "Feature", "properties": { "id": 8593, "nach": 0.45735756289480145 }, "geometry": { "type": "LineString", "coordinates": [ [ -2.8340735, 54.0611343 ], [ -2.8342357, 54.0614041 ] ] } },
{ "type": "Feature", "properties": { "id": 2892, "nach": 0.56377161459557601 }, "geometry": { "type": "LineString", "coordinates": [ [ -2.83498460000001, 54.0613618 ], [ -2.8347878, 54.0613439 ], [ -2.8345918, 54.0613471 ], [ -2.8342357, 54.0614041 ] ] } },
{ "type": "Feature", "properties": { "id": 17914, "nach": 0.45155731573421232 }, "geometry": { "type": "LineString", "coordinates": [ [ -2.8348829, 54.061031399999983 ], [ -2.8349312, 54.0610715 ], [ -2.8349856, 54.0611936 ], [ -2.83498460000001, 54.0613618 ] ] } },
{ "type": "Feature", "properties": { "id": 2895, "nach": 0.56800436237998364 }, "geometry": { "type": "LineString", "coordinates": [ [ -2.8353691, 54.06144170000001 ], [ -2.8352465, 54.0614195 ], [ -2.83498460000001, 54.0613618 ] ] } },
{ "type": "Feature", "properties": { "id": 66966, "nach": 0.50936333934182432 }, "geometry": { "type": "LineString", "coordinates": [ [ -2.8353873, 54.0616485 ], [ -2.8353494, 54.0615922 ], [ -2.835333, 54.0615564 ], [ -2.835335, 54.061521 ], [ -2.8353691, 54.06144170000001 ] ] } },
{ "type": "Feature", "properties": { "id": 51030, "nach": 0.53836263135197093 }, "geometry": { "type": "LineString", "coordinates": [ [ -2.8356433, 54.061454 ], [ -2.8355341, 54.0614612 ], [ -2.8354564, 54.0614561 ], [ -2.8353691, 54.06144170000001 ] ] } },
{ "type": "Feature", "properties": { "id": 66965, "nach": 0.57667360196064521 }, "geometry": { "type": "LineString", "coordinates": [ [ -2.8353873, 54.0616485 ], [ -2.8354059, 54.0617147 ] ] } },
{ "type": "Feature", "properties": { "id": 66967, "nach": 0.55163283146699926 }, "geometry": { "type": "LineString", "coordinates": [ [ -2.8353873, 54.0616485 ], [ -2.83545370000001, 54.0616375 ], [ -2.8356481, 54.06151 ], [ -2.8356582, 54.0615006 ], [ -2.8356433, 54.061454 ] ] } },
{ "type": "Feature", "properties": { "id": 51032, "nach": 0.59253228478684861 }, "geometry": { "type": "LineString", "coordinates": [ [ -2.8356433, 54.061454 ], [ -2.8359532, 54.0614156 ], [ -2.8360713, 54.0614124 ], [ -2.8361797, 54.0614198 ] ] } },
{ "type": "Feature", "properties": { "id": 51035, "nach": 0.2132375793424226 }, "geometry": { "type": "LineString", "coordinates": [ [ -2.8327534, 54.0612256 ], [ -2.832887, 54.061209300000016 ], [ -2.8329147, 54.0611894 ], [ -2.832989, 54.0611978 ], [ -2.8341175, 54.0609835 ], [ -2.8354574, 54.0608231 ], [ -2.8354691, 54.060861 ], [ -2.8354339, 54.06090240000001 ], [ -2.8354427, 54.0609472 ], [ -2.8355348, 54.0612054 ], [ -2.8356193, 54.0613683 ], [ -2.8356314, 54.061426599999983 ], [ -2.8356433, 54.061454 ] ] } },
{ "type": "Feature", "properties": { "id": 8590, "nach": 0.57116209278595176 }, "geometry": { "type": "LineString", "coordinates": [ [ -2.8361149, 54.0607062 ], [ -2.8360753, 54.0607441 ], [ -2.8360444, 54.0607929 ], [ -2.8360793, 54.0608472 ], [ -2.836142, 54.060887 ], [ -2.836137, 54.0609582 ], [ -2.8361309, 54.0610304 ], [ -2.8361169, 54.0610999 ], [ -2.8361584, 54.0611597 ], [ -2.8362228, 54.061222699999988 ], [ -2.8362381, 54.0612747 ], [ -2.8362121, 54.0613605 ], [ -2.8361797, 54.0614198 ] ] } },
{ "type": "Feature", "properties": { "id": 2901, "nach": 0.5021160331618959 }, "geometry": { "type": "LineString", "coordinates": [ [ -2.837517, 54.0620834 ], [ -2.8371262, 54.0620473 ], [ -2.8368159, 54.0619776 ], [ -2.8366855, 54.0619193 ], [ -2.8365782, 54.0618512 ], [ -2.8364682, 54.0617249 ], [ -2.836424, 54.0616249 ], [ -2.8363875, 54.0615574 ], [ -2.8363059, 54.0614801 ], [ -2.8361797, 54.0614198 ] ] } },
{ "type": "Feature", "properties": { "id": 8591, "nach": 0.53181147758224057 }, "geometry": { "type": "LineString", "coordinates": [ [ -2.8361149, 54.0607062 ], [ -2.836808, 54.0609656 ], [ -2.837501, 54.0612278 ] ] } },
{ "type": "Feature", "properties": { "id": 8597, "nach": 0.60178471611169715 }, "geometry": { "type": "LineString", "coordinates": [ [ -2.8337931, 54.0597114 ], [ -2.8338646, 54.0597142 ], [ -2.8339312, 54.0597256 ], [ -2.8346962, 54.0600222 ], [ -2.8347377, 54.0600485 ], [ -2.8347719, 54.0600819 ], [ -2.8347916, 54.060116 ], [ -2.83483, 54.0601793 ], [ -2.8348587, 54.060204 ], [ -2.8349058, 54.0602316 ], [ -2.8349773, 54.06026210000001 ], [ -2.8361149, 54.0607062 ] ] } },
{ "type": "Feature", "properties": { "id": 17909, "nach": 0.451633410234966 }, "geometry": { "type": "LineString", "coordinates": [ [ -2.8373827, 54.0616402 ], [ -2.837517, 54.0620834 ] ] } },
{ "type": "Feature", "properties": { "id": 2904, "nach": 0.46807774591920603 }, "geometry": { "type": "LineString", "coordinates": [ [ -2.838503, 54.0620651 ], [ -2.8380739, 54.0621167 ], [ -2.837517, 54.0620834 ] ] } },
{ "type": "Feature", "properties": { "id": 17911, "nach": 0.4865113905779001 }, "geometry": { "type": "LineString", "coordinates": [ [ -2.8373827, 54.0616402 ], [ -2.8373259, 54.0614528 ], [ -2.8373582, 54.0613577 ], [ -2.837501, 54.0612278 ] ] } },
{ "type": "Feature", "properties": { "id": 17912, "nach": 0.44731821345638817 }, "geometry": { "type": "LineString", "coordinates": [ [ -2.83757470000001, 54.061625 ], [ -2.8373827, 54.0616402 ] ] } },
{ "type": "Feature", "properties": { "id": 17913, "nach": 0.43846795234794028 }, "geometry": { "type": "LineString", "coordinates": [ [ -2.8389034, 54.06201870000001 ], [ -2.838503, 54.0620651 ] ] } },
{ "type": "Feature", "properties": { "id": 8585, "nach": 0.49099222916017432 }, "geometry": { "type": "LineString", "coordinates": [ [ -2.838486, 54.0616003 ], [ -2.8384816, 54.0616716 ], [ -2.8384126, 54.0617788 ], [ -2.838407, 54.0619231 ], [ -2.838503, 54.0620651 ] ] } },
{ "type": "Feature", "properties": { "id": 8586, "nach": 0.50214564599979683 }, "geometry": { "type": "LineString", "coordinates": [ [ -2.838486, 54.0616003 ], [ -2.8407497, 54.0624565 ], [ -2.8439037, 54.0636363 ] ] } },
{ "type": "Feature", "properties": { "id": 8587, "nach": 0.48992555645014946 }, "geometry": { "type": "LineString", "coordinates": [ [ -2.837501, 54.0612278 ], [ -2.838486, 54.0616003 ] ] } },
{ "type": "Feature", "properties": { "id": 12229, "nach": 0.52044966370868562 }, "geometry": { "type": "LineString", "coordinates": [ [ -2.8219255, 54.0619953 ], [ -2.8226254, 54.0622956 ], [ -2.8227575, 54.0623589 ], [ -2.8232476, 54.062644 ], [ -2.8232638, 54.0626536 ], [ -2.8236113, 54.0629318 ], [ -2.8236635, 54.0629826 ], [ -2.8240163, 54.0633224 ], [ -2.8244834, 54.063659199999989 ], [ -2.8249177, 54.0638593 ] ] } },
{ "type": "Feature", "properties": { "id": 27948, "nach": 0.57096769735387654 }, "geometry": { "type": "LineString", "coordinates": [ [ -2.8256246, 54.0642063 ], [ -2.82538, 54.0640676 ], [ -2.8249177, 54.0638593 ] ] } },
{ "type": "Feature", "properties": { "id": 2925, "nach": 0.51128080008990229 }, "geometry": { "type": "LineString", "coordinates": [ [ -2.8234633, 54.064826100000012 ], [ -2.823575, 54.0647892 ], [ -2.8238055, 54.0647154 ], [ -2.8240151, 54.064658 ], [ -2.8242316, 54.0645596 ], [ -2.8244691, 54.0644653 ], [ -2.8246577, 54.0643628 ], [ -2.8248253, 54.0642399 ], [ -2.8249022, 54.0640882 ], [ -2.8249177, 54.0638593 ] ] } },
{ "type": "Feature", "properties": { "id": 65031, "nach": 0.63702998844921366 }, "geometry": { "type": "LineString", "coordinates": [ [ -2.8259422, 54.0646123 ], [ -2.8258891, 54.0645402 ], [ -2.8258007, 54.0644296 ], [ -2.8256246, 54.0642063 ] ] } },
{ "type": "Feature", "properties": { "id": 40849, "nach": 0.63559631279498752 }, "geometry": { "type": "LineString", "coordinates": [ [ -2.8260275, 54.063954 ], [ -2.8258244, 54.0640917 ], [ -2.8257351, 54.0641444 ], [ -2.8256246, 54.0642063 ] ] } },
{ "type": "Feature", "properties": { "id": 80650, "nach": 0.43970291185774618 }, "geometry": { "type": "LineString", "coordinates": [ [ -2.8269252, 54.0665407 ], [ -2.8268587, 54.066533700000015 ] ] } },
{ "type": "Feature", "properties": { "id": 9547, "nach": 0.48067828862880585 }, "geometry": { "type": "LineString", "coordinates": [ [ -2.8271008, 54.06605 ], [ -2.8268587, 54.066533700000015 ] ] } },
{ "type": "Feature", "properties": { "id": 2931, "nach": 0.46269163641858063 }, "geometry": { "type": "LineString", "coordinates": [ [ -2.8266283, 54.0670891 ], [ -2.8266305, 54.0669611 ], [ -2.8266743, 54.066869400000016 ], [ -2.8268587, 54.066533700000015 ] ] } },
{ "type": "Feature", "properties": { "id": 80653, "nach": 0.52690831076997879 }, "geometry": { "type": "LineString", "coordinates": [ [ -2.8269252, 54.0665407 ], [ -2.8269368, 54.0665179 ], [ -2.8269503, 54.0665077 ] ] } },
{ "type": "Feature", "properties": { "id": 80654, "nach": 0.45276187282673414 }, "geometry": { "type": "LineString", "coordinates": [ [ -2.828257, 54.066681499999987 ], [ -2.8269252, 54.0665407 ] ] } },
{ "type": "Feature", "properties": { "id": 80672, "nach": 0.51467704799512703 }, "geometry": { "type": "LineString", "coordinates": [ [ -2.8268971, 54.0665867 ], [ -2.8269087, 54.066573 ], [ -2.8269252, 54.0665407 ] ] } },
{ "type": "Feature", "properties": { "id": 80627, "nach": 0.42710719272986497 }, "geometry": { "type": "LineString", "coordinates": [ [ -2.8271697, 54.0660624 ], [ -2.8271008, 54.06605 ] ] } },
{ "type": "Feature", "properties": { "id": 80768, "nach": 0.42494729527509489 }, "geometry": { "type": "LineString", "coordinates": [ [ -2.8267119, 54.0670944 ], [ -2.8266283, 54.0670891 ] ] } },
{ "type": "Feature", "properties": { "id": 80770, "nach": 0.49324299719752884 }, "geometry": { "type": "LineString", "coordinates": [ [ -2.8267119, 54.0670944 ], [ -2.8267106, 54.0670561 ], [ -2.8267133, 54.0670424 ] ] } },
{ "type": "Feature", "properties": { "id": 80769, "nach": 0.4631444571836198 }, "geometry": { "type": "LineString", "coordinates": [ [ -2.8267119, 54.0670944 ], [ -2.8267132, 54.0671356 ], [ -2.8267145, 54.0671512 ] ] } },
{ "type": "Feature", "properties": { "id": 80767, "nach": 0.46625222454349741 }, "geometry": { "type": "LineString", "coordinates": [ [ -2.8267119, 54.0670944 ], [ -2.8279413, 54.0671725 ] ] } },
{ "type": "Feature", "properties": { "id": 2935, "nach": 0.59106854127666375 }, "geometry": { "type": "LineString", "coordinates": [ [ -2.8279972, 54.067176 ], [ -2.8283197, 54.0666881 ] ] } },
{ "type": "Feature", "properties": { "id": 80655, "nach": 0.55475102512161856 }, "geometry": { "type": "LineString", "coordinates": [ [ -2.828257, 54.066681499999987 ], [ -2.8282789, 54.066683800000014 ], [ -2.8283197, 54.0666881 ] ] } },
{ "type": "Feature", "properties": { "id": 80763, "nach": 0.5320863887534818 }, "geometry": { "type": "LineString", "coordinates": [ [ -2.8279413, 54.0671725 ], [ -2.8279972, 54.067176 ] ] } },
{ "type": "Feature", "properties": { "id": 80755, "nach": 0.55708038426699746 }, "geometry": { "type": "LineString", "coordinates": [ [ -2.8276302, 54.0684695 ], [ -2.8275304, 54.0683747 ], [ -2.8274554, 54.0682715 ], [ -2.8274769, 54.0680323 ], [ -2.8279972, 54.067176 ] ] } },
{ "type": "Feature", "properties": { "id": 80657, "nach": 0.51890293631270246 }, "geometry": { "type": "LineString", "coordinates": [ [ -2.828257, 54.066681499999987 ], [ -2.8282712, 54.0666565 ], [ -2.8282726, 54.0666462 ] ] } },
{ "type": "Feature", "properties": { "id": 80676, "nach": 0.56276279421593811 }, "geometry": { "type": "LineString", "coordinates": [ [ -2.8282376, 54.0667157 ], [ -2.8282417, 54.0667084 ], [ -2.828257, 54.066681499999987 ] ] } },
{ "type": "Feature", "properties": { "id": 80766, "nach": 0.50818395154723406 }, "geometry": { "type": "LineString", "coordinates": [ [ -2.8279413, 54.0671725 ], [ -2.8279724, 54.0671291 ], [ -2.8279698, 54.0671166 ] ] } },
{ "type": "Feature", "properties": { "id": 80765, "nach": 0.53020864240485566 }, "geometry": { "type": "LineString", "coordinates": [ [ -2.8279413, 54.0671725 ], [ -2.8279083, 54.0672185 ], [ -2.827882, 54.0672298 ] ] } },
{ "type": "Feature", "properties": { "id": 80756, "nach": 0.52942820212417441 }, "geometry": { "type": "LineString", "coordinates": [ [ -2.8276302, 54.0684695 ], [ -2.8276447, 54.0684776 ], [ -2.827697, 54.068507 ] ] } },
{ "type": "Feature", "properties": { "id": 80757, "nach": 0.52514234140168681 }, "geometry": { "type": "LineString", "coordinates": [ [ -2.8276302, 54.0684695 ], [ -2.8275184, 54.0685199 ], [ -2.827497, 54.0685314 ] ] } },
{ "type": "Feature", "properties": { "id": 80758, "nach": 0.44429731097655289 }, "geometry": { "type": "LineString", "coordinates": [ [ -2.8277691, 54.068405 ], [ -2.8276302, 54.0684695 ] ] } },
{ "type": "Feature", "properties": { "id": 80751, "nach": 0.57290675823692228 }, "geometry": { "type": "LineString", "coordinates": [ [ -2.8275915, 54.0685524 ], [ -2.827697, 54.068507 ] ] } },
{ "type": "Feature", "properties": { "id": 9544, "nach": 0.58925815366352763 }, "geometry": { "type": "LineString", "coordinates": [ [ -2.8290158, 54.068156 ], [ -2.8282781, 54.0682847 ], [ -2.827697, 54.068507 ] ] } },
{ "type": "Feature", "properties": { "id": 80753, "nach": 0.43841872614470068 }, "geometry": { "type": "LineString", "coordinates": [ [ -2.8275915, 54.0685524 ], [ -2.827889, 54.0686029 ], [ -2.8282954, 54.068485099999982 ] ] } },
{ "type": "Feature", "properties": { "id": 9545, "nach": 0.42423977690060316 }, "geometry": { "type": "LineString", "coordinates": [ [ -2.8290158, 54.068156 ], [ -2.8293389, 54.0688148 ], [ -2.8292436, 54.0688826 ], [ -2.8289225, 54.0689738 ], [ -2.8287067, 54.0689444 ], [ -2.8285211, 54.0689826 ] ] } },
{ "type": "Feature", "properties": { "id": 34272, "nach": 0.58339599068685599 }, "geometry": { "type": "LineString", "coordinates": [ [ -2.8330308, 54.0601611 ], [ -2.8327418, 54.0604205 ], [ -2.8324237, 54.060682 ], [ -2.8323106, 54.0607697 ] ] } },
{ "type": "Feature", "properties": { "id": 34273, "nach": 0.59683356389455944 }, "geometry": { "type": "LineString", "coordinates": [ [ -2.8330308, 54.0601611 ], [ -2.8329358, 54.0603232 ], [ -2.8327678, 54.0605004 ], [ -2.8325792, 54.060658900000014 ], [ -2.8325511, 54.0607117 ], [ -2.8325555, 54.0607596 ], [ -2.8325672, 54.0608232 ], [ -2.8325812, 54.0608989 ] ] } },
{ "type": "Feature", "properties": { "id": 3084, "nach": 0.67599374470628049 }, "geometry": { "type": "LineString", "coordinates": [ [ -2.833565240393501, 54.059651077298483 ], [ -2.8330308, 54.0601611 ] ] } },
{ "type": "Feature", "properties": { "id": 51034, "nach": 0.53764660245421581 }, "geometry": { "type": "LineString", "coordinates": [ [ -2.8327534, 54.0612256 ], [ -2.8328237, 54.0611951 ], [ -2.8328815, 54.0611503 ], [ -2.8329231, 54.0610969 ], [ -2.8329533, 54.0610159 ], [ -2.8329583, 54.0609647 ], [ -2.8329487, 54.0609134 ], [ -2.8329059, 54.0608575 ], [ -2.8328339, 54.060797299999983 ], [ -2.8328107, 54.0607609 ], [ -2.8328052, 54.0607248 ], [ -2.8328288, 54.0606845 ], [ -2.8328759, 54.0606453 ], [ -2.8330057, 54.0605603 ], [ -2.8330881, 54.06049320000001 ], [ -2.8331485, 54.0604218 ], [ -2.833426, 54.060095 ], [ -2.8335119, 54.0600026 ], [ -2.8336709, 54.0598551 ], [ -2.833733, 54.059793 ], [ -2.8337464, 54.0597358 ], [ -2.8337931, 54.0597114 ] ] } },
{ "type": "Feature", "properties": { "id": 34278, "nach": 0.6315710555453089 }, "geometry": { "type": "LineString", "coordinates": [ [ -2.8439037, 54.0636363 ], [ -2.844302153956463, 54.063772911212666 ] ] } },
{ "type": "Feature", "properties": { "id": 34279, "nach": 0.51911855747294577 }, "geometry": { "type": "LineString", "coordinates": [ [ -2.8444675, 54.0638296 ], [ -2.8446202, 54.063882 ], [ -2.8481557, 54.06521690000001 ] ] } },
{ "type": "Feature", "properties": { "id": 74245, "nach": 0.67684724709906285 }, "geometry": { "type": "LineString", "coordinates": [ [ -2.8452396, 54.063416 ], [ -2.8452136, 54.0634153 ], [ -2.8451201, 54.063432 ], [ -2.8450234, 54.0634689 ], [ -2.8449294, 54.0635214 ], [ -2.8447331, 54.0636644 ], [ -2.8446331, 54.063725699999985 ], [ -2.8444675, 54.0638296 ] ] } },
{ "type": "Feature", "properties": { "id": 34278, "nach": 0.6315710555453089 }, "geometry": { "type": "LineString", "coordinates": [ [ -2.844129383263363, 54.063713676492704 ], [ -2.8444675, 54.0638296 ] ] } },
{ "type": "Feature", "properties": { "id": 9489, "nach": 0.55399193973442351 }, "geometry": { "type": "LineString", "coordinates": [ [ -2.8491749, 54.0655958 ], [ -2.8481557, 54.06521690000001 ] ] } },
{ "type": "Feature", "properties": { "id": 9494, "nach": 0.50735714773758611 }, "geometry": { "type": "LineString", "coordinates": [ [ -2.8476851, 54.065518 ], [ -2.8478567, 54.06536160000001 ], [ -2.8479311, 54.065388 ], [ -2.8479681, 54.0653856 ], [ -2.8480768, 54.0652878 ], [ -2.84812280000001, 54.0652464 ], [ -2.8481557, 54.06521690000001 ] ] } },
{ "type": "Feature", "properties": { "id": 9490, "nach": 0.57662279985825393 }, "geometry": { "type": "LineString", "coordinates": [ [ -2.8491749, 54.0655958 ], [ -2.8500433, 54.0659324 ], [ -2.8508842, 54.0662581 ] ] } },
{ "type": "Feature", "properties": { "id": 9491, "nach": 0.55474132754325045 }, "geometry": { "type": "LineString", "coordinates": [ [ -2.8491749, 54.0655958 ], [ -2.8491342, 54.0656357 ], [ -2.8490909, 54.0656781 ], [ -2.848946, 54.0658202 ], [ -2.8491053, 54.0658981 ], [ -2.8490639, 54.066034 ] ] } },
{ "type": "Feature", "properties": { "id": 60971, "nach": 0.56567129250472192 }, "geometry": { "type": "LineString", "coordinates": [ [ -2.8496232, 54.0619364 ], [ -2.8479496, 54.062402 ] ] } },
{ "type": "Feature", "properties": { "id": 3688, "nach": 0.49016379559729545 }, "geometry": { "type": "LineString", "coordinates": [ [ -2.8429684, 54.07306590000001 ], [ -2.8429366, 54.073041 ], [ -2.8425862, 54.0723246 ] ] } },
{ "type": "Feature", "properties": { "id": 8496, "nach": 0.53883465917752116 }, "geometry": { "type": "LineString", "coordinates": [ [ -2.84043830000001, 54.072544 ], [ -2.8414947, 54.072503 ], [ -2.8416918, 54.072491 ], [ -2.84202780000001, 54.0724636 ], [ -2.8422854, 54.0724118 ], [ -2.8425862, 54.0723246 ] ] } },
{ "type": "Feature", "properties": { "id": 28775, "nach": 0.54247355285137666 }, "geometry": { "type": "LineString", "coordinates": [ [ -2.8431525, 54.0720234 ], [ -2.8428977, 54.0721813 ], [ -2.8425862, 54.0723246 ] ] } },
{ "type": "Feature", "properties": { "id": 12274, "nach": 0.5553753987143264 }, "geometry": { "type": "LineString", "coordinates": [ [ -2.845799587633914, 54.072605435077499 ], [ -2.8429684, 54.07306590000001 ] ] } },
{ "type": "Feature", "properties": { "id": 8499, "nach": 0.54782416817519231 }, "geometry": { "type": "LineString", "coordinates": [ [ -2.8407003, 54.0719259 ], [ -2.8405669, 54.0722916 ], [ -2.84043830000001, 54.072544 ] ] } },
{ "type": "Feature", "properties": { "id": 28773, "nach": 0.556515003205165 }, "geometry": { "type": "LineString", "coordinates": [ [ -2.8431525, 54.0720234 ], [ -2.8432197, 54.0719611 ] ] } },
{ "type": "Feature", "properties": { "id": 28774, "nach": 0.42180172619361705 }, "geometry": { "type": "LineString", "coordinates": [ [ -2.8431525, 54.0720234 ], [ -2.8432242, 54.072070599999989 ], [ -2.84343620000001, 54.0722073 ], [ -2.8436011, 54.0722453 ], [ -2.8437291, 54.0722313 ], [ -2.8441536, 54.0721068 ] ] } },
{ "type": "Feature", "properties": { "id": 83532, "nach": 0.46226521865750891 }, "geometry": { "type": "LineString", "coordinates": [ [ -2.84544230000001, 54.0718049 ], [ -2.8453983, 54.0718184 ], [ -2.8455076, 54.0720023 ], [ -2.8455659, 54.0721099 ] ] } },
{ "type": "Feature", "properties": { "id": 4375, "nach": 0.53418702784925065 }, "geometry": { "type": "LineString", "coordinates": [ [ -2.8496443, 54.0644814 ], [ -2.8494322, 54.0645457 ], [ -2.8493895, 54.0645585 ], [ -2.84874470000001, 54.0647495 ] ] } },
{ "type": "Feature", "properties": { "id": 4390, "nach": 0.45621196789322832 }, "geometry": { "type": "LineString", "coordinates": [ [ -2.8519987, 54.0650138 ], [ -2.8516097, 54.0653931 ], [ -2.851506400000011, 54.0654787 ], [ -2.851407, 54.065546 ], [ -2.8512616, 54.0656129 ], [ -2.8510749, 54.065657 ], [ -2.8508864, 54.0656688 ], [ -2.8506963, 54.06565770000001 ], [ -2.8503514, 54.065576299999989 ], [ -2.8499371, 54.0654424 ], [ -2.8493271, 54.0651859 ], [ -2.8491129, 54.0650759 ], [ -2.84874470000001, 54.0647495 ] ] } },
{ "type": "Feature", "properties": { "id": 3992, "nach": 0.5514519336165461 }, "geometry": { "type": "LineString", "coordinates": [ [ -2.8477446, 54.06460640000001 ], [ -2.8482657, 54.0647932 ], [ -2.8484254, 54.0648244 ], [ -2.848561, 54.0648056 ], [ -2.84874470000001, 54.0647495 ] ] } },
{ "type": "Feature", "properties": { "id": 4377, "nach": 0.46515409290941506 }, "geometry": { "type": "LineString", "coordinates": [ [ -2.8492555, 54.0640032 ], [ -2.8496443, 54.0644814 ] ] } },
{ "type": "Feature", "properties": { "id": 4384, "nach": 0.54388906125921044 }, "geometry": { "type": "LineString", "coordinates": [ [ -2.8509941, 54.0640879 ], [ -2.8507195, 54.0641684 ], [ -2.8506839, 54.0641782 ], [ -2.8496443, 54.0644814 ] ] } },
{ "type": "Feature", "properties": { "id": 3991, "nach": 0.5504121094416301 }, "geometry": { "type": "LineString", "coordinates": [ [ -2.8477446, 54.06460640000001 ], [ -2.8468619, 54.0642966 ], [ -2.8468257, 54.064284 ], [ -2.8462095, 54.064054 ] ] } },
{ "type": "Feature", "properties": { "id": 3995, "nach": 0.44330594395749112 }, "geometry": { "type": "LineString", "coordinates": [ [ -2.8478925, 54.06373030000001 ], [ -2.8481229, 54.0640203 ], [ -2.8481384, 54.0642163 ], [ -2.8480877, 54.0642973 ], [ -2.8480049, 54.0643767 ], [ -2.8477446, 54.06460640000001 ] ] } },
{ "type": "Feature", "properties": { "id": 3986, "nach": 0.46553876044741249 }, "geometry": { "type": "LineString", "coordinates": [ [ -2.84662310000001, 54.0635127 ], [ -2.8464316, 54.063864700000018 ], [ -2.8462095, 54.064054 ] ] } },
{ "type": "Feature", "properties": { "id": 7144, "nach": 0.58024540858999618 }, "geometry": { "type": "LineString", "coordinates": [ [ -2.8453144, 54.0634193 ], [ -2.8453062, 54.0634836 ], [ -2.845318, 54.06359290000001 ], [ -2.8453986, 54.0637065 ], [ -2.8455107, 54.0638009 ], [ -2.8456661, 54.0638635 ], [ -2.8462095, 54.064054 ] ] } },
{ "type": "Feature", "properties": { "id": 74244, "nach": 0.59718340841450224 }, "geometry": { "type": "LineString", "coordinates": [ [ -2.8452396, 54.063416 ], [ -2.8453144, 54.0634193 ] ] } },
{ "type": "Feature", "properties": { "id": 74249, "nach": 0.60355618875195916 }, "geometry": { "type": "LineString", "coordinates": [ [ -2.845842, 54.0631066 ], [ -2.8457814, 54.0631279 ], [ -2.8456077, 54.0631886 ], [ -2.8455614, 54.0632078 ], [ -2.8454902, 54.0632369 ], [ -2.8454161, 54.06328160000001 ], [ -2.8453541, 54.063335400000014 ], [ -2.845331, 54.063373699999985 ], [ -2.8453144, 54.0634193 ] ] } },
{ "type": "Feature", "properties": { "id": 4366, "nach": 0.5753910717859575 }, "geometry": { "type": "LineString", "coordinates": [ [ -2.8474625, 54.0631861 ], [ -2.8470383, 54.062685399999985 ] ] } },
{ "type": "Feature", "properties": { "id": 74247, "nach": 0.5847518253009043 }, "geometry": { "type": "LineString", "coordinates": [ [ -2.845842, 54.0631066 ], [ -2.8470383, 54.062685399999985 ] ] } },
{ "type": "Feature", "properties": { "id": 9892, "nach": 0.58378106389177387 }, "geometry": { "type": "LineString", "coordinates": [ [ -2.8479496, 54.062402 ], [ -2.8474456, 54.0625504 ], [ -2.8470383, 54.062685399999985 ] ] } },
{ "type": "Feature", "properties": { "id": 4365, "nach": 0.52012508235548305 }, "geometry": { "type": "LineString", "coordinates": [ [ -2.8474625, 54.0631861 ], [ -2.8478925, 54.06373030000001 ] ] } },
{ "type": "Feature", "properties": { "id": 4371, "nach": 0.50617763192222709 }, "geometry": { "type": "LineString", "coordinates": [ [ -2.8483391, 54.0629347 ], [ -2.8474625, 54.0631861 ] ] } },
{ "type": "Feature", "properties": { "id": 74248, "nach": 0.58447271166593018 }, "geometry": { "type": "LineString", "coordinates": [ [ -2.845842, 54.0631066 ], [ -2.8458277, 54.06306 ] ] } },
{ "type": "Feature", "properties": { "id": 3996, "nach": 0.46054493588777901 }, "geometry": { "type": "LineString", "coordinates": [ [ -2.8473596, 54.0638799 ], [ -2.8478925, 54.06373030000001 ] ] } },
{ "type": "Feature", "properties": { "id": 4373, "nach": 0.40912345237073749 }, "geometry": { "type": "LineString", "coordinates": [ [ -2.8483391, 54.0629347 ], [ -2.8490887, 54.0626944 ], [ -2.8493597, 54.0627036 ], [ -2.8495355, 54.0628039 ], [ -2.8503696, 54.063627 ] ] } },
{ "type": "Feature", "properties": { "id": 4378, "nach": 0.43583375214093439 }, "geometry": { "type": "LineString", "coordinates": [ [ -2.8492555, 54.0640032 ], [ -2.8483391, 54.0629347 ] ] } },
{ "type": "Feature", "properties": { "id": 4379, "nach": 0.45187567212389063 }, "geometry": { "type": "LineString", "coordinates": [ [ -2.8492555, 54.0640032 ], [ -2.8498396, 54.0638347 ], [ -2.8501388, 54.0637295 ], [ -2.8503696, 54.063627 ] ] } },
{ "type": "Feature", "properties": { "id": 82708, "nach": 0.53046915405490858 }, "geometry": { "type": "LineString", "coordinates": [ [ -2.8514262, 54.0647193 ], [ -2.8503855, 54.0650248 ] ] } },
{ "type": "Feature", "properties": { "id": 82717, "nach": 0.45410613069749539 }, "geometry": { "type": "LineString", "coordinates": [ [ -2.8503075, 54.06493 ], [ -2.8503232, 54.0649483 ], [ -2.8503855, 54.0650248 ] ] } },
{ "type": "Feature", "properties": { "id": 82714, "nach": 0.4542913616854431 }, "geometry": { "type": "LineString", "coordinates": [ [ -2.8504381, 54.0650877 ], [ -2.8504168, 54.0650632 ], [ -2.8503855, 54.0650248 ] ] } },
{ "type": "Feature", "properties": { "id": 82716, "nach": 0.11060162921945954 }, "geometry": { "type": "LineString", "coordinates": [ [ -2.8503075, 54.06493 ], [ -2.8503522, 54.0649178 ], [ -2.8503763, 54.0649424 ], [ -2.8504013, 54.0649575 ], [ -2.8504298, 54.0649659 ], [ -2.8504584, 54.064968 ], [ -2.8504869, 54.0649654 ], [ -2.85121940000001, 54.0647528 ], [ -2.8513032, 54.0647272 ], [ -2.8513416, 54.0647099 ], [ -2.8513666, 54.0646848 ], [ -2.8513808, 54.0646638 ] ] } },
{ "type": "Feature", "properties": { "id": 82715, "nach": 0.0 }, "geometry": { "type": "LineString", "coordinates": [ [ -2.8503075, 54.06493 ], [ -2.8502603, 54.0649429 ], [ -2.8503959, 54.0651 ], [ -2.8504381, 54.0650877 ] ] } },
{ "type": "Feature", "properties": { "id": 82712, "nach": 0.11060162921945954 }, "geometry": { "type": "LineString", "coordinates": [ [ -2.8504381, 54.0650877 ], [ -2.850486, 54.0650738 ], [ -2.8504807, 54.0650586 ], [ -2.8504807, 54.0650434 ], [ -2.8504905, 54.065027200000017 ], [ -2.8505128, 54.0650141 ], [ -2.8505494, 54.0650026 ], [ -2.8513434, 54.0647717 ], [ -2.8513871, 54.06476330000001 ], [ -2.8514281, 54.0647602 ], [ -2.8514629, 54.0647643 ] ] } },
{ "type": "Feature", "properties": { "id": 12300, "nach": 0.51624951777794181 }, "geometry": { "type": "LineString", "coordinates": [ [ -2.829554, 54.0723197 ], [ -2.8302654, 54.0723321 ], [ -2.8304397, 54.0723114 ], [ -2.8306427, 54.072261199999978 ] ] } },
{ "type": "Feature", "properties": { "id": 4492, "nach": 0.5213484885162204 }, "geometry": { "type": "LineString", "coordinates": [ [ -2.8315965, 54.0720711 ], [ -2.8315355, 54.0720826 ], [ -2.8306427, 54.072261199999978 ] ] } },
{ "type": "Feature", "properties": { "id": 12298, "nach": 0.44431082159919827 }, "geometry": { "type": "LineString", "coordinates": [ [ -2.829554, 54.0723197 ], [ -2.8294499, 54.0716141 ] ] } },
{ "type": "Feature", "properties": { "id": 12309, "nach": 0.46279354771723019 }, "geometry": { "type": "LineString", "coordinates": [ [ -2.8287923, 54.0723052 ], [ -2.829554, 54.0723197 ] ] } },
{ "type": "Feature", "properties": { "id": 8533, "nach": 0.53231414883256478 }, "geometry": { "type": "LineString", "coordinates": [ [ -2.8313591, 54.071754 ], [ -2.8314713, 54.0719246 ], [ -2.8315965, 54.0720711 ] ] } },
{ "type": "Feature", "properties": { "id": 13211, "nach": 0.49747795343363238 }, "geometry": { "type": "LineString", "coordinates": [ [ -2.8328244, 54.0715286 ], [ -2.8314282, 54.0717434 ], [ -2.8313591, 54.071754 ] ] } },
{ "type": "Feature", "properties": { "id": 12313, "nach": 0.37857028599938275 }, "geometry": { "type": "LineString", "coordinates": [ [ -2.8283114, 54.074676899999979 ], [ -2.8284197, 54.0743344 ], [ -2.8287145, 54.073867 ], [ -2.8299476, 54.0730262 ] ] } },
{ "type": "Feature", "properties": { "id": 12305, "nach": 0.47320868836350843 }, "geometry": { "type": "LineString", "coordinates": [ [ -2.8289304, 54.074424500000013 ], [ -2.8290613, 54.0742617 ], [ -2.8293216, 54.0739882 ], [ -2.8294757, 54.073858 ], [ -2.8296876, 54.0736951 ], [ -2.8299084, 54.0735346 ], [ -2.8301555, 54.0733994 ], [ -2.8305518, 54.0732077 ] ] } },
{ "type": "Feature", "properties": { "id": 49344, "nach": 0.50724896537240949 }, "geometry": { "type": "LineString", "coordinates": [ [ -2.8389744, 54.0725805 ], [ -2.8386984, 54.0725863 ], [ -2.8369835, 54.0726282 ] ] } },
{ "type": "Feature", "properties": { "id": 49346, "nach": 0.39041990280585925 }, "geometry": { "type": "LineString", "coordinates": [ [ -2.8396387, 54.0723358 ], [ -2.8389898, 54.072379 ], [ -2.8389597, 54.0723907 ], [ -2.8389563, 54.0724221 ], [ -2.8389658, 54.0725045 ], [ -2.8389744, 54.0725805 ] ] } },
{ "type": "Feature", "properties": { "id": 4909, "nach": 0.52507918774293072 }, "geometry": { "type": "LineString", "coordinates": [ [ -2.8369835, 54.0726282 ], [ -2.8349324, 54.0726772 ] ] } },
{ "type": "Feature", "properties": { "id": 13173, "nach": 0.51577718255906713 }, "geometry": { "type": "LineString", "coordinates": [ [ -2.8371053, 54.0720751 ], [ -2.8370744, 54.0722628 ], [ -2.8370042, 54.0724857 ], [ -2.8369815, 54.072591600000017 ], [ -2.8369835, 54.0726282 ] ] } },
{ "type": "Feature", "properties": { "id": 8576, "nach": 0.55331300854298948 }, "geometry": { "type": "LineString", "coordinates": [ [ -2.8360909, 54.0626832 ], [ -2.8366232, 54.0626823 ] ] } },
{ "type": "Feature", "properties": { "id": 8579, "nach": 0.46117586558797674 }, "geometry": { "type": "LineString", "coordinates": [ [ -2.8366111, 54.0629457 ], [ -2.8366232, 54.0626823 ] ] } },
{ "type": "Feature", "properties": { "id": 8581, "nach": 0.55825357319082236 }, "geometry": { "type": "LineString", "coordinates": [ [ -2.8354254, 54.0628692 ], [ -2.8360909, 54.0626832 ] ] } },
{ "type": "Feature", "properties": { "id": 34268, "nach": 0.56755566574263272 }, "geometry": { "type": "LineString", "coordinates": [ [ -2.8354059, 54.0617147 ], [ -2.8354201, 54.0617938 ], [ -2.8354429, 54.0618398 ], [ -2.8354666, 54.06188370000001 ], [ -2.8355187, 54.0619532 ], [ -2.8355844, 54.0620169 ], [ -2.835626, 54.062087 ], [ -2.8356868, 54.062139 ], [ -2.8357936, 54.0622082 ], [ -2.8358876, 54.0622927 ], [ -2.8360616, 54.0626276 ], [ -2.8360909, 54.0626832 ] ] } },
{ "type": "Feature", "properties": { "id": 8583, "nach": 0.46132047629288336 }, "geometry": { "type": "LineString", "coordinates": [ [ -2.8356441, 54.0631707 ], [ -2.8354254, 54.0628692 ] ] } },
{ "type": "Feature", "properties": { "id": 80521, "nach": 0.59042377059265638 }, "geometry": { "type": "LineString", "coordinates": [ [ -2.8331297, 54.0632877 ], [ -2.8330921, 54.0633123 ], [ -2.8330267, 54.063373499999983 ], [ -2.8329872, 54.0634032 ], [ -2.8329304, 54.063419 ] ] } },
{ "type": "Feature", "properties": { "id": 80531, "nach": 0.42221025321075489 }, "geometry": { "type": "LineString", "coordinates": [ [ -2.8330564, 54.0636378 ], [ -2.8332368, 54.0635341 ], [ -2.8333722, 54.0634359 ], [ -2.8333727, 54.0633946 ], [ -2.8331297, 54.0632877 ] ] } },
{ "type": "Feature", "properties": { "id": 13171, "nach": 0.51887771819858053 }, "geometry": { "type": "LineString", "coordinates": [ [ -2.8371053, 54.0720751 ], [ -2.8371057, 54.0720468 ] ] } },
{ "type": "Feature", "properties": { "id": 13172, "nach": 0.42266138436615341 }, "geometry": { "type": "LineString", "coordinates": [ [ -2.8371053, 54.0720751 ], [ -2.8378957, 54.0720479 ] ] } },
{ "type": "Feature", "properties": { "id": 8527, "nach": 0.58219384777540728 }, "geometry": { "type": "LineString", "coordinates": [ [ -2.8387893, 54.0680484 ], [ -2.8390363, 54.0682928 ], [ -2.839291, 54.068506499999984 ], [ -2.83955790000001, 54.0686308 ], [ -2.8397319, 54.068692 ] ] } },
{ "type": "Feature", "properties": { "id": 9526, "nach": 0.47078693754861928 }, "geometry": { "type": "LineString", "coordinates": [ [ -2.8386997, 54.0676771 ], [ -2.8387893, 54.0680484 ] ] } },
{ "type": "Feature", "properties": { "id": 8517, "nach": 0.57408132085768104 }, "geometry": { "type": "LineString", "coordinates": [ [ -2.83738380000001, 54.0693265 ], [ -2.8372676, 54.0699764 ] ] } },
{ "type": "Feature", "properties": { "id": 8521, "nach": 0.31370445710021055 }, "geometry": { "type": "LineString", "coordinates": [ [ -2.8397319, 54.068692 ], [ -2.8396394, 54.0687776 ], [ -2.8391794, 54.0690081 ], [ -2.838764, 54.0691652 ], [ -2.8382114, 54.0692855 ], [ -2.8376021, 54.0693323 ], [ -2.83738380000001, 54.0693265 ] ] } },
{ "type": "Feature", "properties": { "id": 13239, "nach": 0.42563630325183344 }, "geometry": { "type": "LineString", "coordinates": [ [ -2.8433032, 54.0709763 ], [ -2.8425829, 54.071219 ] ] } },
{ "type": "Feature", "properties": { "id": 5136, "nach": 0.49012517628463093 }, "geometry": { "type": "LineString", "coordinates": [ [ -2.8423309, 54.07068970000001 ], [ -2.8425829, 54.071219 ] ] } },
{ "type": "Feature", "properties": { "id": 13112, "nach": 0.49895003495668805 }, "geometry": { "type": "LineString", "coordinates": [ [ -2.8432197, 54.0719611 ], [ -2.8431065, 54.0718905 ], [ -2.8427023, 54.0714468 ], [ -2.8426275, 54.0713378 ], [ -2.8425829, 54.071219 ] ] } },
{ "type": "Feature", "properties": { "id": 13121, "nach": 0.4288179008199941 }, "geometry": { "type": "LineString", "coordinates": [ [ -2.8428559, 54.070519 ], [ -2.8423309, 54.07068970000001 ] ] } },
{ "type": "Feature", "properties": { "id": 8516, "nach": 0.49510282051680654 }, "geometry": { "type": "LineString", "coordinates": [ [ -2.8406787, 54.0690697 ], [ -2.8408428, 54.0692199 ], [ -2.8416531, 54.0700268 ], [ -2.8423309, 54.07068970000001 ] ] } },
{ "type": "Feature", "properties": { "id": 13111, "nach": 0.5738202847265198 }, "geometry": { "type": "LineString", "coordinates": [ [ -2.8432197, 54.0719611 ], [ -2.8434136, 54.0718055 ], [ -2.8443193, 54.0712673 ] ] } },
{ "type": "Feature", "properties": { "id": 8514, "nach": 0.52722419803158138 }, "geometry": { "type": "LineString", "coordinates": [ [ -2.8406787, 54.0690697 ], [ -2.8400455, 54.0694575 ], [ -2.8397567, 54.0696013 ], [ -2.8394421, 54.0697147 ], [ -2.8389572, 54.0698269 ] ] } },
{ "type": "Feature", "properties": { "id": 8523, "nach": 0.56336490326119282 }, "geometry": { "type": "LineString", "coordinates": [ [ -2.8397319, 54.068692 ], [ -2.8401801, 54.0688106 ], [ -2.8404755, 54.0689324 ], [ -2.8406787, 54.0690697 ] ] } },
{ "type": "Feature", "properties": { "id": 76926, "nach": 0.54572603345844117 }, "geometry": { "type": "LineString", "coordinates": [ [ -2.8440179, 54.0638531 ], [ -2.8442111, 54.0638388 ] ] } },
{ "type": "Feature", "properties": { "id": 76928, "nach": 0.6834979855536083 }, "geometry": { "type": "LineString", "coordinates": [ [ -2.8440179, 54.0638531 ], [ -2.844129383263363, 54.063713676492704 ] ] } },
{ "type": "Feature", "properties": { "id": 76927, "nach": 0.66996373584532931 }, "geometry": { "type": "LineString", "coordinates": [ [ -2.8440179, 54.0638531 ], [ -2.844215055806487, 54.063743049517448 ] ] } },
{ "type": "Feature", "properties": { "id": 8614, "nach": 0.59772295988800295 }, "geometry": { "type": "LineString", "coordinates": [ [ -2.830167, 54.060819 ], [ -2.829836, 54.0605497 ] ] } },
{ "type": "Feature", "properties": { "id": 8609, "nach": 0.49690789906054766 }, "geometry": { "type": "LineString", "coordinates": [ [ -2.8313767, 54.0602069 ], [ -2.8316998, 54.0603482 ], [ -2.8319189, 54.060399200000013 ] ] } },
{ "type": "Feature", "properties": { "id": 8659, "nach": 0.6042544479858456 }, "geometry": { "type": "LineString", "coordinates": [ [ -2.8285935, 54.0612919 ], [ -2.8287166, 54.0611448 ], [ -2.8287743, 54.06103430000001 ], [ -2.828821, 54.060968 ], [ -2.8288709, 54.0609153 ], [ -2.8289773, 54.0608443 ], [ -2.8291043, 54.0607723 ], [ -2.8292478, 54.060679 ], [ -2.8294144, 54.0605622 ], [ -2.8295615, 54.0604453 ] ] } },
{ "type": "Feature", "properties": { "id": 76393, "nach": 0.49915505041892555 }, "geometry": { "type": "LineString", "coordinates": [ [ -2.8285217, 54.0612713 ], [ -2.8285935, 54.0612919 ] ] } },
{ "type": "Feature", "properties": { "id": 76392, "nach": 0.49937727180283958 }, "geometry": { "type": "LineString", "coordinates": [ [ -2.8286592, 54.0613107 ], [ -2.8285935, 54.0612919 ] ] } },
{ "type": "Feature", "properties": { "id": 76379, "nach": 0.63378088085882545 }, "geometry": { "type": "LineString", "coordinates": [ [ -2.8285005, 54.0614088 ], [ -2.82856, 54.061334 ], [ -2.8285935, 54.0612919 ] ] } },
{ "type": "Feature", "properties": { "id": 8613, "nach": 0.55931061467118526 }, "geometry": { "type": "LineString", "coordinates": [ [ -2.830167, 54.060819 ], [ -2.8306554, 54.06105380000001 ] ] } },
{ "type": "Feature", "properties": { "id": 8611, "nach": 0.48109472209262327 }, "geometry": { "type": "LineString", "coordinates": [ [ -2.830665, 54.061347 ], [ -2.8306999, 54.0612035 ], [ -2.8306554, 54.06105380000001 ] ] } },
{ "type": "Feature", "properties": { "id": 8612, "nach": 0.47577182350899161 }, "geometry": { "type": "LineString", "coordinates": [ [ -2.8311975, 54.0606276 ], [ -2.831021, 54.0608595 ], [ -2.8306554, 54.06105380000001 ] ] } },
{ "type": "Feature", "properties": { "id": 8616, "nach": 0.47836850020591465 }, "geometry": { "type": "LineString", "coordinates": [ [ -2.8294884, 54.0615277 ], [ -2.8295861, 54.0613297 ], [ -2.8297424, 54.061160499999986 ], [ -2.8299769, 54.0610085 ], [ -2.830167, 54.060819 ] ] } },
{ "type": "Feature", "properties": { "id": 73632, "nach": 0.51956638490210028 }, "geometry": { "type": "LineString", "coordinates": [ [ -2.8384867, 54.066025799999977 ], [ -2.8385484, 54.0660509 ], [ -2.8385932, 54.0660708 ], [ -2.8386534, 54.066091099999987 ] ] } },
{ "type": "Feature", "properties": { "id": 73631, "nach": 0.64686971383041381 }, "geometry": { "type": "LineString", "coordinates": [ [ -2.8384867, 54.066025799999977 ], [ -2.8385783, 54.0659997 ], [ -2.83866, 54.065973 ], [ -2.8387478, 54.065940500000011 ], [ -2.8389578, 54.0658551 ] ] } },
{ "type": "Feature", "properties": { "id": 83680, "nach": 0.47908811823311875 }, "geometry": { "type": "LineString", "coordinates": [ [ -2.8383944, 54.0659823 ], [ -2.8384062, 54.0659931 ], [ -2.8384867, 54.066025799999977 ] ] } },
{ "type": "Feature", "properties": { "id": 8306, "nach": 0.59346478655964063 }, "geometry": { "type": "LineString", "coordinates": [ [ -2.8367522, 54.0751149 ], [ -2.836525, 54.0748684 ], [ -2.8362781, 54.0746967 ] ] } },
{ "type": "Feature", "properties": { "id": 8310, "nach": 0.48254868901520359 }, "geometry": { "type": "LineString", "coordinates": [ [ -2.8357289, 54.0754778 ], [ -2.8358043, 54.0754608 ], [ -2.8367522, 54.0751149 ] ] } },
{ "type": "Feature", "properties": { "id": 76921, "nach": 0.0 }, "geometry": { "type": "LineString", "coordinates": [ [ -2.8463086, 54.0627739 ], [ -2.8463922, 54.0628575 ], [ -2.8458277, 54.06306 ] ] } },
{ "type": "Feature", "properties": { "id": 76919, "nach": 0.56234544327009439 }, "geometry": { "type": "LineString", "coordinates": [ [ -2.8463086, 54.0627739 ], [ -2.84620740000001, 54.0628081 ] ] } },
{ "type": "Feature", "properties": { "id": 76874, "nach": 0.69461056977944746 }, "geometry": { "type": "LineString", "coordinates": [ [ -2.8458019, 54.0629761 ], [ -2.8457952, 54.0629543 ] ] } },
{ "type": "Feature", "properties": { "id": 61034, "nach": 0.55712696155106534 }, "geometry": { "type": "LineString", "coordinates": [ [ -2.84620740000001, 54.0628081 ], [ -2.8460372, 54.0628657 ], [ -2.8457952, 54.0629543 ] ] } },
{ "type": "Feature", "properties": { "id": 76875, "nach": 0.67695627450438989 }, "geometry": { "type": "LineString", "coordinates": [ [ -2.8458019, 54.0629761 ], [ -2.8458207, 54.0630373 ], [ -2.8458277, 54.06306 ] ] } },
{ "type": "Feature", "properties": { "id": 76923, "nach": 0.64128680370813951 }, "geometry": { "type": "LineString", "coordinates": [ [ -2.8458019, 54.0629761 ], [ -2.844302153956463, 54.063772911212666 ] ] } },
{ "type": "Feature", "properties": { "id": 74246, "nach": 0.65173829813505102 }, "geometry": { "type": "LineString", "coordinates": [ [ -2.8452396, 54.063416 ], [ -2.8452448, 54.0633962 ], [ -2.8452682, 54.0633453 ], [ -2.8453386, 54.0632674 ], [ -2.8454531, 54.0631981 ], [ -2.8455374, 54.063159100000014 ], [ -2.8458277, 54.06306 ] ] } },
{ "type": "Feature", "properties": { "id": 59722, "nach": 0.59422489176730087 }, "geometry": { "type": "LineString", "coordinates": [ [ -2.8361316, 54.0746406 ], [ -2.8362781, 54.0746967 ] ] } },
{ "type": "Feature", "properties": { "id": 7592, "nach": 0.37946511658524423 }, "geometry": { "type": "LineString", "coordinates": [ [ -2.84251110000001, 54.0738005 ], [ -2.84237, 54.0735196 ], [ -2.842267, 54.0734827 ], [ -2.8419865, 54.073509 ], [ -2.8414783, 54.0735983 ], [ -2.8407616, 54.073784400000015 ], [ -2.84033450000001, 54.0738489 ], [ -2.8396685, 54.0739042 ], [ -2.8385782, 54.0740919 ], [ -2.8385613, 54.0740619 ], [ -2.8369568, 54.074366 ], [ -2.8370698, 54.0745506 ], [ -2.8362781, 54.0746967 ] ] } },
{ "type": "Feature", "properties": { "id": 77079, "nach": 0.40872615961344821 }, "geometry": { "type": "LineString", "coordinates": [ [ -2.8341987, 54.0749599 ], [ -2.834976, 54.0747941 ], [ -2.8353944, 54.0747642 ], [ -2.8357163, 54.0747327 ], [ -2.8359751, 54.0746878 ], [ -2.8361316, 54.0746406 ] ] } },
{ "type": "Feature", "properties": { "id": 8312, "nach": 0.45815384958666916 }, "geometry": { "type": "LineString", "coordinates": [ [ -2.8352321, 54.0760515 ], [ -2.8353411, 54.0760424 ], [ -2.8355928, 54.075936 ], [ -2.8356686, 54.075828 ], [ -2.8357093, 54.0757241 ], [ -2.8357204, 54.0756296 ], [ -2.8357245, 54.0755501 ], [ -2.8357289, 54.0754778 ] ] } },
{ "type": "Feature", "properties": { "id": 80690, "nach": 0.51077463562329806 }, "geometry": { "type": "LineString", "coordinates": [ [ -2.827882, 54.0672298 ], [ -2.827881, 54.0672417 ], [ -2.8278656, 54.0672761 ], [ -2.8277963, 54.0673593 ], [ -2.827653, 54.0675437 ], [ -2.8275652, 54.067701 ], [ -2.8275113, 54.067805 ], [ -2.8274605, 54.0679134 ], [ -2.8274219, 54.0680029 ], [ -2.8273819, 54.0681277 ], [ -2.8273634, 54.0682072 ], [ -2.8273711, 54.0682515 ], [ -2.827425, 54.0683175 ], [ -2.8274959, 54.0684251 ], [ -2.8275174, 54.0684611 ], [ -2.8275123, 54.0685016 ], [ -2.827497, 54.0685314 ] ] } },
{ "type": "Feature", "properties": { "id": 8502, "nach": 0.49350191653623277 }, "geometry": { "type": "LineString", "coordinates": [ [ -2.84058060000001, 54.0710757 ], [ -2.8405845, 54.0711325 ], [ -2.8406433, 54.0713999 ], [ -2.8407034, 54.0715125 ], [ -2.8407261, 54.07171 ], [ -2.8407003, 54.0719259 ] ] } },
{ "type": "Feature", "properties": { "id": 42717, "nach": 0.51642740041352497 }, "geometry": { "type": "LineString", "coordinates": [ [ -2.841294, 54.071877599999986 ], [ -2.8411059, 54.0719382 ], [ -2.8409137, 54.0719443 ], [ -2.8407003, 54.0719259 ] ] } },
{ "type": "Feature", "properties": { "id": 8504, "nach": 0.46321112440071277 }, "geometry": { "type": "LineString", "coordinates": [ [ -2.8411104, 54.0708942 ], [ -2.8409755, 54.0709421 ], [ -2.8407523, 54.0709983 ], [ -2.8406721, 54.0710334 ], [ -2.84058060000001, 54.0710757 ] ] } },
{ "type": "Feature", "properties": { "id": 13073, "nach": 0.51116675292279168 }, "geometry": { "type": "LineString", "coordinates": [ [ -2.8399155, 54.0705458 ], [ -2.8399102, 54.0706034 ], [ -2.8399386, 54.0706847 ], [ -2.8400957, 54.0708561 ], [ -2.8403588, 54.071015700000011 ], [ -2.8404712, 54.0710493 ], [ -2.84058060000001, 54.0710757 ] ] } },
{ "type": "Feature", "properties": { "id": 42716, "nach": 0.49624914977344603 }, "geometry": { "type": "LineString", "coordinates": [ [ -2.841294, 54.071877599999986 ], [ -2.8415166, 54.0718569 ], [ -2.8416766, 54.0718186 ] ] } },
{ "type": "Feature", "properties": { "id": 83536, "nach": 0.38053611561001155 }, "geometry": { "type": "LineString", "coordinates": [ [ -2.8415185, 54.0720943 ], [ -2.8414441, 54.0720982 ], [ -2.8414042, 54.0720657 ], [ -2.841294, 54.071877599999986 ] ] } },
{ "type": "Feature", "properties": { "id": 83538, "nach": 0.40977769396359848 }, "geometry": { "type": "LineString", "coordinates": [ [ -2.8416289, 54.0711911 ], [ -2.8415886, 54.0711084 ], [ -2.8415078, 54.0710493 ], [ -2.8411104, 54.0708942 ] ] } },
{ "type": "Feature", "properties": { "id": 65687, "nach": 0.36999063636744928 }, "geometry": { "type": "LineString", "coordinates": [ [ -2.8405629, 54.0706045 ], [ -2.8409468, 54.07053830000001 ], [ -2.8411104, 54.0708942 ] ] } },
{ "type": "Feature", "properties": { "id": 17479, "nach": 0.486545541432922 }, "geometry": { "type": "LineString", "coordinates": [ [ -2.8402015, 54.0702414 ], [ -2.8401634, 54.0703754 ], [ -2.8400876, 54.0704297 ], [ -2.8399791, 54.0704858 ], [ -2.8399155, 54.0705458 ] ] } },
{ "type": "Feature", "properties": { "id": 13092, "nach": 0.53590849338386448 }, "geometry": { "type": "LineString", "coordinates": [ [ -2.8391484, 54.0701364 ], [ -2.8394516, 54.0700647 ], [ -2.8398479, 54.0705387 ], [ -2.8399155, 54.0705458 ] ] } },
{ "type": "Feature", "properties": { "id": 83537, "nach": 0.37845700631173873 }, "geometry": { "type": "LineString", "coordinates": [ [ -2.8416289, 54.0711911 ], [ -2.8417299, 54.0712067 ] ] } },
{ "type": "Feature", "properties": { "id": 83542, "nach": 0.42710071547893175 }, "geometry": { "type": "LineString", "coordinates": [ [ -2.8416743, 54.0717764 ], [ -2.8416013, 54.0716415 ], [ -2.8416236, 54.0716019 ], [ -2.8415849, 54.071536799999983 ], [ -2.8414992, 54.0714589 ], [ -2.8414824, 54.0713484 ], [ -2.8415462, 54.0712606 ], [ -2.8415479, 54.0712241 ], [ -2.8416289, 54.0711911 ] ] } },
{ "type": "Feature", "properties": { "id": 13184, "nach": 0.53297095620508106 }, "geometry": { "type": "LineString", "coordinates": [ [ -2.8370873, 54.0715897 ], [ -2.8372676, 54.0699764 ] ] } },
{ "type": "Feature", "properties": { "id": 8513, "nach": 0.5231020837444228 }, "geometry": { "type": "LineString", "coordinates": [ [ -2.8389572, 54.0698269 ], [ -2.8386009, 54.0698933 ], [ -2.8382331, 54.0699463 ], [ -2.837875, 54.0699822 ], [ -2.8374343, 54.0699898 ], [ -2.8372676, 54.0699764 ] ] } },
{ "type": "Feature", "properties": { "id": 13185, "nach": 0.52316057229180923 }, "geometry": { "type": "LineString", "coordinates": [ [ -2.8370873, 54.0715897 ], [ -2.8371057, 54.0720468 ] ] } },
{ "type": "Feature", "properties": { "id": 13186, "nach": 0.42663346938310048 }, "geometry": { "type": "LineString", "coordinates": [ [ -2.8370873, 54.0715897 ], [ -2.8378906, 54.0715688 ] ] } },
{ "type": "Feature", "properties": { "id": 13090, "nach": 0.56279662845707146 }, "geometry": { "type": "LineString", "coordinates": [ [ -2.8391484, 54.0701364 ], [ -2.8389572, 54.0698269 ] ] } },
{ "type": "Feature", "properties": { "id": 13136, "nach": 0.49310314775673625 }, "geometry": { "type": "LineString", "coordinates": [ [ -2.8388055, 54.0704344 ], [ -2.8389786, 54.0703672 ], [ -2.8390864, 54.0702933 ], [ -2.839137, 54.0702254 ], [ -2.8391484, 54.0701364 ] ] } },
{ "type": "Feature", "properties": { "id": 13212, "nach": 0.45738128551496937 }, "geometry": { "type": "LineString", "coordinates": [ [ -2.839957, 54.0684897 ], [ -2.8397319, 54.068692 ] ] } },
{ "type": "Feature", "properties": { "id": 13210, "nach": 0.42595286923752035 }, "geometry": { "type": "LineString", "coordinates": [ [ -2.8328244, 54.0715286 ], [ -2.8329332, 54.0718075 ] ] } },
{ "type": "Feature", "properties": { "id": 17494, "nach": 0.44367184273167332 }, "geometry": { "type": "LineString", "coordinates": [ [ -2.8328277, 54.0693091 ], [ -2.8331599, 54.0694192 ], [ -2.8335663, 54.0694995 ], [ -2.8342104, 54.0695948 ] ] } },
{ "type": "Feature", "properties": { "id": 13175, "nach": 0.40335857405368697 }, "geometry": { "type": "LineString", "coordinates": [ [ -2.8331052, 54.0725496 ], [ -2.8328155, 54.0722694 ] ] } },
{ "type": "Feature", "properties": { "id": 13107, "nach": 0.60633868646649702 }, "geometry": { "type": "LineString", "coordinates": [ [ -2.8422955, 54.0658483 ], [ -2.842531, 54.0657502 ] ] } },
{ "type": "Feature", "properties": { "id": 13223, "nach": 0.46925346370376703 }, "geometry": { "type": "LineString", "coordinates": [ [ -2.8425531, 54.0662701 ], [ -2.84250470000001, 54.0660636 ], [ -2.8422955, 54.0658483 ] ] } },
{ "type": "Feature", "properties": { "id": 17467, "nach": 0.66832267053053795 }, "geometry": { "type": "LineString", "coordinates": [ [ -2.8412972, 54.0643266 ], [ -2.8416315, 54.0647448 ] ] } },
{ "type": "Feature", "properties": { "id": 17580, "nach": 0.53969316271484336 }, "geometry": { "type": "LineString", "coordinates": [ [ -2.8411013, 54.064893399999988 ], [ -2.8416315, 54.0647448 ] ] } },
{ "type": "Feature", "properties": { "id": 28714, "nach": 0.56415488570079031 }, "geometry": { "type": "LineString", "coordinates": [ [ -2.8401864, 54.065270700000013 ], [ -2.8403239, 54.0653988 ] ] } },
{ "type": "Feature", "properties": { "id": 17658, "nach": 0.65712139473168296 }, "geometry": { "type": "LineString", "coordinates": [ [ -2.8410413, 54.0640063 ], [ -2.8412972, 54.0643266 ] ] } },
{ "type": "Feature", "properties": { "id": 17506, "nach": 0.25797105170730311 }, "geometry": { "type": "LineString", "coordinates": [ [ -2.8407614, 54.0644763 ], [ -2.8412972, 54.0643266 ] ] } },
{ "type": "Feature", "properties": { "id": 17487, "nach": 0.49814072955084721 }, "geometry": { "type": "LineString", "coordinates": [ [ -2.8418571, 54.0641701 ], [ -2.8412972, 54.0643266 ] ] } },
{ "type": "Feature", "properties": { "id": 17581, "nach": 0.50704855340395416 }, "geometry": { "type": "LineString", "coordinates": [ [ -2.8411013, 54.064893399999988 ], [ -2.8407614, 54.0644763 ] ] } },
{ "type": "Feature", "properties": { "id": 17595, "nach": 0.0 }, "geometry": { "type": "LineString", "coordinates": [ [ -2.8402269, 54.064625699999986 ], [ -2.8405621, 54.0650445 ], [ -2.8411013, 54.064893399999988 ] ] } },
{ "type": "Feature", "properties": { "id": 66964, "nach": 0.45696778841172309 }, "geometry": { "type": "LineString", "coordinates": [ [ -2.8358185, 54.061569 ], [ -2.8357708, 54.0615805 ], [ -2.8356817, 54.0616174 ], [ -2.8355851, 54.0616564 ], [ -2.835565, 54.0616863 ], [ -2.8355402, 54.0616993 ], [ -2.83545370000001, 54.0617064 ], [ -2.8354059, 54.0617147 ] ] } },
{ "type": "Feature", "properties": { "id": 76391, "nach": 0.49752970228949217 }, "geometry": { "type": "LineString", "coordinates": [ [ -2.8281345, 54.061055 ], [ -2.8280868, 54.0610694 ], [ -2.8280391, 54.0610686 ], [ -2.8279955, 54.061062200000016 ], [ -2.8278291, 54.060982200000012 ], [ -2.8276941, 54.0609001 ] ] } },
{ "type": "Feature", "properties": { "id": 39509, "nach": 0.6584521255136293 }, "geometry": { "type": "LineString", "coordinates": [ [ -2.8274004, 54.061082700000014 ], [ -2.8274179, 54.0610707 ], [ -2.8274646, 54.0610384 ], [ -2.82744, 54.061009599999984 ] ] } },
{ "type": "Feature", "properties": { "id": 41950, "nach": 0.68551999950578124 }, "geometry": { "type": "LineString", "coordinates": [ [ -2.8281375, 54.0614491 ], [ -2.8274004, 54.061082700000014 ] ] } },
{ "type": "Feature", "properties": { "id": 58175, "nach": 0.61189972358302425 }, "geometry": { "type": "LineString", "coordinates": [ [ -2.825932, 54.0603571 ], [ -2.8265071, 54.060644 ], [ -2.8274004, 54.061082700000014 ] ] } },
{ "type": "Feature", "properties": { "id": 76380, "nach": 0.6117220422243248 }, "geometry": { "type": "LineString", "coordinates": [ [ -2.8285005, 54.0614088 ], [ -2.8283705, 54.0613624 ], [ -2.8280786, 54.0612343 ], [ -2.8279573, 54.0611783 ], [ -2.8279505, 54.0611591 ], [ -2.8275674, 54.0609749 ] ] } },
{ "type": "Feature", "properties": { "id": 76381, "nach": 0.6468620867253625 }, "geometry": { "type": "LineString", "coordinates": [ [ -2.8285005, 54.0614088 ], [ -2.828929, 54.061522400000015 ], [ -2.8290278, 54.0615464 ], [ -2.8294571, 54.0617316 ], [ -2.8297001, 54.0618449 ], [ -2.8298204, 54.0618956 ], [ -2.8298988, 54.0619203 ], [ -2.8299806, 54.0619376 ], [ -2.830051, 54.0619456 ], [ -2.8301032, 54.06194630000001 ], [ -2.8301032, 54.0619576 ], [ -2.8301054, 54.061983899999987 ] ] } },
{ "type": "Feature", "properties": { "id": 17671, "nach": 0.64225011365823226 }, "geometry": { "type": "LineString", "coordinates": [ [ -2.8295819, 54.0647514 ], [ -2.8300448, 54.064478699999988 ], [ -2.8311158, 54.0635992 ] ] } },
{ "type": "Feature", "properties": { "id": 81231, "nach": 0.41580170480478706 }, "geometry": { "type": "LineString", "coordinates": [ [ -2.8299465, 54.06494940000001 ], [ -2.8296608, 54.0647976 ], [ -2.8295819, 54.0647514 ] ] } },
{ "type": "Feature", "properties": { "id": 28704, "nach": 0.47606444222783922 }, "geometry": { "type": "LineString", "coordinates": [ [ -2.8287293, 54.0648693 ], [ -2.8289357, 54.0648677 ], [ -2.8292332, 54.064896 ] ] } },
{ "type": "Feature", "properties": { "id": 17672, "nach": 0.64126122918544604 }, "geometry": { "type": "LineString", "coordinates": [ [ -2.8295819, 54.0647514 ], [ -2.8293386, 54.0648832 ], [ -2.8292332, 54.064896 ] ] } },
{ "type": "Feature", "properties": { "id": 28706, "nach": 0.0 }, "geometry": { "type": "LineString", "coordinates": [ [ -2.8287293, 54.0648693 ], [ -2.8286625, 54.06491110000001 ], [ -2.8286129, 54.0649313 ], [ -2.8285559, 54.0649438 ], [ -2.8284891, 54.0649418 ], [ -2.8284306, 54.0649213 ], [ -2.8283955, 54.0648973 ], [ -2.8283662, 54.0648694 ], [ -2.8283675, 54.0648365 ], [ -2.828385, 54.064804100000011 ], [ -2.8284165, 54.0647751 ], [ -2.8284591, 54.0647538 ], [ -2.8285217, 54.0647462 ], [ -2.8285757, 54.0647487 ], [ -2.8286356, 54.0647714 ], [ -2.8286784, 54.0647955 ], [ -2.8287246, 54.0648278 ], [ -2.8287293, 54.0648693 ] ] } },
{ "type": "Feature", "properties": { "id": 83540, "nach": 0.4725565375295836 }, "geometry": { "type": "LineString", "coordinates": [ [ -2.8416743, 54.0717764 ], [ -2.8416766, 54.0718186 ] ] } },
{ "type": "Feature", "properties": { "id": 42719, "nach": 0.3649706404474824 }, "geometry": { "type": "LineString", "coordinates": [ [ -2.8422867, 54.0719451 ], [ -2.842236, 54.0719517 ], [ -2.8421865, 54.0719822 ], [ -2.8421169, 54.072022 ], [ -2.8420129, 54.0720481 ], [ -2.8419054, 54.0720727 ], [ -2.8418358, 54.072063500000013 ], [ -2.8417975, 54.0720361 ], [ -2.8416766, 54.0718186 ] ] } },
{ "type": "Feature", "properties": { "id": 83543, "nach": 0.44119111573198222 }, "geometry": { "type": "LineString", "coordinates": [ [ -2.8421178, 54.0716986 ], [ -2.8416743, 54.0717764 ] ] } },
{ "type": "Feature", "properties": { "id": 80004, "nach": 0.52527802517383648 }, "geometry": { "type": "LineString", "coordinates": [ [ -2.8499578, 54.0688907 ], [ -2.8516496, 54.0685382 ], [ -2.8521932, 54.0684856 ] ] } },
{ "type": "Feature", "properties": { "id": 80003, "nach": 0.5395640604751587 }, "geometry": { "type": "LineString", "coordinates": [ [ -2.8499578, 54.0688907 ], [ -2.8498372, 54.06871180000001 ] ] } },
{ "type": "Feature", "properties": { "id": 80001, "nach": 0.47340582873408399 }, "geometry": { "type": "LineString", "coordinates": [ [ -2.8498372, 54.06871180000001 ], [ -2.8499756, 54.0686745 ], [ -2.8500699, 54.0685027 ], [ -2.8500987, 54.0683955 ], [ -2.8519486, 54.06809 ] ] } },
{ "type": "Feature", "properties": { "id": 80597, "nach": 0.48291324528666663 }, "geometry": { "type": "LineString", "coordinates": [ [ -2.850458, 54.0676092 ], [ -2.8504341, 54.0676656 ], [ -2.850544, 54.0680103 ], [ -2.849498, 54.068218 ], [ -2.8498372, 54.06871180000001 ] ] } },
{ "type": "Feature", "properties": { "id": 80595, "nach": 0.54823671632947046 }, "geometry": { "type": "LineString", "coordinates": [ [ -2.850458, 54.0676092 ], [ -2.8505073, 54.0676219 ], [ -2.8506673, 54.067634400000017 ], [ -2.8511422, 54.0676362 ] ] } },
{ "type": "Feature", "properties": { "id": 80596, "nach": 0.54994317179007046 }, "geometry": { "type": "LineString", "coordinates": [ [ -2.850458, 54.0676092 ], [ -2.8503674, 54.0675857 ], [ -2.8502249, 54.0675386 ], [ -2.8500474, 54.0674716 ], [ -2.84996650000001, 54.0674202 ], [ -2.8499478, 54.0673592 ], [ -2.8500371, 54.0669417 ] ] } },
{ "type": "Feature", "properties": { "id": 9474, "nach": 0.54921700175476762 }, "geometry": { "type": "LineString", "coordinates": [ [ -2.8500371, 54.0669417 ], [ -2.85013, 54.0667837 ] ] } },
{ "type": "Feature", "properties": { "id": 9478, "nach": 0.4545086722966355 }, "geometry": { "type": "LineString", "coordinates": [ [ -2.8501929, 54.0667008 ], [ -2.85013, 54.0667837 ] ] } },
{ "type": "Feature", "properties": { "id": 9481, "nach": 0.55106517222720375 }, "geometry": { "type": "LineString", "coordinates": [ [ -2.8488608, 54.066174699999983 ], [ -2.8487953, 54.066408299999985 ], [ -2.8493491, 54.0665782 ], [ -2.8496346, 54.0665505 ], [ -2.8497768, 54.0665964 ], [ -2.849949, 54.0667545 ], [ -2.85013, 54.0667837 ] ] } },
{ "type": "Feature", "properties": { "id": 9477, "nach": 0.44494740865165361 }, "geometry": { "type": "LineString", "coordinates": [ [ -2.8495179, 54.0669003 ], [ -2.8500371, 54.0669417 ] ] } },
{ "type": "Feature", "properties": { "id": 9485, "nach": 0.55801991930413597 }, "geometry": { "type": "LineString", "coordinates": [ [ -2.8490639, 54.066034 ], [ -2.8488608, 54.066174699999983 ] ] } },
{ "type": "Feature", "properties": { "id": 74149, "nach": 0.57041285903862349 }, "geometry": { "type": "LineString", "coordinates": [ [ -2.848723, 54.066145799999987 ], [ -2.8488608, 54.066174699999983 ] ] } },
{ "type": "Feature", "properties": { "id": 9488, "nach": 0.46281307546012712 }, "geometry": { "type": "LineString", "coordinates": [ [ -2.8495008, 54.066139 ], [ -2.8492018, 54.0660429 ], [ -2.8490639, 54.066034 ] ] } },
{ "type": "Feature", "properties": { "id": 74154, "nach": 0.48615831708444474 }, "geometry": { "type": "LineString", "coordinates": [ [ -2.8491193, 54.067237200000015 ], [ -2.8490053, 54.0670699 ], [ -2.8487865, 54.0667553 ], [ -2.8487711, 54.0667228 ], [ -2.8487214, 54.0664544 ], [ -2.8486817, 54.0662188 ], [ -2.8486922, 54.0661872 ], [ -2.848723, 54.066145799999987 ] ] } },
{ "type": "Feature", "properties": { "id": 9521, "nach": 0.58312005536732869 }, "geometry": { "type": "LineString", "coordinates": [ [ -2.8447571, 54.0688805 ], [ -2.8449555, 54.068668 ], [ -2.8450555, 54.0685469 ], [ -2.8451092, 54.0684721 ], [ -2.8451649, 54.06839 ] ] } },
{ "type": "Feature", "properties": { "id": 69363, "nach": 0.58531821262730055 }, "geometry": { "type": "LineString", "coordinates": [ [ -2.8452945, 54.0681456 ], [ -2.8452299, 54.068286100000016 ], [ -2.8451649, 54.06839 ] ] } },
{ "type": "Feature", "properties": { "id": 9525, "nach": 0.42183517645008156 }, "geometry": { "type": "LineString", "coordinates": [ [ -2.8426916, 54.0681474 ], [ -2.8427985, 54.0681767 ], [ -2.8442203, 54.0687356 ], [ -2.8444122, 54.0687943 ], [ -2.8447024, 54.0688642 ], [ -2.8447571, 54.0688805 ] ] } },
{ "type": "Feature", "properties": { "id": 69365, "nach": 0.45722025432133107 }, "geometry": { "type": "LineString", "coordinates": [ [ -2.8452945, 54.0681456 ], [ -2.845379, 54.0681644 ], [ -2.8455152, 54.068206 ], [ -2.8455803, 54.068223 ], [ -2.8456361, 54.0682224 ], [ -2.8456857, 54.0682157 ], [ -2.8457229, 54.0681957 ] ] } },
{ "type": "Feature", "properties": { "id": 80630, "nach": 0.55462213411105377 }, "geometry": { "type": "LineString", "coordinates": [ [ -2.8271697, 54.0660624 ], [ -2.8271846, 54.0660339 ], [ -2.8271971, 54.0660218 ] ] } },
{ "type": "Feature", "properties": { "id": 80640, "nach": 0.54542140951786255 }, "geometry": { "type": "LineString", "coordinates": [ [ -2.8271547, 54.0661003 ], [ -2.8271548, 54.0660905 ], [ -2.8271697, 54.0660624 ] ] } },
{ "type": "Feature", "properties": { "id": 49877, "nach": 0.47232772971943615 }, "geometry": { "type": "LineString", "coordinates": [ [ -2.8289285, 54.070496099999986 ], [ -2.8291732, 54.0702287 ] ] } },
{ "type": "Feature", "properties": { "id": 9558, "nach": 0.49443915268693189 }, "geometry": { "type": "LineString", "coordinates": [ [ -2.8279138, 54.0696618 ], [ -2.8282502, 54.0700495 ], [ -2.8283722, 54.07011 ], [ -2.8289115, 54.0702023 ], [ -2.8291732, 54.0702287 ] ] } },
{ "type": "Feature", "properties": { "id": 49876, "nach": 0.51781486781117836 }, "geometry": { "type": "LineString", "coordinates": [ [ -2.8276611, 54.0698356 ], [ -2.8277279, 54.0697767 ], [ -2.8278191, 54.0697072 ], [ -2.8279138, 54.0696618 ] ] } },
{ "type": "Feature", "properties": { "id": 49884, "nach": 0.43075321947359141 }, "geometry": { "type": "LineString", "coordinates": [ [ -2.8281346, 54.072631299999983 ], [ -2.8281381, 54.0725937 ], [ -2.8283497, 54.072172 ], [ -2.8286832, 54.0713451 ], [ -2.82885, 54.0705818 ], [ -2.8289285, 54.070496099999986 ] ] } },
{ "type": "Feature", "properties": { "id": 49882, "nach": 0.38308011033528644 }, "geometry": { "type": "LineString", "coordinates": [ [ -2.8275828, 54.0699416 ], [ -2.8280985, 54.070174200000011 ], [ -2.8285601, 54.070341700000014 ], [ -2.8289285, 54.070496099999986 ] ] } },
{ "type": "Feature", "properties": { "id": 49875, "nach": 0.36504656318345002 }, "geometry": { "type": "LineString", "coordinates": [ [ -2.8276611, 54.0698356 ], [ -2.8274789, 54.0698534 ], [ -2.8270658, 54.0698908 ], [ -2.8266467, 54.0699354 ], [ -2.826179, 54.069987 ], [ -2.8258369, 54.0700985 ] ] } },
{ "type": "Feature", "properties": { "id": 49880, "nach": 0.49455789054785498 }, "geometry": { "type": "LineString", "coordinates": [ [ -2.8275828, 54.0699416 ], [ -2.8276611, 54.0698356 ] ] } },
{ "type": "Feature", "properties": { "id": 9571, "nach": 0.41709533803472137 }, "geometry": { "type": "LineString", "coordinates": [ [ -2.8305593, 54.072722400000011 ], [ -2.8303655, 54.0727267 ], [ -2.8281263, 54.0727201 ] ] } },
{ "type": "Feature", "properties": { "id": 9568, "nach": 0.35311719028844385 }, "geometry": { "type": "LineString", "coordinates": [ [ -2.8299476, 54.0730262 ], [ -2.8296333, 54.0730271 ], [ -2.828223, 54.0729788 ] ] } },
{ "type": "Feature", "properties": { "id": 9569, "nach": 0.42179150135975974 }, "geometry": { "type": "LineString", "coordinates": [ [ -2.8305593, 54.072722400000011 ], [ -2.8299476, 54.0730262 ] ] } },
{ "type": "Feature", "properties": { "id": 11324, "nach": 0.59984935353733926 }, "geometry": { "type": "LineString", "coordinates": [ [ -2.8389578, 54.0658551 ], [ -2.8388655, 54.0659069 ], [ -2.838788, 54.0659556 ], [ -2.8387264, 54.0660062 ], [ -2.8386741, 54.0660631 ], [ -2.8386534, 54.066091099999987 ] ] } },
{ "type": "Feature", "properties": { "id": 83682, "nach": 0.65525538174803466 }, "geometry": { "type": "LineString", "coordinates": [ [ -2.8387474, 54.0661228 ], [ -2.8388289, 54.0660157 ], [ -2.8389732, 54.065928 ], [ -2.8389578, 54.0658551 ] ] } },
{ "type": "Feature", "properties": { "id": 83678, "nach": 0.57762079123893384 }, "geometry": { "type": "LineString", "coordinates": [ [ -2.8383944, 54.0659823 ], [ -2.8385412, 54.065947 ], [ -2.8387205, 54.0658826 ], [ -2.8388467, 54.065826 ], [ -2.8389578, 54.0658551 ] ] } },
{ "type": "Feature", "properties": { "id": 83683, "nach": 0.49329725008368103 }, "geometry": { "type": "LineString", "coordinates": [ [ -2.8387474, 54.0661228 ], [ -2.8387199, 54.0661135 ], [ -2.8386534, 54.066091099999987 ] ] } },
{ "type": "Feature", "properties": { "id": 83685, "nach": 0.65811069894434215 }, "geometry": { "type": "LineString", "coordinates": [ [ -2.83883030000001, 54.0663458 ], [ -2.8387695, 54.0662902 ], [ -2.8387398, 54.0662413 ], [ -2.8387339, 54.066188 ], [ -2.8387474, 54.0661228 ] ] } },
{ "type": "Feature", "properties": { "id": 73877, "nach": 0.65532020207646491 }, "geometry": { "type": "LineString", "coordinates": [ [ -2.8308571, 54.0675762 ], [ -2.83073, 54.0675492 ], [ -2.830687, 54.067533099999984 ], [ -2.8307154, 54.0673053 ], [ -2.8308379, 54.067273800000017 ], [ -2.8309307, 54.0672755 ] ] } },
{ "type": "Feature", "properties": { "id": 11489, "nach": 0.65183323782826497 }, "geometry": { "type": "LineString", "coordinates": [ [ -2.8373559, 54.0664556 ], [ -2.8375058, 54.0664227 ] ] } },
{ "type": "Feature", "properties": { "id": 25451, "nach": 0.72167779736036575 }, "geometry": { "type": "LineString", "coordinates": [ [ -2.8363358, 54.0665977 ], [ -2.8366848, 54.0665594 ], [ -2.8373559, 54.0664556 ] ] } },
{ "type": "Feature", "properties": { "id": 73643, "nach": 0.69155330459955255 }, "geometry": { "type": "LineString", "coordinates": [ [ -2.837544, 54.0664393 ], [ -2.8373559, 54.0664556 ] ] } },
{ "type": "Feature", "properties": { "id": 25452, "nach": 0.63868248829412699 }, "geometry": { "type": "LineString", "coordinates": [ [ -2.8375058, 54.0664227 ], [ -2.83761, 54.066392699999987 ], [ -2.8376878, 54.0663668 ], [ -2.8377343, 54.0663476 ] ] } },
{ "type": "Feature", "properties": { "id": 83665, "nach": 0.5472916996745234 }, "geometry": { "type": "LineString", "coordinates": [ [ -2.8376834, 54.066302500000013 ], [ -2.83760190000001, 54.0663326 ], [ -2.8375295, 54.0663584 ], [ -2.8375058, 54.0664227 ] ] } },
{ "type": "Feature", "properties": { "id": 25449, "nach": 0.48164379529829204 }, "geometry": { "type": "LineString", "coordinates": [ [ -2.8363358, 54.0665977 ], [ -2.8369717, 54.066862 ] ] } },
{ "type": "Feature", "properties": { "id": 83645, "nach": 0.60391910286582617 }, "geometry": { "type": "LineString", "coordinates": [ [ -2.8385687, 54.0665619 ], [ -2.8385789, 54.0665541 ], [ -2.838597, 54.066528499999976 ] ] } },
{ "type": "Feature", "properties": { "id": 73635, "nach": 0.61602469908506241 }, "geometry": { "type": "LineString", "coordinates": [ [ -2.83884050000001, 54.0666151 ], [ -2.8387732, 54.0665853 ], [ -2.8386901, 54.0665585 ], [ -2.838597, 54.066528499999976 ] ] } },
{ "type": "Feature", "properties": { "id": 83644, "nach": 0.57015027746120495 }, "geometry": { "type": "LineString", "coordinates": [ [ -2.8385687, 54.0665619 ], [ -2.8385189, 54.0666005 ] ] } },
{ "type": "Feature", "properties": { "id": 83646, "nach": 0.63066232259291 }, "geometry": { "type": "LineString", "coordinates": [ [ -2.8385687, 54.0665619 ], [ -2.8385007, 54.066547 ], [ -2.838405, 54.0665367 ], [ -2.8383093, 54.0665355 ], [ -2.8382104, 54.066550399999983 ] ] } },
{ "type": "Feature", "properties": { "id": 83651, "nach": 0.63839613239458759 }, "geometry": { "type": "LineString", "coordinates": [ [ -2.8387856, 54.0666489 ], [ -2.8386994, 54.0666098 ], [ -2.8385687, 54.0665619 ] ] } },
{ "type": "Feature", "properties": { "id": 12288, "nach": 0.35636997539518595 }, "geometry": { "type": "LineString", "coordinates": [ [ -2.8292854, 54.0709034 ], [ -2.8294499, 54.0716141 ] ] } },
{ "type": "Feature", "properties": { "id": 12308, "nach": 0.37159248873138173 }, "geometry": { "type": "LineString", "coordinates": [ [ -2.8289558, 54.071646 ], [ -2.8294499, 54.0716141 ] ] } },
{ "type": "Feature", "properties": { "id": 12302, "nach": 0.39715301234847111 }, "geometry": { "type": "LineString", "coordinates": [ [ -2.8307583, 54.074399599999985 ], [ -2.8308007, 54.074353 ], [ -2.8308785, 54.074302600000017 ], [ -2.8312511, 54.0740768 ], [ -2.8313452, 54.0740067 ], [ -2.8313921, 54.0739312 ], [ -2.831376, 54.0738541 ], [ -2.8313037, 54.0737632 ], [ -2.8305518, 54.0732077 ] ] } },
{ "type": "Feature", "properties": { "id": 86405, "nach": 0.38673245710208037 }, "geometry": { "type": "LineString", "coordinates": [ [ -2.8287917, 54.072259399999986 ], [ -2.8287923, 54.0723052 ] ] } },
{ "type": "Feature", "properties": { "id": 86404, "nach": 0.38673245710208037 }, "geometry": { "type": "LineString", "coordinates": [ [ -2.8287932, 54.0723626 ], [ -2.8287923, 54.0723052 ] ] } },
{ "type": "Feature", "properties": { "id": 83530, "nach": 0.43157249746159365 }, "geometry": { "type": "LineString", "coordinates": [ [ -2.84544230000001, 54.0718049 ], [ -2.845552, 54.0719297 ], [ -2.8462684, 54.071725200000017 ] ] } },
{ "type": "Feature", "properties": { "id": 83531, "nach": 0.48964072008616633 }, "geometry": { "type": "LineString", "coordinates": [ [ -2.84544230000001, 54.0718049 ], [ -2.8449193, 54.0712063 ], [ -2.8447277, 54.071073100000014 ], [ -2.8446397, 54.0710426 ] ] } },
{ "type": "Feature", "properties": { "id": 12755, "nach": 0.43663710283558327 }, "geometry": { "type": "LineString", "coordinates": [ [ -2.8450696, 54.0720825 ], [ -2.8443193, 54.0712673 ] ] } },
{ "type": "Feature", "properties": { "id": 17477, "nach": 0.40720479794411568 }, "geometry": { "type": "LineString", "coordinates": [ [ -2.8402015, 54.0702414 ], [ -2.8400669, 54.0700981 ] ] } },
{ "type": "Feature", "properties": { "id": 83548, "nach": 0.41046571701636381 }, "geometry": { "type": "LineString", "coordinates": [ [ -2.8403421, 54.0702167 ], [ -2.8402015, 54.0702414 ] ] } },
{ "type": "Feature", "properties": { "id": 13202, "nach": 0.42848298762345705 }, "geometry": { "type": "LineString", "coordinates": [ [ -2.8365173, 54.071998599999986 ], [ -2.8371057, 54.0720468 ] ] } },
{ "type": "Feature", "properties": { "id": 13180, "nach": 0.41692974649430631 }, "geometry": { "type": "LineString", "coordinates": [ [ -2.8388363, 54.0707087 ], [ -2.8388055, 54.0704344 ] ] } },
{ "type": "Feature", "properties": { "id": 13249, "nach": 0.41528942569818994 }, "geometry": { "type": "LineString", "coordinates": [ [ -2.8382284, 54.0706318 ], [ -2.8382479, 54.0705443 ], [ -2.8383078, 54.0705062 ], [ -2.8384279, 54.0704771 ], [ -2.8388055, 54.0704344 ] ] } },
{ "type": "Feature", "properties": { "id": 13213, "nach": 0.47545875682575528 }, "geometry": { "type": "LineString", "coordinates": [ [ -2.8327277, 54.0660693 ], [ -2.8324037, 54.0661088 ] ] } },
{ "type": "Feature", "properties": { "id": 13224, "nach": 0.50630004719478305 }, "geometry": { "type": "LineString", "coordinates": [ [ -2.8333639, 54.0658686 ], [ -2.8330099, 54.066037 ], [ -2.8329582, 54.0660403 ], [ -2.8329117, 54.0660435 ], [ -2.8327277, 54.0660693 ] ] } },
{ "type": "Feature", "properties": { "id": 13133, "nach": 0.4652694181053178 }, "geometry": { "type": "LineString", "coordinates": [ [ -2.8417214, 54.066816400000015 ], [ -2.8416548, 54.0663767 ] ] } },
{ "type": "Feature", "properties": { "id": 13260, "nach": 0.45910199627386866 }, "geometry": { "type": "LineString", "coordinates": [ [ -2.83225, 54.0655624 ], [ -2.8325937, 54.065369399999987 ] ] } },
{ "type": "Feature", "properties": { "id": 13188, "nach": 0.46037876226400237 }, "geometry": { "type": "LineString", "coordinates": [ [ -2.8328289, 54.0652184 ], [ -2.8325937, 54.065369399999987 ] ] } },
{ "type": "Feature", "properties": { "id": 13225, "nach": 0.53729780492673596 }, "geometry": { "type": "LineString", "coordinates": [ [ -2.8333639, 54.0658686 ], [ -2.8332056, 54.0657532 ], [ -2.8325937, 54.065369399999987 ] ] } },
{ "type": "Feature", "properties": { "id": 13189, "nach": 0.46993501792022346 }, "geometry": { "type": "LineString", "coordinates": [ [ -2.8331258, 54.066989100000015 ], [ -2.8331525, 54.0667481 ], [ -2.8332196, 54.0666538 ] ] } },
{ "type": "Feature", "properties": { "id": 44870, "nach": 0.46817320388766404 }, "geometry": { "type": "LineString", "coordinates": [ [ -2.8333649, 54.0670495 ], [ -2.8334025, 54.0667599 ], [ -2.8332196, 54.0666538 ] ] } },
{ "type": "Feature", "properties": { "id": 34961, "nach": 0.55148020334055436 }, "geometry": { "type": "LineString", "coordinates": [ [ -2.8327907, 54.0662799 ], [ -2.8329106, 54.0665166 ] ] } },
{ "type": "Feature", "properties": { "id": 44869, "nach": 0.4756769108262302 }, "geometry": { "type": "LineString", "coordinates": [ [ -2.8327687, 54.0666652 ], [ -2.8328083, 54.0666003 ], [ -2.8329312, 54.0665742 ], [ -2.8329106, 54.0665166 ] ] } },
{ "type": "Feature", "properties": { "id": 83690, "nach": 0.57884012549698227 }, "geometry": { "type": "LineString", "coordinates": [ [ -2.8396112, 54.0666418 ], [ -2.84020310000001, 54.0668481 ] ] } },
{ "type": "Feature", "properties": { "id": 25443, "nach": 0.63520092538309336 }, "geometry": { "type": "LineString", "coordinates": [ [ -2.8395841, 54.0666799 ], [ -2.839636, 54.0666967 ], [ -2.8396861, 54.0667155 ], [ -2.8398374, 54.0667833 ] ] } },
{ "type": "Feature", "properties": { "id": 25460, "nach": 0.6132244372028347 }, "geometry": { "type": "LineString", "coordinates": [ [ -2.8398374, 54.0667833 ], [ -2.8396713, 54.066755 ], [ -2.8396156, 54.0667444 ], [ -2.8395696, 54.0667412 ] ] } },
{ "type": "Feature", "properties": { "id": 17312, "nach": 0.60966080413755264 }, "geometry": { "type": "LineString", "coordinates": [ [ -2.8319101, 54.06289 ], [ -2.8315781, 54.0627222 ], [ -2.8314637, 54.0626251 ] ] } },
{ "type": "Feature", "properties": { "id": 42376, "nach": 0.61635145412229431 }, "geometry": { "type": "LineString", "coordinates": [ [ -2.8320365, 54.0630861 ], [ -2.8321111, 54.063039700000012 ], [ -2.8321306, 54.063005500000017 ], [ -2.8321136, 54.062974 ], [ -2.832073, 54.0629378 ], [ -2.8320087, 54.0629223 ], [ -2.8319629, 54.0629132 ], [ -2.8319101, 54.06289 ] ] } },
{ "type": "Feature", "properties": { "id": 55983, "nach": 0.44439450806424446 }, "geometry": { "type": "LineString", "coordinates": [ [ -2.8315002, 54.062361 ], [ -2.8317591, 54.0625989 ], [ -2.8319698, 54.06278720000001 ], [ -2.8319778, 54.062818100000015 ], [ -2.8319663, 54.0628474 ], [ -2.8319417, 54.062866 ], [ -2.8319101, 54.06289 ] ] } },
{ "type": "Feature", "properties": { "id": 77430, "nach": 0.5295246400536503 }, "geometry": { "type": "LineString", "coordinates": [ [ -2.8314637, 54.0626251 ], [ -2.8314105, 54.062644400000011 ], [ -2.8313699, 54.062605 ], [ -2.8312682, 54.0625627 ], [ -2.8312377, 54.0625693 ], [ -2.8312885, 54.062642 ], [ -2.8312581, 54.0626492 ], [ -2.8310904, 54.062574 ], [ -2.8310688, 54.0625807 ] ] } },
{ "type": "Feature", "properties": { "id": 77428, "nach": 0.60080917305201975 }, "geometry": { "type": "LineString", "coordinates": [ [ -2.8314637, 54.0626251 ], [ -2.8312966, 54.0624747 ] ] } },
{ "type": "Feature", "properties": { "id": 77431, "nach": 0.50568223056526451 }, "geometry": { "type": "LineString", "coordinates": [ [ -2.8316553, 54.0625754 ], [ -2.8316584, 54.0625785 ], [ -2.8315323, 54.062625 ], [ -2.8315121, 54.0626074 ], [ -2.8314637, 54.0626251 ] ] } },
{ "type": "Feature", "properties": { "id": 34271, "nach": 0.59349137160123056 }, "geometry": { "type": "LineString", "coordinates": [ [ -2.8325812, 54.0608989 ], [ -2.8326236, 54.0609289 ], [ -2.8326485, 54.0609609 ], [ -2.8326635, 54.0609999 ], [ -2.832662, 54.0610421 ], [ -2.8326459, 54.0610828 ], [ -2.8326187, 54.0611163 ], [ -2.8325905, 54.0611367 ], [ -2.832555, 54.0611555 ], [ -2.8324979, 54.0611768 ], [ -2.8324189, 54.061198 ], [ -2.8322936, 54.0612224 ], [ -2.8321642, 54.0612468 ], [ -2.8320812, 54.0612716 ], [ -2.8320535, 54.0612919 ], [ -2.8320331, 54.0613122 ], [ -2.8320255, 54.0613371 ], [ -2.8320228, 54.061365 ], [ -2.8320491, 54.0614124 ] ] } },
{ "type": "Feature", "properties": { "id": 34076, "nach": 0.58822989164994455 }, "geometry": { "type": "LineString", "coordinates": [ [ -2.8313159, 54.062044 ], [ -2.8313389, 54.0620109 ], [ -2.8313727, 54.0619666 ], [ -2.8314607, 54.0618837 ], [ -2.8315486, 54.0618132 ], [ -2.8317763, 54.0616485 ], [ -2.8318818, 54.06158 ], [ -2.8319451, 54.0615497 ], [ -2.8319851, 54.0615256 ], [ -2.8320006, 54.0615103 ], [ -2.8320115, 54.061489600000016 ], [ -2.8320204, 54.0614526 ], [ -2.8320491, 54.0614124 ] ] } },
{ "type": "Feature", "properties": { "id": 34270, "nach": 0.45759479892230309 }, "geometry": { "type": "LineString", "coordinates": [ [ -2.8325812, 54.0608989 ], [ -2.8325257, 54.0608656 ], [ -2.8324605, 54.0608395 ], [ -2.8323106, 54.0607697 ] ] } },
{ "type": "Feature", "properties": { "id": 80497, "nach": 0.59148085223468749 }, "geometry": { "type": "LineString", "coordinates": [ [ -2.8322015, 54.0631736 ], [ -2.8321803, 54.0631882 ], [ -2.8320934, 54.0632473 ] ] } },
{ "type": "Feature", "properties": { "id": 80514, "nach": 0.67032671682859801 }, "geometry": { "type": "LineString", "coordinates": [ [ -2.8324856, 54.0634559 ], [ -2.8324555, 54.0634411 ], [ -2.8321912, 54.0632972 ], [ -2.8320934, 54.0632473 ] ] } },
{ "type": "Feature", "properties": { "id": 80496, "nach": 0.59357592919448532 }, "geometry": { "type": "LineString", "coordinates": [ [ -2.8322015, 54.0631736 ], [ -2.8322999, 54.0631054 ], [ -2.8323843, 54.0630487 ] ] } },
{ "type": "Feature", "properties": { "id": 80499, "nach": 0.63204782778028568 }, "geometry": { "type": "LineString", "coordinates": [ [ -2.8322015, 54.0631736 ], [ -2.8321484, 54.0631437 ], [ -2.8320913, 54.063114500000012 ], [ -2.8320639, 54.0631005 ], [ -2.8320365, 54.0630861 ] ] } },
{ "type": "Feature", "properties": { "id": 80502, "nach": 0.64555132575160046 }, "geometry": { "type": "LineString", "coordinates": [ [ -2.8322538, 54.0632014 ], [ -2.832239, 54.0631947 ], [ -2.8322015, 54.0631736 ] ] } },
{ "type": "Feature", "properties": { "id": 80512, "nach": 0.66234914997421657 }, "geometry": { "type": "LineString", "coordinates": [ [ -2.8324856, 54.0634559 ], [ -2.8326728, 54.06354790000001 ] ] } },
{ "type": "Feature", "properties": { "id": 80524, "nach": 0.6701899178127767 }, "geometry": { "type": "LineString", "coordinates": [ [ -2.8325712, 54.0633967 ], [ -2.8324856, 54.0634559 ] ] } },
{ "type": "Feature", "properties": { "id": 42051, "nach": 0.476938402099498 }, "geometry": { "type": "LineString", "coordinates": [ [ -2.8336665, 54.062411 ], [ -2.8337573, 54.0623656 ], [ -2.8340011, 54.0623414 ] ] } },
{ "type": "Feature", "properties": { "id": 42052, "nach": 0.52882700106660308 }, "geometry": { "type": "LineString", "coordinates": [ [ -2.8336665, 54.062411 ], [ -2.8326029, 54.062928699999986 ], [ -2.8324622, 54.0629971 ], [ -2.8323843, 54.0630487 ] ] } },
{ "type": "Feature", "properties": { "id": 42053, "nach": 0.15325853375931009 }, "geometry": { "type": "LineString", "coordinates": [ [ -2.8336665, 54.062411 ], [ -2.8338264, 54.0624906 ], [ -2.8338781, 54.0625556 ], [ -2.8339114, 54.0626272 ], [ -2.8339515, 54.062835500000013 ] ] } },
{ "type": "Feature", "properties": { "id": 17420, "nach": 0.53690275222506056 }, "geometry": { "type": "LineString", "coordinates": [ [ -2.8312966, 54.0624747 ], [ -2.8312528, 54.0623895 ] ] } },
{ "type": "Feature", "properties": { "id": 17421, "nach": 0.60693256578061727 }, "geometry": { "type": "LineString", "coordinates": [ [ -2.8312966, 54.0624747 ], [ -2.8312081, 54.0623678 ], [ -2.8312637, 54.0621343 ], [ -2.8313159, 54.062044 ] ] } },
{ "type": "Feature", "properties": { "id": 55985, "nach": 0.46479841049340181 }, "geometry": { "type": "LineString", "coordinates": [ [ -2.8312528, 54.0623895 ], [ -2.8313032, 54.0623617 ], [ -2.8313644, 54.06233550000001 ], [ -2.8314377, 54.0623247 ], [ -2.8315002, 54.062361 ] ] } },
{ "type": "Feature", "properties": { "id": 34080, "nach": 0.6276483068289751 }, "geometry": { "type": "LineString", "coordinates": [ [ -2.8308544, 54.0622567 ], [ -2.8309247, 54.0622314 ], [ -2.8309632, 54.0622091 ], [ -2.8309767, 54.0621884 ], [ -2.8309953, 54.06214330000001 ], [ -2.8310246, 54.0621025 ], [ -2.8310609, 54.0620761 ], [ -2.8311117, 54.0620521 ], [ -2.8311594, 54.0620411 ], [ -2.8312145, 54.062039 ], [ -2.8312856, 54.062037500000017 ], [ -2.8313159, 54.062044 ] ] } },
{ "type": "Feature", "properties": { "id": 34244, "nach": 0.47682936120019193 }, "geometry": { "type": "LineString", "coordinates": [ [ -2.8304218, 54.0624737 ], [ -2.8303484, 54.062524599999989 ], [ -2.8302896, 54.0625655 ] ] } },
{ "type": "Feature", "properties": { "id": 39521, "nach": 0.59184537376523194 }, "geometry": { "type": "LineString", "coordinates": [ [ -2.8302602, 54.0626592 ], [ -2.8302607, 54.0626101 ], [ -2.830261, 54.0625889 ], [ -2.8302896, 54.0625655 ] ] } },
{ "type": "Feature", "properties": { "id": 39520, "nach": 0.57515195850401934 }, "geometry": { "type": "LineString", "coordinates": [ [ -2.8302602, 54.0626592 ], [ -2.8302028, 54.0626632 ], [ -2.8299807, 54.0626946 ] ] } },
{ "type": "Feature", "properties": { "id": 17551, "nach": 0.26639773229160807 }, "geometry": { "type": "LineString", "coordinates": [ [ -2.8406442, 54.0635093 ], [ -2.8411875, 54.0633562 ] ] } },
{ "type": "Feature", "properties": { "id": 17600, "nach": 0.24192873646858687 }, "geometry": { "type": "LineString", "coordinates": [ [ -2.8417323, 54.0632026 ], [ -2.8411875, 54.0633562 ] ] } },
{ "type": "Feature", "properties": { "id": 17476, "nach": 0.48574686805580136 }, "geometry": { "type": "LineString", "coordinates": [ [ -2.8415181, 54.063758300000011 ], [ -2.8411875, 54.0633562 ] ] } },
{ "type": "Feature", "properties": { "id": 17502, "nach": 0.43442057078800539 }, "geometry": { "type": "LineString", "coordinates": [ [ -2.8408678, 54.0629676 ], [ -2.8411875, 54.0633562 ] ] } },
{ "type": "Feature", "properties": { "id": 17549, "nach": 0.52225990670998834 }, "geometry": { "type": "LineString", "coordinates": [ [ -2.8406442, 54.0635093 ], [ -2.8408749, 54.0637982 ] ] } },
{ "type": "Feature", "properties": { "id": 17550, "nach": 0.31932742769741473 }, "geometry": { "type": "LineString", "coordinates": [ [ -2.8406442, 54.0635093 ], [ -2.8400987, 54.063663100000014 ] ] } },
{ "type": "Feature", "properties": { "id": 17616, "nach": 0.48646563362869194 }, "geometry": { "type": "LineString", "coordinates": [ [ -2.8403314, 54.0631186 ], [ -2.8406442, 54.0635093 ] ] } },
{ "type": "Feature", "properties": { "id": 17603, "nach": 0.2328394081984197 }, "geometry": { "type": "LineString", "coordinates": [ [ -2.8417323, 54.0632026 ], [ -2.8414063, 54.062816 ], [ -2.8408678, 54.0629676 ] ] } },
{ "type": "Feature", "properties": { "id": 17657, "nach": 0.43489729325571935 }, "geometry": { "type": "LineString", "coordinates": [ [ -2.8420754, 54.063106 ], [ -2.8417323, 54.0632026 ] ] } },
{ "type": "Feature", "properties": { "id": 17629, "nach": 0.48073829471197105 }, "geometry": { "type": "LineString", "coordinates": [ [ -2.8420475, 54.0636133 ], [ -2.8417323, 54.0632026 ] ] } },
{ "type": "Feature", "properties": { "id": 17558, "nach": 0.57615382051749875 }, "geometry": { "type": "LineString", "coordinates": [ [ -2.8411462, 54.06386 ], [ -2.8415181, 54.063758300000011 ] ] } },
{ "type": "Feature", "properties": { "id": 17627, "nach": 0.53528281162069025 }, "geometry": { "type": "LineString", "coordinates": [ [ -2.8420475, 54.0636133 ], [ -2.8415181, 54.063758300000011 ] ] } },
{ "type": "Feature", "properties": { "id": 17486, "nach": 0.25050103985420158 }, "geometry": { "type": "LineString", "coordinates": [ [ -2.8418571, 54.0641701 ], [ -2.8415181, 54.063758300000011 ] ] } },
{ "type": "Feature", "properties": { "id": 17618, "nach": 0.29259176383174446 }, "geometry": { "type": "LineString", "coordinates": [ [ -2.8403314, 54.0631186 ], [ -2.8408678, 54.0629676 ] ] } },
{ "type": "Feature", "properties": { "id": 17659, "nach": 0.61891031921321604 }, "geometry": { "type": "LineString", "coordinates": [ [ -2.8410413, 54.0640063 ], [ -2.840928, 54.064014 ], [ -2.8408384, 54.0639895 ], [ -2.8407922, 54.06395710000001 ] ] } },
{ "type": "Feature", "properties": { "id": 17660, "nach": 0.58638054749079604 }, "geometry": { "type": "LineString", "coordinates": [ [ -2.8410413, 54.0640063 ], [ -2.8411162, 54.0639726 ], [ -2.8411578, 54.0639134 ], [ -2.8411462, 54.06386 ] ] } },
{ "type": "Feature", "properties": { "id": 17507, "nach": 0.28287197637951356 }, "geometry": { "type": "LineString", "coordinates": [ [ -2.8407614, 54.0644763 ], [ -2.840421, 54.0640586 ] ] } },
{ "type": "Feature", "properties": { "id": 17593, "nach": 0.45682717545370738 }, "geometry": { "type": "LineString", "coordinates": [ [ -2.8402269, 54.064625699999986 ], [ -2.8407614, 54.0644763 ] ] } },
{ "type": "Feature", "properties": { "id": 17569, "nach": 0.43659462522849768 }, "geometry": { "type": "LineString", "coordinates": [ [ -2.8423755, 54.0640252 ], [ -2.8426381, 54.0643573 ], [ -2.8421293, 54.0645009 ], [ -2.8418571, 54.0641701 ] ] } },
{ "type": "Feature", "properties": { "id": 17560, "nach": 0.33225915286179042 }, "geometry": { "type": "LineString", "coordinates": [ [ -2.8411462, 54.06386 ], [ -2.8410829, 54.0638099 ], [ -2.8409811, 54.0637864 ], [ -2.8408749, 54.0637982 ] ] } },
{ "type": "Feature", "properties": { "id": 17630, "nach": 0.26373077985400978 }, "geometry": { "type": "LineString", "coordinates": [ [ -2.8420475, 54.0636133 ], [ -2.8423755, 54.0640252 ] ] } },
{ "type": "Feature", "properties": { "id": 17666, "nach": 0.43771562848923506 }, "geometry": { "type": "LineString", "coordinates": [ [ -2.8428413, 54.06339590000001 ], [ -2.8420475, 54.0636133 ] ] } },
{ "type": "Feature", "properties": { "id": 17491, "nach": 0.58209653622262336 }, "geometry": { "type": "LineString", "coordinates": [ [ -2.840421, 54.0640586 ], [ -2.8407922, 54.06395710000001 ] ] } },
{ "type": "Feature", "properties": { "id": 17524, "nach": 0.54130866600100269 }, "geometry": { "type": "LineString", "coordinates": [ [ -2.8408749, 54.0637982 ], [ -2.8407978, 54.0638392 ], [ -2.8407679, 54.063890899999983 ], [ -2.8407922, 54.06395710000001 ] ] } },
{ "type": "Feature", "properties": { "id": 17583, "nach": 0.49089578375537635 }, "geometry": { "type": "LineString", "coordinates": [ [ -2.8398896, 54.0642043 ], [ -2.840421, 54.0640586 ] ] } },
{ "type": "Feature", "properties": { "id": 17528, "nach": 0.54362296445955327 }, "geometry": { "type": "LineString", "coordinates": [ [ -2.8400987, 54.063663100000014 ], [ -2.840421, 54.0640586 ] ] } },
{ "type": "Feature", "properties": { "id": 17594, "nach": 0.23822666709950716 }, "geometry": { "type": "LineString", "coordinates": [ [ -2.8402269, 54.064625699999986 ], [ -2.8398896, 54.0642043 ] ] } },
{ "type": "Feature", "properties": { "id": 17614, "nach": 0.4377868777894075 }, "geometry": { "type": "LineString", "coordinates": [ [ -2.8395746, 54.0638108 ], [ -2.8398896, 54.0642043 ] ] } },
{ "type": "Feature", "properties": { "id": 17613, "nach": 0.24208504034577027 }, "geometry": { "type": "LineString", "coordinates": [ [ -2.8395746, 54.0638108 ], [ -2.8400987, 54.063663100000014 ] ] } },
{ "type": "Feature", "properties": { "id": 17531, "nach": 0.52670934315894546 }, "geometry": { "type": "LineString", "coordinates": [ [ -2.8397812, 54.0632734 ], [ -2.8400987, 54.063663100000014 ] ] } },
{ "type": "Feature", "properties": { "id": 44846, "nach": 0.44257444835625886 }, "geometry": { "type": "LineString", "coordinates": [ [ -2.8402549, 54.0631401 ], [ -2.8403314, 54.0631186 ] ] } },
{ "type": "Feature", "properties": { "id": 17619, "nach": 0.23760273943625007 }, "geometry": { "type": "LineString", "coordinates": [ [ -2.8392615, 54.0634197 ], [ -2.8395746, 54.0638108 ] ] } },
{ "type": "Feature", "properties": { "id": 44840, "nach": 0.50642074552639138 }, "geometry": { "type": "LineString", "coordinates": [ [ -2.839727, 54.0632887 ], [ -2.8397812, 54.0632734 ] ] } },
{ "type": "Feature", "properties": { "id": 44845, "nach": 0.27170303078302921 }, "geometry": { "type": "LineString", "coordinates": [ [ -2.8402549, 54.0631401 ], [ -2.8397812, 54.0632734 ] ] } },
{ "type": "Feature", "properties": { "id": 44839, "nach": 0.43360795702590138 }, "geometry": { "type": "LineString", "coordinates": [ [ -2.839727, 54.0632887 ], [ -2.8392615, 54.0634197 ] ] } },
{ "type": "Feature", "properties": { "id": 44842, "nach": 0.42563960490967306 }, "geometry": { "type": "LineString", "coordinates": [ [ -2.8394539, 54.0629364 ], [ -2.839727, 54.0632887 ] ] } },
{ "type": "Feature", "properties": { "id": 44847, "nach": 0.23254610865158729 }, "geometry": { "type": "LineString", "coordinates": [ [ -2.8402549, 54.0631401 ], [ -2.8400628, 54.0630938 ], [ -2.8398428, 54.0628293 ], [ -2.8394539, 54.0629364 ] ] } },
{ "type": "Feature", "properties": { "id": 44844, "nach": 0.0 }, "geometry": { "type": "LineString", "coordinates": [ [ -2.8394539, 54.0629364 ], [ -2.8389524, 54.0630828 ], [ -2.8392179, 54.0634307 ], [ -2.8392615, 54.0634197 ] ] } },
{ "type": "Feature", "properties": { "id": 17694, "nach": 0.42218505072500517 }, "geometry": { "type": "LineString", "coordinates": [ [ -2.8369717, 54.066862 ], [ -2.8369669, 54.0668759 ], [ -2.83697, 54.0668995 ], [ -2.8369926, 54.0669257 ], [ -2.8370348, 54.066944600000014 ], [ -2.8370753, 54.0669505 ] ] } },
{ "type": "Feature", "properties": { "id": 17690, "nach": 0.4648179575721359 }, "geometry": { "type": "LineString", "coordinates": [ [ -2.8371681, 54.0668366 ], [ -2.8371939, 54.066863599999984 ], [ -2.8371982, 54.0668871 ], [ -2.8371917, 54.0669055 ], [ -2.8371606, 54.0669329 ], [ -2.8371265, 54.0669455 ], [ -2.8370753, 54.0669505 ] ] } },
{ "type": "Feature", "properties": { "id": 17693, "nach": 0.47898461944533721 }, "geometry": { "type": "LineString", "coordinates": [ [ -2.8369717, 54.066862 ], [ -2.8369903, 54.066841 ], [ -2.8370065, 54.066831 ], [ -2.8370411, 54.0668188 ], [ -2.8370685, 54.0668149 ], [ -2.8371088, 54.0668162 ], [ -2.8371329, 54.0668212 ], [ -2.8371681, 54.0668366 ] ] } },
{ "type": "Feature", "properties": { "id": 25447, "nach": 0.52876487055035337 }, "geometry": { "type": "LineString", "coordinates": [ [ -2.83791960000001, 54.0664938 ], [ -2.8378419, 54.0665327 ], [ -2.8371681, 54.0668366 ] ] } },
{ "type": "Feature", "properties": { "id": 83635, "nach": 0.71097691371692173 }, "geometry": { "type": "LineString", "coordinates": [ [ -2.8379619, 54.0665223 ], [ -2.83791960000001, 54.0664938 ] ] } },
{ "type": "Feature", "properties": { "id": 83662, "nach": 0.70865014181954933 }, "geometry": { "type": "LineString", "coordinates": [ [ -2.8377845, 54.0664554 ], [ -2.8378531, 54.0664665 ], [ -2.83791960000001, 54.0664938 ] ] } },
{ "type": "Feature", "properties": { "id": 35483, "nach": 0.63346712294249929 }, "geometry": { "type": "LineString", "coordinates": [ [ -2.84533910000001, 54.0614917 ], [ -2.8459739, 54.0609031 ] ] } },
{ "type": "Feature", "properties": { "id": 35486, "nach": 0.45855010467931362 }, "geometry": { "type": "LineString", "coordinates": [ [ -2.8457753, 54.0616433 ], [ -2.84533910000001, 54.0614917 ] ] } },
{ "type": "Feature", "properties": { "id": 31300, "nach": 0.56288528468656507 }, "geometry": { "type": "LineString", "coordinates": [ [ -2.8424202, 54.0609094 ], [ -2.8422274, 54.0608417 ] ] } },
{ "type": "Feature", "properties": { "id": 54926, "nach": 0.51620780103676012 }, "geometry": { "type": "LineString", "coordinates": [ [ -2.8423115, 54.0610114 ], [ -2.8423672, 54.0609625 ], [ -2.8424202, 54.0609094 ] ] } },
{ "type": "Feature", "properties": { "id": 17840, "nach": 0.41034733487859049 }, "geometry": { "type": "LineString", "coordinates": [ [ -2.8436949, 54.0594834 ], [ -2.8422274, 54.0608417 ] ] } },
{ "type": "Feature", "properties": { "id": 54921, "nach": 0.55519628452978353 }, "geometry": { "type": "LineString", "coordinates": [ [ -2.8409767, 54.06036610000001 ], [ -2.8411378, 54.0604414 ], [ -2.8422274, 54.0608417 ] ] } },
{ "type": "Feature", "properties": { "id": 74241, "nach": 0.49194036554076298 }, "geometry": { "type": "LineString", "coordinates": [ [ -2.8394352, 54.0658459 ], [ -2.8394664, 54.0658761 ] ] } },
{ "type": "Feature", "properties": { "id": 74243, "nach": 0.47574207706692784 }, "geometry": { "type": "LineString", "coordinates": [ [ -2.8394352, 54.0658459 ], [ -2.8391035, 54.0659617 ], [ -2.8390203, 54.0660042 ], [ -2.83896, 54.0660625 ], [ -2.8389211, 54.0661278 ], [ -2.8389144, 54.0661861 ], [ -2.8389694, 54.066249 ], [ -2.8390498, 54.0663065 ], [ -2.8392175, 54.0663741 ] ] } },
{ "type": "Feature", "properties": { "id": 69331, "nach": 0.65157218276119744 }, "geometry": { "type": "LineString", "coordinates": [ [ -2.8457916, 54.0679435 ], [ -2.845658, 54.0679089 ] ] } },
{ "type": "Feature", "properties": { "id": 24220, "nach": 0.60432884022728917 }, "geometry": { "type": "LineString", "coordinates": [ [ -2.845658, 54.0679089 ], [ -2.8457312, 54.0678331 ], [ -2.845751, 54.0678071 ] ] } },
{ "type": "Feature", "properties": { "id": 69353, "nach": 0.60364189685857228 }, "geometry": { "type": "LineString", "coordinates": [ [ -2.84584990000001, 54.0679624 ], [ -2.8457916, 54.0679435 ] ] } },
{ "type": "Feature", "properties": { "id": 69344, "nach": 0.60169988464783863 }, "geometry": { "type": "LineString", "coordinates": [ [ -2.8458576, 54.067865500000011 ], [ -2.8457916, 54.0679435 ] ] } },
{ "type": "Feature", "properties": { "id": 69348, "nach": 0.38433181262001054 }, "geometry": { "type": "LineString", "coordinates": [ [ -2.845751, 54.0678071 ], [ -2.8458, 54.0678178 ], [ -2.8458216, 54.0678232 ], [ -2.8457978, 54.0678511 ], [ -2.8458203, 54.0678567 ], [ -2.8458576, 54.067865500000011 ] ] } },
{ "type": "Feature", "properties": { "id": 69347, "nach": 0.59840499333605601 }, "geometry": { "type": "LineString", "coordinates": [ [ -2.845751, 54.0678071 ], [ -2.8457821, 54.0677661 ], [ -2.8457895, 54.0677297 ], [ -2.8457846, 54.0676962 ], [ -2.8457434, 54.0676236 ], [ -2.8457271, 54.0675699 ], [ -2.8457404, 54.0674515 ] ] } },
{ "type": "Feature", "properties": { "id": 69361, "nach": 0.60667570808562254 }, "geometry": { "type": "LineString", "coordinates": [ [ -2.8457344, 54.0673303 ], [ -2.8457341, 54.067364 ], [ -2.8457404, 54.0674515 ] ] } },
{ "type": "Feature", "properties": { "id": 24222, "nach": 0.50363143782951481 }, "geometry": { "type": "LineString", "coordinates": [ [ -2.8457404, 54.0674515 ], [ -2.8458291, 54.0675469 ], [ -2.8458837, 54.0676132 ], [ -2.8459222, 54.0676692 ] ] } },
{ "type": "Feature", "properties": { "id": 69360, "nach": 0.57917792066281271 }, "geometry": { "type": "LineString", "coordinates": [ [ -2.8457344, 54.0673303 ], [ -2.8457434, 54.0673047 ], [ -2.84577030000001, 54.0672736 ], [ -2.8458158, 54.0672554 ], [ -2.845882, 54.0672394 ] ] } },
{ "type": "Feature", "properties": { "id": 74130, "nach": 0.50357299464952243 }, "geometry": { "type": "LineString", "coordinates": [ [ -2.8459577, 54.0673474 ], [ -2.8458153, 54.0673365 ], [ -2.8457344, 54.0673303 ] ] } },
{ "type": "Feature", "properties": { "id": 69329, "nach": 0.4403336385917575 }, "geometry": { "type": "LineString", "coordinates": [ [ -2.8459222, 54.0676692 ], [ -2.84590770000001, 54.0677058 ], [ -2.845916, 54.0677399 ], [ -2.8459036, 54.0678003 ], [ -2.8458862, 54.067831599999984 ], [ -2.8458576, 54.067865500000011 ] ] } },
{ "type": "Feature", "properties": { "id": 69330, "nach": 0.50915257623745247 }, "geometry": { "type": "LineString", "coordinates": [ [ -2.8459222, 54.0676692 ], [ -2.8459611, 54.067699 ], [ -2.8459855, 54.0677384 ], [ -2.845988, 54.067793 ], [ -2.8459818, 54.0678433 ], [ -2.8459771, 54.0678783 ] ] } },
{ "type": "Feature", "properties": { "id": 24246, "nach": 0.55492114833587181 }, "geometry": { "type": "LineString", "coordinates": [ [ -2.8464232, 54.0671036 ], [ -2.8461949, 54.0671629 ] ] } },
{ "type": "Feature", "properties": { "id": 24251, "nach": 0.56793867883865445 }, "geometry": { "type": "LineString", "coordinates": [ [ -2.845882, 54.0672394 ], [ -2.8461949, 54.0671629 ] ] } },
{ "type": "Feature", "properties": { "id": 24248, "nach": 0.24359218680912417 }, "geometry": { "type": "LineString", "coordinates": [ [ -2.8464604, 54.0675262 ], [ -2.8462155, 54.0671911 ], [ -2.8461949, 54.0671629 ] ] } },
{ "type": "Feature", "properties": { "id": 24245, "nach": 0.53998696245779165 }, "geometry": { "type": "LineString", "coordinates": [ [ -2.8464232, 54.0671036 ], [ -2.8466373, 54.067050300000012 ] ] } },
{ "type": "Feature", "properties": { "id": 24247, "nach": 0.1101494033794332 }, "geometry": { "type": "LineString", "coordinates": [ [ -2.8464232, 54.0671036 ], [ -2.8464462, 54.0671354 ], [ -2.8468296, 54.0676635 ], [ -2.8468506, 54.0676924 ] ] } },
{ "type": "Feature", "properties": { "id": 74129, "nach": 0.25471597451254452 }, "geometry": { "type": "LineString", "coordinates": [ [ -2.8459577, 54.0673474 ], [ -2.8459045, 54.0672715 ], [ -2.845882, 54.0672394 ] ] } },
{ "type": "Feature", "properties": { "id": 24249, "nach": 0.4434178756175795 }, "geometry": { "type": "LineString", "coordinates": [ [ -2.8464604, 54.0675262 ], [ -2.8466035, 54.0677103 ], [ -2.846627, 54.0677261 ], [ -2.8466506, 54.0677337 ], [ -2.846684, 54.0677328 ], [ -2.8467157, 54.0677263 ], [ -2.8468506, 54.0676924 ] ] } },
{ "type": "Feature", "properties": { "id": 24250, "nach": 0.46532210569687221 }, "geometry": { "type": "LineString", "coordinates": [ [ -2.8464604, 54.0675262 ], [ -2.8461994, 54.0675867 ], [ -2.8461527, 54.0675939 ], [ -2.8461262, 54.0675879 ], [ -2.8459577, 54.0673474 ] ] } },
{ "type": "Feature", "properties": { "id": 24236, "nach": 0.47786198122553575 }, "geometry": { "type": "LineString", "coordinates": [ [ -2.8473291, 54.0675731 ], [ -2.8475506, 54.0675183 ] ] } },
{ "type": "Feature", "properties": { "id": 24229, "nach": 0.0 }, "geometry": { "type": "LineString", "coordinates": [ [ -2.8471406, 54.0669387 ], [ -2.8472524, 54.0669235 ], [ -2.8473073, 54.0669187 ], [ -2.8473439, 54.0669294 ], [ -2.8473926, 54.066966399999984 ], [ -2.8475081, 54.0670952 ], [ -2.8477493, 54.0674322 ], [ -2.847758, 54.0674486 ], [ -2.8477524, 54.0674603 ], [ -2.8477415, 54.067470299999982 ], [ -2.8477225, 54.067476 ], [ -2.8475506, 54.0675183 ] ] } },
{ "type": "Feature", "properties": { "id": 74146, "nach": 0.41822451258697824 }, "geometry": { "type": "LineString", "coordinates": [ [ -2.8473182, 54.0671898 ], [ -2.84752760000001, 54.0674859 ], [ -2.8475506, 54.0675183 ] ] } },
{ "type": "Feature", "properties": { "id": 74126, "nach": 0.52633347242465112 }, "geometry": { "type": "LineString", "coordinates": [ [ -2.847204400000011, 54.0676043 ], [ -2.8473291, 54.0675731 ] ] } },
{ "type": "Feature", "properties": { "id": 74148, "nach": 0.41894587037678876 }, "geometry": { "type": "LineString", "coordinates": [ [ -2.8470927, 54.0672469 ], [ -2.8473063, 54.0675416 ], [ -2.8473291, 54.0675731 ] ] } },
{ "type": "Feature", "properties": { "id": 24234, "nach": 0.45479582629273457 }, "geometry": { "type": "LineString", "coordinates": [ [ -2.8469024, 54.0669842 ], [ -2.8469494, 54.0669731 ], [ -2.8471406, 54.0669387 ] ] } },
{ "type": "Feature", "properties": { "id": 74145, "nach": 0.42856186062564916 }, "geometry": { "type": "LineString", "coordinates": [ [ -2.8473182, 54.0671898 ], [ -2.8471632, 54.0669707 ], [ -2.8471406, 54.0669387 ] ] } },
{ "type": "Feature", "properties": { "id": 74147, "nach": 0.1096670524851658 }, "geometry": { "type": "LineString", "coordinates": [ [ -2.8473182, 54.0671898 ], [ -2.8471384, 54.0672353 ], [ -2.8470927, 54.0672469 ] ] } },
{ "type": "Feature", "properties": { "id": 74122, "nach": 0.5033248461160893 }, "geometry": { "type": "LineString", "coordinates": [ [ -2.8467718, 54.0670156 ], [ -2.8469024, 54.0669842 ] ] } },
{ "type": "Feature", "properties": { "id": 24233, "nach": 0.42925208193972947 }, "geometry": { "type": "LineString", "coordinates": [ [ -2.8469024, 54.0669842 ], [ -2.8470927, 54.0672469 ] ] } },
{ "type": "Feature", "properties": { "id": 74123, "nach": 0.52222828765035634 }, "geometry": { "type": "LineString", "coordinates": [ [ -2.8467718, 54.0670156 ], [ -2.8466373, 54.067050300000012 ] ] } },
{ "type": "Feature", "properties": { "id": 74128, "nach": 0.36999067171434541 }, "geometry": { "type": "LineString", "coordinates": [ [ -2.847204400000011, 54.0676043 ], [ -2.8471842, 54.0675758 ], [ -2.8467718, 54.0670156 ] ] } },
{ "type": "Feature", "properties": { "id": 74125, "nach": 0.48587788084261524 }, "geometry": { "type": "LineString", "coordinates": [ [ -2.847204400000011, 54.0676043 ], [ -2.847054, 54.0676418 ] ] } },
{ "type": "Feature", "properties": { "id": 74139, "nach": 0.569825498777356 }, "geometry": { "type": "LineString", "coordinates": [ [ -2.847246, 54.067660800000013 ], [ -2.8472249, 54.0676334 ], [ -2.847204400000011, 54.0676043 ] ] } },
{ "type": "Feature", "properties": { "id": 24242, "nach": 0.43610318445995683 }, "geometry": { "type": "LineString", "coordinates": [ [ -2.8468506, 54.0676924 ], [ -2.847054, 54.0676418 ] ] } },
{ "type": "Feature", "properties": { "id": 24239, "nach": 0.17537552634541101 }, "geometry": { "type": "LineString", "coordinates": [ [ -2.847054, 54.0676418 ], [ -2.8466593, 54.0670816 ], [ -2.8466373, 54.067050300000012 ] ] } },
{ "type": "Feature", "properties": { "id": 73648, "nach": 0.53115012909787451 }, "geometry": { "type": "LineString", "coordinates": [ [ -2.8379765, 54.0667121 ], [ -2.8380099, 54.0666232 ] ] } },
{ "type": "Feature", "properties": { "id": 83692, "nach": 0.6320888349886653 }, "geometry": { "type": "LineString", "coordinates": [ [ -2.8396112, 54.0666418 ], [ -2.8396027, 54.0666518 ], [ -2.8395841, 54.0666799 ] ] } },
{ "type": "Feature", "properties": { "id": 73653, "nach": 0.58674462341921119 }, "geometry": { "type": "LineString", "coordinates": [ [ -2.8395696, 54.0667412 ], [ -2.8395656, 54.0667168 ], [ -2.8395708, 54.0667 ], [ -2.8395841, 54.0666799 ] ] } },
{ "type": "Feature", "properties": { "id": 25456, "nach": 0.6632955911279268 }, "geometry": { "type": "LineString", "coordinates": [ [ -2.8393519, 54.0666343 ], [ -2.8394892, 54.0666584 ], [ -2.8395841, 54.0666799 ] ] } },
{ "type": "Feature", "properties": { "id": 83691, "nach": 0.58735310473125912 }, "geometry": { "type": "LineString", "coordinates": [ [ -2.8396112, 54.0666418 ], [ -2.8395982, 54.0666373 ], [ -2.8389431, 54.0663957 ], [ -2.83883030000001, 54.0663458 ] ] } },
{ "type": "Feature", "properties": { "id": 73652, "nach": 0.42244302635373576 }, "geometry": { "type": "LineString", "coordinates": [ [ -2.8395696, 54.0667412 ], [ -2.8395053, 54.0667443 ], [ -2.8394573, 54.0667506 ], [ -2.8394104, 54.066759900000015 ] ] } },
{ "type": "Feature", "properties": { "id": 83705, "nach": 0.64339180686084896 }, "geometry": { "type": "LineString", "coordinates": [ [ -2.839576, 54.0667737 ], [ -2.839573, 54.066762 ], [ -2.8395696, 54.0667412 ] ] } },
{ "type": "Feature", "properties": { "id": 83636, "nach": 0.0 }, "geometry": { "type": "LineString", "coordinates": [ [ -2.8379619, 54.0665223 ], [ -2.8379723, 54.0665605 ], [ -2.8379483, 54.0666164 ], [ -2.8380099, 54.0666232 ] ] } },
{ "type": "Feature", "properties": { "id": 83639, "nach": 0.71080900510305278 }, "geometry": { "type": "LineString", "coordinates": [ [ -2.8380213, 54.0665272 ], [ -2.8379916, 54.0665247 ], [ -2.8379619, 54.0665223 ] ] } },
{ "type": "Feature", "properties": { "id": 83660, "nach": 0.61719424261814193 }, "geometry": { "type": "LineString", "coordinates": [ [ -2.8377845, 54.0664554 ], [ -2.8377841, 54.0664314 ] ] } },
{ "type": "Feature", "properties": { "id": 83661, "nach": 0.6890591664146869 }, "geometry": { "type": "LineString", "coordinates": [ [ -2.8377845, 54.0664554 ], [ -2.8376553, 54.0664547 ], [ -2.8375862, 54.0664611 ], [ -2.837544, 54.0664393 ] ] } },
{ "type": "Feature", "properties": { "id": 73647, "nach": 0.61860580184905345 }, "geometry": { "type": "LineString", "coordinates": [ [ -2.8377343, 54.0663476 ], [ -2.8377527, 54.0663633 ], [ -2.8377754, 54.0663969 ], [ -2.8377841, 54.0664314 ] ] } },
{ "type": "Feature", "properties": { "id": 83663, "nach": 0.60008152186603259 }, "geometry": { "type": "LineString", "coordinates": [ [ -2.8376834, 54.066302500000013 ], [ -2.8377343, 54.0663476 ] ] } },
{ "type": "Feature", "properties": { "id": 25454, "nach": 0.66905853211480459 }, "geometry": { "type": "LineString", "coordinates": [ [ -2.8393256, 54.066629500000012 ], [ -2.8393519, 54.0666343 ] ] } },
{ "type": "Feature", "properties": { "id": 25458, "nach": 0.4954193296984355 }, "geometry": { "type": "LineString", "coordinates": [ [ -2.8391946, 54.0667664 ], [ -2.8391736, 54.066749 ], [ -2.8391609, 54.066729 ], [ -2.8391573, 54.0667092 ], [ -2.8391619, 54.0666894 ], [ -2.8391737, 54.0666718 ], [ -2.8391919, 54.0666562 ], [ -2.839221, 54.0666414 ], [ -2.8392557, 54.0666317 ], [ -2.8392905, 54.066628 ], [ -2.8393256, 54.066629500000012 ] ] } },
{ "type": "Feature", "properties": { "id": 25455, "nach": 0.45664782848348312 }, "geometry": { "type": "LineString", "coordinates": [ [ -2.8393519, 54.0666343 ], [ -2.8393844, 54.0666454 ], [ -2.8394106, 54.0666611 ], [ -2.839427600000011, 54.0666785 ], [ -2.8394368, 54.0666978 ], [ -2.839438, 54.0667176 ], [ -2.839431, 54.066737 ], [ -2.8394104, 54.066759900000015 ] ] } },
{ "type": "Feature", "properties": { "id": 25457, "nach": 0.60729665712782854 }, "geometry": { "type": "LineString", "coordinates": [ [ -2.8391946, 54.0667664 ], [ -2.8390584, 54.0667243 ] ] } },
{ "type": "Feature", "properties": { "id": 25461, "nach": 0.59945286381432727 }, "geometry": { "type": "LineString", "coordinates": [ [ -2.8392097, 54.0667747 ], [ -2.8391946, 54.0667664 ] ] } },
{ "type": "Feature", "properties": { "id": 73636, "nach": 0.61119631684399234 }, "geometry": { "type": "LineString", "coordinates": [ [ -2.8390584, 54.0667243 ], [ -2.83884050000001, 54.0666151 ] ] } },
{ "type": "Feature", "properties": { "id": 83652, "nach": 0.37292297594586321 }, "geometry": { "type": "LineString", "coordinates": [ [ -2.8389946, 54.0667595 ], [ -2.8390584, 54.0667243 ] ] } },
{ "type": "Feature", "properties": { "id": 25462, "nach": 0.45523198822252148 }, "geometry": { "type": "LineString", "coordinates": [ [ -2.8394011, 54.0667664 ], [ -2.8393658, 54.066782699999983 ], [ -2.8393407, 54.066789 ], [ -2.839314, 54.0667924 ], [ -2.83928760000001, 54.0667927 ], [ -2.8392615, 54.0667901 ], [ -2.8392342, 54.066784 ], [ -2.8392097, 54.0667747 ] ] } },
{ "type": "Feature", "properties": { "id": 73658, "nach": 0.57779619055503129 }, "geometry": { "type": "LineString", "coordinates": [ [ -2.8392703, 54.0668752 ], [ -2.8392097, 54.0667747 ] ] } },
{ "type": "Feature", "properties": { "id": 25463, "nach": 0.41847900573294655 }, "geometry": { "type": "LineString", "coordinates": [ [ -2.8394011, 54.0667664 ], [ -2.8393922, 54.066816499999987 ], [ -2.8393916, 54.066858 ], [ -2.8394049, 54.0668877 ] ] } },
{ "type": "Feature", "properties": { "id": 25464, "nach": 0.5052763100998916 }, "geometry": { "type": "LineString", "coordinates": [ [ -2.8394049, 54.0668877 ], [ -2.8394357, 54.0669269 ], [ -2.8394748, 54.0669675 ], [ -2.8394924, 54.066996 ] ] } },
{ "type": "Feature", "properties": { "id": 83709, "nach": 0.62389526766547054 }, "geometry": { "type": "LineString", "coordinates": [ [ -2.8394535, 54.0668733 ], [ -2.8394466, 54.066875499999988 ], [ -2.8394049, 54.0668877 ] ] } },
{ "type": "Feature", "properties": { "id": 83603, "nach": 0.60955197354418644 }, "geometry": { "type": "LineString", "coordinates": [ [ -2.8393164, 54.0669124 ], [ -2.8393521, 54.0669012 ], [ -2.839376, 54.0668958 ], [ -2.8394049, 54.0668877 ] ] } },
{ "type": "Feature", "properties": { "id": 83623, "nach": 0.60049875456701796 }, "geometry": { "type": "LineString", "coordinates": [ [ -2.8396838, 54.0671221 ], [ -2.8394924, 54.066996 ] ] } },
{ "type": "Feature", "properties": { "id": 83570, "nach": 0.40619057656281776 }, "geometry": { "type": "LineString", "coordinates": [ [ -2.8393266, 54.0670728 ], [ -2.8394924, 54.066996 ] ] } },
{ "type": "Feature", "properties": { "id": 73657, "nach": 0.59621375403044918 }, "geometry": { "type": "LineString", "coordinates": [ [ -2.8394924, 54.066996 ], [ -2.8394224, 54.0669812 ], [ -2.8393626, 54.0669464 ], [ -2.8393164, 54.0669124 ] ] } },
{ "type": "Feature", "properties": { "id": 83710, "nach": 0.55705708431128165 }, "geometry": { "type": "LineString", "coordinates": [ [ -2.8394535, 54.0668733 ], [ -2.8394691, 54.066873299999983 ], [ -2.8395943, 54.066876 ] ] } },
{ "type": "Feature", "properties": { "id": 83708, "nach": 0.59347308403052224 }, "geometry": { "type": "LineString", "coordinates": [ [ -2.8394535, 54.0668733 ], [ -2.8394596, 54.0668333 ], [ -2.8394727, 54.066814 ], [ -2.8394954, 54.0667979 ], [ -2.8395229, 54.0667818 ], [ -2.8395474, 54.0667765 ], [ -2.839576, 54.0667737 ] ] } },
{ "type": "Feature", "properties": { "id": 83602, "nach": 0.57026059039811217 }, "geometry": { "type": "LineString", "coordinates": [ [ -2.8393164, 54.0669124 ], [ -2.8392703, 54.0668752 ] ] } },
{ "type": "Feature", "properties": { "id": 83713, "nach": 0.62907610469694397 }, "geometry": { "type": "LineString", "coordinates": [ [ -2.8392745, 54.0669266 ], [ -2.8392841, 54.0669225 ], [ -2.8393164, 54.0669124 ] ] } },
{ "type": "Feature", "properties": { "id": 77511, "nach": 0.54481742337058103 }, "geometry": { "type": "LineString", "coordinates": [ [ -2.827915, 54.061714299999984 ], [ -2.8281664, 54.0615281 ], [ -2.8282355, 54.0614817 ] ] } },
{ "type": "Feature", "properties": { "id": 41952, "nach": 0.59792082497342058 }, "geometry": { "type": "LineString", "coordinates": [ [ -2.8281375, 54.0614491 ], [ -2.8281746, 54.0614532 ], [ -2.8282355, 54.0614817 ] ] } },
{ "type": "Feature", "properties": { "id": 77504, "nach": 0.58058807377382438 }, "geometry": { "type": "LineString", "coordinates": [ [ -2.8283468, 54.0615314 ], [ -2.8283252, 54.0615211 ], [ -2.8282355, 54.0614817 ] ] } },
{ "type": "Feature", "properties": { "id": 77510, "nach": 0.65433344150507078 }, "geometry": { "type": "LineString", "coordinates": [ [ -2.827915, 54.061714299999984 ], [ -2.8277072, 54.0618682 ] ] } },
{ "type": "Feature", "properties": { "id": 76374, "nach": 0.421738509481971 }, "geometry": { "type": "LineString", "coordinates": [ [ -2.8276165, 54.0618173 ], [ -2.8277072, 54.0618682 ] ] } },
{ "type": "Feature", "properties": { "id": 41943, "nach": 0.65103631872870382 }, "geometry": { "type": "LineString", "coordinates": [ [ -2.8274418, 54.0621046 ], [ -2.8274634, 54.0620464 ], [ -2.8277072, 54.0618682 ] ] } },
{ "type": "Feature", "properties": { "id": 77513, "nach": 0.3953666640486857 }, "geometry": { "type": "LineString", "coordinates": [ [ -2.827915, 54.061714299999984 ], [ -2.8279425, 54.0617268 ], [ -2.8279582, 54.061734 ], [ -2.8282225, 54.0615536 ], [ -2.828246, 54.0615381 ], [ -2.8282901, 54.0615311 ], [ -2.8283468, 54.0615314 ] ] } },
{ "type": "Feature", "properties": { "id": 77512, "nach": 0.65584429280462031 }, "geometry": { "type": "LineString", "coordinates": [ [ -2.827915, 54.061714299999984 ], [ -2.8278737, 54.0616954 ], [ -2.8278618, 54.0616899 ] ] } },
{ "type": "Feature", "properties": { "id": 76373, "nach": 0.49533427924219547 }, "geometry": { "type": "LineString", "coordinates": [ [ -2.8276165, 54.0618173 ], [ -2.8275305, 54.061769 ] ] } },
{ "type": "Feature", "properties": { "id": 77507, "nach": 0.53237825977731978 }, "geometry": { "type": "LineString", "coordinates": [ [ -2.8278618, 54.0616899 ], [ -2.82781, 54.0617261 ], [ -2.8277725, 54.0617415 ], [ -2.8277269, 54.0617407 ], [ -2.8276165, 54.0618173 ] ] } },
{ "type": "Feature", "properties": { "id": 41960, "nach": 0.0 }, "geometry": { "type": "LineString", "coordinates": [ [ -2.8273238, 54.0629752 ], [ -2.826621, 54.062656 ], [ -2.8272696, 54.06214210000001 ], [ -2.8274418, 54.0621046 ] ] } },
{ "type": "Feature", "properties": { "id": 41947, "nach": 0.64673024755586683 }, "geometry": { "type": "LineString", "coordinates": [ [ -2.8280529, 54.0624385 ], [ -2.827519, 54.0621787 ], [ -2.827467, 54.0621362 ], [ -2.8274418, 54.0621046 ] ] } },
{ "type": "Feature", "properties": { "id": 27947, "nach": 0.0 }, "geometry": { "type": "LineString", "coordinates": [ [ -2.8275305, 54.061769 ], [ -2.8275997, 54.0617168 ], [ -2.8277794, 54.0615463 ], [ -2.8277693, 54.0614964 ], [ -2.827702, 54.0614583 ], [ -2.8276419, 54.0614326 ], [ -2.8275524, 54.0614328 ], [ -2.8275223, 54.0614508 ], [ -2.8272121, 54.061637299999987 ], [ -2.8272028, 54.061705799999984 ], [ -2.8272401, 54.0617661 ], [ -2.8273849, 54.0617962 ], [ -2.8274661, 54.0617912 ], [ -2.8275305, 54.061769 ] ] } },
{ "type": "Feature", "properties": { "id": 65032, "nach": 0.64238404097522528 }, "geometry": { "type": "LineString", "coordinates": [ [ -2.8259422, 54.0646123 ], [ -2.8259705, 54.0646508 ], [ -2.8260511, 54.0647846 ], [ -2.8261042, 54.0648788 ], [ -2.826119, 54.0649088 ] ] } },
{ "type": "Feature", "properties": { "id": 65033, "nach": 0.46514217156639787 }, "geometry": { "type": "LineString", "coordinates": [ [ -2.8259422, 54.0646123 ], [ -2.8262075, 54.0645341 ], [ -2.8263219, 54.0644683 ], [ -2.8263645, 54.0644433 ], [ -2.8263666, 54.0644182 ], [ -2.8263531, 54.0643951 ], [ -2.8260787, 54.0641834 ] ] } },
{ "type": "Feature", "properties": { "id": 40848, "nach": 0.62787823042421187 }, "geometry": { "type": "LineString", "coordinates": [ [ -2.8260275, 54.063954 ], [ -2.8262146, 54.0638195 ] ] } },
{ "type": "Feature", "properties": { "id": 40861, "nach": 0.4815503196451964 }, "geometry": { "type": "LineString", "coordinates": [ [ -2.8269176, 54.0641517 ], [ -2.8268468, 54.0641809 ], [ -2.8266969, 54.0642479 ], [ -2.8263972, 54.0641118 ], [ -2.8260718, 54.06397290000001 ], [ -2.8260275, 54.063954 ] ] } },
{ "type": "Feature", "properties": { "id": 34071, "nach": 0.52804282121436319 }, "geometry": { "type": "LineString", "coordinates": [ [ -2.826119, 54.0649088 ], [ -2.8259437, 54.0649147 ], [ -2.8257864, 54.0649491 ], [ -2.8256345, 54.064997 ], [ -2.825486, 54.065052900000012 ], [ -2.8253412, 54.0651203 ], [ -2.8252339, 54.0651797 ], [ -2.8251346, 54.065245800000014 ], [ -2.8250366, 54.065310599999989 ], [ -2.8249422, 54.065364 ], [ -2.8248438, 54.0654083 ], [ -2.8247365, 54.0654464 ], [ -2.8246153, 54.0654822 ], [ -2.824477, 54.0655137 ], [ -2.8235095, 54.065736200000011 ], [ -2.8227365, 54.0658776 ] ] } },
{ "type": "Feature", "properties": { "id": 82391, "nach": 0.48722741108405077 }, "geometry": { "type": "LineString", "coordinates": [ [ -2.8403365, 54.065214 ], [ -2.8401864, 54.065270700000013 ] ] } },
{ "type": "Feature", "properties": { "id": 28716, "nach": 0.48568779607702117 }, "geometry": { "type": "LineString", "coordinates": [ [ -2.8399411, 54.0652368 ], [ -2.8400386, 54.0653244 ], [ -2.8401864, 54.065270700000013 ] ] } },
{ "type": "Feature", "properties": { "id": 82385, "nach": 0.24276462355192813 }, "geometry": { "type": "LineString", "coordinates": [ [ -2.8432748, 54.0647744 ], [ -2.8431853, 54.0646921 ] ] } },
{ "type": "Feature", "properties": { "id": 82376, "nach": 0.58610992579501964 }, "geometry": { "type": "LineString", "coordinates": [ [ -2.8436004, 54.0645454 ], [ -2.8433959, 54.0646184 ], [ -2.8431853, 54.0646921 ] ] } },
{ "type": "Feature", "properties": { "id": 82384, "nach": 0.55872021490540247 }, "geometry": { "type": "LineString", "coordinates": [ [ -2.8432748, 54.0647744 ], [ -2.8433119, 54.0648086 ] ] } },
{ "type": "Feature", "properties": { "id": 82387, "nach": 0.60344913701553682 }, "geometry": { "type": "LineString", "coordinates": [ [ -2.8432748, 54.0647744 ], [ -2.843316, 54.0647602 ], [ -2.8436848, 54.0646256 ] ] } },
{ "type": "Feature", "properties": { "id": 82377, "nach": 0.29943269728981287 }, "geometry": { "type": "LineString", "coordinates": [ [ -2.8436004, 54.0645454 ], [ -2.8436309, 54.0645752 ], [ -2.8436848, 54.0646256 ] ] } },
{ "type": "Feature", "properties": { "id": 28723, "nach": 0.48168490439679451 }, "geometry": { "type": "LineString", "coordinates": [ [ -2.8434571, 54.0649465 ], [ -2.8433119, 54.0648086 ] ] } },
{ "type": "Feature", "properties": { "id": 82371, "nach": 0.48035182272470178 }, "geometry": { "type": "LineString", "coordinates": [ [ -2.8429932, 54.0649206 ], [ -2.8433119, 54.0648086 ] ] } },
{ "type": "Feature", "properties": { "id": 74132, "nach": 0.65478890725175987 }, "geometry": { "type": "LineString", "coordinates": [ [ -2.8472131, 54.0685912 ], [ -2.8470235, 54.0685117 ], [ -2.8465468, 54.0682797 ] ] } },
{ "type": "Feature", "properties": { "id": 69334, "nach": 0.62999149156818091 }, "geometry": { "type": "LineString", "coordinates": [ [ -2.8460095, 54.0680195 ], [ -2.8460534, 54.068036 ], [ -2.8463929, 54.0681992 ], [ -2.8465468, 54.0682797 ] ] } },
{ "type": "Feature", "properties": { "id": 69367, "nach": 0.58623353563329861 }, "geometry": { "type": "LineString", "coordinates": [ [ -2.8466245, 54.0682365 ], [ -2.8465856, 54.0682581 ], [ -2.8465468, 54.0682797 ] ] } },
{ "type": "Feature", "properties": { "id": 74134, "nach": 0.45771237092174316 }, "geometry": { "type": "LineString", "coordinates": [ [ -2.8476841, 54.0682378 ], [ -2.8474842, 54.0682878 ], [ -2.8473086, 54.0685223 ], [ -2.8472131, 54.0685912 ] ] } },
{ "type": "Feature", "properties": { "id": 69354, "nach": 0.61228003353303884 }, "geometry": { "type": "LineString", "coordinates": [ [ -2.84584990000001, 54.0679624 ], [ -2.8459053, 54.06798040000001 ], [ -2.8460095, 54.0680195 ] ] } },
{ "type": "Feature", "properties": { "id": 69341, "nach": 0.53918483107212611 }, "geometry": { "type": "LineString", "coordinates": [ [ -2.8459771, 54.0678783 ], [ -2.8459755, 54.0678899 ], [ -2.8459768, 54.0679278 ], [ -2.8459842, 54.06796270000001 ], [ -2.8460095, 54.0680195 ] ] } },
{ "type": "Feature", "properties": { "id": 69368, "nach": 0.57066185246268786 }, "geometry": { "type": "LineString", "coordinates": [ [ -2.8466245, 54.0682365 ], [ -2.8466722, 54.06821 ], [ -2.8468546, 54.0681266 ], [ -2.8466222, 54.0678169 ] ] } },
{ "type": "Feature", "properties": { "id": 69366, "nach": 0.38500080513620111 }, "geometry": { "type": "LineString", "coordinates": [ [ -2.8466245, 54.0682365 ], [ -2.8465372, 54.0681952 ], [ -2.8461019, 54.0679833 ], [ -2.8460631, 54.0679633 ], [ -2.8460446, 54.0679461 ], [ -2.8460353, 54.0679206 ], [ -2.8460376, 54.067882 ] ] } },
{ "type": "Feature", "properties": { "id": 74143, "nach": 0.60889017178898397 }, "geometry": { "type": "LineString", "coordinates": [ [ -2.8468959, 54.0677484 ], [ -2.8466222, 54.0678169 ] ] } },
{ "type": "Feature", "properties": { "id": 69335, "nach": 0.56620193124423968 }, "geometry": { "type": "LineString", "coordinates": [ [ -2.8460376, 54.067882 ], [ -2.8460538, 54.0678124 ], [ -2.8460672, 54.0677704 ], [ -2.8460985, 54.0677346 ], [ -2.8461372, 54.0677022 ], [ -2.84623930000001, 54.0676771 ], [ -2.8464707, 54.0676201 ], [ -2.8466222, 54.0678169 ] ] } },
{ "type": "Feature", "properties": { "id": 74144, "nach": 0.45101516367709521 }, "geometry": { "type": "LineString", "coordinates": [ [ -2.8468959, 54.0677484 ], [ -2.8469197, 54.067780900000017 ], [ -2.8469765, 54.0677672 ] ] } },
{ "type": "Feature", "properties": { "id": 74142, "nach": 0.59457324403356837 }, "geometry": { "type": "LineString", "coordinates": [ [ -2.8468959, 54.0677484 ], [ -2.847246, 54.067660800000013 ] ] } },
{ "type": "Feature", "properties": { "id": 69342, "nach": 0.57582997729058794 }, "geometry": { "type": "LineString", "coordinates": [ [ -2.8459771, 54.0678783 ], [ -2.8460138, 54.0678802 ], [ -2.8460376, 54.067882 ] ] } },
{ "type": "Feature", "properties": { "id": 29670, "nach": 0.63406506640414428 }, "geometry": { "type": "LineString", "coordinates": [ [ -2.8304999, 54.0619151 ], [ -2.8307101, 54.0617435 ], [ -2.8308392, 54.0616364 ], [ -2.8309829, 54.0615322 ], [ -2.8313203, 54.0612831 ] ] } },
{ "type": "Feature", "properties": { "id": 34085, "nach": 0.59547853379756965 }, "geometry": { "type": "LineString", "coordinates": [ [ -2.8303275, 54.0620573 ], [ -2.8304999, 54.0619151 ] ] } },
{ "type": "Feature", "properties": { "id": 39510, "nach": 0.59009096261253502 }, "geometry": { "type": "LineString", "coordinates": [ [ -2.8301054, 54.061983899999987 ], [ -2.8302342, 54.0619723 ], [ -2.8303906, 54.0619416 ], [ -2.8304999, 54.0619151 ] ] } },
{ "type": "Feature", "properties": { "id": 42258, "nach": 0.61883559687297018 }, "geometry": { "type": "LineString", "coordinates": [ [ -2.8313203, 54.0612831 ], [ -2.8317378, 54.0609738 ], [ -2.8319882, 54.0607798 ], [ -2.8322012, 54.0606096 ] ] } },
{ "type": "Feature", "properties": { "id": 42259, "nach": 0.50654557303043479 }, "geometry": { "type": "LineString", "coordinates": [ [ -2.8313203, 54.0612831 ], [ -2.831605, 54.0611442 ], [ -2.8319585, 54.060919 ], [ -2.8320772, 54.0608228 ], [ -2.8321308, 54.0607834 ], [ -2.832209, 54.0607681 ], [ -2.8323106, 54.0607697 ] ] } },
{ "type": "Feature", "properties": { "id": 29671, "nach": 0.64774232840781298 }, "geometry": { "type": "LineString", "coordinates": [ [ -2.8299807, 54.0626946 ], [ -2.827842932522912, 54.064240261891506 ] ] } },
{ "type": "Feature", "properties": { "id": 29671, "nach": 0.64774232840781298 }, "geometry": { "type": "LineString", "coordinates": [ [ -2.826331736691897, 54.065161006427829 ], [ -2.8235749, 54.0664073 ] ] } },
{ "type": "Feature", "properties": { "id": 29672, "nach": 0.45557820305072438 }, "geometry": { "type": "LineString", "coordinates": [ [ -2.8285922, 54.0634865 ], [ -2.829255, 54.0629385 ] ] } },
{ "type": "Feature", "properties": { "id": 29673, "nach": 0.39101492840220992 }, "geometry": { "type": "LineString", "coordinates": [ [ -2.8285922, 54.0634865 ], [ -2.8288325, 54.0633918 ], [ -2.8290396, 54.063225 ], [ -2.829335, 54.062992 ], [ -2.829591, 54.062810900000024 ], [ -2.8297777, 54.0626794 ], [ -2.8299158, 54.0625672 ], [ -2.8299664, 54.0625235 ] ] } },
{ "type": "Feature", "properties": { "id": 33422, "nach": 0.49009553978636083 }, "geometry": { "type": "LineString", "coordinates": [ [ -2.8285922, 54.0634865 ], [ -2.815141222578949, 54.068018995854693 ] ] } },
{ "type": "Feature", "properties": { "id": 76389, "nach": 0.49962541008165756 }, "geometry": { "type": "LineString", "coordinates": [ [ -2.829255, 54.0629385 ], [ -2.8293548, 54.06277020000001 ], [ -2.829669, 54.0625002 ], [ -2.8297171, 54.0624276 ], [ -2.8297241, 54.06238 ] ] } },
{ "type": "Feature", "properties": { "id": 76390, "nach": 0.45053735332461115 }, "geometry": { "type": "LineString", "coordinates": [ [ -2.829255, 54.0629385 ], [ -2.829834, 54.0624598 ], [ -2.8298831, 54.0624166 ] ] } },
{ "type": "Feature", "properties": { "id": 34235, "nach": 0.5363947125505546 }, "geometry": { "type": "LineString", "coordinates": [ [ -2.8299664, 54.0625235 ], [ -2.8299183, 54.0625032 ], [ -2.829896, 54.0624938 ], [ -2.8299547, 54.0624473 ], [ -2.8299277, 54.0624357 ], [ -2.8298831, 54.0624166 ] ] } },
{ "type": "Feature", "properties": { "id": 40867, "nach": 0.65114223618443123 }, "geometry": { "type": "LineString", "coordinates": [ [ -2.8283215, 54.0643369 ], [ -2.827612366183229, 54.064123513085114 ] ] } },
{ "type": "Feature", "properties": { "id": 40858, "nach": 0.53187724923455704 }, "geometry": { "type": "LineString", "coordinates": [ [ -2.8275706, 54.0638907 ], [ -2.8274061, 54.0640025 ] ] } },
{ "type": "Feature", "properties": { "id": 40866, "nach": 0.46141185550650077 }, "geometry": { "type": "LineString", "coordinates": [ [ -2.826528, 54.06358190000001 ], [ -2.8268289, 54.0637348 ], [ -2.8274061, 54.0640025 ] ] } },
{ "type": "Feature", "properties": { "id": 40868, "nach": 0.55318374164126916 }, "geometry": { "type": "LineString", "coordinates": [ [ -2.8274061, 54.0640025 ], [ -2.8273672, 54.0640236 ], [ -2.8271573, 54.0640779 ] ] } },
{ "type": "Feature", "properties": { "id": 40867, "nach": 0.65114223618443123 }, "geometry": { "type": "LineString", "coordinates": [ [ -2.827842932522912, 54.064240261891506 ], [ -2.8274061, 54.0640025 ] ] } },
{ "type": "Feature", "properties": { "id": 34090, "nach": 0.63885085323991508 }, "geometry": { "type": "LineString", "coordinates": [ [ -2.8301118, 54.0620376 ], [ -2.8302823, 54.0620356 ], [ -2.8303275, 54.0620573 ] ] } },
{ "type": "Feature", "properties": { "id": 34285, "nach": 0.63500658560577683 }, "geometry": { "type": "LineString", "coordinates": [ [ -2.8302898, 54.0622547 ], [ -2.8304144, 54.0623151 ] ] } },
{ "type": "Feature", "properties": { "id": 34286, "nach": 0.41330068955051891 }, "geometry": { "type": "LineString", "coordinates": [ [ -2.8302898, 54.0622547 ], [ -2.8302315, 54.062293 ], [ -2.8301631, 54.0623141 ], [ -2.8300832, 54.062313 ] ] } },
{ "type": "Feature", "properties": { "id": 78310, "nach": 0.45455707766391307 }, "geometry": { "type": "LineString", "coordinates": [ [ -2.8371748, 54.0605148 ], [ -2.8369861, 54.0606747 ] ] } },
{ "type": "Feature", "properties": { "id": 78311, "nach": 0.44793578199794948 }, "geometry": { "type": "LineString", "coordinates": [ [ -2.8371748, 54.0605148 ], [ -2.8366026, 54.0602947 ] ] } },
{ "type": "Feature", "properties": { "id": 78314, "nach": 0.53019838851703593 }, "geometry": { "type": "LineString", "coordinates": [ [ -2.8374104, 54.0603081 ], [ -2.8373259, 54.0603868 ], [ -2.8371748, 54.0605148 ] ] } },
{ "type": "Feature", "properties": { "id": 31248, "nach": 0.42350035058106128 }, "geometry": { "type": "LineString", "coordinates": [ [ -2.8384022, 54.0611886 ], [ -2.8382637, 54.0613145 ], [ -2.836979, 54.06082640000001 ] ] } },
{ "type": "Feature", "properties": { "id": 31249, "nach": 0.43804759808679594 }, "geometry": { "type": "LineString", "coordinates": [ [ -2.8377789, 54.0609531 ], [ -2.8384022, 54.0611886 ] ] } },
{ "type": "Feature", "properties": { "id": 43729, "nach": 0.6496010715915983 }, "geometry": { "type": "LineString", "coordinates": [ [ -2.8396635, 54.061247 ], [ -2.8394877, 54.0611801 ], [ -2.8391524, 54.0610483 ] ] } },
{ "type": "Feature", "properties": { "id": 43726, "nach": 0.52032507575996412 }, "geometry": { "type": "LineString", "coordinates": [ [ -2.8389881, 54.0612209 ], [ -2.839045, 54.0611556 ], [ -2.8391524, 54.0610483 ] ] } },
{ "type": "Feature", "properties": { "id": 66575, "nach": 0.40652517491724216 }, "geometry": { "type": "LineString", "coordinates": [ [ -2.8388709, 54.060809 ], [ -2.8393509, 54.0609833 ], [ -2.8394101, 54.0609942 ], [ -2.8394551, 54.0609946 ], [ -2.8394886, 54.0609815 ], [ -2.8397737, 54.0607047 ] ] } },
{ "type": "Feature", "properties": { "id": 66584, "nach": 0.51770302820733649 }, "geometry": { "type": "LineString", "coordinates": [ [ -2.8389346, 54.0606926 ], [ -2.8388596, 54.060762600000011 ], [ -2.8388537, 54.0607779 ], [ -2.8388546, 54.060796299999986 ], [ -2.8388709, 54.060809 ] ] } },
{ "type": "Feature", "properties": { "id": 66572, "nach": 0.46672743846518905 }, "geometry": { "type": "LineString", "coordinates": [ [ -2.8392296, 54.0604177 ], [ -2.8395326, 54.0605292 ], [ -2.8395913, 54.0605696 ], [ -2.8396424, 54.0606257 ], [ -2.8396994, 54.060672 ], [ -2.8397737, 54.0607047 ] ] } },
{ "type": "Feature", "properties": { "id": 66579, "nach": 0.50621439788155287 }, "geometry": { "type": "LineString", "coordinates": [ [ -2.8390838, 54.0605536 ], [ -2.8392296, 54.0604177 ] ] } },
{ "type": "Feature", "properties": { "id": 31256, "nach": 0.44142092608875344 }, "geometry": { "type": "LineString", "coordinates": [ [ -2.8398889, 54.0606091 ], [ -2.8397737, 54.0607047 ] ] } },
{ "type": "Feature", "properties": { "id": 43718, "nach": 0.62451249397231645 }, "geometry": { "type": "LineString", "coordinates": [ [ -2.8400159, 54.0613796 ], [ -2.8399396, 54.0613509 ] ] } },
{ "type": "Feature", "properties": { "id": 43728, "nach": 0.64755069012465638 }, "geometry": { "type": "LineString", "coordinates": [ [ -2.8396635, 54.061247 ], [ -2.8399396, 54.0613509 ] ] } },
{ "type": "Feature", "properties": { "id": 31276, "nach": 0.57708886263745662 }, "geometry": { "type": "LineString", "coordinates": [ [ -2.8403554, 54.0609219 ], [ -2.8403554, 54.0609697 ], [ -2.8400385, 54.0612639 ], [ -2.8399396, 54.0613509 ] ] } },
{ "type": "Feature", "properties": { "id": 43717, "nach": 0.62172047886586357 }, "geometry": { "type": "LineString", "coordinates": [ [ -2.8400159, 54.0613796 ], [ -2.8407231, 54.0616581 ] ] } },
{ "type": "Feature", "properties": { "id": 43720, "nach": 0.43479070474035453 }, "geometry": { "type": "LineString", "coordinates": [ [ -2.8393626, 54.0616456 ], [ -2.8396308, 54.061743200000016 ], [ -2.8399111, 54.0614746 ], [ -2.8400159, 54.0613796 ] ] } },
{ "type": "Feature", "properties": { "id": 43730, "nach": 0.44669670333026579 }, "geometry": { "type": "LineString", "coordinates": [ [ -2.8394173, 54.0614721 ], [ -2.8396635, 54.061247 ] ] } },
{ "type": "Feature", "properties": { "id": 31281, "nach": 0.47806585026204212 }, "geometry": { "type": "LineString", "coordinates": [ [ -2.8402206, 54.060872 ], [ -2.8403554, 54.0609219 ] ] } },
{ "type": "Feature", "properties": { "id": 31292, "nach": 0.54799229336766808 }, "geometry": { "type": "LineString", "coordinates": [ [ -2.8403589, 54.0608617 ], [ -2.8403554, 54.0609219 ] ] } },
{ "type": "Feature", "properties": { "id": 31282, "nach": 0.0 }, "geometry": { "type": "LineString", "coordinates": [ [ -2.8402206, 54.060872 ], [ -2.8399272, 54.0611421 ], [ -2.8398528, 54.0611504 ], [ -2.8397183, 54.061098499999979 ], [ -2.8397219, 54.061061100000011 ], [ -2.8400084, 54.0607933 ] ] } },
{ "type": "Feature", "properties": { "id": 31286, "nach": 0.46800811430994999 }, "geometry": { "type": "LineString", "coordinates": [ [ -2.8401025, 54.0608282 ], [ -2.8402206, 54.060872 ] ] } },
{ "type": "Feature", "properties": { "id": 31293, "nach": 0.54036354430428313 }, "geometry": { "type": "LineString", "coordinates": [ [ -2.8403589, 54.0608617 ], [ -2.8401502, 54.0607831 ] ] } },
{ "type": "Feature", "properties": { "id": 31295, "nach": 0.43417014380795571 }, "geometry": { "type": "LineString", "coordinates": [ [ -2.8404757, 54.0607537 ], [ -2.8403589, 54.0608617 ] ] } },
{ "type": "Feature", "properties": { "id": 31287, "nach": 0.43591468166538205 }, "geometry": { "type": "LineString", "coordinates": [ [ -2.8401025, 54.0608282 ], [ -2.8400084, 54.0607933 ] ] } },
{ "type": "Feature", "properties": { "id": 31284, "nach": 0.0 }, "geometry": { "type": "LineString", "coordinates": [ [ -2.8406897, 54.0602722 ], [ -2.8405394, 54.0602219 ], [ -2.8404722, 54.0602343 ], [ -2.8399484, 54.0607267 ], [ -2.8399519, 54.0607724 ], [ -2.8400084, 54.0607933 ] ] } },
{ "type": "Feature", "properties": { "id": 31290, "nach": 0.4481400950230961 }, "geometry": { "type": "LineString", "coordinates": [ [ -2.8401502, 54.0607831 ], [ -2.8401025, 54.0608282 ] ] } },
{ "type": "Feature", "properties": { "id": 31291, "nach": 0.55301558508206283 }, "geometry": { "type": "LineString", "coordinates": [ [ -2.8401502, 54.0607831 ], [ -2.8406897, 54.0602722 ] ] } },
{ "type": "Feature", "properties": { "id": 54929, "nach": 0.62078399747507651 }, "geometry": { "type": "LineString", "coordinates": [ [ -2.8408077, 54.0616904 ], [ -2.8407231, 54.0616581 ] ] } },
{ "type": "Feature", "properties": { "id": 31299, "nach": 0.4360745653315698 }, "geometry": { "type": "LineString", "coordinates": [ [ -2.8399765, 54.06201020000001 ], [ -2.8401638, 54.0620712 ], [ -2.8403991, 54.0618654 ], [ -2.8404823, 54.0618543 ], [ -2.8405293, 54.0618398 ], [ -2.8407231, 54.0616581 ] ] } },
{ "type": "Feature", "properties": { "id": 54933, "nach": 0.62005260508829929 }, "geometry": { "type": "LineString", "coordinates": [ [ -2.8414842, 54.0619702 ], [ -2.8408077, 54.0616904 ] ] } },
{ "type": "Feature", "properties": { "id": 54931, "nach": 0.44133288567542228 }, "geometry": { "type": "LineString", "coordinates": [ [ -2.840487, 54.0621028 ], [ -2.8406123, 54.0619024 ], [ -2.8406735, 54.06181930000001 ], [ -2.8408077, 54.0616904 ] ] } },
{ "type": "Feature", "properties": { "id": 54925, "nach": 0.4428795572036987 }, "geometry": { "type": "LineString", "coordinates": [ [ -2.8423115, 54.0610114 ], [ -2.84220290000001, 54.0611068 ], [ -2.8420471, 54.0611587 ] ] } },
{ "type": "Feature", "properties": { "id": 54927, "nach": 0.4315973810413587 }, "geometry": { "type": "LineString", "coordinates": [ [ -2.8433826, 54.0614283 ], [ -2.8423115, 54.0610114 ] ] } },
{ "type": "Feature", "properties": { "id": 31304, "nach": 0.0 }, "geometry": { "type": "LineString", "coordinates": [ [ -2.8420471, 54.0611587 ], [ -2.8412048, 54.0608471 ], [ -2.841088, 54.0608284 ], [ -2.8410137, 54.0608596 ], [ -2.8407093, 54.0611566 ], [ -2.84071990000001, 54.0612169 ], [ -2.840783600000011, 54.0612709 ], [ -2.8414596, 54.0615222 ], [ -2.841587, 54.0615222 ], [ -2.841672, 54.0614973 ], [ -2.8420471, 54.0611587 ] ] } },
{ "type": "Feature", "properties": { "id": 31340, "nach": 0.62184856798344357 }, "geometry": { "type": "LineString", "coordinates": [ [ -2.8461958, 54.0606973 ], [ -2.8459739, 54.0609031 ] ] } },
{ "type": "Feature", "properties": { "id": 31334, "nach": 0.49529281577351325 }, "geometry": { "type": "LineString", "coordinates": [ [ -2.8445336, 54.060363099999989 ], [ -2.8459739, 54.0609031 ] ] } },
{ "type": "Feature", "properties": { "id": 31338, "nach": 0.41057519179435648 }, "geometry": { "type": "LineString", "coordinates": [ [ -2.8437585, 54.06109630000001 ], [ -2.8445336, 54.060363099999989 ] ] } },
{ "type": "Feature", "properties": { "id": 33945, "nach": 0.59156989323855447 }, "geometry": { "type": "LineString", "coordinates": [ [ -2.8498229, 54.0616105 ], [ -2.8497894, 54.0615279 ] ] } },
{ "type": "Feature", "properties": { "id": 76948, "nach": 0.54638350624029508 }, "geometry": { "type": "LineString", "coordinates": [ [ -2.8494263, 54.0615089 ], [ -2.8495534, 54.0615276 ], [ -2.8496845, 54.0615322 ], [ -2.8497894, 54.0615279 ] ] } },
{ "type": "Feature", "properties": { "id": 44775, "nach": 0.5564100044873983 }, "geometry": { "type": "LineString", "coordinates": [ [ -2.8500281, 54.0611819 ], [ -2.8499309, 54.0612496 ], [ -2.8498648, 54.0613009 ], [ -2.8498174, 54.0613523 ], [ -2.8497932, 54.0613948 ], [ -2.8497807, 54.0614361 ], [ -2.8497811, 54.061478 ], [ -2.8497894, 54.0615279 ] ] } },
{ "type": "Feature", "properties": { "id": 76845, "nach": 0.65738953905031439 }, "geometry": { "type": "LineString", "coordinates": [ [ -2.85023, 54.0615638 ], [ -2.8500042, 54.0615902 ], [ -2.8498229, 54.0616105 ] ] } },
{ "type": "Feature", "properties": { "id": 76839, "nach": 0.64966470438783142 }, "geometry": { "type": "LineString", "coordinates": [ [ -2.8493597, 54.0617319 ], [ -2.849425, 54.0617235 ], [ -2.849596, 54.0616883 ], [ -2.8496363, 54.0616723 ], [ -2.849654, 54.061646499999988 ], [ -2.8496711, 54.0616431 ], [ -2.8498229, 54.0616105 ] ] } },
{ "type": "Feature", "properties": { "id": 76947, "nach": 0.60305591203587761 }, "geometry": { "type": "LineString", "coordinates": [ [ -2.8494263, 54.0615089 ], [ -2.8493893, 54.0615035 ], [ -2.84905870000001, 54.0612305 ] ] } },
{ "type": "Feature", "properties": { "id": 76949, "nach": 0.66168616779722611 }, "geometry": { "type": "LineString", "coordinates": [ [ -2.8494263, 54.0615089 ], [ -2.8493819, 54.0615446 ], [ -2.8493175, 54.0616127 ], [ -2.8492799, 54.0616492 ], [ -2.8492326, 54.0616708 ] ] } },
{ "type": "Feature", "properties": { "id": 76953, "nach": 0.64431083723015248 }, "geometry": { "type": "LineString", "coordinates": [ [ -2.8503459, 54.0608979 ], [ -2.8501536, 54.0610339 ], [ -2.8499881, 54.0611442 ], [ -2.8496051, 54.0614036 ], [ -2.8495166, 54.0614655 ], [ -2.8494897, 54.0614739 ], [ -2.8494668, 54.0614765 ], [ -2.8494263, 54.0615089 ] ] } },
{ "type": "Feature", "properties": { "id": 31394, "nach": 0.45717601916356787 }, "geometry": { "type": "LineString", "coordinates": [ [ -2.8429975, 54.0629887 ], [ -2.843362, 54.0626672 ] ] } },
{ "type": "Feature", "properties": { "id": 54932, "nach": 0.62132841582122611 }, "geometry": { "type": "LineString", "coordinates": [ [ -2.8414842, 54.0619702 ], [ -2.843362, 54.0626672 ] ] } },
{ "type": "Feature", "properties": { "id": 56754, "nach": 0.6279123142639097 }, "geometry": { "type": "LineString", "coordinates": [ [ -2.8437233, 54.0627828 ], [ -2.8435867, 54.062744599999988 ], [ -2.843362, 54.0626672 ] ] } },
{ "type": "Feature", "properties": { "id": 54935, "nach": 0.44378721292536827 }, "geometry": { "type": "LineString", "coordinates": [ [ -2.8409729, 54.0623084 ], [ -2.8412088, 54.0620846 ], [ -2.8414095, 54.0620142 ], [ -2.8414842, 54.0619702 ] ] } },
{ "type": "Feature", "properties": { "id": 56753, "nach": 0.63480049877841715 }, "geometry": { "type": "LineString", "coordinates": [ [ -2.8437233, 54.0627828 ], [ -2.8437909, 54.0627846 ], [ -2.8438533, 54.0627728 ] ] } },
{ "type": "Feature", "properties": { "id": 56755, "nach": 0.45474420604072935 }, "geometry": { "type": "LineString", "coordinates": [ [ -2.8437233, 54.0627828 ], [ -2.8436352, 54.062906 ], [ -2.8434241, 54.0631274 ], [ -2.8438013, 54.0632611 ] ] } },
{ "type": "Feature", "properties": { "id": 31398, "nach": 0.45973377057181547 }, "geometry": { "type": "LineString", "coordinates": [ [ -2.8443405, 54.0631069 ], [ -2.8438963, 54.0628237 ], [ -2.8438533, 54.0627728 ] ] } },
{ "type": "Feature", "properties": { "id": 33422, "nach": 0.49009553978636083 }, "geometry": { "type": "LineString", "coordinates": [ [ -2.827690384523129, 54.064163018311945 ], [ -2.8149759, 54.0680572 ] ] } },
{ "type": "Feature", "properties": { "id": 65027, "nach": 0.4908850358696234 }, "geometry": { "type": "LineString", "coordinates": [ [ -2.8226848, 54.0660108 ], [ -2.8227231, 54.066005699999984 ], [ -2.82341, 54.0658811 ], [ -2.8238431, 54.065781 ], [ -2.824371, 54.0656451 ], [ -2.8247963, 54.0655142 ], [ -2.8249715, 54.0654488 ], [ -2.8252037, 54.0653516 ], [ -2.8253774, 54.0652711 ], [ -2.8255306, 54.065182099999987 ], [ -2.825667, 54.0650883 ], [ -2.8257886, 54.0650066 ], [ -2.825839, 54.064986 ], [ -2.8259028, 54.0649751 ], [ -2.8259936, 54.064971 ], [ -2.8260716, 54.0649467 ], [ -2.826119, 54.0649088 ] ] } },
{ "type": "Feature", "properties": { "id": 34018, "nach": 0.56049848493002818 }, "geometry": { "type": "LineString", "coordinates": [ [ -2.821243, 54.0668886 ], [ -2.826175420794189, 54.065017679417267 ] ] } },
{ "type": "Feature", "properties": { "id": 42801, "nach": 0.40040453341021254 }, "geometry": { "type": "LineString", "coordinates": [ [ -2.82524, 54.06627 ], [ -2.8250931, 54.0663117 ], [ -2.8249415, 54.0663645 ], [ -2.8242309, 54.0665897 ], [ -2.8239135, 54.066698100000011 ], [ -2.8236908, 54.0667954 ], [ -2.8234824, 54.0669011 ], [ -2.8232407, 54.0670067 ], [ -2.823037, 54.0670957 ], [ -2.8226817, 54.0671902 ], [ -2.8224354, 54.067259700000015 ], [ -2.8214357, 54.0675044 ], [ -2.8212747, 54.067535 ], [ -2.8209904, 54.0675628 ], [ -2.820872, 54.0675739 ], [ -2.8207014, 54.0676072 ], [ -2.8203556, 54.0676823 ], [ -2.8199292, 54.0677657 ], [ -2.8198297, 54.06782410000001 ], [ -2.8197018, 54.0678964 ], [ -2.8195888, 54.0679301 ] ] } },
{ "type": "Feature", "properties": { "id": 76837, "nach": 0.55364543217664719 }, "geometry": { "type": "LineString", "coordinates": [ [ -2.8493597, 54.0617319 ], [ -2.8492944, 54.061692600000015 ] ] } },
{ "type": "Feature", "properties": { "id": 76840, "nach": 0.67874241883003883 }, "geometry": { "type": "LineString", "coordinates": [ [ -2.8493597, 54.0617319 ], [ -2.8493133, 54.0617384 ], [ -2.8491812, 54.0617662 ], [ -2.8491054, 54.06177910000001 ] ] } },
{ "type": "Feature", "properties": { "id": 60981, "nach": 0.65607216414599623 }, "geometry": { "type": "LineString", "coordinates": [ [ -2.8484512, 54.0619436 ], [ -2.8483712, 54.0619733 ] ] } },
{ "type": "Feature", "properties": { "id": 60999, "nach": 0.65593335048200119 }, "geometry": { "type": "LineString", "coordinates": [ [ -2.8483067, 54.0619933 ], [ -2.8483712, 54.0619733 ] ] } },
{ "type": "Feature", "properties": { "id": 61006, "nach": 0.31093260299724845 }, "geometry": { "type": "LineString", "coordinates": [ [ -2.8483403, 54.0619317 ], [ -2.8483712, 54.0619733 ] ] } },
{ "type": "Feature", "properties": { "id": 35487, "nach": 0.30154998576778963 }, "geometry": { "type": "LineString", "coordinates": [ [ -2.8484276, 54.0620439 ], [ -2.8483712, 54.0619733 ] ] } },
{ "type": "Feature", "properties": { "id": 61003, "nach": 0.62053521830519143 }, "geometry": { "type": "LineString", "coordinates": [ [ -2.8484223, 54.0619084 ], [ -2.8484512, 54.0619436 ] ] } },
{ "type": "Feature", "properties": { "id": 76931, "nach": 0.68806548167610071 }, "geometry": { "type": "LineString", "coordinates": [ [ -2.8489398, 54.06180410000001 ], [ -2.8488897, 54.0618117 ], [ -2.8484512, 54.0619436 ] ] } },
{ "type": "Feature", "properties": { "id": 61000, "nach": 0.68226222541981318 }, "geometry": { "type": "LineString", "coordinates": [ [ -2.8483067, 54.0619933 ], [ -2.8480627, 54.0620689 ] ] } },
{ "type": "Feature", "properties": { "id": 61008, "nach": 0.60283431229319706 }, "geometry": { "type": "LineString", "coordinates": [ [ -2.8483403, 54.0619317 ], [ -2.8482882, 54.0619466 ], [ -2.8483067, 54.0619933 ] ] } },
{ "type": "Feature", "properties": { "id": 61005, "nach": 0.59303485824216406 }, "geometry": { "type": "LineString", "coordinates": [ [ -2.8483403, 54.0619317 ], [ -2.8483002, 54.061878 ] ] } },
{ "type": "Feature", "properties": { "id": 61007, "nach": 0.47497711341547472 }, "geometry": { "type": "LineString", "coordinates": [ [ -2.8483403, 54.0619317 ], [ -2.8484223, 54.0619084 ] ] } },
{ "type": "Feature", "properties": { "id": 76825, "nach": 0.65723091404032541 }, "geometry": { "type": "LineString", "coordinates": [ [ -2.8488909, 54.0619108 ], [ -2.8486566, 54.0619772 ], [ -2.8484276, 54.0620439 ] ] } },
{ "type": "Feature", "properties": { "id": 34072, "nach": 0.49734531313742042 }, "geometry": { "type": "LineString", "coordinates": [ [ -2.826119, 54.0649088 ], [ -2.8261647, 54.064885 ], [ -2.8263137, 54.064782 ], [ -2.8263598, 54.0647212 ], [ -2.8263945, 54.0646768 ], [ -2.8264594, 54.0646393 ], [ -2.8268937, 54.0643927 ], [ -2.8271139, 54.0643126 ], [ -2.8271618, 54.0643149 ], [ -2.8272127, 54.0643269 ], [ -2.827266, 54.0643545 ] ] } },
{ "type": "Feature", "properties": { "id": 34018, "nach": 0.56049848493002818 }, "geometry": { "type": "LineString", "coordinates": [ [ -2.826175420794189, 54.065017679417267 ], [ -2.827266, 54.0643545 ] ] } },
{ "type": "Feature", "properties": { "id": 34019, "nach": 0.62459774122061273 }, "geometry": { "type": "LineString", "coordinates": [ [ -2.827266, 54.0643545 ], [ -2.827612366183229, 54.064123513085114 ] ] } },
{ "type": "Feature", "properties": { "id": 42805, "nach": 0.76709089553614995 }, "geometry": { "type": "LineString", "coordinates": [ [ -2.826175420794189, 54.065017679417267 ], [ -2.826119, 54.0649088 ] ] } },
{ "type": "Feature", "properties": { "id": 34098, "nach": 0.62555410217602592 }, "geometry": { "type": "LineString", "coordinates": [ [ -2.8297241, 54.06238 ], [ -2.8296855, 54.0623783 ], [ -2.8296505, 54.0623767 ] ] } },
{ "type": "Feature", "properties": { "id": 41966, "nach": 0.61756302728678192 }, "geometry": { "type": "LineString", "coordinates": [ [ -2.8295997, 54.0621827 ], [ -2.8296353, 54.0622415 ], [ -2.8296477, 54.0623116 ], [ -2.8296505, 54.0623767 ] ] } },
{ "type": "Feature", "properties": { "id": 34019, "nach": 0.62459774122061273 }, "geometry": { "type": "LineString", "coordinates": [ [ -2.827612366183229, 54.064123513085114 ], [ -2.8296505, 54.0623767 ] ] } },
{ "type": "Feature", "properties": { "id": 34097, "nach": 0.53138397875512666 }, "geometry": { "type": "LineString", "coordinates": [ [ -2.8297241, 54.06238 ], [ -2.8297213, 54.0623004 ], [ -2.8296968, 54.0622289 ], [ -2.8296418, 54.0621348 ], [ -2.8295916, 54.0620721 ] ] } },
{ "type": "Feature", "properties": { "id": 34228, "nach": 0.63205773628634898 }, "geometry": { "type": "LineString", "coordinates": [ [ -2.8298135, 54.0623843 ], [ -2.8297735, 54.062382400000011 ], [ -2.8297241, 54.06238 ] ] } },
{ "type": "Feature", "properties": { "id": 41964, "nach": 0.56317468597011222 }, "geometry": { "type": "LineString", "coordinates": [ [ -2.8295997, 54.0621827 ], [ -2.8295671, 54.0621898 ], [ -2.8294894, 54.0622113 ], [ -2.8294425, 54.0622251 ], [ -2.8286829, 54.0627651 ] ] } },
{ "type": "Feature", "properties": { "id": 77505, "nach": 0.567388593157929 }, "geometry": { "type": "LineString", "coordinates": [ [ -2.8283468, 54.0615314 ], [ -2.8294693, 54.062068900000014 ], [ -2.8295467, 54.0621124 ], [ -2.8295997, 54.0621827 ] ] } },
{ "type": "Feature", "properties": { "id": 34217, "nach": 0.59980978775517713 }, "geometry": { "type": "LineString", "coordinates": [ [ -2.8308333, 54.0623347 ], [ -2.8308544, 54.0622567 ] ] } },
{ "type": "Feature", "properties": { "id": 77426, "nach": 0.60830136957081871 }, "geometry": { "type": "LineString", "coordinates": [ [ -2.8310688, 54.0625807 ], [ -2.8310497, 54.0625639 ], [ -2.830966, 54.062457299999984 ], [ -2.8308333, 54.0623347 ] ] } },
{ "type": "Feature", "properties": { "id": 39512, "nach": 0.67083240027942126 }, "geometry": { "type": "LineString", "coordinates": [ [ -2.8301054, 54.061983899999987 ], [ -2.8301073, 54.0620058 ], [ -2.8301118, 54.0620376 ] ] } },
{ "type": "Feature", "properties": { "id": 34093, "nach": 0.60040890420381843 }, "geometry": { "type": "LineString", "coordinates": [ [ -2.8299907, 54.0621092 ], [ -2.8300595, 54.0620556 ], [ -2.8301118, 54.0620376 ] ] } },
{ "type": "Feature", "properties": { "id": 34232, "nach": 0.61950119842882889 }, "geometry": { "type": "LineString", "coordinates": [ [ -2.8298831, 54.0624166 ], [ -2.8298403, 54.0623967 ], [ -2.8298135, 54.0623843 ] ] } },
{ "type": "Feature", "properties": { "id": 34177, "nach": 0.54457836649843672 }, "geometry": { "type": "LineString", "coordinates": [ [ -2.8323106, 54.0607697 ], [ -2.8322134, 54.0607069 ], [ -2.8321973, 54.0606619 ], [ -2.8322012, 54.0606096 ] ] } },
{ "type": "Feature", "properties": { "id": 42260, "nach": 0.70804196021798649 }, "geometry": { "type": "LineString", "coordinates": [ [ -2.8322012, 54.0606096 ], [ -2.833409534414585, 54.059587162755435 ] ] } },
{ "type": "Feature", "properties": { "id": 77425, "nach": 0.57419759664390069 }, "geometry": { "type": "LineString", "coordinates": [ [ -2.8310688, 54.0625807 ], [ -2.8311177, 54.0626317 ], [ -2.8315313, 54.0628454 ], [ -2.8319105, 54.0630462 ], [ -2.8319405, 54.0630583 ], [ -2.8319632, 54.063063 ], [ -2.831986, 54.063059100000011 ], [ -2.8320005, 54.0630672 ], [ -2.8320365, 54.0630861 ] ] } },
{ "type": "Feature", "properties": { "id": 76835, "nach": 0.64671047700092843 }, "geometry": { "type": "LineString", "coordinates": [ [ -2.8491054, 54.06177910000001 ], [ -2.8490493, 54.0618136 ], [ -2.8488909, 54.0619108 ] ] } },
{ "type": "Feature", "properties": { "id": 38304, "nach": 0.58068942173265936 }, "geometry": { "type": "LineString", "coordinates": [ [ -2.8483002, 54.061878 ], [ -2.848192, 54.0617521 ] ] } },
{ "type": "Feature", "properties": { "id": 60996, "nach": 0.47385983980328578 }, "geometry": { "type": "LineString", "coordinates": [ [ -2.8483754, 54.0618556 ], [ -2.8483002, 54.061878 ] ] } },
{ "type": "Feature", "properties": { "id": 38305, "nach": 0.55933268269382896 }, "geometry": { "type": "LineString", "coordinates": [ [ -2.848192, 54.0617521 ], [ -2.8482641, 54.0617304 ] ] } },
{ "type": "Feature", "properties": { "id": 38306, "nach": 0.53388384459553495 }, "geometry": { "type": "LineString", "coordinates": [ [ -2.848192, 54.0617521 ], [ -2.848076, 54.0616191 ] ] } },
{ "type": "Feature", "properties": { "id": 60995, "nach": 0.59129798992999494 }, "geometry": { "type": "LineString", "coordinates": [ [ -2.8482641, 54.0617304 ], [ -2.8481726, 54.0616275 ], [ -2.848155, 54.0615955 ] ] } },
{ "type": "Feature", "properties": { "id": 60993, "nach": 0.46873564705896681 }, "geometry": { "type": "LineString", "coordinates": [ [ -2.8482641, 54.0617304 ], [ -2.8485952, 54.0616306 ] ] } },
{ "type": "Feature", "properties": { "id": 60997, "nach": 0.59828227253876753 }, "geometry": { "type": "LineString", "coordinates": [ [ -2.8483754, 54.0618556 ], [ -2.8482641, 54.0617304 ] ] } },
{ "type": "Feature", "properties": { "id": 38307, "nach": 0.16452244378042533 }, "geometry": { "type": "LineString", "coordinates": [ [ -2.848076, 54.0616191 ], [ -2.848155, 54.0615955 ] ] } },
{ "type": "Feature", "properties": { "id": 38308, "nach": 0.49899600816519862 }, "geometry": { "type": "LineString", "coordinates": [ [ -2.848076, 54.0616191 ], [ -2.84804850000001, 54.0615384 ], [ -2.8480562, 54.0615205 ] ] } },
{ "type": "Feature", "properties": { "id": 60990, "nach": 0.56382576078579627 }, "geometry": { "type": "LineString", "coordinates": [ [ -2.848155, 54.0615955 ], [ -2.8481151, 54.0615231 ] ] } },
{ "type": "Feature", "properties": { "id": 60991, "nach": 0.46655257048194898 }, "geometry": { "type": "LineString", "coordinates": [ [ -2.848155, 54.0615955 ], [ -2.848449, 54.0615079 ] ] } },
{ "type": "Feature", "properties": { "id": 60987, "nach": 0.51929424230660715 }, "geometry": { "type": "LineString", "coordinates": [ [ -2.8480562, 54.0615205 ], [ -2.8481151, 54.0615231 ] ] } },
{ "type": "Feature", "properties": { "id": 60988, "nach": 0.50734771366384457 }, "geometry": { "type": "LineString", "coordinates": [ [ -2.8480562, 54.0615205 ], [ -2.8480691, 54.0614905 ], [ -2.848114400000011, 54.061452900000013 ], [ -2.8482547, 54.061356 ] ] } },
{ "type": "Feature", "properties": { "id": 61012, "nach": 0.4610433578143287 }, "geometry": { "type": "LineString", "coordinates": [ [ -2.8481854, 54.0612414 ], [ -2.8479123, 54.0614781 ], [ -2.8479496, 54.0615158 ], [ -2.8480562, 54.0615205 ] ] } },
{ "type": "Feature", "properties": { "id": 38309, "nach": 0.20202933061007475 }, "geometry": { "type": "LineString", "coordinates": [ [ -2.848449, 54.0615079 ], [ -2.8485952, 54.0616306 ] ] } },
{ "type": "Feature", "properties": { "id": 61010, "nach": 0.17579426427421152 }, "geometry": { "type": "LineString", "coordinates": [ [ -2.8483391, 54.061422 ], [ -2.848449, 54.0615079 ] ] } },
{ "type": "Feature", "properties": { "id": 38310, "nach": 0.0 }, "geometry": { "type": "LineString", "coordinates": [ [ -2.8485952, 54.0616306 ], [ -2.848726, 54.0617509 ], [ -2.8483754, 54.0618556 ] ] } },
{ "type": "Feature", "properties": { "id": 61002, "nach": 0.61015680010408757 }, "geometry": { "type": "LineString", "coordinates": [ [ -2.8484223, 54.0619084 ], [ -2.8483754, 54.0618556 ] ] } },
{ "type": "Feature", "properties": { "id": 38311, "nach": 0.17569124390041135 }, "geometry": { "type": "LineString", "coordinates": [ [ -2.8482547, 54.061356 ], [ -2.8483391, 54.061422 ] ] } },
{ "type": "Feature", "properties": { "id": 61009, "nach": 0.45613924711143417 }, "geometry": { "type": "LineString", "coordinates": [ [ -2.848267, 54.061018 ], [ -2.8484673, 54.0610912 ], [ -2.8484889, 54.0611183 ], [ -2.8484443, 54.0611884 ], [ -2.8482547, 54.061356 ] ] } },
{ "type": "Feature", "properties": { "id": 61011, "nach": 0.46449762359256347 }, "geometry": { "type": "LineString", "coordinates": [ [ -2.8483391, 54.061422 ], [ -2.8481293, 54.0615032 ], [ -2.8481151, 54.0615231 ] ] } },
{ "type": "Feature", "properties": { "id": 51043, "nach": 0.46305221140364877 }, "geometry": { "type": "LineString", "coordinates": [ [ -2.8472395, 54.0623089 ], [ -2.8470629, 54.062191300000016 ], [ -2.8468407, 54.0620498 ], [ -2.8469, 54.061962800000011 ], [ -2.8472448, 54.0616437 ], [ -2.8472935, 54.06151950000001 ], [ -2.8470946, 54.0613109 ] ] } },
{ "type": "Feature", "properties": { "id": 60979, "nach": 0.67941731516017789 }, "geometry": { "type": "LineString", "coordinates": [ [ -2.8480627, 54.0620689 ], [ -2.8477768, 54.0621534 ], [ -2.847309, 54.0622916 ], [ -2.8472395, 54.0623089 ] ] } },
{ "type": "Feature", "properties": { "id": 76917, "nach": 0.68095270708037081 }, "geometry": { "type": "LineString", "coordinates": [ [ -2.8464456, 54.0625685 ], [ -2.8465032, 54.062549 ], [ -2.8468119, 54.062444400000011 ], [ -2.8472395, 54.0623089 ] ] } },
{ "type": "Feature", "properties": { "id": 76916, "nach": 0.48527470004780648 }, "geometry": { "type": "LineString", "coordinates": [ [ -2.8464456, 54.0625685 ], [ -2.8464717, 54.06259630000001 ], [ -2.8465069, 54.0626337 ] ] } },
{ "type": "Feature", "properties": { "id": 77508, "nach": 0.66082499649660853 }, "geometry": { "type": "LineString", "coordinates": [ [ -2.8278618, 54.0616899 ], [ -2.8281086, 54.0615003 ], [ -2.8281347, 54.0614733 ], [ -2.8281375, 54.0614491 ] ] } },
{ "type": "Feature", "properties": { "id": 40859, "nach": 0.63014379177313262 }, "geometry": { "type": "LineString", "coordinates": [ [ -2.8262146, 54.0638195 ], [ -2.8263254, 54.0637287 ] ] } },
{ "type": "Feature", "properties": { "id": 40860, "nach": 0.42774215393453496 }, "geometry": { "type": "LineString", "coordinates": [ [ -2.8262146, 54.0638195 ], [ -2.82644, 54.0639296 ], [ -2.8269176, 54.0641517 ] ] } },
{ "type": "Feature", "properties": { "id": 40850, "nach": 0.62816837022125849 }, "geometry": { "type": "LineString", "coordinates": [ [ -2.8263254, 54.0637287 ], [ -2.8263639, 54.0637028 ] ] } },
{ "type": "Feature", "properties": { "id": 40869, "nach": 0.47782671472032878 }, "geometry": { "type": "LineString", "coordinates": [ [ -2.8262154, 54.0635922 ], [ -2.8262944, 54.0637007 ], [ -2.8263254, 54.0637287 ] ] } },
{ "type": "Feature", "properties": { "id": 40862, "nach": 0.62826018267262795 }, "geometry": { "type": "LineString", "coordinates": [ [ -2.8263639, 54.0637028 ], [ -2.826528, 54.06358190000001 ] ] } },
{ "type": "Feature", "properties": { "id": 40863, "nach": 0.47106496693551569 }, "geometry": { "type": "LineString", "coordinates": [ [ -2.8263639, 54.0637028 ], [ -2.8266184, 54.0638228 ], [ -2.8271573, 54.0640779 ] ] } },
{ "type": "Feature", "properties": { "id": 41949, "nach": 0.45684466889429043 }, "geometry": { "type": "LineString", "coordinates": [ [ -2.8266217, 54.0635036 ], [ -2.8265851, 54.0634858 ], [ -2.8264442, 54.0634172 ], [ -2.8262154, 54.0635922 ] ] } },
{ "type": "Feature", "properties": { "id": 41944, "nach": 0.45193120406744852 }, "geometry": { "type": "LineString", "coordinates": [ [ -2.8260437, 54.062520700000015 ], [ -2.8257975, 54.0627225 ], [ -2.8257417, 54.0627852 ], [ -2.8257278, 54.0628452 ], [ -2.8257555, 54.0628855 ], [ -2.826037, 54.0630218 ], [ -2.825731, 54.063268 ], [ -2.8257514, 54.0633426 ], [ -2.8260343, 54.063499 ], [ -2.8262154, 54.0635922 ] ] } },
{ "type": "Feature", "properties": { "id": 40852, "nach": 0.63873023382755512 }, "geometry": { "type": "LineString", "coordinates": [ [ -2.8266597, 54.0634718 ], [ -2.8268203, 54.0633458 ] ] } },
{ "type": "Feature", "properties": { "id": 40853, "nach": 0.19909475052096171 }, "geometry": { "type": "LineString", "coordinates": [ [ -2.8266597, 54.0634718 ], [ -2.8271123, 54.0636794 ], [ -2.8275706, 54.0638907 ] ] } },
{ "type": "Feature", "properties": { "id": 41948, "nach": 0.6388825131119571 }, "geometry": { "type": "LineString", "coordinates": [ [ -2.8266217, 54.0635036 ], [ -2.8266597, 54.0634718 ] ] } },
{ "type": "Feature", "properties": { "id": 41959, "nach": 0.62976315600398325 }, "geometry": { "type": "LineString", "coordinates": [ [ -2.8273238, 54.0629752 ], [ -2.8268203, 54.0633458 ] ] } },
{ "type": "Feature", "properties": { "id": 40855, "nach": 0.49734000281834218 }, "geometry": { "type": "LineString", "coordinates": [ [ -2.8268203, 54.0633458 ], [ -2.8271196, 54.0634879 ], [ -2.8271871, 54.0635209 ] ] } },
{ "type": "Feature", "properties": { "id": 40856, "nach": 0.52606399145880478 }, "geometry": { "type": "LineString", "coordinates": [ [ -2.8277221, 54.0637788 ], [ -2.8275706, 54.0638907 ] ] } },
{ "type": "Feature", "properties": { "id": 41958, "nach": 0.63224824607775199 }, "geometry": { "type": "LineString", "coordinates": [ [ -2.8273238, 54.0629752 ], [ -2.8280529, 54.0624385 ] ] } },
{ "type": "Feature", "properties": { "id": 41956, "nach": 0.52243527054128991 }, "geometry": { "type": "LineString", "coordinates": [ [ -2.8284092, 54.0626171 ], [ -2.8271871, 54.0635209 ] ] } },
{ "type": "Feature", "properties": { "id": 41954, "nach": 0.40087719351754458 }, "geometry": { "type": "LineString", "coordinates": [ [ -2.8271871, 54.0635209 ], [ -2.8274923, 54.0636683 ], [ -2.8276824, 54.0637597 ], [ -2.8277221, 54.0637788 ] ] } },
{ "type": "Feature", "properties": { "id": 41962, "nach": 0.51387333488309617 }, "geometry": { "type": "LineString", "coordinates": [ [ -2.8286829, 54.0627651 ], [ -2.828942, 54.0629052 ], [ -2.8289359, 54.062935499999988 ], [ -2.8288903, 54.0629675 ], [ -2.8277221, 54.0637788 ] ] } },
{ "type": "Feature", "properties": { "id": 41961, "nach": 0.57167732782512437 }, "geometry": { "type": "LineString", "coordinates": [ [ -2.8286829, 54.0627651 ], [ -2.8284092, 54.0626171 ] ] } },
{ "type": "Feature", "properties": { "id": 40864, "nach": 0.51718922254777966 }, "geometry": { "type": "LineString", "coordinates": [ [ -2.8271573, 54.0640779 ], [ -2.8270859, 54.0640945 ], [ -2.8269176, 54.0641517 ] ] } },
{ "type": "Feature", "properties": { "id": 40865, "nach": 0.63354698151133104 }, "geometry": { "type": "LineString", "coordinates": [ [ -2.826528, 54.06358190000001 ], [ -2.8266217, 54.0635036 ] ] } },
{ "type": "Feature", "properties": { "id": 86221, "nach": 0.54954540234069615 }, "geometry": { "type": "LineString", "coordinates": [ [ -2.8300463, 54.066362300000016 ], [ -2.8301102, 54.06632290000001 ] ] } },
{ "type": "Feature", "properties": { "id": 86224, "nach": 0.58038807680259774 }, "geometry": { "type": "LineString", "coordinates": [ [ -2.8300463, 54.066362300000016 ], [ -2.8301368, 54.0664154 ], [ -2.8302639, 54.0664682 ], [ -2.8304013, 54.066513 ], [ -2.8305603, 54.0665446 ] ] } },
{ "type": "Feature", "properties": { "id": 86225, "nach": 0.55900145825783809 }, "geometry": { "type": "LineString", "coordinates": [ [ -2.829984, 54.0663169 ], [ -2.8300463, 54.066362300000016 ] ] } },
{ "type": "Feature", "properties": { "id": 86195, "nach": 0.46997601593076405 }, "geometry": { "type": "LineString", "coordinates": [ [ -2.8301102, 54.06632290000001 ], [ -2.8304262, 54.0661284 ], [ -2.8306656, 54.0660644 ] ] } },
{ "type": "Feature", "properties": { "id": 86194, "nach": 0.47373894466380129 }, "geometry": { "type": "LineString", "coordinates": [ [ -2.8301102, 54.06632290000001 ], [ -2.8302309, 54.066393 ] ] } },
{ "type": "Feature", "properties": { "id": 41957, "nach": 0.54795978013969548 }, "geometry": { "type": "LineString", "coordinates": [ [ -2.8284092, 54.0626171 ], [ -2.8283124, 54.062564799999983 ], [ -2.8280529, 54.0624385 ] ] } },
{ "type": "Feature", "properties": { "id": 42049, "nach": 0.51528729295769404 }, "geometry": { "type": "LineString", "coordinates": [ [ -2.8339515, 54.062835500000013 ], [ -2.8336659, 54.0628884 ], [ -2.8324975, 54.0630393 ], [ -2.8323843, 54.0630487 ] ] } },
{ "type": "Feature", "properties": { "id": 42048, "nach": 0.44410449057389356 }, "geometry": { "type": "LineString", "coordinates": [ [ -2.8339515, 54.062835500000013 ], [ -2.8348795, 54.062612 ], [ -2.834909, 54.0625578 ], [ -2.83490170000001, 54.0625014 ], [ -2.8348499, 54.0624472 ], [ -2.8346467, 54.0624255 ] ] } },
{ "type": "Feature", "properties": { "id": 42575, "nach": 0.0 }, "geometry": { "type": "LineString", "coordinates": [ [ -2.835637, 54.0603534 ], [ -2.835545, 54.0603594 ], [ -2.835435, 54.0603324 ], [ -2.8351666, 54.060237800000017 ], [ -2.8351487, 54.06021530000001 ], [ -2.8351641, 54.0601838 ], [ -2.8357162, 54.0596782 ], [ -2.835775, 54.0596377 ], [ -2.8358256, 54.059595299999984 ] ] } },
{ "type": "Feature", "properties": { "id": 42577, "nach": 0.45309399269581696 }, "geometry": { "type": "LineString", "coordinates": [ [ -2.8365343, 54.0606775 ], [ -2.835637, 54.0603534 ] ] } },
{ "type": "Feature", "properties": { "id": 43711, "nach": 0.50829047614060996 }, "geometry": { "type": "LineString", "coordinates": [ [ -2.8362132, 54.0597688 ], [ -2.8362275, 54.0597877 ], [ -2.8362086, 54.0598183 ], [ -2.8360183, 54.059960399999973 ], [ -2.8356414, 54.06031 ], [ -2.835637, 54.0603534 ] ] } },
{ "type": "Feature", "properties": { "id": 42804, "nach": 0.44509101559296704 }, "geometry": { "type": "LineString", "coordinates": [ [ -2.8248847, 54.0667343 ], [ -2.8248468, 54.0666425 ], [ -2.82524, 54.06627 ] ] } },
{ "type": "Feature", "properties": { "id": 78128, "nach": 0.44660641952475261 }, "geometry": { "type": "LineString", "coordinates": [ [ -2.8391953, 54.0612981 ], [ -2.8389881, 54.0612209 ] ] } },
{ "type": "Feature", "properties": { "id": 78127, "nach": 0.43763011235093785 }, "geometry": { "type": "LineString", "coordinates": [ [ -2.8384959, 54.0615276 ], [ -2.8387816, 54.0612571 ], [ -2.8388901, 54.0612288 ], [ -2.8389881, 54.0612209 ] ] } },
{ "type": "Feature", "properties": { "id": 44850, "nach": 0.0 }, "geometry": { "type": "LineString", "coordinates": [ [ -2.8394664, 54.0658761 ], [ -2.8396302, 54.0660374 ], [ -2.8398185, 54.0659701 ], [ -2.8396617, 54.0658204 ], [ -2.8394664, 54.0658761 ] ] } },
{ "type": "Feature", "properties": { "id": 44858, "nach": 0.4831084460678734 }, "geometry": { "type": "LineString", "coordinates": [ [ -2.8347641, 54.0653231 ], [ -2.8348263, 54.0653552 ] ] } },
{ "type": "Feature", "properties": { "id": 86229, "nach": 0.53035658375298234 }, "geometry": { "type": "LineString", "coordinates": [ [ -2.8478659, 54.0685916 ], [ -2.8479511, 54.0684747 ], [ -2.848095, 54.0683153 ], [ -2.8482476, 54.068096 ], [ -2.8483691, 54.068012 ], [ -2.8486998, 54.0679099 ], [ -2.84871860000001, 54.0679179 ] ] } },
{ "type": "Feature", "properties": { "id": 86234, "nach": 0.29507382927700021 }, "geometry": { "type": "LineString", "coordinates": [ [ -2.8486806, 54.068859 ], [ -2.8485782, 54.0688116 ], [ -2.8484589, 54.0687701 ], [ -2.8478659, 54.0685916 ] ] } },
{ "type": "Feature", "properties": { "id": 49870, "nach": 0.39574591871125731 }, "geometry": { "type": "LineString", "coordinates": [ [ -2.8258369, 54.0700985 ], [ -2.8262962, 54.0702979 ], [ -2.8267019, 54.070805 ], [ -2.827045, 54.0711346 ], [ -2.8271299, 54.0711522 ] ] } },
{ "type": "Feature", "properties": { "id": 49873, "nach": 0.0 }, "geometry": { "type": "LineString", "coordinates": [ [ -2.8258369, 54.0700985 ], [ -2.8255928, 54.070208 ], [ -2.8254964, 54.0703192 ], [ -2.8254562, 54.0705484 ], [ -2.8253286, 54.0708175 ], [ -2.8251768, 54.0711383 ], [ -2.8250705, 54.0715375 ], [ -2.8248488, 54.0719741 ], [ -2.8246969, 54.0723911 ], [ -2.8246756, 54.072899 ], [ -2.8247273, 54.0733071 ], [ -2.8247576, 54.0736011 ], [ -2.8249095, 54.0737241 ], [ -2.8252466, 54.07389340000001 ], [ -2.8256566, 54.0740733 ], [ -2.8261697, 54.0742679 ] ] } },
{ "type": "Feature", "properties": { "id": 49865, "nach": 0.47446260798642331 }, "geometry": { "type": "LineString", "coordinates": [ [ -2.8272731, 54.0715347 ], [ -2.8272281, 54.0714791 ], [ -2.8271133, 54.0712799 ], [ -2.8271299, 54.0711522 ] ] } },
{ "type": "Feature", "properties": { "id": 49881, "nach": 0.46667470283663393 }, "geometry": { "type": "LineString", "coordinates": [ [ -2.8275828, 54.0699416 ], [ -2.8275427, 54.069996 ], [ -2.8273999, 54.0703257 ], [ -2.8272572, 54.070707 ], [ -2.8271478, 54.0710531 ], [ -2.8271299, 54.0711522 ] ] } },
{ "type": "Feature", "properties": { "id": 60980, "nach": 0.47217297042729939 }, "geometry": { "type": "LineString", "coordinates": [ [ -2.8480627, 54.0620689 ], [ -2.8480161, 54.0620146 ], [ -2.8479648, 54.0619735 ], [ -2.8476883, 54.0616552 ] ] } },
{ "type": "Feature", "properties": { "id": 76918, "nach": 0.68911606554634541 }, "geometry": { "type": "LineString", "coordinates": [ [ -2.8464456, 54.0625685 ], [ -2.846389, 54.0625877 ], [ -2.8460913, 54.0626912 ] ] } },
{ "type": "Feature", "properties": { "id": 76915, "nach": 0.59664800961942488 }, "geometry": { "type": "LineString", "coordinates": [ [ -2.8464456, 54.0625685 ], [ -2.8464339, 54.062556 ], [ -2.8463874, 54.0625108 ] ] } },
{ "type": "Feature", "properties": { "id": 83700, "nach": 0.4601038938519369 }, "geometry": { "type": "LineString", "coordinates": [ [ -2.8409966, 54.0678376 ], [ -2.8408354, 54.0679136 ] ] } },
{ "type": "Feature", "properties": { "id": 83615, "nach": 0.54434786125386803 }, "geometry": { "type": "LineString", "coordinates": [ [ -2.8407922, 54.0676855 ], [ -2.84088140000001, 54.0676406 ] ] } },
{ "type": "Feature", "properties": { "id": 83618, "nach": 0.60558968373038435 }, "geometry": { "type": "LineString", "coordinates": [ [ -2.8407922, 54.0676855 ], [ -2.8407631, 54.0676653 ], [ -2.8405291, 54.06750250000001 ], [ -2.8403168, 54.067359 ] ] } },
{ "type": "Feature", "properties": { "id": 83703, "nach": 0.56844109355279626 }, "geometry": { "type": "LineString", "coordinates": [ [ -2.8409966, 54.0678376 ], [ -2.8409882, 54.0678314 ], [ -2.8408093, 54.0676982 ], [ -2.8407922, 54.0676855 ] ] } },
{ "type": "Feature", "properties": { "id": 57193, "nach": 0.46468673325460158 }, "geometry": { "type": "LineString", "coordinates": [ [ -2.8410501, 54.0674218 ], [ -2.8411547, 54.067518699999987 ], [ -2.8411788, 54.0675533 ], [ -2.84117810000001, 54.0675798 ], [ -2.84116, 54.0675999 ], [ -2.8410415, 54.0676637 ], [ -2.8410098, 54.067673 ], [ -2.8409729, 54.0676738 ], [ -2.8409388, 54.0676689 ], [ -2.84088140000001, 54.0676406 ] ] } },
{ "type": "Feature", "properties": { "id": 57192, "nach": 0.46533645684271374 }, "geometry": { "type": "LineString", "coordinates": [ [ -2.8404598, 54.0673648 ], [ -2.8408017, 54.0675942 ], [ -2.84088140000001, 54.0676406 ] ] } },
{ "type": "Feature", "properties": { "id": 76929, "nach": 0.65486876832279106 }, "geometry": { "type": "LineString", "coordinates": [ [ -2.8489398, 54.06180410000001 ], [ -2.8491054, 54.06177910000001 ] ] } },
{ "type": "Feature", "properties": { "id": 76936, "nach": 0.62239186248308576 }, "geometry": { "type": "LineString", "coordinates": [ [ -2.8491316, 54.0617168 ], [ -2.8489398, 54.06180410000001 ] ] } },
{ "type": "Feature", "properties": { "id": 61025, "nach": 0.55123500247071455 }, "geometry": { "type": "LineString", "coordinates": [ [ -2.8456756, 54.06265830000001 ], [ -2.8456969, 54.0626499 ], [ -2.8457574, 54.062626 ] ] } },
{ "type": "Feature", "properties": { "id": 61022, "nach": 0.538205726770972 }, "geometry": { "type": "LineString", "coordinates": [ [ -2.8458523, 54.062591 ], [ -2.8458376, 54.0625963 ], [ -2.8457574, 54.062626 ] ] } },
{ "type": "Feature", "properties": { "id": 76816, "nach": 0.49173198722222194 }, "geometry": { "type": "LineString", "coordinates": [ [ -2.8456974, 54.0625743 ], [ -2.8457274, 54.0625984 ], [ -2.8457574, 54.062626 ] ] } },
{ "type": "Feature", "properties": { "id": 76885, "nach": 0.66339181879868425 }, "geometry": { "type": "LineString", "coordinates": [ [ -2.8456092, 54.0625868 ], [ -2.8456756, 54.06265830000001 ] ] } },
{ "type": "Feature", "properties": { "id": 76884, "nach": 0.67215838080580304 }, "geometry": { "type": "LineString", "coordinates": [ [ -2.8457336, 54.0627306 ], [ -2.8457209, 54.06270940000001 ], [ -2.8456756, 54.06265830000001 ] ] } },
{ "type": "Feature", "properties": { "id": 61021, "nach": 0.68432512442485638 }, "geometry": { "type": "LineString", "coordinates": [ [ -2.8458523, 54.062591 ], [ -2.8459412, 54.0626725 ], [ -2.8460072, 54.0626894 ], [ -2.8460913, 54.0626912 ] ] } },
{ "type": "Feature", "properties": { "id": 76812, "nach": 0.67926773666350582 }, "geometry": { "type": "LineString", "coordinates": [ [ -2.8457924, 54.0625402 ], [ -2.8458523, 54.062591 ] ] } },
{ "type": "Feature", "properties": { "id": 76817, "nach": 0.67500893350456925 }, "geometry": { "type": "LineString", "coordinates": [ [ -2.8456974, 54.0625743 ], [ -2.8456891, 54.0625677 ], [ -2.8456544, 54.0625389 ] ] } },
{ "type": "Feature", "properties": { "id": 76815, "nach": 0.6730493485564869 }, "geometry": { "type": "LineString", "coordinates": [ [ -2.8456974, 54.0625743 ], [ -2.8457722, 54.0625475 ], [ -2.8457924, 54.0625402 ] ] } },
{ "type": "Feature", "properties": { "id": 76902, "nach": 0.46492253116579518 }, "geometry": { "type": "LineString", "coordinates": [ [ -2.84527360000001, 54.0622934 ], [ -2.8453364, 54.0623175 ], [ -2.845455, 54.0623631 ], [ -2.8456056, 54.0624317 ], [ -2.8457132, 54.062484599999983 ], [ -2.8457924, 54.0625402 ] ] } },
{ "type": "Feature", "properties": { "id": 76886, "nach": 0.64535678182295964 }, "geometry": { "type": "LineString", "coordinates": [ [ -2.8456092, 54.0625868 ], [ -2.8456191, 54.0625798 ], [ -2.8456544, 54.0625389 ] ] } },
{ "type": "Feature", "properties": { "id": 76891, "nach": 0.54276180372087923 }, "geometry": { "type": "LineString", "coordinates": [ [ -2.8455422, 54.0625352 ], [ -2.8455834, 54.062567 ], [ -2.8456092, 54.0625868 ] ] } },
{ "type": "Feature", "properties": { "id": 76883, "nach": 0.67614168448582512 }, "geometry": { "type": "LineString", "coordinates": [ [ -2.8457336, 54.0627306 ], [ -2.8457462, 54.062754 ], [ -2.845752, 54.0627648 ], [ -2.845731, 54.0628035 ], [ -2.8457009, 54.0628241 ], [ -2.8456592, 54.0628409 ] ] } },
{ "type": "Feature", "properties": { "id": 76882, "nach": 0.4868822955322134 }, "geometry": { "type": "LineString", "coordinates": [ [ -2.8457336, 54.0627306 ], [ -2.8457022, 54.0627376 ], [ -2.8456483, 54.0627517 ], [ -2.8455805, 54.0627882 ], [ -2.8455042, 54.0628424 ], [ -2.845336, 54.0629061 ] ] } },
{ "type": "Feature", "properties": { "id": 76818, "nach": 0.62727247006613029 }, "geometry": { "type": "LineString", "coordinates": [ [ -2.8455851, 54.0628792 ], [ -2.8456592, 54.0628409 ] ] } },
{ "type": "Feature", "properties": { "id": 76823, "nach": 0.48134631554238339 }, "geometry": { "type": "LineString", "coordinates": [ [ -2.8456557, 54.06294230000001 ], [ -2.8455958, 54.06288880000001 ], [ -2.8455851, 54.0628792 ] ] } },
{ "type": "Feature", "properties": { "id": 76928, "nach": 0.6834979855536083 }, "geometry": { "type": "LineString", "coordinates": [ [ -2.844129383263363, 54.063713676492704 ], [ -2.8455851, 54.0628792 ] ] } },
{ "type": "Feature", "properties": { "id": 76927, "nach": 0.66996373584532931 }, "geometry": { "type": "LineString", "coordinates": [ [ -2.844215055806487, 54.063743049517448 ], [ -2.8456557, 54.06294230000001 ] ] } },
{ "type": "Feature", "properties": { "id": 66581, "nach": 0.44913917586317564 }, "geometry": { "type": "LineString", "coordinates": [ [ -2.8390838, 54.0605536 ], [ -2.839116, 54.0605652 ] ] } },
{ "type": "Feature", "properties": { "id": 66582, "nach": 0.47621326140765002 }, "geometry": { "type": "LineString", "coordinates": [ [ -2.8389346, 54.0606926 ], [ -2.8390838, 54.0605536 ] ] } },
{ "type": "Feature", "properties": { "id": 66583, "nach": 0.45031785621107362 }, "geometry": { "type": "LineString", "coordinates": [ [ -2.8389346, 54.0606926 ], [ -2.8389789, 54.0607093 ] ] } },
{ "type": "Feature", "properties": { "id": 69355, "nach": 0.48819589656591 }, "geometry": { "type": "LineString", "coordinates": [ [ -2.84584990000001, 54.0679624 ], [ -2.8458216, 54.0679978 ], [ -2.845804, 54.068016 ], [ -2.8456933, 54.0679854 ], [ -2.84552190000001, 54.067945699999989 ] ] } },
{ "type": "Feature", "properties": { "id": 69352, "nach": 0.59543519077049345 }, "geometry": { "type": "LineString", "coordinates": [ [ -2.8459109, 54.0678737 ], [ -2.84588190000001, 54.0678712 ], [ -2.8458576, 54.067865500000011 ] ] } },
{ "type": "Feature", "properties": { "id": 69350, "nach": 0.59193334816597609 }, "geometry": { "type": "LineString", "coordinates": [ [ -2.8459109, 54.0678737 ], [ -2.8459417, 54.0678764 ], [ -2.8459771, 54.0678783 ] ] } },
{ "type": "Feature", "properties": { "id": 69356, "nach": 0.24027976693304826 }, "geometry": { "type": "LineString", "coordinates": [ [ -2.84584990000001, 54.0679624 ], [ -2.8458862, 54.067917 ], [ -2.8459109, 54.0678737 ] ] } },
{ "type": "Feature", "properties": { "id": 76888, "nach": 0.57042592775443568 }, "geometry": { "type": "LineString", "coordinates": [ [ -2.8455422, 54.0625352 ], [ -2.8454916, 54.0625513 ] ] } },
{ "type": "Feature", "properties": { "id": 76895, "nach": 0.48340338157132451 }, "geometry": { "type": "LineString", "coordinates": [ [ -2.8452818, 54.0627092 ], [ -2.8453944, 54.0626636 ], [ -2.8454317, 54.0626276 ], [ -2.8454667, 54.0625836 ], [ -2.8454916, 54.0625513 ] ] } },
{ "type": "Feature", "properties": { "id": 76889, "nach": 0.54258691752074395 }, "geometry": { "type": "LineString", "coordinates": [ [ -2.8455422, 54.0625352 ], [ -2.8455556, 54.0625309 ], [ -2.845618, 54.0625111 ] ] } },
{ "type": "Feature", "properties": { "id": 76809, "nach": 0.70719683088863883 }, "geometry": { "type": "LineString", "coordinates": [ [ -2.8456544, 54.0625389 ], [ -2.845618, 54.0625111 ] ] } },
{ "type": "Feature", "properties": { "id": 83648, "nach": 0.3764063945232633 }, "geometry": { "type": "LineString", "coordinates": [ [ -2.8387856, 54.0666489 ], [ -2.83884050000001, 54.0666151 ] ] } },
{ "type": "Feature", "properties": { "id": 83649, "nach": 0.37101096824834845 }, "geometry": { "type": "LineString", "coordinates": [ [ -2.8387856, 54.0666489 ], [ -2.8387171, 54.0666912 ] ] } },
{ "type": "Feature", "properties": { "id": 83654, "nach": 0.63317117444983395 }, "geometry": { "type": "LineString", "coordinates": [ [ -2.8389946, 54.0667595 ], [ -2.8387856, 54.0666489 ] ] } },
{ "type": "Feature", "properties": { "id": 83653, "nach": 0.3818306285321923 }, "geometry": { "type": "LineString", "coordinates": [ [ -2.8389946, 54.0667595 ], [ -2.8389145, 54.0668038 ] ] } },
{ "type": "Feature", "properties": { "id": 83658, "nach": 0.62832313358002567 }, "geometry": { "type": "LineString", "coordinates": [ [ -2.8392116, 54.0669028 ], [ -2.8389946, 54.0667595 ] ] } },
{ "type": "Feature", "properties": { "id": 73639, "nach": 0.46089619816401933 }, "geometry": { "type": "LineString", "coordinates": [ [ -2.8379895, 54.0664428 ], [ -2.8378847, 54.0664349 ], [ -2.8377841, 54.0664314 ] ] } },
{ "type": "Feature", "properties": { "id": 73641, "nach": 0.48675901173222719 }, "geometry": { "type": "LineString", "coordinates": [ [ -2.8377841, 54.0664314 ], [ -2.837675, 54.066432100000014 ], [ -2.837544, 54.0664393 ] ] } },
{ "type": "Feature", "properties": { "id": 73650, "nach": 0.55738715569374131 }, "geometry": { "type": "LineString", "coordinates": [ [ -2.8380099, 54.0666232 ], [ -2.83801970000001, 54.0665815 ], [ -2.8380228, 54.066552 ], [ -2.8380213, 54.0665272 ] ] } },
{ "type": "Feature", "properties": { "id": 83704, "nach": 0.59317474520032798 }, "geometry": { "type": "LineString", "coordinates": [ [ -2.839576, 54.0667737 ], [ -2.8395783, 54.066784499999983 ], [ -2.8395943, 54.066876 ] ] } },
{ "type": "Feature", "properties": { "id": 83716, "nach": 0.49725671787369191 }, "geometry": { "type": "LineString", "coordinates": [ [ -2.8403747, 54.0670388 ], [ -2.8401984, 54.0669798 ], [ -2.8396476, 54.066781099999986 ], [ -2.8396083, 54.0667739 ], [ -2.839576, 54.0667737 ] ] } },
{ "type": "Feature", "properties": { "id": 83625, "nach": 0.35742425786225102 }, "geometry": { "type": "LineString", "coordinates": [ [ -2.8396838, 54.0671221 ], [ -2.8395175, 54.0672005 ] ] } },
{ "type": "Feature", "properties": { "id": 83626, "nach": 0.59865441102578698 }, "geometry": { "type": "LineString", "coordinates": [ [ -2.8398543, 54.0672351 ], [ -2.8396838, 54.0671221 ] ] } },
{ "type": "Feature", "properties": { "id": 83606, "nach": 0.60956898745827393 }, "geometry": { "type": "LineString", "coordinates": [ [ -2.83917270000001, 54.0669698 ], [ -2.8393266, 54.0670728 ] ] } },
{ "type": "Feature", "properties": { "id": 83571, "nach": 0.60522674006867405 }, "geometry": { "type": "LineString", "coordinates": [ [ -2.8395175, 54.0672005 ], [ -2.8393266, 54.0670728 ] ] } },
{ "type": "Feature", "properties": { "id": 83656, "nach": 0.4645818364305091 }, "geometry": { "type": "LineString", "coordinates": [ [ -2.8392116, 54.0669028 ], [ -2.8392703, 54.0668752 ] ] } },
{ "type": "Feature", "properties": { "id": 83657, "nach": 0.5009554999699446 }, "geometry": { "type": "LineString", "coordinates": [ [ -2.8392116, 54.0669028 ], [ -2.83913, 54.0669412 ] ] } },
{ "type": "Feature", "properties": { "id": 83711, "nach": 0.62859342611480229 }, "geometry": { "type": "LineString", "coordinates": [ [ -2.8392745, 54.0669266 ], [ -2.8392116, 54.0669028 ] ] } },
{ "type": "Feature", "properties": { "id": 73857, "nach": 0.47697713531499486 }, "geometry": { "type": "LineString", "coordinates": [ [ -2.834819, 54.066953899999987 ], [ -2.8348263, 54.066943900000012 ] ] } },
{ "type": "Feature", "properties": { "id": 73856, "nach": 0.58815207012030757 }, "geometry": { "type": "LineString", "coordinates": [ [ -2.834819, 54.066953899999987 ], [ -2.8348076, 54.066970399999988 ] ] } },
{ "type": "Feature", "properties": { "id": 73861, "nach": 0.57961794097726282 }, "geometry": { "type": "LineString", "coordinates": [ [ -2.8348444, 54.0668625 ], [ -2.8348228, 54.0668932 ], [ -2.8347862, 54.0669458 ], [ -2.834819, 54.066953899999987 ] ] } },
{ "type": "Feature", "properties": { "id": 73850, "nach": 0.47763253785165821 }, "geometry": { "type": "LineString", "coordinates": [ [ -2.8348538, 54.067011 ], [ -2.8348704, 54.0670149 ] ] } },
{ "type": "Feature", "properties": { "id": 73854, "nach": 0.25000236444513457 }, "geometry": { "type": "LineString", "coordinates": [ [ -2.8348076, 54.066970399999988 ], [ -2.8348719, 54.066985599999988 ], [ -2.8348538, 54.067011 ] ] } },
{ "type": "Feature", "properties": { "id": 73867, "nach": 0.52500598732062231 }, "geometry": { "type": "LineString", "coordinates": [ [ -2.8347338, 54.0670117 ], [ -2.8348258, 54.0670045 ], [ -2.8348376, 54.0670072 ], [ -2.8348538, 54.067011 ] ] } },
{ "type": "Feature", "properties": { "id": 73849, "nach": 0.47454836330590733 }, "geometry": { "type": "LineString", "coordinates": [ [ -2.8348629, 54.0668669 ], [ -2.8349609, 54.066890199999989 ], [ -2.83499220000001, 54.0668577 ], [ -2.8350019, 54.0668606 ] ] } },
{ "type": "Feature", "properties": { "id": 73848, "nach": 0.55064839323698234 }, "geometry": { "type": "LineString", "coordinates": [ [ -2.8348629, 54.0668669 ], [ -2.8348664, 54.0668627 ], [ -2.8348994, 54.0668255 ] ] } },
{ "type": "Feature", "properties": { "id": 73860, "nach": 0.5866603339767763 }, "geometry": { "type": "LineString", "coordinates": [ [ -2.8348444, 54.0668625 ], [ -2.8348629, 54.0668669 ] ] } },
{ "type": "Feature", "properties": { "id": 73829, "nach": 0.47452648103938116 }, "geometry": { "type": "LineString", "coordinates": [ [ -2.8348994, 54.0668255 ], [ -2.8349489, 54.0668418 ] ] } },
{ "type": "Feature", "properties": { "id": 73828, "nach": 0.4736624337491751 }, "geometry": { "type": "LineString", "coordinates": [ [ -2.8348994, 54.0668255 ], [ -2.8347706, 54.0667831 ] ] } },
{ "type": "Feature", "properties": { "id": 73834, "nach": 0.48304901275482137 }, "geometry": { "type": "LineString", "coordinates": [ [ -2.83528520000001, 54.066690400000013 ], [ -2.8352582, 54.0667273 ] ] } },
{ "type": "Feature", "properties": { "id": 73839, "nach": 0.59071666851731508 }, "geometry": { "type": "LineString", "coordinates": [ [ -2.8347129, 54.0668313 ], [ -2.8347256, 54.0667547 ], [ -2.8347656, 54.0667009 ], [ -2.834892, 54.066578399999983 ], [ -2.8351554, 54.0666503 ], [ -2.83528520000001, 54.066690400000013 ] ] } },
{ "type": "Feature", "properties": { "id": 73859, "nach": 0.54942528088135301 }, "geometry": { "type": "LineString", "coordinates": [ [ -2.8348444, 54.0668625 ], [ -2.8347129, 54.0668313 ] ] } },
{ "type": "Feature", "properties": { "id": 73863, "nach": 0.54156704453749049 }, "geometry": { "type": "LineString", "coordinates": [ [ -2.8347261, 54.0669684 ], [ -2.8347179, 54.066922799999986 ], [ -2.8347129, 54.0668313 ] ] } },
{ "type": "Feature", "properties": { "id": 73864, "nach": 0.60047715138342994 }, "geometry": { "type": "LineString", "coordinates": [ [ -2.8347261, 54.0669684 ], [ -2.8347789, 54.0669638 ], [ -2.8347917, 54.0669667 ], [ -2.8348076, 54.066970399999988 ] ] } },
{ "type": "Feature", "properties": { "id": 73865, "nach": 0.62246312488757616 }, "geometry": { "type": "LineString", "coordinates": [ [ -2.8347338, 54.0670117 ], [ -2.8347261, 54.0669684 ] ] } },
{ "type": "Feature", "properties": { "id": 73866, "nach": 0.63163018954320127 }, "geometry": { "type": "LineString", "coordinates": [ [ -2.8347338, 54.0670117 ], [ -2.8347433, 54.0670643 ], [ -2.8347592, 54.067146200000018 ] ] } },
{ "type": "Feature", "properties": { "id": 73846, "nach": 0.47917901016600506 }, "geometry": { "type": "LineString", "coordinates": [ [ -2.8350776, 54.0671683 ], [ -2.8348519, 54.0671416 ], [ -2.8347592, 54.067146200000018 ] ] } },
{ "type": "Feature", "properties": { "id": 74138, "nach": 0.44670633748814637 }, "geometry": { "type": "LineString", "coordinates": [ [ -2.847246, 54.067660800000013 ], [ -2.8472718, 54.0676931 ], [ -2.8472129, 54.067708 ] ] } },
{ "type": "Feature", "properties": { "id": 74141, "nach": 0.4396531527096163 }, "geometry": { "type": "LineString", "coordinates": [ [ -2.8479638, 54.0675137 ], [ -2.8473665, 54.0676632 ], [ -2.8473451, 54.067635 ], [ -2.847246, 54.067660800000013 ] ] } },
{ "type": "Feature", "properties": { "id": 74157, "nach": 0.47645176551102064 }, "geometry": { "type": "LineString", "coordinates": [ [ -2.8491178, 54.0679993 ], [ -2.8490346, 54.0679758 ], [ -2.8488882, 54.0679188 ], [ -2.8488204, 54.0678881 ], [ -2.8487973, 54.0678682 ], [ -2.848785, 54.0678411 ], [ -2.8487835, 54.0678049 ], [ -2.8487804, 54.06776330000001 ], [ -2.8487496, 54.0677073 ], [ -2.8485524, 54.0674505 ], [ -2.8485416, 54.0674243 ], [ -2.8485524, 54.0673954 ], [ -2.8485801, 54.0673674 ], [ -2.8486232, 54.0673448 ], [ -2.84866870000001, 54.0673344 ], [ -2.8487018, 54.067338 ], [ -2.8487372, 54.0673425 ], [ -2.8487657, 54.06733890000001 ], [ -2.84879730000001, 54.0673258 ], [ -2.8488235, 54.0672987 ], [ -2.84888510000001, 54.0672562 ], [ -2.8489329, 54.067243500000011 ], [ -2.848976, 54.0672408 ], [ -2.8490392, 54.0672471 ], [ -2.8490823, 54.0672471 ], [ -2.8491193, 54.067237200000015 ] ] } },
{ "type": "Feature", "properties": { "id": 74158, "nach": 0.49655186932157508 }, "geometry": { "type": "LineString", "coordinates": [ [ -2.84871860000001, 54.0679179 ], [ -2.8488936, 54.067992499999981 ], [ -2.8490939, 54.068078 ], [ -2.8491178, 54.0679993 ] ] } },
{ "type": "Feature", "properties": { "id": 74161, "nach": 0.44700092913210548 }, "geometry": { "type": "LineString", "coordinates": [ [ -2.8486267, 54.0677707 ], [ -2.848729, 54.0679048 ], [ -2.84871860000001, 54.0679179 ] ] } },
{ "type": "Feature", "properties": { "id": 76901, "nach": 0.48346441478761981 }, "geometry": { "type": "LineString", "coordinates": [ [ -2.84527360000001, 54.0622934 ], [ -2.8452842, 54.0622841 ], [ -2.8453824, 54.0622381 ] ] } },
{ "type": "Feature", "properties": { "id": 76940, "nach": 0.61389382878751719 }, "geometry": { "type": "LineString", "coordinates": [ [ -2.8491279, 54.0617685 ], [ -2.8491054, 54.06177910000001 ] ] } },
{ "type": "Feature", "properties": { "id": 76944, "nach": 0.54662249098164151 }, "geometry": { "type": "LineString", "coordinates": [ [ -2.8492326, 54.0616708 ], [ -2.8492944, 54.061692600000015 ] ] } },
{ "type": "Feature", "properties": { "id": 76942, "nach": 0.41484241896969554 }, "geometry": { "type": "LineString", "coordinates": [ [ -2.8491279, 54.0617685 ], [ -2.8491553, 54.0617556 ], [ -2.8492944, 54.061692600000015 ] ] } },
{ "type": "Feature", "properties": { "id": 76943, "nach": 0.48360052466828468 }, "geometry": { "type": "LineString", "coordinates": [ [ -2.8492326, 54.0616708 ], [ -2.8491359, 54.0616681 ] ] } },
{ "type": "Feature", "properties": { "id": 76945, "nach": 0.65761790915192864 }, "geometry": { "type": "LineString", "coordinates": [ [ -2.8492326, 54.0616708 ], [ -2.8492038, 54.0616839 ], [ -2.849151300000011, 54.0617078 ], [ -2.8491316, 54.0617168 ] ] } },
{ "type": "Feature", "properties": { "id": 76941, "nach": 0.60235286713521807 }, "geometry": { "type": "LineString", "coordinates": [ [ -2.8491279, 54.0617685 ], [ -2.8491316, 54.0617168 ] ] } },
{ "type": "Feature", "properties": { "id": 82360, "nach": 0.51391475409175813 }, "geometry": { "type": "LineString", "coordinates": [ [ -2.8426501, 54.0646121 ], [ -2.8428417, 54.0645258 ], [ -2.8430681, 54.0644124 ], [ -2.8436751, 54.0641095 ], [ -2.8442111, 54.0638388 ] ] } },
{ "type": "Feature", "properties": { "id": 76923, "nach": 0.64128680370813951 }, "geometry": { "type": "LineString", "coordinates": [ [ -2.844302153956463, 54.063772911212666 ], [ -2.8442111, 54.0638388 ] ] } },
{ "type": "Feature", "properties": { "id": 76911, "nach": 0.56108192822844827 }, "geometry": { "type": "LineString", "coordinates": [ [ -2.8463874, 54.0625108 ], [ -2.8463429, 54.0624677 ] ] } },
{ "type": "Feature", "properties": { "id": 76909, "nach": 0.48445692966655107 }, "geometry": { "type": "LineString", "coordinates": [ [ -2.8463091, 54.0623797 ], [ -2.8463429, 54.0624677 ] ] } },
{ "type": "Feature", "properties": { "id": 76910, "nach": 0.48457866889916973 }, "geometry": { "type": "LineString", "coordinates": [ [ -2.8462564, 54.0623984 ], [ -2.8463429, 54.0624677 ] ] } },
{ "type": "Feature", "properties": { "id": 76914, "nach": 0.48294119968205956 }, "geometry": { "type": "LineString", "coordinates": [ [ -2.8460484, 54.0626353 ], [ -2.8463874, 54.0625108 ] ] } },
{ "type": "Feature", "properties": { "id": 76938, "nach": 0.46107936368741465 }, "geometry": { "type": "LineString", "coordinates": [ [ -2.8491316, 54.0617168 ], [ -2.8491359, 54.0616681 ] ] } },
{ "type": "Feature", "properties": { "id": 76934, "nach": 0.47124718889778527 }, "geometry": { "type": "LineString", "coordinates": [ [ -2.8491359, 54.0616681 ], [ -2.8489545, 54.061534700000017 ] ] } },
{ "type": "Feature", "properties": { "id": 78316, "nach": 0.45378265546877056 }, "geometry": { "type": "LineString", "coordinates": [ [ -2.837457, 54.0607549 ], [ -2.8374704, 54.0606808 ], [ -2.8374303, 54.0606372 ], [ -2.8373693, 54.060577 ], [ -2.8373693, 54.0605256 ], [ -2.8374187, 54.0604201 ], [ -2.8374104, 54.0603081 ] ] } },
{ "type": "Feature", "properties": { "id": 80537, "nach": 0.48694368351006295 }, "geometry": { "type": "LineString", "coordinates": [ [ -2.8354457, 54.0647965 ], [ -2.8355133, 54.0647454 ], [ -2.8355556, 54.0647264 ], [ -2.8355944, 54.0647212 ], [ -2.8356391, 54.0647334 ], [ -2.8357702, 54.0647894 ] ] } },
{ "type": "Feature", "properties": { "id": 80539, "nach": 0.55877772729235964 }, "geometry": { "type": "LineString", "coordinates": [ [ -2.8354457, 54.0647965 ], [ -2.8354039, 54.06477 ], [ -2.8346929, 54.0644255 ], [ -2.834232, 54.0641968 ], [ -2.8335985, 54.0638912 ], [ -2.8335437, 54.0638578 ], [ -2.8330868, 54.0636484 ], [ -2.8330564, 54.0636378 ] ] } },
{ "type": "Feature", "properties": { "id": 80511, "nach": 0.50355604707683188 }, "geometry": { "type": "LineString", "coordinates": [ [ -2.8323485, 54.0631294 ], [ -2.8322634, 54.0631904 ], [ -2.8322538, 54.0632014 ] ] } },
{ "type": "Feature", "properties": { "id": 80527, "nach": 0.63775799115337994 }, "geometry": { "type": "LineString", "coordinates": [ [ -2.8325712, 54.0633967 ], [ -2.8325599, 54.0633906 ], [ -2.8325386, 54.0633792 ], [ -2.8322753, 54.0632282 ], [ -2.8322564, 54.0632146 ], [ -2.8322538, 54.0632014 ] ] } },
{ "type": "Feature", "properties": { "id": 80526, "nach": 0.54327854762944028 }, "geometry": { "type": "LineString", "coordinates": [ [ -2.8325712, 54.0633967 ], [ -2.8326006, 54.0634126 ], [ -2.8328219, 54.0635318 ] ] } },
{ "type": "Feature", "properties": { "id": 80525, "nach": 0.63738898174251435 }, "geometry": { "type": "LineString", "coordinates": [ [ -2.8325712, 54.0633967 ], [ -2.8326454, 54.0633455 ], [ -2.8326715, 54.063327 ] ] } },
{ "type": "Feature", "properties": { "id": 80530, "nach": 0.55980462049519497 }, "geometry": { "type": "LineString", "coordinates": [ [ -2.8330564, 54.0636378 ], [ -2.8329491, 54.0636005 ], [ -2.8328219, 54.0635318 ] ] } },
{ "type": "Feature", "properties": { "id": 80516, "nach": 0.49386216227751595 }, "geometry": { "type": "LineString", "coordinates": [ [ -2.8329304, 54.063419 ], [ -2.8329526, 54.0634426 ], [ -2.8328219, 54.0635318 ] ] } },
{ "type": "Feature", "properties": { "id": 80534, "nach": 0.60896807087092464 }, "geometry": { "type": "LineString", "coordinates": [ [ -2.8327441, 54.0633616 ], [ -2.8328252, 54.0634002 ], [ -2.8328835, 54.0634214 ], [ -2.8329304, 54.063419 ] ] } },
{ "type": "Feature", "properties": { "id": 80533, "nach": 0.61812921687041555 }, "geometry": { "type": "LineString", "coordinates": [ [ -2.8327441, 54.0633616 ], [ -2.8326715, 54.063327 ] ] } },
{ "type": "Feature", "properties": { "id": 80535, "nach": 0.49891298992854605 }, "geometry": { "type": "LineString", "coordinates": [ [ -2.8327441, 54.0633616 ], [ -2.8327694, 54.0633444 ], [ -2.8328319, 54.063302 ] ] } },
{ "type": "Feature", "properties": { "id": 80528, "nach": 0.48764726275163572 }, "geometry": { "type": "LineString", "coordinates": [ [ -2.8333149, 54.0630462 ], [ -2.8331899, 54.0629764 ], [ -2.8326918, 54.0630474 ], [ -2.8326142, 54.0630863 ], [ -2.8325373, 54.0631271 ], [ -2.8324814, 54.0631825 ], [ -2.8324864, 54.0632254 ], [ -2.8325149, 54.06325240000001 ], [ -2.8326715, 54.063327 ] ] } },
{ "type": "Feature", "properties": { "id": 80602, "nach": 0.6180036369612425 }, "geometry": { "type": "LineString", "coordinates": [ [ -2.8271971, 54.0660218 ], [ -2.8271935, 54.0660113 ], [ -2.8273619, 54.0656869 ], [ -2.8273917, 54.0656435 ] ] } },
{ "type": "Feature", "properties": { "id": 80607, "nach": 0.43879318378413368 }, "geometry": { "type": "LineString", "coordinates": [ [ -2.8286701, 54.065874 ], [ -2.8286582, 54.0658662 ], [ -2.8274132, 54.0656379 ], [ -2.8273917, 54.0656435 ] ] } },
{ "type": "Feature", "properties": { "id": 80616, "nach": 0.58235882171892539 }, "geometry": { "type": "LineString", "coordinates": [ [ -2.8284424, 54.0662525 ], [ -2.8272174, 54.0660337 ], [ -2.8271971, 54.0660218 ] ] } },
{ "type": "Feature", "properties": { "id": 80608, "nach": 0.33334875918542894 }, "geometry": { "type": "LineString", "coordinates": [ [ -2.8286701, 54.065874 ], [ -2.8286725, 54.0658838 ], [ -2.8284887, 54.0662466 ], [ -2.8284756, 54.0662536 ] ] } },
{ "type": "Feature", "properties": { "id": 80615, "nach": 0.4957201657034091 }, "geometry": { "type": "LineString", "coordinates": [ [ -2.8284424, 54.0662525 ], [ -2.8284565, 54.066255 ], [ -2.8284756, 54.0662536 ] ] } },
{ "type": "Feature", "properties": { "id": 80642, "nach": 0.56001918204429968 }, "geometry": { "type": "LineString", "coordinates": [ [ -2.8284074, 54.0663228 ], [ -2.8284149, 54.066324200000011 ], [ -2.8284272, 54.0663297 ], [ -2.8284347, 54.0663358 ] ] } },
{ "type": "Feature", "properties": { "id": 80641, "nach": 0.42455741196245295 }, "geometry": { "type": "LineString", "coordinates": [ [ -2.8284074, 54.0663228 ], [ -2.8271716, 54.0661013 ], [ -2.8271547, 54.0661003 ] ] } },
{ "type": "Feature", "properties": { "id": 80645, "nach": 0.53454055152233704 }, "geometry": { "type": "LineString", "coordinates": [ [ -2.8269503, 54.0665077 ], [ -2.8269449, 54.0664959 ], [ -2.8270146, 54.0663552 ], [ -2.8271453, 54.0661047 ], [ -2.8271547, 54.0661003 ] ] } },
{ "type": "Feature", "properties": { "id": 80647, "nach": 0.55069268087688594 }, "geometry": { "type": "LineString", "coordinates": [ [ -2.8282726, 54.0666462 ], [ -2.8282887, 54.066636 ], [ -2.8284079, 54.066391 ], [ -2.8284318, 54.0663461 ], [ -2.8284347, 54.0663358 ] ] } },
{ "type": "Feature", "properties": { "id": 80648, "nach": 0.41399315451462904 }, "geometry": { "type": "LineString", "coordinates": [ [ -2.8282726, 54.0666462 ], [ -2.8282511, 54.0666486 ], [ -2.8279073, 54.0666039 ], [ -2.8269731, 54.0665179 ], [ -2.8269503, 54.0665077 ] ] } },
{ "type": "Feature", "properties": { "id": 80684, "nach": 0.50332856582751584 }, "geometry": { "type": "LineString", "coordinates": [ [ -2.8267133, 54.0670424 ], [ -2.8267066, 54.0670391 ], [ -2.8266833, 54.0670097 ], [ -2.8266926, 54.066965199999984 ], [ -2.826793, 54.0667692 ], [ -2.8268864, 54.0665993 ], [ -2.8268971, 54.0665867 ] ] } },
{ "type": "Feature", "properties": { "id": 80677, "nach": 0.40489112845069947 }, "geometry": { "type": "LineString", "coordinates": [ [ -2.8282376, 54.0667157 ], [ -2.8281424, 54.0667023 ], [ -2.8278882, 54.0666747 ], [ -2.827423, 54.06663180000001 ], [ -2.8270356, 54.0665956 ], [ -2.8268971, 54.0665867 ] ] } },
{ "type": "Feature", "properties": { "id": 80675, "nach": 0.53750167866295895 }, "geometry": { "type": "LineString", "coordinates": [ [ -2.8282376, 54.0667157 ], [ -2.8281613, 54.0668528 ], [ -2.8280936, 54.06697 ], [ -2.827992, 54.0671056 ], [ -2.8279698, 54.0671166 ] ] } },
{ "type": "Feature", "properties": { "id": 80685, "nach": 0.39200095969243637 }, "geometry": { "type": "LineString", "coordinates": [ [ -2.8267133, 54.0670424 ], [ -2.826758, 54.067057 ], [ -2.8279103, 54.0671227 ], [ -2.8279372, 54.0671207 ], [ -2.8279698, 54.0671166 ] ] } },
{ "type": "Feature", "properties": { "id": 80691, "nach": 0.44438012115837089 }, "geometry": { "type": "LineString", "coordinates": [ [ -2.827882, 54.0672298 ], [ -2.8278826, 54.0672228 ], [ -2.8278595, 54.0672074 ], [ -2.8278302, 54.0671929 ], [ -2.8277146, 54.0671848 ], [ -2.8273403, 54.0671631 ], [ -2.8269105, 54.0671414 ], [ -2.8267765, 54.0671351 ], [ -2.8267318, 54.0671459 ], [ -2.8267145, 54.0671512 ] ] } },
{ "type": "Feature", "properties": { "id": 80687, "nach": 0.38843454760779289 }, "geometry": { "type": "LineString", "coordinates": [ [ -2.8267145, 54.0671512 ], [ -2.8266997, 54.0671589 ], [ -2.8265946, 54.0673836 ], [ -2.8265151, 54.0675531 ], [ -2.8264071, 54.067793 ], [ -2.826301, 54.0680235 ], [ -2.826147, 54.0683444 ], [ -2.826009, 54.0686424 ], [ -2.8259311, 54.06882 ], [ -2.825901, 54.068881199999986 ], [ -2.8259118, 54.0689124 ], [ -2.8259547, 54.0689447 ], [ -2.8260056, 54.068962 ] ] } },
{ "type": "Feature", "properties": { "id": 83547, "nach": 0.36691035926771776 }, "geometry": { "type": "LineString", "coordinates": [ [ -2.842212, 54.0717933 ], [ -2.8421178, 54.0716986 ] ] } },
{ "type": "Feature", "properties": { "id": 83546, "nach": 0.36426046169639675 }, "geometry": { "type": "LineString", "coordinates": [ [ -2.8419531, 54.071562500000013 ], [ -2.8420539, 54.0715467 ], [ -2.84213290000001, 54.0716641 ], [ -2.8421178, 54.0716986 ] ] } },
{ "type": "Feature", "properties": { "id": 83590, "nach": 0.53038904152731792 }, "geometry": { "type": "LineString", "coordinates": [ [ -2.84166, 54.0691897 ], [ -2.8420304, 54.069038 ] ] } },
{ "type": "Feature", "properties": { "id": 83580, "nach": 0.60274403529557852 }, "geometry": { "type": "LineString", "coordinates": [ [ -2.8400099, 54.06753 ], [ -2.83984, 54.0674163 ] ] } },
{ "type": "Feature", "properties": { "id": 83559, "nach": 0.62695907480682289 }, "geometry": { "type": "LineString", "coordinates": [ [ -2.8387171, 54.0666912 ], [ -2.8385189, 54.0666005 ] ] } },
{ "type": "Feature", "properties": { "id": 83584, "nach": 0.59977479936686451 }, "geometry": { "type": "LineString", "coordinates": [ [ -2.8382104, 54.066550399999983 ], [ -2.8383067, 54.066548799999985 ], [ -2.8383829, 54.0665584 ], [ -2.8385189, 54.0666005 ] ] } },
{ "type": "Feature", "properties": { "id": 83562, "nach": 0.62306419650390321 }, "geometry": { "type": "LineString", "coordinates": [ [ -2.8389145, 54.0668038 ], [ -2.8387171, 54.0666912 ] ] } },
{ "type": "Feature", "properties": { "id": 83565, "nach": 0.62000509793171843 }, "geometry": { "type": "LineString", "coordinates": [ [ -2.83913, 54.0669412 ], [ -2.8389145, 54.0668038 ] ] } },
{ "type": "Feature", "properties": { "id": 83605, "nach": 0.6138860359078272 }, "geometry": { "type": "LineString", "coordinates": [ [ -2.83917270000001, 54.0669698 ], [ -2.83913, 54.0669412 ] ] } },
{ "type": "Feature", "properties": { "id": 83712, "nach": 0.43065069234186359 }, "geometry": { "type": "LineString", "coordinates": [ [ -2.8392745, 54.0669266 ], [ -2.83917270000001, 54.0669698 ] ] } },
{ "type": "Feature", "properties": { "id": 83574, "nach": 0.59986641431676935 }, "geometry": { "type": "LineString", "coordinates": [ [ -2.8396934, 54.0673182 ], [ -2.8395175, 54.0672005 ] ] } },
{ "type": "Feature", "properties": { "id": 83577, "nach": 0.60729740877722016 }, "geometry": { "type": "LineString", "coordinates": [ [ -2.83984, 54.0674163 ], [ -2.8396934, 54.0673182 ] ] } },
{ "type": "Feature", "properties": { "id": 83627, "nach": 0.46980495320840637 }, "geometry": { "type": "LineString", "coordinates": [ [ -2.8398543, 54.0672351 ], [ -2.8396934, 54.0673182 ] ] } },
{ "type": "Feature", "properties": { "id": 83630, "nach": 0.42883645943093746 }, "geometry": { "type": "LineString", "coordinates": [ [ -2.8400039, 54.0673352 ], [ -2.83984, 54.0674163 ] ] } },
{ "type": "Feature", "properties": { "id": 83631, "nach": 0.58368438206317141 }, "geometry": { "type": "LineString", "coordinates": [ [ -2.8400039, 54.0673352 ], [ -2.8399562, 54.0673026 ], [ -2.8398543, 54.0672351 ] ] } },
{ "type": "Feature", "properties": { "id": 83693, "nach": 0.58329378043262525 }, "geometry": { "type": "LineString", "coordinates": [ [ -2.8401501, 54.0674353 ], [ -2.8400039, 54.0673352 ] ] } },
{ "type": "Feature", "properties": { "id": 83721, "nach": 0.45391700676121677 }, "geometry": { "type": "LineString", "coordinates": [ [ -2.8415959, 54.0691386 ], [ -2.84166, 54.0691897 ] ] } },
{ "type": "Feature", "properties": { "id": 83720, "nach": 0.45391700676121677 }, "geometry": { "type": "LineString", "coordinates": [ [ -2.841733, 54.0692479 ], [ -2.84166, 54.0691897 ] ] } },
{ "type": "Feature", "properties": { "id": 83610, "nach": 0.61768538793160987 }, "geometry": { "type": "LineString", "coordinates": [ [ -2.8401388, 54.0672348 ], [ -2.8395976, 54.0668778 ], [ -2.8395943, 54.066876 ] ] } },
{ "type": "Feature", "properties": { "id": 83611, "nach": 0.61524983645485498 }, "geometry": { "type": "LineString", "coordinates": [ [ -2.8403168, 54.067359 ], [ -2.8401388, 54.0672348 ] ] } },
{ "type": "Feature", "properties": { "id": 83715, "nach": 0.40920661915158668 }, "geometry": { "type": "LineString", "coordinates": [ [ -2.8403747, 54.0670388 ], [ -2.8403431, 54.0670496 ], [ -2.8402541, 54.0670803 ], [ -2.8401892, 54.067111399999987 ], [ -2.8401424, 54.067164499999983 ], [ -2.8401388, 54.0672348 ] ] } },
{ "type": "Feature", "properties": { "id": 83695, "nach": 0.58824433766183093 }, "geometry": { "type": "LineString", "coordinates": [ [ -2.8401501, 54.0674353 ], [ -2.8402194, 54.0674042 ], [ -2.8403168, 54.067359 ] ] } },
{ "type": "Feature", "properties": { "id": 83701, "nach": 0.4698300162169961 }, "geometry": { "type": "LineString", "coordinates": [ [ -2.8409966, 54.0678376 ], [ -2.8411091, 54.06778460000001 ] ] } },
{ "type": "Feature", "properties": { "id": 86203, "nach": 0.69497789830750256 }, "geometry": { "type": "LineString", "coordinates": [ [ -2.8306227, 54.066607100000013 ], [ -2.8306838, 54.066615 ] ] } },
{ "type": "Feature", "properties": { "id": 86215, "nach": 0.42014741975087128 }, "geometry": { "type": "LineString", "coordinates": [ [ -2.8306362, 54.066554699999983 ], [ -2.8306227, 54.066607100000013 ] ] } },
{ "type": "Feature", "properties": { "id": 86220, "nach": 0.47441299080657878 }, "geometry": { "type": "LineString", "coordinates": [ [ -2.8305603, 54.0665446 ], [ -2.8305671, 54.0665117 ], [ -2.8305523, 54.0664869 ], [ -2.8305225, 54.0664687 ], [ -2.8303649, 54.06643230000001 ] ] } },
{ "type": "Feature", "properties": { "id": 86217, "nach": 0.57954587446856687 }, "geometry": { "type": "LineString", "coordinates": [ [ -2.8305603, 54.0665446 ], [ -2.8306362, 54.066554699999983 ] ] } },
{ "type": "Feature", "properties": { "id": 86191, "nach": 0.38174037084115808 }, "geometry": { "type": "LineString", "coordinates": [ [ -2.8306968, 54.06656 ], [ -2.8306951, 54.0665727 ], [ -2.8306838, 54.066615 ] ] } },
{ "type": "Feature", "properties": { "id": 86166, "nach": 0.60835668267815968 }, "geometry": { "type": "LineString", "coordinates": [ [ -2.8306679, 54.0666745 ], [ -2.8306724, 54.0666575 ], [ -2.8306838, 54.066615 ] ] } },
{ "type": "Feature", "properties": { "id": 86213, "nach": 0.58954800784180506 }, "geometry": { "type": "LineString", "coordinates": [ [ -2.8306362, 54.066554699999983 ], [ -2.8306968, 54.06656 ] ] } },
{ "type": "Feature", "properties": { "id": 86212, "nach": 0.59495900465814311 }, "geometry": { "type": "LineString", "coordinates": [ [ -2.8308601, 54.0665733 ], [ -2.8308345, 54.0665726 ], [ -2.8306968, 54.06656 ] ] } },
{ "type": "Feature", "properties": { "id": 86165, "nach": 0.59917675069972542 }, "geometry": { "type": "LineString", "coordinates": [ [ -2.8306679, 54.0666745 ], [ -2.8306262, 54.066667700000011 ], [ -2.8304532, 54.0666384 ] ] } },
{ "type": "Feature", "properties": { "id": 86181, "nach": 0.52788543896059292 }, "geometry": { "type": "LineString", "coordinates": [ [ -2.8308536, 54.0667527 ], [ -2.8308397, 54.0667363 ], [ -2.8308035, 54.0667081 ], [ -2.8307484, 54.0666879 ], [ -2.8306679, 54.0666745 ] ] } },
{ "type": "Feature", "properties": { "id": 86210, "nach": 0.47661553500094112 }, "geometry": { "type": "LineString", "coordinates": [ [ -2.8308601, 54.0665733 ], [ -2.8308687, 54.0665029 ] ] } },
{ "type": "Feature", "properties": { "id": 86187, "nach": 0.64508575653712807 }, "geometry": { "type": "LineString", "coordinates": [ [ -2.8311685, 54.0666778 ], [ -2.8311349, 54.0666817 ], [ -2.8310815, 54.0666923 ], [ -2.8310506, 54.066708 ], [ -2.8310316, 54.0667272 ], [ -2.8310213, 54.0667545 ] ] } },
{ "type": "Feature", "properties": { "id": 86169, "nach": 0.5274556675823876 }, "geometry": { "type": "LineString", "coordinates": [ [ -2.8301494, 54.0665866 ], [ -2.8301365, 54.066589399999984 ], [ -2.8301064, 54.0666071 ] ] } },
{ "type": "Feature", "properties": { "id": 86168, "nach": 0.55256564036102607 }, "geometry": { "type": "LineString", "coordinates": [ [ -2.8301494, 54.0665866 ], [ -2.8301718, 54.0665818 ], [ -2.8302157, 54.0665828 ], [ -2.8303112, 54.0666071 ] ] } },
{ "type": "Feature", "properties": { "id": 86163, "nach": 0.45782298938009369 }, "geometry": { "type": "LineString", "coordinates": [ [ -2.8302641, 54.0666677 ], [ -2.8301064, 54.0666071 ] ] } },
{ "type": "Feature", "properties": { "id": 86159, "nach": 0.40927092671171755 }, "geometry": { "type": "LineString", "coordinates": [ [ -2.8301718, 54.0667288 ], [ -2.8300978, 54.0666566 ], [ -2.8300901, 54.0666404 ], [ -2.8300918, 54.0666232 ], [ -2.8301064, 54.0666071 ] ] } },
{ "type": "Feature", "properties": { "id": 86162, "nach": 0.49738592227531753 }, "geometry": { "type": "LineString", "coordinates": [ [ -2.8302641, 54.0666677 ], [ -2.8302209, 54.0667091 ] ] } },
{ "type": "Feature", "properties": { "id": 86161, "nach": 0.49140896512985821 }, "geometry": { "type": "LineString", "coordinates": [ [ -2.8302641, 54.0666677 ], [ -2.8303026, 54.066630800000013 ] ] } },
{ "type": "Feature", "properties": { "id": 86160, "nach": 0.345021520315064 }, "geometry": { "type": "LineString", "coordinates": [ [ -2.8301718, 54.0667288 ], [ -2.8302081, 54.0667642 ], [ -2.8303551, 54.0669101 ], [ -2.8304205, 54.0669449 ], [ -2.8304885, 54.0669626 ], [ -2.8305694, 54.0669747 ], [ -2.8306477, 54.0669727 ], [ -2.8307174, 54.0669586 ], [ -2.8307768, 54.0669404 ], [ -2.8308233, 54.0669101 ] ] } },
{ "type": "Feature", "properties": { "id": 86158, "nach": 0.41670366949614746 }, "geometry": { "type": "LineString", "coordinates": [ [ -2.8301718, 54.0667288 ], [ -2.8302209, 54.0667091 ] ] } },
{ "type": "Feature", "properties": { "id": 86133, "nach": 0.51948015281171633 }, "geometry": { "type": "LineString", "coordinates": [ [ -2.8304532, 54.0666384 ], [ -2.8303112, 54.0666071 ] ] } },
{ "type": "Feature", "properties": { "id": 86154, "nach": 0.49507459897232847 }, "geometry": { "type": "LineString", "coordinates": [ [ -2.8303026, 54.066630800000013 ], [ -2.8303112, 54.0666071 ] ] } },
{ "type": "Feature", "properties": { "id": 86157, "nach": 0.56373078869343884 }, "geometry": { "type": "LineString", "coordinates": [ [ -2.8304197, 54.0666667 ], [ -2.8304532, 54.0666384 ] ] } },
{ "type": "Feature", "properties": { "id": 86156, "nach": 0.54514047808583987 }, "geometry": { "type": "LineString", "coordinates": [ [ -2.8304197, 54.0666667 ], [ -2.8303026, 54.066630800000013 ] ] } },
{ "type": "Feature", "properties": { "id": 86155, "nach": 0.51524793866010377 }, "geometry": { "type": "LineString", "coordinates": [ [ -2.8304197, 54.0666667 ], [ -2.8303672, 54.0667167 ] ] } },
{ "type": "Feature", "properties": { "id": 86140, "nach": 0.5002609195864226 }, "geometry": { "type": "LineString", "coordinates": [ [ -2.8306955, 54.066853 ], [ -2.8308233, 54.0669101 ] ] } },
{ "type": "Feature", "properties": { "id": 86180, "nach": 0.57345192323545502 }, "geometry": { "type": "LineString", "coordinates": [ [ -2.8308536, 54.0667527 ], [ -2.8308629, 54.0667636 ], [ -2.8308715, 54.066798 ], [ -2.8308732, 54.0668369 ], [ -2.8308569, 54.0668727 ], [ -2.8308233, 54.0669101 ] ] } },
{ "type": "Feature", "properties": { "id": 86145, "nach": 0.46917817239607995 }, "geometry": { "type": "LineString", "coordinates": [ [ -2.8305388, 54.066785400000015 ], [ -2.8305205, 54.066813 ], [ -2.8305281, 54.0668421 ], [ -2.8305596, 54.0668652 ], [ -2.8306065, 54.0668759 ], [ -2.8306562, 54.066871400000011 ], [ -2.8306955, 54.066853 ] ] } },
{ "type": "Feature", "properties": { "id": 86146, "nach": 0.5032960749021882 }, "geometry": { "type": "LineString", "coordinates": [ [ -2.8303672, 54.0667167 ], [ -2.8305388, 54.066785400000015 ] ] } },
{ "type": "Feature", "properties": { "id": 86151, "nach": 0.39864642676915907 }, "geometry": { "type": "LineString", "coordinates": [ [ -2.8302209, 54.0667091 ], [ -2.830331, 54.0667475 ], [ -2.8303672, 54.0667167 ] ] } },
{ "type": "Feature", "properties": { "id": 86216, "nach": 0.47477563109288728 }, "geometry": { "type": "LineString", "coordinates": [ [ -2.8306362, 54.066554699999983 ], [ -2.830654, 54.0664854 ] ] } },
{ "type": "Feature", "properties": { "id": 86227, "nach": 0.47473615949110543 }, "geometry": { "type": "LineString", "coordinates": [ [ -2.829984, 54.0663169 ], [ -2.8300211, 54.0662866 ], [ -2.8300087, 54.0662473 ], [ -2.8299417, 54.0661905 ] ] } },
{ "type": "Feature", "properties": { "id": 86235, "nach": 0.453601950385212 }, "geometry": { "type": "LineString", "coordinates": [ [ -2.8487584, 54.0688464 ], [ -2.8486806, 54.068859 ] ] } },
{ "type": "Feature", "properties": { "id": 42805, "nach": 0.76709089553614995 }, "geometry": { "type": "LineString", "coordinates": [ [ -2.826331736691897, 54.065161006427829 ], [ -2.826226976970427, 54.065074357422546 ] ] } },
{ "type": "Feature", "properties": { "id": 29671, "nach": 0.64774232840781298 }, "geometry": { "type": "LineString", "coordinates": [ [ -2.827842932522912, 54.064240261891506 ], [ -2.826331736691897, 54.065161006427829 ] ] } },
{ "type": "Feature", "properties": { "id": 42805, "nach": 0.76709089553614995 }, "geometry": { "type": "LineString", "coordinates": [ [ -2.826226976970427, 54.065074357422546 ], [ -2.826175420794189, 54.065017679417267 ] ] } },
{ "type": "Feature", "properties": { "id": 33422, "nach": 0.49009553978636083 }, "geometry": { "type": "LineString", "coordinates": [ [ -2.815646168054773, 54.067902306935849 ], [ -2.826226976970427, 54.065074357422546 ] ] } },
{ "type": "Feature", "properties": { "id": 33422, "nach": 0.49009553978636083 }, "geometry": { "type": "LineString", "coordinates": [ [ -2.826226976970427, 54.065074357422546 ], [ -2.827690384523129, 54.064163018311945 ] ] } },
{ "type": "Feature", "properties": { "id": 40867, "nach": 0.65114223618443123 }, "geometry": { "type": "LineString", "coordinates": [ [ -2.827612366183229, 54.064123513085114 ], [ -2.827690384523129, 54.064163018311945 ] ] } },
{ "type": "Feature", "properties": { "id": 40867, "nach": 0.65114223618443123 }, "geometry": { "type": "LineString", "coordinates": [ [ -2.827690384523129, 54.064163018311945 ], [ -2.827842932522912, 54.064240261891506 ] ] } },
{ "type": "Feature", "properties": { "id": 34278, "nach": 0.6315710555453089 }, "geometry": { "type": "LineString", "coordinates": [ [ -2.844302153956463, 54.063772911212666 ], [ -2.844215055806487, 54.063743049517448 ] ] } },
{ "type": "Feature", "properties": { "id": 34278, "nach": 0.6315710555453089 }, "geometry": { "type": "LineString", "coordinates": [ [ -2.844215055806487, 54.063743049517448 ], [ -2.844129383263363, 54.063713676492704 ] ] } }
]
}
