{
"type": "FeatureCollection",
"name": "HALTO_43_NACH",
"crs": { "type": "name", "properties": { "name": "urn:ogc:def:crs:OGC:1.3:CRS84" } },
"features": [
{ "type": "Feature", "properties": { "id": 46, "nach": 0.47954907937175156 }, "geometry": { "type": "LineString", "coordinates": [ [ -2.73083, 53.3393559 ], [ -2.7306323, 53.3392499 ], [ -2.7303582, 53.3391524 ], [ -2.7302104, 53.3391007 ], [ -2.730152, 53.3390722 ], [ -2.7301048, 53.339040400000016 ] ] } },
{ "type": "Feature", "properties": { "id": 47, "nach": 0.58917538956790305 }, "geometry": { "type": "LineString", "coordinates": [ [ -2.73083, 53.3393559 ], [ -2.7303071, 53.3392086 ], [ -2.7300055, 53.3391132 ] ] } },
{ "type": "Feature", "properties": { "id": 42943, "nach": 0.68621020004577737 }, "geometry": { "type": "LineString", "coordinates": [ [ -2.73083, 53.3393559 ], [ -2.733034932407561, 53.339906149770648 ] ] } },
{ "type": "Feature", "properties": { "id": 9276, "nach": 0.52657595993419115 }, "geometry": { "type": "LineString", "coordinates": [ [ -2.7311384, 53.3407973 ], [ -2.7310939, 53.340897 ], [ -2.7310399, 53.3408912 ], [ -2.7309553, 53.3408807 ], [ -2.7308444, 53.3407852 ], [ -2.7307977, 53.3407029 ], [ -2.7307434, 53.3406159 ], [ -2.7307849, 53.340495 ], [ -2.7308005, 53.3404314 ], [ -2.7307393, 53.3403948 ], [ -2.7305834, 53.3403754 ], [ -2.7305164, 53.3403743 ], [ -2.7304312, 53.3404031 ], [ -2.7303177, 53.340474799999988 ] ] } },
{ "type": "Feature", "properties": { "id": 22645, "nach": 0.66010928477857778 }, "geometry": { "type": "LineString", "coordinates": [ [ -2.7309006, 53.341168299999985 ], [ -2.7308027, 53.3410171 ], [ -2.730669, 53.340814100000017 ], [ -2.730525, 53.3406477 ], [ -2.7304473, 53.3405745 ], [ -2.7303489, 53.340499299999983 ], [ -2.7303177, 53.340474799999988 ] ] } },
{ "type": "Feature", "properties": { "id": 9275, "nach": 0.68232409500488334 }, "geometry": { "type": "LineString", "coordinates": [ [ -2.729103936438285, 53.340187095134532 ], [ -2.7303177, 53.340474799999988 ] ] } },
{ "type": "Feature", "properties": { "id": 12704, "nach": 0.78891582405310168 }, "geometry": { "type": "LineString", "coordinates": [ [ -2.7342117, 53.3413679 ], [ -2.7346482, 53.3413297 ] ] } },
{ "type": "Feature", "properties": { "id": 12702, "nach": 0.54012675248438324 }, "geometry": { "type": "LineString", "coordinates": [ [ -2.7346675, 53.3416066 ], [ -2.7346482, 53.3413297 ] ] } },
{ "type": "Feature", "properties": { "id": 50799, "nach": 0.79007292599048007 }, "geometry": { "type": "LineString", "coordinates": [ [ -2.7356285, 53.3412147 ], [ -2.7354833, 53.34124520000001 ], [ -2.7352884, 53.3412722 ], [ -2.7349821, 53.3413092 ], [ -2.7346482, 53.3413297 ] ] } },
{ "type": "Feature", "properties": { "id": 12703, "nach": 0.80787841960432005 }, "geometry": { "type": "LineString", "coordinates": [ [ -2.7342117, 53.3413679 ], [ -2.7339384, 53.341392 ] ] } },
{ "type": "Feature", "properties": { "id": 12705, "nach": 0.71199577213042209 }, "geometry": { "type": "LineString", "coordinates": [ [ -2.7342117, 53.3413679 ], [ -2.734211, 53.3414906 ], [ -2.7342061, 53.3415397 ], [ -2.7342055, 53.3416003 ] ] } },
{ "type": "Feature", "properties": { "id": 50800, "nach": 0.73207323388703227 }, "geometry": { "type": "LineString", "coordinates": [ [ -2.7356285, 53.3412147 ], [ -2.73576380000001, 53.341175600000021 ], [ -2.7357952, 53.3411653 ], [ -2.735874, 53.3411393 ] ] } },
{ "type": "Feature", "properties": { "id": 50798, "nach": 0.74827986944050329 }, "geometry": { "type": "LineString", "coordinates": [ [ -2.7356285, 53.3412147 ], [ -2.7356024, 53.3411732 ] ] } },
{ "type": "Feature", "properties": { "id": 50797, "nach": 0.63255702757290477 }, "geometry": { "type": "LineString", "coordinates": [ [ -2.7356285, 53.3412147 ], [ -2.7356561, 53.3412589 ] ] } },
{ "type": "Feature", "properties": { "id": 51012, "nach": 0.74102662222194104 }, "geometry": { "type": "LineString", "coordinates": [ [ -2.7363182, 53.3410236 ], [ -2.7359654, 53.341117799999985 ], [ -2.7359244, 53.3411274 ], [ -2.735874, 53.3411393 ] ] } },
{ "type": "Feature", "properties": { "id": 24889, "nach": 0.77864611636293268 }, "geometry": { "type": "LineString", "coordinates": [ [ -2.7358686, 53.3414536 ], [ -2.7358679, 53.3414292 ], [ -2.735874, 53.3411393 ] ] } },
{ "type": "Feature", "properties": { "id": 12709, "nach": 0.83380539921790564 }, "geometry": { "type": "LineString", "coordinates": [ [ -2.735874, 53.3411393 ], [ -2.735743616559785, 53.340747758648824 ] ] } },
{ "type": "Feature", "properties": { "id": 51009, "nach": 0.73546221878052465 }, "geometry": { "type": "LineString", "coordinates": [ [ -2.7363182, 53.3410236 ], [ -2.7363805, 53.3410069 ] ] } },
{ "type": "Feature", "properties": { "id": 51011, "nach": 0.6436918733043645 }, "geometry": { "type": "LineString", "coordinates": [ [ -2.7363182, 53.3410236 ], [ -2.7363006, 53.3410011 ] ] } },
{ "type": "Feature", "properties": { "id": 51010, "nach": 0.64827940335012046 }, "geometry": { "type": "LineString", "coordinates": [ [ -2.7363182, 53.3410236 ], [ -2.7363397, 53.3410511 ] ] } },
{ "type": "Feature", "properties": { "id": 12708, "nach": 0.66335903672513064 }, "geometry": { "type": "LineString", "coordinates": [ [ -2.7356948, 53.340611 ], [ -2.7356168, 53.3404857 ] ] } },
{ "type": "Feature", "properties": { "id": 42252, "nach": 0.77679129504037525 }, "geometry": { "type": "LineString", "coordinates": [ [ -2.735758, 53.3404914 ], [ -2.7357311, 53.340523799999985 ], [ -2.7357086, 53.3405595 ], [ -2.7356948, 53.340611 ] ] } },
{ "type": "Feature", "properties": { "id": 12709, "nach": 0.83380539921790564 }, "geometry": { "type": "LineString", "coordinates": [ [ -2.735743616559785, 53.340747758648824 ], [ -2.7356948, 53.340611 ] ] } },
{ "type": "Feature", "properties": { "id": 46621, "nach": 0.7346048327802055 }, "geometry": { "type": "LineString", "coordinates": [ [ -2.7359086, 53.3415807 ], [ -2.7358686, 53.3414536 ] ] } },
{ "type": "Feature", "properties": { "id": 30568, "nach": 0.66194582312294536 }, "geometry": { "type": "LineString", "coordinates": [ [ -2.73594850000001, 53.3414488 ], [ -2.7358686, 53.3414536 ] ] } },
{ "type": "Feature", "properties": { "id": 50948, "nach": 0.73715366325444287 }, "geometry": { "type": "LineString", "coordinates": [ [ -2.7357645, 53.3414598 ], [ -2.7358686, 53.3414536 ] ] } },
{ "type": "Feature", "properties": { "id": 6519, "nach": 0.73768981673194634 }, "geometry": { "type": "LineString", "coordinates": [ [ -2.7289222, 53.3417206 ], [ -2.7293849, 53.341970400000022 ] ] } },
{ "type": "Feature", "properties": { "id": 23967, "nach": 0.68879248917968106 }, "geometry": { "type": "LineString", "coordinates": [ [ -2.7292897, 53.3420135 ], [ -2.7293849, 53.341970400000022 ] ] } },
{ "type": "Feature", "properties": { "id": 4988, "nach": 0.75011653177261428 }, "geometry": { "type": "LineString", "coordinates": [ [ -2.7301297, 53.3420763 ], [ -2.730028, 53.342086 ], [ -2.7299291, 53.3420894 ], [ -2.7298302, 53.3420864 ], [ -2.7296336, 53.3420666 ], [ -2.7294906, 53.3420258 ], [ -2.7293849, 53.341970400000022 ] ] } },
{ "type": "Feature", "properties": { "id": 24893, "nach": 0.46128053925723189 }, "geometry": { "type": "LineString", "coordinates": [ [ -2.7296869, 53.3418716 ], [ -2.7296565, 53.3419124 ], [ -2.7295971, 53.3419245 ], [ -2.7294269, 53.3419127 ], [ -2.7292374, 53.3418232 ], [ -2.7291001, 53.3417436 ], [ -2.7289222, 53.3417206 ] ] } },
{ "type": "Feature", "properties": { "id": 55061, "nach": 0.6430961124179998 }, "geometry": { "type": "LineString", "coordinates": [ [ -2.7292715, 53.3420427 ], [ -2.7292897, 53.3420135 ] ] } },
{ "type": "Feature", "properties": { "id": 30660, "nach": 0.58549117589244271 }, "geometry": { "type": "LineString", "coordinates": [ [ -2.7293902, 53.3421597 ], [ -2.7293801, 53.3421241 ], [ -2.7293669, 53.3420816 ], [ -2.7293248, 53.3420527 ], [ -2.7293044, 53.3420342 ], [ -2.7292897, 53.3420135 ] ] } },
{ "type": "Feature", "properties": { "id": 30652, "nach": 0.65952442031005876 }, "geometry": { "type": "LineString", "coordinates": [ [ -2.7282949, 53.3416295 ], [ -2.7283631, 53.3416353 ], [ -2.728626, 53.34172370000001 ], [ -2.7287606, 53.3417696 ], [ -2.728902, 53.3418367 ], [ -2.7291094, 53.3419233 ], [ -2.7292897, 53.3420135 ] ] } },
{ "type": "Feature", "properties": { "id": 22803, "nach": 0.71221287431870972 }, "geometry": { "type": "LineString", "coordinates": [ [ -2.7301913, 53.3422059 ], [ -2.7301691, 53.3421656 ], [ -2.7301492, 53.342126600000014 ], [ -2.7301297, 53.3420763 ] ] } },
{ "type": "Feature", "properties": { "id": 12714, "nach": 0.75356567686792797 }, "geometry": { "type": "LineString", "coordinates": [ [ -2.73033690000001, 53.3420317 ], [ -2.7302466, 53.3420552 ], [ -2.7301297, 53.3420763 ] ] } },
{ "type": "Feature", "properties": { "id": 51092, "nach": 0.72887000834622528 }, "geometry": { "type": "LineString", "coordinates": [ [ -2.7301188, 53.3422264 ], [ -2.7301913, 53.3422059 ] ] } },
{ "type": "Feature", "properties": { "id": 51090, "nach": 0.76457679729908845 }, "geometry": { "type": "LineString", "coordinates": [ [ -2.7303946, 53.34252750000001 ], [ -2.7303004, 53.3423735 ], [ -2.7302428, 53.3422859 ], [ -2.7302265, 53.342260599999989 ], [ -2.7301913, 53.3422059 ] ] } },
{ "type": "Feature", "properties": { "id": 30602, "nach": 0.77499027616069105 }, "geometry": { "type": "LineString", "coordinates": [ [ -2.73115, 53.3418721 ], [ -2.7310163, 53.3418664 ], [ -2.730948, 53.3418996 ], [ -2.7308939, 53.3419191 ], [ -2.7303499, 53.342105099999984 ], [ -2.7302852, 53.3421263 ], [ -2.7302584, 53.3421431 ], [ -2.7302571, 53.3421596 ], [ -2.7302624, 53.3421857 ], [ -2.7301913, 53.3422059 ] ] } },
{ "type": "Feature", "properties": { "id": 24896, "nach": 0.66057371030321588 }, "geometry": { "type": "LineString", "coordinates": [ [ -2.7302868, 53.3419624 ], [ -2.73033690000001, 53.3420317 ] ] } },
{ "type": "Feature", "properties": { "id": 30590, "nach": 0.74069660295153261 }, "geometry": { "type": "LineString", "coordinates": [ [ -2.7311017, 53.3417911 ], [ -2.7310743, 53.3417988 ], [ -2.7310151, 53.3418156 ], [ -2.7305269, 53.34197 ], [ -2.73033690000001, 53.3420317 ] ] } },
{ "type": "Feature", "properties": { "id": 21369, "nach": 0.67054398756922839 }, "geometry": { "type": "LineString", "coordinates": [ [ -2.7347854, 53.3378024 ], [ -2.7352314, 53.3377911 ] ] } },
{ "type": "Feature", "properties": { "id": 47649, "nach": 0.69459975749064651 }, "geometry": { "type": "LineString", "coordinates": [ [ -2.7353705, 53.3374247 ], [ -2.7353015, 53.3376148 ], [ -2.7352314, 53.3377911 ] ] } },
{ "type": "Feature", "properties": { "id": 13517, "nach": 0.68441762539990436 }, "geometry": { "type": "LineString", "coordinates": [ [ -2.7351668, 53.3381406 ], [ -2.7351857, 53.3379723 ], [ -2.7352314, 53.3377911 ] ] } },
{ "type": "Feature", "properties": { "id": 21375, "nach": 0.59488068966175256 }, "geometry": { "type": "LineString", "coordinates": [ [ -2.7347642, 53.3380152 ], [ -2.7347854, 53.3378024 ] ] } },
{ "type": "Feature", "properties": { "id": 47648, "nach": 0.71292860155419191 }, "geometry": { "type": "LineString", "coordinates": [ [ -2.7353705, 53.3374247 ], [ -2.7355872, 53.3375078 ], [ -2.7357165, 53.337551 ] ] } },
{ "type": "Feature", "properties": { "id": 24308, "nach": 0.67017807039555444 }, "geometry": { "type": "LineString", "coordinates": [ [ -2.735511, 53.3381215 ], [ -2.7351668, 53.3381406 ] ] } },
{ "type": "Feature", "properties": { "id": 15458, "nach": 0.70991056990283341 }, "geometry": { "type": "LineString", "coordinates": [ [ -2.7352105, 53.3385879 ], [ -2.7351668, 53.3381406 ] ] } },
{ "type": "Feature", "properties": { "id": 47306, "nach": 0.62089464386970239 }, "geometry": { "type": "LineString", "coordinates": [ [ -2.7349465, 53.3403321 ], [ -2.7345313, 53.3403625 ] ] } },
{ "type": "Feature", "properties": { "id": 50826, "nach": 0.61168034935418603 }, "geometry": { "type": "LineString", "coordinates": [ [ -2.7346503, 53.3404025 ], [ -2.7345313, 53.3403625 ] ] } },
{ "type": "Feature", "properties": { "id": 12717, "nach": 0.6034887971783609 }, "geometry": { "type": "LineString", "coordinates": [ [ -2.733109, 53.3401751 ], [ -2.7332676, 53.3402808 ], [ -2.7335001, 53.340351 ], [ -2.7337522, 53.3403854 ], [ -2.7340069, 53.3403882 ], [ -2.7343884, 53.3403741 ], [ -2.7345313, 53.3403625 ] ] } },
{ "type": "Feature", "properties": { "id": 47308, "nach": 0.54029250682684227 }, "geometry": { "type": "LineString", "coordinates": [ [ -2.7350675, 53.3403353 ], [ -2.7349465, 53.3403321 ] ] } },
{ "type": "Feature", "properties": { "id": 50825, "nach": 0.54029250682684227 }, "geometry": { "type": "LineString", "coordinates": [ [ -2.7349467, 53.3404096 ], [ -2.7349465, 53.3403321 ] ] } },
{ "type": "Feature", "properties": { "id": 50828, "nach": 0.70448454490162893 }, "geometry": { "type": "LineString", "coordinates": [ [ -2.7346503, 53.3404025 ], [ -2.7347976, 53.3404369 ], [ -2.7348683, 53.3404473 ], [ -2.7349543, 53.340448899999984 ], [ -2.7351483, 53.3404439 ], [ -2.7352538, 53.3404467 ], [ -2.735356, 53.3404601 ], [ -2.735505600000011, 53.340497 ], [ -2.735553, 53.3404983 ] ] } },
{ "type": "Feature", "properties": { "id": 50831, "nach": 0.67959176994722303 }, "geometry": { "type": "LineString", "coordinates": [ [ -2.7330122, 53.3402672 ], [ -2.7330289, 53.3402628 ], [ -2.733047, 53.34026 ], [ -2.7330727, 53.3402593 ], [ -2.733103, 53.3402638 ], [ -2.7331316, 53.3402736 ], [ -2.7331665, 53.340294 ], [ -2.7332337, 53.3403299 ], [ -2.7333054, 53.340359 ], [ -2.733403, 53.3403872 ], [ -2.7334975, 53.3404072 ], [ -2.7335951, 53.3404218 ], [ -2.7337353, 53.3404345 ], [ -2.7338675, 53.340441199999987 ], [ -2.7340114, 53.3404424 ], [ -2.7341335, 53.3404424 ], [ -2.7342565, 53.340435 ], [ -2.7343511, 53.3404302 ], [ -2.7344909, 53.340419099999984 ], [ -2.7346503, 53.3404025 ] ] } },
{ "type": "Feature", "properties": { "id": 50842, "nach": 0.6152653536780659 }, "geometry": { "type": "LineString", "coordinates": [ [ -2.7329708, 53.340223 ], [ -2.733109, 53.3401751 ] ] } },
{ "type": "Feature", "properties": { "id": 45261, "nach": 0.76253860638844495 }, "geometry": { "type": "LineString", "coordinates": [ [ -2.733109, 53.3401751 ], [ -2.733074560130754, 53.339804473370343 ] ] } },
{ "type": "Feature", "properties": { "id": 5240, "nach": 0.7056159048391788 }, "geometry": { "type": "LineString", "coordinates": [ [ -2.7355091, 53.340341 ], [ -2.735427, 53.3403063 ], [ -2.735346, 53.3402579 ], [ -2.7352974, 53.3402131 ] ] } },
{ "type": "Feature", "properties": { "id": 42053, "nach": 0.584658419281752 }, "geometry": { "type": "LineString", "coordinates": [ [ -2.7358873, 53.340388 ], [ -2.7358073, 53.3403916 ], [ -2.7357362, 53.3403882 ], [ -2.7356625, 53.3403796 ], [ -2.7355949, 53.3403673 ], [ -2.7355091, 53.340341 ] ] } },
{ "type": "Feature", "properties": { "id": 42249, "nach": 0.69409070329937939 }, "geometry": { "type": "LineString", "coordinates": [ [ -2.7356168, 53.3404857 ], [ -2.7355671, 53.340418 ], [ -2.7355091, 53.340341 ] ] } },
{ "type": "Feature", "properties": { "id": 42046, "nach": 0.68139981989392684 }, "geometry": { "type": "LineString", "coordinates": [ [ -2.7352974, 53.3402131 ], [ -2.7352269, 53.340174 ], [ -2.7351654, 53.3401469 ], [ -2.735091, 53.340119700000017 ], [ -2.73501750000001, 53.3401016 ], [ -2.7349279, 53.3400874 ], [ -2.7348608, 53.3400808 ], [ -2.7347839, 53.3400772 ] ] } },
{ "type": "Feature", "properties": { "id": 42047, "nach": 0.60675223809022882 }, "geometry": { "type": "LineString", "coordinates": [ [ -2.7352974, 53.3402131 ], [ -2.7352642, 53.340173 ], [ -2.7352387, 53.3401235 ], [ -2.7352225, 53.3400777 ], [ -2.7352198, 53.3400281 ], [ -2.7352295, 53.3399762 ], [ -2.7352502, 53.3399277 ] ] } },
{ "type": "Feature", "properties": { "id": 5253, "nach": 0.0 }, "geometry": { "type": "LineString", "coordinates": [ [ -2.7524039, 53.333491 ], [ -2.7524874, 53.3336409 ], [ -2.7525232, 53.3337698 ], [ -2.7525301, 53.3340275 ], [ -2.7525404, 53.3342525 ], [ -2.7525206, 53.3344545 ], [ -2.7524893, 53.3346345 ], [ -2.7524208, 53.3348501 ], [ -2.7523036, 53.3350823 ], [ -2.752052, 53.3355046 ], [ -2.7518276, 53.3358062 ], [ -2.7515646, 53.3360621 ], [ -2.7514383, 53.3361616 ], [ -2.7511508, 53.3363613 ] ] } },
{ "type": "Feature", "properties": { "id": 21289, "nach": 0.52787661300451638 }, "geometry": { "type": "LineString", "coordinates": [ [ -2.7537471, 53.3349204 ], [ -2.7534836, 53.334597 ], [ -2.7533131, 53.3345 ], [ -2.7531677, 53.3344439 ], [ -2.7529408, 53.3343561 ], [ -2.7528467, 53.3343282 ], [ -2.7527966, 53.3342977 ], [ -2.7527814, 53.3342296 ], [ -2.7527828, 53.3336786 ], [ -2.7527621, 53.3333313 ], [ -2.7525832, 53.3333023 ] ] } },
{ "type": "Feature", "properties": { "id": 11309, "nach": 0.44197853895782763 }, "geometry": { "type": "LineString", "coordinates": [ [ -2.7511508, 53.3363613 ], [ -2.752065378287579, 53.333712227076582 ] ] } },
{ "type": "Feature", "properties": { "id": 30753, "nach": 0.716922085658519 }, "geometry": { "type": "LineString", "coordinates": [ [ -2.7511508, 53.3363613 ], [ -2.746646359551162, 53.338282183663829 ] ] } },
{ "type": "Feature", "properties": { "id": 33240, "nach": 0.62745756775267003 }, "geometry": { "type": "LineString", "coordinates": [ [ -2.7476213, 53.3360974 ], [ -2.7479729, 53.3359217 ] ] } },
{ "type": "Feature", "properties": { "id": 39581, "nach": 0.62469832051111684 }, "geometry": { "type": "LineString", "coordinates": [ [ -2.7482575, 53.3357635 ], [ -2.7479729, 53.3359217 ] ] } },
{ "type": "Feature", "properties": { "id": 39513, "nach": 0.56903819655500176 }, "geometry": { "type": "LineString", "coordinates": [ [ -2.7480953, 53.3360084 ], [ -2.7479729, 53.3359217 ] ] } },
{ "type": "Feature", "properties": { "id": 33239, "nach": 0.62934165508923878 }, "geometry": { "type": "LineString", "coordinates": [ [ -2.7476213, 53.3360974 ], [ -2.7473755, 53.336218700000011 ] ] } },
{ "type": "Feature", "properties": { "id": 39574, "nach": 0.34845716032861029 }, "geometry": { "type": "LineString", "coordinates": [ [ -2.7475844, 53.33605270000001 ], [ -2.7476213, 53.3360974 ] ] } },
{ "type": "Feature", "properties": { "id": 39584, "nach": 0.63184842608894687 }, "geometry": { "type": "LineString", "coordinates": [ [ -2.7484502, 53.3356673 ], [ -2.7482575, 53.3357635 ] ] } },
{ "type": "Feature", "properties": { "id": 39616, "nach": 0.56195908560885 }, "geometry": { "type": "LineString", "coordinates": [ [ -2.7482087, 53.3357381 ], [ -2.7482575, 53.3357635 ] ] } },
{ "type": "Feature", "properties": { "id": 39514, "nach": 0.57461619064062919 }, "geometry": { "type": "LineString", "coordinates": [ [ -2.7480953, 53.3360084 ], [ -2.7483874, 53.3362358 ], [ -2.7483975, 53.3362945 ] ] } },
{ "type": "Feature", "properties": { "id": 39515, "nach": 0.4777461554851502 }, "geometry": { "type": "LineString", "coordinates": [ [ -2.7480953, 53.3360084 ], [ -2.7477967, 53.336101 ], [ -2.7474308, 53.3362952 ], [ -2.7469267, 53.336567100000011 ], [ -2.7465039, 53.3367079 ], [ -2.7462518, 53.3369458 ], [ -2.7462193, 53.3371206 ], [ -2.7461401, 53.3371433 ] ] } },
{ "type": "Feature", "properties": { "id": 21359, "nach": 0.68858878087099029 }, "geometry": { "type": "LineString", "coordinates": [ [ -2.7430769, 53.33791080000001 ], [ -2.7433724, 53.3378097 ] ] } },
{ "type": "Feature", "properties": { "id": 13460, "nach": 0.69342999093111812 }, "geometry": { "type": "LineString", "coordinates": [ [ -2.744355, 53.3374775 ], [ -2.7438323, 53.3376583 ], [ -2.7433724, 53.3378097 ] ] } },
{ "type": "Feature", "properties": { "id": 5854, "nach": 0.65988033705949334 }, "geometry": { "type": "LineString", "coordinates": [ [ -2.742922, 53.337267 ], [ -2.7432897, 53.3377101 ], [ -2.7433724, 53.3378097 ] ] } },
{ "type": "Feature", "properties": { "id": 5260, "nach": 0.56546785044992443 }, "geometry": { "type": "LineString", "coordinates": [ [ -2.7433724, 53.3378097 ], [ -2.7434499, 53.337835 ], [ -2.7434841, 53.337855 ], [ -2.743503, 53.3378879 ] ] } },
{ "type": "Feature", "properties": { "id": 42234, "nach": 0.68334822663057682 }, "geometry": { "type": "LineString", "coordinates": [ [ -2.7423053, 53.3381544 ], [ -2.7430769, 53.33791080000001 ] ] } },
{ "type": "Feature", "properties": { "id": 39491, "nach": 0.50454449013550762 }, "geometry": { "type": "LineString", "coordinates": [ [ -2.74318350000001, 53.3379523 ], [ -2.7431504, 53.3379394 ], [ -2.7430769, 53.33791080000001 ] ] } },
{ "type": "Feature", "properties": { "id": 39531, "nach": 0.69228706017696628 }, "geometry": { "type": "LineString", "coordinates": [ [ -2.7449519, 53.3372448 ], [ -2.744355, 53.3374775 ] ] } },
{ "type": "Feature", "properties": { "id": 39494, "nach": 0.26758109516025935 }, "geometry": { "type": "LineString", "coordinates": [ [ -2.7444436, 53.3375701 ], [ -2.7444127, 53.3375379 ], [ -2.744355, 53.3374775 ] ] } },
{ "type": "Feature", "properties": { "id": 5882, "nach": 0.63237194791476192 }, "geometry": { "type": "LineString", "coordinates": [ [ -2.7423831, 53.336576700000016 ], [ -2.742922, 53.337267 ] ] } },
{ "type": "Feature", "properties": { "id": 5880, "nach": 0.53937481756121419 }, "geometry": { "type": "LineString", "coordinates": [ [ -2.7405885, 53.3378438 ], [ -2.7428731, 53.3372791 ], [ -2.742922, 53.337267 ] ] } },
{ "type": "Feature", "properties": { "id": 53781, "nach": 0.53355208829591239 }, "geometry": { "type": "LineString", "coordinates": [ [ -2.7433246, 53.33712890000001 ], [ -2.742982, 53.3372464 ], [ -2.742922, 53.337267 ] ] } },
{ "type": "Feature", "properties": { "id": 21355, "nach": 0.54769479937750398 }, "geometry": { "type": "LineString", "coordinates": [ [ -2.743503, 53.3378879 ], [ -2.7434961, 53.3379361 ], [ -2.7434651, 53.3379669 ], [ -2.7433952, 53.3379864 ], [ -2.7433336, 53.337985 ], [ -2.743274, 53.3379749 ], [ -2.7432345, 53.3379656 ] ] } },
{ "type": "Feature", "properties": { "id": 39495, "nach": 0.59931781929990202 }, "geometry": { "type": "LineString", "coordinates": [ [ -2.7444436, 53.3375701 ], [ -2.744097, 53.3376592 ], [ -2.7437952, 53.3377569 ], [ -2.743503, 53.3378879 ] ] } },
{ "type": "Feature", "properties": { "id": 51528, "nach": 0.70169562872384506 }, "geometry": { "type": "LineString", "coordinates": [ [ -2.7383109, 53.3391607 ], [ -2.738377, 53.339229 ], [ -2.7384176, 53.3392685 ], [ -2.7384647, 53.3393174 ] ] } },
{ "type": "Feature", "properties": { "id": 25013, "nach": 0.74987321093678561 }, "geometry": { "type": "LineString", "coordinates": [ [ -2.7386077, 53.3392584 ], [ -2.73852440000001, 53.3392921 ], [ -2.7384647, 53.3393174 ] ] } },
{ "type": "Feature", "properties": { "id": 53933, "nach": 0.8473832734213107 }, "geometry": { "type": "LineString", "coordinates": [ [ -2.7384647, 53.3393174 ], [ -2.738779067043683, 53.340146150246788 ] ] } },
{ "type": "Feature", "properties": { "id": 53934, "nach": 0.68026820564896839 }, "geometry": { "type": "LineString", "coordinates": [ [ -2.7387676, 53.3403098 ], [ -2.7389054, 53.3403056 ], [ -2.7393779, 53.3402843 ], [ -2.7396288, 53.340279 ], [ -2.7397158, 53.3402993 ], [ -2.7397829, 53.34038240000001 ], [ -2.7399357, 53.340469 ], [ -2.740039, 53.3404768 ], [ -2.7406329, 53.3404321 ], [ -2.740711, 53.3404353 ], [ -2.7408424, 53.340471 ], [ -2.7412512, 53.3406563 ], [ -2.741295, 53.340700299999988 ] ] } },
{ "type": "Feature", "properties": { "id": 53932, "nach": 0.74118852968971871 }, "geometry": { "type": "LineString", "coordinates": [ [ -2.7387676, 53.3403098 ], [ -2.7387669, 53.34032160000001 ], [ -2.738764, 53.3403686 ], [ -2.7387649, 53.340724899999984 ], [ -2.73876, 53.3407846 ] ] } },
{ "type": "Feature", "properties": { "id": 53933, "nach": 0.8473832734213107 }, "geometry": { "type": "LineString", "coordinates": [ [ -2.738777820390541, 53.340035643713833 ], [ -2.7387676, 53.3403098 ] ] } },
{ "type": "Feature", "properties": { "id": 51527, "nach": 0.6986353648776219 }, "geometry": { "type": "LineString", "coordinates": [ [ -2.7383109, 53.3391607 ], [ -2.7381908, 53.3390443 ], [ -2.7380468, 53.338903499999986 ] ] } },
{ "type": "Feature", "properties": { "id": 55128, "nach": 0.58250400185988782 }, "geometry": { "type": "LineString", "coordinates": [ [ -2.7383998, 53.3391303 ], [ -2.7383638, 53.3391448 ], [ -2.7383109, 53.3391607 ] ] } },
{ "type": "Feature", "properties": { "id": 25014, "nach": 0.73354707242885187 }, "geometry": { "type": "LineString", "coordinates": [ [ -2.7386077, 53.3392584 ], [ -2.7387202, 53.339211 ], [ -2.7390561, 53.3391102 ], [ -2.7390855, 53.3391017 ] ] } },
{ "type": "Feature", "properties": { "id": 52903, "nach": 0.63131964143571129 }, "geometry": { "type": "LineString", "coordinates": [ [ -2.7384729, 53.339100799999983 ], [ -2.7385141, 53.3391539 ], [ -2.7385403, 53.3391878 ], [ -2.7385536, 53.3392049 ], [ -2.7386077, 53.3392584 ] ] } },
{ "type": "Feature", "properties": { "id": 39523, "nach": 0.65395508563631832 }, "geometry": { "type": "LineString", "coordinates": [ [ -2.7458145, 53.336929 ], [ -2.7460037, 53.336847400000011 ] ] } },
{ "type": "Feature", "properties": { "id": 39537, "nach": 0.68411911125024227 }, "geometry": { "type": "LineString", "coordinates": [ [ -2.7461453, 53.3367802 ], [ -2.7460037, 53.336847400000011 ] ] } },
{ "type": "Feature", "properties": { "id": 39510, "nach": 0.63623622871967989 }, "geometry": { "type": "LineString", "coordinates": [ [ -2.7461401, 53.3371433 ], [ -2.7460037, 53.336847400000011 ] ] } },
{ "type": "Feature", "properties": { "id": 39557, "nach": 0.51630255209071563 }, "geometry": { "type": "LineString", "coordinates": [ [ -2.7459543, 53.3367994 ], [ -2.7460037, 53.336847400000011 ] ] } },
{ "type": "Feature", "properties": { "id": 39535, "nach": 0.67716042124524067 }, "geometry": { "type": "LineString", "coordinates": [ [ -2.7457372, 53.336963 ], [ -2.7458145, 53.336929 ] ] } },
{ "type": "Feature", "properties": { "id": 39524, "nach": 0.59215734912678142 }, "geometry": { "type": "LineString", "coordinates": [ [ -2.7458145, 53.336929 ], [ -2.7457687, 53.3368841 ] ] } },
{ "type": "Feature", "properties": { "id": 39538, "nach": 0.68144212491325395 }, "geometry": { "type": "LineString", "coordinates": [ [ -2.7461453, 53.3367802 ], [ -2.7467064, 53.3365425 ] ] } },
{ "type": "Feature", "properties": { "id": 39560, "nach": 0.26753761291080186 }, "geometry": { "type": "LineString", "coordinates": [ [ -2.7460923, 53.3367408 ], [ -2.7461453, 53.3367802 ] ] } },
{ "type": "Feature", "properties": { "id": 39509, "nach": 0.65257108023272392 }, "geometry": { "type": "LineString", "coordinates": [ [ -2.7461401, 53.3371433 ], [ -2.746407, 53.3377816 ] ] } },
{ "type": "Feature", "properties": { "id": 39516, "nach": 0.56132690415717024 }, "geometry": { "type": "LineString", "coordinates": [ [ -2.7460627, 53.3371594 ], [ -2.7461401, 53.3371433 ] ] } },
{ "type": "Feature", "properties": { "id": 6704, "nach": 0.83502857702274591 }, "geometry": { "type": "LineString", "coordinates": [ [ -2.7327586, 53.3414688 ], [ -2.732693, 53.341474399999989 ] ] } },
{ "type": "Feature", "properties": { "id": 30491, "nach": 0.72571189994985663 }, "geometry": { "type": "LineString", "coordinates": [ [ -2.7327008, 53.3415719 ], [ -2.732693, 53.341474399999989 ] ] } },
{ "type": "Feature", "properties": { "id": 30549, "nach": 0.81745693222401106 }, "geometry": { "type": "LineString", "coordinates": [ [ -2.7325305, 53.3414863 ], [ -2.732693, 53.341474399999989 ] ] } },
{ "type": "Feature", "properties": { "id": 24917, "nach": 0.80505759666311338 }, "geometry": { "type": "LineString", "coordinates": [ [ -2.7329941, 53.3414488 ], [ -2.7327586, 53.3414688 ] ] } },
{ "type": "Feature", "properties": { "id": 30539, "nach": 0.78262393871596669 }, "geometry": { "type": "LineString", "coordinates": [ [ -2.7327335, 53.3413853 ], [ -2.7327586, 53.3414688 ] ] } },
{ "type": "Feature", "properties": { "id": 30493, "nach": 0.66674767689337477 }, "geometry": { "type": "LineString", "coordinates": [ [ -2.7327008, 53.3415719 ], [ -2.7327049, 53.3416271 ], [ -2.7326528, 53.3416729 ], [ -2.7325975, 53.3417011 ], [ -2.7321429, 53.3418183 ] ] } },
{ "type": "Feature", "properties": { "id": 30571, "nach": 0.58573005578518755 }, "geometry": { "type": "LineString", "coordinates": [ [ -2.7325673, 53.341582 ], [ -2.7327008, 53.3415719 ] ] } },
{ "type": "Feature", "properties": { "id": 30496, "nach": 0.6647522884271313 }, "geometry": { "type": "LineString", "coordinates": [ [ -2.7327728, 53.3417459 ], [ -2.7328287, 53.3417131 ], [ -2.7328456, 53.3416284 ], [ -2.7328288, 53.3415916 ], [ -2.7328373, 53.3415687 ], [ -2.7327008, 53.3415719 ] ] } },
{ "type": "Feature", "properties": { "id": 30551, "nach": 0.81807842524047991 }, "geometry": { "type": "LineString", "coordinates": [ [ -2.7325305, 53.3414863 ], [ -2.732293, 53.3415017 ], [ -2.7321826, 53.3415179 ] ] } },
{ "type": "Feature", "properties": { "id": 30550, "nach": 0.53500801427818134 }, "geometry": { "type": "LineString", "coordinates": [ [ -2.7325305, 53.3414863 ], [ -2.7325047, 53.3414005 ] ] } },
{ "type": "Feature", "properties": { "id": 30611, "nach": 0.63449072255900185 }, "geometry": { "type": "LineString", "coordinates": [ [ -2.7316633, 53.3419473 ], [ -2.731529, 53.3419835 ] ] } },
{ "type": "Feature", "properties": { "id": 6512, "nach": 0.69230491475565181 }, "geometry": { "type": "LineString", "coordinates": [ [ -2.7315649, 53.3420255 ], [ -2.731529, 53.3419835 ] ] } },
{ "type": "Feature", "properties": { "id": 30598, "nach": 0.65799499449866949 }, "geometry": { "type": "LineString", "coordinates": [ [ -2.7313977, 53.3418331 ], [ -2.731408, 53.3418449 ], [ -2.731529, 53.3419835 ] ] } },
{ "type": "Feature", "properties": { "id": 30612, "nach": 0.64646224689957532 }, "geometry": { "type": "LineString", "coordinates": [ [ -2.7316633, 53.3419473 ], [ -2.7321429, 53.3418183 ] ] } },
{ "type": "Feature", "properties": { "id": 30613, "nach": 0.67998274819454085 }, "geometry": { "type": "LineString", "coordinates": [ [ -2.7316633, 53.3419473 ], [ -2.7316094, 53.3418923 ] ] } },
{ "type": "Feature", "properties": { "id": 30616, "nach": 0.67381548130310487 }, "geometry": { "type": "LineString", "coordinates": [ [ -2.7317248, 53.3420127 ], [ -2.7316633, 53.3419473 ] ] } },
{ "type": "Feature", "properties": { "id": 55260, "nach": 0.68739227918055879 }, "geometry": { "type": "LineString", "coordinates": [ [ -2.7315884, 53.34204470000001 ], [ -2.7315649, 53.3420255 ] ] } },
{ "type": "Feature", "properties": { "id": 30620, "nach": 0.68253961434397015 }, "geometry": { "type": "LineString", "coordinates": [ [ -2.7314996, 53.3420725 ], [ -2.7315649, 53.3420255 ] ] } },
{ "type": "Feature", "properties": { "id": 30597, "nach": 0.78125215018179717 }, "geometry": { "type": "LineString", "coordinates": [ [ -2.7313977, 53.3418331 ], [ -2.7314764, 53.3418165 ] ] } },
{ "type": "Feature", "properties": { "id": 47596, "nach": 0.68307737352528031 }, "geometry": { "type": "LineString", "coordinates": [ [ -2.731307, 53.3417347 ], [ -2.7313977, 53.3418331 ] ] } },
{ "type": "Feature", "properties": { "id": 30603, "nach": 0.77439833194594676 }, "geometry": { "type": "LineString", "coordinates": [ [ -2.73115, 53.3418721 ], [ -2.7312116, 53.3418728 ], [ -2.7313977, 53.3418331 ] ] } },
{ "type": "Feature", "properties": { "id": 6475, "nach": 0.65485637808329855 }, "geometry": { "type": "LineString", "coordinates": [ [ -2.7376248, 53.342850300000016 ], [ -2.7375706, 53.3430526 ] ] } },
{ "type": "Feature", "properties": { "id": 51514, "nach": 0.63891161972411126 }, "geometry": { "type": "LineString", "coordinates": [ [ -2.7379292, 53.3431146 ], [ -2.7375706, 53.3430526 ] ] } },
{ "type": "Feature", "properties": { "id": 6459, "nach": 0.59749431179836443 }, "geometry": { "type": "LineString", "coordinates": [ [ -2.7374011, 53.3438375 ], [ -2.7375706, 53.3430526 ] ] } },
{ "type": "Feature", "properties": { "id": 30503, "nach": 0.6787532205480713 }, "geometry": { "type": "LineString", "coordinates": [ [ -2.7367622, 53.3429994 ], [ -2.7373605, 53.343029799999989 ], [ -2.7374517, 53.3430367 ], [ -2.7375706, 53.3430526 ] ] } },
{ "type": "Feature", "properties": { "id": 14849, "nach": 0.65225326459475341 }, "geometry": { "type": "LineString", "coordinates": [ [ -2.737678, 53.3426752 ], [ -2.7376444, 53.3427852 ], [ -2.7376248, 53.342850300000016 ] ] } },
{ "type": "Feature", "properties": { "id": 51517, "nach": 0.61592136104384354 }, "geometry": { "type": "LineString", "coordinates": [ [ -2.7378825, 53.342877400000013 ], [ -2.737648, 53.342851200000013 ], [ -2.7376248, 53.342850300000016 ] ] } },
{ "type": "Feature", "properties": { "id": 51515, "nach": 0.65199034830101621 }, "geometry": { "type": "LineString", "coordinates": [ [ -2.7379292, 53.3431146 ], [ -2.7380083, 53.3431283 ], [ -2.7382161, 53.3431643 ] ] } },
{ "type": "Feature", "properties": { "id": 51519, "nach": 0.55875396918040321 }, "geometry": { "type": "LineString", "coordinates": [ [ -2.7378825, 53.342877400000013 ], [ -2.737921, 53.3429644 ], [ -2.7379344, 53.3430098 ], [ -2.7379354, 53.3430705 ], [ -2.7379292, 53.3431146 ] ] } },
{ "type": "Feature", "properties": { "id": 12673, "nach": 0.66387682389258984 }, "geometry": { "type": "LineString", "coordinates": [ [ -2.7365975, 53.343763600000017 ], [ -2.7370567, 53.343825 ], [ -2.7374011, 53.3438375 ] ] } },
{ "type": "Feature", "properties": { "id": 6482, "nach": 0.62387979635652879 }, "geometry": { "type": "LineString", "coordinates": [ [ -2.7380358, 53.343892600000011 ], [ -2.73781, 53.3438656 ], [ -2.7375997, 53.3438483 ], [ -2.7374011, 53.3438375 ] ] } },
{ "type": "Feature", "properties": { "id": 30501, "nach": 0.68582254110904417 }, "geometry": { "type": "LineString", "coordinates": [ [ -2.7367622, 53.3429994 ], [ -2.7363194, 53.342953299999984 ] ] } },
{ "type": "Feature", "properties": { "id": 30507, "nach": 0.52279719520708912 }, "geometry": { "type": "LineString", "coordinates": [ [ -2.73666210000001, 53.343412700000016 ], [ -2.7367622, 53.3429994 ] ] } },
{ "type": "Feature", "properties": { "id": 33332, "nach": 0.7353320285264906 }, "geometry": { "type": "LineString", "coordinates": [ [ -2.7359918, 53.3429305 ], [ -2.7359271, 53.3429193 ] ] } },
{ "type": "Feature", "properties": { "id": 5284, "nach": 0.70405711779568059 }, "geometry": { "type": "LineString", "coordinates": [ [ -2.73499140000001, 53.3426932 ], [ -2.7355203, 53.3428405 ], [ -2.7359271, 53.3429193 ] ] } },
{ "type": "Feature", "properties": { "id": 50976, "nach": 0.66613153155377602 }, "geometry": { "type": "LineString", "coordinates": [ [ -2.7358894, 53.34177 ], [ -2.7359271, 53.3429193 ] ] } },
{ "type": "Feature", "properties": { "id": 33333, "nach": 0.69767242517084649 }, "geometry": { "type": "LineString", "coordinates": [ [ -2.7359918, 53.3429305 ], [ -2.7360281, 53.3429346 ], [ -2.7363194, 53.342953299999984 ] ] } },
{ "type": "Feature", "properties": { "id": 33340, "nach": 0.67763960964753356 }, "geometry": { "type": "LineString", "coordinates": [ [ -2.7359624, 53.34326140000001 ], [ -2.7359586, 53.3432544 ], [ -2.7359119, 53.3431956 ], [ -2.7359836, 53.34297990000001 ], [ -2.7359918, 53.3429305 ] ] } },
{ "type": "Feature", "properties": { "id": 5283, "nach": 0.71782355026795797 }, "geometry": { "type": "LineString", "coordinates": [ [ -2.73499140000001, 53.3426932 ], [ -2.7347311, 53.342642 ], [ -2.7345132, 53.34261510000001 ], [ -2.7344012, 53.3426091 ], [ -2.7343581, 53.3426144 ] ] } },
{ "type": "Feature", "properties": { "id": 5282, "nach": 0.62993500216435128 }, "geometry": { "type": "LineString", "coordinates": [ [ -2.73499140000001, 53.3426932 ], [ -2.7353939, 53.342030800000018 ] ] } },
{ "type": "Feature", "properties": { "id": 12682, "nach": 0.75167516980020355 }, "geometry": { "type": "LineString", "coordinates": [ [ -2.733819, 53.3426121 ], [ -2.7343581, 53.3426144 ] ] } },
{ "type": "Feature", "properties": { "id": 12688, "nach": 0.69335511627211566 }, "geometry": { "type": "LineString", "coordinates": [ [ -2.7346609, 53.3420836 ], [ -2.7345759, 53.342310500000011 ], [ -2.7345388, 53.342433300000017 ], [ -2.7344401, 53.34244540000001 ], [ -2.7343581, 53.3426144 ] ] } },
{ "type": "Feature", "properties": { "id": 12684, "nach": 0.75281273021913409 }, "geometry": { "type": "LineString", "coordinates": [ [ -2.733819, 53.3426121 ], [ -2.7335649, 53.3426124 ], [ -2.7334632, 53.3426167 ] ] } },
{ "type": "Feature", "properties": { "id": 12683, "nach": 0.5308906964723793 }, "geometry": { "type": "LineString", "coordinates": [ [ -2.733819, 53.3426121 ], [ -2.7339192, 53.3423849 ] ] } },
{ "type": "Feature", "properties": { "id": 22641, "nach": 0.71636410674820883 }, "geometry": { "type": "LineString", "coordinates": [ [ -2.7347436, 53.34208730000001 ], [ -2.7346609, 53.3420836 ] ] } },
{ "type": "Feature", "properties": { "id": 30563, "nach": 0.64789739712058814 }, "geometry": { "type": "LineString", "coordinates": [ [ -2.7340318, 53.3419661 ], [ -2.73437, 53.3420297 ], [ -2.7346609, 53.3420836 ] ] } },
{ "type": "Feature", "properties": { "id": 53861, "nach": 0.60496647325048736 }, "geometry": { "type": "LineString", "coordinates": [ [ -2.7353939, 53.342030800000018 ], [ -2.7349947, 53.3419401 ] ] } },
{ "type": "Feature", "properties": { "id": 53860, "nach": 0.65618375005385365 }, "geometry": { "type": "LineString", "coordinates": [ [ -2.7353939, 53.342030800000018 ], [ -2.7354901, 53.3418725 ] ] } },
{ "type": "Feature", "properties": { "id": 5285, "nach": 0.712042814041143 }, "geometry": { "type": "LineString", "coordinates": [ [ -2.7360852, 53.3417548 ], [ -2.7361522, 53.34176750000001 ] ] } },
{ "type": "Feature", "properties": { "id": 50982, "nach": 0.57829790749235843 }, "geometry": { "type": "LineString", "coordinates": [ [ -2.7360658, 53.3417841 ], [ -2.7360852, 53.3417548 ] ] } },
{ "type": "Feature", "properties": { "id": 50979, "nach": 0.56884584154444839 }, "geometry": { "type": "LineString", "coordinates": [ [ -2.7361049, 53.3417252 ], [ -2.7360852, 53.3417548 ] ] } },
{ "type": "Feature", "properties": { "id": 23757, "nach": 0.71110856666615985 }, "geometry": { "type": "LineString", "coordinates": [ [ -2.7359104, 53.341683900000014 ], [ -2.7360195, 53.3417363 ], [ -2.7360852, 53.3417548 ] ] } },
{ "type": "Feature", "properties": { "id": 24881, "nach": 0.55403372731088019 }, "geometry": { "type": "LineString", "coordinates": [ [ -2.7361522, 53.34176750000001 ], [ -2.7363775, 53.3418346 ], [ -2.7362822, 53.3420361 ], [ -2.7367613, 53.3421347 ] ] } },
{ "type": "Feature", "properties": { "id": 24880, "nach": 0.69787040118798949 }, "geometry": { "type": "LineString", "coordinates": [ [ -2.7361522, 53.34176750000001 ], [ -2.7364166, 53.3417972 ] ] } },
{ "type": "Feature", "properties": { "id": 50984, "nach": 0.55369007426757033 }, "geometry": { "type": "LineString", "coordinates": [ [ -2.7360658, 53.3417841 ], [ -2.7359729, 53.3417675 ], [ -2.7359543, 53.3417715 ], [ -2.7359414, 53.3417792 ] ] } },
{ "type": "Feature", "properties": { "id": 50985, "nach": 0.53646966228266146 }, "geometry": { "type": "LineString", "coordinates": [ [ -2.7361605, 53.3417974 ], [ -2.7360658, 53.3417841 ] ] } },
{ "type": "Feature", "properties": { "id": 50997, "nach": 0.5377312374136145 }, "geometry": { "type": "LineString", "coordinates": [ [ -2.7361776, 53.3417395 ], [ -2.7361049, 53.3417252 ] ] } },
{ "type": "Feature", "properties": { "id": 50988, "nach": 0.61913553478726469 }, "geometry": { "type": "LineString", "coordinates": [ [ -2.736021, 53.3416672 ], [ -2.7360241, 53.3416792 ], [ -2.7360346, 53.3416932 ], [ -2.7360504, 53.341704 ], [ -2.736072, 53.3417141 ], [ -2.7361049, 53.3417252 ] ] } },
{ "type": "Feature", "properties": { "id": 6473, "nach": 0.64855505603058194 }, "geometry": { "type": "LineString", "coordinates": [ [ -2.7377731, 53.3424155 ], [ -2.7379317, 53.341996 ] ] } },
{ "type": "Feature", "properties": { "id": 23900, "nach": 0.6902064395435491 }, "geometry": { "type": "LineString", "coordinates": [ [ -2.7383186, 53.3420495 ], [ -2.7379317, 53.341996 ] ] } },
{ "type": "Feature", "properties": { "id": 14837, "nach": 0.66820776776703439 }, "geometry": { "type": "LineString", "coordinates": [ [ -2.7380835, 53.3416068 ], [ -2.7380637, 53.3416424 ], [ -2.7379317, 53.341996 ] ] } },
{ "type": "Feature", "properties": { "id": 14834, "nach": 0.68254335785587639 }, "geometry": { "type": "LineString", "coordinates": [ [ -2.7369087, 53.3418617 ], [ -2.7379317, 53.341996 ] ] } },
{ "type": "Feature", "properties": { "id": 14847, "nach": 0.65641467220361871 }, "geometry": { "type": "LineString", "coordinates": [ [ -2.737678, 53.3426752 ], [ -2.7377731, 53.3424155 ] ] } },
{ "type": "Feature", "properties": { "id": 23773, "nach": 0.52410130100954411 }, "geometry": { "type": "LineString", "coordinates": [ [ -2.7381629, 53.3424603 ], [ -2.7377731, 53.3424155 ] ] } },
{ "type": "Feature", "properties": { "id": 23901, "nach": 0.64865085927812272 }, "geometry": { "type": "LineString", "coordinates": [ [ -2.7382596, 53.3422321 ], [ -2.7383186, 53.3420495 ] ] } },
{ "type": "Feature", "properties": { "id": 23899, "nach": 0.74360572310748052 }, "geometry": { "type": "LineString", "coordinates": [ [ -2.7383186, 53.3420495 ], [ -2.738903040673516, 53.342124417289469 ] ] } },
{ "type": "Feature", "properties": { "id": 14839, "nach": 0.54788333985188575 }, "geometry": { "type": "LineString", "coordinates": [ [ -2.7380835, 53.3416068 ], [ -2.7371171, 53.3414757 ], [ -2.7369087, 53.3418617 ] ] } },
{ "type": "Feature", "properties": { "id": 14843, "nach": 0.71836029641095944 }, "geometry": { "type": "LineString", "coordinates": [ [ -2.7380835, 53.3416068 ], [ -2.73814439663049, 53.341495449831982 ] ] } },
{ "type": "Feature", "properties": { "id": 51060, "nach": 0.66257058773392019 }, "geometry": { "type": "LineString", "coordinates": [ [ -2.7307003, 53.3430172 ], [ -2.7306781, 53.3429679 ] ] } },
{ "type": "Feature", "properties": { "id": 30517, "nach": 0.49312464368197456 }, "geometry": { "type": "LineString", "coordinates": [ [ -2.7307774, 53.342944 ], [ -2.7306781, 53.3429679 ] ] } },
{ "type": "Feature", "properties": { "id": 51073, "nach": 0.66211219076005579 }, "geometry": { "type": "LineString", "coordinates": [ [ -2.7305833, 53.3428502 ], [ -2.7306314, 53.3429038 ], [ -2.7306781, 53.3429679 ] ] } },
{ "type": "Feature", "properties": { "id": 51063, "nach": 0.60601460191340328 }, "geometry": { "type": "LineString", "coordinates": [ [ -2.7307003, 53.3430172 ], [ -2.7305888, 53.3430233 ] ] } },
{ "type": "Feature", "properties": { "id": 51062, "nach": 0.65252611599581445 }, "geometry": { "type": "LineString", "coordinates": [ [ -2.7307003, 53.3430172 ], [ -2.730842, 53.3430094 ] ] } },
{ "type": "Feature", "properties": { "id": 51076, "nach": 0.68557090220034189 }, "geometry": { "type": "LineString", "coordinates": [ [ -2.7307186, 53.343063400000013 ], [ -2.7307003, 53.3430172 ] ] } },
{ "type": "Feature", "properties": { "id": 30516, "nach": 0.61580490592118109 }, "geometry": { "type": "LineString", "coordinates": [ [ -2.7307774, 53.342944 ], [ -2.7309777, 53.3428523 ] ] } },
{ "type": "Feature", "properties": { "id": 51057, "nach": 0.65135776319325911 }, "geometry": { "type": "LineString", "coordinates": [ [ -2.7307272, 53.342893 ], [ -2.7307774, 53.342944 ] ] } },
{ "type": "Feature", "properties": { "id": 51055, "nach": 0.57113629761449691 }, "geometry": { "type": "LineString", "coordinates": [ [ -2.730842, 53.3430094 ], [ -2.7307774, 53.342944 ] ] } },
{ "type": "Feature", "properties": { "id": 51071, "nach": 0.75984216170173602 }, "geometry": { "type": "LineString", "coordinates": [ [ -2.7305833, 53.3428502 ], [ -2.7305391, 53.342797099999984 ] ] } },
{ "type": "Feature", "properties": { "id": 51074, "nach": 0.65949969044027112 }, "geometry": { "type": "LineString", "coordinates": [ [ -2.7305833, 53.3428502 ], [ -2.7306534, 53.3428291 ], [ -2.730684, 53.3428656 ], [ -2.7307054, 53.3428823 ], [ -2.7307272, 53.342893 ] ] } },
{ "type": "Feature", "properties": { "id": 51072, "nach": 0.71195360144016795 }, "geometry": { "type": "LineString", "coordinates": [ [ -2.7305833, 53.3428502 ], [ -2.7305217, 53.3428687 ] ] } },
{ "type": "Feature", "properties": { "id": 6450, "nach": 0.63604312404125907 }, "geometry": { "type": "LineString", "coordinates": [ [ -2.7403021, 53.3434142 ], [ -2.7400405, 53.3439883 ] ] } },
{ "type": "Feature", "properties": { "id": 6400, "nach": 0.62870889576938349 }, "geometry": { "type": "LineString", "coordinates": [ [ -2.7418599, 53.3443452 ], [ -2.7414883, 53.3443436 ], [ -2.741162, 53.344345800000013 ], [ -2.7410526, 53.3443339 ], [ -2.7409156, 53.3442982 ], [ -2.7400405, 53.3439883 ] ] } },
{ "type": "Feature", "properties": { "id": 5300, "nach": 0.70108312219610702 }, "geometry": { "type": "LineString", "coordinates": [ [ -2.7400405, 53.3439883 ], [ -2.738959513847484, 53.343975009184625 ] ] } },
{ "type": "Feature", "properties": { "id": 6452, "nach": 0.60625270331485548 }, "geometry": { "type": "LineString", "coordinates": [ [ -2.7403021, 53.3434142 ], [ -2.7406089, 53.3435669 ] ] } },
{ "type": "Feature", "properties": { "id": 6453, "nach": 0.53164083557409425 }, "geometry": { "type": "LineString", "coordinates": [ [ -2.7403021, 53.3434142 ], [ -2.7403686, 53.343220800000019 ], [ -2.740399, 53.3430756 ] ] } },
{ "type": "Feature", "properties": { "id": 6455, "nach": 0.66300065449155077 }, "geometry": { "type": "LineString", "coordinates": [ [ -2.7399147, 53.3433267 ], [ -2.7403021, 53.3434142 ] ] } },
{ "type": "Feature", "properties": { "id": 30425, "nach": 0.63240985997209509 }, "geometry": { "type": "LineString", "coordinates": [ [ -2.7426616, 53.3443485 ], [ -2.742534, 53.3443707 ], [ -2.7423802, 53.3443789 ], [ -2.7422006, 53.344372 ], [ -2.7418599, 53.3443452 ] ] } },
{ "type": "Feature", "properties": { "id": 6442, "nach": 0.53485757698995762 }, "geometry": { "type": "LineString", "coordinates": [ [ -2.7421451, 53.3438544 ], [ -2.7420431, 53.343935200000011 ], [ -2.7419269, 53.3440332 ], [ -2.7418895, 53.3440903 ], [ -2.7418694, 53.34414360000001 ], [ -2.74185920000001, 53.3441983 ], [ -2.7418599, 53.3443452 ] ] } },
{ "type": "Feature", "properties": { "id": 6487, "nach": 0.54220767879077514 }, "geometry": { "type": "LineString", "coordinates": [ [ -2.737418200000012, 53.3439746 ], [ -2.7376903, 53.3440033 ], [ -2.7378309, 53.3440141 ], [ -2.7379975, 53.3440288 ], [ -2.7381482, 53.3440497 ], [ -2.7382894, 53.3440691 ], [ -2.7384145, 53.3440786 ], [ -2.7384877, 53.3440804 ], [ -2.73855240000001, 53.3440787 ], [ -2.7386156, 53.3440742 ], [ -2.7386882, 53.3440676 ], [ -2.7387466, 53.3440595 ], [ -2.7388636, 53.344042 ], [ -2.7388401, 53.3439907 ] ] } },
{ "type": "Feature", "properties": { "id": 6480, "nach": 0.62877814189765868 }, "geometry": { "type": "LineString", "coordinates": [ [ -2.7386302, 53.3440067 ], [ -2.73869780000001, 53.3440058 ], [ -2.738765, 53.3440001 ], [ -2.7388401, 53.3439907 ] ] } },
{ "type": "Feature", "properties": { "id": 5300, "nach": 0.70108312219610702 }, "geometry": { "type": "LineString", "coordinates": [ [ -2.739063477038337, 53.343961348453767 ], [ -2.7388401, 53.3439907 ] ] } },
{ "type": "Feature", "properties": { "id": 53681, "nach": 0.68690129542546974 }, "geometry": { "type": "LineString", "coordinates": [ [ -2.7335012, 53.3436151 ], [ -2.7336611, 53.3435963 ] ] } },
{ "type": "Feature", "properties": { "id": 53679, "nach": 0.64309055078752353 }, "geometry": { "type": "LineString", "coordinates": [ [ -2.7343592, 53.3435664 ], [ -2.734335, 53.3435655 ], [ -2.7340837, 53.3435616 ], [ -2.7336611, 53.3435963 ] ] } },
{ "type": "Feature", "properties": { "id": 53676, "nach": 0.61635053389073924 }, "geometry": { "type": "LineString", "coordinates": [ [ -2.7343418, 53.3436852 ], [ -2.7342536, 53.3436799 ], [ -2.7339531, 53.3436787 ], [ -2.7338598, 53.3436831 ], [ -2.7337776, 53.3436898 ], [ -2.7337477, 53.343690100000011 ], [ -2.7337232, 53.343685 ], [ -2.733704, 53.343677 ], [ -2.7336917, 53.3436665 ], [ -2.7336772, 53.3436448 ], [ -2.7336611, 53.3435963 ] ] } },
{ "type": "Feature", "properties": { "id": 53682, "nach": 0.66760749639911843 }, "geometry": { "type": "LineString", "coordinates": [ [ -2.7335012, 53.3436151 ], [ -2.7331884, 53.343652400000011 ], [ -2.7329293, 53.3436715 ], [ -2.7327456, 53.3436709 ], [ -2.7325743, 53.3436546 ] ] } },
{ "type": "Feature", "properties": { "id": 53683, "nach": 0.63485321098570702 }, "geometry": { "type": "LineString", "coordinates": [ [ -2.7335012, 53.3436151 ], [ -2.7334762, 53.3435465 ], [ -2.7334669, 53.343429 ], [ -2.7334824, 53.343166 ], [ -2.7334769, 53.3431022 ] ] } },
{ "type": "Feature", "properties": { "id": 53680, "nach": 0.64018904680222533 }, "geometry": { "type": "LineString", "coordinates": [ [ -2.7343592, 53.3435664 ], [ -2.7347124, 53.343579 ], [ -2.7349943, 53.3436023 ] ] } },
{ "type": "Feature", "properties": { "id": 53678, "nach": 0.15852459010524239 }, "geometry": { "type": "LineString", "coordinates": [ [ -2.7343592, 53.3435664 ], [ -2.7343418, 53.3436852 ] ] } },
{ "type": "Feature", "properties": { "id": 53677, "nach": 0.6123128896722011 }, "geometry": { "type": "LineString", "coordinates": [ [ -2.7343418, 53.3436852 ], [ -2.7348604, 53.3437167 ], [ -2.7348998, 53.343714800000015 ] ] } },
{ "type": "Feature", "properties": { "id": 12678, "nach": 0.61415206832038027 }, "geometry": { "type": "LineString", "coordinates": [ [ -2.7367876, 53.3438935 ], [ -2.737418200000012, 53.3439746 ] ] } },
{ "type": "Feature", "properties": { "id": 53688, "nach": 0.59442725613199299 }, "geometry": { "type": "LineString", "coordinates": [ [ -2.7373113, 53.3441906 ], [ -2.7373308, 53.3441312 ], [ -2.7373502, 53.3440784 ], [ -2.7373806, 53.3440195 ], [ -2.737418200000012, 53.3439746 ] ] } },
{ "type": "Feature", "properties": { "id": 6478, "nach": 0.52572179202182223 }, "geometry": { "type": "LineString", "coordinates": [ [ -2.7386302, 53.3440067 ], [ -2.7388377, 53.343231 ] ] } },
{ "type": "Feature", "properties": { "id": 6483, "nach": 0.61719695152757414 }, "geometry": { "type": "LineString", "coordinates": [ [ -2.7380358, 53.343892600000011 ], [ -2.7382602, 53.3439407 ], [ -2.7384361, 53.3439804 ], [ -2.7386302, 53.3440067 ] ] } },
{ "type": "Feature", "properties": { "id": 5851, "nach": 0.46110060211920351 }, "geometry": { "type": "LineString", "coordinates": [ [ -2.7457819, 53.3350129 ], [ -2.7456942, 53.3349967 ], [ -2.7456385, 53.3349622 ], [ -2.7453279, 53.334474899999989 ] ] } },
{ "type": "Feature", "properties": { "id": 39654, "nach": 0.56765909666673109 }, "geometry": { "type": "LineString", "coordinates": [ [ -2.7514267, 53.3338082 ], [ -2.7514902, 53.333962 ], [ -2.7515253, 53.3340471 ] ] } },
{ "type": "Feature", "properties": { "id": 39651, "nach": 0.3827293967092163 }, "geometry": { "type": "LineString", "coordinates": [ [ -2.7506885, 53.3335277 ], [ -2.7505655, 53.3336872 ], [ -2.7504889, 53.3337516 ], [ -2.7504012, 53.3337968 ], [ -2.7502799, 53.3338398 ], [ -2.7480529, 53.3344825 ], [ -2.7471484, 53.3347454 ], [ -2.7468903, 53.3348141 ], [ -2.7465443, 53.3348923 ], [ -2.7461952, 53.3349606 ], [ -2.7458417, 53.3350147 ], [ -2.7457819, 53.3350129 ] ] } },
{ "type": "Feature", "properties": { "id": 13455, "nach": 0.44715131031267558 }, "geometry": { "type": "LineString", "coordinates": [ [ -2.7434634, 53.3363152 ], [ -2.7440045, 53.336156 ], [ -2.7441253, 53.336062 ], [ -2.7440738, 53.3359851 ], [ -2.7443657, 53.3358929 ], [ -2.7446403, 53.3358416 ], [ -2.7449236, 53.3358519 ], [ -2.7451038, 53.3358519 ], [ -2.7456387, 53.3357605 ], [ -2.7456387, 53.3355862 ], [ -2.7454413, 53.335391400000013 ], [ -2.7455383, 53.3353662 ], [ -2.7456387, 53.3353402 ], [ -2.7457819, 53.3350129 ] ] } },
{ "type": "Feature", "properties": { "id": 13453, "nach": 0.43105679337248565 }, "geometry": { "type": "LineString", "coordinates": [ [ -2.7434634, 53.3363152 ], [ -2.7430697, 53.3358316 ], [ -2.7430236, 53.3358032 ], [ -2.7429614, 53.3357833 ], [ -2.7428903, 53.3357723 ], [ -2.7428225, 53.3357705 ], [ -2.7427594, 53.335777600000014 ], [ -2.7426915, 53.3357925 ], [ -2.7419553, 53.3360015 ] ] } },
{ "type": "Feature", "properties": { "id": 53780, "nach": 0.47974412249227549 }, "geometry": { "type": "LineString", "coordinates": [ [ -2.7433246, 53.33712890000001 ], [ -2.7437272, 53.3369908 ], [ -2.7437855, 53.3369615 ], [ -2.7438257, 53.3369198 ], [ -2.7438444, 53.3368762 ], [ -2.7438465, 53.336839 ], [ -2.7438323, 53.3367982 ], [ -2.7436824, 53.3366032 ], [ -2.7434634, 53.3363152 ] ] } },
{ "type": "Feature", "properties": { "id": 5881, "nach": 0.63494465212708318 }, "geometry": { "type": "LineString", "coordinates": [ [ -2.7423831, 53.336576700000016 ], [ -2.7419553, 53.3360015 ] ] } },
{ "type": "Feature", "properties": { "id": 5883, "nach": 0.38253083686326622 }, "geometry": { "type": "LineString", "coordinates": [ [ -2.7423831, 53.336576700000016 ], [ -2.7402258, 53.3373523 ] ] } },
{ "type": "Feature", "properties": { "id": 5879, "nach": 0.63439636692280288 }, "geometry": { "type": "LineString", "coordinates": [ [ -2.7405885, 53.3378438 ], [ -2.7402258, 53.3373523 ] ] } },
{ "type": "Feature", "properties": { "id": 24348, "nach": 0.61933309082731336 }, "geometry": { "type": "LineString", "coordinates": [ [ -2.7408862, 53.33823120000001 ], [ -2.7405885, 53.3378438 ] ] } },
{ "type": "Feature", "properties": { "id": 6065, "nach": 0.57134990488736903 }, "geometry": { "type": "LineString", "coordinates": [ [ -2.7403691, 53.3365361 ], [ -2.7419553, 53.3360015 ] ] } },
{ "type": "Feature", "properties": { "id": 13479, "nach": 0.64977686588665351 }, "geometry": { "type": "LineString", "coordinates": [ [ -2.7415209, 53.335579 ], [ -2.7416687, 53.3357084 ], [ -2.7418056, 53.3358416 ], [ -2.7419553, 53.3360015 ] ] } },
{ "type": "Feature", "properties": { "id": 6064, "nach": 0.5811069432153011 }, "geometry": { "type": "LineString", "coordinates": [ [ -2.7403691, 53.3365361 ], [ -2.7398572, 53.3367233 ] ] } },
{ "type": "Feature", "properties": { "id": 6066, "nach": 0.0 }, "geometry": { "type": "LineString", "coordinates": [ [ -2.7403691, 53.3365361 ], [ -2.7403147, 53.3364728 ], [ -2.7402648, 53.3364206 ], [ -2.7401848, 53.3363773 ], [ -2.7400649, 53.336362 ], [ -2.7399649, 53.3364131 ], [ -2.7398778, 53.3365025 ], [ -2.7398016, 53.3366394 ] ] } },
{ "type": "Feature", "properties": { "id": 13477, "nach": 0.65719596693441362 }, "geometry": { "type": "LineString", "coordinates": [ [ -2.7415209, 53.335579 ], [ -2.7412861, 53.3353982 ] ] } },
{ "type": "Feature", "properties": { "id": 52325, "nach": 0.5596116474645102 }, "geometry": { "type": "LineString", "coordinates": [ [ -2.7407356, 53.3358258 ], [ -2.740751, 53.335807699999989 ], [ -2.7407829, 53.3357808 ], [ -2.7408287, 53.335753 ], [ -2.7408914, 53.33572860000001 ], [ -2.7409783, 53.3357124 ], [ -2.7410969, 53.3357012 ], [ -2.7411878, 53.335688 ], [ -2.741278, 53.3356655 ], [ -2.7415209, 53.335579 ] ] } },
{ "type": "Feature", "properties": { "id": 24322, "nach": 0.66029339973636092 }, "geometry": { "type": "LineString", "coordinates": [ [ -2.7396001, 53.3379742 ], [ -2.7389213, 53.3370023 ], [ -2.7388649, 53.336875 ] ] } },
{ "type": "Feature", "properties": { "id": 40280, "nach": 0.50727295739568046 }, "geometry": { "type": "LineString", "coordinates": [ [ -2.7385738, 53.3370148 ], [ -2.7385333, 53.3369371 ], [ -2.7387897, 53.3368617 ] ] } },
{ "type": "Feature", "properties": { "id": 42231, "nach": 0.6886371364735755 }, "geometry": { "type": "LineString", "coordinates": [ [ -2.7401962, 53.3387356 ], [ -2.7396001, 53.3379742 ] ] } },
{ "type": "Feature", "properties": { "id": 24324, "nach": 0.68559345270649752 }, "geometry": { "type": "LineString", "coordinates": [ [ -2.739426, 53.3380141 ], [ -2.7396001, 53.3379742 ] ] } },
{ "type": "Feature", "properties": { "id": 6061, "nach": 0.63438099859803176 }, "geometry": { "type": "LineString", "coordinates": [ [ -2.7398016, 53.3366394 ], [ -2.7398572, 53.3367233 ] ] } },
{ "type": "Feature", "properties": { "id": 5877, "nach": 0.63070972245804557 }, "geometry": { "type": "LineString", "coordinates": [ [ -2.7402258, 53.3373523 ], [ -2.7398467, 53.3368581 ], [ -2.7398375, 53.336776800000017 ], [ -2.7398572, 53.3367233 ] ] } },
{ "type": "Feature", "properties": { "id": 42244, "nach": 0.6351942285610741 }, "geometry": { "type": "LineString", "coordinates": [ [ -2.7410956, 53.338496299999989 ], [ -2.7408862, 53.33823120000001 ] ] } },
{ "type": "Feature", "properties": { "id": 24350, "nach": 0.51385690908343595 }, "geometry": { "type": "LineString", "coordinates": [ [ -2.7405696, 53.3383125 ], [ -2.7408862, 53.33823120000001 ] ] } },
{ "type": "Feature", "properties": { "id": 6346, "nach": 0.53341348770345642 }, "geometry": { "type": "LineString", "coordinates": [ [ -2.7344463, 53.3382715 ], [ -2.7335209, 53.3382849 ] ] } },
{ "type": "Feature", "properties": { "id": 21372, "nach": 0.71165370751896762 }, "geometry": { "type": "LineString", "coordinates": [ [ -2.7344725, 53.3384505 ], [ -2.7344463, 53.3382715 ] ] } },
{ "type": "Feature", "properties": { "id": 21378, "nach": 0.70285982049405404 }, "geometry": { "type": "LineString", "coordinates": [ [ -2.73441, 53.3380244 ], [ -2.7344463, 53.3382715 ] ] } },
{ "type": "Feature", "properties": { "id": 21381, "nach": 0.56044849872220992 }, "geometry": { "type": "LineString", "coordinates": [ [ -2.73441, 53.3380244 ], [ -2.7347642, 53.3380152 ] ] } },
{ "type": "Feature", "properties": { "id": 21373, "nach": 0.72173841619915202 }, "geometry": { "type": "LineString", "coordinates": [ [ -2.7344725, 53.3384505 ], [ -2.7344825, 53.3385184 ], [ -2.7344981, 53.3386127 ] ] } },
{ "type": "Feature", "properties": { "id": 21377, "nach": 0.55095868373150425 }, "geometry": { "type": "LineString", "coordinates": [ [ -2.7347642, 53.3380152 ], [ -2.7348218, 53.3384259 ], [ -2.7344725, 53.3384505 ] ] } },
{ "type": "Feature", "properties": { "id": 21364, "nach": 0.7442782650203249 }, "geometry": { "type": "LineString", "coordinates": [ [ -2.7349411, 53.339509 ], [ -2.7346442, 53.3394936 ] ] } },
{ "type": "Feature", "properties": { "id": 45260, "nach": 0.75000302649700368 }, "geometry": { "type": "LineString", "coordinates": [ [ -2.7344951, 53.3394878 ], [ -2.7346442, 53.3394936 ] ] } },
{ "type": "Feature", "properties": { "id": 50859, "nach": 0.7216732408692369 }, "geometry": { "type": "LineString", "coordinates": [ [ -2.7346358, 53.3394432 ], [ -2.7346442, 53.3394936 ] ] } },
{ "type": "Feature", "properties": { "id": 21366, "nach": 0.079449364041339662 }, "geometry": { "type": "LineString", "coordinates": [ [ -2.7349411, 53.339509 ], [ -2.7347899, 53.3386025 ] ] } },
{ "type": "Feature", "properties": { "id": 50822, "nach": 0.6799538946415743 }, "geometry": { "type": "LineString", "coordinates": [ [ -2.735235, 53.3391302 ], [ -2.7349411, 53.339509 ] ] } },
{ "type": "Feature", "properties": { "id": 50819, "nach": 0.70502076689482329 }, "geometry": { "type": "LineString", "coordinates": [ [ -2.7354069, 53.3391859 ], [ -2.7353584, 53.339343500000012 ], [ -2.7353376, 53.3393867 ], [ -2.7353054, 53.3394281 ], [ -2.7352603, 53.3394617 ], [ -2.7352017, 53.3394896 ], [ -2.7351372, 53.3395054 ], [ -2.735059400000011, 53.33951170000001 ], [ -2.7349411, 53.339509 ] ] } },
{ "type": "Feature", "properties": { "id": 45263, "nach": 0.54367447094756161 }, "geometry": { "type": "LineString", "coordinates": [ [ -2.734233, 53.339676900000015 ], [ -2.7343763, 53.3397092 ], [ -2.7344688, 53.3397092 ], [ -2.7344823, 53.3396816 ], [ -2.7344951, 53.3394878 ] ] } },
{ "type": "Feature", "properties": { "id": 45261, "nach": 0.76253860638844495 }, "geometry": { "type": "LineString", "coordinates": [ [ -2.73303541449981, 53.340007051176187 ], [ -2.7344951, 53.3394878 ] ] } },
{ "type": "Feature", "properties": { "id": 50862, "nach": 0.64747176596374845 }, "geometry": { "type": "LineString", "coordinates": [ [ -2.7346358, 53.3394432 ], [ -2.7345312, 53.3394383 ], [ -2.7344324, 53.3394379 ] ] } },
{ "type": "Feature", "properties": { "id": 50860, "nach": 0.67593101476933293 }, "geometry": { "type": "LineString", "coordinates": [ [ -2.7346358, 53.3394432 ], [ -2.7345942, 53.3391919 ] ] } },
{ "type": "Feature", "properties": { "id": 50861, "nach": 0.54589187122035976 }, "geometry": { "type": "LineString", "coordinates": [ [ -2.7346358, 53.3394432 ], [ -2.7347072, 53.3394469 ] ] } },
{ "type": "Feature", "properties": { "id": 6380, "nach": 0.68889014730411158 }, "geometry": { "type": "LineString", "coordinates": [ [ -2.7371961, 53.3373756 ], [ -2.7367253, 53.3371265 ] ] } },
{ "type": "Feature", "properties": { "id": 24303, "nach": 0.48237316335422564 }, "geometry": { "type": "LineString", "coordinates": [ [ -2.7365032, 53.337743 ], [ -2.7371961, 53.3373756 ] ] } },
{ "type": "Feature", "properties": { "id": 21245, "nach": 0.688811145996715 }, "geometry": { "type": "LineString", "coordinates": [ [ -2.7374062, 53.3375114 ], [ -2.7371961, 53.3373756 ] ] } },
{ "type": "Feature", "properties": { "id": 24295, "nach": 0.71473263753439831 }, "geometry": { "type": "LineString", "coordinates": [ [ -2.7365058, 53.3372331 ], [ -2.736189, 53.3374038 ], [ -2.7358359, 53.3375901 ] ] } },
{ "type": "Feature", "properties": { "id": 24304, "nach": 0.38963151482574737 }, "geometry": { "type": "LineString", "coordinates": [ [ -2.7365032, 53.337743 ], [ -2.7362932, 53.3376005 ], [ -2.736716, 53.337378 ], [ -2.7365058, 53.3372331 ] ] } },
{ "type": "Feature", "properties": { "id": 24305, "nach": 0.73002738016448276 }, "geometry": { "type": "LineString", "coordinates": [ [ -2.7357165, 53.337551 ], [ -2.7358359, 53.3375901 ] ] } },
{ "type": "Feature", "properties": { "id": 13519, "nach": 0.72931504786830381 }, "geometry": { "type": "LineString", "coordinates": [ [ -2.7361228, 53.3377752 ], [ -2.7359996, 53.33766330000001 ], [ -2.7358359, 53.3375901 ] ] } },
{ "type": "Feature", "properties": { "id": 24310, "nach": 0.63607401600328506 }, "geometry": { "type": "LineString", "coordinates": [ [ -2.735511, 53.3381215 ], [ -2.7356668, 53.3376136 ], [ -2.7357165, 53.337551 ] ] } },
{ "type": "Feature", "properties": { "id": 13518, "nach": 0.73002525837511234 }, "geometry": { "type": "LineString", "coordinates": [ [ -2.7361228, 53.3377752 ], [ -2.7362284, 53.3378806 ] ] } },
{ "type": "Feature", "properties": { "id": 13520, "nach": 0.51318105817379867 }, "geometry": { "type": "LineString", "coordinates": [ [ -2.7361228, 53.3377752 ], [ -2.7358625, 53.337865 ], [ -2.7357978, 53.3381138 ] ] } },
{ "type": "Feature", "properties": { "id": 24302, "nach": 0.55417273447953153 }, "geometry": { "type": "LineString", "coordinates": [ [ -2.7365032, 53.337743 ], [ -2.7362284, 53.3378806 ] ] } },
{ "type": "Feature", "properties": { "id": 51510, "nach": 0.69127321785010298 }, "geometry": { "type": "LineString", "coordinates": [ [ -2.7374718, 53.3382678 ], [ -2.7374119, 53.3382135 ], [ -2.7373284, 53.3381021 ], [ -2.7372516, 53.3380277 ], [ -2.7372391, 53.3379497 ], [ -2.7373316, 53.337858 ], [ -2.7375484, 53.3377361 ], [ -2.7375872, 53.3376921 ], [ -2.7375772, 53.337631 ], [ -2.7374062, 53.3375114 ] ] } },
{ "type": "Feature", "properties": { "id": 21248, "nach": 0.5183474380154488 }, "geometry": { "type": "LineString", "coordinates": [ [ -2.7366564, 53.3379562 ], [ -2.7366875, 53.3379214 ], [ -2.7373043, 53.3375712 ], [ -2.7374062, 53.3375114 ] ] } },
{ "type": "Feature", "properties": { "id": 13506, "nach": 0.73392278053281035 }, "geometry": { "type": "LineString", "coordinates": [ [ -2.7366455, 53.3382785 ], [ -2.7362284, 53.3378806 ] ] } },
{ "type": "Feature", "properties": { "id": 13509, "nach": 0.66141176867117535 }, "geometry": { "type": "LineString", "coordinates": [ [ -2.7362827, 53.3385139 ], [ -2.7366455, 53.3382785 ] ] } },
{ "type": "Feature", "properties": { "id": 50924, "nach": 0.75438430738446149 }, "geometry": { "type": "LineString", "coordinates": [ [ -2.736779, 53.3383978 ], [ -2.7366455, 53.3382785 ] ] } },
{ "type": "Feature", "properties": { "id": 51508, "nach": 0.72280828257017438 }, "geometry": { "type": "LineString", "coordinates": [ [ -2.7374718, 53.3382678 ], [ -2.73750040000001, 53.3383054 ] ] } },
{ "type": "Feature", "properties": { "id": 24336, "nach": 0.75422258822551613 }, "geometry": { "type": "LineString", "coordinates": [ [ -2.7377439, 53.3383002 ], [ -2.73750040000001, 53.3383054 ] ] } },
{ "type": "Feature", "properties": { "id": 46618, "nach": 0.68211266254801706 }, "geometry": { "type": "LineString", "coordinates": [ [ -2.7372999, 53.3383454 ], [ -2.73750040000001, 53.3383054 ] ] } },
{ "type": "Feature", "properties": { "id": 51507, "nach": 0.68612146581121891 }, "geometry": { "type": "LineString", "coordinates": [ [ -2.7374718, 53.3382678 ], [ -2.73727820000001, 53.3383044 ] ] } },
{ "type": "Feature", "properties": { "id": 51509, "nach": 0.54296773406228527 }, "geometry": { "type": "LineString", "coordinates": [ [ -2.7374718, 53.3382678 ], [ -2.7375415, 53.3382548 ], [ -2.7376729, 53.3382019 ], [ -2.7378064, 53.338211 ] ] } },
{ "type": "Feature", "properties": { "id": 24338, "nach": 0.70086824885165289 }, "geometry": { "type": "LineString", "coordinates": [ [ -2.7377439, 53.3383002 ], [ -2.7377675, 53.3384207 ], [ -2.7378288, 53.3386177 ], [ -2.73789, 53.3387211 ], [ -2.737953, 53.3388022 ], [ -2.7380468, 53.338903499999986 ] ] } },
{ "type": "Feature", "properties": { "id": 24335, "nach": 0.70514457721253354 }, "geometry": { "type": "LineString", "coordinates": [ [ -2.7377439, 53.3383002 ], [ -2.7379386, 53.3382967 ] ] } },
{ "type": "Feature", "properties": { "id": 51173, "nach": 0.54400636269200897 }, "geometry": { "type": "LineString", "coordinates": [ [ -2.7378064, 53.338211 ], [ -2.7377439, 53.3383002 ] ] } },
{ "type": "Feature", "properties": { "id": 46619, "nach": 0.69612726541809156 }, "geometry": { "type": "LineString", "coordinates": [ [ -2.7372999, 53.3383454 ], [ -2.7371408, 53.3383846 ], [ -2.7370496, 53.3384083 ], [ -2.7369829, 53.3384272 ], [ -2.7369211, 53.3384472 ], [ -2.7368604, 53.3384706 ] ] } },
{ "type": "Feature", "properties": { "id": 50923, "nach": 0.53817918118322927 }, "geometry": { "type": "LineString", "coordinates": [ [ -2.7373242, 53.3383911 ], [ -2.7372999, 53.3383454 ] ] } },
{ "type": "Feature", "properties": { "id": 50920, "nach": 0.57547136399513077 }, "geometry": { "type": "LineString", "coordinates": [ [ -2.73727820000001, 53.3383044 ], [ -2.7372999, 53.3383454 ] ] } },
{ "type": "Feature", "properties": { "id": 55114, "nach": 0.69770510785290385 }, "geometry": { "type": "LineString", "coordinates": [ [ -2.7389984, 53.3387613 ], [ -2.7389809, 53.3387457 ], [ -2.73869, 53.3386299 ], [ -2.7385528, 53.33857840000001 ] ] } },
{ "type": "Feature", "properties": { "id": 6388, "nach": 0.42366933939424645 }, "geometry": { "type": "LineString", "coordinates": [ [ -2.7385528, 53.33857840000001 ], [ -2.7383189, 53.3387187 ], [ -2.7381817, 53.3388119 ] ] } },
{ "type": "Feature", "properties": { "id": 51177, "nach": 0.70156079999891485 }, "geometry": { "type": "LineString", "coordinates": [ [ -2.7379386, 53.3382967 ], [ -2.7380709, 53.3383118 ], [ -2.7382147, 53.3383457 ], [ -2.7383579, 53.338398 ], [ -2.738519, 53.3384935 ], [ -2.7385528, 53.33857840000001 ] ] } },
{ "type": "Feature", "properties": { "id": 55113, "nach": 0.70653038947070113 }, "geometry": { "type": "LineString", "coordinates": [ [ -2.7389984, 53.3387613 ], [ -2.739139, 53.3388578 ] ] } },
{ "type": "Feature", "properties": { "id": 55116, "nach": 0.52883365842817276 }, "geometry": { "type": "LineString", "coordinates": [ [ -2.7389984, 53.3387613 ], [ -2.7391298, 53.3387295 ], [ -2.7392169, 53.3387154 ] ] } },
{ "type": "Feature", "properties": { "id": 55115, "nach": 0.62376201521519503 }, "geometry": { "type": "LineString", "coordinates": [ [ -2.7389984, 53.3387613 ], [ -2.7388547, 53.33877420000001 ], [ -2.7388131, 53.338781 ] ] } },
{ "type": "Feature", "properties": { "id": 55130, "nach": 0.59503924434826361 }, "geometry": { "type": "LineString", "coordinates": [ [ -2.7381817, 53.3388119 ], [ -2.7382135, 53.3388229 ], [ -2.7383497, 53.3388702 ] ] } },
{ "type": "Feature", "properties": { "id": 55129, "nach": 0.61863624619670954 }, "geometry": { "type": "LineString", "coordinates": [ [ -2.7381817, 53.3388119 ], [ -2.7380468, 53.338903499999986 ] ] } },
{ "type": "Feature", "properties": { "id": 14764, "nach": 0.67655856599824182 }, "geometry": { "type": "LineString", "coordinates": [ [ -2.7410638, 53.3408779 ], [ -2.741295, 53.340700299999988 ] ] } },
{ "type": "Feature", "properties": { "id": 14794, "nach": 0.67796505659257378 }, "geometry": { "type": "LineString", "coordinates": [ [ -2.7415037, 53.3406041 ], [ -2.741295, 53.340700299999988 ] ] } },
{ "type": "Feature", "properties": { "id": 24860, "nach": 0.54793910258103173 }, "geometry": { "type": "LineString", "coordinates": [ [ -2.7419828, 53.3410307 ], [ -2.7416175, 53.340885299999989 ], [ -2.7413857, 53.3407828 ], [ -2.741295, 53.340700299999988 ] ] } },
{ "type": "Feature", "properties": { "id": 14765, "nach": 0.64176844782656761 }, "geometry": { "type": "LineString", "coordinates": [ [ -2.7410638, 53.3408779 ], [ -2.7405315, 53.341462499999984 ] ] } },
{ "type": "Feature", "properties": { "id": 14771, "nach": 0.602093754744498 }, "geometry": { "type": "LineString", "coordinates": [ [ -2.7416947, 53.3411313 ], [ -2.7411719, 53.340921300000012 ], [ -2.7410638, 53.3408779 ] ] } },
{ "type": "Feature", "properties": { "id": 52881, "nach": 0.48209490028572738 }, "geometry": { "type": "LineString", "coordinates": [ [ -2.7398781, 53.3406412 ], [ -2.7403418, 53.3406292 ], [ -2.7410089, 53.34081410000001 ], [ -2.7409842, 53.3408509 ], [ -2.7410638, 53.3408779 ] ] } },
{ "type": "Feature", "properties": { "id": 14795, "nach": 0.66306503601659461 }, "geometry": { "type": "LineString", "coordinates": [ [ -2.7415037, 53.3406041 ], [ -2.7415985, 53.3405591 ] ] } },
{ "type": "Feature", "properties": { "id": 14797, "nach": 0.51325228472785789 }, "geometry": { "type": "LineString", "coordinates": [ [ -2.7409244, 53.3403952 ], [ -2.7411562, 53.340508 ], [ -2.7415037, 53.3406041 ] ] } },
{ "type": "Feature", "properties": { "id": 24861, "nach": 0.56618790812175024 }, "geometry": { "type": "LineString", "coordinates": [ [ -2.7419828, 53.3410307 ], [ -2.7417951, 53.3410936 ], [ -2.7416947, 53.3411313 ] ] } },
{ "type": "Feature", "properties": { "id": 24859, "nach": 0.58435440898355595 }, "geometry": { "type": "LineString", "coordinates": [ [ -2.7419828, 53.3410307 ], [ -2.7421266, 53.3410977 ] ] } },
{ "type": "Feature", "properties": { "id": 6418, "nach": 0.57565278782339735 }, "geometry": { "type": "LineString", "coordinates": [ [ -2.7405365, 53.3418224 ], [ -2.7405315, 53.341462499999984 ] ] } },
{ "type": "Feature", "properties": { "id": 24863, "nach": 0.70897879147117338 }, "geometry": { "type": "LineString", "coordinates": [ [ -2.7404341, 53.3414337 ], [ -2.7405315, 53.341462499999984 ] ] } },
{ "type": "Feature", "properties": { "id": 14778, "nach": 0.67257400643698972 }, "geometry": { "type": "LineString", "coordinates": [ [ -2.7412337, 53.3415912 ], [ -2.7408675, 53.3415647 ], [ -2.7405315, 53.341462499999984 ] ] } },
{ "type": "Feature", "properties": { "id": 6419, "nach": 0.41362362831612104 }, "geometry": { "type": "LineString", "coordinates": [ [ -2.7405365, 53.3418224 ], [ -2.741939, 53.3425114 ] ] } },
{ "type": "Feature", "properties": { "id": 6428, "nach": 0.54184732597752872 }, "geometry": { "type": "LineString", "coordinates": [ [ -2.7405237, 53.3422848 ], [ -2.7405365, 53.3418224 ] ] } },
{ "type": "Feature", "properties": { "id": 24862, "nach": 0.7115614140478731 }, "geometry": { "type": "LineString", "coordinates": [ [ -2.7404341, 53.3414337 ], [ -2.7402417, 53.3414219 ] ] } },
{ "type": "Feature", "properties": { "id": 24865, "nach": 0.50754610920126464 }, "geometry": { "type": "LineString", "coordinates": [ [ -2.7406611, 53.3407747 ], [ -2.7403387, 53.340822600000017 ], [ -2.7403674, 53.340975600000014 ], [ -2.7403947, 53.3411056 ], [ -2.7404341, 53.3414337 ] ] } },
{ "type": "Feature", "properties": { "id": 24871, "nach": 0.66253046549735894 }, "geometry": { "type": "LineString", "coordinates": [ [ -2.7412239, 53.3414857 ], [ -2.7412337, 53.3415912 ] ] } },
{ "type": "Feature", "properties": { "id": 21267, "nach": 0.56628312366285671 }, "geometry": { "type": "LineString", "coordinates": [ [ -2.7423329, 53.342029 ], [ -2.7418072, 53.3418129 ], [ -2.7412337, 53.3415912 ] ] } },
{ "type": "Feature", "properties": { "id": 6438, "nach": 0.6248842902178473 }, "geometry": { "type": "LineString", "coordinates": [ [ -2.7404813, 53.34265520000001 ], [ -2.7405272, 53.342323300000011 ] ] } },
{ "type": "Feature", "properties": { "id": 6427, "nach": 0.6212216512575891 }, "geometry": { "type": "LineString", "coordinates": [ [ -2.7405237, 53.3422848 ], [ -2.7405272, 53.342323300000011 ] ] } },
{ "type": "Feature", "properties": { "id": 6469, "nach": 0.65577220966991501 }, "geometry": { "type": "LineString", "coordinates": [ [ -2.739953, 53.342259 ], [ -2.7405272, 53.342323300000011 ] ] } },
{ "type": "Feature", "properties": { "id": 6439, "nach": 0.50771372235352652 }, "geometry": { "type": "LineString", "coordinates": [ [ -2.7404813, 53.34265520000001 ], [ -2.7412938, 53.3430313 ] ] } },
{ "type": "Feature", "properties": { "id": 6447, "nach": 0.60003784032939489 }, "geometry": { "type": "LineString", "coordinates": [ [ -2.740399, 53.3430756 ], [ -2.7404813, 53.34265520000001 ] ] } },
{ "type": "Feature", "properties": { "id": 6429, "nach": 0.57537965885419673 }, "geometry": { "type": "LineString", "coordinates": [ [ -2.7405237, 53.3422848 ], [ -2.7416312, 53.342767599999988 ] ] } },
{ "type": "Feature", "properties": { "id": 6471, "nach": 0.48070820834853373 }, "geometry": { "type": "LineString", "coordinates": [ [ -2.739953, 53.342259 ], [ -2.7399126, 53.3424593 ], [ -2.739928, 53.3427388 ], [ -2.7399666, 53.3430077 ], [ -2.7399147, 53.3433267 ] ] } },
{ "type": "Feature", "properties": { "id": 24874, "nach": 0.54337140140441176 }, "geometry": { "type": "LineString", "coordinates": [ [ -2.7401909, 53.3416072 ], [ -2.739953, 53.342259 ] ] } },
{ "type": "Feature", "properties": { "id": 23899, "nach": 0.74360572310748052 }, "geometry": { "type": "LineString", "coordinates": [ [ -2.738999019102352, 53.342136720116656 ], [ -2.739953, 53.342259 ] ] } },
{ "type": "Feature", "properties": { "id": 30426, "nach": 0.0 }, "geometry": { "type": "LineString", "coordinates": [ [ -2.7426616, 53.3443485 ], [ -2.742459, 53.3441738 ], [ -2.7424648, 53.3441205 ], [ -2.7428141, 53.3439548 ], [ -2.7429073, 53.3439594 ], [ -2.7431612, 53.3441836 ] ] } },
{ "type": "Feature", "properties": { "id": 24009, "nach": 0.54636264867954487 }, "geometry": { "type": "LineString", "coordinates": [ [ -2.7422311, 53.3438043 ], [ -2.7421451, 53.3438544 ] ] } },
{ "type": "Feature", "properties": { "id": 24006, "nach": 0.57208303076858014 }, "geometry": { "type": "LineString", "coordinates": [ [ -2.74188220000001, 53.3437132 ], [ -2.7421451, 53.3438544 ] ] } },
{ "type": "Feature", "properties": { "id": 24619, "nach": 0.43439686231398428 }, "geometry": { "type": "LineString", "coordinates": [ [ -2.744202, 53.3435594 ], [ -2.7439777, 53.3434807 ], [ -2.7438208, 53.3434587 ], [ -2.7437501, 53.3434501 ], [ -2.7435913, 53.3433975 ], [ -2.743657, 53.3433629 ] ] } },
{ "type": "Feature", "properties": { "id": 24617, "nach": 0.59711962728211987 }, "geometry": { "type": "LineString", "coordinates": [ [ -2.744202, 53.3435594 ], [ -2.7443024, 53.343489800000015 ] ] } },
{ "type": "Feature", "properties": { "id": 33227, "nach": 0.59726670412370542 }, "geometry": { "type": "LineString", "coordinates": [ [ -2.7441876, 53.3435724 ], [ -2.744202, 53.3435594 ] ] } },
{ "type": "Feature", "properties": { "id": 14831, "nach": 0.59262302936218902 }, "geometry": { "type": "LineString", "coordinates": [ [ -2.7422736, 53.34223690000001 ], [ -2.7424541, 53.3420949 ] ] } },
{ "type": "Feature", "properties": { "id": 14833, "nach": 0.47869222575567433 }, "geometry": { "type": "LineString", "coordinates": [ [ -2.7437466, 53.34266980000001 ], [ -2.7424541, 53.3420949 ] ] } },
{ "type": "Feature", "properties": { "id": 21265, "nach": 0.60929460694589144 }, "geometry": { "type": "LineString", "coordinates": [ [ -2.7423329, 53.342029 ], [ -2.7424541, 53.3420949 ] ] } },
{ "type": "Feature", "properties": { "id": 14832, "nach": 0.34934689807748004 }, "geometry": { "type": "LineString", "coordinates": [ [ -2.7422736, 53.34223690000001 ], [ -2.7434755, 53.3427804 ], [ -2.7434994, 53.3428065 ], [ -2.7431758, 53.343063299999983 ] ] } },
{ "type": "Feature", "properties": { "id": 14830, "nach": 0.58285539440115375 }, "geometry": { "type": "LineString", "coordinates": [ [ -2.7422736, 53.34223690000001 ], [ -2.741939, 53.3425114 ] ] } },
{ "type": "Feature", "properties": { "id": 21266, "nach": 0.57231274944351396 }, "geometry": { "type": "LineString", "coordinates": [ [ -2.7423329, 53.342029 ], [ -2.7423761, 53.3419958 ], [ -2.7423884, 53.341890500000012 ], [ -2.7426829, 53.3416866 ], [ -2.7428468, 53.3415501 ] ] } },
{ "type": "Feature", "properties": { "id": 24007, "nach": 0.0 }, "geometry": { "type": "LineString", "coordinates": [ [ -2.74188220000001, 53.3437132 ], [ -2.7415232, 53.344002 ], [ -2.7406089, 53.3435669 ] ] } },
{ "type": "Feature", "properties": { "id": 6445, "nach": 0.588475207965934 }, "geometry": { "type": "LineString", "coordinates": [ [ -2.7409572, 53.3432945 ], [ -2.7408668, 53.343365500000012 ], [ -2.7406972, 53.34349790000001 ], [ -2.7406089, 53.3435669 ] ] } },
{ "type": "Feature", "properties": { "id": 24005, "nach": 0.5881520829189808 }, "geometry": { "type": "LineString", "coordinates": [ [ -2.74188220000001, 53.3437132 ], [ -2.7409572, 53.3432945 ] ] } },
{ "type": "Feature", "properties": { "id": 6446, "nach": 0.56194585152858523 }, "geometry": { "type": "LineString", "coordinates": [ [ -2.7409572, 53.3432945 ], [ -2.7410524, 53.3432201 ], [ -2.7411302, 53.3431592 ], [ -2.741208, 53.3430984 ], [ -2.7412938, 53.3430313 ] ] } },
{ "type": "Feature", "properties": { "id": 6448, "nach": 0.56388825220393912 }, "geometry": { "type": "LineString", "coordinates": [ [ -2.740399, 53.3430756 ], [ -2.7409572, 53.3432945 ] ] } },
{ "type": "Feature", "properties": { "id": 6420, "nach": 0.45477369221048281 }, "geometry": { "type": "LineString", "coordinates": [ [ -2.7428466, 53.3433082 ], [ -2.7431758, 53.343063299999983 ] ] } },
{ "type": "Feature", "properties": { "id": 6415, "nach": 0.34727883274023158 }, "geometry": { "type": "LineString", "coordinates": [ [ -2.741939, 53.3425114 ], [ -2.7431758, 53.343063299999983 ] ] } },
{ "type": "Feature", "properties": { "id": 6430, "nach": 0.39150540663592498 }, "geometry": { "type": "LineString", "coordinates": [ [ -2.7425083, 53.3435981 ], [ -2.7428466, 53.3433082 ] ] } },
{ "type": "Feature", "properties": { "id": 6424, "nach": 0.50870587649936794 }, "geometry": { "type": "LineString", "coordinates": [ [ -2.7416312, 53.342767599999988 ], [ -2.7428466, 53.3433082 ] ] } },
{ "type": "Feature", "properties": { "id": 6426, "nach": 0.59404974835038793 }, "geometry": { "type": "LineString", "coordinates": [ [ -2.7416312, 53.342767599999988 ], [ -2.741939, 53.3425114 ] ] } },
{ "type": "Feature", "properties": { "id": 6435, "nach": 0.56575494042197771 }, "geometry": { "type": "LineString", "coordinates": [ [ -2.7412938, 53.3430313 ], [ -2.7416312, 53.342767599999988 ] ] } },
{ "type": "Feature", "properties": { "id": 24008, "nach": 0.46693635388779969 }, "geometry": { "type": "LineString", "coordinates": [ [ -2.7422311, 53.3438043 ], [ -2.7425083, 53.3435981 ] ] } },
{ "type": "Feature", "properties": { "id": 6434, "nach": 0.46705018907627144 }, "geometry": { "type": "LineString", "coordinates": [ [ -2.7412938, 53.3430313 ], [ -2.7425083, 53.3435981 ] ] } },
{ "type": "Feature", "properties": { "id": 24011, "nach": 0.47686727075033858 }, "geometry": { "type": "LineString", "coordinates": [ [ -2.7425886, 53.343949 ], [ -2.7422311, 53.3438043 ] ] } },
{ "type": "Feature", "properties": { "id": 14799, "nach": 0.6738162408401811 }, "geometry": { "type": "LineString", "coordinates": [ [ -2.7397341, 53.3433131 ], [ -2.7399147, 53.3433267 ] ] } },
{ "type": "Feature", "properties": { "id": 14801, "nach": 0.51458987285109237 }, "geometry": { "type": "LineString", "coordinates": [ [ -2.7397712, 53.3436573 ], [ -2.7396386, 53.3436382 ], [ -2.7397341, 53.3433131 ] ] } },
{ "type": "Feature", "properties": { "id": 14798, "nach": 0.75546242760138815 }, "geometry": { "type": "LineString", "coordinates": [ [ -2.7397341, 53.3433131 ], [ -2.739358700939558, 53.343278718578262 ] ] } },
{ "type": "Feature", "properties": { "id": 6485, "nach": 0.64559356902835319 }, "geometry": { "type": "LineString", "coordinates": [ [ -2.7382161, 53.3431643 ], [ -2.7385616, 53.3431978 ], [ -2.7387471, 53.343221299999989 ], [ -2.7388377, 53.343231 ] ] } },
{ "type": "Feature", "properties": { "id": 14798, "nach": 0.75546242760138815 }, "geometry": { "type": "LineString", "coordinates": [ [ -2.739303575426107, 53.34327366973249 ], [ -2.7388377, 53.343231 ] ] } },
{ "type": "Feature", "properties": { "id": 6481, "nach": 0.53911594036415933 }, "geometry": { "type": "LineString", "coordinates": [ [ -2.7380358, 53.343892600000011 ], [ -2.7382161, 53.3431643 ] ] } },
{ "type": "Feature", "properties": { "id": 33336, "nach": 0.68321490647056471 }, "geometry": { "type": "LineString", "coordinates": [ [ -2.73598630000001, 53.343705 ], [ -2.7360461, 53.3437141 ], [ -2.7365975, 53.343763600000017 ] ] } },
{ "type": "Feature", "properties": { "id": 12677, "nach": 0.63024492425268153 }, "geometry": { "type": "LineString", "coordinates": [ [ -2.7365975, 53.343763600000017 ], [ -2.736557570009162, 53.343866066083741 ] ] } },
{ "type": "Feature", "properties": { "id": 29261, "nach": 0.56936889986861716 }, "geometry": { "type": "LineString", "coordinates": [ [ -2.7379384, 53.3406671 ], [ -2.7379443, 53.3407232 ] ] } },
{ "type": "Feature", "properties": { "id": 34170, "nach": 0.68268365507895368 }, "geometry": { "type": "LineString", "coordinates": [ [ -2.7371551, 53.3408126 ], [ -2.7372641, 53.3407851 ], [ -2.73753, 53.3407449 ], [ -2.7377387, 53.3407268 ], [ -2.7379443, 53.3407232 ] ] } },
{ "type": "Feature", "properties": { "id": 6466, "nach": 0.61815143356227331 }, "geometry": { "type": "LineString", "coordinates": [ [ -2.7381578, 53.3409568 ], [ -2.7380376, 53.34080440000001 ], [ -2.7379443, 53.3407232 ] ] } },
{ "type": "Feature", "properties": { "id": 30864, "nach": 0.6764432271280153 }, "geometry": { "type": "LineString", "coordinates": [ [ -2.73876, 53.3407846 ], [ -2.7386508, 53.340804 ], [ -2.7385379, 53.3408007 ], [ -2.7381041, 53.340743300000014 ], [ -2.7379443, 53.3407232 ] ] } },
{ "type": "Feature", "properties": { "id": 29262, "nach": 0.5399879934319638 }, "geometry": { "type": "LineString", "coordinates": [ [ -2.7379384, 53.3406671 ], [ -2.7385997, 53.340673 ] ] } },
{ "type": "Feature", "properties": { "id": 34172, "nach": 0.50156773784512232 }, "geometry": { "type": "LineString", "coordinates": [ [ -2.7370903, 53.3407394 ], [ -2.7373889, 53.3406983 ], [ -2.7376287, 53.3406709 ], [ -2.7379384, 53.3406671 ] ] } },
{ "type": "Feature", "properties": { "id": 34171, "nach": 0.51489831027179755 }, "geometry": { "type": "LineString", "coordinates": [ [ -2.7370903, 53.3407394 ], [ -2.7371551, 53.3408126 ] ] } },
{ "type": "Feature", "properties": { "id": 34168, "nach": 0.78862501637355376 }, "geometry": { "type": "LineString", "coordinates": [ [ -2.7371551, 53.3408126 ], [ -2.737037898416872, 53.340839642903696 ] ] } },
{ "type": "Feature", "properties": { "id": 51530, "nach": 0.54164053816871094 }, "geometry": { "type": "LineString", "coordinates": [ [ -2.7380409, 53.341005 ], [ -2.7381578, 53.3409568 ] ] } },
{ "type": "Feature", "properties": { "id": 14845, "nach": 0.73659058332469829 }, "geometry": { "type": "LineString", "coordinates": [ [ -2.7381578, 53.3409568 ], [ -2.738364348160031, 53.341211954251996 ] ] } },
{ "type": "Feature", "properties": { "id": 51284, "nach": 0.72602504416816016 }, "geometry": { "type": "LineString", "coordinates": [ [ -2.7386284, 53.3414039 ], [ -2.7386311, 53.3413883 ], [ -2.7385871, 53.3413371 ], [ -2.7385219, 53.3413147 ], [ -2.7384262, 53.3413009 ] ] } },
{ "type": "Feature", "properties": { "id": 14843, "nach": 0.71836029641095944 }, "geometry": { "type": "LineString", "coordinates": [ [ -2.73811466096897, 53.341549821898397 ], [ -2.7384262, 53.3413009 ] ] } },
{ "type": "Feature", "properties": { "id": 14845, "nach": 0.73659058332469829 }, "geometry": { "type": "LineString", "coordinates": [ [ -2.738364348160031, 53.341211954251996 ], [ -2.7384262, 53.3413009 ] ] } },
{ "type": "Feature", "properties": { "id": 24875, "nach": 0.57217692671248588 }, "geometry": { "type": "LineString", "coordinates": [ [ -2.7401909, 53.3416072 ], [ -2.7402417, 53.3414219 ] ] } },
{ "type": "Feature", "properties": { "id": 51285, "nach": 0.0 }, "geometry": { "type": "LineString", "coordinates": [ [ -2.7386284, 53.3414039 ], [ -2.7385757, 53.3417143 ], [ -2.7390614, 53.342113800000014 ], [ -2.7393433, 53.3421579 ], [ -2.7394993, 53.3421122 ], [ -2.7396607, 53.3420354 ], [ -2.7400383, 53.3415943 ], [ -2.7401909, 53.3416072 ] ] } },
{ "type": "Feature", "properties": { "id": 14848, "nach": 0.51793529087361356 }, "geometry": { "type": "LineString", "coordinates": [ [ -2.737678, 53.3426752 ], [ -2.7368535, 53.3425694 ] ] } },
{ "type": "Feature", "properties": { "id": 23774, "nach": 0.59804319636309644 }, "geometry": { "type": "LineString", "coordinates": [ [ -2.7381629, 53.3424603 ], [ -2.7384618, 53.3425054 ] ] } },
{ "type": "Feature", "properties": { "id": 23776, "nach": 0.0 }, "geometry": { "type": "LineString", "coordinates": [ [ -2.7381629, 53.3424603 ], [ -2.7380773, 53.34269050000001 ], [ -2.7383959, 53.3427377 ] ] } },
{ "type": "Feature", "properties": { "id": 23902, "nach": 0.62703447979718607 }, "geometry": { "type": "LineString", "coordinates": [ [ -2.7382596, 53.3422321 ], [ -2.7381629, 53.3424603 ] ] } },
{ "type": "Feature", "properties": { "id": 51518, "nach": 0.57007089581099379 }, "geometry": { "type": "LineString", "coordinates": [ [ -2.7378825, 53.342877400000013 ], [ -2.7379094, 53.3428804 ], [ -2.7383374, 53.3429303 ] ] } },
{ "type": "Feature", "properties": { "id": 12680, "nach": 0.35855043619041982 }, "geometry": { "type": "LineString", "coordinates": [ [ -2.7367876, 53.3438935 ], [ -2.7367284, 53.3439093 ], [ -2.7366513, 53.3439305 ], [ -2.7365076, 53.3439601 ], [ -2.7364251, 53.3439777 ] ] } },
{ "type": "Feature", "properties": { "id": 12679, "nach": 0.65673849347007618 }, "geometry": { "type": "LineString", "coordinates": [ [ -2.7367876, 53.3438935 ], [ -2.736557570009162, 53.343866066083741 ] ] } },
{ "type": "Feature", "properties": { "id": 51231, "nach": 0.59424737778218961 }, "geometry": { "type": "LineString", "coordinates": [ [ -2.7348998, 53.343714800000015 ], [ -2.7350398, 53.3437532 ], [ -2.735115, 53.343767500000013 ], [ -2.7352858, 53.3437824 ], [ -2.7354788, 53.3437998 ], [ -2.7356466, 53.3438231 ], [ -2.7357796, 53.3438344 ] ] } },
{ "type": "Feature", "properties": { "id": 12675, "nach": 0.45966015970592783 }, "geometry": { "type": "LineString", "coordinates": [ [ -2.7364251, 53.3439777 ], [ -2.7363723, 53.3439987 ], [ -2.7363057, 53.34401410000001 ], [ -2.7361886, 53.3440206 ], [ -2.7360817, 53.344015600000013 ], [ -2.7359653, 53.343985200000013 ], [ -2.7359049, 53.3439419 ], [ -2.7357796, 53.3438344 ] ] } },
{ "type": "Feature", "properties": { "id": 12679, "nach": 0.65673849347007618 }, "geometry": { "type": "LineString", "coordinates": [ [ -2.736557570009162, 53.343866066083741 ], [ -2.7357796, 53.3438344 ] ] } },
{ "type": "Feature", "properties": { "id": 53674, "nach": 0.49468622007981156 }, "geometry": { "type": "LineString", "coordinates": [ [ -2.7349943, 53.3436023 ], [ -2.7349875, 53.3436481 ], [ -2.7349782, 53.3436704 ], [ -2.7349584, 53.343692700000013 ], [ -2.7349349, 53.3437065 ], [ -2.7348998, 53.343714800000015 ] ] } },
{ "type": "Feature", "properties": { "id": 12677, "nach": 0.63024492425268153 }, "geometry": { "type": "LineString", "coordinates": [ [ -2.736557570009162, 53.343866066083741 ], [ -2.7364251, 53.3439777 ] ] } },
{ "type": "Feature", "properties": { "id": 51534, "nach": 0.55877225308559708 }, "geometry": { "type": "LineString", "coordinates": [ [ -2.7364838, 53.342648800000013 ], [ -2.7363194, 53.342953299999984 ] ] } },
{ "type": "Feature", "properties": { "id": 51533, "nach": 0.56772860241722889 }, "geometry": { "type": "LineString", "coordinates": [ [ -2.7364838, 53.342648800000013 ], [ -2.7367613, 53.3421347 ] ] } },
{ "type": "Feature", "properties": { "id": 51535, "nach": 0.52732766226541827 }, "geometry": { "type": "LineString", "coordinates": [ [ -2.7364838, 53.342648800000013 ], [ -2.7368191, 53.3426952 ] ] } },
{ "type": "Feature", "properties": { "id": 30635, "nach": 0.74018440272113284 }, "geometry": { "type": "LineString", "coordinates": [ [ -2.7334626, 53.3427166 ], [ -2.7334632, 53.3426167 ] ] } },
{ "type": "Feature", "properties": { "id": 12698, "nach": 0.67199449986221216 }, "geometry": { "type": "LineString", "coordinates": [ [ -2.7333079, 53.34259 ], [ -2.7334109, 53.3426094 ], [ -2.7334632, 53.3426167 ] ] } },
{ "type": "Feature", "properties": { "id": 30633, "nach": 0.69015920051282587 }, "geometry": { "type": "LineString", "coordinates": [ [ -2.7333292, 53.3425503 ], [ -2.7333689, 53.3425657 ], [ -2.7334632, 53.3426167 ] ] } },
{ "type": "Feature", "properties": { "id": 30634, "nach": 0.7446222256633116 }, "geometry": { "type": "LineString", "coordinates": [ [ -2.7334626, 53.3427166 ], [ -2.7334533, 53.342920400000011 ] ] } },
{ "type": "Feature", "properties": { "id": 33355, "nach": 0.62803439555617613 }, "geometry": { "type": "LineString", "coordinates": [ [ -2.7323327, 53.34242230000001 ], [ -2.7324441, 53.3424666 ], [ -2.7325539, 53.3425045 ], [ -2.7327186, 53.342554800000016 ], [ -2.732865, 53.342595599999981 ], [ -2.7330614, 53.3426487 ], [ -2.7331981, 53.3426808 ], [ -2.7334626, 53.3427166 ] ] } },
{ "type": "Feature", "properties": { "id": 23658, "nach": 0.67320944731947729 }, "geometry": { "type": "LineString", "coordinates": [ [ -2.7329336, 53.34251 ], [ -2.7333079, 53.34259 ] ] } },
{ "type": "Feature", "properties": { "id": 30630, "nach": 0.49127994876125203 }, "geometry": { "type": "LineString", "coordinates": [ [ -2.7333292, 53.3425503 ], [ -2.7333079, 53.34259 ] ] } },
{ "type": "Feature", "properties": { "id": 30631, "nach": 0.67590101071591602 }, "geometry": { "type": "LineString", "coordinates": [ [ -2.7333292, 53.3425503 ], [ -2.7334036, 53.3423952 ], [ -2.733427, 53.3423656 ], [ -2.73351, 53.3422718 ], [ -2.7335653, 53.3421929 ], [ -2.7335655, 53.342115600000014 ], [ -2.7335528, 53.342025 ] ] } },
{ "type": "Feature", "properties": { "id": 30632, "nach": 0.62157165729049679 }, "geometry": { "type": "LineString", "coordinates": [ [ -2.7333292, 53.3425503 ], [ -2.7330544, 53.3425003 ], [ -2.7329537, 53.3424693 ] ] } },
{ "type": "Feature", "properties": { "id": 6504, "nach": 0.74206812935149635 }, "geometry": { "type": "LineString", "coordinates": [ [ -2.7334533, 53.342920400000011 ], [ -2.7334522, 53.3430074 ] ] } },
{ "type": "Feature", "properties": { "id": 33346, "nach": 0.68242626133188122 }, "geometry": { "type": "LineString", "coordinates": [ [ -2.7334769, 53.3431022 ], [ -2.7334755, 53.3430885 ], [ -2.7334522, 53.3430074 ] ] } },
{ "type": "Feature", "properties": { "id": 30521, "nach": 0.70593850778365863 }, "geometry": { "type": "LineString", "coordinates": [ [ -2.733093, 53.3429608 ], [ -2.7331511, 53.342971 ], [ -2.7332886, 53.3429911 ], [ -2.7334522, 53.3430074 ] ] } },
{ "type": "Feature", "properties": { "id": 30499, "nach": 0.31460633138725264 }, "geometry": { "type": "LineString", "coordinates": [ [ -2.7321154, 53.342661 ], [ -2.7321713, 53.3426781 ], [ -2.7325429, 53.3427724 ], [ -2.7327666, 53.3428293 ], [ -2.7330254, 53.3428759 ], [ -2.7332212, 53.3429066 ], [ -2.7334533, 53.342920400000011 ] ] } },
{ "type": "Feature", "properties": { "id": 33347, "nach": 0.63323399839634065 }, "geometry": { "type": "LineString", "coordinates": [ [ -2.7334769, 53.3431022 ], [ -2.733505, 53.34312760000001 ], [ -2.7335226, 53.3431405 ], [ -2.7335923, 53.3431476 ], [ -2.7338841, 53.343163 ] ] } },
{ "type": "Feature", "properties": { "id": 30520, "nach": 0.69238834581768671 }, "geometry": { "type": "LineString", "coordinates": [ [ -2.733093, 53.3429608 ], [ -2.7326985, 53.3428778 ] ] } },
{ "type": "Feature", "properties": { "id": 30525, "nach": 0.60333678321596007 }, "geometry": { "type": "LineString", "coordinates": [ [ -2.7330444, 53.3431018 ], [ -2.733069, 53.3430246 ], [ -2.733093, 53.3429608 ] ] } },
{ "type": "Feature", "properties": { "id": 6506, "nach": 0.5462897305780231 }, "geometry": { "type": "LineString", "coordinates": [ [ -2.7321434, 53.3427624 ], [ -2.7316193, 53.342592199999984 ] ] } },
{ "type": "Feature", "properties": { "id": 6503, "nach": 0.57360234837224633 }, "geometry": { "type": "LineString", "coordinates": [ [ -2.7316193, 53.342592199999984 ], [ -2.7316983, 53.3425241 ], [ -2.7321154, 53.342661 ] ] } },
{ "type": "Feature", "properties": { "id": 14856, "nach": 0.50608311828641905 }, "geometry": { "type": "LineString", "coordinates": [ [ -2.7326985, 53.3428778 ], [ -2.7323177, 53.3428065 ], [ -2.7321434, 53.3427624 ] ] } },
{ "type": "Feature", "properties": { "id": 6510, "nach": 0.52451728176832524 }, "geometry": { "type": "LineString", "coordinates": [ [ -2.7320583, 53.343 ], [ -2.7320723, 53.3428335 ], [ -2.7321434, 53.3427624 ] ] } },
{ "type": "Feature", "properties": { "id": 33354, "nach": 0.59866817486327029 }, "geometry": { "type": "LineString", "coordinates": [ [ -2.7323327, 53.34242230000001 ], [ -2.7323087, 53.3424482 ], [ -2.7322626, 53.3425055 ], [ -2.7321154, 53.342661 ] ] } },
{ "type": "Feature", "properties": { "id": 23971, "nach": 0.68819849495507623 }, "geometry": { "type": "LineString", "coordinates": [ [ -2.7326613, 53.3430473 ], [ -2.7326985, 53.3428778 ] ] } },
{ "type": "Feature", "properties": { "id": 23973, "nach": 0.68230471607298759 }, "geometry": { "type": "LineString", "coordinates": [ [ -2.7320572, 53.3430221 ], [ -2.7320583, 53.343 ] ] } },
{ "type": "Feature", "properties": { "id": 51065, "nach": 0.68479873498680743 }, "geometry": { "type": "LineString", "coordinates": [ [ -2.7310259, 53.34288 ], [ -2.7312111, 53.342961 ], [ -2.7312113, 53.343096 ], [ -2.7312608, 53.3430989 ], [ -2.731294, 53.343004100000016 ], [ -2.7313136, 53.342991 ], [ -2.7313955, 53.3429702 ], [ -2.7320583, 53.343 ] ] } },
{ "type": "Feature", "properties": { "id": 23974, "nach": 0.67630376044559504 }, "geometry": { "type": "LineString", "coordinates": [ [ -2.7320572, 53.3430221 ], [ -2.7326613, 53.3430473 ] ] } },
{ "type": "Feature", "properties": { "id": 23979, "nach": 0.48828360337940746 }, "geometry": { "type": "LineString", "coordinates": [ [ -2.7326373, 53.3432682 ], [ -2.7324579, 53.343253200000014 ], [ -2.7324259, 53.343229600000015 ], [ -2.7321361, 53.3432075 ], [ -2.7320997, 53.3431848 ], [ -2.7320688, 53.3431675 ], [ -2.7320469, 53.3431119 ], [ -2.7320572, 53.3430221 ] ] } },
{ "type": "Feature", "properties": { "id": 51064, "nach": 0.60521024136258772 }, "geometry": { "type": "LineString", "coordinates": [ [ -2.7310259, 53.34288 ], [ -2.7309777, 53.3428523 ] ] } },
{ "type": "Feature", "properties": { "id": 51066, "nach": 0.66257469316157525 }, "geometry": { "type": "LineString", "coordinates": [ [ -2.7310259, 53.34288 ], [ -2.7308507, 53.3429546 ], [ -2.7308343, 53.3429821 ], [ -2.730842, 53.3430094 ] ] } },
{ "type": "Feature", "properties": { "id": 55262, "nach": 0.67207233883726814 }, "geometry": { "type": "LineString", "coordinates": [ [ -2.7315884, 53.34204470000001 ], [ -2.7316512, 53.3420961 ], [ -2.7320152, 53.3422739 ], [ -2.7321106, 53.342311299999984 ], [ -2.732178, 53.3423338 ], [ -2.7322727, 53.3423556 ], [ -2.7323403, 53.3423712 ], [ -2.7325137, 53.3423953 ], [ -2.7326176, 53.3424134 ], [ -2.732735, 53.3424513 ], [ -2.7329336, 53.34251 ] ] } },
{ "type": "Feature", "properties": { "id": 55261, "nach": 0.53156202291745058 }, "geometry": { "type": "LineString", "coordinates": [ [ -2.7315884, 53.34204470000001 ], [ -2.7317248, 53.3420127 ] ] } },
{ "type": "Feature", "properties": { "id": 30619, "nach": 0.64575444813152283 }, "geometry": { "type": "LineString", "coordinates": [ [ -2.7314996, 53.3420725 ], [ -2.7310833, 53.3424347 ] ] } },
{ "type": "Feature", "properties": { "id": 30622, "nach": 0.68577271079207125 }, "geometry": { "type": "LineString", "coordinates": [ [ -2.7314996, 53.3420725 ], [ -2.7314043, 53.3420166 ], [ -2.7313559, 53.3419935 ], [ -2.7311845, 53.3419308 ], [ -2.73115, 53.3418721 ] ] } },
{ "type": "Feature", "properties": { "id": 33356, "nach": 0.65080983564229788 }, "geometry": { "type": "LineString", "coordinates": [ [ -2.7323327, 53.34242230000001 ], [ -2.7320415, 53.3423414 ], [ -2.7319025, 53.34229770000001 ], [ -2.7317453, 53.3422327 ], [ -2.7316356, 53.3421667 ], [ -2.7315313, 53.3421095 ], [ -2.7314996, 53.3420725 ] ] } },
{ "type": "Feature", "properties": { "id": 30508, "nach": 0.60779728757602947 }, "geometry": { "type": "LineString", "coordinates": [ [ -2.7310833, 53.3424347 ], [ -2.7310386, 53.3424816 ] ] } },
{ "type": "Feature", "properties": { "id": 30512, "nach": 0.52702977301201837 }, "geometry": { "type": "LineString", "coordinates": [ [ -2.7313156, 53.3426713 ], [ -2.731134, 53.3425833 ], [ -2.7310768, 53.342539 ], [ -2.7310386, 53.3424816 ] ] } },
{ "type": "Feature", "properties": { "id": 46845, "nach": 0.52759085069165601 }, "geometry": { "type": "LineString", "coordinates": [ [ -2.7310285, 53.3426479 ], [ -2.7309494, 53.3424982 ], [ -2.7310386, 53.3424816 ] ] } },
{ "type": "Feature", "properties": { "id": 30511, "nach": 0.5284791643746789 }, "geometry": { "type": "LineString", "coordinates": [ [ -2.7314423, 53.34257070000001 ], [ -2.7310833, 53.3424347 ] ] } },
{ "type": "Feature", "properties": { "id": 21170, "nach": 0.54955661454649252 }, "geometry": { "type": "LineString", "coordinates": [ [ -2.7297578, 53.3416645 ], [ -2.7295784, 53.3416442 ], [ -2.7295353, 53.3415948 ], [ -2.7290462, 53.3415662 ] ] } },
{ "type": "Feature", "properties": { "id": 24895, "nach": 0.48655797984399696 }, "geometry": { "type": "LineString", "coordinates": [ [ -2.7296869, 53.3418716 ], [ -2.7297153, 53.3417309 ], [ -2.7297578, 53.3416645 ] ] } },
{ "type": "Feature", "properties": { "id": 24898, "nach": 0.53681802174327087 }, "geometry": { "type": "LineString", "coordinates": [ [ -2.7302868, 53.3419624 ], [ -2.7302129, 53.342001300000014 ], [ -2.7300664, 53.3420038 ], [ -2.7298317, 53.34198090000001 ], [ -2.7297067, 53.34194020000001 ], [ -2.7296869, 53.3418716 ] ] } },
{ "type": "Feature", "properties": { "id": 21178, "nach": 0.66373663547493877 }, "geometry": { "type": "LineString", "coordinates": [ [ -2.7299685, 53.3406744 ], [ -2.7298638, 53.340666 ], [ -2.7297145, 53.3406205 ], [ -2.7293215, 53.34057940000001 ] ] } },
{ "type": "Feature", "properties": { "id": 21218, "nach": 0.52380848059799723 }, "geometry": { "type": "LineString", "coordinates": [ [ -2.7299297, 53.3408367 ], [ -2.7292613, 53.3407801 ] ] } },
{ "type": "Feature", "properties": { "id": 23941, "nach": 0.65704639578510982 }, "geometry": { "type": "LineString", "coordinates": [ [ -2.7299471, 53.3407638 ], [ -2.7299685, 53.3406744 ] ] } },
{ "type": "Feature", "properties": { "id": 23938, "nach": 0.51934803630058923 }, "geometry": { "type": "LineString", "coordinates": [ [ -2.7300962, 53.340768 ], [ -2.7301167, 53.3406876 ], [ -2.7299685, 53.3406744 ] ] } },
{ "type": "Feature", "properties": { "id": 21173, "nach": 0.64994944540538413 }, "geometry": { "type": "LineString", "coordinates": [ [ -2.7298474, 53.3411803 ], [ -2.7300052, 53.3411943 ] ] } },
{ "type": "Feature", "properties": { "id": 23918, "nach": 0.71019883710667464 }, "geometry": { "type": "LineString", "coordinates": [ [ -2.7299882, 53.3412764 ], [ -2.7300052, 53.3411943 ] ] } },
{ "type": "Feature", "properties": { "id": 23931, "nach": 0.66791878001647997 }, "geometry": { "type": "LineString", "coordinates": [ [ -2.7300346, 53.341052499999989 ], [ -2.7300052, 53.3411943 ] ] } },
{ "type": "Feature", "properties": { "id": 21176, "nach": 0.64122608328802089 }, "geometry": { "type": "LineString", "coordinates": [ [ -2.7298474, 53.3411803 ], [ -2.7296993, 53.341155199999989 ], [ -2.7296038, 53.3411231 ], [ -2.7291889, 53.3410783 ] ] } },
{ "type": "Feature", "properties": { "id": 23930, "nach": 0.60407426485283877 }, "geometry": { "type": "LineString", "coordinates": [ [ -2.7298814, 53.3410383 ], [ -2.7298474, 53.3411803 ] ] } },
{ "type": "Feature", "properties": { "id": 23915, "nach": 0.61103280002507276 }, "geometry": { "type": "LineString", "coordinates": [ [ -2.7298282, 53.3412608 ], [ -2.7298474, 53.3411803 ] ] } },
{ "type": "Feature", "properties": { "id": 23919, "nach": 0.63518640090433509 }, "geometry": { "type": "LineString", "coordinates": [ [ -2.7299882, 53.3412764 ], [ -2.7298282, 53.3412608 ] ] } },
{ "type": "Feature", "properties": { "id": 23934, "nach": 0.73326973818410457 }, "geometry": { "type": "LineString", "coordinates": [ [ -2.7301703, 53.3412942 ], [ -2.7299882, 53.3412764 ] ] } },
{ "type": "Feature", "properties": { "id": 23933, "nach": 0.52351272273831739 }, "geometry": { "type": "LineString", "coordinates": [ [ -2.7300346, 53.341052499999989 ], [ -2.7303271, 53.3410797 ] ] } },
{ "type": "Feature", "properties": { "id": 23932, "nach": 0.6758877154319024 }, "geometry": { "type": "LineString", "coordinates": [ [ -2.7300346, 53.341052499999989 ], [ -2.7298814, 53.3410383 ] ] } },
{ "type": "Feature", "properties": { "id": 21208, "nach": 0.38048485769301554 }, "geometry": { "type": "LineString", "coordinates": [ [ -2.7298986, 53.3409666 ], [ -2.7292216, 53.3409096 ] ] } },
{ "type": "Feature", "properties": { "id": 23948, "nach": 0.65435925245878646 }, "geometry": { "type": "LineString", "coordinates": [ [ -2.7295601, 53.3413231 ], [ -2.7291424, 53.3412833 ] ] } },
{ "type": "Feature", "properties": { "id": 23945, "nach": 0.55535719360926217 }, "geometry": { "type": "LineString", "coordinates": [ [ -2.7294407, 53.341443200000015 ], [ -2.7290948, 53.3414174 ] ] } },
{ "type": "Feature", "properties": { "id": 21232, "nach": 0.49074426285216161 }, "geometry": { "type": "LineString", "coordinates": [ [ -2.7297912, 53.3414757 ], [ -2.7297578, 53.3416645 ] ] } },
{ "type": "Feature", "properties": { "id": 23907, "nach": 0.56150668601344367 }, "geometry": { "type": "LineString", "coordinates": [ [ -2.7302547, 53.3416068 ], [ -2.7300441, 53.3415868 ], [ -2.7299064, 53.3415795 ], [ -2.7298802, 53.3416785 ], [ -2.7297578, 53.3416645 ] ] } },
{ "type": "Feature", "properties": { "id": 55063, "nach": 0.61291282635973954 }, "geometry": { "type": "LineString", "coordinates": [ [ -2.7292715, 53.3420427 ], [ -2.7291955, 53.3421651 ], [ -2.7290801, 53.3422366 ], [ -2.7289856, 53.3423125 ], [ -2.7289345, 53.342350700000019 ] ] } },
{ "type": "Feature", "properties": { "id": 30664, "nach": 0.7211309460801465 }, "geometry": { "type": "LineString", "coordinates": [ [ -2.729504, 53.3422163 ], [ -2.7294198, 53.34223810000001 ], [ -2.7293235, 53.3422844 ], [ -2.7292583, 53.3423322 ], [ -2.7291676, 53.3423964 ], [ -2.7291404, 53.3424162 ], [ -2.7291063, 53.3424411 ] ] } },
{ "type": "Feature", "properties": { "id": 30667, "nach": 0.1956199870885231 }, "geometry": { "type": "LineString", "coordinates": [ [ -2.7289706, 53.3423683 ], [ -2.7289919, 53.342348 ], [ -2.7290169, 53.3423251 ], [ -2.7290697, 53.342273 ], [ -2.7291225, 53.3422366 ], [ -2.7292089, 53.3421941 ], [ -2.7293902, 53.3421597 ] ] } },
{ "type": "Feature", "properties": { "id": 51038, "nach": 0.71933931389873995 }, "geometry": { "type": "LineString", "coordinates": [ [ -2.7305591, 53.3431151 ], [ -2.730507, 53.3431107 ], [ -2.7302505, 53.3431671 ], [ -2.7300644, 53.3432286 ], [ -2.7299609, 53.3432347 ] ] } },
{ "type": "Feature", "properties": { "id": 30663, "nach": 0.59678935661527488 }, "geometry": { "type": "LineString", "coordinates": [ [ -2.729504, 53.3422163 ], [ -2.7294339, 53.3422126 ], [ -2.7293973, 53.3421847 ], [ -2.7293902, 53.3421597 ] ] } },
{ "type": "Feature", "properties": { "id": 51093, "nach": 0.73186185303142604 }, "geometry": { "type": "LineString", "coordinates": [ [ -2.7301188, 53.3422264 ], [ -2.7300193, 53.342205599999986 ], [ -2.7299175, 53.342195 ], [ -2.7298031, 53.3421941 ], [ -2.7297395, 53.3421912 ], [ -2.7296077, 53.3422005 ], [ -2.729504, 53.3422163 ] ] } },
{ "type": "Feature", "properties": { "id": 30552, "nach": 0.77755786961773932 }, "geometry": { "type": "LineString", "coordinates": [ [ -2.7319549, 53.34156680000001 ], [ -2.7320233, 53.3415521 ] ] } },
{ "type": "Feature", "properties": { "id": 23650, "nach": 0.77524283991848009 }, "geometry": { "type": "LineString", "coordinates": [ [ -2.7321826, 53.3415179 ], [ -2.7320233, 53.3415521 ] ] } },
{ "type": "Feature", "properties": { "id": 6700, "nach": 0.52811607509093372 }, "geometry": { "type": "LineString", "coordinates": [ [ -2.7320536, 53.3408221 ], [ -2.7320315, 53.3408471 ], [ -2.7320347, 53.3408948 ], [ -2.7320522, 53.3410706 ], [ -2.7320544, 53.341146 ], [ -2.732044, 53.34122390000001 ], [ -2.7319995, 53.3413161 ], [ -2.731979, 53.3413693 ], [ -2.7319783, 53.3414317 ], [ -2.7319894, 53.3414705 ], [ -2.7320233, 53.3415521 ] ] } },
{ "type": "Feature", "properties": { "id": 30574, "nach": 0.55494317586209729 }, "geometry": { "type": "LineString", "coordinates": [ [ -2.7319942, 53.3416258 ], [ -2.7319549, 53.34156680000001 ] ] } },
{ "type": "Feature", "properties": { "id": 30580, "nach": 0.77900535777515545 }, "geometry": { "type": "LineString", "coordinates": [ [ -2.7314934, 53.3416826 ], [ -2.7315293, 53.3416733 ], [ -2.7316744, 53.3416342 ], [ -2.7319549, 53.34156680000001 ] ] } },
{ "type": "Feature", "properties": { "id": 30488, "nach": 0.76104213128773546 }, "geometry": { "type": "LineString", "coordinates": [ [ -2.7322079, 53.341573200000013 ], [ -2.7321826, 53.3415179 ] ] } },
{ "type": "Feature", "properties": { "id": 9271, "nach": 0.51965688916357566 }, "geometry": { "type": "LineString", "coordinates": [ [ -2.7322403, 53.3407746 ], [ -2.7322333, 53.3407219 ], [ -2.7322105, 53.340680299999988 ], [ -2.7321692, 53.340659399999986 ], [ -2.732094, 53.3406517 ], [ -2.7320583, 53.3406638 ], [ -2.7320226, 53.3406758 ], [ -2.7319973, 53.3406934 ], [ -2.7319809, 53.3407266 ], [ -2.7319929, 53.3407596 ], [ -2.7320536, 53.3408221 ] ] } },
{ "type": "Feature", "properties": { "id": 30533, "nach": 0.55219966784392105 }, "geometry": { "type": "LineString", "coordinates": [ [ -2.7326723, 53.3407783 ], [ -2.7324864, 53.3407601 ], [ -2.7324075, 53.340764200000017 ], [ -2.7322403, 53.3407746 ] ] } },
{ "type": "Feature", "properties": { "id": 12694, "nach": 0.80281066322196359 }, "geometry": { "type": "LineString", "coordinates": [ [ -2.7337496, 53.3414069 ], [ -2.7339384, 53.341392 ] ] } },
{ "type": "Feature", "properties": { "id": 22617, "nach": 0.63165362764651423 }, "geometry": { "type": "LineString", "coordinates": [ [ -2.733825, 53.3409145 ], [ -2.7338299, 53.3409412 ], [ -2.7338667, 53.341072399999987 ], [ -2.7339384, 53.341392 ] ] } },
{ "type": "Feature", "properties": { "id": 23654, "nach": 0.80221284442941321 }, "geometry": { "type": "LineString", "coordinates": [ [ -2.7335657, 53.3414198 ], [ -2.7337496, 53.3414069 ] ] } },
{ "type": "Feature", "properties": { "id": 22638, "nach": 0.65808699512577173 }, "geometry": { "type": "LineString", "coordinates": [ [ -2.7337341, 53.3417713 ], [ -2.7337715, 53.3415869 ], [ -2.7337785, 53.341494 ], [ -2.7337496, 53.3414069 ] ] } },
{ "type": "Feature", "properties": { "id": 22619, "nach": 0.0 }, "geometry": { "type": "LineString", "coordinates": [ [ -2.733825, 53.3409145 ], [ -2.7340093, 53.3409284 ], [ -2.7341462, 53.3409566 ], [ -2.7343645, 53.340972200000017 ], [ -2.7343484, 53.3408274 ], [ -2.733887, 53.340773 ], [ -2.7338341, 53.340893700000017 ], [ -2.733825, 53.3409145 ] ] } },
{ "type": "Feature", "properties": { "id": 22623, "nach": 0.62188074989299458 }, "geometry": { "type": "LineString", "coordinates": [ [ -2.7336089, 53.3409742 ], [ -2.7337125, 53.340954200000013 ], [ -2.733825, 53.3409145 ] ] } },
{ "type": "Feature", "properties": { "id": 24918, "nach": 0.59778213147951587 }, "geometry": { "type": "LineString", "coordinates": [ [ -2.7329941, 53.3414488 ], [ -2.733124, 53.3414958 ] ] } },
{ "type": "Feature", "properties": { "id": 30547, "nach": 0.79930159175767668 }, "geometry": { "type": "LineString", "coordinates": [ [ -2.7333819, 53.341424199999985 ], [ -2.7331321, 53.34143610000001 ], [ -2.7329941, 53.3414488 ] ] } },
{ "type": "Feature", "properties": { "id": 30541, "nach": 0.78246087117140029 }, "geometry": { "type": "LineString", "coordinates": [ [ -2.7327335, 53.3413853 ], [ -2.7326723, 53.3410086 ], [ -2.7326507, 53.3408809 ], [ -2.7326781, 53.3408356 ] ] } },
{ "type": "Feature", "properties": { "id": 30544, "nach": 0.54592921378664994 }, "geometry": { "type": "LineString", "coordinates": [ [ -2.7325047, 53.3414005 ], [ -2.7327335, 53.3413853 ] ] } },
{ "type": "Feature", "properties": { "id": 30531, "nach": 0.5704514602669799 }, "geometry": { "type": "LineString", "coordinates": [ [ -2.7326723, 53.3407783 ], [ -2.732703, 53.3408036 ] ] } },
{ "type": "Feature", "properties": { "id": 30534, "nach": 0.51911007386957642 }, "geometry": { "type": "LineString", "coordinates": [ [ -2.7326781, 53.3408356 ], [ -2.7326723, 53.3407783 ] ] } },
{ "type": "Feature", "properties": { "id": 22648, "nach": 0.55072261117014043 }, "geometry": { "type": "LineString", "coordinates": [ [ -2.7306394, 53.3412247 ], [ -2.7309006, 53.341168299999985 ] ] } },
{ "type": "Feature", "properties": { "id": 29660, "nach": 0.65172323354506356 }, "geometry": { "type": "LineString", "coordinates": [ [ -2.7312287, 53.3416246 ], [ -2.7312129, 53.3416023 ], [ -2.7309888, 53.341286599999982 ], [ -2.7309006, 53.341168299999985 ] ] } },
{ "type": "Feature", "properties": { "id": 11299, "nach": 0.38183935645264194 }, "geometry": { "type": "LineString", "coordinates": [ [ -2.7501506, 53.336855 ], [ -2.7506883, 53.3364516 ], [ -2.7509197, 53.33627580000001 ], [ -2.751219, 53.336004800000012 ], [ -2.7513728, 53.3358183 ], [ -2.7515138, 53.3355801 ], [ -2.7515802, 53.3354363 ], [ -2.7516069, 53.3353475 ], [ -2.7516696, 53.335093 ], [ -2.7516724, 53.3348234 ], [ -2.7516407, 53.334588 ] ] } },
{ "type": "Feature", "properties": { "id": 11300, "nach": 0.33133020389162854 }, "geometry": { "type": "LineString", "coordinates": [ [ -2.751933379066982, 53.333794260345215 ], [ -2.7501506, 53.336855 ] ] } },
{ "type": "Feature", "properties": { "id": 42948, "nach": 0.44190112144768784 }, "geometry": { "type": "LineString", "coordinates": [ [ -2.7501506, 53.336855 ], [ -2.738777820390541, 53.340035643713833 ] ] } },
{ "type": "Feature", "properties": { "id": 11301, "nach": 0.42673557210640878 }, "geometry": { "type": "LineString", "coordinates": [ [ -2.7516407, 53.334588 ], [ -2.7515165, 53.334399 ], [ -2.7514451, 53.334353 ], [ -2.7513602, 53.3343246 ], [ -2.7512511, 53.3343138 ], [ -2.7511569, 53.334325 ], [ -2.7508955, 53.3343917 ] ] } },
{ "type": "Feature", "properties": { "id": 11302, "nach": 0.40015290673969134 }, "geometry": { "type": "LineString", "coordinates": [ [ -2.7516407, 53.334588 ], [ -2.7516095, 53.3343912 ], [ -2.7515631, 53.3342009 ], [ -2.7515414, 53.3341126 ], [ -2.7515253, 53.3340471 ] ] } },
{ "type": "Feature", "properties": { "id": 11306, "nach": 0.60059665766634907 }, "geometry": { "type": "LineString", "coordinates": [ [ -2.7508955, 53.3343917 ], [ -2.7515253, 53.3340471 ] ] } },
{ "type": "Feature", "properties": { "id": 39609, "nach": 0.60680531154604955 }, "geometry": { "type": "LineString", "coordinates": [ [ -2.7505011, 53.3345921 ], [ -2.7508955, 53.3343917 ] ] } },
{ "type": "Feature", "properties": { "id": 30752, "nach": 0.70312839501655389 }, "geometry": { "type": "LineString", "coordinates": [ [ -2.751933379066982, 53.333794260345215 ], [ -2.7515253, 53.3340471 ] ] } },
{ "type": "Feature", "properties": { "id": 41429, "nach": 0.62084632765226855 }, "geometry": { "type": "LineString", "coordinates": [ [ -2.749914, 53.3349079 ], [ -2.7505011, 53.3345921 ] ] } },
{ "type": "Feature", "properties": { "id": 39638, "nach": 0.53651286471512305 }, "geometry": { "type": "LineString", "coordinates": [ [ -2.7504142, 53.334534 ], [ -2.7505011, 53.3345921 ] ] } },
{ "type": "Feature", "properties": { "id": 12656, "nach": 0.49594268398814328 }, "geometry": { "type": "LineString", "coordinates": [ [ -2.7528683, 53.3362518 ], [ -2.752457, 53.3360762 ] ] } },
{ "type": "Feature", "properties": { "id": 21288, "nach": 0.50337544895647957 }, "geometry": { "type": "LineString", "coordinates": [ [ -2.7537471, 53.3349204 ], [ -2.7533056, 53.3352238 ], [ -2.7528073, 53.335740599999987 ], [ -2.752457, 53.3360762 ] ] } },
{ "type": "Feature", "properties": { "id": 30756, "nach": 0.38892573322437113 }, "geometry": { "type": "LineString", "coordinates": [ [ -2.7477092, 53.3391741 ], [ -2.7477988, 53.3390079 ], [ -2.7478703, 53.3389516 ], [ -2.7481262, 53.3388078 ], [ -2.7484582, 53.3386379 ], [ -2.7505463, 53.337437 ], [ -2.7510507, 53.3371294 ], [ -2.7513605, 53.3369066 ], [ -2.7518576, 53.33652390000001 ], [ -2.752457, 53.3360762 ] ] } },
{ "type": "Feature", "properties": { "id": 40831, "nach": 0.44146243255388662 }, "geometry": { "type": "LineString", "coordinates": [ [ -2.7544715, 53.336252900000012 ], [ -2.7541, 53.3360868 ], [ -2.7537422, 53.3360791 ], [ -2.7531204, 53.3361993 ], [ -2.7528683, 53.3362518 ] ] } },
{ "type": "Feature", "properties": { "id": 40855, "nach": 0.43886718091183141 }, "geometry": { "type": "LineString", "coordinates": [ [ -2.7520576, 53.3367618 ], [ -2.7526892, 53.336406 ], [ -2.7527599, 53.3363402 ], [ -2.7528683, 53.3362518 ] ] } },
{ "type": "Feature", "properties": { "id": 21287, "nach": 0.46298969285399111 }, "geometry": { "type": "LineString", "coordinates": [ [ -2.7537471, 53.3349204 ], [ -2.754061, 53.3347636 ], [ -2.7546487, 53.33433620000001 ], [ -2.755288, 53.3334933 ], [ -2.7552823, 53.3333989 ], [ -2.7552505, 53.333246200000012 ], [ -2.7556635, 53.3326506 ] ] } },
{ "type": "Feature", "properties": { "id": 30757, "nach": 0.57186610864401277 }, "geometry": { "type": "LineString", "coordinates": [ [ -2.7477092, 53.3391741 ], [ -2.747767, 53.339187 ], [ -2.7478172, 53.339208499999984 ], [ -2.7478562, 53.3392371 ], [ -2.7478811, 53.3392708 ] ] } },
{ "type": "Feature", "properties": { "id": 30761, "nach": 0.58956741948797398 }, "geometry": { "type": "LineString", "coordinates": [ [ -2.7475128, 53.3392007 ], [ -2.7475728, 53.3391802 ], [ -2.7476402, 53.339171 ], [ -2.7477092, 53.3391741 ] ] } },
{ "type": "Feature", "properties": { "id": 40829, "nach": 0.42979266924623033 }, "geometry": { "type": "LineString", "coordinates": [ [ -2.7544715, 53.336252900000012 ], [ -2.7550924, 53.3365753 ] ] } },
{ "type": "Feature", "properties": { "id": 40832, "nach": 0.38969301820036273 }, "geometry": { "type": "LineString", "coordinates": [ [ -2.7537805, 53.3367739 ], [ -2.7544715, 53.336252900000012 ] ] } },
{ "type": "Feature", "properties": { "id": 40856, "nach": 0.41815752202128692 }, "geometry": { "type": "LineString", "coordinates": [ [ -2.7520576, 53.3367618 ], [ -2.7517366, 53.336944499999987 ], [ -2.7513774, 53.3371831 ] ] } },
{ "type": "Feature", "properties": { "id": 40854, "nach": 0.35867198373292358 }, "geometry": { "type": "LineString", "coordinates": [ [ -2.7520576, 53.3367618 ], [ -2.7529949, 53.337299 ] ] } },
{ "type": "Feature", "properties": { "id": 45570, "nach": 0.40096694719066378 }, "geometry": { "type": "LineString", "coordinates": [ [ -2.7557043, 53.3361428 ], [ -2.7550924, 53.3365753 ] ] } },
{ "type": "Feature", "properties": { "id": 40859, "nach": 0.30873779253856337 }, "geometry": { "type": "LineString", "coordinates": [ [ -2.7545531, 53.3372277 ], [ -2.7551428, 53.336843 ], [ -2.7551746, 53.3367725 ], [ -2.7551701, 53.3366967 ], [ -2.7550924, 53.3365753 ] ] } },
{ "type": "Feature", "properties": { "id": 40858, "nach": 0.32769342399402857 }, "geometry": { "type": "LineString", "coordinates": [ [ -2.7545531, 53.3372277 ], [ -2.7545032, 53.3371762 ], [ -2.7537805, 53.3367739 ] ] } },
{ "type": "Feature", "properties": { "id": 40860, "nach": 0.28793200924386242 }, "geometry": { "type": "LineString", "coordinates": [ [ -2.7531467, 53.337913 ], [ -2.7533554, 53.3378426 ], [ -2.7535232, 53.3378372 ], [ -2.7536911, 53.3378128 ], [ -2.7545168, 53.3372872 ], [ -2.7545531, 53.3372277 ] ] } },
{ "type": "Feature", "properties": { "id": 21270, "nach": 0.59999728469424596 }, "geometry": { "type": "LineString", "coordinates": [ [ -2.7469045, 53.3407992 ], [ -2.7467895, 53.3409663 ], [ -2.7466336, 53.3412101 ], [ -2.7463614, 53.3413565 ] ] } },
{ "type": "Feature", "properties": { "id": 42192, "nach": 0.58537241614516444 }, "geometry": { "type": "LineString", "coordinates": [ [ -2.745818, 53.3416807 ], [ -2.7459867, 53.3415621 ], [ -2.7463614, 53.3413565 ] ] } },
{ "type": "Feature", "properties": { "id": 42190, "nach": 0.48822043160643336 }, "geometry": { "type": "LineString", "coordinates": [ [ -2.7472484, 53.3418479 ], [ -2.7464855, 53.341438799999985 ], [ -2.7463614, 53.3413565 ] ] } },
{ "type": "Feature", "properties": { "id": 21272, "nach": 0.60108103962512793 }, "geometry": { "type": "LineString", "coordinates": [ [ -2.7470239, 53.3406008 ], [ -2.7471944, 53.340753 ], [ -2.7471773, 53.340814500000015 ], [ -2.7471429, 53.3408606 ], [ -2.7471, 53.3408606 ], [ -2.7469045, 53.3407992 ] ] } },
{ "type": "Feature", "properties": { "id": 42203, "nach": 0.5845133032906189 }, "geometry": { "type": "LineString", "coordinates": [ [ -2.7457318, 53.3417447 ], [ -2.745818, 53.3416807 ] ] } },
{ "type": "Feature", "properties": { "id": 42196, "nach": 0.39332784317936276 }, "geometry": { "type": "LineString", "coordinates": [ [ -2.7438623, 53.3414284 ], [ -2.7439428, 53.3413827 ], [ -2.7441922, 53.341261 ], [ -2.7443339, 53.3412239 ], [ -2.7444605, 53.341213 ], [ -2.7445972, 53.3412321 ], [ -2.7447904, 53.3412722 ], [ -2.7451068, 53.3413571 ], [ -2.7452464, 53.3414083 ], [ -2.745818, 53.3416807 ] ] } },
{ "type": "Feature", "properties": { "id": 45537, "nach": 0.49440787202936881 }, "geometry": { "type": "LineString", "coordinates": [ [ -2.7475959, 53.3420328 ], [ -2.7472484, 53.3418479 ] ] } },
{ "type": "Feature", "properties": { "id": 42199, "nach": 0.4945062956521849 }, "geometry": { "type": "LineString", "coordinates": [ [ -2.746677, 53.342231500000011 ], [ -2.74677780000001, 53.342161 ], [ -2.7472484, 53.3418479 ] ] } },
{ "type": "Feature", "properties": { "id": 14802, "nach": 0.43930749178232287 }, "geometry": { "type": "LineString", "coordinates": [ [ -2.7443325, 53.3424478 ], [ -2.7442412, 53.342509 ] ] } },
{ "type": "Feature", "properties": { "id": 24609, "nach": 0.51740490352546176 }, "geometry": { "type": "LineString", "coordinates": [ [ -2.7447873, 53.3428221 ], [ -2.7445554, 53.3427518 ], [ -2.7444292, 53.342664200000016 ], [ -2.7442412, 53.342509 ] ] } },
{ "type": "Feature", "properties": { "id": 42913, "nach": 0.43387266402772723 }, "geometry": { "type": "LineString", "coordinates": [ [ -2.74382010000001, 53.3426245 ], [ -2.7439784, 53.3425076 ], [ -2.7440853, 53.3424689 ], [ -2.7442412, 53.342509 ] ] } },
{ "type": "Feature", "properties": { "id": 24610, "nach": 0.63104691837394689 }, "geometry": { "type": "LineString", "coordinates": [ [ -2.7447873, 53.3428221 ], [ -2.7448559, 53.3427311 ], [ -2.7449393, 53.3426228 ], [ -2.7450991, 53.3424444 ] ] } },
{ "type": "Feature", "properties": { "id": 24612, "nach": 0.62092232367784661 }, "geometry": { "type": "LineString", "coordinates": [ [ -2.7447037, 53.3429434 ], [ -2.7447873, 53.3428221 ] ] } },
{ "type": "Feature", "properties": { "id": 53673, "nach": 0.64854709011489164 }, "geometry": { "type": "LineString", "coordinates": [ [ -2.7349943, 53.3436023 ], [ -2.7355048, 53.3436445 ], [ -2.73598630000001, 53.343705 ] ] } },
{ "type": "Feature", "properties": { "id": 33339, "nach": 0.66489081678263495 }, "geometry": { "type": "LineString", "coordinates": [ [ -2.7359624, 53.34326140000001 ], [ -2.7360053, 53.3433401 ], [ -2.73599370000001, 53.3434287 ], [ -2.7359453, 53.3435373 ], [ -2.7359253, 53.3435841 ], [ -2.7359203, 53.343611 ], [ -2.7359036, 53.3436359 ], [ -2.7358708, 53.343634 ], [ -2.73598630000001, 53.343705 ] ] } },
{ "type": "Feature", "properties": { "id": 22631, "nach": 0.71370749121198396 }, "geometry": { "type": "LineString", "coordinates": [ [ -2.735081, 53.3418545 ], [ -2.7351629, 53.3417769 ], [ -2.7352131, 53.3417001 ], [ -2.7352434, 53.3416505 ], [ -2.7353019, 53.341628900000011 ], [ -2.7353795, 53.3416184 ] ] } },
{ "type": "Feature", "properties": { "id": 12686, "nach": 0.75781507087332856 }, "geometry": { "type": "LineString", "coordinates": [ [ -2.7353795, 53.3416184 ], [ -2.7355267, 53.3416028 ], [ -2.735577, 53.3416 ] ] } },
{ "type": "Feature", "properties": { "id": 22633, "nach": 0.69706275430796905 }, "geometry": { "type": "LineString", "coordinates": [ [ -2.734404, 53.3416739 ], [ -2.73453520000001, 53.3416711 ], [ -2.7352838, 53.3415824 ], [ -2.7353419, 53.3415955 ], [ -2.7353795, 53.3416184 ] ] } },
{ "type": "Feature", "properties": { "id": 22632, "nach": 0.50854021623112922 }, "geometry": { "type": "LineString", "coordinates": [ [ -2.734404, 53.3416739 ], [ -2.7344052, 53.3417114 ], [ -2.7344203, 53.3417315 ], [ -2.7344527, 53.34174740000001 ], [ -2.735081, 53.3418545 ] ] } },
{ "type": "Feature", "properties": { "id": 53859, "nach": 0.71413878705450085 }, "geometry": { "type": "LineString", "coordinates": [ [ -2.7349947, 53.3419401 ], [ -2.7350367, 53.3419006 ], [ -2.735081, 53.3418545 ] ] } },
{ "type": "Feature", "properties": { "id": 50955, "nach": 0.72442153070265725 }, "geometry": { "type": "LineString", "coordinates": [ [ -2.735577, 53.3416 ], [ -2.7356257, 53.341530299999988 ] ] } },
{ "type": "Feature", "properties": { "id": 50954, "nach": 0.69237893514457904 }, "geometry": { "type": "LineString", "coordinates": [ [ -2.735577, 53.3416 ], [ -2.7356877, 53.341593700000011 ] ] } },
{ "type": "Feature", "properties": { "id": 50961, "nach": 0.66367372514512157 }, "geometry": { "type": "LineString", "coordinates": [ [ -2.7355584, 53.3416807 ], [ -2.735556, 53.3416621 ], [ -2.7355432, 53.3416484 ], [ -2.735577, 53.3416 ] ] } },
{ "type": "Feature", "properties": { "id": 22643, "nach": 0.71474590510238212 }, "geometry": { "type": "LineString", "coordinates": [ [ -2.7347436, 53.34208730000001 ], [ -2.7348859, 53.3420388 ], [ -2.7349565, 53.341976 ] ] } },
{ "type": "Feature", "properties": { "id": 22642, "nach": 0.53163887493920914 }, "geometry": { "type": "LineString", "coordinates": [ [ -2.7347436, 53.34208730000001 ], [ -2.7346953, 53.3421431 ], [ -2.7346189, 53.3423129 ] ] } },
{ "type": "Feature", "properties": { "id": 30562, "nach": 0.65634672267993799 }, "geometry": { "type": "LineString", "coordinates": [ [ -2.7340318, 53.3419661 ], [ -2.733726, 53.341908599999989 ], [ -2.7336693, 53.3419077 ] ] } },
{ "type": "Feature", "properties": { "id": 30564, "nach": 0.53229414763972871 }, "geometry": { "type": "LineString", "coordinates": [ [ -2.7340318, 53.3419661 ], [ -2.7341198, 53.3420823 ], [ -2.7339489, 53.3420548 ] ] } },
{ "type": "Feature", "properties": { "id": 30565, "nach": 0.45712151637989135 }, "geometry": { "type": "LineString", "coordinates": [ [ -2.7340318, 53.3419661 ], [ -2.7340712, 53.3418885 ], [ -2.7341082, 53.3418945 ], [ -2.7341323, 53.341837399999989 ] ] } },
{ "type": "Feature", "properties": { "id": 22639, "nach": 0.63669261057377324 }, "geometry": { "type": "LineString", "coordinates": [ [ -2.7337341, 53.3417713 ], [ -2.733704, 53.341853499999985 ], [ -2.7336693, 53.3419077 ] ] } },
{ "type": "Feature", "properties": { "id": 12701, "nach": 0.67687004883005142 }, "geometry": { "type": "LineString", "coordinates": [ [ -2.7335528, 53.342025 ], [ -2.7336327, 53.3419538 ], [ -2.7336693, 53.3419077 ] ] } },
{ "type": "Feature", "properties": { "id": 30558, "nach": 0.54855237449544691 }, "geometry": { "type": "LineString", "coordinates": [ [ -2.7341323, 53.341837399999989 ], [ -2.7337341, 53.3417713 ] ] } },
{ "type": "Feature", "properties": { "id": 24882, "nach": 0.69312172517652149 }, "geometry": { "type": "LineString", "coordinates": [ [ -2.7329168, 53.3418335 ], [ -2.733361, 53.341918 ], [ -2.7334382, 53.3419448 ], [ -2.7335528, 53.342025 ] ] } },
{ "type": "Feature", "properties": { "id": 30546, "nach": 0.79848640680152161 }, "geometry": { "type": "LineString", "coordinates": [ [ -2.7333819, 53.341424199999985 ], [ -2.7335657, 53.3414198 ] ] } },
{ "type": "Feature", "properties": { "id": 23655, "nach": 0.57352954660051247 }, "geometry": { "type": "LineString", "coordinates": [ [ -2.7335657, 53.3414198 ], [ -2.7335392, 53.3414737 ], [ -2.7334606, 53.3414768 ], [ -2.7332954, 53.341485 ], [ -2.7331594, 53.3414922 ], [ -2.733124, 53.3414958 ] ] } },
{ "type": "Feature", "properties": { "id": 30627, "nach": 0.42972096337306542 }, "geometry": { "type": "LineString", "coordinates": [ [ -2.7329537, 53.3424693 ], [ -2.7329336, 53.34251 ] ] } },
{ "type": "Feature", "properties": { "id": 29674, "nach": 0.55071781813362763 }, "geometry": { "type": "LineString", "coordinates": [ [ -2.7326922, 53.342 ], [ -2.7326428, 53.3419764 ], [ -2.7326994, 53.3419102 ], [ -2.7329168, 53.3418335 ] ] } },
{ "type": "Feature", "properties": { "id": 30497, "nach": 0.70007258472775336 }, "geometry": { "type": "LineString", "coordinates": [ [ -2.7327728, 53.3417459 ], [ -2.7328383, 53.341764 ], [ -2.7329168, 53.3418335 ] ] } },
{ "type": "Feature", "properties": { "id": 30555, "nach": 0.70299607641172279 }, "geometry": { "type": "LineString", "coordinates": [ [ -2.7342055, 53.3416003 ], [ -2.7342069, 53.3416739 ], [ -2.73425, 53.3416834 ], [ -2.7343195, 53.3416827 ] ] } },
{ "type": "Feature", "properties": { "id": 30557, "nach": 0.53623018762086938 }, "geometry": { "type": "LineString", "coordinates": [ [ -2.7339815, 53.3416731 ], [ -2.7339765, 53.341601 ], [ -2.7342055, 53.3416003 ] ] } },
{ "type": "Feature", "properties": { "id": 12706, "nach": 0.70234492994481101 }, "geometry": { "type": "LineString", "coordinates": [ [ -2.7343195, 53.3416827 ], [ -2.734404, 53.3416739 ] ] } },
{ "type": "Feature", "properties": { "id": 30561, "nach": 0.38241369003249553 }, "geometry": { "type": "LineString", "coordinates": [ [ -2.7341323, 53.341837399999989 ], [ -2.7342564, 53.3417741 ], [ -2.7341639, 53.3417615 ], [ -2.7340614, 53.3417437 ], [ -2.7340041, 53.3417309 ], [ -2.7340034, 53.3417084 ], [ -2.7340541, 53.3417168 ], [ -2.7342951, 53.3417518 ], [ -2.7342956, 53.3417126 ], [ -2.7343195, 53.3416827 ] ] } },
{ "type": "Feature", "properties": { "id": 30559, "nach": 0.55235745938077718 }, "geometry": { "type": "LineString", "coordinates": [ [ -2.7341323, 53.341837399999989 ], [ -2.7349565, 53.341976 ] ] } },
{ "type": "Feature", "properties": { "id": 50778, "nach": 0.66378646902870375 }, "geometry": { "type": "LineString", "coordinates": [ [ -2.735553, 53.3404983 ], [ -2.7356168, 53.3404857 ] ] } },
{ "type": "Feature", "properties": { "id": 42253, "nach": 0.64501680074885714 }, "geometry": { "type": "LineString", "coordinates": [ [ -2.735758, 53.3404914 ], [ -2.7356912, 53.3404711 ], [ -2.7356168, 53.3404857 ] ] } },
{ "type": "Feature", "properties": { "id": 22679, "nach": 0.74006837348392529 }, "geometry": { "type": "LineString", "coordinates": [ [ -2.7369111, 53.340868900000011 ], [ -2.7363805, 53.3410069 ] ] } },
{ "type": "Feature", "properties": { "id": 51005, "nach": 0.56083922539589814 }, "geometry": { "type": "LineString", "coordinates": [ [ -2.7364023, 53.341035 ], [ -2.7363805, 53.3410069 ] ] } },
{ "type": "Feature", "properties": { "id": 22683, "nach": 0.58092579370261188 }, "geometry": { "type": "LineString", "coordinates": [ [ -2.7369668, 53.3409729 ], [ -2.7369111, 53.340868900000011 ] ] } },
{ "type": "Feature", "properties": { "id": 34168, "nach": 0.78862501637355376 }, "geometry": { "type": "LineString", "coordinates": [ [ -2.736947035908221, 53.340860608270965 ], [ -2.7369111, 53.340868900000011 ] ] } },
{ "type": "Feature", "properties": { "id": 51008, "nach": 0.54236205699554341 }, "geometry": { "type": "LineString", "coordinates": [ [ -2.7364023, 53.341035 ], [ -2.7364615, 53.3410207 ] ] } },
{ "type": "Feature", "properties": { "id": 51016, "nach": 0.49237164103061293 }, "geometry": { "type": "LineString", "coordinates": [ [ -2.7365533, 53.3412294 ], [ -2.7364023, 53.341035 ] ] } },
{ "type": "Feature", "properties": { "id": 51014, "nach": 0.58246214092318527 }, "geometry": { "type": "LineString", "coordinates": [ [ -2.7363705, 53.3410425 ], [ -2.7364023, 53.341035 ] ] } },
{ "type": "Feature", "properties": { "id": 24897, "nach": 0.63869891933550738 }, "geometry": { "type": "LineString", "coordinates": [ [ -2.7302868, 53.3419624 ], [ -2.7302711, 53.341935 ], [ -2.7301889, 53.3417565 ], [ -2.7302334, 53.3416973 ] ] } },
{ "type": "Feature", "properties": { "id": 30592, "nach": 0.61688708070315879 }, "geometry": { "type": "LineString", "coordinates": [ [ -2.7311017, 53.3417911 ], [ -2.7310717, 53.3417413 ], [ -2.7311028, 53.3417218 ], [ -2.7311143, 53.34170240000001 ], [ -2.7311183, 53.3416795 ], [ -2.7311062, 53.3416555 ] ] } },
{ "type": "Feature", "properties": { "id": 47595, "nach": 0.71432958995513773 }, "geometry": { "type": "LineString", "coordinates": [ [ -2.731307, 53.3417347 ], [ -2.7311017, 53.3417911 ] ] } },
{ "type": "Feature", "properties": { "id": 30601, "nach": 0.68205668807002273 }, "geometry": { "type": "LineString", "coordinates": [ [ -2.73115, 53.3418721 ], [ -2.731138, 53.3418514 ], [ -2.7311017, 53.3417911 ] ] } },
{ "type": "Feature", "properties": { "id": 50844, "nach": 0.76352177500871787 }, "geometry": { "type": "LineString", "coordinates": [ [ -2.7329708, 53.340223 ], [ -2.7330122, 53.3402672 ] ] } },
{ "type": "Feature", "properties": { "id": 50845, "nach": 0.53531227318726449 }, "geometry": { "type": "LineString", "coordinates": [ [ -2.7329708, 53.340223 ], [ -2.7329362, 53.3402326 ], [ -2.7328689, 53.340245699999983 ], [ -2.7327759, 53.3402499 ], [ -2.7326881, 53.3402471 ], [ -2.73251, 53.3402223 ] ] } },
{ "type": "Feature", "properties": { "id": 50843, "nach": 0.75260003549946952 }, "geometry": { "type": "LineString", "coordinates": [ [ -2.7329708, 53.340223 ], [ -2.7329273, 53.3401763 ] ] } },
{ "type": "Feature", "properties": { "id": 50833, "nach": 0.71727359720650452 }, "geometry": { "type": "LineString", "coordinates": [ [ -2.73251, 53.3402223 ], [ -2.7324958, 53.3402593 ] ] } },
{ "type": "Feature", "properties": { "id": 25740, "nach": 0.75025779488642674 }, "geometry": { "type": "LineString", "coordinates": [ [ -2.7326503, 53.3403109 ], [ -2.7326019, 53.3403036 ], [ -2.732555, 53.3402875 ], [ -2.7325259, 53.3402671 ], [ -2.7324958, 53.3402593 ] ] } },
{ "type": "Feature", "properties": { "id": 41090, "nach": 0.70195658744449752 }, "geometry": { "type": "LineString", "coordinates": [ [ -2.7305599, 53.3398251 ], [ -2.7306232, 53.3398442 ], [ -2.7307581, 53.3398747 ], [ -2.731498, 53.3400822 ], [ -2.7316525, 53.3400786 ], [ -2.7320346, 53.34018720000001 ], [ -2.7322125, 53.3402073 ], [ -2.7322979, 53.3402206 ], [ -2.7324958, 53.3402593 ] ] } },
{ "type": "Feature", "properties": { "id": 50834, "nach": 0.58962658376855881 }, "geometry": { "type": "LineString", "coordinates": [ [ -2.73251, 53.3402223 ], [ -2.7323853, 53.3402033 ], [ -2.7322131, 53.34016230000001 ] ] } },
{ "type": "Feature", "properties": { "id": 50837, "nach": 0.71209924893686283 }, "geometry": { "type": "LineString", "coordinates": [ [ -2.7325235, 53.3401869 ], [ -2.73251, 53.3402223 ] ] } },
{ "type": "Feature", "properties": { "id": 25741, "nach": 0.7964240263200274 }, "geometry": { "type": "LineString", "coordinates": [ [ -2.7326503, 53.3403109 ], [ -2.7326412, 53.3403339 ], [ -2.7325812, 53.340561900000012 ], [ -2.7325669, 53.3405913 ], [ -2.7325492, 53.3406122 ], [ -2.7325306, 53.3406278 ], [ -2.7325101, 53.3406391 ], [ -2.732491, 53.3406442 ], [ -2.732458, 53.3406462 ], [ -2.7324339, 53.3406432 ], [ -2.7324125, 53.3406375 ], [ -2.7323987, 53.34063 ], [ -2.732392, 53.3406198 ], [ -2.7323856, 53.3406035 ], [ -2.7323887, 53.3405876 ], [ -2.7323985, 53.3405755 ], [ -2.7324159, 53.3405668 ], [ -2.7324315, 53.3405615 ], [ -2.7324697, 53.3405629 ], [ -2.7325543, 53.3405555 ] ] } },
{ "type": "Feature", "properties": { "id": 50830, "nach": 0.77001330348209074 }, "geometry": { "type": "LineString", "coordinates": [ [ -2.7330122, 53.3402672 ], [ -2.7329086, 53.340292 ], [ -2.7328272, 53.3403054 ], [ -2.7327408, 53.3403142 ], [ -2.7326503, 53.3403109 ] ] } },
{ "type": "Feature", "properties": { "id": 41087, "nach": 0.4812286631403323 }, "geometry": { "type": "LineString", "coordinates": [ [ -2.7305599, 53.3398251 ], [ -2.7306109, 53.339755 ] ] } },
{ "type": "Feature", "properties": { "id": 41101, "nach": 0.62078352153819827 }, "geometry": { "type": "LineString", "coordinates": [ [ -2.7303743, 53.339852 ], [ -2.7304628, 53.339855 ], [ -2.730506, 53.3398493 ], [ -2.7305434, 53.339835 ], [ -2.7305599, 53.3398251 ] ] } },
{ "type": "Feature", "properties": { "id": 41105, "nach": 0.67473874413666657 }, "geometry": { "type": "LineString", "coordinates": [ [ -2.7303904, 53.3397872 ], [ -2.730452, 53.3397993 ], [ -2.7305185, 53.3398141 ], [ -2.7305599, 53.3398251 ] ] } },
{ "type": "Feature", "properties": { "id": 12723, "nach": 0.51775347436697405 }, "geometry": { "type": "LineString", "coordinates": [ [ -2.7322131, 53.34016230000001 ], [ -2.732055, 53.3401504 ], [ -2.7319563, 53.3401202 ], [ -2.7306109, 53.339755 ] ] } },
{ "type": "Feature", "properties": { "id": 41078, "nach": 0.50463089287842888 }, "geometry": { "type": "LineString", "coordinates": [ [ -2.7322362, 53.3401007 ], [ -2.7322267, 53.3401313 ], [ -2.7322131, 53.34016230000001 ] ] } },
{ "type": "Feature", "properties": { "id": 41077, "nach": 0.0 }, "geometry": { "type": "LineString", "coordinates": [ [ -2.7306109, 53.339755 ], [ -2.7306667, 53.3396755 ], [ -2.7307124, 53.3396655 ], [ -2.7321125, 53.3400585 ], [ -2.7322362, 53.3401007 ] ] } },
{ "type": "Feature", "properties": { "id": 14535, "nach": 0.47842873457011581 }, "geometry": { "type": "LineString", "coordinates": [ [ -2.7444909, 53.337992 ], [ -2.744632, 53.3379662 ] ] } },
{ "type": "Feature", "properties": { "id": 39492, "nach": 0.55409539904471794 }, "geometry": { "type": "LineString", "coordinates": [ [ -2.7444436, 53.3375701 ], [ -2.744632, 53.3379662 ] ] } },
{ "type": "Feature", "properties": { "id": 42247, "nach": 0.46359822498001657 }, "geometry": { "type": "LineString", "coordinates": [ [ -2.7455407, 53.337891 ], [ -2.7454845, 53.3377865 ], [ -2.744632, 53.3379662 ] ] } },
{ "type": "Feature", "properties": { "id": 39496, "nach": 0.58539052408444625 }, "geometry": { "type": "LineString", "coordinates": [ [ -2.745724, 53.3370719 ], [ -2.7444436, 53.3375701 ] ] } },
{ "type": "Feature", "properties": { "id": 39532, "nach": 0.69195070638287959 }, "geometry": { "type": "LineString", "coordinates": [ [ -2.7449519, 53.3372448 ], [ -2.7456493, 53.337004 ] ] } },
{ "type": "Feature", "properties": { "id": 39551, "nach": 0.0 }, "geometry": { "type": "LineString", "coordinates": [ [ -2.7456843, 53.3369121 ], [ -2.7456262, 53.3368562 ], [ -2.7448537, 53.337146 ], [ -2.7449519, 53.3372448 ] ] } },
{ "type": "Feature", "properties": { "id": 13470, "nach": 0.44559438763053461 }, "geometry": { "type": "LineString", "coordinates": [ [ -2.7480487, 53.3376095 ], [ -2.7481993, 53.3375691 ] ] } },
{ "type": "Feature", "properties": { "id": 13472, "nach": 0.49751679049068981 }, "geometry": { "type": "LineString", "coordinates": [ [ -2.7480487, 53.3376095 ], [ -2.7470867, 53.3378714 ], [ -2.7469234, 53.337825 ], [ -2.7467708, 53.337717699999985 ] ] } },
{ "type": "Feature", "properties": { "id": 13475, "nach": 0.15865778500100761 }, "geometry": { "type": "LineString", "coordinates": [ [ -2.7476045, 53.3372992 ], [ -2.7480487, 53.3376095 ] ] } },
{ "type": "Feature", "properties": { "id": 13469, "nach": 0.57204670160035065 }, "geometry": { "type": "LineString", "coordinates": [ [ -2.746407, 53.3377816 ], [ -2.7467708, 53.337717699999985 ] ] } },
{ "type": "Feature", "properties": { "id": 13473, "nach": 0.50251744618483085 }, "geometry": { "type": "LineString", "coordinates": [ [ -2.7476045, 53.3372992 ], [ -2.7467708, 53.337717699999985 ] ] } },
{ "type": "Feature", "properties": { "id": 39503, "nach": 0.64110007497307631 }, "geometry": { "type": "LineString", "coordinates": [ [ -2.7465406, 53.338058899999986 ], [ -2.746407, 53.3377816 ] ] } },
{ "type": "Feature", "properties": { "id": 13474, "nach": 0.4496767394624418 }, "geometry": { "type": "LineString", "coordinates": [ [ -2.7476045, 53.3372992 ], [ -2.7478815, 53.3371548 ] ] } },
{ "type": "Feature", "properties": { "id": 39508, "nach": 0.59187705072760954 }, "geometry": { "type": "LineString", "coordinates": [ [ -2.7459285, 53.337262500000016 ], [ -2.746325, 53.33806 ], [ -2.7465406, 53.338058899999986 ] ] } },
{ "type": "Feature", "properties": { "id": 39504, "nach": 0.74978077012495725 }, "geometry": { "type": "LineString", "coordinates": [ [ -2.7465406, 53.338058899999986 ], [ -2.746595138145512, 53.338173674042501 ] ] } },
{ "type": "Feature", "properties": { "id": 42086, "nach": 0.64948598555348236 }, "geometry": { "type": "LineString", "coordinates": [ [ -2.7380651, 53.3395083 ], [ -2.7380474, 53.3394948 ], [ -2.7377399, 53.3392325 ], [ -2.7377273, 53.339175 ] ] } },
{ "type": "Feature", "properties": { "id": 13493, "nach": 0.68748377731073584 }, "geometry": { "type": "LineString", "coordinates": [ [ -2.7380468, 53.338903499999986 ], [ -2.7377339, 53.3391397 ], [ -2.7377273, 53.339175 ] ] } },
{ "type": "Feature", "properties": { "id": 39732, "nach": 0.59830904548268626 }, "geometry": { "type": "LineString", "coordinates": [ [ -2.7374858, 53.3391578 ], [ -2.7376271, 53.3391679 ], [ -2.7377273, 53.339175 ] ] } },
{ "type": "Feature", "properties": { "id": 42085, "nach": 0.5169564096004472 }, "geometry": { "type": "LineString", "coordinates": [ [ -2.7380651, 53.3395083 ], [ -2.7382703, 53.3394319 ] ] } },
{ "type": "Feature", "properties": { "id": 42215, "nach": 0.62037100391631461 }, "geometry": { "type": "LineString", "coordinates": [ [ -2.7378757, 53.3395763 ], [ -2.7380651, 53.3395083 ] ] } },
{ "type": "Feature", "properties": { "id": 39733, "nach": 0.51504706583898985 }, "geometry": { "type": "LineString", "coordinates": [ [ -2.7374858, 53.3391578 ], [ -2.7375034, 53.3390969 ], [ -2.7378092, 53.3389583 ], [ -2.7376705, 53.3388161 ] ] } },
{ "type": "Feature", "properties": { "id": 42211, "nach": 0.51378429406835679 }, "geometry": { "type": "LineString", "coordinates": [ [ -2.7367191, 53.3391207 ], [ -2.7367494, 53.3391872 ], [ -2.7370005, 53.3392129 ], [ -2.7374858, 53.3391578 ] ] } },
{ "type": "Feature", "properties": { "id": 24261, "nach": 0.6507916529456842 }, "geometry": { "type": "LineString", "coordinates": [ [ -2.7317104, 53.339088 ], [ -2.73144540000001, 53.3389202 ], [ -2.73125730000001, 53.3388746 ] ] } },
{ "type": "Feature", "properties": { "id": 24260, "nach": 0.53107175210929458 }, "geometry": { "type": "LineString", "coordinates": [ [ -2.7317104, 53.339088 ], [ -2.731553, 53.3391347 ] ] } },
{ "type": "Feature", "properties": { "id": 50857, "nach": 0.63630523356392632 }, "geometry": { "type": "LineString", "coordinates": [ [ -2.7343952, 53.339215 ], [ -2.7341153, 53.3392481 ], [ -2.734084, 53.3392987 ], [ -2.7333626, 53.3394186 ], [ -2.7330562, 53.3394543 ], [ -2.7328739, 53.3394628 ], [ -2.732695, 53.3394537 ], [ -2.7325134, 53.3394294 ], [ -2.7323254, 53.3393884 ], [ -2.7321687, 53.3393376 ], [ -2.7320497, 53.3392889 ], [ -2.7317104, 53.339088 ] ] } },
{ "type": "Feature", "properties": { "id": 24581, "nach": 0.56396263124606594 }, "geometry": { "type": "LineString", "coordinates": [ [ -2.7319628, 53.338745 ], [ -2.732302, 53.3387356 ], [ -2.732318, 53.3388703 ] ] } },
{ "type": "Feature", "properties": { "id": 50944, "nach": 0.57027552973253837 }, "geometry": { "type": "LineString", "coordinates": [ [ -2.7353882, 53.3389703 ], [ -2.735286, 53.338976600000017 ] ] } },
{ "type": "Feature", "properties": { "id": 50942, "nach": 0.70468603131196128 }, "geometry": { "type": "LineString", "coordinates": [ [ -2.7352158, 53.3386282 ], [ -2.735224, 53.3386907 ], [ -2.735286, 53.338976600000017 ] ] } },
{ "type": "Feature", "properties": { "id": 42220, "nach": 0.71774986683229058 }, "geometry": { "type": "LineString", "coordinates": [ [ -2.7354328, 53.3391018 ], [ -2.7353775, 53.3390762 ], [ -2.7353278, 53.33904 ], [ -2.7353, 53.3390106 ], [ -2.735286, 53.338976600000017 ] ] } },
{ "type": "Feature", "properties": { "id": 50945, "nach": 0.6168547654009785 }, "geometry": { "type": "LineString", "coordinates": [ [ -2.7353882, 53.3389703 ], [ -2.7355994, 53.3389573 ], [ -2.7362827, 53.3385139 ] ] } },
{ "type": "Feature", "properties": { "id": 50946, "nach": 0.54499099850851618 }, "geometry": { "type": "LineString", "coordinates": [ [ -2.7353882, 53.3389703 ], [ -2.7354077, 53.3390102 ], [ -2.7354325, 53.3390283 ], [ -2.7354687, 53.3390439 ], [ -2.735508, 53.3390554 ], [ -2.7355473, 53.3390623 ], [ -2.7355842, 53.3390674 ], [ -2.7356166, 53.339069200000012 ], [ -2.7356474, 53.339068800000014 ], [ -2.7360952, 53.33902650000001 ], [ -2.7361244, 53.3390223 ], [ -2.7361516, 53.3390159 ] ] } },
{ "type": "Feature", "properties": { "id": 50947, "nach": 0.60892294460752938 }, "geometry": { "type": "LineString", "coordinates": [ [ -2.7353882, 53.3389703 ], [ -2.7353716, 53.3389363 ], [ -2.73533, 53.33889940000001 ], [ -2.7352707, 53.33862520000001 ] ] } },
{ "type": "Feature", "properties": { "id": 50939, "nach": 0.74434784799477482 }, "geometry": { "type": "LineString", "coordinates": [ [ -2.7352158, 53.3386282 ], [ -2.7352105, 53.3385879 ] ] } },
{ "type": "Feature", "properties": { "id": 50940, "nach": 0.67458736697116262 }, "geometry": { "type": "LineString", "coordinates": [ [ -2.7352158, 53.3386282 ], [ -2.7351568, 53.3386315 ] ] } },
{ "type": "Feature", "properties": { "id": 50941, "nach": 0.61817391440993497 }, "geometry": { "type": "LineString", "coordinates": [ [ -2.7352158, 53.3386282 ], [ -2.7352707, 53.33862520000001 ] ] } },
{ "type": "Feature", "properties": { "id": 50818, "nach": 0.68803524841183095 }, "geometry": { "type": "LineString", "coordinates": [ [ -2.7354069, 53.3391859 ], [ -2.7354141, 53.3391625 ], [ -2.7354328, 53.3391018 ] ] } },
{ "type": "Feature", "properties": { "id": 42223, "nach": 0.73861810645093562 }, "geometry": { "type": "LineString", "coordinates": [ [ -2.7361416, 53.33909 ], [ -2.7360629, 53.3390899 ], [ -2.7359796, 53.3390946 ], [ -2.7355927, 53.3391258 ], [ -2.7355155, 53.3391225 ], [ -2.7354328, 53.3391018 ] ] } },
{ "type": "Feature", "properties": { "id": 13523, "nach": 0.61998166692672207 }, "geometry": { "type": "LineString", "coordinates": [ [ -2.7361338, 53.338387 ], [ -2.7362827, 53.3385139 ] ] } },
{ "type": "Feature", "properties": { "id": 50925, "nach": 0.72353517065491901 }, "geometry": { "type": "LineString", "coordinates": [ [ -2.736779, 53.3383978 ], [ -2.7368604, 53.3384706 ] ] } },
{ "type": "Feature", "properties": { "id": 50927, "nach": 0.58716109128177585 }, "geometry": { "type": "LineString", "coordinates": [ [ -2.736779, 53.3383978 ], [ -2.7366766, 53.3384372 ], [ -2.7366814, 53.3384539 ], [ -2.7366825, 53.3384723 ], [ -2.7366779, 53.3384875 ], [ -2.7366655, 53.3385022 ], [ -2.7365453, 53.3385834 ], [ -2.7364728, 53.3386372 ], [ -2.7364112, 53.3386947 ], [ -2.7363707, 53.338736300000015 ], [ -2.736326, 53.3387887 ], [ -2.7363021, 53.3388291 ], [ -2.7362625, 53.3389105 ], [ -2.7362414, 53.3389467 ], [ -2.7362228, 53.3389715 ], [ -2.7362073, 53.3389885 ], [ -2.7361945, 53.3389989 ], [ -2.7361729, 53.3390094 ], [ -2.7361516, 53.3390159 ] ] } },
{ "type": "Feature", "properties": { "id": 50926, "nach": 0.68133711027780353 }, "geometry": { "type": "LineString", "coordinates": [ [ -2.736779, 53.3383978 ], [ -2.7368897, 53.3383552 ], [ -2.7369916, 53.3383749 ], [ -2.73727820000001, 53.3383044 ] ] } },
{ "type": "Feature", "properties": { "id": 13522, "nach": 0.60200945050459687 }, "geometry": { "type": "LineString", "coordinates": [ [ -2.7361338, 53.338387 ], [ -2.7357978, 53.3381138 ] ] } },
{ "type": "Feature", "properties": { "id": 13524, "nach": 0.53204205940800164 }, "geometry": { "type": "LineString", "coordinates": [ [ -2.7361338, 53.338387 ], [ -2.7364236, 53.3382569 ] ] } },
{ "type": "Feature", "properties": { "id": 24309, "nach": 0.60902975847516072 }, "geometry": { "type": "LineString", "coordinates": [ [ -2.735511, 53.3381215 ], [ -2.7357978, 53.3381138 ] ] } },
{ "type": "Feature", "properties": { "id": 50933, "nach": 0.71766721756005913 }, "geometry": { "type": "LineString", "coordinates": [ [ -2.7351498, 53.33859 ], [ -2.7352105, 53.3385879 ] ] } },
{ "type": "Feature", "properties": { "id": 51332, "nach": 0.70932787211283754 }, "geometry": { "type": "LineString", "coordinates": [ [ -2.7300073, 53.3392683 ], [ -2.7303631, 53.3394138 ], [ -2.7312822, 53.339697100000016 ], [ -2.7321999, 53.3399671 ] ] } },
{ "type": "Feature", "properties": { "id": 51180, "nach": 0.69753359791776359 }, "geometry": { "type": "LineString", "coordinates": [ [ -2.7323935, 53.340168 ], [ -2.7324094, 53.3401349 ], [ -2.7324621, 53.3400351 ], [ -2.7321999, 53.3399671 ] ] } },
{ "type": "Feature", "properties": { "id": 50774, "nach": 0.76708593994663288 }, "geometry": { "type": "LineString", "coordinates": [ [ -2.7321999, 53.3399671 ], [ -2.73303541449981, 53.340007051176187 ] ] } },
{ "type": "Feature", "properties": { "id": 51181, "nach": 0.53205480918796311 }, "geometry": { "type": "LineString", "coordinates": [ [ -2.7323935, 53.340168 ], [ -2.732347, 53.3401614 ], [ -2.7323348, 53.3401577 ], [ -2.7323267, 53.3401525 ], [ -2.7323223, 53.3401469 ], [ -2.7323209, 53.340139 ], [ -2.7323273, 53.3401199 ], [ -2.7322888, 53.340115 ], [ -2.7322362, 53.3401007 ] ] } },
{ "type": "Feature", "properties": { "id": 51179, "nach": 0.70427140246321818 }, "geometry": { "type": "LineString", "coordinates": [ [ -2.7323935, 53.340168 ], [ -2.7325235, 53.3401869 ] ] } },
{ "type": "Feature", "properties": { "id": 50772, "nach": 0.67144710809412711 }, "geometry": { "type": "LineString", "coordinates": [ [ -2.73478, 53.3401228 ], [ -2.7347839, 53.3400772 ] ] } },
{ "type": "Feature", "properties": { "id": 50779, "nach": 0.68644138142011346 }, "geometry": { "type": "LineString", "coordinates": [ [ -2.735553, 53.3404983 ], [ -2.7355235, 53.3404658 ], [ -2.7354945, 53.3404405 ], [ -2.7354556, 53.3404121 ], [ -2.7353979, 53.3403784 ], [ -2.7353342, 53.3403484 ], [ -2.7352893, 53.3403236 ], [ -2.7352464, 53.34029 ], [ -2.7351896, 53.3402443 ], [ -2.73515, 53.3402186 ], [ -2.7351057, 53.3401958 ], [ -2.7350548, 53.3401754 ], [ -2.7350059, 53.3401584 ], [ -2.7349505, 53.3401434 ], [ -2.7348991, 53.3401333 ], [ -2.7348559, 53.3401288 ], [ -2.73478, 53.3401228 ] ] } },
{ "type": "Feature", "properties": { "id": 50774, "nach": 0.76708593994663288 }, "geometry": { "type": "LineString", "coordinates": [ [ -2.732922436893941, 53.339988579236262 ], [ -2.73478, 53.3401228 ] ] } },
{ "type": "Feature", "properties": { "id": 24868, "nach": 0.65344507411345365 }, "geometry": { "type": "LineString", "coordinates": [ [ -2.7416432, 53.3411712 ], [ -2.7416947, 53.3411313 ] ] } },
{ "type": "Feature", "properties": { "id": 14775, "nach": 0.6203299188533431 }, "geometry": { "type": "LineString", "coordinates": [ [ -2.7428468, 53.3415501 ], [ -2.742327, 53.3413702 ], [ -2.7416947, 53.3411313 ] ] } },
{ "type": "Feature", "properties": { "id": 52883, "nach": 0.536303668389991 }, "geometry": { "type": "LineString", "coordinates": [ [ -2.7398781, 53.3406412 ], [ -2.7398581, 53.3407129 ], [ -2.739893, 53.3410789 ], [ -2.7399024, 53.341418700000013 ] ] } },
{ "type": "Feature", "properties": { "id": 52884, "nach": 0.51254456535633586 }, "geometry": { "type": "LineString", "coordinates": [ [ -2.7398519, 53.3404959 ], [ -2.739875, 53.3405971 ], [ -2.7398781, 53.3406412 ] ] } },
{ "type": "Feature", "properties": { "id": 24870, "nach": 0.51045843848832373 }, "geometry": { "type": "LineString", "coordinates": [ [ -2.7416432, 53.3411712 ], [ -2.7414805, 53.3412059 ], [ -2.7414347, 53.341239899999984 ] ] } },
{ "type": "Feature", "properties": { "id": 24873, "nach": 0.65549891105728519 }, "geometry": { "type": "LineString", "coordinates": [ [ -2.7412239, 53.3414857 ], [ -2.7413847, 53.3413938 ], [ -2.7415352, 53.3412549 ], [ -2.7416432, 53.3411712 ] ] } },
{ "type": "Feature", "properties": { "id": 21261, "nach": 0.52469536934186189 }, "geometry": { "type": "LineString", "coordinates": [ [ -2.7437644, 53.3404619 ], [ -2.7439618, 53.3406361 ], [ -2.7439961, 53.340795 ], [ -2.7436356, 53.3409128 ], [ -2.7430863, 53.3411332 ], [ -2.7429147, 53.3412664 ], [ -2.7428632, 53.341333 ], [ -2.742846, 53.3414407 ], [ -2.7428468, 53.3415501 ] ] } },
{ "type": "Feature", "properties": { "id": 24606, "nach": 0.63567022709262622 }, "geometry": { "type": "LineString", "coordinates": [ [ -2.7450991, 53.3424444 ], [ -2.7450154, 53.3423831 ], [ -2.7448402, 53.3423735 ], [ -2.7447611, 53.3423022 ], [ -2.7446109, 53.3423062 ], [ -2.7445907, 53.3422758 ], [ -2.7439647, 53.3420255 ], [ -2.7437593, 53.3419691 ], [ -2.7435731, 53.3419143 ], [ -2.7428468, 53.3415501 ] ] } },
{ "type": "Feature", "properties": { "id": 21260, "nach": 0.52544046613578821 }, "geometry": { "type": "LineString", "coordinates": [ [ -2.7437644, 53.3404619 ], [ -2.7437504, 53.340419 ], [ -2.7439393, 53.340337 ], [ -2.7441109, 53.340255 ], [ -2.7443942, 53.34010640000001 ], [ -2.7446087, 53.3399834 ], [ -2.7446657, 53.3399253 ] ] } },
{ "type": "Feature", "properties": { "id": 21264, "nach": 0.46277173107579944 }, "geometry": { "type": "LineString", "coordinates": [ [ -2.7422396, 53.3403189 ], [ -2.7422827, 53.340393300000017 ], [ -2.7424716, 53.3404241 ], [ -2.7427033, 53.340419 ], [ -2.7429608, 53.3404087 ], [ -2.7437644, 53.3404619 ] ] } },
{ "type": "Feature", "properties": { "id": 24605, "nach": 0.62881834257545965 }, "geometry": { "type": "LineString", "coordinates": [ [ -2.7450991, 53.3424444 ], [ -2.7451821, 53.3423878 ] ] } },
{ "type": "Feature", "properties": { "id": 24872, "nach": 0.50947615512305622 }, "geometry": { "type": "LineString", "coordinates": [ [ -2.7412239, 53.3414857 ], [ -2.7412602, 53.3413951 ] ] } },
{ "type": "Feature", "properties": { "id": 14783, "nach": 0.71501290253623795 }, "geometry": { "type": "LineString", "coordinates": [ [ -2.7402417, 53.3414219 ], [ -2.7399024, 53.341418700000013 ] ] } },
{ "type": "Feature", "properties": { "id": 51286, "nach": 0.72181621567795717 }, "geometry": { "type": "LineString", "coordinates": [ [ -2.7386284, 53.3414039 ], [ -2.7397974, 53.3414177 ], [ -2.7399024, 53.341418700000013 ] ] } },
{ "type": "Feature", "properties": { "id": 51531, "nach": 0.51330294942362287 }, "geometry": { "type": "LineString", "coordinates": [ [ -2.7401794, 53.340921 ], [ -2.7402417, 53.3414219 ] ] } },
{ "type": "Feature", "properties": { "id": 22658, "nach": 0.49825216354092461 }, "geometry": { "type": "LineString", "coordinates": [ [ -2.7421266, 53.3410977 ], [ -2.7422914, 53.3409526 ], [ -2.7425331, 53.3408583 ], [ -2.7426928, 53.3408291 ], [ -2.7429861, 53.3408508 ] ] } },
{ "type": "Feature", "properties": { "id": 22657, "nach": 0.5036492678230825 }, "geometry": { "type": "LineString", "coordinates": [ [ -2.7421266, 53.3410977 ], [ -2.7426425, 53.3412687 ] ] } },
{ "type": "Feature", "properties": { "id": 21256, "nach": 0.63016445529321563 }, "geometry": { "type": "LineString", "coordinates": [ [ -2.7446657, 53.3399253 ], [ -2.7426835, 53.3402302 ] ] } },
{ "type": "Feature", "properties": { "id": 21263, "nach": 0.63908275106541612 }, "geometry": { "type": "LineString", "coordinates": [ [ -2.7422396, 53.3403189 ], [ -2.7423272, 53.340285 ], [ -2.7426835, 53.3402302 ] ] } },
{ "type": "Feature", "properties": { "id": 14793, "nach": 0.0 }, "geometry": { "type": "LineString", "coordinates": [ [ -2.7415985, 53.3405591 ], [ -2.7415247, 53.3404857 ], [ -2.7414994, 53.34037510000001 ], [ -2.74163680000001, 53.3402774 ], [ -2.7418428, 53.340221 ], [ -2.741963, 53.3401749 ], [ -2.7421003, 53.340098 ], [ -2.7421862, 53.3399955 ], [ -2.7424436, 53.3399289 ], [ -2.742581, 53.3399494 ], [ -2.7426835, 53.3402302 ] ] } },
{ "type": "Feature", "properties": { "id": 30418, "nach": 0.6415960097582466 }, "geometry": { "type": "LineString", "coordinates": [ [ -2.7452644, 53.3398341 ], [ -2.7451623, 53.3398464 ], [ -2.7446657, 53.3399253 ] ] } },
{ "type": "Feature", "properties": { "id": 21262, "nach": 0.65366442120622525 }, "geometry": { "type": "LineString", "coordinates": [ [ -2.7422396, 53.3403189 ], [ -2.7415985, 53.3405591 ] ] } },
{ "type": "Feature", "properties": { "id": 14827, "nach": 0.39327265637628622 }, "geometry": { "type": "LineString", "coordinates": [ [ -2.7446642, 53.3437878 ], [ -2.7431052, 53.3443646 ], [ -2.7429668, 53.3443358 ], [ -2.7429016, 53.3442919 ] ] } },
{ "type": "Feature", "properties": { "id": 30422, "nach": 0.61171608649545417 }, "geometry": { "type": "LineString", "coordinates": [ [ -2.7431612, 53.3441836 ], [ -2.7436486, 53.3439471 ], [ -2.7437109, 53.3439183 ] ] } },
{ "type": "Feature", "properties": { "id": 33231, "nach": 0.39361190994405665 }, "geometry": { "type": "LineString", "coordinates": [ [ -2.7445223, 53.3436539 ], [ -2.7446064, 53.343737600000011 ], [ -2.7446642, 53.3437878 ] ] } },
{ "type": "Feature", "properties": { "id": 33237, "nach": 0.11643734008923293 }, "geometry": { "type": "LineString", "coordinates": [ [ -2.7450617, 53.3430558 ], [ -2.7452378, 53.3431831 ], [ -2.7451553, 53.3432205 ], [ -2.7454233, 53.343386 ], [ -2.7454998, 53.3434331 ], [ -2.7454261, 53.343522 ], [ -2.7446642, 53.3437878 ] ] } },
{ "type": "Feature", "properties": { "id": 33232, "nach": 0.44142270628747982 }, "geometry": { "type": "LineString", "coordinates": [ [ -2.7445223, 53.3436539 ], [ -2.744473, 53.3436049 ], [ -2.7444257, 53.34354 ], [ -2.74438, 53.343518 ], [ -2.7443024, 53.343489800000015 ] ] } },
{ "type": "Feature", "properties": { "id": 33234, "nach": 0.39871441736735536 }, "geometry": { "type": "LineString", "coordinates": [ [ -2.7445223, 53.3436539 ], [ -2.7443905, 53.3437041 ], [ -2.7440215, 53.3438369 ], [ -2.7439378, 53.343798799999988 ] ] } },
{ "type": "Feature", "properties": { "id": 34576, "nach": 0.0 }, "geometry": { "type": "LineString", "coordinates": [ [ -2.7445729, 53.3431002 ], [ -2.7447444, 53.3431476 ], [ -2.7447605, 53.34317 ], [ -2.7447772, 53.3431972 ], [ -2.7450501, 53.3434558 ], [ -2.7445223, 53.3436539 ] ] } },
{ "type": "Feature", "properties": { "id": 33236, "nach": 0.49030416251394215 }, "geometry": { "type": "LineString", "coordinates": [ [ -2.7450617, 53.3430558 ], [ -2.7447037, 53.3429434 ] ] } },
{ "type": "Feature", "properties": { "id": 33238, "nach": 0.4328516982461818 }, "geometry": { "type": "LineString", "coordinates": [ [ -2.7450617, 53.3430558 ], [ -2.7452943, 53.3430942 ], [ -2.7454519, 53.3429721 ], [ -2.7457984, 53.3431316 ] ] } },
{ "type": "Feature", "properties": { "id": 24603, "nach": 0.43425004016381091 }, "geometry": { "type": "LineString", "coordinates": [ [ -2.7451821, 53.3423878 ], [ -2.7454633, 53.3425411 ], [ -2.7457657, 53.3426902 ], [ -2.7460147, 53.3427448 ], [ -2.7461529, 53.342718499999989 ], [ -2.746312, 53.3426398 ], [ -2.7465168, 53.3427344 ] ] } },
{ "type": "Feature", "properties": { "id": 42201, "nach": 0.62004161085725251 }, "geometry": { "type": "LineString", "coordinates": [ [ -2.7454975, 53.342054400000016 ], [ -2.7454282, 53.3421991 ], [ -2.7453537, 53.3422827 ], [ -2.7451821, 53.3423878 ] ] } },
{ "type": "Feature", "properties": { "id": 24878, "nach": 0.52504063517171129 }, "geometry": { "type": "LineString", "coordinates": [ [ -2.7367613, 53.3421347 ], [ -2.7368501, 53.3419702 ], [ -2.7369087, 53.3418617 ] ] } },
{ "type": "Feature", "properties": { "id": 14840, "nach": 0.68941237317662485 }, "geometry": { "type": "LineString", "coordinates": [ [ -2.7364166, 53.3417972 ], [ -2.7369087, 53.3418617 ] ] } },
{ "type": "Feature", "properties": { "id": 14842, "nach": 0.53534261630103075 }, "geometry": { "type": "LineString", "coordinates": [ [ -2.7364902, 53.3416182 ], [ -2.7364166, 53.3417972 ] ] } },
{ "type": "Feature", "properties": { "id": 14851, "nach": 0.53471776359767387 }, "geometry": { "type": "LineString", "coordinates": [ [ -2.7354901, 53.3418725 ], [ -2.7352563, 53.3418201 ] ] } },
{ "type": "Feature", "properties": { "id": 14852, "nach": 0.66153328220424601 }, "geometry": { "type": "LineString", "coordinates": [ [ -2.7354901, 53.3418725 ], [ -2.7355854, 53.3417141 ], [ -2.7356063, 53.341689500000015 ] ] } },
{ "type": "Feature", "properties": { "id": 51022, "nach": 0.6468541595319639 }, "geometry": { "type": "LineString", "coordinates": [ [ -2.7356063, 53.341689500000015 ], [ -2.7355584, 53.3416807 ] ] } },
{ "type": "Feature", "properties": { "id": 51021, "nach": 0.66971778022220796 }, "geometry": { "type": "LineString", "coordinates": [ [ -2.7356063, 53.341689500000015 ], [ -2.7356596, 53.341699199999979 ] ] } },
{ "type": "Feature", "properties": { "id": 51020, "nach": 0.52900355473150096 }, "geometry": { "type": "LineString", "coordinates": [ [ -2.7356063, 53.341689500000015 ], [ -2.7356877, 53.341593700000011 ] ] } },
{ "type": "Feature", "properties": { "id": 30505, "nach": 0.50329760815842772 }, "geometry": { "type": "LineString", "coordinates": [ [ -2.7349074, 53.3432186 ], [ -2.735333, 53.3432542 ], [ -2.7352903, 53.3435616 ], [ -2.7358322, 53.3436103 ] ] } },
{ "type": "Feature", "properties": { "id": 30529, "nach": 0.51103774097117749 }, "geometry": { "type": "LineString", "coordinates": [ [ -2.73486510000001, 53.343520399999989 ], [ -2.7349074, 53.3432186 ] ] } },
{ "type": "Feature", "properties": { "id": 33342, "nach": 0.58982065194817346 }, "geometry": { "type": "LineString", "coordinates": [ [ -2.7338841, 53.343163 ], [ -2.7342367, 53.3431803 ], [ -2.7349074, 53.3432186 ] ] } },
{ "type": "Feature", "properties": { "id": 23976, "nach": 0.53798979665252067 }, "geometry": { "type": "LineString", "coordinates": [ [ -2.7326373, 53.3432682 ], [ -2.7326613, 53.3430473 ] ] } },
{ "type": "Feature", "properties": { "id": 23978, "nach": 0.43969595544753365 }, "geometry": { "type": "LineString", "coordinates": [ [ -2.7326373, 53.3432682 ], [ -2.7326061, 53.3434552 ], [ -2.7324315, 53.3434845 ], [ -2.7324254, 53.3435197 ], [ -2.7325877, 53.343579800000015 ], [ -2.7325743, 53.3436546 ] ] } },
{ "type": "Feature", "properties": { "id": 51033, "nach": 0.66543399554066451 }, "geometry": { "type": "LineString", "coordinates": [ [ -2.7309145, 53.3431502 ], [ -2.731112, 53.3432303 ], [ -2.7314639, 53.3433735 ], [ -2.7316909, 53.3434625 ], [ -2.7318234, 53.3435107 ], [ -2.731988, 53.343557 ], [ -2.7321758, 53.3435962 ], [ -2.7323779, 53.3436297 ], [ -2.7325743, 53.3436546 ] ] } },
{ "type": "Feature", "properties": { "id": 24885, "nach": 0.52200464080870712 }, "geometry": { "type": "LineString", "coordinates": [ [ -2.732695, 53.3432777 ], [ -2.7326373, 53.3432682 ] ] } },
{ "type": "Feature", "properties": { "id": 51032, "nach": 0.6841486281258955 }, "geometry": { "type": "LineString", "coordinates": [ [ -2.7309145, 53.3431502 ], [ -2.7308266, 53.3431247 ], [ -2.7307341, 53.3431055 ] ] } },
{ "type": "Feature", "properties": { "id": 51031, "nach": 0.5514072887860062 }, "geometry": { "type": "LineString", "coordinates": [ [ -2.7309145, 53.3431502 ], [ -2.7309652, 53.3431017 ] ] } },
{ "type": "Feature", "properties": { "id": 51030, "nach": 0.61215680803445749 }, "geometry": { "type": "LineString", "coordinates": [ [ -2.7309145, 53.3431502 ], [ -2.7308609, 53.3432015 ] ] } },
{ "type": "Feature", "properties": { "id": 50932, "nach": 0.71522768493555755 }, "geometry": { "type": "LineString", "coordinates": [ [ -2.7351498, 53.33859 ], [ -2.7347899, 53.3386025 ] ] } },
{ "type": "Feature", "properties": { "id": 50935, "nach": 0.5261778710311481 }, "geometry": { "type": "LineString", "coordinates": [ [ -2.7351498, 53.33859 ], [ -2.7351568, 53.3386315 ] ] } },
{ "type": "Feature", "properties": { "id": 50934, "nach": 0.54204196814116357 }, "geometry": { "type": "LineString", "coordinates": [ [ -2.7351498, 53.33859 ], [ -2.7351431, 53.3385491 ] ] } },
{ "type": "Feature", "properties": { "id": 21361, "nach": 0.71475378816624857 }, "geometry": { "type": "LineString", "coordinates": [ [ -2.7347899, 53.3386025 ], [ -2.7344981, 53.3386127 ] ] } },
{ "type": "Feature", "properties": { "id": 24251, "nach": 0.70913629051177751 }, "geometry": { "type": "LineString", "coordinates": [ [ -2.7345066, 53.3386636 ], [ -2.7344981, 53.3386127 ] ] } },
{ "type": "Feature", "properties": { "id": 24254, "nach": 0.70576529621515405 }, "geometry": { "type": "LineString", "coordinates": [ [ -2.7345306, 53.3388082 ], [ -2.7345066, 53.3386636 ] ] } },
{ "type": "Feature", "properties": { "id": 45524, "nach": 0.53827225654462441 }, "geometry": { "type": "LineString", "coordinates": [ [ -2.7342019, 53.338680700000012 ], [ -2.7344195, 53.3386679 ], [ -2.7345066, 53.3386636 ] ] } },
{ "type": "Feature", "properties": { "id": 30645, "nach": 0.70034501206948474 }, "geometry": { "type": "LineString", "coordinates": [ [ -2.7314741, 53.3403784 ], [ -2.730934, 53.3402822 ], [ -2.7302635, 53.3401741 ], [ -2.7296287, 53.3400635 ], [ -2.7294661, 53.3400374 ], [ -2.7292974, 53.3400308 ] ] } },
{ "type": "Feature", "properties": { "id": 50806, "nach": 0.65311733561349339 }, "geometry": { "type": "LineString", "coordinates": [ [ -2.7356412, 53.3407457 ], [ -2.7356154, 53.3407463 ], [ -2.7351884, 53.3407567 ], [ -2.7347502, 53.3407673 ], [ -2.7344201, 53.3407309 ], [ -2.7340837, 53.3407087 ], [ -2.7337321, 53.3406749 ], [ -2.7334307, 53.3406591 ], [ -2.7331501, 53.3406363 ], [ -2.7328685, 53.3406066 ], [ -2.7325543, 53.3405555 ] ] } },
{ "type": "Feature", "properties": { "id": 30648, "nach": 0.72404167973898936 }, "geometry": { "type": "LineString", "coordinates": [ [ -2.73203, 53.3404713 ], [ -2.7321289, 53.340482499999986 ], [ -2.7322506, 53.3404992 ], [ -2.732494, 53.3405401 ], [ -2.7325543, 53.3405555 ] ] } },
{ "type": "Feature", "properties": { "id": 22628, "nach": 0.79177214178137212 }, "geometry": { "type": "LineString", "coordinates": [ [ -2.732703, 53.3408036 ], [ -2.732738, 53.3407692 ], [ -2.7327274, 53.3406717 ], [ -2.7326681, 53.3406224 ], [ -2.7326096, 53.3405946 ], [ -2.7325876, 53.34058550000001 ], [ -2.7325672, 53.3405712 ], [ -2.7325543, 53.3405555 ] ] } },
{ "type": "Feature", "properties": { "id": 50807, "nach": 0.61930399963439464 }, "geometry": { "type": "LineString", "coordinates": [ [ -2.7356412, 53.3407457 ], [ -2.735655, 53.3407756 ], [ -2.7356917, 53.3407759 ] ] } },
{ "type": "Feature", "properties": { "id": 50808, "nach": 0.79723701551037385 }, "geometry": { "type": "LineString", "coordinates": [ [ -2.7356412, 53.3407457 ], [ -2.735743616559785, 53.340747758648824 ] ] } },
{ "type": "Feature", "properties": { "id": 30649, "nach": 0.70694080313818208 }, "geometry": { "type": "LineString", "coordinates": [ [ -2.73203, 53.3404713 ], [ -2.7316033, 53.3403972 ], [ -2.7314741, 53.3403784 ] ] } },
{ "type": "Feature", "properties": { "id": 30873, "nach": 0.62378173245869672 }, "geometry": { "type": "LineString", "coordinates": [ [ -2.7319443, 53.3406291 ], [ -2.7319515, 53.3406274 ], [ -2.731958, 53.3406211 ], [ -2.7319643, 53.340607 ], [ -2.73203, 53.3404713 ] ] } },
{ "type": "Feature", "properties": { "id": 30535, "nach": 0.78676915731012831 }, "geometry": { "type": "LineString", "coordinates": [ [ -2.7326781, 53.3408356 ], [ -2.732703, 53.3408036 ] ] } },
{ "type": "Feature", "properties": { "id": 22627, "nach": 0.0 }, "geometry": { "type": "LineString", "coordinates": [ [ -2.732703, 53.3408036 ], [ -2.7332509, 53.3408151 ], [ -2.7332901, 53.3409768 ] ] } },
{ "type": "Feature", "properties": { "id": 51041, "nach": 0.65994540967551329 }, "geometry": { "type": "LineString", "coordinates": [ [ -2.7306093, 53.3431626 ], [ -2.7305591, 53.3431151 ] ] } },
{ "type": "Feature", "properties": { "id": 51081, "nach": 0.72132145052125174 }, "geometry": { "type": "LineString", "coordinates": [ [ -2.7305938, 53.3430667 ], [ -2.730592, 53.3430786 ], [ -2.7305803, 53.3430971 ], [ -2.7305591, 53.3431151 ] ] } },
{ "type": "Feature", "properties": { "id": 23944, "nach": 0.55715729852295892 }, "geometry": { "type": "LineString", "coordinates": [ [ -2.7294407, 53.341443200000015 ], [ -2.7297912, 53.3414757 ] ] } },
{ "type": "Feature", "properties": { "id": 21241, "nach": 0.58595787298668622 }, "geometry": { "type": "LineString", "coordinates": [ [ -2.7297927, 53.3414108 ], [ -2.7297912, 53.3414757 ] ] } },
{ "type": "Feature", "properties": { "id": 23905, "nach": 0.67415747228996425 }, "geometry": { "type": "LineString", "coordinates": [ [ -2.7302547, 53.3416068 ], [ -2.7302334, 53.3416973 ] ] } },
{ "type": "Feature", "properties": { "id": 23910, "nach": 0.65297073872804712 }, "geometry": { "type": "LineString", "coordinates": [ [ -2.7302874, 53.3414552 ], [ -2.7302547, 53.3416068 ] ] } },
{ "type": "Feature", "properties": { "id": 23929, "nach": 0.68686577180527286 }, "geometry": { "type": "LineString", "coordinates": [ [ -2.7298814, 53.3410383 ], [ -2.7298986, 53.3409666 ] ] } },
{ "type": "Feature", "properties": { "id": 23916, "nach": 0.66747504030424309 }, "geometry": { "type": "LineString", "coordinates": [ [ -2.7298282, 53.3412608 ], [ -2.7298079, 53.3413454 ] ] } },
{ "type": "Feature", "properties": { "id": 23942, "nach": 0.66983766688440805 }, "geometry": { "type": "LineString", "coordinates": [ [ -2.7299471, 53.3407638 ], [ -2.7299297, 53.3408367 ] ] } },
{ "type": "Feature", "properties": { "id": 23940, "nach": 0.50847982663071212 }, "geometry": { "type": "LineString", "coordinates": [ [ -2.7299471, 53.3407638 ], [ -2.7300962, 53.340768 ] ] } },
{ "type": "Feature", "properties": { "id": 23939, "nach": 0.48593859950726487 }, "geometry": { "type": "LineString", "coordinates": [ [ -2.7300962, 53.340768 ], [ -2.730204, 53.3407815 ], [ -2.7305709, 53.340816 ], [ -2.7305362, 53.3409659 ] ] } },
{ "type": "Feature", "properties": { "id": 21223, "nach": 0.68239952857065067 }, "geometry": { "type": "LineString", "coordinates": [ [ -2.7299122, 53.3409098 ], [ -2.7298986, 53.3409666 ] ] } },
{ "type": "Feature", "properties": { "id": 21222, "nach": 0.66485026994588314 }, "geometry": { "type": "LineString", "coordinates": [ [ -2.7299122, 53.3409098 ], [ -2.7299297, 53.3408367 ] ] } },
{ "type": "Feature", "properties": { "id": 21224, "nach": 0.5558379589962219 }, "geometry": { "type": "LineString", "coordinates": [ [ -2.7305362, 53.3409659 ], [ -2.7299122, 53.3409098 ] ] } },
{ "type": "Feature", "properties": { "id": 23943, "nach": 0.52815339596426969 }, "geometry": { "type": "LineString", "coordinates": [ [ -2.7306487, 53.3409797 ], [ -2.7305362, 53.3409659 ] ] } },
{ "type": "Feature", "properties": { "id": 23949, "nach": 0.28813779301084813 }, "geometry": { "type": "LineString", "coordinates": [ [ -2.7295601, 53.3413231 ], [ -2.729544, 53.3413876 ], [ -2.7294548, 53.341379 ], [ -2.7294407, 53.341443200000015 ] ] } },
{ "type": "Feature", "properties": { "id": 21240, "nach": 0.53043751082768453 }, "geometry": { "type": "LineString", "coordinates": [ [ -2.7297927, 53.3414108 ], [ -2.7298079, 53.3413454 ] ] } },
{ "type": "Feature", "properties": { "id": 23908, "nach": 0.5872542872515718 }, "geometry": { "type": "LineString", "coordinates": [ [ -2.7302874, 53.3414552 ], [ -2.7297927, 53.3414108 ] ] } },
{ "type": "Feature", "properties": { "id": 23947, "nach": 0.6549059891488126 }, "geometry": { "type": "LineString", "coordinates": [ [ -2.7295601, 53.3413231 ], [ -2.7298079, 53.3413454 ] ] } },
{ "type": "Feature", "properties": { "id": 23911, "nach": 0.60988238230873248 }, "geometry": { "type": "LineString", "coordinates": [ [ -2.7303225, 53.341309 ], [ -2.7302874, 53.3414552 ] ] } },
{ "type": "Feature", "properties": { "id": 22654, "nach": 0.65636152161392713 }, "geometry": { "type": "LineString", "coordinates": [ [ -2.7304291, 53.3417002 ], [ -2.7302334, 53.3416973 ] ] } },
{ "type": "Feature", "properties": { "id": 29651, "nach": 0.54123043210048727 }, "geometry": { "type": "LineString", "coordinates": [ [ -2.7304728, 53.3414918 ], [ -2.7304291, 53.3417002 ] ] } },
{ "type": "Feature", "properties": { "id": 29657, "nach": 0.64709055887730438 }, "geometry": { "type": "LineString", "coordinates": [ [ -2.7308967, 53.34158 ], [ -2.7308919, 53.341593 ], [ -2.730688, 53.34165740000001 ], [ -2.7305076, 53.3417064 ], [ -2.7304291, 53.3417002 ] ] } },
{ "type": "Feature", "properties": { "id": 30419, "nach": 0.62982042835045171 }, "geometry": { "type": "LineString", "coordinates": [ [ -2.7452644, 53.3398341 ], [ -2.7458486, 53.3397464 ], [ -2.7459259, 53.3397274 ], [ -2.7460916, 53.3396748 ] ] } },
{ "type": "Feature", "properties": { "id": 32918, "nach": 0.5423756740562985 }, "geometry": { "type": "LineString", "coordinates": [ [ -2.7451878, 53.3402526 ], [ -2.7452319, 53.3401465 ], [ -2.7452699, 53.3399915 ], [ -2.7452751, 53.339892 ], [ -2.7452644, 53.3398341 ] ] } },
{ "type": "Feature", "properties": { "id": 44848, "nach": 0.60440427781726669 }, "geometry": { "type": "LineString", "coordinates": [ [ -2.747126, 53.3403566 ], [ -2.7471078, 53.3403961 ], [ -2.7470239, 53.3406008 ] ] } },
{ "type": "Feature", "properties": { "id": 44849, "nach": 0.61386930119496952 }, "geometry": { "type": "LineString", "coordinates": [ [ -2.747126, 53.3403566 ], [ -2.7472934, 53.3399935 ], [ -2.7474084, 53.3397883 ] ] } },
{ "type": "Feature", "properties": { "id": 44850, "nach": 0.51167676117175132 }, "geometry": { "type": "LineString", "coordinates": [ [ -2.747126, 53.3403566 ], [ -2.7473837, 53.3404473 ], [ -2.7476077, 53.3405261 ] ] } },
{ "type": "Feature", "properties": { "id": 39543, "nach": 0.67624124017644593 }, "geometry": { "type": "LineString", "coordinates": [ [ -2.7468482, 53.3364739 ], [ -2.7473755, 53.336218700000011 ] ] } },
{ "type": "Feature", "properties": { "id": 39571, "nach": 0.62965657846433243 }, "geometry": { "type": "LineString", "coordinates": [ [ -2.7473452, 53.3361843 ], [ -2.7473755, 53.336218700000011 ] ] } },
{ "type": "Feature", "properties": { "id": 39542, "nach": 0.67894495594073156 }, "geometry": { "type": "LineString", "coordinates": [ [ -2.7468482, 53.3364739 ], [ -2.7467064, 53.3365425 ] ] } },
{ "type": "Feature", "properties": { "id": 39568, "nach": 0.36586847129939809 }, "geometry": { "type": "LineString", "coordinates": [ [ -2.7467988, 53.3364373 ], [ -2.7468482, 53.3364739 ] ] } },
{ "type": "Feature", "properties": { "id": 39570, "nach": 0.53875185056717501 }, "geometry": { "type": "LineString", "coordinates": [ [ -2.7473452, 53.3361843 ], [ -2.7473119, 53.3361466 ] ] } },
{ "type": "Feature", "properties": { "id": 39573, "nach": 0.5514453524971521 }, "geometry": { "type": "LineString", "coordinates": [ [ -2.7473452, 53.3361843 ], [ -2.7467988, 53.3364373 ] ] } },
{ "type": "Feature", "properties": { "id": 39576, "nach": 0.63806560745161689 }, "geometry": { "type": "LineString", "coordinates": [ [ -2.7475844, 53.33605270000001 ], [ -2.7473452, 53.3361843 ] ] } },
{ "type": "Feature", "properties": { "id": 21331, "nach": 0.4250371474173954 }, "geometry": { "type": "LineString", "coordinates": [ [ -2.7473467, 53.3350942 ], [ -2.7465571, 53.3354786 ] ] } },
{ "type": "Feature", "properties": { "id": 21330, "nach": 0.4290521558744988 }, "geometry": { "type": "LineString", "coordinates": [ [ -2.7460164, 53.33574 ], [ -2.7465571, 53.3354786 ] ] } },
{ "type": "Feature", "properties": { "id": 39546, "nach": 0.51078397244878981 }, "geometry": { "type": "LineString", "coordinates": [ [ -2.7473119, 53.3361466 ], [ -2.747012, 53.3358066 ], [ -2.7465571, 53.3354786 ] ] } },
{ "type": "Feature", "properties": { "id": 39569, "nach": 0.0 }, "geometry": { "type": "LineString", "coordinates": [ [ -2.7467988, 53.3364373 ], [ -2.7467611, 53.3364093 ], [ -2.7473119, 53.3361466 ] ] } },
{ "type": "Feature", "properties": { "id": 21347, "nach": 0.54839900197612779 }, "geometry": { "type": "LineString", "coordinates": [ [ -2.7481969, 53.3364495 ], [ -2.7482973, 53.336396 ], [ -2.7483598, 53.336350100000011 ], [ -2.7483975, 53.3362945 ] ] } },
{ "type": "Feature", "properties": { "id": 45144, "nach": 0.4321682035321544 }, "geometry": { "type": "LineString", "coordinates": [ [ -2.7492315, 53.3366871 ], [ -2.7488979, 53.3364586 ], [ -2.7487777, 53.3363762 ], [ -2.7487509, 53.3363655 ], [ -2.7487085, 53.3363538 ], [ -2.748636, 53.33634 ], [ -2.7483975, 53.3362945 ] ] } },
{ "type": "Feature", "properties": { "id": 45076, "nach": 0.50798984825906202 }, "geometry": { "type": "LineString", "coordinates": [ [ -2.7476966, 53.3366869 ], [ -2.7481969, 53.3364495 ] ] } },
{ "type": "Feature", "properties": { "id": 45075, "nach": 0.43566990902479669 }, "geometry": { "type": "LineString", "coordinates": [ [ -2.7479749, 53.3362982 ], [ -2.7481969, 53.3364495 ] ] } },
{ "type": "Feature", "properties": { "id": 45077, "nach": 0.42645512556037996 }, "geometry": { "type": "LineString", "coordinates": [ [ -2.7476966, 53.3366869 ], [ -2.7472429, 53.336899 ] ] } },
{ "type": "Feature", "properties": { "id": 45078, "nach": 0.42795541161214851 }, "geometry": { "type": "LineString", "coordinates": [ [ -2.7476966, 53.3366869 ], [ -2.747855, 53.336793 ], [ -2.7479115, 53.33682910000001 ], [ -2.74794380000001, 53.3368497 ] ] } },
{ "type": "Feature", "properties": { "id": 21357, "nach": 0.55057665557043256 }, "geometry": { "type": "LineString", "coordinates": [ [ -2.7432345, 53.3379656 ], [ -2.74318350000001, 53.3379523 ] ] } },
{ "type": "Feature", "properties": { "id": 42229, "nach": 0.5307842209654714 }, "geometry": { "type": "LineString", "coordinates": [ [ -2.7436316, 53.338349500000014 ], [ -2.7434532, 53.3381261 ], [ -2.7434707, 53.3380845 ], [ -2.7434425, 53.3380524 ], [ -2.7433728, 53.338066 ], [ -2.7432829, 53.3380596 ], [ -2.743236, 53.3380388 ], [ -2.7432145, 53.33799 ], [ -2.7432345, 53.3379656 ] ] } },
{ "type": "Feature", "properties": { "id": 42237, "nach": 0.54286013916210685 }, "geometry": { "type": "LineString", "coordinates": [ [ -2.7423566, 53.3382115 ], [ -2.74318350000001, 53.3379523 ] ] } },
{ "type": "Feature", "properties": { "id": 45527, "nach": 0.53776254625590147 }, "geometry": { "type": "LineString", "coordinates": [ [ -2.7435989, 53.3383594 ], [ -2.7436316, 53.338349500000014 ] ] } },
{ "type": "Feature", "properties": { "id": 45530, "nach": 0.48395875336824068 }, "geometry": { "type": "LineString", "coordinates": [ [ -2.744168, 53.338181400000011 ], [ -2.7438784, 53.3382742 ], [ -2.7436316, 53.338349500000014 ] ] } },
{ "type": "Feature", "properties": { "id": 42235, "nach": 0.67536174630576973 }, "geometry": { "type": "LineString", "coordinates": [ [ -2.7423053, 53.3381544 ], [ -2.7413034, 53.3384365 ] ] } },
{ "type": "Feature", "properties": { "id": 42238, "nach": 0.54267194542301989 }, "geometry": { "type": "LineString", "coordinates": [ [ -2.7423566, 53.3382115 ], [ -2.7423053, 53.3381544 ] ] } },
{ "type": "Feature", "properties": { "id": 50824, "nach": 0.49692561418653325 }, "geometry": { "type": "LineString", "coordinates": [ [ -2.735235, 53.3391302 ], [ -2.7352986, 53.3391744 ], [ -2.7354069, 53.3391859 ] ] } },
{ "type": "Feature", "properties": { "id": 50929, "nach": 0.67853095880318681 }, "geometry": { "type": "LineString", "coordinates": [ [ -2.7351568, 53.3386315 ], [ -2.735235, 53.3391302 ] ] } },
{ "type": "Feature", "properties": { "id": 50821, "nach": 0.61261028181844179 }, "geometry": { "type": "LineString", "coordinates": [ [ -2.7354069, 53.3391859 ], [ -2.7355203, 53.3391981 ], [ -2.7355327, 53.3391909 ], [ -2.73554560000001, 53.3391856 ], [ -2.7355624, 53.3391822 ], [ -2.7359465, 53.3391536 ], [ -2.7359815, 53.3391527 ], [ -2.7360162, 53.3391543 ], [ -2.7360462, 53.3391577 ], [ -2.7360794, 53.339163699999979 ], [ -2.73610990000001, 53.3391712 ], [ -2.7361295, 53.3391793 ] ] } },
{ "type": "Feature", "properties": { "id": 24258, "nach": 0.60384405209179459 }, "geometry": { "type": "LineString", "coordinates": [ [ -2.7329912, 53.339558400000016 ], [ -2.7328369, 53.3395665 ], [ -2.7326926, 53.339562500000014 ], [ -2.7325185, 53.339543700000014 ], [ -2.7320018, 53.3394357 ], [ -2.7302757, 53.338967400000016 ], [ -2.7302091, 53.3389457 ] ] } },
{ "type": "Feature", "properties": { "id": 51344, "nach": 0.79186838816526095 }, "geometry": { "type": "LineString", "coordinates": [ [ -2.7301524, 53.3390055 ], [ -2.732987857102422, 53.339791356131798 ] ] } },
{ "type": "Feature", "properties": { "id": 25024, "nach": 0.60127742264103867 }, "geometry": { "type": "LineString", "coordinates": [ [ -2.7344276, 53.3394164 ], [ -2.7338885, 53.3394373 ], [ -2.733438, 53.3394994 ], [ -2.7331176, 53.3395431 ], [ -2.7329912, 53.339558400000016 ] ] } },
{ "type": "Feature", "properties": { "id": 50846, "nach": 0.52682909680903711 }, "geometry": { "type": "LineString", "coordinates": [ [ -2.733158, 53.3396118 ], [ -2.733125, 53.33959440000001 ], [ -2.7330676, 53.3396334 ], [ -2.7329899, 53.3396188 ], [ -2.7329912, 53.339558400000016 ] ] } },
{ "type": "Feature", "properties": { "id": 22599, "nach": 0.59322490359547353 }, "geometry": { "type": "LineString", "coordinates": [ [ -2.739599, 53.3396381 ], [ -2.7395505, 53.3394852 ] ] } },
{ "type": "Feature", "properties": { "id": 22604, "nach": 0.63251144297027839 }, "geometry": { "type": "LineString", "coordinates": [ [ -2.7394926, 53.339349600000013 ], [ -2.7395505, 53.3394852 ] ] } },
{ "type": "Feature", "properties": { "id": 22603, "nach": 0.51744893274822046 }, "geometry": { "type": "LineString", "coordinates": [ [ -2.7392736, 53.3395042 ], [ -2.7395505, 53.3394852 ] ] } },
{ "type": "Feature", "properties": { "id": 22601, "nach": 0.51111603182404253 }, "geometry": { "type": "LineString", "coordinates": [ [ -2.739599, 53.3396381 ], [ -2.7396279, 53.339781700000017 ], [ -2.7395716, 53.3397852 ], [ -2.7393484, 53.3397989 ] ] } },
{ "type": "Feature", "properties": { "id": 22602, "nach": 0.51317150017096735 }, "geometry": { "type": "LineString", "coordinates": [ [ -2.7393005, 53.3396543 ], [ -2.739599, 53.3396381 ] ] } },
{ "type": "Feature", "properties": { "id": 22608, "nach": 0.65920393209205164 }, "geometry": { "type": "LineString", "coordinates": [ [ -2.7394428, 53.3392303 ], [ -2.7394926, 53.339349600000013 ] ] } },
{ "type": "Feature", "properties": { "id": 22607, "nach": 0.521487732040952 }, "geometry": { "type": "LineString", "coordinates": [ [ -2.7392608, 53.3393655 ], [ -2.7394926, 53.339349600000013 ] ] } },
{ "type": "Feature", "properties": { "id": 22611, "nach": 0.52521690432146839 }, "geometry": { "type": "LineString", "coordinates": [ [ -2.7392564, 53.3392549 ], [ -2.7394428, 53.3392303 ] ] } },
{ "type": "Feature", "properties": { "id": 33349, "nach": 0.67978179034725206 }, "geometry": { "type": "LineString", "coordinates": [ [ -2.7393757, 53.3390722 ], [ -2.7393975, 53.3390907 ], [ -2.7394428, 53.3392303 ] ] } },
{ "type": "Feature", "properties": { "id": 33350, "nach": 0.0 }, "geometry": { "type": "LineString", "coordinates": [ [ -2.7393757, 53.3390722 ], [ -2.7391312, 53.3391552 ], [ -2.7390855, 53.3391017 ] ] } },
{ "type": "Feature", "properties": { "id": 33348, "nach": 0.7517148703849601 }, "geometry": { "type": "LineString", "coordinates": [ [ -2.7393757, 53.3390722 ], [ -2.739328165002596, 53.339018881837845 ] ] } },
{ "type": "Feature", "properties": { "id": 30646, "nach": 0.54591011911999099 }, "geometry": { "type": "LineString", "coordinates": [ [ -2.7314005, 53.3404409 ], [ -2.7314467, 53.3404357 ], [ -2.7314541, 53.3404212 ], [ -2.7314741, 53.3403784 ] ] } },
{ "type": "Feature", "properties": { "id": 30536, "nach": 0.63507248788856541 }, "geometry": { "type": "LineString", "coordinates": [ [ -2.7326781, 53.3408356 ], [ -2.732693, 53.3408608 ], [ -2.7327772, 53.3409592 ], [ -2.7332901, 53.3409768 ] ] } },
{ "type": "Feature", "properties": { "id": 22624, "nach": 0.62963819601918414 }, "geometry": { "type": "LineString", "coordinates": [ [ -2.7336089, 53.3409742 ], [ -2.7334608, 53.3409816 ], [ -2.7332901, 53.3409768 ] ] } },
{ "type": "Feature", "properties": { "id": 22622, "nach": 0.53709919564170894 }, "geometry": { "type": "LineString", "coordinates": [ [ -2.7336089, 53.3409742 ], [ -2.7336709, 53.3407208 ] ] } },
{ "type": "Feature", "properties": { "id": 53857, "nach": 0.7229225681363679 }, "geometry": { "type": "LineString", "coordinates": [ [ -2.7349947, 53.3419401 ], [ -2.7349565, 53.341976 ] ] } },
{ "type": "Feature", "properties": { "id": 22651, "nach": 0.55555368720775611 }, "geometry": { "type": "LineString", "coordinates": [ [ -2.7305122, 53.3413256 ], [ -2.7306394, 53.3412247 ] ] } },
{ "type": "Feature", "properties": { "id": 29656, "nach": 0.49919694602888715 }, "geometry": { "type": "LineString", "coordinates": [ [ -2.7308967, 53.34158 ], [ -2.7309013, 53.3415679 ], [ -2.7308634, 53.3415124 ], [ -2.7306394, 53.3412247 ] ] } },
{ "type": "Feature", "properties": { "id": 47597, "nach": 0.68363554307828622 }, "geometry": { "type": "LineString", "coordinates": [ [ -2.731307, 53.3417347 ], [ -2.7312287, 53.3416246 ] ] } },
{ "type": "Feature", "properties": { "id": 29662, "nach": 0.75306472352863274 }, "geometry": { "type": "LineString", "coordinates": [ [ -2.7311062, 53.3416555 ], [ -2.7312287, 53.3416246 ] ] } },
{ "type": "Feature", "properties": { "id": 30581, "nach": 0.74125805195284022 }, "geometry": { "type": "LineString", "coordinates": [ [ -2.7314934, 53.3416826 ], [ -2.7314571, 53.3416275 ], [ -2.7313939, 53.3416295 ], [ -2.7313488, 53.3416134 ], [ -2.7313286, 53.341598 ], [ -2.7312287, 53.3416246 ] ] } },
{ "type": "Feature", "properties": { "id": 29652, "nach": 0.73731042392345536 }, "geometry": { "type": "LineString", "coordinates": [ [ -2.7304728, 53.3414918 ], [ -2.7305122, 53.3413256 ] ] } },
{ "type": "Feature", "properties": { "id": 23914, "nach": 0.73372864165447549 }, "geometry": { "type": "LineString", "coordinates": [ [ -2.7303225, 53.341309 ], [ -2.7304287, 53.3413183 ], [ -2.7305122, 53.3413256 ] ] } },
{ "type": "Feature", "properties": { "id": 29654, "nach": 0.73528571690665245 }, "geometry": { "type": "LineString", "coordinates": [ [ -2.7308967, 53.34158 ], [ -2.7307794, 53.3415669 ], [ -2.7306798, 53.3415291 ], [ -2.7306013, 53.3415032 ], [ -2.7304728, 53.3414918 ] ] } },
{ "type": "Feature", "properties": { "id": 29663, "nach": 0.75719752663671058 }, "geometry": { "type": "LineString", "coordinates": [ [ -2.7311062, 53.3416555 ], [ -2.7310582, 53.3415984 ], [ -2.7308967, 53.34158 ] ] } },
{ "type": "Feature", "properties": { "id": 23921, "nach": 0.58079040778121804 }, "geometry": { "type": "LineString", "coordinates": [ [ -2.7303409, 53.3412225 ], [ -2.7303225, 53.341309 ] ] } },
{ "type": "Feature", "properties": { "id": 23935, "nach": 0.73498447541115175 }, "geometry": { "type": "LineString", "coordinates": [ [ -2.7301703, 53.3412942 ], [ -2.7303225, 53.341309 ] ] } },
{ "type": "Feature", "properties": { "id": 22688, "nach": 0.54106077400869812 }, "geometry": { "type": "LineString", "coordinates": [ [ -2.7372584, 53.341065 ], [ -2.7369584, 53.3411167 ] ] } },
{ "type": "Feature", "properties": { "id": 22689, "nach": 0.57001884836203109 }, "geometry": { "type": "LineString", "coordinates": [ [ -2.7372584, 53.341065 ], [ -2.737214965331152, 53.341018762027453 ] ] } },
{ "type": "Feature", "properties": { "id": 22694, "nach": 0.55782014280178494 }, "geometry": { "type": "LineString", "coordinates": [ [ -2.7372584, 53.341065 ], [ -2.737285142164303, 53.34106018579697 ] ] } },
{ "type": "Feature", "properties": { "id": 22693, "nach": 0.58911213512044747 }, "geometry": { "type": "LineString", "coordinates": [ [ -2.7374635, 53.3410257 ], [ -2.737386198148153, 53.341041160386609 ] ] } },
{ "type": "Feature", "properties": { "id": 22694, "nach": 0.55782014280178494 }, "geometry": { "type": "LineString", "coordinates": [ [ -2.737285142164303, 53.34106018579697 ], [ -2.7373445, 53.3410495 ] ] } },
{ "type": "Feature", "properties": { "id": 22693, "nach": 0.58911213512044747 }, "geometry": { "type": "LineString", "coordinates": [ [ -2.737386198148153, 53.341041160386609 ], [ -2.7373445, 53.3410495 ] ] } },
{ "type": "Feature", "properties": { "id": 22695, "nach": 0.6089651639874849 }, "geometry": { "type": "LineString", "coordinates": [ [ -2.7373445, 53.3410495 ], [ -2.737422020928105, 53.341140981810462 ] ] } },
{ "type": "Feature", "properties": { "id": 22696, "nach": 0.43747828573519465 }, "geometry": { "type": "LineString", "coordinates": [ [ -2.7371326, 53.3414318 ], [ -2.7370357, 53.3412602 ] ] } },
{ "type": "Feature", "properties": { "id": 22692, "nach": 0.65820870880643201 }, "geometry": { "type": "LineString", "coordinates": [ [ -2.737455, 53.3411799 ], [ -2.7370357, 53.3412602 ] ] } },
{ "type": "Feature", "properties": { "id": 24891, "nach": 0.65908270017607351 }, "geometry": { "type": "LineString", "coordinates": [ [ -2.7362967, 53.3414273 ], [ -2.7365308, 53.3414008 ], [ -2.7366589, 53.3413799 ], [ -2.7367523, 53.3413574 ], [ -2.7370357, 53.3412602 ] ] } },
{ "type": "Feature", "properties": { "id": 50995, "nach": 0.65377518467414963 }, "geometry": { "type": "LineString", "coordinates": [ [ -2.7360696, 53.34156740000001 ], [ -2.7360979, 53.3415651 ], [ -2.7362304, 53.341546 ], [ -2.7365407, 53.3415011 ], [ -2.7371326, 53.3414318 ] ] } },
{ "type": "Feature", "properties": { "id": 30866, "nach": 0.78747672082667841 }, "geometry": { "type": "LineString", "coordinates": [ [ -2.7371326, 53.3414318 ], [ -2.738364348160031, 53.341211954251996 ] ] } },
{ "type": "Feature", "properties": { "id": 22695, "nach": 0.6089651639874849 }, "geometry": { "type": "LineString", "coordinates": [ [ -2.737422020928105, 53.341140981810462 ], [ -2.737455, 53.3411799 ] ] } },
{ "type": "Feature", "properties": { "id": 22691, "nach": 0.66008910356673745 }, "geometry": { "type": "LineString", "coordinates": [ [ -2.737455, 53.3411799 ], [ -2.737479389917804, 53.341174845103744 ] ] } },
{ "type": "Feature", "properties": { "id": 30567, "nach": 0.61295002647857988 }, "geometry": { "type": "LineString", "coordinates": [ [ -2.73594850000001, 53.3414488 ], [ -2.7362967, 53.3414273 ] ] } },
{ "type": "Feature", "properties": { "id": 50992, "nach": 0.61937025191578987 }, "geometry": { "type": "LineString", "coordinates": [ [ -2.73606150000001, 53.3415199 ], [ -2.7361323, 53.3415152 ], [ -2.7362967, 53.3414273 ] ] } },
{ "type": "Feature", "properties": { "id": 22691, "nach": 0.66008910356673745 }, "geometry": { "type": "LineString", "coordinates": [ [ -2.737479389917804, 53.341174845103744 ], [ -2.7375515, 53.3411599 ] ] } },
{ "type": "Feature", "properties": { "id": 22682, "nach": 0.54311556644450776 }, "geometry": { "type": "LineString", "coordinates": [ [ -2.7369668, 53.3409729 ], [ -2.736864, 53.3409937 ] ] } },
{ "type": "Feature", "properties": { "id": 22685, "nach": 0.59712698413381782 }, "geometry": { "type": "LineString", "coordinates": [ [ -2.7369668, 53.3409729 ], [ -2.737093718133239, 53.340947192293527 ] ] } },
{ "type": "Feature", "properties": { "id": 22684, "nach": 0.6176100363387651 }, "geometry": { "type": "LineString", "coordinates": [ [ -2.7373704, 53.3408912 ], [ -2.737190071418717, 53.340927686763351 ] ] } },
{ "type": "Feature", "properties": { "id": 22689, "nach": 0.57001884836203109 }, "geometry": { "type": "LineString", "coordinates": [ [ -2.737214965331152, 53.341018762027453 ], [ -2.7371391, 53.340938 ] ] } },
{ "type": "Feature", "properties": { "id": 22685, "nach": 0.59712698413381782 }, "geometry": { "type": "LineString", "coordinates": [ [ -2.737093718133239, 53.340947192293527 ], [ -2.7371391, 53.340938 ] ] } },
{ "type": "Feature", "properties": { "id": 22684, "nach": 0.6176100363387651 }, "geometry": { "type": "LineString", "coordinates": [ [ -2.737190071418717, 53.340927686763351 ], [ -2.7371391, 53.340938 ] ] } },
{ "type": "Feature", "properties": { "id": 50993, "nach": 0.64802048625016073 }, "geometry": { "type": "LineString", "coordinates": [ [ -2.7360696, 53.34156740000001 ], [ -2.7359086, 53.3415807 ] ] } },
{ "type": "Feature", "properties": { "id": 50996, "nach": 0.63249793180051395 }, "geometry": { "type": "LineString", "coordinates": [ [ -2.7360696, 53.34156740000001 ], [ -2.7360778, 53.3416151 ], [ -2.7360574, 53.341621 ], [ -2.7360387, 53.3416301 ], [ -2.7360259, 53.3416416 ], [ -2.7360224, 53.3416548 ], [ -2.736021, 53.3416672 ] ] } },
{ "type": "Feature", "properties": { "id": 50994, "nach": 0.64888009855677542 }, "geometry": { "type": "LineString", "coordinates": [ [ -2.7360696, 53.34156740000001 ], [ -2.73606150000001, 53.3415199 ] ] } },
{ "type": "Feature", "properties": { "id": 30866, "nach": 0.78747672082667841 }, "geometry": { "type": "LineString", "coordinates": [ [ -2.737806492479486, 53.341367922857145 ], [ -2.73876, 53.3407846 ] ] } },
{ "type": "Feature", "properties": { "id": 55062, "nach": 0.53205068095990571 }, "geometry": { "type": "LineString", "coordinates": [ [ -2.7292715, 53.3420427 ], [ -2.7290748, 53.3419844 ] ] } },
{ "type": "Feature", "properties": { "id": 51096, "nach": 0.62272105060127469 }, "geometry": { "type": "LineString", "coordinates": [ [ -2.7303031, 53.34253480000001 ], [ -2.7302851, 53.3424949 ], [ -2.7302235, 53.3423711 ], [ -2.7301642, 53.3422793 ], [ -2.7301188, 53.3422264 ] ] } },
{ "type": "Feature", "properties": { "id": 51091, "nach": 0.76471618470985436 }, "geometry": { "type": "LineString", "coordinates": [ [ -2.7303946, 53.34252750000001 ], [ -2.730458, 53.3426634 ], [ -2.7304951, 53.3427305 ], [ -2.7305391, 53.342797099999984 ] ] } },
{ "type": "Feature", "properties": { "id": 51095, "nach": 0.53865953128462007 }, "geometry": { "type": "LineString", "coordinates": [ [ -2.7303031, 53.34253480000001 ], [ -2.7303946, 53.34252750000001 ] ] } },
{ "type": "Feature", "properties": { "id": 45458, "nach": 0.63157246596393957 }, "geometry": { "type": "LineString", "coordinates": [ [ -2.7474301, 53.33975 ], [ -2.7474084, 53.3397883 ] ] } },
{ "type": "Feature", "properties": { "id": 23177, "nach": 0.60263360816303357 }, "geometry": { "type": "LineString", "coordinates": [ [ -2.7469716, 53.3397616 ], [ -2.7470927, 53.3397561 ], [ -2.7474084, 53.3397883 ] ] } },
{ "type": "Feature", "properties": { "id": 45459, "nach": 0.62543620868424055 }, "geometry": { "type": "LineString", "coordinates": [ [ -2.7474301, 53.33975 ], [ -2.7475271, 53.3395785 ], [ -2.7476019, 53.3394449 ] ] } },
{ "type": "Feature", "properties": { "id": 45460, "nach": 0.46375851147237346 }, "geometry": { "type": "LineString", "coordinates": [ [ -2.7474301, 53.33975 ], [ -2.7475196, 53.3397717 ], [ -2.747599, 53.3397814 ], [ -2.7476306, 53.339780900000015 ], [ -2.7476674, 53.3397748 ], [ -2.7476964, 53.3397666 ], [ -2.7477596, 53.3397202 ], [ -2.7478322, 53.3396514 ], [ -2.7479689, 53.339503 ], [ -2.7480748, 53.3394158 ], [ -2.7481303, 53.3393887 ], [ -2.7481892, 53.3393734 ], [ -2.7482405, 53.3393642 ], [ -2.7483498, 53.339355599999983 ], [ -2.7483917, 53.3393495 ], [ -2.7484181, 53.3393377 ], [ -2.7484318, 53.339324499999989 ], [ -2.7484545, 53.339292 ] ] } },
{ "type": "Feature", "properties": { "id": 44847, "nach": 0.4530249184724725 }, "geometry": { "type": "LineString", "coordinates": [ [ -2.7468021, 53.339569100000013 ], [ -2.7469716, 53.3397616 ] ] } },
{ "type": "Feature", "properties": { "id": 24593, "nach": 0.59731574341795068 }, "geometry": { "type": "LineString", "coordinates": [ [ -2.746421, 53.3399946 ], [ -2.7465182, 53.3398771 ], [ -2.7466471, 53.3398241 ], [ -2.7468095, 53.3397782 ], [ -2.7469716, 53.3397616 ] ] } },
{ "type": "Feature", "properties": { "id": 24592, "nach": 0.59346205128480456 }, "geometry": { "type": "LineString", "coordinates": [ [ -2.746421, 53.3399946 ], [ -2.7463692, 53.3400276 ] ] } },
{ "type": "Feature", "properties": { "id": 24594, "nach": 0.57231716414215517 }, "geometry": { "type": "LineString", "coordinates": [ [ -2.746421, 53.3399946 ], [ -2.7462489, 53.3399185 ], [ -2.7461791, 53.3398564 ], [ -2.7461229, 53.33980050000001 ], [ -2.7460984, 53.3397272 ], [ -2.7460916, 53.3396748 ] ] } },
{ "type": "Feature", "properties": { "id": 32914, "nach": 0.56858288245112054 }, "geometry": { "type": "LineString", "coordinates": [ [ -2.746235, 53.34009660000001 ], [ -2.7462499, 53.3400809 ], [ -2.7463692, 53.3400276 ] ] } },
{ "type": "Feature", "properties": { "id": 24599, "nach": 0.4438776447688641 }, "geometry": { "type": "LineString", "coordinates": [ [ -2.7465609, 53.3404782 ], [ -2.7467736, 53.340234 ], [ -2.746537, 53.3401141 ], [ -2.7464497, 53.3400602 ], [ -2.7463692, 53.3400276 ] ] } },
{ "type": "Feature", "properties": { "id": 32913, "nach": 0.52962075816113607 }, "geometry": { "type": "LineString", "coordinates": [ [ -2.746235, 53.34009660000001 ], [ -2.7460807, 53.3402589 ], [ -2.7460398, 53.3402869 ] ] } },
{ "type": "Feature", "properties": { "id": 32916, "nach": 0.45042757090771396 }, "geometry": { "type": "LineString", "coordinates": [ [ -2.7458814, 53.3398617 ], [ -2.7460031, 53.3399743 ], [ -2.7460867, 53.340029899999983 ], [ -2.746235, 53.34009660000001 ] ] } },
{ "type": "Feature", "properties": { "id": 24596, "nach": 0.45399945743786974 }, "geometry": { "type": "LineString", "coordinates": [ [ -2.7460398, 53.3402869 ], [ -2.7459584, 53.3404033 ], [ -2.7458773, 53.3405165 ], [ -2.7456833, 53.34078550000001 ] ] } },
{ "type": "Feature", "properties": { "id": 32919, "nach": 0.42760611432352941 }, "geometry": { "type": "LineString", "coordinates": [ [ -2.7451878, 53.3402526 ], [ -2.7451009, 53.3403342 ], [ -2.7449581, 53.3405199 ], [ -2.7450434, 53.3405862 ], [ -2.7456833, 53.34078550000001 ] ] } },
{ "type": "Feature", "properties": { "id": 24598, "nach": 0.42957249380535523 }, "geometry": { "type": "LineString", "coordinates": [ [ -2.7462464, 53.3407749 ], [ -2.7462171, 53.3408099 ], [ -2.7462032, 53.3408255 ], [ -2.7461085, 53.3409358 ], [ -2.7456833, 53.34078550000001 ] ] } },
{ "type": "Feature", "properties": { "id": 24600, "nach": 0.44788070748749698 }, "geometry": { "type": "LineString", "coordinates": [ [ -2.7462727, 53.3403726 ], [ -2.7460398, 53.3402869 ] ] } },
{ "type": "Feature", "properties": { "id": 32920, "nach": 0.47086131227627676 }, "geometry": { "type": "LineString", "coordinates": [ [ -2.7454732, 53.3403206 ], [ -2.7451878, 53.3402526 ] ] } },
{ "type": "Feature", "properties": { "id": 23429, "nach": 0.57942666863829329 }, "geometry": { "type": "LineString", "coordinates": [ [ -2.7393267, 53.3382819 ], [ -2.7391233, 53.3383256 ] ] } },
{ "type": "Feature", "properties": { "id": 23433, "nach": 0.49812149275051881 }, "geometry": { "type": "LineString", "coordinates": [ [ -2.7392855, 53.3384771 ], [ -2.7391914, 53.3384973 ], [ -2.7391428, 53.3384166 ], [ -2.7391741, 53.3384099 ], [ -2.7391233, 53.3383256 ] ] } },
{ "type": "Feature", "properties": { "id": 42604, "nach": 0.50037670634403186 }, "geometry": { "type": "LineString", "coordinates": [ [ -2.739171, 53.3382889 ], [ -2.7390979, 53.3382833 ], [ -2.7391233, 53.3383256 ] ] } },
{ "type": "Feature", "properties": { "id": 24326, "nach": 0.63089743139017751 }, "geometry": { "type": "LineString", "coordinates": [ [ -2.7394784, 53.3382494 ], [ -2.7393267, 53.3382819 ] ] } },
{ "type": "Feature", "properties": { "id": 23432, "nach": 0.50002077664262679 }, "geometry": { "type": "LineString", "coordinates": [ [ -2.7391669, 53.3381203 ], [ -2.739262, 53.3380999 ], [ -2.7393053, 53.3381719 ], [ -2.7392656, 53.3381804 ], [ -2.7393267, 53.3382819 ] ] } },
{ "type": "Feature", "properties": { "id": 39741, "nach": 0.5048940966012786 }, "geometry": { "type": "LineString", "coordinates": [ [ -2.739277, 53.3382971 ], [ -2.7393416, 53.3383067 ], [ -2.7393267, 53.3382819 ] ] } },
{ "type": "Feature", "properties": { "id": 24331, "nach": 0.0 }, "geometry": { "type": "LineString", "coordinates": [ [ -2.7395372, 53.338189299999989 ], [ -2.7394879, 53.3381992 ], [ -2.7394555, 53.3381453 ], [ -2.7394203, 53.3381529 ], [ -2.7394784, 53.3382494 ] ] } },
{ "type": "Feature", "properties": { "id": 39744, "nach": 0.64307144799330485 }, "geometry": { "type": "LineString", "coordinates": [ [ -2.7395676, 53.3382465 ], [ -2.7395146, 53.3382576 ], [ -2.7394957, 53.3382781 ], [ -2.7394784, 53.3382494 ] ] } },
{ "type": "Feature", "properties": { "id": 30575, "nach": 0.76319843545857668 }, "geometry": { "type": "LineString", "coordinates": [ [ -2.7319942, 53.3416258 ], [ -2.7322079, 53.341573200000013 ] ] } },
{ "type": "Feature", "properties": { "id": 30572, "nach": 0.51652322777955562 }, "geometry": { "type": "LineString", "coordinates": [ [ -2.7325673, 53.341582 ], [ -2.7325035, 53.3415476 ], [ -2.7324123, 53.3415471 ], [ -2.7322079, 53.341573200000013 ] ] } },
{ "type": "Feature", "properties": { "id": 30548, "nach": 0.53692521386150416 }, "geometry": { "type": "LineString", "coordinates": [ [ -2.7333819, 53.341424199999985 ], [ -2.7333858, 53.3413847 ], [ -2.7333789, 53.3412882 ], [ -2.7333518, 53.3412373 ] ] } },
{ "type": "Feature", "properties": { "id": 24922, "nach": 0.61419205211881622 }, "geometry": { "type": "LineString", "coordinates": [ [ -2.7330984, 53.3416135 ], [ -2.733104, 53.34157470000001 ], [ -2.7331258, 53.3415471 ], [ -2.733124, 53.3414958 ] ] } },
{ "type": "Feature", "properties": { "id": 24923, "nach": 0.5347436537173309 }, "geometry": { "type": "LineString", "coordinates": [ [ -2.7334526, 53.3416321 ], [ -2.7330984, 53.3416135 ] ] } },
{ "type": "Feature", "properties": { "id": 24924, "nach": 0.53246776384969896 }, "geometry": { "type": "LineString", "coordinates": [ [ -2.733448, 53.3417543 ], [ -2.7329441, 53.3417296 ], [ -2.7329578, 53.341609300000016 ], [ -2.7330984, 53.3416135 ] ] } },
{ "type": "Feature", "properties": { "id": 30626, "nach": 0.53198624689013563 }, "geometry": { "type": "LineString", "coordinates": [ [ -2.7329537, 53.3424693 ], [ -2.7330232, 53.342303 ] ] } },
{ "type": "Feature", "properties": { "id": 30628, "nach": 0.63021785803226493 }, "geometry": { "type": "LineString", "coordinates": [ [ -2.7329537, 53.3424693 ], [ -2.7327357, 53.3424127 ], [ -2.7325845, 53.3423606 ] ] } },
{ "type": "Feature", "properties": { "id": 23754, "nach": 0.68712965666532089 }, "geometry": { "type": "LineString", "coordinates": [ [ -2.7359104, 53.341683900000014 ], [ -2.7358894, 53.34177 ] ] } },
{ "type": "Feature", "properties": { "id": 50966, "nach": 0.64370610039233866 }, "geometry": { "type": "LineString", "coordinates": [ [ -2.7358145, 53.3416984 ], [ -2.7359104, 53.341683900000014 ] ] } },
{ "type": "Feature", "properties": { "id": 50987, "nach": 0.63856704063059277 }, "geometry": { "type": "LineString", "coordinates": [ [ -2.736021, 53.3416672 ], [ -2.7359104, 53.341683900000014 ] ] } },
{ "type": "Feature", "properties": { "id": 46620, "nach": 0.7508283326583931 }, "geometry": { "type": "LineString", "coordinates": [ [ -2.7359086, 53.3415807 ], [ -2.7359104, 53.341683900000014 ] ] } },
{ "type": "Feature", "properties": { "id": 50978, "nach": 0.61569402514554539 }, "geometry": { "type": "LineString", "coordinates": [ [ -2.7358894, 53.34177 ], [ -2.7359414, 53.3417792 ] ] } },
{ "type": "Feature", "properties": { "id": 50977, "nach": 0.62632961011912325 }, "geometry": { "type": "LineString", "coordinates": [ [ -2.7358894, 53.34177 ], [ -2.7358479, 53.341762500000016 ] ] } },
{ "type": "Feature", "properties": { "id": 50968, "nach": 0.67575397711592855 }, "geometry": { "type": "LineString", "coordinates": [ [ -2.7358145, 53.3416984 ], [ -2.7357647, 53.341695 ], [ -2.7357255, 53.3416908 ], [ -2.7356773, 53.3416837 ], [ -2.7356596, 53.341699199999979 ] ] } },
{ "type": "Feature", "properties": { "id": 50975, "nach": 0.61223299964299627 }, "geometry": { "type": "LineString", "coordinates": [ [ -2.7358479, 53.341762500000016 ], [ -2.7358484, 53.3417519 ], [ -2.7358422, 53.3417326 ], [ -2.735836, 53.3417215 ], [ -2.735828, 53.3417102 ], [ -2.7358145, 53.3416984 ] ] } },
{ "type": "Feature", "properties": { "id": 23761, "nach": 0.44707757879317422 }, "geometry": { "type": "LineString", "coordinates": [ [ -2.7383929, 53.3427529 ], [ -2.7391772, 53.342837 ] ] } },
{ "type": "Feature", "properties": { "id": 23769, "nach": 0.0 }, "geometry": { "type": "LineString", "coordinates": [ [ -2.7383374, 53.3429303 ], [ -2.7385547, 53.3429552 ], [ -2.7388191, 53.3429829 ], [ -2.7391276, 53.3430165 ], [ -2.7391772, 53.342837 ] ] } },
{ "type": "Feature", "properties": { "id": 23766, "nach": 0.47589437400252432 }, "geometry": { "type": "LineString", "coordinates": [ [ -2.7384618, 53.3425054 ], [ -2.7392161, 53.3426118 ], [ -2.7391772, 53.342837 ] ] } },
{ "type": "Feature", "properties": { "id": 23767, "nach": 0.57166533585505486 }, "geometry": { "type": "LineString", "coordinates": [ [ -2.7383374, 53.3429303 ], [ -2.7383929, 53.3427529 ] ] } },
{ "type": "Feature", "properties": { "id": 23770, "nach": 0.56535635086096503 }, "geometry": { "type": "LineString", "coordinates": [ [ -2.7383959, 53.3427377 ], [ -2.7383929, 53.3427529 ] ] } },
{ "type": "Feature", "properties": { "id": 23771, "nach": 0.57243814642156154 }, "geometry": { "type": "LineString", "coordinates": [ [ -2.7383959, 53.3427377 ], [ -2.7384618, 53.3425054 ] ] } },
{ "type": "Feature", "properties": { "id": 23904, "nach": 0.52230994649040374 }, "geometry": { "type": "LineString", "coordinates": [ [ -2.73891640000001, 53.3423185 ], [ -2.7382596, 53.3422321 ] ] } },
{ "type": "Feature", "properties": { "id": 23925, "nach": 0.55927778752794877 }, "geometry": { "type": "LineString", "coordinates": [ [ -2.7303271, 53.3410797 ], [ -2.7303202, 53.341125 ], [ -2.7303685, 53.341125 ], [ -2.7304352, 53.3411511 ], [ -2.7304306, 53.3411827 ], [ -2.73038, 53.3412129 ], [ -2.7303409, 53.3412225 ] ] } },
{ "type": "Feature", "properties": { "id": 23936, "nach": 0.40643057692218509 }, "geometry": { "type": "LineString", "coordinates": [ [ -2.7301703, 53.3412942 ], [ -2.7302673, 53.3412225 ], [ -2.7303409, 53.3412225 ] ] } },
{ "type": "Feature", "properties": { "id": 23927, "nach": 0.53026324825163051 }, "geometry": { "type": "LineString", "coordinates": [ [ -2.7305732, 53.3411017 ], [ -2.7303695, 53.3410835 ], [ -2.7303271, 53.3410797 ] ] } },
{ "type": "Feature", "properties": { "id": 24242, "nach": 0.079194928010496532 }, "geometry": { "type": "LineString", "coordinates": [ [ -2.731553, 53.3391347 ], [ -2.7314837, 53.339222 ], [ -2.7310273, 53.3390937 ], [ -2.7310962, 53.3389967 ] ] } },
{ "type": "Feature", "properties": { "id": 50853, "nach": 0.70415754643761064 }, "geometry": { "type": "LineString", "coordinates": [ [ -2.7345942, 53.3391919 ], [ -2.7345306, 53.3388082 ] ] } },
{ "type": "Feature", "properties": { "id": 24256, "nach": 0.54006170392844055 }, "geometry": { "type": "LineString", "coordinates": [ [ -2.7343841, 53.3388126 ], [ -2.7345306, 53.3388082 ] ] } },
{ "type": "Feature", "properties": { "id": 50855, "nach": 0.63697415179144568 }, "geometry": { "type": "LineString", "coordinates": [ [ -2.7343952, 53.339215 ], [ -2.7345942, 53.3391919 ] ] } },
{ "type": "Feature", "properties": { "id": 50849, "nach": 0.66363709448610897 }, "geometry": { "type": "LineString", "coordinates": [ [ -2.7344324, 53.3394379 ], [ -2.7344276, 53.3394164 ] ] } },
{ "type": "Feature", "properties": { "id": 50856, "nach": 0.62341706098470229 }, "geometry": { "type": "LineString", "coordinates": [ [ -2.7343952, 53.339215 ], [ -2.7344276, 53.3394164 ] ] } },
{ "type": "Feature", "properties": { "id": 50851, "nach": 0.61861181497116624 }, "geometry": { "type": "LineString", "coordinates": [ [ -2.7344324, 53.3394379 ], [ -2.7341297, 53.339451 ], [ -2.7339062, 53.3394675 ], [ -2.7337063, 53.3394917 ], [ -2.7335178, 53.3395202 ], [ -2.7333436, 53.3395553 ], [ -2.7332444, 53.339579 ], [ -2.733158, 53.3396118 ] ] } },
{ "type": "Feature", "properties": { "id": 50848, "nach": 0.79121199229705808 }, "geometry": { "type": "LineString", "coordinates": [ [ -2.733158, 53.3396118 ], [ -2.732987857102422, 53.339791356131798 ] ] } },
{ "type": "Feature", "properties": { "id": 42245, "nach": 0.7143119981085011 }, "geometry": { "type": "LineString", "coordinates": [ [ -2.7410956, 53.338496299999989 ], [ -2.7413034, 53.3384365 ] ] } },
{ "type": "Feature", "properties": { "id": 42240, "nach": 0.64349727526952005 }, "geometry": { "type": "LineString", "coordinates": [ [ -2.7423566, 53.3382115 ], [ -2.7414747, 53.3384639 ], [ -2.7413034, 53.3384365 ] ] } },
{ "type": "Feature", "properties": { "id": 42694, "nach": 0.72498632342482372 }, "geometry": { "type": "LineString", "coordinates": [ [ -2.7405428, 53.3386466 ], [ -2.7410956, 53.338496299999989 ] ] } },
{ "type": "Feature", "properties": { "id": 42241, "nach": 0.64266510097297114 }, "geometry": { "type": "LineString", "coordinates": [ [ -2.7427169, 53.338647400000013 ], [ -2.7423566, 53.3382115 ] ] } },
{ "type": "Feature", "properties": { "id": 24325, "nach": 0.50533700608831322 }, "geometry": { "type": "LineString", "coordinates": [ [ -2.739426, 53.3380141 ], [ -2.7393175, 53.337867700000011 ], [ -2.7389941, 53.337490099999989 ] ] } },
{ "type": "Feature", "properties": { "id": 24329, "nach": 0.67098737392744301 }, "geometry": { "type": "LineString", "coordinates": [ [ -2.7395372, 53.338189299999989 ], [ -2.739426, 53.3380141 ] ] } },
{ "type": "Feature", "properties": { "id": 24333, "nach": 0.49943248936301599 }, "geometry": { "type": "LineString", "coordinates": [ [ -2.7381882, 53.33782810000001 ], [ -2.7378617, 53.3372994 ], [ -2.7378686, 53.337264500000011 ], [ -2.7380422, 53.33722130000001 ], [ -2.7381284, 53.3372626 ], [ -2.7384684, 53.3377638 ] ] } },
{ "type": "Feature", "properties": { "id": 51176, "nach": 0.56684832283146391 }, "geometry": { "type": "LineString", "coordinates": [ [ -2.7378064, 53.338211 ], [ -2.7378171, 53.3381972 ], [ -2.7379405, 53.3380197 ], [ -2.7381882, 53.33782810000001 ] ] } },
{ "type": "Feature", "properties": { "id": 42693, "nach": 0.73070195158932361 }, "geometry": { "type": "LineString", "coordinates": [ [ -2.7405428, 53.3386466 ], [ -2.7401962, 53.3387356 ] ] } },
{ "type": "Feature", "properties": { "id": 42233, "nach": 0.79464577240402778 }, "geometry": { "type": "LineString", "coordinates": [ [ -2.7401962, 53.3387356 ], [ -2.739328165002596, 53.339018881837845 ] ] } },
{ "type": "Feature", "properties": { "id": 39742, "nach": 0.66177273142150017 }, "geometry": { "type": "LineString", "coordinates": [ [ -2.7395676, 53.3382465 ], [ -2.7395372, 53.338189299999989 ] ] } },
{ "type": "Feature", "properties": { "id": 39743, "nach": 0.5007327658265176 }, "geometry": { "type": "LineString", "coordinates": [ [ -2.7395676, 53.3382465 ], [ -2.7396778, 53.338472499999988 ], [ -2.7397801, 53.3386741 ] ] } },
{ "type": "Feature", "properties": { "id": 51178, "nach": 0.45413392660552393 }, "geometry": { "type": "LineString", "coordinates": [ [ -2.7379386, 53.3382967 ], [ -2.7379358, 53.3382468 ], [ -2.7378064, 53.338211 ] ] } },
{ "type": "Feature", "properties": { "id": 52899, "nach": 0.70977330380077419 }, "geometry": { "type": "LineString", "coordinates": [ [ -2.739139, 53.3388578 ], [ -2.7392483, 53.3389293 ] ] } },
{ "type": "Feature", "properties": { "id": 24343, "nach": 0.0 }, "geometry": { "type": "LineString", "coordinates": [ [ -2.7390855, 53.3391017 ], [ -2.7390059, 53.3390085 ], [ -2.7392483, 53.3389293 ] ] } },
{ "type": "Feature", "properties": { "id": 33348, "nach": 0.7517148703849601 }, "geometry": { "type": "LineString", "coordinates": [ [ -2.739328165002596, 53.339018881837845 ], [ -2.7392483, 53.3389293 ] ] } },
{ "type": "Feature", "properties": { "id": 52901, "nach": 0.52241384628510124 }, "geometry": { "type": "LineString", "coordinates": [ [ -2.739139, 53.3388578 ], [ -2.7390748, 53.3388796 ], [ -2.7390527, 53.3389258 ], [ -2.7389578, 53.338939700000012 ], [ -2.7388978, 53.338948600000016 ], [ -2.7388364, 53.3389576 ] ] } },
{ "type": "Feature", "properties": { "id": 42233, "nach": 0.79464577240402778 }, "geometry": { "type": "LineString", "coordinates": [ [ -2.739328165002596, 53.339018881837845 ], [ -2.7390855, 53.3391017 ] ] } },
{ "type": "Feature", "properties": { "id": 24582, "nach": 0.079072178171882904 }, "geometry": { "type": "LineString", "coordinates": [ [ -2.7317745, 53.3388896 ], [ -2.732318, 53.3388703 ] ] } },
{ "type": "Feature", "properties": { "id": 24573, "nach": 0.51195176016882615 }, "geometry": { "type": "LineString", "coordinates": [ [ -2.732318, 53.3388703 ], [ -2.732334, 53.3390047 ] ] } },
{ "type": "Feature", "properties": { "id": 24584, "nach": 0.59167953789025352 }, "geometry": { "type": "LineString", "coordinates": [ [ -2.7319395, 53.3390187 ], [ -2.7317745, 53.3388896 ] ] } },
{ "type": "Feature", "properties": { "id": 24574, "nach": 0.2033126849985091 }, "geometry": { "type": "LineString", "coordinates": [ [ -2.732334, 53.3390047 ], [ -2.7323531, 53.3391657 ] ] } },
{ "type": "Feature", "properties": { "id": 24585, "nach": 0.13984528643385774 }, "geometry": { "type": "LineString", "coordinates": [ [ -2.7319395, 53.3390187 ], [ -2.7321157, 53.3390124 ], [ -2.732334, 53.3390047 ] ] } },
{ "type": "Feature", "properties": { "id": 24578, "nach": 0.50715400686760026 }, "geometry": { "type": "LineString", "coordinates": [ [ -2.7322317, 53.339170199999984 ], [ -2.7323531, 53.3391657 ] ] } },
{ "type": "Feature", "properties": { "id": 24579, "nach": 0.55847742554115976 }, "geometry": { "type": "LineString", "coordinates": [ [ -2.7322317, 53.339170199999984 ], [ -2.732072, 53.3391102 ], [ -2.7319395, 53.3390187 ] ] } },
{ "type": "Feature", "properties": { "id": 30765, "nach": 0.58654296123459648 }, "geometry": { "type": "LineString", "coordinates": [ [ -2.7474256, 53.3393239 ], [ -2.7473116, 53.339324699999977 ], [ -2.7470486, 53.3393825 ], [ -2.7460916, 53.3396748 ] ] } },
{ "type": "Feature", "properties": { "id": 30759, "nach": 0.62598088702276589 }, "geometry": { "type": "LineString", "coordinates": [ [ -2.7476019, 53.3394449 ], [ -2.7475485, 53.3394327 ], [ -2.7475017, 53.3394132 ], [ -2.7474642, 53.3393875 ], [ -2.7474384, 53.3393571 ], [ -2.7474256, 53.3393239 ] ] } },
{ "type": "Feature", "properties": { "id": 30766, "nach": 0.6576229085404397 }, "geometry": { "type": "LineString", "coordinates": [ [ -2.7474256, 53.3393239 ], [ -2.7474307, 53.339277699999982 ], [ -2.7474609, 53.339235100000018 ], [ -2.7475128, 53.3392007 ] ] } },
{ "type": "Feature", "properties": { "id": 42202, "nach": 0.43832320096424471 }, "geometry": { "type": "LineString", "coordinates": [ [ -2.7454975, 53.342054400000016 ], [ -2.7450259, 53.3419733 ], [ -2.7449138, 53.3419415 ], [ -2.7439849, 53.3415115 ], [ -2.7438623, 53.3414284 ] ] } },
{ "type": "Feature", "properties": { "id": 42204, "nach": 0.60873125735302092 }, "geometry": { "type": "LineString", "coordinates": [ [ -2.7457318, 53.3417447 ], [ -2.7456428, 53.3418196 ], [ -2.7456017, 53.3418775 ], [ -2.7454975, 53.342054400000016 ] ] } },
{ "type": "Feature", "properties": { "id": 34574, "nach": 0.61255919897552324 }, "geometry": { "type": "LineString", "coordinates": [ [ -2.7445729, 53.3431002 ], [ -2.7446352, 53.3430218 ], [ -2.7447037, 53.3429434 ] ] } },
{ "type": "Feature", "properties": { "id": 34573, "nach": 0.44352487268657187 }, "geometry": { "type": "LineString", "coordinates": [ [ -2.7445729, 53.3431002 ], [ -2.7442771, 53.3429767 ] ] } },
{ "type": "Feature", "properties": { "id": 34575, "nach": 0.60644452720743747 }, "geometry": { "type": "LineString", "coordinates": [ [ -2.7445729, 53.3431002 ], [ -2.74455720000001, 53.3431423 ], [ -2.7445231, 53.3432345 ], [ -2.7444795, 53.3433096 ], [ -2.7443384, 53.3434548 ] ] } },
{ "type": "Feature", "properties": { "id": 33223, "nach": 0.60435640471717678 }, "geometry": { "type": "LineString", "coordinates": [ [ -2.7443384, 53.3434548 ], [ -2.7443024, 53.343489800000015 ] ] } },
{ "type": "Feature", "properties": { "id": 33226, "nach": 0.43496928318788913 }, "geometry": { "type": "LineString", "coordinates": [ [ -2.7448979, 53.3434175 ], [ -2.7445311, 53.3435514 ], [ -2.7443384, 53.3434548 ] ] } },
{ "type": "Feature", "properties": { "id": 33228, "nach": 0.59893065829332126 }, "geometry": { "type": "LineString", "coordinates": [ [ -2.7441876, 53.3435724 ], [ -2.7439378, 53.343798799999988 ] ] } },
{ "type": "Feature", "properties": { "id": 33230, "nach": 0.44296873138494164 }, "geometry": { "type": "LineString", "coordinates": [ [ -2.7443747, 53.34368 ], [ -2.7443072, 53.3436056 ], [ -2.7441876, 53.3435724 ] ] } },
{ "type": "Feature", "properties": { "id": 24624, "nach": 0.60641276436462233 }, "geometry": { "type": "LineString", "coordinates": [ [ -2.7437109, 53.3439183 ], [ -2.7437959, 53.3438823 ], [ -2.7439378, 53.343798799999988 ] ] } },
{ "type": "Feature", "properties": { "id": 24626, "nach": 0.44748569568182617 }, "geometry": { "type": "LineString", "coordinates": [ [ -2.7437109, 53.3439183 ], [ -2.743519, 53.3438291 ], [ -2.7431818, 53.3436775 ] ] } },
{ "type": "Feature", "properties": { "id": 51077, "nach": 0.68247682631510553 }, "geometry": { "type": "LineString", "coordinates": [ [ -2.7307186, 53.343063400000013 ], [ -2.7307341, 53.3431055 ] ] } },
{ "type": "Feature", "properties": { "id": 51043, "nach": 0.67244349807273784 }, "geometry": { "type": "LineString", "coordinates": [ [ -2.7306093, 53.3431626 ], [ -2.7306415, 53.343150800000011 ], [ -2.7307341, 53.3431055 ] ] } },
{ "type": "Feature", "properties": { "id": 51079, "nach": 0.43329488775796471 }, "geometry": { "type": "LineString", "coordinates": [ [ -2.7305938, 53.3430667 ], [ -2.7307186, 53.343063400000013 ] ] } },
{ "type": "Feature", "properties": { "id": 51042, "nach": 0.66656885325817694 }, "geometry": { "type": "LineString", "coordinates": [ [ -2.7306093, 53.3431626 ], [ -2.7305059, 53.3432006 ], [ -2.7303784, 53.3432367 ] ] } },
{ "type": "Feature", "properties": { "id": 51040, "nach": 0.59012726900945256 }, "geometry": { "type": "LineString", "coordinates": [ [ -2.7306093, 53.3431626 ], [ -2.7306531, 53.343204 ] ] } },
{ "type": "Feature", "properties": { "id": 37809, "nach": 0.65727671071458427 }, "geometry": { "type": "LineString", "coordinates": [ [ -2.7303784, 53.3432367 ], [ -2.7302226, 53.34326260000001 ], [ -2.7300875, 53.343274600000015 ] ] } },
{ "type": "Feature", "properties": { "id": 37811, "nach": 0.51618244232876265 }, "geometry": { "type": "LineString", "coordinates": [ [ -2.730551, 53.3437227 ], [ -2.7303784, 53.3432367 ] ] } },
{ "type": "Feature", "properties": { "id": 29673, "nach": 0.4655026193905466 }, "geometry": { "type": "LineString", "coordinates": [ [ -2.7326922, 53.342 ], [ -2.7325801, 53.3419716 ], [ -2.7323646, 53.3419377 ], [ -2.7322677, 53.341929 ], [ -2.7322294, 53.3419283 ] ] } },
{ "type": "Feature", "properties": { "id": 30625, "nach": 0.52337407672112179 }, "geometry": { "type": "LineString", "coordinates": [ [ -2.7325845, 53.3423606 ], [ -2.7326063, 53.3423303 ], [ -2.7326734, 53.3420415 ], [ -2.7326922, 53.342 ] ] } },
{ "type": "Feature", "properties": { "id": 30606, "nach": 0.64334888572965809 }, "geometry": { "type": "LineString", "coordinates": [ [ -2.7321985, 53.3418904 ], [ -2.7327728, 53.3417459 ] ] } },
{ "type": "Feature", "properties": { "id": 30530, "nach": 0.70278833063285007 }, "geometry": { "type": "LineString", "coordinates": [ [ -2.7356877, 53.341593700000011 ], [ -2.7359086, 53.3415807 ] ] } },
{ "type": "Feature", "properties": { "id": 50991, "nach": 0.58670065476389199 }, "geometry": { "type": "LineString", "coordinates": [ [ -2.73606150000001, 53.3415199 ], [ -2.7360381, 53.3415189 ], [ -2.7360136, 53.341512599999987 ], [ -2.7359908, 53.3415001 ], [ -2.7359692, 53.341483 ], [ -2.7359552, 53.3414673 ], [ -2.73594850000001, 53.3414488 ] ] } },
{ "type": "Feature", "properties": { "id": 51003, "nach": 0.54354918902974392 }, "geometry": { "type": "LineString", "coordinates": [ [ -2.7363397, 53.3410511 ], [ -2.7359459, 53.3411612 ], [ -2.7359412, 53.3414007 ], [ -2.73594850000001, 53.3414488 ] ] } },
{ "type": "Feature", "properties": { "id": 50949, "nach": 0.60352342718435859 }, "geometry": { "type": "LineString", "coordinates": [ [ -2.7357645, 53.3414598 ], [ -2.7357792, 53.3414402 ], [ -2.735806, 53.3413676 ], [ -2.7358043, 53.3412784 ], [ -2.7357928, 53.3412674 ], [ -2.7357702, 53.3412584 ], [ -2.735745, 53.3412531 ], [ -2.7357172, 53.3412512 ], [ -2.7356843, 53.3412539 ], [ -2.7356561, 53.3412589 ] ] } },
{ "type": "Feature", "properties": { "id": 50953, "nach": 0.7248741603316039 }, "geometry": { "type": "LineString", "coordinates": [ [ -2.7356257, 53.341530299999988 ], [ -2.7356746, 53.3415195 ], [ -2.7357169, 53.3414991 ], [ -2.7357423, 53.3414822 ], [ -2.7357645, 53.3414598 ] ] } },
{ "type": "Feature", "properties": { "id": 50789, "nach": 0.7194559953967532 }, "geometry": { "type": "LineString", "coordinates": [ [ -2.7386715, 53.34025840000001 ], [ -2.736377653508207, 53.340526041031097 ] ] } },
{ "type": "Feature", "properties": { "id": 50790, "nach": 0.73461191763109723 }, "geometry": { "type": "LineString", "coordinates": [ [ -2.7357842, 53.3405725 ], [ -2.7358067, 53.3405351 ], [ -2.7358254, 53.34051190000001 ] ] } },
{ "type": "Feature", "properties": { "id": 50811, "nach": 0.69347930689137882 }, "geometry": { "type": "LineString", "coordinates": [ [ -2.7358004, 53.3407489 ], [ -2.7357817, 53.3406687 ], [ -2.7357755, 53.340640200000024 ], [ -2.7357755, 53.3406217 ], [ -2.7357767, 53.3406033 ], [ -2.7357842, 53.3405725 ] ] } },
{ "type": "Feature", "properties": { "id": 50789, "nach": 0.7194559953967532 }, "geometry": { "type": "LineString", "coordinates": [ [ -2.736478361872944, 53.340515902634621 ], [ -2.7357842, 53.3405725 ] ] } },
{ "type": "Feature", "properties": { "id": 55126, "nach": 0.52401984167688398 }, "geometry": { "type": "LineString", "coordinates": [ [ -2.7383998, 53.3391303 ], [ -2.7384729, 53.339100799999983 ] ] } },
{ "type": "Feature", "properties": { "id": 55121, "nach": 0.61951946258285795 }, "geometry": { "type": "LineString", "coordinates": [ [ -2.7386259, 53.3390362 ], [ -2.7385862, 53.3390529 ], [ -2.7385726, 53.339058700000017 ], [ -2.7385372, 53.3390736 ], [ -2.7384729, 53.339100799999983 ] ] } },
{ "type": "Feature", "properties": { "id": 50786, "nach": 0.55146364757348409 }, "geometry": { "type": "LineString", "coordinates": [ [ -2.736777, 53.3493953 ], [ -2.738959513847484, 53.343975009184625 ] ] } },
{ "type": "Feature", "properties": { "id": 34173, "nach": 0.75000191328916221 }, "geometry": { "type": "LineString", "coordinates": [ [ -2.7370903, 53.3407394 ], [ -2.736898164637991, 53.340758795577948 ] ] } },
{ "type": "Feature", "properties": { "id": 47594, "nach": 0.71590328522639901 }, "geometry": { "type": "LineString", "coordinates": [ [ -2.731307, 53.3417347 ], [ -2.7314934, 53.3416826 ] ] } },
{ "type": "Feature", "properties": { "id": 30582, "nach": 0.46622327681401599 }, "geometry": { "type": "LineString", "coordinates": [ [ -2.7315336, 53.3417435 ], [ -2.7314934, 53.3416826 ] ] } },
{ "type": "Feature", "properties": { "id": 30605, "nach": 0.60289551841135436 }, "geometry": { "type": "LineString", "coordinates": [ [ -2.7321985, 53.3418904 ], [ -2.7321429, 53.3418183 ] ] } },
{ "type": "Feature", "properties": { "id": 30585, "nach": 0.52930910305100076 }, "geometry": { "type": "LineString", "coordinates": [ [ -2.7320956, 53.3417627 ], [ -2.7321429, 53.3418183 ] ] } },
{ "type": "Feature", "properties": { "id": 30604, "nach": 0.60459804143995077 }, "geometry": { "type": "LineString", "coordinates": [ [ -2.7321985, 53.3418904 ], [ -2.7322294, 53.3419283 ] ] } },
{ "type": "Feature", "properties": { "id": 30615, "nach": 0.65909715444292927 }, "geometry": { "type": "LineString", "coordinates": [ [ -2.7317248, 53.3420127 ], [ -2.7321985, 53.3418904 ] ] } },
{ "type": "Feature", "properties": { "id": 30588, "nach": 0.53281986934215797 }, "geometry": { "type": "LineString", "coordinates": [ [ -2.7320956, 53.3417627 ], [ -2.7324657, 53.341667 ], [ -2.7325448, 53.3416346 ], [ -2.7325696, 53.3416146 ], [ -2.7325673, 53.341582 ] ] } },
{ "type": "Feature", "properties": { "id": 30587, "nach": 0.51653838430745058 }, "geometry": { "type": "LineString", "coordinates": [ [ -2.7320956, 53.3417627 ], [ -2.7320494, 53.3416929 ], [ -2.7319942, 53.3416258 ] ] } },
{ "type": "Feature", "properties": { "id": 30609, "nach": 0.52178912116199216 }, "geometry": { "type": "LineString", "coordinates": [ [ -2.7316094, 53.3418923 ], [ -2.7320956, 53.3417627 ] ] } },
{ "type": "Feature", "properties": { "id": 29677, "nach": 0.56192776425786783 }, "geometry": { "type": "LineString", "coordinates": [ [ -2.732125, 53.3422029 ], [ -2.7321825, 53.3419603 ], [ -2.7322294, 53.3419283 ] ] } },
{ "type": "Feature", "properties": { "id": 30618, "nach": 0.59628739367892658 }, "geometry": { "type": "LineString", "coordinates": [ [ -2.7317248, 53.3420127 ], [ -2.7317358, 53.3420283 ], [ -2.7317759, 53.3420637 ], [ -2.7318646, 53.3421258 ], [ -2.7319666, 53.3421513 ], [ -2.732125, 53.3422029 ] ] } },
{ "type": "Feature", "properties": { "id": 30623, "nach": 0.61646598152369214 }, "geometry": { "type": "LineString", "coordinates": [ [ -2.7325845, 53.3423606 ], [ -2.732293, 53.342263899999985 ], [ -2.7321909, 53.3422292 ], [ -2.732125, 53.3422029 ] ] } },
{ "type": "Feature", "properties": { "id": 30584, "nach": 0.760420263910216 }, "geometry": { "type": "LineString", "coordinates": [ [ -2.7315336, 53.3417435 ], [ -2.7315824, 53.3417293 ], [ -2.7319942, 53.3416258 ] ] } },
{ "type": "Feature", "properties": { "id": 33344, "nach": 0.52448959484403856 }, "geometry": { "type": "LineString", "coordinates": [ [ -2.7338841, 53.343163 ], [ -2.7338794, 53.3431886 ], [ -2.7338671, 53.3432553 ] ] } },
{ "type": "Feature", "properties": { "id": 46844, "nach": 0.0 }, "geometry": { "type": "LineString", "coordinates": [ [ -2.7305391, 53.342797099999984 ], [ -2.730615, 53.3427767 ], [ -2.7309642, 53.342714399999984 ], [ -2.7310665, 53.3428083 ], [ -2.7309777, 53.3428523 ] ] } },
{ "type": "Feature", "properties": { "id": 51084, "nach": 0.5360281605505306 }, "geometry": { "type": "LineString", "coordinates": [ [ -2.7304714, 53.3428171 ], [ -2.7305391, 53.342797099999984 ] ] } },
{ "type": "Feature", "properties": { "id": 51099, "nach": 0.52499709994779564 }, "geometry": { "type": "LineString", "coordinates": [ [ -2.7308071, 53.3428985 ], [ -2.7307824, 53.3429027 ], [ -2.7307547, 53.3429018 ], [ -2.7307272, 53.342893 ] ] } },
{ "type": "Feature", "properties": { "id": 51054, "nach": 0.58509360778212804 }, "geometry": { "type": "LineString", "coordinates": [ [ -2.730842, 53.3430094 ], [ -2.7309652, 53.3431017 ] ] } },
{ "type": "Feature", "properties": { "id": 30526, "nach": 0.52319393620650489 }, "geometry": { "type": "LineString", "coordinates": [ [ -2.733228, 53.343108200000017 ], [ -2.7330444, 53.3431018 ] ] } },
{ "type": "Feature", "properties": { "id": 30527, "nach": 0.52396995276033131 }, "geometry": { "type": "LineString", "coordinates": [ [ -2.7330394, 53.3431433 ], [ -2.7330444, 53.3431018 ] ] } },
{ "type": "Feature", "properties": { "id": 30545, "nach": 0.539739383056971 }, "geometry": { "type": "LineString", "coordinates": [ [ -2.7323265, 53.341409799999987 ], [ -2.7325047, 53.3414005 ] ] } },
{ "type": "Feature", "properties": { "id": 51017, "nach": 0.53925961056539973 }, "geometry": { "type": "LineString", "coordinates": [ [ -2.7365533, 53.3412294 ], [ -2.7366244, 53.341321 ] ] } },
{ "type": "Feature", "properties": { "id": 51018, "nach": 0.56900496020773772 }, "geometry": { "type": "LineString", "coordinates": [ [ -2.7365533, 53.3412294 ], [ -2.736506, 53.3412232 ], [ -2.7363705, 53.3410425 ] ] } },
{ "type": "Feature", "properties": { "id": 51013, "nach": 0.63648985388237334 }, "geometry": { "type": "LineString", "coordinates": [ [ -2.7363705, 53.3410425 ], [ -2.7363397, 53.3410511 ] ] } },
{ "type": "Feature", "properties": { "id": 30595, "nach": 0.76018457911047188 }, "geometry": { "type": "LineString", "coordinates": [ [ -2.7314764, 53.3418165 ], [ -2.7314777, 53.3418057 ], [ -2.7315017, 53.341783 ], [ -2.7315336, 53.3417435 ] ] } },
{ "type": "Feature", "properties": { "id": 30610, "nach": 0.68587661948861123 }, "geometry": { "type": "LineString", "coordinates": [ [ -2.7316094, 53.3418923 ], [ -2.73152, 53.3418529 ], [ -2.7314886, 53.3418324 ], [ -2.7314764, 53.3418165 ] ] } },
{ "type": "Feature", "properties": { "id": 30641, "nach": 0.41241629672234664 }, "geometry": { "type": "LineString", "coordinates": [ [ -2.7358302, 53.340833 ], [ -2.7359548, 53.3408275 ], [ -2.7360201, 53.3408112 ], [ -2.7360512, 53.3407704 ] ] } },
{ "type": "Feature", "properties": { "id": 50810, "nach": 0.72222065648963585 }, "geometry": { "type": "LineString", "coordinates": [ [ -2.7358004, 53.3407489 ], [ -2.7358846, 53.3407506 ], [ -2.7359787, 53.3407677 ], [ -2.7360512, 53.3407704 ] ] } },
{ "type": "Feature", "properties": { "id": 34173, "nach": 0.75000191328916221 }, "geometry": { "type": "LineString", "coordinates": [ [ -2.736791394059099, 53.340768734919443 ], [ -2.7360512, 53.3407704 ] ] } },
{ "type": "Feature", "properties": { "id": 50809, "nach": 0.64863805500805327 }, "geometry": { "type": "LineString", "coordinates": [ [ -2.7358004, 53.3407489 ], [ -2.7358302, 53.340833 ] ] } },
{ "type": "Feature", "properties": { "id": 51000, "nach": 0.63140257231209651 }, "geometry": { "type": "LineString", "coordinates": [ [ -2.7363006, 53.3410011 ], [ -2.73617230000001, 53.3410364 ], [ -2.7361394, 53.341044 ], [ -2.7361019, 53.3410492 ], [ -2.7360656, 53.341052 ], [ -2.7360321, 53.3410524 ], [ -2.7359946, 53.34105 ], [ -2.7359671, 53.341046 ], [ -2.7359436, 53.3410368 ], [ -2.7359221, 53.3410223 ], [ -2.7359007, 53.3410039 ], [ -2.7358839, 53.340981100000015 ], [ -2.7358302, 53.340833 ] ] } },
{ "type": "Feature", "properties": { "id": 50808, "nach": 0.79723701551037385 }, "geometry": { "type": "LineString", "coordinates": [ [ -2.735683843414117, 53.340746557174995 ], [ -2.7358004, 53.3407489 ] ] } },
{ "type": "Feature", "properties": { "id": 51019, "nach": 0.54230319640407409 }, "geometry": { "type": "LineString", "coordinates": [ [ -2.7365314, 53.3409332 ], [ -2.7363006, 53.3410011 ] ] } },
{ "type": "Feature", "properties": { "id": 30872, "nach": 0.54281575896838352 }, "geometry": { "type": "LineString", "coordinates": [ [ -2.7319443, 53.3406291 ], [ -2.7319346, 53.3406287 ], [ -2.7319291, 53.34062620000001 ], [ -2.7319237, 53.3406228 ], [ -2.7319289, 53.3406116 ], [ -2.7319456, 53.3405754 ], [ -2.7319546, 53.34055450000001 ], [ -2.7319778, 53.3405031 ], [ -2.7319649, 53.340491299999989 ] ] } },
{ "type": "Feature", "properties": { "id": 46846, "nach": 0.54200813882618148 }, "geometry": { "type": "LineString", "coordinates": [ [ -2.7319233, 53.340854499999985 ], [ -2.7319332, 53.3408441 ], [ -2.7319077, 53.3407704 ], [ -2.7319211, 53.3406848 ], [ -2.7319443, 53.3406291 ] ] } },
{ "type": "Feature", "properties": { "id": 42953, "nach": 0.56112733166494755 }, "geometry": { "type": "LineString", "coordinates": [ [ -2.7363228, 53.3403617 ], [ -2.7363873, 53.340332 ], [ -2.7363881, 53.3403166 ], [ -2.7363904, 53.3403005 ], [ -2.7363977, 53.340278 ], [ -2.7364089, 53.3402566 ], [ -2.7364235, 53.3402387 ], [ -2.7364399, 53.3402215 ], [ -2.7364558, 53.3402075 ], [ -2.7364775, 53.3401924 ], [ -2.7365029, 53.3401784 ], [ -2.7365333, 53.3401662 ], [ -2.7365706, 53.3401554 ], [ -2.7366057, 53.3401477 ], [ -2.7366465, 53.3401439 ], [ -2.7366938, 53.3401432 ], [ -2.7367522, 53.3401453 ], [ -2.73682280000001, 53.3401505 ], [ -2.7369037, 53.340159 ], [ -2.7369198, 53.340111 ] ] } },
{ "type": "Feature", "properties": { "id": 42949, "nach": 0.59999440456963482 }, "geometry": { "type": "LineString", "coordinates": [ [ -2.7368501, 53.3399987 ], [ -2.7368329, 53.34005 ], [ -2.7369361, 53.3400623 ], [ -2.7369198, 53.340111 ] ] } },
{ "type": "Feature", "properties": { "id": 42185, "nach": 0.70333968585991669 }, "geometry": { "type": "LineString", "coordinates": [ [ -2.7369198, 53.340111 ], [ -2.736822, 53.3401009 ], [ -2.7366999, 53.3400914 ], [ -2.7366316, 53.3400902 ], [ -2.7365746, 53.3400955 ], [ -2.7365257, 53.3401058 ], [ -2.73647160000001, 53.3401203 ], [ -2.7363619, 53.3401555 ] ] } },
{ "type": "Feature", "properties": { "id": 30753, "nach": 0.716922085658519 }, "geometry": { "type": "LineString", "coordinates": [ [ -2.738779067043683, 53.340146150246788 ], [ -2.7369198, 53.340111 ] ] } },
{ "type": "Feature", "properties": { "id": 44844, "nach": 0.56796378247554635 }, "geometry": { "type": "LineString", "coordinates": [ [ -2.748219, 53.3392782 ], [ -2.7478811, 53.3392708 ] ] } },
{ "type": "Feature", "properties": { "id": 30755, "nach": 0.43113173807415966 }, "geometry": { "type": "LineString", "coordinates": [ [ -2.7478811, 53.3392708 ], [ -2.7478904, 53.339312 ], [ -2.747879, 53.3393529 ], [ -2.7478478, 53.33939 ], [ -2.7477998, 53.3394199 ], [ -2.747739, 53.3394401 ], [ -2.7476711, 53.3394487 ], [ -2.7476019, 53.3394449 ] ] } },
{ "type": "Feature", "properties": { "id": 44846, "nach": 0.44667689145897921 }, "geometry": { "type": "LineString", "coordinates": [ [ -2.748219, 53.3392782 ], [ -2.7482596, 53.3390959 ], [ -2.7482831, 53.33899 ], [ -2.7483166, 53.3389237 ], [ -2.7485394, 53.338797 ] ] } },
{ "type": "Feature", "properties": { "id": 45456, "nach": 0.53601750700750594 }, "geometry": { "type": "LineString", "coordinates": [ [ -2.7484545, 53.339292 ], [ -2.7483672, 53.3392814 ], [ -2.748219, 53.3392782 ] ] } },
{ "type": "Feature", "properties": { "id": 39504, "nach": 0.74978077012495725 }, "geometry": { "type": "LineString", "coordinates": [ [ -2.746646359551162, 53.338282183663829 ], [ -2.7475128, 53.3392007 ] ] } },
{ "type": "Feature", "properties": { "id": 39565, "nach": 0.11577276233458018 }, "geometry": { "type": "LineString", "coordinates": [ [ -2.7466483, 53.3364979 ], [ -2.7467064, 53.3365425 ] ] } },
{ "type": "Feature", "properties": { "id": 39564, "nach": 0.4603114970331792 }, "geometry": { "type": "LineString", "coordinates": [ [ -2.7466483, 53.3364979 ], [ -2.746289, 53.3362219 ] ] } },
{ "type": "Feature", "properties": { "id": 39563, "nach": 0.5704345056118354 }, "geometry": { "type": "LineString", "coordinates": [ [ -2.7466483, 53.3364979 ], [ -2.7460923, 53.3367408 ] ] } },
{ "type": "Feature", "properties": { "id": 39567, "nach": 0.55627928056414178 }, "geometry": { "type": "LineString", "coordinates": [ [ -2.7467988, 53.3364373 ], [ -2.7466483, 53.3364979 ] ] } },
{ "type": "Feature", "properties": { "id": 39577, "nach": 0.45203501254033018 }, "geometry": { "type": "LineString", "coordinates": [ [ -2.7475844, 53.33605270000001 ], [ -2.7475127, 53.3359656 ], [ -2.7475424, 53.3358649 ], [ -2.7475967, 53.3357944 ] ] } },
{ "type": "Feature", "properties": { "id": 39618, "nach": 0.63551828145278788 }, "geometry": { "type": "LineString", "coordinates": [ [ -2.7482087, 53.3357381 ], [ -2.7475844, 53.33605270000001 ] ] } },
{ "type": "Feature", "properties": { "id": 39579, "nach": 0.078873783212168314 }, "geometry": { "type": "LineString", "coordinates": [ [ -2.7478096, 53.335694 ], [ -2.7474967, 53.335457 ], [ -2.7472912, 53.3355629 ], [ -2.7475967, 53.3357944 ] ] } },
{ "type": "Feature", "properties": { "id": 39619, "nach": 0.44532286407345001 }, "geometry": { "type": "LineString", "coordinates": [ [ -2.7482087, 53.3357381 ], [ -2.7480757, 53.335668900000023 ], [ -2.7478096, 53.335694 ] ] } },
{ "type": "Feature", "properties": { "id": 39594, "nach": 0.63097078891602298 }, "geometry": { "type": "LineString", "coordinates": [ [ -2.7489764, 53.3353996 ], [ -2.7491952, 53.3352864 ] ] } },
{ "type": "Feature", "properties": { "id": 39596, "nach": 0.600445806485843 }, "geometry": { "type": "LineString", "coordinates": [ [ -2.7494069, 53.3351766 ], [ -2.7491952, 53.3352864 ] ] } },
{ "type": "Feature", "properties": { "id": 41423, "nach": 0.56729128411292806 }, "geometry": { "type": "LineString", "coordinates": [ [ -2.7493766, 53.3354149 ], [ -2.7491952, 53.3352864 ] ] } },
{ "type": "Feature", "properties": { "id": 39593, "nach": 0.63072178397864787 }, "geometry": { "type": "LineString", "coordinates": [ [ -2.7489764, 53.3353996 ], [ -2.7484502, 53.3356673 ] ] } },
{ "type": "Feature", "properties": { "id": 39626, "nach": 0.40412031259086684 }, "geometry": { "type": "LineString", "coordinates": [ [ -2.7489077, 53.3353536 ], [ -2.7489764, 53.3353996 ] ] } },
{ "type": "Feature", "properties": { "id": 39604, "nach": 0.60346211479651612 }, "geometry": { "type": "LineString", "coordinates": [ [ -2.7497363, 53.3350038 ], [ -2.7494069, 53.3351766 ] ] } },
{ "type": "Feature", "properties": { "id": 39631, "nach": 0.45481532508841849 }, "geometry": { "type": "LineString", "coordinates": [ [ -2.7493002, 53.335125500000011 ], [ -2.7494069, 53.3351766 ] ] } },
{ "type": "Feature", "properties": { "id": 41424, "nach": 0.5910589035977788 }, "geometry": { "type": "LineString", "coordinates": [ [ -2.7493766, 53.3354149 ], [ -2.749453, 53.3354674 ] ] } },
{ "type": "Feature", "properties": { "id": 41425, "nach": 0.52448129755764361 }, "geometry": { "type": "LineString", "coordinates": [ [ -2.7493766, 53.3354149 ], [ -2.7500126, 53.33507 ], [ -2.7500485, 53.3350542 ], [ -2.7500724, 53.3350402 ], [ -2.7500788, 53.3350248 ] ] } },
{ "type": "Feature", "properties": { "id": 33249, "nach": 0.54171962327461909 }, "geometry": { "type": "LineString", "coordinates": [ [ -2.749453, 53.3354674 ], [ -2.7494995, 53.335468 ], [ -2.7495363, 53.3354853 ], [ -2.7496083, 53.33553340000001 ], [ -2.7496435, 53.3355511 ], [ -2.749674, 53.3355554 ], [ -2.7497131, 53.3355497 ], [ -2.7497656, 53.3355273 ], [ -2.7498171, 53.33549940000001 ] ] } },
{ "type": "Feature", "properties": { "id": 45051, "nach": 0.52206007193551773 }, "geometry": { "type": "LineString", "coordinates": [ [ -2.7496171, 53.3356077 ], [ -2.749595, 53.33559360000001 ], [ -2.7494841, 53.33551640000001 ], [ -2.7494692, 53.3355031 ], [ -2.7494604, 53.3354896 ], [ -2.749453, 53.3354674 ] ] } },
{ "type": "Feature", "properties": { "id": 45069, "nach": 0.52357258453765332 }, "geometry": { "type": "LineString", "coordinates": [ [ -2.7498834, 53.335462800000016 ], [ -2.7498171, 53.33549940000001 ] ] } },
{ "type": "Feature", "properties": { "id": 33341, "nach": 0.52849186733444031 }, "geometry": { "type": "LineString", "coordinates": [ [ -2.7358505, 53.3432556 ], [ -2.7359624, 53.34326140000001 ] ] } },
{ "type": "Feature", "properties": { "id": 39502, "nach": 0.63199616655759827 }, "geometry": { "type": "LineString", "coordinates": [ [ -2.7456493, 53.337004 ], [ -2.745688, 53.337042 ], [ -2.745724, 53.3370719 ] ] } },
{ "type": "Feature", "properties": { "id": 39521, "nach": 0.62666813422931811 }, "geometry": { "type": "LineString", "coordinates": [ [ -2.7458787, 53.337162200000016 ], [ -2.7458371, 53.3370895 ], [ -2.745724, 53.3370719 ] ] } },
{ "type": "Feature", "properties": { "id": 39534, "nach": 0.68216957192850691 }, "geometry": { "type": "LineString", "coordinates": [ [ -2.7457372, 53.336963 ], [ -2.7456493, 53.337004 ] ] } },
{ "type": "Feature", "properties": { "id": 39550, "nach": 0.0 }, "geometry": { "type": "LineString", "coordinates": [ [ -2.7456843, 53.3369121 ], [ -2.7455832, 53.3369485 ], [ -2.7456096, 53.3369763 ], [ -2.7456493, 53.337004 ] ] } },
{ "type": "Feature", "properties": { "id": 39519, "nach": 0.59475889011573713 }, "geometry": { "type": "LineString", "coordinates": [ [ -2.7458787, 53.337162200000016 ], [ -2.7459285, 53.337262500000016 ] ] } },
{ "type": "Feature", "properties": { "id": 39520, "nach": 0.55400998123158629 }, "geometry": { "type": "LineString", "coordinates": [ [ -2.7458787, 53.337162200000016 ], [ -2.7460627, 53.3371594 ] ] } },
{ "type": "Feature", "properties": { "id": 39549, "nach": 0.45256101086122336 }, "geometry": { "type": "LineString", "coordinates": [ [ -2.7456843, 53.3369121 ], [ -2.7457372, 53.336963 ] ] } },
{ "type": "Feature", "properties": { "id": 39553, "nach": 0.38462207710747071 }, "geometry": { "type": "LineString", "coordinates": [ [ -2.7457687, 53.3368841 ], [ -2.7456843, 53.3369121 ] ] } },
{ "type": "Feature", "properties": { "id": 39517, "nach": 0.38740339839507515 }, "geometry": { "type": "LineString", "coordinates": [ [ -2.7460627, 53.3371594 ], [ -2.7459285, 53.337262500000016 ] ] } },
{ "type": "Feature", "properties": { "id": 39556, "nach": 0.5741176955650894 }, "geometry": { "type": "LineString", "coordinates": [ [ -2.7459543, 53.3367994 ], [ -2.7457687, 53.3368841 ] ] } },
{ "type": "Feature", "properties": { "id": 39554, "nach": 0.47138160110669364 }, "geometry": { "type": "LineString", "coordinates": [ [ -2.7457687, 53.3368841 ], [ -2.7457115, 53.3368281 ] ] } },
{ "type": "Feature", "properties": { "id": 39527, "nach": 0.46469658959555732 }, "geometry": { "type": "LineString", "coordinates": [ [ -2.7457115, 53.3368281 ], [ -2.7454005, 53.3365502 ] ] } },
{ "type": "Feature", "properties": { "id": 39526, "nach": 0.46714015321574792 }, "geometry": { "type": "LineString", "coordinates": [ [ -2.7457115, 53.3368281 ], [ -2.7459024, 53.336748900000011 ] ] } },
{ "type": "Feature", "properties": { "id": 39528, "nach": 0.54735123311026501 }, "geometry": { "type": "LineString", "coordinates": [ [ -2.7459024, 53.336748900000011 ], [ -2.7459543, 53.3367994 ] ] } },
{ "type": "Feature", "properties": { "id": 39530, "nach": 0.46536268402969411 }, "geometry": { "type": "LineString", "coordinates": [ [ -2.7455993, 53.3364734 ], [ -2.7459024, 53.336748900000011 ] ] } },
{ "type": "Feature", "properties": { "id": 39559, "nach": 0.58538760539815571 }, "geometry": { "type": "LineString", "coordinates": [ [ -2.7460923, 53.3367408 ], [ -2.7459543, 53.3367994 ] ] } },
{ "type": "Feature", "properties": { "id": 39561, "nach": 0.46355768315962009 }, "geometry": { "type": "LineString", "coordinates": [ [ -2.7460923, 53.3367408 ], [ -2.745774, 53.33650380000001 ], [ -2.7459993, 53.3363917 ] ] } },
{ "type": "Feature", "properties": { "id": 39621, "nach": 0.6226980858590212 }, "geometry": { "type": "LineString", "coordinates": [ [ -2.7483907, 53.335629 ], [ -2.7482087, 53.3357381 ] ] } },
{ "type": "Feature", "properties": { "id": 39623, "nach": 0.40598955817156357 }, "geometry": { "type": "LineString", "coordinates": [ [ -2.7483907, 53.335629 ], [ -2.7484502, 53.3356673 ] ] } },
{ "type": "Feature", "properties": { "id": 39622, "nach": 0.44754317258870052 }, "geometry": { "type": "LineString", "coordinates": [ [ -2.7483907, 53.335629 ], [ -2.74828130000001, 53.3355639 ] ] } },
{ "type": "Feature", "properties": { "id": 39625, "nach": 0.61824638744709826 }, "geometry": { "type": "LineString", "coordinates": [ [ -2.7489077, 53.3353536 ], [ -2.7483907, 53.335629 ] ] } },
{ "type": "Feature", "properties": { "id": 39592, "nach": 0.0 }, "geometry": { "type": "LineString", "coordinates": [ [ -2.7488166, 53.3352888 ], [ -2.748739, 53.3352295 ], [ -2.748342, 53.3349461 ], [ -2.748295, 53.3349253 ], [ -2.7482479, 53.334926500000016 ], [ -2.7477854, 53.3351587 ], [ -2.7477495, 53.3351869 ], [ -2.7477371, 53.3352128 ], [ -2.7477542, 53.33523970000001 ], [ -2.7481652, 53.33554070000001 ], [ -2.7482217, 53.335556 ], [ -2.74828130000001, 53.3355639 ] ] } },
{ "type": "Feature", "properties": { "id": 39627, "nach": 0.44183217518019685 }, "geometry": { "type": "LineString", "coordinates": [ [ -2.7489077, 53.3353536 ], [ -2.7488166, 53.3352888 ] ] } },
{ "type": "Feature", "properties": { "id": 39629, "nach": 0.61548850468598704 }, "geometry": { "type": "LineString", "coordinates": [ [ -2.7493002, 53.335125500000011 ], [ -2.7489077, 53.3353536 ] ] } },
{ "type": "Feature", "properties": { "id": 41428, "nach": 0.60212108217235294 }, "geometry": { "type": "LineString", "coordinates": [ [ -2.749914, 53.3349079 ], [ -2.7497363, 53.3350038 ] ] } },
{ "type": "Feature", "properties": { "id": 39634, "nach": 0.30576014179607208 }, "geometry": { "type": "LineString", "coordinates": [ [ -2.74964170000001, 53.3349434 ], [ -2.7497363, 53.3350038 ] ] } },
{ "type": "Feature", "properties": { "id": 39630, "nach": 0.55019087734589966 }, "geometry": { "type": "LineString", "coordinates": [ [ -2.7493002, 53.335125500000011 ], [ -2.7492339, 53.3350833 ] ] } },
{ "type": "Feature", "properties": { "id": 39633, "nach": 0.60246102946158742 }, "geometry": { "type": "LineString", "coordinates": [ [ -2.74964170000001, 53.3349434 ], [ -2.7493002, 53.335125500000011 ] ] } },
{ "type": "Feature", "properties": { "id": 39603, "nach": 0.43535771340365542 }, "geometry": { "type": "LineString", "coordinates": [ [ -2.7494114, 53.3349913 ], [ -2.7492339, 53.3350833 ] ] } },
{ "type": "Feature", "properties": { "id": 44394, "nach": 0.51186026618612579 }, "geometry": { "type": "LineString", "coordinates": [ [ -2.7490311, 53.3351898 ], [ -2.7492339, 53.3350833 ] ] } },
{ "type": "Feature", "properties": { "id": 44395, "nach": 0.43436881494889812 }, "geometry": { "type": "LineString", "coordinates": [ [ -2.7490311, 53.3351898 ], [ -2.748963, 53.3352255 ] ] } },
{ "type": "Feature", "properties": { "id": 44397, "nach": 0.42981236047914845 }, "geometry": { "type": "LineString", "coordinates": [ [ -2.7486175, 53.334896 ], [ -2.7489455, 53.3351297 ], [ -2.7490311, 53.3351898 ] ] } },
{ "type": "Feature", "properties": { "id": 41430, "nach": 0.55490356603862778 }, "geometry": { "type": "LineString", "coordinates": [ [ -2.749914, 53.3349079 ], [ -2.7500296, 53.334989800000017 ], [ -2.7500788, 53.3350248 ] ] } },
{ "type": "Feature", "properties": { "id": 39635, "nach": 0.43498333836829778 }, "geometry": { "type": "LineString", "coordinates": [ [ -2.74964170000001, 53.3349434 ], [ -2.7495655, 53.3349048 ], [ -2.749883, 53.3347292 ] ] } },
{ "type": "Feature", "properties": { "id": 39636, "nach": 0.60080931125650983 }, "geometry": { "type": "LineString", "coordinates": [ [ -2.7504142, 53.334534 ], [ -2.74964170000001, 53.3349434 ] ] } },
{ "type": "Feature", "properties": { "id": 39637, "nach": 0.48155882879536999 }, "geometry": { "type": "LineString", "coordinates": [ [ -2.7504142, 53.334534 ], [ -2.7503193, 53.334468400000013 ] ] } },
{ "type": "Feature", "properties": { "id": 39642, "nach": 0.61413625687001006 }, "geometry": { "type": "LineString", "coordinates": [ [ -2.7512575, 53.3338275 ], [ -2.7511151, 53.334170499999985 ], [ -2.7504142, 53.334534 ] ] } },
{ "type": "Feature", "properties": { "id": 39613, "nach": 0.0 }, "geometry": { "type": "LineString", "coordinates": [ [ -2.7503193, 53.334468400000013 ], [ -2.7500231, 53.3346065 ], [ -2.74975690000001, 53.3344224 ], [ -2.7498737, 53.3343527 ], [ -2.7499998, 53.3343276 ], [ -2.7501679, 53.3343638 ], [ -2.7503193, 53.334468400000013 ] ] } },
{ "type": "Feature", "properties": { "id": 39615, "nach": 0.42248165442992869 }, "geometry": { "type": "LineString", "coordinates": [ [ -2.7505602, 53.3341491 ], [ -2.7507937, 53.3339985 ], [ -2.7509525, 53.3341101 ], [ -2.7503193, 53.334468400000013 ] ] } },
{ "type": "Feature", "properties": { "id": 40841, "nach": 0.44009048460508088 }, "geometry": { "type": "LineString", "coordinates": [ [ -2.7491282, 53.3395467 ], [ -2.7489248, 53.3393498 ] ] } },
{ "type": "Feature", "properties": { "id": 40827, "nach": 0.50682073993183296 }, "geometry": { "type": "LineString", "coordinates": [ [ -2.7504518, 53.3382421 ], [ -2.7504101, 53.3383199 ], [ -2.7494355, 53.338964 ], [ -2.7492584, 53.3391258 ], [ -2.7491645, 53.3392254 ], [ -2.7490812, 53.3393 ], [ -2.7489248, 53.3393498 ] ] } },
{ "type": "Feature", "properties": { "id": 45455, "nach": 0.54181772902121861 }, "geometry": { "type": "LineString", "coordinates": [ [ -2.7484545, 53.339292 ], [ -2.7487268, 53.3393249 ], [ -2.7489248, 53.3393498 ] ] } },
{ "type": "Feature", "properties": { "id": 40847, "nach": 0.36356664355162893 }, "geometry": { "type": "LineString", "coordinates": [ [ -2.7476077, 53.3405261 ], [ -2.7491282, 53.3395467 ] ] } },
{ "type": "Feature", "properties": { "id": 40845, "nach": 0.0 }, "geometry": { "type": "LineString", "coordinates": [ [ -2.7476257, 53.3405797 ], [ -2.7480806, 53.3408263 ], [ -2.7481764, 53.3408442 ], [ -2.7482482, 53.3408442 ], [ -2.74835, 53.3408406 ], [ -2.7485356, 53.3407191 ], [ -2.7485655, 53.340669 ], [ -2.7485595, 53.3406083 ], [ -2.7485954, 53.3405546 ], [ -2.7494395, 53.3400078 ], [ -2.7494814, 53.3399363 ], [ -2.7493856, 53.33982910000001 ], [ -2.749242, 53.3396861 ], [ -2.7491282, 53.3395467 ] ] } },
{ "type": "Feature", "properties": { "id": 40840, "nach": 0.43060273748430489 }, "geometry": { "type": "LineString", "coordinates": [ [ -2.7513774, 53.3371831 ], [ -2.7504778, 53.337797100000017 ], [ -2.7504205, 53.3378749 ], [ -2.7504205, 53.3379931 ], [ -2.7504466, 53.3381394 ], [ -2.7504518, 53.3382421 ] ] } },
{ "type": "Feature", "properties": { "id": 40837, "nach": 0.4506475295269145 }, "geometry": { "type": "LineString", "coordinates": [ [ -2.7523572, 53.3377214 ], [ -2.7516556, 53.3381861 ], [ -2.7512022, 53.3384257 ], [ -2.7510928, 53.3384661 ], [ -2.7509937, 53.3384848 ], [ -2.7508583, 53.3384848 ], [ -2.7504518, 53.3382421 ] ] } },
{ "type": "Feature", "properties": { "id": 40838, "nach": 0.079055691257514979 }, "geometry": { "type": "LineString", "coordinates": [ [ -2.7513774, 53.3371831 ], [ -2.7523572, 53.3377214 ] ] } },
{ "type": "Feature", "properties": { "id": 40851, "nach": 0.4384905136461581 }, "geometry": { "type": "LineString", "coordinates": [ [ -2.7529949, 53.337299 ], [ -2.7523572, 53.3377214 ] ] } },
{ "type": "Feature", "properties": { "id": 40853, "nach": 0.41146977153438397 }, "geometry": { "type": "LineString", "coordinates": [ [ -2.7529949, 53.337299 ], [ -2.7532294, 53.337143600000012 ], [ -2.7537805, 53.3367739 ] ] } },
{ "type": "Feature", "properties": { "id": 40848, "nach": 0.47594595957144631 }, "geometry": { "type": "LineString", "coordinates": [ [ -2.7476077, 53.3405261 ], [ -2.7476257, 53.3405797 ] ] } },
{ "type": "Feature", "properties": { "id": 40850, "nach": 0.40993585228443613 }, "geometry": { "type": "LineString", "coordinates": [ [ -2.7483739, 53.3415089 ], [ -2.747464, 53.341012099999986 ], [ -2.7474221, 53.3409442 ], [ -2.7474221, 53.3408549 ], [ -2.747476, 53.3407262 ], [ -2.7476257, 53.3405797 ] ] } },
{ "type": "Feature", "properties": { "id": 41431, "nach": 0.42803246749437884 }, "geometry": { "type": "LineString", "coordinates": [ [ -2.7507264, 53.3348077 ], [ -2.7501996, 53.3350495 ], [ -2.7501437, 53.33503970000001 ], [ -2.7500788, 53.3350248 ] ] } },
{ "type": "Feature", "properties": { "id": 42041, "nach": 0.53220288021474915 }, "geometry": { "type": "LineString", "coordinates": [ [ -2.7364291, 53.3404874 ], [ -2.7362739, 53.3404288 ], [ -2.7362171, 53.3404104 ] ] } },
{ "type": "Feature", "properties": { "id": 42952, "nach": 0.56882929775411806 }, "geometry": { "type": "LineString", "coordinates": [ [ -2.7363228, 53.3403617 ], [ -2.7363376, 53.3403905 ], [ -2.7363642, 53.340423800000011 ], [ -2.7363924, 53.340452899999988 ], [ -2.7364291, 53.3404874 ] ] } },
{ "type": "Feature", "properties": { "id": 47303, "nach": 0.83386576587587935 }, "geometry": { "type": "LineString", "coordinates": [ [ -2.7364291, 53.3404874 ], [ -2.739358700939558, 53.343278718578262 ] ] } },
{ "type": "Feature", "properties": { "id": 50785, "nach": 0.48999636173090239 }, "geometry": { "type": "LineString", "coordinates": [ [ -2.739278, 53.3433924 ], [ -2.7393192, 53.3434399 ] ] } },
{ "type": "Feature", "properties": { "id": 50864, "nach": 0.66735611285339669 }, "geometry": { "type": "LineString", "coordinates": [ [ -2.739063477038337, 53.343961348453767 ], [ -2.7393192, 53.3434399 ] ] } },
{ "type": "Feature", "properties": { "id": 47303, "nach": 0.83386576587587935 }, "geometry": { "type": "LineString", "coordinates": [ [ -2.736478361872944, 53.340515902634621 ], [ -2.7393192, 53.3434399 ] ] } },
{ "type": "Feature", "properties": { "id": 50782, "nach": 0.62073800153693115 }, "geometry": { "type": "LineString", "coordinates": [ [ -2.7361611, 53.3404362 ], [ -2.7362171, 53.3404104 ] ] } },
{ "type": "Feature", "properties": { "id": 42951, "nach": 0.59708610845764221 }, "geometry": { "type": "LineString", "coordinates": [ [ -2.7363228, 53.3403617 ], [ -2.7362171, 53.3404104 ] ] } },
{ "type": "Feature", "properties": { "id": 42050, "nach": 0.50918239254714781 }, "geometry": { "type": "LineString", "coordinates": [ [ -2.7362171, 53.3404104 ], [ -2.7361509, 53.340389200000018 ], [ -2.7360441, 53.3403622 ] ] } },
{ "type": "Feature", "properties": { "id": 42042, "nach": 0.59017846457502343 }, "geometry": { "type": "LineString", "coordinates": [ [ -2.7363003, 53.340233499999982 ], [ -2.7362996, 53.34028150000001 ], [ -2.7363077, 53.340324 ], [ -2.7363228, 53.3403617 ] ] } },
{ "type": "Feature", "properties": { "id": 42043, "nach": 0.80536093952712373 }, "geometry": { "type": "LineString", "coordinates": [ [ -2.7363003, 53.340233499999982 ], [ -2.736237, 53.3402802 ], [ -2.7361772, 53.340313 ], [ -2.7361101, 53.340341 ], [ -2.7360441, 53.3403622 ] ] } },
{ "type": "Feature", "properties": { "id": 42045, "nach": 0.80824222671103785 }, "geometry": { "type": "LineString", "coordinates": [ [ -2.7363619, 53.3401555 ], [ -2.7363331, 53.3401977 ], [ -2.7363003, 53.340233499999982 ] ] } },
{ "type": "Feature", "properties": { "id": 42051, "nach": 0.80750743839566108 }, "geometry": { "type": "LineString", "coordinates": [ [ -2.7360441, 53.3403622 ], [ -2.7359702, 53.3403764 ], [ -2.7358873, 53.340388 ] ] } },
{ "type": "Feature", "properties": { "id": 42044, "nach": 0.79096541855989044 }, "geometry": { "type": "LineString", "coordinates": [ [ -2.73621650000001, 53.3397854 ], [ -2.7362804, 53.3398308 ], [ -2.7363246, 53.339874699999989 ] ] } },
{ "type": "Feature", "properties": { "id": 42208, "nach": 0.78956087479892856 }, "geometry": { "type": "LineString", "coordinates": [ [ -2.7361649, 53.3396265 ], [ -2.7361643, 53.3396709 ], [ -2.7361844, 53.3397291 ], [ -2.73621650000001, 53.3397854 ] ] } },
{ "type": "Feature", "properties": { "id": 42226, "nach": 0.47500766839317676 }, "geometry": { "type": "LineString", "coordinates": [ [ -2.7356939, 53.33969410000001 ], [ -2.7357931, 53.3396896 ], [ -2.7358752, 53.3396906 ], [ -2.7359597, 53.339699 ], [ -2.7360523, 53.3397191 ], [ -2.7361342, 53.33974520000001 ], [ -2.73621650000001, 53.3397854 ] ] } },
{ "type": "Feature", "properties": { "id": 42054, "nach": 0.58610605017627659 }, "geometry": { "type": "LineString", "coordinates": [ [ -2.7363246, 53.339874699999989 ], [ -2.7363914, 53.33990270000001 ], [ -2.7364702, 53.3399315 ], [ -2.7365326, 53.3399504 ], [ -2.7365999, 53.3399632 ], [ -2.7367009, 53.3399801 ], [ -2.7367755, 53.3399894 ], [ -2.7368501, 53.3399987 ] ] } },
{ "type": "Feature", "properties": { "id": 42055, "nach": 0.78792477184196619 }, "geometry": { "type": "LineString", "coordinates": [ [ -2.7363246, 53.339874699999989 ], [ -2.736347, 53.3399032 ], [ -2.7363654, 53.3399349 ], [ -2.7363822, 53.3399744 ], [ -2.7363904, 53.34002 ], [ -2.7363906, 53.340066899999989 ], [ -2.73638210000001, 53.340112499999989 ], [ -2.7363619, 53.3401555 ] ] } },
{ "type": "Feature", "properties": { "id": 42944, "nach": 0.70706939776340683 }, "geometry": { "type": "LineString", "coordinates": [ [ -2.7347839, 53.3400772 ], [ -2.7347885, 53.340025299999986 ], [ -2.7346952, 53.3400224 ], [ -2.7347, 53.3399679 ] ] } },
{ "type": "Feature", "properties": { "id": 42943, "nach": 0.68621020004577737 }, "geometry": { "type": "LineString", "coordinates": [ [ -2.732947693560694, 53.339892658754493 ], [ -2.7347839, 53.3400772 ] ] } },
{ "type": "Feature", "properties": { "id": 42180, "nach": 0.56661739687039181 }, "geometry": { "type": "LineString", "coordinates": [ [ -2.7347, 53.3399679 ], [ -2.7348757, 53.339974 ], [ -2.734938, 53.3399741 ], [ -2.7349996, 53.339972 ], [ -2.7350603, 53.3399679 ], [ -2.7351411, 53.3399569 ], [ -2.7351977, 53.3399439 ], [ -2.7352502, 53.3399277 ] ] } },
{ "type": "Feature", "properties": { "id": 42254, "nach": 0.63185403557156083 }, "geometry": { "type": "LineString", "coordinates": [ [ -2.7352502, 53.3399277 ], [ -2.7352822, 53.339881 ], [ -2.7353269, 53.339832 ], [ -2.7353878, 53.3397889 ], [ -2.735475, 53.339747899999985 ], [ -2.7355748, 53.3397163 ], [ -2.7356939, 53.33969410000001 ] ] } },
{ "type": "Feature", "properties": { "id": 50783, "nach": 0.63007628470969945 }, "geometry": { "type": "LineString", "coordinates": [ [ -2.7361611, 53.3404362 ], [ -2.7361164, 53.3404321 ], [ -2.7360686, 53.3404325 ], [ -2.7360147, 53.3404385 ], [ -2.7359508, 53.3404496 ], [ -2.735903, 53.3404638 ], [ -2.7358668, 53.3404794 ], [ -2.7358422, 53.3404946 ], [ -2.7358254, 53.34051190000001 ] ] } },
{ "type": "Feature", "properties": { "id": 50787, "nach": 0.8682738588382406 }, "geometry": { "type": "LineString", "coordinates": [ [ -2.7361611, 53.3404362 ], [ -2.739303575426107, 53.34327366973249 ] ] } },
{ "type": "Feature", "properties": { "id": 42052, "nach": 0.80498146012895411 }, "geometry": { "type": "LineString", "coordinates": [ [ -2.7358873, 53.340388 ], [ -2.7358002, 53.340458 ], [ -2.735758, 53.3404914 ] ] } },
{ "type": "Feature", "properties": { "id": 50775, "nach": 0.72978108805895703 }, "geometry": { "type": "LineString", "coordinates": [ [ -2.7358254, 53.34051190000001 ], [ -2.735758, 53.3404914 ] ] } },
{ "type": "Feature", "properties": { "id": 42950, "nach": 0.0 }, "geometry": { "type": "LineString", "coordinates": [ [ -2.7368501, 53.3399987 ], [ -2.7368655, 53.3399529 ], [ -2.7367353, 53.339937 ], [ -2.7366991, 53.3399318 ], [ -2.7366656, 53.339926 ], [ -2.7366334, 53.339919 ], [ -2.7366049, 53.3399117 ], [ -2.7365674, 53.3398999 ], [ -2.7365265, 53.339885300000013 ], [ -2.7364921, 53.339870300000015 ], [ -2.7364611, 53.3398532 ], [ -2.7364267, 53.3398312 ], [ -2.7363006, 53.3397419 ], [ -2.7362711, 53.3397161 ], [ -2.7362528, 53.3396976 ], [ -2.7362406, 53.3396797 ], [ -2.736233, 53.3396627 ], [ -2.736229, 53.3396454 ], [ -2.7362274, 53.3396284 ], [ -2.7361649, 53.3396265 ] ] } },
{ "type": "Feature", "properties": { "id": 42948, "nach": 0.44190112144768784 }, "geometry": { "type": "LineString", "coordinates": [ [ -2.746595138145512, 53.338173674042501 ], [ -2.7368501, 53.3399987 ] ] } },
{ "type": "Feature", "properties": { "id": 42225, "nach": 0.50295864446071936 }, "geometry": { "type": "LineString", "coordinates": [ [ -2.7371697, 53.3393689 ], [ -2.7373682, 53.3395515 ], [ -2.737674, 53.339457 ], [ -2.7377625, 53.3394634 ], [ -2.7378757, 53.3395763 ] ] } },
{ "type": "Feature", "properties": { "id": 53939, "nach": 0.57877358962687342 }, "geometry": { "type": "LineString", "coordinates": [ [ -2.7373137, 53.3398214 ], [ -2.737345, 53.3397661 ], [ -2.7374329, 53.3397165 ], [ -2.737658, 53.3396397 ], [ -2.7378757, 53.3395763 ] ] } },
{ "type": "Feature", "properties": { "id": 53937, "nach": 0.49194646463231756 }, "geometry": { "type": "LineString", "coordinates": [ [ -2.7373137, 53.3398214 ], [ -2.7375066, 53.33983520000001 ], [ -2.7376996, 53.3398359 ], [ -2.737918, 53.339823 ], [ -2.7381711, 53.3397829 ], [ -2.7383887, 53.3397249 ] ] } },
{ "type": "Feature", "properties": { "id": 53938, "nach": 0.49908126268177461 }, "geometry": { "type": "LineString", "coordinates": [ [ -2.7373137, 53.3398214 ], [ -2.7370368, 53.3397765 ], [ -2.7368049, 53.33971840000001 ] ] } },
{ "type": "Feature", "properties": { "id": 50771, "nach": 0.51940162111704402 }, "geometry": { "type": "LineString", "coordinates": [ [ -2.7359334, 53.3395608 ], [ -2.7358891, 53.3395799 ], [ -2.7358453, 53.3395942 ], [ -2.735798, 53.3396068 ], [ -2.7357408, 53.339619 ], [ -2.7356749, 53.3396299 ], [ -2.7355891, 53.3396399 ], [ -2.73553, 53.3396514 ], [ -2.7354838, 53.3396638 ], [ -2.7354402, 53.3396778 ], [ -2.7353932, 53.33969620000002 ], [ -2.7353476, 53.3397162 ], [ -2.7353101, 53.3397362 ], [ -2.73527260000001, 53.3397628 ], [ -2.7352375, 53.3397891 ], [ -2.735206, 53.339816499999984 ], [ -2.73518, 53.3398473 ], [ -2.7351646, 53.3398622 ], [ -2.7351465, 53.3398753 ], [ -2.7351239, 53.3398878 ], [ -2.7350988, 53.339899 ], [ -2.7350743, 53.339907800000013 ], [ -2.7350458, 53.3399158 ], [ -2.7350147, 53.3399213 ], [ -2.7349816, 53.3399255 ], [ -2.7349392, 53.339927800000012 ], [ -2.7348899, 53.3399278 ], [ -2.7347041, 53.3399209 ], [ -2.7347, 53.3399679 ] ] } },
{ "type": "Feature", "properties": { "id": 51344, "nach": 0.79186838816526095 }, "geometry": { "type": "LineString", "coordinates": [ [ -2.733074560130754, 53.339804473370343 ], [ -2.7347, 53.3399679 ] ] } },
{ "type": "Feature", "properties": { "id": 50769, "nach": 0.64654786613598603 }, "geometry": { "type": "LineString", "coordinates": [ [ -2.7359334, 53.3395608 ], [ -2.7359739, 53.3395932 ] ] } },
{ "type": "Feature", "properties": { "id": 50813, "nach": 0.64893502671379322 }, "geometry": { "type": "LineString", "coordinates": [ [ -2.7361295, 53.3391793 ], [ -2.7361417, 53.3391867 ], [ -2.7361523, 53.3391938 ], [ -2.7361629, 53.3392044 ], [ -2.7361687, 53.3392147 ], [ -2.7361704, 53.3392303 ], [ -2.7361682, 53.3392572 ], [ -2.7361573, 53.3393123 ], [ -2.7361435, 53.33936150000001 ], [ -2.73612880000001, 53.3393948 ], [ -2.7361141, 53.339420899999986 ], [ -2.7360958, 53.339444 ], [ -2.7360729, 53.3394676 ], [ -2.736043, 53.3394931 ], [ -2.7360135, 53.3395171 ], [ -2.7359775, 53.3395384 ], [ -2.7359334, 53.3395608 ] ] } },
{ "type": "Feature", "properties": { "id": 45536, "nach": 0.41495791353795364 }, "geometry": { "type": "LineString", "coordinates": [ [ -2.7475959, 53.3420328 ], [ -2.7477099, 53.3419624 ] ] } },
{ "type": "Feature", "properties": { "id": 45535, "nach": 0.41539491810189239 }, "geometry": { "type": "LineString", "coordinates": [ [ -2.7475959, 53.3420328 ], [ -2.7475101, 53.3420929 ] ] } },
{ "type": "Feature", "properties": { "id": 42205, "nach": 0.50748793865975184 }, "geometry": { "type": "LineString", "coordinates": [ [ -2.7457318, 53.3417447 ], [ -2.7458676, 53.341806 ], [ -2.746677, 53.342231500000011 ] ] } },
{ "type": "Feature", "properties": { "id": 45531, "nach": 0.42134623165792789 }, "geometry": { "type": "LineString", "coordinates": [ [ -2.7469589, 53.3424628 ], [ -2.7470179, 53.3424204 ], [ -2.7469455, 53.342376300000012 ], [ -2.746677, 53.342231500000011 ] ] } },
{ "type": "Feature", "properties": { "id": 45532, "nach": 0.4146881221633652 }, "geometry": { "type": "LineString", "coordinates": [ [ -2.7435726, 53.3416237 ], [ -2.7437013, 53.3415228 ], [ -2.7437684, 53.3414788 ], [ -2.7438623, 53.3414284 ] ] } },
{ "type": "Feature", "properties": { "id": 42947, "nach": 0.62898798889274632 }, "geometry": { "type": "LineString", "coordinates": [ [ -2.7359739, 53.3395932 ], [ -2.7360101, 53.3396219 ], [ -2.7361649, 53.3396265 ] ] } },
{ "type": "Feature", "properties": { "id": 42210, "nach": 0.78094738060577051 }, "geometry": { "type": "LineString", "coordinates": [ [ -2.7361948, 53.3394268 ], [ -2.7361824, 53.3395518 ], [ -2.7361649, 53.3396265 ] ] } },
{ "type": "Feature", "properties": { "id": 42227, "nach": 0.61709431384867008 }, "geometry": { "type": "LineString", "coordinates": [ [ -2.7356939, 53.33969410000001 ], [ -2.7358094, 53.339660200000012 ], [ -2.7359076, 53.339624 ], [ -2.7359739, 53.3395932 ] ] } },
{ "type": "Feature", "properties": { "id": 42946, "nach": 0.57412503843900609 }, "geometry": { "type": "LineString", "coordinates": [ [ -2.7359739, 53.3395932 ], [ -2.7360679, 53.339544300000014 ], [ -2.7361948, 53.3394268 ] ] } },
{ "type": "Feature", "properties": { "id": 42212, "nach": 0.78310519323158512 }, "geometry": { "type": "LineString", "coordinates": [ [ -2.7362929, 53.3391016 ], [ -2.7361948, 53.3394268 ] ] } },
{ "type": "Feature", "properties": { "id": 42224, "nach": 0.73884677505938656 }, "geometry": { "type": "LineString", "coordinates": [ [ -2.7361416, 53.33909 ], [ -2.7362331, 53.3390943 ], [ -2.7362929, 53.3391016 ] ] } },
{ "type": "Feature", "properties": { "id": 44077, "nach": 0.7624682602830628 }, "geometry": { "type": "LineString", "coordinates": [ [ -2.7368604, 53.3384706 ], [ -2.7367477, 53.3385235 ], [ -2.736664, 53.3385712 ], [ -2.7365866, 53.3386287 ], [ -2.7365053, 53.3386954 ], [ -2.7364614, 53.3387369 ], [ -2.7364245, 53.3387784 ], [ -2.7363979, 53.3388191 ], [ -2.7363691, 53.3388693 ], [ -2.7363499, 53.338915700000015 ], [ -2.7363306, 53.338972699999985 ], [ -2.7363113, 53.3390377 ], [ -2.7362929, 53.3391016 ] ] } },
{ "type": "Feature", "properties": { "id": 50815, "nach": 0.62657312183866565 }, "geometry": { "type": "LineString", "coordinates": [ [ -2.7361516, 53.3390159 ], [ -2.7361416, 53.33909 ] ] } },
{ "type": "Feature", "properties": { "id": 50812, "nach": 0.58210793496780311 }, "geometry": { "type": "LineString", "coordinates": [ [ -2.7361295, 53.3391793 ], [ -2.7361416, 53.33909 ] ] } },
{ "type": "Feature", "properties": { "id": 45528, "nach": 0.54590970059823407 }, "geometry": { "type": "LineString", "coordinates": [ [ -2.7435989, 53.3383594 ], [ -2.7433822, 53.3384248 ], [ -2.7431649, 53.3385161 ], [ -2.7427169, 53.338647400000013 ] ] } },
{ "type": "Feature", "properties": { "id": 45529, "nach": 0.48739834999964743 }, "geometry": { "type": "LineString", "coordinates": [ [ -2.743754, 53.3385564 ], [ -2.7435989, 53.3383594 ] ] } },
{ "type": "Feature", "properties": { "id": 42696, "nach": 0.51850203817300644 }, "geometry": { "type": "LineString", "coordinates": [ [ -2.7407909, 53.3389491 ], [ -2.7405428, 53.3386466 ] ] } },
{ "type": "Feature", "properties": { "id": 52213, "nach": 0.60761186908797415 }, "geometry": { "type": "LineString", "coordinates": [ [ -2.7419095, 53.3389489 ], [ -2.7422226, 53.338857 ], [ -2.7422711, 53.3388365 ], [ -2.7423079, 53.3388151 ], [ -2.7423551, 53.338778 ], [ -2.7424017, 53.3387513 ], [ -2.7424508, 53.3387316 ], [ -2.7427169, 53.338647400000013 ] ] } },
{ "type": "Feature", "properties": { "id": 52212, "nach": 0.57632639115474182 }, "geometry": { "type": "LineString", "coordinates": [ [ -2.7419095, 53.3389489 ], [ -2.7415638, 53.339052 ], [ -2.7415236, 53.3390607 ], [ -2.7414787, 53.3390651 ], [ -2.7414361, 53.3390643 ], [ -2.7413895, 53.3390596 ], [ -2.7412095, 53.3390214 ] ] } },
{ "type": "Feature", "properties": { "id": 52214, "nach": 0.48045614266982178 }, "geometry": { "type": "LineString", "coordinates": [ [ -2.741744, 53.338751 ], [ -2.7419095, 53.3389489 ] ] } },
{ "type": "Feature", "properties": { "id": 50802, "nach": 0.8025040402030108 }, "geometry": { "type": "LineString", "coordinates": [ [ -2.735553, 53.3404983 ], [ -2.735683843414117, 53.340746557174995 ] ] } },
{ "type": "Feature", "properties": { "id": 45071, "nach": 0.42770587820470746 }, "geometry": { "type": "LineString", "coordinates": [ [ -2.7498834, 53.335462800000016 ], [ -2.7499408, 53.33543130000001 ], [ -2.7501009, 53.3353476 ], [ -2.7501669, 53.3353331 ] ] } },
{ "type": "Feature", "properties": { "id": 45070, "nach": 0.47075760034017289 }, "geometry": { "type": "LineString", "coordinates": [ [ -2.7498834, 53.335462800000016 ], [ -2.750325, 53.3357436 ] ] } },
{ "type": "Feature", "properties": { "id": 45057, "nach": 0.42869945349827243 }, "geometry": { "type": "LineString", "coordinates": [ [ -2.7499205, 53.335811500000013 ], [ -2.7496171, 53.3356077 ] ] } },
{ "type": "Feature", "properties": { "id": 45054, "nach": 0.46284647939406959 }, "geometry": { "type": "LineString", "coordinates": [ [ -2.7495579, 53.3359959 ], [ -2.7493769, 53.3358892 ], [ -2.749323, 53.335831199999987 ], [ -2.7493104, 53.3357829 ], [ -2.7493823, 53.33572920000001 ], [ -2.7495199, 53.335658 ], [ -2.7496171, 53.3356077 ] ] } },
{ "type": "Feature", "properties": { "id": 45058, "nach": 0.21851080346302329 }, "geometry": { "type": "LineString", "coordinates": [ [ -2.7499205, 53.335811500000013 ], [ -2.7495579, 53.3359959 ] ] } },
{ "type": "Feature", "properties": { "id": 45068, "nach": 0.2415013856132725 }, "geometry": { "type": "LineString", "coordinates": [ [ -2.750325, 53.3357436 ], [ -2.7500264, 53.3358827 ], [ -2.7499205, 53.335811500000013 ] ] } },
{ "type": "Feature", "properties": { "id": 45056, "nach": 0.40386853895233388 }, "geometry": { "type": "LineString", "coordinates": [ [ -2.7503136, 53.3361 ], [ -2.7501529, 53.3362627 ], [ -2.749784, 53.3364678 ], [ -2.7497097, 53.3364912 ], [ -2.7496312, 53.336492399999983 ], [ -2.7495548, 53.3364789 ], [ -2.74945160000001, 53.3364246 ], [ -2.7492471, 53.3362791 ], [ -2.749212, 53.3362372 ], [ -2.749212, 53.3361953 ], [ -2.749243, 53.3361608 ], [ -2.7495579, 53.3359959 ] ] } },
{ "type": "Feature", "properties": { "id": 45067, "nach": 0.41808208429823523 }, "geometry": { "type": "LineString", "coordinates": [ [ -2.750325, 53.3357436 ], [ -2.7503782, 53.33575110000001 ], [ -2.7504377, 53.3357417 ], [ -2.7504862, 53.3357263 ], [ -2.7505457, 53.33568 ], [ -2.7505855, 53.3355965 ], [ -2.7505855, 53.3355293 ] ] } },
{ "type": "Feature", "properties": { "id": 45065, "nach": 0.0 }, "geometry": { "type": "LineString", "coordinates": [ [ -2.7505855, 53.3355293 ], [ -2.7507938, 53.3353597 ], [ -2.7511856, 53.3348586 ], [ -2.7511872, 53.33482870000001 ], [ -2.7511715, 53.33481 ], [ -2.7511371, 53.3348007 ], [ -2.7510823, 53.3348035 ], [ -2.7510182, 53.3348213 ], [ -2.7502407, 53.3352266 ], [ -2.7501669, 53.3353331 ] ] } },
{ "type": "Feature", "properties": { "id": 45072, "nach": 0.0 }, "geometry": { "type": "LineString", "coordinates": [ [ -2.74794380000001, 53.3368497 ], [ -2.7480497, 53.336849700000016 ], [ -2.7481213, 53.3368469 ], [ -2.7482148, 53.3368311 ], [ -2.748302, 53.3368311 ], [ -2.748369, 53.3368469 ], [ -2.7486259, 53.3370283 ], [ -2.7486477, 53.337058 ], [ -2.7486462, 53.3370831 ], [ -2.7486166, 53.3371017 ], [ -2.7485683, 53.3371138 ], [ -2.7485091, 53.337113800000012 ], [ -2.7484655, 53.3371017 ], [ -2.7481727, 53.3368981 ], [ -2.7481073, 53.336885100000011 ], [ -2.7480217, 53.3368785 ], [ -2.74794380000001, 53.3368497 ] ] } },
{ "type": "Feature", "properties": { "id": 45073, "nach": 0.07884834892471082 }, "geometry": { "type": "LineString", "coordinates": [ [ -2.74794380000001, 53.3368497 ], [ -2.7478462, 53.3368719 ], [ -2.747813, 53.336879500000016 ], [ -2.747683, 53.3369214 ], [ -2.747637, 53.3369362 ], [ -2.7475451, 53.3369771 ], [ -2.7474874, 53.3369939 ], [ -2.7474392, 53.33699390000001 ], [ -2.7473753, 53.3369864 ], [ -2.7473426, 53.336969700000012 ], [ -2.747285, 53.3369306 ], [ -2.7472429, 53.336899 ] ] } },
{ "type": "Feature", "properties": { "id": 52335, "nach": 0.46762309326249851 }, "geometry": { "type": "LineString", "coordinates": [ [ -2.7412572, 53.33893040000001 ], [ -2.7412095, 53.3390214 ] ] } },
{ "type": "Feature", "properties": { "id": 52333, "nach": 0.53407755219840236 }, "geometry": { "type": "LineString", "coordinates": [ [ -2.7408941, 53.3390043 ], [ -2.7409759, 53.3389737 ], [ -2.7410663, 53.3389915 ], [ -2.7412095, 53.3390214 ] ] } },
{ "type": "Feature", "properties": { "id": 52332, "nach": 0.45282609848695321 }, "geometry": { "type": "LineString", "coordinates": [ [ -2.7408941, 53.3390043 ], [ -2.7408264, 53.3391361 ] ] } },
{ "type": "Feature", "properties": { "id": 52334, "nach": 0.45503146762943897 }, "geometry": { "type": "LineString", "coordinates": [ [ -2.7407552, 53.3390538 ], [ -2.7408941, 53.3390043 ] ] } },
{ "type": "Feature", "properties": { "id": 50786, "nach": 0.55146364757348409 }, "geometry": { "type": "LineString", "coordinates": [ [ -2.736779426808961, 53.349350137487718 ], [ -2.739278, 53.3433924 ] ] } },
{ "type": "Feature", "properties": { "id": 50787, "nach": 0.8682738588382406 }, "geometry": { "type": "LineString", "coordinates": [ [ -2.736377653508207, 53.340526041031097 ], [ -2.739278, 53.3433924 ] ] } },
{ "type": "Feature", "properties": { "id": 51087, "nach": 0.54543170507874572 }, "geometry": { "type": "LineString", "coordinates": [ [ -2.7304714, 53.3428171 ], [ -2.7304978, 53.3428432 ], [ -2.7305217, 53.3428687 ] ] } },
{ "type": "Feature", "properties": { "id": 51085, "nach": 0.52489672685838584 }, "geometry": { "type": "LineString", "coordinates": [ [ -2.7304714, 53.3428171 ], [ -2.7304451, 53.3428248 ], [ -2.7301395, 53.3428633 ] ] } },
{ "type": "Feature", "properties": { "id": 51097, "nach": 0.53794215166748671 }, "geometry": { "type": "LineString", "coordinates": [ [ -2.7303031, 53.34253480000001 ], [ -2.7303254, 53.3425842 ], [ -2.7303829, 53.3427373 ], [ -2.7304391, 53.3427851 ], [ -2.7304714, 53.3428171 ] ] } },
{ "type": "Feature", "properties": { "id": 50803, "nach": 0.74804215274993913 }, "geometry": { "type": "LineString", "coordinates": [ [ -2.7356917, 53.3407759 ], [ -2.735705, 53.340830299999986 ], [ -2.735737, 53.3410388 ], [ -2.735737, 53.3410742 ], [ -2.7357167, 53.3411101 ], [ -2.7356919, 53.3411371 ], [ -2.7356574, 53.3411571 ], [ -2.7356024, 53.3411732 ] ] } },
{ "type": "Feature", "properties": { "id": 50802, "nach": 0.8025040402030108 }, "geometry": { "type": "LineString", "coordinates": [ [ -2.735683843414117, 53.340746557174995 ], [ -2.7356917, 53.3407759 ] ] } },
{ "type": "Feature", "properties": { "id": 50801, "nach": 0.5421166564857971 }, "geometry": { "type": "LineString", "coordinates": [ [ -2.7353584, 53.3412149 ], [ -2.7355241, 53.3411885 ], [ -2.7356024, 53.3411732 ] ] } },
{ "type": "Feature", "properties": { "id": 50958, "nach": 0.54057305298488612 }, "geometry": { "type": "LineString", "coordinates": [ [ -2.7354472, 53.3413016 ], [ -2.7356561, 53.3412589 ] ] } },
{ "type": "Feature", "properties": { "id": 50841, "nach": 0.64489185997389109 }, "geometry": { "type": "LineString", "coordinates": [ [ -2.7329273, 53.3401763 ], [ -2.7328815, 53.3401902 ], [ -2.7328283, 53.3402004 ], [ -2.7327752, 53.3402059 ], [ -2.7327151, 53.3402068 ], [ -2.7325235, 53.3401869 ] ] } },
{ "type": "Feature", "properties": { "id": 50848, "nach": 0.79121199229705808 }, "geometry": { "type": "LineString", "coordinates": [ [ -2.732922436893941, 53.339988579236262 ], [ -2.7329273, 53.3401763 ] ] } },
{ "type": "Feature", "properties": { "id": 50943, "nach": 0.54077616003453033 }, "geometry": { "type": "LineString", "coordinates": [ [ -2.7352509, 53.338526 ], [ -2.7352707, 53.33862520000001 ] ] } },
{ "type": "Feature", "properties": { "id": 50957, "nach": 0.53881774002197325 }, "geometry": { "type": "LineString", "coordinates": [ [ -2.7355063, 53.341543900000012 ], [ -2.7356257, 53.341530299999988 ] ] } },
{ "type": "Feature", "properties": { "id": 51023, "nach": 0.53745951366113542 }, "geometry": { "type": "LineString", "coordinates": [ [ -2.7355499, 53.3417063 ], [ -2.7355584, 53.3416807 ] ] } },
{ "type": "Feature", "properties": { "id": 50965, "nach": 0.53721278309493281 }, "geometry": { "type": "LineString", "coordinates": [ [ -2.735644, 53.3417207 ], [ -2.7356596, 53.341699199999979 ] ] } },
{ "type": "Feature", "properties": { "id": 50973, "nach": 0.53656288432125221 }, "geometry": { "type": "LineString", "coordinates": [ [ -2.7358479, 53.341762500000016 ], [ -2.7358433, 53.3418594 ] ] } },
{ "type": "Feature", "properties": { "id": 50986, "nach": 0.53631229628712995 }, "geometry": { "type": "LineString", "coordinates": [ [ -2.735943, 53.34188480000001 ], [ -2.7359384, 53.341795 ], [ -2.7359414, 53.3417792 ] ] } },
{ "type": "Feature", "properties": { "id": 51067, "nach": 0.52275084600013078 }, "geometry": { "type": "LineString", "coordinates": [ [ -2.7310522, 53.3431495 ], [ -2.7309652, 53.3431017 ] ] } },
{ "type": "Feature", "properties": { "id": 51036, "nach": 0.51841316170414098 }, "geometry": { "type": "LineString", "coordinates": [ [ -2.7306531, 53.343204 ], [ -2.7306886, 53.343194 ], [ -2.7307096, 53.3431904 ], [ -2.7307347, 53.3431883 ], [ -2.7307601, 53.3431884 ], [ -2.7307864, 53.3431897 ], [ -2.730809, 53.3431922 ], [ -2.7308387, 53.343196399999989 ], [ -2.7308609, 53.3432015 ] ] } },
{ "type": "Feature", "properties": { "id": 51046, "nach": 0.59962637296049781 }, "geometry": { "type": "LineString", "coordinates": [ [ -2.7310348, 53.3432802 ], [ -2.7310258, 53.343270100000012 ], [ -2.7310094, 53.3432606 ], [ -2.7308886, 53.3432112 ], [ -2.7308609, 53.3432015 ] ] } },
{ "type": "Feature", "properties": { "id": 51049, "nach": 0.52448664111468235 }, "geometry": { "type": "LineString", "coordinates": [ [ -2.7306065, 53.3432216 ], [ -2.7306531, 53.343204 ] ] } },
{ "type": "Feature", "properties": { "id": 51045, "nach": 0.51820875581764092 }, "geometry": { "type": "LineString", "coordinates": [ [ -2.7310348, 53.3432802 ], [ -2.7312318, 53.3433564 ] ] } },
{ "type": "Feature", "properties": { "id": 51048, "nach": 0.52043174093069855 }, "geometry": { "type": "LineString", "coordinates": [ [ -2.7310307, 53.3433074 ], [ -2.7310351, 53.3432947 ], [ -2.7310348, 53.3432802 ] ] } },
{ "type": "Feature", "properties": { "id": 51080, "nach": 0.72507333633530313 }, "geometry": { "type": "LineString", "coordinates": [ [ -2.7305938, 53.3430667 ], [ -2.730595, 53.3430583 ], [ -2.7305888, 53.3430233 ] ] } },
{ "type": "Feature", "properties": { "id": 51082, "nach": 0.52492232894431767 }, "geometry": { "type": "LineString", "coordinates": [ [ -2.7305938, 53.3430667 ], [ -2.7305439, 53.3430679 ], [ -2.7303229, 53.343089600000013 ] ] } },
{ "type": "Feature", "properties": { "id": 51070, "nach": 0.71223615452574796 }, "geometry": { "type": "LineString", "coordinates": [ [ -2.7305217, 53.3428687 ], [ -2.7305778, 53.34298050000001 ], [ -2.7305888, 53.3430233 ] ] } },
{ "type": "Feature", "properties": { "id": 51098, "nach": 0.52685718371475354 }, "geometry": { "type": "LineString", "coordinates": [ [ -2.7303031, 53.34253480000001 ], [ -2.7302261, 53.3425405 ], [ -2.7301275, 53.3425273 ], [ -2.7300068, 53.3425345 ], [ -2.729915, 53.3424617 ] ] } },
{ "type": "Feature", "properties": { "id": 55127, "nach": 0.4760808495853151 }, "geometry": { "type": "LineString", "coordinates": [ [ -2.7383998, 53.3391303 ], [ -2.7383865, 53.3390614 ], [ -2.7383766, 53.3390098 ], [ -2.7383497, 53.3388702 ] ] } },
{ "type": "Feature", "properties": { "id": 52906, "nach": 0.55946835341786549 }, "geometry": { "type": "LineString", "coordinates": [ [ -2.7388131, 53.338781 ], [ -2.7388364, 53.3389576 ] ] } },
{ "type": "Feature", "properties": { "id": 55120, "nach": 0.59259298955014605 }, "geometry": { "type": "LineString", "coordinates": [ [ -2.7386259, 53.3390362 ], [ -2.7387075, 53.3390057 ], [ -2.738752, 53.3389891 ], [ -2.7388364, 53.3389576 ] ] } },
{ "type": "Feature", "properties": { "id": 55117, "nach": 0.58229735534411842 }, "geometry": { "type": "LineString", "coordinates": [ [ -2.7385885, 53.338820500000011 ], [ -2.7388131, 53.338781 ] ] } },
{ "type": "Feature", "properties": { "id": 55122, "nach": 0.472668755413578 }, "geometry": { "type": "LineString", "coordinates": [ [ -2.7386259, 53.3390362 ], [ -2.7385934, 53.3389944 ], [ -2.7385885, 53.338820500000011 ] ] } },
{ "type": "Feature", "properties": { "id": 55123, "nach": 0.58776200451152594 }, "geometry": { "type": "LineString", "coordinates": [ [ -2.7383497, 53.3388702 ], [ -2.7385885, 53.338820500000011 ] ] } },
{ "type": "Feature", "properties": { "id": 42943, "nach": 0.68621020004577737 }, "geometry": { "type": "LineString", "coordinates": [ [ -2.733034932407561, 53.339906149770648 ], [ -2.732947693560694, 53.339892658754493 ] ] } },
{ "type": "Feature", "properties": { "id": 45261, "nach": 0.76253860638844495 }, "geometry": { "type": "LineString", "coordinates": [ [ -2.733074560130754, 53.339804473370343 ], [ -2.733034932407561, 53.339906149770648 ] ] } },
{ "type": "Feature", "properties": { "id": 45261, "nach": 0.76253860638844495 }, "geometry": { "type": "LineString", "coordinates": [ [ -2.733034932407561, 53.339906149770648 ], [ -2.73303541449981, 53.340007051176187 ] ] } },
{ "type": "Feature", "properties": { "id": 50848, "nach": 0.79121199229705808 }, "geometry": { "type": "LineString", "coordinates": [ [ -2.732987857102422, 53.339791356131798 ], [ -2.732947693560694, 53.339892658754493 ] ] } },
{ "type": "Feature", "properties": { "id": 50848, "nach": 0.79121199229705808 }, "geometry": { "type": "LineString", "coordinates": [ [ -2.732947693560694, 53.339892658754493 ], [ -2.732922436893941, 53.339988579236262 ] ] } },
{ "type": "Feature", "properties": { "id": 51344, "nach": 0.79186838816526095 }, "geometry": { "type": "LineString", "coordinates": [ [ -2.732987857102422, 53.339791356131798 ], [ -2.733074560130754, 53.339804473370343 ] ] } },
{ "type": "Feature", "properties": { "id": 50774, "nach": 0.76708593994663288 }, "geometry": { "type": "LineString", "coordinates": [ [ -2.73303541449981, 53.340007051176187 ], [ -2.732922436893941, 53.339988579236262 ] ] } },
{ "type": "Feature", "properties": { "id": 50864, "nach": 0.66735611285339669 }, "geometry": { "type": "LineString", "coordinates": [ [ -2.736924932469279, 53.348634587842938 ], [ -2.739063477038337, 53.343961348453767 ] ] } },
{ "type": "Feature", "properties": { "id": 50786, "nach": 0.55146364757348409 }, "geometry": { "type": "LineString", "coordinates": [ [ -2.738959513847484, 53.343975009184625 ], [ -2.736839177746253, 53.348621494352223 ] ] } },
{ "type": "Feature", "properties": { "id": 5300, "nach": 0.70108312219610702 }, "geometry": { "type": "LineString", "coordinates": [ [ -2.738959513847484, 53.343975009184625 ], [ -2.739063477038337, 53.343961348453767 ] ] } },
{ "type": "Feature", "properties": { "id": 50808, "nach": 0.79723701551037385 }, "geometry": { "type": "LineString", "coordinates": [ [ -2.735743616559785, 53.340747758648824 ], [ -2.735683843414117, 53.340746557174995 ] ] } },
{ "type": "Feature", "properties": { "id": 30753, "nach": 0.716922085658519 }, "geometry": { "type": "LineString", "coordinates": [ [ -2.746646359551162, 53.338282183663829 ], [ -2.738779067043683, 53.340146150246788 ] ] } },
{ "type": "Feature", "properties": { "id": 39504, "nach": 0.74978077012495725 }, "geometry": { "type": "LineString", "coordinates": [ [ -2.746595138145512, 53.338173674042501 ], [ -2.746646359551162, 53.338282183663829 ] ] } },
{ "type": "Feature", "properties": { "id": 53933, "nach": 0.8473832734213107 }, "geometry": { "type": "LineString", "coordinates": [ [ -2.738779067043683, 53.340146150246788 ], [ -2.738777820390541, 53.340035643713833 ] ] } },
{ "type": "Feature", "properties": { "id": 42948, "nach": 0.44190112144768784 }, "geometry": { "type": "LineString", "coordinates": [ [ -2.738777820390541, 53.340035643713833 ], [ -2.746595138145512, 53.338173674042501 ] ] } },
{ "type": "Feature", "properties": { "id": 23899, "nach": 0.74360572310748052 }, "geometry": { "type": "LineString", "coordinates": [ [ -2.738903040673516, 53.342124417289469 ], [ -2.738999019102352, 53.342136720116656 ] ] } },
{ "type": "Feature", "properties": { "id": 50787, "nach": 0.8682738588382406 }, "geometry": { "type": "LineString", "coordinates": [ [ -2.739303575426107, 53.34327366973249 ], [ -2.738903040673516, 53.342124417289469 ] ] } },
{ "type": "Feature", "properties": { "id": 50787, "nach": 0.8682738588382406 }, "geometry": { "type": "LineString", "coordinates": [ [ -2.738903040673516, 53.342124417289469 ], [ -2.73811466096897, 53.341549821898397 ] ] } },
{ "type": "Feature", "properties": { "id": 47303, "nach": 0.83386576587587935 }, "geometry": { "type": "LineString", "coordinates": [ [ -2.739358700939558, 53.343278718578262 ], [ -2.738999019102352, 53.342136720116656 ] ] } },
{ "type": "Feature", "properties": { "id": 47303, "nach": 0.83386576587587935 }, "geometry": { "type": "LineString", "coordinates": [ [ -2.738999019102352, 53.342136720116656 ], [ -2.73814439663049, 53.341495449831982 ] ] } },
{ "type": "Feature", "properties": { "id": 14798, "nach": 0.75546242760138815 }, "geometry": { "type": "LineString", "coordinates": [ [ -2.739358700939558, 53.343278718578262 ], [ -2.739303575426107, 53.34327366973249 ] ] } },
{ "type": "Feature", "properties": { "id": 47303, "nach": 0.83386576587587935 }, "geometry": { "type": "LineString", "coordinates": [ [ -2.73814439663049, 53.341495449831982 ], [ -2.737908785836729, 53.341351175521162 ] ] } },
{ "type": "Feature", "properties": { "id": 14843, "nach": 0.71836029641095944 }, "geometry": { "type": "LineString", "coordinates": [ [ -2.73814439663049, 53.341495449831982 ], [ -2.73811466096897, 53.341549821898397 ] ] } },
{ "type": "Feature", "properties": { "id": 47303, "nach": 0.83386576587587935 }, "geometry": { "type": "LineString", "coordinates": [ [ -2.737908785836729, 53.341351175521162 ], [ -2.737386198148153, 53.341041160386609 ] ] } },
{ "type": "Feature", "properties": { "id": 30866, "nach": 0.78747672082667841 }, "geometry": { "type": "LineString", "coordinates": [ [ -2.738364348160031, 53.341211954251996 ], [ -2.737908785836729, 53.341351175521162 ] ] } },
{ "type": "Feature", "properties": { "id": 30866, "nach": 0.78747672082667841 }, "geometry": { "type": "LineString", "coordinates": [ [ -2.737908785836729, 53.341351175521162 ], [ -2.737806492479486, 53.341367922857145 ] ] } },
{ "type": "Feature", "properties": { "id": 47303, "nach": 0.83386576587587935 }, "geometry": { "type": "LineString", "coordinates": [ [ -2.737386198148153, 53.341041160386609 ], [ -2.737190071418717, 53.340927686763351 ] ] } },
{ "type": "Feature", "properties": { "id": 47303, "nach": 0.83386576587587935 }, "geometry": { "type": "LineString", "coordinates": [ [ -2.737190071418717, 53.340927686763351 ], [ -2.737037898416872, 53.340839642903696 ] ] } },
{ "type": "Feature", "properties": { "id": 47303, "nach": 0.83386576587587935 }, "geometry": { "type": "LineString", "coordinates": [ [ -2.737037898416872, 53.340839642903696 ], [ -2.736898164637991, 53.340758795577948 ] ] } },
{ "type": "Feature", "properties": { "id": 34168, "nach": 0.78862501637355376 }, "geometry": { "type": "LineString", "coordinates": [ [ -2.737037898416872, 53.340839642903696 ], [ -2.736947035908221, 53.340860608270965 ] ] } },
{ "type": "Feature", "properties": { "id": 47303, "nach": 0.83386576587587935 }, "geometry": { "type": "LineString", "coordinates": [ [ -2.736898164637991, 53.340758795577948 ], [ -2.736478361872944, 53.340515902634621 ] ] } },
{ "type": "Feature", "properties": { "id": 34173, "nach": 0.75000191328916221 }, "geometry": { "type": "LineString", "coordinates": [ [ -2.736898164637991, 53.340758795577948 ], [ -2.736791394059099, 53.340768734919443 ] ] } },
{ "type": "Feature", "properties": { "id": 50789, "nach": 0.7194559953967532 }, "geometry": { "type": "LineString", "coordinates": [ [ -2.736377653508207, 53.340526041031097 ], [ -2.736478361872944, 53.340515902634621 ] ] } },
{ "type": "Feature", "properties": { "id": 50787, "nach": 0.8682738588382406 }, "geometry": { "type": "LineString", "coordinates": [ [ -2.73811466096897, 53.341549821898397 ], [ -2.737806492479486, 53.341367922857145 ] ] } },
{ "type": "Feature", "properties": { "id": 50787, "nach": 0.8682738588382406 }, "geometry": { "type": "LineString", "coordinates": [ [ -2.737806492479486, 53.341367922857145 ], [ -2.737479389917804, 53.341174845103744 ] ] } },
{ "type": "Feature", "properties": { "id": 50787, "nach": 0.8682738588382406 }, "geometry": { "type": "LineString", "coordinates": [ [ -2.737479389917804, 53.341174845103744 ], [ -2.737422020928105, 53.341140981810462 ] ] } },
{ "type": "Feature", "properties": { "id": 50787, "nach": 0.8682738588382406 }, "geometry": { "type": "LineString", "coordinates": [ [ -2.737422020928105, 53.341140981810462 ], [ -2.737285142164303, 53.34106018579697 ] ] } },
{ "type": "Feature", "properties": { "id": 50787, "nach": 0.8682738588382406 }, "geometry": { "type": "LineString", "coordinates": [ [ -2.737285142164303, 53.34106018579697 ], [ -2.737214965331152, 53.341018762027453 ] ] } },
{ "type": "Feature", "properties": { "id": 50787, "nach": 0.8682738588382406 }, "geometry": { "type": "LineString", "coordinates": [ [ -2.737214965331152, 53.341018762027453 ], [ -2.737093718133239, 53.340947192293527 ] ] } },
{ "type": "Feature", "properties": { "id": 50787, "nach": 0.8682738588382406 }, "geometry": { "type": "LineString", "coordinates": [ [ -2.737093718133239, 53.340947192293527 ], [ -2.736947035908221, 53.340860608270965 ] ] } },
{ "type": "Feature", "properties": { "id": 50787, "nach": 0.8682738588382406 }, "geometry": { "type": "LineString", "coordinates": [ [ -2.736947035908221, 53.340860608270965 ], [ -2.736791394059099, 53.340768734919443 ] ] } },
{ "type": "Feature", "properties": { "id": 50787, "nach": 0.8682738588382406 }, "geometry": { "type": "LineString", "coordinates": [ [ -2.736791394059099, 53.340768734919443 ], [ -2.736377653508207, 53.340526041031097 ] ] } }
]
}
