{
"type": "FeatureCollection",
"name": "a4d200e73fa1_visibility",
"crs": { "type": "name", "properties": { "name": "urn:ogc:def:crs:OGC:1.3:CRS84" } },
"features": [
{ "type": "Feature", "properties": { "visible_points": 4, "total_points": 59, "visibility_pct": 6.7796610169491522 }, "geometry": { "type": "Point", "coordinates": [ -2.536182950569581, 53.254326264238749 ] } },
{ "type": "Feature", "properties": { "visible_points": 5, "total_points": 63, "visibility_pct": 7.9365079365079358 }, "geometry": { "type": "Point", "coordinates": [ -2.535975270322909, 53.254327199639313 ] } },
{ "type": "Feature", "properties": { "visible_points": 1, "total_points": 65, "visibility_pct": 1.5384615384615385 }, "geometry": { "type": "Point", "coordinates": [ -2.535767590064588, 53.254328134678026 ] } },
{ "type": "Feature", "properties": { "visible_points": 30, "total_points": 71, "visibility_pct": 42.25352112676056 }, "geometry": { "type": "Point", "coordinates": [ -2.536080462651356, 53.25443459332714 ] } },
{ "type": "Feature", "properties": { "visible_points": 33, "total_points": 75, "visibility_pct": 44.0 }, "geometry": { "type": "Point", "coordinates": [ -2.535872781871483, 53.254435528549386 ] } },
{ "type": "Feature", "properties": { "visible_points": 0, "total_points": 77, "visibility_pct": 0.0 }, "geometry": { "type": "Point", "coordinates": [ -2.535665101079961, 53.25443646340986 ] } },
{ "type": "Feature", "properties": { "visible_points": 7, "total_points": 77, "visibility_pct": 9.0909090909090917 }, "geometry": { "type": "Point", "coordinates": [ -2.535457420276791, 53.254437397908511 ] } },
{ "type": "Feature", "properties": { "visible_points": 35, "total_points": 79, "visibility_pct": 44.303797468354425 }, "geometry": { "type": "Point", "coordinates": [ -2.53618565551299, 53.254541986919953 ] } },
{ "type": "Feature", "properties": { "visible_points": 40, "total_points": 84, "visibility_pct": 47.619047619047613 }, "geometry": { "type": "Point", "coordinates": [ -2.535977974211561, 53.254542922325712 ] } },
{ "type": "Feature", "properties": { "visible_points": 42, "total_points": 87, "visibility_pct": 48.275862068965516 }, "geometry": { "type": "Point", "coordinates": [ -2.535770292898483, 53.254543857369683 ] } },
{ "type": "Feature", "properties": { "visible_points": 45, "total_points": 89, "visibility_pct": 50.561797752808992 }, "geometry": { "type": "Point", "coordinates": [ -2.535562611573752, 53.254544792051846 ] } },
{ "type": "Feature", "properties": { "visible_points": 0, "total_points": 88, "visibility_pct": 0.0 }, "geometry": { "type": "Point", "coordinates": [ -2.535354930237386, 53.254545726372214 ] } },
{ "type": "Feature", "properties": { "visible_points": 9, "total_points": 82, "visibility_pct": 10.975609756097562 }, "geometry": { "type": "Point", "coordinates": [ -2.535147248889376, 53.254546660330803 ] } },
{ "type": "Feature", "properties": { "visible_points": 38, "total_points": 85, "visibility_pct": 44.705882352941181 }, "geometry": { "type": "Point", "coordinates": [ -2.536290848907818, 53.254649380417739 ] } },
{ "type": "Feature", "properties": { "visible_points": 48, "total_points": 92, "visibility_pct": 52.173913043478258 }, "geometry": { "type": "Point", "coordinates": [ -2.536083167084831, 53.254650316007023 ] } },
{ "type": "Feature", "properties": { "visible_points": 50, "total_points": 97, "visibility_pct": 51.546391752577314 }, "geometry": { "type": "Point", "coordinates": [ -2.535875485250191, 53.254651251234485 ] } },
{ "type": "Feature", "properties": { "visible_points": 49, "total_points": 100, "visibility_pct": 49.0 }, "geometry": { "type": "Point", "coordinates": [ -2.535667803403904, 53.254652186100166 ] } },
{ "type": "Feature", "properties": { "visible_points": 50, "total_points": 100, "visibility_pct": 50.0 }, "geometry": { "type": "Point", "coordinates": [ -2.535460121545969, 53.254653120604033 ] } },
{ "type": "Feature", "properties": { "visible_points": 56, "total_points": 95, "visibility_pct": 58.947368421052623 }, "geometry": { "type": "Point", "coordinates": [ -2.535252439676392, 53.254654054746126 ] } },
{ "type": "Feature", "properties": { "visible_points": 32, "total_points": 89, "visibility_pct": 35.955056179775283 }, "geometry": { "type": "Point", "coordinates": [ -2.535044757795184, 53.254654988526411 ] } },
{ "type": "Feature", "properties": { "visible_points": 0, "total_points": 82, "visibility_pct": 0.0 }, "geometry": { "type": "Point", "coordinates": [ -2.534837075902344, 53.254655921944895 ] } },
{ "type": "Feature", "properties": { "visible_points": 0, "total_points": 87, "visibility_pct": 0.0 }, "geometry": { "type": "Point", "coordinates": [ -2.536396042835841, 53.25475677382051 ] } },
{ "type": "Feature", "properties": { "visible_points": 54, "total_points": 98, "visibility_pct": 55.102040816326522 }, "geometry": { "type": "Point", "coordinates": [ -2.536188360491297, 53.254757709593278 ] } },
{ "type": "Feature", "properties": { "visible_points": 59, "total_points": 105, "visibility_pct": 56.19047619047619 }, "geometry": { "type": "Point", "coordinates": [ -2.535980678135093, 53.254758645004266 ] } },
{ "type": "Feature", "properties": { "visible_points": 62, "total_points": 110, "visibility_pct": 56.36363636363636 }, "geometry": { "type": "Point", "coordinates": [ -2.535772995767239, 53.254759580053438 ] } },
{ "type": "Feature", "properties": { "visible_points": 62, "total_points": 111, "visibility_pct": 55.85585585585585 }, "geometry": { "type": "Point", "coordinates": [ -2.53556531338774, 53.254760514740838 ] } },
{ "type": "Feature", "properties": { "visible_points": 63, "total_points": 106, "visibility_pct": 59.433962264150942 }, "geometry": { "type": "Point", "coordinates": [ -2.535357630996596, 53.254761449066407 ] } },
{ "type": "Feature", "properties": { "visible_points": 63, "total_points": 100, "visibility_pct": 63.0 }, "geometry": { "type": "Point", "coordinates": [ -2.535149948593813, 53.254762383030219 ] } },
{ "type": "Feature", "properties": { "visible_points": 62, "total_points": 95, "visibility_pct": 65.26315789473685 }, "geometry": { "type": "Point", "coordinates": [ -2.5349422661794, 53.254763316632207 ] } },
{ "type": "Feature", "properties": { "visible_points": 46, "total_points": 89, "visibility_pct": 51.68539325842697 }, "geometry": { "type": "Point", "coordinates": [ -2.534734583729331, 53.25476424985316 ] } },
{ "type": "Feature", "properties": { "visible_points": 0, "total_points": 83, "visibility_pct": 0.0 }, "geometry": { "type": "Point", "coordinates": [ -2.534526901202842, 53.254765182571191 ] } },
{ "type": "Feature", "properties": { "visible_points": 3, "total_points": 86, "visibility_pct": 3.4883720930232558 }, "geometry": { "type": "Point", "coordinates": [ -2.536501237297065, 53.25486416712824 ] } },
{ "type": "Feature", "properties": { "visible_points": 56, "total_points": 97, "visibility_pct": 57.731958762886592 }, "geometry": { "type": "Point", "coordinates": [ -2.536293554430961, 53.254865103084526 ] } },
{ "type": "Feature", "properties": { "visible_points": 66, "total_points": 107, "visibility_pct": 61.682242990654203 }, "geometry": { "type": "Point", "coordinates": [ -2.536085871553197, 53.254866038679012 ] } },
{ "type": "Feature", "properties": { "visible_points": 66, "total_points": 115, "visibility_pct": 57.391304347826086 }, "geometry": { "type": "Point", "coordinates": [ -2.535878188663772, 53.254866973911703 ] } },
{ "type": "Feature", "properties": { "visible_points": 72, "total_points": 118, "visibility_pct": 61.016949152542374 }, "geometry": { "type": "Point", "coordinates": [ -2.535670505762704, 53.2548679087826 ] } },
{ "type": "Feature", "properties": { "visible_points": 74, "total_points": 115, "visibility_pct": 64.347826086956516 }, "geometry": { "type": "Point", "coordinates": [ -2.535462822849988, 53.254868843291696 ] } },
{ "type": "Feature", "properties": { "visible_points": 77, "total_points": 111, "visibility_pct": 69.369369369369366 }, "geometry": { "type": "Point", "coordinates": [ -2.535255139925637, 53.254869777438984 ] } },
{ "type": "Feature", "properties": { "visible_points": 74, "total_points": 106, "visibility_pct": 69.811320754716974 }, "geometry": { "type": "Point", "coordinates": [ -2.535047456989644, 53.254870711224491 ] } },
{ "type": "Feature", "properties": { "visible_points": 64, "total_points": 100, "visibility_pct": 64.0 }, "geometry": { "type": "Point", "coordinates": [ -2.534839774042025, 53.25487164464819 ] } },
{ "type": "Feature", "properties": { "visible_points": 54, "total_points": 95, "visibility_pct": 56.84210526315789 }, "geometry": { "type": "Point", "coordinates": [ -2.534632091028097, 53.254872577622308 ] } },
{ "type": "Feature", "properties": { "visible_points": 15, "total_points": 90, "visibility_pct": 16.666666666666664 }, "geometry": { "type": "Point", "coordinates": [ -2.534424407944795, 53.254873510136761 ] } },
{ "type": "Feature", "properties": { "visible_points": 0, "total_points": 84, "visibility_pct": 0.0 }, "geometry": { "type": "Point", "coordinates": [ -2.534216724847693, 53.254874442287637 ] } },
{ "type": "Feature", "properties": { "visible_points": 10, "total_points": 85, "visibility_pct": 11.76470588235294 }, "geometry": { "type": "Point", "coordinates": [ -2.536606432291499, 53.254971560340934 ] } },
{ "type": "Feature", "properties": { "visible_points": 55, "total_points": 96, "visibility_pct": 57.291666666666664 }, "geometry": { "type": "Point", "coordinates": [ -2.536398748903827, 53.25497249648074 ] } },
{ "type": "Feature", "properties": { "visible_points": 67, "total_points": 106, "visibility_pct": 63.20754716981132 }, "geometry": { "type": "Point", "coordinates": [ -2.536191065504496, 53.25497343225873 ] } },
{ "type": "Feature", "properties": { "visible_points": 73, "total_points": 115, "visibility_pct": 63.478260869565219 }, "geometry": { "type": "Point", "coordinates": [ -2.535983382093508, 53.25497436767494 ] } },
{ "type": "Feature", "properties": { "visible_points": 77, "total_points": 120, "visibility_pct": 64.166666666666671 }, "geometry": { "type": "Point", "coordinates": [ -2.535775698670864, 53.254975302729349 ] } },
{ "type": "Feature", "properties": { "visible_points": 80, "total_points": 120, "visibility_pct": 66.666666666666657 }, "geometry": { "type": "Point", "coordinates": [ -2.53556801523658, 53.254976237421943 ] } },
{ "type": "Feature", "properties": { "visible_points": 86, "total_points": 118, "visibility_pct": 72.881355932203391 }, "geometry": { "type": "Point", "coordinates": [ -2.535360331790649, 53.254977171752749 ] } },
{ "type": "Feature", "properties": { "visible_points": 83, "total_points": 115, "visibility_pct": 72.173913043478265 }, "geometry": { "type": "Point", "coordinates": [ -2.535152648333081, 53.254978105721747 ] } },
{ "type": "Feature", "properties": { "visible_points": 80, "total_points": 111, "visibility_pct": 72.072072072072075 }, "geometry": { "type": "Point", "coordinates": [ -2.534944964863875, 53.254979039328965 ] } },
{ "type": "Feature", "properties": { "visible_points": 64, "total_points": 106, "visibility_pct": 60.377358490566039 }, "geometry": { "type": "Point", "coordinates": [ -2.534737281360651, 53.254979972555383 ] } },
{ "type": "Feature", "properties": { "visible_points": 52, "total_points": 101, "visibility_pct": 51.485148514851488 }, "geometry": { "type": "Point", "coordinates": [ -2.534529597783836, 53.254980905278138 ] } },
{ "type": "Feature", "properties": { "visible_points": 47, "total_points": 96, "visibility_pct": 48.958333333333329 }, "geometry": { "type": "Point", "coordinates": [ -2.534321914167527, 53.25498183761114 ] } },
{ "type": "Feature", "properties": { "visible_points": 0, "total_points": 91, "visibility_pct": 0.0 }, "geometry": { "type": "Point", "coordinates": [ -2.534114230539649, 53.254982769582334 ] } },
{ "type": "Feature", "properties": { "visible_points": 25, "total_points": 85, "visibility_pct": 29.411764705882355 }, "geometry": { "type": "Point", "coordinates": [ -2.533906546900195, 53.254983701191691 ] } },
{ "type": "Feature", "properties": { "visible_points": 0, "total_points": 80, "visibility_pct": 0.0 }, "geometry": { "type": "Point", "coordinates": [ -2.533698863249183, 53.254984632439225 ] } },
{ "type": "Feature", "properties": { "visible_points": 9, "total_points": 84, "visibility_pct": 10.714285714285714 }, "geometry": { "type": "Point", "coordinates": [ -2.536711627819144, 53.2550789534586 ] } },
{ "type": "Feature", "properties": { "visible_points": 53, "total_points": 95, "visibility_pct": 55.78947368421052 }, "geometry": { "type": "Point", "coordinates": [ -2.536503943909902, 53.255079889781932 ] } },
{ "type": "Feature", "properties": { "visible_points": 67, "total_points": 105, "visibility_pct": 63.809523809523803 }, "geometry": { "type": "Point", "coordinates": [ -2.536296259989005, 53.255080825743448 ] } },
{ "type": "Feature", "properties": { "visible_points": 76, "total_points": 114, "visibility_pct": 66.666666666666657 }, "geometry": { "type": "Point", "coordinates": [ -2.536088576056446, 53.255081761343156 ] } },
{ "type": "Feature", "properties": { "visible_points": 85, "total_points": 120, "visibility_pct": 70.833333333333343 }, "geometry": { "type": "Point", "coordinates": [ -2.535880892112234, 53.25508269658107 ] } },
{ "type": "Feature", "properties": { "visible_points": 90, "total_points": 120, "visibility_pct": 75.0 }, "geometry": { "type": "Point", "coordinates": [ -2.535673208156367, 53.255083631457168 ] } },
{ "type": "Feature", "properties": { "visible_points": 91, "total_points": 120, "visibility_pct": 75.833333333333329 }, "geometry": { "type": "Point", "coordinates": [ -2.535465524188861, 53.255084565971494 ] } },
{ "type": "Feature", "properties": { "visible_points": 94, "total_points": 120, "visibility_pct": 78.333333333333329 }, "geometry": { "type": "Point", "coordinates": [ -2.535257840209713, 53.255085500124004 ] } },
{ "type": "Feature", "properties": { "visible_points": 90, "total_points": 118, "visibility_pct": 76.271186440677965 }, "geometry": { "type": "Point", "coordinates": [ -2.535050156218926, 53.255086433914713 ] } },
{ "type": "Feature", "properties": { "visible_points": 77, "total_points": 115, "visibility_pct": 66.956521739130437 }, "geometry": { "type": "Point", "coordinates": [ -2.534842472216512, 53.25508736734362 ] } },
{ "type": "Feature", "properties": { "visible_points": 66, "total_points": 111, "visibility_pct": 59.45945945945946 }, "geometry": { "type": "Point", "coordinates": [ -2.534634788150877, 53.255088300323578 ] } },
{ "type": "Feature", "properties": { "visible_points": 58, "total_points": 107, "visibility_pct": 54.205607476635507 }, "geometry": { "type": "Point", "coordinates": [ -2.534427104018126, 53.255089232841016 ] } },
{ "type": "Feature", "properties": { "visible_points": 45, "total_points": 102, "visibility_pct": 44.117647058823529 }, "geometry": { "type": "Point", "coordinates": [ -2.534219419871036, 53.255090164994328 ] } },
{ "type": "Feature", "properties": { "visible_points": 34, "total_points": 97, "visibility_pct": 35.051546391752574 }, "geometry": { "type": "Point", "coordinates": [ -2.534011735712376, 53.255091096785819 ] } },
{ "type": "Feature", "properties": { "visible_points": 35, "total_points": 92, "visibility_pct": 38.04347826086957 }, "geometry": { "type": "Point", "coordinates": [ -2.533804051542146, 53.255092028215486 ] } },
{ "type": "Feature", "properties": { "visible_points": 0, "total_points": 87, "visibility_pct": 0.0 }, "geometry": { "type": "Point", "coordinates": [ -2.533596367360354, 53.25509295928331 ] } },
{ "type": "Feature", "properties": { "visible_points": 0, "total_points": 82, "visibility_pct": 0.0 }, "geometry": { "type": "Point", "coordinates": [ -2.533388683167008, 53.255093889989325 ] } },
{ "type": "Feature", "properties": { "visible_points": 6, "total_points": 82, "visibility_pct": 7.3170731707317067 }, "geometry": { "type": "Point", "coordinates": [ -2.536816823880002, 53.255186346481246 ] } },
{ "type": "Feature", "properties": { "visible_points": 44, "total_points": 94, "visibility_pct": 46.808510638297875 }, "geometry": { "type": "Point", "coordinates": [ -2.536609139449193, 53.255187282988068 ] } },
{ "type": "Feature", "properties": { "visible_points": 58, "total_points": 104, "visibility_pct": 55.769230769230774 }, "geometry": { "type": "Point", "coordinates": [ -2.536401455006724, 53.25518821913311 ] } },
{ "type": "Feature", "properties": { "visible_points": 69, "total_points": 113, "visibility_pct": 61.06194690265486 }, "geometry": { "type": "Point", "coordinates": [ -2.536193770552592, 53.25518915491633 ] } },
{ "type": "Feature", "properties": { "visible_points": 79, "total_points": 120, "visibility_pct": 65.833333333333329 }, "geometry": { "type": "Point", "coordinates": [ -2.535986086086801, 53.255190090337749 ] } },
{ "type": "Feature", "properties": { "visible_points": 91, "total_points": 120, "visibility_pct": 75.833333333333329 }, "geometry": { "type": "Point", "coordinates": [ -2.535778401609359, 53.25519102539738 ] } },
{ "type": "Feature", "properties": { "visible_points": 98, "total_points": 120, "visibility_pct": 81.666666666666671 }, "geometry": { "type": "Point", "coordinates": [ -2.535570717120276, 53.255191960095217 ] } },
{ "type": "Feature", "properties": { "visible_points": 95, "total_points": 120, "visibility_pct": 79.166666666666657 }, "geometry": { "type": "Point", "coordinates": [ -2.535363032619541, 53.255192894431225 ] } },
{ "type": "Feature", "properties": { "visible_points": 99, "total_points": 120, "visibility_pct": 82.5 }, "geometry": { "type": "Point", "coordinates": [ -2.535155348107173, 53.255193828405432 ] } },
{ "type": "Feature", "properties": { "visible_points": 88, "total_points": 120, "visibility_pct": 73.333333333333329 }, "geometry": { "type": "Point", "coordinates": [ -2.534947663583173, 53.255194762017858 ] } },
{ "type": "Feature", "properties": { "visible_points": 77, "total_points": 118, "visibility_pct": 65.254237288135599 }, "geometry": { "type": "Point", "coordinates": [ -2.534739979026719, 53.255195695249739 ] } },
{ "type": "Feature", "properties": { "visible_points": 64, "total_points": 115, "visibility_pct": 55.652173913043477 }, "geometry": { "type": "Point", "coordinates": [ -2.534532294399488, 53.25519662797727 ] } },
{ "type": "Feature", "properties": { "visible_points": 59, "total_points": 112, "visibility_pct": 52.678571428571431 }, "geometry": { "type": "Point", "coordinates": [ -2.534324609733189, 53.255197560312716 ] } },
{ "type": "Feature", "properties": { "visible_points": 58, "total_points": 108, "visibility_pct": 53.703703703703709 }, "geometry": { "type": "Point", "coordinates": [ -2.534116925055317, 53.255198492286333 ] } },
{ "type": "Feature", "properties": { "visible_points": 43, "total_points": 103, "visibility_pct": 41.747572815533978 }, "geometry": { "type": "Point", "coordinates": [ -2.533909240365869, 53.255199423898134 ] } },
{ "type": "Feature", "properties": { "visible_points": 42, "total_points": 99, "visibility_pct": 42.424242424242422 }, "geometry": { "type": "Point", "coordinates": [ -2.533701555664859, 53.255200355148077 ] } },
{ "type": "Feature", "properties": { "visible_points": 0, "total_points": 94, "visibility_pct": 0.0 }, "geometry": { "type": "Point", "coordinates": [ -2.533493870952295, 53.255201286036211 ] } },
{ "type": "Feature", "properties": { "visible_points": 0, "total_points": 89, "visibility_pct": 0.0 }, "geometry": { "type": "Point", "coordinates": [ -2.533286186228162, 53.255202216562516 ] } },
{ "type": "Feature", "properties": { "visible_points": 0, "total_points": 84, "visibility_pct": 0.0 }, "geometry": { "type": "Point", "coordinates": [ -2.533078501492483, 53.255203146727013 ] } },
{ "type": "Feature", "properties": { "visible_points": 0, "total_points": 78, "visibility_pct": 0.0 }, "geometry": { "type": "Point", "coordinates": [ -2.53287081674526, 53.255204076529665 ] } },
{ "type": "Feature", "properties": { "visible_points": 12, "total_points": 79, "visibility_pct": 15.18987341772152 }, "geometry": { "type": "Point", "coordinates": [ -2.536922020474075, 53.255293739408842 ] } },
{ "type": "Feature", "properties": { "visible_points": 36, "total_points": 92, "visibility_pct": 39.130434782608695 }, "geometry": { "type": "Point", "coordinates": [ -2.536714335521705, 53.25529467609919 ] } },
{ "type": "Feature", "properties": { "visible_points": 46, "total_points": 103, "visibility_pct": 44.660194174757287 }, "geometry": { "type": "Point", "coordinates": [ -2.536506650557655, 53.255295612427744 ] } },
{ "type": "Feature", "properties": { "visible_points": 58, "total_points": 112, "visibility_pct": 51.785714285714292 }, "geometry": { "type": "Point", "coordinates": [ -2.536298965581953, 53.255296548394483 ] } },
{ "type": "Feature", "properties": { "visible_points": 67, "total_points": 119, "visibility_pct": 56.30252100840336 }, "geometry": { "type": "Point", "coordinates": [ -2.536091280594585, 53.255297483999435 ] } },
{ "type": "Feature", "properties": { "visible_points": 83, "total_points": 120, "visibility_pct": 69.166666666666671 }, "geometry": { "type": "Point", "coordinates": [ -2.535883595595566, 53.255298419242564 ] } },
{ "type": "Feature", "properties": { "visible_points": 91, "total_points": 120, "visibility_pct": 75.833333333333329 }, "geometry": { "type": "Point", "coordinates": [ -2.535675910584893, 53.255299354123892 ] } },
{ "type": "Feature", "properties": { "visible_points": 99, "total_points": 120, "visibility_pct": 82.5 }, "geometry": { "type": "Point", "coordinates": [ -2.535468225562578, 53.255300288643426 ] } },
{ "type": "Feature", "properties": { "visible_points": 98, "total_points": 120, "visibility_pct": 81.666666666666671 }, "geometry": { "type": "Point", "coordinates": [ -2.53526054052862, 53.255301222801137 ] } },
{ "type": "Feature", "properties": { "visible_points": 97, "total_points": 120, "visibility_pct": 80.833333333333329 }, "geometry": { "type": "Point", "coordinates": [ -2.535052855483031, 53.255302156597054 ] } },
{ "type": "Feature", "properties": { "visible_points": 85, "total_points": 120, "visibility_pct": 70.833333333333343 }, "geometry": { "type": "Point", "coordinates": [ -2.534845170425806, 53.25530309003117 ] } },
{ "type": "Feature", "properties": { "visible_points": 69, "total_points": 120, "visibility_pct": 57.5 }, "geometry": { "type": "Point", "coordinates": [ -2.534637485308383, 53.255304023017004 ] } },
{ "type": "Feature", "properties": { "visible_points": 60, "total_points": 118, "visibility_pct": 50.847457627118644 }, "geometry": { "type": "Point", "coordinates": [ -2.534429800126113, 53.255304955537461 ] } },
{ "type": "Feature", "properties": { "visible_points": 54, "total_points": 116, "visibility_pct": 46.551724137931032 }, "geometry": { "type": "Point", "coordinates": [ -2.534222114929024, 53.255305887693233 ] } },
{ "type": "Feature", "properties": { "visible_points": 56, "total_points": 113, "visibility_pct": 49.557522123893804 }, "geometry": { "type": "Point", "coordinates": [ -2.534014429720361, 53.255306819487139 ] } },
{ "type": "Feature", "properties": { "visible_points": 58, "total_points": 109, "visibility_pct": 53.211009174311933 }, "geometry": { "type": "Point", "coordinates": [ -2.533806744500128, 53.255307750919215 ] } },
{ "type": "Feature", "properties": { "visible_points": 51, "total_points": 105, "visibility_pct": 48.571428571428569 }, "geometry": { "type": "Point", "coordinates": [ -2.533599059268338, 53.255308681989476 ] } },
{ "type": "Feature", "properties": { "visible_points": 48, "total_points": 101, "visibility_pct": 47.524752475247524 }, "geometry": { "type": "Point", "coordinates": [ -2.533391374024985, 53.255309612697914 ] } },
{ "type": "Feature", "properties": { "visible_points": 42, "total_points": 96, "visibility_pct": 43.75 }, "geometry": { "type": "Point", "coordinates": [ -2.53318368877008, 53.25531054304453 ] } },
{ "type": "Feature", "properties": { "visible_points": 0, "total_points": 91, "visibility_pct": 0.0 }, "geometry": { "type": "Point", "coordinates": [ -2.532976003503625, 53.255311473029316 ] } },
{ "type": "Feature", "properties": { "visible_points": 0, "total_points": 86, "visibility_pct": 0.0 }, "geometry": { "type": "Point", "coordinates": [ -2.53276831822562, 53.255312402652251 ] } },
{ "type": "Feature", "properties": { "visible_points": 0, "total_points": 80, "visibility_pct": 0.0 }, "geometry": { "type": "Point", "coordinates": [ -2.532560632936085, 53.255313331913364 ] } },
{ "type": "Feature", "properties": { "visible_points": 5, "total_points": 74, "visibility_pct": 6.756756756756757 }, "geometry": { "type": "Point", "coordinates": [ -2.537027217601381, 53.25540113224141 ] } },
{ "type": "Feature", "properties": { "visible_points": 32, "total_points": 87, "visibility_pct": 36.781609195402297 }, "geometry": { "type": "Point", "coordinates": [ -2.53681953212743, 53.25540206911527 ] } },
{ "type": "Feature", "properties": { "visible_points": 40, "total_points": 100, "visibility_pct": 40.0 }, "geometry": { "type": "Point", "coordinates": [ -2.536611846641814, 53.255403005627336 ] } },
{ "type": "Feature", "properties": { "visible_points": 51, "total_points": 111, "visibility_pct": 45.945945945945951 }, "geometry": { "type": "Point", "coordinates": [ -2.536404161144528, 53.255403941777601 ] } },
{ "type": "Feature", "properties": { "visible_points": 60, "total_points": 118, "visibility_pct": 50.847457627118644 }, "geometry": { "type": "Point", "coordinates": [ -2.536196475635583, 53.255404877566072 ] } },
{ "type": "Feature", "properties": { "visible_points": 72, "total_points": 120, "visibility_pct": 60.0 }, "geometry": { "type": "Point", "coordinates": [ -2.535988790114978, 53.255405812992699 ] } },
{ "type": "Feature", "properties": { "visible_points": 81, "total_points": 120, "visibility_pct": 67.5 }, "geometry": { "type": "Point", "coordinates": [ -2.535781104582726, 53.255406748057553 ] } },
{ "type": "Feature", "properties": { "visible_points": 90, "total_points": 120, "visibility_pct": 75.0 }, "geometry": { "type": "Point", "coordinates": [ -2.535573419038823, 53.255407682760584 ] } },
{ "type": "Feature", "properties": { "visible_points": 91, "total_points": 120, "visibility_pct": 75.833333333333329 }, "geometry": { "type": "Point", "coordinates": [ -2.535365733483276, 53.255408617101814 ] } },
{ "type": "Feature", "properties": { "visible_points": 90, "total_points": 120, "visibility_pct": 75.0 }, "geometry": { "type": "Point", "coordinates": [ -2.535158047916096, 53.255409551081257 ] } },
{ "type": "Feature", "properties": { "visible_points": 86, "total_points": 120, "visibility_pct": 71.666666666666671 }, "geometry": { "type": "Point", "coordinates": [ -2.534950362337277, 53.255410484698871 ] } },
{ "type": "Feature", "properties": { "visible_points": 76, "total_points": 120, "visibility_pct": 63.333333333333329 }, "geometry": { "type": "Point", "coordinates": [ -2.534742676727531, 53.255411417936259 ] } },
{ "type": "Feature", "properties": { "visible_points": 64, "total_points": 120, "visibility_pct": 53.333333333333336 }, "geometry": { "type": "Point", "coordinates": [ -2.534534991049807, 53.255412350668607 ] } },
{ "type": "Feature", "properties": { "visible_points": 56, "total_points": 120, "visibility_pct": 46.666666666666664 }, "geometry": { "type": "Point", "coordinates": [ -2.534327305333504, 53.255413283006483 ] } },
{ "type": "Feature", "properties": { "visible_points": 45, "total_points": 119, "visibility_pct": 37.815126050420169 }, "geometry": { "type": "Point", "coordinates": [ -2.534119619605617, 53.25541421498253 ] } },
{ "type": "Feature", "properties": { "visible_points": 53, "total_points": 117, "visibility_pct": 45.299145299145302 }, "geometry": { "type": "Point", "coordinates": [ -2.533911933866166, 53.255415146596761 ] } },
{ "type": "Feature", "properties": { "visible_points": 52, "total_points": 114, "visibility_pct": 45.614035087719294 }, "geometry": { "type": "Point", "coordinates": [ -2.533704248115149, 53.255416077849141 ] } },
{ "type": "Feature", "properties": { "visible_points": 55, "total_points": 111, "visibility_pct": 49.549549549549546 }, "geometry": { "type": "Point", "coordinates": [ -2.533496562352571, 53.255417008739713 ] } },
{ "type": "Feature", "properties": { "visible_points": 57, "total_points": 107, "visibility_pct": 53.271028037383175 }, "geometry": { "type": "Point", "coordinates": [ -2.533288876578434, 53.255417939268426 ] } },
{ "type": "Feature", "properties": { "visible_points": 58, "total_points": 103, "visibility_pct": 56.310679611650485 }, "geometry": { "type": "Point", "coordinates": [ -2.533081190792749, 53.255418869435331 ] } },
{ "type": "Feature", "properties": { "visible_points": 56, "total_points": 98, "visibility_pct": 57.142857142857139 }, "geometry": { "type": "Point", "coordinates": [ -2.532873504995512, 53.2554197992404 ] } },
{ "type": "Feature", "properties": { "visible_points": 52, "total_points": 93, "visibility_pct": 55.913978494623649 }, "geometry": { "type": "Point", "coordinates": [ -2.532665819186735, 53.255420728683646 ] } },
{ "type": "Feature", "properties": { "visible_points": 50, "total_points": 87, "visibility_pct": 57.47126436781609 }, "geometry": { "type": "Point", "coordinates": [ -2.532458133366415, 53.255421657765055 ] } },
{ "type": "Feature", "properties": { "visible_points": 43, "total_points": 81, "visibility_pct": 53.086419753086425 }, "geometry": { "type": "Point", "coordinates": [ -2.532250447534571, 53.25542258648462 ] } },
{ "type": "Feature", "properties": { "visible_points": 6, "total_points": 68, "visibility_pct": 8.8235294117647065 }, "geometry": { "type": "Point", "coordinates": [ -2.53713241526191, 53.255508524978929 ] } },
{ "type": "Feature", "properties": { "visible_points": 27, "total_points": 81, "visibility_pct": 33.333333333333329 }, "geometry": { "type": "Point", "coordinates": [ -2.536924729266387, 53.255509462036322 ] } },
{ "type": "Feature", "properties": { "visible_points": 34, "total_points": 94, "visibility_pct": 36.170212765957451 }, "geometry": { "type": "Point", "coordinates": [ -2.536717043259191, 53.255510398731914 ] } },
{ "type": "Feature", "properties": { "visible_points": 40, "total_points": 107, "visibility_pct": 37.383177570093459 }, "geometry": { "type": "Point", "coordinates": [ -2.536509357240329, 53.255511335065684 ] } },
{ "type": "Feature", "properties": { "visible_points": 51, "total_points": 117, "visibility_pct": 43.589743589743591 }, "geometry": { "type": "Point", "coordinates": [ -2.536301671209801, 53.255512271037659 ] } },
{ "type": "Feature", "properties": { "visible_points": 59, "total_points": 120, "visibility_pct": 49.166666666666664 }, "geometry": { "type": "Point", "coordinates": [ -2.536093985167615, 53.255513206647827 ] } },
{ "type": "Feature", "properties": { "visible_points": 72, "total_points": 120, "visibility_pct": 60.0 }, "geometry": { "type": "Point", "coordinates": [ -2.535886299113775, 53.255514141896178 ] } },
{ "type": "Feature", "properties": { "visible_points": 81, "total_points": 120, "visibility_pct": 67.5 }, "geometry": { "type": "Point", "coordinates": [ -2.535678613048284, 53.255515076782743 ] } },
{ "type": "Feature", "properties": { "visible_points": 87, "total_points": 120, "visibility_pct": 72.5 }, "geometry": { "type": "Point", "coordinates": [ -2.535470926971146, 53.255516011307492 ] } },
{ "type": "Feature", "properties": { "visible_points": 88, "total_points": 120, "visibility_pct": 73.333333333333329 }, "geometry": { "type": "Point", "coordinates": [ -2.535263240882368, 53.255516945470411 ] } },
{ "type": "Feature", "properties": { "visible_points": 82, "total_points": 120, "visibility_pct": 68.333333333333329 }, "geometry": { "type": "Point", "coordinates": [ -2.535055554781954, 53.255517879271537 ] } },
{ "type": "Feature", "properties": { "visible_points": 77, "total_points": 120, "visibility_pct": 64.166666666666671 }, "geometry": { "type": "Point", "coordinates": [ -2.534847868669909, 53.255518812710854 ] } },
{ "type": "Feature", "properties": { "visible_points": 65, "total_points": 120, "visibility_pct": 54.166666666666664 }, "geometry": { "type": "Point", "coordinates": [ -2.534640182500614, 53.255519745702621 ] } },
{ "type": "Feature", "properties": { "visible_points": 56, "total_points": 120, "visibility_pct": 46.666666666666664 }, "geometry": { "type": "Point", "coordinates": [ -2.534432496268757, 53.255520678226141 ] } },
{ "type": "Feature", "properties": { "visible_points": 44, "total_points": 120, "visibility_pct": 36.666666666666664 }, "geometry": { "type": "Point", "coordinates": [ -2.53422481002165, 53.255521610384299 ] } },
{ "type": "Feature", "properties": { "visible_points": 36, "total_points": 120, "visibility_pct": 30.0 }, "geometry": { "type": "Point", "coordinates": [ -2.534017123762976, 53.255522542180664 ] } },
{ "type": "Feature", "properties": { "visible_points": 49, "total_points": 120, "visibility_pct": 40.833333333333336 }, "geometry": { "type": "Point", "coordinates": [ -2.533809437492732, 53.255523473615177 ] } },
{ "type": "Feature", "properties": { "visible_points": 59, "total_points": 118, "visibility_pct": 50.0 }, "geometry": { "type": "Point", "coordinates": [ -2.533601751210921, 53.255524404687854 ] } },
{ "type": "Feature", "properties": { "visible_points": 60, "total_points": 116, "visibility_pct": 51.724137931034484 }, "geometry": { "type": "Point", "coordinates": [ -2.533394064917557, 53.25552533539873 ] } },
{ "type": "Feature", "properties": { "visible_points": 61, "total_points": 113, "visibility_pct": 53.982300884955748 }, "geometry": { "type": "Point", "coordinates": [ -2.533186378612635, 53.255526265747754 ] } },
{ "type": "Feature", "properties": { "visible_points": 63, "total_points": 109, "visibility_pct": 57.798165137614674 }, "geometry": { "type": "Point", "coordinates": [ -2.532978692296163, 53.255527195734921 ] } },
{ "type": "Feature", "properties": { "visible_points": 59, "total_points": 104, "visibility_pct": 56.730769230769226 }, "geometry": { "type": "Point", "coordinates": [ -2.532771005968149, 53.2555281253603 ] } },
{ "type": "Feature", "properties": { "visible_points": 56, "total_points": 99, "visibility_pct": 56.56565656565656 }, "geometry": { "type": "Point", "coordinates": [ -2.53256331962859, 53.255529054623828 ] } },
{ "type": "Feature", "properties": { "visible_points": 54, "total_points": 94, "visibility_pct": 57.446808510638306 }, "geometry": { "type": "Point", "coordinates": [ -2.532355633277494, 53.255529983525534 ] } },
{ "type": "Feature", "properties": { "visible_points": 50, "total_points": 87, "visibility_pct": 57.47126436781609 }, "geometry": { "type": "Point", "coordinates": [ -2.532147946914873, 53.255530912065403 ] } },
{ "type": "Feature", "properties": { "visible_points": 0, "total_points": 81, "visibility_pct": 0.0 }, "geometry": { "type": "Point", "coordinates": [ -2.531940260540718, 53.255531840243428 ] } },
{ "type": "Feature", "properties": { "visible_points": 6, "total_points": 61, "visibility_pct": 9.8360655737704921 }, "geometry": { "type": "Point", "coordinates": [ -2.537237613455673, 53.255615917621419 ] } },
{ "type": "Feature", "properties": { "visible_points": 15, "total_points": 74, "visibility_pct": 20.27027027027027 }, "geometry": { "type": "Point", "coordinates": [ -2.537029926938577, 53.255616854862325 ] } },
{ "type": "Feature", "properties": { "visible_points": 35, "total_points": 87, "visibility_pct": 40.229885057471265 }, "geometry": { "type": "Point", "coordinates": [ -2.536822240409798, 53.255617791741443 ] } },
{ "type": "Feature", "properties": { "visible_points": 49, "total_points": 100, "visibility_pct": 49.0 }, "geometry": { "type": "Point", "coordinates": [ -2.536614553869354, 53.255618728258739 ] } },
{ "type": "Feature", "properties": { "visible_points": 47, "total_points": 112, "visibility_pct": 41.964285714285715 }, "geometry": { "type": "Point", "coordinates": [ -2.536406867317245, 53.25561966441424 ] } },
{ "type": "Feature", "properties": { "visible_points": 53, "total_points": 120, "visibility_pct": 44.166666666666664 }, "geometry": { "type": "Point", "coordinates": [ -2.536199180753472, 53.255620600207898 ] } },
{ "type": "Feature", "properties": { "visible_points": 59, "total_points": 120, "visibility_pct": 49.166666666666664 }, "geometry": { "type": "Point", "coordinates": [ -2.535991494178039, 53.25562153563979 ] } },
{ "type": "Feature", "properties": { "visible_points": 67, "total_points": 120, "visibility_pct": 55.833333333333336 }, "geometry": { "type": "Point", "coordinates": [ -2.53578380759096, 53.255622470709845 ] } },
{ "type": "Feature", "properties": { "visible_points": 71, "total_points": 120, "visibility_pct": 59.166666666666664 }, "geometry": { "type": "Point", "coordinates": [ -2.535576120992229, 53.255623405418099 ] } },
{ "type": "Feature", "properties": { "visible_points": 76, "total_points": 120, "visibility_pct": 63.333333333333329 }, "geometry": { "type": "Point", "coordinates": [ -2.535368434381857, 53.255624339764552 ] } },
{ "type": "Feature", "properties": { "visible_points": 78, "total_points": 120, "visibility_pct": 65.0 }, "geometry": { "type": "Point", "coordinates": [ -2.535160747759844, 53.255625273749189 ] } },
{ "type": "Feature", "properties": { "visible_points": 72, "total_points": 120, "visibility_pct": 60.0 }, "geometry": { "type": "Point", "coordinates": [ -2.534953061126201, 53.255626207372018 ] } },
{ "type": "Feature", "properties": { "visible_points": 64, "total_points": 120, "visibility_pct": 53.333333333333336 }, "geometry": { "type": "Point", "coordinates": [ -2.534745374463087, 53.255627140614912 ] } },
{ "type": "Feature", "properties": { "visible_points": 57, "total_points": 120, "visibility_pct": 47.5 }, "geometry": { "type": "Point", "coordinates": [ -2.534537687734794, 53.255628073352156 ] } },
{ "type": "Feature", "properties": { "visible_points": 41, "total_points": 120, "visibility_pct": 34.166666666666664 }, "geometry": { "type": "Point", "coordinates": [ -2.534330000968463, 53.255629005692455 ] } },
{ "type": "Feature", "properties": { "visible_points": 0, "total_points": 120, "visibility_pct": 0.0 }, "geometry": { "type": "Point", "coordinates": [ -2.53412231419056, 53.255629937670939 ] } },
{ "type": "Feature", "properties": { "visible_points": 42, "total_points": 120, "visibility_pct": 35.0 }, "geometry": { "type": "Point", "coordinates": [ -2.533914627401087, 53.255630869287586 ] } },
{ "type": "Feature", "properties": { "visible_points": 55, "total_points": 120, "visibility_pct": 45.833333333333329 }, "geometry": { "type": "Point", "coordinates": [ -2.533706940600046, 53.255631800542403 ] } },
{ "type": "Feature", "properties": { "visible_points": 60, "total_points": 120, "visibility_pct": 50.0 }, "geometry": { "type": "Point", "coordinates": [ -2.533499253787451, 53.255632731435391 ] } },
{ "type": "Feature", "properties": { "visible_points": 61, "total_points": 119, "visibility_pct": 51.260504201680668 }, "geometry": { "type": "Point", "coordinates": [ -2.533291566963288, 53.255633661966534 ] } },
{ "type": "Feature", "properties": { "visible_points": 64, "total_points": 117, "visibility_pct": 54.700854700854705 }, "geometry": { "type": "Point", "coordinates": [ -2.533083880127577, 53.255634592135841 ] } },
{ "type": "Feature", "properties": { "visible_points": 65, "total_points": 114, "visibility_pct": 57.017543859649123 }, "geometry": { "type": "Point", "coordinates": [ -2.532876193280321, 53.25563552194334 ] } },
{ "type": "Feature", "properties": { "visible_points": 64, "total_points": 110, "visibility_pct": 58.18181818181818 }, "geometry": { "type": "Point", "coordinates": [ -2.532668506421524, 53.255636451388995 ] } },
{ "type": "Feature", "properties": { "visible_points": 62, "total_points": 105, "visibility_pct": 59.047619047619051 }, "geometry": { "type": "Point", "coordinates": [ -2.532460819551179, 53.255637380472805 ] } },
{ "type": "Feature", "properties": { "visible_points": 58, "total_points": 100, "visibility_pct": 57.999999999999993 }, "geometry": { "type": "Point", "coordinates": [ -2.532253132669315, 53.255638309194801 ] } },
{ "type": "Feature", "properties": { "visible_points": 56, "total_points": 94, "visibility_pct": 59.574468085106382 }, "geometry": { "type": "Point", "coordinates": [ -2.532045445775907, 53.255639237554945 ] } },
{ "type": "Feature", "properties": { "visible_points": 53, "total_points": 87, "visibility_pct": 60.919540229885058 }, "geometry": { "type": "Point", "coordinates": [ -2.531837758870978, 53.25564016555326 ] } },
{ "type": "Feature", "properties": { "visible_points": 0, "total_points": 78, "visibility_pct": 0.0 }, "geometry": { "type": "Point", "coordinates": [ -2.53163007195453, 53.255641093189745 ] } },
{ "type": "Feature", "properties": { "visible_points": 0, "total_points": 66, "visibility_pct": 0.0 }, "geometry": { "type": "Point", "coordinates": [ -2.537135125143999, 53.255724247593314 ] } },
{ "type": "Feature", "properties": { "visible_points": 7, "total_points": 79, "visibility_pct": 8.8607594936708853 }, "geometry": { "type": "Point", "coordinates": [ -2.536927438093642, 53.255725184655944 ] } },
{ "type": "Feature", "properties": { "visible_points": 10, "total_points": 92, "visibility_pct": 10.869565217391305 }, "geometry": { "type": "Point", "coordinates": [ -2.536719751031612, 53.255726121356773 ] } },
{ "type": "Feature", "properties": { "visible_points": 41, "total_points": 104, "visibility_pct": 39.42307692307692 }, "geometry": { "type": "Point", "coordinates": [ -2.536512063957918, 53.255727057695765 ] } },
{ "type": "Feature", "properties": { "visible_points": 58, "total_points": 116, "visibility_pct": 50.0 }, "geometry": { "type": "Point", "coordinates": [ -2.536304376872554, 53.255727993672977 ] } },
{ "type": "Feature", "properties": { "visible_points": 57, "total_points": 120, "visibility_pct": 47.5 }, "geometry": { "type": "Point", "coordinates": [ -2.536096689775535, 53.255728929288367 ] } },
{ "type": "Feature", "properties": { "visible_points": 55, "total_points": 120, "visibility_pct": 45.833333333333329 }, "geometry": { "type": "Point", "coordinates": [ -2.535889002666862, 53.255729864541948 ] } },
{ "type": "Feature", "properties": { "visible_points": 62, "total_points": 120, "visibility_pct": 51.666666666666671 }, "geometry": { "type": "Point", "coordinates": [ -2.535681315546533, 53.255730799433699 ] } },
{ "type": "Feature", "properties": { "visible_points": 67, "total_points": 120, "visibility_pct": 55.833333333333336 }, "geometry": { "type": "Point", "coordinates": [ -2.535473628414563, 53.255731733963671 ] } },
{ "type": "Feature", "properties": { "visible_points": 66, "total_points": 120, "visibility_pct": 55.000000000000007 }, "geometry": { "type": "Point", "coordinates": [ -2.535265941270951, 53.255732668131813 ] } },
{ "type": "Feature", "properties": { "visible_points": 66, "total_points": 120, "visibility_pct": 55.000000000000007 }, "geometry": { "type": "Point", "coordinates": [ -2.535058254115702, 53.255733601938161 ] } },
{ "type": "Feature", "properties": { "visible_points": 56, "total_points": 120, "visibility_pct": 46.666666666666664 }, "geometry": { "type": "Point", "coordinates": [ -2.534850566948823, 53.255734535382679 ] } },
{ "type": "Feature", "properties": { "visible_points": 54, "total_points": 120, "visibility_pct": 45.0 }, "geometry": { "type": "Point", "coordinates": [ -2.534642879727567, 53.255735468380443 ] } },
{ "type": "Feature", "properties": { "visible_points": 49, "total_points": 120, "visibility_pct": 40.833333333333336 }, "geometry": { "type": "Point", "coordinates": [ -2.534435192446059, 53.255736400907004 ] } },
{ "type": "Feature", "properties": { "visible_points": 42, "total_points": 120, "visibility_pct": 35.0 }, "geometry": { "type": "Point", "coordinates": [ -2.534227505148927, 53.255737333067621 ] } },
{ "type": "Feature", "properties": { "visible_points": 38, "total_points": 120, "visibility_pct": 31.666666666666664 }, "geometry": { "type": "Point", "coordinates": [ -2.534019817840223, 53.255738264866388 ] } },
{ "type": "Feature", "properties": { "visible_points": 49, "total_points": 120, "visibility_pct": 40.833333333333336 }, "geometry": { "type": "Point", "coordinates": [ -2.533812130519947, 53.255739196303331 ] } },
{ "type": "Feature", "properties": { "visible_points": 56, "total_points": 120, "visibility_pct": 46.666666666666664 }, "geometry": { "type": "Point", "coordinates": [ -2.533604443188112, 53.255740127378445 ] } },
{ "type": "Feature", "properties": { "visible_points": 59, "total_points": 120, "visibility_pct": 49.166666666666664 }, "geometry": { "type": "Point", "coordinates": [ -2.533396755844716, 53.255741058091729 ] } },
{ "type": "Feature", "properties": { "visible_points": 61, "total_points": 120, "visibility_pct": 50.833333333333329 }, "geometry": { "type": "Point", "coordinates": [ -2.533189068489766, 53.255741988443162 ] } },
{ "type": "Feature", "properties": { "visible_points": 64, "total_points": 120, "visibility_pct": 53.333333333333336 }, "geometry": { "type": "Point", "coordinates": [ -2.532981381123269, 53.255742918432759 ] } },
{ "type": "Feature", "properties": { "visible_points": 64, "total_points": 118, "visibility_pct": 54.237288135593218 }, "geometry": { "type": "Point", "coordinates": [ -2.53277369374522, 53.25574384806054 ] } },
{ "type": "Feature", "properties": { "visible_points": 65, "total_points": 115, "visibility_pct": 56.521739130434781 }, "geometry": { "type": "Point", "coordinates": [ -2.532566006355631, 53.25574477732647 ] } },
{ "type": "Feature", "properties": { "visible_points": 63, "total_points": 111, "visibility_pct": 56.756756756756758 }, "geometry": { "type": "Point", "coordinates": [ -2.532358318954514, 53.255745706230591 ] } },
{ "type": "Feature", "properties": { "visible_points": 62, "total_points": 105, "visibility_pct": 59.047619047619051 }, "geometry": { "type": "Point", "coordinates": [ -2.532150631541854, 53.255746634772869 ] } },
{ "type": "Feature", "properties": { "visible_points": 62, "total_points": 99, "visibility_pct": 62.62626262626263 }, "geometry": { "type": "Point", "coordinates": [ -2.531942944117672, 53.255747562953296 ] } },
{ "type": "Feature", "properties": { "visible_points": 59, "total_points": 91, "visibility_pct": 64.835164835164832 }, "geometry": { "type": "Point", "coordinates": [ -2.531735256681968, 53.255748490771893 ] } },
{ "type": "Feature", "properties": { "visible_points": 47, "total_points": 82, "visibility_pct": 57.317073170731703 }, "geometry": { "type": "Point", "coordinates": [ -2.531527569234742, 53.255749418228675 ] } },
{ "type": "Feature", "properties": { "visible_points": 1, "total_points": 72, "visibility_pct": 1.3888888888888888 }, "geometry": { "type": "Point", "coordinates": [ -2.531319881776005, 53.255750345323612 ] } },
{ "type": "Feature", "properties": { "visible_points": 0, "total_points": 70, "visibility_pct": 0.0 }, "geometry": { "type": "Point", "coordinates": [ -2.537032636310723, 53.255832577475402 ] } },
{ "type": "Feature", "properties": { "visible_points": 8, "total_points": 83, "visibility_pct": 9.6385542168674707 }, "geometry": { "type": "Point", "coordinates": [ -2.536824948727107, 53.25583351435975 ] } },
{ "type": "Feature", "properties": { "visible_points": 10, "total_points": 96, "visibility_pct": 10.416666666666668 }, "geometry": { "type": "Point", "coordinates": [ -2.536617261131821, 53.255834450882283 ] } },
{ "type": "Feature", "properties": { "visible_points": 10, "total_points": 108, "visibility_pct": 9.2592592592592595 }, "geometry": { "type": "Point", "coordinates": [ -2.536409573524869, 53.255835387042993 ] } },
{ "type": "Feature", "properties": { "visible_points": 35, "total_points": 115, "visibility_pct": 30.434782608695656 }, "geometry": { "type": "Point", "coordinates": [ -2.536201885906256, 53.255836322841901 ] } },
{ "type": "Feature", "properties": { "visible_points": 0, "total_points": 120, "visibility_pct": 0.0 }, "geometry": { "type": "Point", "coordinates": [ -2.535994198275987, 53.255837258279001 ] } },
{ "type": "Feature", "properties": { "visible_points": 57, "total_points": 120, "visibility_pct": 47.5 }, "geometry": { "type": "Point", "coordinates": [ -2.535786510634062, 53.255838193354272 ] } },
{ "type": "Feature", "properties": { "visible_points": 60, "total_points": 120, "visibility_pct": 50.0 }, "geometry": { "type": "Point", "coordinates": [ -2.535578822980493, 53.255839128067741 ] } },
{ "type": "Feature", "properties": { "visible_points": 58, "total_points": 120, "visibility_pct": 48.333333333333336 }, "geometry": { "type": "Point", "coordinates": [ -2.535371135315278, 53.255840062419416 ] } },
{ "type": "Feature", "properties": { "visible_points": 52, "total_points": 120, "visibility_pct": 43.333333333333336 }, "geometry": { "type": "Point", "coordinates": [ -2.535163447638425, 53.255840996409276 ] } },
{ "type": "Feature", "properties": { "visible_points": 49, "total_points": 120, "visibility_pct": 40.833333333333336 }, "geometry": { "type": "Point", "coordinates": [ -2.534955759949936, 53.255841930037306 ] } },
{ "type": "Feature", "properties": { "visible_points": 44, "total_points": 120, "visibility_pct": 36.666666666666664 }, "geometry": { "type": "Point", "coordinates": [ -2.534748072233396, 53.255842863285721 ] } },
{ "type": "Feature", "properties": { "visible_points": 43, "total_points": 120, "visibility_pct": 35.833333333333336 }, "geometry": { "type": "Point", "coordinates": [ -2.534540384454441, 53.255843796027897 ] } },
{ "type": "Feature", "properties": { "visible_points": 37, "total_points": 120, "visibility_pct": 30.833333333333336 }, "geometry": { "type": "Point", "coordinates": [ -2.534332696638078, 53.255844728370647 ] } },
{ "type": "Feature", "properties": { "visible_points": 46, "total_points": 120, "visibility_pct": 38.333333333333336 }, "geometry": { "type": "Point", "coordinates": [ -2.534125008810137, 53.255845660351561 ] } },
{ "type": "Feature", "properties": { "visible_points": 40, "total_points": 120, "visibility_pct": 33.333333333333329 }, "geometry": { "type": "Point", "coordinates": [ -2.533917320970632, 53.255846591970631 ] } },
{ "type": "Feature", "properties": { "visible_points": 48, "total_points": 120, "visibility_pct": 40.0 }, "geometry": { "type": "Point", "coordinates": [ -2.533709633119556, 53.255847523227878 ] } },
{ "type": "Feature", "properties": { "visible_points": 53, "total_points": 120, "visibility_pct": 44.166666666666664 }, "geometry": { "type": "Point", "coordinates": [ -2.533501945256921, 53.255848454123289 ] } },
{ "type": "Feature", "properties": { "visible_points": 60, "total_points": 120, "visibility_pct": 50.0 }, "geometry": { "type": "Point", "coordinates": [ -2.533294257382726, 53.255849384656855 ] } },
{ "type": "Feature", "properties": { "visible_points": 62, "total_points": 120, "visibility_pct": 51.666666666666671 }, "geometry": { "type": "Point", "coordinates": [ -2.533086569496983, 53.255850314828578 ] } },
{ "type": "Feature", "properties": { "visible_points": 63, "total_points": 120, "visibility_pct": 52.5 }, "geometry": { "type": "Point", "coordinates": [ -2.532878881599691, 53.255851244638485 ] } },
{ "type": "Feature", "properties": { "visible_points": 62, "total_points": 120, "visibility_pct": 51.666666666666671 }, "geometry": { "type": "Point", "coordinates": [ -2.53267119369085, 53.255852174086534 ] } },
{ "type": "Feature", "properties": { "visible_points": 65, "total_points": 118, "visibility_pct": 55.084745762711862 }, "geometry": { "type": "Point", "coordinates": [ -2.532463505770477, 53.255853103172768 ] } },
{ "type": "Feature", "properties": { "visible_points": 63, "total_points": 115, "visibility_pct": 54.782608695652172 }, "geometry": { "type": "Point", "coordinates": [ -2.532255817838568, 53.255854031897151 ] } },
{ "type": "Feature", "properties": { "visible_points": 63, "total_points": 110, "visibility_pct": 57.272727272727273 }, "geometry": { "type": "Point", "coordinates": [ -2.53204812989513, 53.255854960259718 ] } },
{ "type": "Feature", "properties": { "visible_points": 58, "total_points": 103, "visibility_pct": 56.310679611650485 }, "geometry": { "type": "Point", "coordinates": [ -2.53184044194016, 53.255855888260442 ] } },
{ "type": "Feature", "properties": { "visible_points": 54, "total_points": 94, "visibility_pct": 57.446808510638306 }, "geometry": { "type": "Point", "coordinates": [ -2.531632753973678, 53.255856815899321 ] } },
{ "type": "Feature", "properties": { "visible_points": 43, "total_points": 85, "visibility_pct": 50.588235294117645 }, "geometry": { "type": "Point", "coordinates": [ -2.531425065995677, 53.255857743176364 ] } },
{ "type": "Feature", "properties": { "visible_points": 26, "total_points": 76, "visibility_pct": 34.210526315789473 }, "geometry": { "type": "Point", "coordinates": [ -2.531217378006161, 53.255858670091591 ] } },
{ "type": "Feature", "properties": { "visible_points": 0, "total_points": 74, "visibility_pct": 0.0 }, "geometry": { "type": "Point", "coordinates": [ -2.536930146955842, 53.2559409072677 ] } },
{ "type": "Feature", "properties": { "visible_points": 9, "total_points": 87, "visibility_pct": 10.344827586206897 }, "geometry": { "type": "Point", "coordinates": [ -2.536722458838964, 53.255941843973744 ] } },
{ "type": "Feature", "properties": { "visible_points": 2, "total_points": 99, "visibility_pct": 2.0202020202020203 }, "geometry": { "type": "Point", "coordinates": [ -2.536514770710424, 53.25594278031798 ] } },
{ "type": "Feature", "properties": { "visible_points": 11, "total_points": 108, "visibility_pct": 10.185185185185185 }, "geometry": { "type": "Point", "coordinates": [ -2.536307082570212, 53.255943716300415 ] } },
{ "type": "Feature", "properties": { "visible_points": 7, "total_points": 115, "visibility_pct": 6.0869565217391308 }, "geometry": { "type": "Point", "coordinates": [ -2.536099394418343, 53.255944651921034 ] } },
{ "type": "Feature", "properties": { "visible_points": 0, "total_points": 120, "visibility_pct": 0.0 }, "geometry": { "type": "Point", "coordinates": [ -2.535891706254824, 53.255945587179824 ] } },
{ "type": "Feature", "properties": { "visible_points": 45, "total_points": 120, "visibility_pct": 37.5 }, "geometry": { "type": "Point", "coordinates": [ -2.535684018079649, 53.255946522076812 ] } },
{ "type": "Feature", "properties": { "visible_points": 50, "total_points": 120, "visibility_pct": 41.666666666666671 }, "geometry": { "type": "Point", "coordinates": [ -2.535476329892831, 53.255947456611999 ] } },
{ "type": "Feature", "properties": { "visible_points": 48, "total_points": 120, "visibility_pct": 40.0 }, "geometry": { "type": "Point", "coordinates": [ -2.535268641694371, 53.255948390785363 ] } },
{ "type": "Feature", "properties": { "visible_points": 42, "total_points": 120, "visibility_pct": 35.0 }, "geometry": { "type": "Point", "coordinates": [ -2.535060953484273, 53.255949324596905 ] } },
{ "type": "Feature", "properties": { "visible_points": 43, "total_points": 120, "visibility_pct": 35.833333333333336 }, "geometry": { "type": "Point", "coordinates": [ -2.534853265262544, 53.255950258046639 ] } },
{ "type": "Feature", "properties": { "visible_points": 34, "total_points": 120, "visibility_pct": 28.333333333333332 }, "geometry": { "type": "Point", "coordinates": [ -2.53464557698925, 53.25595119105045 ] } },
{ "type": "Feature", "properties": { "visible_points": 44, "total_points": 120, "visibility_pct": 36.666666666666664 }, "geometry": { "type": "Point", "coordinates": [ -2.534437888658017, 53.255952123580066 ] } },
{ "type": "Feature", "properties": { "visible_points": 38, "total_points": 120, "visibility_pct": 31.666666666666664 }, "geometry": { "type": "Point", "coordinates": [ -2.534230200310846, 53.255953055743106 ] } },
{ "type": "Feature", "properties": { "visible_points": 48, "total_points": 120, "visibility_pct": 40.0 }, "geometry": { "type": "Point", "coordinates": [ -2.534022511952097, 53.255953987544324 ] } },
{ "type": "Feature", "properties": { "visible_points": 42, "total_points": 120, "visibility_pct": 35.0 }, "geometry": { "type": "Point", "coordinates": [ -2.533814823581783, 53.255954918983697 ] } },
{ "type": "Feature", "properties": { "visible_points": 49, "total_points": 120, "visibility_pct": 40.833333333333336 }, "geometry": { "type": "Point", "coordinates": [ -2.533607135199908, 53.255955850061234 ] } },
{ "type": "Feature", "properties": { "visible_points": 50, "total_points": 120, "visibility_pct": 41.666666666666671 }, "geometry": { "type": "Point", "coordinates": [ -2.533399446806468, 53.25595678077692 ] } },
{ "type": "Feature", "properties": { "visible_points": 55, "total_points": 120, "visibility_pct": 45.833333333333329 }, "geometry": { "type": "Point", "coordinates": [ -2.533191758401475, 53.25595771113079 ] } },
{ "type": "Feature", "properties": { "visible_points": 59, "total_points": 120, "visibility_pct": 49.166666666666664 }, "geometry": { "type": "Point", "coordinates": [ -2.532984069984934, 53.255958641122803 ] } },
{ "type": "Feature", "properties": { "visible_points": 59, "total_points": 120, "visibility_pct": 49.166666666666664 }, "geometry": { "type": "Point", "coordinates": [ -2.532776381556848, 53.255959570752978 ] } },
{ "type": "Feature", "properties": { "visible_points": 60, "total_points": 120, "visibility_pct": 50.0 }, "geometry": { "type": "Point", "coordinates": [ -2.532568693117212, 53.255960500021338 ] } },
{ "type": "Feature", "properties": { "visible_points": 62, "total_points": 120, "visibility_pct": 51.666666666666671 }, "geometry": { "type": "Point", "coordinates": [ -2.532361004666051, 53.255961428927861 ] } },
{ "type": "Feature", "properties": { "visible_points": 64, "total_points": 118, "visibility_pct": 54.237288135593218 }, "geometry": { "type": "Point", "coordinates": [ -2.53215331620335, 53.255962357472534 ] } },
{ "type": "Feature", "properties": { "visible_points": 60, "total_points": 114, "visibility_pct": 52.631578947368418 }, "geometry": { "type": "Point", "coordinates": [ -2.531945627729123, 53.255963285655376 ] } },
{ "type": "Feature", "properties": { "visible_points": 54, "total_points": 106, "visibility_pct": 50.943396226415096 }, "geometry": { "type": "Point", "coordinates": [ -2.531737939243374, 53.255964213476389 ] } },
{ "type": "Feature", "properties": { "visible_points": 48, "total_points": 97, "visibility_pct": 49.484536082474229 }, "geometry": { "type": "Point", "coordinates": [ -2.531530250746105, 53.255965140935544 ] } },
{ "type": "Feature", "properties": { "visible_points": 40, "total_points": 88, "visibility_pct": 45.454545454545453 }, "geometry": { "type": "Point", "coordinates": [ -2.531322562237324, 53.255966068032862 ] } },
{ "type": "Feature", "properties": { "visible_points": 33, "total_points": 81, "visibility_pct": 40.74074074074074 }, "geometry": { "type": "Point", "coordinates": [ -2.531114873717032, 53.255966994768357 ] } },
{ "type": "Feature", "properties": { "visible_points": 0, "total_points": 77, "visibility_pct": 0.0 }, "geometry": { "type": "Point", "coordinates": [ -2.536827657079352, 53.256049236970192 ] } },
{ "type": "Feature", "properties": { "visible_points": 0, "total_points": 89, "visibility_pct": 0.0 }, "geometry": { "type": "Point", "coordinates": [ -2.536619968429212, 53.25605017349794 ] } },
{ "type": "Feature", "properties": { "visible_points": 11, "total_points": 99, "visibility_pct": 11.111111111111111 }, "geometry": { "type": "Point", "coordinates": [ -2.536412279767408, 53.256051109663879 ] } },
{ "type": "Feature", "properties": { "visible_points": 8, "total_points": 107, "visibility_pct": 7.4766355140186906 }, "geometry": { "type": "Point", "coordinates": [ -2.536204591093939, 53.256052045468024 ] } },
{ "type": "Feature", "properties": { "visible_points": 0, "total_points": 115, "visibility_pct": 0.0 }, "geometry": { "type": "Point", "coordinates": [ -2.535996902408814, 53.256052980910333 ] } },
{ "type": "Feature", "properties": { "visible_points": 28, "total_points": 120, "visibility_pct": 23.333333333333332 }, "geometry": { "type": "Point", "coordinates": [ -2.535789213712039, 53.256053915990854 ] } },
{ "type": "Feature", "properties": { "visible_points": 32, "total_points": 120, "visibility_pct": 26.666666666666668 }, "geometry": { "type": "Point", "coordinates": [ -2.535581525003612, 53.256054850709539 ] } },
{ "type": "Feature", "properties": { "visible_points": 0, "total_points": 120, "visibility_pct": 0.0 }, "geometry": { "type": "Point", "coordinates": [ -2.535373836283545, 53.25605578506643 ] } },
{ "type": "Feature", "properties": { "visible_points": 0, "total_points": 120, "visibility_pct": 0.0 }, "geometry": { "type": "Point", "coordinates": [ -2.535166147551835, 53.256056719061476 ] } },
{ "type": "Feature", "properties": { "visible_points": 26, "total_points": 120, "visibility_pct": 21.666666666666668 }, "geometry": { "type": "Point", "coordinates": [ -2.534958458808489, 53.256057652694707 ] } },
{ "type": "Feature", "properties": { "visible_points": 27, "total_points": 120, "visibility_pct": 22.5 }, "geometry": { "type": "Point", "coordinates": [ -2.53475077003845, 53.256058585948679 ] } },
{ "type": "Feature", "properties": { "visible_points": 11, "total_points": 120, "visibility_pct": 9.1666666666666661 }, "geometry": { "type": "Point", "coordinates": [ -2.534543081208751, 53.256059518695849 ] } },
{ "type": "Feature", "properties": { "visible_points": 16, "total_points": 120, "visibility_pct": 13.333333333333334 }, "geometry": { "type": "Point", "coordinates": [ -2.534335392342342, 53.256060451041037 ] } },
{ "type": "Feature", "properties": { "visible_points": 26, "total_points": 120, "visibility_pct": 21.666666666666668 }, "geometry": { "type": "Point", "coordinates": [ -2.534127703464359, 53.256061383024388 ] } },
{ "type": "Feature", "properties": { "visible_points": 22, "total_points": 120, "visibility_pct": 18.333333333333332 }, "geometry": { "type": "Point", "coordinates": [ -2.533920014574798, 53.256062314645874 ] } },
{ "type": "Feature", "properties": { "visible_points": 38, "total_points": 120, "visibility_pct": 31.666666666666664 }, "geometry": { "type": "Point", "coordinates": [ -2.533712325673676, 53.256063245905544 ] } },
{ "type": "Feature", "properties": { "visible_points": 47, "total_points": 120, "visibility_pct": 39.166666666666664 }, "geometry": { "type": "Point", "coordinates": [ -2.533504636760989, 53.25606417680337 ] } },
{ "type": "Feature", "properties": { "visible_points": 0, "total_points": 120, "visibility_pct": 0.0 }, "geometry": { "type": "Point", "coordinates": [ -2.533296947836751, 53.256065107339367 ] } },
{ "type": "Feature", "properties": { "visible_points": 0, "total_points": 120, "visibility_pct": 0.0 }, "geometry": { "type": "Point", "coordinates": [ -2.533089258900956, 53.256066037513534 ] } },
{ "type": "Feature", "properties": { "visible_points": 0, "total_points": 120, "visibility_pct": 0.0 }, "geometry": { "type": "Point", "coordinates": [ -2.532881569953614, 53.256066967325829 ] } },
{ "type": "Feature", "properties": { "visible_points": 71, "total_points": 120, "visibility_pct": 59.166666666666664 }, "geometry": { "type": "Point", "coordinates": [ -2.532673880994724, 53.256067896776287 ] } },
{ "type": "Feature", "properties": { "visible_points": 51, "total_points": 120, "visibility_pct": 42.5 }, "geometry": { "type": "Point", "coordinates": [ -2.532466192024303, 53.256068825864936 ] } },
{ "type": "Feature", "properties": { "visible_points": 60, "total_points": 120, "visibility_pct": 50.0 }, "geometry": { "type": "Point", "coordinates": [ -2.532258503042343, 53.256069754591735 ] } },
{ "type": "Feature", "properties": { "visible_points": 58, "total_points": 120, "visibility_pct": 48.333333333333336 }, "geometry": { "type": "Point", "coordinates": [ -2.532050814048851, 53.256070682956697 ] } },
{ "type": "Feature", "properties": { "visible_points": 53, "total_points": 116, "visibility_pct": 45.689655172413794 }, "geometry": { "type": "Point", "coordinates": [ -2.531843125043838, 53.256071610959808 ] } },
{ "type": "Feature", "properties": { "visible_points": 49, "total_points": 108, "visibility_pct": 45.370370370370374 }, "geometry": { "type": "Point", "coordinates": [ -2.5316354360273, 53.25607253860111 ] } },
{ "type": "Feature", "properties": { "visible_points": 43, "total_points": 100, "visibility_pct": 43.0 }, "geometry": { "type": "Point", "coordinates": [ -2.531427746999247, 53.25607346588054 ] } },
{ "type": "Feature", "properties": { "visible_points": 39, "total_points": 93, "visibility_pct": 41.935483870967744 }, "geometry": { "type": "Point", "coordinates": [ -2.531220057959685, 53.256074392798141 ] } },
{ "type": "Feature", "properties": { "visible_points": 0, "total_points": 86, "visibility_pct": 0.0 }, "geometry": { "type": "Point", "coordinates": [ -2.531012368908609, 53.256075319353911 ] } },
{ "type": "Feature", "properties": { "visible_points": 2, "total_points": 89, "visibility_pct": 2.2471910112359552 }, "geometry": { "type": "Point", "coordinates": [ -2.536517477497846, 53.256158502932323 ] } },
{ "type": "Feature", "properties": { "visible_points": 5, "total_points": 98, "visibility_pct": 5.1020408163265305 }, "geometry": { "type": "Point", "coordinates": [ -2.536309788302775, 53.256159438919987 ] } },
{ "type": "Feature", "properties": { "visible_points": 12, "total_points": 107, "visibility_pct": 11.214953271028037 }, "geometry": { "type": "Point", "coordinates": [ -2.536102099096052, 53.256160374545829 ] } },
{ "type": "Feature", "properties": { "visible_points": 11, "total_points": 115, "visibility_pct": 9.5652173913043477 }, "geometry": { "type": "Point", "coordinates": [ -2.535894409877661, 53.256161309809841 ] } },
{ "type": "Feature", "properties": { "visible_points": 15, "total_points": 120, "visibility_pct": 12.5 }, "geometry": { "type": "Point", "coordinates": [ -2.535686720647628, 53.256162244712066 ] } },
{ "type": "Feature", "properties": { "visible_points": 6, "total_points": 120, "visibility_pct": 5.0 }, "geometry": { "type": "Point", "coordinates": [ -2.535479031405949, 53.256163179252454 ] } },
{ "type": "Feature", "properties": { "visible_points": 0, "total_points": 120, "visibility_pct": 0.0 }, "geometry": { "type": "Point", "coordinates": [ -2.535271342152625, 53.256164113431034 ] } },
{ "type": "Feature", "properties": { "visible_points": 0, "total_points": 120, "visibility_pct": 0.0 }, "geometry": { "type": "Point", "coordinates": [ -2.535063652887666, 53.256165047247791 ] } },
{ "type": "Feature", "properties": { "visible_points": 12, "total_points": 120, "visibility_pct": 10.0 }, "geometry": { "type": "Point", "coordinates": [ -2.534855963611078, 53.256165980702718 ] } },
{ "type": "Feature", "properties": { "visible_points": 0, "total_points": 120, "visibility_pct": 0.0 }, "geometry": { "type": "Point", "coordinates": [ -2.534648274285662, 53.256166913712647 ] } },
{ "type": "Feature", "properties": { "visible_points": 0, "total_points": 120, "visibility_pct": 0.0 }, "geometry": { "type": "Point", "coordinates": [ -2.534440584904637, 53.25616784624534 ] } },
{ "type": "Feature", "properties": { "visible_points": 0, "total_points": 120, "visibility_pct": 0.0 }, "geometry": { "type": "Point", "coordinates": [ -2.534232895507408, 53.256168778410817 ] } },
{ "type": "Feature", "properties": { "visible_points": 0, "total_points": 120, "visibility_pct": 0.0 }, "geometry": { "type": "Point", "coordinates": [ -2.534025206098607, 53.256169710214451 ] } },
{ "type": "Feature", "properties": { "visible_points": 0, "total_points": 120, "visibility_pct": 0.0 }, "geometry": { "type": "Point", "coordinates": [ -2.533817516678239, 53.256170641656254 ] } },
{ "type": "Feature", "properties": { "visible_points": 33, "total_points": 120, "visibility_pct": 27.5 }, "geometry": { "type": "Point", "coordinates": [ -2.533609827246303, 53.256171572736207 ] } },
{ "type": "Feature", "properties": { "visible_points": 41, "total_points": 120, "visibility_pct": 34.166666666666664 }, "geometry": { "type": "Point", "coordinates": [ -2.533402137802812, 53.25617250345433 ] } },
{ "type": "Feature", "properties": { "visible_points": 30, "total_points": 120, "visibility_pct": 25.0 }, "geometry": { "type": "Point", "coordinates": [ -2.533194448347762, 53.256173433810609 ] } },
{ "type": "Feature", "properties": { "visible_points": 29, "total_points": 120, "visibility_pct": 24.166666666666668 }, "geometry": { "type": "Point", "coordinates": [ -2.532986758881164, 53.256174363805044 ] } },
{ "type": "Feature", "properties": { "visible_points": 44, "total_points": 120, "visibility_pct": 36.666666666666664 }, "geometry": { "type": "Point", "coordinates": [ -2.532779069403019, 53.256175293437657 ] } },
{ "type": "Feature", "properties": { "visible_points": 68, "total_points": 120, "visibility_pct": 56.666666666666664 }, "geometry": { "type": "Point", "coordinates": [ -2.532571379913334, 53.256176222708426 ] } },
{ "type": "Feature", "properties": { "visible_points": 78, "total_points": 120, "visibility_pct": 65.0 }, "geometry": { "type": "Point", "coordinates": [ -2.532363690412112, 53.256177151617322 ] } },
{ "type": "Feature", "properties": { "visible_points": 44, "total_points": 120, "visibility_pct": 36.666666666666664 }, "geometry": { "type": "Point", "coordinates": [ -2.532156000899352, 53.256178080164403 ] } },
{ "type": "Feature", "properties": { "visible_points": 48, "total_points": 120, "visibility_pct": 40.0 }, "geometry": { "type": "Point", "coordinates": [ -2.531948311375071, 53.256179008349655 ] } },
{ "type": "Feature", "properties": { "visible_points": 46, "total_points": 117, "visibility_pct": 39.316239316239319 }, "geometry": { "type": "Point", "coordinates": [ -2.531740621839268, 53.256179936173055 ] } },
{ "type": "Feature", "properties": { "visible_points": 42, "total_points": 110, "visibility_pct": 38.181818181818187 }, "geometry": { "type": "Point", "coordinates": [ -2.531532932291939, 53.256180863634619 ] } },
{ "type": "Feature", "properties": { "visible_points": 38, "total_points": 103, "visibility_pct": 36.893203883495147 }, "geometry": { "type": "Point", "coordinates": [ -2.531325242733099, 53.256181790734331 ] } },
{ "type": "Feature", "properties": { "visible_points": 32, "total_points": 97, "visibility_pct": 32.989690721649481 }, "geometry": { "type": "Point", "coordinates": [ -2.531117553162751, 53.256182717472207 ] } },
{ "type": "Feature", "properties": { "visible_points": 5, "total_points": 87, "visibility_pct": 5.7471264367816088 }, "geometry": { "type": "Point", "coordinates": [ -2.536414986044855, 53.256266832276914 ] } },
{ "type": "Feature", "properties": { "visible_points": 0, "total_points": 97, "visibility_pct": 0.0 }, "geometry": { "type": "Point", "coordinates": [ -2.536207296316523, 53.256267768086282 ] } },
{ "type": "Feature", "properties": { "visible_points": 0, "total_points": 106, "visibility_pct": 0.0 }, "geometry": { "type": "Point", "coordinates": [ -2.535999606576529, 53.25626870353382 ] } },
{ "type": "Feature", "properties": { "visible_points": 5, "total_points": 114, "visibility_pct": 4.3859649122807012 }, "geometry": { "type": "Point", "coordinates": [ -2.535791916824884, 53.25626963861955 ] } },
{ "type": "Feature", "properties": { "visible_points": 9, "total_points": 120, "visibility_pct": 7.5 }, "geometry": { "type": "Point", "coordinates": [ -2.535584227061591, 53.256270573343443 ] } },
{ "type": "Feature", "properties": { "visible_points": 7, "total_points": 120, "visibility_pct": 5.833333333333333 }, "geometry": { "type": "Point", "coordinates": [ -2.535376537286651, 53.256271507705556 ] } },
{ "type": "Feature", "properties": { "visible_points": 3, "total_points": 120, "visibility_pct": 2.5 }, "geometry": { "type": "Point", "coordinates": [ -2.535168847500076, 53.256272441705811 ] } },
{ "type": "Feature", "properties": { "visible_points": 5, "total_points": 120, "visibility_pct": 4.1666666666666661 }, "geometry": { "type": "Point", "coordinates": [ -2.534961157701861, 53.256273375344279 ] } },
{ "type": "Feature", "properties": { "visible_points": 0, "total_points": 120, "visibility_pct": 0.0 }, "geometry": { "type": "Point", "coordinates": [ -2.534753467878254, 53.2562743086038 ] } },
{ "type": "Feature", "properties": { "visible_points": 0, "total_points": 120, "visibility_pct": 0.0 }, "geometry": { "type": "Point", "coordinates": [ -2.534545777997735, 53.256275241356001 ] } },
{ "type": "Feature", "properties": { "visible_points": 0, "total_points": 120, "visibility_pct": 0.0 }, "geometry": { "type": "Point", "coordinates": [ -2.534338088081256, 53.256276173703625 ] } },
{ "type": "Feature", "properties": { "visible_points": 0, "total_points": 120, "visibility_pct": 0.0 }, "geometry": { "type": "Point", "coordinates": [ -2.534130398153213, 53.256277105689399 ] } },
{ "type": "Feature", "properties": { "visible_points": 7, "total_points": 120, "visibility_pct": 5.833333333333333 }, "geometry": { "type": "Point", "coordinates": [ -2.533922708213593, 53.256278037313329 ] } },
{ "type": "Feature", "properties": { "visible_points": 12, "total_points": 120, "visibility_pct": 10.0 }, "geometry": { "type": "Point", "coordinates": [ -2.533715018262408, 53.25627896857543 ] } },
{ "type": "Feature", "properties": { "visible_points": 16, "total_points": 120, "visibility_pct": 13.333333333333334 }, "geometry": { "type": "Point", "coordinates": [ -2.533507328299662, 53.256279899475672 ] } },
{ "type": "Feature", "properties": { "visible_points": 29, "total_points": 120, "visibility_pct": 24.166666666666668 }, "geometry": { "type": "Point", "coordinates": [ -2.533299638325357, 53.256280830014077 ] } },
{ "type": "Feature", "properties": { "visible_points": 27, "total_points": 120, "visibility_pct": 22.5 }, "geometry": { "type": "Point", "coordinates": [ -2.5330919483395, 53.256281760190646 ] } },
{ "type": "Feature", "properties": { "visible_points": 30, "total_points": 120, "visibility_pct": 25.0 }, "geometry": { "type": "Point", "coordinates": [ -2.532884258342095, 53.256282690005378 ] } },
{ "type": "Feature", "properties": { "visible_points": 39, "total_points": 120, "visibility_pct": 32.5 }, "geometry": { "type": "Point", "coordinates": [ -2.532676568333146, 53.256283619458273 ] } },
{ "type": "Feature", "properties": { "visible_points": 52, "total_points": 120, "visibility_pct": 43.333333333333336 }, "geometry": { "type": "Point", "coordinates": [ -2.532468878312658, 53.256284548549324 ] } },
{ "type": "Feature", "properties": { "visible_points": 65, "total_points": 120, "visibility_pct": 54.166666666666664 }, "geometry": { "type": "Point", "coordinates": [ -2.532261188280635, 53.25628547727851 ] } },
{ "type": "Feature", "properties": { "visible_points": 43, "total_points": 120, "visibility_pct": 35.833333333333336 }, "geometry": { "type": "Point", "coordinates": [ -2.532053498237081, 53.256286405645888 ] } },
{ "type": "Feature", "properties": { "visible_points": 44, "total_points": 120, "visibility_pct": 36.666666666666664 }, "geometry": { "type": "Point", "coordinates": [ -2.531845808182001, 53.2562873336514 ] } },
{ "type": "Feature", "properties": { "visible_points": 40, "total_points": 117, "visibility_pct": 34.188034188034187 }, "geometry": { "type": "Point", "coordinates": [ -2.531638118115401, 53.256288261295062 ] } },
{ "type": "Feature", "properties": { "visible_points": 38, "total_points": 111, "visibility_pct": 34.234234234234236 }, "geometry": { "type": "Point", "coordinates": [ -2.531430428037284, 53.256289188576915 ] } },
{ "type": "Feature", "properties": { "visible_points": 36, "total_points": 106, "visibility_pct": 33.962264150943398 }, "geometry": { "type": "Point", "coordinates": [ -2.531222737947655, 53.256290115496917 ] } },
{ "type": "Feature", "properties": { "visible_points": 0, "total_points": 101, "visibility_pct": 0.0 }, "geometry": { "type": "Point", "coordinates": [ -2.531015047846517, 53.256291042055061 ] } },
{ "type": "Feature", "properties": { "visible_points": 0, "total_points": 86, "visibility_pct": 0.0 }, "geometry": { "type": "Point", "coordinates": [ -2.536312494070246, 53.256375161531693 ] } },
{ "type": "Feature", "properties": { "visible_points": 0, "total_points": 96, "visibility_pct": 0.0 }, "geometry": { "type": "Point", "coordinates": [ -2.536104803808641, 53.25637609716275 ] } },
{ "type": "Feature", "properties": { "visible_points": 0, "total_points": 105, "visibility_pct": 0.0 }, "geometry": { "type": "Point", "coordinates": [ -2.535897113535384, 53.256377032431992 ] } },
{ "type": "Feature", "properties": { "visible_points": 0, "total_points": 113, "visibility_pct": 0.0 }, "geometry": { "type": "Point", "coordinates": [ -2.535689423250474, 53.256377967339432 ] } },
{ "type": "Feature", "properties": { "visible_points": 0, "total_points": 119, "visibility_pct": 0.0 }, "geometry": { "type": "Point", "coordinates": [ -2.535481732953918, 53.256378901885036 ] } },
{ "type": "Feature", "properties": { "visible_points": 0, "total_points": 120, "visibility_pct": 0.0 }, "geometry": { "type": "Point", "coordinates": [ -2.535274042645717, 53.256379836068824 ] } },
{ "type": "Feature", "properties": { "visible_points": 5, "total_points": 120, "visibility_pct": 4.1666666666666661 }, "geometry": { "type": "Point", "coordinates": [ -2.535066352325886, 53.256380769890804 ] } },
{ "type": "Feature", "properties": { "visible_points": 0, "total_points": 120, "visibility_pct": 0.0 }, "geometry": { "type": "Point", "coordinates": [ -2.53485866199442, 53.256381703350947 ] } },
{ "type": "Feature", "properties": { "visible_points": 0, "total_points": 120, "visibility_pct": 0.0 }, "geometry": { "type": "Point", "coordinates": [ -2.534650971616801, 53.256382636367015 ] } },
{ "type": "Feature", "properties": { "visible_points": 0, "total_points": 120, "visibility_pct": 0.0 }, "geometry": { "type": "Point", "coordinates": [ -2.534443281185915, 53.256383568902812 ] } },
{ "type": "Feature", "properties": { "visible_points": 0, "total_points": 120, "visibility_pct": 0.0 }, "geometry": { "type": "Point", "coordinates": [ -2.534235590738616, 53.25638450107072 ] } },
{ "type": "Feature", "properties": { "visible_points": 0, "total_points": 120, "visibility_pct": 0.0 }, "geometry": { "type": "Point", "coordinates": [ -2.534027900279752, 53.256385432876804 ] } },
{ "type": "Feature", "properties": { "visible_points": 8, "total_points": 120, "visibility_pct": 6.666666666666667 }, "geometry": { "type": "Point", "coordinates": [ -2.533820209809308, 53.256386364321024 ] } },
{ "type": "Feature", "properties": { "visible_points": 9, "total_points": 120, "visibility_pct": 7.5 }, "geometry": { "type": "Point", "coordinates": [ -2.533612519327309, 53.256387295403414 ] } },
{ "type": "Feature", "properties": { "visible_points": 0, "total_points": 120, "visibility_pct": 0.0 }, "geometry": { "type": "Point", "coordinates": [ -2.533404828833745, 53.256388226123946 ] } },
{ "type": "Feature", "properties": { "visible_points": 23, "total_points": 120, "visibility_pct": 19.166666666666668 }, "geometry": { "type": "Point", "coordinates": [ -2.533197138328632, 53.256389156482641 ] } },
{ "type": "Feature", "properties": { "visible_points": 25, "total_points": 120, "visibility_pct": 20.833333333333336 }, "geometry": { "type": "Point", "coordinates": [ -2.532989447811957, 53.256390086479499 ] } },
{ "type": "Feature", "properties": { "visible_points": 25, "total_points": 120, "visibility_pct": 20.833333333333336 }, "geometry": { "type": "Point", "coordinates": [ -2.532781757283746, 53.256391016114513 ] } },
{ "type": "Feature", "properties": { "visible_points": 34, "total_points": 120, "visibility_pct": 28.333333333333332 }, "geometry": { "type": "Point", "coordinates": [ -2.532574066743991, 53.256391945387676 ] } },
{ "type": "Feature", "properties": { "visible_points": 47, "total_points": 120, "visibility_pct": 39.166666666666664 }, "geometry": { "type": "Point", "coordinates": [ -2.532366376192695, 53.256392874299003 ] } },
{ "type": "Feature", "properties": { "visible_points": 49, "total_points": 120, "visibility_pct": 40.833333333333336 }, "geometry": { "type": "Point", "coordinates": [ -2.532158685629871, 53.2563938028485 ] } },
{ "type": "Feature", "properties": { "visible_points": 42, "total_points": 120, "visibility_pct": 35.0 }, "geometry": { "type": "Point", "coordinates": [ -2.531950995055518, 53.256394731036139 ] } },
{ "type": "Feature", "properties": { "visible_points": 43, "total_points": 120, "visibility_pct": 35.833333333333336 }, "geometry": { "type": "Point", "coordinates": [ -2.531743304469639, 53.256395658861933 ] } },
{ "type": "Feature", "properties": { "visible_points": 39, "total_points": 117, "visibility_pct": 33.333333333333329 }, "geometry": { "type": "Point", "coordinates": [ -2.531535613872244, 53.256396586325884 ] } },
{ "type": "Feature", "properties": { "visible_points": 34, "total_points": 113, "visibility_pct": 30.088495575221241 }, "geometry": { "type": "Point", "coordinates": [ -2.531327923263332, 53.256397513427999 ] } },
{ "type": "Feature", "properties": { "visible_points": 29, "total_points": 109, "visibility_pct": 26.605504587155966 }, "geometry": { "type": "Point", "coordinates": [ -2.531120232642913, 53.256398440168276 ] } },
{ "type": "Feature", "properties": { "visible_points": 14, "total_points": 105, "visibility_pct": 13.333333333333334 }, "geometry": { "type": "Point", "coordinates": [ -2.530912542010983, 53.256399366546709 ] } },
{ "type": "Feature", "properties": { "visible_points": 0, "total_points": 101, "visibility_pct": 0.0 }, "geometry": { "type": "Point", "coordinates": [ -2.530704851367555, 53.256400292563299 ] } },
{ "type": "Feature", "properties": { "visible_points": 4, "total_points": 97, "visibility_pct": 4.1237113402061851 }, "geometry": { "type": "Point", "coordinates": [ -2.530497160712635, 53.256401218218031 ] } },
{ "type": "Feature", "properties": { "visible_points": 0, "total_points": 93, "visibility_pct": 0.0 }, "geometry": { "type": "Point", "coordinates": [ -2.530289470046216, 53.256402143510932 ] } },
{ "type": "Feature", "properties": { "visible_points": 4, "total_points": 88, "visibility_pct": 4.5454545454545459 }, "geometry": { "type": "Point", "coordinates": [ -2.530081779368314, 53.25640306844199 ] } },
{ "type": "Feature", "properties": { "visible_points": 3, "total_points": 81, "visibility_pct": 3.7037037037037033 }, "geometry": { "type": "Point", "coordinates": [ -2.529874088678925, 53.256403993011212 ] } },
{ "type": "Feature", "properties": { "visible_points": 3, "total_points": 75, "visibility_pct": 4.0 }, "geometry": { "type": "Point", "coordinates": [ -2.529666397978058, 53.256404917218575 ] } },
{ "type": "Feature", "properties": { "visible_points": 6, "total_points": 69, "visibility_pct": 8.695652173913043 }, "geometry": { "type": "Point", "coordinates": [ -2.529458707265721, 53.256405841064101 ] } },
{ "type": "Feature", "properties": { "visible_points": 0, "total_points": 85, "visibility_pct": 0.0 }, "geometry": { "type": "Point", "coordinates": [ -2.536210001574004, 53.256483490696667 ] } },
{ "type": "Feature", "properties": { "visible_points": 0, "total_points": 95, "visibility_pct": 0.0 }, "geometry": { "type": "Point", "coordinates": [ -2.536002310779128, 53.25648442614942 ] } },
{ "type": "Feature", "properties": { "visible_points": 0, "total_points": 104, "visibility_pct": 0.0 }, "geometry": { "type": "Point", "coordinates": [ -2.535794619972601, 53.256485361240372 ] } },
{ "type": "Feature", "properties": { "visible_points": 4, "total_points": 112, "visibility_pct": 3.5714285714285712 }, "geometry": { "type": "Point", "coordinates": [ -2.535586929154427, 53.256486295969509 ] } },
{ "type": "Feature", "properties": { "visible_points": 4, "total_points": 118, "visibility_pct": 3.3898305084745761 }, "geometry": { "type": "Point", "coordinates": [ -2.535379238324609, 53.256487230336816 ] } },
{ "type": "Feature", "properties": { "visible_points": 5, "total_points": 120, "visibility_pct": 4.1666666666666661 }, "geometry": { "type": "Point", "coordinates": [ -2.535171547483146, 53.256488164342308 ] } },
{ "type": "Feature", "properties": { "visible_points": 0, "total_points": 120, "visibility_pct": 0.0 }, "geometry": { "type": "Point", "coordinates": [ -2.534963856630051, 53.256489097985963 ] } },
{ "type": "Feature", "properties": { "visible_points": 0, "total_points": 120, "visibility_pct": 0.0 }, "geometry": { "type": "Point", "coordinates": [ -2.534756165752805, 53.25649003125104 ] } },
{ "type": "Feature", "properties": { "visible_points": 0, "total_points": 120, "visibility_pct": 0.0 }, "geometry": { "type": "Point", "coordinates": [ -2.534548474821377, 53.256490964008393 ] } },
{ "type": "Feature", "properties": { "visible_points": 2, "total_points": 120, "visibility_pct": 1.6666666666666667 }, "geometry": { "type": "Point", "coordinates": [ -2.534340783854832, 53.25649189635844 ] } },
{ "type": "Feature", "properties": { "visible_points": 0, "total_points": 120, "visibility_pct": 0.0 }, "geometry": { "type": "Point", "coordinates": [ -2.534133092876706, 53.256492828346644 ] } },
{ "type": "Feature", "properties": { "visible_points": 3, "total_points": 120, "visibility_pct": 2.5 }, "geometry": { "type": "Point", "coordinates": [ -2.533925401887015, 53.256493759973011 ] } },
{ "type": "Feature", "properties": { "visible_points": 0, "total_points": 120, "visibility_pct": 0.0 }, "geometry": { "type": "Point", "coordinates": [ -2.533717710885752, 53.256494691237521 ] } },
{ "type": "Feature", "properties": { "visible_points": 17, "total_points": 120, "visibility_pct": 14.166666666666666 }, "geometry": { "type": "Point", "coordinates": [ -2.533510019872932, 53.256495622140179 ] } },
{ "type": "Feature", "properties": { "visible_points": 23, "total_points": 120, "visibility_pct": 19.166666666666668 }, "geometry": { "type": "Point", "coordinates": [ -2.533302328848547, 53.256496552681007 ] } },
{ "type": "Feature", "properties": { "visible_points": 23, "total_points": 120, "visibility_pct": 19.166666666666668 }, "geometry": { "type": "Point", "coordinates": [ -2.533094637812619, 53.256497482859992 ] } },
{ "type": "Feature", "properties": { "visible_points": 23, "total_points": 120, "visibility_pct": 19.166666666666668 }, "geometry": { "type": "Point", "coordinates": [ -2.532886946765134, 53.256498412677139 ] } },
{ "type": "Feature", "properties": { "visible_points": 25, "total_points": 120, "visibility_pct": 20.833333333333336 }, "geometry": { "type": "Point", "coordinates": [ -2.532679255706112, 53.256499342132443 ] } },
{ "type": "Feature", "properties": { "visible_points": 29, "total_points": 120, "visibility_pct": 24.166666666666668 }, "geometry": { "type": "Point", "coordinates": [ -2.532471564635543, 53.256500271225882 ] } },
{ "type": "Feature", "properties": { "visible_points": 22, "total_points": 120, "visibility_pct": 18.333333333333332 }, "geometry": { "type": "Point", "coordinates": [ -2.532263873553447, 53.256501199957498 ] } },
{ "type": "Feature", "properties": { "visible_points": 2, "total_points": 120, "visibility_pct": 1.6666666666666667 }, "geometry": { "type": "Point", "coordinates": [ -2.532056182459812, 53.25650212832727 ] } },
{ "type": "Feature", "properties": { "visible_points": 40, "total_points": 120, "visibility_pct": 33.333333333333329 }, "geometry": { "type": "Point", "coordinates": [ -2.531848491354659, 53.256503056335191 ] } },
{ "type": "Feature", "properties": { "visible_points": 12, "total_points": 120, "visibility_pct": 10.0 }, "geometry": { "type": "Point", "coordinates": [ -2.531640800237978, 53.256503983981268 ] } },
{ "type": "Feature", "properties": { "visible_points": 19, "total_points": 117, "visibility_pct": 16.239316239316238 }, "geometry": { "type": "Point", "coordinates": [ -2.531433109109787, 53.256504911265488 ] } },
{ "type": "Feature", "properties": { "visible_points": 22, "total_points": 114, "visibility_pct": 19.298245614035086 }, "geometry": { "type": "Point", "coordinates": [ -2.531225417970076, 53.256505838187884 ] } },
{ "type": "Feature", "properties": { "visible_points": 5, "total_points": 111, "visibility_pct": 4.5045045045045047 }, "geometry": { "type": "Point", "coordinates": [ -2.531017726818861, 53.256506764748437 ] } },
{ "type": "Feature", "properties": { "visible_points": 0, "total_points": 108, "visibility_pct": 0.0 }, "geometry": { "type": "Point", "coordinates": [ -2.530810035656143, 53.256507690947132 ] } },
{ "type": "Feature", "properties": { "visible_points": 0, "total_points": 105, "visibility_pct": 0.0 }, "geometry": { "type": "Point", "coordinates": [ -2.530602344481925, 53.256508616783982 ] } },
{ "type": "Feature", "properties": { "visible_points": 31, "total_points": 102, "visibility_pct": 30.392156862745097 }, "geometry": { "type": "Point", "coordinates": [ -2.530394653296213, 53.256509542258996 ] } },
{ "type": "Feature", "properties": { "visible_points": 42, "total_points": 99, "visibility_pct": 42.424242424242422 }, "geometry": { "type": "Point", "coordinates": [ -2.530186962099013, 53.256510467372173 ] } },
{ "type": "Feature", "properties": { "visible_points": 2, "total_points": 94, "visibility_pct": 2.1276595744680851 }, "geometry": { "type": "Point", "coordinates": [ -2.529979270890327, 53.256511392123478 ] } },
{ "type": "Feature", "properties": { "visible_points": 33, "total_points": 88, "visibility_pct": 37.5 }, "geometry": { "type": "Point", "coordinates": [ -2.529771579670155, 53.256512316512968 ] } },
{ "type": "Feature", "properties": { "visible_points": 35, "total_points": 82, "visibility_pct": 42.68292682926829 }, "geometry": { "type": "Point", "coordinates": [ -2.529563888438513, 53.256513240540606 ] } },
{ "type": "Feature", "properties": { "visible_points": 2, "total_points": 76, "visibility_pct": 2.6315789473684208 }, "geometry": { "type": "Point", "coordinates": [ -2.529356197195397, 53.256514164206401 ] } },
{ "type": "Feature", "properties": { "visible_points": 0, "total_points": 84, "visibility_pct": 0.0 }, "geometry": { "type": "Point", "coordinates": [ -2.536107508556131, 53.25659181977182 ] } },
{ "type": "Feature", "properties": { "visible_points": 1, "total_points": 94, "visibility_pct": 1.0638297872340425 }, "geometry": { "type": "Point", "coordinates": [ -2.535899817227979, 53.256592755046292 ] } },
{ "type": "Feature", "properties": { "visible_points": 1, "total_points": 103, "visibility_pct": 0.97087378640776689 }, "geometry": { "type": "Point", "coordinates": [ -2.535692125888186, 53.256593689958933 ] } },
{ "type": "Feature", "properties": { "visible_points": 6, "total_points": 111, "visibility_pct": 5.4054054054054053 }, "geometry": { "type": "Point", "coordinates": [ -2.535484434536739, 53.256594624509759 ] } },
{ "type": "Feature", "properties": { "visible_points": 1, "total_points": 117, "visibility_pct": 0.85470085470085477 }, "geometry": { "type": "Point", "coordinates": [ -2.535276743173654, 53.256595558698763 ] } },
{ "type": "Feature", "properties": { "visible_points": 0, "total_points": 120, "visibility_pct": 0.0 }, "geometry": { "type": "Point", "coordinates": [ -2.53506905179893, 53.256596492525951 ] } },
{ "type": "Feature", "properties": { "visible_points": 0, "total_points": 120, "visibility_pct": 0.0 }, "geometry": { "type": "Point", "coordinates": [ -2.534861360412573, 53.256597425991316 ] } },
{ "type": "Feature", "properties": { "visible_points": 0, "total_points": 120, "visibility_pct": 0.0 }, "geometry": { "type": "Point", "coordinates": [ -2.534653668982668, 53.256598359013587 ] } },
{ "type": "Feature", "properties": { "visible_points": 0, "total_points": 120, "visibility_pct": 0.0 }, "geometry": { "type": "Point", "coordinates": [ -2.534445977501855, 53.256599291552497 ] } },
{ "type": "Feature", "properties": { "visible_points": 0, "total_points": 120, "visibility_pct": 0.0 }, "geometry": { "type": "Point", "coordinates": [ -2.534238286004475, 53.256600223722842 ] } },
{ "type": "Feature", "properties": { "visible_points": 0, "total_points": 120, "visibility_pct": 0.0 }, "geometry": { "type": "Point", "coordinates": [ -2.534030594495523, 53.256601155531342 ] } },
{ "type": "Feature", "properties": { "visible_points": 0, "total_points": 120, "visibility_pct": 0.0 }, "geometry": { "type": "Point", "coordinates": [ -2.533822902975005, 53.256602086977985 ] } },
{ "type": "Feature", "properties": { "visible_points": 13, "total_points": 120, "visibility_pct": 10.833333333333334 }, "geometry": { "type": "Point", "coordinates": [ -2.533615211442916, 53.256603018062805 ] } },
{ "type": "Feature", "properties": { "visible_points": 20, "total_points": 120, "visibility_pct": 16.666666666666664 }, "geometry": { "type": "Point", "coordinates": [ -2.533407519899272, 53.256603948785767 ] } },
{ "type": "Feature", "properties": { "visible_points": 21, "total_points": 120, "visibility_pct": 17.5 }, "geometry": { "type": "Point", "coordinates": [ -2.533199828344074, 53.256604879146877 ] } },
{ "type": "Feature", "properties": { "visible_points": 22, "total_points": 120, "visibility_pct": 18.333333333333332 }, "geometry": { "type": "Point", "coordinates": [ -2.532992136777321, 53.256605809146144 ] } },
{ "type": "Feature", "properties": { "visible_points": 23, "total_points": 120, "visibility_pct": 19.166666666666668 }, "geometry": { "type": "Point", "coordinates": [ -2.532784445199024, 53.256606738783582 ] } },
{ "type": "Feature", "properties": { "visible_points": 25, "total_points": 120, "visibility_pct": 20.833333333333336 }, "geometry": { "type": "Point", "coordinates": [ -2.532576753609182, 53.256607668059146 ] } },
{ "type": "Feature", "properties": { "visible_points": 25, "total_points": 120, "visibility_pct": 20.833333333333336 }, "geometry": { "type": "Point", "coordinates": [ -2.53236906200781, 53.256608596972882 ] } },
{ "type": "Feature", "properties": { "visible_points": 0, "total_points": 120, "visibility_pct": 0.0 }, "geometry": { "type": "Point", "coordinates": [ -2.532161370394895, 53.256609525524766 ] } },
{ "type": "Feature", "properties": { "visible_points": 10, "total_points": 120, "visibility_pct": 8.3333333333333321 }, "geometry": { "type": "Point", "coordinates": [ -2.531953678770463, 53.256610453714821 ] } },
{ "type": "Feature", "properties": { "visible_points": 13, "total_points": 120, "visibility_pct": 10.833333333333334 }, "geometry": { "type": "Point", "coordinates": [ -2.5317459871345, 53.256611381543031 ] } },
{ "type": "Feature", "properties": { "visible_points": 8, "total_points": 120, "visibility_pct": 6.666666666666667 }, "geometry": { "type": "Point", "coordinates": [ -2.531538295487019, 53.25661230900937 ] } },
{ "type": "Feature", "properties": { "visible_points": 2, "total_points": 118, "visibility_pct": 1.6949152542372881 }, "geometry": { "type": "Point", "coordinates": [ -2.531330603828023, 53.256613236113864 ] } },
{ "type": "Feature", "properties": { "visible_points": 0, "total_points": 115, "visibility_pct": 0.0 }, "geometry": { "type": "Point", "coordinates": [ -2.531122912157517, 53.256614162856543 ] } },
{ "type": "Feature", "properties": { "visible_points": 33, "total_points": 113, "visibility_pct": 29.20353982300885 }, "geometry": { "type": "Point", "coordinates": [ -2.530915220475504, 53.256615089237357 ] } },
{ "type": "Feature", "properties": { "visible_points": 42, "total_points": 111, "visibility_pct": 37.837837837837839 }, "geometry": { "type": "Point", "coordinates": [ -2.530707528781991, 53.256616015256327 ] } },
{ "type": "Feature", "properties": { "visible_points": 48, "total_points": 109, "visibility_pct": 44.036697247706428 }, "geometry": { "type": "Point", "coordinates": [ -2.530499837076982, 53.256616940913467 ] } },
{ "type": "Feature", "properties": { "visible_points": 51, "total_points": 107, "visibility_pct": 47.663551401869157 }, "geometry": { "type": "Point", "coordinates": [ -2.530292145360482, 53.256617866208742 ] } },
{ "type": "Feature", "properties": { "visible_points": 52, "total_points": 106, "visibility_pct": 49.056603773584904 }, "geometry": { "type": "Point", "coordinates": [ -2.53008445363249, 53.256618791142174 ] } },
{ "type": "Feature", "properties": { "visible_points": 50, "total_points": 101, "visibility_pct": 49.504950495049506 }, "geometry": { "type": "Point", "coordinates": [ -2.529876761893017, 53.256619715713768 ] } },
{ "type": "Feature", "properties": { "visible_points": 41, "total_points": 95, "visibility_pct": 43.15789473684211 }, "geometry": { "type": "Point", "coordinates": [ -2.529669070142068, 53.256620639923497 ] } },
{ "type": "Feature", "properties": { "visible_points": 38, "total_points": 89, "visibility_pct": 42.696629213483142 }, "geometry": { "type": "Point", "coordinates": [ -2.529461378379641, 53.256621563771404 ] } },
{ "type": "Feature", "properties": { "visible_points": 38, "total_points": 82, "visibility_pct": 46.341463414634148 }, "geometry": { "type": "Point", "coordinates": [ -2.529253686605747, 53.256622487257438 ] } },
{ "type": "Feature", "properties": { "visible_points": 0, "total_points": 83, "visibility_pct": 0.0 }, "geometry": { "type": "Point", "coordinates": [ -2.536005015016616, 53.256700148757176 ] } },
{ "type": "Feature", "properties": { "visible_points": 0, "total_points": 93, "visibility_pct": 0.0 }, "geometry": { "type": "Point", "coordinates": [ -2.535797323155192, 53.256701083853343 ] } },
{ "type": "Feature", "properties": { "visible_points": 0, "total_points": 102, "visibility_pct": 0.0 }, "geometry": { "type": "Point", "coordinates": [ -2.535589631282122, 53.256702018587674 ] } },
{ "type": "Feature", "properties": { "visible_points": 0, "total_points": 110, "visibility_pct": 0.0 }, "geometry": { "type": "Point", "coordinates": [ -2.535381939397405, 53.256702952960204 ] } },
{ "type": "Feature", "properties": { "visible_points": 0, "total_points": 116, "visibility_pct": 0.0 }, "geometry": { "type": "Point", "coordinates": [ -2.535174247501051, 53.256703886970904 ] } },
{ "type": "Feature", "properties": { "visible_points": 0, "total_points": 120, "visibility_pct": 0.0 }, "geometry": { "type": "Point", "coordinates": [ -2.534966555593062, 53.256704820619781 ] } },
{ "type": "Feature", "properties": { "visible_points": 0, "total_points": 120, "visibility_pct": 0.0 }, "geometry": { "type": "Point", "coordinates": [ -2.534758863662104, 53.256705753890451 ] } },
{ "type": "Feature", "properties": { "visible_points": 0, "total_points": 120, "visibility_pct": 0.0 }, "geometry": { "type": "Point", "coordinates": [ -2.534551171679689, 53.256706686652947 ] } },
{ "type": "Feature", "properties": { "visible_points": 4, "total_points": 120, "visibility_pct": 3.3333333333333335 }, "geometry": { "type": "Point", "coordinates": [ -2.534343479663057, 53.256707619005432 ] } },
{ "type": "Feature", "properties": { "visible_points": 0, "total_points": 120, "visibility_pct": 0.0 }, "geometry": { "type": "Point", "coordinates": [ -2.534135787634842, 53.256708550996066 ] } },
{ "type": "Feature", "properties": { "visible_points": 0, "total_points": 120, "visibility_pct": 0.0 }, "geometry": { "type": "Point", "coordinates": [ -2.533928095595061, 53.256709482624842 ] } },
{ "type": "Feature", "properties": { "visible_points": 0, "total_points": 120, "visibility_pct": 0.0 }, "geometry": { "type": "Point", "coordinates": [ -2.533720403543711, 53.256710413891803 ] } },
{ "type": "Feature", "properties": { "visible_points": 0, "total_points": 120, "visibility_pct": 0.0 }, "geometry": { "type": "Point", "coordinates": [ -2.533512711480797, 53.256711344796884 ] } },
{ "type": "Feature", "properties": { "visible_points": 0, "total_points": 120, "visibility_pct": 0.0 }, "geometry": { "type": "Point", "coordinates": [ -2.533305019406329, 53.256712275340156 ] } },
{ "type": "Feature", "properties": { "visible_points": 0, "total_points": 120, "visibility_pct": 0.0 }, "geometry": { "type": "Point", "coordinates": [ -2.533097327320308, 53.25671320552155 ] } },
{ "type": "Feature", "properties": { "visible_points": 0, "total_points": 120, "visibility_pct": 0.0 }, "geometry": { "type": "Point", "coordinates": [ -2.532889635222733, 53.256714135341106 ] } },
{ "type": "Feature", "properties": { "visible_points": 0, "total_points": 120, "visibility_pct": 0.0 }, "geometry": { "type": "Point", "coordinates": [ -2.532681943113621, 53.256715064798797 ] } },
{ "type": "Feature", "properties": { "visible_points": 0, "total_points": 120, "visibility_pct": 0.0 }, "geometry": { "type": "Point", "coordinates": [ -2.532474250992963, 53.256715993894673 ] } },
{ "type": "Feature", "properties": { "visible_points": 10, "total_points": 120, "visibility_pct": 8.3333333333333321 }, "geometry": { "type": "Point", "coordinates": [ -2.532266558860776, 53.256716922628677 ] } },
{ "type": "Feature", "properties": { "visible_points": 12, "total_points": 120, "visibility_pct": 10.0 }, "geometry": { "type": "Point", "coordinates": [ -2.53205886671705, 53.256717851000857 ] } },
{ "type": "Feature", "properties": { "visible_points": 11, "total_points": 120, "visibility_pct": 9.1666666666666661 }, "geometry": { "type": "Point", "coordinates": [ -2.531851174561805, 53.25671877901118 ] } },
{ "type": "Feature", "properties": { "visible_points": 13, "total_points": 120, "visibility_pct": 10.833333333333334 }, "geometry": { "type": "Point", "coordinates": [ -2.531643482395034, 53.256719706659645 ] } },
{ "type": "Feature", "properties": { "visible_points": 0, "total_points": 120, "visibility_pct": 0.0 }, "geometry": { "type": "Point", "coordinates": [ -2.531435790216751, 53.256720633946287 ] } },
{ "type": "Feature", "properties": { "visible_points": 0, "total_points": 119, "visibility_pct": 0.0 }, "geometry": { "type": "Point", "coordinates": [ -2.531228098026951, 53.256721560871064 ] } },
{ "type": "Feature", "properties": { "visible_points": 18, "total_points": 117, "visibility_pct": 15.384615384615385 }, "geometry": { "type": "Point", "coordinates": [ -2.531020405825643, 53.256722487434004 ] } },
{ "type": "Feature", "properties": { "visible_points": 43, "total_points": 116, "visibility_pct": 37.068965517241381 }, "geometry": { "type": "Point", "coordinates": [ -2.530812713612833, 53.256723413635086 ] } },
{ "type": "Feature", "properties": { "visible_points": 52, "total_points": 115, "visibility_pct": 45.217391304347828 }, "geometry": { "type": "Point", "coordinates": [ -2.530605021388524, 53.256724339474317 ] } },
{ "type": "Feature", "properties": { "visible_points": 57, "total_points": 114, "visibility_pct": 50.0 }, "geometry": { "type": "Point", "coordinates": [ -2.53039732915272, 53.256725264951719 ] } },
{ "type": "Feature", "properties": { "visible_points": 63, "total_points": 113, "visibility_pct": 55.752212389380531 }, "geometry": { "type": "Point", "coordinates": [ -2.530189636905422, 53.256726190067255 ] } },
{ "type": "Feature", "properties": { "visible_points": 62, "total_points": 113, "visibility_pct": 54.86725663716814 }, "geometry": { "type": "Point", "coordinates": [ -2.529981944646648, 53.256727114820954 ] } },
{ "type": "Feature", "properties": { "visible_points": 57, "total_points": 108, "visibility_pct": 52.777777777777779 }, "geometry": { "type": "Point", "coordinates": [ -2.529774252376384, 53.256728039212803 ] } },
{ "type": "Feature", "properties": { "visible_points": 46, "total_points": 102, "visibility_pct": 45.098039215686278 }, "geometry": { "type": "Point", "coordinates": [ -2.529566560094645, 53.256728963242807 ] } },
{ "type": "Feature", "properties": { "visible_points": 42, "total_points": 95, "visibility_pct": 44.210526315789473 }, "geometry": { "type": "Point", "coordinates": [ -2.529358867801441, 53.256729886910975 ] } },
{ "type": "Feature", "properties": { "visible_points": 46, "total_points": 86, "visibility_pct": 53.488372093023251 }, "geometry": { "type": "Point", "coordinates": [ -2.529151175496759, 53.256730810217277 ] } },
{ "type": "Feature", "properties": { "visible_points": 0, "total_points": 82, "visibility_pct": 0.0 }, "geometry": { "type": "Point", "coordinates": [ -2.53590252095546, 53.256808477652697 ] } },
{ "type": "Feature", "properties": { "visible_points": 0, "total_points": 92, "visibility_pct": 0.0 }, "geometry": { "type": "Point", "coordinates": [ -2.53569482856076, 53.256809412570568 ] } },
{ "type": "Feature", "properties": { "visible_points": 0, "total_points": 101, "visibility_pct": 0.0 }, "geometry": { "type": "Point", "coordinates": [ -2.535487136154413, 53.25681034712661 ] } },
{ "type": "Feature", "properties": { "visible_points": 0, "total_points": 109, "visibility_pct": 0.0 }, "geometry": { "type": "Point", "coordinates": [ -2.535279443736422, 53.256811281320829 ] } },
{ "type": "Feature", "properties": { "visible_points": 8, "total_points": 115, "visibility_pct": 6.9565217391304346 }, "geometry": { "type": "Point", "coordinates": [ -2.535071751306799, 53.256812215153218 ] } },
{ "type": "Feature", "properties": { "visible_points": 8, "total_points": 120, "visibility_pct": 6.666666666666667 }, "geometry": { "type": "Point", "coordinates": [ -2.534864058865538, 53.256813148623792 ] } },
{ "type": "Feature", "properties": { "visible_points": 0, "total_points": 120, "visibility_pct": 0.0 }, "geometry": { "type": "Point", "coordinates": [ -2.53465636638327, 53.256814081652344 ] } },
{ "type": "Feature", "properties": { "visible_points": 0, "total_points": 120, "visibility_pct": 0.0 }, "geometry": { "type": "Point", "coordinates": [ -2.534448673852452, 53.256815014194387 ] } },
{ "type": "Feature", "properties": { "visible_points": 11, "total_points": 120, "visibility_pct": 9.1666666666666661 }, "geometry": { "type": "Point", "coordinates": [ -2.534240981304982, 53.256815946367169 ] } },
{ "type": "Feature", "properties": { "visible_points": 0, "total_points": 120, "visibility_pct": 0.0 }, "geometry": { "type": "Point", "coordinates": [ -2.53403328874593, 53.256816878178086 ] } },
{ "type": "Feature", "properties": { "visible_points": 0, "total_points": 120, "visibility_pct": 0.0 }, "geometry": { "type": "Point", "coordinates": [ -2.533825596175316, 53.256817809627165 ] } },
{ "type": "Feature", "properties": { "visible_points": 0, "total_points": 120, "visibility_pct": 0.0 }, "geometry": { "type": "Point", "coordinates": [ -2.533617903593132, 53.256818740714387 ] } },
{ "type": "Feature", "properties": { "visible_points": 0, "total_points": 120, "visibility_pct": 0.0 }, "geometry": { "type": "Point", "coordinates": [ -2.533410210999394, 53.256819671439786 ] } },
{ "type": "Feature", "properties": { "visible_points": 0, "total_points": 120, "visibility_pct": 0.0 }, "geometry": { "type": "Point", "coordinates": [ -2.533202518394098, 53.256820601803312 ] } },
{ "type": "Feature", "properties": { "visible_points": 0, "total_points": 120, "visibility_pct": 0.0 }, "geometry": { "type": "Point", "coordinates": [ -2.532994825777247, 53.256821531805016 ] } },
{ "type": "Feature", "properties": { "visible_points": 0, "total_points": 120, "visibility_pct": 0.0 }, "geometry": { "type": "Point", "coordinates": [ -2.532787133148858, 53.256822461444841 ] } },
{ "type": "Feature", "properties": { "visible_points": 0, "total_points": 120, "visibility_pct": 0.0 }, "geometry": { "type": "Point", "coordinates": [ -2.532579440508918, 53.256823390722836 ] } },
{ "type": "Feature", "properties": { "visible_points": 9, "total_points": 120, "visibility_pct": 7.5 }, "geometry": { "type": "Point", "coordinates": [ -2.532371747857443, 53.25682431963898 ] } },
{ "type": "Feature", "properties": { "visible_points": 11, "total_points": 120, "visibility_pct": 9.1666666666666661 }, "geometry": { "type": "Point", "coordinates": [ -2.532164055194439, 53.256825248193273 ] } },
{ "type": "Feature", "properties": { "visible_points": 11, "total_points": 120, "visibility_pct": 9.1666666666666661 }, "geometry": { "type": "Point", "coordinates": [ -2.531956362519903, 53.256826176385722 ] } },
{ "type": "Feature", "properties": { "visible_points": 14, "total_points": 120, "visibility_pct": 11.666666666666666 }, "geometry": { "type": "Point", "coordinates": [ -2.531748669833844, 53.256827104216313 ] } },
{ "type": "Feature", "properties": { "visible_points": 0, "total_points": 120, "visibility_pct": 0.0 }, "geometry": { "type": "Point", "coordinates": [ -2.531540977136264, 53.256828031685053 ] } },
{ "type": "Feature", "properties": { "visible_points": 0, "total_points": 120, "visibility_pct": 0.0 }, "geometry": { "type": "Point", "coordinates": [ -2.53133328442717, 53.256828958791957 ] } },
{ "type": "Feature", "properties": { "visible_points": 38, "total_points": 120, "visibility_pct": 31.666666666666664 }, "geometry": { "type": "Point", "coordinates": [ -2.531125591706569, 53.256829885537023 ] } },
{ "type": "Feature", "properties": { "visible_points": 47, "total_points": 119, "visibility_pct": 39.495798319327733 }, "geometry": { "type": "Point", "coordinates": [ -2.530917898974454, 53.256830811920231 ] } },
{ "type": "Feature", "properties": { "visible_points": 51, "total_points": 118, "visibility_pct": 43.220338983050851 }, "geometry": { "type": "Point", "coordinates": [ -2.530710206230845, 53.256831737941575 ] } },
{ "type": "Feature", "properties": { "visible_points": 63, "total_points": 118, "visibility_pct": 53.389830508474581 }, "geometry": { "type": "Point", "coordinates": [ -2.530502513475735, 53.256832663601081 ] } },
{ "type": "Feature", "properties": { "visible_points": 66, "total_points": 118, "visibility_pct": 55.932203389830505 }, "geometry": { "type": "Point", "coordinates": [ -2.530294820709133, 53.256833588898736 ] } },
{ "type": "Feature", "properties": { "visible_points": 69, "total_points": 118, "visibility_pct": 58.474576271186443 }, "geometry": { "type": "Point", "coordinates": [ -2.530087127931048, 53.256834513834562 ] } },
{ "type": "Feature", "properties": { "visible_points": 63, "total_points": 119, "visibility_pct": 52.941176470588239 }, "geometry": { "type": "Point", "coordinates": [ -2.529879435141473, 53.256835438408515 ] } },
{ "type": "Feature", "properties": { "visible_points": 56, "total_points": 115, "visibility_pct": 48.695652173913047 }, "geometry": { "type": "Point", "coordinates": [ -2.529671742340423, 53.256836362620632 ] } },
{ "type": "Feature", "properties": { "visible_points": 55, "total_points": 107, "visibility_pct": 51.401869158878498 }, "geometry": { "type": "Point", "coordinates": [ -2.529464049527898, 53.256837286470891 ] } },
{ "type": "Feature", "properties": { "visible_points": 46, "total_points": 98, "visibility_pct": 46.938775510204081 }, "geometry": { "type": "Point", "coordinates": [ -2.5292563567039, 53.256838209959305 ] } },
{ "type": "Feature", "properties": { "visible_points": 44, "total_points": 87, "visibility_pct": 50.574712643678168 }, "geometry": { "type": "Point", "coordinates": [ -2.529048663868441, 53.256839133085869 ] } },
{ "type": "Feature", "properties": { "visible_points": 1, "total_points": 81, "visibility_pct": 1.2345679012345678 }, "geometry": { "type": "Point", "coordinates": [ -2.535800026372655, 53.256916806458428 ] } },
{ "type": "Feature", "properties": { "visible_points": 0, "total_points": 91, "visibility_pct": 0.0 }, "geometry": { "type": "Point", "coordinates": [ -2.535592333444679, 53.256917741197988 ] } },
{ "type": "Feature", "properties": { "visible_points": 0, "total_points": 100, "visibility_pct": 0.0 }, "geometry": { "type": "Point", "coordinates": [ -2.535384640505053, 53.256918675575733 ] } },
{ "type": "Feature", "properties": { "visible_points": 0, "total_points": 108, "visibility_pct": 0.0 }, "geometry": { "type": "Point", "coordinates": [ -2.535176947553784, 53.256919609591627 ] } },
{ "type": "Feature", "properties": { "visible_points": 11, "total_points": 115, "visibility_pct": 9.5652173913043477 }, "geometry": { "type": "Point", "coordinates": [ -2.534969254590888, 53.256920543245727 ] } },
{ "type": "Feature", "properties": { "visible_points": 11, "total_points": 120, "visibility_pct": 9.1666666666666661 }, "geometry": { "type": "Point", "coordinates": [ -2.534761561606153, 53.256921476522017 ] } },
{ "type": "Feature", "properties": { "visible_points": 0, "total_points": 120, "visibility_pct": 0.0 }, "geometry": { "type": "Point", "coordinates": [ -2.534553868572672, 53.256922409289722 ] } },
{ "type": "Feature", "properties": { "visible_points": 9, "total_points": 120, "visibility_pct": 7.5 }, "geometry": { "type": "Point", "coordinates": [ -2.534346175505934, 53.256923341644629 ] } },
{ "type": "Feature", "properties": { "visible_points": 24, "total_points": 120, "visibility_pct": 20.0 }, "geometry": { "type": "Point", "coordinates": [ -2.53413848242762, 53.256924273637701 ] } },
{ "type": "Feature", "properties": { "visible_points": 30, "total_points": 120, "visibility_pct": 25.0 }, "geometry": { "type": "Point", "coordinates": [ -2.533930789337735, 53.256925205268928 ] } },
{ "type": "Feature", "properties": { "visible_points": 14, "total_points": 120, "visibility_pct": 11.666666666666666 }, "geometry": { "type": "Point", "coordinates": [ -2.533723096236281, 53.25692613653829 ] } },
{ "type": "Feature", "properties": { "visible_points": 13, "total_points": 120, "visibility_pct": 10.833333333333334 }, "geometry": { "type": "Point", "coordinates": [ -2.533515403123268, 53.256927067445808 ] } },
{ "type": "Feature", "properties": { "visible_points": 0, "total_points": 120, "visibility_pct": 0.0 }, "geometry": { "type": "Point", "coordinates": [ -2.533307709998693, 53.256927997991468 ] } },
{ "type": "Feature", "properties": { "visible_points": 0, "total_points": 120, "visibility_pct": 0.0 }, "geometry": { "type": "Point", "coordinates": [ -2.533100016862572, 53.256928928175292 ] } },
{ "type": "Feature", "properties": { "visible_points": 0, "total_points": 120, "visibility_pct": 0.0 }, "geometry": { "type": "Point", "coordinates": [ -2.532892323714891, 53.256929857997264 ] } },
{ "type": "Feature", "properties": { "visible_points": 0, "total_points": 120, "visibility_pct": 0.0 }, "geometry": { "type": "Point", "coordinates": [ -2.532684630555677, 53.256930787457385 ] } },
{ "type": "Feature", "properties": { "visible_points": 27, "total_points": 120, "visibility_pct": 22.5 }, "geometry": { "type": "Point", "coordinates": [ -2.532476937384915, 53.256931716555648 ] } },
{ "type": "Feature", "properties": { "visible_points": 9, "total_points": 120, "visibility_pct": 7.5 }, "geometry": { "type": "Point", "coordinates": [ -2.532269244202619, 53.256932645292068 ] } },
{ "type": "Feature", "properties": { "visible_points": 10, "total_points": 120, "visibility_pct": 8.3333333333333321 }, "geometry": { "type": "Point", "coordinates": [ -2.532061551008795, 53.25693357366665 ] } },
{ "type": "Feature", "properties": { "visible_points": 11, "total_points": 120, "visibility_pct": 9.1666666666666661 }, "geometry": { "type": "Point", "coordinates": [ -2.531853857803445, 53.256934501679375 ] } },
{ "type": "Feature", "properties": { "visible_points": 29, "total_points": 120, "visibility_pct": 24.166666666666668 }, "geometry": { "type": "Point", "coordinates": [ -2.531646164586569, 53.256935429330241 ] } },
{ "type": "Feature", "properties": { "visible_points": 12, "total_points": 120, "visibility_pct": 10.0 }, "geometry": { "type": "Point", "coordinates": [ -2.53143847135818, 53.256936356619264 ] } },
{ "type": "Feature", "properties": { "visible_points": 27, "total_points": 120, "visibility_pct": 22.5 }, "geometry": { "type": "Point", "coordinates": [ -2.531230778118277, 53.256937283546442 ] } },
{ "type": "Feature", "properties": { "visible_points": 48, "total_points": 120, "visibility_pct": 40.0 }, "geometry": { "type": "Point", "coordinates": [ -2.531023084866862, 53.256938210111741 ] } },
{ "type": "Feature", "properties": { "visible_points": 56, "total_points": 120, "visibility_pct": 46.666666666666664 }, "geometry": { "type": "Point", "coordinates": [ -2.530815391603949, 53.256939136315239 ] } },
{ "type": "Feature", "properties": { "visible_points": 64, "total_points": 120, "visibility_pct": 53.333333333333336 }, "geometry": { "type": "Point", "coordinates": [ -2.530607698329533, 53.256940062156858 ] } },
{ "type": "Feature", "properties": { "visible_points": 70, "total_points": 120, "visibility_pct": 58.333333333333336 }, "geometry": { "type": "Point", "coordinates": [ -2.530400005043624, 53.256940987636625 ] } },
{ "type": "Feature", "properties": { "visible_points": 68, "total_points": 120, "visibility_pct": 56.666666666666664 }, "geometry": { "type": "Point", "coordinates": [ -2.530192311746219, 53.256941912754542 ] } },
{ "type": "Feature", "properties": { "visible_points": 61, "total_points": 120, "visibility_pct": 50.833333333333329 }, "geometry": { "type": "Point", "coordinates": [ -2.529984618437338, 53.256942837510628 ] } },
{ "type": "Feature", "properties": { "visible_points": 66, "total_points": 120, "visibility_pct": 55.000000000000007 }, "geometry": { "type": "Point", "coordinates": [ -2.529776925116971, 53.256943761904836 ] } },
{ "type": "Feature", "properties": { "visible_points": 65, "total_points": 115, "visibility_pct": 56.521739130434781 }, "geometry": { "type": "Point", "coordinates": [ -2.529569231785123, 53.256944685937214 ] } },
{ "type": "Feature", "properties": { "visible_points": 61, "total_points": 107, "visibility_pct": 57.009345794392516 }, "geometry": { "type": "Point", "coordinates": [ -2.529361538441809, 53.25694560960774 ] } },
{ "type": "Feature", "properties": { "visible_points": 52, "total_points": 97, "visibility_pct": 53.608247422680414 }, "geometry": { "type": "Point", "coordinates": [ -2.529153845087024, 53.25694653291643 ] } },
{ "type": "Feature", "properties": { "visible_points": 43, "total_points": 86, "visibility_pct": 50.0 }, "geometry": { "type": "Point", "coordinates": [ -2.52894615172078, 53.256947455863234 ] } },
{ "type": "Feature", "properties": { "visible_points": 2, "total_points": 80, "visibility_pct": 2.5 }, "geometry": { "type": "Point", "coordinates": [ -2.535697531268204, 53.257025135174338 ] } },
{ "type": "Feature", "properties": { "visible_points": 0, "total_points": 90, "visibility_pct": 0.0 }, "geometry": { "type": "Point", "coordinates": [ -2.535489837806941, 53.257026069735595 ] } },
{ "type": "Feature", "properties": { "visible_points": 0, "total_points": 99, "visibility_pct": 0.0 }, "geometry": { "type": "Point", "coordinates": [ -2.535282144334035, 53.257027003935036 ] } },
{ "type": "Feature", "properties": { "visible_points": 0, "total_points": 107, "visibility_pct": 0.0 }, "geometry": { "type": "Point", "coordinates": [ -2.535074450849492, 53.257027937772627 ] } },
{ "type": "Feature", "properties": { "visible_points": 10, "total_points": 115, "visibility_pct": 8.695652173913043 }, "geometry": { "type": "Point", "coordinates": [ -2.534866757353318, 53.257028871248401 ] } },
{ "type": "Feature", "properties": { "visible_points": 5, "total_points": 120, "visibility_pct": 4.1666666666666661 }, "geometry": { "type": "Point", "coordinates": [ -2.534659063818594, 53.257029804283263 ] } },
{ "type": "Feature", "properties": { "visible_points": 0, "total_points": 120, "visibility_pct": 0.0 }, "geometry": { "type": "Point", "coordinates": [ -2.534451370237713, 53.257030736828483 ] } },
{ "type": "Feature", "properties": { "visible_points": 24, "total_points": 120, "visibility_pct": 20.0 }, "geometry": { "type": "Point", "coordinates": [ -2.534243676640133, 53.257031669003688 ] } },
{ "type": "Feature", "properties": { "visible_points": 42, "total_points": 120, "visibility_pct": 35.0 }, "geometry": { "type": "Point", "coordinates": [ -2.534035983030972, 53.257032600817048 ] } },
{ "type": "Feature", "properties": { "visible_points": 43, "total_points": 120, "visibility_pct": 35.833333333333336 }, "geometry": { "type": "Point", "coordinates": [ -2.533828289410248, 53.257033532268544 ] } },
{ "type": "Feature", "properties": { "visible_points": 52, "total_points": 120, "visibility_pct": 43.333333333333336 }, "geometry": { "type": "Point", "coordinates": [ -2.533620595777957, 53.257034463358202 ] } },
{ "type": "Feature", "properties": { "visible_points": 52, "total_points": 120, "visibility_pct": 43.333333333333336 }, "geometry": { "type": "Point", "coordinates": [ -2.533412902134109, 53.25703539408601 ] } },
{ "type": "Feature", "properties": { "visible_points": 50, "total_points": 120, "visibility_pct": 41.666666666666671 }, "geometry": { "type": "Point", "coordinates": [ -2.5332052084787, 53.257036324451974 ] } },
{ "type": "Feature", "properties": { "visible_points": 51, "total_points": 120, "visibility_pct": 42.5 }, "geometry": { "type": "Point", "coordinates": [ -2.532997514811744, 53.257037254456066 ] } },
{ "type": "Feature", "properties": { "visible_points": 43, "total_points": 120, "visibility_pct": 35.833333333333336 }, "geometry": { "type": "Point", "coordinates": [ -2.532789821133238, 53.25703818409832 ] } },
{ "type": "Feature", "properties": { "visible_points": 44, "total_points": 120, "visibility_pct": 36.666666666666664 }, "geometry": { "type": "Point", "coordinates": [ -2.532582127443192, 53.257039113378724 ] } },
{ "type": "Feature", "properties": { "visible_points": 42, "total_points": 120, "visibility_pct": 35.0 }, "geometry": { "type": "Point", "coordinates": [ -2.532374433741607, 53.25704004229727 ] } },
{ "type": "Feature", "properties": { "visible_points": 38, "total_points": 120, "visibility_pct": 31.666666666666664 }, "geometry": { "type": "Point", "coordinates": [ -2.532166740028491, 53.257040970853964 ] } },
{ "type": "Feature", "properties": { "visible_points": 36, "total_points": 120, "visibility_pct": 30.0 }, "geometry": { "type": "Point", "coordinates": [ -2.531959046303844, 53.257041899048829 ] } },
{ "type": "Feature", "properties": { "visible_points": 34, "total_points": 120, "visibility_pct": 28.333333333333332 }, "geometry": { "type": "Point", "coordinates": [ -2.531751352567674, 53.257042826881815 ] } },
{ "type": "Feature", "properties": { "visible_points": 31, "total_points": 120, "visibility_pct": 25.833333333333336 }, "geometry": { "type": "Point", "coordinates": [ -2.531543658819983, 53.257043754352949 ] } },
{ "type": "Feature", "properties": { "visible_points": 30, "total_points": 120, "visibility_pct": 25.0 }, "geometry": { "type": "Point", "coordinates": [ -2.531335965060779, 53.257044681462233 ] } },
{ "type": "Feature", "properties": { "visible_points": 44, "total_points": 120, "visibility_pct": 36.666666666666664 }, "geometry": { "type": "Point", "coordinates": [ -2.531128271290058, 53.257045608209687 ] } },
{ "type": "Feature", "properties": { "visible_points": 54, "total_points": 120, "visibility_pct": 45.0 }, "geometry": { "type": "Point", "coordinates": [ -2.530920577507842, 53.257046534595283 ] } },
{ "type": "Feature", "properties": { "visible_points": 60, "total_points": 120, "visibility_pct": 50.0 }, "geometry": { "type": "Point", "coordinates": [ -2.530712883714116, 53.25704746061902 ] } },
{ "type": "Feature", "properties": { "visible_points": 69, "total_points": 120, "visibility_pct": 57.5 }, "geometry": { "type": "Point", "coordinates": [ -2.530505189908891, 53.257048386280907 ] } },
{ "type": "Feature", "properties": { "visible_points": 74, "total_points": 120, "visibility_pct": 61.666666666666671 }, "geometry": { "type": "Point", "coordinates": [ -2.530297496092183, 53.257049311580943 ] } },
{ "type": "Feature", "properties": { "visible_points": 78, "total_points": 120, "visibility_pct": 65.0 }, "geometry": { "type": "Point", "coordinates": [ -2.530089802263979, 53.257050236519142 ] } },
{ "type": "Feature", "properties": { "visible_points": 77, "total_points": 120, "visibility_pct": 64.166666666666671 }, "geometry": { "type": "Point", "coordinates": [ -2.529882108424293, 53.257051161095482 ] } },
{ "type": "Feature", "properties": { "visible_points": 70, "total_points": 120, "visibility_pct": 58.333333333333336 }, "geometry": { "type": "Point", "coordinates": [ -2.529674414573132, 53.257052085309958 ] } },
{ "type": "Feature", "properties": { "visible_points": 67, "total_points": 115, "visibility_pct": 58.260869565217391 }, "geometry": { "type": "Point", "coordinates": [ -2.529466720710488, 53.257053009162568 ] } },
{ "type": "Feature", "properties": { "visible_points": 56, "total_points": 106, "visibility_pct": 52.830188679245282 }, "geometry": { "type": "Point", "coordinates": [ -2.529259026836383, 53.257053932653363 ] } },
{ "type": "Feature", "properties": { "visible_points": 47, "total_points": 96, "visibility_pct": 48.958333333333329 }, "geometry": { "type": "Point", "coordinates": [ -2.529051332950805, 53.257054855782307 ] } },
{ "type": "Feature", "properties": { "visible_points": 39, "total_points": 85, "visibility_pct": 45.882352941176471 }, "geometry": { "type": "Point", "coordinates": [ -2.528843639053772, 53.257055778549379 ] } },
{ "type": "Feature", "properties": { "visible_points": 0, "total_points": 89, "visibility_pct": 0.0 }, "geometry": { "type": "Point", "coordinates": [ -2.535387341647544, 53.257134398183382 ] } },
{ "type": "Feature", "properties": { "visible_points": 0, "total_points": 98, "visibility_pct": 0.0 }, "geometry": { "type": "Point", "coordinates": [ -2.535179647641356, 53.25713533220452 ] } },
{ "type": "Feature", "properties": { "visible_points": 10, "total_points": 107, "visibility_pct": 9.3457943925233646 }, "geometry": { "type": "Point", "coordinates": [ -2.534971953623534, 53.257136265863807 ] } },
{ "type": "Feature", "properties": { "visible_points": 9, "total_points": 115, "visibility_pct": 7.8260869565217401 }, "geometry": { "type": "Point", "coordinates": [ -2.534764259584952, 53.257137199145703 ] } },
{ "type": "Feature", "properties": { "visible_points": 0, "total_points": 120, "visibility_pct": 0.0 }, "geometry": { "type": "Point", "coordinates": [ -2.534556565500321, 53.257138131918694 ] } },
{ "type": "Feature", "properties": { "visible_points": 21, "total_points": 120, "visibility_pct": 17.5 }, "geometry": { "type": "Point", "coordinates": [ -2.534348871383465, 53.257139064276032 ] } },
{ "type": "Feature", "properties": { "visible_points": 46, "total_points": 120, "visibility_pct": 38.333333333333336 }, "geometry": { "type": "Point", "coordinates": [ -2.53414117725504, 53.25713999627154 ] } },
{ "type": "Feature", "properties": { "visible_points": 52, "total_points": 120, "visibility_pct": 43.333333333333336 }, "geometry": { "type": "Point", "coordinates": [ -2.533933483115034, 53.257140927905184 ] } },
{ "type": "Feature", "properties": { "visible_points": 57, "total_points": 120, "visibility_pct": 47.5 }, "geometry": { "type": "Point", "coordinates": [ -2.533725788963468, 53.25714185917699 ] } },
{ "type": "Feature", "properties": { "visible_points": 63, "total_points": 120, "visibility_pct": 52.5 }, "geometry": { "type": "Point", "coordinates": [ -2.533518094800336, 53.257142790086938 ] } },
{ "type": "Feature", "properties": { "visible_points": 67, "total_points": 120, "visibility_pct": 55.833333333333336 }, "geometry": { "type": "Point", "coordinates": [ -2.533310400625648, 53.257143720635014 ] } },
{ "type": "Feature", "properties": { "visible_points": 63, "total_points": 120, "visibility_pct": 52.5 }, "geometry": { "type": "Point", "coordinates": [ -2.533102706439405, 53.257144650821246 ] } },
{ "type": "Feature", "properties": { "visible_points": 54, "total_points": 120, "visibility_pct": 45.0 }, "geometry": { "type": "Point", "coordinates": [ -2.532895012241613, 53.257145580645641 ] } },
{ "type": "Feature", "properties": { "visible_points": 57, "total_points": 120, "visibility_pct": 47.5 }, "geometry": { "type": "Point", "coordinates": [ -2.532687318032276, 53.257146510108178 ] } },
{ "type": "Feature", "properties": { "visible_points": 33, "total_points": 120, "visibility_pct": 27.5 }, "geometry": { "type": "Point", "coordinates": [ -2.532479623811402, 53.257147439208843 ] } },
{ "type": "Feature", "properties": { "visible_points": 42, "total_points": 120, "visibility_pct": 35.0 }, "geometry": { "type": "Point", "coordinates": [ -2.532271929578987, 53.257148367947671 ] } },
{ "type": "Feature", "properties": { "visible_points": 44, "total_points": 120, "visibility_pct": 36.666666666666664 }, "geometry": { "type": "Point", "coordinates": [ -2.532064235335048, 53.257149296324663 ] } },
{ "type": "Feature", "properties": { "visible_points": 46, "total_points": 120, "visibility_pct": 38.333333333333336 }, "geometry": { "type": "Point", "coordinates": [ -2.531856541079574, 53.25715022433976 ] } },
{ "type": "Feature", "properties": { "visible_points": 43, "total_points": 120, "visibility_pct": 35.833333333333336 }, "geometry": { "type": "Point", "coordinates": [ -2.531648846812585, 53.25715115199305 ] } },
{ "type": "Feature", "properties": { "visible_points": 1, "total_points": 120, "visibility_pct": 0.83333333333333337 }, "geometry": { "type": "Point", "coordinates": [ -2.531441152534074, 53.257152079284445 ] } },
{ "type": "Feature", "properties": { "visible_points": 0, "total_points": 120, "visibility_pct": 0.0 }, "geometry": { "type": "Point", "coordinates": [ -2.531233458244055, 53.257153006214018 ] } },
{ "type": "Feature", "properties": { "visible_points": 47, "total_points": 120, "visibility_pct": 39.166666666666664 }, "geometry": { "type": "Point", "coordinates": [ -2.531025763942521, 53.257153932781733 ] } },
{ "type": "Feature", "properties": { "visible_points": 56, "total_points": 120, "visibility_pct": 46.666666666666664 }, "geometry": { "type": "Point", "coordinates": [ -2.530818069629488, 53.257154858987583 ] } },
{ "type": "Feature", "properties": { "visible_points": 61, "total_points": 120, "visibility_pct": 50.833333333333329 }, "geometry": { "type": "Point", "coordinates": [ -2.530610375304953, 53.257155784831596 ] } },
{ "type": "Feature", "properties": { "visible_points": 69, "total_points": 120, "visibility_pct": 57.5 }, "geometry": { "type": "Point", "coordinates": [ -2.530402680968924, 53.257156710313751 ] } },
{ "type": "Feature", "properties": { "visible_points": 78, "total_points": 120, "visibility_pct": 65.0 }, "geometry": { "type": "Point", "coordinates": [ -2.530194986621405, 53.257157635434041 ] } },
{ "type": "Feature", "properties": { "visible_points": 79, "total_points": 120, "visibility_pct": 65.833333333333329 }, "geometry": { "type": "Point", "coordinates": [ -2.529987292262397, 53.257158560192508 ] } },
{ "type": "Feature", "properties": { "visible_points": 74, "total_points": 120, "visibility_pct": 61.666666666666671 }, "geometry": { "type": "Point", "coordinates": [ -2.529779597891911, 53.257159484589089 ] } },
{ "type": "Feature", "properties": { "visible_points": 67, "total_points": 120, "visibility_pct": 55.833333333333336 }, "geometry": { "type": "Point", "coordinates": [ -2.52957190350995, 53.257160408623825 ] } },
{ "type": "Feature", "properties": { "visible_points": 57, "total_points": 114, "visibility_pct": 50.0 }, "geometry": { "type": "Point", "coordinates": [ -2.52936420911651, 53.257161332296732 ] } },
{ "type": "Feature", "properties": { "visible_points": 47, "total_points": 105, "visibility_pct": 44.761904761904766 }, "geometry": { "type": "Point", "coordinates": [ -2.529156514711608, 53.257162255607774 ] } },
{ "type": "Feature", "properties": { "visible_points": 44, "total_points": 95, "visibility_pct": 46.315789473684212 }, "geometry": { "type": "Point", "coordinates": [ -2.528948820295239, 53.257163178556965 ] } },
{ "type": "Feature", "properties": { "visible_points": 29, "total_points": 83, "visibility_pct": 34.939759036144579 }, "geometry": { "type": "Point", "coordinates": [ -2.528741125867414, 53.257164101144291 ] } },
{ "type": "Feature", "properties": { "visible_points": 0, "total_points": 88, "visibility_pct": 0.0 }, "geometry": { "type": "Point", "coordinates": [ -2.53528484496649, 53.257242726541364 ] } },
{ "type": "Feature", "properties": { "visible_points": 0, "total_points": 98, "visibility_pct": 0.0 }, "geometry": { "type": "Point", "coordinates": [ -2.535077150427012, 53.257243660384191 ] } },
{ "type": "Feature", "properties": { "visible_points": 11, "total_points": 107, "visibility_pct": 10.2803738317757 }, "geometry": { "type": "Point", "coordinates": [ -2.534869455875907, 53.25724459386516 ] } },
{ "type": "Feature", "properties": { "visible_points": 3, "total_points": 115, "visibility_pct": 2.6086956521739131 }, "geometry": { "type": "Point", "coordinates": [ -2.534661761288656, 53.257245526906416 ] } },
{ "type": "Feature", "properties": { "visible_points": 0, "total_points": 120, "visibility_pct": 0.0 }, "geometry": { "type": "Point", "coordinates": [ -2.534454066657637, 53.257246459454784 ] } },
{ "type": "Feature", "properties": { "visible_points": 52, "total_points": 120, "visibility_pct": 43.333333333333336 }, "geometry": { "type": "Point", "coordinates": [ -2.53424637200993, 53.257247391632418 ] } },
{ "type": "Feature", "properties": { "visible_points": 58, "total_points": 120, "visibility_pct": 48.333333333333336 }, "geometry": { "type": "Point", "coordinates": [ -2.53403867735065, 53.257248323448209 ] } },
{ "type": "Feature", "properties": { "visible_points": 68, "total_points": 120, "visibility_pct": 56.666666666666664 }, "geometry": { "type": "Point", "coordinates": [ -2.533830982679802, 53.257249254902128 ] } },
{ "type": "Feature", "properties": { "visible_points": 70, "total_points": 120, "visibility_pct": 58.333333333333336 }, "geometry": { "type": "Point", "coordinates": [ -2.533623287997389, 53.257250185994224 ] } },
{ "type": "Feature", "properties": { "visible_points": 71, "total_points": 120, "visibility_pct": 59.166666666666664 }, "geometry": { "type": "Point", "coordinates": [ -2.533415593303418, 53.257251116724454 ] } },
{ "type": "Feature", "properties": { "visible_points": 72, "total_points": 120, "visibility_pct": 60.0 }, "geometry": { "type": "Point", "coordinates": [ -2.533207898597884, 53.25725204709282 ] } },
{ "type": "Feature", "properties": { "visible_points": 77, "total_points": 120, "visibility_pct": 64.166666666666671 }, "geometry": { "type": "Point", "coordinates": [ -2.533000203880806, 53.257252977099334 ] } },
{ "type": "Feature", "properties": { "visible_points": 65, "total_points": 120, "visibility_pct": 54.166666666666664 }, "geometry": { "type": "Point", "coordinates": [ -2.532792509152177, 53.257253906744005 ] } },
{ "type": "Feature", "properties": { "visible_points": 50, "total_points": 120, "visibility_pct": 41.666666666666671 }, "geometry": { "type": "Point", "coordinates": [ -2.532584814412008, 53.257254836026817 ] } },
{ "type": "Feature", "properties": { "visible_points": 45, "total_points": 120, "visibility_pct": 37.5 }, "geometry": { "type": "Point", "coordinates": [ -2.532377119660298, 53.257255764947764 ] } },
{ "type": "Feature", "properties": { "visible_points": 46, "total_points": 120, "visibility_pct": 38.333333333333336 }, "geometry": { "type": "Point", "coordinates": [ -2.532169424897054, 53.257256693506875 ] } },
{ "type": "Feature", "properties": { "visible_points": 51, "total_points": 120, "visibility_pct": 42.5 }, "geometry": { "type": "Point", "coordinates": [ -2.531961730122287, 53.257257621704127 ] } },
{ "type": "Feature", "properties": { "visible_points": 40, "total_points": 120, "visibility_pct": 33.333333333333329 }, "geometry": { "type": "Point", "coordinates": [ -2.531754035335988, 53.2572585495395 ] } },
{ "type": "Feature", "properties": { "visible_points": 40, "total_points": 120, "visibility_pct": 33.333333333333329 }, "geometry": { "type": "Point", "coordinates": [ -2.531546340538176, 53.257259477013058 ] } },
{ "type": "Feature", "properties": { "visible_points": 17, "total_points": 120, "visibility_pct": 14.166666666666666 }, "geometry": { "type": "Point", "coordinates": [ -2.531338645728843, 53.25726040412475 ] } },
{ "type": "Feature", "properties": { "visible_points": 30, "total_points": 120, "visibility_pct": 25.0 }, "geometry": { "type": "Point", "coordinates": [ -2.531130950908001, 53.257261330874584 ] } },
{ "type": "Feature", "properties": { "visible_points": 48, "total_points": 120, "visibility_pct": 40.0 }, "geometry": { "type": "Point", "coordinates": [ -2.530923256075656, 53.25726225726256 ] } },
{ "type": "Feature", "properties": { "visible_points": 58, "total_points": 120, "visibility_pct": 48.333333333333336 }, "geometry": { "type": "Point", "coordinates": [ -2.530715561231806, 53.257263183288671 ] } },
{ "type": "Feature", "properties": { "visible_points": 63, "total_points": 120, "visibility_pct": 52.5 }, "geometry": { "type": "Point", "coordinates": [ -2.530507866376457, 53.257264108952953 ] } },
{ "type": "Feature", "properties": { "visible_points": 67, "total_points": 120, "visibility_pct": 55.833333333333336 }, "geometry": { "type": "Point", "coordinates": [ -2.530300171509619, 53.257265034255369 ] } },
{ "type": "Feature", "properties": { "visible_points": 70, "total_points": 120, "visibility_pct": 58.333333333333336 }, "geometry": { "type": "Point", "coordinates": [ -2.530092476631292, 53.257265959195934 ] } },
{ "type": "Feature", "properties": { "visible_points": 68, "total_points": 120, "visibility_pct": 56.666666666666664 }, "geometry": { "type": "Point", "coordinates": [ -2.529884781741478, 53.257266883774633 ] } },
{ "type": "Feature", "properties": { "visible_points": 70, "total_points": 120, "visibility_pct": 58.333333333333336 }, "geometry": { "type": "Point", "coordinates": [ -2.529677086840187, 53.257267807991489 ] } },
{ "type": "Feature", "properties": { "visible_points": 59, "total_points": 120, "visibility_pct": 49.166666666666664 }, "geometry": { "type": "Point", "coordinates": [ -2.52946939192742, 53.257268731846494 ] } },
{ "type": "Feature", "properties": { "visible_points": 50, "total_points": 113, "visibility_pct": 44.247787610619469 }, "geometry": { "type": "Point", "coordinates": [ -2.529261697003185, 53.257269655339634 ] } },
{ "type": "Feature", "properties": { "visible_points": 41, "total_points": 104, "visibility_pct": 39.42307692307692 }, "geometry": { "type": "Point", "coordinates": [ -2.529054002067485, 53.25727057847093 ] } },
{ "type": "Feature", "properties": { "visible_points": 37, "total_points": 93, "visibility_pct": 39.784946236559136 }, "geometry": { "type": "Point", "coordinates": [ -2.528846307120324, 53.257271501240361 ] } },
{ "type": "Feature", "properties": { "visible_points": 13, "total_points": 81, "visibility_pct": 16.049382716049383 }, "geometry": { "type": "Point", "coordinates": [ -2.528638612161695, 53.257272423647947 ] } },
{ "type": "Feature", "properties": { "visible_points": 1, "total_points": 87, "visibility_pct": 1.1494252873563218 }, "geometry": { "type": "Point", "coordinates": [ -2.535182347763761, 53.257351054809519 ] } },
{ "type": "Feature", "properties": { "visible_points": 5, "total_points": 97, "visibility_pct": 5.1546391752577314 }, "geometry": { "type": "Point", "coordinates": [ -2.534974652691002, 53.257351988474028 ] } },
{ "type": "Feature", "properties": { "visible_points": 9, "total_points": 106, "visibility_pct": 8.4905660377358494 }, "geometry": { "type": "Point", "coordinates": [ -2.534766957598507, 53.257352921761573 ] } },
{ "type": "Feature", "properties": { "visible_points": 0, "total_points": 114, "visibility_pct": 0.0 }, "geometry": { "type": "Point", "coordinates": [ -2.534559262462637, 53.257353854539872 ] } },
{ "type": "Feature", "properties": { "visible_points": 49, "total_points": 120, "visibility_pct": 40.833333333333336 }, "geometry": { "type": "Point", "coordinates": [ -2.534351567295656, 53.257354786899654 ] } },
{ "type": "Feature", "properties": { "visible_points": 59, "total_points": 120, "visibility_pct": 49.166666666666664 }, "geometry": { "type": "Point", "coordinates": [ -2.534143872117099, 53.257355718897593 ] } },
{ "type": "Feature", "properties": { "visible_points": 67, "total_points": 120, "visibility_pct": 55.833333333333336 }, "geometry": { "type": "Point", "coordinates": [ -2.533936176926966, 53.257356650533666 ] } },
{ "type": "Feature", "properties": { "visible_points": 77, "total_points": 120, "visibility_pct": 64.166666666666671 }, "geometry": { "type": "Point", "coordinates": [ -2.533728481725267, 53.257357581807881 ] } },
{ "type": "Feature", "properties": { "visible_points": 81, "total_points": 120, "visibility_pct": 67.5 }, "geometry": { "type": "Point", "coordinates": [ -2.533520786512008, 53.257358512720245 ] } },
{ "type": "Feature", "properties": { "visible_points": 82, "total_points": 120, "visibility_pct": 68.333333333333329 }, "geometry": { "type": "Point", "coordinates": [ -2.533313091287189, 53.257359443270765 ] } },
{ "type": "Feature", "properties": { "visible_points": 82, "total_points": 120, "visibility_pct": 68.333333333333329 }, "geometry": { "type": "Point", "coordinates": [ -2.53310539605082, 53.25736037345942 ] } },
{ "type": "Feature", "properties": { "visible_points": 77, "total_points": 120, "visibility_pct": 64.166666666666671 }, "geometry": { "type": "Point", "coordinates": [ -2.532897700802892, 53.25736130328621 ] } },
{ "type": "Feature", "properties": { "visible_points": 75, "total_points": 120, "visibility_pct": 62.5 }, "geometry": { "type": "Point", "coordinates": [ -2.532690005543425, 53.257362232751163 ] } },
{ "type": "Feature", "properties": { "visible_points": 62, "total_points": 120, "visibility_pct": 51.666666666666671 }, "geometry": { "type": "Point", "coordinates": [ -2.532482310272421, 53.257363161854244 ] } },
{ "type": "Feature", "properties": { "visible_points": 51, "total_points": 120, "visibility_pct": 42.5 }, "geometry": { "type": "Point", "coordinates": [ -2.532274614989877, 53.25736409059548 ] } },
{ "type": "Feature", "properties": { "visible_points": 56, "total_points": 120, "visibility_pct": 46.666666666666664 }, "geometry": { "type": "Point", "coordinates": [ -2.532066919695801, 53.257365018974845 ] } },
{ "type": "Feature", "properties": { "visible_points": 50, "total_points": 120, "visibility_pct": 41.666666666666671 }, "geometry": { "type": "Point", "coordinates": [ -2.531859224390204, 53.257365946992373 ] } },
{ "type": "Feature", "properties": { "visible_points": 47, "total_points": 120, "visibility_pct": 39.166666666666664 }, "geometry": { "type": "Point", "coordinates": [ -2.531651529073076, 53.257366874648042 ] } },
{ "type": "Feature", "properties": { "visible_points": 25, "total_points": 120, "visibility_pct": 20.833333333333336 }, "geometry": { "type": "Point", "coordinates": [ -2.531443833744438, 53.257367801941854 ] } },
{ "type": "Feature", "properties": { "visible_points": 31, "total_points": 120, "visibility_pct": 25.833333333333336 }, "geometry": { "type": "Point", "coordinates": [ -2.531236138404282, 53.257368728873807 ] } },
{ "type": "Feature", "properties": { "visible_points": 8, "total_points": 120, "visibility_pct": 6.666666666666667 }, "geometry": { "type": "Point", "coordinates": [ -2.531028443052623, 53.257369655443917 ] } },
{ "type": "Feature", "properties": { "visible_points": 46, "total_points": 120, "visibility_pct": 38.333333333333336 }, "geometry": { "type": "Point", "coordinates": [ -2.530820747689452, 53.257370581652147 ] } },
{ "type": "Feature", "properties": { "visible_points": 51, "total_points": 120, "visibility_pct": 42.5 }, "geometry": { "type": "Point", "coordinates": [ -2.530613052314786, 53.25737150749854 ] } },
{ "type": "Feature", "properties": { "visible_points": 58, "total_points": 120, "visibility_pct": 48.333333333333336 }, "geometry": { "type": "Point", "coordinates": [ -2.530405356928625, 53.25737243298309 ] } },
{ "type": "Feature", "properties": { "visible_points": 59, "total_points": 120, "visibility_pct": 49.166666666666664 }, "geometry": { "type": "Point", "coordinates": [ -2.53019766153097, 53.257373358105752 ] } },
{ "type": "Feature", "properties": { "visible_points": 60, "total_points": 120, "visibility_pct": 50.0 }, "geometry": { "type": "Point", "coordinates": [ -2.529989966121835, 53.257374282866579 ] } },
{ "type": "Feature", "properties": { "visible_points": 64, "total_points": 120, "visibility_pct": 53.333333333333336 }, "geometry": { "type": "Point", "coordinates": [ -2.52978227070121, 53.257375207265532 ] } },
{ "type": "Feature", "properties": { "visible_points": 62, "total_points": 120, "visibility_pct": 51.666666666666671 }, "geometry": { "type": "Point", "coordinates": [ -2.529574575269115, 53.257376131302664 ] } },
{ "type": "Feature", "properties": { "visible_points": 52, "total_points": 119, "visibility_pct": 43.69747899159664 }, "geometry": { "type": "Point", "coordinates": [ -2.529366879825545, 53.257377054977923 ] } },
{ "type": "Feature", "properties": { "visible_points": 45, "total_points": 112, "visibility_pct": 40.178571428571431 }, "geometry": { "type": "Point", "coordinates": [ -2.529159184370506, 53.257377978291309 ] } },
{ "type": "Feature", "properties": { "visible_points": 35, "total_points": 102, "visibility_pct": 34.313725490196077 }, "geometry": { "type": "Point", "coordinates": [ -2.528951488904006, 53.257378901242866 ] } },
{ "type": "Feature", "properties": { "visible_points": 38, "total_points": 91, "visibility_pct": 41.758241758241759 }, "geometry": { "type": "Point", "coordinates": [ -2.528743793426043, 53.257379823832558 ] } },
{ "type": "Feature", "properties": { "visible_points": 4, "total_points": 79, "visibility_pct": 5.0632911392405067 }, "geometry": { "type": "Point", "coordinates": [ -2.528536097936628, 53.257380746060385 ] } },
{ "type": "Feature", "properties": { "visible_points": 0, "total_points": 86, "visibility_pct": 0.0 }, "geometry": { "type": "Point", "coordinates": [ -2.535079850039366, 53.257459382987854 ] } },
{ "type": "Feature", "properties": { "visible_points": 0, "total_points": 96, "visibility_pct": 0.0 }, "geometry": { "type": "Point", "coordinates": [ -2.534872154433311, 53.257460316474045 ] } },
{ "type": "Feature", "properties": { "visible_points": 9, "total_points": 105, "visibility_pct": 8.5714285714285712 }, "geometry": { "type": "Point", "coordinates": [ -2.53466445879345, 53.257461249521732 ] } },
{ "type": "Feature", "properties": { "visible_points": 47, "total_points": 113, "visibility_pct": 41.592920353982301 }, "geometry": { "type": "Point", "coordinates": [ -2.534456763112217, 53.257462182073262 ] } },
{ "type": "Feature", "properties": { "visible_points": 59, "total_points": 119, "visibility_pct": 49.579831932773111 }, "geometry": { "type": "Point", "coordinates": [ -2.534249067414379, 53.257463114253341 ] } },
{ "type": "Feature", "properties": { "visible_points": 69, "total_points": 120, "visibility_pct": 57.5 }, "geometry": { "type": "Point", "coordinates": [ -2.534041371704965, 53.257464046071561 ] } },
{ "type": "Feature", "properties": { "visible_points": 78, "total_points": 120, "visibility_pct": 65.0 }, "geometry": { "type": "Point", "coordinates": [ -2.533833675983979, 53.257464977527931 ] } },
{ "type": "Feature", "properties": { "visible_points": 87, "total_points": 120, "visibility_pct": 72.5 }, "geometry": { "type": "Point", "coordinates": [ -2.533625980251429, 53.257465908622436 ] } },
{ "type": "Feature", "properties": { "visible_points": 95, "total_points": 120, "visibility_pct": 79.166666666666657 }, "geometry": { "type": "Point", "coordinates": [ -2.53341828450732, 53.257466839355089 ] } },
{ "type": "Feature", "properties": { "visible_points": 93, "total_points": 120, "visibility_pct": 77.5 }, "geometry": { "type": "Point", "coordinates": [ -2.533210588751653, 53.257467769725878 ] } },
{ "type": "Feature", "properties": { "visible_points": 90, "total_points": 120, "visibility_pct": 75.0 }, "geometry": { "type": "Point", "coordinates": [ -2.533002892984434, 53.257468699734815 ] } },
{ "type": "Feature", "properties": { "visible_points": 89, "total_points": 120, "visibility_pct": 74.166666666666671 }, "geometry": { "type": "Point", "coordinates": [ -2.532795197205669, 53.257469629381873 ] } },
{ "type": "Feature", "properties": { "visible_points": 77, "total_points": 120, "visibility_pct": 64.166666666666671 }, "geometry": { "type": "Point", "coordinates": [ -2.532587501415359, 53.257470558667102 ] } },
{ "type": "Feature", "properties": { "visible_points": 65, "total_points": 120, "visibility_pct": 54.166666666666664 }, "geometry": { "type": "Point", "coordinates": [ -2.532379805613515, 53.257471487590458 ] } },
{ "type": "Feature", "properties": { "visible_points": 62, "total_points": 120, "visibility_pct": 51.666666666666671 }, "geometry": { "type": "Point", "coordinates": [ -2.532172109800137, 53.257472416151963 ] } },
{ "type": "Feature", "properties": { "visible_points": 56, "total_points": 120, "visibility_pct": 46.666666666666664 }, "geometry": { "type": "Point", "coordinates": [ -2.531964413975225, 53.257473344351638 ] } },
{ "type": "Feature", "properties": { "visible_points": 53, "total_points": 120, "visibility_pct": 44.166666666666664 }, "geometry": { "type": "Point", "coordinates": [ -2.531756718138793, 53.257474272189413 ] } },
{ "type": "Feature", "properties": { "visible_points": 47, "total_points": 120, "visibility_pct": 39.166666666666664 }, "geometry": { "type": "Point", "coordinates": [ -2.531549022290838, 53.257475199665357 ] } },
{ "type": "Feature", "properties": { "visible_points": 20, "total_points": 120, "visibility_pct": 16.666666666666664 }, "geometry": { "type": "Point", "coordinates": [ -2.531341326431371, 53.25747612677943 ] } },
{ "type": "Feature", "properties": { "visible_points": 39, "total_points": 120, "visibility_pct": 32.5 }, "geometry": { "type": "Point", "coordinates": [ -2.531133630560392, 53.257477053531652 ] } },
{ "type": "Feature", "properties": { "visible_points": 0, "total_points": 120, "visibility_pct": 0.0 }, "geometry": { "type": "Point", "coordinates": [ -2.530925934677902, 53.257477979922029 ] } },
{ "type": "Feature", "properties": { "visible_points": 41, "total_points": 120, "visibility_pct": 34.166666666666664 }, "geometry": { "type": "Point", "coordinates": [ -2.530718238783916, 53.257478905950535 ] } },
{ "type": "Feature", "properties": { "visible_points": 46, "total_points": 120, "visibility_pct": 38.333333333333336 }, "geometry": { "type": "Point", "coordinates": [ -2.530510542878426, 53.257479831617189 ] } },
{ "type": "Feature", "properties": { "visible_points": 53, "total_points": 120, "visibility_pct": 44.166666666666664 }, "geometry": { "type": "Point", "coordinates": [ -2.530302846961448, 53.257480756921986 ] } },
{ "type": "Feature", "properties": { "visible_points": 57, "total_points": 120, "visibility_pct": 47.5 }, "geometry": { "type": "Point", "coordinates": [ -2.53009515103298, 53.257481681864931 ] } },
{ "type": "Feature", "properties": { "visible_points": 60, "total_points": 120, "visibility_pct": 50.0 }, "geometry": { "type": "Point", "coordinates": [ -2.52988745509303, 53.257482606445997 ] } },
{ "type": "Feature", "properties": { "visible_points": 59, "total_points": 120, "visibility_pct": 49.166666666666664 }, "geometry": { "type": "Point", "coordinates": [ -2.529679759141598, 53.257483530665233 ] } },
{ "type": "Feature", "properties": { "visible_points": 53, "total_points": 120, "visibility_pct": 44.166666666666664 }, "geometry": { "type": "Point", "coordinates": [ -2.52947206317869, 53.257484454522611 ] } },
{ "type": "Feature", "properties": { "visible_points": 46, "total_points": 118, "visibility_pct": 38.983050847457626 }, "geometry": { "type": "Point", "coordinates": [ -2.529264367204314, 53.25748537801811 ] } },
{ "type": "Feature", "properties": { "visible_points": 39, "total_points": 110, "visibility_pct": 35.454545454545453 }, "geometry": { "type": "Point", "coordinates": [ -2.529056671218472, 53.257486301151765 ] } },
{ "type": "Feature", "properties": { "visible_points": 31, "total_points": 100, "visibility_pct": 31.0 }, "geometry": { "type": "Point", "coordinates": [ -2.528848975221171, 53.257487223923562 ] } },
{ "type": "Feature", "properties": { "visible_points": 35, "total_points": 89, "visibility_pct": 39.325842696629216 }, "geometry": { "type": "Point", "coordinates": [ -2.528641279212406, 53.2574881463335 ] } },
{ "type": "Feature", "properties": { "visible_points": 0, "total_points": 85, "visibility_pct": 0.0 }, "geometry": { "type": "Point", "coordinates": [ -2.534977351793291, 53.257567711076369 ] } },
{ "type": "Feature", "properties": { "visible_points": 4, "total_points": 95, "visibility_pct": 4.2105263157894735 }, "geometry": { "type": "Point", "coordinates": [ -2.534769655646812, 53.25756864436957 ] } },
{ "type": "Feature", "properties": { "visible_points": 46, "total_points": 104, "visibility_pct": 44.230769230769226 }, "geometry": { "type": "Point", "coordinates": [ -2.534561959459621, 53.257569577153234 ] } },
{ "type": "Feature", "properties": { "visible_points": 53, "total_points": 112, "visibility_pct": 47.321428571428569 }, "geometry": { "type": "Point", "coordinates": [ -2.534354263242502, 53.257570509515482 ] } },
{ "type": "Feature", "properties": { "visible_points": 66, "total_points": 118, "visibility_pct": 55.932203389830505 }, "geometry": { "type": "Point", "coordinates": [ -2.5341465670138, 53.257571441515836 ] } },
{ "type": "Feature", "properties": { "visible_points": 77, "total_points": 120, "visibility_pct": 64.166666666666671 }, "geometry": { "type": "Point", "coordinates": [ -2.533938870773525, 53.257572373154339 ] } },
{ "type": "Feature", "properties": { "visible_points": 89, "total_points": 120, "visibility_pct": 74.166666666666671 }, "geometry": { "type": "Point", "coordinates": [ -2.533731174521684, 53.257573304430991 ] } },
{ "type": "Feature", "properties": { "visible_points": 98, "total_points": 120, "visibility_pct": 81.666666666666671 }, "geometry": { "type": "Point", "coordinates": [ -2.533523478258279, 53.257574235345771 ] } },
{ "type": "Feature", "properties": { "visible_points": 100, "total_points": 120, "visibility_pct": 83.333333333333343 }, "geometry": { "type": "Point", "coordinates": [ -2.533315781983318, 53.2575751658987 ] } },
{ "type": "Feature", "properties": { "visible_points": 98, "total_points": 120, "visibility_pct": 81.666666666666671 }, "geometry": { "type": "Point", "coordinates": [ -2.533108085696803, 53.257576096089785 ] } },
{ "type": "Feature", "properties": { "visible_points": 93, "total_points": 120, "visibility_pct": 77.5 }, "geometry": { "type": "Point", "coordinates": [ -2.532900389398733, 53.257577025918984 ] } },
{ "type": "Feature", "properties": { "visible_points": 87, "total_points": 120, "visibility_pct": 72.5 }, "geometry": { "type": "Point", "coordinates": [ -2.532692693089125, 53.257577955386338 ] } },
{ "type": "Feature", "properties": { "visible_points": 75, "total_points": 120, "visibility_pct": 62.5 }, "geometry": { "type": "Point", "coordinates": [ -2.532484996767969, 53.257578884491842 ] } },
{ "type": "Feature", "properties": { "visible_points": 72, "total_points": 120, "visibility_pct": 60.0 }, "geometry": { "type": "Point", "coordinates": [ -2.532277300435288, 53.257579813235481 ] } },
{ "type": "Feature", "properties": { "visible_points": 63, "total_points": 120, "visibility_pct": 52.5 }, "geometry": { "type": "Point", "coordinates": [ -2.532069604091069, 53.257580741617261 ] } },
{ "type": "Feature", "properties": { "visible_points": 64, "total_points": 120, "visibility_pct": 53.333333333333336 }, "geometry": { "type": "Point", "coordinates": [ -2.531861907735319, 53.25758166963719 ] } },
{ "type": "Feature", "properties": { "visible_points": 55, "total_points": 120, "visibility_pct": 45.833333333333329 }, "geometry": { "type": "Point", "coordinates": [ -2.531654211368054, 53.257582597295247 ] } },
{ "type": "Feature", "properties": { "visible_points": 46, "total_points": 120, "visibility_pct": 38.333333333333336 }, "geometry": { "type": "Point", "coordinates": [ -2.531446514989264, 53.257583524591446 ] } },
{ "type": "Feature", "properties": { "visible_points": 42, "total_points": 120, "visibility_pct": 35.0 }, "geometry": { "type": "Point", "coordinates": [ -2.531238818598969, 53.257584451525801 ] } },
{ "type": "Feature", "properties": { "visible_points": 49, "total_points": 120, "visibility_pct": 40.833333333333336 }, "geometry": { "type": "Point", "coordinates": [ -2.531031122197157, 53.257585378098284 ] } },
{ "type": "Feature", "properties": { "visible_points": 0, "total_points": 120, "visibility_pct": 0.0 }, "geometry": { "type": "Point", "coordinates": [ -2.530823425783846, 53.25758630430893 ] } },
{ "type": "Feature", "properties": { "visible_points": 41, "total_points": 120, "visibility_pct": 34.166666666666664 }, "geometry": { "type": "Point", "coordinates": [ -2.530615729359031, 53.257587230157704 ] } },
{ "type": "Feature", "properties": { "visible_points": 44, "total_points": 120, "visibility_pct": 36.666666666666664 }, "geometry": { "type": "Point", "coordinates": [ -2.530408032922726, 53.257588155644619 ] } },
{ "type": "Feature", "properties": { "visible_points": 47, "total_points": 120, "visibility_pct": 39.166666666666664 }, "geometry": { "type": "Point", "coordinates": [ -2.530200336474923, 53.257589080769655 ] } },
{ "type": "Feature", "properties": { "visible_points": 51, "total_points": 120, "visibility_pct": 42.5 }, "geometry": { "type": "Point", "coordinates": [ -2.52999264001564, 53.257590005532869 ] } },
{ "type": "Feature", "properties": { "visible_points": 52, "total_points": 120, "visibility_pct": 43.333333333333336 }, "geometry": { "type": "Point", "coordinates": [ -2.52978494354487, 53.25759092993421 ] } },
{ "type": "Feature", "properties": { "visible_points": 52, "total_points": 120, "visibility_pct": 43.333333333333336 }, "geometry": { "type": "Point", "coordinates": [ -2.529577247062631, 53.257591853973679 ] } },
{ "type": "Feature", "properties": { "visible_points": 44, "total_points": 120, "visibility_pct": 36.666666666666664 }, "geometry": { "type": "Point", "coordinates": [ -2.52936955056891, 53.257592777651311 ] } },
{ "type": "Feature", "properties": { "visible_points": 0, "total_points": 116, "visibility_pct": 0.0 }, "geometry": { "type": "Point", "coordinates": [ -2.529161854063721, 53.257593700967071 ] } },
{ "type": "Feature", "properties": { "visible_points": 1, "total_points": 108, "visibility_pct": 0.92592592592592582 }, "geometry": { "type": "Point", "coordinates": [ -2.528954157547077, 53.25759462392098 ] } },
{ "type": "Feature", "properties": { "visible_points": 28, "total_points": 98, "visibility_pct": 28.571428571428569 }, "geometry": { "type": "Point", "coordinates": [ -2.528746461018968, 53.257595546513024 ] } },
{ "type": "Feature", "properties": { "visible_points": 8, "total_points": 87, "visibility_pct": 9.1954022988505741 }, "geometry": { "type": "Point", "coordinates": [ -2.528538764479402, 53.257596468743202 ] } },
{ "type": "Feature", "properties": { "visible_points": 0, "total_points": 84, "visibility_pct": 0.0 }, "geometry": { "type": "Point", "coordinates": [ -2.534874853025531, 53.257676039075058 ] } },
{ "type": "Feature", "properties": { "visible_points": 33, "total_points": 94, "visibility_pct": 35.106382978723403 }, "geometry": { "type": "Point", "coordinates": [ -2.53466715633297, 53.257676972129232 ] } },
{ "type": "Feature", "properties": { "visible_points": 42, "total_points": 103, "visibility_pct": 40.776699029126213 }, "geometry": { "type": "Point", "coordinates": [ -2.534459459601466, 53.257677904683973 ] } },
{ "type": "Feature", "properties": { "visible_points": 56, "total_points": 111, "visibility_pct": 50.450450450450447 }, "geometry": { "type": "Point", "coordinates": [ -2.534251762853478, 53.257678836866482 ] } },
{ "type": "Feature", "properties": { "visible_points": 71, "total_points": 117, "visibility_pct": 60.683760683760681 }, "geometry": { "type": "Point", "coordinates": [ -2.534044066093911, 53.257679768687133 ] } },
{ "type": "Feature", "properties": { "visible_points": 82, "total_points": 120, "visibility_pct": 68.333333333333329 }, "geometry": { "type": "Point", "coordinates": [ -2.533836369322779, 53.257680700145926 ] } },
{ "type": "Feature", "properties": { "visible_points": 95, "total_points": 120, "visibility_pct": 79.166666666666657 }, "geometry": { "type": "Point", "coordinates": [ -2.533628672540078, 53.257681631242846 ] } },
{ "type": "Feature", "properties": { "visible_points": 100, "total_points": 120, "visibility_pct": 83.333333333333343 }, "geometry": { "type": "Point", "coordinates": [ -2.533420975745817, 53.257682561977916 ] } },
{ "type": "Feature", "properties": { "visible_points": 100, "total_points": 120, "visibility_pct": 83.333333333333343 }, "geometry": { "type": "Point", "coordinates": [ -2.533213278940002, 53.257683492351127 ] } },
{ "type": "Feature", "properties": { "visible_points": 97, "total_points": 120, "visibility_pct": 80.833333333333329 }, "geometry": { "type": "Point", "coordinates": [ -2.533005582122633, 53.257684422362473 ] } },
{ "type": "Feature", "properties": { "visible_points": 91, "total_points": 120, "visibility_pct": 75.833333333333329 }, "geometry": { "type": "Point", "coordinates": [ -2.532797885293717, 53.257685352011983 ] } },
{ "type": "Feature", "properties": { "visible_points": 88, "total_points": 120, "visibility_pct": 73.333333333333329 }, "geometry": { "type": "Point", "coordinates": [ -2.532590188453259, 53.257686281299605 ] } },
{ "type": "Feature", "properties": { "visible_points": 86, "total_points": 120, "visibility_pct": 71.666666666666671 }, "geometry": { "type": "Point", "coordinates": [ -2.532382491601259, 53.257687210225377 ] } },
{ "type": "Feature", "properties": { "visible_points": 69, "total_points": 120, "visibility_pct": 57.5 }, "geometry": { "type": "Point", "coordinates": [ -2.532174794737727, 53.257688138789263 ] } },
{ "type": "Feature", "properties": { "visible_points": 69, "total_points": 120, "visibility_pct": 57.5 }, "geometry": { "type": "Point", "coordinates": [ -2.53196709786267, 53.257689066991333 ] } },
{ "type": "Feature", "properties": { "visible_points": 65, "total_points": 120, "visibility_pct": 54.166666666666664 }, "geometry": { "type": "Point", "coordinates": [ -2.531759400976086, 53.257689994831537 ] } },
{ "type": "Feature", "properties": { "visible_points": 63, "total_points": 120, "visibility_pct": 52.5 }, "geometry": { "type": "Point", "coordinates": [ -2.531551704077978, 53.257690922309862 ] } },
{ "type": "Feature", "properties": { "visible_points": 54, "total_points": 120, "visibility_pct": 45.0 }, "geometry": { "type": "Point", "coordinates": [ -2.531344007168355, 53.257691849426323 ] } },
{ "type": "Feature", "properties": { "visible_points": 59, "total_points": 120, "visibility_pct": 49.166666666666664 }, "geometry": { "type": "Point", "coordinates": [ -2.531136310247225, 53.257692776180946 ] } },
{ "type": "Feature", "properties": { "visible_points": 63, "total_points": 120, "visibility_pct": 52.5 }, "geometry": { "type": "Point", "coordinates": [ -2.530928613314584, 53.257693702573718 ] } },
{ "type": "Feature", "properties": { "visible_points": 49, "total_points": 120, "visibility_pct": 40.833333333333336 }, "geometry": { "type": "Point", "coordinates": [ -2.530720916370446, 53.257694628604597 ] } },
{ "type": "Feature", "properties": { "visible_points": 21, "total_points": 120, "visibility_pct": 17.5 }, "geometry": { "type": "Point", "coordinates": [ -2.530513219414804, 53.257695554273639 ] } },
{ "type": "Feature", "properties": { "visible_points": 37, "total_points": 120, "visibility_pct": 30.833333333333336 }, "geometry": { "type": "Point", "coordinates": [ -2.530305522447673, 53.257696479580815 ] } },
{ "type": "Feature", "properties": { "visible_points": 42, "total_points": 120, "visibility_pct": 35.0 }, "geometry": { "type": "Point", "coordinates": [ -2.530097825469049, 53.25769740452612 ] } },
{ "type": "Feature", "properties": { "visible_points": 0, "total_points": 120, "visibility_pct": 0.0 }, "geometry": { "type": "Point", "coordinates": [ -2.529890128478946, 53.257698329109587 ] } },
{ "type": "Feature", "properties": { "visible_points": 38, "total_points": 120, "visibility_pct": 31.666666666666664 }, "geometry": { "type": "Point", "coordinates": [ -2.529682431477359, 53.257699253331189 ] } },
{ "type": "Feature", "properties": { "visible_points": 33, "total_points": 120, "visibility_pct": 27.5 }, "geometry": { "type": "Point", "coordinates": [ -2.529474734464299, 53.25770017719092 ] } },
{ "type": "Feature", "properties": { "visible_points": 40, "total_points": 120, "visibility_pct": 33.333333333333329 }, "geometry": { "type": "Point", "coordinates": [ -2.529267037439772, 53.257701100688784 ] } },
{ "type": "Feature", "properties": { "visible_points": 30, "total_points": 114, "visibility_pct": 26.315789473684209 }, "geometry": { "type": "Point", "coordinates": [ -2.529059340403772, 53.257702023824812 ] } },
{ "type": "Feature", "properties": { "visible_points": 2, "total_points": 106, "visibility_pct": 1.8867924528301887 }, "geometry": { "type": "Point", "coordinates": [ -2.528851643356314, 53.257702946598968 ] } },
{ "type": "Feature", "properties": { "visible_points": 0, "total_points": 96, "visibility_pct": 0.0 }, "geometry": { "type": "Point", "coordinates": [ -2.528643946297397, 53.257703869011252 ] } },
{ "type": "Feature", "properties": { "visible_points": 6, "total_points": 85, "visibility_pct": 7.0588235294117645 }, "geometry": { "type": "Point", "coordinates": [ -2.528436249227027, 53.257704791061691 ] } },
{ "type": "Feature", "properties": { "visible_points": 1, "total_points": 83, "visibility_pct": 1.2048192771084338 }, "geometry": { "type": "Point", "coordinates": [ -2.534772353729867, 53.257784366969723 ] } },
{ "type": "Feature", "properties": { "visible_points": 34, "total_points": 93, "visibility_pct": 36.55913978494624 }, "geometry": { "type": "Point", "coordinates": [ -2.534564656491282, 53.257785299758837 ] } },
{ "type": "Feature", "properties": { "visible_points": 50, "total_points": 102, "visibility_pct": 49.019607843137251 }, "geometry": { "type": "Point", "coordinates": [ -2.534356959224001, 53.2577862321235 ] } },
{ "type": "Feature", "properties": { "visible_points": 61, "total_points": 110, "visibility_pct": 55.454545454545453 }, "geometry": { "type": "Point", "coordinates": [ -2.534149261945146, 53.257787164126292 ] } },
{ "type": "Feature", "properties": { "visible_points": 75, "total_points": 116, "visibility_pct": 64.65517241379311 }, "geometry": { "type": "Point", "coordinates": [ -2.533941564654713, 53.257788095767232 ] } },
{ "type": "Feature", "properties": { "visible_points": 89, "total_points": 120, "visibility_pct": 74.166666666666671 }, "geometry": { "type": "Point", "coordinates": [ -2.533733867352716, 53.257789027046293 ] } },
{ "type": "Feature", "properties": { "visible_points": 96, "total_points": 120, "visibility_pct": 80.0 }, "geometry": { "type": "Point", "coordinates": [ -2.533526170039157, 53.257789957963503 ] } },
{ "type": "Feature", "properties": { "visible_points": 100, "total_points": 120, "visibility_pct": 83.333333333333343 }, "geometry": { "type": "Point", "coordinates": [ -2.533318472714038, 53.257790888518855 ] } },
{ "type": "Feature", "properties": { "visible_points": 96, "total_points": 120, "visibility_pct": 80.0 }, "geometry": { "type": "Point", "coordinates": [ -2.533110775377362, 53.257791818712356 ] } },
{ "type": "Feature", "properties": { "visible_points": 93, "total_points": 120, "visibility_pct": 77.5 }, "geometry": { "type": "Point", "coordinates": [ -2.53290307802914, 53.257792748543984 ] } },
{ "type": "Feature", "properties": { "visible_points": 94, "total_points": 120, "visibility_pct": 78.333333333333329 }, "geometry": { "type": "Point", "coordinates": [ -2.532695380669372, 53.257793678013741 ] } },
{ "type": "Feature", "properties": { "visible_points": 90, "total_points": 120, "visibility_pct": 75.0 }, "geometry": { "type": "Point", "coordinates": [ -2.53248768329806, 53.257794607121646 ] } },
{ "type": "Feature", "properties": { "visible_points": 87, "total_points": 120, "visibility_pct": 72.5 }, "geometry": { "type": "Point", "coordinates": [ -2.532279985915215, 53.257795535867693 ] } },
{ "type": "Feature", "properties": { "visible_points": 79, "total_points": 120, "visibility_pct": 65.833333333333329 }, "geometry": { "type": "Point", "coordinates": [ -2.53207228852084, 53.257796464251882 ] } },
{ "type": "Feature", "properties": { "visible_points": 75, "total_points": 120, "visibility_pct": 62.5 }, "geometry": { "type": "Point", "coordinates": [ -2.531864591114937, 53.257797392274206 ] } },
{ "type": "Feature", "properties": { "visible_points": 70, "total_points": 120, "visibility_pct": 58.333333333333336 }, "geometry": { "type": "Point", "coordinates": [ -2.531656893697507, 53.257798319934658 ] } },
{ "type": "Feature", "properties": { "visible_points": 69, "total_points": 120, "visibility_pct": 57.5 }, "geometry": { "type": "Point", "coordinates": [ -2.531449196268561, 53.257799247233258 ] } },
{ "type": "Feature", "properties": { "visible_points": 76, "total_points": 120, "visibility_pct": 63.333333333333329 }, "geometry": { "type": "Point", "coordinates": [ -2.531241498828107, 53.257800174169986 ] } },
{ "type": "Feature", "properties": { "visible_points": 69, "total_points": 120, "visibility_pct": 57.5 }, "geometry": { "type": "Point", "coordinates": [ -2.531033801376137, 53.257801100744885 ] } },
{ "type": "Feature", "properties": { "visible_points": 70, "total_points": 120, "visibility_pct": 58.333333333333336 }, "geometry": { "type": "Point", "coordinates": [ -2.530826103912663, 53.257802026957904 ] } },
{ "type": "Feature", "properties": { "visible_points": 68, "total_points": 120, "visibility_pct": 56.666666666666664 }, "geometry": { "type": "Point", "coordinates": [ -2.530618406437692, 53.257802952809058 ] } },
{ "type": "Feature", "properties": { "visible_points": 61, "total_points": 120, "visibility_pct": 50.833333333333329 }, "geometry": { "type": "Point", "coordinates": [ -2.530410708951224, 53.257803878298354 ] } },
{ "type": "Feature", "properties": { "visible_points": 57, "total_points": 120, "visibility_pct": 47.5 }, "geometry": { "type": "Point", "coordinates": [ -2.530203011453265, 53.257804803425792 ] } },
{ "type": "Feature", "properties": { "visible_points": 55, "total_points": 120, "visibility_pct": 45.833333333333329 }, "geometry": { "type": "Point", "coordinates": [ -2.529995313943818, 53.257805728191357 ] } },
{ "type": "Feature", "properties": { "visible_points": 55, "total_points": 120, "visibility_pct": 45.833333333333329 }, "geometry": { "type": "Point", "coordinates": [ -2.529787616422892, 53.257806652595065 ] } },
{ "type": "Feature", "properties": { "visible_points": 56, "total_points": 120, "visibility_pct": 46.666666666666664 }, "geometry": { "type": "Point", "coordinates": [ -2.52957991889049, 53.257807576636914 ] } },
{ "type": "Feature", "properties": { "visible_points": 56, "total_points": 120, "visibility_pct": 46.666666666666664 }, "geometry": { "type": "Point", "coordinates": [ -2.529372221346608, 53.257808500316919 ] } },
{ "type": "Feature", "properties": { "visible_points": 46, "total_points": 119, "visibility_pct": 38.655462184873954 }, "geometry": { "type": "Point", "coordinates": [ -2.529164523791259, 53.257809423635031 ] } },
{ "type": "Feature", "properties": { "visible_points": 37, "total_points": 112, "visibility_pct": 33.035714285714285 }, "geometry": { "type": "Point", "coordinates": [ -2.528956826224452, 53.257810346591306 ] } },
{ "type": "Feature", "properties": { "visible_points": 29, "total_points": 104, "visibility_pct": 27.884615384615387 }, "geometry": { "type": "Point", "coordinates": [ -2.528749128646179, 53.257811269185723 ] } },
{ "type": "Feature", "properties": { "visible_points": 35, "total_points": 94, "visibility_pct": 37.234042553191486 }, "geometry": { "type": "Point", "coordinates": [ -2.528541431056457, 53.257812191418253 ] } },
{ "type": "Feature", "properties": { "visible_points": 6, "total_points": 84, "visibility_pct": 7.1428571428571423 }, "geometry": { "type": "Point", "coordinates": [ -2.52833373345528, 53.257813113288933 ] } },
{ "type": "Feature", "properties": { "visible_points": 0, "total_points": 82, "visibility_pct": 0.0 }, "geometry": { "type": "Point", "coordinates": [ -2.53466985390722, 53.257892694728945 ] } },
{ "type": "Feature", "properties": { "visible_points": 2, "total_points": 92, "visibility_pct": 2.1739130434782608 }, "geometry": { "type": "Point", "coordinates": [ -2.534462156125382, 53.257893627286876 ] } },
{ "type": "Feature", "properties": { "visible_points": 51, "total_points": 101, "visibility_pct": 50.495049504950494 }, "geometry": { "type": "Point", "coordinates": [ -2.534254458327225, 53.257894559471829 ] } },
{ "type": "Feature", "properties": { "visible_points": 67, "total_points": 109, "visibility_pct": 61.467889908256879 }, "geometry": { "type": "Point", "coordinates": [ -2.534046760517499, 53.257895491294896 ] } },
{ "type": "Feature", "properties": { "visible_points": 81, "total_points": 115, "visibility_pct": 70.434782608695656 }, "geometry": { "type": "Point", "coordinates": [ -2.5338390626962, 53.257896422756119 ] } },
{ "type": "Feature", "properties": { "visible_points": 90, "total_points": 120, "visibility_pct": 75.0 }, "geometry": { "type": "Point", "coordinates": [ -2.533631364863336, 53.257897353855469 ] } },
{ "type": "Feature", "properties": { "visible_points": 99, "total_points": 120, "visibility_pct": 82.5 }, "geometry": { "type": "Point", "coordinates": [ -2.533423667018913, 53.257898284592954 ] } },
{ "type": "Feature", "properties": { "visible_points": 101, "total_points": 120, "visibility_pct": 84.166666666666671 }, "geometry": { "type": "Point", "coordinates": [ -2.533215969162933, 53.257899214968589 ] } },
{ "type": "Feature", "properties": { "visible_points": 96, "total_points": 120, "visibility_pct": 80.0 }, "geometry": { "type": "Point", "coordinates": [ -2.5330082712954, 53.257900144982358 ] } },
{ "type": "Feature", "properties": { "visible_points": 95, "total_points": 120, "visibility_pct": 79.166666666666657 }, "geometry": { "type": "Point", "coordinates": [ -2.53280057341632, 53.257901074634255 ] } },
{ "type": "Feature", "properties": { "visible_points": 96, "total_points": 120, "visibility_pct": 80.0 }, "geometry": { "type": "Point", "coordinates": [ -2.532592875525697, 53.257902003924308 ] } },
{ "type": "Feature", "properties": { "visible_points": 86, "total_points": 120, "visibility_pct": 71.666666666666671 }, "geometry": { "type": "Point", "coordinates": [ -2.532385177623532, 53.257902932852474 ] } },
{ "type": "Feature", "properties": { "visible_points": 84, "total_points": 120, "visibility_pct": 70.0 }, "geometry": { "type": "Point", "coordinates": [ -2.53217747970984, 53.257903861418804 ] } },
{ "type": "Feature", "properties": { "visible_points": 83, "total_points": 120, "visibility_pct": 69.166666666666671 }, "geometry": { "type": "Point", "coordinates": [ -2.531969781784612, 53.257904789623247 ] } },
{ "type": "Feature", "properties": { "visible_points": 79, "total_points": 120, "visibility_pct": 65.833333333333329 }, "geometry": { "type": "Point", "coordinates": [ -2.531762083847862, 53.257905717465853 ] } },
{ "type": "Feature", "properties": { "visible_points": 71, "total_points": 120, "visibility_pct": 59.166666666666664 }, "geometry": { "type": "Point", "coordinates": [ -2.53155438589959, 53.257906644946587 ] } },
{ "type": "Feature", "properties": { "visible_points": 80, "total_points": 120, "visibility_pct": 66.666666666666657 }, "geometry": { "type": "Point", "coordinates": [ -2.531346687939807, 53.257907572065442 ] } },
{ "type": "Feature", "properties": { "visible_points": 78, "total_points": 120, "visibility_pct": 65.0 }, "geometry": { "type": "Point", "coordinates": [ -2.531138989968506, 53.257908498822445 ] } },
{ "type": "Feature", "properties": { "visible_points": 78, "total_points": 120, "visibility_pct": 65.0 }, "geometry": { "type": "Point", "coordinates": [ -2.5309312919857, 53.257909425217576 ] } },
{ "type": "Feature", "properties": { "visible_points": 79, "total_points": 120, "visibility_pct": 65.833333333333329 }, "geometry": { "type": "Point", "coordinates": [ -2.530723593991393, 53.257910351250864 ] } },
{ "type": "Feature", "properties": { "visible_points": 77, "total_points": 120, "visibility_pct": 64.166666666666671 }, "geometry": { "type": "Point", "coordinates": [ -2.530515895985588, 53.257911276922279 ] } },
{ "type": "Feature", "properties": { "visible_points": 75, "total_points": 120, "visibility_pct": 62.5 }, "geometry": { "type": "Point", "coordinates": [ -2.530308197968289, 53.257912202231843 ] } },
{ "type": "Feature", "properties": { "visible_points": 74, "total_points": 120, "visibility_pct": 61.666666666666671 }, "geometry": { "type": "Point", "coordinates": [ -2.530100499939503, 53.257913127179535 ] } },
{ "type": "Feature", "properties": { "visible_points": 70, "total_points": 120, "visibility_pct": 58.333333333333336 }, "geometry": { "type": "Point", "coordinates": [ -2.529892801899227, 53.257914051765376 ] } },
{ "type": "Feature", "properties": { "visible_points": 70, "total_points": 120, "visibility_pct": 58.333333333333336 }, "geometry": { "type": "Point", "coordinates": [ -2.529685103847473, 53.25791497598933 ] } },
{ "type": "Feature", "properties": { "visible_points": 63, "total_points": 120, "visibility_pct": 52.5 }, "geometry": { "type": "Point", "coordinates": [ -2.529477405784252, 53.257915899851426 ] } },
{ "type": "Feature", "properties": { "visible_points": 56, "total_points": 120, "visibility_pct": 46.666666666666664 }, "geometry": { "type": "Point", "coordinates": [ -2.529269707709549, 53.257916823351671 ] } },
{ "type": "Feature", "properties": { "visible_points": 48, "total_points": 118, "visibility_pct": 40.677966101694921 }, "geometry": { "type": "Point", "coordinates": [ -2.529062009623384, 53.257917746490051 ] } },
{ "type": "Feature", "properties": { "visible_points": 33, "total_points": 111, "visibility_pct": 29.72972972972973 }, "geometry": { "type": "Point", "coordinates": [ -2.52885431152576, 53.257918669266573 ] } },
{ "type": "Feature", "properties": { "visible_points": 34, "total_points": 102, "visibility_pct": 33.333333333333329 }, "geometry": { "type": "Point", "coordinates": [ -2.528646613416671, 53.257919591681222 ] } },
{ "type": "Feature", "properties": { "visible_points": 37, "total_points": 93, "visibility_pct": 39.784946236559136 }, "geometry": { "type": "Point", "coordinates": [ -2.528438915296138, 53.257920513734014 ] } },
{ "type": "Feature", "properties": { "visible_points": 0, "total_points": 81, "visibility_pct": 0.0 }, "geometry": { "type": "Point", "coordinates": [ -2.534567353557611, 53.258001022356652 ] } },
{ "type": "Feature", "properties": { "visible_points": 0, "total_points": 91, "visibility_pct": 0.0 }, "geometry": { "type": "Point", "coordinates": [ -2.534359655240159, 53.258001954723717 ] } },
{ "type": "Feature", "properties": { "visible_points": 45, "total_points": 100, "visibility_pct": 45.0 }, "geometry": { "type": "Point", "coordinates": [ -2.534151956911135, 53.25800288672896 ] } },
{ "type": "Feature", "properties": { "visible_points": 64, "total_points": 108, "visibility_pct": 59.259259259259252 }, "geometry": { "type": "Point", "coordinates": [ -2.533944258570532, 53.258003818372309 ] } },
{ "type": "Feature", "properties": { "visible_points": 80, "total_points": 115, "visibility_pct": 69.565217391304344 }, "geometry": { "type": "Point", "coordinates": [ -2.533736560218365, 53.258004749653807 ] } },
{ "type": "Feature", "properties": { "visible_points": 89, "total_points": 120, "visibility_pct": 74.166666666666671 }, "geometry": { "type": "Point", "coordinates": [ -2.533528861854636, 53.258005680573447 ] } },
{ "type": "Feature", "properties": { "visible_points": 94, "total_points": 120, "visibility_pct": 78.333333333333329 }, "geometry": { "type": "Point", "coordinates": [ -2.533321163479339, 53.258006611131208 ] } },
{ "type": "Feature", "properties": { "visible_points": 97, "total_points": 120, "visibility_pct": 80.833333333333329 }, "geometry": { "type": "Point", "coordinates": [ -2.533113465092501, 53.258007541327117 ] } },
{ "type": "Feature", "properties": { "visible_points": 99, "total_points": 120, "visibility_pct": 82.5 }, "geometry": { "type": "Point", "coordinates": [ -2.532905766694108, 53.258008471161162 ] } },
{ "type": "Feature", "properties": { "visible_points": 91, "total_points": 120, "visibility_pct": 75.833333333333329 }, "geometry": { "type": "Point", "coordinates": [ -2.532698068284168, 53.258009400633348 ] } },
{ "type": "Feature", "properties": { "visible_points": 88, "total_points": 120, "visibility_pct": 73.333333333333329 }, "geometry": { "type": "Point", "coordinates": [ -2.532490369862685, 53.258010329743648 ] } },
{ "type": "Feature", "properties": { "visible_points": 85, "total_points": 120, "visibility_pct": 70.833333333333343 }, "geometry": { "type": "Point", "coordinates": [ -2.532282671429668, 53.258011258492097 ] } },
{ "type": "Feature", "properties": { "visible_points": 81, "total_points": 120, "visibility_pct": 67.5 }, "geometry": { "type": "Point", "coordinates": [ -2.532074972985121, 53.258012186878695 ] } },
{ "type": "Feature", "properties": { "visible_points": 80, "total_points": 120, "visibility_pct": 66.666666666666657 }, "geometry": { "type": "Point", "coordinates": [ -2.531867274529045, 53.25801311490342 ] } },
{ "type": "Feature", "properties": { "visible_points": 81, "total_points": 120, "visibility_pct": 67.5 }, "geometry": { "type": "Point", "coordinates": [ -2.531659576061444, 53.258014042566288 ] } },
{ "type": "Feature", "properties": { "visible_points": 76, "total_points": 120, "visibility_pct": 63.333333333333329 }, "geometry": { "type": "Point", "coordinates": [ -2.531451877582327, 53.258014969867276 ] } },
{ "type": "Feature", "properties": { "visible_points": 83, "total_points": 120, "visibility_pct": 69.166666666666671 }, "geometry": { "type": "Point", "coordinates": [ -2.531244179091697, 53.258015896806398 ] } },
{ "type": "Feature", "properties": { "visible_points": 84, "total_points": 120, "visibility_pct": 70.0 }, "geometry": { "type": "Point", "coordinates": [ -2.531036480589554, 53.25801682338367 ] } },
{ "type": "Feature", "properties": { "visible_points": 84, "total_points": 120, "visibility_pct": 70.0 }, "geometry": { "type": "Point", "coordinates": [ -2.530828782075914, 53.258017749599084 ] } },
{ "type": "Feature", "properties": { "visible_points": 86, "total_points": 120, "visibility_pct": 71.666666666666671 }, "geometry": { "type": "Point", "coordinates": [ -2.530621083550766, 53.258018675452618 ] } },
{ "type": "Feature", "properties": { "visible_points": 82, "total_points": 120, "visibility_pct": 68.333333333333329 }, "geometry": { "type": "Point", "coordinates": [ -2.530413385014124, 53.258019600944287 ] } },
{ "type": "Feature", "properties": { "visible_points": 82, "total_points": 120, "visibility_pct": 68.333333333333329 }, "geometry": { "type": "Point", "coordinates": [ -2.530205686465992, 53.25802052607412 ] } },
{ "type": "Feature", "properties": { "visible_points": 82, "total_points": 120, "visibility_pct": 68.333333333333329 }, "geometry": { "type": "Point", "coordinates": [ -2.529997987906374, 53.258021450842065 ] } },
{ "type": "Feature", "properties": { "visible_points": 79, "total_points": 120, "visibility_pct": 65.833333333333329 }, "geometry": { "type": "Point", "coordinates": [ -2.529790289335268, 53.258022375248139 ] } },
{ "type": "Feature", "properties": { "visible_points": 67, "total_points": 120, "visibility_pct": 55.833333333333336 }, "geometry": { "type": "Point", "coordinates": [ -2.529582590752694, 53.258023299292354 ] } },
{ "type": "Feature", "properties": { "visible_points": 63, "total_points": 120, "visibility_pct": 52.5 }, "geometry": { "type": "Point", "coordinates": [ -2.529374892158638, 53.258024222974711 ] } },
{ "type": "Feature", "properties": { "visible_points": 55, "total_points": 120, "visibility_pct": 45.833333333333329 }, "geometry": { "type": "Point", "coordinates": [ -2.529167193553119, 53.258025146295203 ] } },
{ "type": "Feature", "properties": { "visible_points": 47, "total_points": 117, "visibility_pct": 40.17094017094017 }, "geometry": { "type": "Point", "coordinates": [ -2.528959494936133, 53.25802606925383 ] } },
{ "type": "Feature", "properties": { "visible_points": 37, "total_points": 110, "visibility_pct": 33.636363636363633 }, "geometry": { "type": "Point", "coordinates": [ -2.528751796307688, 53.258026991850592 ] } },
{ "type": "Feature", "properties": { "visible_points": 37, "total_points": 102, "visibility_pct": 36.274509803921568 }, "geometry": { "type": "Point", "coordinates": [ -2.52854409766779, 53.25802791408551 ] } },
{ "type": "Feature", "properties": { "visible_points": 26, "total_points": 93, "visibility_pct": 27.956989247311824 }, "geometry": { "type": "Point", "coordinates": [ -2.528336399016438, 53.258028835958541 ] } },
{ "type": "Feature", "properties": { "visible_points": 1, "total_points": 80, "visibility_pct": 1.25 }, "geometry": { "type": "Point", "coordinates": [ -2.534464852683953, 53.258109349882005 ] } },
{ "type": "Feature", "properties": { "visible_points": 0, "total_points": 90, "visibility_pct": 0.0 }, "geometry": { "type": "Point", "coordinates": [ -2.534257153835626, 53.258110282069374 ] } },
{ "type": "Feature", "properties": { "visible_points": 0, "total_points": 99, "visibility_pct": 0.0 }, "geometry": { "type": "Point", "coordinates": [ -2.534049454975722, 53.258111213894864 ] } },
{ "type": "Feature", "properties": { "visible_points": 64, "total_points": 107, "visibility_pct": 59.813084112149525 }, "geometry": { "type": "Point", "coordinates": [ -2.533841756104243, 53.258112145358531 ] } },
{ "type": "Feature", "properties": { "visible_points": 79, "total_points": 115, "visibility_pct": 68.695652173913047 }, "geometry": { "type": "Point", "coordinates": [ -2.533634057221207, 53.258113076460297 ] } },
{ "type": "Feature", "properties": { "visible_points": 88, "total_points": 120, "visibility_pct": 73.333333333333329 }, "geometry": { "type": "Point", "coordinates": [ -2.533426358326606, 53.258114007200199 ] } },
{ "type": "Feature", "properties": { "visible_points": 91, "total_points": 120, "visibility_pct": 75.833333333333329 }, "geometry": { "type": "Point", "coordinates": [ -2.533218659420446, 53.25811493757827 ] } },
{ "type": "Feature", "properties": { "visible_points": 97, "total_points": 120, "visibility_pct": 80.833333333333329 }, "geometry": { "type": "Point", "coordinates": [ -2.533010960502736, 53.258115867594434 ] } },
{ "type": "Feature", "properties": { "visible_points": 98, "total_points": 120, "visibility_pct": 81.666666666666671 }, "geometry": { "type": "Point", "coordinates": [ -2.532803261573479, 53.258116797248753 ] } },
{ "type": "Feature", "properties": { "visible_points": 95, "total_points": 120, "visibility_pct": 79.166666666666657 }, "geometry": { "type": "Point", "coordinates": [ -2.532595562632678, 53.258117726541208 ] } },
{ "type": "Feature", "properties": { "visible_points": 90, "total_points": 120, "visibility_pct": 75.0 }, "geometry": { "type": "Point", "coordinates": [ -2.532387863680335, 53.258118655471804 ] } },
{ "type": "Feature", "properties": { "visible_points": 91, "total_points": 120, "visibility_pct": 75.833333333333329 }, "geometry": { "type": "Point", "coordinates": [ -2.532180164716464, 53.258119584040521 ] } },
{ "type": "Feature", "properties": { "visible_points": 98, "total_points": 120, "visibility_pct": 81.666666666666671 }, "geometry": { "type": "Point", "coordinates": [ -2.531972465741059, 53.258120512247388 ] } },
{ "type": "Feature", "properties": { "visible_points": 93, "total_points": 120, "visibility_pct": 77.5 }, "geometry": { "type": "Point", "coordinates": [ -2.53176476675413, 53.25812144009236 ] } },
{ "type": "Feature", "properties": { "visible_points": 88, "total_points": 120, "visibility_pct": 73.333333333333329 }, "geometry": { "type": "Point", "coordinates": [ -2.531557067755679, 53.258122367575496 ] } },
{ "type": "Feature", "properties": { "visible_points": 93, "total_points": 120, "visibility_pct": 77.5 }, "geometry": { "type": "Point", "coordinates": [ -2.531349368745713, 53.258123294696752 ] } },
{ "type": "Feature", "properties": { "visible_points": 93, "total_points": 120, "visibility_pct": 77.5 }, "geometry": { "type": "Point", "coordinates": [ -2.53114166972424, 53.25812422145615 ] } },
{ "type": "Feature", "properties": { "visible_points": 96, "total_points": 120, "visibility_pct": 80.0 }, "geometry": { "type": "Point", "coordinates": [ -2.530933970691251, 53.258125147853676 ] } },
{ "type": "Feature", "properties": { "visible_points": 92, "total_points": 120, "visibility_pct": 76.666666666666671 }, "geometry": { "type": "Point", "coordinates": [ -2.530726271646764, 53.25812607388935 ] } },
{ "type": "Feature", "properties": { "visible_points": 90, "total_points": 120, "visibility_pct": 75.0 }, "geometry": { "type": "Point", "coordinates": [ -2.530518572590777, 53.258126999563139 ] } },
{ "type": "Feature", "properties": { "visible_points": 88, "total_points": 120, "visibility_pct": 73.333333333333329 }, "geometry": { "type": "Point", "coordinates": [ -2.5303108735233, 53.258127924875069 ] } },
{ "type": "Feature", "properties": { "visible_points": 88, "total_points": 120, "visibility_pct": 73.333333333333329 }, "geometry": { "type": "Point", "coordinates": [ -2.530103174444331, 53.258128849825141 ] } },
{ "type": "Feature", "properties": { "visible_points": 79, "total_points": 120, "visibility_pct": 65.833333333333329 }, "geometry": { "type": "Point", "coordinates": [ -2.529895475353879, 53.258129774413341 ] } },
{ "type": "Feature", "properties": { "visible_points": 71, "total_points": 120, "visibility_pct": 59.166666666666664 }, "geometry": { "type": "Point", "coordinates": [ -2.529687776251944, 53.258130698639683 ] } },
{ "type": "Feature", "properties": { "visible_points": 65, "total_points": 120, "visibility_pct": 54.166666666666664 }, "geometry": { "type": "Point", "coordinates": [ -2.529480077138537, 53.258131622504159 ] } },
{ "type": "Feature", "properties": { "visible_points": 63, "total_points": 120, "visibility_pct": 52.5 }, "geometry": { "type": "Point", "coordinates": [ -2.529272378013657, 53.258132546006763 ] } },
{ "type": "Feature", "properties": { "visible_points": 54, "total_points": 120, "visibility_pct": 45.0 }, "geometry": { "type": "Point", "coordinates": [ -2.529064678877312, 53.258133469147495 ] } },
{ "type": "Feature", "properties": { "visible_points": 43, "total_points": 116, "visibility_pct": 37.068965517241381 }, "geometry": { "type": "Point", "coordinates": [ -2.528856979729502, 53.258134391926376 ] } },
{ "type": "Feature", "properties": { "visible_points": 33, "total_points": 109, "visibility_pct": 30.275229357798167 }, "geometry": { "type": "Point", "coordinates": [ -2.528649280570236, 53.258135314343384 ] } },
{ "type": "Feature", "properties": { "visible_points": 32, "total_points": 100, "visibility_pct": 32.0 }, "geometry": { "type": "Point", "coordinates": [ -2.528441581399518, 53.258136236398528 ] } },
{ "type": "Feature", "properties": { "visible_points": 15, "total_points": 92, "visibility_pct": 16.304347826086957 }, "geometry": { "type": "Point", "coordinates": [ -2.528233882217351, 53.258137158091806 ] } },
{ "type": "Feature", "properties": { "visible_points": 0, "total_points": 89, "visibility_pct": 0.0 }, "geometry": { "type": "Point", "coordinates": [ -2.534154651911764, 53.258218609323798 ] } },
{ "type": "Feature", "properties": { "visible_points": 0, "total_points": 98, "visibility_pct": 0.0 }, "geometry": { "type": "Point", "coordinates": [ -2.533946952520986, 53.258219540969606 ] } },
{ "type": "Feature", "properties": { "visible_points": 68, "total_points": 107, "visibility_pct": 63.551401869158873 }, "geometry": { "type": "Point", "coordinates": [ -2.533739253118629, 53.258220472253534 ] } },
{ "type": "Feature", "properties": { "visible_points": 78, "total_points": 115, "visibility_pct": 67.826086956521735 }, "geometry": { "type": "Point", "coordinates": [ -2.533531553704717, 53.258221403175583 ] } },
{ "type": "Feature", "properties": { "visible_points": 87, "total_points": 120, "visibility_pct": 72.5 }, "geometry": { "type": "Point", "coordinates": [ -2.533323854279245, 53.258222333735773 ] } },
{ "type": "Feature", "properties": { "visible_points": 89, "total_points": 120, "visibility_pct": 74.166666666666671 }, "geometry": { "type": "Point", "coordinates": [ -2.533116154842212, 53.258223263934099 ] } },
{ "type": "Feature", "properties": { "visible_points": 95, "total_points": 120, "visibility_pct": 79.166666666666657 }, "geometry": { "type": "Point", "coordinates": [ -2.532908455393637, 53.258224193770545 ] } },
{ "type": "Feature", "properties": { "visible_points": 96, "total_points": 120, "visibility_pct": 80.0 }, "geometry": { "type": "Point", "coordinates": [ -2.53270075593351, 53.258225123245147 ] } },
{ "type": "Feature", "properties": { "visible_points": 97, "total_points": 120, "visibility_pct": 80.833333333333329 }, "geometry": { "type": "Point", "coordinates": [ -2.532493056461849, 53.258226052357877 ] } },
{ "type": "Feature", "properties": { "visible_points": 97, "total_points": 120, "visibility_pct": 80.833333333333329 }, "geometry": { "type": "Point", "coordinates": [ -2.532285356978644, 53.25822698110872 ] } },
{ "type": "Feature", "properties": { "visible_points": 98, "total_points": 120, "visibility_pct": 81.666666666666671 }, "geometry": { "type": "Point", "coordinates": [ -2.532077657483911, 53.258227909497712 ] } },
{ "type": "Feature", "properties": { "visible_points": 98, "total_points": 120, "visibility_pct": 81.666666666666671 }, "geometry": { "type": "Point", "coordinates": [ -2.531869957977646, 53.258228837524832 ] } },
{ "type": "Feature", "properties": { "visible_points": 95, "total_points": 120, "visibility_pct": 79.166666666666657 }, "geometry": { "type": "Point", "coordinates": [ -2.531662258459865, 53.258229765190094 ] } },
{ "type": "Feature", "properties": { "visible_points": 97, "total_points": 120, "visibility_pct": 80.833333333333329 }, "geometry": { "type": "Point", "coordinates": [ -2.531454558930562, 53.258230692493491 ] } },
{ "type": "Feature", "properties": { "visible_points": 95, "total_points": 120, "visibility_pct": 79.166666666666657 }, "geometry": { "type": "Point", "coordinates": [ -2.531246859389742, 53.258231619435001 ] } },
{ "type": "Feature", "properties": { "visible_points": 98, "total_points": 120, "visibility_pct": 81.666666666666671 }, "geometry": { "type": "Point", "coordinates": [ -2.531039159837419, 53.258232546014661 ] } },
{ "type": "Feature", "properties": { "visible_points": 100, "total_points": 120, "visibility_pct": 83.333333333333343 }, "geometry": { "type": "Point", "coordinates": [ -2.530831460273585, 53.258233472232462 ] } },
{ "type": "Feature", "properties": { "visible_points": 96, "total_points": 120, "visibility_pct": 80.0 }, "geometry": { "type": "Point", "coordinates": [ -2.530623760698255, 53.258234398088383 ] } },
{ "type": "Feature", "properties": { "visible_points": 84, "total_points": 120, "visibility_pct": 70.0 }, "geometry": { "type": "Point", "coordinates": [ -2.530416061111427, 53.258235323582447 ] } },
{ "type": "Feature", "properties": { "visible_points": 90, "total_points": 120, "visibility_pct": 75.0 }, "geometry": { "type": "Point", "coordinates": [ -2.530208361513104, 53.258236248714624 ] } },
{ "type": "Feature", "properties": { "visible_points": 85, "total_points": 120, "visibility_pct": 70.833333333333343 }, "geometry": { "type": "Point", "coordinates": [ -2.530000661903301, 53.258237173484964 ] } },
{ "type": "Feature", "properties": { "visible_points": 73, "total_points": 120, "visibility_pct": 60.833333333333329 }, "geometry": { "type": "Point", "coordinates": [ -2.529792962282013, 53.258238097893418 ] } },
{ "type": "Feature", "properties": { "visible_points": 68, "total_points": 120, "visibility_pct": 56.666666666666664 }, "geometry": { "type": "Point", "coordinates": [ -2.529585262649243, 53.258239021940007 ] } },
{ "type": "Feature", "properties": { "visible_points": 65, "total_points": 120, "visibility_pct": 54.166666666666664 }, "geometry": { "type": "Point", "coordinates": [ -2.529377563005005, 53.258239945624716 ] } },
{ "type": "Feature", "properties": { "visible_points": 59, "total_points": 120, "visibility_pct": 49.166666666666664 }, "geometry": { "type": "Point", "coordinates": [ -2.529169863349293, 53.258240868947574 ] } },
{ "type": "Feature", "properties": { "visible_points": 48, "total_points": 119, "visibility_pct": 40.336134453781511 }, "geometry": { "type": "Point", "coordinates": [ -2.528962163682122, 53.258241791908567 ] } },
{ "type": "Feature", "properties": { "visible_points": 40, "total_points": 113, "visibility_pct": 35.398230088495573 }, "geometry": { "type": "Point", "coordinates": [ -2.528754464003486, 53.258242714507681 ] } },
{ "type": "Feature", "properties": { "visible_points": 34, "total_points": 107, "visibility_pct": 31.775700934579437 }, "geometry": { "type": "Point", "coordinates": [ -2.528546764313401, 53.258243636744943 ] } },
{ "type": "Feature", "properties": { "visible_points": 30, "total_points": 99, "visibility_pct": 30.303030303030305 }, "geometry": { "type": "Point", "coordinates": [ -2.528339064611858, 53.258244558620326 ] } },
{ "type": "Feature", "properties": { "visible_points": 6, "total_points": 91, "visibility_pct": 6.593406593406594 }, "geometry": { "type": "Point", "coordinates": [ -2.528131364898874, 53.258245480133844 ] } },
{ "type": "Feature", "properties": { "visible_points": 0, "total_points": 88, "visibility_pct": 0.0 }, "geometry": { "type": "Point", "coordinates": [ -2.534052149468581, 53.258326936487045 ] } },
{ "type": "Feature", "properties": { "visible_points": 46, "total_points": 98, "visibility_pct": 46.938775510204081 }, "geometry": { "type": "Point", "coordinates": [ -2.533844449546916, 53.25832786795312 ] } },
{ "type": "Feature", "properties": { "visible_points": 69, "total_points": 107, "visibility_pct": 64.485981308411212 }, "geometry": { "type": "Point", "coordinates": [ -2.533636749613686, 53.258328799057324 ] } },
{ "type": "Feature", "properties": { "visible_points": 76, "total_points": 115, "visibility_pct": 66.086956521739125 }, "geometry": { "type": "Point", "coordinates": [ -2.533429049668893, 53.258329729799662 ] } },
{ "type": "Feature", "properties": { "visible_points": 83, "total_points": 120, "visibility_pct": 69.166666666666671 }, "geometry": { "type": "Point", "coordinates": [ -2.533221349712544, 53.258330660180114 ] } },
{ "type": "Feature", "properties": { "visible_points": 93, "total_points": 120, "visibility_pct": 77.5 }, "geometry": { "type": "Point", "coordinates": [ -2.533013649744645, 53.258331590198722 ] } },
{ "type": "Feature", "properties": { "visible_points": 93, "total_points": 120, "visibility_pct": 77.5 }, "geometry": { "type": "Point", "coordinates": [ -2.532805949765192, 53.258332519855465 ] } },
{ "type": "Feature", "properties": { "visible_points": 101, "total_points": 120, "visibility_pct": 84.166666666666671 }, "geometry": { "type": "Point", "coordinates": [ -2.532598249774202, 53.258333449150328 ] } },
{ "type": "Feature", "properties": { "visible_points": 102, "total_points": 120, "visibility_pct": 85.0 }, "geometry": { "type": "Point", "coordinates": [ -2.53239054977167, 53.258334378083319 ] } },
{ "type": "Feature", "properties": { "visible_points": 99, "total_points": 120, "visibility_pct": 82.5 }, "geometry": { "type": "Point", "coordinates": [ -2.532182849757605, 53.258335306654438 ] } },
{ "type": "Feature", "properties": { "visible_points": 100, "total_points": 120, "visibility_pct": 83.333333333333343 }, "geometry": { "type": "Point", "coordinates": [ -2.531975149732006, 53.258336234863698 ] } },
{ "type": "Feature", "properties": { "visible_points": 97, "total_points": 120, "visibility_pct": 80.833333333333329 }, "geometry": { "type": "Point", "coordinates": [ -2.531767449694888, 53.258337162711094 ] } },
{ "type": "Feature", "properties": { "visible_points": 95, "total_points": 120, "visibility_pct": 79.166666666666657 }, "geometry": { "type": "Point", "coordinates": [ -2.531559749646245, 53.258338090196595 ] } },
{ "type": "Feature", "properties": { "visible_points": 97, "total_points": 120, "visibility_pct": 80.833333333333329 }, "geometry": { "type": "Point", "coordinates": [ -2.531352049586084, 53.258339017320274 ] } },
{ "type": "Feature", "properties": { "visible_points": 100, "total_points": 120, "visibility_pct": 83.333333333333343 }, "geometry": { "type": "Point", "coordinates": [ -2.531144349514417, 53.258339944082039 ] } },
{ "type": "Feature", "properties": { "visible_points": 105, "total_points": 120, "visibility_pct": 87.5 }, "geometry": { "type": "Point", "coordinates": [ -2.530936649431236, 53.258340870481973 ] } },
{ "type": "Feature", "properties": { "visible_points": 93, "total_points": 120, "visibility_pct": 77.5 }, "geometry": { "type": "Point", "coordinates": [ -2.530728949336557, 53.258341796520021 ] } },
{ "type": "Feature", "properties": { "visible_points": 81, "total_points": 120, "visibility_pct": 67.5 }, "geometry": { "type": "Point", "coordinates": [ -2.53052124923038, 53.258342722196204 ] } },
{ "type": "Feature", "properties": { "visible_points": 88, "total_points": 120, "visibility_pct": 73.333333333333329 }, "geometry": { "type": "Point", "coordinates": [ -2.530313549112706, 53.258343647510507 ] } },
{ "type": "Feature", "properties": { "visible_points": 84, "total_points": 120, "visibility_pct": 70.0 }, "geometry": { "type": "Point", "coordinates": [ -2.530105848983541, 53.25834457246296 ] } },
{ "type": "Feature", "properties": { "visible_points": 73, "total_points": 120, "visibility_pct": 60.833333333333329 }, "geometry": { "type": "Point", "coordinates": [ -2.529898148842896, 53.258345497053533 ] } },
{ "type": "Feature", "properties": { "visible_points": 69, "total_points": 120, "visibility_pct": 57.5 }, "geometry": { "type": "Point", "coordinates": [ -2.529690448690767, 53.258346421282248 ] } },
{ "type": "Feature", "properties": { "visible_points": 64, "total_points": 120, "visibility_pct": 53.333333333333336 }, "geometry": { "type": "Point", "coordinates": [ -2.529482748527168, 53.258347345149097 ] } },
{ "type": "Feature", "properties": { "visible_points": 61, "total_points": 120, "visibility_pct": 50.833333333333329 }, "geometry": { "type": "Point", "coordinates": [ -2.529275048352091, 53.258348268654061 ] } },
{ "type": "Feature", "properties": { "visible_points": 49, "total_points": 119, "visibility_pct": 41.17647058823529 }, "geometry": { "type": "Point", "coordinates": [ -2.529067348165551, 53.258349191797159 ] } },
{ "type": "Feature", "properties": { "visible_points": 41, "total_points": 117, "visibility_pct": 35.042735042735039 }, "geometry": { "type": "Point", "coordinates": [ -2.528859647967546, 53.258350114578398 ] } },
{ "type": "Feature", "properties": { "visible_points": 20, "total_points": 111, "visibility_pct": 18.018018018018019 }, "geometry": { "type": "Point", "coordinates": [ -2.528651947758086, 53.258351036997759 ] } },
{ "type": "Feature", "properties": { "visible_points": 22, "total_points": 103, "visibility_pct": 21.359223300970871 }, "geometry": { "type": "Point", "coordinates": [ -2.528444247537173, 53.258351959055268 ] } },
{ "type": "Feature", "properties": { "visible_points": 0, "total_points": 95, "visibility_pct": 0.0 }, "geometry": { "type": "Point", "coordinates": [ -2.528236547304811, 53.258352880750877 ] } },
{ "type": "Feature", "properties": { "visible_points": 0, "total_points": 88, "visibility_pct": 0.0 }, "geometry": { "type": "Point", "coordinates": [ -2.528028847061004, 53.258353802084642 ] } },
{ "type": "Feature", "properties": { "visible_points": 7, "total_points": 78, "visibility_pct": 8.9743589743589745 }, "geometry": { "type": "Point", "coordinates": [ -2.527821146805754, 53.258354723056549 ] } },
{ "type": "Feature", "properties": { "visible_points": 0, "total_points": 87, "visibility_pct": 0.0 }, "geometry": { "type": "Point", "coordinates": [ -2.533949646506063, 53.258435263559086 ] } },
{ "type": "Feature", "properties": { "visible_points": 49, "total_points": 97, "visibility_pct": 50.515463917525771 }, "geometry": { "type": "Point", "coordinates": [ -2.533741946053517, 53.258436194845451 ] } },
{ "type": "Feature", "properties": { "visible_points": 64, "total_points": 106, "visibility_pct": 60.377358490566039 }, "geometry": { "type": "Point", "coordinates": [ -2.533534245589403, 53.25843712576993 ] } },
{ "type": "Feature", "properties": { "visible_points": 72, "total_points": 114, "visibility_pct": 63.157894736842103 }, "geometry": { "type": "Point", "coordinates": [ -2.53332654511373, 53.258438056332544 ] } },
{ "type": "Feature", "properties": { "visible_points": 81, "total_points": 120, "visibility_pct": 67.5 }, "geometry": { "type": "Point", "coordinates": [ -2.533118844626506, 53.258438986533271 ] } },
{ "type": "Feature", "properties": { "visible_points": 90, "total_points": 120, "visibility_pct": 75.0 }, "geometry": { "type": "Point", "coordinates": [ -2.532911144127731, 53.258439916372161 ] } },
{ "type": "Feature", "properties": { "visible_points": 101, "total_points": 120, "visibility_pct": 84.166666666666671 }, "geometry": { "type": "Point", "coordinates": [ -2.532703443617407, 53.258440845849151 ] } },
{ "type": "Feature", "properties": { "visible_points": 105, "total_points": 120, "visibility_pct": 87.5 }, "geometry": { "type": "Point", "coordinates": [ -2.532495743095542, 53.258441774964282 ] } },
{ "type": "Feature", "properties": { "visible_points": 103, "total_points": 120, "visibility_pct": 85.833333333333329 }, "geometry": { "type": "Point", "coordinates": [ -2.532288042562145, 53.258442703717549 ] } },
{ "type": "Feature", "properties": { "visible_points": 105, "total_points": 120, "visibility_pct": 87.5 }, "geometry": { "type": "Point", "coordinates": [ -2.532080342017212, 53.258443632108936 ] } },
{ "type": "Feature", "properties": { "visible_points": 99, "total_points": 120, "visibility_pct": 82.5 }, "geometry": { "type": "Point", "coordinates": [ -2.531872641460749, 53.258444560138472 ] } },
{ "type": "Feature", "properties": { "visible_points": 99, "total_points": 120, "visibility_pct": 82.5 }, "geometry": { "type": "Point", "coordinates": [ -2.531664940892766, 53.258445487806121 ] } },
{ "type": "Feature", "properties": { "visible_points": 97, "total_points": 120, "visibility_pct": 80.833333333333329 }, "geometry": { "type": "Point", "coordinates": [ -2.531457240313263, 53.258446415111905 ] } },
{ "type": "Feature", "properties": { "visible_points": 101, "total_points": 120, "visibility_pct": 84.166666666666671 }, "geometry": { "type": "Point", "coordinates": [ -2.531249539722249, 53.258447342055831 ] } },
{ "type": "Feature", "properties": { "visible_points": 101, "total_points": 120, "visibility_pct": 84.166666666666671 }, "geometry": { "type": "Point", "coordinates": [ -2.531041839119722, 53.258448268637878 ] } },
{ "type": "Feature", "properties": { "visible_points": 94, "total_points": 120, "visibility_pct": 78.333333333333329 }, "geometry": { "type": "Point", "coordinates": [ -2.530834138505691, 53.258449194858045 ] } },
{ "type": "Feature", "properties": { "visible_points": 91, "total_points": 120, "visibility_pct": 75.833333333333329 }, "geometry": { "type": "Point", "coordinates": [ -2.530626437880157, 53.258450120716354 ] } },
{ "type": "Feature", "properties": { "visible_points": 88, "total_points": 120, "visibility_pct": 73.333333333333329 }, "geometry": { "type": "Point", "coordinates": [ -2.53041873724313, 53.258451046212798 ] } },
{ "type": "Feature", "properties": { "visible_points": 84, "total_points": 120, "visibility_pct": 70.0 }, "geometry": { "type": "Point", "coordinates": [ -2.530211036594608, 53.258451971347363 ] } },
{ "type": "Feature", "properties": { "visible_points": 79, "total_points": 120, "visibility_pct": 65.833333333333329 }, "geometry": { "type": "Point", "coordinates": [ -2.530003335934602, 53.258452896120069 ] } },
{ "type": "Feature", "properties": { "visible_points": 71, "total_points": 120, "visibility_pct": 59.166666666666664 }, "geometry": { "type": "Point", "coordinates": [ -2.529795635263114, 53.258453820530882 ] } },
{ "type": "Feature", "properties": { "visible_points": 61, "total_points": 120, "visibility_pct": 50.833333333333329 }, "geometry": { "type": "Point", "coordinates": [ -2.529587934580145, 53.258454744579836 ] } },
{ "type": "Feature", "properties": { "visible_points": 55, "total_points": 120, "visibility_pct": 45.833333333333329 }, "geometry": { "type": "Point", "coordinates": [ -2.529380233885702, 53.258455668266933 ] } },
{ "type": "Feature", "properties": { "visible_points": 54, "total_points": 119, "visibility_pct": 45.378151260504204 }, "geometry": { "type": "Point", "coordinates": [ -2.529172533179795, 53.258456591592157 ] } },
{ "type": "Feature", "properties": { "visible_points": 50, "total_points": 116, "visibility_pct": 43.103448275862064 }, "geometry": { "type": "Point", "coordinates": [ -2.528964832462416, 53.258457514555502 ] } },
{ "type": "Feature", "properties": { "visible_points": 35, "total_points": 113, "visibility_pct": 30.973451327433626 }, "geometry": { "type": "Point", "coordinates": [ -2.528757131733584, 53.258458437156989 ] } },
{ "type": "Feature", "properties": { "visible_points": 20, "total_points": 107, "visibility_pct": 18.691588785046729 }, "geometry": { "type": "Point", "coordinates": [ -2.528549430993289, 53.258459359396589 ] } },
{ "type": "Feature", "properties": { "visible_points": 0, "total_points": 99, "visibility_pct": 0.0 }, "geometry": { "type": "Point", "coordinates": [ -2.52834173024155, 53.258460281274324 ] } },
{ "type": "Feature", "properties": { "visible_points": 0, "total_points": 92, "visibility_pct": 0.0 }, "geometry": { "type": "Point", "coordinates": [ -2.528134029478361, 53.258461202790201 ] } },
{ "type": "Feature", "properties": { "visible_points": 0, "total_points": 83, "visibility_pct": 0.0 }, "geometry": { "type": "Point", "coordinates": [ -2.52792632870373, 53.258462123944199 ] } },
{ "type": "Feature", "properties": { "visible_points": 7, "total_points": 71, "visibility_pct": 9.8591549295774641 }, "geometry": { "type": "Point", "coordinates": [ -2.52771862791766, 53.258463044736338 ] } },
{ "type": "Feature", "properties": { "visible_points": 7, "total_points": 59, "visibility_pct": 11.864406779661017 }, "geometry": { "type": "Point", "coordinates": [ -2.527510927120161, 53.258463965166591 ] } },
{ "type": "Feature", "properties": { "visible_points": 4, "total_points": 49, "visibility_pct": 8.1632653061224492 }, "geometry": { "type": "Point", "coordinates": [ -2.52730322631123, 53.258464885234979 ] } },
{ "type": "Feature", "properties": { "visible_points": 0, "total_points": 86, "visibility_pct": 0.0 }, "geometry": { "type": "Point", "coordinates": [ -2.533847143024212, 53.258543590539929 ] } },
{ "type": "Feature", "properties": { "visible_points": 48, "total_points": 96, "visibility_pct": 50.0 }, "geometry": { "type": "Point", "coordinates": [ -2.533639442040777, 53.25854452164657 ] } },
{ "type": "Feature", "properties": { "visible_points": 62, "total_points": 105, "visibility_pct": 59.047619047619051 }, "geometry": { "type": "Point", "coordinates": [ -2.533431741045781, 53.258545452391317 ] } },
{ "type": "Feature", "properties": { "visible_points": 70, "total_points": 113, "visibility_pct": 61.946902654867252 }, "geometry": { "type": "Point", "coordinates": [ -2.533224040039227, 53.258546382774199 ] } },
{ "type": "Feature", "properties": { "visible_points": 81, "total_points": 119, "visibility_pct": 68.067226890756302 }, "geometry": { "type": "Point", "coordinates": [ -2.533016339021126, 53.258547312795208 ] } },
{ "type": "Feature", "properties": { "visible_points": 89, "total_points": 120, "visibility_pct": 74.166666666666671 }, "geometry": { "type": "Point", "coordinates": [ -2.5328086379915, 53.258548242454332 ] } },
{ "type": "Feature", "properties": { "visible_points": 97, "total_points": 120, "visibility_pct": 80.833333333333329 }, "geometry": { "type": "Point", "coordinates": [ -2.53260093695032, 53.258549171751575 ] } },
{ "type": "Feature", "properties": { "visible_points": 102, "total_points": 120, "visibility_pct": 85.0 }, "geometry": { "type": "Point", "coordinates": [ -2.532393235897599, 53.258550100686953 ] } },
{ "type": "Feature", "properties": { "visible_points": 103, "total_points": 120, "visibility_pct": 85.833333333333329 }, "geometry": { "type": "Point", "coordinates": [ -2.532185534833327, 53.258551029260467 ] } },
{ "type": "Feature", "properties": { "visible_points": 107, "total_points": 120, "visibility_pct": 89.166666666666671 }, "geometry": { "type": "Point", "coordinates": [ -2.531977833757519, 53.2585519574721 ] } },
{ "type": "Feature", "properties": { "visible_points": 98, "total_points": 120, "visibility_pct": 81.666666666666671 }, "geometry": { "type": "Point", "coordinates": [ -2.531770132670173, 53.25855288532189 ] } },
{ "type": "Feature", "properties": { "visible_points": 99, "total_points": 120, "visibility_pct": 82.5 }, "geometry": { "type": "Point", "coordinates": [ -2.531562431571305, 53.258553812809815 ] } },
{ "type": "Feature", "properties": { "visible_points": 101, "total_points": 120, "visibility_pct": 84.166666666666671 }, "geometry": { "type": "Point", "coordinates": [ -2.531354730460903, 53.258554739935882 ] } },
{ "type": "Feature", "properties": { "visible_points": 100, "total_points": 120, "visibility_pct": 83.333333333333343 }, "geometry": { "type": "Point", "coordinates": [ -2.531147029338984, 53.258555666700069 ] } },
{ "type": "Feature", "properties": { "visible_points": 100, "total_points": 120, "visibility_pct": 83.333333333333343 }, "geometry": { "type": "Point", "coordinates": [ -2.530939328205544, 53.258556593102412 ] } },
{ "type": "Feature", "properties": { "visible_points": 94, "total_points": 120, "visibility_pct": 78.333333333333329 }, "geometry": { "type": "Point", "coordinates": [ -2.530731627060595, 53.258557519142869 ] } },
{ "type": "Feature", "properties": { "visible_points": 90, "total_points": 120, "visibility_pct": 75.0 }, "geometry": { "type": "Point", "coordinates": [ -2.530523925904141, 53.258558444821475 ] } },
{ "type": "Feature", "properties": { "visible_points": 78, "total_points": 120, "visibility_pct": 65.0 }, "geometry": { "type": "Point", "coordinates": [ -2.530316224736175, 53.258559370138201 ] } },
{ "type": "Feature", "properties": { "visible_points": 78, "total_points": 120, "visibility_pct": 65.0 }, "geometry": { "type": "Point", "coordinates": [ -2.530108523556721, 53.258560295093083 ] } },
{ "type": "Feature", "properties": { "visible_points": 67, "total_points": 120, "visibility_pct": 55.833333333333336 }, "geometry": { "type": "Point", "coordinates": [ -2.529900822365767, 53.258561219686079 ] } },
{ "type": "Feature", "properties": { "visible_points": 57, "total_points": 120, "visibility_pct": 47.5 }, "geometry": { "type": "Point", "coordinates": [ -2.529693121163321, 53.258562143917239 ] } },
{ "type": "Feature", "properties": { "visible_points": 52, "total_points": 120, "visibility_pct": 43.333333333333336 }, "geometry": { "type": "Point", "coordinates": [ -2.529485419949396, 53.258563067786504 ] } },
{ "type": "Feature", "properties": { "visible_points": 52, "total_points": 119, "visibility_pct": 43.69747899159664 }, "geometry": { "type": "Point", "coordinates": [ -2.529277718723984, 53.258563991293904 ] } },
{ "type": "Feature", "properties": { "visible_points": 0, "total_points": 115, "visibility_pct": 0.0 }, "geometry": { "type": "Point", "coordinates": [ -2.529070017487101, 53.258564914439475 ] } },
{ "type": "Feature", "properties": { "visible_points": 1, "total_points": 111, "visibility_pct": 0.90090090090090091 }, "geometry": { "type": "Point", "coordinates": [ -2.528862316238748, 53.258565837223166 ] } },
{ "type": "Feature", "properties": { "visible_points": 16, "total_points": 107, "visibility_pct": 14.953271028037381 }, "geometry": { "type": "Point", "coordinates": [ -2.528654614978921, 53.258566759644971 ] } },
{ "type": "Feature", "properties": { "visible_points": 0, "total_points": 75, "visibility_pct": 0.0 }, "geometry": { "type": "Point", "coordinates": [ -2.52782380982505, 53.258570445713609 ] } },
{ "type": "Feature", "properties": { "visible_points": 0, "total_points": 63, "visibility_pct": 0.0 }, "geometry": { "type": "Point", "coordinates": [ -2.527616108507957, 53.258571366326109 ] } },
{ "type": "Feature", "properties": { "visible_points": 0, "total_points": 52, "visibility_pct": 0.0 }, "geometry": { "type": "Point", "coordinates": [ -2.527408407179426, 53.258572286576729 ] } },
{ "type": "Feature", "properties": { "visible_points": 0, "total_points": 43, "visibility_pct": 0.0 }, "geometry": { "type": "Point", "coordinates": [ -2.527200705839458, 53.258573206465506 ] } },
{ "type": "Feature", "properties": { "visible_points": 7, "total_points": 85, "visibility_pct": 8.235294117647058 }, "geometry": { "type": "Point", "coordinates": [ -2.533744639059192, 53.258651917420927 ] } },
{ "type": "Feature", "properties": { "visible_points": 9, "total_points": 95, "visibility_pct": 9.4736842105263168 }, "geometry": { "type": "Point", "coordinates": [ -2.533536937542011, 53.258652848348333 ] } },
{ "type": "Feature", "properties": { "visible_points": 59, "total_points": 104, "visibility_pct": 56.730769230769226 }, "geometry": { "type": "Point", "coordinates": [ -2.533329236013176, 53.258653778913882 ] } },
{ "type": "Feature", "properties": { "visible_points": 68, "total_points": 112, "visibility_pct": 60.714285714285708 }, "geometry": { "type": "Point", "coordinates": [ -2.533121534472719, 53.258654709117565 ] } },
{ "type": "Feature", "properties": { "visible_points": 79, "total_points": 118, "visibility_pct": 66.949152542372886 }, "geometry": { "type": "Point", "coordinates": [ -2.532913832920725, 53.258655638959432 ] } },
{ "type": "Feature", "properties": { "visible_points": 89, "total_points": 120, "visibility_pct": 74.166666666666671 }, "geometry": { "type": "Point", "coordinates": [ -2.532706131357198, 53.258656568439356 ] } },
{ "type": "Feature", "properties": { "visible_points": 96, "total_points": 120, "visibility_pct": 80.0 }, "geometry": { "type": "Point", "coordinates": [ -2.532498429781983, 53.258657497557444 ] } },
{ "type": "Feature", "properties": { "visible_points": 104, "total_points": 120, "visibility_pct": 86.666666666666671 }, "geometry": { "type": "Point", "coordinates": [ -2.532290728195064, 53.258658426313652 ] } },
{ "type": "Feature", "properties": { "visible_points": 106, "total_points": 120, "visibility_pct": 88.333333333333329 }, "geometry": { "type": "Point", "coordinates": [ -2.532083026596457, 53.25865935470803 ] } },
{ "type": "Feature", "properties": { "visible_points": 103, "total_points": 120, "visibility_pct": 85.833333333333329 }, "geometry": { "type": "Point", "coordinates": [ -2.531875324986164, 53.25866028274055 ] } },
{ "type": "Feature", "properties": { "visible_points": 102, "total_points": 120, "visibility_pct": 85.0 }, "geometry": { "type": "Point", "coordinates": [ -2.531667623364186, 53.258661210411212 ] } },
{ "type": "Feature", "properties": { "visible_points": 99, "total_points": 120, "visibility_pct": 82.5 }, "geometry": { "type": "Point", "coordinates": [ -2.531459921730539, 53.258662137720016 ] } },
{ "type": "Feature", "properties": { "visible_points": 100, "total_points": 120, "visibility_pct": 83.333333333333343 }, "geometry": { "type": "Point", "coordinates": [ -2.531252220085218, 53.258663064666976 ] } },
{ "type": "Feature", "properties": { "visible_points": 102, "total_points": 120, "visibility_pct": 85.0 }, "geometry": { "type": "Point", "coordinates": [ -2.531044518428229, 53.258663991252078 ] } },
{ "type": "Feature", "properties": { "visible_points": 98, "total_points": 120, "visibility_pct": 81.666666666666671 }, "geometry": { "type": "Point", "coordinates": [ -2.530836816759574, 53.258664917475315 ] } },
{ "type": "Feature", "properties": { "visible_points": 91, "total_points": 120, "visibility_pct": 75.833333333333329 }, "geometry": { "type": "Point", "coordinates": [ -2.530629115079263, 53.258665843336701 ] } },
{ "type": "Feature", "properties": { "visible_points": 80, "total_points": 120, "visibility_pct": 66.666666666666657 }, "geometry": { "type": "Point", "coordinates": [ -2.530421413387299, 53.258666768836235 ] } },
{ "type": "Feature", "properties": { "visible_points": 71, "total_points": 120, "visibility_pct": 59.166666666666664 }, "geometry": { "type": "Point", "coordinates": [ -2.530213711683691, 53.258667693973933 ] } },
{ "type": "Feature", "properties": { "visible_points": 59, "total_points": 120, "visibility_pct": 49.166666666666664 }, "geometry": { "type": "Point", "coordinates": [ -2.530006009968428, 53.258668618749752 ] } },
{ "type": "Feature", "properties": { "visible_points": 56, "total_points": 120, "visibility_pct": 46.666666666666664 }, "geometry": { "type": "Point", "coordinates": [ -2.529798308241534, 53.258669543163727 ] } },
{ "type": "Feature", "properties": { "visible_points": 60, "total_points": 120, "visibility_pct": 50.0 }, "geometry": { "type": "Point", "coordinates": [ -2.529590606503002, 53.258670467215843 ] } },
{ "type": "Feature", "properties": { "visible_points": 65, "total_points": 119, "visibility_pct": 54.621848739495796 }, "geometry": { "type": "Point", "coordinates": [ -2.529382904752838, 53.258671390906095 ] } },
{ "type": "Feature", "properties": { "visible_points": 49, "total_points": 114, "visibility_pct": 42.982456140350877 }, "geometry": { "type": "Point", "coordinates": [ -2.529175202991051, 53.258672314234509 ] } },
{ "type": "Feature", "properties": { "visible_points": 22, "total_points": 110, "visibility_pct": 20.0 }, "geometry": { "type": "Point", "coordinates": [ -2.52896750121764, 53.258673237201059 ] } },
{ "type": "Feature", "properties": { "visible_points": 14, "total_points": 105, "visibility_pct": 13.333333333333334 }, "geometry": { "type": "Point", "coordinates": [ -2.528759799432615, 53.258674159805764 ] } },
{ "type": "Feature", "properties": { "visible_points": 0, "total_points": 100, "visibility_pct": 0.0 }, "geometry": { "type": "Point", "coordinates": [ -2.528552097635977, 53.258675082048597 ] } },
{ "type": "Feature", "properties": { "visible_points": 0, "total_points": 45, "visibility_pct": 0.0 }, "geometry": { "type": "Point", "coordinates": [ -2.527305886612552, 53.258680607906705 ] } },
{ "type": "Feature", "properties": { "visible_points": 2, "total_points": 37, "visibility_pct": 5.4054054054054053 }, "geometry": { "type": "Point", "coordinates": [ -2.527098184734756, 53.258681527616559 ] } },
{ "type": "Feature", "properties": { "visible_points": 10, "total_points": 84, "visibility_pct": 11.904761904761903 }, "geometry": { "type": "Point", "coordinates": [ -2.533642134636942, 53.258760244200701 ] } },
{ "type": "Feature", "properties": { "visible_points": 43, "total_points": 94, "visibility_pct": 45.744680851063826 }, "geometry": { "type": "Point", "coordinates": [ -2.533434432579795, 53.258761174949562 ] } },
{ "type": "Feature", "properties": { "visible_points": 62, "total_points": 103, "visibility_pct": 60.194174757281552 }, "geometry": { "type": "Point", "coordinates": [ -2.53322673051092, 53.258762105336608 ] } },
{ "type": "Feature", "properties": { "visible_points": 71, "total_points": 111, "visibility_pct": 63.963963963963963 }, "geometry": { "type": "Point", "coordinates": [ -2.533019028430332, 53.258763035361795 ] } },
{ "type": "Feature", "properties": { "visible_points": 78, "total_points": 117, "visibility_pct": 66.666666666666657 }, "geometry": { "type": "Point", "coordinates": [ -2.53281132633802, 53.258763965025125 ] } },
{ "type": "Feature", "properties": { "visible_points": 90, "total_points": 120, "visibility_pct": 75.0 }, "geometry": { "type": "Point", "coordinates": [ -2.532603624234005, 53.25876489432661 ] } },
{ "type": "Feature", "properties": { "visible_points": 101, "total_points": 120, "visibility_pct": 84.166666666666671 }, "geometry": { "type": "Point", "coordinates": [ -2.532395922118276, 53.258765823266252 ] } },
{ "type": "Feature", "properties": { "visible_points": 104, "total_points": 120, "visibility_pct": 86.666666666666671 }, "geometry": { "type": "Point", "coordinates": [ -2.53218821999085, 53.258766751844021 ] } },
{ "type": "Feature", "properties": { "visible_points": 105, "total_points": 120, "visibility_pct": 87.5 }, "geometry": { "type": "Point", "coordinates": [ -2.531980517851726, 53.258767680059968 ] } },
{ "type": "Feature", "properties": { "visible_points": 107, "total_points": 120, "visibility_pct": 89.166666666666671 }, "geometry": { "type": "Point", "coordinates": [ -2.53177281570091, 53.258768607914064 ] } },
{ "type": "Feature", "properties": { "visible_points": 104, "total_points": 120, "visibility_pct": 86.666666666666671 }, "geometry": { "type": "Point", "coordinates": [ -2.531565113538399, 53.258769535406309 ] } },
{ "type": "Feature", "properties": { "visible_points": 100, "total_points": 120, "visibility_pct": 83.333333333333343 }, "geometry": { "type": "Point", "coordinates": [ -2.531357411364211, 53.258770462536702 ] } },
{ "type": "Feature", "properties": { "visible_points": 103, "total_points": 120, "visibility_pct": 85.833333333333329 }, "geometry": { "type": "Point", "coordinates": [ -2.531149709178344, 53.258771389305252 ] } },
{ "type": "Feature", "properties": { "visible_points": 99, "total_points": 120, "visibility_pct": 82.5 }, "geometry": { "type": "Point", "coordinates": [ -2.530942006980802, 53.258772315711937 ] } },
{ "type": "Feature", "properties": { "visible_points": 96, "total_points": 120, "visibility_pct": 80.0 }, "geometry": { "type": "Point", "coordinates": [ -2.530734304771588, 53.258773241756778 ] } },
{ "type": "Feature", "properties": { "visible_points": 86, "total_points": 120, "visibility_pct": 71.666666666666671 }, "geometry": { "type": "Point", "coordinates": [ -2.530526602550714, 53.258774167439775 ] } },
{ "type": "Feature", "properties": { "visible_points": 76, "total_points": 120, "visibility_pct": 63.333333333333329 }, "geometry": { "type": "Point", "coordinates": [ -2.530318900318175, 53.258775092760935 ] } },
{ "type": "Feature", "properties": { "visible_points": 65, "total_points": 120, "visibility_pct": 54.166666666666664 }, "geometry": { "type": "Point", "coordinates": [ -2.530111198073983, 53.258776017720223 ] } },
{ "type": "Feature", "properties": { "visible_points": 0, "total_points": 120, "visibility_pct": 0.0 }, "geometry": { "type": "Point", "coordinates": [ -2.529903495818134, 53.258776942317674 ] } },
{ "type": "Feature", "properties": { "visible_points": 8, "total_points": 120, "visibility_pct": 6.666666666666667 }, "geometry": { "type": "Point", "coordinates": [ -2.529695793550644, 53.258777866553267 ] } },
{ "type": "Feature", "properties": { "visible_points": 56, "total_points": 120, "visibility_pct": 46.666666666666664 }, "geometry": { "type": "Point", "coordinates": [ -2.529488091271511, 53.258778790427009 ] } },
{ "type": "Feature", "properties": { "visible_points": 43, "total_points": 115, "visibility_pct": 37.391304347826086 }, "geometry": { "type": "Point", "coordinates": [ -2.52928038898074, 53.258779713938914 ] } },
{ "type": "Feature", "properties": { "visible_points": 34, "total_points": 109, "visibility_pct": 31.192660550458719 }, "geometry": { "type": "Point", "coordinates": [ -2.529072686678338, 53.258780637088954 ] } },
{ "type": "Feature", "properties": { "visible_points": 19, "total_points": 103, "visibility_pct": 18.446601941747574 }, "geometry": { "type": "Point", "coordinates": [ -2.528864984364307, 53.258781559877157 ] } },
{ "type": "Feature", "properties": { "visible_points": 0, "total_points": 97, "visibility_pct": 0.0 }, "geometry": { "type": "Point", "coordinates": [ -2.528657282038647, 53.258782482303516 ] } },
{ "type": "Feature", "properties": { "visible_points": 22, "total_points": 83, "visibility_pct": 26.506024096385545 }, "geometry": { "type": "Point", "coordinates": [ -2.533539629689301, 53.258868570888282 ] } },
{ "type": "Feature", "properties": { "visible_points": 31, "total_points": 93, "visibility_pct": 33.333333333333329 }, "geometry": { "type": "Point", "coordinates": [ -2.533331927091448, 53.258869501458875 ] } },
{ "type": "Feature", "properties": { "visible_points": 43, "total_points": 102, "visibility_pct": 42.156862745098039 }, "geometry": { "type": "Point", "coordinates": [ -2.533124224481862, 53.258870431667624 ] } },
{ "type": "Feature", "properties": { "visible_points": 67, "total_points": 110, "visibility_pct": 60.909090909090914 }, "geometry": { "type": "Point", "coordinates": [ -2.532916521860558, 53.258871361514522 ] } },
{ "type": "Feature", "properties": { "visible_points": 76, "total_points": 116, "visibility_pct": 65.517241379310349 }, "geometry": { "type": "Point", "coordinates": [ -2.532708819227552, 53.258872290999577 ] } },
{ "type": "Feature", "properties": { "visible_points": 86, "total_points": 120, "visibility_pct": 71.666666666666671 }, "geometry": { "type": "Point", "coordinates": [ -2.532501116582825, 53.25887322012278 ] } },
{ "type": "Feature", "properties": { "visible_points": 94, "total_points": 120, "visibility_pct": 78.333333333333329 }, "geometry": { "type": "Point", "coordinates": [ -2.532293413926397, 53.258874148884139 ] } },
{ "type": "Feature", "properties": { "visible_points": 98, "total_points": 120, "visibility_pct": 81.666666666666671 }, "geometry": { "type": "Point", "coordinates": [ -2.532085711258274, 53.258875077283626 ] } },
{ "type": "Feature", "properties": { "visible_points": 103, "total_points": 120, "visibility_pct": 85.833333333333329 }, "geometry": { "type": "Point", "coordinates": [ -2.531878008578452, 53.258876005321277 ] } },
{ "type": "Feature", "properties": { "visible_points": 104, "total_points": 120, "visibility_pct": 86.666666666666671 }, "geometry": { "type": "Point", "coordinates": [ -2.531670305886937, 53.258876932997069 ] } },
{ "type": "Feature", "properties": { "visible_points": 100, "total_points": 120, "visibility_pct": 83.333333333333343 }, "geometry": { "type": "Point", "coordinates": [ -2.531462603183742, 53.258877860311024 ] } },
{ "type": "Feature", "properties": { "visible_points": 106, "total_points": 120, "visibility_pct": 88.333333333333329 }, "geometry": { "type": "Point", "coordinates": [ -2.53125490046886, 53.258878787263122 ] } },
{ "type": "Feature", "properties": { "visible_points": 104, "total_points": 120, "visibility_pct": 86.666666666666671 }, "geometry": { "type": "Point", "coordinates": [ -2.531047197742308, 53.258879713853375 ] } },
{ "type": "Feature", "properties": { "visible_points": 103, "total_points": 120, "visibility_pct": 85.833333333333329 }, "geometry": { "type": "Point", "coordinates": [ -2.530839495004076, 53.25888064008177 ] } },
{ "type": "Feature", "properties": { "visible_points": 94, "total_points": 120, "visibility_pct": 78.333333333333329 }, "geometry": { "type": "Point", "coordinates": [ -2.530631792254181, 53.258881565948315 ] } },
{ "type": "Feature", "properties": { "visible_points": 84, "total_points": 120, "visibility_pct": 70.0 }, "geometry": { "type": "Point", "coordinates": [ -2.530424089492622, 53.258882491453001 ] } },
{ "type": "Feature", "properties": { "visible_points": 73, "total_points": 120, "visibility_pct": 60.833333333333329 }, "geometry": { "type": "Point", "coordinates": [ -2.530216386719404, 53.25888341659585 ] } },
{ "type": "Feature", "properties": { "visible_points": 0, "total_points": 120, "visibility_pct": 0.0 }, "geometry": { "type": "Point", "coordinates": [ -2.530008683934536, 53.258884341376842 ] } },
{ "type": "Feature", "properties": { "visible_points": 14, "total_points": 120, "visibility_pct": 11.666666666666666 }, "geometry": { "type": "Point", "coordinates": [ -2.529800981138015, 53.258885265795982 ] } },
{ "type": "Feature", "properties": { "visible_points": 44, "total_points": 120, "visibility_pct": 36.666666666666664 }, "geometry": { "type": "Point", "coordinates": [ -2.529593278329854, 53.258886189853278 ] } },
{ "type": "Feature", "properties": { "visible_points": 41, "total_points": 116, "visibility_pct": 35.344827586206897 }, "geometry": { "type": "Point", "coordinates": [ -2.529385575510045, 53.258887113548717 ] } },
{ "type": "Feature", "properties": { "visible_points": 32, "total_points": 109, "visibility_pct": 29.357798165137616 }, "geometry": { "type": "Point", "coordinates": [ -2.529177872678609, 53.258888036882297 ] } },
{ "type": "Feature", "properties": { "visible_points": 23, "total_points": 102, "visibility_pct": 22.549019607843139 }, "geometry": { "type": "Point", "coordinates": [ -2.528970169835539, 53.258888959854019 ] } },
{ "type": "Feature", "properties": { "visible_points": 0, "total_points": 95, "visibility_pct": 0.0 }, "geometry": { "type": "Point", "coordinates": [ -2.528762466980843, 53.258889882463919 ] } },
{ "type": "Feature", "properties": { "visible_points": 5, "total_points": 82, "visibility_pct": 6.0975609756097562 }, "geometry": { "type": "Point", "coordinates": [ -2.53343712421266, 53.258976897486079 ] } },
{ "type": "Feature", "properties": { "visible_points": 1, "total_points": 92, "visibility_pct": 1.0869565217391304 }, "geometry": { "type": "Point", "coordinates": [ -2.533229421074089, 53.258977827878404 ] } },
{ "type": "Feature", "properties": { "visible_points": 16, "total_points": 101, "visibility_pct": 15.841584158415841 }, "geometry": { "type": "Point", "coordinates": [ -2.533021717923792, 53.258978757908871 ] } },
{ "type": "Feature", "properties": { "visible_points": 62, "total_points": 109, "visibility_pct": 56.88073394495413 }, "geometry": { "type": "Point", "coordinates": [ -2.532814014761784, 53.258979687577494 ] } },
{ "type": "Feature", "properties": { "visible_points": 67, "total_points": 115, "visibility_pct": 58.260869565217391 }, "geometry": { "type": "Point", "coordinates": [ -2.532606311588061, 53.258980616884251 ] } },
{ "type": "Feature", "properties": { "visible_points": 79, "total_points": 120, "visibility_pct": 65.833333333333329 }, "geometry": { "type": "Point", "coordinates": [ -2.532398608402635, 53.258981545829172 ] } },
{ "type": "Feature", "properties": { "visible_points": 87, "total_points": 120, "visibility_pct": 72.5 }, "geometry": { "type": "Point", "coordinates": [ -2.532190905205502, 53.258982474412228 ] } },
{ "type": "Feature", "properties": { "visible_points": 93, "total_points": 120, "visibility_pct": 77.5 }, "geometry": { "type": "Point", "coordinates": [ -2.531983201996675, 53.258983402633426 ] } },
{ "type": "Feature", "properties": { "visible_points": 102, "total_points": 120, "visibility_pct": 85.0 }, "geometry": { "type": "Point", "coordinates": [ -2.531775498776152, 53.25898433049278 ] } },
{ "type": "Feature", "properties": { "visible_points": 99, "total_points": 120, "visibility_pct": 82.5 }, "geometry": { "type": "Point", "coordinates": [ -2.531567795543948, 53.258985257990304 ] } },
{ "type": "Feature", "properties": { "visible_points": 101, "total_points": 120, "visibility_pct": 84.166666666666671 }, "geometry": { "type": "Point", "coordinates": [ -2.53136009230005, 53.258986185125941 ] } },
{ "type": "Feature", "properties": { "visible_points": 98, "total_points": 120, "visibility_pct": 81.666666666666671 }, "geometry": { "type": "Point", "coordinates": [ -2.53115238904448, 53.258987111899756 ] } },
{ "type": "Feature", "properties": { "visible_points": 101, "total_points": 120, "visibility_pct": 84.166666666666671 }, "geometry": { "type": "Point", "coordinates": [ -2.530944685777235, 53.258988038311713 ] } },
{ "type": "Feature", "properties": { "visible_points": 95, "total_points": 120, "visibility_pct": 79.166666666666657 }, "geometry": { "type": "Point", "coordinates": [ -2.530736982498315, 53.258988964361798 ] } },
{ "type": "Feature", "properties": { "visible_points": 88, "total_points": 120, "visibility_pct": 73.333333333333329 }, "geometry": { "type": "Point", "coordinates": [ -2.530529279207736, 53.258989890050032 ] } },
{ "type": "Feature", "properties": { "visible_points": 80, "total_points": 120, "visibility_pct": 66.666666666666657 }, "geometry": { "type": "Point", "coordinates": [ -2.530321575905491, 53.258990815376421 ] } },
{ "type": "Feature", "properties": { "visible_points": 71, "total_points": 120, "visibility_pct": 59.166666666666664 }, "geometry": { "type": "Point", "coordinates": [ -2.530113872591593, 53.258991740340974 ] } },
{ "type": "Feature", "properties": { "visible_points": 55, "total_points": 120, "visibility_pct": 45.833333333333329 }, "geometry": { "type": "Point", "coordinates": [ -2.529906169266046, 53.258992664943655 ] } },
{ "type": "Feature", "properties": { "visible_points": 52, "total_points": 120, "visibility_pct": 43.333333333333336 }, "geometry": { "type": "Point", "coordinates": [ -2.529698465928847, 53.258993589184492 ] } },
{ "type": "Feature", "properties": { "visible_points": 43, "total_points": 118, "visibility_pct": 36.440677966101696 }, "geometry": { "type": "Point", "coordinates": [ -2.529490762580009, 53.258994513063485 ] } },
{ "type": "Feature", "properties": { "visible_points": 36, "total_points": 110, "visibility_pct": 32.727272727272727 }, "geometry": { "type": "Point", "coordinates": [ -2.529283059219531, 53.258995436580605 ] } },
{ "type": "Feature", "properties": { "visible_points": 27, "total_points": 102, "visibility_pct": 26.47058823529412 }, "geometry": { "type": "Point", "coordinates": [ -2.529075355847422, 53.258996359735875 ] } },
{ "type": "Feature", "properties": { "visible_points": 14, "total_points": 94, "visibility_pct": 14.893617021276595 }, "geometry": { "type": "Point", "coordinates": [ -2.528867652463685, 53.258997282529307 ] } },
{ "type": "Feature", "properties": { "visible_points": 4, "total_points": 81, "visibility_pct": 4.9382716049382713 }, "geometry": { "type": "Point", "coordinates": [ -2.533334618207008, 53.259085223994106 ] } },
{ "type": "Feature", "properties": { "visible_points": 1, "total_points": 91, "visibility_pct": 1.098901098901099 }, "geometry": { "type": "Point", "coordinates": [ -2.533126914527721, 53.259086154208148 ] } },
{ "type": "Feature", "properties": { "visible_points": 33, "total_points": 100, "visibility_pct": 33.0 }, "geometry": { "type": "Point", "coordinates": [ -2.532919210836707, 53.259087084060326 ] } },
{ "type": "Feature", "properties": { "visible_points": 57, "total_points": 108, "visibility_pct": 52.777777777777779 }, "geometry": { "type": "Point", "coordinates": [ -2.532711507133985, 53.259088013550659 ] } },
{ "type": "Feature", "properties": { "visible_points": 69, "total_points": 115, "visibility_pct": 60.0 }, "geometry": { "type": "Point", "coordinates": [ -2.532503803419552, 53.259088942679128 ] } },
{ "type": "Feature", "properties": { "visible_points": 77, "total_points": 120, "visibility_pct": 64.166666666666671 }, "geometry": { "type": "Point", "coordinates": [ -2.532296099693417, 53.259089871445752 ] } },
{ "type": "Feature", "properties": { "visible_points": 86, "total_points": 120, "visibility_pct": 71.666666666666671 }, "geometry": { "type": "Point", "coordinates": [ -2.53208839595558, 53.259090799850519 ] } },
{ "type": "Feature", "properties": { "visible_points": 95, "total_points": 120, "visibility_pct": 79.166666666666657 }, "geometry": { "type": "Point", "coordinates": [ -2.531880692206049, 53.259091727893441 ] } },
{ "type": "Feature", "properties": { "visible_points": 103, "total_points": 120, "visibility_pct": 85.833333333333329 }, "geometry": { "type": "Point", "coordinates": [ -2.531672988444826, 53.259092655574491 ] } },
{ "type": "Feature", "properties": { "visible_points": 102, "total_points": 120, "visibility_pct": 85.0 }, "geometry": { "type": "Point", "coordinates": [ -2.531465284671919, 53.259093582893705 ] } },
{ "type": "Feature", "properties": { "visible_points": 97, "total_points": 120, "visibility_pct": 80.833333333333329 }, "geometry": { "type": "Point", "coordinates": [ -2.531257580887328, 53.259094509851067 ] } },
{ "type": "Feature", "properties": { "visible_points": 95, "total_points": 120, "visibility_pct": 79.166666666666657 }, "geometry": { "type": "Point", "coordinates": [ -2.531049877091062, 53.259095436446579 ] } },
{ "type": "Feature", "properties": { "visible_points": 99, "total_points": 120, "visibility_pct": 82.5 }, "geometry": { "type": "Point", "coordinates": [ -2.530842173283121, 53.259096362680225 ] } },
{ "type": "Feature", "properties": { "visible_points": 92, "total_points": 120, "visibility_pct": 76.666666666666671 }, "geometry": { "type": "Point", "coordinates": [ -2.530634469463515, 53.25909728855202 ] } },
{ "type": "Feature", "properties": { "visible_points": 85, "total_points": 120, "visibility_pct": 70.833333333333343 }, "geometry": { "type": "Point", "coordinates": [ -2.530426765632242, 53.25909821406195 ] } },
{ "type": "Feature", "properties": { "visible_points": 77, "total_points": 120, "visibility_pct": 64.166666666666671 }, "geometry": { "type": "Point", "coordinates": [ -2.530219061789319, 53.259099139210043 ] } },
{ "type": "Feature", "properties": { "visible_points": 69, "total_points": 120, "visibility_pct": 57.5 }, "geometry": { "type": "Point", "coordinates": [ -2.530011357934732, 53.259100063996279 ] } },
{ "type": "Feature", "properties": { "visible_points": 58, "total_points": 120, "visibility_pct": 48.333333333333336 }, "geometry": { "type": "Point", "coordinates": [ -2.529803654068501, 53.259100988420656 ] } },
{ "type": "Feature", "properties": { "visible_points": 48, "total_points": 119, "visibility_pct": 40.336134453781511 }, "geometry": { "type": "Point", "coordinates": [ -2.529595950190624, 53.259101912483175 ] } },
{ "type": "Feature", "properties": { "visible_points": 41, "total_points": 113, "visibility_pct": 36.283185840707965 }, "geometry": { "type": "Point", "coordinates": [ -2.529388246301111, 53.259102836183864 ] } },
{ "type": "Feature", "properties": { "visible_points": 33, "total_points": 104, "visibility_pct": 31.73076923076923 }, "geometry": { "type": "Point", "coordinates": [ -2.529180542399955, 53.259103759522688 ] } },
{ "type": "Feature", "properties": { "visible_points": 28, "total_points": 94, "visibility_pct": 29.787234042553191 }, "geometry": { "type": "Point", "coordinates": [ -2.528972838487177, 53.25910468249964 ] } },
{ "type": "Feature", "properties": { "visible_points": 0, "total_points": 85, "visibility_pct": 0.0 }, "geometry": { "type": "Point", "coordinates": [ -2.528765134562767, 53.259105605114769 ] } },
{ "type": "Feature", "properties": { "visible_points": 10, "total_points": 80, "visibility_pct": 12.5 }, "geometry": { "type": "Point", "coordinates": [ -2.533232111672341, 53.259193550412348 ] } },
{ "type": "Feature", "properties": { "visible_points": 1, "total_points": 90, "visibility_pct": 1.1111111111111112 }, "geometry": { "type": "Point", "coordinates": [ -2.533024407452331, 53.259194480448095 ] } },
{ "type": "Feature", "properties": { "visible_points": 0, "total_points": 99, "visibility_pct": 0.0 }, "geometry": { "type": "Point", "coordinates": [ -2.532816703220605, 53.25919541012199 ] } },
{ "type": "Feature", "properties": { "visible_points": 56, "total_points": 107, "visibility_pct": 52.336448598130836 }, "geometry": { "type": "Point", "coordinates": [ -2.532608998977168, 53.25919633943402 ] } },
{ "type": "Feature", "properties": { "visible_points": 69, "total_points": 115, "visibility_pct": 60.0 }, "geometry": { "type": "Point", "coordinates": [ -2.532401294722021, 53.25919726838422 ] } },
{ "type": "Feature", "properties": { "visible_points": 79, "total_points": 120, "visibility_pct": 65.833333333333329 }, "geometry": { "type": "Point", "coordinates": [ -2.532193590455176, 53.259198196972541 ] } },
{ "type": "Feature", "properties": { "visible_points": 90, "total_points": 120, "visibility_pct": 75.0 }, "geometry": { "type": "Point", "coordinates": [ -2.531985886176631, 53.259199125199018 ] } },
{ "type": "Feature", "properties": { "visible_points": 94, "total_points": 120, "visibility_pct": 78.333333333333329 }, "geometry": { "type": "Point", "coordinates": [ -2.531778181886391, 53.259200053063644 ] } },
{ "type": "Feature", "properties": { "visible_points": 98, "total_points": 120, "visibility_pct": 81.666666666666671 }, "geometry": { "type": "Point", "coordinates": [ -2.531570477584467, 53.259200980566419 ] } },
{ "type": "Feature", "properties": { "visible_points": 99, "total_points": 120, "visibility_pct": 82.5 }, "geometry": { "type": "Point", "coordinates": [ -2.531362773270856, 53.259201907707322 ] } },
{ "type": "Feature", "properties": { "visible_points": 97, "total_points": 120, "visibility_pct": 80.833333333333329 }, "geometry": { "type": "Point", "coordinates": [ -2.531155068945568, 53.259202834486395 ] } },
{ "type": "Feature", "properties": { "visible_points": 101, "total_points": 120, "visibility_pct": 84.166666666666671 }, "geometry": { "type": "Point", "coordinates": [ -2.530947364608602, 53.259203760903588 ] } },
{ "type": "Feature", "properties": { "visible_points": 100, "total_points": 120, "visibility_pct": 83.333333333333343 }, "geometry": { "type": "Point", "coordinates": [ -2.530739660259965, 53.259204686958952 ] } },
{ "type": "Feature", "properties": { "visible_points": 92, "total_points": 120, "visibility_pct": 76.666666666666671 }, "geometry": { "type": "Point", "coordinates": [ -2.530531955899669, 53.25920561265243 ] } },
{ "type": "Feature", "properties": { "visible_points": 82, "total_points": 120, "visibility_pct": 68.333333333333329 }, "geometry": { "type": "Point", "coordinates": [ -2.530324251527707, 53.259206537984078 ] } },
{ "type": "Feature", "properties": { "visible_points": 75, "total_points": 120, "visibility_pct": 62.5 }, "geometry": { "type": "Point", "coordinates": [ -2.53011654714409, 53.259207462953846 ] } },
{ "type": "Feature", "properties": { "visible_points": 54, "total_points": 120, "visibility_pct": 45.0 }, "geometry": { "type": "Point", "coordinates": [ -2.529908842748819, 53.25920838756177 ] } },
{ "type": "Feature", "properties": { "visible_points": 53, "total_points": 120, "visibility_pct": 44.166666666666664 }, "geometry": { "type": "Point", "coordinates": [ -2.529701138341907, 53.259209311807837 ] } },
{ "type": "Feature", "properties": { "visible_points": 46, "total_points": 115, "visibility_pct": 40.0 }, "geometry": { "type": "Point", "coordinates": [ -2.529493433923347, 53.25921023569208 ] } },
{ "type": "Feature", "properties": { "visible_points": 35, "total_points": 107, "visibility_pct": 32.710280373831772 }, "geometry": { "type": "Point", "coordinates": [ -2.52928572949315, 53.259211159214438 ] } },
{ "type": "Feature", "properties": { "visible_points": 29, "total_points": 96, "visibility_pct": 30.208333333333332 }, "geometry": { "type": "Point", "coordinates": [ -2.529078025051325, 53.259212082374951 ] } },
{ "type": "Feature", "properties": { "visible_points": 0, "total_points": 85, "visibility_pct": 0.0 }, "geometry": { "type": "Point", "coordinates": [ -2.528870320597863, 53.259213005173599 ] } },
{ "type": "Feature", "properties": { "visible_points": 0, "total_points": 89, "visibility_pct": 0.0 }, "geometry": { "type": "Point", "coordinates": [ -2.532921899847923, 53.259302806598249 ] } },
{ "type": "Feature", "properties": { "visible_points": 0, "total_points": 98, "visibility_pct": 0.0 }, "geometry": { "type": "Point", "coordinates": [ -2.532714195075476, 53.259303736093855 ] } },
{ "type": "Feature", "properties": { "visible_points": 57, "total_points": 107, "visibility_pct": 53.271028037383175 }, "geometry": { "type": "Point", "coordinates": [ -2.532506490291322, 53.25930466522761 ] } },
{ "type": "Feature", "properties": { "visible_points": 68, "total_points": 115, "visibility_pct": 59.130434782608695 }, "geometry": { "type": "Point", "coordinates": [ -2.532298785495461, 53.259305593999514 ] } },
{ "type": "Feature", "properties": { "visible_points": 82, "total_points": 120, "visibility_pct": 68.333333333333329 }, "geometry": { "type": "Point", "coordinates": [ -2.5320910806879, 53.259306522409553 ] } },
{ "type": "Feature", "properties": { "visible_points": 86, "total_points": 120, "visibility_pct": 71.666666666666671 }, "geometry": { "type": "Point", "coordinates": [ -2.531883375868648, 53.259307450457719 ] } },
{ "type": "Feature", "properties": { "visible_points": 93, "total_points": 120, "visibility_pct": 77.5 }, "geometry": { "type": "Point", "coordinates": [ -2.531675671037701, 53.259308378144063 ] } },
{ "type": "Feature", "properties": { "visible_points": 95, "total_points": 120, "visibility_pct": 79.166666666666657 }, "geometry": { "type": "Point", "coordinates": [ -2.531467966195064, 53.259309305468534 ] } },
{ "type": "Feature", "properties": { "visible_points": 94, "total_points": 120, "visibility_pct": 78.333333333333329 }, "geometry": { "type": "Point", "coordinates": [ -2.531260261340753, 53.25931023243114 ] } },
{ "type": "Feature", "properties": { "visible_points": 101, "total_points": 120, "visibility_pct": 84.166666666666671 }, "geometry": { "type": "Point", "coordinates": [ -2.531052556474762, 53.259311159031903 ] } },
{ "type": "Feature", "properties": { "visible_points": 98, "total_points": 120, "visibility_pct": 81.666666666666671 }, "geometry": { "type": "Point", "coordinates": [ -2.530844851597096, 53.259312085270793 ] } },
{ "type": "Feature", "properties": { "visible_points": 95, "total_points": 120, "visibility_pct": 79.166666666666657 }, "geometry": { "type": "Point", "coordinates": [ -2.530637146707764, 53.259313011147839 ] } },
{ "type": "Feature", "properties": { "visible_points": 88, "total_points": 120, "visibility_pct": 73.333333333333329 }, "geometry": { "type": "Point", "coordinates": [ -2.530429441806771, 53.259313936663041 ] } },
{ "type": "Feature", "properties": { "visible_points": 77, "total_points": 120, "visibility_pct": 64.166666666666671 }, "geometry": { "type": "Point", "coordinates": [ -2.530221736894116, 53.259314861816357 ] } },
{ "type": "Feature", "properties": { "visible_points": 61, "total_points": 120, "visibility_pct": 50.833333333333329 }, "geometry": { "type": "Point", "coordinates": [ -2.530014031969806, 53.25931578660785 ] } },
{ "type": "Feature", "properties": { "visible_points": 52, "total_points": 120, "visibility_pct": 43.333333333333336 }, "geometry": { "type": "Point", "coordinates": [ -2.529806327033853, 53.259316711037464 ] } },
{ "type": "Feature", "properties": { "visible_points": 43, "total_points": 117, "visibility_pct": 36.752136752136757 }, "geometry": { "type": "Point", "coordinates": [ -2.529598622086246, 53.259317635105234 ] } },
{ "type": "Feature", "properties": { "visible_points": 39, "total_points": 109, "visibility_pct": 35.779816513761467 }, "geometry": { "type": "Point", "coordinates": [ -2.529390917127007, 53.259318558811145 ] } },
{ "type": "Feature", "properties": { "visible_points": 36, "total_points": 99, "visibility_pct": 36.363636363636367 }, "geometry": { "type": "Point", "coordinates": [ -2.52918321215613, 53.259319482155192 ] } },
{ "type": "Feature", "properties": { "visible_points": 24, "total_points": 87, "visibility_pct": 27.586206896551722 }, "geometry": { "type": "Point", "coordinates": [ -2.528975507173616, 53.259320405137373 ] } },
{ "type": "Feature", "properties": { "visible_points": 0, "total_points": 88, "visibility_pct": 0.0 }, "geometry": { "type": "Point", "coordinates": [ -2.532819391714488, 53.259411132658613 ] } },
{ "type": "Feature", "properties": { "visible_points": 28, "total_points": 98, "visibility_pct": 28.571428571428569 }, "geometry": { "type": "Point", "coordinates": [ -2.532611686401317, 53.259412061975922 ] } },
{ "type": "Feature", "properties": { "visible_points": 56, "total_points": 107, "visibility_pct": 52.336448598130836 }, "geometry": { "type": "Point", "coordinates": [ -2.532403981076448, 53.259412990931402 ] } },
{ "type": "Feature", "properties": { "visible_points": 71, "total_points": 115, "visibility_pct": 61.739130434782609 }, "geometry": { "type": "Point", "coordinates": [ -2.532196275739868, 53.259413919525002 ] } },
{ "type": "Feature", "properties": { "visible_points": 80, "total_points": 120, "visibility_pct": 66.666666666666657 }, "geometry": { "type": "Point", "coordinates": [ -2.531988570391592, 53.259414847756737 ] } },
{ "type": "Feature", "properties": { "visible_points": 86, "total_points": 120, "visibility_pct": 71.666666666666671 }, "geometry": { "type": "Point", "coordinates": [ -2.531780865031624, 53.259415775626628 ] } },
{ "type": "Feature", "properties": { "visible_points": 87, "total_points": 120, "visibility_pct": 72.5 }, "geometry": { "type": "Point", "coordinates": [ -2.531573159659965, 53.259416703134661 ] } },
{ "type": "Feature", "properties": { "visible_points": 95, "total_points": 120, "visibility_pct": 79.166666666666657 }, "geometry": { "type": "Point", "coordinates": [ -2.531365454276626, 53.259417630280844 ] } },
{ "type": "Feature", "properties": { "visible_points": 97, "total_points": 120, "visibility_pct": 80.833333333333329 }, "geometry": { "type": "Point", "coordinates": [ -2.531157748881605, 53.259418557065153 ] } },
{ "type": "Feature", "properties": { "visible_points": 101, "total_points": 120, "visibility_pct": 84.166666666666671 }, "geometry": { "type": "Point", "coordinates": [ -2.530950043474909, 53.259419483487605 ] } },
{ "type": "Feature", "properties": { "visible_points": 95, "total_points": 120, "visibility_pct": 79.166666666666657 }, "geometry": { "type": "Point", "coordinates": [ -2.53074233805654, 53.259420409548206 ] } },
{ "type": "Feature", "properties": { "visible_points": 88, "total_points": 120, "visibility_pct": 73.333333333333329 }, "geometry": { "type": "Point", "coordinates": [ -2.530534632626512, 53.259421335246948 ] } },
{ "type": "Feature", "properties": { "visible_points": 77, "total_points": 120, "visibility_pct": 64.166666666666671 }, "geometry": { "type": "Point", "coordinates": [ -2.530326927184819, 53.259422260583825 ] } },
{ "type": "Feature", "properties": { "visible_points": 63, "total_points": 120, "visibility_pct": 52.5 }, "geometry": { "type": "Point", "coordinates": [ -2.530119221731468, 53.259423185558866 ] } },
{ "type": "Feature", "properties": { "visible_points": 52, "total_points": 120, "visibility_pct": 43.333333333333336 }, "geometry": { "type": "Point", "coordinates": [ -2.529911516266465, 53.259424110172034 ] } },
{ "type": "Feature", "properties": { "visible_points": 49, "total_points": 119, "visibility_pct": 41.17647058823529 }, "geometry": { "type": "Point", "coordinates": [ -2.529703810789822, 53.259425034423344 ] } },
{ "type": "Feature", "properties": { "visible_points": 42, "total_points": 111, "visibility_pct": 37.837837837837839 }, "geometry": { "type": "Point", "coordinates": [ -2.529496105301526, 53.259425958312796 ] } },
{ "type": "Feature", "properties": { "visible_points": 40, "total_points": 102, "visibility_pct": 39.215686274509807 }, "geometry": { "type": "Point", "coordinates": [ -2.529288399801598, 53.259426881840398 ] } },
{ "type": "Feature", "properties": { "visible_points": 34, "total_points": 91, "visibility_pct": 37.362637362637365 }, "geometry": { "type": "Point", "coordinates": [ -2.529080694290037, 53.259427805006133 ] } },
{ "type": "Feature", "properties": { "visible_points": 0, "total_points": 79, "visibility_pct": 0.0 }, "geometry": { "type": "Point", "coordinates": [ -2.528872988766845, 53.259428727809997 ] } },
{ "type": "Feature", "properties": { "visible_points": 0, "total_points": 87, "visibility_pct": 0.0 }, "geometry": { "type": "Point", "coordinates": [ -2.532716883052019, 53.259519458629192 ] } },
{ "type": "Feature", "properties": { "visible_points": 2, "total_points": 97, "visibility_pct": 2.0618556701030926 }, "geometry": { "type": "Point", "coordinates": [ -2.532509177198131, 53.259520387768227 ] } },
{ "type": "Feature", "properties": { "visible_points": 52, "total_points": 106, "visibility_pct": 49.056603773584904 }, "geometry": { "type": "Point", "coordinates": [ -2.532301471332534, 53.259521316545381 ] } },
{ "type": "Feature", "properties": { "visible_points": 67, "total_points": 114, "visibility_pct": 58.771929824561411 }, "geometry": { "type": "Point", "coordinates": [ -2.532093765455234, 53.259522244960685 ] } },
{ "type": "Feature", "properties": { "visible_points": 76, "total_points": 120, "visibility_pct": 63.333333333333329 }, "geometry": { "type": "Point", "coordinates": [ -2.531886059566243, 53.259523173014152 ] } },
{ "type": "Feature", "properties": { "visible_points": 80, "total_points": 120, "visibility_pct": 66.666666666666657 }, "geometry": { "type": "Point", "coordinates": [ -2.531678353665559, 53.259524100705747 ] } },
{ "type": "Feature", "properties": { "visible_points": 89, "total_points": 120, "visibility_pct": 74.166666666666671 }, "geometry": { "type": "Point", "coordinates": [ -2.531470647753188, 53.259525028035483 ] } },
{ "type": "Feature", "properties": { "visible_points": 94, "total_points": 120, "visibility_pct": 78.333333333333329 }, "geometry": { "type": "Point", "coordinates": [ -2.53126294182914, 53.259525955003348 ] } },
{ "type": "Feature", "properties": { "visible_points": 97, "total_points": 120, "visibility_pct": 80.833333333333329 }, "geometry": { "type": "Point", "coordinates": [ -2.531055235893403, 53.259526881609361 ] } },
{ "type": "Feature", "properties": { "visible_points": 95, "total_points": 120, "visibility_pct": 79.166666666666657 }, "geometry": { "type": "Point", "coordinates": [ -2.530847529946004, 53.259527807853502 ] } },
{ "type": "Feature", "properties": { "visible_points": 89, "total_points": 120, "visibility_pct": 74.166666666666671 }, "geometry": { "type": "Point", "coordinates": [ -2.530639823986932, 53.25952873373582 ] } },
{ "type": "Feature", "properties": { "visible_points": 82, "total_points": 120, "visibility_pct": 68.333333333333329 }, "geometry": { "type": "Point", "coordinates": [ -2.530432118016199, 53.259529659256252 ] } },
{ "type": "Feature", "properties": { "visible_points": 73, "total_points": 120, "visibility_pct": 60.833333333333329 }, "geometry": { "type": "Point", "coordinates": [ -2.530224412033807, 53.259530584414819 ] } },
{ "type": "Feature", "properties": { "visible_points": 61, "total_points": 120, "visibility_pct": 50.833333333333329 }, "geometry": { "type": "Point", "coordinates": [ -2.530016706039758, 53.259531509211534 ] } },
{ "type": "Feature", "properties": { "visible_points": 57, "total_points": 120, "visibility_pct": 47.5 }, "geometry": { "type": "Point", "coordinates": [ -2.529809000034063, 53.259532433646406 ] } },
{ "type": "Feature", "properties": { "visible_points": 46, "total_points": 114, "visibility_pct": 40.350877192982452 }, "geometry": { "type": "Point", "coordinates": [ -2.529601294016719, 53.259533357719405 ] } },
{ "type": "Feature", "properties": { "visible_points": 42, "total_points": 105, "visibility_pct": 40.0 }, "geometry": { "type": "Point", "coordinates": [ -2.529393587987737, 53.259534281430533 ] } },
{ "type": "Feature", "properties": { "visible_points": 38, "total_points": 94, "visibility_pct": 40.425531914893611 }, "geometry": { "type": "Point", "coordinates": [ -2.529185881947118, 53.259535204779823 ] } },
{ "type": "Feature", "properties": { "visible_points": 0, "total_points": 82, "visibility_pct": 0.0 }, "geometry": { "type": "Point", "coordinates": [ -2.528978175894868, 53.259536127767255 ] } },
{ "type": "Feature", "properties": { "visible_points": 0, "total_points": 86, "visibility_pct": 0.0 }, "geometry": { "type": "Point", "coordinates": [ -2.53261437386052, 53.259627784509966 ] } },
{ "type": "Feature", "properties": { "visible_points": 0, "total_points": 96, "visibility_pct": 0.0 }, "geometry": { "type": "Point", "coordinates": [ -2.532406667465902, 53.259628713470711 ] } },
{ "type": "Feature", "properties": { "visible_points": 46, "total_points": 105, "visibility_pct": 43.80952380952381 }, "geometry": { "type": "Point", "coordinates": [ -2.532198961059583, 53.259629642069584 ] } },
{ "type": "Feature", "properties": { "visible_points": 60, "total_points": 113, "visibility_pct": 53.097345132743371 }, "geometry": { "type": "Point", "coordinates": [ -2.531991254641562, 53.259630570306605 ] } },
{ "type": "Feature", "properties": { "visible_points": 70, "total_points": 119, "visibility_pct": 58.82352941176471 }, "geometry": { "type": "Point", "coordinates": [ -2.531783548211848, 53.259631498181754 ] } },
{ "type": "Feature", "properties": { "visible_points": 79, "total_points": 120, "visibility_pct": 65.833333333333329 }, "geometry": { "type": "Point", "coordinates": [ -2.531575841770447, 53.259632425695045 ] } },
{ "type": "Feature", "properties": { "visible_points": 88, "total_points": 120, "visibility_pct": 73.333333333333329 }, "geometry": { "type": "Point", "coordinates": [ -2.53136813531736, 53.259633352846485 ] } },
{ "type": "Feature", "properties": { "visible_points": 87, "total_points": 120, "visibility_pct": 72.5 }, "geometry": { "type": "Point", "coordinates": [ -2.531160428852596, 53.259634279636053 ] } },
{ "type": "Feature", "properties": { "visible_points": 86, "total_points": 120, "visibility_pct": 71.666666666666671 }, "geometry": { "type": "Point", "coordinates": [ -2.530952722376153, 53.25963520606377 ] } },
{ "type": "Feature", "properties": { "visible_points": 83, "total_points": 120, "visibility_pct": 69.166666666666671 }, "geometry": { "type": "Point", "coordinates": [ -2.530745015888042, 53.259636132129629 ] } },
{ "type": "Feature", "properties": { "visible_points": 79, "total_points": 120, "visibility_pct": 65.833333333333329 }, "geometry": { "type": "Point", "coordinates": [ -2.530537309388267, 53.259637057833615 ] } },
{ "type": "Feature", "properties": { "visible_points": 76, "total_points": 120, "visibility_pct": 63.333333333333329 }, "geometry": { "type": "Point", "coordinates": [ -2.530329602876824, 53.259637983175736 ] } },
{ "type": "Feature", "properties": { "visible_points": 66, "total_points": 120, "visibility_pct": 55.000000000000007 }, "geometry": { "type": "Point", "coordinates": [ -2.530121896353733, 53.259638908156013 ] } },
{ "type": "Feature", "properties": { "visible_points": 63, "total_points": 120, "visibility_pct": 52.5 }, "geometry": { "type": "Point", "coordinates": [ -2.529914189818981, 53.259639832774418 ] } },
{ "type": "Feature", "properties": { "visible_points": 53, "total_points": 116, "visibility_pct": 45.689655172413794 }, "geometry": { "type": "Point", "coordinates": [ -2.529706483272588, 53.259640757030965 ] } },
{ "type": "Feature", "properties": { "visible_points": 41, "total_points": 108, "visibility_pct": 37.962962962962962 }, "geometry": { "type": "Point", "coordinates": [ -2.529498776714552, 53.259641680925647 ] } },
{ "type": "Feature", "properties": { "visible_points": 31, "total_points": 97, "visibility_pct": 31.958762886597935 }, "geometry": { "type": "Point", "coordinates": [ -2.529291070144877, 53.259642604458477 ] } },
{ "type": "Feature", "properties": { "visible_points": 0, "total_points": 85, "visibility_pct": 0.0 }, "geometry": { "type": "Point", "coordinates": [ -2.529083363563565, 53.259643527629443 ] } },
{ "type": "Feature", "properties": { "visible_points": 0, "total_points": 85, "visibility_pct": 0.0 }, "geometry": { "type": "Point", "coordinates": [ -2.532511864139982, 53.259736110300956 ] } },
{ "type": "Feature", "properties": { "visible_points": 0, "total_points": 95, "visibility_pct": 0.0 }, "geometry": { "type": "Point", "coordinates": [ -2.532304157204631, 53.259737039083404 ] } },
{ "type": "Feature", "properties": { "visible_points": 49, "total_points": 104, "visibility_pct": 47.115384615384613 }, "geometry": { "type": "Point", "coordinates": [ -2.532096450257584, 53.259737967503987 ] } },
{ "type": "Feature", "properties": { "visible_points": 56, "total_points": 112, "visibility_pct": 50.0 }, "geometry": { "type": "Point", "coordinates": [ -2.531888743298839, 53.259738895562698 ] } },
{ "type": "Feature", "properties": { "visible_points": 70, "total_points": 118, "visibility_pct": 59.322033898305079 }, "geometry": { "type": "Point", "coordinates": [ -2.531681036328404, 53.259739823259551 ] } },
{ "type": "Feature", "properties": { "visible_points": 77, "total_points": 120, "visibility_pct": 64.166666666666671 }, "geometry": { "type": "Point", "coordinates": [ -2.531473329346281, 53.259740750594545 ] } },
{ "type": "Feature", "properties": { "visible_points": 80, "total_points": 120, "visibility_pct": 66.666666666666657 }, "geometry": { "type": "Point", "coordinates": [ -2.53126562235248, 53.259741677567689 ] } },
{ "type": "Feature", "properties": { "visible_points": 84, "total_points": 120, "visibility_pct": 70.0 }, "geometry": { "type": "Point", "coordinates": [ -2.531057915346997, 53.259742604178967 ] } },
{ "type": "Feature", "properties": { "visible_points": 80, "total_points": 120, "visibility_pct": 66.666666666666657 }, "geometry": { "type": "Point", "coordinates": [ -2.530850208329843, 53.259743530428366 ] } },
{ "type": "Feature", "properties": { "visible_points": 77, "total_points": 120, "visibility_pct": 64.166666666666671 }, "geometry": { "type": "Point", "coordinates": [ -2.530642501301019, 53.259744456315907 ] } },
{ "type": "Feature", "properties": { "visible_points": 66, "total_points": 120, "visibility_pct": 55.000000000000007 }, "geometry": { "type": "Point", "coordinates": [ -2.53043479426053, 53.259745381841604 ] } },
{ "type": "Feature", "properties": { "visible_points": 64, "total_points": 120, "visibility_pct": 53.333333333333336 }, "geometry": { "type": "Point", "coordinates": [ -2.530227087208389, 53.259746307005429 ] } },
{ "type": "Feature", "properties": { "visible_points": 67, "total_points": 120, "visibility_pct": 55.833333333333336 }, "geometry": { "type": "Point", "coordinates": [ -2.530019380144585, 53.259747231807381 ] } },
{ "type": "Feature", "properties": { "visible_points": 48, "total_points": 118, "visibility_pct": 40.677966101694921 }, "geometry": { "type": "Point", "coordinates": [ -2.529811673069137, 53.259748156247475 ] } },
{ "type": "Feature", "properties": { "visible_points": 37, "total_points": 110, "visibility_pct": 33.636363636363633 }, "geometry": { "type": "Point", "coordinates": [ -2.52960396598204, 53.259749080325733 ] } },
{ "type": "Feature", "properties": { "visible_points": 32, "total_points": 101, "visibility_pct": 31.683168316831683 }, "geometry": { "type": "Point", "coordinates": [ -2.529396258883304, 53.259750004042075 ] } },
{ "type": "Feature", "properties": { "visible_points": 0, "total_points": 89, "visibility_pct": 0.0 }, "geometry": { "type": "Point", "coordinates": [ -2.529188551772936, 53.259750927396595 ] } },
{ "type": "Feature", "properties": { "visible_points": 0, "total_points": 84, "visibility_pct": 0.0 }, "geometry": { "type": "Point", "coordinates": [ -2.532409353890396, 53.25984443600214 ] } },
{ "type": "Feature", "properties": { "visible_points": 0, "total_points": 94, "visibility_pct": 0.0 }, "geometry": { "type": "Point", "coordinates": [ -2.532201646414314, 53.259845364606292 ] } },
{ "type": "Feature", "properties": { "visible_points": 47, "total_points": 103, "visibility_pct": 45.631067961165051 }, "geometry": { "type": "Point", "coordinates": [ -2.531993938926541, 53.259846292848579 ] } },
{ "type": "Feature", "properties": { "visible_points": 60, "total_points": 111, "visibility_pct": 54.054054054054056 }, "geometry": { "type": "Point", "coordinates": [ -2.531786231427064, 53.259847220729 ] } },
{ "type": "Feature", "properties": { "visible_points": 69, "total_points": 117, "visibility_pct": 58.974358974358978 }, "geometry": { "type": "Point", "coordinates": [ -2.531578523915909, 53.259848148247563 ] } },
{ "type": "Feature", "properties": { "visible_points": 73, "total_points": 120, "visibility_pct": 60.833333333333329 }, "geometry": { "type": "Point", "coordinates": [ -2.531370816393062, 53.259849075404247 ] } },
{ "type": "Feature", "properties": { "visible_points": 76, "total_points": 120, "visibility_pct": 63.333333333333329 }, "geometry": { "type": "Point", "coordinates": [ -2.531163108858538, 53.259850002199087 ] } },
{ "type": "Feature", "properties": { "visible_points": 81, "total_points": 120, "visibility_pct": 67.5 }, "geometry": { "type": "Point", "coordinates": [ -2.530955401312339, 53.259850928632048 ] } },
{ "type": "Feature", "properties": { "visible_points": 74, "total_points": 120, "visibility_pct": 61.666666666666671 }, "geometry": { "type": "Point", "coordinates": [ -2.530747693754467, 53.259851854703157 ] } },
{ "type": "Feature", "properties": { "visible_points": 71, "total_points": 120, "visibility_pct": 59.166666666666664 }, "geometry": { "type": "Point", "coordinates": [ -2.53053998618493, 53.259852780412402 ] } },
{ "type": "Feature", "properties": { "visible_points": 62, "total_points": 120, "visibility_pct": 51.666666666666671 }, "geometry": { "type": "Point", "coordinates": [ -2.53033227860373, 53.259853705759774 ] } },
{ "type": "Feature", "properties": { "visible_points": 61, "total_points": 120, "visibility_pct": 50.833333333333329 }, "geometry": { "type": "Point", "coordinates": [ -2.530124571010882, 53.259854630745288 ] } },
{ "type": "Feature", "properties": { "visible_points": 51, "total_points": 119, "visibility_pct": 42.857142857142854 }, "geometry": { "type": "Point", "coordinates": [ -2.52991686340637, 53.259855555368937 ] } },
{ "type": "Feature", "properties": { "visible_points": 42, "total_points": 113, "visibility_pct": 37.168141592920357 }, "geometry": { "type": "Point", "coordinates": [ -2.529709155790214, 53.25985647963072 ] } },
{ "type": "Feature", "properties": { "visible_points": 34, "total_points": 104, "visibility_pct": 32.692307692307693 }, "geometry": { "type": "Point", "coordinates": [ -2.529501448162419, 53.259857403530646 ] } },
{ "type": "Feature", "properties": { "visible_points": 10, "total_points": 93, "visibility_pct": 10.75268817204301 }, "geometry": { "type": "Point", "coordinates": [ -2.529293740522979, 53.259858327068699 ] } },
{ "type": "Feature", "properties": { "visible_points": 0, "total_points": 81, "visibility_pct": 0.0 }, "geometry": { "type": "Point", "coordinates": [ -2.529086032871911, 53.259859250244901 ] } },
{ "type": "Feature", "properties": { "visible_points": 1, "total_points": 83, "visibility_pct": 1.2048192771084338 }, "geometry": { "type": "Point", "coordinates": [ -2.532306843111761, 53.259952761613555 ] } },
{ "type": "Feature", "properties": { "visible_points": 0, "total_points": 93, "visibility_pct": 0.0 }, "geometry": { "type": "Point", "coordinates": [ -2.532099135094948, 53.259953690039389 ] } },
{ "type": "Feature", "properties": { "visible_points": 40, "total_points": 102, "visibility_pct": 39.215686274509807 }, "geometry": { "type": "Point", "coordinates": [ -2.531891427066439, 53.259954618103386 ] } },
{ "type": "Feature", "properties": { "visible_points": 55, "total_points": 110, "visibility_pct": 50.0 }, "geometry": { "type": "Point", "coordinates": [ -2.531683719026237, 53.259955545805504 ] } },
{ "type": "Feature", "properties": { "visible_points": 61, "total_points": 116, "visibility_pct": 52.586206896551722 }, "geometry": { "type": "Point", "coordinates": [ -2.531476010974349, 53.25995647314577 ] } },
{ "type": "Feature", "properties": { "visible_points": 67, "total_points": 120, "visibility_pct": 55.833333333333336 }, "geometry": { "type": "Point", "coordinates": [ -2.531268302910779, 53.259957400124151 ] } },
{ "type": "Feature", "properties": { "visible_points": 69, "total_points": 120, "visibility_pct": 57.5 }, "geometry": { "type": "Point", "coordinates": [ -2.531060594835534, 53.259958326740673 ] } },
{ "type": "Feature", "properties": { "visible_points": 69, "total_points": 120, "visibility_pct": 57.5 }, "geometry": { "type": "Point", "coordinates": [ -2.530852886748614, 53.259959252995337 ] } },
{ "type": "Feature", "properties": { "visible_points": 68, "total_points": 120, "visibility_pct": 56.666666666666664 }, "geometry": { "type": "Point", "coordinates": [ -2.530645178650024, 53.259960178888129 ] } },
{ "type": "Feature", "properties": { "visible_points": 64, "total_points": 120, "visibility_pct": 53.333333333333336 }, "geometry": { "type": "Point", "coordinates": [ -2.530437470539771, 53.259961104419069 ] } },
{ "type": "Feature", "properties": { "visible_points": 55, "total_points": 120, "visibility_pct": 45.833333333333329 }, "geometry": { "type": "Point", "coordinates": [ -2.530229762417861, 53.259962029588131 ] } },
{ "type": "Feature", "properties": { "visible_points": 51, "total_points": 120, "visibility_pct": 42.5 }, "geometry": { "type": "Point", "coordinates": [ -2.53002205428429, 53.259962954395334 ] } },
{ "type": "Feature", "properties": { "visible_points": 42, "total_points": 115, "visibility_pct": 36.521739130434781 }, "geometry": { "type": "Point", "coordinates": [ -2.529814346139073, 53.259963878840679 ] } },
{ "type": "Feature", "properties": { "visible_points": 32, "total_points": 107, "visibility_pct": 29.906542056074763 }, "geometry": { "type": "Point", "coordinates": [ -2.529606637982218, 53.259964802924152 ] } },
{ "type": "Feature", "properties": { "visible_points": 29, "total_points": 96, "visibility_pct": 30.208333333333332 }, "geometry": { "type": "Point", "coordinates": [ -2.52939892981371, 53.259965726645753 ] } },
{ "type": "Feature", "properties": { "visible_points": 0, "total_points": 84, "visibility_pct": 0.0 }, "geometry": { "type": "Point", "coordinates": [ -2.529191221633571, 53.259966650005502 ] } },
{ "type": "Feature", "properties": { "visible_points": 0, "total_points": 82, "visibility_pct": 0.0 }, "geometry": { "type": "Point", "coordinates": [ -2.532204331804073, 53.260061087135135 ] } },
{ "type": "Feature", "properties": { "visible_points": 0, "total_points": 92, "visibility_pct": 0.0 }, "geometry": { "type": "Point", "coordinates": [ -2.531996623246523, 53.260062015382701 ] } },
{ "type": "Feature", "properties": { "visible_points": 0, "total_points": 101, "visibility_pct": 0.0 }, "geometry": { "type": "Point", "coordinates": [ -2.53178891467728, 53.260062943268387 ] } },
{ "type": "Feature", "properties": { "visible_points": 50, "total_points": 109, "visibility_pct": 45.871559633027523 }, "geometry": { "type": "Point", "coordinates": [ -2.531581206096346, 53.260063870792202 ] } },
{ "type": "Feature", "properties": { "visible_points": 53, "total_points": 115, "visibility_pct": 46.086956521739133 }, "geometry": { "type": "Point", "coordinates": [ -2.531373497503733, 53.260064797954151 ] } },
{ "type": "Feature", "properties": { "visible_points": 63, "total_points": 120, "visibility_pct": 52.5 }, "geometry": { "type": "Point", "coordinates": [ -2.531165788899433, 53.260065724754242 ] } },
{ "type": "Feature", "properties": { "visible_points": 65, "total_points": 120, "visibility_pct": 54.166666666666664 }, "geometry": { "type": "Point", "coordinates": [ -2.530958080283465, 53.260066651192467 ] } },
{ "type": "Feature", "properties": { "visible_points": 66, "total_points": 120, "visibility_pct": 55.000000000000007 }, "geometry": { "type": "Point", "coordinates": [ -2.530750371655816, 53.260067577268813 ] } },
{ "type": "Feature", "properties": { "visible_points": 59, "total_points": 120, "visibility_pct": 49.166666666666664 }, "geometry": { "type": "Point", "coordinates": [ -2.530542663016508, 53.260068502983309 ] } },
{ "type": "Feature", "properties": { "visible_points": 48, "total_points": 120, "visibility_pct": 40.0 }, "geometry": { "type": "Point", "coordinates": [ -2.530334954365538, 53.260069428335925 ] } },
{ "type": "Feature", "properties": { "visible_points": 48, "total_points": 120, "visibility_pct": 40.0 }, "geometry": { "type": "Point", "coordinates": [ -2.53012724570291, 53.260070353326697 ] } },
{ "type": "Feature", "properties": { "visible_points": 43, "total_points": 117, "visibility_pct": 36.752136752136757 }, "geometry": { "type": "Point", "coordinates": [ -2.529919537028628, 53.260071277955589 ] } },
{ "type": "Feature", "properties": { "visible_points": 34, "total_points": 109, "visibility_pct": 31.192660550458719 }, "geometry": { "type": "Point", "coordinates": [ -2.529711828342699, 53.260072202222602 ] } },
{ "type": "Feature", "properties": { "visible_points": 27, "total_points": 99, "visibility_pct": 27.27272727272727 }, "geometry": { "type": "Point", "coordinates": [ -2.529504119645129, 53.260073126127772 ] } },
{ "type": "Feature", "properties": { "visible_points": 0, "total_points": 87, "visibility_pct": 0.0 }, "geometry": { "type": "Point", "coordinates": [ -2.529296410935917, 53.260074049671054 ] } },
{ "type": "Feature", "properties": { "visible_points": 0, "total_points": 81, "visibility_pct": 0.0 }, "geometry": { "type": "Point", "coordinates": [ -2.532101819967327, 53.260169412566938 ] } },
{ "type": "Feature", "properties": { "visible_points": 0, "total_points": 91, "visibility_pct": 0.0 }, "geometry": { "type": "Point", "coordinates": [ -2.531894110869037, 53.260170340636193 ] } },
{ "type": "Feature", "properties": { "visible_points": 0, "total_points": 100, "visibility_pct": 0.0 }, "geometry": { "type": "Point", "coordinates": [ -2.53168640175906, 53.260171268343591 ] } },
{ "type": "Feature", "properties": { "visible_points": 47, "total_points": 107, "visibility_pct": 43.925233644859816 }, "geometry": { "type": "Point", "coordinates": [ -2.531478692637392, 53.260172195689108 ] } },
{ "type": "Feature", "properties": { "visible_points": 51, "total_points": 113, "visibility_pct": 45.132743362831853 }, "geometry": { "type": "Point", "coordinates": [ -2.531270983504045, 53.260173122672747 ] } },
{ "type": "Feature", "properties": { "visible_points": 57, "total_points": 117, "visibility_pct": 48.717948717948715 }, "geometry": { "type": "Point", "coordinates": [ -2.531063274359017, 53.260174049294534 ] } },
{ "type": "Feature", "properties": { "visible_points": 57, "total_points": 116, "visibility_pct": 49.137931034482754 }, "geometry": { "type": "Point", "coordinates": [ -2.530855565202316, 53.260174975554449 ] } },
{ "type": "Feature", "properties": { "visible_points": 55, "total_points": 115, "visibility_pct": 47.826086956521742 }, "geometry": { "type": "Point", "coordinates": [ -2.530647856033949, 53.260175901452506 ] } },
{ "type": "Feature", "properties": { "visible_points": 51, "total_points": 115, "visibility_pct": 44.347826086956523 }, "geometry": { "type": "Point", "coordinates": [ -2.530440146853916, 53.260176826988683 ] } },
{ "type": "Feature", "properties": { "visible_points": 48, "total_points": 116, "visibility_pct": 41.379310344827587 }, "geometry": { "type": "Point", "coordinates": [ -2.530232437662223, 53.260177752162996 ] } },
{ "type": "Feature", "properties": { "visible_points": 41, "total_points": 116, "visibility_pct": 35.344827586206897 }, "geometry": { "type": "Point", "coordinates": [ -2.530024728458875, 53.260178676975443 ] } },
{ "type": "Feature", "properties": { "visible_points": 40, "total_points": 109, "visibility_pct": 36.697247706422019 }, "geometry": { "type": "Point", "coordinates": [ -2.529817019243879, 53.260179601426003 ] } },
{ "type": "Feature", "properties": { "visible_points": 29, "total_points": 100, "visibility_pct": 28.999999999999996 }, "geometry": { "type": "Point", "coordinates": [ -2.529609310017236, 53.26018052551472 ] } },
{ "type": "Feature", "properties": { "visible_points": 0, "total_points": 90, "visibility_pct": 0.0 }, "geometry": { "type": "Point", "coordinates": [ -2.529401600778952, 53.260181449241564 ] } },
{ "type": "Feature", "properties": { "visible_points": 0, "total_points": 79, "visibility_pct": 0.0 }, "geometry": { "type": "Point", "coordinates": [ -2.531999307601517, 53.26027773790895 ] } },
{ "type": "Feature", "properties": { "visible_points": 0, "total_points": 87, "visibility_pct": 0.0 }, "geometry": { "type": "Point", "coordinates": [ -2.531791597962486, 53.260278665799902 ] } },
{ "type": "Feature", "properties": { "visible_points": 0, "total_points": 94, "visibility_pct": 0.0 }, "geometry": { "type": "Point", "coordinates": [ -2.531583888311772, 53.260279593328974 ] } },
{ "type": "Feature", "properties": { "visible_points": 41, "total_points": 100, "visibility_pct": 41.0 }, "geometry": { "type": "Point", "coordinates": [ -2.531376178649365, 53.260280520496195 ] } },
{ "type": "Feature", "properties": { "visible_points": 50, "total_points": 106, "visibility_pct": 47.169811320754718 }, "geometry": { "type": "Point", "coordinates": [ -2.531168468975289, 53.260281447301544 ] } },
{ "type": "Feature", "properties": { "visible_points": 50, "total_points": 110, "visibility_pct": 45.454545454545453 }, "geometry": { "type": "Point", "coordinates": [ -2.530960759289524, 53.260282373745021 ] } },
{ "type": "Feature", "properties": { "visible_points": 52, "total_points": 109, "visibility_pct": 47.706422018348626 }, "geometry": { "type": "Point", "coordinates": [ -2.530753049592096, 53.260283299826625 ] } },
{ "type": "Feature", "properties": { "visible_points": 46, "total_points": 109, "visibility_pct": 42.201834862385326 }, "geometry": { "type": "Point", "coordinates": [ -2.530545339883002, 53.260284225546371 ] } },
{ "type": "Feature", "properties": { "visible_points": 45, "total_points": 109, "visibility_pct": 41.284403669724774 }, "geometry": { "type": "Point", "coordinates": [ -2.530337630162241, 53.260285150904238 ] } },
{ "type": "Feature", "properties": { "visible_points": 42, "total_points": 110, "visibility_pct": 38.181818181818187 }, "geometry": { "type": "Point", "coordinates": [ -2.530129920429824, 53.26028607590024 ] } },
{ "type": "Feature", "properties": { "visible_points": 39, "total_points": 104, "visibility_pct": 37.5 }, "geometry": { "type": "Point", "coordinates": [ -2.529922210685759, 53.260287000534369 ] } },
{ "type": "Feature", "properties": { "visible_points": 33, "total_points": 96, "visibility_pct": 34.375 }, "geometry": { "type": "Point", "coordinates": [ -2.529714500930043, 53.260287924806633 ] } },
{ "type": "Feature", "properties": { "visible_points": 19, "total_points": 87, "visibility_pct": 21.839080459770116 }, "geometry": { "type": "Point", "coordinates": [ -2.529506791162683, 53.260288848717018 ] } },
{ "type": "Feature", "properties": { "visible_points": 0, "total_points": 77, "visibility_pct": 0.0 }, "geometry": { "type": "Point", "coordinates": [ -2.529299081383681, 53.260289772265537 ] } },
{ "type": "Feature", "properties": { "visible_points": 0, "total_points": 81, "visibility_pct": 0.0 }, "geometry": { "type": "Point", "coordinates": [ -2.531689084526869, 53.260386990873798 ] } },
{ "type": "Feature", "properties": { "visible_points": 22, "total_points": 87, "visibility_pct": 25.287356321839084 }, "geometry": { "type": "Point", "coordinates": [ -2.531481374335412, 53.260387918224581 ] } },
{ "type": "Feature", "properties": { "visible_points": 33, "total_points": 93, "visibility_pct": 35.483870967741936 }, "geometry": { "type": "Point", "coordinates": [ -2.531273664132267, 53.260388845213484 ] } },
{ "type": "Feature", "properties": { "visible_points": 39, "total_points": 98, "visibility_pct": 39.795918367346935 }, "geometry": { "type": "Point", "coordinates": [ -2.531065953917449, 53.260389771840515 ] } },
{ "type": "Feature", "properties": { "visible_points": 40, "total_points": 101, "visibility_pct": 39.603960396039604 }, "geometry": { "type": "Point", "coordinates": [ -2.530858243690953, 53.260390698105695 ] } },
{ "type": "Feature", "properties": { "visible_points": 42, "total_points": 101, "visibility_pct": 41.584158415841586 }, "geometry": { "type": "Point", "coordinates": [ -2.530650533452796, 53.260391624008996 ] } },
{ "type": "Feature", "properties": { "visible_points": 40, "total_points": 101, "visibility_pct": 39.603960396039604 }, "geometry": { "type": "Point", "coordinates": [ -2.530442823202965, 53.260392549550417 ] } },
{ "type": "Feature", "properties": { "visible_points": 36, "total_points": 101, "visibility_pct": 35.64356435643564 }, "geometry": { "type": "Point", "coordinates": [ -2.53023511294148, 53.26039347472998 ] } },
{ "type": "Feature", "properties": { "visible_points": 35, "total_points": 97, "visibility_pct": 36.082474226804123 }, "geometry": { "type": "Point", "coordinates": [ -2.530027402668336, 53.260394399547657 ] } },
{ "type": "Feature", "properties": { "visible_points": 30, "total_points": 91, "visibility_pct": 32.967032967032964 }, "geometry": { "type": "Point", "coordinates": [ -2.529819692383548, 53.260395324003476 ] } },
{ "type": "Feature", "properties": { "visible_points": 21, "total_points": 83, "visibility_pct": 25.301204819277107 }, "geometry": { "type": "Point", "coordinates": [ -2.529611982087109, 53.260396248097415 ] } },
{ "type": "Feature", "properties": { "visible_points": 0, "total_points": 74, "visibility_pct": 0.0 }, "geometry": { "type": "Point", "coordinates": [ -2.529404271779031, 53.260397171829496 ] } },
{ "type": "Feature", "properties": { "visible_points": 1, "total_points": 74, "visibility_pct": 1.3513513513513513 }, "geometry": { "type": "Point", "coordinates": [ -2.531586570562176, 53.260495315857881 ] } },
{ "type": "Feature", "properties": { "visible_points": 0, "total_points": 80, "visibility_pct": 0.0 }, "geometry": { "type": "Point", "coordinates": [ -2.531378859829971, 53.260496243030374 ] } },
{ "type": "Feature", "properties": { "visible_points": 0, "total_points": 85, "visibility_pct": 0.0 }, "geometry": { "type": "Point", "coordinates": [ -2.531171149086092, 53.260497169840967 ] } },
{ "type": "Feature", "properties": { "visible_points": 26, "total_points": 89, "visibility_pct": 29.213483146067414 }, "geometry": { "type": "Point", "coordinates": [ -2.53096343833053, 53.260498096289687 ] } },
{ "type": "Feature", "properties": { "visible_points": 0, "total_points": 92, "visibility_pct": 0.0 }, "geometry": { "type": "Point", "coordinates": [ -2.530755727563301, 53.260499022376557 ] } },
{ "type": "Feature", "properties": { "visible_points": 0, "total_points": 92, "visibility_pct": 0.0 }, "geometry": { "type": "Point", "coordinates": [ -2.530548016784402, 53.260499948101547 ] } },
{ "type": "Feature", "properties": { "visible_points": 0, "total_points": 92, "visibility_pct": 0.0 }, "geometry": { "type": "Point", "coordinates": [ -2.530340305993845, 53.260500873464657 ] } },
{ "type": "Feature", "properties": { "visible_points": 20, "total_points": 89, "visibility_pct": 22.471910112359549 }, "geometry": { "type": "Point", "coordinates": [ -2.53013259519163, 53.26050179846591 ] } },
{ "type": "Feature", "properties": { "visible_points": 25, "total_points": 84, "visibility_pct": 29.761904761904763 }, "geometry": { "type": "Point", "coordinates": [ -2.52992488437776, 53.260502723105276 ] } },
{ "type": "Feature", "properties": { "visible_points": 18, "total_points": 78, "visibility_pct": 23.076923076923077 }, "geometry": { "type": "Point", "coordinates": [ -2.529717173552241, 53.260503647382777 ] } },
{ "type": "Feature", "properties": { "visible_points": 0, "total_points": 70, "visibility_pct": 0.0 }, "geometry": { "type": "Point", "coordinates": [ -2.529509462715082, 53.260504571298398 ] } },
{ "type": "Feature", "properties": { "visible_points": 1, "total_points": 67, "visibility_pct": 1.4925373134328357 }, "geometry": { "type": "Point", "coordinates": [ -2.531484056068403, 53.260603640752166 ] } },
{ "type": "Feature", "properties": { "visible_points": 0, "total_points": 72, "visibility_pct": 0.0 }, "geometry": { "type": "Point", "coordinates": [ -2.531276344795453, 53.260604567746341 ] } },
{ "type": "Feature", "properties": { "visible_points": 10, "total_points": 76, "visibility_pct": 13.157894736842104 }, "geometry": { "type": "Point", "coordinates": [ -2.530030076912682, 53.260610122112013 ] } },
{ "type": "Feature", "properties": { "visible_points": 0, "total_points": 71, "visibility_pct": 0.0 }, "geometry": { "type": "Point", "coordinates": [ -2.529822365558078, 53.260611046573068 ] } },
{ "type": "Feature", "properties": { "visible_points": 0, "total_points": 65, "visibility_pct": 0.0 }, "geometry": { "type": "Point", "coordinates": [ -2.529614654191839, 53.260611970672251 ] } },
{ "type": "Feature", "properties": { "visible_points": 0, "total_points": 58, "visibility_pct": 0.0 }, "geometry": { "type": "Point", "coordinates": [ -2.529406942813948, 53.260612894409576 ] } }
]
}
