{
"type": "FeatureCollection",
"name": "b3d59b19532f_foliage",
"crs": { "type": "name", "properties": { "name": "urn:ogc:def:crs:OGC:1.3:CRS84" } },
"features": [
{ "type": "Feature", "properties": { "max_height": 5.4537506103515625, "mean_height": 2.1021456718444824, "std_height": 1.6644930839538574, "count_pixels": 42, "percent_cover": 0.14992503748125938, "percent_above_0.1m": 80.952380952380949, "low_level_<0.5": 2.3809523809523809, "mid_level_0.5-2": 30.952380952380953, "tall_2+": 47.619047619047613 }, "geometry": { "type": "Point", "coordinates": [ -2.264800896485829, 53.791818294372327 ] } },
{ "type": "Feature", "properties": { "max_height": 5.8170166015625, "mean_height": 0.8229174017906189, "std_height": 1.675808310508728, "count_pixels": 42, "percent_cover": 0.14992503748125938, "percent_above_0.1m": 50.0, "low_level_<0.5": 19.047619047619047, "mid_level_0.5-2": 16.666666666666664, "tall_2+": 11.904761904761903 }, "geometry": { "type": "Point", "coordinates": [ -2.264590566380429, 53.791818758930582 ] } },
{ "type": "Feature", "properties": { "max_height": 3.4117431640625, "mean_height": 0.88718485832214355, "std_height": 1.0933401584625244, "count_pixels": 42, "percent_cover": 0.14992503748125938, "percent_above_0.1m": 64.285714285714292, "low_level_<0.5": 19.047619047619047, "mid_level_0.5-2": 19.047619047619047, "tall_2+": 21.428571428571427 }, "geometry": { "type": "Point", "coordinates": [ -2.264906744741361, 53.791925916481212 ] } },
{ "type": "Feature", "properties": { "max_height": 6.6720123291015625, "mean_height": 2.0853166580200195, "std_height": 2.0485415458679199, "count_pixels": 38, "percent_cover": 0.13564646248304418, "percent_above_0.1m": 76.31578947368422, "low_level_<0.5": 7.8947368421052628, "mid_level_0.5-2": 31.578947368421051, "tall_2+": 36.84210526315789 }, "geometry": { "type": "Point", "coordinates": [ -2.264696414102982, 53.791926381227178 ] } },
{ "type": "Feature", "properties": { "max_height": 3.5420074462890625, "mean_height": 0.65884000062942505, "std_height": 0.89265060424804688, "count_pixels": 42, "percent_cover": 0.14992503748125938, "percent_above_0.1m": 64.285714285714292, "low_level_<0.5": 26.190476190476193, "mid_level_0.5-2": 23.809523809523807, "tall_2+": 11.904761904761903 }, "geometry": { "type": "Point", "coordinates": [ -2.264486083458747, 53.791926845604209 ] } },
{ "type": "Feature", "properties": { "max_height": 5.920745849609375, "mean_height": 0.61514866352081299, "std_height": 1.5073971748352051, "count_pixels": 42, "percent_cover": 0.14992503748125938, "percent_above_0.1m": 26.190476190476193, "low_level_<0.5": 7.1428571428571423, "mid_level_0.5-2": 4.7619047619047619, "tall_2+": 11.904761904761903 }, "geometry": { "type": "Point", "coordinates": [ -2.265222924289967, 53.79203307310727 ] } },
{ "type": "Feature", "properties": { "max_height": 8.0235137939453125, "mean_height": 3.8784248828887939, "std_height": 2.5362398624420166, "count_pixels": 42, "percent_cover": 0.14992503748125938, "percent_above_0.1m": 85.714285714285708, "low_level_<0.5": 7.1428571428571423, "mid_level_0.5-2": 7.1428571428571423, "tall_2+": 71.428571428571431 }, "geometry": { "type": "Point", "coordinates": [ -2.265012593118263, 53.792033538409179 ] } },
{ "type": "Feature", "properties": { "max_height": 0.0142669677734375, "mean_height": -0.0010481334757059813, "std_height": 0.0058786990121006966, "count_pixels": 42, "percent_cover": 0.14992503748125938, "percent_above_0.1m": 0.0, "low_level_<0.5": 0.0, "mid_level_0.5-2": 0.0, "tall_2+": 0.0 }, "geometry": { "type": "Point", "coordinates": [ -2.264802261940659, 53.792034003342138 ] } },
{ "type": "Feature", "properties": { "max_height": 3.8112640380859375, "mean_height": 0.66370135545730591, "std_height": 1.1816431283950806, "count_pixels": 42, "percent_cover": 0.14992503748125938, "percent_above_0.1m": 38.095238095238095, "low_level_<0.5": 9.5238095238095237, "mid_level_0.5-2": 4.7619047619047619, "tall_2+": 19.047619047619047 }, "geometry": { "type": "Point", "coordinates": [ -2.26459193075715, 53.792034467906191 ] } },
{ "type": "Feature", "properties": { "max_height": 3.0850067138671875, "mean_height": 0.19767506420612335, "std_height": 0.49488431215286255, "count_pixels": 42, "percent_cover": 0.14992503748125938, "percent_above_0.1m": 33.333333333333329, "low_level_<0.5": 16.666666666666664, "mid_level_0.5-2": 9.5238095238095237, "tall_2+": 2.3809523809523809 }, "geometry": { "type": "Point", "coordinates": [ -2.264381599567755, 53.792034932101316 ] } },
{ "type": "Feature", "properties": { "max_height": 1.3870086669921875, "mean_height": 0.13060252368450165, "std_height": 0.26484060287475586, "count_pixels": 42, "percent_cover": 0.14992503748125938, "percent_above_0.1m": 28.571428571428569, "low_level_<0.5": 11.904761904761903, "mid_level_0.5-2": 7.1428571428571423, "tall_2+": 0.0 }, "geometry": { "type": "Point", "coordinates": [ -2.265328773730063, 53.792140694733341 ] } },
{ "type": "Feature", "properties": { "max_height": 0.8782501220703125, "mean_height": 0.030249247327446938, "std_height": 0.13773524761199951, "count_pixels": 41, "percent_cover": 0.14635539373170559, "percent_above_0.1m": 4.8780487804878048, "low_level_<0.5": 2.4390243902439024, "mid_level_0.5-2": 2.4390243902439024, "tall_2+": 0.0 }, "geometry": { "type": "Point", "coordinates": [ -2.265118442020309, 53.792141160222492 ] } },
{ "type": "Feature", "properties": { "max_height": 0.008514404296875, "mean_height": -0.0014575776876881719, "std_height": 0.0061132628470659256, "count_pixels": 42, "percent_cover": 0.14992503748125938, "percent_above_0.1m": 0.0, "low_level_<0.5": 0.0, "mid_level_0.5-2": 0.0, "tall_2+": 0.0 }, "geometry": { "type": "Point", "coordinates": [ -2.264908110304634, 53.792141625342694 ] } },
{ "type": "Feature", "properties": { "max_height": 0.0260009765625, "mean_height": 0.0019089548150077462, "std_height": 0.0066582309082150459, "count_pixels": 38, "percent_cover": 0.13564646248304418, "percent_above_0.1m": 0.0, "low_level_<0.5": 0.0, "mid_level_0.5-2": 0.0, "tall_2+": 0.0 }, "geometry": { "type": "Point", "coordinates": [ -2.264697778583073, 53.792142090093975 ] } },
{ "type": "Feature", "properties": { "max_height": 0.0175018310546875, "mean_height": 0.0016079857014119625, "std_height": 0.0073582329787313938, "count_pixels": 42, "percent_cover": 0.14992503748125938, "percent_above_0.1m": 0.0, "low_level_<0.5": 0.0, "mid_level_0.5-2": 0.0, "tall_2+": 0.0 }, "geometry": { "type": "Point", "coordinates": [ -2.264487446855605, 53.792142554476335 ] } },
{ "type": "Feature", "properties": { "max_height": 0.100250244140625, "mean_height": 0.0083223665133118629, "std_height": 0.023323401808738708, "count_pixels": 41, "percent_cover": 0.14635539373170559, "percent_above_0.1m": 2.4390243902439024, "low_level_<0.5": 0.0, "mid_level_0.5-2": 0.0, "tall_2+": 0.0 }, "geometry": { "type": "Point", "coordinates": [ -2.264277115122253, 53.792143018489774 ] } },
{ "type": "Feature", "properties": { "max_height": 7.5147552490234375, "mean_height": 2.4869828224182129, "std_height": 2.2099776268005371, "count_pixels": 42, "percent_cover": 0.14992503748125938, "percent_above_0.1m": 80.952380952380949, "low_level_<0.5": 11.904761904761903, "mid_level_0.5-2": 9.5238095238095237, "tall_2+": 57.142857142857139 }, "geometry": { "type": "Point", "coordinates": [ -2.265434623714109, 53.792248316262459 ] } },
{ "type": "Feature", "properties": { "max_height": 0.0770111083984375, "mean_height": 0.00392877496778965, "std_height": 0.013787193223834038, "count_pixels": 42, "percent_cover": 0.14992503748125938, "percent_above_0.1m": 0.0, "low_level_<0.5": 0.0, "mid_level_0.5-2": 0.0, "tall_2+": 0.0 }, "geometry": { "type": "Point", "coordinates": [ -2.265224291466296, 53.792248781938852 ] } },
{ "type": "Feature", "properties": { "max_height": 0.01300048828125, "mean_height": -0.00267828069627285, "std_height": 0.0069600059650838375, "count_pixels": 42, "percent_cover": 0.14992503748125938, "percent_above_0.1m": 0.0, "low_level_<0.5": 0.0, "mid_level_0.5-2": 0.0, "tall_2+": 0.0 }, "geometry": { "type": "Point", "coordinates": [ -2.26501395921256, 53.792249247246296 ] } },
{ "type": "Feature", "properties": { "max_height": 0.014495849609375, "mean_height": -0.00042106991168111563, "std_height": 0.0059213233180344105, "count_pixels": 42, "percent_cover": 0.14992503748125938, "percent_above_0.1m": 0.0, "low_level_<0.5": 0.0, "mid_level_0.5-2": 0.0, "tall_2+": 0.0 }, "geometry": { "type": "Point", "coordinates": [ -2.264803626952935, 53.792249712184812 ] } },
{ "type": "Feature", "properties": { "max_height": 3.043243408203125, "mean_height": 0.53509557247161865, "std_height": 0.89556193351745605, "count_pixels": 42, "percent_cover": 0.14992503748125938, "percent_above_0.1m": 35.714285714285715, "low_level_<0.5": 2.3809523809523809, "mid_level_0.5-2": 19.047619047619047, "tall_2+": 14.285714285714285 }, "geometry": { "type": "Point", "coordinates": [ -2.264593294687402, 53.792250176754408 ] } },
{ "type": "Feature", "properties": { "max_height": 5.980255126953125, "mean_height": 0.7335655689239502, "std_height": 1.3534162044525146, "count_pixels": 42, "percent_cover": 0.14992503748125938, "percent_above_0.1m": 30.952380952380953, "low_level_<0.5": 4.7619047619047619, "mid_level_0.5-2": 9.5238095238095237, "tall_2+": 16.666666666666664 }, "geometry": { "type": "Point", "coordinates": [ -2.264382962415975, 53.792250640955075 ] } },
{ "type": "Feature", "properties": { "max_height": 0.35076904296875, "mean_height": 0.02633013017475605, "std_height": 0.063723884522914886, "count_pixels": 42, "percent_cover": 0.14992503748125938, "percent_above_0.1m": 7.1428571428571423, "low_level_<0.5": 4.7619047619047619, "mid_level_0.5-2": 0.0, "tall_2+": 0.0 }, "geometry": { "type": "Point", "coordinates": [ -2.264172630138661, 53.792251104786814 ] } },
{ "type": "Feature", "properties": { "max_height": 12.591522216796875, "mean_height": 4.0885429382324219, "std_height": 2.8899021148681641, "count_pixels": 42, "percent_cover": 0.14992503748125938, "percent_above_0.1m": 92.857142857142861, "low_level_<0.5": 2.3809523809523809, "mid_level_0.5-2": 14.285714285714285, "tall_2+": 76.19047619047619 }, "geometry": { "type": "Point", "coordinates": [ -2.265540474242114, 53.792355937694609 ] } },
{ "type": "Feature", "properties": { "max_height": 8.045013427734375, "mean_height": 0.81915503740310669, "std_height": 1.8042303323745728, "count_pixels": 42, "percent_cover": 0.14992503748125938, "percent_above_0.1m": 26.190476190476193, "low_level_<0.5": 4.7619047619047619, "mid_level_0.5-2": 4.7619047619047619, "tall_2+": 16.666666666666664 }, "geometry": { "type": "Point", "coordinates": [ -2.265330141456234, 53.79235640355823 ] } },
{ "type": "Feature", "properties": { "max_height": 3.099517822265625, "mean_height": 0.080988071858882904, "std_height": 0.47772535681724548, "count_pixels": 41, "percent_cover": 0.14635539373170559, "percent_above_0.1m": 4.8780487804878048, "low_level_<0.5": 0.0, "mid_level_0.5-2": 0.0, "tall_2+": 2.4390243902439024 }, "geometry": { "type": "Point", "coordinates": [ -2.26511980866444, 53.792356869052917 ] } },
{ "type": "Feature", "properties": { "max_height": 0.0312652587890625, "mean_height": 0.00097111292416229844, "std_height": 0.0086147766560316086, "count_pixels": 42, "percent_cover": 0.14992503748125938, "percent_above_0.1m": 0.0, "low_level_<0.5": 0.0, "mid_level_0.5-2": 0.0, "tall_2+": 0.0 }, "geometry": { "type": "Point", "coordinates": [ -2.264909475866742, 53.792357334178689 ] } },
{ "type": "Feature", "properties": { "max_height": 4.8192596435546875, "mean_height": 0.61309051513671875, "std_height": 1.2122559547424316, "count_pixels": 38, "percent_cover": 0.13564646248304418, "percent_above_0.1m": 34.210526315789473, "low_level_<0.5": 5.2631578947368416, "mid_level_0.5-2": 15.789473684210526, "tall_2+": 13.157894736842104 }, "geometry": { "type": "Point", "coordinates": [ -2.264699143063144, 53.792357798935519 ] } },
{ "type": "Feature", "properties": { "max_height": 8.3820037841796875, "mean_height": 1.1520905494689941, "std_height": 1.8473511934280396, "count_pixels": 42, "percent_cover": 0.14992503748125938, "percent_above_0.1m": 57.142857142857139, "low_level_<0.5": 9.5238095238095237, "mid_level_0.5-2": 28.571428571428569, "tall_2+": 16.666666666666664 }, "geometry": { "type": "Point", "coordinates": [ -2.264488810253646, 53.792358263323422 ] } },
{ "type": "Feature", "properties": { "max_height": 9.03076171875, "mean_height": 1.6756535768508911, "std_height": 2.3685338497161865, "count_pixels": 41, "percent_cover": 0.14635539373170559, "percent_above_0.1m": 51.219512195121951, "low_level_<0.5": 0.0, "mid_level_0.5-2": 17.073170731707318, "tall_2+": 34.146341463414636 }, "geometry": { "type": "Point", "coordinates": [ -2.264278477438258, 53.792358727342396 ] } },
{ "type": "Feature", "properties": { "max_height": 0.0205078125, "mean_height": 0.00072115944931283593, "std_height": 0.0067472602240741253, "count_pixels": 42, "percent_cover": 0.14992503748125938, "percent_above_0.1m": 0.0, "low_level_<0.5": 0.0, "mid_level_0.5-2": 0.0, "tall_2+": 0.0 }, "geometry": { "type": "Point", "coordinates": [ -2.264068144616978, 53.792359190992443 ] } },
{ "type": "Feature", "properties": { "max_height": 9.71551513671875, "mean_height": 1.3648804426193237, "std_height": 2.2710387706756592, "count_pixels": 41, "percent_cover": 0.14635539373170559, "percent_above_0.1m": 53.658536585365859, "low_level_<0.5": 14.634146341463413, "mid_level_0.5-2": 14.634146341463413, "tall_2+": 24.390243902439025 }, "geometry": { "type": "Point", "coordinates": [ -2.265856658632101, 53.792463092609992 ] } },
{ "type": "Feature", "properties": { "max_height": 13.16351318359375, "mean_height": 7.4266214370727539, "std_height": 2.7567386627197266, "count_pixels": 42, "percent_cover": 0.14992503748125938, "percent_above_0.1m": 100.0, "low_level_<0.5": 2.3809523809523809, "mid_level_0.5-2": 2.3809523809523809, "tall_2+": 95.238095238095227 }, "geometry": { "type": "Point", "coordinates": [ -2.265646325314074, 53.792463559029791 ] } },
{ "type": "Feature", "properties": { "max_height": 5.0782470703125, "mean_height": 0.66910696029663086, "std_height": 1.2656097412109375, "count_pixels": 42, "percent_cover": 0.14992503748125938, "percent_above_0.1m": 33.333333333333329, "low_level_<0.5": 7.1428571428571423, "mid_level_0.5-2": 9.5238095238095237, "tall_2+": 16.666666666666664 }, "geometry": { "type": "Point", "coordinates": [ -2.26543599199013, 53.792464025080669 ] } },
{ "type": "Feature", "properties": { "max_height": 10.72625732421875, "mean_height": 3.3478219509124756, "std_height": 2.7092924118041992, "count_pixels": 42, "percent_cover": 0.14992503748125938, "percent_above_0.1m": 85.714285714285708, "low_level_<0.5": 4.7619047619047619, "mid_level_0.5-2": 11.904761904761903, "tall_2+": 66.666666666666657 }, "geometry": { "type": "Point", "coordinates": [ -2.265225658660271, 53.792464490762583 ] } },
{ "type": "Feature", "properties": { "max_height": 10.151260375976562, "mean_height": 1.4682493209838867, "std_height": 2.2133693695068359, "count_pixels": 42, "percent_cover": 0.14992503748125938, "percent_above_0.1m": 52.380952380952387, "low_level_<0.5": 2.3809523809523809, "mid_level_0.5-2": 9.5238095238095237, "tall_2+": 35.714285714285715 }, "geometry": { "type": "Point", "coordinates": [ -2.265015325324507, 53.792464956075598 ] } },
{ "type": "Feature", "properties": { "max_height": 2.3300018310546875, "mean_height": 0.079168409109115601, "std_height": 0.35997584462165833, "count_pixels": 42, "percent_cover": 0.14992503748125938, "percent_above_0.1m": 9.5238095238095237, "low_level_<0.5": 7.1428571428571423, "mid_level_0.5-2": 0.0, "tall_2+": 2.3809523809523809 }, "geometry": { "type": "Point", "coordinates": [ -2.264804991982833, 53.792465421019664 ] } },
{ "type": "Feature", "properties": { "max_height": 7.9145050048828125, "mean_height": 1.7406976222991943, "std_height": 2.2998166084289551, "count_pixels": 42, "percent_cover": 0.14992503748125938, "percent_above_0.1m": 57.142857142857139, "low_level_<0.5": 2.3809523809523809, "mid_level_0.5-2": 16.666666666666664, "tall_2+": 33.333333333333329 }, "geometry": { "type": "Point", "coordinates": [ -2.264594658635262, 53.792465885594808 ] } },
{ "type": "Feature", "properties": { "max_height": 6.685272216796875, "mean_height": 0.85593122243881226, "std_height": 1.9224249124526978, "count_pixels": 42, "percent_cover": 0.14992503748125938, "percent_above_0.1m": 26.190476190476193, "low_level_<0.5": 4.7619047619047619, "mid_level_0.5-2": 7.1428571428571423, "tall_2+": 14.285714285714285 }, "geometry": { "type": "Point", "coordinates": [ -2.264384325281797, 53.792466349801018 ] } },
{ "type": "Feature", "properties": { "max_height": 0.0205078125, "mean_height": 0.0023705619387328625, "std_height": 0.0054339305497705936, "count_pixels": 42, "percent_cover": 0.14992503748125938, "percent_above_0.1m": 0.0, "low_level_<0.5": 0.0, "mid_level_0.5-2": 0.0, "tall_2+": 0.0 }, "geometry": { "type": "Point", "coordinates": [ -2.26417399192244, 53.792466813638306 ] } },
{ "type": "Feature", "properties": { "max_height": 0.0152587890625, "mean_height": 0.00058601016644388437, "std_height": 0.0050458288751542568, "count_pixels": 42, "percent_cover": 0.14992503748125938, "percent_above_0.1m": 0.0, "low_level_<0.5": 0.0, "mid_level_0.5-2": 0.0, "tall_2+": 0.0 }, "geometry": { "type": "Point", "coordinates": [ -2.263963658557206, 53.792467277106645 ] } },
{ "type": "Feature", "properties": { "max_height": 0.0382537841796875, "mean_height": 0.0038969458546489477, "std_height": 0.010515791364014149, "count_pixels": 41, "percent_cover": 0.14635539373170559, "percent_above_0.1m": 0.0, "low_level_<0.5": 0.0, "mid_level_0.5-2": 0.0, "tall_2+": 0.0 }, "geometry": { "type": "Point", "coordinates": [ -2.26375332518608, 53.792467740206057 ] } },
{ "type": "Feature", "properties": { "max_height": 8.6775054931640625, "mean_height": 1.7853633165359497, "std_height": 2.3782589435577393, "count_pixels": 42, "percent_cover": 0.14992503748125938, "percent_above_0.1m": 69.047619047619051, "low_level_<0.5": 7.1428571428571423, "mid_level_0.5-2": 30.952380952380953, "tall_2+": 28.571428571428569 }, "geometry": { "type": "Point", "coordinates": [ -2.265962510786089, 53.79257071366095 ] } },
{ "type": "Feature", "properties": { "max_height": 13.315765380859375, "mean_height": 5.9856314659118652, "std_height": 3.2523255348205566, "count_pixels": 42, "percent_cover": 0.14992503748125938, "percent_above_0.1m": 95.238095238095227, "low_level_<0.5": 4.7619047619047619, "mid_level_0.5-2": 4.7619047619047619, "tall_2+": 85.714285714285708 }, "geometry": { "type": "Point", "coordinates": [ -2.265752176930002, 53.792571180267998 ] } },
{ "type": "Feature", "properties": { "max_height": 6.3905029296875, "mean_height": 1.012542724609375, "std_height": 1.4453866481781006, "count_pixels": 42, "percent_cover": 0.14992503748125938, "percent_above_0.1m": 59.523809523809526, "low_level_<0.5": 11.904761904761903, "mid_level_0.5-2": 33.333333333333329, "tall_2+": 14.285714285714285 }, "geometry": { "type": "Point", "coordinates": [ -2.265541843067989, 53.792571646506104 ] } },
{ "type": "Feature", "properties": { "max_height": 1.6094970703125, "mean_height": 0.070002235472202301, "std_height": 0.25246810913085938, "count_pixels": 42, "percent_cover": 0.14992503748125938, "percent_above_0.1m": 11.904761904761903, "low_level_<0.5": 7.1428571428571423, "mid_level_0.5-2": 2.3809523809523809, "tall_2+": 0.0 }, "geometry": { "type": "Point", "coordinates": [ -2.265331509200061, 53.792572112375289 ] } },
{ "type": "Feature", "properties": { "max_height": 6.4215087890625, "mean_height": 0.43698084354400635, "std_height": 1.1329548358917236, "count_pixels": 41, "percent_cover": 0.14635539373170559, "percent_above_0.1m": 26.829268292682929, "low_level_<0.5": 7.3170731707317067, "mid_level_0.5-2": 9.7560975609756095, "tall_2+": 9.7560975609756095 }, "geometry": { "type": "Point", "coordinates": [ -2.265121175326224, 53.792572577875532 ] } },
{ "type": "Feature", "properties": { "max_height": 1.76348876953125, "mean_height": 0.26222118735313416, "std_height": 0.42316102981567383, "count_pixels": 42, "percent_cover": 0.14992503748125938, "percent_above_0.1m": 47.619047619047613, "low_level_<0.5": 28.571428571428569, "mid_level_0.5-2": 14.285714285714285, "tall_2+": 0.0 }, "geometry": { "type": "Point", "coordinates": [ -2.264910841446478, 53.79257304300684 ] } },
{ "type": "Feature", "properties": { "max_height": 3.3845062255859375, "mean_height": 0.10111276805400848, "std_height": 0.54011005163192749, "count_pixels": 38, "percent_cover": 0.13564646248304418, "percent_above_0.1m": 2.6315789473684208, "low_level_<0.5": 0.0, "mid_level_0.5-2": 0.0, "tall_2+": 2.6315789473684208 }, "geometry": { "type": "Point", "coordinates": [ -2.264700507560831, 53.792573507769227 ] } },
{ "type": "Feature", "properties": { "max_height": 4.489013671875, "mean_height": 0.1081673726439476, "std_height": 0.68419444561004639, "count_pixels": 42, "percent_cover": 0.14992503748125938, "percent_above_0.1m": 2.3809523809523809, "low_level_<0.5": 0.0, "mid_level_0.5-2": 0.0, "tall_2+": 2.3809523809523809 }, "geometry": { "type": "Point", "coordinates": [ -2.26449017366929, 53.792573972162678 ] } },
{ "type": "Feature", "properties": { "max_height": 0.0360107421875, "mean_height": 0.0041816523298621178, "std_height": 0.010476409457623959, "count_pixels": 41, "percent_cover": 0.14635539373170559, "percent_above_0.1m": 0.0, "low_level_<0.5": 0.0, "mid_level_0.5-2": 0.0, "tall_2+": 0.0 }, "geometry": { "type": "Point", "coordinates": [ -2.264279839771855, 53.792574436187195 ] } },
{ "type": "Feature", "properties": { "max_height": 0.019012451171875, "mean_height": -0.00013115291949361563, "std_height": 0.0065878010354936123, "count_pixels": 42, "percent_cover": 0.14992503748125938, "percent_above_0.1m": 0.0, "low_level_<0.5": 0.0, "mid_level_0.5-2": 0.0, "tall_2+": 0.0 }, "geometry": { "type": "Point", "coordinates": [ -2.26406950586853, 53.792574899842769 ] } },
{ "type": "Feature", "properties": { "max_height": 0.019256591796875, "mean_height": -0.00036802745307795703, "std_height": 0.0067188302055001259, "count_pixels": 42, "percent_cover": 0.14992503748125938, "percent_above_0.1m": 0.0, "low_level_<0.5": 0.0, "mid_level_0.5-2": 0.0, "tall_2+": 0.0 }, "geometry": { "type": "Point", "coordinates": [ -2.263859171959324, 53.79257536312943 ] } },
{ "type": "Feature", "properties": { "max_height": 0.6320037841796875, "mean_height": 0.027845473960042, "std_height": 0.10400901734828949, "count_pixels": 42, "percent_cover": 0.14992503748125938, "percent_above_0.1m": 7.1428571428571423, "low_level_<0.5": 2.3809523809523809, "mid_level_0.5-2": 2.3809523809523809, "tall_2+": 0.0 }, "geometry": { "type": "Point", "coordinates": [ -2.263648838044239, 53.792575826047148 ] } },
{ "type": "Feature", "properties": { "max_height": 2.0380096435546875, "mean_height": 0.1364644318819046, "std_height": 0.37261265516281128, "count_pixels": 42, "percent_cover": 0.14992503748125938, "percent_above_0.1m": 21.428571428571427, "low_level_<0.5": 9.5238095238095237, "mid_level_0.5-2": 7.1428571428571423, "tall_2+": 2.3809523809523809 }, "geometry": { "type": "Point", "coordinates": [ -2.266068363484055, 53.792678334614948 ] } },
{ "type": "Feature", "properties": { "max_height": 7.3517608642578125, "mean_height": 2.5253608226776123, "std_height": 2.0967965126037598, "count_pixels": 41, "percent_cover": 0.14635539373170559, "percent_above_0.1m": 80.487804878048792, "low_level_<0.5": 9.7560975609756095, "mid_level_0.5-2": 14.634146341463413, "tall_2+": 56.09756097560976 }, "geometry": { "type": "Point", "coordinates": [ -2.265858029089893, 53.792678801409231 ] } },
{ "type": "Feature", "properties": { "max_height": 6.8582611083984375, "mean_height": 0.9681738018989563, "std_height": 1.4536466598510742, "count_pixels": 42, "percent_cover": 0.14992503748125938, "percent_above_0.1m": 52.380952380952387, "low_level_<0.5": 9.5238095238095237, "mid_level_0.5-2": 28.571428571428569, "tall_2+": 14.285714285714285 }, "geometry": { "type": "Point", "coordinates": [ -2.265647694689815, 53.792679267834593 ] } },
{ "type": "Feature", "properties": { "max_height": 7.4992523193359375, "mean_height": 1.6445291042327881, "std_height": 2.1234607696533203, "count_pixels": 42, "percent_cover": 0.14992503748125938, "percent_above_0.1m": 54.761904761904766, "low_level_<0.5": 4.7619047619047619, "mid_level_0.5-2": 16.666666666666664, "tall_2+": 33.333333333333329 }, "geometry": { "type": "Point", "coordinates": [ -2.265437360283816, 53.792679733891006 ] } },
{ "type": "Feature", "properties": { "max_height": 12.006759643554688, "mean_height": 1.4867393970489502, "std_height": 2.6093058586120605, "count_pixels": 42, "percent_cover": 0.14992503748125938, "percent_above_0.1m": 47.619047619047613, "low_level_<0.5": 7.1428571428571423, "mid_level_0.5-2": 14.285714285714285, "tall_2+": 26.190476190476193 }, "geometry": { "type": "Point", "coordinates": [ -2.265227025871905, 53.792680199578491 ] } },
{ "type": "Feature", "properties": { "max_height": 13.408004760742188, "mean_height": 3.3274540901184082, "std_height": 3.2846872806549072, "count_pixels": 42, "percent_cover": 0.14992503748125938, "percent_above_0.1m": 78.571428571428569, "low_level_<0.5": 7.1428571428571423, "mid_level_0.5-2": 16.666666666666664, "tall_2+": 54.761904761904766 }, "geometry": { "type": "Point", "coordinates": [ -2.265016691454082, 53.792680664897063 ] } },
{ "type": "Feature", "properties": { "max_height": 1.09576416015625, "mean_height": 0.05741046741604805, "std_height": 0.18859633803367615, "count_pixels": 42, "percent_cover": 0.14992503748125938, "percent_above_0.1m": 9.5238095238095237, "low_level_<0.5": 4.7619047619047619, "mid_level_0.5-2": 4.7619047619047619, "tall_2+": 0.0 }, "geometry": { "type": "Point", "coordinates": [ -2.26480635703036, 53.792681129846684 ] } },
{ "type": "Feature", "properties": { "max_height": 0.873504638671875, "mean_height": 0.045965284109115601, "std_height": 0.15603159368038177, "count_pixels": 42, "percent_cover": 0.14992503748125938, "percent_above_0.1m": 9.5238095238095237, "low_level_<0.5": 7.1428571428571423, "mid_level_0.5-2": 2.3809523809523809, "tall_2+": 0.0 }, "geometry": { "type": "Point", "coordinates": [ -2.264596022600736, 53.792681594427386 ] } },
{ "type": "Feature", "properties": { "max_height": 0.03375244140625, "mean_height": 0.0061976113356649876, "std_height": 0.011624931357800961, "count_pixels": 42, "percent_cover": 0.14992503748125938, "percent_above_0.1m": 0.0, "low_level_<0.5": 0.0, "mid_level_0.5-2": 0.0, "tall_2+": 0.0 }, "geometry": { "type": "Point", "coordinates": [ -2.264385688165216, 53.792682058639123 ] } },
{ "type": "Feature", "properties": { "max_height": 0.019012451171875, "mean_height": 0.0021155220456421375, "std_height": 0.0060733146965503693, "count_pixels": 42, "percent_cover": 0.14992503748125938, "percent_above_0.1m": 0.0, "low_level_<0.5": 0.0, "mid_level_0.5-2": 0.0, "tall_2+": 0.0 }, "geometry": { "type": "Point", "coordinates": [ -2.264175353723808, 53.792682522481947 ] } },
{ "type": "Feature", "properties": { "max_height": 0.02276611328125, "mean_height": 0.0012279691873118281, "std_height": 0.0065003945492208004, "count_pixels": 42, "percent_cover": 0.14992503748125938, "percent_above_0.1m": 0.0, "low_level_<0.5": 0.0, "mid_level_0.5-2": 0.0, "tall_2+": 0.0 }, "geometry": { "type": "Point", "coordinates": [ -2.263965019276512, 53.792682985955842 ] } },
{ "type": "Feature", "properties": { "max_height": 0.0294952392578125, "mean_height": 0.0036766238044947386, "std_height": 0.0093186171725392342, "count_pixels": 41, "percent_cover": 0.14635539373170559, "percent_above_0.1m": 0.0, "low_level_<0.5": 0.0, "mid_level_0.5-2": 0.0, "tall_2+": 0.0 }, "geometry": { "type": "Point", "coordinates": [ -2.263754684823339, 53.792683449060782 ] } },
{ "type": "Feature", "properties": { "max_height": 0.581512451171875, "mean_height": 0.085143677890300751, "std_height": 0.15529853105545044, "count_pixels": 42, "percent_cover": 0.14992503748125938, "percent_above_0.1m": 26.190476190476193, "low_level_<0.5": 19.047619047619047, "mid_level_0.5-2": 4.7619047619047619, "tall_2+": 0.0 }, "geometry": { "type": "Point", "coordinates": [ -2.266174216725987, 53.792785955471949 ] } },
{ "type": "Feature", "properties": { "max_height": 5.1500091552734375, "mean_height": 2.1646320819854736, "std_height": 1.7781140804290771, "count_pixels": 42, "percent_cover": 0.14992503748125938, "percent_above_0.1m": 76.19047619047619, "low_level_<0.5": 9.5238095238095237, "mid_level_0.5-2": 11.904761904761903, "tall_2+": 54.761904761904766 }, "geometry": { "type": "Point", "coordinates": [ -2.265963881793764, 53.792786422453496 ] } },
{ "type": "Feature", "properties": { "max_height": 6.30975341796875, "mean_height": 2.8309650421142578, "std_height": 1.8531143665313721, "count_pixels": 42, "percent_cover": 0.14992503748125938, "percent_above_0.1m": 78.571428571428569, "low_level_<0.5": 2.3809523809523809, "mid_level_0.5-2": 7.1428571428571423, "tall_2+": 69.047619047619051 }, "geometry": { "type": "Point", "coordinates": [ -2.265753546855616, 53.792786889066114 ] } },
{ "type": "Feature", "properties": { "max_height": 7.4275054931640625, "mean_height": 1.2917615175247192, "std_height": 2.2889647483825684, "count_pixels": 42, "percent_cover": 0.14992503748125938, "percent_above_0.1m": 35.714285714285715, "low_level_<0.5": 7.1428571428571423, "mid_level_0.5-2": 4.7619047619047619, "tall_2+": 23.809523809523807 }, "geometry": { "type": "Point", "coordinates": [ -2.265543211911541, 53.792787355309777 ] } },
{ "type": "Feature", "properties": { "max_height": 7.5105133056640625, "mean_height": 2.4168381690979004, "std_height": 2.1409957408905029, "count_pixels": 42, "percent_cover": 0.14992503748125938, "percent_above_0.1m": 78.571428571428569, "low_level_<0.5": 2.3809523809523809, "mid_level_0.5-2": 28.571428571428569, "tall_2+": 47.619047619047613 }, "geometry": { "type": "Point", "coordinates": [ -2.265332876961548, 53.792787821184511 ] } },
{ "type": "Feature", "properties": { "max_height": 15.774490356445312, "mean_height": 5.1620388031005859, "std_height": 4.2576351165771484, "count_pixels": 41, "percent_cover": 0.14635539373170559, "percent_above_0.1m": 82.926829268292678, "low_level_<0.5": 2.4390243902439024, "mid_level_0.5-2": 9.7560975609756095, "tall_2+": 68.292682926829272 }, "geometry": { "type": "Point", "coordinates": [ -2.265122542005657, 53.79278828669031 ] } },
{ "type": "Feature", "properties": { "max_height": 7.11676025390625, "mean_height": 0.3956553041934967, "std_height": 1.4879695177078247, "count_pixels": 42, "percent_cover": 0.14992503748125938, "percent_above_0.1m": 14.285714285714285, "low_level_<0.5": 2.3809523809523809, "mid_level_0.5-2": 4.7619047619047619, "tall_2+": 4.7619047619047619 }, "geometry": { "type": "Point", "coordinates": [ -2.264912207043848, 53.792788751827167 ] } },
{ "type": "Feature", "properties": { "max_height": 0.1297454833984375, "mean_height": 0.01271820068359375, "std_height": 0.027068043127655983, "count_pixels": 38, "percent_cover": 0.13564646248304418, "percent_above_0.1m": 2.6315789473684208, "low_level_<0.5": 0.0, "mid_level_0.5-2": 0.0, "tall_2+": 0.0 }, "geometry": { "type": "Point", "coordinates": [ -2.264701872076142, 53.792789216595096 ] } },
{ "type": "Feature", "properties": { "max_height": 1.3677520751953125, "mean_height": 0.1037931889295578, "std_height": 0.30720239877700806, "count_pixels": 42, "percent_cover": 0.14992503748125938, "percent_above_0.1m": 11.904761904761903, "low_level_<0.5": 2.3809523809523809, "mid_level_0.5-2": 9.5238095238095237, "tall_2+": 0.0 }, "geometry": { "type": "Point", "coordinates": [ -2.264491537102538, 53.792789680994105 ] } },
{ "type": "Feature", "properties": { "max_height": 0.0327606201171875, "mean_height": 0.0021760521922260523, "std_height": 0.0081519307568669319, "count_pixels": 41, "percent_cover": 0.14635539373170559, "percent_above_0.1m": 0.0, "low_level_<0.5": 0.0, "mid_level_0.5-2": 0.0, "tall_2+": 0.0 }, "geometry": { "type": "Point", "coordinates": [ -2.264281202123042, 53.792790145024149 ] } },
{ "type": "Feature", "properties": { "max_height": 0.011505126953125, "mean_height": -0.0013558523496612906, "std_height": 0.0057620685547590256, "count_pixels": 42, "percent_cover": 0.14992503748125938, "percent_above_0.1m": 0.0, "low_level_<0.5": 0.0, "mid_level_0.5-2": 0.0, "tall_2+": 0.0 }, "geometry": { "type": "Point", "coordinates": [ -2.264070867137655, 53.792790608685287 ] } },
{ "type": "Feature", "properties": { "max_height": 0.0585174560546875, "mean_height": -0.00013514926831703633, "std_height": 0.014382809400558472, "count_pixels": 42, "percent_cover": 0.14992503748125938, "percent_above_0.1m": 0.0, "low_level_<0.5": 0.0, "mid_level_0.5-2": 0.0, "tall_2+": 0.0 }, "geometry": { "type": "Point", "coordinates": [ -2.263860532146388, 53.792791071977476 ] } },
{ "type": "Feature", "properties": { "max_height": 2.2022552490234375, "mean_height": 0.11525847017765045, "std_height": 0.36506766080856323, "count_pixels": 38, "percent_cover": 0.13564646248304418, "percent_above_0.1m": 18.421052631578945, "low_level_<0.5": 15.789473684210526, "mid_level_0.5-2": 0.0, "tall_2+": 2.6315789473684208 }, "geometry": { "type": "Point", "coordinates": [ -2.266280070511906, 53.79289357623199 ] } },
{ "type": "Feature", "properties": { "max_height": 1.305999755859375, "mean_height": 0.20138004422187805, "std_height": 0.40522521734237671, "count_pixels": 42, "percent_cover": 0.14992503748125938, "percent_above_0.1m": 26.190476190476193, "low_level_<0.5": 7.1428571428571423, "mid_level_0.5-2": 16.666666666666664, "tall_2+": 0.0 }, "geometry": { "type": "Point", "coordinates": [ -2.26606973504161, 53.792894043400786 ] } },
{ "type": "Feature", "properties": { "max_height": 5.85101318359375, "mean_height": 1.6904463768005371, "std_height": 1.7836685180664062, "count_pixels": 41, "percent_cover": 0.14635539373170559, "percent_above_0.1m": 60.975609756097562, "low_level_<0.5": 0.0, "mid_level_0.5-2": 21.951219512195124, "tall_2+": 39.024390243902438 }, "geometry": { "type": "Point", "coordinates": [ -2.265859399565384, 53.792894510200632 ] } },
{ "type": "Feature", "properties": { "max_height": 3.246246337890625, "mean_height": 0.20203472673892975, "std_height": 0.63941264152526855, "count_pixels": 42, "percent_cover": 0.14992503748125938, "percent_above_0.1m": 11.904761904761903, "low_level_<0.5": 2.3809523809523809, "mid_level_0.5-2": 4.7619047619047619, "tall_2+": 4.7619047619047619 }, "geometry": { "type": "Point", "coordinates": [ -2.26564906408324, 53.792894976631558 ] } },
{ "type": "Feature", "properties": { "max_height": 2.3520050048828125, "mean_height": 0.08926718682050705, "std_height": 0.37011814117431641, "count_pixels": 42, "percent_cover": 0.14992503748125938, "percent_above_0.1m": 9.5238095238095237, "low_level_<0.5": 0.0, "mid_level_0.5-2": 2.3809523809523809, "tall_2+": 2.3809523809523809 }, "geometry": { "type": "Point", "coordinates": [ -2.26543872859517, 53.792895442693542 ] } },
{ "type": "Feature", "properties": { "max_height": 3.2502593994140625, "mean_height": 0.38500794768333435, "std_height": 0.81084525585174561, "count_pixels": 42, "percent_cover": 0.14992503748125938, "percent_above_0.1m": 28.571428571428569, "low_level_<0.5": 4.7619047619047619, "mid_level_0.5-2": 14.285714285714285, "tall_2+": 7.1428571428571423 }, "geometry": { "type": "Point", "coordinates": [ -2.265228393101194, 53.792895908386583 ] } },
{ "type": "Feature", "properties": { "max_height": 0.0469970703125, "mean_height": 0.0036217826418578625, "std_height": 0.01193167082965374, "count_pixels": 42, "percent_cover": 0.14992503748125938, "percent_above_0.1m": 0.0, "low_level_<0.5": 0.0, "mid_level_0.5-2": 0.0, "tall_2+": 0.0 }, "geometry": { "type": "Point", "coordinates": [ -2.265018057601305, 53.792896373710697 ] } },
{ "type": "Feature", "properties": { "max_height": 1.10675048828125, "mean_height": 0.071350827813148499, "std_height": 0.20665910840034485, "count_pixels": 42, "percent_cover": 0.14992503748125938, "percent_above_0.1m": 14.285714285714285, "low_level_<0.5": 7.1428571428571423, "mid_level_0.5-2": 4.7619047619047619, "tall_2+": 0.0 }, "geometry": { "type": "Point", "coordinates": [ -2.264807722095511, 53.792896838665868 ] } },
{ "type": "Feature", "properties": { "max_height": 0.1787567138671875, "mean_height": 0.0155181884765625, "std_height": 0.038624145090579987, "count_pixels": 42, "percent_cover": 0.14992503748125938, "percent_above_0.1m": 7.1428571428571423, "low_level_<0.5": 2.3809523809523809, "mid_level_0.5-2": 0.0, "tall_2+": 0.0 }, "geometry": { "type": "Point", "coordinates": [ -2.264597386583819, 53.792897303252097 ] } },
{ "type": "Feature", "properties": { "max_height": 0.041259765625, "mean_height": 0.00820196233689785, "std_height": 0.010804454796016216, "count_pixels": 42, "percent_cover": 0.14992503748125938, "percent_above_0.1m": 0.0, "low_level_<0.5": 0.0, "mid_level_0.5-2": 0.0, "tall_2+": 0.0 }, "geometry": { "type": "Point", "coordinates": [ -2.264387051066232, 53.792897767469405 ] } },
{ "type": "Feature", "properties": { "max_height": 0.5587615966796875, "mean_height": 0.02622259221971035, "std_height": 0.089564420282840729, "count_pixels": 42, "percent_cover": 0.14992503748125938, "percent_above_0.1m": 9.5238095238095237, "low_level_<0.5": 0.0, "mid_level_0.5-2": 2.3809523809523809, "tall_2+": 0.0 }, "geometry": { "type": "Point", "coordinates": [ -2.26417671554276, 53.792898231317771 ] } },
{ "type": "Feature", "properties": { "max_height": 0.45550537109375, "mean_height": 0.070766627788543701, "std_height": 0.1300959587097168, "count_pixels": 42, "percent_cover": 0.14992503748125938, "percent_above_0.1m": 21.428571428571427, "low_level_<0.5": 19.047619047619047, "mid_level_0.5-2": 0.0, "tall_2+": 0.0 }, "geometry": { "type": "Point", "coordinates": [ -2.26396638001339, 53.792898694797195 ] } },
{ "type": "Feature", "properties": { "max_height": 8.6507568359375, "mean_height": 2.4146265983581543, "std_height": 2.1499259471893311, "count_pixels": 42, "percent_cover": 0.14992503748125938, "percent_above_0.1m": 71.428571428571431, "low_level_<0.5": 0.0, "mid_level_0.5-2": 11.904761904761903, "tall_2+": 57.142857142857139 }, "geometry": { "type": "Point", "coordinates": [ -2.266385924841808, 53.793001196895062 ] } },
{ "type": "Feature", "properties": { "max_height": 2.5257720947265625, "mean_height": 0.14180901646614075, "std_height": 0.49656310677528381, "count_pixels": 42, "percent_cover": 0.14992503748125938, "percent_above_0.1m": 9.5238095238095237, "low_level_<0.5": 2.3809523809523809, "mid_level_0.5-2": 4.7619047619047619, "tall_2+": 2.3809523809523809 }, "geometry": { "type": "Point", "coordinates": [ -2.266175588833439, 53.793001664251101 ] } },
{ "type": "Feature", "properties": { "max_height": 3.4050140380859375, "mean_height": 0.61625272035598755, "std_height": 0.88594144582748413, "count_pixels": 42, "percent_cover": 0.14992503748125938, "percent_above_0.1m": 50.0, "low_level_<0.5": 11.904761904761903, "mid_level_0.5-2": 28.571428571428569, "tall_2+": 9.5238095238095237 }, "geometry": { "type": "Point", "coordinates": [ -2.265965252819142, 53.793002131238218 ] } },
{ "type": "Feature", "properties": { "max_height": 10.706008911132812, "mean_height": 1.8198522329330444, "std_height": 2.3023734092712402, "count_pixels": 42, "percent_cover": 0.14992503748125938, "percent_above_0.1m": 64.285714285714292, "low_level_<0.5": 7.1428571428571423, "mid_level_0.5-2": 14.285714285714285, "tall_2+": 40.476190476190474 }, "geometry": { "type": "Point", "coordinates": [ -2.265754916798913, 53.793002597856386 ] } },
{ "type": "Feature", "properties": { "max_height": 9.1315155029296875, "mean_height": 1.8749604225158691, "std_height": 2.343346118927002, "count_pixels": 42, "percent_cover": 0.14992503748125938, "percent_above_0.1m": 61.904761904761905, "low_level_<0.5": 2.3809523809523809, "mid_level_0.5-2": 16.666666666666664, "tall_2+": 38.095238095238095 }, "geometry": { "type": "Point", "coordinates": [ -2.265544580772766, 53.793003064105612 ] } },
{ "type": "Feature", "properties": { "max_height": 4.4545135498046875, "mean_height": 0.22447240352630615, "std_height": 0.74758082628250122, "count_pixels": 42, "percent_cover": 0.14992503748125938, "percent_above_0.1m": 19.047619047619047, "low_level_<0.5": 4.7619047619047619, "mid_level_0.5-2": 7.1428571428571423, "tall_2+": 2.3809523809523809 }, "geometry": { "type": "Point", "coordinates": [ -2.265334244740707, 53.793003529985917 ] } },
{ "type": "Feature", "properties": { "max_height": 0.035003662109375, "mean_height": -0.00025604991242289543, "std_height": 0.0098448526114225388, "count_pixels": 41, "percent_cover": 0.14635539373170559, "percent_above_0.1m": 0.0, "low_level_<0.5": 0.0, "mid_level_0.5-2": 0.0, "tall_2+": 0.0 }, "geometry": { "type": "Point", "coordinates": [ -2.26512390870273, 53.793003995497273 ] } },
{ "type": "Feature", "properties": { "max_height": 1.406005859375, "mean_height": 0.0389404296875, "std_height": 0.21515548229217529, "count_pixels": 42, "percent_cover": 0.14992503748125938, "percent_above_0.1m": 4.7619047619047619, "low_level_<0.5": 2.3809523809523809, "mid_level_0.5-2": 2.3809523809523809, "tall_2+": 0.0 }, "geometry": { "type": "Point", "coordinates": [ -2.264913572658853, 53.793004460639672 ] } },
{ "type": "Feature", "properties": { "max_height": 0.3857574462890625, "mean_height": 0.027018899098038673, "std_height": 0.070941105484962463, "count_pixels": 38, "percent_cover": 0.13564646248304418, "percent_above_0.1m": 5.2631578947368416, "low_level_<0.5": 5.2631578947368416, "mid_level_0.5-2": 0.0, "tall_2+": 0.0 }, "geometry": { "type": "Point", "coordinates": [ -2.264703236609068, 53.79300492541315 ] } },
{ "type": "Feature", "properties": { "max_height": 0.0275115966796875, "mean_height": 0.0050898962654173374, "std_height": 0.0083058401942253113, "count_pixels": 42, "percent_cover": 0.14992503748125938, "percent_above_0.1m": 0.0, "low_level_<0.5": 0.0, "mid_level_0.5-2": 0.0, "tall_2+": 0.0 }, "geometry": { "type": "Point", "coordinates": [ -2.264492900553392, 53.793005389817694 ] } },
{ "type": "Feature", "properties": { "max_height": 0.78125, "mean_height": 0.085481598973274231, "std_height": 0.19623476266860962, "count_pixels": 41, "percent_cover": 0.14635539373170559, "percent_above_0.1m": 14.634146341463413, "low_level_<0.5": 0.0, "mid_level_0.5-2": 9.7560975609756095, "tall_2+": 0.0 }, "geometry": { "type": "Point", "coordinates": [ -2.264282564491819, 53.793005853853302 ] } },
{ "type": "Feature", "properties": { "max_height": 0.7705078125, "mean_height": 0.1199994757771492, "std_height": 0.22246628999710083, "count_pixels": 42, "percent_cover": 0.14992503748125938, "percent_above_0.1m": 21.428571428571427, "low_level_<0.5": 7.1428571428571423, "mid_level_0.5-2": 14.285714285714285, "tall_2+": 0.0 }, "geometry": { "type": "Point", "coordinates": [ -2.264072228424359, 53.793006317519961 ] } },
{ "type": "Feature", "properties": { "max_height": 9.4297637939453125, "mean_height": 1.9860382080078125, "std_height": 3.1571187973022461, "count_pixels": 41, "percent_cover": 0.14635539373170559, "percent_above_0.1m": 53.658536585365859, "low_level_<0.5": 9.7560975609756095, "mid_level_0.5-2": 14.634146341463413, "tall_2+": 26.829268292682929 }, "geometry": { "type": "Point", "coordinates": [ -2.26670211625621, 53.793108349548923 ] } },
{ "type": "Feature", "properties": { "max_height": 0.060760498046875, "mean_height": 0.0038307004142552614, "std_height": 0.017258796840906143, "count_pixels": 41, "percent_cover": 0.14635539373170559, "percent_above_0.1m": 0.0, "low_level_<0.5": 0.0, "mid_level_0.5-2": 0.0, "tall_2+": 0.0 }, "geometry": { "type": "Point", "coordinates": [ -2.2664917797157, 53.793108817461153 ] } },
{ "type": "Feature", "properties": { "max_height": 2.0902557373046875, "mean_height": 0.054512828588485718, "std_height": 0.33470246195793152, "count_pixels": 38, "percent_cover": 0.13564646248304418, "percent_above_0.1m": 2.6315789473684208, "low_level_<0.5": 0.0, "mid_level_0.5-2": 0.0, "tall_2+": 2.6315789473684208 }, "geometry": { "type": "Point", "coordinates": [ -2.266281443169258, 53.793109285004455 ] } },
{ "type": "Feature", "properties": { "max_height": 0.005523681640625, "mean_height": -0.0011298770550638437, "std_height": 0.0035797578748315573, "count_pixels": 42, "percent_cover": 0.14992503748125938, "percent_above_0.1m": 0.0, "low_level_<0.5": 0.0, "mid_level_0.5-2": 0.0, "tall_2+": 0.0 }, "geometry": { "type": "Point", "coordinates": [ -2.266071106616879, 53.793109752178815 ] } },
{ "type": "Feature", "properties": { "max_height": 7.60150146484375, "mean_height": 1.7544816732406616, "std_height": 1.9972269535064697, "count_pixels": 41, "percent_cover": 0.14635539373170559, "percent_above_0.1m": 68.292682926829272, "low_level_<0.5": 9.7560975609756095, "mid_level_0.5-2": 19.512195121951219, "tall_2+": 39.024390243902438 }, "geometry": { "type": "Point", "coordinates": [ -2.265860770058571, 53.793110218984232 ] } },
{ "type": "Feature", "properties": { "max_height": 11.479019165039062, "mean_height": 1.4066318273544312, "std_height": 2.4262962341308594, "count_pixels": 42, "percent_cover": 0.14992503748125938, "percent_above_0.1m": 47.619047619047613, "low_level_<0.5": 9.5238095238095237, "mid_level_0.5-2": 11.904761904761903, "tall_2+": 26.190476190476193 }, "geometry": { "type": "Point", "coordinates": [ -2.265650433494345, 53.793110685420707 ] } },
{ "type": "Feature", "properties": { "max_height": 11.183258056640625, "mean_height": 3.9734184741973877, "std_height": 3.2293450832366943, "count_pixels": 42, "percent_cover": 0.14992503748125938, "percent_above_0.1m": 85.714285714285708, "low_level_<0.5": 7.1428571428571423, "mid_level_0.5-2": 11.904761904761903, "tall_2+": 66.666666666666657 }, "geometry": { "type": "Point", "coordinates": [ -2.265440096924193, 53.793111151488255 ] } },
{ "type": "Feature", "properties": { "max_height": 0.022003173828125, "mean_height": 0.00024377732188440859, "std_height": 0.0061270445585250854, "count_pixels": 42, "percent_cover": 0.14992503748125938, "percent_above_0.1m": 0.0, "low_level_<0.5": 0.0, "mid_level_0.5-2": 0.0, "tall_2+": 0.0 }, "geometry": { "type": "Point", "coordinates": [ -2.265229760348139, 53.79311161718686 ] } },
{ "type": "Feature", "properties": { "max_height": 0.0137481689453125, "mean_height": -0.0014521280536428094, "std_height": 0.006378629244863987, "count_pixels": 42, "percent_cover": 0.14992503748125938, "percent_above_0.1m": 0.0, "low_level_<0.5": 0.0, "mid_level_0.5-2": 0.0, "tall_2+": 0.0 }, "geometry": { "type": "Point", "coordinates": [ -2.265019423766163, 53.793112082516501 ] } },
{ "type": "Feature", "properties": { "max_height": 0.0197601318359375, "mean_height": 0.001922607421875, "std_height": 0.0056530516594648361, "count_pixels": 42, "percent_cover": 0.14992503748125938, "percent_above_0.1m": 0.0, "low_level_<0.5": 0.0, "mid_level_0.5-2": 0.0, "tall_2+": 0.0 }, "geometry": { "type": "Point", "coordinates": [ -2.26480908717829, 53.793112547477229 ] } },
{ "type": "Feature", "properties": { "max_height": 0.029510498046875, "mean_height": 0.0015785580035299063, "std_height": 0.0083689475432038307, "count_pixels": 42, "percent_cover": 0.14992503748125938, "percent_above_0.1m": 0.0, "low_level_<0.5": 0.0, "mid_level_0.5-2": 0.0, "tall_2+": 0.0 }, "geometry": { "type": "Point", "coordinates": [ -2.264598750584517, 53.793113012069021 ] } },
{ "type": "Feature", "properties": { "max_height": 0.4394989013671875, "mean_height": 0.01833343505859375, "std_height": 0.071753881871700287, "count_pixels": 42, "percent_cover": 0.14992503748125938, "percent_above_0.1m": 4.7619047619047619, "low_level_<0.5": 4.7619047619047619, "mid_level_0.5-2": 0.0, "tall_2+": 0.0 }, "geometry": { "type": "Point", "coordinates": [ -2.264388413984851, 53.793113476291857 ] } },
{ "type": "Feature", "properties": { "max_height": 1.5852508544921875, "mean_height": 0.22319647669792175, "std_height": 0.41990458965301514, "count_pixels": 42, "percent_cover": 0.14992503748125938, "percent_above_0.1m": 30.952380952380953, "low_level_<0.5": 11.904761904761903, "mid_level_0.5-2": 16.666666666666664, "tall_2+": 0.0 }, "geometry": { "type": "Point", "coordinates": [ -2.264178077379287, 53.793113940145751 ] } },
{ "type": "Feature", "properties": { "max_height": 0.430755615234375, "mean_height": 0.034366697072982788, "std_height": 0.074474968016147614, "count_pixels": 43, "percent_cover": 0.15349468123081317, "percent_above_0.1m": 9.3023255813953494, "low_level_<0.5": 4.6511627906976747, "mid_level_0.5-2": 0.0, "tall_2+": 0.0 }, "geometry": { "type": "Point", "coordinates": [ -2.266597635133592, 53.793216437930269 ] } },
{ "type": "Feature", "properties": { "max_height": 0.3704986572265625, "mean_height": 0.0158230010420084, "std_height": 0.060201313346624374, "count_pixels": 42, "percent_cover": 0.14992503748125938, "percent_above_0.1m": 4.7619047619047619, "low_level_<0.5": 2.3809523809523809, "mid_level_0.5-2": 0.0, "tall_2+": 0.0 }, "geometry": { "type": "Point", "coordinates": [ -2.266387298049066, 53.793216905660834 ] } },
{ "type": "Feature", "properties": { "max_height": 0.018768310546875, "mean_height": -0.00057438440853729844, "std_height": 0.0068828491494059563, "count_pixels": 42, "percent_cover": 0.14992503748125938, "percent_above_0.1m": 0.0, "low_level_<0.5": 0.0, "mid_level_0.5-2": 0.0, "tall_2+": 0.0 }, "geometry": { "type": "Point", "coordinates": [ -2.266176960958606, 53.793217373022429 ] } },
{ "type": "Feature", "properties": { "max_height": 6.1207733154296875, "mean_height": 1.5973402261734009, "std_height": 1.9752082824707031, "count_pixels": 42, "percent_cover": 0.14992503748125938, "percent_above_0.1m": 57.142857142857139, "low_level_<0.5": 4.7619047619047619, "mid_level_0.5-2": 16.666666666666664, "tall_2+": 35.714285714285715 }, "geometry": { "type": "Point", "coordinates": [ -2.265966623862219, 53.793217840015103 ] } },
{ "type": "Feature", "properties": { "max_height": 7.947998046875, "mean_height": 0.41986992955207825, "std_height": 1.6380233764648438, "count_pixels": 42, "percent_cover": 0.14992503748125938, "percent_above_0.1m": 11.904761904761903, "low_level_<0.5": 2.3809523809523809, "mid_level_0.5-2": 2.3809523809523809, "tall_2+": 4.7619047619047619 }, "geometry": { "type": "Point", "coordinates": [ -2.265756286759904, 53.793218306638835 ] } },
{ "type": "Feature", "properties": { "max_height": 6.4055023193359375, "mean_height": 0.5901714563369751, "std_height": 1.4563482999801636, "count_pixels": 42, "percent_cover": 0.14992503748125938, "percent_above_0.1m": 21.428571428571427, "low_level_<0.5": 2.3809523809523809, "mid_level_0.5-2": 7.1428571428571423, "tall_2+": 11.904761904761903 }, "geometry": { "type": "Point", "coordinates": [ -2.26554594965167, 53.793218772893624 ] } },
{ "type": "Feature", "properties": { "max_height": 0.7667694091796875, "mean_height": 0.0321023128926754, "std_height": 0.14627784490585327, "count_pixels": 42, "percent_cover": 0.14992503748125938, "percent_above_0.1m": 4.7619047619047619, "low_level_<0.5": 0.0, "mid_level_0.5-2": 4.7619047619047619, "tall_2+": 0.0 }, "geometry": { "type": "Point", "coordinates": [ -2.265335612537519, 53.793219238779471 ] } },
{ "type": "Feature", "properties": { "max_height": 0.0170135498046875, "mean_height": 0.00044659871491603553, "std_height": 0.0046639093197882175, "count_pixels": 41, "percent_cover": 0.14635539373170559, "percent_above_0.1m": 0.0, "low_level_<0.5": 0.0, "mid_level_0.5-2": 0.0, "tall_2+": 0.0 }, "geometry": { "type": "Point", "coordinates": [ -2.26512527541746, 53.793219704296376 ] } },
{ "type": "Feature", "properties": { "max_height": 0.7855072021484375, "mean_height": 0.02317228727042675, "std_height": 0.12222237139940262, "count_pixels": 42, "percent_cover": 0.14992503748125938, "percent_above_0.1m": 4.7619047619047619, "low_level_<0.5": 2.3809523809523809, "mid_level_0.5-2": 2.3809523809523809, "tall_2+": 0.0 }, "geometry": { "type": "Point", "coordinates": [ -2.264914938291488, 53.793220169444346 ] } },
{ "type": "Feature", "properties": { "max_height": 0.04376220703125, "mean_height": 0.0072696083225309849, "std_height": 0.012764339335262775, "count_pixels": 38, "percent_cover": 0.13564646248304418, "percent_above_0.1m": 0.0, "low_level_<0.5": 0.0, "mid_level_0.5-2": 0.0, "tall_2+": 0.0 }, "geometry": { "type": "Point", "coordinates": [ -2.264704601159616, 53.793220634223374 ] } },
{ "type": "Feature", "properties": { "max_height": 0.021514892578125, "mean_height": -0.00029173350776545703, "std_height": 0.0074053644202649593, "count_pixels": 42, "percent_cover": 0.14992503748125938, "percent_above_0.1m": 0.0, "low_level_<0.5": 0.0, "mid_level_0.5-2": 0.0, "tall_2+": 0.0 }, "geometry": { "type": "Point", "coordinates": [ -2.264494264021851, 53.793221098633452 ] } },
{ "type": "Feature", "properties": { "max_height": 4.8385009765625, "mean_height": 0.97608548402786255, "std_height": 1.5533912181854248, "count_pixels": 38, "percent_cover": 0.13564646248304418, "percent_above_0.1m": 36.84210526315789, "low_level_<0.5": 5.2631578947368416, "mid_level_0.5-2": 2.6315789473684208, "tall_2+": 28.947368421052634 }, "geometry": { "type": "Point", "coordinates": [ -2.266282815844332, 53.793324993769076 ] } },
{ "type": "Feature", "properties": { "max_height": 3.6825103759765625, "mean_height": 0.86920386552810669, "std_height": 1.1739052534103394, "count_pixels": 42, "percent_cover": 0.14992503748125938, "percent_above_0.1m": 47.619047619047613, "low_level_<0.5": 4.7619047619047619, "mid_level_0.5-2": 21.428571428571427, "tall_2+": 19.047619047619047 }, "geometry": { "type": "Point", "coordinates": [ -2.266072478209857, 53.793325460948992 ] } },
{ "type": "Feature", "properties": { "max_height": 4.4530181884765625, "mean_height": 0.54302716255187988, "std_height": 0.96374952793121338, "count_pixels": 41, "percent_cover": 0.14635539373170559, "percent_above_0.1m": 41.463414634146339, "low_level_<0.5": 7.3170731707317067, "mid_level_0.5-2": 17.073170731707318, "tall_2+": 9.7560975609756095 }, "geometry": { "type": "Point", "coordinates": [ -2.265862140569459, 53.793325927759973 ] } },
{ "type": "Feature", "properties": { "max_height": 8.78900146484375, "mean_height": 2.178215503692627, "std_height": 2.3016645908355713, "count_pixels": 42, "percent_cover": 0.14992503748125938, "percent_above_0.1m": 76.19047619047619, "low_level_<0.5": 11.904761904761903, "mid_level_0.5-2": 21.428571428571427, "tall_2+": 42.857142857142854 }, "geometry": { "type": "Point", "coordinates": [ -2.265651802923132, 53.793326394202026 ] } },
{ "type": "Feature", "properties": { "max_height": 0.1479949951171875, "mean_height": 0.0075818016193807125, "std_height": 0.031538315117359161, "count_pixels": 42, "percent_cover": 0.14992503748125938, "percent_above_0.1m": 4.7619047619047619, "low_level_<0.5": 0.0, "mid_level_0.5-2": 0.0, "tall_2+": 0.0 }, "geometry": { "type": "Point", "coordinates": [ -2.265441465270889, 53.793326860275116 ] } },
{ "type": "Feature", "properties": { "max_height": 0.0157623291015625, "mean_height": 0.0013591221068054438, "std_height": 0.0053572314791381359, "count_pixels": 42, "percent_cover": 0.14992503748125938, "percent_above_0.1m": 0.0, "low_level_<0.5": 0.0, "mid_level_0.5-2": 0.0, "tall_2+": 0.0 }, "geometry": { "type": "Point", "coordinates": [ -2.265231127612733, 53.793327325979277 ] } },
{ "type": "Feature", "properties": { "max_height": 0.0137481689453125, "mean_height": -0.0017794654704630375, "std_height": 0.006362812127918005, "count_pixels": 42, "percent_cover": 0.14992503748125938, "percent_above_0.1m": 0.0, "low_level_<0.5": 0.0, "mid_level_0.5-2": 0.0, "tall_2+": 0.0 }, "geometry": { "type": "Point", "coordinates": [ -2.265020789948668, 53.793327791314496 ] } },
{ "type": "Feature", "properties": { "max_height": 2.499755859375, "mean_height": 0.132643923163414, "std_height": 0.51527363061904907, "count_pixels": 42, "percent_cover": 0.14992503748125938, "percent_above_0.1m": 7.1428571428571423, "low_level_<0.5": 0.0, "mid_level_0.5-2": 2.3809523809523809, "tall_2+": 4.7619047619047619 }, "geometry": { "type": "Point", "coordinates": [ -2.264810452278696, 53.793328256280773 ] } },
{ "type": "Feature", "properties": { "max_height": 5.1422576904296875, "mean_height": 0.8254467248916626, "std_height": 1.4486031532287598, "count_pixels": 42, "percent_cover": 0.14992503748125938, "percent_above_0.1m": 33.333333333333329, "low_level_<0.5": 0.0, "mid_level_0.5-2": 16.666666666666664, "tall_2+": 16.666666666666664 }, "geometry": { "type": "Point", "coordinates": [ -2.264600114602827, 53.793328720878094 ] } },
{ "type": "Feature", "properties": { "max_height": 7.071014404296875, "mean_height": 2.9171795845031738, "std_height": 1.8711678981781006, "count_pixels": 42, "percent_cover": 0.14992503748125938, "percent_above_0.1m": 92.857142857142861, "low_level_<0.5": 4.7619047619047619, "mid_level_0.5-2": 23.809523809523807, "tall_2+": 64.285714285714292 }, "geometry": { "type": "Point", "coordinates": [ -2.266178333101494, 53.793433081785921 ] } },
{ "type": "Feature", "properties": { "max_height": 9.92401123046875, "mean_height": 2.5517508983612061, "std_height": 2.8170909881591797, "count_pixels": 42, "percent_cover": 0.14992503748125938, "percent_above_0.1m": 73.80952380952381, "low_level_<0.5": 4.7619047619047619, "mid_level_0.5-2": 30.952380952380953, "tall_2+": 38.095238095238095 }, "geometry": { "type": "Point", "coordinates": [ -2.265967994923002, 53.793433548784158 ] } },
{ "type": "Feature", "properties": { "max_height": 13.692764282226562, "mean_height": 4.401726245880127, "std_height": 4.1399884223937988, "count_pixels": 42, "percent_cover": 0.14992503748125938, "percent_above_0.1m": 80.952380952380949, "low_level_<0.5": 2.3809523809523809, "mid_level_0.5-2": 14.285714285714285, "tall_2+": 64.285714285714292 }, "geometry": { "type": "Point", "coordinates": [ -2.265757656738588, 53.793434015413453 ] } },
{ "type": "Feature", "properties": { "max_height": 2.3180084228515625, "mean_height": 0.11624544858932495, "std_height": 0.44693094491958618, "count_pixels": 42, "percent_cover": 0.14992503748125938, "percent_above_0.1m": 7.1428571428571423, "low_level_<0.5": 0.0, "mid_level_0.5-2": 4.7619047619047619, "tall_2+": 2.3809523809523809 }, "geometry": { "type": "Point", "coordinates": [ -2.265547318548252, 53.793434481673799 ] } },
{ "type": "Feature", "properties": { "max_height": 0.0189971923828125, "mean_height": 0.0033583869226276875, "std_height": 0.0052934363484382629, "count_pixels": 42, "percent_cover": 0.14992503748125938, "percent_above_0.1m": 0.0, "low_level_<0.5": 0.0, "mid_level_0.5-2": 0.0, "tall_2+": 0.0 }, "geometry": { "type": "Point", "coordinates": [ -2.265336980351996, 53.79343494756521 ] } },
{ "type": "Feature", "properties": { "max_height": 0.011749267578125, "mean_height": -0.0021764242555946112, "std_height": 0.0041222814470529556, "count_pixels": 41, "percent_cover": 0.14635539373170559, "percent_above_0.1m": 0.0, "low_level_<0.5": 0.0, "mid_level_0.5-2": 0.0, "tall_2+": 0.0 }, "geometry": { "type": "Point", "coordinates": [ -2.265126642149832, 53.793435413087671 ] } },
{ "type": "Feature", "properties": { "max_height": 0.0082550048828125, "mean_height": -0.00065394811099395156, "std_height": 0.0054701711051166058, "count_pixels": 42, "percent_cover": 0.14992503748125938, "percent_above_0.1m": 0.0, "low_level_<0.5": 0.0, "mid_level_0.5-2": 0.0, "tall_2+": 0.0 }, "geometry": { "type": "Point", "coordinates": [ -2.264916303941758, 53.793435878241191 ] } },
{ "type": "Feature", "properties": { "max_height": 2.118011474609375, "mean_height": 0.079019248485565186, "std_height": 0.34916430711746216, "count_pixels": 38, "percent_cover": 0.13564646248304418, "percent_above_0.1m": 5.2631578947368416, "low_level_<0.5": 0.0, "mid_level_0.5-2": 2.6315789473684208, "tall_2+": 2.6315789473684208 }, "geometry": { "type": "Point", "coordinates": [ -2.264705965727785, 53.79343634302576 ] } },
{ "type": "Feature", "properties": { "max_height": 8.363006591796875, "mean_height": 1.1118087768554688, "std_height": 1.8223286867141724, "count_pixels": 38, "percent_cover": 0.13564646248304418, "percent_above_0.1m": 52.631578947368418, "low_level_<0.5": 5.2631578947368416, "mid_level_0.5-2": 18.421052631578945, "tall_2+": 23.684210526315788 }, "geometry": { "type": "Point", "coordinates": [ -2.266284188537129, 53.793540702525874 ] } },
{ "type": "Feature", "properties": { "max_height": 8.969512939453125, "mean_height": 2.2236673831939697, "std_height": 2.2713828086853027, "count_pixels": 42, "percent_cover": 0.14992503748125938, "percent_above_0.1m": 61.904761904761905, "low_level_<0.5": 2.3809523809523809, "mid_level_0.5-2": 7.1428571428571423, "tall_2+": 52.380952380952387 }, "geometry": { "type": "Point", "coordinates": [ -2.266073849820551, 53.793541169711361 ] } },
{ "type": "Feature", "properties": { "max_height": 5.876251220703125, "mean_height": 0.39670097827911377, "std_height": 1.2125339508056641, "count_pixels": 41, "percent_cover": 0.14635539373170559, "percent_above_0.1m": 24.390243902439025, "low_level_<0.5": 7.3170731707317067, "mid_level_0.5-2": 4.8780487804878048, "tall_2+": 7.3170731707317067 }, "geometry": { "type": "Point", "coordinates": [ -2.265863511098037, 53.793541636527905 ] } },
{ "type": "Feature", "properties": { "max_height": 1.1660003662109375, "mean_height": 0.03010123036801815, "std_height": 0.17763926088809967, "count_pixels": 42, "percent_cover": 0.14992503748125938, "percent_above_0.1m": 2.3809523809523809, "low_level_<0.5": 0.0, "mid_level_0.5-2": 2.3809523809523809, "tall_2+": 0.0 }, "geometry": { "type": "Point", "coordinates": [ -2.265653172369607, 53.793542102975501 ] } },
{ "type": "Feature", "properties": { "max_height": 0.0057525634765625, "mean_height": -0.00040544781950302422, "std_height": 0.0036499626003205776, "count_pixels": 42, "percent_cover": 0.14992503748125938, "percent_above_0.1m": 0.0, "low_level_<0.5": 0.0, "mid_level_0.5-2": 0.0, "tall_2+": 0.0 }, "geometry": { "type": "Point", "coordinates": [ -2.265442833635247, 53.793542569054175 ] } },
{ "type": "Feature", "properties": { "max_height": 0.0082550048828125, "mean_height": 0.00073314848123118281, "std_height": 0.0035458530765026808, "count_pixels": 42, "percent_cover": 0.14992503748125938, "percent_above_0.1m": 0.0, "low_level_<0.5": 0.0, "mid_level_0.5-2": 0.0, "tall_2+": 0.0 }, "geometry": { "type": "Point", "coordinates": [ -2.265232494894989, 53.793543034763879 ] } },
{ "type": "Feature", "properties": { "max_height": 11.629501342773438, "mean_height": 0.90382164716720581, "std_height": 2.4621860980987549, "count_pixels": 42, "percent_cover": 0.14992503748125938, "percent_above_0.1m": 16.666666666666664, "low_level_<0.5": 0.0, "mid_level_0.5-2": 2.3809523809523809, "tall_2+": 14.285714285714285 }, "geometry": { "type": "Point", "coordinates": [ -2.265022156148809, 53.793543500104633 ] } },
{ "type": "Feature", "properties": { "max_height": 0.01275634765625, "mean_height": 0.000518798828125, "std_height": 0.0072333989664912224, "count_pixels": 42, "percent_cover": 0.14992503748125938, "percent_above_0.1m": 0.0, "low_level_<0.5": 0.0, "mid_level_0.5-2": 0.0, "tall_2+": 0.0 }, "geometry": { "type": "Point", "coordinates": [ -2.264811817396732, 53.793543965076474 ] } },
{ "type": "Feature", "properties": { "max_height": 4.345001220703125, "mean_height": 1.4022917747497559, "std_height": 1.5622369050979614, "count_pixels": 42, "percent_cover": 0.14992503748125938, "percent_above_0.1m": 57.142857142857139, "low_level_<0.5": 2.3809523809523809, "mid_level_0.5-2": 14.285714285714285, "tall_2+": 38.095238095238095 }, "geometry": { "type": "Point", "coordinates": [ -2.266390044516779, 53.793648323168831 ] } },
{ "type": "Feature", "properties": { "max_height": 10.889266967773438, "mean_height": 4.3464474678039551, "std_height": 3.1694252490997314, "count_pixels": 42, "percent_cover": 0.14992503748125938, "percent_above_0.1m": 90.476190476190482, "low_level_<0.5": 4.7619047619047619, "mid_level_0.5-2": 14.285714285714285, "tall_2+": 71.428571428571431 }, "geometry": { "type": "Point", "coordinates": [ -2.266179705262098, 53.793648790541575 ] } },
{ "type": "Feature", "properties": { "max_height": 1.2550048828125, "mean_height": 0.090690977871417999, "std_height": 0.23312923312187195, "count_pixels": 42, "percent_cover": 0.14992503748125938, "percent_above_0.1m": 16.666666666666664, "low_level_<0.5": 11.904761904761903, "mid_level_0.5-2": 4.7619047619047619, "tall_2+": 0.0 }, "geometry": { "type": "Point", "coordinates": [ -2.265969366001491, 53.793649257545376 ] } },
{ "type": "Feature", "properties": { "max_height": 5.636016845703125, "mean_height": 0.37879833579063416, "std_height": 1.0685425996780396, "count_pixels": 42, "percent_cover": 0.14992503748125938, "percent_above_0.1m": 16.666666666666664, "low_level_<0.5": 2.3809523809523809, "mid_level_0.5-2": 7.1428571428571423, "tall_2+": 7.1428571428571423 }, "geometry": { "type": "Point", "coordinates": [ -2.26575902673496, 53.793649724180248 ] } },
{ "type": "Feature", "properties": { "max_height": 0.0107574462890625, "mean_height": 0.00030917214462533593, "std_height": 0.0046876873821020126, "count_pixels": 42, "percent_cover": 0.14992503748125938, "percent_above_0.1m": 0.0, "low_level_<0.5": 0.0, "mid_level_0.5-2": 0.0, "tall_2+": 0.0 }, "geometry": { "type": "Point", "coordinates": [ -2.265548687462505, 53.793650190446144 ] } },
{ "type": "Feature", "properties": { "max_height": 0.5432586669921875, "mean_height": 0.01418449729681015, "std_height": 0.082739286124706268, "count_pixels": 42, "percent_cover": 0.14992503748125938, "percent_above_0.1m": 2.3809523809523809, "low_level_<0.5": 0.0, "mid_level_0.5-2": 2.3809523809523809, "tall_2+": 0.0 }, "geometry": { "type": "Point", "coordinates": [ -2.265338348184137, 53.793650656343111 ] } },
{ "type": "Feature", "properties": { "max_height": 16.061508178710938, "mean_height": 5.0336899757385254, "std_height": 4.0277752876281738, "count_pixels": 41, "percent_cover": 0.14635539373170559, "percent_above_0.1m": 90.243902439024396, "low_level_<0.5": 4.8780487804878048, "mid_level_0.5-2": 14.634146341463413, "tall_2+": 68.292682926829272 }, "geometry": { "type": "Point", "coordinates": [ -2.265128008899852, 53.793651121871129 ] } },
{ "type": "Feature", "properties": { "max_height": 11.447525024414062, "mean_height": 2.789252758026123, "std_height": 4.0399641990661621, "count_pixels": 42, "percent_cover": 0.14992503748125938, "percent_above_0.1m": 42.857142857142854, "low_level_<0.5": 2.3809523809523809, "mid_level_0.5-2": 7.1428571428571423, "tall_2+": 33.333333333333329 }, "geometry": { "type": "Point", "coordinates": [ -2.264917669609666, 53.793651587030212 ] } },
{ "type": "Feature", "properties": { "max_height": 2.9430084228515625, "mean_height": 0.20677557587623596, "std_height": 0.59612756967544556, "count_pixels": 41, "percent_cover": 0.14635539373170559, "percent_above_0.1m": 19.512195121951219, "low_level_<0.5": 7.3170731707317067, "mid_level_0.5-2": 4.8780487804878048, "tall_2+": 4.8780487804878048 }, "geometry": { "type": "Point", "coordinates": [ -2.266495901040432, 53.793755943714821 ] } },
{ "type": "Feature", "properties": { "max_height": 5.7650146484375, "mean_height": 1.360548734664917, "std_height": 1.5188977718353271, "count_pixels": 38, "percent_cover": 0.13564646248304418, "percent_above_0.1m": 68.421052631578945, "low_level_<0.5": 10.526315789473683, "mid_level_0.5-2": 18.421052631578945, "tall_2+": 36.84210526315789 }, "geometry": { "type": "Point", "coordinates": [ -2.266285561247655, 53.793756411274835 ] } },
{ "type": "Feature", "properties": { "max_height": 10.123260498046875, "mean_height": 1.9388587474822998, "std_height": 2.4467217922210693, "count_pixels": 42, "percent_cover": 0.14992503748125938, "percent_above_0.1m": 64.285714285714292, "low_level_<0.5": 4.7619047619047619, "mid_level_0.5-2": 14.285714285714285, "tall_2+": 40.476190476190474 }, "geometry": { "type": "Point", "coordinates": [ -2.266075221448951, 53.793756878465878 ] } },
{ "type": "Feature", "properties": { "max_height": 7.9739990234375, "mean_height": 1.5714215040206909, "std_height": 1.9764019250869751, "count_pixels": 41, "percent_cover": 0.14635539373170559, "percent_above_0.1m": 63.414634146341463, "low_level_<0.5": 14.634146341463413, "mid_level_0.5-2": 12.195121951219512, "tall_2+": 34.146341463414636 }, "geometry": { "type": "Point", "coordinates": [ -2.265864881644317, 53.793757345288007 ] } },
{ "type": "Feature", "properties": { "max_height": 5.5675048828125, "mean_height": 0.4970710277557373, "std_height": 1.3793526887893677, "count_pixels": 42, "percent_cover": 0.14992503748125938, "percent_above_0.1m": 11.904761904761903, "low_level_<0.5": 0.0, "mid_level_0.5-2": 0.0, "tall_2+": 11.904761904761903 }, "geometry": { "type": "Point", "coordinates": [ -2.265654541833761, 53.793757811741159 ] } },
{ "type": "Feature", "properties": { "max_height": 0.0170135498046875, "mean_height": 0.00012534005509223789, "std_height": 0.005205867812037468, "count_pixels": 42, "percent_cover": 0.14992503748125938, "percent_above_0.1m": 0.0, "low_level_<0.5": 0.0, "mid_level_0.5-2": 0.0, "tall_2+": 0.0 }, "geometry": { "type": "Point", "coordinates": [ -2.265444202017282, 53.793758277825376 ] } },
{ "type": "Feature", "properties": { "max_height": 9.2070159912109375, "mean_height": 3.141643762588501, "std_height": 2.8291339874267578, "count_pixels": 42, "percent_cover": 0.14992503748125938, "percent_above_0.1m": 76.19047619047619, "low_level_<0.5": 2.3809523809523809, "mid_level_0.5-2": 19.047619047619047, "tall_2+": 54.761904761904766 }, "geometry": { "type": "Point", "coordinates": [ -2.265233862194894, 53.793758743540643 ] } },
{ "type": "Feature", "properties": { "max_height": 12.245010375976562, "mean_height": 1.9520299434661865, "std_height": 3.016535758972168, "count_pixels": 42, "percent_cover": 0.14992503748125938, "percent_above_0.1m": 52.380952380952387, "low_level_<0.5": 11.904761904761903, "mid_level_0.5-2": 7.1428571428571423, "tall_2+": 30.952380952380953 }, "geometry": { "type": "Point", "coordinates": [ -2.265023522366596, 53.793759208886968 ] } },
{ "type": "Feature", "properties": { "max_height": 5.45050048828125, "mean_height": 0.68698370456695557, "std_height": 1.0750104188919067, "count_pixels": 43, "percent_cover": 0.15349468123081317, "percent_above_0.1m": 46.511627906976742, "low_level_<0.5": 4.6511627906976747, "mid_level_0.5-2": 32.558139534883722, "tall_2+": 9.3023255813953494 }, "geometry": { "type": "Point", "coordinates": [ -2.266601758108103, 53.793863564163829 ] } },
{ "type": "Feature", "properties": { "max_height": 7.5325164794921875, "mean_height": 1.6899490356445312, "std_height": 1.5594263076782227, "count_pixels": 42, "percent_cover": 0.14992503748125938, "percent_above_0.1m": 80.952380952380949, "low_level_<0.5": 4.7619047619047619, "mid_level_0.5-2": 40.476190476190474, "tall_2+": 35.714285714285715 }, "geometry": { "type": "Point", "coordinates": [ -2.266391417777232, 53.793864031911106 ] } },
{ "type": "Feature", "properties": { "max_height": 6.829010009765625, "mean_height": 1.2064656019210815, "std_height": 2.0102822780609131, "count_pixels": 42, "percent_cover": 0.14992503748125938, "percent_above_0.1m": 40.476190476190474, "low_level_<0.5": 7.1428571428571423, "mid_level_0.5-2": 9.5238095238095237, "tall_2+": 23.809523809523807 }, "geometry": { "type": "Point", "coordinates": [ -2.266181077440424, 53.793864499289427 ] } },
{ "type": "Feature", "properties": { "max_height": 9.0982666015625, "mean_height": 2.1520447731018066, "std_height": 2.8532767295837402, "count_pixels": 42, "percent_cover": 0.14992503748125938, "percent_above_0.1m": 57.142857142857139, "low_level_<0.5": 4.7619047619047619, "mid_level_0.5-2": 16.666666666666664, "tall_2+": 35.714285714285715 }, "geometry": { "type": "Point", "coordinates": [ -2.265970737097684, 53.793864966298784 ] } },
{ "type": "Feature", "properties": { "max_height": 4.4792633056640625, "mean_height": 0.44132959842681885, "std_height": 1.0960844755172729, "count_pixels": 42, "percent_cover": 0.14992503748125938, "percent_above_0.1m": 16.666666666666664, "low_level_<0.5": 0.0, "mid_level_0.5-2": 7.1428571428571423, "tall_2+": 9.5238095238095237 }, "geometry": { "type": "Point", "coordinates": [ -2.265760396749024, 53.793865432939214 ] } },
{ "type": "Feature", "properties": { "max_height": 0.162261962890625, "mean_height": 0.0041245957836508751, "std_height": 0.025185944512486458, "count_pixels": 42, "percent_cover": 0.14992503748125938, "percent_above_0.1m": 2.3809523809523809, "low_level_<0.5": 2.3809523809523809, "mid_level_0.5-2": 0.0, "tall_2+": 0.0 }, "geometry": { "type": "Point", "coordinates": [ -2.265550056394438, 53.793865899210687 ] } },
{ "type": "Feature", "properties": { "max_height": 3.6199951171875, "mean_height": 0.30701228976249695, "std_height": 0.73654460906982422, "count_pixels": 42, "percent_cover": 0.14992503748125938, "percent_above_0.1m": 28.571428571428569, "low_level_<0.5": 4.7619047619047619, "mid_level_0.5-2": 11.904761904761903, "tall_2+": 4.7619047619047619 }, "geometry": { "type": "Point", "coordinates": [ -2.265339716033938, 53.793866365113196 ] } },
{ "type": "Feature", "properties": { "max_height": 3.751495361328125, "mean_height": 0.33748197555541992, "std_height": 0.69218230247497559, "count_pixels": 41, "percent_cover": 0.14635539373170559, "percent_above_0.1m": 36.585365853658537, "low_level_<0.5": 12.195121951219512, "mid_level_0.5-2": 19.512195121951219, "tall_2+": 2.4390243902439024 }, "geometry": { "type": "Point", "coordinates": [ -2.265129375667524, 53.79386683064677 ] } },
{ "type": "Feature", "properties": { "max_height": 9.5072479248046875, "mean_height": 2.9521539211273193, "std_height": 2.5189735889434814, "count_pixels": 41, "percent_cover": 0.14635539373170559, "percent_above_0.1m": 85.365853658536579, "low_level_<0.5": 4.8780487804878048, "mid_level_0.5-2": 19.512195121951219, "tall_2+": 60.975609756097562 }, "geometry": { "type": "Point", "coordinates": [ -2.266707615719796, 53.793971184515847 ] } },
{ "type": "Feature", "properties": { "max_height": 8.399505615234375, "mean_height": 2.3843855857849121, "std_height": 2.0464825630187988, "count_pixels": 41, "percent_cover": 0.14635539373170559, "percent_above_0.1m": 80.487804878048792, "low_level_<0.5": 4.8780487804878048, "mid_level_0.5-2": 21.951219512195124, "tall_2+": 53.658536585365859 }, "geometry": { "type": "Point", "coordinates": [ -2.266497274850821, 53.793971652450395 ] } },
{ "type": "Feature", "properties": { "max_height": 7.6825103759765625, "mean_height": 1.8145202398300171, "std_height": 1.8978244066238403, "count_pixels": 38, "percent_cover": 0.13564646248304418, "percent_above_0.1m": 68.421052631578945, "low_level_<0.5": 5.2631578947368416, "mid_level_0.5-2": 21.052631578947366, "tall_2+": 42.105263157894733 }, "geometry": { "type": "Point", "coordinates": [ -2.26628693397591, 53.793972120015958 ] } },
{ "type": "Feature", "properties": { "max_height": 9.964996337890625, "mean_height": 4.2281160354614258, "std_height": 2.5143687725067139, "count_pixels": 42, "percent_cover": 0.14992503748125938, "percent_above_0.1m": 97.61904761904762, "low_level_<0.5": 4.7619047619047619, "mid_level_0.5-2": 16.666666666666664, "tall_2+": 76.19047619047619 }, "geometry": { "type": "Point", "coordinates": [ -2.266076593095068, 53.793972587212608 ] } },
{ "type": "Feature", "properties": { "max_height": 3.1367645263671875, "mean_height": 0.14599497616291046, "std_height": 0.5236896276473999, "count_pixels": 41, "percent_cover": 0.14635539373170559, "percent_above_0.1m": 12.195121951219512, "low_level_<0.5": 2.4390243902439024, "mid_level_0.5-2": 4.8780487804878048, "tall_2+": 2.4390243902439024 }, "geometry": { "type": "Point", "coordinates": [ -2.265866252208294, 53.793973054040279 ] } },
{ "type": "Feature", "properties": { "max_height": 0.332763671875, "mean_height": 0.0164649598300457, "std_height": 0.060971792787313461, "count_pixels": 42, "percent_cover": 0.14992503748125938, "percent_above_0.1m": 4.7619047619047619, "low_level_<0.5": 4.7619047619047619, "mid_level_0.5-2": 0.0, "tall_2+": 0.0 }, "geometry": { "type": "Point", "coordinates": [ -2.265655911315601, 53.793973520499001 ] } },
{ "type": "Feature", "properties": { "max_height": 2.90325927734375, "mean_height": 0.57175552845001221, "std_height": 0.86235421895980835, "count_pixels": 42, "percent_cover": 0.14992503748125938, "percent_above_0.1m": 42.857142857142854, "low_level_<0.5": 11.904761904761903, "mid_level_0.5-2": 19.047619047619047, "tall_2+": 11.904761904761903 }, "geometry": { "type": "Point", "coordinates": [ -2.265445570416985, 53.793973986588789 ] } },
{ "type": "Feature", "properties": { "max_height": 8.1432647705078125, "mean_height": 3.0522685050964355, "std_height": 2.1794073581695557, "count_pixels": 41, "percent_cover": 0.14635539373170559, "percent_above_0.1m": 90.243902439024396, "low_level_<0.5": 4.8780487804878048, "mid_level_0.5-2": 24.390243902439025, "tall_2+": 60.975609756097562 }, "geometry": { "type": "Point", "coordinates": [ -2.267234156671824, 53.794077867420462 ] } },
{ "type": "Feature", "properties": { "max_height": 7.2650146484375, "mean_height": 0.39899590611457825, "std_height": 1.3085845708847046, "count_pixels": 42, "percent_cover": 0.14992503748125938, "percent_above_0.1m": 19.047619047619047, "low_level_<0.5": 0.0, "mid_level_0.5-2": 7.1428571428571423, "tall_2+": 4.7619047619047619 }, "geometry": { "type": "Point", "coordinates": [ -2.267023815276644, 53.794078336280151 ] } },
{ "type": "Feature", "properties": { "max_height": 9.416259765625, "mean_height": 1.913996696472168, "std_height": 2.7004594802856445, "count_pixels": 42, "percent_cover": 0.14992503748125938, "percent_above_0.1m": 50.0, "low_level_<0.5": 4.7619047619047619, "mid_level_0.5-2": 11.904761904761903, "tall_2+": 33.333333333333329 }, "geometry": { "type": "Point", "coordinates": [ -2.266813473875513, 53.794078804770898 ] } },
{ "type": "Feature", "properties": { "max_height": 1.228515625, "mean_height": 0.074599862098693848, "std_height": 0.21133050322532654, "count_pixels": 43, "percent_cover": 0.15349468123081317, "percent_above_0.1m": 13.953488372093023, "low_level_<0.5": 4.6511627906976747, "mid_level_0.5-2": 4.6511627906976747, "tall_2+": 0.0 }, "geometry": { "type": "Point", "coordinates": [ -2.266603132468436, 53.794079272892695 ] } },
{ "type": "Feature", "properties": { "max_height": 4.9700164794921875, "mean_height": 0.29443758726119995, "std_height": 0.88591545820236206, "count_pixels": 42, "percent_cover": 0.14992503748125938, "percent_above_0.1m": 21.428571428571427, "low_level_<0.5": 11.904761904761903, "mid_level_0.5-2": 4.7619047619047619, "tall_2+": 4.7619047619047619 }, "geometry": { "type": "Point", "coordinates": [ -2.266392791055416, 53.794079740645536 ] } },
{ "type": "Feature", "properties": { "max_height": 9.0057525634765625, "mean_height": 2.5387442111968994, "std_height": 2.2671327590942383, "count_pixels": 42, "percent_cover": 0.14992503748125938, "percent_above_0.1m": 80.952380952380949, "low_level_<0.5": 0.0, "mid_level_0.5-2": 23.809523809523807, "tall_2+": 57.142857142857139 }, "geometry": { "type": "Point", "coordinates": [ -2.26618244963647, 53.79408020802942 ] } },
{ "type": "Feature", "properties": { "max_height": 7.4239959716796875, "mean_height": 1.4935760498046875, "std_height": 1.9194107055664062, "count_pixels": 42, "percent_cover": 0.14992503748125938, "percent_above_0.1m": 50.0, "low_level_<0.5": 7.1428571428571423, "mid_level_0.5-2": 4.7619047619047619, "tall_2+": 38.095238095238095 }, "geometry": { "type": "Point", "coordinates": [ -2.265972108211582, 53.794080675044356 ] } },
{ "type": "Feature", "properties": { "max_height": 2.4304962158203125, "mean_height": 0.2394648939371109, "std_height": 0.56061345338821411, "count_pixels": 42, "percent_cover": 0.14992503748125938, "percent_above_0.1m": 26.190476190476193, "low_level_<0.5": 7.1428571428571423, "mid_level_0.5-2": 11.904761904761903, "tall_2+": 2.3809523809523809 }, "geometry": { "type": "Point", "coordinates": [ -2.26576176678078, 53.794081141690341 ] } },
{ "type": "Feature", "properties": { "max_height": 4.579010009765625, "mean_height": 0.9402197003364563, "std_height": 1.2660597562789917, "count_pixels": 42, "percent_cover": 0.14992503748125938, "percent_above_0.1m": 57.142857142857139, "low_level_<0.5": 11.904761904761903, "mid_level_0.5-2": 26.190476190476193, "tall_2+": 16.666666666666664 }, "geometry": { "type": "Point", "coordinates": [ -2.265551425344048, 53.794081607967364 ] } },
{ "type": "Feature", "properties": { "max_height": 8.4155120849609375, "mean_height": 1.6645206212997437, "std_height": 2.1887192726135254, "count_pixels": 42, "percent_cover": 0.14992503748125938, "percent_above_0.1m": 69.047619047619051, "low_level_<0.5": 9.5238095238095237, "mid_level_0.5-2": 26.190476190476193, "tall_2+": 30.952380952380953 }, "geometry": { "type": "Point", "coordinates": [ -2.267340016447775, 53.794185487203997 ] } },
{ "type": "Feature", "properties": { "max_height": 8.483245849609375, "mean_height": 1.8910431861877441, "std_height": 2.6330947875976562, "count_pixels": 42, "percent_cover": 0.14992503748125938, "percent_above_0.1m": 50.0, "low_level_<0.5": 2.3809523809523809, "mid_level_0.5-2": 14.285714285714285, "tall_2+": 30.952380952380953 }, "geometry": { "type": "Point", "coordinates": [ -2.267129674514495, 53.794185956250942 ] } },
{ "type": "Feature", "properties": { "max_height": 8.2345123291015625, "mean_height": 0.59875744581222534, "std_height": 1.6834721565246582, "count_pixels": 42, "percent_cover": 0.14992503748125938, "percent_above_0.1m": 21.428571428571427, "low_level_<0.5": 4.7619047619047619, "mid_level_0.5-2": 7.1428571428571423, "tall_2+": 9.5238095238095237 }, "geometry": { "type": "Point", "coordinates": [ -2.266919332575259, 53.794186424928959 ] } },
{ "type": "Feature", "properties": { "max_height": 7.618011474609375, "mean_height": 0.70536094903945923, "std_height": 1.5128434896469116, "count_pixels": 41, "percent_cover": 0.14635539373170559, "percent_above_0.1m": 31.707317073170731, "low_level_<0.5": 2.4390243902439024, "mid_level_0.5-2": 12.195121951219512, "tall_2+": 12.195121951219512 }, "geometry": { "type": "Point", "coordinates": [ -2.266708990630076, 53.794186893238027 ] } },
{ "type": "Feature", "properties": { "max_height": 0.2877655029296875, "mean_height": 0.029024450108408928, "std_height": 0.06430257111787796, "count_pixels": 41, "percent_cover": 0.14635539373170559, "percent_above_0.1m": 7.3170731707317067, "low_level_<0.5": 7.3170731707317067, "mid_level_0.5-2": 0.0, "tall_2+": 0.0 }, "geometry": { "type": "Point", "coordinates": [ -2.266498648678951, 53.794187361178111 ] } },
{ "type": "Feature", "properties": { "max_height": 0.0427398681640625, "mean_height": 0.0015371221816167235, "std_height": 0.00865174550563097, "count_pixels": 38, "percent_cover": 0.13564646248304418, "percent_above_0.1m": 0.0, "low_level_<0.5": 0.0, "mid_level_0.5-2": 0.0, "tall_2+": 0.0 }, "geometry": { "type": "Point", "coordinates": [ -2.266288306721891, 53.794187828749266 ] } },
{ "type": "Feature", "properties": { "max_height": 7.683258056640625, "mean_height": 1.8766965866088867, "std_height": 2.1049675941467285, "count_pixels": 42, "percent_cover": 0.14992503748125938, "percent_above_0.1m": 61.904761904761905, "low_level_<0.5": 0.0, "mid_level_0.5-2": 19.047619047619047, "tall_2+": 42.857142857142854 }, "geometry": { "type": "Point", "coordinates": [ -2.266077964758897, 53.794188295951464 ] } },
{ "type": "Feature", "properties": { "max_height": 2.21575927734375, "mean_height": 0.3878173828125, "std_height": 0.49536195397377014, "count_pixels": 41, "percent_cover": 0.14635539373170559, "percent_above_0.1m": 51.219512195121951, "low_level_<0.5": 14.634146341463413, "mid_level_0.5-2": 31.707317073170731, "tall_2+": 2.4390243902439024 }, "geometry": { "type": "Point", "coordinates": [ -2.265867622789972, 53.794188762784714 ] } },
{ "type": "Feature", "properties": { "max_height": 8.6090087890625, "mean_height": 0.68488854169845581, "std_height": 1.6133756637573242, "count_pixels": 42, "percent_cover": 0.14992503748125938, "percent_above_0.1m": 35.714285714285715, "low_level_<0.5": 9.5238095238095237, "mid_level_0.5-2": 11.904761904761903, "tall_2+": 11.904761904761903 }, "geometry": { "type": "Point", "coordinates": [ -2.265657280815125, 53.794189229248985 ] } },
{ "type": "Feature", "properties": { "max_height": 0.8437652587890625, "mean_height": 0.11667651683092117, "std_height": 0.24324947595596313, "count_pixels": 41, "percent_cover": 0.14635539373170559, "percent_above_0.1m": 21.951219512195124, "low_level_<0.5": 7.3170731707317067, "mid_level_0.5-2": 12.195121951219512, "tall_2+": 0.0 }, "geometry": { "type": "Point", "coordinates": [ -2.267235534296383, 53.794293576124744 ] } },
{ "type": "Feature", "properties": { "max_height": 8.266510009765625, "mean_height": 1.4088828563690186, "std_height": 2.1561951637268066, "count_pixels": 42, "percent_cover": 0.14992503748125938, "percent_above_0.1m": 45.238095238095241, "low_level_<0.5": 2.3809523809523809, "mid_level_0.5-2": 19.047619047619047, "tall_2+": 23.809523809523807 }, "geometry": { "type": "Point", "coordinates": [ -2.267025191819038, 53.794294044990025 ] } },
{ "type": "Feature", "properties": { "max_height": 1.1625213623046875, "mean_height": 0.035835631191730499, "std_height": 0.18170517683029175, "count_pixels": 42, "percent_cover": 0.14992503748125938, "percent_above_0.1m": 4.7619047619047619, "low_level_<0.5": 2.3809523809523809, "mid_level_0.5-2": 2.3809523809523809, "tall_2+": 0.0 }, "geometry": { "type": "Point", "coordinates": [ -2.266814849335751, 53.794294513486356 ] } },
{ "type": "Feature", "properties": { "max_height": 14.226760864257812, "mean_height": 5.6333613395690918, "std_height": 4.0317983627319336, "count_pixels": 43, "percent_cover": 0.15349468123081317, "percent_above_0.1m": 90.697674418604649, "low_level_<0.5": 4.6511627906976747, "mid_level_0.5-2": 11.627906976744185, "tall_2+": 74.418604651162795 }, "geometry": { "type": "Point", "coordinates": [ -2.266604506846516, 53.794294981613724 ] } },
{ "type": "Feature", "properties": { "max_height": 1.308013916015625, "mean_height": 0.096500575542449951, "std_height": 0.30369001626968384, "count_pixels": 42, "percent_cover": 0.14992503748125938, "percent_above_0.1m": 9.5238095238095237, "low_level_<0.5": 0.0, "mid_level_0.5-2": 9.5238095238095237, "tall_2+": 0.0 }, "geometry": { "type": "Point", "coordinates": [ -2.266394164351341, 53.794295449372129 ] } },
{ "type": "Feature", "properties": { "max_height": 0.003753662109375, "mean_height": -0.00029173350776545703, "std_height": 0.0017818849300965667, "count_pixels": 42, "percent_cover": 0.14992503748125938, "percent_above_0.1m": 0.0, "low_level_<0.5": 0.0, "mid_level_0.5-2": 0.0, "tall_2+": 0.0 }, "geometry": { "type": "Point", "coordinates": [ -2.266183821850232, 53.794295916761598 ] } },
{ "type": "Feature", "properties": { "max_height": 0.545501708984375, "mean_height": 0.030612763017416, "std_height": 0.10279363393783569, "count_pixels": 42, "percent_cover": 0.14992503748125938, "percent_above_0.1m": 7.1428571428571423, "low_level_<0.5": 4.7619047619047619, "mid_level_0.5-2": 2.3809523809523809, "tall_2+": 0.0 }, "geometry": { "type": "Point", "coordinates": [ -2.265973479343191, 53.794296383782083 ] } },
{ "type": "Feature", "properties": { "max_height": 2.433258056640625, "mean_height": 0.154296875, "std_height": 0.49017122387886047, "count_pixels": 42, "percent_cover": 0.14992503748125938, "percent_above_0.1m": 14.285714285714285, "low_level_<0.5": 4.7619047619047619, "mid_level_0.5-2": 7.1428571428571423, "tall_2+": 2.3809523809523809 }, "geometry": { "type": "Point", "coordinates": [ -2.265763136830222, 53.794296850433639 ] } },
{ "type": "Feature", "properties": { "max_height": 16.33026123046875, "mean_height": 3.5510435104370117, "std_height": 4.3384461402893066, "count_pixels": 42, "percent_cover": 0.14992503748125938, "percent_above_0.1m": 73.80952380952381, "low_level_<0.5": 7.1428571428571423, "mid_level_0.5-2": 16.666666666666664, "tall_2+": 50.0 }, "geometry": { "type": "Point", "coordinates": [ -2.267131051606861, 53.79440166495413 ] } },
{ "type": "Feature", "properties": { "max_height": 14.52325439453125, "mean_height": 1.951318621635437, "std_height": 3.6472890377044678, "count_pixels": 42, "percent_cover": 0.14992503748125938, "percent_above_0.1m": 33.333333333333329, "low_level_<0.5": 2.3809523809523809, "mid_level_0.5-2": 2.3809523809523809, "tall_2+": 28.571428571428569 }, "geometry": { "type": "Point", "coordinates": [ -2.266920708585461, 53.794402133637703 ] } },
{ "type": "Feature", "properties": { "max_height": 2.34075927734375, "mean_height": 0.17731903493404388, "std_height": 0.53549063205718994, "count_pixels": 41, "percent_cover": 0.14635539373170559, "percent_above_0.1m": 12.195121951219512, "low_level_<0.5": 0.0, "mid_level_0.5-2": 7.3170731707317067, "tall_2+": 4.8780487804878048 }, "geometry": { "type": "Point", "coordinates": [ -2.266710365558116, 53.794402601952342 ] } },
{ "type": "Feature", "properties": { "max_height": 7.4860076904296875, "mean_height": 0.32953736186027527, "std_height": 1.2003527879714966, "count_pixels": 41, "percent_cover": 0.14635539373170559, "percent_above_0.1m": 19.512195121951219, "low_level_<0.5": 4.8780487804878048, "mid_level_0.5-2": 12.195121951219512, "tall_2+": 2.4390243902439024 }, "geometry": { "type": "Point", "coordinates": [ -2.266500022524823, 53.794403069898024 ] } },
{ "type": "Feature", "properties": { "max_height": 0.0019989013671875, "mean_height": -0.00017146060417871922, "std_height": 0.0012196255847811699, "count_pixels": 38, "percent_cover": 0.13564646248304418, "percent_above_0.1m": 0.0, "low_level_<0.5": 0.0, "mid_level_0.5-2": 0.0, "tall_2+": 0.0 }, "geometry": { "type": "Point", "coordinates": [ -2.266289679485597, 53.79440353747475 ] } },
{ "type": "Feature", "properties": { "max_height": 0.0055084228515625, "mean_height": 2.5431314497836865e-05, "std_height": 0.0021314988844096661, "count_pixels": 42, "percent_cover": 0.14992503748125938, "percent_above_0.1m": 0.0, "low_level_<0.5": 0.0, "mid_level_0.5-2": 0.0, "tall_2+": 0.0 }, "geometry": { "type": "Point", "coordinates": [ -2.266079336440439, 53.794404004682498 ] } },
{ "type": "Feature", "properties": { "max_height": 0.677490234375, "mean_height": 0.021664874628186226, "std_height": 0.10683821141719818, "count_pixels": 41, "percent_cover": 0.14635539373170559, "percent_above_0.1m": 4.8780487804878048, "low_level_<0.5": 2.4390243902439024, "mid_level_0.5-2": 2.4390243902439024, "tall_2+": 0.0 }, "geometry": { "type": "Point", "coordinates": [ -2.265868993389345, 53.794404471521318 ] } },
{ "type": "Feature", "properties": { "max_height": 13.7392578125, "mean_height": 4.5308828353881836, "std_height": 4.1338486671447754, "count_pixels": 42, "percent_cover": 0.14992503748125938, "percent_above_0.1m": 90.476190476190482, "low_level_<0.5": 2.3809523809523809, "mid_level_0.5-2": 30.952380952380953, "tall_2+": 57.142857142857139 }, "geometry": { "type": "Point", "coordinates": [ -2.267026568379213, 53.794509753692083 ] } },
{ "type": "Feature", "properties": { "max_height": 8.0592498779296875, "mean_height": 0.5317150354385376, "std_height": 1.6397886276245117, "count_pixels": 42, "percent_cover": 0.14992503748125938, "percent_above_0.1m": 19.047619047619047, "low_level_<0.5": 4.7619047619047619, "mid_level_0.5-2": 7.1428571428571423, "tall_2+": 7.1428571428571423 }, "geometry": { "type": "Point", "coordinates": [ -2.266816224813752, 53.794510222193985 ] } },
{ "type": "Feature", "properties": { "max_height": 4.6472625732421875, "mean_height": 0.34265384078025818, "std_height": 1.0265339612960815, "count_pixels": 43, "percent_cover": 0.15349468123081317, "percent_above_0.1m": 13.953488372093023, "low_level_<0.5": 2.3255813953488373, "mid_level_0.5-2": 2.3255813953488373, "tall_2+": 9.3023255813953494 }, "geometry": { "type": "Point", "coordinates": [ -2.266605881242345, 53.794510690326931 ] } },
{ "type": "Feature", "properties": { "max_height": 4.7437591552734375, "mean_height": 0.49361419677734375, "std_height": 1.1766154766082764, "count_pixels": 42, "percent_cover": 0.14992503748125938, "percent_above_0.1m": 19.047619047619047, "low_level_<0.5": 0.0, "mid_level_0.5-2": 4.7619047619047619, "tall_2+": 14.285714285714285 }, "geometry": { "type": "Point", "coordinates": [ -2.266395537665002, 53.79451115809092 ] } },
{ "type": "Feature", "properties": { "max_height": 0.146759033203125, "mean_height": 0.0067985169589519501, "std_height": 0.026700800284743309, "count_pixels": 42, "percent_cover": 0.14992503748125938, "percent_above_0.1m": 2.3809523809523809, "low_level_<0.5": 0.0, "mid_level_0.5-2": 0.0, "tall_2+": 0.0 }, "geometry": { "type": "Point", "coordinates": [ -2.266185194081714, 53.794511625485939 ] } },
{ "type": "Feature", "properties": { "max_height": 1.6902618408203125, "mean_height": 0.1965557336807251, "std_height": 0.4272257387638092, "count_pixels": 42, "percent_cover": 0.14992503748125938, "percent_above_0.1m": 23.809523809523807, "low_level_<0.5": 9.5238095238095237, "mid_level_0.5-2": 14.285714285714285, "tall_2+": 0.0 }, "geometry": { "type": "Point", "coordinates": [ -2.265974850492502, 53.794512092512015 ] } },
{ "type": "Feature", "properties": { "max_height": 11.469253540039062, "mean_height": 6.7276101112365723, "std_height": 2.7959249019622803, "count_pixels": 42, "percent_cover": 0.14992503748125938, "percent_above_0.1m": 95.238095238095227, "low_level_<0.5": 2.3809523809523809, "mid_level_0.5-2": 2.3809523809523809, "tall_2+": 90.476190476190482 }, "geometry": { "type": "Point", "coordinates": [ -2.266922084613431, 53.794617842338639 ] } },
{ "type": "Feature", "properties": { "max_height": 0.7680206298828125, "mean_height": 0.096025049686431885, "std_height": 0.19918861985206604, "count_pixels": 41, "percent_cover": 0.14635539373170559, "percent_above_0.1m": 19.512195121951219, "low_level_<0.5": 9.7560975609756095, "mid_level_0.5-2": 7.3170731707317067, "tall_2+": 0.0 }, "geometry": { "type": "Point", "coordinates": [ -2.266711740503909, 53.794618310658855 ] } },
{ "type": "Feature", "properties": { "max_height": 12.290252685546875, "mean_height": 3.9434521198272705, "std_height": 4.382692813873291, "count_pixels": 41, "percent_cover": 0.14635539373170559, "percent_above_0.1m": 56.09756097560976, "low_level_<0.5": 2.4390243902439024, "mid_level_0.5-2": 4.8780487804878048, "tall_2+": 48.780487804878049 }, "geometry": { "type": "Point", "coordinates": [ -2.266501396388437, 53.794618778610094 ] } },
{ "type": "Feature", "properties": { "max_height": 11.488754272460938, "mean_height": 1.6526172161102295, "std_height": 3.3482120037078857, "count_pixels": 38, "percent_cover": 0.13564646248304418, "percent_above_0.1m": 39.473684210526315, "low_level_<0.5": 13.157894736842104, "mid_level_0.5-2": 2.6315789473684208, "tall_2+": 23.684210526315788 }, "geometry": { "type": "Point", "coordinates": [ -2.266291052267031, 53.794619246192383 ] } },
{ "type": "Feature", "properties": { "max_height": 1.1142578125, "mean_height": 0.14650145173072815, "std_height": 0.25281432271003723, "count_pixels": 42, "percent_cover": 0.14992503748125938, "percent_above_0.1m": 33.333333333333329, "low_level_<0.5": 19.047619047619047, "mid_level_0.5-2": 11.904761904761903, "tall_2+": 0.0 }, "geometry": { "type": "Point", "coordinates": [ -2.266080708139689, 53.794619713405723 ] } },
{ "type": "Feature", "properties": { "max_height": 10.202499389648438, "mean_height": 1.4010728597640991, "std_height": 2.3420422077178955, "count_pixels": 42, "percent_cover": 0.14992503748125938, "percent_above_0.1m": 71.428571428571431, "low_level_<0.5": 19.047619047619047, "mid_level_0.5-2": 33.333333333333329, "tall_2+": 16.666666666666664 }, "geometry": { "type": "Point", "coordinates": [ -2.267027944957163, 53.794725462386303 ] } },
{ "type": "Feature", "properties": { "max_height": 14.69976806640625, "mean_height": 6.7208905220031738, "std_height": 4.321174144744873, "count_pixels": 42, "percent_cover": 0.14992503748125938, "percent_above_0.1m": 88.095238095238088, "low_level_<0.5": 0.0, "mid_level_0.5-2": 11.904761904761903, "tall_2+": 76.19047619047619 }, "geometry": { "type": "Point", "coordinates": [ -2.266817600309518, 53.794725930893783 ] } },
{ "type": "Feature", "properties": { "max_height": 4.7305145263671875, "mean_height": 0.58015227317810059, "std_height": 1.2497378587722778, "count_pixels": 43, "percent_cover": 0.15349468123081317, "percent_above_0.1m": 25.581395348837212, "low_level_<0.5": 2.3255813953488373, "mid_level_0.5-2": 6.9767441860465116, "tall_2+": 13.953488372093023 }, "geometry": { "type": "Point", "coordinates": [ -2.26660725565592, 53.794726399032299 ] } },
{ "type": "Feature", "properties": { "max_height": 15.485504150390625, "mean_height": 5.5462732315063477, "std_height": 4.3705124855041504, "count_pixels": 42, "percent_cover": 0.14992503748125938, "percent_above_0.1m": 97.61904761904762, "low_level_<0.5": 7.1428571428571423, "mid_level_0.5-2": 14.285714285714285, "tall_2+": 71.428571428571431 }, "geometry": { "type": "Point", "coordinates": [ -2.266396910996388, 53.794726866801859 ] } },
{ "type": "Feature", "properties": { "max_height": 8.852264404296875, "mean_height": 1.299525260925293, "std_height": 2.4658322334289551, "count_pixels": 42, "percent_cover": 0.14992503748125938, "percent_above_0.1m": 28.571428571428569, "low_level_<0.5": 2.3809523809523809, "mid_level_0.5-2": 4.7619047619047619, "tall_2+": 21.428571428571427 }, "geometry": { "type": "Point", "coordinates": [ -2.266923460659175, 53.794833551031736 ] } },
{ "type": "Feature", "properties": { "max_height": 12.581253051757812, "mean_height": 2.0000855922698975, "std_height": 2.7225847244262695, "count_pixels": 41, "percent_cover": 0.14635539373170559, "percent_above_0.1m": 63.414634146341463, "low_level_<0.5": 4.8780487804878048, "mid_level_0.5-2": 24.390243902439025, "tall_2+": 34.146341463414636 }, "geometry": { "type": "Point", "coordinates": [ -2.266713115467458, 53.794834019357523 ] } },
{ "type": "Feature", "properties": { "max_height": 10.525253295898438, "mean_height": 4.5114045143127441, "std_height": 3.254218578338623, "count_pixels": 41, "percent_cover": 0.14635539373170559, "percent_above_0.1m": 82.926829268292678, "low_level_<0.5": 2.4390243902439024, "mid_level_0.5-2": 4.8780487804878048, "tall_2+": 75.609756097560975 }, "geometry": { "type": "Point", "coordinates": [ -2.266502770269792, 53.794834487314347 ] } },
{ "type": "Feature", "properties": { "max_height": 13.029754638671875, "mean_height": 3.549321174621582, "std_height": 3.481086254119873, "count_pixels": 42, "percent_cover": 0.14992503748125938, "percent_above_0.1m": 66.666666666666657, "low_level_<0.5": 0.0, "mid_level_0.5-2": 9.5238095238095237, "tall_2+": 57.142857142857139 }, "geometry": { "type": "Point", "coordinates": [ -2.266818975823041, 53.794941639585751 ] } },
{ "type": "Feature", "properties": { "max_height": 10.916015625, "mean_height": 1.8363261222839355, "std_height": 2.8046102523803711, "count_pixels": 43, "percent_cover": 0.15349468123081317, "percent_above_0.1m": 41.860465116279073, "low_level_<0.5": 4.6511627906976747, "mid_level_0.5-2": 2.3255813953488373, "tall_2+": 34.883720930232556 }, "geometry": { "type": "Point", "coordinates": [ -2.26660863008725, 53.794942107729838 ] } },
{ "type": "Feature", "properties": { "max_height": 9.4850006103515625, "mean_height": 1.5588226318359375, "std_height": 2.742905855178833, "count_pixels": 41, "percent_cover": 0.14635539373170559, "percent_above_0.1m": 34.146341463414636, "low_level_<0.5": 2.4390243902439024, "mid_level_0.5-2": 4.8780487804878048, "tall_2+": 24.390243902439025 }, "geometry": { "type": "Point", "coordinates": [ -2.266714490448764, 53.795049728048376 ] } }
]
}
