{
"type": "FeatureCollection",
"name": "CUMBE_875_NACH",
"crs": { "type": "name", "properties": { "name": "urn:ogc:def:crs:OGC:1.3:CRS84" } },
"features": [
{ "type": "Feature", "properties": { "id": 111185, "nach": 0.64124452380223373 }, "geometry": { "type": "LineString", "coordinates": [ [ -2.9485854, 54.8940104 ], [ -2.9485517, 54.8940183 ], [ -2.9485157, 54.8940218 ] ] } },
{ "type": "Feature", "properties": { "id": 115733, "nach": 0.59828963153861392 }, "geometry": { "type": "LineString", "coordinates": [ [ -2.9489656, 54.8940237 ], [ -2.9486861, 54.8940237 ], [ -2.9485854, 54.8940104 ] ] } },
{ "type": "Feature", "properties": { "id": 128700, "nach": 0.59815868370141556 }, "geometry": { "type": "LineString", "coordinates": [ [ -2.948659, 54.8938928 ], [ -2.94867, 54.8939193 ], [ -2.9486673, 54.8939465 ], [ -2.9486513, 54.8939721 ], [ -2.948623200000011, 54.893994 ], [ -2.9485854, 54.8940104 ] ] } },
{ "type": "Feature", "properties": { "id": 148516, "nach": 0.54235039161897214 }, "geometry": { "type": "LineString", "coordinates": [ [ -2.9484527, 54.8941446 ], [ -2.9485157, 54.8940218 ] ] } },
{ "type": "Feature", "properties": { "id": 114906, "nach": 0.62871603846820068 }, "geometry": { "type": "LineString", "coordinates": [ [ -2.9485157, 54.8940218 ], [ -2.948474, 54.8940201 ] ] } },
{ "type": "Feature", "properties": { "id": 111186, "nach": 0.61883584728366037 }, "geometry": { "type": "LineString", "coordinates": [ [ -2.9463106, 54.8948542 ], [ -2.9455526, 54.8950262 ], [ -2.9455109, 54.8950357 ] ] } },
{ "type": "Feature", "properties": { "id": 111187, "nach": 0.5303822607873826 }, "geometry": { "type": "LineString", "coordinates": [ [ -2.9463106, 54.8948542 ], [ -2.9462065, 54.8949041 ], [ -2.9460219, 54.8949855 ], [ -2.945771, 54.8950554 ], [ -2.9455925, 54.8950963 ], [ -2.9455555, 54.8951132 ] ] } },
{ "type": "Feature", "properties": { "id": 147625, "nach": 0.63208414457784146 }, "geometry": { "type": "LineString", "coordinates": [ [ -2.9464269, 54.8948123 ], [ -2.9463106, 54.8948542 ] ] } },
{ "type": "Feature", "properties": { "id": 147618, "nach": 0.47390906325484078 }, "geometry": { "type": "LineString", "coordinates": [ [ -2.9455109, 54.8950357 ], [ -2.94553780000001, 54.8950831 ], [ -2.9455555, 54.8951132 ] ] } },
{ "type": "Feature", "properties": { "id": 147616, "nach": 0.62537540285437121 }, "geometry": { "type": "LineString", "coordinates": [ [ -2.9455109, 54.8950357 ], [ -2.9453604, 54.8950699 ] ] } },
{ "type": "Feature", "properties": { "id": 147621, "nach": 0.36498924203399757 }, "geometry": { "type": "LineString", "coordinates": [ [ -2.9454001, 54.894950100000017 ], [ -2.9454286, 54.8949935 ], [ -2.9454807, 54.8949816 ], [ -2.9455109, 54.8950357 ] ] } },
{ "type": "Feature", "properties": { "id": 147603, "nach": 0.46344385125622012 }, "geometry": { "type": "LineString", "coordinates": [ [ -2.9455555, 54.8951132 ], [ -2.9455799, 54.895149 ] ] } },
{ "type": "Feature", "properties": { "id": 147604, "nach": 0.51923561195590973 }, "geometry": { "type": "LineString", "coordinates": [ [ -2.9455555, 54.8951132 ], [ -2.9454783, 54.8951481 ], [ -2.945418, 54.8951992 ] ] } },
{ "type": "Feature", "properties": { "id": 111191, "nach": 0.62162116423579605 }, "geometry": { "type": "LineString", "coordinates": [ [ -2.945222700000011, 54.8949904 ], [ -2.9454001, 54.894950100000017 ] ] } },
{ "type": "Feature", "properties": { "id": 128310, "nach": 0.59568887365113765 }, "geometry": { "type": "LineString", "coordinates": [ [ -2.9453604, 54.8950699 ], [ -2.945222700000011, 54.8949904 ] ] } },
{ "type": "Feature", "properties": { "id": 111193, "nach": 0.37955197672843588 }, "geometry": { "type": "LineString", "coordinates": [ [ -2.945222700000011, 54.8949904 ], [ -2.9450634, 54.89494 ], [ -2.9450306, 54.8949035 ] ] } },
{ "type": "Feature", "properties": { "id": 124455, "nach": 0.64859411517469223 }, "geometry": { "type": "LineString", "coordinates": [ [ -2.9448713, 54.8950599 ], [ -2.945222700000011, 54.8949904 ] ] } },
{ "type": "Feature", "properties": { "id": 136222, "nach": 0.50081117943921838 }, "geometry": { "type": "LineString", "coordinates": [ [ -2.9451873, 54.8948943 ], [ -2.945222700000011, 54.8949904 ] ] } },
{ "type": "Feature", "properties": { "id": 147619, "nach": 0.3914126638150317 }, "geometry": { "type": "LineString", "coordinates": [ [ -2.9454001, 54.894950100000017 ], [ -2.945355, 54.8948886 ] ] } },
{ "type": "Feature", "properties": { "id": 147620, "nach": 0.61990914464665581 }, "geometry": { "type": "LineString", "coordinates": [ [ -2.9454001, 54.894950100000017 ], [ -2.9461097, 54.8947734 ], [ -2.9461927, 54.8947527 ] ] } },
{ "type": "Feature", "properties": { "id": 128309, "nach": 0.6004214775490756 }, "geometry": { "type": "LineString", "coordinates": [ [ -2.9453604, 54.8950699 ], [ -2.9448556, 54.8951621 ] ] } },
{ "type": "Feature", "properties": { "id": 154960, "nach": 0.54168107392679865 }, "geometry": { "type": "LineString", "coordinates": [ [ -2.945418, 54.8951992 ], [ -2.9454055, 54.895156199999988 ], [ -2.9453604, 54.8950699 ] ] } },
{ "type": "Feature", "properties": { "id": 154962, "nach": 0.61895144279902514 }, "geometry": { "type": "LineString", "coordinates": [ [ -2.9450306, 54.8949035 ], [ -2.9449374, 54.8949287 ], [ -2.9449282, 54.894957899999987 ], [ -2.94489080000001, 54.8949877 ], [ -2.9448401, 54.8950001 ] ] } },
{ "type": "Feature", "properties": { "id": 154963, "nach": 0.48856063378160192 }, "geometry": { "type": "LineString", "coordinates": [ [ -2.9450306, 54.8949035 ], [ -2.9450985, 54.8948853 ], [ -2.9451221, 54.894914300000011 ], [ -2.9451873, 54.8948943 ] ] } },
{ "type": "Feature", "properties": { "id": 154961, "nach": 0.60780188149271741 }, "geometry": { "type": "LineString", "coordinates": [ [ -2.9450306, 54.8949035 ], [ -2.9449925, 54.8948624 ], [ -2.9450095, 54.8947135 ] ] } },
{ "type": "Feature", "properties": { "id": 111194, "nach": 0.59909965189510062 }, "geometry": { "type": "LineString", "coordinates": [ [ -2.9483459, 54.8939093 ], [ -2.9483577, 54.8938884 ], [ -2.9483775, 54.8938696 ], [ -2.9484044, 54.893854 ], [ -2.9484369, 54.8938424 ] ] } },
{ "type": "Feature", "properties": { "id": 114901, "nach": 0.52678025662713479 }, "geometry": { "type": "LineString", "coordinates": [ [ -2.948474, 54.8940201 ], [ -2.9484261, 54.8940098 ], [ -2.948386, 54.8939915 ], [ -2.9483577, 54.893967 ], [ -2.9483439, 54.8939387 ], [ -2.9483459, 54.8939093 ] ] } },
{ "type": "Feature", "properties": { "id": 117446, "nach": 0.61163745957454851 }, "geometry": { "type": "LineString", "coordinates": [ [ -2.947853, 54.894120599999987 ], [ -2.9482724, 54.8939437 ], [ -2.9483459, 54.8939093 ] ] } },
{ "type": "Feature", "properties": { "id": 117437, "nach": 0.60135614949237881 }, "geometry": { "type": "LineString", "coordinates": [ [ -2.9484369, 54.8938424 ], [ -2.948485500000011, 54.8938342 ] ] } },
{ "type": "Feature", "properties": { "id": 143067, "nach": 0.53045126871034298 }, "geometry": { "type": "LineString", "coordinates": [ [ -2.9477485, 54.8933593 ], [ -2.9484001, 54.8937875 ], [ -2.9484369, 54.8938424 ] ] } },
{ "type": "Feature", "properties": { "id": 128701, "nach": 0.56350262950771379 }, "geometry": { "type": "LineString", "coordinates": [ [ -2.9440507, 54.8914502 ], [ -2.9457128, 54.8917309 ] ] } },
{ "type": "Feature", "properties": { "id": 117454, "nach": 0.60431621078496556 }, "geometry": { "type": "LineString", "coordinates": [ [ -2.9456001, 54.8919113 ], [ -2.9457128, 54.8917309 ] ] } },
{ "type": "Feature", "properties": { "id": 117433, "nach": 0.59298868746036426 }, "geometry": { "type": "LineString", "coordinates": [ [ -2.9457876, 54.8915398 ], [ -2.9457128, 54.8917309 ] ] } },
{ "type": "Feature", "properties": { "id": 117452, "nach": 0.45607127150063415 }, "geometry": { "type": "LineString", "coordinates": [ [ -2.9456001, 54.8919113 ], [ -2.947977, 54.8924296 ] ] } },
{ "type": "Feature", "properties": { "id": 126997, "nach": 0.60220791361481762 }, "geometry": { "type": "LineString", "coordinates": [ [ -2.9455388, 54.89201280000001 ], [ -2.9456001, 54.8919113 ] ] } },
{ "type": "Feature", "properties": { "id": 117474, "nach": 0.60678689228249427 }, "geometry": { "type": "LineString", "coordinates": [ [ -2.946048, 54.891167 ], [ -2.9457876, 54.8915398 ] ] } },
{ "type": "Feature", "properties": { "id": 117435, "nach": 0.52120920976717866 }, "geometry": { "type": "LineString", "coordinates": [ [ -2.9481291, 54.8920534 ], [ -2.9457876, 54.8915398 ] ] } },
{ "type": "Feature", "properties": { "id": 111391, "nach": 0.41618459079239312 }, "geometry": { "type": "LineString", "coordinates": [ [ -2.9520169, 54.8959923 ], [ -2.9529211, 54.895845799999989 ] ] } },
{ "type": "Feature", "properties": { "id": 128260, "nach": 0.49890090760119821 }, "geometry": { "type": "LineString", "coordinates": [ [ -2.9530051, 54.8965525 ], [ -2.9529049, 54.896264300000013 ], [ -2.9529089, 54.8961621 ], [ -2.9529174, 54.8959415 ], [ -2.9529211, 54.895845799999989 ] ] } },
{ "type": "Feature", "properties": { "id": 141137, "nach": 0.51945073183335022 }, "geometry": { "type": "LineString", "coordinates": [ [ -2.9518949, 54.8947815 ], [ -2.952742, 54.895308 ], [ -2.9529089, 54.8955224 ], [ -2.9529211, 54.895845799999989 ] ] } },
{ "type": "Feature", "properties": { "id": 111393, "nach": 0.38626898808876287 }, "geometry": { "type": "LineString", "coordinates": [ [ -2.9516121, 54.895174 ], [ -2.9520169, 54.8959923 ] ] } },
{ "type": "Feature", "properties": { "id": 147587, "nach": 0.37173936150869125 }, "geometry": { "type": "LineString", "coordinates": [ [ -2.9527774, 54.8965879 ], [ -2.9524684, 54.896631600000013 ], [ -2.9523861, 54.8966267 ], [ -2.952338, 54.896614 ], [ -2.9523084, 54.8965908 ], [ -2.95228890000001, 54.8965694 ], [ -2.9520169, 54.8959923 ] ] } },
{ "type": "Feature", "properties": { "id": 147585, "nach": 0.46237674669333395 }, "geometry": { "type": "LineString", "coordinates": [ [ -2.9527774, 54.8965879 ], [ -2.9530051, 54.8965525 ] ] } },
{ "type": "Feature", "properties": { "id": 140385, "nach": 0.49786012029521348 }, "geometry": { "type": "LineString", "coordinates": [ [ -2.9534648, 54.8970697 ], [ -2.953344, 54.897003 ], [ -2.9531325, 54.896795 ], [ -2.9530051, 54.8965525 ] ] } },
{ "type": "Feature", "properties": { "id": 141138, "nach": 0.55377122917296395 }, "geometry": { "type": "LineString", "coordinates": [ [ -2.9518949, 54.8947815 ], [ -2.9518248, 54.8947379 ], [ -2.9511174, 54.89437550000001 ] ] } },
{ "type": "Feature", "properties": { "id": 141141, "nach": 0.49519182757336677 }, "geometry": { "type": "LineString", "coordinates": [ [ -2.9517058, 54.8948899 ], [ -2.9518949, 54.8947815 ] ] } },
{ "type": "Feature", "properties": { "id": 147586, "nach": 0.40049501574106361 }, "geometry": { "type": "LineString", "coordinates": [ [ -2.9527774, 54.8965879 ], [ -2.9528992, 54.896854 ] ] } },
{ "type": "Feature", "properties": { "id": 128213, "nach": 0.63816862824705489 }, "geometry": { "type": "LineString", "coordinates": [ [ -2.9560625, 54.8947098 ], [ -2.9558894, 54.8945158 ] ] } },
{ "type": "Feature", "properties": { "id": 111493, "nach": 0.39948779046505967 }, "geometry": { "type": "LineString", "coordinates": [ [ -2.9558894, 54.8945158 ], [ -2.9558352, 54.8944484 ], [ -2.95582460000001, 54.8943885 ], [ -2.9558169, 54.8943453 ] ] } },
{ "type": "Feature", "properties": { "id": 111494, "nach": 0.59621305760840093 }, "geometry": { "type": "LineString", "coordinates": [ [ -2.9558894, 54.8945158 ], [ -2.9557675, 54.894445 ], [ -2.9557283, 54.89440290000001 ], [ -2.955689, 54.8943609 ] ] } },
{ "type": "Feature", "properties": { "id": 150417, "nach": 0.59530426065653397 }, "geometry": { "type": "LineString", "coordinates": [ [ -2.9559291, 54.8943763 ], [ -2.9558894, 54.8945158 ] ] } },
{ "type": "Feature", "properties": { "id": 128214, "nach": 0.5927456359683364 }, "geometry": { "type": "LineString", "coordinates": [ [ -2.9560625, 54.8947098 ], [ -2.9563768, 54.8949944 ] ] } },
{ "type": "Feature", "properties": { "id": 128218, "nach": 0.59772160453154288 }, "geometry": { "type": "LineString", "coordinates": [ [ -2.955969, 54.8947458 ], [ -2.9560625, 54.8947098 ] ] } },
{ "type": "Feature", "properties": { "id": 155587, "nach": 0.44034562632698043 }, "geometry": { "type": "LineString", "coordinates": [ [ -2.9558169, 54.8943453 ], [ -2.955867, 54.8943499 ], [ -2.9558676, 54.894375 ], [ -2.9559291, 54.8943763 ] ] } },
{ "type": "Feature", "properties": { "id": 155585, "nach": 0.37524484851211432 }, "geometry": { "type": "LineString", "coordinates": [ [ -2.9558169, 54.8943453 ], [ -2.9558265, 54.894241 ] ] } },
{ "type": "Feature", "properties": { "id": 155589, "nach": 0.46990160875929776 }, "geometry": { "type": "LineString", "coordinates": [ [ -2.9557456, 54.8943395 ], [ -2.9558169, 54.8943453 ] ] } },
{ "type": "Feature", "properties": { "id": 150414, "nach": 0.6057267913442832 }, "geometry": { "type": "LineString", "coordinates": [ [ -2.955689, 54.8943609 ], [ -2.9554641, 54.8942157 ] ] } },
{ "type": "Feature", "properties": { "id": 155592, "nach": 0.4364717165348021 }, "geometry": { "type": "LineString", "coordinates": [ [ -2.9556329, 54.8943842 ], [ -2.955689, 54.8943609 ] ] } },
{ "type": "Feature", "properties": { "id": 155588, "nach": 0.48639138916276398 }, "geometry": { "type": "LineString", "coordinates": [ [ -2.9557456, 54.8943395 ], [ -2.955689, 54.8943609 ] ] } },
{ "type": "Feature", "properties": { "id": 111496, "nach": 0.58045065859651368 }, "geometry": { "type": "LineString", "coordinates": [ [ -2.9563768, 54.8949944 ], [ -2.9564809, 54.8950307 ], [ -2.9565202, 54.8950627 ] ] } },
{ "type": "Feature", "properties": { "id": 111499, "nach": 0.46497855100336649 }, "geometry": { "type": "LineString", "coordinates": [ [ -2.956663, 54.8956418 ], [ -2.9563319, 54.89506930000001 ], [ -2.9563768, 54.8949944 ] ] } },
{ "type": "Feature", "properties": { "id": 134635, "nach": 0.42164839123883763 }, "geometry": { "type": "LineString", "coordinates": [ [ -2.9567922, 54.8950033 ], [ -2.9565202, 54.8950627 ] ] } },
{ "type": "Feature", "properties": { "id": 134634, "nach": 0.57181874676671285 }, "geometry": { "type": "LineString", "coordinates": [ [ -2.9565202, 54.8950627 ], [ -2.9565614, 54.895111300000011 ], [ -2.956818, 54.8953522 ] ] } },
{ "type": "Feature", "properties": { "id": 128201, "nach": 0.45027414755277279 }, "geometry": { "type": "LineString", "coordinates": [ [ -2.9570242, 54.8955561 ], [ -2.956663, 54.8956418 ] ] } },
{ "type": "Feature", "properties": { "id": 128216, "nach": 0.45335923921445087 }, "geometry": { "type": "LineString", "coordinates": [ [ -2.9565475, 54.895663 ], [ -2.956663, 54.8956418 ] ] } },
{ "type": "Feature", "properties": { "id": 120549, "nach": 0.44171444246617969 }, "geometry": { "type": "LineString", "coordinates": [ [ -2.9568612, 54.8958981 ], [ -2.9567801, 54.8958441 ], [ -2.956663, 54.8956418 ] ] } },
{ "type": "Feature", "properties": { "id": 128202, "nach": 0.56055135806816414 }, "geometry": { "type": "LineString", "coordinates": [ [ -2.9570242, 54.8955561 ], [ -2.9571267, 54.8956465 ], [ -2.9571985, 54.8957507 ], [ -2.9572212, 54.8958042 ] ] } },
{ "type": "Feature", "properties": { "id": 150409, "nach": 0.55621242019566042 }, "geometry": { "type": "LineString", "coordinates": [ [ -2.9568624, 54.895396 ], [ -2.9570242, 54.8955561 ] ] } },
{ "type": "Feature", "properties": { "id": 128254, "nach": 0.47517083655732489 }, "geometry": { "type": "LineString", "coordinates": [ [ -2.9564058, 54.8956889 ], [ -2.9565475, 54.895663 ] ] } },
{ "type": "Feature", "properties": { "id": 128234, "nach": 0.48162350847493313 }, "geometry": { "type": "LineString", "coordinates": [ [ -2.9564665, 54.8955048 ], [ -2.9565475, 54.895663 ] ] } },
{ "type": "Feature", "properties": { "id": 135446, "nach": 0.5499500629833004 }, "geometry": { "type": "LineString", "coordinates": [ [ -2.9583546, 54.8960831 ], [ -2.9580272, 54.89592560000002 ], [ -2.9579096, 54.8958999 ], [ -2.9577761, 54.8958966 ], [ -2.9576166, 54.8959005 ], [ -2.9573654, 54.895934 ] ] } },
{ "type": "Feature", "properties": { "id": 111501, "nach": 0.41093755041711882 }, "geometry": { "type": "LineString", "coordinates": [ [ -2.9573654, 54.895934 ], [ -2.9573559, 54.8959767 ], [ -2.9573255, 54.896016 ] ] } },
{ "type": "Feature", "properties": { "id": 120551, "nach": 0.55717548069943701 }, "geometry": { "type": "LineString", "coordinates": [ [ -2.9572212, 54.8958042 ], [ -2.9572963, 54.8958361 ], [ -2.9573466, 54.8958814 ], [ -2.9573654, 54.895934 ] ] } },
{ "type": "Feature", "properties": { "id": 135447, "nach": 0.54369647320228076 }, "geometry": { "type": "LineString", "coordinates": [ [ -2.9583546, 54.8960831 ], [ -2.9584272, 54.8961221 ], [ -2.9589687, 54.8963182 ] ] } },
{ "type": "Feature", "properties": { "id": 135448, "nach": 0.39508558283569223 }, "geometry": { "type": "LineString", "coordinates": [ [ -2.9583546, 54.8960831 ], [ -2.9584447, 54.8960363 ], [ -2.958559, 54.8960097 ] ] } },
{ "type": "Feature", "properties": { "id": 111503, "nach": 0.30516219358457264 }, "geometry": { "type": "LineString", "coordinates": [ [ -2.9573255, 54.896016 ], [ -2.957272, 54.8960508 ], [ -2.9572024, 54.8960743 ], [ -2.9571235, 54.8960843 ], [ -2.9570431, 54.8960796 ], [ -2.9569693, 54.8960608 ] ] } },
{ "type": "Feature", "properties": { "id": 111504, "nach": 0.39966696551002107 }, "geometry": { "type": "LineString", "coordinates": [ [ -2.9569693, 54.8960608 ], [ -2.9569199, 54.8960368 ], [ -2.9568825, 54.8960065 ], [ -2.9568594, 54.8959718 ], [ -2.95685220000001, 54.8959349 ], [ -2.9568612, 54.8958981 ] ] } },
{ "type": "Feature", "properties": { "id": 120550, "nach": 0.28758948296556258 }, "geometry": { "type": "LineString", "coordinates": [ [ -2.9568612, 54.8958981 ], [ -2.9568996, 54.8958514 ], [ -2.9569636, 54.8958152 ], [ -2.9570453, 54.8957939 ], [ -2.9571349, 54.8957901 ], [ -2.9572212, 54.8958042 ] ] } },
{ "type": "Feature", "properties": { "id": 143522, "nach": 0.50583068073691995 }, "geometry": { "type": "LineString", "coordinates": [ [ -2.9554038, 54.890201500000011 ], [ -2.9557562, 54.8900067 ] ] } },
{ "type": "Feature", "properties": { "id": 116466, "nach": 0.50439100943351545 }, "geometry": { "type": "LineString", "coordinates": [ [ -2.9562316, 54.8897967 ], [ -2.9557562, 54.8900067 ] ] } },
{ "type": "Feature", "properties": { "id": 155747, "nach": 0.35521540843232913 }, "geometry": { "type": "LineString", "coordinates": [ [ -2.9556763, 54.8899508 ], [ -2.9557562, 54.8900067 ] ] } },
{ "type": "Feature", "properties": { "id": 137767, "nach": 0.42832714031660263 }, "geometry": { "type": "LineString", "coordinates": [ [ -2.9558318, 54.8900597 ], [ -2.9557562, 54.8900067 ] ] } },
{ "type": "Feature", "properties": { "id": 143521, "nach": 0.56617978087206089 }, "geometry": { "type": "LineString", "coordinates": [ [ -2.9554038, 54.890201500000011 ], [ -2.9553126, 54.890258100000011 ] ] } },
{ "type": "Feature", "properties": { "id": 155750, "nach": 0.53205078371133718 }, "geometry": { "type": "LineString", "coordinates": [ [ -2.9556763, 54.8899508 ], [ -2.955605, 54.889984 ], [ -2.9554829, 54.8900738 ], [ -2.9554038, 54.890201500000011 ] ] } },
{ "type": "Feature", "properties": { "id": 137762, "nach": 0.34998148599707751 }, "geometry": { "type": "LineString", "coordinates": [ [ -2.9563054, 54.8898577 ], [ -2.9562316, 54.8897967 ] ] } },
{ "type": "Feature", "properties": { "id": 116735, "nach": 0.50645607828065131 }, "geometry": { "type": "LineString", "coordinates": [ [ -2.9564771, 54.8897053 ], [ -2.9562316, 54.8897967 ] ] } },
{ "type": "Feature", "properties": { "id": 155749, "nach": 0.44009859905900639 }, "geometry": { "type": "LineString", "coordinates": [ [ -2.9556763, 54.8899508 ], [ -2.9557119, 54.889934200000013 ], [ -2.9558644, 54.889863 ], [ -2.9562448, 54.8897122 ], [ -2.9564079, 54.8896498 ] ] } },
{ "type": "Feature", "properties": { "id": 155752, "nach": 0.52619901701118466 }, "geometry": { "type": "LineString", "coordinates": [ [ -2.9556519, 54.8899336 ], [ -2.9556763, 54.8899508 ] ] } },
{ "type": "Feature", "properties": { "id": 137766, "nach": 0.50562358888986558 }, "geometry": { "type": "LineString", "coordinates": [ [ -2.9558318, 54.8900597 ], [ -2.9563054, 54.8898577 ] ] } },
{ "type": "Feature", "properties": { "id": 155746, "nach": 0.48035417617296772 }, "geometry": { "type": "LineString", "coordinates": [ [ -2.9558611, 54.8900802 ], [ -2.9558318, 54.8900597 ] ] } },
{ "type": "Feature", "properties": { "id": 137773, "nach": 0.52726877829881813 }, "geometry": { "type": "LineString", "coordinates": [ [ -2.9553935, 54.8903029 ], [ -2.955521, 54.8902275 ], [ -2.9558318, 54.8900597 ] ] } },
{ "type": "Feature", "properties": { "id": 117490, "nach": 0.6367750483782364 }, "geometry": { "type": "LineString", "coordinates": [ [ -2.9495531, 54.8932779 ], [ -2.9498975, 54.8930917 ] ] } },
{ "type": "Feature", "properties": { "id": 136410, "nach": 0.63711087262320598 }, "geometry": { "type": "LineString", "coordinates": [ [ -2.9501809, 54.8929423 ], [ -2.9498975, 54.8930917 ] ] } },
{ "type": "Feature", "properties": { "id": 143602, "nach": 0.43354692407675383 }, "geometry": { "type": "LineString", "coordinates": [ [ -2.9490394, 54.8923377 ], [ -2.9492231, 54.892490199999983 ], [ -2.9494034, 54.8926308 ], [ -2.9495836, 54.8927823 ], [ -2.9496306, 54.8928221 ], [ -2.9497413, 54.8929159 ], [ -2.94979360000001, 54.8929817 ], [ -2.9498228, 54.893018499999982 ], [ -2.9498601, 54.8930551 ], [ -2.9498975, 54.8930917 ] ] } },
{ "type": "Feature", "properties": { "id": 117506, "nach": 0.62047582008504021 }, "geometry": { "type": "LineString", "coordinates": [ [ -2.9489912, 54.8935744 ], [ -2.9495531, 54.8932779 ] ] } },
{ "type": "Feature", "properties": { "id": 143608, "nach": 0.56139230070374524 }, "geometry": { "type": "LineString", "coordinates": [ [ -2.9492992, 54.8931085 ], [ -2.9494967, 54.8932408 ], [ -2.9495531, 54.8932779 ] ] } },
{ "type": "Feature", "properties": { "id": 136411, "nach": 0.62717165900985972 }, "geometry": { "type": "LineString", "coordinates": [ [ -2.9501809, 54.8929423 ], [ -2.9502283, 54.8929207 ] ] } },
{ "type": "Feature", "properties": { "id": 136415, "nach": 0.56406558250539907 }, "geometry": { "type": "LineString", "coordinates": [ [ -2.9497765, 54.8922561 ], [ -2.9498323, 54.8922393 ], [ -2.950031, 54.8922851 ], [ -2.9501809, 54.8924 ], [ -2.9497176, 54.892582200000014 ], [ -2.9497675, 54.892624 ], [ -2.9501809, 54.8929423 ] ] } },
{ "type": "Feature", "properties": { "id": 112150, "nach": 0.63815754818028869 }, "geometry": { "type": "LineString", "coordinates": [ [ -2.9432461, 54.895439800000013 ], [ -2.9442531, 54.8952009 ], [ -2.9443852, 54.8951669 ] ] } },
{ "type": "Feature", "properties": { "id": 122502, "nach": 0.62251276487321328 }, "geometry": { "type": "LineString", "coordinates": [ [ -2.94436, 54.8951114 ], [ -2.9442178, 54.8951492 ], [ -2.9436814, 54.8952872 ], [ -2.9435396, 54.895287900000014 ], [ -2.943176, 54.895375 ] ] } },
{ "type": "Feature", "properties": { "id": 122500, "nach": 0.51098556850732602 }, "geometry": { "type": "LineString", "coordinates": [ [ -2.94436, 54.8951114 ], [ -2.9443852, 54.8951669 ] ] } },
{ "type": "Feature", "properties": { "id": 121285, "nach": 0.64164901868061364 }, "geometry": { "type": "LineString", "coordinates": [ [ -2.9443852, 54.8951669 ], [ -2.9448012, 54.8950753 ], [ -2.9448713, 54.8950599 ] ] } },
{ "type": "Feature", "properties": { "id": 116736, "nach": 0.5161017539575562 }, "geometry": { "type": "LineString", "coordinates": [ [ -2.9564771, 54.8897053 ], [ -2.9567459, 54.8896182 ] ] } },
{ "type": "Feature", "properties": { "id": 155773, "nach": 0.46412477631661514 }, "geometry": { "type": "LineString", "coordinates": [ [ -2.9568028, 54.889671 ], [ -2.9567459, 54.8896182 ] ] } },
{ "type": "Feature", "properties": { "id": 155784, "nach": 0.47812916238724212 }, "geometry": { "type": "LineString", "coordinates": [ [ -2.9584393, 54.8891141 ], [ -2.9575987, 54.8893479 ], [ -2.9570138, 54.889533299999989 ], [ -2.9567459, 54.8896182 ] ] } },
{ "type": "Feature", "properties": { "id": 137782, "nach": 0.47631778345190945 }, "geometry": { "type": "LineString", "coordinates": [ [ -2.9564079, 54.8896498 ], [ -2.9564771, 54.8897053 ] ] } },
{ "type": "Feature", "properties": { "id": 155775, "nach": 0.50063565342034322 }, "geometry": { "type": "LineString", "coordinates": [ [ -2.9568028, 54.889671 ], [ -2.9565848, 54.8897487 ], [ -2.9563054, 54.8898577 ] ] } },
{ "type": "Feature", "properties": { "id": 155776, "nach": 0.53358896709254966 }, "geometry": { "type": "LineString", "coordinates": [ [ -2.9568028, 54.889671 ], [ -2.9571007, 54.8895647 ], [ -2.9576454, 54.8894006 ], [ -2.9584771, 54.8891639 ] ] } },
{ "type": "Feature", "properties": { "id": 155774, "nach": 0.51294474847444682 }, "geometry": { "type": "LineString", "coordinates": [ [ -2.9568028, 54.889671 ], [ -2.9568252, 54.889695 ] ] } },
{ "type": "Feature", "properties": { "id": 155783, "nach": 0.47991637681356897 }, "geometry": { "type": "LineString", "coordinates": [ [ -2.9584393, 54.8891141 ], [ -2.9584771, 54.8891639 ] ] } },
{ "type": "Feature", "properties": { "id": 155785, "nach": 0.51754744234921768 }, "geometry": { "type": "LineString", "coordinates": [ [ -2.9584393, 54.8891141 ], [ -2.9586088, 54.889067 ], [ -2.9589037, 54.8889768 ] ] } },
{ "type": "Feature", "properties": { "id": 154965, "nach": 0.61678945651094919 }, "geometry": { "type": "LineString", "coordinates": [ [ -2.9447662, 54.8951785 ], [ -2.9443301, 54.895258699999985 ], [ -2.942916, 54.8955988 ], [ -2.9426884, 54.8956598 ] ] } },
{ "type": "Feature", "properties": { "id": 147609, "nach": 0.58372156488255633 }, "geometry": { "type": "LineString", "coordinates": [ [ -2.9447862, 54.89522860000001 ], [ -2.9443537, 54.8953102 ], [ -2.94297160000001, 54.895644900000015 ], [ -2.9428542, 54.8956777 ], [ -2.942815, 54.8957032 ], [ -2.9428073, 54.8957348 ], [ -2.9428276, 54.8957858 ] ] } },
{ "type": "Feature", "properties": { "id": 147606, "nach": 0.52062650591834769 }, "geometry": { "type": "LineString", "coordinates": [ [ -2.9447862, 54.89522860000001 ], [ -2.9448874, 54.8952126 ] ] } },
{ "type": "Feature", "properties": { "id": 154966, "nach": 0.45492692313669347 }, "geometry": { "type": "LineString", "coordinates": [ [ -2.9448654, 54.8953558 ], [ -2.9447862, 54.89522860000001 ] ] } },
{ "type": "Feature", "properties": { "id": 154964, "nach": 0.57079497261588252 }, "geometry": { "type": "LineString", "coordinates": [ [ -2.9447662, 54.8951785 ], [ -2.9447862, 54.89522860000001 ] ] } },
{ "type": "Feature", "properties": { "id": 114886, "nach": 0.47677150787949896 }, "geometry": { "type": "LineString", "coordinates": [ [ -2.9511934, 54.8882516 ], [ -2.9506482, 54.8887858 ] ] } },
{ "type": "Feature", "properties": { "id": 116695, "nach": 0.46186686315216396 }, "geometry": { "type": "LineString", "coordinates": [ [ -2.9521356, 54.8893889 ], [ -2.9522694, 54.889143300000015 ], [ -2.9524099, 54.8889993 ], [ -2.9527064, 54.8888344 ], [ -2.9537352, 54.8883729 ] ] } },
{ "type": "Feature", "properties": { "id": 116717, "nach": 0.50233517618315338 }, "geometry": { "type": "LineString", "coordinates": [ [ -2.9548275, 54.8885141 ], [ -2.9542722, 54.888105 ] ] } },
{ "type": "Feature", "properties": { "id": 116696, "nach": 0.5319066449551022 }, "geometry": { "type": "LineString", "coordinates": [ [ -2.9521356, 54.8893889 ], [ -2.9512641, 54.8890262 ], [ -2.9506482, 54.8887858 ] ] } },
{ "type": "Feature", "properties": { "id": 116709, "nach": 0.53985733704839822 }, "geometry": { "type": "LineString", "coordinates": [ [ -2.9528619, 54.8897787 ], [ -2.9521356, 54.8893889 ] ] } },
{ "type": "Feature", "properties": { "id": 142205, "nach": 0.53785859544559411 }, "geometry": { "type": "LineString", "coordinates": [ [ -2.9492551, 54.8882243 ], [ -2.9497275, 54.888407 ], [ -2.9503438, 54.8886711 ] ] } },
{ "type": "Feature", "properties": { "id": 137240, "nach": 0.53560177998393976 }, "geometry": { "type": "LineString", "coordinates": [ [ -2.9503438, 54.8886711 ], [ -2.9506482, 54.8887858 ] ] } },
{ "type": "Feature", "properties": { "id": 137242, "nach": 0.50034451143585135 }, "geometry": { "type": "LineString", "coordinates": [ [ -2.9503438, 54.8886711 ], [ -2.950067, 54.8889109 ], [ -2.9501147, 54.8889734 ], [ -2.9495769, 54.8893101 ] ] } },
{ "type": "Feature", "properties": { "id": 128312, "nach": 0.61641242118433137 }, "geometry": { "type": "LineString", "coordinates": [ [ -2.9450095, 54.8947135 ], [ -2.9449, 54.8944333 ] ] } },
{ "type": "Feature", "properties": { "id": 126951, "nach": 0.62590487126092609 }, "geometry": { "type": "LineString", "coordinates": [ [ -2.9449238, 54.8941214 ], [ -2.9449, 54.8944333 ] ] } },
{ "type": "Feature", "properties": { "id": 114893, "nach": 0.57041728547669845 }, "geometry": { "type": "LineString", "coordinates": [ [ -2.9449, 54.8944333 ], [ -2.94507140000001, 54.8945168 ], [ -2.9452301, 54.8945713 ], [ -2.9454359, 54.8946298 ] ] } },
{ "type": "Feature", "properties": { "id": 128313, "nach": 0.51236126899136025 }, "geometry": { "type": "LineString", "coordinates": [ [ -2.9450095, 54.8947135 ], [ -2.9451542, 54.8948594 ], [ -2.9451873, 54.8948943 ] ] } },
{ "type": "Feature", "properties": { "id": 143831, "nach": 0.61798587699901908 }, "geometry": { "type": "LineString", "coordinates": [ [ -2.9449224, 54.894081599999986 ], [ -2.9449238, 54.8941214 ] ] } },
{ "type": "Feature", "properties": { "id": 126954, "nach": 0.50193392032806006 }, "geometry": { "type": "LineString", "coordinates": [ [ -2.9443033, 54.894091 ], [ -2.9449238, 54.8941214 ] ] } },
{ "type": "Feature", "properties": { "id": 135550, "nach": 0.51264357029989771 }, "geometry": { "type": "LineString", "coordinates": [ [ -2.9453757, 54.8947588 ], [ -2.9454359, 54.8946298 ] ] } },
{ "type": "Feature", "properties": { "id": 114895, "nach": 0.55809772900544607 }, "geometry": { "type": "LineString", "coordinates": [ [ -2.9454359, 54.8946298 ], [ -2.9455462, 54.8946459 ], [ -2.94585860000001, 54.894651700000011 ], [ -2.9460861, 54.8946581 ], [ -2.9461444, 54.8946597 ] ] } },
{ "type": "Feature", "properties": { "id": 143556, "nach": 0.44334381767854997 }, "geometry": { "type": "LineString", "coordinates": [ [ -2.9455428, 54.894737799999987 ], [ -2.9454533, 54.8947548 ], [ -2.9453757, 54.8947588 ] ] } },
{ "type": "Feature", "properties": { "id": 143555, "nach": 0.44364509328641299 }, "geometry": { "type": "LineString", "coordinates": [ [ -2.9452618, 54.89470330000001 ], [ -2.9453029, 54.8947372 ], [ -2.9453757, 54.8947588 ] ] } },
{ "type": "Feature", "properties": { "id": 136219, "nach": 0.53975555964965194 }, "geometry": { "type": "LineString", "coordinates": [ [ -2.94614, 54.8946994 ], [ -2.9461444, 54.8946597 ] ] } },
{ "type": "Feature", "properties": { "id": 114897, "nach": 0.54519226748939009 }, "geometry": { "type": "LineString", "coordinates": [ [ -2.9461444, 54.8946597 ], [ -2.946359, 54.8946646 ], [ -2.9465643, 54.8946413 ] ] } },
{ "type": "Feature", "properties": { "id": 136218, "nach": 0.39955879503421693 }, "geometry": { "type": "LineString", "coordinates": [ [ -2.9473293, 54.8942498 ], [ -2.9465602, 54.8945766 ], [ -2.9465074, 54.8946053 ], [ -2.9464238, 54.8946228 ], [ -2.9461458, 54.8946196 ], [ -2.9461444, 54.8946597 ] ] } },
{ "type": "Feature", "properties": { "id": 147622, "nach": 0.51289984702074698 }, "geometry": { "type": "LineString", "coordinates": [ [ -2.9461927, 54.8947527 ], [ -2.94614, 54.8946994 ] ] } },
{ "type": "Feature", "properties": { "id": 147615, "nach": 0.48655152900357679 }, "geometry": { "type": "LineString", "coordinates": [ [ -2.945355, 54.8948886 ], [ -2.9454286, 54.8948711 ], [ -2.9456115, 54.8948155 ], [ -2.9457422, 54.89476590000001 ], [ -2.9459251, 54.8947344 ], [ -2.9460244, 54.8947254 ], [ -2.94614, 54.8946994 ] ] } },
{ "type": "Feature", "properties": { "id": 114899, "nach": 0.63274191320073214 }, "geometry": { "type": "LineString", "coordinates": [ [ -2.9465643, 54.8946413 ], [ -2.946638, 54.8946209 ] ] } },
{ "type": "Feature", "properties": { "id": 125400, "nach": 0.61662212386723192 }, "geometry": { "type": "LineString", "coordinates": [ [ -2.9464876, 54.8946628 ], [ -2.9465643, 54.8946413 ] ] } },
{ "type": "Feature", "properties": { "id": 136217, "nach": 0.42635448717831559 }, "geometry": { "type": "LineString", "coordinates": [ [ -2.9473293, 54.8942498 ], [ -2.9467971, 54.8939687 ], [ -2.946125, 54.893686599999988 ], [ -2.9455741, 54.89355230000001 ] ] } },
{ "type": "Feature", "properties": { "id": 136215, "nach": 0.40110177767039146 }, "geometry": { "type": "LineString", "coordinates": [ [ -2.9473293, 54.8942498 ], [ -2.9474178, 54.8942966 ] ] } },
{ "type": "Feature", "properties": { "id": 136216, "nach": 0.44707186570346413 }, "geometry": { "type": "LineString", "coordinates": [ [ -2.9473293, 54.8942498 ], [ -2.9476056, 54.8941314 ] ] } },
{ "type": "Feature", "properties": { "id": 125375, "nach": 0.59864631665167289 }, "geometry": { "type": "LineString", "coordinates": [ [ -2.946638, 54.8946209 ], [ -2.9474178, 54.8942966 ] ] } },
{ "type": "Feature", "properties": { "id": 125376, "nach": 0.59382050605276493 }, "geometry": { "type": "LineString", "coordinates": [ [ -2.946638, 54.8946209 ], [ -2.9467266, 54.8946954 ] ] } },
{ "type": "Feature", "properties": { "id": 114900, "nach": 0.62054879091718296 }, "geometry": { "type": "LineString", "coordinates": [ [ -2.948474, 54.8940201 ], [ -2.9483641, 54.8940681 ], [ -2.9481391, 54.894143 ], [ -2.9478869, 54.8942251 ], [ -2.94778080000001, 54.8942628 ] ] } },
{ "type": "Feature", "properties": { "id": 148508, "nach": 0.41584690433993537 }, "geometry": { "type": "LineString", "coordinates": [ [ -2.94778080000001, 54.8942628 ], [ -2.9478255, 54.8943152 ] ] } },
{ "type": "Feature", "properties": { "id": 148507, "nach": 0.61783564652325396 }, "geometry": { "type": "LineString", "coordinates": [ [ -2.94778080000001, 54.8942628 ], [ -2.9476427, 54.8943212 ] ] } },
{ "type": "Feature", "properties": { "id": 114902, "nach": 0.60848166014691363 }, "geometry": { "type": "LineString", "coordinates": [ [ -2.9486455, 54.893877500000016 ], [ -2.948659, 54.8938928 ] ] } },
{ "type": "Feature", "properties": { "id": 114904, "nach": 0.4901248887092749 }, "geometry": { "type": "LineString", "coordinates": [ [ -2.948485500000011, 54.8938342 ], [ -2.948532, 54.8938345 ], [ -2.9485765, 54.8938424 ], [ -2.9486154, 54.8938571 ], [ -2.9486455, 54.893877500000016 ] ] } },
{ "type": "Feature", "properties": { "id": 154938, "nach": 0.59888897418743681 }, "geometry": { "type": "LineString", "coordinates": [ [ -2.9488796, 54.8936707 ], [ -2.9486732, 54.8938343 ], [ -2.9486455, 54.893877500000016 ] ] } },
{ "type": "Feature", "properties": { "id": 128699, "nach": 0.489936155270489 }, "geometry": { "type": "LineString", "coordinates": [ [ -2.948659, 54.8938928 ], [ -2.9488391, 54.89396 ], [ -2.9489655, 54.8939867 ] ] } },
{ "type": "Feature", "properties": { "id": 114903, "nach": 0.59034042717809743 }, "geometry": { "type": "LineString", "coordinates": [ [ -2.948485500000011, 54.8938342 ], [ -2.9485484, 54.8937576 ], [ -2.9487375, 54.8936504 ] ] } },
{ "type": "Feature", "properties": { "id": 154941, "nach": 0.42658325562342081 }, "geometry": { "type": "LineString", "coordinates": [ [ -2.9487375, 54.8936504 ], [ -2.9487737, 54.8936789 ], [ -2.9488367, 54.8936473 ], [ -2.9488796, 54.8936707 ] ] } },
{ "type": "Feature", "properties": { "id": 154942, "nach": 0.44908655893510746 }, "geometry": { "type": "LineString", "coordinates": [ [ -2.9487067, 54.893628 ], [ -2.9487375, 54.8936504 ] ] } },
{ "type": "Feature", "properties": { "id": 154940, "nach": 0.58690652737822346 }, "geometry": { "type": "LineString", "coordinates": [ [ -2.9487375, 54.8936504 ], [ -2.9488421, 54.8936049 ], [ -2.9489365, 54.8936015 ] ] } },
{ "type": "Feature", "properties": { "id": 148517, "nach": 0.55255293383617998 }, "geometry": { "type": "LineString", "coordinates": [ [ -2.9484527, 54.8941446 ], [ -2.9485632, 54.894111299999985 ], [ -2.94858580000001, 54.8941088 ], [ -2.9487495, 54.8940912 ], [ -2.9489656, 54.8940821 ], [ -2.9489656, 54.8940237 ] ] } },
{ "type": "Feature", "properties": { "id": 148518, "nach": 0.58623727534741132 }, "geometry": { "type": "LineString", "coordinates": [ [ -2.9484527, 54.8941446 ], [ -2.9482533, 54.8942046 ], [ -2.9482279, 54.8942119 ], [ -2.9478255, 54.8943152 ] ] } },
{ "type": "Feature", "properties": { "id": 148515, "nach": 0.51619875949738059 }, "geometry": { "type": "LineString", "coordinates": [ [ -2.9484527, 54.8941446 ], [ -2.9484764, 54.8941876 ] ] } },
{ "type": "Feature", "properties": { "id": 152287, "nach": 0.42540595669361358 }, "geometry": { "type": "LineString", "coordinates": [ [ -2.9602432, 54.899172299999982 ], [ -2.9600243, 54.8990339 ], [ -2.9591924, 54.8988787 ], [ -2.9583847, 54.8987529 ], [ -2.9582129, 54.8987432 ] ] } },
{ "type": "Feature", "properties": { "id": 152257, "nach": 0.50318891724604409 }, "geometry": { "type": "LineString", "coordinates": [ [ -2.9584006, 54.8985402 ], [ -2.9583342, 54.8985637 ], [ -2.95826280000001, 54.8985871 ], [ -2.9582129, 54.8987432 ] ] } },
{ "type": "Feature", "properties": { "id": 115274, "nach": 0.49916392537010379 }, "geometry": { "type": "LineString", "coordinates": [ [ -2.95746690000001, 54.8987421 ], [ -2.9575789, 54.8987163 ], [ -2.9578685, 54.8987732 ], [ -2.9580959, 54.8987721 ], [ -2.9582129, 54.8987432 ] ] } },
{ "type": "Feature", "properties": { "id": 152260, "nach": 0.48721392911050582 }, "geometry": { "type": "LineString", "coordinates": [ [ -2.9572574, 54.8983817 ], [ -2.9575942, 54.89844630000001 ], [ -2.9579004, 54.8984932 ], [ -2.9580944, 54.898505 ], [ -2.9584006, 54.8985402 ] ] } },
{ "type": "Feature", "properties": { "id": 152272, "nach": 0.44241743440216319 }, "geometry": { "type": "LineString", "coordinates": [ [ -2.9595907, 54.8986724 ], [ -2.959501, 54.8986533 ], [ -2.959143, 54.8985852 ], [ -2.9586847, 54.8985207 ], [ -2.958533, 54.8985294 ], [ -2.9584006, 54.8985402 ] ] } },
{ "type": "Feature", "properties": { "id": 136509, "nach": 0.37151016913117069 }, "geometry": { "type": "LineString", "coordinates": [ [ -2.9550349, 54.8984046 ], [ -2.9549936, 54.898369 ], [ -2.9548644, 54.8982686 ], [ -2.9535755, 54.898162499999984 ], [ -2.9526137, 54.8981829 ], [ -2.9525506, 54.8980685 ] ] } },
{ "type": "Feature", "properties": { "id": 115667, "nach": 0.55975991068323394 }, "geometry": { "type": "LineString", "coordinates": [ [ -2.9681312, 54.8952477 ], [ -2.96903720000001, 54.8953123 ] ] } },
{ "type": "Feature", "properties": { "id": 115670, "nach": 0.5694878723498793 }, "geometry": { "type": "LineString", "coordinates": [ [ -2.9673505, 54.8952 ], [ -2.9681312, 54.8952477 ] ] } },
{ "type": "Feature", "properties": { "id": 116368, "nach": 0.46500810742986975 }, "geometry": { "type": "LineString", "coordinates": [ [ -2.967609, 54.8949283 ], [ -2.9678749, 54.8949621 ], [ -2.96808, 54.8950593 ], [ -2.9681436, 54.8951128 ], [ -2.9681312, 54.8952477 ] ] } },
{ "type": "Feature", "properties": { "id": 115674, "nach": 0.57687756991767702 }, "geometry": { "type": "LineString", "coordinates": [ [ -2.9669129, 54.8951585 ], [ -2.9673505, 54.8952 ] ] } },
{ "type": "Feature", "properties": { "id": 135329, "nach": 0.48149040730468523 }, "geometry": { "type": "LineString", "coordinates": [ [ -2.9685985, 54.8940897 ], [ -2.9684654, 54.8942064 ], [ -2.9682958, 54.8942714 ], [ -2.9681494, 54.8943097 ], [ -2.968003, 54.894357499999984 ], [ -2.9679032, 54.8944206 ], [ -2.9678334, 54.8945153 ], [ -2.9676177, 54.8946321 ], [ -2.96747890000001, 54.894696 ], [ -2.9674271, 54.8947733 ], [ -2.9674029, 54.8948536 ], [ -2.9673755, 54.8950149 ], [ -2.9673505, 54.8952 ] ] } },
{ "type": "Feature", "properties": { "id": 116367, "nach": 0.39612527970122824 }, "geometry": { "type": "LineString", "coordinates": [ [ -2.967609, 54.8949283 ], [ -2.9675947, 54.894982300000024 ] ] } },
{ "type": "Feature", "properties": { "id": 116369, "nach": 0.39568833757244515 }, "geometry": { "type": "LineString", "coordinates": [ [ -2.9676374, 54.8948112 ], [ -2.967609, 54.8949283 ] ] } },
{ "type": "Feature", "properties": { "id": 157524, "nach": 0.56258990217874261 }, "geometry": { "type": "LineString", "coordinates": [ [ -2.9668922, 54.8952462 ], [ -2.9669129, 54.8951585 ] ] } },
{ "type": "Feature", "properties": { "id": 115677, "nach": 0.57188370214964801 }, "geometry": { "type": "LineString", "coordinates": [ [ -2.9658399, 54.8950481 ], [ -2.9669129, 54.8951585 ] ] } },
{ "type": "Feature", "properties": { "id": 139971, "nach": 0.41118957458075611 }, "geometry": { "type": "LineString", "coordinates": [ [ -2.9669577, 54.8948527 ], [ -2.9669154, 54.8950675 ], [ -2.9669129, 54.8951585 ] ] } },
{ "type": "Feature", "properties": { "id": 157525, "nach": 0.55784351359701367 }, "geometry": { "type": "LineString", "coordinates": [ [ -2.9668922, 54.8952462 ], [ -2.966828, 54.8955187 ] ] } },
{ "type": "Feature", "properties": { "id": 157526, "nach": 0.35314478160185947 }, "geometry": { "type": "LineString", "coordinates": [ [ -2.9668922, 54.8952462 ], [ -2.9654, 54.8951331 ], [ -2.9652411, 54.8950976 ] ] } },
{ "type": "Feature", "properties": { "id": 115676, "nach": 0.52554488964243429 }, "geometry": { "type": "LineString", "coordinates": [ [ -2.9658399, 54.8950481 ], [ -2.9660103, 54.89447710000001 ] ] } },
{ "type": "Feature", "properties": { "id": 115681, "nach": 0.54342357770553706 }, "geometry": { "type": "LineString", "coordinates": [ [ -2.9652659, 54.8950041 ], [ -2.9658399, 54.8950481 ] ] } },
{ "type": "Feature", "properties": { "id": 116132, "nach": 0.5331274215803089 }, "geometry": { "type": "LineString", "coordinates": [ [ -2.9660103, 54.89447710000001 ], [ -2.9660389, 54.8943705 ] ] } },
{ "type": "Feature", "properties": { "id": 116341, "nach": 0.39171735941648023 }, "geometry": { "type": "LineString", "coordinates": [ [ -2.9670796, 54.894664 ], [ -2.9672457, 54.894438 ], [ -2.9672591, 54.8943481 ], [ -2.9672249, 54.8942225 ], [ -2.9671609, 54.8941511 ], [ -2.9670507, 54.8941071 ], [ -2.9662369, 54.8944236 ], [ -2.9660103, 54.89447710000001 ] ] } },
{ "type": "Feature", "properties": { "id": 116529, "nach": 0.41479243833201307 }, "geometry": { "type": "LineString", "coordinates": [ [ -2.9652429, 54.8950909 ], [ -2.9652659, 54.8950041 ] ] } },
{ "type": "Feature", "properties": { "id": 115684, "nach": 0.53602513710399258 }, "geometry": { "type": "LineString", "coordinates": [ [ -2.9646393, 54.894945 ], [ -2.9652659, 54.8950041 ] ] } },
{ "type": "Feature", "properties": { "id": 116530, "nach": 0.42749601554999944 }, "geometry": { "type": "LineString", "coordinates": [ [ -2.9652429, 54.8950909 ], [ -2.9635552, 54.8949336 ] ] } },
{ "type": "Feature", "properties": { "id": 122996, "nach": 0.50707465038677602 }, "geometry": { "type": "LineString", "coordinates": [ [ -2.9646461, 54.8946651 ], [ -2.9646393, 54.894945 ] ] } },
{ "type": "Feature", "properties": { "id": 115687, "nach": 0.56400944233791694 }, "geometry": { "type": "LineString", "coordinates": [ [ -2.9635374, 54.894843799999983 ], [ -2.9646393, 54.894945 ] ] } },
{ "type": "Feature", "properties": { "id": 122997, "nach": 0.48698667143173346 }, "geometry": { "type": "LineString", "coordinates": [ [ -2.9646461, 54.8946651 ], [ -2.9660389, 54.8943705 ] ] } },
{ "type": "Feature", "properties": { "id": 122998, "nach": 0.41193948742735848 }, "geometry": { "type": "LineString", "coordinates": [ [ -2.9646461, 54.8946651 ], [ -2.9646699, 54.8941721 ], [ -2.9648208, 54.894017500000011 ] ] } },
{ "type": "Feature", "properties": { "id": 116520, "nach": 0.59697787996183627 }, "geometry": { "type": "LineString", "coordinates": [ [ -2.9635552, 54.8949336 ], [ -2.9635374, 54.894843799999983 ] ] } },
{ "type": "Feature", "properties": { "id": 136193, "nach": 0.61570297353794834 }, "geometry": { "type": "LineString", "coordinates": [ [ -2.9631061, 54.8948084 ], [ -2.9635374, 54.894843799999983 ] ] } },
{ "type": "Feature", "properties": { "id": 116572, "nach": 0.59667648398381656 }, "geometry": { "type": "LineString", "coordinates": [ [ -2.9635161, 54.8952574 ], [ -2.9635552, 54.8949336 ] ] } },
{ "type": "Feature", "properties": { "id": 136192, "nach": 0.61537623471969483 }, "geometry": { "type": "LineString", "coordinates": [ [ -2.9631061, 54.8948084 ], [ -2.962956, 54.8947961 ] ] } },
{ "type": "Feature", "properties": { "id": 136194, "nach": 0.42237169507406508 }, "geometry": { "type": "LineString", "coordinates": [ [ -2.9631025, 54.8950951 ], [ -2.9631061, 54.8948084 ] ] } },
{ "type": "Feature", "properties": { "id": 136187, "nach": 0.60306761346416404 }, "geometry": { "type": "LineString", "coordinates": [ [ -2.9623053, 54.8947687 ], [ -2.962956, 54.8947961 ] ] } },
{ "type": "Feature", "properties": { "id": 116171, "nach": 0.58231100360030974 }, "geometry": { "type": "LineString", "coordinates": [ [ -2.9630475, 54.8939131 ], [ -2.962956, 54.8947961 ] ] } },
{ "type": "Feature", "properties": { "id": 136188, "nach": 0.60119480548005 }, "geometry": { "type": "LineString", "coordinates": [ [ -2.9623053, 54.8947687 ], [ -2.961305, 54.8947267 ], [ -2.9608984, 54.894676 ] ] } },
{ "type": "Feature", "properties": { "id": 136190, "nach": 0.41499325600094039 }, "geometry": { "type": "LineString", "coordinates": [ [ -2.9626851, 54.8952314 ], [ -2.9626776, 54.8950692 ], [ -2.9622865, 54.8950497 ], [ -2.9623053, 54.8947687 ] ] } },
{ "type": "Feature", "properties": { "id": 115694, "nach": 0.58206535895645184 }, "geometry": { "type": "LineString", "coordinates": [ [ -2.9607732, 54.894659 ], [ -2.9608984, 54.894676 ] ] } },
{ "type": "Feature", "properties": { "id": 116580, "nach": 0.56499785154016269 }, "geometry": { "type": "LineString", "coordinates": [ [ -2.9608253, 54.8948833 ], [ -2.9608228, 54.894775500000016 ], [ -2.9608984, 54.894676 ] ] } },
{ "type": "Feature", "properties": { "id": 115697, "nach": 0.57801116229093041 }, "geometry": { "type": "LineString", "coordinates": [ [ -2.9594287, 54.8945079 ], [ -2.9607732, 54.894659 ] ] } },
{ "type": "Feature", "properties": { "id": 116250, "nach": 0.49004579354420863 }, "geometry": { "type": "LineString", "coordinates": [ [ -2.9607683, 54.8937963 ], [ -2.960931, 54.8940826 ], [ -2.9609329, 54.8941635 ], [ -2.9607732, 54.894659 ] ] } },
{ "type": "Feature", "properties": { "id": 116579, "nach": 0.53886393318262127 }, "geometry": { "type": "LineString", "coordinates": [ [ -2.9608253, 54.8948833 ], [ -2.96095650000001, 54.8951519 ] ] } },
{ "type": "Feature", "properties": { "id": 146988, "nach": 0.47759133145697386 }, "geometry": { "type": "LineString", "coordinates": [ [ -2.9591774, 54.8947792 ], [ -2.9605528, 54.8949226 ], [ -2.9608253, 54.8948833 ] ] } },
{ "type": "Feature", "properties": { "id": 115700, "nach": 0.58087907812891781 }, "geometry": { "type": "LineString", "coordinates": [ [ -2.9592724, 54.8944912 ], [ -2.9594287, 54.8945079 ] ] } },
{ "type": "Feature", "properties": { "id": 123346, "nach": 0.42038487632088756 }, "geometry": { "type": "LineString", "coordinates": [ [ -2.9599535, 54.8943171 ], [ -2.9595163, 54.8942716 ], [ -2.9594287, 54.8945079 ] ] } },
{ "type": "Feature", "properties": { "id": 116251, "nach": 0.41251773670877145 }, "geometry": { "type": "LineString", "coordinates": [ [ -2.9601321, 54.8939272 ], [ -2.9607683, 54.8937963 ] ] } },
{ "type": "Feature", "properties": { "id": 116300, "nach": 0.48066259240190268 }, "geometry": { "type": "LineString", "coordinates": [ [ -2.9606218, 54.8935369 ], [ -2.9607683, 54.8937963 ] ] } },
{ "type": "Feature", "properties": { "id": 115703, "nach": 0.58858281366046539 }, "geometry": { "type": "LineString", "coordinates": [ [ -2.9587565, 54.8944323 ], [ -2.9592724, 54.8944912 ] ] } },
{ "type": "Feature", "properties": { "id": 146986, "nach": 0.45959523938089242 }, "geometry": { "type": "LineString", "coordinates": [ [ -2.9591774, 54.8947792 ], [ -2.9592724, 54.8944912 ] ] } },
{ "type": "Feature", "properties": { "id": 115705, "nach": 0.58779759973948853 }, "geometry": { "type": "LineString", "coordinates": [ [ -2.9580663, 54.8943432 ], [ -2.9587565, 54.8944323 ] ] } },
{ "type": "Feature", "properties": { "id": 116216, "nach": 0.51755662521928614 }, "geometry": { "type": "LineString", "coordinates": [ [ -2.9583843, 54.8932041 ], [ -2.95865610000001, 54.8934895 ], [ -2.958755, 54.89371340000001 ], [ -2.958859, 54.8941529 ], [ -2.9587565, 54.8944323 ] ] } },
{ "type": "Feature", "properties": { "id": 146987, "nach": 0.33471705724327033 }, "geometry": { "type": "LineString", "coordinates": [ [ -2.9591774, 54.8947792 ], [ -2.9579737, 54.8946354 ] ] } },
{ "type": "Feature", "properties": { "id": 146985, "nach": 0.49076324730962378 }, "geometry": { "type": "LineString", "coordinates": [ [ -2.9591774, 54.8947792 ], [ -2.95909680000001, 54.8950215 ] ] } },
{ "type": "Feature", "properties": { "id": 115708, "nach": 0.60950587496562736 }, "geometry": { "type": "LineString", "coordinates": [ [ -2.9578105, 54.8943255 ], [ -2.9580663, 54.8943432 ] ] } },
{ "type": "Feature", "properties": { "id": 116607, "nach": 0.54092444794403438 }, "geometry": { "type": "LineString", "coordinates": [ [ -2.9579737, 54.8946354 ], [ -2.9580663, 54.8943432 ] ] } },
{ "type": "Feature", "properties": { "id": 157528, "nach": 0.6117763361361076 }, "geometry": { "type": "LineString", "coordinates": [ [ -2.9574533, 54.8943026 ], [ -2.9578105, 54.8943255 ] ] } },
{ "type": "Feature", "properties": { "id": 116284, "nach": 0.48723364013494302 }, "geometry": { "type": "LineString", "coordinates": [ [ -2.957844, 54.894089 ], [ -2.9578105, 54.8943255 ] ] } },
{ "type": "Feature", "properties": { "id": 116606, "nach": 0.53333786259995519 }, "geometry": { "type": "LineString", "coordinates": [ [ -2.9579737, 54.8946354 ], [ -2.9582068, 54.894922 ] ] } },
{ "type": "Feature", "properties": { "id": 116609, "nach": 0.0 }, "geometry": { "type": "LineString", "coordinates": [ [ -2.9579737, 54.8946354 ], [ -2.9575265, 54.8946377 ], [ -2.9581933, 54.8955977 ], [ -2.958612, 54.8954794 ] ] } },
{ "type": "Feature", "properties": { "id": 157527, "nach": 0.58738791909010113 }, "geometry": { "type": "LineString", "coordinates": [ [ -2.9574533, 54.8943026 ], [ -2.9571393, 54.89428250000001 ] ] } },
{ "type": "Feature", "properties": { "id": 157529, "nach": 0.54573127018722534 }, "geometry": { "type": "LineString", "coordinates": [ [ -2.9574533, 54.8943026 ], [ -2.9574365, 54.8943557 ], [ -2.9571119, 54.8943449 ], [ -2.9568558, 54.8943673 ], [ -2.9560178, 54.8943784 ], [ -2.9559291, 54.8943763 ] ] } },
{ "type": "Feature", "properties": { "id": 116283, "nach": 0.40995979857566472 }, "geometry": { "type": "LineString", "coordinates": [ [ -2.957844, 54.894089 ], [ -2.9579967, 54.893297 ] ] } },
{ "type": "Feature", "properties": { "id": 116462, "nach": 0.41732933318094617 }, "geometry": { "type": "LineString", "coordinates": [ [ -2.9582903, 54.8938429 ], [ -2.9582345, 54.8941219 ], [ -2.957844, 54.894089 ] ] } },
{ "type": "Feature", "properties": { "id": 116254, "nach": 0.49254473004396315 }, "geometry": { "type": "LineString", "coordinates": [ [ -2.9571884, 54.8940583 ], [ -2.9571393, 54.89428250000001 ] ] } },
{ "type": "Feature", "properties": { "id": 115715, "nach": 0.58945104809750215 }, "geometry": { "type": "LineString", "coordinates": [ [ -2.95651160000001, 54.8942684 ], [ -2.9568255, 54.8942755 ], [ -2.9571393, 54.89428250000001 ] ] } },
{ "type": "Feature", "properties": { "id": 116253, "nach": 0.42017707908583773 }, "geometry": { "type": "LineString", "coordinates": [ [ -2.9571884, 54.8940583 ], [ -2.9573317, 54.8935269 ] ] } },
{ "type": "Feature", "properties": { "id": 116288, "nach": 0.4245962888738013 }, "geometry": { "type": "LineString", "coordinates": [ [ -2.9565635, 54.8940093 ], [ -2.9571884, 54.8940583 ] ] } },
{ "type": "Feature", "properties": { "id": 116287, "nach": 0.49929916434331822 }, "geometry": { "type": "LineString", "coordinates": [ [ -2.9565635, 54.8940093 ], [ -2.95651160000001, 54.8942684 ] ] } },
{ "type": "Feature", "properties": { "id": 115718, "nach": 0.60486743208608362 }, "geometry": { "type": "LineString", "coordinates": [ [ -2.9559821, 54.894248899999987 ], [ -2.9561593, 54.894258 ], [ -2.9562132, 54.8942607 ], [ -2.9562783, 54.8942624 ], [ -2.95651160000001, 54.8942684 ] ] } },
{ "type": "Feature", "properties": { "id": 116290, "nach": 0.49723923149567406 }, "geometry": { "type": "LineString", "coordinates": [ [ -2.9565776, 54.8939463 ], [ -2.9565635, 54.8940093 ] ] } },
{ "type": "Feature", "properties": { "id": 115716, "nach": 0.56566734381111439 }, "geometry": { "type": "LineString", "coordinates": [ [ -2.9559821, 54.894248899999987 ], [ -2.9559291, 54.8943763 ] ] } },
{ "type": "Feature", "properties": { "id": 115720, "nach": 0.62779904331729197 }, "geometry": { "type": "LineString", "coordinates": [ [ -2.955929, 54.894246199999984 ], [ -2.9559821, 54.894248899999987 ] ] } },
{ "type": "Feature", "properties": { "id": 115723, "nach": 0.61431000514426437 }, "geometry": { "type": "LineString", "coordinates": [ [ -2.9558265, 54.894241 ], [ -2.955929, 54.894246199999984 ] ] } },
{ "type": "Feature", "properties": { "id": 115721, "nach": 0.60838711800647582 }, "geometry": { "type": "LineString", "coordinates": [ [ -2.955929, 54.894246199999984 ], [ -2.9559468, 54.8941687 ], [ -2.95609, 54.8935407 ] ] } },
{ "type": "Feature", "properties": { "id": 155583, "nach": 0.61343697293408783 }, "geometry": { "type": "LineString", "coordinates": [ [ -2.9557557, 54.8942374 ], [ -2.9558265, 54.894241 ] ] } },
{ "type": "Feature", "properties": { "id": 127490, "nach": 0.51070245895886135 }, "geometry": { "type": "LineString", "coordinates": [ [ -2.95609, 54.8935407 ], [ -2.9563379, 54.8935963 ], [ -2.956837, 54.89359420000001 ], [ -2.9569714, 54.8935617 ], [ -2.9574952, 54.8933276 ], [ -2.957605, 54.893238 ], [ -2.95776420000001, 54.8931444 ], [ -2.9579538, 54.89299050000001 ] ] } },
{ "type": "Feature", "properties": { "id": 127489, "nach": 0.59557993607056003 }, "geometry": { "type": "LineString", "coordinates": [ [ -2.95609, 54.8935407 ], [ -2.9560993, 54.8935007 ], [ -2.95604980000001, 54.8933842 ], [ -2.9559067, 54.8932685 ] ] } },
{ "type": "Feature", "properties": { "id": 155584, "nach": 0.61100367197509775 }, "geometry": { "type": "LineString", "coordinates": [ [ -2.9557557, 54.8942374 ], [ -2.9557026, 54.8942347 ], [ -2.95562360000001, 54.894230100000016 ], [ -2.9554641, 54.8942157 ] ] } },
{ "type": "Feature", "properties": { "id": 155591, "nach": 0.43704525347678513 }, "geometry": { "type": "LineString", "coordinates": [ [ -2.9557684, 54.8941606 ], [ -2.9557557, 54.8942374 ] ] } },
{ "type": "Feature", "properties": { "id": 155590, "nach": 0.43760837917690981 }, "geometry": { "type": "LineString", "coordinates": [ [ -2.9557456, 54.8943395 ], [ -2.9557557, 54.8942374 ] ] } },
{ "type": "Feature", "properties": { "id": 115724, "nach": 0.50743532328744223 }, "geometry": { "type": "LineString", "coordinates": [ [ -2.9547233, 54.8941554 ], [ -2.95473020000001, 54.8939582 ], [ -2.9547215, 54.8939159 ], [ -2.95465450000001, 54.8938597 ] ] } },
{ "type": "Feature", "properties": { "id": 115729, "nach": 0.64847108899886474 }, "geometry": { "type": "LineString", "coordinates": [ [ -2.9539925, 54.8940892 ], [ -2.9545127, 54.8941363 ], [ -2.9547233, 54.8941554 ] ] } },
{ "type": "Feature", "properties": { "id": 150413, "nach": 0.65162591228727895 }, "geometry": { "type": "LineString", "coordinates": [ [ -2.9554641, 54.8942157 ], [ -2.9548499, 54.8941657 ], [ -2.9547233, 54.8941554 ] ] } },
{ "type": "Feature", "properties": { "id": 152995, "nach": 0.49429836328174753 }, "geometry": { "type": "LineString", "coordinates": [ [ -2.9535882, 54.8931929 ], [ -2.9532115, 54.8933617 ], [ -2.9536227, 54.89361670000001 ], [ -2.9540233, 54.8938286 ], [ -2.95465450000001, 54.8938597 ] ] } },
{ "type": "Feature", "properties": { "id": 117498, "nach": 0.63474546855531444 }, "geometry": { "type": "LineString", "coordinates": [ [ -2.95410150000001, 54.894549 ], [ -2.9540331, 54.8943373 ], [ -2.9539877, 54.8941772 ], [ -2.9539925, 54.8940892 ] ] } },
{ "type": "Feature", "properties": { "id": 115731, "nach": 0.65011610388470542 }, "geometry": { "type": "LineString", "coordinates": [ [ -2.953511, 54.894052200000012 ], [ -2.9535635, 54.8940519 ], [ -2.9539925, 54.8940892 ] ] } },
{ "type": "Feature", "properties": { "id": 117496, "nach": 0.48517139186888653 }, "geometry": { "type": "LineString", "coordinates": [ [ -2.95410150000001, 54.894549 ], [ -2.9539915, 54.8945553 ], [ -2.9535736, 54.8945926 ], [ -2.9534119, 54.8946207 ], [ -2.9532675, 54.8946654 ], [ -2.953156, 54.894709 ], [ -2.95306250000001, 54.8947688 ], [ -2.9529938, 54.8948233 ], [ -2.9528963, 54.89491240000001 ] ] } },
{ "type": "Feature", "properties": { "id": 135053, "nach": 0.62944826276204358 }, "geometry": { "type": "LineString", "coordinates": [ [ -2.9543025, 54.895063899999982 ], [ -2.9542217, 54.8948578 ], [ -2.9541407, 54.8946433 ], [ -2.95410150000001, 54.894549 ] ] } },
{ "type": "Feature", "properties": { "id": 138794, "nach": 0.64074413973324984 }, "geometry": { "type": "LineString", "coordinates": [ [ -2.9528332, 54.8940434 ], [ -2.953511, 54.894052200000012 ] ] } },
{ "type": "Feature", "properties": { "id": 116235, "nach": 0.53998999396575909 }, "geometry": { "type": "LineString", "coordinates": [ [ -2.9524138, 54.893251 ], [ -2.9530484, 54.8937134 ], [ -2.95348230000001, 54.8940058 ], [ -2.953511, 54.894052200000012 ] ] } },
{ "type": "Feature", "properties": { "id": 138793, "nach": 0.63980119065884933 }, "geometry": { "type": "LineString", "coordinates": [ [ -2.9528332, 54.8940434 ], [ -2.9523235, 54.8940516 ] ] } },
{ "type": "Feature", "properties": { "id": 138796, "nach": 0.4364620842922225 }, "geometry": { "type": "LineString", "coordinates": [ [ -2.952849, 54.8943285 ], [ -2.9528332, 54.8940434 ] ] } },
{ "type": "Feature", "properties": { "id": 154930, "nach": 0.42753627644376263 }, "geometry": { "type": "LineString", "coordinates": [ [ -2.9489655, 54.8939867 ], [ -2.9489656, 54.8940237 ] ] } },
{ "type": "Feature", "properties": { "id": 154933, "nach": 0.62034066314734626 }, "geometry": { "type": "LineString", "coordinates": [ [ -2.949113, 54.8940166 ], [ -2.9489656, 54.8940237 ] ] } },
{ "type": "Feature", "properties": { "id": 154929, "nach": 0.5502226812905614 }, "geometry": { "type": "LineString", "coordinates": [ [ -2.9489655, 54.8939867 ], [ -2.949113, 54.8940166 ] ] } },
{ "type": "Feature", "properties": { "id": 154937, "nach": 0.52760380979185828 }, "geometry": { "type": "LineString", "coordinates": [ [ -2.9488796, 54.8936707 ], [ -2.9489494, 54.893711300000014 ], [ -2.9488434, 54.8937599 ], [ -2.9488113, 54.8938023 ], [ -2.9488207, 54.8938501 ], [ -2.9488595, 54.8939049 ], [ -2.9489011, 54.89393110000001 ], [ -2.9489668, 54.89394810000001 ], [ -2.9489655, 54.8939867 ] ] } },
{ "type": "Feature", "properties": { "id": 127479, "nach": 0.63712617139248562 }, "geometry": { "type": "LineString", "coordinates": [ [ -2.9507788, 54.8940701 ], [ -2.9510457, 54.8940796 ] ] } },
{ "type": "Feature", "properties": { "id": 115741, "nach": 0.63730088037386701 }, "geometry": { "type": "LineString", "coordinates": [ [ -2.9513419, 54.8940772 ], [ -2.9510457, 54.8940796 ] ] } },
{ "type": "Feature", "properties": { "id": 115746, "nach": 0.56359511269182827 }, "geometry": { "type": "LineString", "coordinates": [ [ -2.9511174, 54.89437550000001 ], [ -2.9510592, 54.8942996 ], [ -2.9510457, 54.8940796 ] ] } },
{ "type": "Feature", "properties": { "id": 154932, "nach": 0.63640077127790096 }, "geometry": { "type": "LineString", "coordinates": [ [ -2.949113, 54.8940166 ], [ -2.9507788, 54.8940701 ] ] } },
{ "type": "Feature", "properties": { "id": 127481, "nach": 0.44457826940770673 }, "geometry": { "type": "LineString", "coordinates": [ [ -2.9506707, 54.893901300000017 ], [ -2.950797, 54.89397210000002 ], [ -2.9507788, 54.8940701 ] ] } },
{ "type": "Feature", "properties": { "id": 115742, "nach": 0.64076166488861419 }, "geometry": { "type": "LineString", "coordinates": [ [ -2.9513419, 54.8940772 ], [ -2.9523235, 54.8940516 ] ] } },
{ "type": "Feature", "properties": { "id": 115743, "nach": 0.5803389054828324 }, "geometry": { "type": "LineString", "coordinates": [ [ -2.9513419, 54.8940772 ], [ -2.9513083, 54.8939786 ], [ -2.9511331, 54.8938183 ] ] } },
{ "type": "Feature", "properties": { "id": 136491, "nach": 0.36212641448650762 }, "geometry": { "type": "LineString", "coordinates": [ [ -2.9525506, 54.8980685 ], [ -2.9519909, 54.8970535 ], [ -2.9511243, 54.8963615 ], [ -2.9508642, 54.8959186 ], [ -2.9507562, 54.8953902 ], [ -2.9505782, 54.8948548 ], [ -2.9505566, 54.8947349 ], [ -2.9506282, 54.8946199 ], [ -2.9506981, 54.8945374 ], [ -2.9508024, 54.8944736 ], [ -2.9511174, 54.89437550000001 ] ] } },
{ "type": "Feature", "properties": { "id": 136204, "nach": 0.43117126771364428 }, "geometry": { "type": "LineString", "coordinates": [ [ -2.9514831, 54.8943334 ], [ -2.952269, 54.89430260000001 ], [ -2.9523235, 54.8940516 ] ] } },
{ "type": "Feature", "properties": { "id": 116469, "nach": 0.44140825475870005 }, "geometry": { "type": "LineString", "coordinates": [ [ -2.9511331, 54.8938183 ], [ -2.9519818, 54.8934432 ] ] } },
{ "type": "Feature", "properties": { "id": 135712, "nach": 0.57330611640764373 }, "geometry": { "type": "LineString", "coordinates": [ [ -2.9509123, 54.8936025 ], [ -2.9511331, 54.8938183 ] ] } },
{ "type": "Feature", "properties": { "id": 136495, "nach": 0.38237707457910697 }, "geometry": { "type": "LineString", "coordinates": [ [ -2.9500808, 54.898086900000017 ], [ -2.9502492, 54.8981054 ], [ -2.9506445, 54.8981111 ], [ -2.9510355, 54.8981348 ], [ -2.9514081, 54.898146099999984 ], [ -2.9516596, 54.898141 ], [ -2.9519309, 54.8981355 ], [ -2.9522262, 54.8981118 ], [ -2.95233870000001, 54.8980908 ], [ -2.9525506, 54.8980685 ] ] } },
{ "type": "Feature", "properties": { "id": 116165, "nach": 0.56167800232465726 }, "geometry": { "type": "LineString", "coordinates": [ [ -2.963680400000011, 54.8913788 ], [ -2.9639323, 54.8909382 ] ] } },
{ "type": "Feature", "properties": { "id": 133522, "nach": 0.56526405983366712 }, "geometry": { "type": "LineString", "coordinates": [ [ -2.9627066, 54.8905516 ], [ -2.9639323, 54.8909382 ] ] } },
{ "type": "Feature", "properties": { "id": 116083, "nach": 0.50916014308808955 }, "geometry": { "type": "LineString", "coordinates": [ [ -2.9639323, 54.8909382 ], [ -2.9641389, 54.890651199999986 ], [ -2.9646868, 54.8900897 ] ] } },
{ "type": "Feature", "properties": { "id": 116143, "nach": 0.54345881976937993 }, "geometry": { "type": "LineString", "coordinates": [ [ -2.9653388, 54.8912798 ], [ -2.964897800000011, 54.891197900000016 ], [ -2.9642726, 54.8910276 ], [ -2.9639323, 54.8909382 ] ] } },
{ "type": "Feature", "properties": { "id": 116166, "nach": 0.56170736514165642 }, "geometry": { "type": "LineString", "coordinates": [ [ -2.963680400000011, 54.8913788 ], [ -2.9636144, 54.8915611 ] ] } },
{ "type": "Feature", "properties": { "id": 116297, "nach": 0.49444057422171594 }, "geometry": { "type": "LineString", "coordinates": [ [ -2.9618445, 54.8910787 ], [ -2.9625614, 54.891185 ], [ -2.963680400000011, 54.8913788 ] ] } },
{ "type": "Feature", "properties": { "id": 133524, "nach": 0.5654889970203455 }, "geometry": { "type": "LineString", "coordinates": [ [ -2.9627066, 54.8905516 ], [ -2.9623036, 54.8904321 ], [ -2.9617878, 54.8902446 ] ] } },
{ "type": "Feature", "properties": { "id": 133528, "nach": 0.47231707059900613 }, "geometry": { "type": "LineString", "coordinates": [ [ -2.9630027, 54.890229600000012 ], [ -2.9627066, 54.8905516 ] ] } },
{ "type": "Feature", "properties": { "id": 116087, "nach": 0.4046226481779237 }, "geometry": { "type": "LineString", "coordinates": [ [ -2.96246710000001, 54.8918058 ], [ -2.9634669, 54.8919083 ] ] } },
{ "type": "Feature", "properties": { "id": 116160, "nach": 0.55929145860397633 }, "geometry": { "type": "LineString", "coordinates": [ [ -2.9636144, 54.8915611 ], [ -2.9634669, 54.8919083 ] ] } },
{ "type": "Feature", "properties": { "id": 128347, "nach": 0.55951337020826308 }, "geometry": { "type": "LineString", "coordinates": [ [ -2.9634473, 54.8919955 ], [ -2.9634669, 54.8919083 ] ] } },
{ "type": "Feature", "properties": { "id": 116161, "nach": 0.40728598798367249 }, "geometry": { "type": "LineString", "coordinates": [ [ -2.9636144, 54.8915611 ], [ -2.9640064, 54.8916318 ], [ -2.9640705, 54.8917032 ], [ -2.9640118, 54.8918565 ] ] } },
{ "type": "Feature", "properties": { "id": 128348, "nach": 0.55158323512565255 }, "geometry": { "type": "LineString", "coordinates": [ [ -2.9634473, 54.8919955 ], [ -2.9633686, 54.8923468 ], [ -2.9633415, 54.892501600000017 ] ] } },
{ "type": "Feature", "properties": { "id": 128349, "nach": 0.43228568374121551 }, "geometry": { "type": "LineString", "coordinates": [ [ -2.9634473, 54.8919955 ], [ -2.9635463, 54.8920013 ], [ -2.9636154, 54.8920399 ], [ -2.9637145, 54.892188499999989 ], [ -2.9636456, 54.8923615 ] ] } },
{ "type": "Feature", "properties": { "id": 116118, "nach": 0.54455511498337872 }, "geometry": { "type": "LineString", "coordinates": [ [ -2.9665404, 54.8928908 ], [ -2.96562, 54.8929569 ] ] } },
{ "type": "Feature", "properties": { "id": 116228, "nach": 0.49823728955074753 }, "geometry": { "type": "LineString", "coordinates": [ [ -2.967602400000011, 54.8926996 ], [ -2.9665404, 54.8928908 ] ] } },
{ "type": "Feature", "properties": { "id": 116123, "nach": 0.55789599564808479 }, "geometry": { "type": "LineString", "coordinates": [ [ -2.9667778, 54.8921221 ], [ -2.9665404, 54.8928908 ] ] } },
{ "type": "Feature", "properties": { "id": 116136, "nach": 0.54671640033858626 }, "geometry": { "type": "LineString", "coordinates": [ [ -2.9662801, 54.8936845 ], [ -2.9665404, 54.8928908 ] ] } },
{ "type": "Feature", "properties": { "id": 139074, "nach": 0.54336223023953467 }, "geometry": { "type": "LineString", "coordinates": [ [ -2.96562, 54.8929569 ], [ -2.9652567, 54.8929732 ] ] } },
{ "type": "Feature", "properties": { "id": 139076, "nach": 0.4062360686925412 }, "geometry": { "type": "LineString", "coordinates": [ [ -2.96558490000001, 54.892708700000014 ], [ -2.96562, 54.8929569 ] ] } },
{ "type": "Feature", "properties": { "id": 128352, "nach": 0.45632956727246277 }, "geometry": { "type": "LineString", "coordinates": [ [ -2.9640106, 54.8925218 ], [ -2.9641567, 54.8924333 ], [ -2.9651202, 54.8921994 ], [ -2.9656731, 54.8920732 ], [ -2.9660359, 54.891985299999988 ] ] } },
{ "type": "Feature", "properties": { "id": 116134, "nach": 0.54737620599656522 }, "geometry": { "type": "LineString", "coordinates": [ [ -2.9660389, 54.8943705 ], [ -2.9662801, 54.8936845 ] ] } },
{ "type": "Feature", "properties": { "id": 116342, "nach": 0.40814099476578636 }, "geometry": { "type": "LineString", "coordinates": [ [ -2.9668633, 54.893739 ], [ -2.9662801, 54.8936845 ] ] } },
{ "type": "Feature", "properties": { "id": 152987, "nach": 0.46648217025614647 }, "geometry": { "type": "LineString", "coordinates": [ [ -2.9650488, 54.8918168 ], [ -2.9652841, 54.8913807 ] ] } },
{ "type": "Feature", "properties": { "id": 152988, "nach": 0.39815225741645927 }, "geometry": { "type": "LineString", "coordinates": [ [ -2.9650488, 54.8918168 ], [ -2.9650187, 54.8918725 ] ] } },
{ "type": "Feature", "properties": { "id": 152989, "nach": 0.39794241655046708 }, "geometry": { "type": "LineString", "coordinates": [ [ -2.9650488, 54.8918168 ], [ -2.9652009, 54.8918479 ] ] } },
{ "type": "Feature", "properties": { "id": 128330, "nach": 0.57006522887409095 }, "geometry": { "type": "LineString", "coordinates": [ [ -2.9633415, 54.892501600000017 ], [ -2.963248, 54.8930354 ] ] } },
{ "type": "Feature", "properties": { "id": 116168, "nach": 0.53839406307668558 }, "geometry": { "type": "LineString", "coordinates": [ [ -2.963248, 54.8930354 ], [ -2.9632094, 54.893202100000018 ] ] } },
{ "type": "Feature", "properties": { "id": 116169, "nach": 0.53229199759519452 }, "geometry": { "type": "LineString", "coordinates": [ [ -2.963248, 54.8930354 ], [ -2.9614964, 54.8929458 ], [ -2.9602653, 54.892973499999989 ] ] } },
{ "type": "Feature", "properties": { "id": 116225, "nach": 0.52991354747054764 }, "geometry": { "type": "LineString", "coordinates": [ [ -2.9634941, 54.8930523 ], [ -2.963248, 54.8930354 ] ] } },
{ "type": "Feature", "properties": { "id": 128333, "nach": 0.37093548300234958 }, "geometry": { "type": "LineString", "coordinates": [ [ -2.9633415, 54.892501600000017 ], [ -2.9631071, 54.892489199999986 ], [ -2.9629296, 54.8924838 ], [ -2.9627848, 54.8924301 ], [ -2.96257, 54.8923146 ], [ -2.96187380000001, 54.8923 ], [ -2.9610515, 54.8923471 ], [ -2.959936, 54.8923428 ], [ -2.9596397, 54.8923856 ], [ -2.9593863, 54.8924449 ], [ -2.9587114, 54.8927003 ] ] } },
{ "type": "Feature", "properties": { "id": 128345, "nach": 0.49104599060542631 }, "geometry": { "type": "LineString", "coordinates": [ [ -2.9636348, 54.8925101 ], [ -2.9633415, 54.892501600000017 ] ] } },
{ "type": "Feature", "properties": { "id": 116224, "nach": 0.52905833824687487 }, "geometry": { "type": "LineString", "coordinates": [ [ -2.9634941, 54.8930523 ], [ -2.9632094, 54.893202100000018 ] ] } },
{ "type": "Feature", "properties": { "id": 116176, "nach": 0.57590926940147968 }, "geometry": { "type": "LineString", "coordinates": [ [ -2.9632094, 54.893202100000018 ], [ -2.9630958, 54.8937011 ] ] } },
{ "type": "Feature", "properties": { "id": 116223, "nach": 0.5410805629103691 }, "geometry": { "type": "LineString", "coordinates": [ [ -2.9602653, 54.892973499999989 ], [ -2.9591908, 54.893027 ] ] } },
{ "type": "Feature", "properties": { "id": 116451, "nach": 0.41721288643425325 }, "geometry": { "type": "LineString", "coordinates": [ [ -2.960225, 54.8925874 ], [ -2.9602653, 54.892973499999989 ] ] } },
{ "type": "Feature", "properties": { "id": 116299, "nach": 0.47664553536477833 }, "geometry": { "type": "LineString", "coordinates": [ [ -2.9606218, 54.8935369 ], [ -2.9602653, 54.892973499999989 ] ] } },
{ "type": "Feature", "properties": { "id": 116355, "nach": 0.4957010372475481 }, "geometry": { "type": "LineString", "coordinates": [ [ -2.9619863, 54.8938766 ], [ -2.9630475, 54.8939131 ] ] } },
{ "type": "Feature", "properties": { "id": 139077, "nach": 0.57734958074471343 }, "geometry": { "type": "LineString", "coordinates": [ [ -2.9630958, 54.8937011 ], [ -2.9630475, 54.8939131 ] ] } },
{ "type": "Feature", "properties": { "id": 116358, "nach": 0.40795955253360244 }, "geometry": { "type": "LineString", "coordinates": [ [ -2.9614091, 54.8938632 ], [ -2.9619863, 54.8938766 ] ] } },
{ "type": "Feature", "properties": { "id": 116481, "nach": 0.40831264853973376 }, "geometry": { "type": "LineString", "coordinates": [ [ -2.9620254, 54.8935527 ], [ -2.9619863, 54.8938766 ] ] } },
{ "type": "Feature", "properties": { "id": 116480, "nach": 0.40795955253360244 }, "geometry": { "type": "LineString", "coordinates": [ [ -2.9619631, 54.8942093 ], [ -2.9619863, 54.8938766 ] ] } },
{ "type": "Feature", "properties": { "id": 156843, "nach": 0.56896934170292812 }, "geometry": { "type": "LineString", "coordinates": [ [ -2.96369670000001, 54.8930432 ], [ -2.9634941, 54.8930523 ] ] } },
{ "type": "Feature", "properties": { "id": 139079, "nach": 0.41418554788303474 }, "geometry": { "type": "LineString", "coordinates": [ [ -2.964241, 54.8937227 ], [ -2.9630958, 54.8937011 ] ] } },
{ "type": "Feature", "properties": { "id": 116180, "nach": 0.59582350917629656 }, "geometry": { "type": "LineString", "coordinates": [ [ -2.953969, 54.892018 ], [ -2.9532936, 54.8915546 ] ] } },
{ "type": "Feature", "properties": { "id": 116482, "nach": 0.43049374105954158 }, "geometry": { "type": "LineString", "coordinates": [ [ -2.95462240000001, 54.891706 ], [ -2.953969, 54.892018 ] ] } },
{ "type": "Feature", "properties": { "id": 116336, "nach": 0.59326809783327938 }, "geometry": { "type": "LineString", "coordinates": [ [ -2.9540167, 54.892055100000015 ], [ -2.953969, 54.892018 ] ] } },
{ "type": "Feature", "properties": { "id": 116322, "nach": 0.62192122882311274 }, "geometry": { "type": "LineString", "coordinates": [ [ -2.9519995, 54.8922118 ], [ -2.9532936, 54.8915546 ] ] } },
{ "type": "Feature", "properties": { "id": 116638, "nach": 0.63762212457466005 }, "geometry": { "type": "LineString", "coordinates": [ [ -2.953463, 54.8914634 ], [ -2.9532936, 54.8915546 ] ] } },
{ "type": "Feature", "properties": { "id": 116323, "nach": 0.6255258231219204 }, "geometry": { "type": "LineString", "coordinates": [ [ -2.9519995, 54.8922118 ], [ -2.9514619, 54.8924156 ], [ -2.9512732, 54.8924871 ] ] } },
{ "type": "Feature", "properties": { "id": 127470, "nach": 0.56587985479117331 }, "geometry": { "type": "LineString", "coordinates": [ [ -2.951586, 54.8919673 ], [ -2.9519995, 54.8922118 ] ] } },
{ "type": "Feature", "properties": { "id": 152994, "nach": 0.49907972101215442 }, "geometry": { "type": "LineString", "coordinates": [ [ -2.9535882, 54.8931929 ], [ -2.9535659, 54.8931791 ], [ -2.9519995, 54.8922118 ] ] } },
{ "type": "Feature", "properties": { "id": 141652, "nach": 0.547054422254447 }, "geometry": { "type": "LineString", "coordinates": [ [ -2.953031, 54.8912211 ], [ -2.953463, 54.8914634 ] ] } },
{ "type": "Feature", "properties": { "id": 148163, "nach": 0.62623729404949391 }, "geometry": { "type": "LineString", "coordinates": [ [ -2.9539414, 54.8911861 ], [ -2.9538777, 54.8912317 ], [ -2.953463, 54.8914634 ] ] } },
{ "type": "Feature", "properties": { "id": 116188, "nach": 0.59327125296884964 }, "geometry": { "type": "LineString", "coordinates": [ [ -2.9552104, 54.8928337 ], [ -2.9549744, 54.8926905 ] ] } },
{ "type": "Feature", "properties": { "id": 116441, "nach": 0.42809235097275056 }, "geometry": { "type": "LineString", "coordinates": [ [ -2.9547175, 54.8930892 ], [ -2.9552104, 54.8928337 ] ] } },
{ "type": "Feature", "properties": { "id": 116330, "nach": 0.59267140988409728 }, "geometry": { "type": "LineString", "coordinates": [ [ -2.9559067, 54.8932685 ], [ -2.9552104, 54.8928337 ] ] } },
{ "type": "Feature", "properties": { "id": 116332, "nach": 0.58986206474584313 }, "geometry": { "type": "LineString", "coordinates": [ [ -2.9549744, 54.8926905 ], [ -2.95461360000001, 54.892450599999989 ] ] } },
{ "type": "Feature", "properties": { "id": 116363, "nach": 0.52028483600290076 }, "geometry": { "type": "LineString", "coordinates": [ [ -2.95557410000001, 54.8923905 ], [ -2.9549744, 54.8926905 ] ] } },
{ "type": "Feature", "properties": { "id": 116191, "nach": 0.41198480233285723 }, "geometry": { "type": "LineString", "coordinates": [ [ -2.9605275, 54.8895745 ], [ -2.9610508, 54.8892918 ] ] } },
{ "type": "Feature", "properties": { "id": 155799, "nach": 0.57085097475745938 }, "geometry": { "type": "LineString", "coordinates": [ [ -2.9595358, 54.8889598 ], [ -2.9605275, 54.8895745 ] ] } },
{ "type": "Feature", "properties": { "id": 116378, "nach": 0.56866868068479193 }, "geometry": { "type": "LineString", "coordinates": [ [ -2.9617446, 54.890274800000014 ], [ -2.961477, 54.8901691 ], [ -2.9605275, 54.8895745 ] ] } },
{ "type": "Feature", "properties": { "id": 155802, "nach": 0.50974035473772727 }, "geometry": { "type": "LineString", "coordinates": [ [ -2.9595358, 54.8889598 ], [ -2.9594839, 54.8889844 ], [ -2.9594192, 54.8889455 ], [ -2.9593827, 54.888947 ], [ -2.9589795, 54.8890764 ] ] } },
{ "type": "Feature", "properties": { "id": 116377, "nach": 0.49297167720176388 }, "geometry": { "type": "LineString", "coordinates": [ [ -2.9617446, 54.890274800000014 ], [ -2.9614416, 54.8906457 ], [ -2.9611207, 54.8909178 ] ] } },
{ "type": "Feature", "properties": { "id": 116379, "nach": 0.56544575784686568 }, "geometry": { "type": "LineString", "coordinates": [ [ -2.9617878, 54.8902446 ], [ -2.9617446, 54.890274800000014 ] ] } },
{ "type": "Feature", "properties": { "id": 116370, "nach": 0.50942110233948257 }, "geometry": { "type": "LineString", "coordinates": [ [ -2.9611207, 54.8909178 ], [ -2.9606695, 54.8909573 ] ] } },
{ "type": "Feature", "properties": { "id": 116292, "nach": 0.4096753309145505 }, "geometry": { "type": "LineString", "coordinates": [ [ -2.9603007, 54.8905289 ], [ -2.9606819, 54.8908224 ], [ -2.9607146, 54.8908851 ], [ -2.9606695, 54.8909573 ] ] } },
{ "type": "Feature", "properties": { "id": 116433, "nach": 0.50123197329660452 }, "geometry": { "type": "LineString", "coordinates": [ [ -2.9589442, 54.8911776 ], [ -2.9597827, 54.8910362 ], [ -2.9606695, 54.8909573 ] ] } },
{ "type": "Feature", "properties": { "id": 116371, "nach": 0.50028336547654639 }, "geometry": { "type": "LineString", "coordinates": [ [ -2.9611207, 54.8909178 ], [ -2.9618445, 54.8910787 ] ] } },
{ "type": "Feature", "properties": { "id": 116434, "nach": 0.50359086429912125 }, "geometry": { "type": "LineString", "coordinates": [ [ -2.9589442, 54.8911776 ], [ -2.95770350000001, 54.891457 ], [ -2.95700780000001, 54.8917052 ] ] } },
{ "type": "Feature", "properties": { "id": 116212, "nach": 0.57004578347528001 }, "geometry": { "type": "LineString", "coordinates": [ [ -2.9512732, 54.8924871 ], [ -2.9515206, 54.892652 ] ] } },
{ "type": "Feature", "properties": { "id": 116464, "nach": 0.60235457290295269 }, "geometry": { "type": "LineString", "coordinates": [ [ -2.9502283, 54.8929207 ], [ -2.9508071, 54.892680299999988 ], [ -2.9512732, 54.8924871 ] ] } },
{ "type": "Feature", "properties": { "id": 127482, "nach": 0.54156474921716613 }, "geometry": { "type": "LineString", "coordinates": [ [ -2.9515206, 54.892652 ], [ -2.95185930000001, 54.8928779 ] ] } },
{ "type": "Feature", "properties": { "id": 127484, "nach": 0.49996687691779906 }, "geometry": { "type": "LineString", "coordinates": [ [ -2.9505079, 54.893202 ], [ -2.9515206, 54.892652 ] ] } },
{ "type": "Feature", "properties": { "id": 127485, "nach": 0.55722242511526987 }, "geometry": { "type": "LineString", "coordinates": [ [ -2.9505079, 54.893202 ], [ -2.9502648, 54.8929574 ], [ -2.9502283, 54.8929207 ] ] } },
{ "type": "Feature", "properties": { "id": 116219, "nach": 0.54535032192301869 }, "geometry": { "type": "LineString", "coordinates": [ [ -2.9591908, 54.893027 ], [ -2.9583843, 54.8932041 ] ] } },
{ "type": "Feature", "properties": { "id": 127488, "nach": 0.56426634220087546 }, "geometry": { "type": "LineString", "coordinates": [ [ -2.9579538, 54.89299050000001 ], [ -2.9581944, 54.8930888 ], [ -2.9583843, 54.8932041 ] ] } },
{ "type": "Feature", "properties": { "id": 116495, "nach": 0.41226543849982855 }, "geometry": { "type": "LineString", "coordinates": [ [ -2.9596286, 54.8937335 ], [ -2.9591908, 54.893027 ] ] } },
{ "type": "Feature", "properties": { "id": 120565, "nach": 0.41226118526989253 }, "geometry": { "type": "LineString", "coordinates": [ [ -2.9587114, 54.8927003 ], [ -2.9591101, 54.8929108 ], [ -2.9591908, 54.893027 ] ] } },
{ "type": "Feature", "properties": { "id": 127487, "nach": 0.53500282221128226 }, "geometry": { "type": "LineString", "coordinates": [ [ -2.9579538, 54.89299050000001 ], [ -2.9576119, 54.8928507 ], [ -2.9562984, 54.8920343 ] ] } },
{ "type": "Feature", "properties": { "id": 116343, "nach": 0.41424633007997341 }, "geometry": { "type": "LineString", "coordinates": [ [ -2.9610717, 54.8934435 ], [ -2.9606218, 54.8935369 ] ] } },
{ "type": "Feature", "properties": { "id": 116410, "nach": 0.42867451534223022 }, "geometry": { "type": "LineString", "coordinates": [ [ -2.9556819, 54.8923357 ], [ -2.9553493, 54.8921136 ] ] } },
{ "type": "Feature", "properties": { "id": 116412, "nach": 0.51659853783230669 }, "geometry": { "type": "LineString", "coordinates": [ [ -2.9556819, 54.8923357 ], [ -2.95557410000001, 54.8923905 ] ] } },
{ "type": "Feature", "properties": { "id": 116474, "nach": 0.51304598008924907 }, "geometry": { "type": "LineString", "coordinates": [ [ -2.9562984, 54.8920343 ], [ -2.9556819, 54.8923357 ] ] } },
{ "type": "Feature", "properties": { "id": 135963, "nach": 0.44257971410465669 }, "geometry": { "type": "LineString", "coordinates": [ [ -2.9683464, 54.894619 ], [ -2.9685037, 54.8945258 ] ] } },
{ "type": "Feature", "properties": { "id": 116236, "nach": 0.5377567164870225 }, "geometry": { "type": "LineString", "coordinates": [ [ -2.95185930000001, 54.8928779 ], [ -2.9524138, 54.893251 ] ] } },
{ "type": "Feature", "properties": { "id": 116456, "nach": 0.46181057430100114 }, "geometry": { "type": "LineString", "coordinates": [ [ -2.9519818, 54.8934432 ], [ -2.9524138, 54.893251 ] ] } },
{ "type": "Feature", "properties": { "id": 116237, "nach": 0.24931063355850169 }, "geometry": { "type": "LineString", "coordinates": [ [ -2.95185930000001, 54.8928779 ], [ -2.9506862, 54.8933814 ] ] } },
{ "type": "Feature", "properties": { "id": 135719, "nach": 0.57292850869183509 }, "geometry": { "type": "LineString", "coordinates": [ [ -2.9506862, 54.8933814 ], [ -2.9509123, 54.8936025 ] ] } },
{ "type": "Feature", "properties": { "id": 135718, "nach": 0.5751978715832945 }, "geometry": { "type": "LineString", "coordinates": [ [ -2.9506862, 54.8933814 ], [ -2.9505079, 54.893202 ] ] } },
{ "type": "Feature", "properties": { "id": 116289, "nach": 0.42824571792682276 }, "geometry": { "type": "LineString", "coordinates": [ [ -2.9565776, 54.8939463 ], [ -2.9566058, 54.8938202 ] ] } },
{ "type": "Feature", "properties": { "id": 116460, "nach": 0.42874713397909553 }, "geometry": { "type": "LineString", "coordinates": [ [ -2.95637460000001, 54.8939299 ], [ -2.9565776, 54.8939463 ] ] } },
{ "type": "Feature", "properties": { "id": 116296, "nach": 0.47595444784175484 }, "geometry": { "type": "LineString", "coordinates": [ [ -2.9618445, 54.8910787 ], [ -2.961669, 54.89141930000001 ] ] } },
{ "type": "Feature", "properties": { "id": 152991, "nach": 0.40712478533634638 }, "geometry": { "type": "LineString", "coordinates": [ [ -2.9614655, 54.8913903 ], [ -2.961669, 54.89141930000001 ] ] } },
{ "type": "Feature", "properties": { "id": 152990, "nach": 0.40730415633554595 }, "geometry": { "type": "LineString", "coordinates": [ [ -2.9618464, 54.8914509 ], [ -2.961669, 54.89141930000001 ] ] } },
{ "type": "Feature", "properties": { "id": 127471, "nach": 0.55561830981492522 }, "geometry": { "type": "LineString", "coordinates": [ [ -2.951586, 54.8919673 ], [ -2.9514145, 54.8918659 ] ] } },
{ "type": "Feature", "properties": { "id": 127473, "nach": 0.4295345178687518 }, "geometry": { "type": "LineString", "coordinates": [ [ -2.95261810000001, 54.8917516 ], [ -2.9522775, 54.8915511 ], [ -2.951586, 54.8919673 ] ] } },
{ "type": "Feature", "properties": { "id": 116471, "nach": 0.42915817879933837 }, "geometry": { "type": "LineString", "coordinates": [ [ -2.956431, 54.8930218 ], [ -2.9559067, 54.8932685 ] ] } },
{ "type": "Feature", "properties": { "id": 116334, "nach": 0.59075279385589508 }, "geometry": { "type": "LineString", "coordinates": [ [ -2.95461360000001, 54.892450599999989 ], [ -2.9540167, 54.892055100000015 ] ] } },
{ "type": "Feature", "properties": { "id": 116450, "nach": 0.42975667884708535 }, "geometry": { "type": "LineString", "coordinates": [ [ -2.9541158, 54.8926985 ], [ -2.95461360000001, 54.892450599999989 ] ] } },
{ "type": "Feature", "properties": { "id": 128455, "nach": 0.42470758601308684 }, "geometry": { "type": "LineString", "coordinates": [ [ -2.9559073, 54.8928688 ], [ -2.9559066, 54.8926035 ], [ -2.95557410000001, 54.8923905 ] ] } },
{ "type": "Feature", "properties": { "id": 116448, "nach": 0.43327402846904217 }, "geometry": { "type": "LineString", "coordinates": [ [ -2.9535446, 54.8922806 ], [ -2.9540167, 54.892055100000015 ] ] } },
{ "type": "Feature", "properties": { "id": 116385, "nach": 0.51241664848957635 }, "geometry": { "type": "LineString", "coordinates": [ [ -2.962416900000011, 54.8897033 ], [ -2.9622333, 54.8898486 ], [ -2.962143, 54.8899841 ], [ -2.9617878, 54.8902446 ] ] } },
{ "type": "Feature", "properties": { "id": 135962, "nach": 0.37495595725202668 }, "geometry": { "type": "LineString", "coordinates": [ [ -2.9683464, 54.894619 ], [ -2.9683039, 54.8946442 ] ] } },
{ "type": "Feature", "properties": { "id": 135964, "nach": 0.37184810086870868 }, "geometry": { "type": "LineString", "coordinates": [ [ -2.9683464, 54.894619 ], [ -2.9681754, 54.8945508 ] ] } },
{ "type": "Feature", "properties": { "id": 116473, "nach": 0.51780130947078928 }, "geometry": { "type": "LineString", "coordinates": [ [ -2.9562984, 54.8920343 ], [ -2.95700780000001, 54.8917052 ] ] } },
{ "type": "Feature", "properties": { "id": 155722, "nach": 0.55432429775976588 }, "geometry": { "type": "LineString", "coordinates": [ [ -2.9544012, 54.8909875 ], [ -2.9550476, 54.8912263 ], [ -2.9562984, 54.8920343 ] ] } },
{ "type": "Feature", "properties": { "id": 116432, "nach": 0.42055860264012301 }, "geometry": { "type": "LineString", "coordinates": [ [ -2.95700780000001, 54.8917052 ], [ -2.9580364, 54.89234410000001 ], [ -2.9587114, 54.8927003 ] ] } },
{ "type": "Feature", "properties": { "id": 155777, "nach": 0.53188811599074404 }, "geometry": { "type": "LineString", "coordinates": [ [ -2.9589037, 54.8889768 ], [ -2.9593585, 54.8888253 ] ] } },
{ "type": "Feature", "properties": { "id": 137795, "nach": 0.52273665217100929 }, "geometry": { "type": "LineString", "coordinates": [ [ -2.9594216, 54.8888824 ], [ -2.9593036, 54.8889194 ], [ -2.9589477, 54.8890326 ] ] } },
{ "type": "Feature", "properties": { "id": 155778, "nach": 0.41806080377517363 }, "geometry": { "type": "LineString", "coordinates": [ [ -2.9589037, 54.8889768 ], [ -2.9589477, 54.8890326 ] ] } },
{ "type": "Feature", "properties": { "id": 152996, "nach": 0.43111915377003296 }, "geometry": { "type": "LineString", "coordinates": [ [ -2.9528681, 54.8938234 ], [ -2.9525016, 54.8938183 ], [ -2.9519818, 54.8934432 ] ] } },
{ "type": "Feature", "properties": { "id": 155766, "nach": 0.32419035686951903 }, "geometry": { "type": "LineString", "coordinates": [ [ -2.9563409, 54.8898867 ], [ -2.9563054, 54.8898577 ] ] } },
{ "type": "Feature", "properties": { "id": 135714, "nach": 0.50271050598333444 }, "geometry": { "type": "LineString", "coordinates": [ [ -2.950456, 54.8937585 ], [ -2.9509123, 54.8936025 ] ] } },
{ "type": "Feature", "properties": { "id": 155720, "nach": 0.49859745205732436 }, "geometry": { "type": "LineString", "coordinates": [ [ -2.9544012, 54.8909875 ], [ -2.9543514, 54.8909689 ] ] } },
{ "type": "Feature", "properties": { "id": 155723, "nach": 0.0 }, "geometry": { "type": "LineString", "coordinates": [ [ -2.9544012, 54.8909875 ], [ -2.9543678, 54.89102 ], [ -2.9543047, 54.8910204 ], [ -2.9542531, 54.8910324 ], [ -2.9540499, 54.8911924 ], [ -2.954007, 54.8912217 ], [ -2.9539414, 54.8911861 ] ] } },
{ "type": "Feature", "properties": { "id": 155725, "nach": 0.53195793887151677 }, "geometry": { "type": "LineString", "coordinates": [ [ -2.9546031, 54.890838 ], [ -2.9544012, 54.8909875 ] ] } },
{ "type": "Feature", "properties": { "id": 155769, "nach": 0.40192231208363255 }, "geometry": { "type": "LineString", "coordinates": [ [ -2.9563409, 54.8898867 ], [ -2.9564757, 54.8899969 ], [ -2.9569417, 54.890231900000011 ], [ -2.957498, 54.8900208 ] ] } },
{ "type": "Feature", "properties": { "id": 155768, "nach": 0.5384242613374054 }, "geometry": { "type": "LineString", "coordinates": [ [ -2.9563409, 54.8898867 ], [ -2.9558611, 54.8900802 ] ] } },
{ "type": "Feature", "properties": { "id": 155771, "nach": 0.53355762697583398 }, "geometry": { "type": "LineString", "coordinates": [ [ -2.9568252, 54.889695 ], [ -2.9563409, 54.8898867 ] ] } },
{ "type": "Feature", "properties": { "id": 116557, "nach": 0.48570601935751562 }, "geometry": { "type": "LineString", "coordinates": [ [ -2.9631334, 54.896860100000012 ], [ -2.963065, 54.896609 ] ] } },
{ "type": "Feature", "properties": { "id": 116544, "nach": 0.50978167407873121 }, "geometry": { "type": "LineString", "coordinates": [ [ -2.9630842, 54.8961056 ], [ -2.963065, 54.896609 ] ] } },
{ "type": "Feature", "properties": { "id": 116597, "nach": 0.39373928762520766 }, "geometry": { "type": "LineString", "coordinates": [ [ -2.9623169, 54.8966239 ], [ -2.963065, 54.896609 ] ] } },
{ "type": "Feature", "properties": { "id": 116556, "nach": 0.44926836803687042 }, "geometry": { "type": "LineString", "coordinates": [ [ -2.9631334, 54.896860100000012 ], [ -2.9632065, 54.8973088 ] ] } },
{ "type": "Feature", "properties": { "id": 116574, "nach": 0.39058872892703422 }, "geometry": { "type": "LineString", "coordinates": [ [ -2.9636786, 54.8968378 ], [ -2.9631334, 54.896860100000012 ] ] } },
{ "type": "Feature", "properties": { "id": 116596, "nach": 0.39947635913666518 }, "geometry": { "type": "LineString", "coordinates": [ [ -2.9621027, 54.8961403 ], [ -2.9630842, 54.8961056 ] ] } },
{ "type": "Feature", "properties": { "id": 116561, "nach": 0.52897587999970141 }, "geometry": { "type": "LineString", "coordinates": [ [ -2.963398200000011, 54.89536840000001 ], [ -2.9632277, 54.8955832 ], [ -2.9630842, 54.8961056 ] ] } },
{ "type": "Feature", "properties": { "id": 116571, "nach": 0.57709321209147124 }, "geometry": { "type": "LineString", "coordinates": [ [ -2.9635161, 54.8952574 ], [ -2.963398200000011, 54.89536840000001 ] ] } },
{ "type": "Feature", "properties": { "id": 135967, "nach": 0.5314663793318587 }, "geometry": { "type": "LineString", "coordinates": [ [ -2.965157, 54.895406 ], [ -2.9635161, 54.8952574 ] ] } },
{ "type": "Feature", "properties": { "id": 116593, "nach": 0.27375071413701585 }, "geometry": { "type": "LineString", "coordinates": [ [ -2.96594960000001, 54.8967683 ], [ -2.9648914, 54.8966933 ] ] } },
{ "type": "Feature", "properties": { "id": 116543, "nach": 0.5033425925732663 }, "geometry": { "type": "LineString", "coordinates": [ [ -2.9649416, 54.8972383 ], [ -2.9650032, 54.8968733 ], [ -2.9648914, 54.8966933 ] ] } },
{ "type": "Feature", "properties": { "id": 116540, "nach": 0.51247161459127866 }, "geometry": { "type": "LineString", "coordinates": [ [ -2.9649432, 54.896252600000011 ], [ -2.9648728, 54.8965677 ], [ -2.9648914, 54.8966933 ] ] } },
{ "type": "Feature", "properties": { "id": 116595, "nach": 0.41714598926735319 }, "geometry": { "type": "LineString", "coordinates": [ [ -2.96594960000001, 54.8967683 ], [ -2.9659828, 54.8965241 ], [ -2.9659621, 54.8964566 ], [ -2.9660354, 54.8961495 ], [ -2.9650005, 54.8960463 ] ] } },
{ "type": "Feature", "properties": { "id": 144038, "nach": 0.37874732080858403 }, "geometry": { "type": "LineString", "coordinates": [ [ -2.9659046, 54.8970198 ], [ -2.96594960000001, 54.8967683 ] ] } },
{ "type": "Feature", "properties": { "id": 128188, "nach": 0.4742764524545951 }, "geometry": { "type": "LineString", "coordinates": [ [ -2.965749, 54.8972976 ], [ -2.9649416, 54.8972383 ] ] } },
{ "type": "Feature", "properties": { "id": 116553, "nach": 0.41856103940738909 }, "geometry": { "type": "LineString", "coordinates": [ [ -2.964615, 54.8972135 ], [ -2.9649416, 54.8972383 ] ] } },
{ "type": "Feature", "properties": { "id": 116539, "nach": 0.55425435631797404 }, "geometry": { "type": "LineString", "coordinates": [ [ -2.9649432, 54.896252600000011 ], [ -2.9650005, 54.8960463 ] ] } },
{ "type": "Feature", "properties": { "id": 116563, "nach": 0.50645925690299509 }, "geometry": { "type": "LineString", "coordinates": [ [ -2.9642406, 54.8962132 ], [ -2.9649432, 54.896252600000011 ] ] } },
{ "type": "Feature", "properties": { "id": 116569, "nach": 0.38412192355468922 }, "geometry": { "type": "LineString", "coordinates": [ [ -2.9641404, 54.8959354 ], [ -2.9640889, 54.8957381 ] ] } },
{ "type": "Feature", "properties": { "id": 116568, "nach": 0.45407076975285454 }, "geometry": { "type": "LineString", "coordinates": [ [ -2.9641404, 54.8959354 ], [ -2.9642406, 54.8962132 ] ] } },
{ "type": "Feature", "properties": { "id": 116589, "nach": 0.38641789337401816 }, "geometry": { "type": "LineString", "coordinates": [ [ -2.96395290000001, 54.8959189 ], [ -2.9641404, 54.8959354 ] ] } },
{ "type": "Feature", "properties": { "id": 116548, "nach": 0.54720079775143116 }, "geometry": { "type": "LineString", "coordinates": [ [ -2.966828, 54.8955187 ], [ -2.9667855, 54.8956987 ] ] } },
{ "type": "Feature", "properties": { "id": 143375, "nach": 0.51024197601988386 }, "geometry": { "type": "LineString", "coordinates": [ [ -2.9667304, 54.8958428 ], [ -2.9667721, 54.8957887 ], [ -2.9667855, 54.8956987 ] ] } },
{ "type": "Feature", "properties": { "id": 116533, "nach": 0.52746410649470621 }, "geometry": { "type": "LineString", "coordinates": [ [ -2.9651028, 54.8956047 ], [ -2.9651919, 54.895611700000011 ], [ -2.9660486, 54.8956791 ], [ -2.9667855, 54.8956987 ] ] } },
{ "type": "Feature", "properties": { "id": 135968, "nach": 0.43125261969782469 }, "geometry": { "type": "LineString", "coordinates": [ [ -2.965157, 54.895406 ], [ -2.966828, 54.8955187 ] ] } },
{ "type": "Feature", "properties": { "id": 143376, "nach": 0.0 }, "geometry": { "type": "LineString", "coordinates": [ [ -2.9667304, 54.8958428 ], [ -2.9665906, 54.8960238 ], [ -2.9665117, 54.8966355 ], [ -2.9666217, 54.8966706 ], [ -2.9676439, 54.8967283 ] ] } },
{ "type": "Feature", "properties": { "id": 143377, "nach": 0.49715900256916196 }, "geometry": { "type": "LineString", "coordinates": [ [ -2.9667304, 54.8958428 ], [ -2.966885, 54.8959224 ], [ -2.96701430000001, 54.8959999 ], [ -2.967004, 54.8963093 ], [ -2.9677307, 54.8963643 ] ] } },
{ "type": "Feature", "properties": { "id": 135965, "nach": 0.51798210705423142 }, "geometry": { "type": "LineString", "coordinates": [ [ -2.965157, 54.895406 ], [ -2.9651028, 54.8956047 ] ] } },
{ "type": "Feature", "properties": { "id": 116536, "nach": 0.5654397975560993 }, "geometry": { "type": "LineString", "coordinates": [ [ -2.9650005, 54.8960463 ], [ -2.9651028, 54.8956047 ] ] } },
{ "type": "Feature", "properties": { "id": 116583, "nach": 0.52725230925555888 }, "geometry": { "type": "LineString", "coordinates": [ [ -2.9635373, 54.8954909 ], [ -2.9635767, 54.8954938 ], [ -2.9651028, 54.8956047 ] ] } },
{ "type": "Feature", "properties": { "id": 157522, "nach": 0.38476152396853053 }, "geometry": { "type": "LineString", "coordinates": [ [ -2.9652411, 54.8950976 ], [ -2.965157, 54.895406 ] ] } },
{ "type": "Feature", "properties": { "id": 116582, "nach": 0.56649179078506029 }, "geometry": { "type": "LineString", "coordinates": [ [ -2.9635373, 54.8954909 ], [ -2.963398200000011, 54.89536840000001 ] ] } },
{ "type": "Feature", "properties": { "id": 152246, "nach": 0.58389301473751198 }, "geometry": { "type": "LineString", "coordinates": [ [ -2.964123, 54.8977378 ], [ -2.9641134, 54.897559200000011 ], [ -2.9640164, 54.8971598 ], [ -2.9639323, 54.8969563 ], [ -2.9638019, 54.8964877 ], [ -2.9637045, 54.8960985 ], [ -2.9635768, 54.8956642 ], [ -2.9635373, 54.8954909 ] ] } },
{ "type": "Feature", "properties": { "id": 116566, "nach": 0.45226456082586591 }, "geometry": { "type": "LineString", "coordinates": [ [ -2.9642806, 54.8965814 ], [ -2.9643081, 54.8964284 ], [ -2.9642406, 54.8962132 ] ] } },
{ "type": "Feature", "properties": { "id": 116605, "nach": 0.37258446596564498 }, "geometry": { "type": "LineString", "coordinates": [ [ -2.9644451, 54.8968824 ], [ -2.9644817, 54.8971639 ], [ -2.964615, 54.8972135 ] ] } },
{ "type": "Feature", "properties": { "id": 128193, "nach": 0.13669344749808171 }, "geometry": { "type": "LineString", "coordinates": [ [ -2.9656897, 54.897604 ], [ -2.9651777, 54.8975638 ], [ -2.9646462, 54.8975221 ], [ -2.9645688, 54.8974988 ], [ -2.9645441, 54.8974633 ], [ -2.964615, 54.8972135 ] ] } },
{ "type": "Feature", "properties": { "id": 116610, "nach": 0.37829422527761747 }, "geometry": { "type": "LineString", "coordinates": [ [ -2.9638643, 54.8974294 ], [ -2.9637853, 54.8973851 ], [ -2.9632065, 54.8973088 ] ] } },
{ "type": "Feature", "properties": { "id": 116603, "nach": 0.37685388020487254 }, "geometry": { "type": "LineString", "coordinates": [ [ -2.9625628, 54.8971252 ], [ -2.9627042, 54.897169 ], [ -2.9627213, 54.8972318 ], [ -2.9628483, 54.8973296 ], [ -2.9630356, 54.8973371 ], [ -2.9632065, 54.8973088 ] ] } },
{ "type": "Feature", "properties": { "id": 116614, "nach": 0.3859149473243958 }, "geometry": { "type": "LineString", "coordinates": [ [ -2.9641557, 54.8965734 ], [ -2.9642806, 54.8965814 ] ] } },
{ "type": "Feature", "properties": { "id": 116601, "nach": 0.38037305166362834 }, "geometry": { "type": "LineString", "coordinates": [ [ -2.9647637, 54.8965685 ], [ -2.9647492, 54.8966136 ], [ -2.9642806, 54.8965814 ] ] } },
{ "type": "Feature", "properties": { "id": 128168, "nach": 0.38214811900348628 }, "geometry": { "type": "LineString", "coordinates": [ [ -2.9612478, 54.8955955 ], [ -2.9614528, 54.8957471 ], [ -2.9616574, 54.8958212 ], [ -2.9624267, 54.8957078 ], [ -2.9624466, 54.8958693 ] ] } },
{ "type": "Feature", "properties": { "id": 128169, "nach": 0.39858162337342662 }, "geometry": { "type": "LineString", "coordinates": [ [ -2.96171, 54.8955157 ], [ -2.9612478, 54.8955955 ] ] } },
{ "type": "Feature", "properties": { "id": 128172, "nach": 0.4649025413759062 }, "geometry": { "type": "LineString", "coordinates": [ [ -2.9611307, 54.8954245 ], [ -2.9612318, 54.895581 ], [ -2.9612478, 54.8955955 ] ] } },
{ "type": "Feature", "properties": { "id": 116616, "nach": 0.47631892507329426 }, "geometry": { "type": "LineString", "coordinates": [ [ -2.96063, 54.8951904 ], [ -2.96095650000001, 54.8951519 ] ] } },
{ "type": "Feature", "properties": { "id": 128170, "nach": 0.50144495717244453 }, "geometry": { "type": "LineString", "coordinates": [ [ -2.9611307, 54.8954245 ], [ -2.96095650000001, 54.8951519 ] ] } },
{ "type": "Feature", "properties": { "id": 116615, "nach": 0.47414751545467049 }, "geometry": { "type": "LineString", "coordinates": [ [ -2.96063, 54.8951904 ], [ -2.960208, 54.8951488 ] ] } },
{ "type": "Feature", "properties": { "id": 136199, "nach": 0.40549528960588915 }, "geometry": { "type": "LineString", "coordinates": [ [ -2.960921900000011, 54.8956261 ], [ -2.96063, 54.8951904 ] ] } },
{ "type": "Feature", "properties": { "id": 128173, "nach": 0.40345406308514653 }, "geometry": { "type": "LineString", "coordinates": [ [ -2.9616164, 54.895346600000011 ], [ -2.9611307, 54.8954245 ] ] } },
{ "type": "Feature", "properties": { "id": 152244, "nach": 0.56016722651835582 }, "geometry": { "type": "LineString", "coordinates": [ [ -2.964123, 54.8977378 ], [ -2.9641302, 54.8977984 ] ] } },
{ "type": "Feature", "properties": { "id": 152245, "nach": 0.52248542188791358 }, "geometry": { "type": "LineString", "coordinates": [ [ -2.964123, 54.8977378 ], [ -2.9640517, 54.897809 ] ] } },
{ "type": "Feature", "properties": { "id": 116586, "nach": 0.39327710164434215 }, "geometry": { "type": "LineString", "coordinates": [ [ -2.960208, 54.8951488 ], [ -2.9607592, 54.8960341 ] ] } },
{ "type": "Feature", "properties": { "id": 136203, "nach": 0.4768534552376289 }, "geometry": { "type": "LineString", "coordinates": [ [ -2.9596783, 54.8950865 ], [ -2.9597076, 54.8950898 ], [ -2.960208, 54.8951488 ] ] } },
{ "type": "Feature", "properties": { "id": 136201, "nach": 0.48488914176914949 }, "geometry": { "type": "LineString", "coordinates": [ [ -2.9596783, 54.8950865 ], [ -2.9592258, 54.8950359 ] ] } },
{ "type": "Feature", "properties": { "id": 136202, "nach": 0.403042447785594 }, "geometry": { "type": "LineString", "coordinates": [ [ -2.9596783, 54.8950865 ], [ -2.9600608, 54.89565420000001 ] ] } },
{ "type": "Feature", "properties": { "id": 116599, "nach": 0.44735205428826896 }, "geometry": { "type": "LineString", "coordinates": [ [ -2.958612, 54.8954794 ], [ -2.9582068, 54.894922 ] ] } },
{ "type": "Feature", "properties": { "id": 136196, "nach": 0.52227528238602738 }, "geometry": { "type": "LineString", "coordinates": [ [ -2.9586929, 54.8949763 ], [ -2.9582068, 54.894922 ] ] } },
{ "type": "Feature", "properties": { "id": 116604, "nach": 0.40065259866842351 }, "geometry": { "type": "LineString", "coordinates": [ [ -2.9588559, 54.8958114 ], [ -2.958612, 54.8954794 ] ] } },
{ "type": "Feature", "properties": { "id": 136197, "nach": 0.5199870851498507 }, "geometry": { "type": "LineString", "coordinates": [ [ -2.9586929, 54.8949763 ], [ -2.95909680000001, 54.8950215 ] ] } },
{ "type": "Feature", "properties": { "id": 136198, "nach": 0.4043430815759434 }, "geometry": { "type": "LineString", "coordinates": [ [ -2.9586929, 54.8949763 ], [ -2.95919910000001, 54.8956682 ] ] } },
{ "type": "Feature", "properties": { "id": 128199, "nach": 0.38856160616532653 }, "geometry": { "type": "LineString", "coordinates": [ [ -2.9592258, 54.8950359 ], [ -2.9600303, 54.8962016 ] ] } },
{ "type": "Feature", "properties": { "id": 128197, "nach": 0.51114349497200562 }, "geometry": { "type": "LineString", "coordinates": [ [ -2.9592258, 54.8950359 ], [ -2.95909680000001, 54.8950215 ] ] } },
{ "type": "Feature", "properties": { "id": 136739, "nach": 0.50359744270438012 }, "geometry": { "type": "LineString", "coordinates": [ [ -2.9642193, 54.8979631 ], [ -2.9641302, 54.8977984 ] ] } },
{ "type": "Feature", "properties": { "id": 152141, "nach": 0.52779900352772036 }, "geometry": { "type": "LineString", "coordinates": [ [ -2.9649517, 54.8979612 ], [ -2.9647956, 54.8978944 ], [ -2.9646478, 54.8978404 ], [ -2.9641302, 54.8977984 ] ] } },
{ "type": "Feature", "properties": { "id": 136741, "nach": 0.35478062926077841 }, "geometry": { "type": "LineString", "coordinates": [ [ -2.9642193, 54.8979631 ], [ -2.9643424, 54.8980205 ], [ -2.9644434, 54.8980474 ], [ -2.9646836, 54.8980673 ], [ -2.9648816, 54.8980893 ], [ -2.9650831, 54.8981178 ] ] } },
{ "type": "Feature", "properties": { "id": 152207, "nach": 0.50403689597132395 }, "geometry": { "type": "LineString", "coordinates": [ [ -2.9638978, 54.898376399999989 ], [ -2.9639609, 54.8982894 ], [ -2.9640635, 54.898155 ], [ -2.96415, 54.8980636 ], [ -2.964217, 54.898016200000015 ], [ -2.9642193, 54.8979631 ] ] } },
{ "type": "Feature", "properties": { "id": 116731, "nach": 0.41565981224994192 }, "geometry": { "type": "LineString", "coordinates": [ [ -2.9539075, 54.8898244 ], [ -2.9540765, 54.889715200000012 ] ] } },
{ "type": "Feature", "properties": { "id": 116732, "nach": 0.48706431628625674 }, "geometry": { "type": "LineString", "coordinates": [ [ -2.9539075, 54.8898244 ], [ -2.9542385, 54.889974499999987 ] ] } },
{ "type": "Feature", "properties": { "id": 116763, "nach": 0.46761448460516963 }, "geometry": { "type": "LineString", "coordinates": [ [ -2.953242, 54.8895295 ], [ -2.95334250000001, 54.8895725 ], [ -2.9539075, 54.8898244 ] ] } },
{ "type": "Feature", "properties": { "id": 141655, "nach": 0.5235686789168803 }, "geometry": { "type": "LineString", "coordinates": [ [ -2.953031, 54.8912211 ], [ -2.9530048, 54.8912064 ], [ -2.9527836, 54.8910823 ] ] } },
{ "type": "Feature", "properties": { "id": 116636, "nach": 0.40941363925384572 }, "geometry": { "type": "LineString", "coordinates": [ [ -2.9527836, 54.8910823 ], [ -2.9525375, 54.8912281 ], [ -2.9514298, 54.8906257 ] ] } },
{ "type": "Feature", "properties": { "id": 116757, "nach": 0.50064999240635577 }, "geometry": { "type": "LineString", "coordinates": [ [ -2.9519, 54.8903712 ], [ -2.9529679, 54.8909641 ], [ -2.9527836, 54.8910823 ] ] } },
{ "type": "Feature", "properties": { "id": 141654, "nach": 0.4321284321489518 }, "geometry": { "type": "LineString", "coordinates": [ [ -2.953031, 54.8912211 ], [ -2.9535491, 54.890917199999983 ] ] } },
{ "type": "Feature", "properties": { "id": 141656, "nach": 0.43236906761267824 }, "geometry": { "type": "LineString", "coordinates": [ [ -2.9525407, 54.8915106 ], [ -2.953031, 54.8912211 ] ] } },
{ "type": "Feature", "properties": { "id": 116759, "nach": 0.48429633659756732 }, "geometry": { "type": "LineString", "coordinates": [ [ -2.9514298, 54.8906257 ], [ -2.9519, 54.8903712 ] ] } },
{ "type": "Feature", "properties": { "id": 116760, "nach": 0.50322615122263226 }, "geometry": { "type": "LineString", "coordinates": [ [ -2.9514298, 54.8906257 ], [ -2.9513397, 54.8905636 ], [ -2.9513318, 54.89053650000001 ] ] } },
{ "type": "Feature", "properties": { "id": 152699, "nach": 0.62136578808176657 }, "geometry": { "type": "LineString", "coordinates": [ [ -2.9542838, 54.8909436 ], [ -2.9539414, 54.8911861 ] ] } },
{ "type": "Feature", "properties": { "id": 155760, "nach": 0.4562477168365352 }, "geometry": { "type": "LineString", "coordinates": [ [ -2.9541789, 54.8908977 ], [ -2.9541378, 54.8909302 ], [ -2.9541659, 54.8909394 ], [ -2.9541767, 54.8909533 ], [ -2.954174, 54.8909711 ], [ -2.9539929, 54.8910929 ], [ -2.9538863, 54.8911562 ], [ -2.9539414, 54.8911861 ] ] } },
{ "type": "Feature", "properties": { "id": 116705, "nach": 0.48631489064008798 }, "geometry": { "type": "LineString", "coordinates": [ [ -2.9563595, 54.88845280000001 ], [ -2.9567191, 54.8881815 ], [ -2.9572234, 54.8877168 ] ] } },
{ "type": "Feature", "properties": { "id": 155798, "nach": 0.4623908957793651 }, "geometry": { "type": "LineString", "coordinates": [ [ -2.9593551, 54.8887189 ], [ -2.9588368, 54.8888943 ], [ -2.9569191, 54.8894512 ], [ -2.9563794, 54.8896306 ] ] } },
{ "type": "Feature", "properties": { "id": 116703, "nach": 0.4553708224602267 }, "geometry": { "type": "LineString", "coordinates": [ [ -2.9563595, 54.88845280000001 ], [ -2.95706410000001, 54.88882 ] ] } },
{ "type": "Feature", "properties": { "id": 116743, "nach": 0.49076674076449589 }, "geometry": { "type": "LineString", "coordinates": [ [ -2.9554143, 54.8889318 ], [ -2.9558878, 54.888694500000014 ], [ -2.9563595, 54.88845280000001 ] ] } },
{ "type": "Feature", "properties": { "id": 116664, "nach": 0.5258794856528104 }, "geometry": { "type": "LineString", "coordinates": [ [ -2.951235, 54.891764800000011 ], [ -2.9507664, 54.8914936 ] ] } },
{ "type": "Feature", "properties": { "id": 116659, "nach": 0.51551133976178487 }, "geometry": { "type": "LineString", "coordinates": [ [ -2.9501979, 54.8911835 ], [ -2.9507664, 54.8914936 ] ] } },
{ "type": "Feature", "properties": { "id": 116750, "nach": 0.42140282329995798 }, "geometry": { "type": "LineString", "coordinates": [ [ -2.9496537, 54.8921473 ], [ -2.9502428, 54.891812 ], [ -2.9507664, 54.8914936 ] ] } },
{ "type": "Feature", "properties": { "id": 116667, "nach": 0.54389977330321726 }, "geometry": { "type": "LineString", "coordinates": [ [ -2.9514145, 54.8918659 ], [ -2.951235, 54.891764800000011 ] ] } },
{ "type": "Feature", "properties": { "id": 142209, "nach": 0.42385735225947702 }, "geometry": { "type": "LineString", "coordinates": [ [ -2.9508151, 54.8908956 ], [ -2.9508367, 54.8908978 ], [ -2.9508774, 54.8909086 ], [ -2.9516516, 54.8913681 ], [ -2.9516692, 54.8913856 ], [ -2.9516842, 54.8914055 ], [ -2.9516954, 54.89143030000001 ], [ -2.9516967, 54.891453 ], [ -2.9516915, 54.8914743 ], [ -2.9516847, 54.8914946 ], [ -2.9516688, 54.8915113 ], [ -2.9516521, 54.8915291 ], [ -2.9516197, 54.89155430000001 ], [ -2.951235, 54.891764800000011 ] ] } },
{ "type": "Feature", "properties": { "id": 116660, "nach": 0.56974290616660705 }, "geometry": { "type": "LineString", "coordinates": [ [ -2.9501979, 54.8911835 ], [ -2.9495815, 54.890828800000016 ] ] } },
{ "type": "Feature", "properties": { "id": 142208, "nach": 0.50406796513777963 }, "geometry": { "type": "LineString", "coordinates": [ [ -2.9508151, 54.8908956 ], [ -2.9507868, 54.8908927 ], [ -2.9507268, 54.8908938 ], [ -2.9506624, 54.8909027 ], [ -2.9506098, 54.890924200000015 ], [ -2.9501979, 54.8911835 ] ] } },
{ "type": "Feature", "properties": { "id": 116751, "nach": 0.54965970114556029 }, "geometry": { "type": "LineString", "coordinates": [ [ -2.9496537, 54.8921473 ], [ -2.949278, 54.8918467 ], [ -2.949245, 54.8917661 ], [ -2.9501979, 54.8911835 ] ] } },
{ "type": "Feature", "properties": { "id": 136413, "nach": 0.55930976885071981 }, "geometry": { "type": "LineString", "coordinates": [ [ -2.9497765, 54.8922561 ], [ -2.9496537, 54.8921473 ] ] } },
{ "type": "Feature", "properties": { "id": 139265, "nach": 0.57128257465243137 }, "geometry": { "type": "LineString", "coordinates": [ [ -2.9467701, 54.8901009 ], [ -2.9471304, 54.8894805 ] ] } },
{ "type": "Feature", "properties": { "id": 127468, "nach": 0.55897152252172599 }, "geometry": { "type": "LineString", "coordinates": [ [ -2.9476188, 54.8897366 ], [ -2.9475753, 54.8897122 ], [ -2.9471304, 54.8894805 ] ] } },
{ "type": "Feature", "properties": { "id": 117065, "nach": 0.54466259107382353 }, "geometry": { "type": "LineString", "coordinates": [ [ -2.9461999, 54.8884765 ], [ -2.9459177, 54.888835400000012 ], [ -2.9457374, 54.8891244 ], [ -2.9471304, 54.8894805 ] ] } },
{ "type": "Feature", "properties": { "id": 127465, "nach": 0.52678232681136683 }, "geometry": { "type": "LineString", "coordinates": [ [ -2.9477296, 54.8888719 ], [ -2.9476248, 54.8889785 ], [ -2.9471304, 54.8894805 ] ] } },
{ "type": "Feature", "properties": { "id": 139264, "nach": 0.55555699905861033 }, "geometry": { "type": "LineString", "coordinates": [ [ -2.9467701, 54.8901009 ], [ -2.946511, 54.89058210000001 ] ] } },
{ "type": "Feature", "properties": { "id": 139266, "nach": 0.51657370384450729 }, "geometry": { "type": "LineString", "coordinates": [ [ -2.9467701, 54.8901009 ], [ -2.9467037, 54.8900649 ], [ -2.9466721, 54.89005 ], [ -2.9465, 54.8899688 ], [ -2.9464688, 54.8899557 ] ] } },
{ "type": "Feature", "properties": { "id": 127469, "nach": 0.0 }, "geometry": { "type": "LineString", "coordinates": [ [ -2.9476188, 54.8897366 ], [ -2.9482264, 54.8891104 ], [ -2.9477296, 54.8888719 ] ] } },
{ "type": "Feature", "properties": { "id": 144757, "nach": 0.55826732891076392 }, "geometry": { "type": "LineString", "coordinates": [ [ -2.9476684, 54.8897665 ], [ -2.9476188, 54.8897366 ] ] } },
{ "type": "Feature", "properties": { "id": 127464, "nach": 0.52720486397079025 }, "geometry": { "type": "LineString", "coordinates": [ [ -2.9477296, 54.8888719 ], [ -2.9477475, 54.8888432 ] ] } },
{ "type": "Feature", "properties": { "id": 136628, "nach": 0.54621412380396073 }, "geometry": { "type": "LineString", "coordinates": [ [ -2.9483176, 54.8901647 ], [ -2.948271, 54.8901298 ] ] } },
{ "type": "Feature", "properties": { "id": 136633, "nach": 0.54606192926693398 }, "geometry": { "type": "LineString", "coordinates": [ [ -2.9477592, 54.8898212 ], [ -2.948271, 54.8901298 ] ] } },
{ "type": "Feature", "properties": { "id": 116685, "nach": 0.47046241742978567 }, "geometry": { "type": "LineString", "coordinates": [ [ -2.9491315, 54.88959220000001 ], [ -2.948271, 54.8901298 ] ] } },
{ "type": "Feature", "properties": { "id": 136627, "nach": 0.57204547270066541 }, "geometry": { "type": "LineString", "coordinates": [ [ -2.9483176, 54.8901647 ], [ -2.9488322, 54.8904351 ] ] } },
{ "type": "Feature", "properties": { "id": 136631, "nach": 0.51704180801427524 }, "geometry": { "type": "LineString", "coordinates": [ [ -2.9475884, 54.8900638 ], [ -2.9481712, 54.8901707 ], [ -2.9483176, 54.8901647 ] ] } },
{ "type": "Feature", "properties": { "id": 136635, "nach": 0.44071005539120023 }, "geometry": { "type": "LineString", "coordinates": [ [ -2.9477592, 54.8898212 ], [ -2.9476248, 54.8900294 ], [ -2.947607200000011, 54.8900482 ], [ -2.9475884, 54.8900638 ] ] } },
{ "type": "Feature", "properties": { "id": 144756, "nach": 0.55704683834212321 }, "geometry": { "type": "LineString", "coordinates": [ [ -2.9476684, 54.8897665 ], [ -2.9477592, 54.8898212 ] ] } },
{ "type": "Feature", "properties": { "id": 116683, "nach": 0.40451910447915401 }, "geometry": { "type": "LineString", "coordinates": [ [ -2.9491315, 54.88959220000001 ], [ -2.9484841, 54.8892468 ] ] } },
{ "type": "Feature", "properties": { "id": 116698, "nach": 0.46756019078560046 }, "geometry": { "type": "LineString", "coordinates": [ [ -2.9495769, 54.8893101 ], [ -2.9491315, 54.88959220000001 ] ] } },
{ "type": "Feature", "properties": { "id": 144676, "nach": 0.55307857726460008 }, "geometry": { "type": "LineString", "coordinates": [ [ -2.948869, 54.890455199999984 ], [ -2.9488322, 54.8904351 ] ] } },
{ "type": "Feature", "properties": { "id": 128591, "nach": 0.50373777821096866 }, "geometry": { "type": "LineString", "coordinates": [ [ -2.9501672, 54.890008 ], [ -2.9497949, 54.8899847 ], [ -2.9496746, 54.8899257 ], [ -2.9496387, 54.8899477 ], [ -2.9488322, 54.8904351 ] ] } },
{ "type": "Feature", "properties": { "id": 144677, "nach": 0.55100441293427982 }, "geometry": { "type": "LineString", "coordinates": [ [ -2.948869, 54.890455199999984 ], [ -2.9489055, 54.8904751 ], [ -2.949315, 54.8906982 ] ] } },
{ "type": "Feature", "properties": { "id": 144678, "nach": 0.40720528750518625 }, "geometry": { "type": "LineString", "coordinates": [ [ -2.948869, 54.890455199999984 ], [ -2.948561, 54.8906382 ], [ -2.948452, 54.8907549 ], [ -2.949094, 54.8911061 ] ] } },
{ "type": "Feature", "properties": { "id": 128590, "nach": 0.51254340522840935 }, "geometry": { "type": "LineString", "coordinates": [ [ -2.9501672, 54.890008 ], [ -2.9502833, 54.8900152 ] ] } },
{ "type": "Feature", "properties": { "id": 128595, "nach": 0.1492646217801504 }, "geometry": { "type": "LineString", "coordinates": [ [ -2.949315, 54.8906982 ], [ -2.9494247, 54.89052190000001 ], [ -2.9495884, 54.8903831 ], [ -2.9498539, 54.8902103 ], [ -2.9501838, 54.89008230000001 ], [ -2.9501672, 54.890008 ] ] } },
{ "type": "Feature", "properties": { "id": 128593, "nach": 0.55392143981817132 }, "geometry": { "type": "LineString", "coordinates": [ [ -2.949315, 54.8906982 ], [ -2.9495815, 54.890828800000016 ] ] } },
{ "type": "Feature", "properties": { "id": 128582, "nach": 0.48422354776253052 }, "geometry": { "type": "LineString", "coordinates": [ [ -2.9503475, 54.890383900000018 ], [ -2.9495815, 54.890828800000016 ] ] } },
{ "type": "Feature", "properties": { "id": 128581, "nach": 0.41962133499738763 }, "geometry": { "type": "LineString", "coordinates": [ [ -2.9503475, 54.890383900000018 ], [ -2.9503813, 54.8903643 ] ] } },
{ "type": "Feature", "properties": { "id": 128586, "nach": 0.47430910975088558 }, "geometry": { "type": "LineString", "coordinates": [ [ -2.9502833, 54.8900152 ], [ -2.9502798, 54.8902351 ], [ -2.9503258, 54.8902595 ], [ -2.9503475, 54.890383900000018 ] ] } },
{ "type": "Feature", "properties": { "id": 142212, "nach": 0.51407502980569875 }, "geometry": { "type": "LineString", "coordinates": [ [ -2.9513318, 54.89053650000001 ], [ -2.9508707, 54.8907603 ], [ -2.9508151, 54.8908956 ] ] } },
{ "type": "Feature", "properties": { "id": 116765, "nach": 0.4273388228166668 }, "geometry": { "type": "LineString", "coordinates": [ [ -2.9501384, 54.892472 ], [ -2.9503919, 54.8923047 ], [ -2.9512453, 54.8919661 ], [ -2.9514145, 54.8918659 ] ] } },
{ "type": "Feature", "properties": { "id": 116713, "nach": 0.40977140951991969 }, "geometry": { "type": "LineString", "coordinates": [ [ -2.9524064, 54.8900875 ], [ -2.9515481, 54.8896002 ] ] } },
{ "type": "Feature", "properties": { "id": 116714, "nach": 0.45088750967493701 }, "geometry": { "type": "LineString", "coordinates": [ [ -2.9524064, 54.8900875 ], [ -2.9538357, 54.8907416 ] ] } },
{ "type": "Feature", "properties": { "id": 136624, "nach": 0.55408719248673111 }, "geometry": { "type": "LineString", "coordinates": [ [ -2.9526271, 54.8899379 ], [ -2.9524064, 54.8900875 ] ] } },
{ "type": "Feature", "properties": { "id": 116758, "nach": 0.56427418650029937 }, "geometry": { "type": "LineString", "coordinates": [ [ -2.9519, 54.8903712 ], [ -2.9520739, 54.890291 ], [ -2.9522157, 54.8902025 ], [ -2.9524064, 54.8900875 ] ] } },
{ "type": "Feature", "properties": { "id": 116678, "nach": 0.37769923313124171 }, "geometry": { "type": "LineString", "coordinates": [ [ -2.9544008, 54.8893785 ], [ -2.9548238, 54.8896734 ], [ -2.9549792, 54.889654200000017 ], [ -2.95538, 54.889462300000012 ] ] } },
{ "type": "Feature", "properties": { "id": 116744, "nach": 0.38824727847762563 }, "geometry": { "type": "LineString", "coordinates": [ [ -2.954173, 54.8891842 ], [ -2.9544008, 54.8893785 ] ] } },
{ "type": "Feature", "properties": { "id": 116755, "nach": 0.38449817063517222 }, "geometry": { "type": "LineString", "coordinates": [ [ -2.9549199, 54.8891244 ], [ -2.9544008, 54.8893785 ] ] } },
{ "type": "Feature", "properties": { "id": 116762, "nach": 0.47226290880373545 }, "geometry": { "type": "LineString", "coordinates": [ [ -2.953242, 54.8895295 ], [ -2.9533853, 54.889496 ], [ -2.9538068, 54.889519599999986 ], [ -2.9540553, 54.8894817 ], [ -2.9544008, 54.8893785 ] ] } },
{ "type": "Feature", "properties": { "id": 116728, "nach": 0.41834056936598257 }, "geometry": { "type": "LineString", "coordinates": [ [ -2.9542385, 54.889974499999987 ], [ -2.95446870000001, 54.88982 ] ] } },
{ "type": "Feature", "properties": { "id": 116730, "nach": 0.50481227004384266 }, "geometry": { "type": "LineString", "coordinates": [ [ -2.9542385, 54.889974499999987 ], [ -2.9543453, 54.890038 ], [ -2.9539827, 54.89030420000001 ] ] } },
{ "type": "Feature", "properties": { "id": 137804, "nach": 0.45817830209905486 }, "geometry": { "type": "LineString", "coordinates": [ [ -2.959385, 54.8887413 ], [ -2.9592592, 54.8887836 ], [ -2.9588487, 54.8889213 ], [ -2.9564079, 54.8896498 ] ] } },
{ "type": "Feature", "properties": { "id": 116761, "nach": 0.49105405890501613 }, "geometry": { "type": "LineString", "coordinates": [ [ -2.953242, 54.8895295 ], [ -2.9528619, 54.8897787 ] ] } },
{ "type": "Feature", "properties": { "id": 116697, "nach": 0.49896774879130418 }, "geometry": { "type": "LineString", "coordinates": [ [ -2.9495769, 54.8893101 ], [ -2.9502407, 54.8896913 ] ] } },
{ "type": "Feature", "properties": { "id": 116764, "nach": 0.40992000776438237 }, "geometry": { "type": "LineString", "coordinates": [ [ -2.950702, 54.8894181 ], [ -2.9502407, 54.8896913 ] ] } },
{ "type": "Feature", "properties": { "id": 128589, "nach": 0.50598836119350465 }, "geometry": { "type": "LineString", "coordinates": [ [ -2.9505582, 54.88985060000001 ], [ -2.9504639, 54.8898041 ], [ -2.9504266, 54.8897857 ], [ -2.9502407, 54.8896913 ] ] } },
{ "type": "Feature", "properties": { "id": 128587, "nach": 0.54514642887102127 }, "geometry": { "type": "LineString", "coordinates": [ [ -2.9505582, 54.88985060000001 ], [ -2.9513759, 54.89035 ] ] } },
{ "type": "Feature", "properties": { "id": 128588, "nach": 0.53374210806494016 }, "geometry": { "type": "LineString", "coordinates": [ [ -2.9505582, 54.88985060000001 ], [ -2.9502833, 54.8900152 ] ] } },
{ "type": "Feature", "properties": { "id": 155758, "nach": 0.49379077081710904 }, "geometry": { "type": "LineString", "coordinates": [ [ -2.9541789, 54.8908977 ], [ -2.9538357, 54.8907416 ] ] } },
{ "type": "Feature", "properties": { "id": 136621, "nach": 0.42605781399276016 }, "geometry": { "type": "LineString", "coordinates": [ [ -2.9540526, 54.8905709 ], [ -2.9538357, 54.8907416 ] ] } },
{ "type": "Feature", "properties": { "id": 155759, "nach": 0.46851591408262516 }, "geometry": { "type": "LineString", "coordinates": [ [ -2.9541789, 54.8908977 ], [ -2.9542259, 54.8909191 ], [ -2.9542838, 54.8909436 ] ] } },
{ "type": "Feature", "properties": { "id": 155761, "nach": 0.31800457499478901 }, "geometry": { "type": "LineString", "coordinates": [ [ -2.9541789, 54.8908977 ], [ -2.9542196, 54.8908631 ], [ -2.9542518, 54.8908723 ], [ -2.9542772, 54.8908654 ], [ -2.954412, 54.8907512 ] ] } },
{ "type": "Feature", "properties": { "id": 136622, "nach": 0.51966593998337851 }, "geometry": { "type": "LineString", "coordinates": [ [ -2.9540526, 54.8905709 ], [ -2.9542368, 54.8904256 ] ] } },
{ "type": "Feature", "properties": { "id": 136626, "nach": 0.51017101698251066 }, "geometry": { "type": "LineString", "coordinates": [ [ -2.9526271, 54.8899379 ], [ -2.95274570000001, 54.8899838 ], [ -2.9530009, 54.8900988 ], [ -2.9532285, 54.890202 ], [ -2.9534009, 54.8902793 ], [ -2.9540526, 54.8905709 ] ] } },
{ "type": "Feature", "properties": { "id": 116690, "nach": 0.54058941697582108 }, "geometry": { "type": "LineString", "coordinates": [ [ -2.9513759, 54.89035 ], [ -2.9514564, 54.8903091 ], [ -2.9515449, 54.8902968 ], [ -2.9516816, 54.8902991 ], [ -2.9517861, 54.8903228 ], [ -2.9519, 54.8903712 ] ] } },
{ "type": "Feature", "properties": { "id": 142211, "nach": 0.42488084207721361 }, "geometry": { "type": "LineString", "coordinates": [ [ -2.9513318, 54.89053650000001 ], [ -2.9513196, 54.890495 ], [ -2.9513289, 54.8904132 ], [ -2.9513759, 54.89035 ] ] } },
{ "type": "Feature", "properties": { "id": 116706, "nach": 0.5085907175846226 }, "geometry": { "type": "LineString", "coordinates": [ [ -2.9528619, 54.8897787 ], [ -2.9539827, 54.89030420000001 ] ] } },
{ "type": "Feature", "properties": { "id": 116724, "nach": 0.55432827823375808 }, "geometry": { "type": "LineString", "coordinates": [ [ -2.9542368, 54.8904256 ], [ -2.9539827, 54.89030420000001 ] ] } },
{ "type": "Feature", "properties": { "id": 136625, "nach": 0.50892364293430081 }, "geometry": { "type": "LineString", "coordinates": [ [ -2.9526271, 54.8899379 ], [ -2.9528619, 54.8897787 ] ] } },
{ "type": "Feature", "properties": { "id": 155754, "nach": 0.5843376230000954 }, "geometry": { "type": "LineString", "coordinates": [ [ -2.9545651, 54.890578300000016 ], [ -2.9542368, 54.8904256 ] ] } },
{ "type": "Feature", "properties": { "id": 142207, "nach": 0.4230010638893193 }, "geometry": { "type": "LineString", "coordinates": [ [ -2.9547955, 54.890083 ], [ -2.9544961, 54.890233 ], [ -2.9542368, 54.8904256 ] ] } },
{ "type": "Feature", "properties": { "id": 116766, "nach": 0.38434625934326333 }, "geometry": { "type": "LineString", "coordinates": [ [ -2.9565081, 54.88904 ], [ -2.95706410000001, 54.88882 ] ] } },
{ "type": "Feature", "properties": { "id": 116754, "nach": 0.38277395924640145 }, "geometry": { "type": "LineString", "coordinates": [ [ -2.9575704, 54.8884745 ], [ -2.95706410000001, 54.88882 ] ] } },
{ "type": "Feature", "properties": { "id": 116741, "nach": 0.51180542206500068 }, "geometry": { "type": "LineString", "coordinates": [ [ -2.9554143, 54.8889318 ], [ -2.9548275, 54.8885141 ] ] } },
{ "type": "Feature", "properties": { "id": 116742, "nach": 0.53214131126124675 }, "geometry": { "type": "LineString", "coordinates": [ [ -2.9554143, 54.8889318 ], [ -2.9563025, 54.8895719 ] ] } },
{ "type": "Feature", "properties": { "id": 116752, "nach": 0.386273511059256 }, "geometry": { "type": "LineString", "coordinates": [ [ -2.9538587, 54.8889887 ], [ -2.9548275, 54.8885141 ] ] } },
{ "type": "Feature", "properties": { "id": 116773, "nach": 0.38397839911282272 }, "geometry": { "type": "LineString", "coordinates": [ [ -2.9559266, 54.8880058 ], [ -2.9548275, 54.8885141 ] ] } },
{ "type": "Feature", "properties": { "id": 155755, "nach": 0.3326395628002482 }, "geometry": { "type": "LineString", "coordinates": [ [ -2.9545651, 54.890578300000016 ], [ -2.9546931, 54.8906364 ] ] } },
{ "type": "Feature", "properties": { "id": 155730, "nach": 0.55754102294643848 }, "geometry": { "type": "LineString", "coordinates": [ [ -2.9544889, 54.8907861 ], [ -2.9546931, 54.8906364 ] ] } },
{ "type": "Feature", "properties": { "id": 148158, "nach": 0.5541073860742517 }, "geometry": { "type": "LineString", "coordinates": [ [ -2.9549206, 54.8904967 ], [ -2.9546931, 54.8906364 ] ] } },
{ "type": "Feature", "properties": { "id": 155756, "nach": 0.53049901369600061 }, "geometry": { "type": "LineString", "coordinates": [ [ -2.9545651, 54.890578300000016 ], [ -2.9545186, 54.8906124 ], [ -2.9545374, 54.890624 ], [ -2.9545428, 54.89063860000001 ], [ -2.954412, 54.8907512 ] ] } },
{ "type": "Feature", "properties": { "id": 155757, "nach": 0.55647299509218062 }, "geometry": { "type": "LineString", "coordinates": [ [ -2.9545651, 54.890578300000016 ], [ -2.9546125, 54.8905445 ], [ -2.9546393, 54.8905538 ], [ -2.9546769, 54.8905499 ], [ -2.9548559, 54.8904655 ] ] } },
{ "type": "Feature", "properties": { "id": 155732, "nach": 0.48768888908594743 }, "geometry": { "type": "LineString", "coordinates": [ [ -2.9544889, 54.8907861 ], [ -2.9545641, 54.8908203 ] ] } },
{ "type": "Feature", "properties": { "id": 155733, "nach": 0.58164016030407273 }, "geometry": { "type": "LineString", "coordinates": [ [ -2.9544889, 54.8907861 ], [ -2.9543078, 54.8909266 ], [ -2.9542838, 54.8909436 ] ] } },
{ "type": "Feature", "properties": { "id": 155734, "nach": 0.5374569969745262 }, "geometry": { "type": "LineString", "coordinates": [ [ -2.954412, 54.8907512 ], [ -2.9544889, 54.8907861 ] ] } },
{ "type": "Feature", "properties": { "id": 148161, "nach": 0.57560907805641404 }, "geometry": { "type": "LineString", "coordinates": [ [ -2.9549206, 54.8904967 ], [ -2.9550183, 54.8904371 ], [ -2.9553126, 54.890258100000011 ] ] } },
{ "type": "Feature", "properties": { "id": 148160, "nach": 0.4594974875228886 }, "geometry": { "type": "LineString", "coordinates": [ [ -2.9549206, 54.8904967 ], [ -2.9550026, 54.890543 ] ] } },
{ "type": "Feature", "properties": { "id": 155737, "nach": 0.54483503292817392 }, "geometry": { "type": "LineString", "coordinates": [ [ -2.9548559, 54.8904655 ], [ -2.9549206, 54.8904967 ] ] } },
{ "type": "Feature", "properties": { "id": 155763, "nach": 0.49394163972505967 }, "geometry": { "type": "LineString", "coordinates": [ [ -2.9563794, 54.8896306 ], [ -2.9564079, 54.8896498 ] ] } },
{ "type": "Feature", "properties": { "id": 155762, "nach": 0.54896865065156175 }, "geometry": { "type": "LineString", "coordinates": [ [ -2.9563794, 54.8896306 ], [ -2.9563025, 54.8895719 ] ] } },
{ "type": "Feature", "properties": { "id": 116767, "nach": 0.40762892721178162 }, "geometry": { "type": "LineString", "coordinates": [ [ -2.9554407, 54.8898439 ], [ -2.95564080000001, 54.8898455 ], [ -2.9563025, 54.8895719 ] ] } },
{ "type": "Feature", "properties": { "id": 116772, "nach": 0.3881313287987479 }, "geometry": { "type": "LineString", "coordinates": [ [ -2.958078, 54.8889525 ], [ -2.9579272, 54.8890558 ], [ -2.9563025, 54.8895719 ] ] } },
{ "type": "Feature", "properties": { "id": 155764, "nach": 0.53108080231082877 }, "geometry": { "type": "LineString", "coordinates": [ [ -2.9563794, 54.8896306 ], [ -2.9556519, 54.8899336 ] ] } },
{ "type": "Feature", "properties": { "id": 136414, "nach": 0.43450347613606283 }, "geometry": { "type": "LineString", "coordinates": [ [ -2.9497765, 54.8922561 ], [ -2.9497868, 54.892265100000017 ] ] } },
{ "type": "Feature", "properties": { "id": 117431, "nach": 0.60808045164015712 }, "geometry": { "type": "LineString", "coordinates": [ [ -2.9467266, 54.8946954 ], [ -2.9466063, 54.8947457 ] ] } },
{ "type": "Feature", "properties": { "id": 117432, "nach": 0.51427316485074004 }, "geometry": { "type": "LineString", "coordinates": [ [ -2.9467266, 54.8946954 ], [ -2.9468124, 54.8947557 ] ] } },
{ "type": "Feature", "properties": { "id": 154954, "nach": 0.62790304325057666 }, "geometry": { "type": "LineString", "coordinates": [ [ -2.9470456, 54.894566800000014 ], [ -2.9468485, 54.8946462 ], [ -2.9467266, 54.8946954 ] ] } },
{ "type": "Feature", "properties": { "id": 125366, "nach": 0.38727931671603033 }, "geometry": { "type": "LineString", "coordinates": [ [ -2.9467185, 54.8948365 ], [ -2.9466063, 54.8947457 ] ] } },
{ "type": "Feature", "properties": { "id": 132658, "nach": 0.60787222338935376 }, "geometry": { "type": "LineString", "coordinates": [ [ -2.9466063, 54.8947457 ], [ -2.946466, 54.8947978 ] ] } },
{ "type": "Feature", "properties": { "id": 132659, "nach": 0.37043628203876422 }, "geometry": { "type": "LineString", "coordinates": [ [ -2.9466063, 54.8947457 ], [ -2.9464876, 54.8946628 ] ] } },
{ "type": "Feature", "properties": { "id": 120519, "nach": 0.50586332307763815 }, "geometry": { "type": "LineString", "coordinates": [ [ -2.9468124, 54.8947557 ], [ -2.9468969, 54.8948135 ], [ -2.9470091, 54.894898499999989 ], [ -2.9470491, 54.8949305 ] ] } },
{ "type": "Feature", "properties": { "id": 154952, "nach": 0.48519292654558827 }, "geometry": { "type": "LineString", "coordinates": [ [ -2.9471026, 54.8946093 ], [ -2.946893, 54.8946884 ], [ -2.9468683, 54.894711 ], [ -2.9468812, 54.8947305 ], [ -2.9468124, 54.8947557 ] ] } },
{ "type": "Feature", "properties": { "id": 125368, "nach": 0.48239357159290835 }, "geometry": { "type": "LineString", "coordinates": [ [ -2.9467185, 54.8948365 ], [ -2.946792, 54.8948124 ], [ -2.9467501, 54.8947779 ], [ -2.9468124, 54.8947557 ] ] } },
{ "type": "Feature", "properties": { "id": 117476, "nach": 0.48111593334866715 }, "geometry": { "type": "LineString", "coordinates": [ [ -2.946048, 54.891167 ], [ -2.9462857, 54.891232 ], [ -2.9463809, 54.8913031 ], [ -2.9467864, 54.8913994 ] ] } },
{ "type": "Feature", "properties": { "id": 139244, "nach": 0.60157590526425109 }, "geometry": { "type": "LineString", "coordinates": [ [ -2.946403, 54.8907479 ], [ -2.946048, 54.891167 ] ] } },
{ "type": "Feature", "properties": { "id": 117456, "nach": 0.52661398795008107 }, "geometry": { "type": "LineString", "coordinates": [ [ -2.9480533, 54.8923883 ], [ -2.9480857, 54.8923525 ], [ -2.9481291, 54.8920534 ] ] } },
{ "type": "Feature", "properties": { "id": 117491, "nach": 0.48165537264245728 }, "geometry": { "type": "LineString", "coordinates": [ [ -2.947977, 54.8924296 ], [ -2.9480533, 54.8923883 ] ] } },
{ "type": "Feature", "properties": { "id": 126810, "nach": 0.55382373660149653 }, "geometry": { "type": "LineString", "coordinates": [ [ -2.9481182, 54.8924654 ], [ -2.9480891, 54.8924257 ], [ -2.9480533, 54.8923883 ] ] } },
{ "type": "Feature", "properties": { "id": 143066, "nach": 0.49225819278361871 }, "geometry": { "type": "LineString", "coordinates": [ [ -2.9477485, 54.8933593 ], [ -2.9474854, 54.8931907 ], [ -2.9467835, 54.8930179 ] ] } },
{ "type": "Feature", "properties": { "id": 143069, "nach": 0.43495072063962176 }, "geometry": { "type": "LineString", "coordinates": [ [ -2.9471133, 54.89329 ], [ -2.9472693, 54.8933333 ], [ -2.947385, 54.893378699999978 ], [ -2.9474948, 54.8934419 ], [ -2.9477485, 54.8933593 ] ] } },
{ "type": "Feature", "properties": { "id": 143062, "nach": 0.41979520932307529 }, "geometry": { "type": "LineString", "coordinates": [ [ -2.9467835, 54.8930179 ], [ -2.9461807, 54.8928695 ] ] } },
{ "type": "Feature", "properties": { "id": 143065, "nach": 0.42236655051164557 }, "geometry": { "type": "LineString", "coordinates": [ [ -2.946618, 54.8932693 ], [ -2.9467835, 54.8930179 ] ] } },
{ "type": "Feature", "properties": { "id": 141129, "nach": 0.60796006867187524 }, "geometry": { "type": "LineString", "coordinates": [ [ -2.9449288, 54.8936212 ], [ -2.944962, 54.8932095 ] ] } },
{ "type": "Feature", "properties": { "id": 137837, "nach": 0.60892729263941092 }, "geometry": { "type": "LineString", "coordinates": [ [ -2.9449963, 54.8930069 ], [ -2.944962, 54.8932095 ] ] } },
{ "type": "Feature", "properties": { "id": 136214, "nach": 0.4400568888250469 }, "geometry": { "type": "LineString", "coordinates": [ [ -2.9476056, 54.8941314 ], [ -2.947236, 54.8938577 ], [ -2.94666870000001, 54.89360150000001 ], [ -2.9460405, 54.8934087 ], [ -2.944962, 54.8932095 ] ] } },
{ "type": "Feature", "properties": { "id": 141130, "nach": 0.60884915764461889 }, "geometry": { "type": "LineString", "coordinates": [ [ -2.9449288, 54.8936212 ], [ -2.9449132, 54.8938151 ], [ -2.944914200000011, 54.8938449 ] ] } },
{ "type": "Feature", "properties": { "id": 141134, "nach": 0.0 }, "geometry": { "type": "LineString", "coordinates": [ [ -2.9449176, 54.8939416 ], [ -2.9450985, 54.893953 ], [ -2.9451786, 54.893952 ], [ -2.9452168, 54.8939488 ], [ -2.94528780000001, 54.8939352 ], [ -2.9453315, 54.8939143 ], [ -2.9453551, 54.8938871 ], [ -2.9453606, 54.8938515 ], [ -2.9453824, 54.8937196 ], [ -2.9453697, 54.8936798 ], [ -2.9453169, 54.8936505 ], [ -2.945235, 54.893633800000011 ], [ -2.9451204, 54.8936275 ], [ -2.9449288, 54.8936212 ] ] } },
{ "type": "Feature", "properties": { "id": 137838, "nach": 0.60902902342265042 }, "geometry": { "type": "LineString", "coordinates": [ [ -2.9449963, 54.8930069 ], [ -2.9450068, 54.892958 ] ] } },
{ "type": "Feature", "properties": { "id": 137839, "nach": 0.0 }, "geometry": { "type": "LineString", "coordinates": [ [ -2.9449963, 54.8930069 ], [ -2.9447624, 54.893069 ], [ -2.9444432, 54.893275700000011 ], [ -2.9443467, 54.8933775 ], [ -2.9442984, 54.893812500000017 ], [ -2.944914200000011, 54.8938449 ] ] } },
{ "type": "Feature", "properties": { "id": 136211, "nach": 0.42380161453271431 }, "geometry": { "type": "LineString", "coordinates": [ [ -2.9476056, 54.8941314 ], [ -2.94768030000001, 54.8941867 ] ] } },
{ "type": "Feature", "properties": { "id": 136213, "nach": 0.47604627757623535 }, "geometry": { "type": "LineString", "coordinates": [ [ -2.9476056, 54.8941314 ], [ -2.9478094, 54.89408310000001 ] ] } },
{ "type": "Feature", "properties": { "id": 117444, "nach": 0.59359100440808299 }, "geometry": { "type": "LineString", "coordinates": [ [ -2.94768030000001, 54.8941867 ], [ -2.947853, 54.894120599999987 ] ] } },
{ "type": "Feature", "properties": { "id": 117478, "nach": 0.59664044361327329 }, "geometry": { "type": "LineString", "coordinates": [ [ -2.9474178, 54.8942966 ], [ -2.94768030000001, 54.8941867 ] ] } },
{ "type": "Feature", "properties": { "id": 136208, "nach": 0.54122092177146042 }, "geometry": { "type": "LineString", "coordinates": [ [ -2.9478094, 54.89408310000001 ], [ -2.947853, 54.894120599999987 ] ] } },
{ "type": "Feature", "properties": { "id": 136210, "nach": 0.49488946649260329 }, "geometry": { "type": "LineString", "coordinates": [ [ -2.9478094, 54.89408310000001 ], [ -2.9475295, 54.8937386 ], [ -2.9471973, 54.8935345 ], [ -2.946694, 54.8933497 ], [ -2.9464751, 54.8933244 ], [ -2.9450068, 54.892958 ] ] } },
{ "type": "Feature", "properties": { "id": 117463, "nach": 0.54962448744088355 }, "geometry": { "type": "LineString", "coordinates": [ [ -2.9479215, 54.8928459 ], [ -2.947979, 54.8926497 ] ] } },
{ "type": "Feature", "properties": { "id": 143605, "nach": 0.53227643914311451 }, "geometry": { "type": "LineString", "coordinates": [ [ -2.9479908, 54.8926047 ], [ -2.947979, 54.8926497 ] ] } },
{ "type": "Feature", "properties": { "id": 119178, "nach": 0.4746259634145546 }, "geometry": { "type": "LineString", "coordinates": [ [ -2.9463919, 54.892307799999983 ], [ -2.9478654, 54.8926274 ], [ -2.947979, 54.8926497 ] ] } },
{ "type": "Feature", "properties": { "id": 117481, "nach": 0.56479200016285147 }, "geometry": { "type": "LineString", "coordinates": [ [ -2.9483894, 54.8931747 ], [ -2.9479215, 54.8928459 ] ] } },
{ "type": "Feature", "properties": { "id": 117471, "nach": 0.46174505388421988 }, "geometry": { "type": "LineString", "coordinates": [ [ -2.9462515, 54.8925421 ], [ -2.9479215, 54.8928459 ] ] } },
{ "type": "Feature", "properties": { "id": 143606, "nach": 0.52080916498115393 }, "geometry": { "type": "LineString", "coordinates": [ [ -2.9479908, 54.8926047 ], [ -2.9480107, 54.8925587 ], [ -2.9480382, 54.8925185 ], [ -2.9481182, 54.8924654 ] ] } },
{ "type": "Feature", "properties": { "id": 143607, "nach": 0.4268309518271784 }, "geometry": { "type": "LineString", "coordinates": [ [ -2.9479908, 54.8926047 ], [ -2.948098500000011, 54.8926465 ], [ -2.94862170000001, 54.8929952 ], [ -2.9486809, 54.8930338 ] ] } },
{ "type": "Feature", "properties": { "id": 119180, "nach": 0.47875992664254924 }, "geometry": { "type": "LineString", "coordinates": [ [ -2.9463919, 54.892307799999983 ], [ -2.9463508, 54.8922989 ], [ -2.94548, 54.89211 ] ] } },
{ "type": "Feature", "properties": { "id": 119179, "nach": 0.40209305045150678 }, "geometry": { "type": "LineString", "coordinates": [ [ -2.9463919, 54.892307799999983 ], [ -2.9463241, 54.89242 ], [ -2.9462515, 54.8925421 ] ] } },
{ "type": "Feature", "properties": { "id": 117450, "nach": 0.53965286377430577 }, "geometry": { "type": "LineString", "coordinates": [ [ -2.9489752, 54.8928915 ], [ -2.9492992, 54.8931085 ] ] } },
{ "type": "Feature", "properties": { "id": 126811, "nach": 0.5113589289316417 }, "geometry": { "type": "LineString", "coordinates": [ [ -2.9481182, 54.8924654 ], [ -2.9481702, 54.892451 ], [ -2.9483124, 54.8924701 ], [ -2.9484606, 54.892544 ], [ -2.9489752, 54.8928915 ] ] } },
{ "type": "Feature", "properties": { "id": 143603, "nach": 0.44900098931013255 }, "geometry": { "type": "LineString", "coordinates": [ [ -2.9486809, 54.8930338 ], [ -2.9489752, 54.8928915 ] ] } },
{ "type": "Feature", "properties": { "id": 143611, "nach": 0.45775732122175905 }, "geometry": { "type": "LineString", "coordinates": [ [ -2.9487113, 54.8933885 ], [ -2.9487776, 54.8933561 ], [ -2.9492229, 54.8931423 ], [ -2.9492992, 54.8931085 ] ] } },
{ "type": "Feature", "properties": { "id": 126996, "nach": 0.60293948338546233 }, "geometry": { "type": "LineString", "coordinates": [ [ -2.9455388, 54.89201280000001 ], [ -2.94548, 54.89211 ] ] } },
{ "type": "Feature", "properties": { "id": 126999, "nach": 0.41051473056342586 }, "geometry": { "type": "LineString", "coordinates": [ [ -2.9436268, 54.8919885 ], [ -2.9437365, 54.8917313 ], [ -2.9455388, 54.89201280000001 ] ] } },
{ "type": "Feature", "properties": { "id": 117504, "nach": 0.41349500338620698 }, "geometry": { "type": "LineString", "coordinates": [ [ -2.9469122, 54.8911951 ], [ -2.9467864, 54.8913994 ] ] } },
{ "type": "Feature", "properties": { "id": 117485, "nach": 0.40554106116071226 }, "geometry": { "type": "LineString", "coordinates": [ [ -2.9479756, 54.891754499999983 ], [ -2.9470898, 54.8915549 ], [ -2.9467864, 54.8913994 ] ] } },
{ "type": "Feature", "properties": { "id": 117479, "nach": 0.39912763008325403 }, "geometry": { "type": "LineString", "coordinates": [ [ -2.9483894, 54.8931747 ], [ -2.9486809, 54.8930338 ] ] } },
{ "type": "Feature", "properties": { "id": 143610, "nach": 0.57268347896382676 }, "geometry": { "type": "LineString", "coordinates": [ [ -2.9487113, 54.8933885 ], [ -2.9483894, 54.8931747 ] ] } },
{ "type": "Feature", "properties": { "id": 117484, "nach": 0.47410506387830187 }, "geometry": { "type": "LineString", "coordinates": [ [ -2.9453011, 54.8923784 ], [ -2.9456434, 54.8924322 ], [ -2.9458329, 54.8924659 ], [ -2.9462515, 54.8925421 ] ] } },
{ "type": "Feature", "properties": { "id": 136636, "nach": 0.61556150799678511 }, "geometry": { "type": "LineString", "coordinates": [ [ -2.9450248, 54.8929107 ], [ -2.9450068, 54.892958 ] ] } },
{ "type": "Feature", "properties": { "id": 136638, "nach": 0.51931391931063109 }, "geometry": { "type": "LineString", "coordinates": [ [ -2.9450248, 54.8929107 ], [ -2.9448817, 54.8928988 ], [ -2.944708, 54.89288220000001 ], [ -2.9445797, 54.8928941 ], [ -2.9444681, 54.8929036 ], [ -2.9443233, 54.8929083 ], [ -2.9440322, 54.8929288 ], [ -2.9439729, 54.8929169 ], [ -2.9439262, 54.892898799999983 ], [ -2.9438145, 54.892856 ], [ -2.943769, 54.8928179 ], [ -2.9437152, 54.8927656 ], [ -2.9436169, 54.8927633 ], [ -2.9429961, 54.8928863 ] ] } },
{ "type": "Feature", "properties": { "id": 136637, "nach": 0.61156733935808527 }, "geometry": { "type": "LineString", "coordinates": [ [ -2.9450248, 54.8929107 ], [ -2.9450366, 54.8928846 ] ] } },
{ "type": "Feature", "properties": { "id": 117483, "nach": 0.59569810426669612 }, "geometry": { "type": "LineString", "coordinates": [ [ -2.9453011, 54.8923784 ], [ -2.94548, 54.89211 ] ] } },
{ "type": "Feature", "properties": { "id": 135616, "nach": 0.60413080643064165 }, "geometry": { "type": "LineString", "coordinates": [ [ -2.9451795, 54.8926049 ], [ -2.9453011, 54.8923784 ] ] } },
{ "type": "Feature", "properties": { "id": 139245, "nach": 0.58547844012282435 }, "geometry": { "type": "LineString", "coordinates": [ [ -2.946403, 54.8907479 ], [ -2.9464582, 54.8906623 ], [ -2.946511, 54.89058210000001 ] ] } },
{ "type": "Feature", "properties": { "id": 139247, "nach": 0.51409135789480431 }, "geometry": { "type": "LineString", "coordinates": [ [ -2.9461394, 54.8905366 ], [ -2.9462416, 54.890640500000018 ], [ -2.9462953, 54.8906851 ], [ -2.9463297, 54.8907138 ], [ -2.946403, 54.8907479 ] ] } },
{ "type": "Feature", "properties": { "id": 117507, "nach": 0.56836227827505337 }, "geometry": { "type": "LineString", "coordinates": [ [ -2.9489912, 54.8935744 ], [ -2.9487113, 54.8933885 ] ] } },
{ "type": "Feature", "properties": { "id": 135615, "nach": 0.60788691856874122 }, "geometry": { "type": "LineString", "coordinates": [ [ -2.9451795, 54.8926049 ], [ -2.9450366, 54.8928846 ] ] } },
{ "type": "Feature", "properties": { "id": 148524, "nach": 0.49483022527489839 }, "geometry": { "type": "LineString", "coordinates": [ [ -2.9454308, 54.89267 ], [ -2.9451795, 54.8926049 ] ] } },
{ "type": "Feature", "properties": { "id": 125355, "nach": 0.56128097035274305 }, "geometry": { "type": "LineString", "coordinates": [ [ -2.9475339, 54.8972833 ], [ -2.9457913, 54.895783 ] ] } },
{ "type": "Feature", "properties": { "id": 117500, "nach": 0.50031918557942512 }, "geometry": { "type": "LineString", "coordinates": [ [ -2.9457966, 54.896797 ], [ -2.9459274, 54.8965639 ], [ -2.9459108, 54.8965191 ], [ -2.9458145, 54.896403 ], [ -2.9452903, 54.8959937 ], [ -2.9457913, 54.895783 ] ] } },
{ "type": "Feature", "properties": { "id": 120527, "nach": 0.58523195473899892 }, "geometry": { "type": "LineString", "coordinates": [ [ -2.9454223, 54.895214 ], [ -2.9454281, 54.895235900000017 ], [ -2.9454693, 54.89539030000001 ], [ -2.9455867, 54.8955877 ], [ -2.9457913, 54.895783 ] ] } },
{ "type": "Feature", "properties": { "id": 125359, "nach": 0.38319964696152925 }, "geometry": { "type": "LineString", "coordinates": [ [ -2.9492782, 54.8963572 ], [ -2.9478674, 54.8971377 ], [ -2.9475339, 54.8972833 ] ] } },
{ "type": "Feature", "properties": { "id": 120528, "nach": 0.54585132807040093 }, "geometry": { "type": "LineString", "coordinates": [ [ -2.9454223, 54.895214 ], [ -2.9453034, 54.895225 ], [ -2.9452765, 54.8951823 ], [ -2.9452483, 54.8951699 ], [ -2.9452072, 54.89516660000001 ], [ -2.9448874, 54.8952126 ] ] } },
{ "type": "Feature", "properties": { "id": 154959, "nach": 0.57222983133576 }, "geometry": { "type": "LineString", "coordinates": [ [ -2.945418, 54.8951992 ], [ -2.9454223, 54.895214 ] ] } },
{ "type": "Feature", "properties": { "id": 147610, "nach": 0.52055516513244582 }, "geometry": { "type": "LineString", "coordinates": [ [ -2.9455395, 54.895198 ], [ -2.9454223, 54.895214 ] ] } },
{ "type": "Feature", "properties": { "id": 154934, "nach": 0.64378594970918979 }, "geometry": { "type": "LineString", "coordinates": [ [ -2.9489365, 54.8936015 ], [ -2.9489912, 54.8935744 ] ] } },
{ "type": "Feature", "properties": { "id": 117494, "nach": 0.41215295524275397 }, "geometry": { "type": "LineString", "coordinates": [ [ -2.9528963, 54.89491240000001 ], [ -2.9528289, 54.8950027 ], [ -2.9528093, 54.8950487 ], [ -2.9527999, 54.8950819 ], [ -2.9528088, 54.8951256 ], [ -2.9528355, 54.8951672 ], [ -2.9529317, 54.8952721 ], [ -2.9529612, 54.8953013 ], [ -2.95299690000001, 54.8953143 ], [ -2.9530501, 54.8953186 ], [ -2.9531005, 54.8953124 ], [ -2.95322560000001, 54.8952757 ] ] } },
{ "type": "Feature", "properties": { "id": 117508, "nach": 0.41671581985775225 }, "geometry": { "type": "LineString", "coordinates": [ [ -2.9524524, 54.894861 ], [ -2.95249440000001, 54.8948018 ], [ -2.9525172, 54.8947868 ], [ -2.9525505, 54.8947916 ], [ -2.9528333, 54.8948835 ], [ -2.9528963, 54.89491240000001 ] ] } },
{ "type": "Feature", "properties": { "id": 135054, "nach": 0.52142750527111503 }, "geometry": { "type": "LineString", "coordinates": [ [ -2.9543025, 54.895063899999982 ], [ -2.9541835, 54.8950765 ], [ -2.9539505, 54.8951079 ] ] } },
{ "type": "Feature", "properties": { "id": 151220, "nach": 0.62091074187274153 }, "geometry": { "type": "LineString", "coordinates": [ [ -2.9544085, 54.8953872 ], [ -2.9543478, 54.8952035 ], [ -2.9543025, 54.895063899999982 ] ] } },
{ "type": "Feature", "properties": { "id": 154935, "nach": 0.61343886510592049 }, "geometry": { "type": "LineString", "coordinates": [ [ -2.9489365, 54.8936015 ], [ -2.9488796, 54.8936707 ] ] } },
{ "type": "Feature", "properties": { "id": 135504, "nach": 0.51656154201113469 }, "geometry": { "type": "LineString", "coordinates": [ [ -2.9470491, 54.8949305 ], [ -2.947073, 54.8949576 ], [ -2.9471459, 54.8950307 ], [ -2.9471876, 54.895094 ], [ -2.9471743, 54.8951597 ], [ -2.9471129, 54.8952117 ], [ -2.9468499, 54.8953081 ] ] } },
{ "type": "Feature", "properties": { "id": 135508, "nach": 0.55142476942925045 }, "geometry": { "type": "LineString", "coordinates": [ [ -2.9475481, 54.8947316 ], [ -2.9471665, 54.8948524 ], [ -2.9470709, 54.8949047 ], [ -2.9470491, 54.8949305 ] ] } },
{ "type": "Feature", "properties": { "id": 154951, "nach": 0.55345769986048476 }, "geometry": { "type": "LineString", "coordinates": [ [ -2.9471026, 54.8946093 ], [ -2.9475103, 54.894439099999985 ], [ -2.9475925, 54.8944068 ] ] } },
{ "type": "Feature", "properties": { "id": 154953, "nach": 0.53178823474774639 }, "geometry": { "type": "LineString", "coordinates": [ [ -2.9470456, 54.894566800000014 ], [ -2.9471026, 54.8946093 ] ] } },
{ "type": "Feature", "properties": { "id": 154955, "nach": 0.47883404478078784 }, "geometry": { "type": "LineString", "coordinates": [ [ -2.9466294, 54.8948709 ], [ -2.9467185, 54.8948365 ] ] } },
{ "type": "Feature", "properties": { "id": 125396, "nach": 0.42897421997326773 }, "geometry": { "type": "LineString", "coordinates": [ [ -2.94695, 54.8950647 ], [ -2.9468857, 54.8949752 ], [ -2.9467631, 54.8948735 ], [ -2.9467185, 54.8948365 ] ] } },
{ "type": "Feature", "properties": { "id": 124459, "nach": 0.50836459421311886 }, "geometry": { "type": "LineString", "coordinates": [ [ -2.9448556, 54.8951621 ], [ -2.9448874, 54.8952126 ] ] } },
{ "type": "Feature", "properties": { "id": 124460, "nach": 0.58100042798268947 }, "geometry": { "type": "LineString", "coordinates": [ [ -2.9448556, 54.8951621 ], [ -2.944836200000011, 54.8951262 ], [ -2.944902, 54.8951129 ], [ -2.9448713, 54.8950599 ] ] } },
{ "type": "Feature", "properties": { "id": 124458, "nach": 0.63824811383315627 }, "geometry": { "type": "LineString", "coordinates": [ [ -2.9448556, 54.8951621 ], [ -2.9447662, 54.8951785 ] ] } },
{ "type": "Feature", "properties": { "id": 147611, "nach": 0.50507012412224705 }, "geometry": { "type": "LineString", "coordinates": [ [ -2.9455395, 54.895198 ], [ -2.9455409, 54.8951704 ], [ -2.9455799, 54.895149 ] ] } },
{ "type": "Feature", "properties": { "id": 156684, "nach": 0.41928040117654486 }, "geometry": { "type": "LineString", "coordinates": [ [ -2.9472302, 54.8961706 ], [ -2.94685520000001, 54.896328 ], [ -2.9465842, 54.896418300000015 ], [ -2.945828, 54.8957611 ], [ -2.9456462, 54.8955977 ], [ -2.9455698, 54.8954306 ], [ -2.9455217, 54.8952571 ], [ -2.9455395, 54.895198 ] ] } },
{ "type": "Feature", "properties": { "id": 120534, "nach": 0.4893893863707271 }, "geometry": { "type": "LineString", "coordinates": [ [ -2.94653, 54.894909300000023 ], [ -2.9459257, 54.8950604 ], [ -2.9455799, 54.895149 ] ] } },
{ "type": "Feature", "properties": { "id": 147626, "nach": 0.41487256634121927 }, "geometry": { "type": "LineString", "coordinates": [ [ -2.9464269, 54.8948123 ], [ -2.94653, 54.894909300000023 ] ] } },
{ "type": "Feature", "properties": { "id": 154956, "nach": 0.49732262330228511 }, "geometry": { "type": "LineString", "coordinates": [ [ -2.9466294, 54.8948709 ], [ -2.94653, 54.894909300000023 ] ] } },
{ "type": "Feature", "properties": { "id": 147627, "nach": 0.49268081774511147 }, "geometry": { "type": "LineString", "coordinates": [ [ -2.9464269, 54.8948123 ], [ -2.9463815, 54.8947696 ], [ -2.9462453, 54.894806 ], [ -2.9461927, 54.8947527 ] ] } },
{ "type": "Feature", "properties": { "id": 154958, "nach": 0.63520929049421015 }, "geometry": { "type": "LineString", "coordinates": [ [ -2.946466, 54.8947978 ], [ -2.9464269, 54.8948123 ] ] } },
{ "type": "Feature", "properties": { "id": 125395, "nach": 0.57081788924041232 }, "geometry": { "type": "LineString", "coordinates": [ [ -2.94695, 54.8950647 ], [ -2.9468694, 54.895024 ], [ -2.9466816, 54.8949052 ], [ -2.9466294, 54.8948709 ] ] } },
{ "type": "Feature", "properties": { "id": 154957, "nach": 0.5681243016536569 }, "geometry": { "type": "LineString", "coordinates": [ [ -2.9466294, 54.8948709 ], [ -2.9465529, 54.8948188 ], [ -2.946466, 54.8947978 ] ] } },
{ "type": "Feature", "properties": { "id": 128267, "nach": 0.58636012635634382 }, "geometry": { "type": "LineString", "coordinates": [ [ -2.9546329, 54.89598440000001 ], [ -2.9545407, 54.89574420000001 ] ] } },
{ "type": "Feature", "properties": { "id": 120536, "nach": 0.55298712777452197 }, "geometry": { "type": "LineString", "coordinates": [ [ -2.9545407, 54.89574420000001 ], [ -2.9543613, 54.8957957 ] ] } },
{ "type": "Feature", "properties": { "id": 151219, "nach": 0.61586833554987264 }, "geometry": { "type": "LineString", "coordinates": [ [ -2.9544085, 54.8953872 ], [ -2.9544123, 54.8953987 ], [ -2.9545407, 54.89574420000001 ] ] } },
{ "type": "Feature", "properties": { "id": 136510, "nach": 0.4081515602744995 }, "geometry": { "type": "LineString", "coordinates": [ [ -2.955672, 54.895545 ], [ -2.955612, 54.8955483 ], [ -2.9555282, 54.8955495 ], [ -2.9554139, 54.8955104 ], [ -2.9548181, 54.8956699 ], [ -2.9545407, 54.89574420000001 ] ] } },
{ "type": "Feature", "properties": { "id": 150397, "nach": 0.59640646087424876 }, "geometry": { "type": "LineString", "coordinates": [ [ -2.9546885, 54.8961379 ], [ -2.9546329, 54.89598440000001 ] ] } },
{ "type": "Feature", "properties": { "id": 128285, "nach": 0.48831247823564972 }, "geometry": { "type": "LineString", "coordinates": [ [ -2.954448, 54.8960431 ], [ -2.9544956, 54.8960126 ], [ -2.9546329, 54.89598440000001 ] ] } },
{ "type": "Feature", "properties": { "id": 128282, "nach": 0.52807641512301373 }, "geometry": { "type": "LineString", "coordinates": [ [ -2.9543613, 54.8957957 ], [ -2.9541173, 54.8958708 ] ] } },
{ "type": "Feature", "properties": { "id": 128284, "nach": 0.45894355079578142 }, "geometry": { "type": "LineString", "coordinates": [ [ -2.954448, 54.8960431 ], [ -2.9543613, 54.8957957 ] ] } },
{ "type": "Feature", "properties": { "id": 151225, "nach": 0.4845712988642501 }, "geometry": { "type": "LineString", "coordinates": [ [ -2.9541479, 54.8956024 ], [ -2.9540579, 54.8954579 ], [ -2.9544085, 54.8953872 ] ] } },
{ "type": "Feature", "properties": { "id": 120542, "nach": 0.58213884843946706 }, "geometry": { "type": "LineString", "coordinates": [ [ -2.95554710000001, 54.896921200000016 ], [ -2.9549677, 54.8965387 ], [ -2.9548158, 54.8964183 ] ] } },
{ "type": "Feature", "properties": { "id": 128287, "nach": 0.58352509233438232 }, "geometry": { "type": "LineString", "coordinates": [ [ -2.95471160000001, 54.896198 ], [ -2.954767, 54.896347899999988 ], [ -2.9548158, 54.8964183 ] ] } },
{ "type": "Feature", "properties": { "id": 151217, "nach": 0.0 }, "geometry": { "type": "LineString", "coordinates": [ [ -2.9550998, 54.8960986 ], [ -2.9553156, 54.8960784 ], [ -2.9553484, 54.8960831 ], [ -2.9553549, 54.8960871 ], [ -2.955393, 54.8961085 ], [ -2.9554539, 54.8962166 ], [ -2.95546510000001, 54.8962711 ], [ -2.9554544, 54.8963184 ], [ -2.9554305, 54.8963537 ], [ -2.9553771, 54.89637 ], [ -2.9548158, 54.8964183 ] ] } },
{ "type": "Feature", "properties": { "id": 151213, "nach": 0.56238553150150961 }, "geometry": { "type": "LineString", "coordinates": [ [ -2.955969, 54.8970397 ], [ -2.95573530000001, 54.8969947 ], [ -2.9556932, 54.8969825 ], [ -2.9556209, 54.8969598 ], [ -2.95554710000001, 54.896921200000016 ] ] } },
{ "type": "Feature", "properties": { "id": 128298, "nach": 0.5666650533139368 }, "geometry": { "type": "LineString", "coordinates": [ [ -2.9550807, 54.8974565 ], [ -2.9553344, 54.89729 ], [ -2.95538330000001, 54.8972292 ], [ -2.95554710000001, 54.896921200000016 ] ] } },
{ "type": "Feature", "properties": { "id": 151210, "nach": 0.42945669626641925 }, "geometry": { "type": "LineString", "coordinates": [ [ -2.9560084, 54.896629800000014 ], [ -2.9559537, 54.8966789 ], [ -2.9559063, 54.8967318 ], [ -2.9558089, 54.896785 ], [ -2.9556869, 54.8968523 ], [ -2.95554710000001, 54.896921200000016 ] ] } },
{ "type": "Feature", "properties": { "id": 150396, "nach": 0.59240718997300601 }, "geometry": { "type": "LineString", "coordinates": [ [ -2.9546885, 54.8961379 ], [ -2.95471160000001, 54.896198 ] ] } },
{ "type": "Feature", "properties": { "id": 128292, "nach": 0.51212464001446778 }, "geometry": { "type": "LineString", "coordinates": [ [ -2.9540991, 54.8965722 ], [ -2.9541967, 54.8965118 ], [ -2.954271, 54.8964446 ], [ -2.9542109, 54.896391700000017 ], [ -2.9542852, 54.8963144 ], [ -2.9544374, 54.8962207 ], [ -2.95471160000001, 54.896198 ] ] } },
{ "type": "Feature", "properties": { "id": 151216, "nach": 0.45322741197696437 }, "geometry": { "type": "LineString", "coordinates": [ [ -2.9550998, 54.8960986 ], [ -2.954751, 54.89612540000001 ], [ -2.9546885, 54.8961379 ] ] } },
{ "type": "Feature", "properties": { "id": 151218, "nach": 0.40843709601595668 }, "geometry": { "type": "LineString", "coordinates": [ [ -2.9550161, 54.8959223 ], [ -2.9550998, 54.8960986 ] ] } },
{ "type": "Feature", "properties": { "id": 151212, "nach": 0.56030932224731955 }, "geometry": { "type": "LineString", "coordinates": [ [ -2.955969, 54.8970397 ], [ -2.9564475, 54.89713170000001 ], [ -2.95683190000001, 54.8971978 ] ] } },
{ "type": "Feature", "properties": { "id": 151214, "nach": 0.32434047336723171 }, "geometry": { "type": "LineString", "coordinates": [ [ -2.955969, 54.8970397 ], [ -2.9560374, 54.8969506 ], [ -2.9560601, 54.8968929 ], [ -2.9560714, 54.8968193 ], [ -2.9560633, 54.8967756 ], [ -2.9560407, 54.8967347 ], [ -2.9560148, 54.8966974 ], [ -2.9560099, 54.8966555 ], [ -2.9560084, 54.896629800000014 ] ] } },
{ "type": "Feature", "properties": { "id": 128299, "nach": 0.51515010960945806 }, "geometry": { "type": "LineString", "coordinates": [ [ -2.9548222, 54.897411499999983 ], [ -2.9550807, 54.8974565 ] ] } },
{ "type": "Feature", "properties": { "id": 128304, "nach": 0.55847080914038139 }, "geometry": { "type": "LineString", "coordinates": [ [ -2.9556369, 54.8976198 ], [ -2.9552227, 54.8974844 ], [ -2.9550807, 54.8974565 ] ] } },
{ "type": "Feature", "properties": { "id": 151209, "nach": 0.39578320576413734 }, "geometry": { "type": "LineString", "coordinates": [ [ -2.9560084, 54.896629800000014 ], [ -2.9561209, 54.896450899999984 ] ] } },
{ "type": "Feature", "properties": { "id": 150423, "nach": 0.51110801808828799 }, "geometry": { "type": "LineString", "coordinates": [ [ -2.9580096, 54.8974404 ], [ -2.9579129, 54.8974178 ] ] } },
{ "type": "Feature", "properties": { "id": 150420, "nach": 0.51684735373020052 }, "geometry": { "type": "LineString", "coordinates": [ [ -2.9571605, 54.8972613 ], [ -2.9579129, 54.8974178 ] ] } },
{ "type": "Feature", "properties": { "id": 135462, "nach": 0.37646197550162469 }, "geometry": { "type": "LineString", "coordinates": [ [ -2.9578397, 54.8971383 ], [ -2.9580132, 54.8972105 ], [ -2.9580535, 54.8972276 ], [ -2.9580632, 54.8972536 ], [ -2.9579129, 54.8974178 ] ] } },
{ "type": "Feature", "properties": { "id": 150425, "nach": 0.51399305315587795 }, "geometry": { "type": "LineString", "coordinates": [ [ -2.9580096, 54.8974404 ], [ -2.9584222, 54.8974972 ], [ -2.9585754, 54.8975237 ] ] } },
{ "type": "Feature", "properties": { "id": 150424, "nach": 0.37247157313485152 }, "geometry": { "type": "LineString", "coordinates": [ [ -2.9580096, 54.8974404 ], [ -2.95795370000001, 54.8975019 ] ] } },
{ "type": "Feature", "properties": { "id": 150422, "nach": 0.48088727257199043 }, "geometry": { "type": "LineString", "coordinates": [ [ -2.9571605, 54.8972613 ], [ -2.9571204, 54.8973323 ] ] } },
{ "type": "Feature", "properties": { "id": 151205, "nach": 0.54721051304064228 }, "geometry": { "type": "LineString", "coordinates": [ [ -2.9569913, 54.8972297 ], [ -2.9571605, 54.8972613 ] ] } },
{ "type": "Feature", "properties": { "id": 134632, "nach": 0.3841453997213623 }, "geometry": { "type": "LineString", "coordinates": [ [ -2.95863, 54.8966263 ], [ -2.9589687, 54.8963182 ] ] } },
{ "type": "Feature", "properties": { "id": 135437, "nach": 0.5399704105383013 }, "geometry": { "type": "LineString", "coordinates": [ [ -2.9594583, 54.8964515 ], [ -2.9589687, 54.8963182 ] ] } },
{ "type": "Feature", "properties": { "id": 150406, "nach": 0.53697724066501029 }, "geometry": { "type": "LineString", "coordinates": [ [ -2.9596996, 54.8965106 ], [ -2.9594583, 54.8964515 ] ] } },
{ "type": "Feature", "properties": { "id": 135443, "nach": 0.38411897043570226 }, "geometry": { "type": "LineString", "coordinates": [ [ -2.9594661, 54.8963317 ], [ -2.9594583, 54.8964515 ] ] } },
{ "type": "Feature", "properties": { "id": 128350, "nach": 0.47150674919752278 }, "geometry": { "type": "LineString", "coordinates": [ [ -2.9640106, 54.8925218 ], [ -2.9636348, 54.8925101 ] ] } },
{ "type": "Feature", "properties": { "id": 122501, "nach": 0.6070903639797669 }, "geometry": { "type": "LineString", "coordinates": [ [ -2.94436, 54.8951114 ], [ -2.9445732, 54.8950613 ], [ -2.9447371, 54.8950211 ], [ -2.9448401, 54.8950001 ] ] } },
{ "type": "Feature", "properties": { "id": 135546, "nach": 0.55974334252415359 }, "geometry": { "type": "LineString", "coordinates": [ [ -2.9437398, 54.8941252 ], [ -2.94436, 54.8951114 ] ] } },
{ "type": "Feature", "properties": { "id": 124456, "nach": 0.52907703464280875 }, "geometry": { "type": "LineString", "coordinates": [ [ -2.9448713, 54.8950599 ], [ -2.9448401, 54.8950001 ] ] } },
{ "type": "Feature", "properties": { "id": 125363, "nach": 0.41187764799933491 }, "geometry": { "type": "LineString", "coordinates": [ [ -2.9468768, 54.89621850000001 ], [ -2.9470985, 54.896132 ] ] } },
{ "type": "Feature", "properties": { "id": 125380, "nach": 0.45677548704956678 }, "geometry": { "type": "LineString", "coordinates": [ [ -2.9473041, 54.896051800000016 ], [ -2.9470985, 54.896132 ] ] } },
{ "type": "Feature", "properties": { "id": 125394, "nach": 0.16825416357860221 }, "geometry": { "type": "LineString", "coordinates": [ [ -2.9463433, 54.8954767 ], [ -2.9464941, 54.8955891 ], [ -2.9470985, 54.896132 ] ] } },
{ "type": "Feature", "properties": { "id": 125387, "nach": 0.068214354625874205 }, "geometry": { "type": "LineString", "coordinates": [ [ -2.9458664, 54.8955798 ], [ -2.9466872, 54.8962924 ], [ -2.9468768, 54.89621850000001 ] ] } },
{ "type": "Feature", "properties": { "id": 125406, "nach": 0.099932223259768152 }, "geometry": { "type": "LineString", "coordinates": [ [ -2.94609580000001, 54.8955094 ], [ -2.9463434, 54.89574320000002 ], [ -2.9468768, 54.89621850000001 ] ] } },
{ "type": "Feature", "properties": { "id": 125383, "nach": 0.48458393272650052 }, "geometry": { "type": "LineString", "coordinates": [ [ -2.9475602, 54.8959519 ], [ -2.9473041, 54.896051800000016 ] ] } },
{ "type": "Feature", "properties": { "id": 125403, "nach": 0.24678480937827735 }, "geometry": { "type": "LineString", "coordinates": [ [ -2.946561, 54.895412400000012 ], [ -2.94684810000001, 54.89566 ], [ -2.9473041, 54.896051800000016 ] ] } },
{ "type": "Feature", "properties": { "id": 125392, "nach": 0.49787788842553737 }, "geometry": { "type": "LineString", "coordinates": [ [ -2.9463433, 54.8954767 ], [ -2.946249, 54.8954931 ] ] } },
{ "type": "Feature", "properties": { "id": 147601, "nach": 0.51675594420362703 }, "geometry": { "type": "LineString", "coordinates": [ [ -2.94650910000001, 54.8954266 ], [ -2.9463954, 54.895461799999985 ], [ -2.9463433, 54.8954767 ] ] } },
{ "type": "Feature", "properties": { "id": 125391, "nach": 0.0 }, "geometry": { "type": "LineString", "coordinates": [ [ -2.946249, 54.8954931 ], [ -2.9460325, 54.8953044 ], [ -2.945749900000011, 54.8953657 ], [ -2.9458664, 54.8955798 ] ] } },
{ "type": "Feature", "properties": { "id": 125405, "nach": 0.42669991891577769 }, "geometry": { "type": "LineString", "coordinates": [ [ -2.94609580000001, 54.8955094 ], [ -2.9459737, 54.8955305 ], [ -2.9458664, 54.8955798 ] ] } },
{ "type": "Feature", "properties": { "id": 125404, "nach": 0.47139524451124148 }, "geometry": { "type": "LineString", "coordinates": [ [ -2.94609580000001, 54.8955094 ], [ -2.946249, 54.8954931 ] ] } },
{ "type": "Feature", "properties": { "id": 125378, "nach": 0.41188965231789226 }, "geometry": { "type": "LineString", "coordinates": [ [ -2.9477683, 54.8958708 ], [ -2.947921, 54.8958112 ], [ -2.9480712, 54.8958081 ], [ -2.9482902, 54.8959136 ] ] } },
{ "type": "Feature", "properties": { "id": 125371, "nach": 0.0 }, "geometry": { "type": "LineString", "coordinates": [ [ -2.9482902, 54.8959136 ], [ -2.9487632, 54.8963603 ], [ -2.9488866, 54.8962709 ], [ -2.9484682, 54.8959994 ], [ -2.9482902, 54.8959136 ] ] } },
{ "type": "Feature", "properties": { "id": 125379, "nach": 0.45823498487061154 }, "geometry": { "type": "LineString", "coordinates": [ [ -2.9477683, 54.8958708 ], [ -2.9471646, 54.895345400000011 ], [ -2.9469715, 54.8954256 ] ] } },
{ "type": "Feature", "properties": { "id": 125384, "nach": 0.23077789834055862 }, "geometry": { "type": "LineString", "coordinates": [ [ -2.9475602, 54.8959519 ], [ -2.9477683, 54.8958708 ] ] } },
{ "type": "Feature", "properties": { "id": 125398, "nach": 0.54098793833356906 }, "geometry": { "type": "LineString", "coordinates": [ [ -2.9468499, 54.8953081 ], [ -2.9469715, 54.8954256 ] ] } },
{ "type": "Feature", "properties": { "id": 125385, "nach": 0.50314811946732829 }, "geometry": { "type": "LineString", "coordinates": [ [ -2.9475602, 54.8959519 ], [ -2.9473792, 54.8957927 ], [ -2.9469715, 54.8954256 ] ] } },
{ "type": "Feature", "properties": { "id": 125401, "nach": 0.54346632009504736 }, "geometry": { "type": "LineString", "coordinates": [ [ -2.946561, 54.895412400000012 ], [ -2.9468499, 54.8953081 ] ] } },
{ "type": "Feature", "properties": { "id": 125399, "nach": 0.56882859445165834 }, "geometry": { "type": "LineString", "coordinates": [ [ -2.9468499, 54.8953081 ], [ -2.94695, 54.8951418 ], [ -2.94695, 54.8950647 ] ] } },
{ "type": "Feature", "properties": { "id": 147602, "nach": 0.0 }, "geometry": { "type": "LineString", "coordinates": [ [ -2.94650910000001, 54.8954266 ], [ -2.9463133, 54.8952441 ], [ -2.9462991, 54.895223 ], [ -2.9463145, 54.8952041 ], [ -2.9465911, 54.895097599999986 ], [ -2.946622, 54.8950972 ], [ -2.9466516, 54.8951128 ], [ -2.9468499, 54.8953081 ] ] } },
{ "type": "Feature", "properties": { "id": 147600, "nach": 0.53171177614090326 }, "geometry": { "type": "LineString", "coordinates": [ [ -2.94650910000001, 54.8954266 ], [ -2.946561, 54.895412400000012 ] ] } },
{ "type": "Feature", "properties": { "id": 147623, "nach": 0.61784599573722732 }, "geometry": { "type": "LineString", "coordinates": [ [ -2.9461927, 54.8947527 ], [ -2.9462144, 54.8947473 ], [ -2.9464876, 54.8946628 ] ] } },
{ "type": "Feature", "properties": { "id": 125923, "nach": 0.41327548840636652 }, "geometry": { "type": "LineString", "coordinates": [ [ -2.95606, 54.890695 ], [ -2.9561321, 54.8907368 ], [ -2.9559394, 54.890839799999988 ] ] } },
{ "type": "Feature", "properties": { "id": 125938, "nach": 0.45846380032205314 }, "geometry": { "type": "LineString", "coordinates": [ [ -2.955937, 54.8906238 ], [ -2.95606, 54.890695 ] ] } },
{ "type": "Feature", "properties": { "id": 125927, "nach": 0.0 }, "geometry": { "type": "LineString", "coordinates": [ [ -2.9562596, 54.890432100000012 ], [ -2.9563979, 54.890512 ], [ -2.95606, 54.890695 ] ] } },
{ "type": "Feature", "properties": { "id": 137770, "nach": 0.52181527936410421 }, "geometry": { "type": "LineString", "coordinates": [ [ -2.9553935, 54.8903029 ], [ -2.9553126, 54.890258100000011 ] ] } },
{ "type": "Feature", "properties": { "id": 155740, "nach": 0.40068489108699801 }, "geometry": { "type": "LineString", "coordinates": [ [ -2.955439, 54.8903287 ], [ -2.9553935, 54.8903029 ] ] } },
{ "type": "Feature", "properties": { "id": 148157, "nach": 0.50830831537807553 }, "geometry": { "type": "LineString", "coordinates": [ [ -2.9550026, 54.890543 ], [ -2.9552484, 54.8904004 ], [ -2.9553935, 54.8903029 ] ] } },
{ "type": "Feature", "properties": { "id": 125939, "nach": 0.12095779317404914 }, "geometry": { "type": "LineString", "coordinates": [ [ -2.955937, 54.8906238 ], [ -2.9562596, 54.890432100000012 ] ] } },
{ "type": "Feature", "properties": { "id": 125937, "nach": 0.48496318823450157 }, "geometry": { "type": "LineString", "coordinates": [ [ -2.955937, 54.8906238 ], [ -2.9557792, 54.8905325 ] ] } },
{ "type": "Feature", "properties": { "id": 125929, "nach": 0.4142700667557272 }, "geometry": { "type": "LineString", "coordinates": [ [ -2.9561011, 54.8903416 ], [ -2.9562596, 54.890432100000012 ] ] } },
{ "type": "Feature", "properties": { "id": 125935, "nach": 0.14911786362867904 }, "geometry": { "type": "LineString", "coordinates": [ [ -2.9557792, 54.8905325 ], [ -2.9561011, 54.8903416 ] ] } },
{ "type": "Feature", "properties": { "id": 125933, "nach": 0.45862788976285779 }, "geometry": { "type": "LineString", "coordinates": [ [ -2.9556001, 54.890428799999988 ], [ -2.9559238, 54.890243099999985 ], [ -2.9561011, 54.8903416 ] ] } },
{ "type": "Feature", "properties": { "id": 125936, "nach": 0.50421084855278386 }, "geometry": { "type": "LineString", "coordinates": [ [ -2.9557792, 54.8905325 ], [ -2.955696, 54.8904853 ], [ -2.9556001, 54.890428799999988 ] ] } },
{ "type": "Feature", "properties": { "id": 155741, "nach": 0.53957403959638017 }, "geometry": { "type": "LineString", "coordinates": [ [ -2.955439, 54.8903287 ], [ -2.9556001, 54.890428799999988 ] ] } },
{ "type": "Feature", "properties": { "id": 155743, "nach": 0.5590227625002705 }, "geometry": { "type": "LineString", "coordinates": [ [ -2.955439, 54.8903287 ], [ -2.955037, 54.8905627 ] ] } },
{ "type": "Feature", "properties": { "id": 155745, "nach": 0.52687295369002296 }, "geometry": { "type": "LineString", "coordinates": [ [ -2.9558611, 54.8900802 ], [ -2.955439, 54.8903287 ] ] } },
{ "type": "Feature", "properties": { "id": 126948, "nach": 0.4348437880360691 }, "geometry": { "type": "LineString", "coordinates": [ [ -2.9444985, 54.892849499999983 ], [ -2.9450366, 54.8928846 ] ] } },
{ "type": "Feature", "properties": { "id": 143832, "nach": 0.61341061476519398 }, "geometry": { "type": "LineString", "coordinates": [ [ -2.9449224, 54.894081599999986 ], [ -2.9449176, 54.8939416 ] ] } },
{ "type": "Feature", "properties": { "id": 143834, "nach": 0.43355412369672847 }, "geometry": { "type": "LineString", "coordinates": [ [ -2.9460522, 54.8942034 ], [ -2.945918, 54.8941904 ], [ -2.9458064, 54.8941791 ], [ -2.9456426, 54.8941328 ], [ -2.9455819, 54.8941182 ], [ -2.9455409, 54.894119 ], [ -2.9454986, 54.894133600000011 ], [ -2.9454548, 54.8941515 ], [ -2.945398300000011, 54.8941563 ], [ -2.9453446, 54.8941474 ], [ -2.9452783, 54.8941157 ], [ -2.9452133, 54.8941019 ], [ -2.945106, 54.8940938 ], [ -2.9449224, 54.894081599999986 ] ] } },
{ "type": "Feature", "properties": { "id": 126958, "nach": 0.43574306430799703 }, "geometry": { "type": "LineString", "coordinates": [ [ -2.9443237, 54.8938782 ], [ -2.9443033, 54.894091 ] ] } },
{ "type": "Feature", "properties": { "id": 126957, "nach": 0.42577459909574644 }, "geometry": { "type": "LineString", "coordinates": [ [ -2.9446083, 54.8948041 ], [ -2.9442586, 54.8947947 ], [ -2.9443033, 54.894091 ] ] } },
{ "type": "Feature", "properties": { "id": 144759, "nach": 0.42198473396197622 }, "geometry": { "type": "LineString", "coordinates": [ [ -2.9475153, 54.8900392 ], [ -2.9476684, 54.8897665 ] ] } },
{ "type": "Feature", "properties": { "id": 127491, "nach": 0.54418257530154845 }, "geometry": { "type": "LineString", "coordinates": [ [ -2.9652567, 54.8929732 ], [ -2.9640402, 54.8930278 ] ] } },
{ "type": "Feature", "properties": { "id": 127495, "nach": 0.49476751983657408 }, "geometry": { "type": "LineString", "coordinates": [ [ -2.9652199, 54.8935207 ], [ -2.9652816, 54.8933825 ], [ -2.9652567, 54.8929732 ] ] } },
{ "type": "Feature", "properties": { "id": 156451, "nach": 0.55499118249372459 }, "geometry": { "type": "LineString", "coordinates": [ [ -2.9640402, 54.8930278 ], [ -2.96369670000001, 54.8930432 ] ] } },
{ "type": "Feature", "properties": { "id": 156454, "nach": 0.48324140973146845 }, "geometry": { "type": "LineString", "coordinates": [ [ -2.9641071, 54.8931638 ], [ -2.9640402, 54.8930278 ] ] } },
{ "type": "Feature", "properties": { "id": 127496, "nach": 0.39413795026745907 }, "geometry": { "type": "LineString", "coordinates": [ [ -2.9652816, 54.8937971 ], [ -2.9652199, 54.8935207 ] ] } },
{ "type": "Feature", "properties": { "id": 141642, "nach": 0.46146014044086825 }, "geometry": { "type": "LineString", "coordinates": [ [ -2.9649428, 54.8935392 ], [ -2.9652199, 54.8935207 ] ] } },
{ "type": "Feature", "properties": { "id": 141643, "nach": 0.39528421539533326 }, "geometry": { "type": "LineString", "coordinates": [ [ -2.9649428, 54.8935392 ], [ -2.9649295, 54.8934779 ] ] } },
{ "type": "Feature", "properties": { "id": 141645, "nach": 0.38763491785811904 }, "geometry": { "type": "LineString", "coordinates": [ [ -2.9644357, 54.8937336 ], [ -2.9644307, 54.8936359 ], [ -2.964509, 54.8935682 ], [ -2.9649428, 54.8935392 ] ] } },
{ "type": "Feature", "properties": { "id": 128200, "nach": 0.40333578393310054 }, "geometry": { "type": "LineString", "coordinates": [ [ -2.95776840000001, 54.8957277 ], [ -2.9576072, 54.8957848 ], [ -2.9575378, 54.8957938 ], [ -2.9574962, 54.8957792 ], [ -2.9572374, 54.8955255 ], [ -2.9571019, 54.8953859 ], [ -2.957067, 54.8953643 ], [ -2.9570147, 54.8953596 ], [ -2.9568624, 54.895396 ] ] } },
{ "type": "Feature", "properties": { "id": 150411, "nach": 0.06814144019917219 }, "geometry": { "type": "LineString", "coordinates": [ [ -2.9572839, 54.8952478 ], [ -2.9574506, 54.8952108 ], [ -2.9575324, 54.89520850000001 ], [ -2.9575914, 54.8952362 ], [ -2.9576398, 54.8952769 ], [ -2.9577308, 54.8953851 ], [ -2.9578078, 54.8954732 ], [ -2.9579455, 54.8956053 ], [ -2.9579642, 54.8956261 ], [ -2.9579549, 54.8956519 ], [ -2.95776840000001, 54.8957277 ] ] } },
{ "type": "Feature", "properties": { "id": 135449, "nach": 0.56389458269525261 }, "geometry": { "type": "LineString", "coordinates": [ [ -2.956818, 54.8953522 ], [ -2.9568624, 54.895396 ] ] } },
{ "type": "Feature", "properties": { "id": 128207, "nach": 0.38253996203906315 }, "geometry": { "type": "LineString", "coordinates": [ [ -2.9554052, 54.8951875 ], [ -2.9555585, 54.8953411 ] ] } },
{ "type": "Feature", "properties": { "id": 128236, "nach": 0.39309765187764606 }, "geometry": { "type": "LineString", "coordinates": [ [ -2.9557107, 54.8954888 ], [ -2.9555585, 54.8953411 ] ] } },
{ "type": "Feature", "properties": { "id": 128244, "nach": 0.40425841187798883 }, "geometry": { "type": "LineString", "coordinates": [ [ -2.9562918, 54.8951834 ], [ -2.9556415, 54.8953158 ], [ -2.9555585, 54.8953411 ] ] } },
{ "type": "Feature", "properties": { "id": 151232, "nach": 0.43462427957696109 }, "geometry": { "type": "LineString", "coordinates": [ [ -2.9553311, 54.895112699999984 ], [ -2.9554052, 54.8951875 ] ] } },
{ "type": "Feature", "properties": { "id": 128247, "nach": 0.14879147078771479 }, "geometry": { "type": "LineString", "coordinates": [ [ -2.9561906, 54.8950366 ], [ -2.9555001, 54.895166 ], [ -2.9554052, 54.8951875 ] ] } },
{ "type": "Feature", "properties": { "id": 128237, "nach": 0.4016629841444932 }, "geometry": { "type": "LineString", "coordinates": [ [ -2.9557107, 54.8954888 ], [ -2.95587, 54.8956131 ] ] } },
{ "type": "Feature", "properties": { "id": 128241, "nach": 0.40128087450802863 }, "geometry": { "type": "LineString", "coordinates": [ [ -2.9563839, 54.8953436 ], [ -2.9557725, 54.8954671 ], [ -2.9557107, 54.8954888 ] ] } },
{ "type": "Feature", "properties": { "id": 128243, "nach": 0.52581147125389216 }, "geometry": { "type": "LineString", "coordinates": [ [ -2.9562918, 54.8951834 ], [ -2.9563288, 54.8952361 ], [ -2.9563839, 54.8953436 ] ] } },
{ "type": "Feature", "properties": { "id": 128246, "nach": 0.54127408068057237 }, "geometry": { "type": "LineString", "coordinates": [ [ -2.9561906, 54.8950366 ], [ -2.9561994, 54.8950518 ], [ -2.9562918, 54.8951834 ] ] } },
{ "type": "Feature", "properties": { "id": 151231, "nach": 0.48055722440874177 }, "geometry": { "type": "LineString", "coordinates": [ [ -2.9553311, 54.895112699999984 ], [ -2.9552632, 54.8950441 ] ] } },
{ "type": "Feature", "properties": { "id": 151234, "nach": 0.41422375243363002 }, "geometry": { "type": "LineString", "coordinates": [ [ -2.9549363, 54.895208 ], [ -2.9553311, 54.895112699999984 ] ] } },
{ "type": "Feature", "properties": { "id": 128252, "nach": 0.5486165612921815 }, "geometry": { "type": "LineString", "coordinates": [ [ -2.9560903, 54.894879100000018 ], [ -2.9561162, 54.8949083 ], [ -2.9561906, 54.8950366 ] ] } },
{ "type": "Feature", "properties": { "id": 128223, "nach": 0.52393562964343454 }, "geometry": { "type": "LineString", "coordinates": [ [ -2.9558301, 54.894745 ], [ -2.9553044, 54.8948613 ], [ -2.9552074, 54.894891 ] ] } },
{ "type": "Feature", "properties": { "id": 128249, "nach": 0.49621985340457925 }, "geometry": { "type": "LineString", "coordinates": [ [ -2.9552632, 54.8950441 ], [ -2.9552167, 54.894958699999989 ], [ -2.9552074, 54.894891 ] ] } },
{ "type": "Feature", "properties": { "id": 128229, "nach": 0.42006206470061469 }, "geometry": { "type": "LineString", "coordinates": [ [ -2.9550994, 54.8947224 ], [ -2.95517930000001, 54.8948521 ], [ -2.9552074, 54.894891 ] ] } },
{ "type": "Feature", "properties": { "id": 128221, "nach": 0.54570584179931547 }, "geometry": { "type": "LineString", "coordinates": [ [ -2.9558301, 54.894745 ], [ -2.955969, 54.8947458 ] ] } },
{ "type": "Feature", "properties": { "id": 128224, "nach": 0.42774813850696919 }, "geometry": { "type": "LineString", "coordinates": [ [ -2.9556872, 54.8946199 ], [ -2.9558301, 54.894745 ] ] } },
{ "type": "Feature", "properties": { "id": 128253, "nach": 0.12079622340443875 }, "geometry": { "type": "LineString", "coordinates": [ [ -2.9560903, 54.894879100000018 ], [ -2.9553778, 54.895016 ], [ -2.9552632, 54.8950441 ] ] } },
{ "type": "Feature", "properties": { "id": 128228, "nach": 0.068169826498275521 }, "geometry": { "type": "LineString", "coordinates": [ [ -2.9550994, 54.8947224 ], [ -2.9549885, 54.8945894 ], [ -2.9550171, 54.8945632 ], [ -2.9554948, 54.8944741 ], [ -2.9555812, 54.894494299999984 ], [ -2.9556872, 54.8946199 ] ] } },
{ "type": "Feature", "properties": { "id": 128251, "nach": 0.55565594750719571 }, "geometry": { "type": "LineString", "coordinates": [ [ -2.9560903, 54.894879100000018 ], [ -2.955969, 54.8947458 ] ] } },
{ "type": "Feature", "properties": { "id": 128256, "nach": 0.40867823260925401 }, "geometry": { "type": "LineString", "coordinates": [ [ -2.9564058, 54.8956889 ], [ -2.9560053, 54.8957623 ], [ -2.95587, 54.8956131 ] ] } },
{ "type": "Feature", "properties": { "id": 128257, "nach": 0.40641933653294471 }, "geometry": { "type": "LineString", "coordinates": [ [ -2.9565459, 54.8959105 ], [ -2.9564058, 54.8956889 ] ] } },
{ "type": "Feature", "properties": { "id": 128235, "nach": 0.39809916229786513 }, "geometry": { "type": "LineString", "coordinates": [ [ -2.9564665, 54.8955048 ], [ -2.95587, 54.8956131 ] ] } },
{ "type": "Feature", "properties": { "id": 128239, "nach": 0.50680851101102409 }, "geometry": { "type": "LineString", "coordinates": [ [ -2.9563839, 54.8953436 ], [ -2.9564665, 54.8955048 ] ] } },
{ "type": "Feature", "properties": { "id": 140384, "nach": 0.50313866396385398 }, "geometry": { "type": "LineString", "coordinates": [ [ -2.9534648, 54.8970697 ], [ -2.9536348, 54.8971636 ], [ -2.9539237, 54.897255 ], [ -2.9548222, 54.897411499999983 ] ] } },
{ "type": "Feature", "properties": { "id": 140383, "nach": 0.39840880978517834 }, "geometry": { "type": "LineString", "coordinates": [ [ -2.9534648, 54.8970697 ], [ -2.953832, 54.8968486 ] ] } },
{ "type": "Feature", "properties": { "id": 128261, "nach": 0.48705083215693101 }, "geometry": { "type": "LineString", "coordinates": [ [ -2.9538424, 54.8959399 ], [ -2.95387940000001, 54.896002 ] ] } },
{ "type": "Feature", "properties": { "id": 128262, "nach": 0.48131690864086735 }, "geometry": { "type": "LineString", "coordinates": [ [ -2.9538424, 54.8959399 ], [ -2.95374380000001, 54.8959134 ] ] } },
{ "type": "Feature", "properties": { "id": 128278, "nach": 0.52052092377206849 }, "geometry": { "type": "LineString", "coordinates": [ [ -2.9541173, 54.8958708 ], [ -2.9538424, 54.8959399 ] ] } },
{ "type": "Feature", "properties": { "id": 128263, "nach": 0.45219592667820013 }, "geometry": { "type": "LineString", "coordinates": [ [ -2.95387940000001, 54.896002 ], [ -2.9533433, 54.8963457 ] ] } },
{ "type": "Feature", "properties": { "id": 128264, "nach": 0.46865540572165887 }, "geometry": { "type": "LineString", "coordinates": [ [ -2.95387940000001, 54.896002 ], [ -2.9540669, 54.8960959 ] ] } },
{ "type": "Feature", "properties": { "id": 128272, "nach": 0.42079803637926133 }, "geometry": { "type": "LineString", "coordinates": [ [ -2.95374380000001, 54.8959134 ], [ -2.9531923, 54.8962624 ] ] } },
{ "type": "Feature", "properties": { "id": 128275, "nach": 0.40798909203221612 }, "geometry": { "type": "LineString", "coordinates": [ [ -2.9536982, 54.8957596 ], [ -2.9537637, 54.89579530000001 ], [ -2.95374380000001, 54.8959134 ] ] } },
{ "type": "Feature", "properties": { "id": 128265, "nach": 0.37816372559594824 }, "geometry": { "type": "LineString", "coordinates": [ [ -2.9533433, 54.8963457 ], [ -2.9535127, 54.896443099999985 ] ] } },
{ "type": "Feature", "properties": { "id": 128273, "nach": 0.36887721688130659 }, "geometry": { "type": "LineString", "coordinates": [ [ -2.9531923, 54.8962624 ], [ -2.9533433, 54.8963457 ] ] } },
{ "type": "Feature", "properties": { "id": 128269, "nach": 0.46477326834601351 }, "geometry": { "type": "LineString", "coordinates": [ [ -2.9540669, 54.8960959 ], [ -2.9542343, 54.89617980000002 ] ] } },
{ "type": "Feature", "properties": { "id": 128270, "nach": 0.32865086464578025 }, "geometry": { "type": "LineString", "coordinates": [ [ -2.9540669, 54.8960959 ], [ -2.9535127, 54.896443099999985 ] ] } },
{ "type": "Feature", "properties": { "id": 128271, "nach": 0.0 }, "geometry": { "type": "LineString", "coordinates": [ [ -2.9535127, 54.896443099999985 ], [ -2.953676, 54.896537 ], [ -2.9542343, 54.89617980000002 ] ] } },
{ "type": "Feature", "properties": { "id": 128268, "nach": 0.4860257120685057 }, "geometry": { "type": "LineString", "coordinates": [ [ -2.9542343, 54.89617980000002 ], [ -2.954366, 54.8960961 ] ] } },
{ "type": "Feature", "properties": { "id": 128281, "nach": 0.33428048033981356 }, "geometry": { "type": "LineString", "coordinates": [ [ -2.954366, 54.8960961 ], [ -2.9541555, 54.895982 ], [ -2.9541122, 54.895924 ], [ -2.9541173, 54.8958708 ] ] } },
{ "type": "Feature", "properties": { "id": 128280, "nach": 0.50607884283644755 }, "geometry": { "type": "LineString", "coordinates": [ [ -2.954366, 54.8960961 ], [ -2.954448, 54.8960431 ] ] } },
{ "type": "Feature", "properties": { "id": 128274, "nach": 0.39840150884867742 }, "geometry": { "type": "LineString", "coordinates": [ [ -2.9531923, 54.8962624 ], [ -2.9530453, 54.8961697 ], [ -2.9531417, 54.8961092 ] ] } },
{ "type": "Feature", "properties": { "id": 128277, "nach": 0.068055706865139801 }, "geometry": { "type": "LineString", "coordinates": [ [ -2.9531417, 54.8961092 ], [ -2.9531621, 54.8958675 ], [ -2.95350890000001, 54.895664 ], [ -2.9536982, 54.8957596 ] ] } },
{ "type": "Feature", "properties": { "id": 135451, "nach": 0.40074878316101153 }, "geometry": { "type": "LineString", "coordinates": [ [ -2.9544429, 54.8967667 ], [ -2.9540991, 54.8965722 ] ] } },
{ "type": "Feature", "properties": { "id": 135454, "nach": 0.40285617995395567 }, "geometry": { "type": "LineString", "coordinates": [ [ -2.9539616, 54.896484 ], [ -2.9540991, 54.8965722 ] ] } },
{ "type": "Feature", "properties": { "id": 135457, "nach": 0.4686101178148091 }, "geometry": { "type": "LineString", "coordinates": [ [ -2.9539329, 54.8966679 ], [ -2.9540991, 54.8965722 ] ] } },
{ "type": "Feature", "properties": { "id": 135456, "nach": 0.39860149880645035 }, "geometry": { "type": "LineString", "coordinates": [ [ -2.9539329, 54.8966679 ], [ -2.9542573, 54.896853 ] ] } },
{ "type": "Feature", "properties": { "id": 135455, "nach": 0.40096898765928124 }, "geometry": { "type": "LineString", "coordinates": [ [ -2.9539329, 54.8966679 ], [ -2.9538111, 54.8965984 ] ] } },
{ "type": "Feature", "properties": { "id": 143774, "nach": 0.52276434688919782 }, "geometry": { "type": "LineString", "coordinates": [ [ -2.9599478, 54.8972042 ], [ -2.9599129, 54.8972681 ], [ -2.9598087, 54.897433 ], [ -2.9597636, 54.897479 ], [ -2.9597032, 54.8975156 ], [ -2.9596317, 54.8975465 ], [ -2.9595374, 54.8975704 ] ] } },
{ "type": "Feature", "properties": { "id": 135463, "nach": 0.52349758552840941 }, "geometry": { "type": "LineString", "coordinates": [ [ -2.9585754, 54.8975237 ], [ -2.9587782, 54.8975441 ], [ -2.9589445, 54.8975782 ], [ -2.9591555, 54.8976041 ], [ -2.9593282, 54.8976075 ], [ -2.959438, 54.8976002 ], [ -2.9595374, 54.8975704 ] ] } },
{ "type": "Feature", "properties": { "id": 128307, "nach": 0.36548554379007553 }, "geometry": { "type": "LineString", "coordinates": [ [ -2.9596169, 54.8968146 ], [ -2.9594986, 54.8970055 ], [ -2.9594704, 54.8970496 ], [ -2.9594556, 54.8970908 ], [ -2.9594632, 54.8971518 ], [ -2.9594706, 54.8973867 ], [ -2.9594833, 54.897466300000012 ], [ -2.9595063, 54.8975347 ], [ -2.9595374, 54.8975704 ] ] } },
{ "type": "Feature", "properties": { "id": 143775, "nach": 0.37516599901249992 }, "geometry": { "type": "LineString", "coordinates": [ [ -2.9602956, 54.8972615 ], [ -2.9599478, 54.8972042 ] ] } },
{ "type": "Feature", "properties": { "id": 150408, "nach": 0.52393603088888141 }, "geometry": { "type": "LineString", "coordinates": [ [ -2.9596996, 54.8965106 ], [ -2.9597912, 54.8965331 ], [ -2.9599504, 54.8965926 ], [ -2.9600841, 54.8967068 ], [ -2.9601225, 54.8968173 ], [ -2.9600978, 54.8969292 ], [ -2.9599478, 54.8972042 ] ] } },
{ "type": "Feature", "properties": { "id": 135468, "nach": 0.41159021405982749 }, "geometry": { "type": "LineString", "coordinates": [ [ -2.9584555, 54.8976393 ], [ -2.958527, 54.8975611 ], [ -2.9585754, 54.8975237 ] ] } },
{ "type": "Feature", "properties": { "id": 128302, "nach": 0.40273534891142437 }, "geometry": { "type": "LineString", "coordinates": [ [ -2.9547438, 54.8975761 ], [ -2.9548222, 54.897411499999983 ] ] } },
{ "type": "Feature", "properties": { "id": 152295, "nach": 0.55393392123853902 }, "geometry": { "type": "LineString", "coordinates": [ [ -2.9569566, 54.8981337 ], [ -2.956081, 54.897953300000012 ], [ -2.9561668, 54.8977929 ], [ -2.9556369, 54.8976198 ] ] } },
{ "type": "Feature", "properties": { "id": 128306, "nach": 0.39442286323172077 }, "geometry": { "type": "LineString", "coordinates": [ [ -2.9558142, 54.8980101 ], [ -2.9554401, 54.8979002 ], [ -2.9554442, 54.8978464 ], [ -2.9556369, 54.8976198 ] ] } },
{ "type": "Feature", "properties": { "id": 152294, "nach": 0.55313599625481924 }, "geometry": { "type": "LineString", "coordinates": [ [ -2.9569566, 54.8981337 ], [ -2.9569884, 54.8981691 ], [ -2.9569893, 54.8981995 ], [ -2.95704, 54.898216900000016 ], [ -2.9571073, 54.8981647 ] ] } },
{ "type": "Feature", "properties": { "id": 147614, "nach": 0.49638720442300388 }, "geometry": { "type": "LineString", "coordinates": [ [ -2.945355, 54.8948886 ], [ -2.9452961, 54.89490030000001 ], [ -2.9452604, 54.8948687 ], [ -2.9451873, 54.8948943 ] ] } },
{ "type": "Feature", "properties": { "id": 128346, "nach": 0.4653685336023814 }, "geometry": { "type": "LineString", "coordinates": [ [ -2.9636348, 54.8925101 ], [ -2.96364150000001, 54.8924473 ] ] } },
{ "type": "Feature", "properties": { "id": 128342, "nach": 0.4500452060936182 }, "geometry": { "type": "LineString", "coordinates": [ [ -2.9636456, 54.8923615 ], [ -2.9636702, 54.8923655 ], [ -2.963691, 54.892374 ], [ -2.9637056, 54.8923859 ], [ -2.9637124, 54.8924001 ], [ -2.9637106, 54.8924147 ], [ -2.9637012, 54.8924273 ], [ -2.9636855, 54.892437600000015 ], [ -2.9636648, 54.892444500000011 ], [ -2.96364150000001, 54.8924473 ] ] } },
{ "type": "Feature", "properties": { "id": 133527, "nach": 0.40502756095151687 }, "geometry": { "type": "LineString", "coordinates": [ [ -2.9630027, 54.890229600000012 ], [ -2.96310170000001, 54.8901234 ] ] } },
{ "type": "Feature", "properties": { "id": 133529, "nach": 0.39978793953858316 }, "geometry": { "type": "LineString", "coordinates": [ [ -2.9630027, 54.890229600000012 ], [ -2.9636904, 54.890462 ] ] } },
{ "type": "Feature", "properties": { "id": 135450, "nach": 0.41297616208137672 }, "geometry": { "type": "LineString", "coordinates": [ [ -2.956818, 54.8953522 ], [ -2.9572839, 54.8952478 ] ] } },
{ "type": "Feature", "properties": { "id": 135050, "nach": 0.41818488725832953 }, "geometry": { "type": "LineString", "coordinates": [ [ -2.9539505, 54.8951079 ], [ -2.9539395, 54.8950641 ], [ -2.95387570000001, 54.8948459 ], [ -2.9538564, 54.8948179 ], [ -2.9538146, 54.8948216 ], [ -2.9536782, 54.8948914 ] ] } },
{ "type": "Feature", "properties": { "id": 151228, "nach": 0.48971006005579387 }, "geometry": { "type": "LineString", "coordinates": [ [ -2.9538568, 54.8951191 ], [ -2.9539505, 54.8951079 ] ] } },
{ "type": "Feature", "properties": { "id": 151229, "nach": 0.42004087512041538 }, "geometry": { "type": "LineString", "coordinates": [ [ -2.9538568, 54.8951191 ], [ -2.9535824, 54.8951455 ], [ -2.9534937, 54.895153599999986 ], [ -2.9533837, 54.8951718 ] ] } },
{ "type": "Feature", "properties": { "id": 151230, "nach": 0.42075105221815884 }, "geometry": { "type": "LineString", "coordinates": [ [ -2.9538568, 54.8951191 ], [ -2.9538894, 54.8951884 ], [ -2.9539377, 54.8953297 ] ] } },
{ "type": "Feature", "properties": { "id": 152282, "nach": 0.44679580180399026 }, "geometry": { "type": "LineString", "coordinates": [ [ -2.9614448, 54.8984957 ], [ -2.9612763, 54.8984356 ], [ -2.9609468, 54.898318 ], [ -2.9605668, 54.8982417 ], [ -2.960321, 54.8981924 ], [ -2.9599995, 54.8981278 ], [ -2.9597638, 54.8980829 ], [ -2.959315, 54.89805 ], [ -2.9592311, 54.898043900000012 ] ] } },
{ "type": "Feature", "properties": { "id": 152237, "nach": 0.43664006189720572 }, "geometry": { "type": "LineString", "coordinates": [ [ -2.9592378, 54.8979847 ], [ -2.9592311, 54.898043900000012 ] ] } },
{ "type": "Feature", "properties": { "id": 135410, "nach": 0.46924910298562339 }, "geometry": { "type": "LineString", "coordinates": [ [ -2.9583229, 54.8981855 ], [ -2.9584487, 54.8981944 ], [ -2.9585401, 54.8982009 ], [ -2.95889420000001, 54.8982194 ], [ -2.9591624, 54.8982349 ], [ -2.9592311, 54.898043900000012 ] ] } },
{ "type": "Feature", "properties": { "id": 152239, "nach": 0.41028221503973172 }, "geometry": { "type": "LineString", "coordinates": [ [ -2.9592378, 54.8979847 ], [ -2.95975020000001, 54.898022700000013 ], [ -2.9603811, 54.8981288 ], [ -2.9610119, 54.8982596 ], [ -2.9614583, 54.8983854 ] ] } },
{ "type": "Feature", "properties": { "id": 152247, "nach": 0.34739338778186057 }, "geometry": { "type": "LineString", "coordinates": [ [ -2.9592301, 54.897868 ], [ -2.9592378, 54.8979847 ] ] } },
{ "type": "Feature", "properties": { "id": 152249, "nach": 0.37802706683578513 }, "geometry": { "type": "LineString", "coordinates": [ [ -2.9592301, 54.897868 ], [ -2.9591835, 54.8978707 ], [ -2.9583223, 54.89791120000001 ], [ -2.9583229, 54.8981742 ], [ -2.9583229, 54.8981855 ] ] } },
{ "type": "Feature", "properties": { "id": 135413, "nach": 0.48651295874042805 }, "geometry": { "type": "LineString", "coordinates": [ [ -2.9579922, 54.8982989 ], [ -2.958088, 54.8982527 ], [ -2.9581378, 54.8982287 ], [ -2.9581801, 54.8982188 ], [ -2.958267, 54.8981985 ], [ -2.9583229, 54.8981855 ] ] } },
{ "type": "Feature", "properties": { "id": 152250, "nach": 0.28230518908509855 }, "geometry": { "type": "LineString", "coordinates": [ [ -2.9592301, 54.897868 ], [ -2.9596222, 54.8978453 ], [ -2.95960720000001, 54.897808400000017 ], [ -2.9599726, 54.897793599999986 ], [ -2.9608776, 54.8977053 ], [ -2.9612812, 54.8976666 ], [ -2.9617383, 54.8976407 ], [ -2.9623202, 54.8975863 ], [ -2.9629714, 54.8978495 ], [ -2.963344, 54.8980285 ], [ -2.9636464, 54.8982173 ] ] } },
{ "type": "Feature", "properties": { "id": 152307, "nach": 0.37192346716659758 }, "geometry": { "type": "LineString", "coordinates": [ [ -2.95917560000001, 54.8977753 ], [ -2.9592301, 54.897868 ] ] } },
{ "type": "Feature", "properties": { "id": 152275, "nach": 0.48016338183519008 }, "geometry": { "type": "LineString", "coordinates": [ [ -2.959564, 54.8984597 ], [ -2.9594069, 54.8984468 ], [ -2.9579922, 54.8982989 ] ] } },
{ "type": "Feature", "properties": { "id": 152252, "nach": 0.52743894208753295 }, "geometry": { "type": "LineString", "coordinates": [ [ -2.9573159, 54.8982076 ], [ -2.9575187, 54.8982494 ], [ -2.9579922, 54.8982989 ] ] } },
{ "type": "Feature", "properties": { "id": 152274, "nach": 0.48532540849208677 }, "geometry": { "type": "LineString", "coordinates": [ [ -2.959564, 54.8984597 ], [ -2.9603082, 54.8985209 ], [ -2.9604539, 54.8985653 ] ] } },
{ "type": "Feature", "properties": { "id": 152276, "nach": 0.40362172584647971 }, "geometry": { "type": "LineString", "coordinates": [ [ -2.959564, 54.8984597 ], [ -2.9595484, 54.8984773 ], [ -2.9595302, 54.8985052 ], [ -2.9595302, 54.898559300000016 ], [ -2.9595907, 54.8986724 ] ] } },
{ "type": "Feature", "properties": { "id": 152259, "nach": 0.49156186870772928 }, "geometry": { "type": "LineString", "coordinates": [ [ -2.9572574, 54.8983817 ], [ -2.9573159, 54.8982076 ] ] } },
{ "type": "Feature", "properties": { "id": 152263, "nach": 0.55193990096985268 }, "geometry": { "type": "LineString", "coordinates": [ [ -2.9571716, 54.8981779 ], [ -2.9572102, 54.8981859 ], [ -2.9573159, 54.8982076 ] ] } },
{ "type": "Feature", "properties": { "id": 152255, "nach": 0.38237830417699825 }, "geometry": { "type": "LineString", "coordinates": [ [ -2.9572769, 54.8980418 ], [ -2.9572138, 54.898118599999989 ], [ -2.9573483, 54.8981357 ], [ -2.9573279, 54.898168 ], [ -2.9573159, 54.8982076 ] ] } },
{ "type": "Feature", "properties": { "id": 150407, "nach": 0.50828151061923688 }, "geometry": { "type": "LineString", "coordinates": [ [ -2.9596996, 54.8965106 ], [ -2.960068, 54.8964282 ] ] } },
{ "type": "Feature", "properties": { "id": 135445, "nach": 0.068063423441170653 }, "geometry": { "type": "LineString", "coordinates": [ [ -2.9594661, 54.8963317 ], [ -2.9591373, 54.8958783 ], [ -2.958559, 54.8960097 ] ] } },
{ "type": "Feature", "properties": { "id": 150400, "nach": 0.38039379466457318 }, "geometry": { "type": "LineString", "coordinates": [ [ -2.9572461, 54.89671 ], [ -2.9574094, 54.8965864 ] ] } },
{ "type": "Feature", "properties": { "id": 150402, "nach": 0.44885780763796146 }, "geometry": { "type": "LineString", "coordinates": [ [ -2.9572461, 54.89671 ], [ -2.9570955, 54.8968304 ], [ -2.9569848, 54.8969412 ], [ -2.9568576, 54.8971507 ], [ -2.95683190000001, 54.8971978 ] ] } },
{ "type": "Feature", "properties": { "id": 150401, "nach": 0.38093231491021035 }, "geometry": { "type": "LineString", "coordinates": [ [ -2.9572461, 54.89671 ], [ -2.9570925, 54.8966449 ] ] } },
{ "type": "Feature", "properties": { "id": 151206, "nach": 0.55213653681514607 }, "geometry": { "type": "LineString", "coordinates": [ [ -2.9569913, 54.8972297 ], [ -2.95683190000001, 54.8971978 ] ] } },
{ "type": "Feature", "properties": { "id": 151208, "nach": 0.38278146006662617 }, "geometry": { "type": "LineString", "coordinates": [ [ -2.9566466, 54.8975569 ], [ -2.9566765, 54.8975262 ], [ -2.9567534, 54.897514 ], [ -2.9568153, 54.8974955 ], [ -2.9568666, 54.8974403 ], [ -2.9569913, 54.8972297 ] ] } },
{ "type": "Feature", "properties": { "id": 135469, "nach": 0.42283932474056013 }, "geometry": { "type": "LineString", "coordinates": [ [ -2.9581936, 54.8976068 ], [ -2.9584555, 54.8976393 ] ] } },
{ "type": "Feature", "properties": { "id": 151204, "nach": 0.36937217691753155 }, "geometry": { "type": "LineString", "coordinates": [ [ -2.9593124, 54.8977162 ], [ -2.9590447, 54.8977211 ], [ -2.9588527, 54.8977102 ], [ -2.958698, 54.8976918 ], [ -2.9584555, 54.8976393 ] ] } },
{ "type": "Feature", "properties": { "id": 135477, "nach": 0.34892233077795615 }, "geometry": { "type": "LineString", "coordinates": [ [ -2.9578115, 54.897717300000011 ], [ -2.9580618, 54.8977528 ], [ -2.9580998, 54.897736499999986 ], [ -2.9581936, 54.8976068 ] ] } },
{ "type": "Feature", "properties": { "id": 135481, "nach": 0.40978097932731594 }, "geometry": { "type": "LineString", "coordinates": [ [ -2.95795370000001, 54.8975019 ], [ -2.9580197, 54.8975125 ], [ -2.9581986, 54.8975454 ], [ -2.9582179, 54.8975711 ], [ -2.9581936, 54.8976068 ] ] } },
{ "type": "Feature", "properties": { "id": 135482, "nach": 0.30124508789572091 }, "geometry": { "type": "LineString", "coordinates": [ [ -2.9572264, 54.897665 ], [ -2.9578115, 54.897717300000011 ] ] } },
{ "type": "Feature", "properties": { "id": 135480, "nach": 0.34987450119928215 }, "geometry": { "type": "LineString", "coordinates": [ [ -2.95795370000001, 54.8975019 ], [ -2.9578115, 54.897717300000011 ] ] } },
{ "type": "Feature", "properties": { "id": 135485, "nach": 0.45320220884657514 }, "geometry": { "type": "LineString", "coordinates": [ [ -2.9573743, 54.8973954 ], [ -2.95795370000001, 54.8975019 ] ] } },
{ "type": "Feature", "properties": { "id": 135486, "nach": 0.47297249351792681 }, "geometry": { "type": "LineString", "coordinates": [ [ -2.9573743, 54.8973954 ], [ -2.9571204, 54.8973323 ] ] } },
{ "type": "Feature", "properties": { "id": 135484, "nach": 0.0 }, "geometry": { "type": "LineString", "coordinates": [ [ -2.9572264, 54.897665 ], [ -2.9570002, 54.8976426 ], [ -2.9569645, 54.8976313 ], [ -2.956958, 54.897607 ], [ -2.9571204, 54.8973323 ] ] } },
{ "type": "Feature", "properties": { "id": 135487, "nach": 0.35972916707938268 }, "geometry": { "type": "LineString", "coordinates": [ [ -2.9573743, 54.8973954 ], [ -2.9572264, 54.897665 ] ] } },
{ "type": "Feature", "properties": { "id": 154946, "nach": 0.5375953930683236 }, "geometry": { "type": "LineString", "coordinates": [ [ -2.9475925, 54.8944068 ], [ -2.9478255, 54.8943152 ] ] } },
{ "type": "Feature", "properties": { "id": 148506, "nach": 0.57130169617013526 }, "geometry": { "type": "LineString", "coordinates": [ [ -2.947898, 54.8943901 ], [ -2.9478777, 54.894367800000012 ], [ -2.9478446, 54.8943314 ], [ -2.9478255, 54.8943152 ] ] } },
{ "type": "Feature", "properties": { "id": 154945, "nach": 0.4631781229507646 }, "geometry": { "type": "LineString", "coordinates": [ [ -2.9475925, 54.8944068 ], [ -2.9476427, 54.8943212 ] ] } },
{ "type": "Feature", "properties": { "id": 148505, "nach": 0.45016360947959377 }, "geometry": { "type": "LineString", "coordinates": [ [ -2.947898, 54.8943901 ], [ -2.9480091, 54.894372 ] ] } },
{ "type": "Feature", "properties": { "id": 148504, "nach": 0.55136029978779 }, "geometry": { "type": "LineString", "coordinates": [ [ -2.947898, 54.8943901 ], [ -2.9477822, 54.8944629 ] ] } },
{ "type": "Feature", "properties": { "id": 135496, "nach": 0.0 }, "geometry": { "type": "LineString", "coordinates": [ [ -2.9480091, 54.894372 ], [ -2.9481655, 54.8943431 ], [ -2.9482233, 54.89435 ], [ -2.9482802, 54.8943695 ], [ -2.9483891, 54.8945539 ], [ -2.9483888, 54.8945755 ], [ -2.9483579, 54.8945898 ], [ -2.9481567, 54.8946306 ] ] } },
{ "type": "Feature", "properties": { "id": 135503, "nach": 0.44548964789562634 }, "geometry": { "type": "LineString", "coordinates": [ [ -2.947907, 54.894663 ], [ -2.9479681, 54.8946555 ], [ -2.948030800000011, 54.8946558 ], [ -2.9481567, 54.8946306 ] ] } },
{ "type": "Feature", "properties": { "id": 135502, "nach": 0.44747773565962756 }, "geometry": { "type": "LineString", "coordinates": [ [ -2.947907, 54.894663 ], [ -2.9477822, 54.8944629 ] ] } },
{ "type": "Feature", "properties": { "id": 135507, "nach": 0.44653025389610335 }, "geometry": { "type": "LineString", "coordinates": [ [ -2.9475481, 54.8947316 ], [ -2.947907, 54.894663 ] ] } },
{ "type": "Feature", "properties": { "id": 135506, "nach": 0.53659839787717911 }, "geometry": { "type": "LineString", "coordinates": [ [ -2.9475481, 54.8947316 ], [ -2.9477822, 54.8944629 ] ] } },
{ "type": "Feature", "properties": { "id": 135596, "nach": 0.53057991147996086 }, "geometry": { "type": "LineString", "coordinates": [ [ -2.94734, 54.8907307 ], [ -2.946511, 54.89058210000001 ] ] } },
{ "type": "Feature", "properties": { "id": 135604, "nach": 0.52071827317429997 }, "geometry": { "type": "LineString", "coordinates": [ [ -2.947404, 54.890601299999986 ], [ -2.94734, 54.8907307 ] ] } },
{ "type": "Feature", "properties": { "id": 144760, "nach": 0.4031141445566267 }, "geometry": { "type": "LineString", "coordinates": [ [ -2.9483613, 54.8914058 ], [ -2.9478143, 54.8911057 ], [ -2.9475789, 54.890932 ], [ -2.9474333, 54.8907828 ], [ -2.94734, 54.8907307 ] ] } },
{ "type": "Feature", "properties": { "id": 135603, "nach": 0.0 }, "geometry": { "type": "LineString", "coordinates": [ [ -2.947404, 54.890601299999986 ], [ -2.9479651, 54.890695 ], [ -2.9480222, 54.890571500000014 ], [ -2.9474682, 54.8904735 ] ] } },
{ "type": "Feature", "properties": { "id": 135614, "nach": 0.51884246756968089 }, "geometry": { "type": "LineString", "coordinates": [ [ -2.946973, 54.8903799 ], [ -2.946902, 54.890516100000013 ], [ -2.947404, 54.890601299999986 ] ] } },
{ "type": "Feature", "properties": { "id": 135611, "nach": 0.41904091175668146 }, "geometry": { "type": "LineString", "coordinates": [ [ -2.9471362, 54.8904109 ], [ -2.9474682, 54.8904735 ] ] } },
{ "type": "Feature", "properties": { "id": 135609, "nach": 0.52285871408362772 }, "geometry": { "type": "LineString", "coordinates": [ [ -2.9471362, 54.8904109 ], [ -2.9472837, 54.8901387 ] ] } },
{ "type": "Feature", "properties": { "id": 135612, "nach": 0.51983095129513046 }, "geometry": { "type": "LineString", "coordinates": [ [ -2.946973, 54.8903799 ], [ -2.9471362, 54.8904109 ] ] } },
{ "type": "Feature", "properties": { "id": 135613, "nach": 0.0 }, "geometry": { "type": "LineString", "coordinates": [ [ -2.946973, 54.8903799 ], [ -2.947116, 54.89010840000001 ], [ -2.9472837, 54.8901387 ] ] } },
{ "type": "Feature", "properties": { "id": 136630, "nach": 0.52766864081769149 }, "geometry": { "type": "LineString", "coordinates": [ [ -2.9475884, 54.8900638 ], [ -2.9474317, 54.8901068 ], [ -2.9472837, 54.8901387 ] ] } },
{ "type": "Feature", "properties": { "id": 148523, "nach": 0.46412231937160708 }, "geometry": { "type": "LineString", "coordinates": [ [ -2.9454308, 54.89267 ], [ -2.9453032, 54.8929178 ], [ -2.945472, 54.8929575 ], [ -2.9456094, 54.892712800000012 ] ] } },
{ "type": "Feature", "properties": { "id": 148519, "nach": 0.41881849319403108 }, "geometry": { "type": "LineString", "coordinates": [ [ -2.9456094, 54.892712800000012 ], [ -2.9459852, 54.8928042 ] ] } },
{ "type": "Feature", "properties": { "id": 135716, "nach": 0.43515246723521062 }, "geometry": { "type": "LineString", "coordinates": [ [ -2.9505249, 54.8937924 ], [ -2.950456, 54.8937585 ] ] } },
{ "type": "Feature", "properties": { "id": 135717, "nach": 0.43248964230211401 }, "geometry": { "type": "LineString", "coordinates": [ [ -2.9499739, 54.8938285 ], [ -2.9501925, 54.8938355 ], [ -2.950456, 54.8937585 ] ] } },
{ "type": "Feature", "properties": { "id": 136206, "nach": 0.0 }, "geometry": { "type": "LineString", "coordinates": [ [ -2.9487297, 54.8946019 ], [ -2.948942, 54.8949817 ], [ -2.948377, 54.8950888 ], [ -2.9482609, 54.8950854 ], [ -2.9481867, 54.8950554 ], [ -2.9481046, 54.8949218 ], [ -2.9480926, 54.8948584 ], [ -2.9481026, 54.8948193 ], [ -2.9481587, 54.8947801 ], [ -2.9485453, 54.8946776 ], [ -2.9486575, 54.8946465 ], [ -2.9487297, 54.8946019 ] ] } },
{ "type": "Feature", "properties": { "id": 148509, "nach": 0.44448651265025896 }, "geometry": { "type": "LineString", "coordinates": [ [ -2.9485806, 54.8943723 ], [ -2.9486691, 54.8944628 ], [ -2.9487297, 54.8946019 ] ] } },
{ "type": "Feature", "properties": { "id": 148514, "nach": 0.48960008584741316 }, "geometry": { "type": "LineString", "coordinates": [ [ -2.9484764, 54.8941876 ], [ -2.9484371, 54.894239 ], [ -2.9484807, 54.8943287 ], [ -2.9485806, 54.8943723 ] ] } },
{ "type": "Feature", "properties": { "id": 152241, "nach": 0.51471777617823267 }, "geometry": { "type": "LineString", "coordinates": [ [ -2.9640517, 54.897809 ], [ -2.9639786, 54.8978877 ], [ -2.9638537, 54.897955 ], [ -2.9637242, 54.8980981 ], [ -2.9636464, 54.8982173 ] ] } },
{ "type": "Feature", "properties": { "id": 152243, "nach": 0.37879283839072536 }, "geometry": { "type": "LineString", "coordinates": [ [ -2.9627847, 54.8976337 ], [ -2.9634116, 54.897702700000011 ], [ -2.9636796, 54.8977482 ], [ -2.9640517, 54.897809 ] ] } },
{ "type": "Feature", "properties": { "id": 148154, "nach": 0.49514528608096653 }, "geometry": { "type": "LineString", "coordinates": [ [ -2.9550026, 54.890543 ], [ -2.9545641, 54.8908203 ] ] } },
{ "type": "Feature", "properties": { "id": 155727, "nach": 0.48824245571807112 }, "geometry": { "type": "LineString", "coordinates": [ [ -2.955037, 54.8905627 ], [ -2.9550026, 54.890543 ] ] } },
{ "type": "Feature", "properties": { "id": 155726, "nach": 0.55857058491254263 }, "geometry": { "type": "LineString", "coordinates": [ [ -2.9546031, 54.890838 ], [ -2.9545641, 54.8908203 ] ] } },
{ "type": "Feature", "properties": { "id": 137780, "nach": 0.56482674800734223 }, "geometry": { "type": "LineString", "coordinates": [ [ -2.9543514, 54.8909689 ], [ -2.9544294, 54.8909162 ], [ -2.9545641, 54.8908203 ] ] } },
{ "type": "Feature", "properties": { "id": 155729, "nach": 0.56027024891247557 }, "geometry": { "type": "LineString", "coordinates": [ [ -2.955037, 54.8905627 ], [ -2.9546031, 54.890838 ] ] } },
{ "type": "Feature", "properties": { "id": 152698, "nach": 0.58614418554492531 }, "geometry": { "type": "LineString", "coordinates": [ [ -2.9542838, 54.8909436 ], [ -2.9543514, 54.8909689 ] ] } },
{ "type": "Feature", "properties": { "id": 155789, "nach": 0.36365024586470635 }, "geometry": { "type": "LineString", "coordinates": [ [ -2.9585063, 54.8891985 ], [ -2.9584771, 54.8891639 ] ] } },
{ "type": "Feature", "properties": { "id": 137791, "nach": 0.51668747337119492 }, "geometry": { "type": "LineString", "coordinates": [ [ -2.9589477, 54.8890326 ], [ -2.9586339, 54.8891205 ], [ -2.9584771, 54.8891639 ] ] } },
{ "type": "Feature", "properties": { "id": 155788, "nach": 0.51845191403944646 }, "geometry": { "type": "LineString", "coordinates": [ [ -2.9585063, 54.8891985 ], [ -2.9568252, 54.889695 ] ] } },
{ "type": "Feature", "properties": { "id": 155790, "nach": 0.40082565475958443 }, "geometry": { "type": "LineString", "coordinates": [ [ -2.9585063, 54.8891985 ], [ -2.9585284, 54.8892229 ], [ -2.9586518, 54.8892954 ] ] } },
{ "type": "Feature", "properties": { "id": 155791, "nach": 0.50578765847867668 }, "geometry": { "type": "LineString", "coordinates": [ [ -2.9589795, 54.8890764 ], [ -2.9585063, 54.8891985 ] ] } },
{ "type": "Feature", "properties": { "id": 155792, "nach": 0.42947652757815435 }, "geometry": { "type": "LineString", "coordinates": [ [ -2.9589795, 54.8890764 ], [ -2.9589477, 54.8890326 ] ] } },
{ "type": "Feature", "properties": { "id": 155794, "nach": 0.42760786466851819 }, "geometry": { "type": "LineString", "coordinates": [ [ -2.9589795, 54.8890764 ], [ -2.9590085, 54.8891165 ], [ -2.9586518, 54.8892954 ] ] } },
{ "type": "Feature", "properties": { "id": 141133, "nach": 0.61115015602987477 }, "geometry": { "type": "LineString", "coordinates": [ [ -2.9449176, 54.8939416 ], [ -2.944914200000011, 54.8938449 ] ] } },
{ "type": "Feature", "properties": { "id": 141140, "nach": 0.4224977770216562 }, "geometry": { "type": "LineString", "coordinates": [ [ -2.9517058, 54.8948899 ], [ -2.9511001, 54.8952372 ] ] } },
{ "type": "Feature", "properties": { "id": 141143, "nach": 0.42707252957889685 }, "geometry": { "type": "LineString", "coordinates": [ [ -2.9514318, 54.8947177 ], [ -2.9517058, 54.8948899 ] ] } },
{ "type": "Feature", "properties": { "id": 155753, "nach": 0.4703807350353309 }, "geometry": { "type": "LineString", "coordinates": [ [ -2.9556519, 54.8899336 ], [ -2.9555607, 54.8899776 ], [ -2.9554453, 54.8900648 ], [ -2.9552831, 54.8902067 ], [ -2.9548559, 54.8904655 ] ] } },
{ "type": "Feature", "properties": { "id": 154944, "nach": 0.61196635742600414 }, "geometry": { "type": "LineString", "coordinates": [ [ -2.9476427, 54.8943212 ], [ -2.9473994, 54.8944241 ], [ -2.9470456, 54.894566800000014 ] ] } },
{ "type": "Feature", "properties": { "id": 150375, "nach": 0.16762367757369709 }, "geometry": { "type": "LineString", "coordinates": [ [ -2.9605783, 54.8967699 ], [ -2.9603239, 54.8963709 ] ] } },
{ "type": "Feature", "properties": { "id": 150380, "nach": 0.44243023080721289 }, "geometry": { "type": "LineString", "coordinates": [ [ -2.9605342, 54.8963238 ], [ -2.9603239, 54.8963709 ] ] } },
{ "type": "Feature", "properties": { "id": 150393, "nach": 0.46069776931021383 }, "geometry": { "type": "LineString", "coordinates": [ [ -2.960068, 54.8964282 ], [ -2.9603239, 54.8963709 ] ] } },
{ "type": "Feature", "properties": { "id": 150383, "nach": 0.43489147451543159 }, "geometry": { "type": "LineString", "coordinates": [ [ -2.9607907, 54.8967241 ], [ -2.9605783, 54.8967699 ] ] } },
{ "type": "Feature", "properties": { "id": 150395, "nach": 0.45370909518607211 }, "geometry": { "type": "LineString", "coordinates": [ [ -2.960068, 54.8964282 ], [ -2.9603273, 54.8968064 ], [ -2.96034340000001, 54.8968111 ], [ -2.9603836, 54.8968118 ], [ -2.9605783, 54.8967699 ] ] } },
{ "type": "Feature", "properties": { "id": 150381, "nach": 0.12040026256465627 }, "geometry": { "type": "LineString", "coordinates": [ [ -2.9607907, 54.8967241 ], [ -2.9605342, 54.8963238 ] ] } },
{ "type": "Feature", "properties": { "id": 150385, "nach": 0.41675662103660721 }, "geometry": { "type": "LineString", "coordinates": [ [ -2.9607706, 54.8962709 ], [ -2.9605342, 54.8963238 ] ] } },
{ "type": "Feature", "properties": { "id": 150389, "nach": 0.40894535530181214 }, "geometry": { "type": "LineString", "coordinates": [ [ -2.9610247, 54.8966736 ], [ -2.9607907, 54.8967241 ] ] } },
{ "type": "Feature", "properties": { "id": 150387, "nach": 0.14830713237726079 }, "geometry": { "type": "LineString", "coordinates": [ [ -2.9610247, 54.8966736 ], [ -2.9607706, 54.8962709 ] ] } },
{ "type": "Feature", "properties": { "id": 150405, "nach": 0.37365608186976645 }, "geometry": { "type": "LineString", "coordinates": [ [ -2.9610079, 54.8962319 ], [ -2.9609241, 54.8962365 ], [ -2.9607706, 54.8962709 ] ] } },
{ "type": "Feature", "properties": { "id": 150392, "nach": 0.36482980006415439 }, "geometry": { "type": "LineString", "coordinates": [ [ -2.9612598, 54.8966229 ], [ -2.9610247, 54.8966736 ] ] } },
{ "type": "Feature", "properties": { "id": 150404, "nach": 0.067921085244789681 }, "geometry": { "type": "LineString", "coordinates": [ [ -2.9610079, 54.8962319 ], [ -2.9610977, 54.8962462 ], [ -2.9611279, 54.8962514 ], [ -2.9611584, 54.8962502 ], [ -2.9612453, 54.8962377 ], [ -2.9612627, 54.89624 ], [ -2.9612761, 54.8962477 ], [ -2.9614712, 54.8965558 ], [ -2.9614565, 54.8965735 ], [ -2.9614243, 54.8965874 ], [ -2.9612598, 54.8966229 ] ] } },
{ "type": "Feature", "properties": { "id": 151223, "nach": 0.41652821281717156 }, "geometry": { "type": "LineString", "coordinates": [ [ -2.9541479, 54.8956024 ], [ -2.9543247, 54.8955635 ] ] } },
{ "type": "Feature", "properties": { "id": 151226, "nach": 0.41453070948825099 }, "geometry": { "type": "LineString", "coordinates": [ [ -2.9543713, 54.8956715 ], [ -2.9542159, 54.8957067 ], [ -2.9541479, 54.8956024 ] ] } },
{ "type": "Feature", "properties": { "id": 152264, "nach": 0.0 }, "geometry": { "type": "LineString", "coordinates": [ [ -2.9571716, 54.8981779 ], [ -2.9571043, 54.8983436 ], [ -2.9572574, 54.8983817 ] ] } },
{ "type": "Feature", "properties": { "id": 152290, "nach": 0.55256510192715269 }, "geometry": { "type": "LineString", "coordinates": [ [ -2.9571073, 54.8981647 ], [ -2.9571716, 54.8981779 ] ] } },
{ "type": "Feature", "properties": { "id": 155786, "nach": 0.41375236071815835 }, "geometry": { "type": "LineString", "coordinates": [ [ -2.958971, 54.889499 ], [ -2.9586518, 54.8892954 ] ] } },
{ "type": "Feature", "properties": { "id": 156846, "nach": 0.48777927699039736 }, "geometry": { "type": "LineString", "coordinates": [ [ -2.9636746, 54.8928261 ], [ -2.96369670000001, 54.8930432 ] ] } },
{ "type": "Feature", "properties": { "id": 156456, "nach": 0.41103622061032191 }, "geometry": { "type": "LineString", "coordinates": [ [ -2.9641071, 54.8931638 ], [ -2.9641288, 54.8932081 ], [ -2.9641664, 54.8933068 ], [ -2.9641663, 54.893461400000014 ] ] } },
{ "type": "Feature", "properties": { "id": 156457, "nach": 0.41560924203056876 }, "geometry": { "type": "LineString", "coordinates": [ [ -2.9638848, 54.8931849 ], [ -2.9641071, 54.8931638 ] ] } },
{ "type": "Feature", "properties": { "id": 156848, "nach": 0.41935053138603429 }, "geometry": { "type": "LineString", "coordinates": [ [ -2.9637188, 54.8928077 ], [ -2.9636746, 54.8928261 ] ] } },
{ "type": "Feature", "properties": { "id": 156849, "nach": 0.41935053138603429 }, "geometry": { "type": "LineString", "coordinates": [ [ -2.9636266, 54.8928088 ], [ -2.9636746, 54.8928261 ] ] } }
]
}
