{
"type": "FeatureCollection",
"name": "CHEEA_754_NACH_800m",
"crs": { "type": "name", "properties": { "name": "urn:ogc:def:crs:OGC:1.3:CRS84" } },
"features": [
{ "type": "Feature", "properties": { "id": 1262, "nach": 0.41637152496740421 }, "geometry": { "type": "LineString", "coordinates": [ [ -2.2011616, 53.3534225 ], [ -2.2012257, 53.3528265 ], [ -2.2012859, 53.3522981 ] ] } },
{ "type": "Feature", "properties": { "id": 1263, "nach": 0.41663340693630491 }, "geometry": { "type": "LineString", "coordinates": [ [ -2.2011616, 53.3534225 ], [ -2.2014356, 53.352423 ], [ -2.2014717, 53.3522672 ] ] } },
{ "type": "Feature", "properties": { "id": 35174, "nach": 0.55308826006631873 }, "geometry": { "type": "LineString", "coordinates": [ [ -2.2011616, 53.3534225 ], [ -2.201137828255845, 53.353490659955895 ] ] } },
{ "type": "Feature", "properties": { "id": 171262, "nach": 0.38784146427152882 }, "geometry": { "type": "LineString", "coordinates": [ [ -2.2012859, 53.3522981 ], [ -2.2014717, 53.3522672 ] ] } },
{ "type": "Feature", "properties": { "id": 171263, "nach": 0.38047996092562919 }, "geometry": { "type": "LineString", "coordinates": [ [ -2.2012859, 53.3522981 ], [ -2.2012931, 53.3521583 ], [ -2.2012866, 53.3518796 ], [ -2.2012842, 53.3517432 ], [ -2.2012768, 53.3516469 ], [ -2.2012575, 53.3515389 ], [ -2.2012218, 53.3514345 ], [ -2.2011809, 53.3513566 ], [ -2.201128, 53.3512823 ], [ -2.201056, 53.3512178 ], [ -2.2009063, 53.3511091 ] ] } },
{ "type": "Feature", "properties": { "id": 171264, "nach": 0.52815811796781875 }, "geometry": { "type": "LineString", "coordinates": [ [ -2.2014717, 53.3522672 ], [ -2.201663087213842, 53.350999700957665 ] ] } },
{ "type": "Feature", "properties": { "id": 1264, "nach": 0.51826260967320148 }, "geometry": { "type": "LineString", "coordinates": [ [ -2.2016192, 53.3488406 ], [ -2.201554, 53.3484359 ], [ -2.2015008, 53.348289 ], [ -2.2014194, 53.3482001 ], [ -2.2012246, 53.3480562 ] ] } },
{ "type": "Feature", "properties": { "id": 3526, "nach": 0.37869538720241952 }, "geometry": { "type": "LineString", "coordinates": [ [ -2.2008565, 53.3508337 ], [ -2.2010138, 53.3507088 ], [ -2.2011657, 53.3505316 ], [ -2.2013023, 53.3503445 ], [ -2.201407, 53.3501574 ], [ -2.2014982, 53.3499074 ], [ -2.2015648, 53.3495402 ], [ -2.2016192, 53.3488406 ] ] } },
{ "type": "Feature", "properties": { "id": 171264, "nach": 0.52815811796781875 }, "geometry": { "type": "LineString", "coordinates": [ [ -2.201663087213842, 53.350999700957665 ], [ -2.2016192, 53.3488406 ] ] } },
{ "type": "Feature", "properties": { "id": 1407, "nach": 0.4908165316649209 }, "geometry": { "type": "LineString", "coordinates": [ [ -2.20169250000001, 53.347938 ], [ -2.2016113, 53.3480047 ], [ -2.201496, 53.3480499 ], [ -2.2013613, 53.3480678 ], [ -2.2012246, 53.3480562 ] ] } },
{ "type": "Feature", "properties": { "id": 1405, "nach": 0.52206777932808923 }, "geometry": { "type": "LineString", "coordinates": [ [ -2.2015104, 53.3476314 ], [ -2.2019607, 53.3477133 ], [ -2.2021579, 53.34772430000001 ], [ -2.20235220000001, 53.347721600000014 ], [ -2.2025676, 53.347706800000019 ], [ -2.2027363, 53.3477079 ], [ -2.202923, 53.3477272 ], [ -2.2030639, 53.3477239 ] ] } },
{ "type": "Feature", "properties": { "id": 3497, "nach": 0.57345909812813733 }, "geometry": { "type": "LineString", "coordinates": [ [ -2.203002, 53.3478959 ], [ -2.2028872, 53.3478362 ], [ -2.2027465, 53.347804400000015 ], [ -2.20257490000001, 53.3477907 ], [ -2.202304, 53.3478127 ], [ -2.2019961, 53.3478431 ], [ -2.2017194, 53.34789330000001 ] ] } },
{ "type": "Feature", "properties": { "id": 3498, "nach": 0.52724756904441861 }, "geometry": { "type": "LineString", "coordinates": [ [ -2.203002, 53.3478959 ], [ -2.2029937, 53.3478357 ], [ -2.203015, 53.3477767 ], [ -2.2030639, 53.3477239 ] ] } },
{ "type": "Feature", "properties": { "id": 3499, "nach": 0.56665827166535421 }, "geometry": { "type": "LineString", "coordinates": [ [ -2.2030639, 53.3477239 ], [ -2.2031425, 53.34767930000001 ] ] } },
{ "type": "Feature", "properties": { "id": 1408, "nach": 0.4277437389382896 }, "geometry": { "type": "LineString", "coordinates": [ [ -2.20169250000001, 53.347938 ], [ -2.201836589822746, 53.351004517917538 ] ] } },
{ "type": "Feature", "properties": { "id": 171265, "nach": 0.3890507459168957 }, "geometry": { "type": "LineString", "coordinates": [ [ -2.2016777, 53.3521126 ], [ -2.2014522, 53.3531976 ] ] } },
{ "type": "Feature", "properties": { "id": 171266, "nach": 0.3838300244926876 }, "geometry": { "type": "LineString", "coordinates": [ [ -2.2016777, 53.3521126 ], [ -2.201835, 53.3521849 ] ] } },
{ "type": "Feature", "properties": { "id": 1408, "nach": 0.4277437389382896 }, "geometry": { "type": "LineString", "coordinates": [ [ -2.201836589822746, 53.351004517917538 ], [ -2.2016777, 53.3521126 ] ] } },
{ "type": "Feature", "properties": { "id": 171267, "nach": 0.53192506726515776 }, "geometry": { "type": "LineString", "coordinates": [ [ -2.201835, 53.3521849 ], [ -2.2014522, 53.3531976 ] ] } },
{ "type": "Feature", "properties": { "id": 1410, "nach": 0.5409483923394901 }, "geometry": { "type": "LineString", "coordinates": [ [ -2.2014522, 53.3531976 ], [ -2.201336212341293, 53.353512075572247 ] ] } },
{ "type": "Feature", "properties": { "id": 71367, "nach": 0.3562563561729975 }, "geometry": { "type": "LineString", "coordinates": [ [ -2.1999447, 53.3553423 ], [ -2.2000427, 53.3553376 ], [ -2.2001258, 53.3553377 ], [ -2.2002467, 53.3553477 ], [ -2.2003667, 53.3553682 ], [ -2.2004556, 53.3553935 ], [ -2.2005184, 53.3554167 ], [ -2.2005823, 53.3554461 ], [ -2.2006293, 53.355472600000013 ], [ -2.2007225, 53.3555249 ] ] } },
{ "type": "Feature", "properties": { "id": 1410, "nach": 0.5409483923394901 }, "geometry": { "type": "LineString", "coordinates": [ [ -2.201336212341293, 53.353512075572247 ], [ -2.2007225, 53.3555249 ] ] } },
{ "type": "Feature", "properties": { "id": 36639, "nach": 0.63993207694396959 }, "geometry": { "type": "LineString", "coordinates": [ [ -2.2168444, 53.354595199999984 ], [ -2.2171545, 53.3545074 ], [ -2.2172306, 53.3544914 ] ] } },
{ "type": "Feature", "properties": { "id": 1844, "nach": 0.62219579749525222 }, "geometry": { "type": "LineString", "coordinates": [ [ -2.2168194, 53.3538707 ], [ -2.2170192, 53.3541662 ], [ -2.2172306, 53.3544914 ] ] } },
{ "type": "Feature", "properties": { "id": 120473, "nach": 0.63110823063094712 }, "geometry": { "type": "LineString", "coordinates": [ [ -2.2177338, 53.355049 ], [ -2.2174976, 53.3548123 ], [ -2.2172306, 53.3544914 ] ] } },
{ "type": "Feature", "properties": { "id": 167389, "nach": 0.6383244416133057 }, "geometry": { "type": "LineString", "coordinates": [ [ -2.2168048, 53.3546088 ], [ -2.2168444, 53.354595199999984 ] ] } },
{ "type": "Feature", "properties": { "id": 142729, "nach": 0.42059598551720856 }, "geometry": { "type": "LineString", "coordinates": [ [ -2.2166333, 53.354289799999989 ], [ -2.2168444, 53.354595199999984 ] ] } },
{ "type": "Feature", "properties": { "id": 120481, "nach": 0.61307768541450969 }, "geometry": { "type": "LineString", "coordinates": [ [ -2.2167811, 53.3538098 ], [ -2.2168194, 53.3538707 ] ] } },
{ "type": "Feature", "properties": { "id": 3455, "nach": 0.54079681464665375 }, "geometry": { "type": "LineString", "coordinates": [ [ -2.2182293, 53.3533703 ], [ -2.2176318, 53.3535705 ], [ -2.2170965, 53.3537704 ], [ -2.2168194, 53.3538707 ] ] } },
{ "type": "Feature", "properties": { "id": 120476, "nach": 0.48876056134994161 }, "geometry": { "type": "LineString", "coordinates": [ [ -2.2179986, 53.354951 ], [ -2.2177338, 53.355049 ] ] } },
{ "type": "Feature", "properties": { "id": 168017, "nach": 0.62771289063364288 }, "geometry": { "type": "LineString", "coordinates": [ [ -2.2180784, 53.3554325 ], [ -2.217973, 53.3552886 ], [ -2.2177338, 53.355049 ] ] } },
{ "type": "Feature", "properties": { "id": 153171, "nach": 0.61220744482819611 }, "geometry": { "type": "LineString", "coordinates": [ [ -2.2166651, 53.3536299 ], [ -2.2167811, 53.3538098 ] ] } },
{ "type": "Feature", "properties": { "id": 120482, "nach": 0.42743362668717955 }, "geometry": { "type": "LineString", "coordinates": [ [ -2.2167811, 53.3538098 ], [ -2.2166326, 53.3538699 ] ] } },
{ "type": "Feature", "properties": { "id": 3453, "nach": 0.53704942274061396 }, "geometry": { "type": "LineString", "coordinates": [ [ -2.2182293, 53.3533703 ], [ -2.2191386, 53.3530348 ] ] } },
{ "type": "Feature", "properties": { "id": 3477, "nach": 0.47525780248024585 }, "geometry": { "type": "LineString", "coordinates": [ [ -2.2170377, 53.3510551 ], [ -2.2171526, 53.3515549 ], [ -2.2174221, 53.3523477 ], [ -2.2174391, 53.352420300000013 ], [ -2.2174172, 53.3524972 ], [ -2.2174099, 53.3525625 ], [ -2.2174288, 53.3526325 ], [ -2.2174955, 53.3527046 ], [ -2.2180279, 53.3532091 ], [ -2.2182293, 53.3533703 ] ] } },
{ "type": "Feature", "properties": { "id": 3461, "nach": 0.38531930393906233 }, "geometry": { "type": "LineString", "coordinates": [ [ -2.2198865, 53.354935500000011 ], [ -2.219345, 53.3543904 ], [ -2.2185085, 53.353603399999983 ], [ -2.2182293, 53.3533703 ] ] } },
{ "type": "Feature", "properties": { "id": 5135, "nach": 0.57189676542026091 }, "geometry": { "type": "LineString", "coordinates": [ [ -2.2150747, 53.352570299999989 ], [ -2.2152698, 53.3525135 ], [ -2.2158825, 53.3523322 ] ] } },
{ "type": "Feature", "properties": { "id": 1850, "nach": 0.57335757565416756 }, "geometry": { "type": "LineString", "coordinates": [ [ -2.2155664, 53.3512163 ], [ -2.2156121, 53.3513862 ], [ -2.21572, 53.3518695 ], [ -2.215767, 53.3520209 ], [ -2.2158825, 53.3523322 ] ] } },
{ "type": "Feature", "properties": { "id": 54680, "nach": 0.60263935592818285 }, "geometry": { "type": "LineString", "coordinates": [ [ -2.2162407, 53.3529603 ], [ -2.21612220000001, 53.3527706 ], [ -2.2158825, 53.3523322 ] ] } },
{ "type": "Feature", "properties": { "id": 167343, "nach": 0.54648302902236423 }, "geometry": { "type": "LineString", "coordinates": [ [ -2.215001, 53.3524145 ], [ -2.2150115, 53.3524403 ], [ -2.2150747, 53.352570299999989 ] ] } },
{ "type": "Feature", "properties": { "id": 62236, "nach": 0.53524614101957335 }, "geometry": { "type": "LineString", "coordinates": [ [ -2.2142819, 53.352697 ], [ -2.2147723, 53.3526392 ], [ -2.2149476, 53.3526063 ], [ -2.2150747, 53.352570299999989 ] ] } },
{ "type": "Feature", "properties": { "id": 11367, "nach": 0.52154643856493565 }, "geometry": { "type": "LineString", "coordinates": [ [ -2.2159674, 53.351165800000011 ], [ -2.2155664, 53.3512163 ] ] } },
{ "type": "Feature", "properties": { "id": 1853, "nach": 0.58716806357975537 }, "geometry": { "type": "LineString", "coordinates": [ [ -2.2154527, 53.35081610000001 ], [ -2.2155664, 53.3512163 ] ] } },
{ "type": "Feature", "properties": { "id": 167349, "nach": 0.60214453347031727 }, "geometry": { "type": "LineString", "coordinates": [ [ -2.2162954, 53.3530479 ], [ -2.2162407, 53.3529603 ] ] } },
{ "type": "Feature", "properties": { "id": 167352, "nach": 0.0 }, "geometry": { "type": "LineString", "coordinates": [ [ -2.2154425, 53.353259799999989 ], [ -2.215412, 53.3530615 ], [ -2.2158138, 53.3530211 ], [ -2.2160432, 53.3530051 ], [ -2.2162407, 53.3529603 ] ] } },
{ "type": "Feature", "properties": { "id": 11368, "nach": 0.56431879968880405 }, "geometry": { "type": "LineString", "coordinates": [ [ -2.2159674, 53.351165800000011 ], [ -2.2159915, 53.3511626 ] ] } },
{ "type": "Feature", "properties": { "id": 11366, "nach": 0.52548423472559158 }, "geometry": { "type": "LineString", "coordinates": [ [ -2.215721, 53.3506693 ], [ -2.2157471, 53.3507585 ], [ -2.2157818, 53.3508802 ], [ -2.2158387, 53.3509832 ], [ -2.2158806, 53.3510528 ], [ -2.2159037, 53.3511061 ], [ -2.2159674, 53.351165800000011 ] ] } },
{ "type": "Feature", "properties": { "id": 62336, "nach": 0.62446112200847914 }, "geometry": { "type": "LineString", "coordinates": [ [ -2.2150071, 53.3508567 ], [ -2.2154527, 53.35081610000001 ] ] } },
{ "type": "Feature", "properties": { "id": 36760, "nach": 0.61643366334404304 }, "geometry": { "type": "LineString", "coordinates": [ [ -2.2154292, 53.3506955 ], [ -2.2154527, 53.35081610000001 ] ] } },
{ "type": "Feature", "properties": { "id": 62337, "nach": 0.62392579311698049 }, "geometry": { "type": "LineString", "coordinates": [ [ -2.2150071, 53.3508567 ], [ -2.2148873, 53.3508856 ], [ -2.2147778, 53.3509317 ], [ -2.2146743, 53.3509995 ] ] } },
{ "type": "Feature", "properties": { "id": 62338, "nach": 0.0 }, "geometry": { "type": "LineString", "coordinates": [ [ -2.2150071, 53.3508567 ], [ -2.2149275, 53.3506941 ], [ -2.2142896, 53.3507948 ] ] } },
{ "type": "Feature", "properties": { "id": 11365, "nach": 0.56408321705933329 }, "geometry": { "type": "LineString", "coordinates": [ [ -2.215721, 53.3506693 ], [ -2.2154292, 53.3506955 ] ] } },
{ "type": "Feature", "properties": { "id": 36781, "nach": 0.58980313596179268 }, "geometry": { "type": "LineString", "coordinates": [ [ -2.2153517, 53.3503402 ], [ -2.2154292, 53.3506955 ] ] } },
{ "type": "Feature", "properties": { "id": 188407, "nach": 0.51788880737318121 }, "geometry": { "type": "LineString", "coordinates": [ [ -2.2193352, 53.3586919 ], [ -2.2194988, 53.3586628 ] ] } },
{ "type": "Feature", "properties": { "id": 159322, "nach": 0.57719064645842877 }, "geometry": { "type": "LineString", "coordinates": [ [ -2.2194555, 53.3586016 ], [ -2.2194988, 53.3586628 ] ] } },
{ "type": "Feature", "properties": { "id": 60139, "nach": 0.58941896479833567 }, "geometry": { "type": "LineString", "coordinates": [ [ -2.2198461, 53.3590307 ], [ -2.2194988, 53.3586628 ] ] } },
{ "type": "Feature", "properties": { "id": 188408, "nach": 0.45319219817875916 }, "geometry": { "type": "LineString", "coordinates": [ [ -2.2193352, 53.3586919 ], [ -2.2192706, 53.3587034 ], [ -2.2190491, 53.3587397 ], [ -2.2188236, 53.3587667 ] ] } },
{ "type": "Feature", "properties": { "id": 188409, "nach": 0.4943493631349255 }, "geometry": { "type": "LineString", "coordinates": [ [ -2.2193352, 53.3586919 ], [ -2.219306, 53.3586356 ], [ -2.2192469, 53.3586028 ] ] } },
{ "type": "Feature", "properties": { "id": 159321, "nach": 0.56381738963036476 }, "geometry": { "type": "LineString", "coordinates": [ [ -2.2194555, 53.3586016 ], [ -2.21935010000001, 53.3584526 ] ] } },
{ "type": "Feature", "properties": { "id": 159331, "nach": 0.51561313491434324 }, "geometry": { "type": "LineString", "coordinates": [ [ -2.2197991, 53.3585682 ], [ -2.2197435, 53.3585572 ], [ -2.2194555, 53.3586016 ] ] } },
{ "type": "Feature", "properties": { "id": 167658, "nach": 0.39611997492764206 }, "geometry": { "type": "LineString", "coordinates": [ [ -2.2200436, 53.358992299999983 ], [ -2.2200035, 53.3590026 ], [ -2.2198461, 53.3590307 ] ] } },
{ "type": "Feature", "properties": { "id": 106807, "nach": 0.58814001119543413 }, "geometry": { "type": "LineString", "coordinates": [ [ -2.2201044, 53.3595328 ], [ -2.2201082, 53.3594955 ], [ -2.2200988, 53.3594309 ], [ -2.2200839, 53.359368 ], [ -2.2200541, 53.3593017 ], [ -2.220023, 53.359242300000012 ], [ -2.2199647, 53.3591613 ], [ -2.2198461, 53.3590307 ] ] } },
{ "type": "Feature", "properties": { "id": 174268, "nach": 0.49827259685108599 }, "geometry": { "type": "LineString", "coordinates": [ [ -2.2201047, 53.360085899999987 ], [ -2.2198484, 53.3600203 ] ] } },
{ "type": "Feature", "properties": { "id": 1882, "nach": 0.57080500165774151 }, "geometry": { "type": "LineString", "coordinates": [ [ -2.2193191, 53.3605499 ], [ -2.2195883, 53.3602747 ], [ -2.2198484, 53.3600203 ] ] } },
{ "type": "Feature", "properties": { "id": 106808, "nach": 0.5875782878793685 }, "geometry": { "type": "LineString", "coordinates": [ [ -2.2201044, 53.3595328 ], [ -2.2201035, 53.3595418 ], [ -2.2200942, 53.3595883 ], [ -2.2200729, 53.3596541 ], [ -2.2200384, 53.3597335 ], [ -2.2199953, 53.35981 ], [ -2.219927, 53.3598998 ], [ -2.2198484, 53.3600203 ] ] } },
{ "type": "Feature", "properties": { "id": 174269, "nach": 0.51219480583244958 }, "geometry": { "type": "LineString", "coordinates": [ [ -2.2201047, 53.360085899999987 ], [ -2.2212002, 53.3603661 ], [ -2.2213344, 53.3603901 ], [ -2.2223944, 53.3604727 ] ] } },
{ "type": "Feature", "properties": { "id": 174270, "nach": 0.43412133315985024 }, "geometry": { "type": "LineString", "coordinates": [ [ -2.2201047, 53.360085899999987 ], [ -2.2200584, 53.360144399999989 ], [ -2.2199207, 53.3602168 ], [ -2.2198193, 53.3602661 ], [ -2.219604, 53.3605276 ], [ -2.2195718, 53.3605584 ], [ -2.2195094, 53.3606176 ] ] } },
{ "type": "Feature", "properties": { "id": 174264, "nach": 0.54018479620565052 }, "geometry": { "type": "LineString", "coordinates": [ [ -2.2195094, 53.3606176 ], [ -2.2193191, 53.3605499 ] ] } },
{ "type": "Feature", "properties": { "id": 78809, "nach": 0.56165168298929535 }, "geometry": { "type": "LineString", "coordinates": [ [ -2.2184149, 53.36141 ], [ -2.2186866, 53.3611549 ], [ -2.2188818, 53.3609664 ], [ -2.2190801, 53.3607829 ], [ -2.2193191, 53.3605499 ] ] } },
{ "type": "Feature", "properties": { "id": 106806, "nach": 0.37748328415854643 }, "geometry": { "type": "LineString", "coordinates": [ [ -2.2201044, 53.3595328 ], [ -2.2198634, 53.3595357 ], [ -2.2198424, 53.3595426 ], [ -2.2197991, 53.3595565 ], [ -2.2197132, 53.3596622 ], [ -2.2196542, 53.3597694 ], [ -2.2195201, 53.359755 ], [ -2.2187869, 53.3595386 ] ] } },
{ "type": "Feature", "properties": { "id": 174265, "nach": 0.50024026698354496 }, "geometry": { "type": "LineString", "coordinates": [ [ -2.2195094, 53.3606176 ], [ -2.21982, 53.3607282 ], [ -2.2198887, 53.3607514 ], [ -2.2199654, 53.3607733 ], [ -2.2200622, 53.3607972 ], [ -2.220202, 53.3608246 ] ] } },
{ "type": "Feature", "properties": { "id": 174267, "nach": 0.4934210654172092 }, "geometry": { "type": "LineString", "coordinates": [ [ -2.2195094, 53.3606176 ], [ -2.2194693, 53.3606558 ], [ -2.219181, 53.3609205 ], [ -2.218798, 53.3613126 ], [ -2.2186065, 53.3615023 ], [ -2.2185689, 53.3615225 ], [ -2.2185264, 53.3615307 ], [ -2.21849760000001, 53.3615426 ], [ -2.2183336, 53.3617122 ], [ -2.2179419, 53.3621851 ] ] } },
{ "type": "Feature", "properties": { "id": 106803, "nach": 0.54712431095209535 }, "geometry": { "type": "LineString", "coordinates": [ [ -2.2179064, 53.3618547 ], [ -2.2180911, 53.361702399999984 ], [ -2.2182086, 53.3616002 ], [ -2.2184149, 53.36141 ] ] } },
{ "type": "Feature", "properties": { "id": 168533, "nach": 0.56333985509532558 }, "geometry": { "type": "LineString", "coordinates": [ [ -2.2180561, 53.361273800000014 ], [ -2.2181312, 53.3613005 ], [ -2.2184149, 53.36141 ] ] } },
{ "type": "Feature", "properties": { "id": 106804, "nach": 0.54559105121530971 }, "geometry": { "type": "LineString", "coordinates": [ [ -2.2179064, 53.3618547 ], [ -2.2178708, 53.3618809 ], [ -2.2175668, 53.3620934 ] ] } },
{ "type": "Feature", "properties": { "id": 78813, "nach": 0.55200164473821789 }, "geometry": { "type": "LineString", "coordinates": [ [ -2.216409, 53.3627255 ], [ -2.2167063, 53.3625688 ], [ -2.2169822, 53.362422100000011 ], [ -2.2172191, 53.3623034 ], [ -2.2174262, 53.3621883 ], [ -2.2175668, 53.3620934 ] ] } },
{ "type": "Feature", "properties": { "id": 174263, "nach": 0.51340381326221829 }, "geometry": { "type": "LineString", "coordinates": [ [ -2.2179419, 53.3621851 ], [ -2.2178708, 53.3621771 ], [ -2.2177908, 53.3621631 ], [ -2.2177688, 53.36215760000001 ], [ -2.2177344, 53.362149 ], [ -2.2176614, 53.3621251 ], [ -2.2175668, 53.3620934 ] ] } },
{ "type": "Feature", "properties": { "id": 164119, "nach": 0.41838475102228367 }, "geometry": { "type": "LineString", "coordinates": [ [ -2.2164343, 53.361370700000016 ], [ -2.2167938, 53.3614589 ], [ -2.2170309, 53.361516 ], [ -2.2171919, 53.3615652 ], [ -2.21734080000001, 53.3616255 ], [ -2.2179064, 53.3618547 ] ] } },
{ "type": "Feature", "properties": { "id": 78814, "nach": 0.53708405144410321 }, "geometry": { "type": "LineString", "coordinates": [ [ -2.216409, 53.3627255 ], [ -2.2162392, 53.3628422 ], [ -2.2161557, 53.3629029 ], [ -2.2160687, 53.362975900000016 ], [ -2.216009, 53.363039 ], [ -2.21596520000001, 53.3630939 ], [ -2.2159252, 53.3631514 ], [ -2.2158969, 53.3632062 ], [ -2.2158606, 53.363305 ], [ -2.2158381, 53.3633775 ], [ -2.2157988, 53.3635213 ] ] } },
{ "type": "Feature", "properties": { "id": 102609, "nach": 0.51261370912048965 }, "geometry": { "type": "LineString", "coordinates": [ [ -2.2161748, 53.3625972 ], [ -2.2163095, 53.3626665 ], [ -2.216409, 53.3627255 ] ] } },
{ "type": "Feature", "properties": { "id": 174261, "nach": 0.54407722611837761 }, "geometry": { "type": "LineString", "coordinates": [ [ -2.2179419, 53.3621851 ], [ -2.2179713, 53.362188399999987 ], [ -2.2180502, 53.3621972 ], [ -2.2182441, 53.3622189 ] ] } },
{ "type": "Feature", "properties": { "id": 61907, "nach": 0.54451816391813257 }, "geometry": { "type": "LineString", "coordinates": [ [ -2.216117, 53.3473734 ], [ -2.2156445, 53.3473315 ], [ -2.2152667, 53.3472884 ] ] } },
{ "type": "Feature", "properties": { "id": 36595, "nach": 0.62712934892249739 }, "geometry": { "type": "LineString", "coordinates": [ [ -2.215254, 53.347363799999989 ], [ -2.2152603, 53.3473261 ], [ -2.2152667, 53.3472884 ] ] } },
{ "type": "Feature", "properties": { "id": 35173, "nach": 0.62210882445836813 }, "geometry": { "type": "LineString", "coordinates": [ [ -2.2153834, 53.346871 ], [ -2.2153119, 53.347126200000012 ], [ -2.2152667, 53.3472884 ] ] } },
{ "type": "Feature", "properties": { "id": 61908, "nach": 0.52874005735807506 }, "geometry": { "type": "LineString", "coordinates": [ [ -2.216117, 53.3473734 ], [ -2.2164068, 53.3473873 ], [ -2.216685, 53.3474039 ] ] } },
{ "type": "Feature", "properties": { "id": 61909, "nach": 0.42641763853622699 }, "geometry": { "type": "LineString", "coordinates": [ [ -2.2160787, 53.3476392 ], [ -2.216117, 53.3473734 ] ] } },
{ "type": "Feature", "properties": { "id": 36594, "nach": 0.62172604250604857 }, "geometry": { "type": "LineString", "coordinates": [ [ -2.215254, 53.347363799999989 ], [ -2.2152118, 53.347539800000014 ], [ -2.2152016, 53.3476461 ] ] } },
{ "type": "Feature", "properties": { "id": 37114, "nach": 0.57885812040546458 }, "geometry": { "type": "LineString", "coordinates": [ [ -2.2139107, 53.346887800000012 ], [ -2.2142245, 53.3470031 ], [ -2.2146199, 53.3471691 ], [ -2.2149339, 53.3472767 ], [ -2.215254, 53.347363799999989 ] ] } },
{ "type": "Feature", "properties": { "id": 37112, "nach": 0.58135791461212871 }, "geometry": { "type": "LineString", "coordinates": [ [ -2.2139107, 53.346887800000012 ], [ -2.2137633, 53.3468299 ] ] } },
{ "type": "Feature", "properties": { "id": 5252, "nach": 0.55479907762195524 }, "geometry": { "type": "LineString", "coordinates": [ [ -2.213398, 53.3473411 ], [ -2.2134796, 53.347227800000013 ], [ -2.2137633, 53.3468299 ] ] } },
{ "type": "Feature", "properties": { "id": 78869, "nach": 0.59132926886462844 }, "geometry": { "type": "LineString", "coordinates": [ [ -2.21362250000001, 53.3467805 ], [ -2.2136653, 53.346794900000013 ], [ -2.2137633, 53.3468299 ] ] } },
{ "type": "Feature", "properties": { "id": 37115, "nach": 0.43068710221352402 }, "geometry": { "type": "LineString", "coordinates": [ [ -2.2138619, 53.3467309 ], [ -2.2139768, 53.3467777 ], [ -2.2139768, 53.346812 ], [ -2.2139107, 53.346887800000012 ] ] } },
{ "type": "Feature", "properties": { "id": 78871, "nach": 0.56209968657737497 }, "geometry": { "type": "LineString", "coordinates": [ [ -2.2129641, 53.3470666 ], [ -2.2130999, 53.3470975 ], [ -2.2131693, 53.34715090000001 ], [ -2.213307, 53.3472635 ], [ -2.213398, 53.3473411 ] ] } },
{ "type": "Feature", "properties": { "id": 36617, "nach": 0.59724979952773616 }, "geometry": { "type": "LineString", "coordinates": [ [ -2.2135724, 53.3475589 ], [ -2.2134915, 53.3474755 ], [ -2.2134095, 53.3473853 ], [ -2.213398, 53.3473411 ] ] } },
{ "type": "Feature", "properties": { "id": 78868, "nach": 0.57244459183288687 }, "geometry": { "type": "LineString", "coordinates": [ [ -2.21362250000001, 53.3467805 ], [ -2.2135595, 53.3467592 ], [ -2.2133859, 53.346713600000015 ] ] } },
{ "type": "Feature", "properties": { "id": 78867, "nach": 0.49773892946150744 }, "geometry": { "type": "LineString", "coordinates": [ [ -2.21362250000001, 53.3467805 ], [ -2.21366160000001, 53.3467213 ] ] } },
{ "type": "Feature", "properties": { "id": 167402, "nach": 0.57163814885089048 }, "geometry": { "type": "LineString", "coordinates": [ [ -2.2127944, 53.3465345 ], [ -2.2127035, 53.3465067 ] ] } },
{ "type": "Feature", "properties": { "id": 37109, "nach": 0.51992060448203292 }, "geometry": { "type": "LineString", "coordinates": [ [ -2.2128561, 53.34629120000001 ], [ -2.2127035, 53.3465067 ] ] } },
{ "type": "Feature", "properties": { "id": 2319, "nach": 0.5597017636909779 }, "geometry": { "type": "LineString", "coordinates": [ [ -2.2122976, 53.3463817 ], [ -2.2125078, 53.3464497 ], [ -2.2126468, 53.3464897 ], [ -2.2127035, 53.3465067 ] ] } },
{ "type": "Feature", "properties": { "id": 167403, "nach": 0.57553018802860578 }, "geometry": { "type": "LineString", "coordinates": [ [ -2.2127944, 53.3465345 ], [ -2.2133478, 53.3467036 ], [ -2.2133859, 53.346713600000015 ] ] } },
{ "type": "Feature", "properties": { "id": 167405, "nach": 0.42227712187241928 }, "geometry": { "type": "LineString", "coordinates": [ [ -2.2128702, 53.3468014 ], [ -2.2127455, 53.3467533 ], [ -2.2126241, 53.3466637 ], [ -2.2127944, 53.3465345 ] ] } },
{ "type": "Feature", "properties": { "id": 4320, "nach": 0.54914054586668881 }, "geometry": { "type": "LineString", "coordinates": [ [ -2.2125201, 53.346729900000021 ], [ -2.2123961, 53.3466296 ], [ -2.2123194, 53.3465574 ], [ -2.2122356, 53.346455300000017 ], [ -2.2122976, 53.3463817 ] ] } },
{ "type": "Feature", "properties": { "id": 78870, "nach": 0.55491902571177876 }, "geometry": { "type": "LineString", "coordinates": [ [ -2.2129641, 53.3470666 ], [ -2.2125201, 53.346729900000021 ] ] } },
{ "type": "Feature", "properties": { "id": 37144, "nach": 0.4095972226526699 }, "geometry": { "type": "LineString", "coordinates": [ [ -2.2106698, 53.3471245 ], [ -2.2110826, 53.346957 ], [ -2.212231, 53.3467999 ], [ -2.2124196, 53.346769699999989 ], [ -2.2125201, 53.346729900000021 ] ] } },
{ "type": "Feature", "properties": { "id": 173150, "nach": 0.52218961618696202 }, "geometry": { "type": "LineString", "coordinates": [ [ -2.2096622, 53.349184100000016 ], [ -2.2095298, 53.3490922 ], [ -2.2095895, 53.3487704 ], [ -2.2098684, 53.3477905 ], [ -2.2096753, 53.347233300000013 ], [ -2.2092511, 53.3461695 ], [ -2.2092245, 53.3461029 ] ] } },
{ "type": "Feature", "properties": { "id": 58735, "nach": 0.52065353166153083 }, "geometry": { "type": "LineString", "coordinates": [ [ -2.2026241, 53.3592877 ], [ -2.2022965, 53.3592513 ] ] } },
{ "type": "Feature", "properties": { "id": 112148, "nach": 0.57579113192578002 }, "geometry": { "type": "LineString", "coordinates": [ [ -2.2023584, 53.3589019 ], [ -2.2023557, 53.3589322 ], [ -2.2023433, 53.3590718 ], [ -2.2023302, 53.3591222 ], [ -2.2022965, 53.3592513 ] ] } },
{ "type": "Feature", "properties": { "id": 58739, "nach": 0.57128145005204012 }, "geometry": { "type": "LineString", "coordinates": [ [ -2.2013843, 53.3592435 ], [ -2.2019949, 53.35924270000001 ], [ -2.2022965, 53.3592513 ] ] } },
{ "type": "Feature", "properties": { "id": 58741, "nach": 0.34585920159885131 }, "geometry": { "type": "LineString", "coordinates": [ [ -2.2018733, 53.3602527 ], [ -2.2026241, 53.3592877 ] ] } },
{ "type": "Feature", "properties": { "id": 158338, "nach": 0.51083808107310757 }, "geometry": { "type": "LineString", "coordinates": [ [ -2.203834, 53.3592299 ], [ -2.2036846, 53.3592572 ], [ -2.2032832, 53.3592914 ], [ -2.203012, 53.3593028 ], [ -2.2026241, 53.3592877 ] ] } },
{ "type": "Feature", "properties": { "id": 159503, "nach": 0.56488806789961254 }, "geometry": { "type": "LineString", "coordinates": [ [ -2.2023731, 53.3587953 ], [ -2.2023584, 53.3589019 ] ] } },
{ "type": "Feature", "properties": { "id": 112149, "nach": 0.46260827642849406 }, "geometry": { "type": "LineString", "coordinates": [ [ -2.2025121, 53.358907700000017 ], [ -2.2023584, 53.3589019 ] ] } },
{ "type": "Feature", "properties": { "id": 58737, "nach": 0.57450887891412739 }, "geometry": { "type": "LineString", "coordinates": [ [ -2.2013843, 53.3592435 ], [ -2.2011592, 53.3592413 ] ] } },
{ "type": "Feature", "properties": { "id": 58743, "nach": 0.41466497878971598 }, "geometry": { "type": "LineString", "coordinates": [ [ -2.2018733, 53.3602527 ], [ -2.201457, 53.3602073 ], [ -2.20134980000001, 53.3601624 ], [ -2.201339, 53.3599383 ], [ -2.201339, 53.359631 ], [ -2.2013843, 53.3592435 ] ] } },
{ "type": "Feature", "properties": { "id": 71453, "nach": 0.35885477730678439 }, "geometry": { "type": "LineString", "coordinates": [ [ -2.1996828, 53.3596226 ], [ -2.1997939, 53.3596236 ], [ -2.1998005, 53.3594924 ], [ -2.1998553, 53.3594297 ], [ -2.1999337, 53.3593901 ], [ -2.2001128, 53.3593537 ], [ -2.200505, 53.3593165 ], [ -2.200754, 53.3592992 ], [ -2.20121, 53.3592827 ], [ -2.2013843, 53.3592435 ] ] } },
{ "type": "Feature", "properties": { "id": 152896, "nach": 0.57580786215074464 }, "geometry": { "type": "LineString", "coordinates": [ [ -2.2009232, 53.3592369 ], [ -2.2011592, 53.3592413 ] ] } },
{ "type": "Feature", "properties": { "id": 81725, "nach": 0.39127728145738316 }, "geometry": { "type": "LineString", "coordinates": [ [ -2.2012529, 53.358558900000013 ], [ -2.2011592, 53.3592413 ] ] } },
{ "type": "Feature", "properties": { "id": 152897, "nach": 0.57410352791392505 }, "geometry": { "type": "LineString", "coordinates": [ [ -2.2009232, 53.3592369 ], [ -2.2007759, 53.3592392 ] ] } },
{ "type": "Feature", "properties": { "id": 159498, "nach": 0.37998799314737658 }, "geometry": { "type": "LineString", "coordinates": [ [ -2.2005162, 53.3591119 ], [ -2.200628, 53.3591618 ], [ -2.2009232, 53.3592369 ] ] } },
{ "type": "Feature", "properties": { "id": 3388, "nach": 0.560881632414298 }, "geometry": { "type": "LineString", "coordinates": [ [ -2.2007759, 53.3592392 ], [ -2.2004344, 53.3592764 ], [ -2.2001598, 53.3592997 ], [ -2.1999511, 53.3593269 ], [ -2.199886, 53.3593348 ], [ -2.1998032, 53.3593432 ], [ -2.1997187, 53.3593439 ] ] } },
{ "type": "Feature", "properties": { "id": 159501, "nach": 0.47468847515205248 }, "geometry": { "type": "LineString", "coordinates": [ [ -2.2002228, 53.3591674 ], [ -2.200506, 53.3591959 ], [ -2.2007759, 53.3592392 ] ] } },
{ "type": "Feature", "properties": { "id": 71442, "nach": 0.37338138113587904 }, "geometry": { "type": "LineString", "coordinates": [ [ -2.1996481, 53.3589178 ], [ -2.199704, 53.3589814 ], [ -2.1997302, 53.3590371 ], [ -2.1997357, 53.3590814 ], [ -2.1997365, 53.359115900000013 ], [ -2.1997334, 53.359144199999989 ], [ -2.1997316, 53.3592027 ], [ -2.1997211, 53.3592718 ], [ -2.1997187, 53.3593439 ] ] } },
{ "type": "Feature", "properties": { "id": 159552, "nach": 0.56347641508649515 }, "geometry": { "type": "LineString", "coordinates": [ [ -2.1997187, 53.3593439 ], [ -2.1997024, 53.359368 ] ] } },
{ "type": "Feature", "properties": { "id": 5857, "nach": 0.48572388233630048 }, "geometry": { "type": "LineString", "coordinates": [ [ -2.2191075, 53.3623203 ], [ -2.2192185, 53.36193560000001 ], [ -2.2195015, 53.36197090000001 ], [ -2.2193543, 53.362359 ] ] } },
{ "type": "Feature", "properties": { "id": 5858, "nach": 0.49278411726156462 }, "geometry": { "type": "LineString", "coordinates": [ [ -2.2191075, 53.3623203 ], [ -2.2188616, 53.3622914 ], [ -2.2186883, 53.3622711 ], [ -2.2182441, 53.3622189 ] ] } },
{ "type": "Feature", "properties": { "id": 4588, "nach": 0.52473714401046501 }, "geometry": { "type": "LineString", "coordinates": [ [ -2.2181164, 53.36244090000001 ], [ -2.2181466, 53.3624214 ], [ -2.2181699, 53.3624005 ], [ -2.2182441, 53.3622189 ] ] } },
{ "type": "Feature", "properties": { "id": 4589, "nach": 0.37651844094924525 }, "geometry": { "type": "LineString", "coordinates": [ [ -2.2181164, 53.36244090000001 ], [ -2.2182454, 53.36254120000001 ], [ -2.2182704, 53.362568 ], [ -2.2182778, 53.3626083 ], [ -2.2182445, 53.362833900000012 ] ] } },
{ "type": "Feature", "properties": { "id": 4594, "nach": 0.51289208588447377 }, "geometry": { "type": "LineString", "coordinates": [ [ -2.2176384, 53.3627041 ], [ -2.2176592, 53.362665599999985 ], [ -2.2177141, 53.3625852 ], [ -2.2177473, 53.3625544 ], [ -2.2177906, 53.3625296 ], [ -2.2178459, 53.36251 ], [ -2.2180318, 53.362473 ], [ -2.2180751, 53.3624581 ], [ -2.2181164, 53.36244090000001 ] ] } },
{ "type": "Feature", "properties": { "id": 3471, "nach": 0.27135620565371649 }, "geometry": { "type": "LineString", "coordinates": [ [ -2.22139, 53.3529309 ], [ -2.2217118, 53.352724 ], [ -2.2220209, 53.352501099999984 ], [ -2.2228976, 53.351723 ], [ -2.2234701, 53.3512389 ], [ -2.223604, 53.3511442 ], [ -2.2237095, 53.3511002 ] ] } },
{ "type": "Feature", "properties": { "id": 3444, "nach": 0.0 }, "geometry": { "type": "LineString", "coordinates": [ [ -2.2208496, 53.3523893 ], [ -2.2210486, 53.3523101 ], [ -2.2212176, 53.3522253 ], [ -2.221412, 53.3520693 ], [ -2.2215256, 53.3519654 ], [ -2.22206650000001, 53.3514706 ], [ -2.2221056, 53.35139419999998 ], [ -2.2221056, 53.3513269 ], [ -2.2220584, 53.3512464 ], [ -2.221891, 53.3511075 ], [ -2.2218062, 53.35099180000001 ], [ -2.2217997, 53.3509058 ], [ -2.2218346, 53.3508305 ], [ -2.2219135, 53.3507629 ], [ -2.2220412, 53.3507184 ], [ -2.2224919, 53.3505967 ], [ -2.2226448, 53.3505759 ], [ -2.2228175, 53.3505916 ], [ -2.2229962, 53.3506335 ], [ -2.2231787, 53.3507008 ], [ -2.2233781, 53.3508286 ], [ -2.2237095, 53.3511002 ] ] } },
{ "type": "Feature", "properties": { "id": 3468, "nach": 0.28544093434013934 }, "geometry": { "type": "LineString", "coordinates": [ [ -2.2219588, 53.353418 ], [ -2.222556, 53.3529702 ], [ -2.2228542, 53.3527435 ], [ -2.2238513, 53.3518312 ], [ -2.2240371, 53.3516597 ], [ -2.2240917, 53.3515745 ], [ -2.2240985, 53.3514918 ], [ -2.2240556, 53.351401599999988 ], [ -2.2237095, 53.3511002 ] ] } },
{ "type": "Feature", "properties": { "id": 3469, "nach": 0.45008992031014977 }, "geometry": { "type": "LineString", "coordinates": [ [ -2.22139, 53.3529309 ], [ -2.2210092, 53.352558599999973 ], [ -2.2208496, 53.3523893 ] ] } },
{ "type": "Feature", "properties": { "id": 3470, "nach": 0.43794147378748249 }, "geometry": { "type": "LineString", "coordinates": [ [ -2.22139, 53.3529309 ], [ -2.2216861, 53.3532371 ], [ -2.2218243, 53.3533438 ], [ -2.2219588, 53.353418 ] ] } },
{ "type": "Feature", "properties": { "id": 62097, "nach": 0.48848058107065767 }, "geometry": { "type": "LineString", "coordinates": [ [ -2.2204209, 53.3525505 ], [ -2.2208496, 53.3523893 ] ] } },
{ "type": "Feature", "properties": { "id": 171289, "nach": 0.45919180213264876 }, "geometry": { "type": "LineString", "coordinates": [ [ -2.2206864, 53.352272600000013 ], [ -2.2208496, 53.3523893 ] ] } },
{ "type": "Feature", "properties": { "id": 36511, "nach": 0.44242813006822462 }, "geometry": { "type": "LineString", "coordinates": [ [ -2.2215955, 53.3536548 ], [ -2.2217414, 53.3535717 ], [ -2.2219588, 53.353418 ] ] } },
{ "type": "Feature", "properties": { "id": 62098, "nach": 0.48737818767041247 }, "geometry": { "type": "LineString", "coordinates": [ [ -2.2204209, 53.3525505 ], [ -2.220368, 53.3525704 ], [ -2.2199834, 53.3527249 ] ] } },
{ "type": "Feature", "properties": { "id": 62356, "nach": 0.4771258407061944 }, "geometry": { "type": "LineString", "coordinates": [ [ -2.2194185, 53.3514744 ], [ -2.2199786, 53.3513558 ], [ -2.2200487, 53.351476 ], [ -2.220133, 53.351575500000017 ], [ -2.2202152, 53.3516814 ], [ -2.2203014, 53.3517582 ], [ -2.2201643, 53.3518423 ], [ -2.2198668, 53.3519526 ], [ -2.2200852, 53.352179 ], [ -2.2202284, 53.3523277 ], [ -2.2203562, 53.3524826 ], [ -2.2204209, 53.3525505 ] ] } },
{ "type": "Feature", "properties": { "id": 171293, "nach": 0.39327895274017305 }, "geometry": { "type": "LineString", "coordinates": [ [ -2.2208955, 53.3521865 ], [ -2.2206864, 53.352272600000013 ] ] } },
{ "type": "Feature", "properties": { "id": 171292, "nach": 0.38333324044212153 }, "geometry": { "type": "LineString", "coordinates": [ [ -2.2201193, 53.3520764 ], [ -2.2204254, 53.3523439 ], [ -2.2205807, 53.35228 ], [ -2.2206244, 53.3522652 ], [ -2.2206616, 53.352263900000011 ], [ -2.2206864, 53.352272600000013 ] ] } },
{ "type": "Feature", "properties": { "id": 3450, "nach": 0.52109375164645477 }, "geometry": { "type": "LineString", "coordinates": [ [ -2.2191386, 53.3530348 ], [ -2.2199834, 53.3527249 ] ] } },
{ "type": "Feature", "properties": { "id": 5735, "nach": 0.46816666218173891 }, "geometry": { "type": "LineString", "coordinates": [ [ -2.2196683, 53.35240240000001 ], [ -2.2199834, 53.3527249 ] ] } },
{ "type": "Feature", "properties": { "id": 3463, "nach": 0.45670825319807867 }, "geometry": { "type": "LineString", "coordinates": [ [ -2.221104, 53.3538298 ], [ -2.2199834, 53.3527249 ] ] } },
{ "type": "Feature", "properties": { "id": 3484, "nach": 0.40992281785380608 }, "geometry": { "type": "LineString", "coordinates": [ [ -2.2187161, 53.3526324 ], [ -2.2191386, 53.3530348 ] ] } },
{ "type": "Feature", "properties": { "id": 3459, "nach": 0.35108911230285411 }, "geometry": { "type": "LineString", "coordinates": [ [ -2.2206946, 53.354538700000013 ], [ -2.2204242, 53.3543009 ], [ -2.2198495, 53.3537311 ], [ -2.2191386, 53.3530348 ] ] } },
{ "type": "Feature", "properties": { "id": 36514, "nach": 0.39955423180885086 }, "geometry": { "type": "LineString", "coordinates": [ [ -2.2195468, 53.3524475 ], [ -2.2196683, 53.35240240000001 ] ] } },
{ "type": "Feature", "properties": { "id": 36513, "nach": 0.39975252031815117 }, "geometry": { "type": "LineString", "coordinates": [ [ -2.2197677, 53.3523515 ], [ -2.2196683, 53.35240240000001 ] ] } },
{ "type": "Feature", "properties": { "id": 3465, "nach": 0.46129346466731086 }, "geometry": { "type": "LineString", "coordinates": [ [ -2.221104, 53.3538298 ], [ -2.2211783, 53.3539107 ], [ -2.2211874, 53.35397 ], [ -2.2211686, 53.3540322 ], [ -2.2210862, 53.3541767 ], [ -2.2208866, 53.3544439 ], [ -2.2208292, 53.3544869 ], [ -2.2206946, 53.354538700000013 ] ] } },
{ "type": "Feature", "properties": { "id": 36510, "nach": 0.46326913780494394 }, "geometry": { "type": "LineString", "coordinates": [ [ -2.2215955, 53.3536548 ], [ -2.2214669, 53.3536992 ], [ -2.221104, 53.3538298 ] ] } },
{ "type": "Feature", "properties": { "id": 3460, "nach": 0.46683133548778633 }, "geometry": { "type": "LineString", "coordinates": [ [ -2.2198865, 53.354935500000011 ], [ -2.2206946, 53.354538700000013 ] ] } },
{ "type": "Feature", "properties": { "id": 3479, "nach": 0.53966285996191443 }, "geometry": { "type": "LineString", "coordinates": [ [ -2.2159915, 53.3511626 ], [ -2.2170377, 53.3510551 ] ] } },
{ "type": "Feature", "properties": { "id": 3486, "nach": 0.52314605973933526 }, "geometry": { "type": "LineString", "coordinates": [ [ -2.2181591, 53.350957 ], [ -2.2170377, 53.3510551 ] ] } },
{ "type": "Feature", "properties": { "id": 3472, "nach": 0.47573338201524729 }, "geometry": { "type": "LineString", "coordinates": [ [ -2.2204756, 53.3555054 ], [ -2.2202184, 53.3552804 ], [ -2.2198865, 53.354935500000011 ] ] } },
{ "type": "Feature", "properties": { "id": 139782, "nach": 0.5277811504859512 }, "geometry": { "type": "LineString", "coordinates": [ [ -2.2196052, 53.3558623 ], [ -2.2198488, 53.3557618 ], [ -2.2202335, 53.3556087 ], [ -2.2204756, 53.3555054 ] ] } },
{ "type": "Feature", "properties": { "id": 36761, "nach": 0.48720367178117185 }, "geometry": { "type": "LineString", "coordinates": [ [ -2.2222707, 53.3539944 ], [ -2.22224680000001, 53.3540227 ], [ -2.2222343, 53.354064 ], [ -2.2222158, 53.3541589 ], [ -2.2221979, 53.354215899999986 ], [ -2.2221781, 53.3542645 ], [ -2.2221455, 53.3543145 ], [ -2.2221055, 53.35436150000001 ], [ -2.2220419, 53.3544363 ], [ -2.221801, 53.3546688 ], [ -2.2216726, 53.35481 ], [ -2.2215322, 53.3549761 ], [ -2.2214598, 53.3550321 ], [ -2.2213926, 53.3550737 ], [ -2.2213207, 53.3551103 ], [ -2.2210679, 53.3552355 ], [ -2.2208496, 53.3553383 ], [ -2.2204756, 53.3555054 ] ] } },
{ "type": "Feature", "properties": { "id": 36763, "nach": 0.44354989074523371 }, "geometry": { "type": "LineString", "coordinates": [ [ -2.2222707, 53.3539944 ], [ -2.2219835, 53.3539836 ], [ -2.2219346, 53.3539787 ], [ -2.2218834, 53.353955 ], [ -2.2215955, 53.3536548 ] ] } },
{ "type": "Feature", "properties": { "id": 139783, "nach": 0.34053803285280398 }, "geometry": { "type": "LineString", "coordinates": [ [ -2.2196052, 53.3558623 ], [ -2.2195424, 53.3558888 ], [ -2.2194967, 53.3559302 ], [ -2.2194611, 53.3559703 ], [ -2.2194434, 53.3560061 ] ] } },
{ "type": "Feature", "properties": { "id": 157368, "nach": 0.53138499686901586 }, "geometry": { "type": "LineString", "coordinates": [ [ -2.2195657, 53.3558255 ], [ -2.2196052, 53.3558623 ] ] } },
{ "type": "Feature", "properties": { "id": 36762, "nach": 0.50700694385616796 }, "geometry": { "type": "LineString", "coordinates": [ [ -2.2222707, 53.3539944 ], [ -2.2222951, 53.3539739 ], [ -2.2226829, 53.3537374 ], [ -2.2229664, 53.35357 ] ] } },
{ "type": "Feature", "properties": { "id": 3482, "nach": 0.49745561641687214 }, "geometry": { "type": "LineString", "coordinates": [ [ -2.2167566, 53.353253200000012 ], [ -2.2163902, 53.3526147 ], [ -2.2162158, 53.3521891 ], [ -2.2160378, 53.351578 ], [ -2.2159926, 53.35139490000001 ], [ -2.216001, 53.3513043 ], [ -2.216003, 53.3512446 ], [ -2.2159915, 53.3511626 ] ] } },
{ "type": "Feature", "properties": { "id": 3488, "nach": 0.39301502884148315 }, "geometry": { "type": "LineString", "coordinates": [ [ -2.2181591, 53.350957 ], [ -2.2182322, 53.3513669 ], [ -2.218289, 53.3515364 ], [ -2.2183842, 53.3517623 ], [ -2.2185463, 53.3521559 ] ] } },
{ "type": "Feature", "properties": { "id": 3489, "nach": 0.51104579237031589 }, "geometry": { "type": "LineString", "coordinates": [ [ -2.2190339, 53.3508729 ], [ -2.2181591, 53.350957 ] ] } },
{ "type": "Feature", "properties": { "id": 36515, "nach": 0.42835656817734941 }, "geometry": { "type": "LineString", "coordinates": [ [ -2.216806, 53.3533298 ], [ -2.2167566, 53.353253200000012 ] ] } },
{ "type": "Feature", "properties": { "id": 36517, "nach": 0.51746795355207098 }, "geometry": { "type": "LineString", "coordinates": [ [ -2.2164643, 53.353318300000012 ], [ -2.2166701, 53.3532708 ], [ -2.2167566, 53.353253200000012 ] ] } },
{ "type": "Feature", "properties": { "id": 167350, "nach": 0.60139600432119278 }, "geometry": { "type": "LineString", "coordinates": [ [ -2.2162954, 53.3530479 ], [ -2.2164643, 53.353318300000012 ] ] } },
{ "type": "Feature", "properties": { "id": 153172, "nach": 0.61175212518944289 }, "geometry": { "type": "LineString", "coordinates": [ [ -2.2166651, 53.3536299 ], [ -2.2166588, 53.3536201 ], [ -2.2164643, 53.353318300000012 ] ] } },
{ "type": "Feature", "properties": { "id": 62355, "nach": 0.49217379549058443 }, "geometry": { "type": "LineString", "coordinates": [ [ -2.2194185, 53.3514744 ], [ -2.219138, 53.3510264 ], [ -2.2190339, 53.3508729 ] ] } },
{ "type": "Feature", "properties": { "id": 58680, "nach": 0.49943605175740302 }, "geometry": { "type": "LineString", "coordinates": [ [ -2.2196711, 53.350703 ], [ -2.21964, 53.3507118 ], [ -2.2190339, 53.3508729 ] ] } },
{ "type": "Feature", "properties": { "id": 62354, "nach": 0.39936581188966885 }, "geometry": { "type": "LineString", "coordinates": [ [ -2.2194185, 53.3514744 ], [ -2.2196847, 53.3519062 ] ] } },
{ "type": "Feature", "properties": { "id": 58678, "nach": 0.40406848644964516 }, "geometry": { "type": "LineString", "coordinates": [ [ -2.2196711, 53.350703 ], [ -2.2200167, 53.3509558 ] ] } },
{ "type": "Feature", "properties": { "id": 58682, "nach": 0.49578359670842265 }, "geometry": { "type": "LineString", "coordinates": [ [ -2.219534, 53.350400100000016 ], [ -2.2196574, 53.3506862 ], [ -2.2196711, 53.350703 ] ] } },
{ "type": "Feature", "properties": { "id": 3493, "nach": 0.58107695596773201 }, "geometry": { "type": "LineString", "coordinates": [ [ -2.2036332, 53.3479569 ], [ -2.2036144, 53.3481306 ] ] } },
{ "type": "Feature", "properties": { "id": 3494, "nach": 0.4709828704887255 }, "geometry": { "type": "LineString", "coordinates": [ [ -2.2036332, 53.3479569 ], [ -2.2035846, 53.3479911 ], [ -2.2035313, 53.348018599999989 ], [ -2.2034706, 53.348039800000024 ], [ -2.2034282, 53.3480487 ] ] } },
{ "type": "Feature", "properties": { "id": 82421, "nach": 0.59111721491499991 }, "geometry": { "type": "LineString", "coordinates": [ [ -2.2036822, 53.3478277 ], [ -2.2036819, 53.3478724 ], [ -2.2036653, 53.347916300000016 ], [ -2.2036332, 53.3479569 ] ] } },
{ "type": "Feature", "properties": { "id": 157366, "nach": 0.61783245719810309 }, "geometry": { "type": "LineString", "coordinates": [ [ -2.2036144, 53.3481306 ], [ -2.2036322, 53.3482011 ], [ -2.2036345, 53.348477 ] ] } },
{ "type": "Feature", "properties": { "id": 157365, "nach": 0.56877175157546755 }, "geometry": { "type": "LineString", "coordinates": [ [ -2.2036144, 53.3481306 ], [ -2.2034282, 53.3480487 ] ] } },
{ "type": "Feature", "properties": { "id": 157367, "nach": 0.57872484320034567 }, "geometry": { "type": "LineString", "coordinates": [ [ -2.2034282, 53.3480487 ], [ -2.2033922, 53.3480529 ], [ -2.2033033, 53.3480544 ] ] } },
{ "type": "Feature", "properties": { "id": 3495, "nach": 0.4576497201407107 }, "geometry": { "type": "LineString", "coordinates": [ [ -2.2033033, 53.3480544 ], [ -2.2030659, 53.3481963 ] ] } },
{ "type": "Feature", "properties": { "id": 3496, "nach": 0.56834077855433884 }, "geometry": { "type": "LineString", "coordinates": [ [ -2.2033033, 53.3480544 ], [ -2.2032144, 53.348042 ], [ -2.2031296, 53.3480123 ], [ -2.2030721, 53.3479765 ] ] } },
{ "type": "Feature", "properties": { "id": 3515, "nach": 0.52759217921700041 }, "geometry": { "type": "LineString", "coordinates": [ [ -2.202321, 53.349099699999989 ], [ -2.2022932, 53.3487698 ], [ -2.2023649, 53.3486094 ], [ -2.2025065, 53.3484808 ], [ -2.2027136, 53.3483835 ], [ -2.2029328, 53.3482834 ], [ -2.2030659, 53.3481963 ] ] } },
{ "type": "Feature", "properties": { "id": 3512, "nach": 0.51320569877519107 }, "geometry": { "type": "LineString", "coordinates": [ [ -2.2030659, 53.3481963 ], [ -2.20306580000001, 53.3481343 ], [ -2.2030762, 53.348047400000013 ], [ -2.2030721, 53.3479765 ] ] } },
{ "type": "Feature", "properties": { "id": 157371, "nach": 0.58879643012889549 }, "geometry": { "type": "LineString", "coordinates": [ [ -2.2030721, 53.3479765 ], [ -2.2030367, 53.3479468 ], [ -2.203002, 53.3478959 ] ] } },
{ "type": "Feature", "properties": { "id": 82417, "nach": 0.51233546116492079 }, "geometry": { "type": "LineString", "coordinates": [ [ -2.2031425, 53.34767930000001 ], [ -2.203255, 53.3475652 ], [ -2.203314, 53.3474916 ] ] } },
{ "type": "Feature", "properties": { "id": 82418, "nach": 0.53024715411694545 }, "geometry": { "type": "LineString", "coordinates": [ [ -2.2031425, 53.34767930000001 ], [ -2.2032404, 53.3476514 ], [ -2.2033479, 53.3476429 ], [ -2.2034545, 53.347654799999987 ] ] } },
{ "type": "Feature", "properties": { "id": 3500, "nach": 0.40001214159134657 }, "geometry": { "type": "LineString", "coordinates": [ [ -2.2071177, 53.347768 ], [ -2.2072016, 53.3478479 ], [ -2.2072417, 53.3479425 ], [ -2.2072292, 53.3480215 ] ] } },
{ "type": "Feature", "properties": { "id": 3501, "nach": 0.3458785592939238 }, "geometry": { "type": "LineString", "coordinates": [ [ -2.2071177, 53.347768 ], [ -2.2071228, 53.3477985 ], [ -2.2071101, 53.3478282 ], [ -2.2070812, 53.3478535 ], [ -2.2070395, 53.34787140000001 ], [ -2.2069901, 53.3478797 ] ] } },
{ "type": "Feature", "properties": { "id": 157377, "nach": 0.39877114267387348 }, "geometry": { "type": "LineString", "coordinates": [ [ -2.2069311, 53.3477076 ], [ -2.2069778, 53.347703599999988 ], [ -2.2070242, 53.3477085 ], [ -2.2070656, 53.347722 ], [ -2.2070979, 53.34774250000001 ], [ -2.2071177, 53.347768 ] ] } },
{ "type": "Feature", "properties": { "id": 168112, "nach": 0.6120931654892473 }, "geometry": { "type": "LineString", "coordinates": [ [ -2.2072372, 53.3487031 ], [ -2.2072289, 53.3483893 ], [ -2.2072292, 53.3480215 ] ] } },
{ "type": "Feature", "properties": { "id": 56768, "nach": 0.61077770286484023 }, "geometry": { "type": "LineString", "coordinates": [ [ -2.2072292, 53.3480215 ], [ -2.2071549, 53.3479546 ], [ -2.2070837, 53.3479185 ], [ -2.2069901, 53.3478797 ] ] } },
{ "type": "Feature", "properties": { "id": 157374, "nach": 0.61262851249191297 }, "geometry": { "type": "LineString", "coordinates": [ [ -2.2069901, 53.3478797 ], [ -2.2069389, 53.34787750000001 ], [ -2.2068921, 53.3478649 ] ] } },
{ "type": "Feature", "properties": { "id": 3502, "nach": 0.61347492757036559 }, "geometry": { "type": "LineString", "coordinates": [ [ -2.2074428, 53.3493336 ], [ -2.2074852, 53.3493485 ] ] } },
{ "type": "Feature", "properties": { "id": 157379, "nach": 0.51618380170699807 }, "geometry": { "type": "LineString", "coordinates": [ [ -2.20723430000001, 53.349419800000014 ], [ -2.2072418, 53.3493906 ], [ -2.2072646, 53.3493643 ], [ -2.2073003, 53.349343700000013 ], [ -2.2073451, 53.349331 ], [ -2.2073943, 53.349327600000017 ], [ -2.2074428, 53.3493336 ] ] } },
{ "type": "Feature", "properties": { "id": 157390, "nach": 0.59866961394166496 }, "geometry": { "type": "LineString", "coordinates": [ [ -2.2072528, 53.3491604 ], [ -2.2073166, 53.3492332 ], [ -2.2073719, 53.3492855 ], [ -2.2074428, 53.3493336 ] ] } },
{ "type": "Feature", "properties": { "id": 157381, "nach": 0.61379987038177886 }, "geometry": { "type": "LineString", "coordinates": [ [ -2.2074852, 53.3493485 ], [ -2.2077278, 53.3493635 ] ] } },
{ "type": "Feature", "properties": { "id": 157382, "nach": 0.37107542958199136 }, "geometry": { "type": "LineString", "coordinates": [ [ -2.2074852, 53.3493485 ], [ -2.2075178, 53.34937080000001 ], [ -2.2075368, 53.3493982 ], [ -2.20754, 53.3494278 ], [ -2.2075272, 53.3494565 ], [ -2.2074998, 53.3494812 ] ] } },
{ "type": "Feature", "properties": { "id": 3503, "nach": 0.3517381364955573 }, "geometry": { "type": "LineString", "coordinates": [ [ -2.2074891, 53.3494874 ], [ -2.2074041, 53.3496306 ], [ -2.2073245, 53.3496845 ] ] } },
{ "type": "Feature", "properties": { "id": 3504, "nach": 0.41607338374576303 }, "geometry": { "type": "LineString", "coordinates": [ [ -2.2074891, 53.3494874 ], [ -2.2074477, 53.349503 ], [ -2.2074002, 53.34951010000001 ], [ -2.2073514, 53.3495078 ], [ -2.2073062, 53.3494965 ], [ -2.2072694, 53.3494772 ] ] } },
{ "type": "Feature", "properties": { "id": 144564, "nach": 0.54454910419903146 }, "geometry": { "type": "LineString", "coordinates": [ [ -2.2072774, 53.3497637 ], [ -2.2073245, 53.3496845 ] ] } },
{ "type": "Feature", "properties": { "id": 3555, "nach": 0.54636180512176369 }, "geometry": { "type": "LineString", "coordinates": [ [ -2.2073245, 53.3496845 ], [ -2.2073085, 53.3496331 ], [ -2.2073062, 53.3495607 ], [ -2.2072903, 53.349516 ], [ -2.2072694, 53.3494772 ] ] } },
{ "type": "Feature", "properties": { "id": 157378, "nach": 0.55853371364047777 }, "geometry": { "type": "LineString", "coordinates": [ [ -2.2072694, 53.3494772 ], [ -2.2072436, 53.3494503 ], [ -2.20723430000001, 53.349419800000014 ] ] } },
{ "type": "Feature", "properties": { "id": 3505, "nach": 0.40443460599473963 }, "geometry": { "type": "LineString", "coordinates": [ [ -2.2066564, 53.3476932 ], [ -2.2069311, 53.3477076 ] ] } },
{ "type": "Feature", "properties": { "id": 55385, "nach": 0.58338651517358797 }, "geometry": { "type": "LineString", "coordinates": [ [ -2.2057719, 53.3475613 ], [ -2.2059276, 53.3475718 ], [ -2.2062691, 53.3476059 ], [ -2.2065509, 53.3476589 ], [ -2.2066564, 53.3476932 ] ] } },
{ "type": "Feature", "properties": { "id": 157376, "nach": 0.57779870492399088 }, "geometry": { "type": "LineString", "coordinates": [ [ -2.2068355, 53.3478208 ], [ -2.2067626, 53.3477582 ], [ -2.2066564, 53.3476932 ] ] } },
{ "type": "Feature", "properties": { "id": 157375, "nach": 0.34052346969289915 }, "geometry": { "type": "LineString", "coordinates": [ [ -2.2068355, 53.3478208 ], [ -2.2068274, 53.347793 ], [ -2.2068343, 53.347765200000012 ], [ -2.2068555, 53.3477401 ], [ -2.2068889, 53.347720200000012 ], [ -2.2069311, 53.3477076 ] ] } },
{ "type": "Feature", "properties": { "id": 55382, "nach": 0.58854438632862394 }, "geometry": { "type": "LineString", "coordinates": [ [ -2.2057719, 53.3475613 ], [ -2.2051751, 53.3475401 ] ] } },
{ "type": "Feature", "properties": { "id": 84245, "nach": 0.56308819145419264 }, "geometry": { "type": "LineString", "coordinates": [ [ -2.2057647, 53.347601 ], [ -2.2057719, 53.3475613 ] ] } },
{ "type": "Feature", "properties": { "id": 145050, "nach": 0.57511847716209885 }, "geometry": { "type": "LineString", "coordinates": [ [ -2.2058205, 53.34743 ], [ -2.2057719, 53.3475613 ] ] } },
{ "type": "Feature", "properties": { "id": 3507, "nach": 0.57691816763048287 }, "geometry": { "type": "LineString", "coordinates": [ [ -2.2068921, 53.3478649 ], [ -2.2067526, 53.347951 ], [ -2.2067196, 53.3480561 ], [ -2.2067196, 53.348309 ] ] } },
{ "type": "Feature", "properties": { "id": 3508, "nach": 0.58027459550864946 }, "geometry": { "type": "LineString", "coordinates": [ [ -2.2068921, 53.3478649 ], [ -2.2068578, 53.3478456 ], [ -2.2068355, 53.3478208 ] ] } },
{ "type": "Feature", "properties": { "id": 55556, "nach": 0.5737545547011289 }, "geometry": { "type": "LineString", "coordinates": [ [ -2.2067196, 53.348309 ], [ -2.2066646, 53.3483419 ], [ -2.2065601, 53.3483616 ] ] } },
{ "type": "Feature", "properties": { "id": 82028, "nach": 0.48265895806336628 }, "geometry": { "type": "LineString", "coordinates": [ [ -2.2069577, 53.3483562 ], [ -2.2068614, 53.3483553 ], [ -2.2068063, 53.3483489 ], [ -2.2067196, 53.348309 ] ] } },
{ "type": "Feature", "properties": { "id": 56946, "nach": 0.59448463944008922 }, "geometry": { "type": "LineString", "coordinates": [ [ -2.203923, 53.3476681 ], [ -2.2042957, 53.3476006 ], [ -2.2051751, 53.3475401 ] ] } },
{ "type": "Feature", "properties": { "id": 81936, "nach": 0.44950996237101526 }, "geometry": { "type": "LineString", "coordinates": [ [ -2.2051802, 53.3477661 ], [ -2.2051751, 53.3475401 ] ] } },
{ "type": "Feature", "properties": { "id": 56945, "nach": 0.53497051755629665 }, "geometry": { "type": "LineString", "coordinates": [ [ -2.203923, 53.3476681 ], [ -2.2037646, 53.347752 ] ] } },
{ "type": "Feature", "properties": { "id": 82412, "nach": 0.56506393571276681 }, "geometry": { "type": "LineString", "coordinates": [ [ -2.2037081, 53.3476919 ], [ -2.203923, 53.3476681 ] ] } },
{ "type": "Feature", "properties": { "id": 3517, "nach": 0.52173250241118529 }, "geometry": { "type": "LineString", "coordinates": [ [ -2.2023684, 53.349796 ], [ -2.202321, 53.349099699999989 ] ] } },
{ "type": "Feature", "properties": { "id": 3514, "nach": 0.42713698244389658 }, "geometry": { "type": "LineString", "coordinates": [ [ -2.202321, 53.349099699999989 ], [ -2.2027381, 53.3490941 ] ] } },
{ "type": "Feature", "properties": { "id": 38216, "nach": 0.53567082205286909 }, "geometry": { "type": "LineString", "coordinates": [ [ -2.2023986, 53.3507309 ], [ -2.2023684, 53.349796 ] ] } },
{ "type": "Feature", "properties": { "id": 160934, "nach": 0.44416596469899189 }, "geometry": { "type": "LineString", "coordinates": [ [ -2.2030789, 53.349786 ], [ -2.203019, 53.3497935 ], [ -2.2023684, 53.349796 ] ] } },
{ "type": "Feature", "properties": { "id": 38221, "nach": 0.38379180282611414 }, "geometry": { "type": "LineString", "coordinates": [ [ -2.2027381, 53.3490941 ], [ -2.2027414, 53.3492977 ] ] } },
{ "type": "Feature", "properties": { "id": 38222, "nach": 0.39961495362041616 }, "geometry": { "type": "LineString", "coordinates": [ [ -2.2027381, 53.3490941 ], [ -2.2030321, 53.3490931 ], [ -2.2031, 53.3490987 ], [ -2.20317, 53.3491166 ], [ -2.2032342, 53.3491444 ] ] } },
{ "type": "Feature", "properties": { "id": 3527, "nach": 0.50026082150035089 }, "geometry": { "type": "LineString", "coordinates": [ [ -2.2023395, 53.3509006 ], [ -2.2023986, 53.3507309 ] ] } },
{ "type": "Feature", "properties": { "id": 38217, "nach": 0.4893519168901781 }, "geometry": { "type": "LineString", "coordinates": [ [ -2.2023986, 53.3507309 ], [ -2.2025835, 53.3508646 ] ] } },
{ "type": "Feature", "properties": { "id": 3518, "nach": 0.56073029525867635 }, "geometry": { "type": "LineString", "coordinates": [ [ -2.2023183, 53.350915200000017 ], [ -2.2023395, 53.3509006 ] ] } },
{ "type": "Feature", "properties": { "id": 82431, "nach": 0.44622036032018259 }, "geometry": { "type": "LineString", "coordinates": [ [ -2.2023202, 53.3511116 ], [ -2.2022755, 53.3510658 ], [ -2.2022596, 53.351013599999987 ], [ -2.2022745, 53.3509613 ], [ -2.2023183, 53.350915200000017 ] ] } },
{ "type": "Feature", "properties": { "id": 156091, "nach": 0.54641062700437071 }, "geometry": { "type": "LineString", "coordinates": [ [ -2.2019492, 53.3510077 ], [ -2.2020576, 53.3509867 ], [ -2.2021735, 53.3509638 ], [ -2.2023183, 53.350915200000017 ] ] } },
{ "type": "Feature", "properties": { "id": 3528, "nach": 0.53603526296969439 }, "geometry": { "type": "LineString", "coordinates": [ [ -2.2023395, 53.3509006 ], [ -2.202389, 53.3508783 ], [ -2.2024558, 53.3508624 ], [ -2.2025225, 53.3508593 ], [ -2.2025835, 53.3508646 ] ] } },
{ "type": "Feature", "properties": { "id": 3519, "nach": 0.53922311217256891 }, "geometry": { "type": "LineString", "coordinates": [ [ -2.202472, 53.3511637 ], [ -2.2023509, 53.351241 ], [ -2.2022291, 53.3513361 ], [ -2.2021345, 53.3514577 ], [ -2.2020165, 53.351704899999987 ], [ -2.201835, 53.3521849 ] ] } },
{ "type": "Feature", "properties": { "id": 3520, "nach": 0.51261554184706393 }, "geometry": { "type": "LineString", "coordinates": [ [ -2.202472, 53.3511637 ], [ -2.2023885, 53.3511456 ], [ -2.2023202, 53.3511116 ] ] } },
{ "type": "Feature", "properties": { "id": 99284, "nach": 0.55800734154741538 }, "geometry": { "type": "LineString", "coordinates": [ [ -2.202545, 53.3511651 ], [ -2.202472, 53.3511637 ] ] } },
{ "type": "Feature", "properties": { "id": 82430, "nach": 0.47820797212498761 }, "geometry": { "type": "LineString", "coordinates": [ [ -2.2023202, 53.3511116 ], [ -2.2021108, 53.3510543 ], [ -2.2020247, 53.35102830000001 ], [ -2.2019492, 53.3510077 ] ] } },
{ "type": "Feature", "properties": { "id": 3521, "nach": 0.58616911330403709 }, "geometry": { "type": "LineString", "coordinates": [ [ -2.2027723, 53.3510011 ], [ -2.2027735, 53.3510142 ], [ -2.202768, 53.351044399999978 ] ] } },
{ "type": "Feature", "properties": { "id": 82425, "nach": 0.47563438696901855 }, "geometry": { "type": "LineString", "coordinates": [ [ -2.2026408, 53.350878400000013 ], [ -2.2026908, 53.3509 ], [ -2.2027357, 53.3509325 ], [ -2.2027616, 53.3509676 ], [ -2.2027723, 53.3510011 ] ] } },
{ "type": "Feature", "properties": { "id": 157372, "nach": 0.57796556825949175 }, "geometry": { "type": "LineString", "coordinates": [ [ -2.2029036, 53.3508637 ], [ -2.2027723, 53.3510011 ] ] } },
{ "type": "Feature", "properties": { "id": 82428, "nach": 0.52997199729103461 }, "geometry": { "type": "LineString", "coordinates": [ [ -2.202768, 53.351044399999978 ], [ -2.2027526, 53.3510733 ], [ -2.202728, 53.3510999 ], [ -2.2026783, 53.3511319 ], [ -2.2026156, 53.3511542 ], [ -2.202545, 53.3511651 ] ] } },
{ "type": "Feature", "properties": { "id": 82429, "nach": 0.55023671095702742 }, "geometry": { "type": "LineString", "coordinates": [ [ -2.202768, 53.351044399999978 ], [ -2.2028577, 53.351146300000011 ], [ -2.2028947, 53.351194 ] ] } },
{ "type": "Feature", "properties": { "id": 3522, "nach": 0.3177110793930869 }, "geometry": { "type": "LineString", "coordinates": [ [ -2.2011554, 53.3509073 ], [ -2.2011758, 53.350949100000015 ], [ -2.2011742, 53.3509926 ], [ -2.2011506, 53.3510338 ], [ -2.2011074, 53.3510689 ] ] } },
{ "type": "Feature", "properties": { "id": 3523, "nach": 0.4368788543774963 }, "geometry": { "type": "LineString", "coordinates": [ [ -2.2011554, 53.3509073 ], [ -2.2013381, 53.350961500000011 ], [ -2.2014543, 53.3509939 ] ] } },
{ "type": "Feature", "properties": { "id": 3525, "nach": 0.40668272463175087 }, "geometry": { "type": "LineString", "coordinates": [ [ -2.2008565, 53.3508337 ], [ -2.2009258, 53.35082520000001 ], [ -2.2009963, 53.3508292 ], [ -2.2010617, 53.35084530000001 ], [ -2.2011163, 53.3508721 ], [ -2.2011554, 53.3509073 ] ] } },
{ "type": "Feature", "properties": { "id": 82420, "nach": 0.41419208821831105 }, "geometry": { "type": "LineString", "coordinates": [ [ -2.2011074, 53.3510689 ], [ -2.2010484, 53.351094500000016 ], [ -2.2009793, 53.3511083 ], [ -2.2009063, 53.3511091 ] ] } },
{ "type": "Feature", "properties": { "id": 156090, "nach": 0.43905274868191491 }, "geometry": { "type": "LineString", "coordinates": [ [ -2.2014543, 53.3509939 ], [ -2.2013282, 53.351015 ], [ -2.2012227, 53.3510362 ], [ -2.2011074, 53.3510689 ] ] } },
{ "type": "Feature", "properties": { "id": 156089, "nach": 0.61404051773835633 }, "geometry": { "type": "LineString", "coordinates": [ [ -2.2014543, 53.3509939 ], [ -2.201663087213842, 53.350999700957665 ] ] } },
{ "type": "Feature", "properties": { "id": 3524, "nach": 0.32849747405049012 }, "geometry": { "type": "LineString", "coordinates": [ [ -2.2009063, 53.3511091 ], [ -2.2008309, 53.3510951 ], [ -2.2007673, 53.351067200000017 ], [ -2.2007224, 53.3510284 ], [ -2.2007011, 53.350983 ], [ -2.2007057, 53.350936 ], [ -2.2007357, 53.3508924 ], [ -2.2007879, 53.350857 ], [ -2.2008565, 53.3508337 ] ] } },
{ "type": "Feature", "properties": { "id": 82419, "nach": 0.56266845454987402 }, "geometry": { "type": "LineString", "coordinates": [ [ -2.2025835, 53.3508646 ], [ -2.2026408, 53.350878400000013 ] ] } },
{ "type": "Feature", "properties": { "id": 56773, "nach": 0.61424914244617546 }, "geometry": { "type": "LineString", "coordinates": [ [ -2.205258, 53.3511109 ], [ -2.2053419, 53.3509132 ] ] } },
{ "type": "Feature", "properties": { "id": 56766, "nach": 0.61393672116860631 }, "geometry": { "type": "LineString", "coordinates": [ [ -2.2054324, 53.350853 ], [ -2.2054361, 53.3508719 ], [ -2.2053419, 53.3509132 ] ] } },
{ "type": "Feature", "properties": { "id": 159917, "nach": 0.54386793388054266 }, "geometry": { "type": "LineString", "coordinates": [ [ -2.2040813, 53.351295 ], [ -2.2040757, 53.3509956 ], [ -2.2049743, 53.3509852 ], [ -2.2049729, 53.3509524 ], [ -2.2053419, 53.3509132 ] ] } },
{ "type": "Feature", "properties": { "id": 56775, "nach": 0.42500945334590207 }, "geometry": { "type": "LineString", "coordinates": [ [ -2.205029, 53.3510885 ], [ -2.205258, 53.3511109 ] ] } },
{ "type": "Feature", "properties": { "id": 140721, "nach": 0.61143668228644299 }, "geometry": { "type": "LineString", "coordinates": [ [ -2.205127, 53.3517132 ], [ -2.2051712, 53.351440599999982 ], [ -2.2052058, 53.351266699999989 ], [ -2.205258, 53.3511109 ] ] } },
{ "type": "Feature", "properties": { "id": 56764, "nach": 0.58652662088835339 }, "geometry": { "type": "LineString", "coordinates": [ [ -2.2054324, 53.350853 ], [ -2.2073637, 53.3508259 ], [ -2.2073612, 53.3507866 ] ] } },
{ "type": "Feature", "properties": { "id": 155040, "nach": 0.61632167097698609 }, "geometry": { "type": "LineString", "coordinates": [ [ -2.2051628, 53.3507621 ], [ -2.2052627, 53.3507916 ], [ -2.2052715, 53.3508218 ], [ -2.2052799, 53.350827 ], [ -2.2053846, 53.350843600000012 ], [ -2.2054324, 53.350853 ] ] } },
{ "type": "Feature", "properties": { "id": 159915, "nach": 0.52872972763774695 }, "geometry": { "type": "LineString", "coordinates": [ [ -2.2040813, 53.351295 ], [ -2.2040211, 53.3512955 ] ] } },
{ "type": "Feature", "properties": { "id": 159920, "nach": 0.45409457068614595 }, "geometry": { "type": "LineString", "coordinates": [ [ -2.2040826, 53.3513498 ], [ -2.2040813, 53.351295 ] ] } },
{ "type": "Feature", "properties": { "id": 126618, "nach": 0.6120723858092475 }, "geometry": { "type": "LineString", "coordinates": [ [ -2.2059057, 53.3524284 ], [ -2.2051842, 53.3525461 ] ] } },
{ "type": "Feature", "properties": { "id": 56790, "nach": 0.60230876190255078 }, "geometry": { "type": "LineString", "coordinates": [ [ -2.2055572, 53.353419100000011 ], [ -2.2054876, 53.3533024 ], [ -2.2053366, 53.3530131 ], [ -2.2052493, 53.3527777 ], [ -2.2051842, 53.3525461 ] ] } },
{ "type": "Feature", "properties": { "id": 140720, "nach": 0.6104336551766022 }, "geometry": { "type": "LineString", "coordinates": [ [ -2.205127, 53.3517132 ], [ -2.205114, 53.3517935 ], [ -2.2051134, 53.3521674 ], [ -2.2051842, 53.3525461 ] ] } },
{ "type": "Feature", "properties": { "id": 126619, "nach": 0.59888809672328558 }, "geometry": { "type": "LineString", "coordinates": [ [ -2.2059057, 53.3524284 ], [ -2.2063597, 53.3523543 ] ] } },
{ "type": "Feature", "properties": { "id": 126624, "nach": 0.53075133590304113 }, "geometry": { "type": "LineString", "coordinates": [ [ -2.2061356, 53.352075 ], [ -2.2058642, 53.3520865 ], [ -2.2058923, 53.352318 ], [ -2.2059057, 53.3524284 ] ] } },
{ "type": "Feature", "properties": { "id": 56789, "nach": 0.60271894907080759 }, "geometry": { "type": "LineString", "coordinates": [ [ -2.2055572, 53.353419100000011 ], [ -2.2056067, 53.353501799999989 ], [ -2.2056934, 53.3536508 ] ] } },
{ "type": "Feature", "properties": { "id": 56791, "nach": 0.54831441504488765 }, "geometry": { "type": "LineString", "coordinates": [ [ -2.2055572, 53.353419100000011 ], [ -2.2056171, 53.35339840000001 ], [ -2.205635, 53.3533877 ], [ -2.2056275, 53.3533591 ], [ -2.2056275, 53.3532869 ], [ -2.205647, 53.3532468 ], [ -2.2057201, 53.353204 ], [ -2.2058111, 53.3531623 ], [ -2.2063292, 53.3529979 ], [ -2.2064809, 53.352952 ], [ -2.2067493, 53.3529283 ], [ -2.206964, 53.3529046 ], [ -2.2074495, 53.352821 ], [ -2.2075732, 53.35280010000001 ], [ -2.2077762, 53.352780600000017 ], [ -2.2079699, 53.3527555 ], [ -2.2081706, 53.3527242 ] ] } },
{ "type": "Feature", "properties": { "id": 158497, "nach": 0.58001839535761734 }, "geometry": { "type": "LineString", "coordinates": [ [ -2.2055572, 53.353419100000011 ], [ -2.201137828255845, 53.353490659955895 ] ] } },
{ "type": "Feature", "properties": { "id": 140722, "nach": 0.4239612551480943 }, "geometry": { "type": "LineString", "coordinates": [ [ -2.20478530000001, 53.3515578 ], [ -2.204794, 53.35171840000001 ], [ -2.205059, 53.3517143 ], [ -2.205127, 53.3517132 ] ] } },
{ "type": "Feature", "properties": { "id": 99286, "nach": 0.57354107876880489 }, "geometry": { "type": "LineString", "coordinates": [ [ -2.2063597, 53.3523543 ], [ -2.2070391, 53.3522434 ] ] } },
{ "type": "Feature", "properties": { "id": 99304, "nach": 0.5652011161685504 }, "geometry": { "type": "LineString", "coordinates": [ [ -2.207975, 53.3521072 ], [ -2.2070391, 53.3522434 ] ] } },
{ "type": "Feature", "properties": { "id": 159254, "nach": 0.46695965226528274 }, "geometry": { "type": "LineString", "coordinates": [ [ -2.2069898, 53.351858099999987 ], [ -2.2070391, 53.3522434 ] ] } },
{ "type": "Feature", "properties": { "id": 99288, "nach": 0.55886832662212937 }, "geometry": { "type": "LineString", "coordinates": [ [ -2.20646950000001, 53.3525961 ], [ -2.2063597, 53.3523543 ] ] } },
{ "type": "Feature", "properties": { "id": 99306, "nach": 0.55216778768177888 }, "geometry": { "type": "LineString", "coordinates": [ [ -2.207975, 53.3521072 ], [ -2.2083723, 53.3520494 ], [ -2.208627, 53.3519901 ] ] } },
{ "type": "Feature", "properties": { "id": 99307, "nach": 0.51976241621328023 }, "geometry": { "type": "LineString", "coordinates": [ [ -2.2079444, 53.3517685 ], [ -2.207975, 53.3521072 ] ] } },
{ "type": "Feature", "properties": { "id": 159253, "nach": 0.40359894200220714 }, "geometry": { "type": "LineString", "coordinates": [ [ -2.2069898, 53.351858099999987 ], [ -2.2069618, 53.3516391 ] ] } },
{ "type": "Feature", "properties": { "id": 159256, "nach": 0.38236882896465668 }, "geometry": { "type": "LineString", "coordinates": [ [ -2.2072244, 53.350887 ], [ -2.207337, 53.3518474 ], [ -2.2069898, 53.351858099999987 ] ] } },
{ "type": "Feature", "properties": { "id": 111383, "nach": 0.56565583260231955 }, "geometry": { "type": "LineString", "coordinates": [ [ -2.20939050000001, 53.3504793 ], [ -2.2097438, 53.3503571 ], [ -2.2099275, 53.350252500000011 ] ] } },
{ "type": "Feature", "properties": { "id": 3541, "nach": 0.59815703654469632 }, "geometry": { "type": "LineString", "coordinates": [ [ -2.2100827, 53.3498047 ], [ -2.2100678, 53.3500134 ], [ -2.2100116, 53.3501356 ], [ -2.2099275, 53.350252500000011 ] ] } },
{ "type": "Feature", "properties": { "id": 112937, "nach": 0.5647495252486775 }, "geometry": { "type": "LineString", "coordinates": [ [ -2.2101111, 53.350374 ], [ -2.209943, 53.350287800000011 ], [ -2.2099275, 53.350252500000011 ] ] } },
{ "type": "Feature", "properties": { "id": 117484, "nach": 0.54901732228341826 }, "geometry": { "type": "LineString", "coordinates": [ [ -2.20878420000001, 53.351036500000014 ], [ -2.2087775, 53.3509115 ], [ -2.2088365, 53.3507981 ], [ -2.208907, 53.350712299999984 ], [ -2.2090726, 53.3505831 ], [ -2.2092333, 53.3505227 ], [ -2.20939050000001, 53.3504793 ] ] } },
{ "type": "Feature", "properties": { "id": 166382, "nach": 0.47809011877332058 }, "geometry": { "type": "LineString", "coordinates": [ [ -2.2093576, 53.3503979 ], [ -2.2093573, 53.350431 ], [ -2.20939050000001, 53.3504793 ] ] } },
{ "type": "Feature", "properties": { "id": 3544, "nach": 0.61819686643446814 }, "geometry": { "type": "LineString", "coordinates": [ [ -2.2099048, 53.3495031 ], [ -2.2100453, 53.349679099999989 ], [ -2.2100827, 53.3498047 ] ] } },
{ "type": "Feature", "properties": { "id": 112962, "nach": 0.52916975251852738 }, "geometry": { "type": "LineString", "coordinates": [ [ -2.2104142, 53.3498095 ], [ -2.2102479, 53.3498166 ], [ -2.2100827, 53.3498047 ] ] } },
{ "type": "Feature", "properties": { "id": 112941, "nach": 0.51582165055619944 }, "geometry": { "type": "LineString", "coordinates": [ [ -2.2103451, 53.3504604 ], [ -2.2102241, 53.3504157 ], [ -2.2101111, 53.350374 ] ] } },
{ "type": "Feature", "properties": { "id": 112948, "nach": 0.51597898707816259 }, "geometry": { "type": "LineString", "coordinates": [ [ -2.2100786, 53.35055710000001 ], [ -2.2100836, 53.3505056 ], [ -2.2101111, 53.350374 ] ] } },
{ "type": "Feature", "properties": { "id": 3545, "nach": 0.56153827552691715 }, "geometry": { "type": "LineString", "coordinates": [ [ -2.2099048, 53.3495031 ], [ -2.2098134, 53.3494746 ], [ -2.2096018, 53.3494228 ] ] } },
{ "type": "Feature", "properties": { "id": 82415, "nach": 0.59104915261990398 }, "geometry": { "type": "LineString", "coordinates": [ [ -2.2097563, 53.3493273 ], [ -2.2098821, 53.3494402 ], [ -2.2099048, 53.3495031 ] ] } },
{ "type": "Feature", "properties": { "id": 112961, "nach": 0.51352631709637386 }, "geometry": { "type": "LineString", "coordinates": [ [ -2.2104142, 53.3498095 ], [ -2.2103835, 53.349534 ], [ -2.210607, 53.3495217 ], [ -2.2106641, 53.3497979 ] ] } },
{ "type": "Feature", "properties": { "id": 82416, "nach": 0.47221953197130845 }, "geometry": { "type": "LineString", "coordinates": [ [ -2.2097563, 53.3493273 ], [ -2.2097508, 53.3493568 ], [ -2.2097297, 53.3493836 ], [ -2.2096952, 53.349405 ], [ -2.209651, 53.3494185 ], [ -2.2096018, 53.3494228 ] ] } },
{ "type": "Feature", "properties": { "id": 157391, "nach": 0.57470268522832801 }, "geometry": { "type": "LineString", "coordinates": [ [ -2.2096018, 53.3494228 ], [ -2.209553, 53.3494173 ] ] } },
{ "type": "Feature", "properties": { "id": 3546, "nach": 0.57246018360990258 }, "geometry": { "type": "LineString", "coordinates": [ [ -2.209553, 53.3494173 ], [ -2.2093122, 53.3493877 ], [ -2.2092315, 53.3493718 ] ] } },
{ "type": "Feature", "properties": { "id": 3547, "nach": 0.36233000890977485 }, "geometry": { "type": "LineString", "coordinates": [ [ -2.209553, 53.3494173 ], [ -2.2095151, 53.349405199999985 ], [ -2.2094844, 53.349387299999989 ], [ -2.2094634, 53.349364900000012 ], [ -2.2094538, 53.34934 ], [ -2.2094562, 53.3493144 ], [ -2.2094706, 53.3492902 ], [ -2.2094957, 53.3492694 ] ] } },
{ "type": "Feature", "properties": { "id": 156092, "nach": 0.63426691812099301 }, "geometry": { "type": "LineString", "coordinates": [ [ -2.2092315, 53.3493718 ], [ -2.2091397, 53.3493755 ], [ -2.2077814, 53.3493811 ] ] } },
{ "type": "Feature", "properties": { "id": 156093, "nach": 0.6055427852423596 }, "geometry": { "type": "LineString", "coordinates": [ [ -2.2092315, 53.3493718 ], [ -2.2092889, 53.349335800000013 ], [ -2.2094957, 53.3492694 ] ] } },
{ "type": "Feature", "properties": { "id": 3548, "nach": 0.60663724655281126 }, "geometry": { "type": "LineString", "coordinates": [ [ -2.2094957, 53.3492694 ], [ -2.2095343, 53.3492521 ], [ -2.2095566, 53.3492465 ] ] } },
{ "type": "Feature", "properties": { "id": 157392, "nach": 0.61289078501715377 }, "geometry": { "type": "LineString", "coordinates": [ [ -2.2095566, 53.3492465 ], [ -2.2096622, 53.349184100000016 ] ] } },
{ "type": "Feature", "properties": { "id": 157393, "nach": 0.46578778801001497 }, "geometry": { "type": "LineString", "coordinates": [ [ -2.2095566, 53.3492465 ], [ -2.209599, 53.3492418 ], [ -2.2096419, 53.3492445 ], [ -2.2096818, 53.3492543 ], [ -2.2097155, 53.3492703 ], [ -2.2097402, 53.3492914 ], [ -2.209754, 53.3493158 ] ] } },
{ "type": "Feature", "properties": { "id": 166371, "nach": 0.64480929049768954 }, "geometry": { "type": "LineString", "coordinates": [ [ -2.2103006, 53.34888260000001 ], [ -2.2099975, 53.349017 ], [ -2.2098776, 53.3490859 ], [ -2.2098054, 53.3491324 ] ] } },
{ "type": "Feature", "properties": { "id": 3550, "nach": 0.59250657780683813 }, "geometry": { "type": "LineString", "coordinates": [ [ -2.2098054, 53.3491324 ], [ -2.2098038, 53.349174 ], [ -2.209754, 53.3493158 ] ] } },
{ "type": "Feature", "properties": { "id": 173151, "nach": 0.61023970866302923 }, "geometry": { "type": "LineString", "coordinates": [ [ -2.2096622, 53.349184100000016 ], [ -2.2097224, 53.3491485 ], [ -2.2098054, 53.3491324 ] ] } },
{ "type": "Feature", "properties": { "id": 166369, "nach": 0.64434696430534411 }, "geometry": { "type": "LineString", "coordinates": [ [ -2.2103006, 53.34888260000001 ], [ -2.2105604, 53.3487674 ] ] } },
{ "type": "Feature", "properties": { "id": 166375, "nach": 0.52343099237459301 }, "geometry": { "type": "LineString", "coordinates": [ [ -2.2107786, 53.3490537 ], [ -2.2103006, 53.34888260000001 ] ] } },
{ "type": "Feature", "properties": { "id": 157394, "nach": 0.59994829373414171 }, "geometry": { "type": "LineString", "coordinates": [ [ -2.209754, 53.3493158 ], [ -2.2097563, 53.3493273 ] ] } },
{ "type": "Feature", "properties": { "id": 129049, "nach": 0.62525685709568968 }, "geometry": { "type": "LineString", "coordinates": [ [ -2.2108838, 53.348524500000018 ], [ -2.21082940000001, 53.3485773 ], [ -2.2107536, 53.3486439 ], [ -2.210659, 53.3487105 ], [ -2.2105604, 53.3487674 ] ] } },
{ "type": "Feature", "properties": { "id": 5247, "nach": 0.64726204361846285 }, "geometry": { "type": "LineString", "coordinates": [ [ -2.213243, 53.3488534 ], [ -2.213162, 53.3488888 ], [ -2.212778, 53.3489327 ], [ -2.2121565, 53.3490349 ], [ -2.2119498, 53.3490466 ], [ -2.2118222, 53.3490527 ], [ -2.2115872, 53.3490463 ], [ -2.2114758, 53.34904430000001 ], [ -2.2113829, 53.349035 ], [ -2.2113393, 53.349020300000014 ], [ -2.2113146, 53.3489962 ], [ -2.211308, 53.3489763 ], [ -2.2112972, 53.3489684 ], [ -2.2109023, 53.3488914 ], [ -2.2107403, 53.3488328 ], [ -2.2106192, 53.3488107 ], [ -2.2105604, 53.3487674 ] ] } },
{ "type": "Feature", "properties": { "id": 129048, "nach": 0.59720331798907123 }, "geometry": { "type": "LineString", "coordinates": [ [ -2.2108838, 53.348524500000018 ], [ -2.2109255, 53.34843750000001 ] ] } },
{ "type": "Feature", "properties": { "id": 129053, "nach": 0.55823501423230382 }, "geometry": { "type": "LineString", "coordinates": [ [ -2.2117384, 53.3486921 ], [ -2.2110489, 53.3485624 ], [ -2.2108838, 53.348524500000018 ] ] } },
{ "type": "Feature", "properties": { "id": 5246, "nach": 0.46872902674978112 }, "geometry": { "type": "LineString", "coordinates": [ [ -2.213243, 53.3488534 ], [ -2.2130143, 53.3488525 ] ] } },
{ "type": "Feature", "properties": { "id": 36615, "nach": 0.64934541896839659 }, "geometry": { "type": "LineString", "coordinates": [ [ -2.2133615, 53.348858600000014 ], [ -2.213243, 53.3488534 ] ] } },
{ "type": "Feature", "properties": { "id": 166547, "nach": 0.53688608785860525 }, "geometry": { "type": "LineString", "coordinates": [ [ -2.2072233, 53.3499735 ], [ -2.2072345, 53.349884199999984 ], [ -2.2072774, 53.3497637 ] ] } },
{ "type": "Feature", "properties": { "id": 166550, "nach": 0.42294933517549615 }, "geometry": { "type": "LineString", "coordinates": [ [ -2.2068503, 53.3494243 ], [ -2.2068533, 53.3497608 ], [ -2.2070743, 53.3497625 ], [ -2.2072774, 53.3497637 ] ] } },
{ "type": "Feature", "properties": { "id": 162385, "nach": 0.56881591252134989 }, "geometry": { "type": "LineString", "coordinates": [ [ -2.2055341, 53.3548399 ], [ -2.2056585, 53.35429580000001 ] ] } },
{ "type": "Feature", "properties": { "id": 109718, "nach": 0.59229457365526383 }, "geometry": { "type": "LineString", "coordinates": [ [ -2.2056943, 53.3541599 ], [ -2.2056585, 53.35429580000001 ] ] } },
{ "type": "Feature", "properties": { "id": 162387, "nach": 0.51355416201637205 }, "geometry": { "type": "LineString", "coordinates": [ [ -2.2053197, 53.3542476 ], [ -2.2056585, 53.35429580000001 ] ] } },
{ "type": "Feature", "properties": { "id": 162384, "nach": 0.58092591087411549 }, "geometry": { "type": "LineString", "coordinates": [ [ -2.2055341, 53.3548399 ], [ -2.2055013, 53.3549763 ] ] } },
{ "type": "Feature", "properties": { "id": 162389, "nach": 0.48079681863097046 }, "geometry": { "type": "LineString", "coordinates": [ [ -2.2053197, 53.3542476 ], [ -2.2053073, 53.3542842 ], [ -2.2053208, 53.3545371 ], [ -2.2053382, 53.3547812 ], [ -2.205369, 53.3548109 ], [ -2.205428, 53.354830899999989 ], [ -2.2055341, 53.3548399 ] ] } },
{ "type": "Feature", "properties": { "id": 109719, "nach": 0.59768114237117764 }, "geometry": { "type": "LineString", "coordinates": [ [ -2.2056943, 53.3541599 ], [ -2.2057129, 53.354078300000012 ], [ -2.205729, 53.3539964 ], [ -2.2057399, 53.353883 ], [ -2.2057296, 53.3537879 ], [ -2.2056934, 53.3536508 ] ] } },
{ "type": "Feature", "properties": { "id": 109723, "nach": 0.48271898619444442 }, "geometry": { "type": "LineString", "coordinates": [ [ -2.2060516, 53.3541938 ], [ -2.2057982, 53.354169900000016 ], [ -2.2056943, 53.3541599 ] ] } },
{ "type": "Feature", "properties": { "id": 162388, "nach": 0.5327548840996762 }, "geometry": { "type": "LineString", "coordinates": [ [ -2.2053197, 53.3542476 ], [ -2.2052843, 53.3542431 ], [ -2.2052287, 53.3542386 ], [ -2.2051508, 53.354241 ], [ -2.2043344, 53.3543585 ] ] } },
{ "type": "Feature", "properties": { "id": 81949, "nach": 0.62479692985956259 }, "geometry": { "type": "LineString", "coordinates": [ [ -2.2036602, 53.3503772 ], [ -2.2036607, 53.3502985 ] ] } },
{ "type": "Feature", "properties": { "id": 81941, "nach": 0.62323042501356252 }, "geometry": { "type": "LineString", "coordinates": [ [ -2.2036631, 53.3502195 ], [ -2.2036607, 53.3502985 ] ] } },
{ "type": "Feature", "properties": { "id": 82050, "nach": 0.39439592846969651 }, "geometry": { "type": "LineString", "coordinates": [ [ -2.205185, 53.3503007 ], [ -2.2036607, 53.3502985 ] ] } },
{ "type": "Feature", "properties": { "id": 81948, "nach": 0.62670750136567388 }, "geometry": { "type": "LineString", "coordinates": [ [ -2.2036602, 53.3503772 ], [ -2.2036607, 53.3505226 ] ] } },
{ "type": "Feature", "properties": { "id": 81950, "nach": 0.25601583891864516 }, "geometry": { "type": "LineString", "coordinates": [ [ -2.2036602, 53.3503772 ], [ -2.2051812, 53.3503918 ] ] } },
{ "type": "Feature", "properties": { "id": 82009, "nach": 0.47818875732420307 }, "geometry": { "type": "LineString", "coordinates": [ [ -2.2025778, 53.3503751 ], [ -2.2036602, 53.3503772 ] ] } },
{ "type": "Feature", "properties": { "id": 81942, "nach": 0.62448134215613682 }, "geometry": { "type": "LineString", "coordinates": [ [ -2.2036631, 53.3502195 ], [ -2.203664, 53.3500766 ] ] } },
{ "type": "Feature", "properties": { "id": 81943, "nach": 0.37185050912242795 }, "geometry": { "type": "LineString", "coordinates": [ [ -2.2036631, 53.3502195 ], [ -2.2025747, 53.3502204 ] ] } },
{ "type": "Feature", "properties": { "id": 81967, "nach": 0.20052974176629546 }, "geometry": { "type": "LineString", "coordinates": [ [ -2.2051855, 53.350227 ], [ -2.2036631, 53.3502195 ] ] } },
{ "type": "Feature", "properties": { "id": 82049, "nach": 0.46941961530209569 }, "geometry": { "type": "LineString", "coordinates": [ [ -2.205185, 53.3503007 ], [ -2.2051855, 53.350227 ] ] } },
{ "type": "Feature", "properties": { "id": 82048, "nach": 0.43968898582529475 }, "geometry": { "type": "LineString", "coordinates": [ [ -2.205185, 53.3503007 ], [ -2.2051812, 53.3503918 ] ] } },
{ "type": "Feature", "properties": { "id": 3562, "nach": 0.3667824287685883 }, "geometry": { "type": "LineString", "coordinates": [ [ -2.2036077, 53.3506582 ], [ -2.20518, 53.3506641 ] ] } },
{ "type": "Feature", "properties": { "id": 3566, "nach": 0.63036799845795943 }, "geometry": { "type": "LineString", "coordinates": [ [ -2.2035004, 53.350738900000017 ], [ -2.2035399, 53.3507146 ], [ -2.2036077, 53.3506582 ] ] } },
{ "type": "Feature", "properties": { "id": 81909, "nach": 0.62891984883067298 }, "geometry": { "type": "LineString", "coordinates": [ [ -2.2036607, 53.3505226 ], [ -2.2036557, 53.3505775 ], [ -2.2036348, 53.3506215 ], [ -2.2036077, 53.3506582 ] ] } },
{ "type": "Feature", "properties": { "id": 81982, "nach": 0.37471489868818542 }, "geometry": { "type": "LineString", "coordinates": [ [ -2.20518, 53.3506641 ], [ -2.20518, 53.3505296 ] ] } },
{ "type": "Feature", "properties": { "id": 157373, "nach": 0.60948337996714164 }, "geometry": { "type": "LineString", "coordinates": [ [ -2.2029036, 53.3508637 ], [ -2.2030744, 53.3508113 ], [ -2.2031611, 53.3507958 ], [ -2.2033045, 53.3507862 ], [ -2.2033932, 53.350773100000019 ], [ -2.2035004, 53.350738900000017 ] ] } },
{ "type": "Feature", "properties": { "id": 81894, "nach": 0.61823602518401777 }, "geometry": { "type": "LineString", "coordinates": [ [ -2.2037168, 53.3508032 ], [ -2.2036203, 53.350792 ], [ -2.2035454, 53.350768 ], [ -2.2035004, 53.350738900000017 ] ] } },
{ "type": "Feature", "properties": { "id": 81905, "nach": 0.40481449923985713 }, "geometry": { "type": "LineString", "coordinates": [ [ -2.20518, 53.3505296 ], [ -2.2036607, 53.3505226 ] ] } },
{ "type": "Feature", "properties": { "id": 82424, "nach": 0.54858561316071186 }, "geometry": { "type": "LineString", "coordinates": [ [ -2.2026408, 53.350878400000013 ], [ -2.2029036, 53.3508637 ] ] } },
{ "type": "Feature", "properties": { "id": 81961, "nach": 0.62454738519458097 }, "geometry": { "type": "LineString", "coordinates": [ [ -2.2036633, 53.3499548 ], [ -2.2036689, 53.3498122 ] ] } },
{ "type": "Feature", "properties": { "id": 159926, "nach": 0.57811141618277651 }, "geometry": { "type": "LineString", "coordinates": [ [ -2.2036646, 53.3495987 ], [ -2.2036689, 53.3498122 ] ] } },
{ "type": "Feature", "properties": { "id": 3569, "nach": 0.5705038966703837 }, "geometry": { "type": "LineString", "coordinates": [ [ -2.2036689, 53.3498122 ], [ -2.20388, 53.3498122 ] ] } },
{ "type": "Feature", "properties": { "id": 38219, "nach": 0.50785186197422161 }, "geometry": { "type": "LineString", "coordinates": [ [ -2.2032448, 53.3497171 ], [ -2.2033466, 53.3497892 ], [ -2.2034061, 53.3498017 ], [ -2.2034804, 53.3498109 ], [ -2.2036689, 53.3498122 ] ] } },
{ "type": "Feature", "properties": { "id": 81960, "nach": 0.62496535583204316 }, "geometry": { "type": "LineString", "coordinates": [ [ -2.2036633, 53.3499548 ], [ -2.203664, 53.3500766 ] ] } },
{ "type": "Feature", "properties": { "id": 81958, "nach": 0.34888050124136133 }, "geometry": { "type": "LineString", "coordinates": [ [ -2.2051593, 53.3499447 ], [ -2.2036633, 53.3499548 ] ] } },
{ "type": "Feature", "properties": { "id": 159929, "nach": 0.58028419280057186 }, "geometry": { "type": "LineString", "coordinates": [ [ -2.2036646, 53.3495987 ], [ -2.2036612, 53.3494295 ], [ -2.2036534, 53.3490467 ] ] } },
{ "type": "Feature", "properties": { "id": 159928, "nach": 0.44680154448112691 }, "geometry": { "type": "LineString", "coordinates": [ [ -2.2036646, 53.3495987 ], [ -2.2038815, 53.3495979 ] ] } },
{ "type": "Feature", "properties": { "id": 159930, "nach": 0.41518383922019303 }, "geometry": { "type": "LineString", "coordinates": [ [ -2.2032853, 53.3496038 ], [ -2.2036646, 53.3495987 ] ] } },
{ "type": "Feature", "properties": { "id": 81940, "nach": 0.56313783384172533 }, "geometry": { "type": "LineString", "coordinates": [ [ -2.20388, 53.3498122 ], [ -2.203881, 53.3496698 ] ] } },
{ "type": "Feature", "properties": { "id": 81939, "nach": 0.39426740550561362 }, "geometry": { "type": "LineString", "coordinates": [ [ -2.20388, 53.3498122 ], [ -2.2051044, 53.3497964 ] ] } },
{ "type": "Feature", "properties": { "id": 56796, "nach": 0.32617654353788528 }, "geometry": { "type": "LineString", "coordinates": [ [ -2.1949487, 53.3533308 ], [ -2.1951004, 53.3532942 ], [ -2.1954301, 53.3532333 ], [ -2.1957043, 53.3531793 ], [ -2.1960952, 53.3530783 ], [ -2.1963403, 53.3530174 ], [ -2.1964541, 53.3530017 ], [ -2.1965678, 53.3530017 ], [ -2.1969325, 53.3530365 ], [ -2.1971194, 53.353058899999986 ], [ -2.1976444, 53.3531219 ], [ -2.1984933, 53.3532124 ], [ -2.1991643, 53.3532803 ], [ -2.1996459, 53.3533178 ] ] } },
{ "type": "Feature", "properties": { "id": 167395, "nach": 0.41510425240156384 }, "geometry": { "type": "LineString", "coordinates": [ [ -2.2124939, 53.348064599999987 ], [ -2.2127501, 53.3476612 ], [ -2.2128053, 53.3474589 ], [ -2.2129532, 53.3471332 ], [ -2.2129641, 53.3470666 ] ] } },
{ "type": "Feature", "properties": { "id": 167330, "nach": 0.41810505744720006 }, "geometry": { "type": "LineString", "coordinates": [ [ -2.2105946, 53.3464599 ], [ -2.2109762, 53.346436699999984 ], [ -2.2114033, 53.3463026 ], [ -2.2111344, 53.3460081 ] ] } },
{ "type": "Feature", "properties": { "id": 167332, "nach": 0.49091166596747821 }, "geometry": { "type": "LineString", "coordinates": [ [ -2.2074631, 53.3464938 ], [ -2.2074404, 53.346461500000011 ], [ -2.2072787, 53.34620420000001 ], [ -2.2072172, 53.3461176 ] ] } },
{ "type": "Feature", "properties": { "id": 167338, "nach": 0.41334486709252749 }, "geometry": { "type": "LineString", "coordinates": [ [ -2.2068685, 53.3466026 ], [ -2.2067344, 53.346584200000017 ], [ -2.2065976, 53.3465474 ], [ -2.2064823, 53.346506499999983 ], [ -2.2063924, 53.3464545 ], [ -2.2062932, 53.346356 ], [ -2.2062147, 53.3462592 ], [ -2.206163, 53.3461885 ] ] } },
{ "type": "Feature", "properties": { "id": 145052, "nach": 0.57427851245030093 }, "geometry": { "type": "LineString", "coordinates": [ [ -2.2058205, 53.34743 ], [ -2.2058102, 53.3473602 ], [ -2.20567240000001, 53.3471107 ], [ -2.2056611, 53.3470595 ], [ -2.2056662, 53.3470423 ], [ -2.2056709, 53.3470262 ], [ -2.2056928, 53.3470002 ], [ -2.2057379, 53.3469737 ], [ -2.2059457, 53.3469301 ], [ -2.2060918, 53.3468981 ], [ -2.2061663, 53.34687430000001 ], [ -2.2062092, 53.3468537 ], [ -2.2062446, 53.3468217 ], [ -2.2062529, 53.3467871 ], [ -2.2062461, 53.3467431 ], [ -2.2061904, 53.3466617 ], [ -2.2061663, 53.3465846 ], [ -2.2061621, 53.3464789 ], [ -2.2061298, 53.346420200000011 ], [ -2.2060399, 53.346311199999988 ], [ -2.2060076, 53.3462424 ], [ -2.2060061, 53.3461918 ] ] } },
{ "type": "Feature", "properties": { "id": 5852, "nach": 0.28931615940431954 }, "geometry": { "type": "LineString", "coordinates": [ [ -2.2200008, 53.3615139 ], [ -2.2216288, 53.3617056 ], [ -2.2217205, 53.3617106 ], [ -2.221789, 53.3617066 ], [ -2.221839, 53.3616947 ], [ -2.2218691, 53.361676 ], [ -2.2218974, 53.361644900000023 ], [ -2.2219491, 53.3615583 ], [ -2.2219792, 53.3614926 ], [ -2.2220059, 53.361430800000015 ], [ -2.2220225, 53.3613711 ], [ -2.2220509, 53.3612436 ], [ -2.222086, 53.3611039 ] ] } },
{ "type": "Feature", "properties": { "id": 4545, "nach": 0.47311091494826496 }, "geometry": { "type": "LineString", "coordinates": [ [ -2.2206218, 53.3608891 ], [ -2.2206441, 53.3608513 ], [ -2.2206745, 53.360841 ], [ -2.2213302, 53.3609426 ], [ -2.2213767, 53.3609537 ], [ -2.2213911, 53.3609769 ], [ -2.2213772, 53.3610196 ] ] } },
{ "type": "Feature", "properties": { "id": 5855, "nach": 0.36429896136456225 }, "geometry": { "type": "LineString", "coordinates": [ [ -2.2199237, 53.3614379 ], [ -2.2198696, 53.3614376 ], [ -2.2198222, 53.3614528 ], [ -2.2197973, 53.361473300000014 ], [ -2.2197875, 53.3615002 ], [ -2.2197976, 53.3615273 ], [ -2.2198252, 53.361549 ], [ -2.2198775, 53.3615636 ], [ -2.2199365, 53.3615597 ], [ -2.2199785, 53.3615412 ], [ -2.2200008, 53.3615139 ] ] } },
{ "type": "Feature", "properties": { "id": 4546, "nach": 0.47976599822629795 }, "geometry": { "type": "LineString", "coordinates": [ [ -2.220202, 53.3608246 ], [ -2.2206218, 53.3608891 ] ] } },
{ "type": "Feature", "properties": { "id": 5853, "nach": 0.41596273933817174 }, "geometry": { "type": "LineString", "coordinates": [ [ -2.2199237, 53.3614379 ], [ -2.220202, 53.3608246 ] ] } },
{ "type": "Feature", "properties": { "id": 4593, "nach": 0.48271613487835069 }, "geometry": { "type": "LineString", "coordinates": [ [ -2.2176384, 53.3627041 ], [ -2.2175743, 53.3627768 ], [ -2.2174982, 53.3628495 ] ] } },
{ "type": "Feature", "properties": { "id": 4598, "nach": 0.43920877719751467 }, "geometry": { "type": "LineString", "coordinates": [ [ -2.2170579, 53.362778 ], [ -2.2172112, 53.36274250000001 ], [ -2.2172877, 53.3627207 ], [ -2.2173592, 53.3626999 ], [ -2.2174291, 53.3626909 ], [ -2.2174944, 53.3626907 ], [ -2.2176384, 53.3627041 ] ] } },
{ "type": "Feature", "properties": { "id": 78821, "nach": 0.45918017143385631 }, "geometry": { "type": "LineString", "coordinates": [ [ -2.2174277, 53.363341 ], [ -2.2174263, 53.3632811 ], [ -2.2174356, 53.3632239 ], [ -2.2174479, 53.3629585 ], [ -2.2174595, 53.3629138 ], [ -2.2174712, 53.362885 ], [ -2.2174982, 53.3628495 ] ] } },
{ "type": "Feature", "properties": { "id": 78817, "nach": 0.3686958637382638 }, "geometry": { "type": "LineString", "coordinates": [ [ -2.2180557, 53.3628769 ], [ -2.2178722, 53.3628699 ], [ -2.2176369, 53.3628629 ], [ -2.2174982, 53.3628495 ] ] } },
{ "type": "Feature", "properties": { "id": 78816, "nach": 0.3717954725439972 }, "geometry": { "type": "LineString", "coordinates": [ [ -2.217098, 53.362824900000014 ], [ -2.2170579, 53.362778 ] ] } },
{ "type": "Feature", "properties": { "id": 78815, "nach": 0.37149241022255192 }, "geometry": { "type": "LineString", "coordinates": [ [ -2.21697660000001, 53.3627336 ], [ -2.2170579, 53.362778 ] ] } },
{ "type": "Feature", "properties": { "id": 78818, "nach": 0.31952424292865789 }, "geometry": { "type": "LineString", "coordinates": [ [ -2.2167827, 53.3632714 ], [ -2.2167611, 53.3632892 ], [ -2.2167445, 53.3633081 ], [ -2.2167361, 53.3633349 ], [ -2.2167328, 53.3633945 ], [ -2.2167245, 53.3634461 ], [ -2.2167071, 53.3635156 ], [ -2.2166496, 53.3636585 ], [ -2.2166047, 53.3637975 ], [ -2.2165599, 53.3639814 ] ] } },
{ "type": "Feature", "properties": { "id": 6815, "nach": 0.57447798317948606 }, "geometry": { "type": "LineString", "coordinates": [ [ -2.2026967, 53.3572997 ], [ -2.202738, 53.3572258 ] ] } },
{ "type": "Feature", "properties": { "id": 131648, "nach": 0.58431081709092136 }, "geometry": { "type": "LineString", "coordinates": [ [ -2.2027954, 53.3571384 ], [ -2.2027602, 53.357192 ], [ -2.202738, 53.3572258 ] ] } },
{ "type": "Feature", "properties": { "id": 82389, "nach": 0.52891610165046565 }, "geometry": { "type": "LineString", "coordinates": [ [ -2.2022571, 53.3571116 ], [ -2.2023482, 53.3571529 ], [ -2.2024073, 53.3571858 ], [ -2.2024509, 53.3572014 ], [ -2.2024805, 53.357208500000013 ], [ -2.2025443, 53.3572157 ], [ -2.202616, 53.3572194 ], [ -2.202738, 53.3572258 ] ] } },
{ "type": "Feature", "properties": { "id": 159509, "nach": 0.56634289904751745 }, "geometry": { "type": "LineString", "coordinates": [ [ -2.2026742, 53.3573553 ], [ -2.2026967, 53.3572997 ] ] } },
{ "type": "Feature", "properties": { "id": 6816, "nach": 0.46435420351619072 }, "geometry": { "type": "LineString", "coordinates": [ [ -2.2026967, 53.3572997 ], [ -2.2025892, 53.3572905 ], [ -2.2024817, 53.3572812 ], [ -2.2024136, 53.357279200000015 ] ] } },
{ "type": "Feature", "properties": { "id": 156897, "nach": 0.47963298030655516 }, "geometry": { "type": "LineString", "coordinates": [ [ -2.2009654, 53.356511 ], [ -2.2009647, 53.3565603 ], [ -2.2013724, 53.3566599 ], [ -2.2026451, 53.35711040000001 ], [ -2.2027954, 53.3571384 ] ] } },
{ "type": "Feature", "properties": { "id": 131649, "nach": 0.68892666297938099 }, "geometry": { "type": "LineString", "coordinates": [ [ -2.2027954, 53.3571384 ], [ -2.202924960446826, 53.356941260205041 ] ] } },
{ "type": "Feature", "properties": { "id": 109714, "nach": 0.57639520999271399 }, "geometry": { "type": "LineString", "coordinates": [ [ -2.2041587, 53.356016400000016 ], [ -2.2043183, 53.3559383 ] ] } },
{ "type": "Feature", "properties": { "id": 4736, "nach": 0.57529082176350166 }, "geometry": { "type": "LineString", "coordinates": [ [ -2.204789, 53.3557446 ], [ -2.2043183, 53.3559383 ] ] } },
{ "type": "Feature", "properties": { "id": 109717, "nach": 0.3836105096490916 }, "geometry": { "type": "LineString", "coordinates": [ [ -2.2035342, 53.3550637 ], [ -2.2035619, 53.3554848 ], [ -2.2042174, 53.355828600000017 ], [ -2.2043183, 53.3559383 ] ] } },
{ "type": "Feature", "properties": { "id": 109715, "nach": 0.57710494343745078 }, "geometry": { "type": "LineString", "coordinates": [ [ -2.2041587, 53.356016400000016 ], [ -2.2039682, 53.3561096 ], [ -2.2037188, 53.356244600000011 ], [ -2.2035351, 53.356369 ], [ -2.2033918, 53.3564819 ] ] } },
{ "type": "Feature", "properties": { "id": 158493, "nach": 0.0 }, "geometry": { "type": "LineString", "coordinates": [ [ -2.2033339, 53.3564582 ], [ -2.2032161, 53.3564077 ], [ -2.2030552, 53.3563118 ], [ -2.2029791, 53.356284100000011 ], [ -2.2029135, 53.3562613 ], [ -2.2026428, 53.3561749 ], [ -2.2022409, 53.3560266 ], [ -2.2019712, 53.3559407 ], [ -2.2019099, 53.3559003 ], [ -2.201893, 53.355800600000016 ], [ -2.2019025, 53.355675 ], [ -2.2019036, 53.3555077 ], [ -2.2019744, 53.3554276 ], [ -2.2021235, 53.355282400000014 ], [ -2.2024915, 53.3550905 ], [ -2.2026301, 53.3550791 ], [ -2.2028596, 53.3551296 ], [ -2.2036116, 53.3556804 ], [ -2.2040816, 53.3559691 ], [ -2.2041587, 53.356016400000016 ] ] } },
{ "type": "Feature", "properties": { "id": 109727, "nach": 0.57532693622669895 }, "geometry": { "type": "LineString", "coordinates": [ [ -2.2055013, 53.3549763 ], [ -2.205432, 53.3552256 ], [ -2.2053469, 53.3553803 ], [ -2.2052218, 53.3555043 ], [ -2.204789, 53.3557446 ] ] } },
{ "type": "Feature", "properties": { "id": 172877, "nach": 0.39783407401961879 }, "geometry": { "type": "LineString", "coordinates": [ [ -2.2052372, 53.3559597 ], [ -2.2051412, 53.355946900000013 ], [ -2.2050482, 53.3559178 ], [ -2.2049537, 53.3558606 ], [ -2.204789, 53.3557446 ] ] } },
{ "type": "Feature", "properties": { "id": 109731, "nach": 0.55693440453926502 }, "geometry": { "type": "LineString", "coordinates": [ [ -2.2059978, 53.3550636 ], [ -2.2058832, 53.3550047 ], [ -2.2058635, 53.3549946 ], [ -2.2056647, 53.354981399999986 ], [ -2.2055013, 53.3549763 ] ] } },
{ "type": "Feature", "properties": { "id": 51379, "nach": 0.41181887502144343 }, "geometry": { "type": "LineString", "coordinates": [ [ -2.1968902, 53.361348900000017 ], [ -2.1977339, 53.3609948 ] ] } },
{ "type": "Feature", "properties": { "id": 4761, "nach": 0.49192784008103352 }, "geometry": { "type": "LineString", "coordinates": [ [ -2.1971976, 53.360209500000011 ], [ -2.1965962, 53.3603183 ] ] } },
{ "type": "Feature", "properties": { "id": 4790, "nach": 0.47750924266499045 }, "geometry": { "type": "LineString", "coordinates": [ [ -2.1965625, 53.3594855 ], [ -2.1963734, 53.3599701 ], [ -2.1965962, 53.3603183 ] ] } },
{ "type": "Feature", "properties": { "id": 4762, "nach": 0.44746924203294097 }, "geometry": { "type": "LineString", "coordinates": [ [ -2.1977339, 53.3609948 ], [ -2.1971976, 53.360209500000011 ] ] } },
{ "type": "Feature", "properties": { "id": 78248, "nach": 0.50253925803787125 }, "geometry": { "type": "LineString", "coordinates": [ [ -2.1978981, 53.3600905 ], [ -2.1971976, 53.360209500000011 ] ] } },
{ "type": "Feature", "properties": { "id": 4788, "nach": 0.39048322094079785 }, "geometry": { "type": "LineString", "coordinates": [ [ -2.1965625, 53.3594855 ], [ -2.196834, 53.3595199 ] ] } },
{ "type": "Feature", "properties": { "id": 115286, "nach": 0.49753015579026877 }, "geometry": { "type": "LineString", "coordinates": [ [ -2.1962765, 53.3591648 ], [ -2.1963471, 53.359337600000011 ], [ -2.1963966, 53.3594098 ], [ -2.1964836, 53.3594755 ], [ -2.1965625, 53.3594855 ] ] } },
{ "type": "Feature", "properties": { "id": 51375, "nach": 0.36896543665009107 }, "geometry": { "type": "LineString", "coordinates": [ [ -2.1979906, 53.3608911 ], [ -2.1977339, 53.3609948 ] ] } },
{ "type": "Feature", "properties": { "id": 78249, "nach": 0.31778643186611261 }, "geometry": { "type": "LineString", "coordinates": [ [ -2.1978981, 53.3600905 ], [ -2.1979818, 53.360139 ], [ -2.1982794, 53.36116950000001 ], [ -2.1980324, 53.3612748 ], [ -2.1972476, 53.3616516 ] ] } },
{ "type": "Feature", "properties": { "id": 78250, "nach": 0.5081657770432858 }, "geometry": { "type": "LineString", "coordinates": [ [ -2.1978981, 53.3600905 ], [ -2.1979596, 53.36004290000001 ], [ -2.1984311, 53.3599477 ], [ -2.1984832, 53.3598233 ], [ -2.1985315, 53.359767 ] ] } },
{ "type": "Feature", "properties": { "id": 159546, "nach": 0.49590464262927625 }, "geometry": { "type": "LineString", "coordinates": [ [ -2.1956629, 53.3590823 ], [ -2.1960945, 53.3591397 ] ] } },
{ "type": "Feature", "properties": { "id": 159539, "nach": 0.3907134382323732 }, "geometry": { "type": "LineString", "coordinates": [ [ -2.1960945, 53.3591397 ], [ -2.19605, 53.3592419 ], [ -2.1960769, 53.3592675 ], [ -2.1959856, 53.35941720000001 ], [ -2.196006, 53.3594464 ], [ -2.1957725, 53.3598667 ], [ -2.1956357, 53.3598785 ] ] } },
{ "type": "Feature", "properties": { "id": 115284, "nach": 0.47958914152893622 }, "geometry": { "type": "LineString", "coordinates": [ [ -2.1962765, 53.3591648 ], [ -2.19732, 53.3592885 ] ] } },
{ "type": "Feature", "properties": { "id": 159537, "nach": 0.50919432134634612 }, "geometry": { "type": "LineString", "coordinates": [ [ -2.1960945, 53.3591397 ], [ -2.1962765, 53.3591648 ] ] } },
{ "type": "Feature", "properties": { "id": 5130, "nach": 0.42754301698926811 }, "geometry": { "type": "LineString", "coordinates": [ [ -2.2103722, 53.346506 ], [ -2.2103873, 53.3460579 ] ] } },
{ "type": "Feature", "properties": { "id": 167344, "nach": 0.5301724610294879 }, "geometry": { "type": "LineString", "coordinates": [ [ -2.215001, 53.3524145 ], [ -2.2148931, 53.3521188 ], [ -2.2147364, 53.3515749 ] ] } },
{ "type": "Feature", "properties": { "id": 167345, "nach": 0.47491763910561136 }, "geometry": { "type": "LineString", "coordinates": [ [ -2.215001, 53.3524145 ], [ -2.2149211, 53.352427100000014 ], [ -2.2147915, 53.3524341 ], [ -2.2147273, 53.3524516 ], [ -2.2146789, 53.35248 ], [ -2.2146411, 53.3524956 ], [ -2.2145718, 53.35249790000001 ], [ -2.2144838, 53.3524929 ], [ -2.2143958, 53.3524869 ], [ -2.2142622, 53.3524683 ], [ -2.2142183, 53.3524666 ] ] } },
{ "type": "Feature", "properties": { "id": 62267, "nach": 0.36327823868554548 }, "geometry": { "type": "LineString", "coordinates": [ [ -2.2142183, 53.3524666 ], [ -2.2142819, 53.352697 ] ] } },
{ "type": "Feature", "properties": { "id": 62295, "nach": 0.53444542233652481 }, "geometry": { "type": "LineString", "coordinates": [ [ -2.213243, 53.3527843 ], [ -2.2135893, 53.3527633 ], [ -2.2142819, 53.352697 ] ] } },
{ "type": "Feature", "properties": { "id": 36625, "nach": 0.53167472229063084 }, "geometry": { "type": "LineString", "coordinates": [ [ -2.212115, 53.3528308 ], [ -2.2122598, 53.3528099 ] ] } },
{ "type": "Feature", "properties": { "id": 62109, "nach": 0.44245635964358648 }, "geometry": { "type": "LineString", "coordinates": [ [ -2.2121894, 53.3526555 ], [ -2.2122598, 53.3528099 ] ] } },
{ "type": "Feature", "properties": { "id": 62296, "nach": 0.53908151042091612 }, "geometry": { "type": "LineString", "coordinates": [ [ -2.213243, 53.3527843 ], [ -2.2126996, 53.3527987 ], [ -2.2124402, 53.352797 ], [ -2.2122598, 53.3528099 ] ] } },
{ "type": "Feature", "properties": { "id": 62066, "nach": 0.61697534538318721 }, "geometry": { "type": "LineString", "coordinates": [ [ -2.2120309, 53.3528501 ], [ -2.212115, 53.3528308 ] ] } },
{ "type": "Feature", "properties": { "id": 62110, "nach": 0.59884265165094752 }, "geometry": { "type": "LineString", "coordinates": [ [ -2.2121894, 53.3526555 ], [ -2.2120963, 53.3527764 ], [ -2.212115, 53.3528308 ] ] } },
{ "type": "Feature", "properties": { "id": 62146, "nach": 0.60269724041633987 }, "geometry": { "type": "LineString", "coordinates": [ [ -2.2119222, 53.3520742 ], [ -2.2119402, 53.352125600000015 ], [ -2.2120226, 53.3522798 ], [ -2.2121189, 53.3524482 ], [ -2.2121314, 53.3524986 ], [ -2.2121894, 53.3526555 ] ] } },
{ "type": "Feature", "properties": { "id": 124408, "nach": 0.48669222039493504 }, "geometry": { "type": "LineString", "coordinates": [ [ -2.2132159, 53.3526238 ], [ -2.213243, 53.3527843 ] ] } },
{ "type": "Feature", "properties": { "id": 62139, "nach": 0.5420012405681689 }, "geometry": { "type": "LineString", "coordinates": [ [ -2.2115454, 53.353049600000013 ], [ -2.2114271, 53.3531147 ] ] } },
{ "type": "Feature", "properties": { "id": 5143, "nach": 0.56874785155509577 }, "geometry": { "type": "LineString", "coordinates": [ [ -2.2113175, 53.3532072 ], [ -2.2114271, 53.3531147 ] ] } },
{ "type": "Feature", "properties": { "id": 62132, "nach": 0.50988801304758469 }, "geometry": { "type": "LineString", "coordinates": [ [ -2.2114531, 53.353083 ], [ -2.2114271, 53.3531147 ] ] } },
{ "type": "Feature", "properties": { "id": 62141, "nach": 0.55919996167671837 }, "geometry": { "type": "LineString", "coordinates": [ [ -2.2115454, 53.353049600000013 ], [ -2.21183, 53.352919 ], [ -2.2119339, 53.3528797 ] ] } },
{ "type": "Feature", "properties": { "id": 62140, "nach": 0.47028715437953617 }, "geometry": { "type": "LineString", "coordinates": [ [ -2.2115454, 53.353049600000013 ], [ -2.2114531, 53.353083 ] ] } },
{ "type": "Feature", "properties": { "id": 62100, "nach": 0.56679931725246291 }, "geometry": { "type": "LineString", "coordinates": [ [ -2.211257, 53.353459400000013 ], [ -2.2112472, 53.3533877 ], [ -2.2112566, 53.353321200000011 ], [ -2.2112829, 53.353263 ], [ -2.2113175, 53.3532072 ] ] } },
{ "type": "Feature", "properties": { "id": 62084, "nach": 0.32155470380977946 }, "geometry": { "type": "LineString", "coordinates": [ [ -2.2120855, 53.353115 ], [ -2.21165110000001, 53.3531629 ], [ -2.2113175, 53.3532072 ] ] } },
{ "type": "Feature", "properties": { "id": 62135, "nach": 0.53267558747866184 }, "geometry": { "type": "LineString", "coordinates": [ [ -2.2114531, 53.353083 ], [ -2.211391, 53.3530671 ], [ -2.2107623, 53.3529061 ], [ -2.2106331, 53.352873 ] ] } },
{ "type": "Feature", "properties": { "id": 62134, "nach": 0.0 }, "geometry": { "type": "LineString", "coordinates": [ [ -2.2114531, 53.353083 ], [ -2.2116326, 53.3528188 ], [ -2.2119339, 53.3528797 ] ] } },
{ "type": "Feature", "properties": { "id": 62101, "nach": 0.57784780843116579 }, "geometry": { "type": "LineString", "coordinates": [ [ -2.211257, 53.353459400000013 ], [ -2.2112899, 53.35358260000001 ], [ -2.2113401, 53.3537413 ] ] } },
{ "type": "Feature", "properties": { "id": 62120, "nach": 0.51215465746734812 }, "geometry": { "type": "LineString", "coordinates": [ [ -2.2107799, 53.3535155 ], [ -2.2111376, 53.3534771 ], [ -2.211257, 53.353459400000013 ] ] } },
{ "type": "Feature", "properties": { "id": 62083, "nach": 0.58491157179582065 }, "geometry": { "type": "LineString", "coordinates": [ [ -2.2120855, 53.353115 ], [ -2.2122043, 53.353567 ], [ -2.2122162, 53.3536135 ], [ -2.2121168, 53.3536226 ], [ -2.2121298, 53.3536619 ] ] } },
{ "type": "Feature", "properties": { "id": 62082, "nach": 0.58573750704098282 }, "geometry": { "type": "LineString", "coordinates": [ [ -2.2120855, 53.353115 ], [ -2.2120604, 53.3529741 ], [ -2.2120309, 53.3528501 ] ] } },
{ "type": "Feature", "properties": { "id": 62125, "nach": 0.57570074349459077 }, "geometry": { "type": "LineString", "coordinates": [ [ -2.2114144, 53.353969400000011 ], [ -2.2113401, 53.3537413 ] ] } },
{ "type": "Feature", "properties": { "id": 5223, "nach": 0.34098981170595105 }, "geometry": { "type": "LineString", "coordinates": [ [ -2.2121298, 53.3536619 ], [ -2.2119879, 53.3536706 ], [ -2.2113401, 53.3537413 ] ] } },
{ "type": "Feature", "properties": { "id": 62126, "nach": 0.5712646716436891 }, "geometry": { "type": "LineString", "coordinates": [ [ -2.2114144, 53.353969400000011 ], [ -2.2115028, 53.3542827 ] ] } },
{ "type": "Feature", "properties": { "id": 62144, "nach": 0.40107977430417419 }, "geometry": { "type": "LineString", "coordinates": [ [ -2.2105556, 53.3540713 ], [ -2.2106936, 53.3540549 ], [ -2.2112744, 53.353986 ], [ -2.2114144, 53.353969400000011 ] ] } },
{ "type": "Feature", "properties": { "id": 62063, "nach": 0.58498621537685902 }, "geometry": { "type": "LineString", "coordinates": [ [ -2.21238910000001, 53.3541906 ], [ -2.2122472, 53.3537075 ], [ -2.2121484, 53.3537179 ], [ -2.2121298, 53.3536619 ] ] } },
{ "type": "Feature", "properties": { "id": 62080, "nach": 0.5705476796622958 }, "geometry": { "type": "LineString", "coordinates": [ [ -2.2115028, 53.3542827 ], [ -2.21157380000001, 53.3545321 ] ] } },
{ "type": "Feature", "properties": { "id": 62076, "nach": 0.58464937454308785 }, "geometry": { "type": "LineString", "coordinates": [ [ -2.2116545, 53.3547401 ], [ -2.2116247, 53.3546633 ], [ -2.21157380000001, 53.3545321 ] ] } },
{ "type": "Feature", "properties": { "id": 36670, "nach": 0.51904106688409046 }, "geometry": { "type": "LineString", "coordinates": [ [ -2.2109902, 53.35460350000001 ], [ -2.2113077, 53.3545732 ], [ -2.21157380000001, 53.3545321 ] ] } },
{ "type": "Feature", "properties": { "id": 62081, "nach": 0.21758926306305568 }, "geometry": { "type": "LineString", "coordinates": [ [ -2.2115028, 53.3542827 ], [ -2.2116754, 53.3542692 ], [ -2.21238910000001, 53.3541906 ] ] } },
{ "type": "Feature", "properties": { "id": 62078, "nach": 0.50967363941572619 }, "geometry": { "type": "LineString", "coordinates": [ [ -2.2116545, 53.3547401 ], [ -2.2117901, 53.3547297 ], [ -2.2121387, 53.3546948 ] ] } },
{ "type": "Feature", "properties": { "id": 62107, "nach": 0.56308581211747388 }, "geometry": { "type": "LineString", "coordinates": [ [ -2.2119606, 53.35498170000001 ], [ -2.2117858, 53.3548761 ], [ -2.2117022, 53.3547974 ], [ -2.2116545, 53.3547401 ] ] } },
{ "type": "Feature", "properties": { "id": 62157, "nach": 0.47277285502731337 }, "geometry": { "type": "LineString", "coordinates": [ [ -2.2110127, 53.354674699999983 ], [ -2.2109902, 53.35460350000001 ] ] } },
{ "type": "Feature", "properties": { "id": 36672, "nach": 0.51605384853167391 }, "geometry": { "type": "LineString", "coordinates": [ [ -2.2107014, 53.35450740000001 ], [ -2.21073, 53.3545469 ], [ -2.2107719, 53.3545745 ], [ -2.2108381, 53.3545943 ], [ -2.2109086, 53.3546048 ], [ -2.2109902, 53.35460350000001 ] ] } },
{ "type": "Feature", "properties": { "id": 5155, "nach": 0.39970191116222153 }, "geometry": { "type": "LineString", "coordinates": [ [ -2.2167273, 53.3558632 ], [ -2.2169359, 53.3559411 ], [ -2.2171164, 53.3559889 ], [ -2.217319, 53.3560206 ] ] } },
{ "type": "Feature", "properties": { "id": 62026, "nach": 0.45621944054332186 }, "geometry": { "type": "LineString", "coordinates": [ [ -2.2166408, 53.355929800000013 ], [ -2.2167273, 53.3558632 ] ] } },
{ "type": "Feature", "properties": { "id": 36650, "nach": 0.48498903280014072 }, "geometry": { "type": "LineString", "coordinates": [ [ -2.2168029, 53.3555579 ], [ -2.2168142, 53.355697399999976 ], [ -2.216788, 53.3557944 ], [ -2.2167273, 53.3558632 ] ] } },
{ "type": "Feature", "properties": { "id": 62025, "nach": 0.42626992748103071 }, "geometry": { "type": "LineString", "coordinates": [ [ -2.2166408, 53.355929800000013 ], [ -2.2165967, 53.3559637 ] ] } },
{ "type": "Feature", "properties": { "id": 62027, "nach": 0.42305599167909036 }, "geometry": { "type": "LineString", "coordinates": [ [ -2.2166408, 53.355929800000013 ], [ -2.21654, 53.3559353 ], [ -2.2163026, 53.35601960000001 ], [ -2.2160709, 53.3560786 ], [ -2.2158392, 53.356129199999984 ], [ -2.2157629, 53.3561376 ], [ -2.2157175, 53.3561663 ] ] } },
{ "type": "Feature", "properties": { "id": 36651, "nach": 0.52476452955140118 }, "geometry": { "type": "LineString", "coordinates": [ [ -2.2168029, 53.3555579 ], [ -2.2167768, 53.3553239 ], [ -2.2167502, 53.3551619 ], [ -2.2167336, 53.3550966 ] ] } },
{ "type": "Feature", "properties": { "id": 62053, "nach": 0.47151842829638213 }, "geometry": { "type": "LineString", "coordinates": [ [ -2.2162485, 53.3555785 ], [ -2.2168029, 53.3555579 ] ] } },
{ "type": "Feature", "properties": { "id": 61991, "nach": 0.35254562582681109 }, "geometry": { "type": "LineString", "coordinates": [ [ -2.2157175, 53.3561663 ], [ -2.2159055, 53.3561863 ], [ -2.2160873, 53.3561854 ] ] } },
{ "type": "Feature", "properties": { "id": 36654, "nach": 0.35565646785708632 }, "geometry": { "type": "LineString", "coordinates": [ [ -2.2165967, 53.3559637 ], [ -2.2165511, 53.356246 ], [ -2.2161594, 53.3562319 ], [ -2.2160873, 53.3561854 ] ] } },
{ "type": "Feature", "properties": { "id": 61990, "nach": 0.46541842870801814 }, "geometry": { "type": "LineString", "coordinates": [ [ -2.2157175, 53.3561663 ], [ -2.2155929, 53.356153 ] ] } },
{ "type": "Feature", "properties": { "id": 61967, "nach": 0.45996538513490154 }, "geometry": { "type": "LineString", "coordinates": [ [ -2.2154044, 53.35614180000001 ], [ -2.2155929, 53.356153 ] ] } },
{ "type": "Feature", "properties": { "id": 5165, "nach": 0.48608155731141744 }, "geometry": { "type": "LineString", "coordinates": [ [ -2.2156394, 53.355837200000011 ], [ -2.2155929, 53.356153 ] ] } },
{ "type": "Feature", "properties": { "id": 61966, "nach": 0.4396339928587556 }, "geometry": { "type": "LineString", "coordinates": [ [ -2.2154044, 53.35614180000001 ], [ -2.2153215, 53.35651 ], [ -2.2152683, 53.3565085 ], [ -2.2151306, 53.3561238 ] ] } },
{ "type": "Feature", "properties": { "id": 61994, "nach": 0.50737107255637226 }, "geometry": { "type": "LineString", "coordinates": [ [ -2.2155463, 53.3556073 ], [ -2.2156246, 53.3557465 ], [ -2.2156394, 53.355837200000011 ] ] } },
{ "type": "Feature", "properties": { "id": 62050, "nach": 0.39375648506445993 }, "geometry": { "type": "LineString", "coordinates": [ [ -2.2148917, 53.3555773 ], [ -2.2149862, 53.3557954 ], [ -2.2150335, 53.3558367 ], [ -2.2151249, 53.355863 ], [ -2.2152509, 53.3558668 ], [ -2.2156394, 53.355837200000011 ] ] } },
{ "type": "Feature", "properties": { "id": 5170, "nach": 0.44084562146950967 }, "geometry": { "type": "LineString", "coordinates": [ [ -2.21434690000001, 53.3562519 ], [ -2.2146818, 53.3561565 ], [ -2.2148774, 53.3561221 ], [ -2.2149832, 53.3561188 ], [ -2.2151306, 53.3561238 ] ] } },
{ "type": "Feature", "properties": { "id": 5172, "nach": 0.49709684389800812 }, "geometry": { "type": "LineString", "coordinates": [ [ -2.2141211, 53.3563033 ], [ -2.21434690000001, 53.3562519 ] ] } },
{ "type": "Feature", "properties": { "id": 36665, "nach": 0.4538859925056265 }, "geometry": { "type": "LineString", "coordinates": [ [ -2.2145398, 53.3566329 ], [ -2.21434690000001, 53.3562519 ] ] } },
{ "type": "Feature", "properties": { "id": 62009, "nach": 0.46756189259584979 }, "geometry": { "type": "LineString", "coordinates": [ [ -2.215309, 53.3554441 ], [ -2.2153575, 53.3555759 ], [ -2.215372, 53.355588 ], [ -2.2155318, 53.3555816 ], [ -2.2155463, 53.3556073 ] ] } },
{ "type": "Feature", "properties": { "id": 62048, "nach": 0.48106542599854635 }, "geometry": { "type": "LineString", "coordinates": [ [ -2.2156549, 53.355383200000013 ], [ -2.2156956, 53.3555992 ], [ -2.2155463, 53.3556073 ] ] } },
{ "type": "Feature", "properties": { "id": 62057, "nach": 0.50766839292995958 }, "geometry": { "type": "LineString", "coordinates": [ [ -2.2139733, 53.3560123 ], [ -2.2141211, 53.3563033 ] ] } },
{ "type": "Feature", "properties": { "id": 61972, "nach": 0.46564501706170369 }, "geometry": { "type": "LineString", "coordinates": [ [ -2.2134925, 53.3564206 ], [ -2.2135889, 53.3564169 ], [ -2.21371, 53.3564018 ], [ -2.2139063, 53.3563629 ], [ -2.2141211, 53.3563033 ] ] } },
{ "type": "Feature", "properties": { "id": 36666, "nach": 0.38723617949838129 }, "geometry": { "type": "LineString", "coordinates": [ [ -2.2145398, 53.3566329 ], [ -2.2145491, 53.3566599 ] ] } },
{ "type": "Feature", "properties": { "id": 36667, "nach": 0.38278356208268244 }, "geometry": { "type": "LineString", "coordinates": [ [ -2.2145398, 53.3566329 ], [ -2.2150725, 53.3565523 ] ] } },
{ "type": "Feature", "properties": { "id": 62056, "nach": 0.52250003827476954 }, "geometry": { "type": "LineString", "coordinates": [ [ -2.2139733, 53.3560123 ], [ -2.2139093, 53.355868 ] ] } },
{ "type": "Feature", "properties": { "id": 62058, "nach": 0.39393553469287984 }, "geometry": { "type": "LineString", "coordinates": [ [ -2.2139733, 53.3560123 ], [ -2.2136031, 53.3560569 ], [ -2.2134535, 53.3560569 ], [ -2.2132842, 53.3560522 ] ] } },
{ "type": "Feature", "properties": { "id": 61971, "nach": 0.46661003745098995 }, "geometry": { "type": "LineString", "coordinates": [ [ -2.2134925, 53.3564206 ], [ -2.213377, 53.3564185 ], [ -2.21316, 53.3564169 ], [ -2.2130399, 53.35640870000001 ], [ -2.2129325, 53.3563663 ] ] } },
{ "type": "Feature", "properties": { "id": 61982, "nach": 0.45608347438556585 }, "geometry": { "type": "LineString", "coordinates": [ [ -2.2136192, 53.3566843 ], [ -2.2135135, 53.3564712 ], [ -2.2134925, 53.3564206 ] ] } },
{ "type": "Feature", "properties": { "id": 5179, "nach": 0.50797451547213512 }, "geometry": { "type": "LineString", "coordinates": [ [ -2.2128542, 53.355988700000012 ], [ -2.2128465, 53.3561732 ], [ -2.21284460000001, 53.3562418 ], [ -2.2128849, 53.356306 ], [ -2.2129325, 53.3563663 ] ] } },
{ "type": "Feature", "properties": { "id": 61976, "nach": 0.47694983678850705 }, "geometry": { "type": "LineString", "coordinates": [ [ -2.2126325, 53.3566066 ], [ -2.2127345, 53.3565342 ], [ -2.2128341, 53.356455 ], [ -2.2129325, 53.3563663 ] ] } },
{ "type": "Feature", "properties": { "id": 62014, "nach": 0.53502447427739142 }, "geometry": { "type": "LineString", "coordinates": [ [ -2.2128626, 53.3559262 ], [ -2.2128542, 53.355988700000012 ] ] } },
{ "type": "Feature", "properties": { "id": 36660, "nach": 0.50163181940311918 }, "geometry": { "type": "LineString", "coordinates": [ [ -2.212427, 53.3559737 ], [ -2.2126382, 53.355966 ], [ -2.2127497, 53.355967 ], [ -2.2128542, 53.355988700000012 ] ] } },
{ "type": "Feature", "properties": { "id": 61977, "nach": 0.35693742559195446 }, "geometry": { "type": "LineString", "coordinates": [ [ -2.2126325, 53.3566066 ], [ -2.2126089, 53.3565345 ], [ -2.212427, 53.3559737 ] ] } },
{ "type": "Feature", "properties": { "id": 61974, "nach": 0.3876781998490027 }, "geometry": { "type": "LineString", "coordinates": [ [ -2.2126325, 53.3566066 ], [ -2.212803, 53.3569724 ] ] } },
{ "type": "Feature", "properties": { "id": 61975, "nach": 0.4518185536788305 }, "geometry": { "type": "LineString", "coordinates": [ [ -2.2126325, 53.3566066 ], [ -2.2125639, 53.3566307 ], [ -2.2124183, 53.356679 ], [ -2.2120212, 53.3567795 ], [ -2.2119728, 53.3567913 ] ] } },
{ "type": "Feature", "properties": { "id": 62013, "nach": 0.48823037894139082 }, "geometry": { "type": "LineString", "coordinates": [ [ -2.2128626, 53.3559262 ], [ -2.2128717, 53.3558581 ] ] } },
{ "type": "Feature", "properties": { "id": 62015, "nach": 0.50589777188978136 }, "geometry": { "type": "LineString", "coordinates": [ [ -2.2128626, 53.3559262 ], [ -2.2133866, 53.3558559 ] ] } },
{ "type": "Feature", "properties": { "id": 62136, "nach": 0.50809376134267004 }, "geometry": { "type": "LineString", "coordinates": [ [ -2.2122482, 53.3559781 ], [ -2.212427, 53.3559737 ] ] } },
{ "type": "Feature", "properties": { "id": 36634, "nach": 0.59197354636990152 }, "geometry": { "type": "LineString", "coordinates": [ [ -2.2127906, 53.355278699999985 ], [ -2.212932, 53.3552786 ] ] } },
{ "type": "Feature", "properties": { "id": 62031, "nach": 0.58220153391143825 }, "geometry": { "type": "LineString", "coordinates": [ [ -2.2136226, 53.355253500000018 ], [ -2.212932, 53.3552786 ] ] } },
{ "type": "Feature", "properties": { "id": 142738, "nach": 0.53816871699016633 }, "geometry": { "type": "LineString", "coordinates": [ [ -2.2128962, 53.3557275 ], [ -2.2129455, 53.3555249 ], [ -2.212932, 53.3552786 ] ] } },
{ "type": "Feature", "properties": { "id": 36635, "nach": 0.54001391483769301 }, "geometry": { "type": "LineString", "coordinates": [ [ -2.2127906, 53.355278699999985 ], [ -2.2126194, 53.3552612 ], [ -2.2123718, 53.3551581 ] ] } },
{ "type": "Feature", "properties": { "id": 36636, "nach": 0.55715697614958093 }, "geometry": { "type": "LineString", "coordinates": [ [ -2.2127906, 53.355278699999985 ], [ -2.2126991, 53.3550059 ], [ -2.2126209, 53.3549376 ] ] } },
{ "type": "Feature", "properties": { "id": 62032, "nach": 0.56711153258569713 }, "geometry": { "type": "LineString", "coordinates": [ [ -2.2136226, 53.355253500000018 ], [ -2.2137283, 53.3552497 ] ] } },
{ "type": "Feature", "properties": { "id": 62045, "nach": 0.50547177039472857 }, "geometry": { "type": "LineString", "coordinates": [ [ -2.2136916, 53.355729400000016 ], [ -2.2138187, 53.355710800000011 ], [ -2.2136909, 53.355410600000013 ], [ -2.2136226, 53.355253500000018 ] ] } },
{ "type": "Feature", "properties": { "id": 142739, "nach": 0.51132371523186648 }, "geometry": { "type": "LineString", "coordinates": [ [ -2.2128962, 53.3557275 ], [ -2.2128808, 53.3557906 ], [ -2.2128717, 53.3558581 ] ] } },
{ "type": "Feature", "properties": { "id": 142743, "nach": 0.47352035369047846 }, "geometry": { "type": "LineString", "coordinates": [ [ -2.2126891, 53.3557316 ], [ -2.2127079, 53.3557232 ], [ -2.212802, 53.35572530000001 ], [ -2.2128962, 53.3557275 ] ] } },
{ "type": "Feature", "properties": { "id": 62017, "nach": 0.5616595477598928 }, "geometry": { "type": "LineString", "coordinates": [ [ -2.2144393, 53.3552331 ], [ -2.2139781, 53.3552449 ], [ -2.2137283, 53.3552497 ] ] } },
{ "type": "Feature", "properties": { "id": 62019, "nach": 0.46414081066791768 }, "geometry": { "type": "LineString", "coordinates": [ [ -2.2136212, 53.3547539 ], [ -2.21369870000001, 53.3550858 ], [ -2.2137283, 53.3552497 ] ] } },
{ "type": "Feature", "properties": { "id": 62016, "nach": 0.59992240128054897 }, "geometry": { "type": "LineString", "coordinates": [ [ -2.2144393, 53.3552331 ], [ -2.2149101, 53.3552195 ] ] } },
{ "type": "Feature", "properties": { "id": 62018, "nach": 0.55163017956881999 }, "geometry": { "type": "LineString", "coordinates": [ [ -2.2144393, 53.3552331 ], [ -2.2144363, 53.3553786 ], [ -2.2144218, 53.35545110000001 ], [ -2.2144183, 53.3555291 ], [ -2.2144253, 53.3555902 ], [ -2.2144359, 53.3556429 ], [ -2.2144607, 53.355712500000017 ], [ -2.2138767, 53.3558009 ] ] } },
{ "type": "Feature", "properties": { "id": 62020, "nach": 0.56044914395114342 }, "geometry": { "type": "LineString", "coordinates": [ [ -2.2136212, 53.3547539 ], [ -2.2136185, 53.3547416 ], [ -2.2136088, 53.3546619 ] ] } },
{ "type": "Feature", "properties": { "id": 62021, "nach": 0.55155204894305809 }, "geometry": { "type": "LineString", "coordinates": [ [ -2.2136212, 53.3547539 ], [ -2.2137963, 53.35474210000001 ], [ -2.2143697, 53.3546951 ], [ -2.2147182, 53.3546605 ], [ -2.2148549, 53.354658500000014 ] ] } },
{ "type": "Feature", "properties": { "id": 54676, "nach": 0.59998619811785103 }, "geometry": { "type": "LineString", "coordinates": [ [ -2.2152215, 53.3552114 ], [ -2.2149101, 53.3552195 ] ] } },
{ "type": "Feature", "properties": { "id": 62003, "nach": 0.34064388961808495 }, "geometry": { "type": "LineString", "coordinates": [ [ -2.2148549, 53.354658500000014 ], [ -2.2148583, 53.3548686 ], [ -2.2148665, 53.3550137 ], [ -2.2149101, 53.3552195 ] ] } },
{ "type": "Feature", "properties": { "id": 54678, "nach": 0.59121574758522 }, "geometry": { "type": "LineString", "coordinates": [ [ -2.2152215, 53.3552114 ], [ -2.2152904, 53.3552095 ], [ -2.2154928, 53.3552045 ] ] } },
{ "type": "Feature", "properties": { "id": 62007, "nach": 0.47730246457564807 }, "geometry": { "type": "LineString", "coordinates": [ [ -2.215309, 53.3554441 ], [ -2.2152215, 53.3552114 ] ] } },
{ "type": "Feature", "properties": { "id": 140551, "nach": 0.4675947950625135 }, "geometry": { "type": "LineString", "coordinates": [ [ -2.2143409, 53.3540288 ], [ -2.2143539, 53.354248700000014 ], [ -2.2147051, 53.3542419 ], [ -2.2147942, 53.3542535 ], [ -2.214856, 53.3542795 ], [ -2.2148869, 53.3543148 ], [ -2.2148911, 53.35434810000001 ], [ -2.214887, 53.3544206 ], [ -2.2148549, 53.354658500000014 ] ] } },
{ "type": "Feature", "properties": { "id": 62091, "nach": 0.55261708775310714 }, "geometry": { "type": "LineString", "coordinates": [ [ -2.2154168, 53.3546664 ], [ -2.2153943, 53.3546692 ], [ -2.215095, 53.3547115 ], [ -2.2150075, 53.3546869 ], [ -2.2148549, 53.354658500000014 ] ] } },
{ "type": "Feature", "properties": { "id": 62028, "nach": 0.52557305466309689 }, "geometry": { "type": "LineString", "coordinates": [ [ -2.2137274, 53.355825100000011 ], [ -2.2138767, 53.3558009 ] ] } },
{ "type": "Feature", "properties": { "id": 62034, "nach": 0.48776311050567195 }, "geometry": { "type": "LineString", "coordinates": [ [ -2.2139093, 53.355868 ], [ -2.2138767, 53.3558009 ] ] } },
{ "type": "Feature", "properties": { "id": 62029, "nach": 0.54138446085033443 }, "geometry": { "type": "LineString", "coordinates": [ [ -2.2137274, 53.355825100000011 ], [ -2.2137509, 53.3558879 ] ] } },
{ "type": "Feature", "properties": { "id": 62044, "nach": 0.50819001467585634 }, "geometry": { "type": "LineString", "coordinates": [ [ -2.2136916, 53.355729400000016 ], [ -2.2137274, 53.355825100000011 ] ] } },
{ "type": "Feature", "properties": { "id": 62036, "nach": 0.48711429201870382 }, "geometry": { "type": "LineString", "coordinates": [ [ -2.2139093, 53.355868 ], [ -2.2137509, 53.3558879 ] ] } },
{ "type": "Feature", "properties": { "id": 62037, "nach": 0.59105450404893756 }, "geometry": { "type": "LineString", "coordinates": [ [ -2.2156229, 53.3551984 ], [ -2.2154928, 53.3552045 ] ] } },
{ "type": "Feature", "properties": { "id": 62090, "nach": 0.35947584547687955 }, "geometry": { "type": "LineString", "coordinates": [ [ -2.2154168, 53.3546664 ], [ -2.2154266, 53.3547013 ], [ -2.21545420000001, 53.3550341 ], [ -2.2154928, 53.3552045 ] ] } },
{ "type": "Feature", "properties": { "id": 62039, "nach": 0.60273928651034869 }, "geometry": { "type": "LineString", "coordinates": [ [ -2.2156229, 53.3551984 ], [ -2.2156685, 53.355193 ], [ -2.2157695, 53.3551728 ], [ -2.2158669, 53.3551466 ] ] } },
{ "type": "Feature", "properties": { "id": 62047, "nach": 0.50614780210348365 }, "geometry": { "type": "LineString", "coordinates": [ [ -2.2156549, 53.355383200000013 ], [ -2.2156229, 53.3551984 ] ] } },
{ "type": "Feature", "properties": { "id": 62096, "nach": 0.41632664893539711 }, "geometry": { "type": "LineString", "coordinates": [ [ -2.2153549, 53.354416 ], [ -2.2154168, 53.3546664 ] ] } },
{ "type": "Feature", "properties": { "id": 62093, "nach": 0.55580454449310857 }, "geometry": { "type": "LineString", "coordinates": [ [ -2.215811, 53.3546276 ], [ -2.2156592, 53.3546446 ], [ -2.2155167, 53.3546553 ], [ -2.2154168, 53.3546664 ] ] } },
{ "type": "Feature", "properties": { "id": 62086, "nach": 0.59707968376997667 }, "geometry": { "type": "LineString", "coordinates": [ [ -2.2159855, 53.355069700000016 ], [ -2.2160968, 53.355002400000011 ] ] } },
{ "type": "Feature", "properties": { "id": 5199, "nach": 0.59850063784757779 }, "geometry": { "type": "LineString", "coordinates": [ [ -2.216383, 53.3548389 ], [ -2.2160968, 53.355002400000011 ] ] } },
{ "type": "Feature", "properties": { "id": 36641, "nach": 0.38471858674265746 }, "geometry": { "type": "LineString", "coordinates": [ [ -2.2159797, 53.354624 ], [ -2.2159334, 53.3546701 ], [ -2.2159268, 53.3546933 ], [ -2.2159684, 53.3548438 ], [ -2.21598190000001, 53.354898400000017 ], [ -2.2160102, 53.354949 ], [ -2.2160968, 53.355002400000011 ] ] } },
{ "type": "Feature", "properties": { "id": 62085, "nach": 0.59592753988384617 }, "geometry": { "type": "LineString", "coordinates": [ [ -2.2159855, 53.355069700000016 ], [ -2.2158669, 53.3551466 ] ] } },
{ "type": "Feature", "properties": { "id": 62094, "nach": 0.30536182980062498 }, "geometry": { "type": "LineString", "coordinates": [ [ -2.215811, 53.3546276 ], [ -2.2159076, 53.3549904 ], [ -2.2159483, 53.354999500000012 ], [ -2.2159855, 53.355069700000016 ] ] } },
{ "type": "Feature", "properties": { "id": 5202, "nach": 0.61581833755439386 }, "geometry": { "type": "LineString", "coordinates": [ [ -2.2166629, 53.3546696 ], [ -2.216383, 53.3548389 ] ] } },
{ "type": "Feature", "properties": { "id": 36645, "nach": 0.53001872183365295 }, "geometry": { "type": "LineString", "coordinates": [ [ -2.2166919, 53.3550447 ], [ -2.2166563, 53.3550162 ], [ -2.2166138, 53.354981 ], [ -2.216383, 53.3548389 ] ] } },
{ "type": "Feature", "properties": { "id": 36642, "nach": 0.55572749593058679 }, "geometry": { "type": "LineString", "coordinates": [ [ -2.2159797, 53.354624 ], [ -2.2160599, 53.3545921 ], [ -2.2161486, 53.354579200000025 ], [ -2.216248, 53.3545726 ], [ -2.2163475, 53.3545685 ], [ -2.2164195, 53.3545742 ], [ -2.2164942, 53.3545911 ], [ -2.2166039, 53.3546297 ], [ -2.2166629, 53.3546696 ] ] } },
{ "type": "Feature", "properties": { "id": 62092, "nach": 0.55610637563487098 }, "geometry": { "type": "LineString", "coordinates": [ [ -2.215811, 53.3546276 ], [ -2.2159797, 53.354624 ] ] } },
{ "type": "Feature", "properties": { "id": 167390, "nach": 0.63668541234257225 }, "geometry": { "type": "LineString", "coordinates": [ [ -2.2168048, 53.3546088 ], [ -2.2167581, 53.3546248 ], [ -2.2166629, 53.3546696 ] ] } },
{ "type": "Feature", "properties": { "id": 36646, "nach": 0.54196089383390733 }, "geometry": { "type": "LineString", "coordinates": [ [ -2.2167336, 53.3550966 ], [ -2.2166919, 53.3550447 ] ] } },
{ "type": "Feature", "properties": { "id": 62011, "nach": 0.46816691713999647 }, "geometry": { "type": "LineString", "coordinates": [ [ -2.2158669, 53.3551466 ], [ -2.2166919, 53.3550447 ] ] } },
{ "type": "Feature", "properties": { "id": 167392, "nach": 0.42081531742113271 }, "geometry": { "type": "LineString", "coordinates": [ [ -2.2170534, 53.3548044 ], [ -2.2169327, 53.3546647 ], [ -2.21686770000001, 53.3546835 ], [ -2.2168048, 53.3546088 ] ] } },
{ "type": "Feature", "properties": { "id": 61998, "nach": 0.51269112161402797 }, "geometry": { "type": "LineString", "coordinates": [ [ -2.2136088, 53.3546619 ], [ -2.2135986, 53.3545784 ], [ -2.2135943, 53.354475 ], [ -2.2136008, 53.3543859 ], [ -2.2136314, 53.3542985 ], [ -2.2137369, 53.354133200000014 ], [ -2.2137842, 53.353978 ] ] } },
{ "type": "Feature", "properties": { "id": 5216, "nach": 0.48871443795438579 }, "geometry": { "type": "LineString", "coordinates": [ [ -2.2136954, 53.3534485 ], [ -2.213704, 53.3535649 ], [ -2.2137149, 53.3537548 ], [ -2.2137303, 53.353798 ], [ -2.2137654, 53.3538438 ], [ -2.213787300000011, 53.353908 ], [ -2.2137895, 53.3539656 ], [ -2.2137842, 53.353978 ] ] } },
{ "type": "Feature", "properties": { "id": 62049, "nach": 0.39304577039648753 }, "geometry": { "type": "LineString", "coordinates": [ [ -2.212887, 53.3538398 ], [ -2.2127211, 53.3538409 ], [ -2.2126913, 53.3538543 ], [ -2.2126969, 53.3539244 ], [ -2.2127563, 53.354022 ], [ -2.2128448, 53.3540184 ], [ -2.2130681, 53.3540062 ], [ -2.2135734, 53.3539859 ], [ -2.2137842, 53.353978 ] ] } },
{ "type": "Feature", "properties": { "id": 61999, "nach": 0.55480981518870143 }, "geometry": { "type": "LineString", "coordinates": [ [ -2.2136088, 53.3546619 ], [ -2.2134327, 53.3546719 ], [ -2.2134187, 53.3546213 ], [ -2.2133973, 53.3546223 ], [ -2.2131393, 53.3546384 ], [ -2.212831, 53.3546569 ], [ -2.2126654, 53.3546695 ], [ -2.2125578, 53.354657800000012 ] ] } },
{ "type": "Feature", "properties": { "id": 140553, "nach": 0.40871575594851334 }, "geometry": { "type": "LineString", "coordinates": [ [ -2.2143552, 53.3545862 ], [ -2.2136088, 53.3546619 ] ] } },
{ "type": "Feature", "properties": { "id": 5221, "nach": 0.45318825239848387 }, "geometry": { "type": "LineString", "coordinates": [ [ -2.2147319, 53.353352 ], [ -2.2146347, 53.3533721 ], [ -2.2144875, 53.353391200000011 ], [ -2.2143043, 53.3533939 ], [ -2.2141165, 53.3533699 ], [ -2.2139793, 53.3533597 ], [ -2.2138622, 53.353364600000013 ], [ -2.2137732, 53.3533852 ], [ -2.2136965, 53.353436 ], [ -2.2136954, 53.3534485 ] ] } },
{ "type": "Feature", "properties": { "id": 5222, "nach": 0.38727584801933063 }, "geometry": { "type": "LineString", "coordinates": [ [ -2.2127136, 53.3534601 ], [ -2.2130365, 53.3534442 ], [ -2.2132928, 53.3534494 ], [ -2.2134893, 53.3534441 ], [ -2.2136954, 53.3534485 ] ] } },
{ "type": "Feature", "properties": { "id": 62069, "nach": 0.54694968479877359 }, "geometry": { "type": "LineString", "coordinates": [ [ -2.2122726, 53.3551343 ], [ -2.2123718, 53.3551581 ] ] } },
{ "type": "Feature", "properties": { "id": 36629, "nach": 0.43341522595912552 }, "geometry": { "type": "LineString", "coordinates": [ [ -2.2126209, 53.3549376 ], [ -2.2125848, 53.3550082 ], [ -2.212527, 53.3550612 ], [ -2.2123718, 53.3551581 ] ] } },
{ "type": "Feature", "properties": { "id": 62073, "nach": 0.32720340118146229 }, "geometry": { "type": "LineString", "coordinates": [ [ -2.2121387, 53.3546948 ], [ -2.2122726, 53.3551343 ] ] } },
{ "type": "Feature", "properties": { "id": 62121, "nach": 0.47381975987466124 }, "geometry": { "type": "LineString", "coordinates": [ [ -2.2120108, 53.355269 ], [ -2.2122726, 53.3551343 ] ] } },
{ "type": "Feature", "properties": { "id": 62108, "nach": 0.51957739648809143 }, "geometry": { "type": "LineString", "coordinates": [ [ -2.2119606, 53.35498170000001 ], [ -2.2122001, 53.355096900000014 ], [ -2.2122726, 53.3551343 ] ] } },
{ "type": "Feature", "properties": { "id": 36631, "nach": 0.56541561022752318 }, "geometry": { "type": "LineString", "coordinates": [ [ -2.2126137, 53.3549001 ], [ -2.2126209, 53.3549376 ] ] } },
{ "type": "Feature", "properties": { "id": 36632, "nach": 0.57033496264876304 }, "geometry": { "type": "LineString", "coordinates": [ [ -2.2126137, 53.3549001 ], [ -2.2125578, 53.354657800000012 ] ] } },
{ "type": "Feature", "properties": { "id": 167388, "nach": 0.41374978171228594 }, "geometry": { "type": "LineString", "coordinates": [ [ -2.21255630000001, 53.3545558 ], [ -2.2125578, 53.354657800000012 ] ] } },
{ "type": "Feature", "properties": { "id": 62075, "nach": 0.514231985703821 }, "geometry": { "type": "LineString", "coordinates": [ [ -2.2121387, 53.3546948 ], [ -2.2124073, 53.3546718 ], [ -2.2125578, 53.354657800000012 ] ] } },
{ "type": "Feature", "properties": { "id": 62064, "nach": 0.58479868157508874 }, "geometry": { "type": "LineString", "coordinates": [ [ -2.21238910000001, 53.3541906 ], [ -2.212516, 53.3546228 ], [ -2.2125578, 53.354657800000012 ] ] } },
{ "type": "Feature", "properties": { "id": 62095, "nach": 0.40748053290752406 }, "geometry": { "type": "LineString", "coordinates": [ [ -2.2131156, 53.3550189 ], [ -2.213056, 53.3548458 ], [ -2.2126137, 53.3549001 ] ] } },
{ "type": "Feature", "properties": { "id": 36663, "nach": 0.38485985273364087 }, "geometry": { "type": "LineString", "coordinates": [ [ -2.2147722, 53.353269 ], [ -2.2147319, 53.353352 ] ] } },
{ "type": "Feature", "properties": { "id": 36662, "nach": 0.38485985273364087 }, "geometry": { "type": "LineString", "coordinates": [ [ -2.2148057, 53.3534073 ], [ -2.2147319, 53.353352 ] ] } },
{ "type": "Feature", "properties": { "id": 62339, "nach": 0.53397346374035071 }, "geometry": { "type": "LineString", "coordinates": [ [ -2.2146978, 53.3514445 ], [ -2.2147364, 53.3515749 ] ] } },
{ "type": "Feature", "properties": { "id": 36624, "nach": 0.42805752516313789 }, "geometry": { "type": "LineString", "coordinates": [ [ -2.2141172, 53.3516452 ], [ -2.2147364, 53.3515749 ] ] } },
{ "type": "Feature", "properties": { "id": 62340, "nach": 0.42734609357321041 }, "geometry": { "type": "LineString", "coordinates": [ [ -2.2146978, 53.3514445 ], [ -2.2153387, 53.351373 ] ] } },
{ "type": "Feature", "properties": { "id": 62341, "nach": 0.53875914314137296 }, "geometry": { "type": "LineString", "coordinates": [ [ -2.2146978, 53.3514445 ], [ -2.2146583, 53.351319 ], [ -2.21462, 53.3511957 ] ] } },
{ "type": "Feature", "properties": { "id": 62348, "nach": 0.59589046707539206 }, "geometry": { "type": "LineString", "coordinates": [ [ -2.2131186, 53.3499947 ], [ -2.2132832, 53.35002810000001 ] ] } },
{ "type": "Feature", "properties": { "id": 62314, "nach": 0.39161210623375337 }, "geometry": { "type": "LineString", "coordinates": [ [ -2.2133766, 53.34987910000001 ], [ -2.2132832, 53.35002810000001 ] ] } },
{ "type": "Feature", "properties": { "id": 36703, "nach": 0.59635901591751306 }, "geometry": { "type": "LineString", "coordinates": [ [ -2.2136063, 53.3501845 ], [ -2.2135271, 53.3501213 ], [ -2.2134011, 53.3500736 ], [ -2.2132832, 53.35002810000001 ] ] } },
{ "type": "Feature", "properties": { "id": 62349, "nach": 0.44385222333949187 }, "geometry": { "type": "LineString", "coordinates": [ [ -2.2131186, 53.3499947 ], [ -2.2130111, 53.349979 ], [ -2.2128241, 53.3499475 ], [ -2.2126921, 53.3499378 ], [ -2.2125844, 53.3499451 ], [ -2.2124995, 53.349959 ] ] } },
{ "type": "Feature", "properties": { "id": 62350, "nach": 0.59266627120889659 }, "geometry": { "type": "LineString", "coordinates": [ [ -2.2131186, 53.3499947 ], [ -2.213357, 53.349603800000011 ], [ -2.2134052, 53.3495818 ], [ -2.2135227, 53.349379399999989 ] ] } },
{ "type": "Feature", "properties": { "id": 62316, "nach": 0.0 }, "geometry": { "type": "LineString", "coordinates": [ [ -2.2133766, 53.34987910000001 ], [ -2.2138572, 53.3499954 ], [ -2.2136912, 53.3502552 ] ] } },
{ "type": "Feature", "properties": { "id": 62345, "nach": 0.38293210764512442 }, "geometry": { "type": "LineString", "coordinates": [ [ -2.2135227, 53.349379399999989 ], [ -2.2136934, 53.349415400000019 ], [ -2.2135499, 53.3496614 ], [ -2.2135097, 53.3496527 ], [ -2.2133766, 53.34987910000001 ] ] } },
{ "type": "Feature", "properties": { "id": 62298, "nach": 0.56043524461571514 }, "geometry": { "type": "LineString", "coordinates": [ [ -2.2136912, 53.3502552 ], [ -2.2136063, 53.3501845 ] ] } },
{ "type": "Feature", "properties": { "id": 62189, "nach": 0.54619292087911875 }, "geometry": { "type": "LineString", "coordinates": [ [ -2.2134477, 53.3504195 ], [ -2.2136063, 53.3501845 ] ] } },
{ "type": "Feature", "properties": { "id": 5248, "nach": 0.60681314994004742 }, "geometry": { "type": "LineString", "coordinates": [ [ -2.2123482, 53.349698600000011 ], [ -2.2123683, 53.3497528 ], [ -2.2124041, 53.3498213 ], [ -2.2124995, 53.349959 ] ] } },
{ "type": "Feature", "properties": { "id": 5236, "nach": 0.60803623229702308 }, "geometry": { "type": "LineString", "coordinates": [ [ -2.212295, 53.3500694 ], [ -2.2123994, 53.349996 ], [ -2.2124995, 53.349959 ] ] } },
{ "type": "Feature", "properties": { "id": 5250, "nach": 0.0 }, "geometry": { "type": "LineString", "coordinates": [ [ -2.2123482, 53.349698600000011 ], [ -2.2122468, 53.3497254 ], [ -2.2119966, 53.3499565 ], [ -2.212295, 53.3500694 ] ] } },
{ "type": "Feature", "properties": { "id": 36764, "nach": 0.60717005438435023 }, "geometry": { "type": "LineString", "coordinates": [ [ -2.2129299, 53.34913310000001 ], [ -2.21274190000001, 53.349090399999987 ], [ -2.2127036, 53.349142400000019 ], [ -2.2124059, 53.3495803 ], [ -2.2123663, 53.3496547 ], [ -2.2123482, 53.349698600000011 ] ] } },
{ "type": "Feature", "properties": { "id": 62206, "nach": 0.60658688464991783 }, "geometry": { "type": "LineString", "coordinates": [ [ -2.2120809, 53.350397 ], [ -2.2122135, 53.350189300000011 ], [ -2.2122587, 53.3501258 ], [ -2.212295, 53.3500694 ] ] } },
{ "type": "Feature", "properties": { "id": 62211, "nach": 0.58921965784103292 }, "geometry": { "type": "LineString", "coordinates": [ [ -2.2120311, 53.3504895 ], [ -2.2120809, 53.350397 ] ] } },
{ "type": "Feature", "properties": { "id": 62275, "nach": 0.53601471475317874 }, "geometry": { "type": "LineString", "coordinates": [ [ -2.2122728, 53.3504414 ], [ -2.2120809, 53.350397 ] ] } },
{ "type": "Feature", "properties": { "id": 167396, "nach": 0.59483604082005204 }, "geometry": { "type": "LineString", "coordinates": [ [ -2.214707, 53.3483146 ], [ -2.2142373, 53.3484428 ] ] } },
{ "type": "Feature", "properties": { "id": 63368, "nach": 0.65046324747317419 }, "geometry": { "type": "LineString", "coordinates": [ [ -2.2137778, 53.3486979 ], [ -2.2142373, 53.3484428 ] ] } },
{ "type": "Feature", "properties": { "id": 145060, "nach": 0.59773613999780784 }, "geometry": { "type": "LineString", "coordinates": [ [ -2.214256, 53.348569 ], [ -2.2142373, 53.3484428 ] ] } },
{ "type": "Feature", "properties": { "id": 36612, "nach": 0.61359700329942257 }, "geometry": { "type": "LineString", "coordinates": [ [ -2.2138923, 53.3480183 ], [ -2.2139762, 53.3481549 ], [ -2.2140365, 53.3482441 ], [ -2.2140947, 53.3483067 ], [ -2.2142373, 53.3484428 ] ] } },
{ "type": "Feature", "properties": { "id": 167397, "nach": 0.59301969142081423 }, "geometry": { "type": "LineString", "coordinates": [ [ -2.214707, 53.3483146 ], [ -2.2148988, 53.3482777 ], [ -2.2150815, 53.3482485 ], [ -2.2151649, 53.348249200000012 ] ] } },
{ "type": "Feature", "properties": { "id": 167401, "nach": 0.34583296917646467 }, "geometry": { "type": "LineString", "coordinates": [ [ -2.2148381, 53.3485745 ], [ -2.2148331, 53.3484652 ], [ -2.2148175, 53.3484357 ], [ -2.214707, 53.3483146 ] ] } },
{ "type": "Feature", "properties": { "id": 63370, "nach": 0.65069298978183865 }, "geometry": { "type": "LineString", "coordinates": [ [ -2.2137778, 53.3486979 ], [ -2.2135949, 53.3488072 ], [ -2.2134874, 53.34884730000001 ], [ -2.2133615, 53.348858600000014 ] ] } },
{ "type": "Feature", "properties": { "id": 63369, "nach": 0.43596914543806964 }, "geometry": { "type": "LineString", "coordinates": [ [ -2.2137778, 53.3486979 ], [ -2.2136435, 53.34859 ] ] } },
{ "type": "Feature", "properties": { "id": 145062, "nach": 0.52515096847711573 }, "geometry": { "type": "LineString", "coordinates": [ [ -2.214256, 53.348569 ], [ -2.2142799, 53.3487533 ], [ -2.2142805, 53.348799 ] ] } },
{ "type": "Feature", "properties": { "id": 167399, "nach": 0.57138494785749383 }, "geometry": { "type": "LineString", "coordinates": [ [ -2.2148381, 53.3485745 ], [ -2.214256, 53.348569 ] ] } },
{ "type": "Feature", "properties": { "id": 36613, "nach": 0.35305173489517627 }, "geometry": { "type": "LineString", "coordinates": [ [ -2.2138923, 53.3480183 ], [ -2.2134813, 53.3481234 ], [ -2.2132448, 53.348137200000011 ], [ -2.2131632, 53.348151700000024 ], [ -2.2131276, 53.3481812 ], [ -2.2130902, 53.3482625 ], [ -2.2130843, 53.3486865 ], [ -2.2130187, 53.3487238 ], [ -2.2130143, 53.3488525 ] ] } },
{ "type": "Feature", "properties": { "id": 36777, "nach": 0.61240343597305058 }, "geometry": { "type": "LineString", "coordinates": [ [ -2.2138582, 53.347964 ], [ -2.2138923, 53.3480183 ] ] } },
{ "type": "Feature", "properties": { "id": 63367, "nach": 0.43286397539921279 }, "geometry": { "type": "LineString", "coordinates": [ [ -2.212696, 53.3488602 ], [ -2.2130143, 53.3488525 ] ] } },
{ "type": "Feature", "properties": { "id": 62352, "nach": 0.64730240843286002 }, "geometry": { "type": "LineString", "coordinates": [ [ -2.213171, 53.3491244 ], [ -2.2133615, 53.348858600000014 ] ] } },
{ "type": "Feature", "properties": { "id": 36766, "nach": 0.35487951507596371 }, "geometry": { "type": "LineString", "coordinates": [ [ -2.2129299, 53.34913310000001 ], [ -2.2129002, 53.3491877 ], [ -2.2130848, 53.3492344 ] ] } },
{ "type": "Feature", "properties": { "id": 62353, "nach": 0.60856387789959399 }, "geometry": { "type": "LineString", "coordinates": [ [ -2.213171, 53.3491244 ], [ -2.2129597, 53.349081 ], [ -2.2129299, 53.34913310000001 ] ] } },
{ "type": "Feature", "properties": { "id": 36750, "nach": 0.5988123494111921 }, "geometry": { "type": "LineString", "coordinates": [ [ -2.2137009, 53.3477258 ], [ -2.2136367, 53.347634499999984 ], [ -2.2135724, 53.3475589 ] ] } },
{ "type": "Feature", "properties": { "id": 36767, "nach": 0.42511498475842907 }, "geometry": { "type": "LineString", "coordinates": [ [ -2.2143502, 53.3474834 ], [ -2.2142819, 53.3474576 ], [ -2.2142273, 53.3474522 ], [ -2.214084, 53.3474467 ], [ -2.2139907, 53.3474508 ], [ -2.2139292, 53.3474644 ], [ -2.2135724, 53.3475589 ] ] } },
{ "type": "Feature", "properties": { "id": 36748, "nach": 0.6025602222965003 }, "geometry": { "type": "LineString", "coordinates": [ [ -2.2137009, 53.3477258 ], [ -2.2137607, 53.3478193 ] ] } },
{ "type": "Feature", "properties": { "id": 36776, "nach": 0.60560672136848581 }, "geometry": { "type": "LineString", "coordinates": [ [ -2.2138582, 53.347964 ], [ -2.2137607, 53.3478193 ] ] } },
{ "type": "Feature", "properties": { "id": 63371, "nach": 0.42932640751890599 }, "geometry": { "type": "LineString", "coordinates": [ [ -2.2132175, 53.3479065 ], [ -2.2133586, 53.347888 ], [ -2.2134902, 53.3478739 ], [ -2.2136611, 53.3478443 ], [ -2.2137607, 53.3478193 ] ] } },
{ "type": "Feature", "properties": { "id": 36774, "nach": 0.47353486817341434 }, "geometry": { "type": "LineString", "coordinates": [ [ -2.2138852, 53.347665 ], [ -2.2137009, 53.3477258 ] ] } },
{ "type": "Feature", "properties": { "id": 36778, "nach": 0.47353097429602631 }, "geometry": { "type": "LineString", "coordinates": [ [ -2.2138582, 53.347964 ], [ -2.2141022, 53.3479317 ] ] } },
{ "type": "Feature", "properties": { "id": 61931, "nach": 0.532751337954117 }, "geometry": { "type": "LineString", "coordinates": [ [ -2.2166454, 53.3477141 ], [ -2.2171845, 53.3477276 ], [ -2.2177417, 53.3477431 ], [ -2.2181379, 53.3477626 ], [ -2.2185764, 53.3477878 ] ] } },
{ "type": "Feature", "properties": { "id": 58675, "nach": 0.44464435143982167 }, "geometry": { "type": "LineString", "coordinates": [ [ -2.2172447, 53.3491475 ], [ -2.2184623, 53.3490462 ], [ -2.219638, 53.3489469 ] ] } },
{ "type": "Feature", "properties": { "id": 36597, "nach": 0.49927911608486986 }, "geometry": { "type": "LineString", "coordinates": [ [ -2.2164564, 53.3486522 ], [ -2.21671, 53.348600500000018 ], [ -2.2168674, 53.3485652 ], [ -2.2169904, 53.348553299999985 ], [ -2.2171741, 53.3485272 ], [ -2.2176201, 53.3484865 ], [ -2.2181828, 53.348448 ], [ -2.2187247, 53.3484023 ], [ -2.2188531, 53.3484713 ], [ -2.2189183, 53.3484663 ], [ -2.21895830000001, 53.3484751 ], [ -2.2190515, 53.348514 ], [ -2.2190932, 53.3485198 ], [ -2.2193706, 53.348489400000012 ], [ -2.2195393, 53.3485516 ], [ -2.2195916, 53.3485872 ] ] } },
{ "type": "Feature", "properties": { "id": 58674, "nach": 0.51679645428394039 }, "geometry": { "type": "LineString", "coordinates": [ [ -2.2172447, 53.3491475 ], [ -2.2165465, 53.3492058 ], [ -2.2156787, 53.3492972 ], [ -2.2154045, 53.34931790000001 ], [ -2.2151581, 53.3493346 ] ] } },
{ "type": "Feature", "properties": { "id": 58676, "nach": 0.50879481303957241 }, "geometry": { "type": "LineString", "coordinates": [ [ -2.2172447, 53.3491475 ], [ -2.2172675, 53.3492459 ], [ -2.2173276, 53.3494859 ] ] } },
{ "type": "Feature", "properties": { "id": 36596, "nach": 0.52144943927003984 }, "geometry": { "type": "LineString", "coordinates": [ [ -2.2164564, 53.3486522 ], [ -2.2163335, 53.3486676 ], [ -2.2161879, 53.3486787 ], [ -2.2159142, 53.3486827 ], [ -2.2151836, 53.3486834 ] ] } },
{ "type": "Feature", "properties": { "id": 78852, "nach": 0.42143545456258841 }, "geometry": { "type": "LineString", "coordinates": [ [ -2.2161119, 53.3484216 ], [ -2.2161089, 53.3483426 ], [ -2.2161273, 53.3483261 ], [ -2.2161981, 53.3483196 ], [ -2.2163659, 53.3483167 ], [ -2.216394, 53.3483327 ], [ -2.2164192, 53.3485608 ], [ -2.2164564, 53.3486522 ] ] } },
{ "type": "Feature", "properties": { "id": 61929, "nach": 0.54612928812899086 }, "geometry": { "type": "LineString", "coordinates": [ [ -2.2166454, 53.3477141 ], [ -2.2161163, 53.3477034 ] ] } },
{ "type": "Feature", "properties": { "id": 61930, "nach": 0.4194087197479115 }, "geometry": { "type": "LineString", "coordinates": [ [ -2.2166454, 53.3477141 ], [ -2.2166229, 53.3482068 ] ] } },
{ "type": "Feature", "properties": { "id": 6082, "nach": 0.56767194820572786 }, "geometry": { "type": "LineString", "coordinates": [ [ -2.2152016, 53.3476461 ], [ -2.2158531, 53.3476888 ], [ -2.2161163, 53.3477034 ] ] } },
{ "type": "Feature", "properties": { "id": 36745, "nach": 0.49343612149208183 }, "geometry": { "type": "LineString", "coordinates": [ [ -2.2160302, 53.3479432 ], [ -2.2160978, 53.3479247 ], [ -2.2161163, 53.3477034 ] ] } },
{ "type": "Feature", "properties": { "id": 6140, "nach": 0.63431244077620674 }, "geometry": { "type": "LineString", "coordinates": [ [ -2.2151649, 53.348249200000012 ], [ -2.2151928, 53.34795170000001 ], [ -2.2152016, 53.3476461 ] ] } },
{ "type": "Feature", "properties": { "id": 36747, "nach": 0.42452287140855305 }, "geometry": { "type": "LineString", "coordinates": [ [ -2.216028, 53.3481186 ], [ -2.2160302, 53.3479432 ] ] } },
{ "type": "Feature", "properties": { "id": 36746, "nach": 0.42275515485940818 }, "geometry": { "type": "LineString", "coordinates": [ [ -2.2157943, 53.348122900000021 ], [ -2.2157991, 53.3479443 ], [ -2.2160302, 53.3479432 ] ] } },
{ "type": "Feature", "properties": { "id": 36790, "nach": 0.60800009457101201 }, "geometry": { "type": "LineString", "coordinates": [ [ -2.2151695, 53.3490996 ], [ -2.2151581, 53.3493346 ] ] } },
{ "type": "Feature", "properties": { "id": 36792, "nach": 0.59755171880904989 }, "geometry": { "type": "LineString", "coordinates": [ [ -2.2151604, 53.3494741 ], [ -2.2151581, 53.3493346 ] ] } },
{ "type": "Feature", "properties": { "id": 167407, "nach": 0.60841759384611371 }, "geometry": { "type": "LineString", "coordinates": [ [ -2.2151813, 53.3487348 ], [ -2.2151745, 53.3488859 ], [ -2.2151729, 53.3490412 ], [ -2.2151695, 53.3490996 ] ] } },
{ "type": "Feature", "properties": { "id": 36793, "nach": 0.0 }, "geometry": { "type": "LineString", "coordinates": [ [ -2.2151604, 53.3494741 ], [ -2.2150501, 53.3494048 ], [ -2.2150298, 53.3493822 ], [ -2.2150228, 53.3493476 ], [ -2.2150256, 53.3491252 ], [ -2.2150377, 53.3491076 ], [ -2.2150653, 53.34909840000001 ], [ -2.2151695, 53.3490996 ] ] } },
{ "type": "Feature", "properties": { "id": 36794, "nach": 0.59735762382257873 }, "geometry": { "type": "LineString", "coordinates": [ [ -2.2151604, 53.3494741 ], [ -2.2151645, 53.3495031 ], [ -2.215177, 53.3495918 ] ] } },
{ "type": "Feature", "properties": { "id": 145058, "nach": 0.62160673788145115 }, "geometry": { "type": "LineString", "coordinates": [ [ -2.2151791, 53.3485778 ], [ -2.2151836, 53.3486834 ] ] } },
{ "type": "Feature", "properties": { "id": 167406, "nach": 0.61014498724146671 }, "geometry": { "type": "LineString", "coordinates": [ [ -2.2151813, 53.3487348 ], [ -2.2151836, 53.3486834 ] ] } },
{ "type": "Feature", "properties": { "id": 145057, "nach": 0.59109644870737565 }, "geometry": { "type": "LineString", "coordinates": [ [ -2.2151791, 53.3485778 ], [ -2.2151649, 53.348249200000012 ] ] } },
{ "type": "Feature", "properties": { "id": 167410, "nach": 0.57190187572819073 }, "geometry": { "type": "LineString", "coordinates": [ [ -2.2149524, 53.3485756 ], [ -2.2151791, 53.3485778 ] ] } },
{ "type": "Feature", "properties": { "id": 167411, "nach": 0.0 }, "geometry": { "type": "LineString", "coordinates": [ [ -2.2149524, 53.3485756 ], [ -2.2149505, 53.3487338 ], [ -2.2151813, 53.3487348 ] ] } },
{ "type": "Feature", "properties": { "id": 6088, "nach": 0.39481836783440027 }, "geometry": { "type": "LineString", "coordinates": [ [ -2.2152772, 53.350038700000013 ], [ -2.2151547, 53.3500473 ] ] } },
{ "type": "Feature", "properties": { "id": 162356, "nach": 0.56579543946280031 }, "geometry": { "type": "LineString", "coordinates": [ [ -2.2152683, 53.350005900000014 ], [ -2.2152772, 53.350038700000013 ] ] } },
{ "type": "Feature", "properties": { "id": 36783, "nach": 0.5651505293826673 }, "geometry": { "type": "LineString", "coordinates": [ [ -2.215341, 53.3502916 ], [ -2.2152772, 53.350038700000013 ] ] } },
{ "type": "Feature", "properties": { "id": 36785, "nach": 0.51902291933815625 }, "geometry": { "type": "LineString", "coordinates": [ [ -2.215341, 53.3502916 ], [ -2.2152795, 53.350296400000012 ], [ -2.2152536, 53.35029040000002 ], [ -2.215231, 53.3502774 ], [ -2.2151547, 53.3500473 ] ] } },
{ "type": "Feature", "properties": { "id": 36786, "nach": 0.51861602773734194 }, "geometry": { "type": "LineString", "coordinates": [ [ -2.2151547, 53.3500473 ], [ -2.2151283, 53.3500444 ], [ -2.2151047, 53.3500383 ], [ -2.2150821, 53.3500249 ], [ -2.2150689, 53.3500107 ], [ -2.2149602, 53.349606799999989 ] ] } },
{ "type": "Feature", "properties": { "id": 162355, "nach": 0.56372716177807292 }, "geometry": { "type": "LineString", "coordinates": [ [ -2.2152683, 53.350005900000014 ], [ -2.2151959, 53.3497 ] ] } },
{ "type": "Feature", "properties": { "id": 162357, "nach": 0.37995214956186862 }, "geometry": { "type": "LineString", "coordinates": [ [ -2.2152683, 53.350005900000014 ], [ -2.2155539, 53.34997820000001 ] ] } },
{ "type": "Feature", "properties": { "id": 36784, "nach": 0.58941991552449968 }, "geometry": { "type": "LineString", "coordinates": [ [ -2.215341, 53.3502916 ], [ -2.2153517, 53.3503402 ] ] } },
{ "type": "Feature", "properties": { "id": 6095, "nach": 0.52920829041976114 }, "geometry": { "type": "LineString", "coordinates": [ [ -2.2149602, 53.349606799999989 ], [ -2.21462520000001, 53.3496316 ] ] } },
{ "type": "Feature", "properties": { "id": 36620, "nach": 0.52402916994631188 }, "geometry": { "type": "LineString", "coordinates": [ [ -2.2143815, 53.349650400000016 ], [ -2.2145144, 53.349640099999988 ], [ -2.21462520000001, 53.3496316 ] ] } },
{ "type": "Feature", "properties": { "id": 63400, "nach": 0.0 }, "geometry": { "type": "LineString", "coordinates": [ [ -2.2142805, 53.348799 ], [ -2.2146326, 53.3488022 ], [ -2.2146338, 53.34893 ], [ -2.21462520000001, 53.3496316 ] ] } },
{ "type": "Feature", "properties": { "id": 36787, "nach": 0.44319213900912457 }, "geometry": { "type": "LineString", "coordinates": [ [ -2.215177, 53.3495918 ], [ -2.2149602, 53.349606799999989 ] ] } },
{ "type": "Feature", "properties": { "id": 63398, "nach": 0.51553234109783985 }, "geometry": { "type": "LineString", "coordinates": [ [ -2.2142805, 53.348799 ], [ -2.21428, 53.34893 ], [ -2.21428320000001, 53.3492278 ], [ -2.2142898, 53.3496026 ], [ -2.2143264, 53.349632 ], [ -2.2143815, 53.349650400000016 ] ] } },
{ "type": "Feature", "properties": { "id": 36623, "nach": 0.42540400265607919 }, "geometry": { "type": "LineString", "coordinates": [ [ -2.2143419, 53.3500071 ], [ -2.2143035, 53.3498352 ], [ -2.2143007, 53.3497713 ], [ -2.2143199, 53.3497107 ], [ -2.2143815, 53.349650400000016 ] ] } },
{ "type": "Feature", "properties": { "id": 36789, "nach": 0.59518183985575757 }, "geometry": { "type": "LineString", "coordinates": [ [ -2.215177, 53.3495918 ], [ -2.2151806, 53.34961710000001 ], [ -2.2151959, 53.3497 ] ] } },
{ "type": "Feature", "properties": { "id": 36610, "nach": 0.54184210214598538 }, "geometry": { "type": "LineString", "coordinates": [ [ -2.2195769, 53.349356199999988 ], [ -2.2196136, 53.3493343 ], [ -2.2196488, 53.3493111 ], [ -2.2197148, 53.3492645 ], [ -2.2198745, 53.349161499999987 ] ] } },
{ "type": "Feature", "properties": { "id": 62351, "nach": 0.59727132879762979 }, "geometry": { "type": "LineString", "coordinates": [ [ -2.213171, 53.3491244 ], [ -2.2130848, 53.3492344 ] ] } },
{ "type": "Feature", "properties": { "id": 62347, "nach": 0.59580879787688923 }, "geometry": { "type": "LineString", "coordinates": [ [ -2.2135227, 53.349379399999989 ], [ -2.2133847, 53.3493432 ], [ -2.2132849, 53.3493066 ], [ -2.2132076, 53.349274800000011 ], [ -2.2131658, 53.3492596 ], [ -2.2130848, 53.3492344 ] ] } },
{ "type": "Feature", "properties": { "id": 56808, "nach": 0.3313461453338527 }, "geometry": { "type": "LineString", "coordinates": [ [ -2.1983016, 53.3557152 ], [ -2.1965206, 53.3550797 ], [ -2.1952276, 53.3545907 ], [ -2.1948018, 53.3544394 ], [ -2.194679, 53.3544075 ], [ -2.1945513, 53.3543807 ], [ -2.1944646, 53.3543698 ], [ -2.1943602, 53.3543604 ], [ -2.193856, 53.354328700000011 ], [ -2.1937819, 53.3543099 ], [ -2.1937276, 53.354281 ], [ -2.193702, 53.3542455 ], [ -2.1936983, 53.3542153 ], [ -2.1937077, 53.3541875 ] ] } },
{ "type": "Feature", "properties": { "id": 56809, "nach": 0.35145248085153485 }, "geometry": { "type": "LineString", "coordinates": [ [ -2.1983016, 53.3557152 ], [ -2.1983506, 53.3558084 ], [ -2.1982946, 53.3563539 ], [ -2.1982921, 53.3563814 ], [ -2.1982603, 53.3564041 ] ] } },
{ "type": "Feature", "properties": { "id": 111621, "nach": 0.37927648157810551 }, "geometry": { "type": "LineString", "coordinates": [ [ -2.199124, 53.3563334 ], [ -2.1991207, 53.3562567 ], [ -2.1990918, 53.3561846 ], [ -2.1990461, 53.356095 ], [ -2.1990155, 53.356050299999985 ], [ -2.1989916, 53.3560238 ], [ -2.1989578, 53.3559958 ], [ -2.198638, 53.3558365 ], [ -2.1983016, 53.3557152 ] ] } },
{ "type": "Feature", "properties": { "id": 159508, "nach": 0.56471525960749702 }, "geometry": { "type": "LineString", "coordinates": [ [ -2.2026742, 53.3573553 ], [ -2.2026141, 53.3575043 ] ] } },
{ "type": "Feature", "properties": { "id": 159511, "nach": 0.39244369196575074 }, "geometry": { "type": "LineString", "coordinates": [ [ -2.2031602, 53.3571287 ], [ -2.2030569, 53.3573488 ], [ -2.203014, 53.357384 ], [ -2.2029657, 53.357396 ], [ -2.2028235, 53.3573768 ], [ -2.2026742, 53.3573553 ] ] } },
{ "type": "Feature", "properties": { "id": 6817, "nach": 0.31747153799256428 }, "geometry": { "type": "LineString", "coordinates": [ [ -2.2024136, 53.357279200000015 ], [ -2.2023856, 53.3572843 ], [ -2.2023616, 53.3572917 ], [ -2.2023402, 53.3573047 ], [ -2.2023284, 53.357321 ], [ -2.2023322, 53.35739490000001 ], [ -2.2019353, 53.3574021 ] ] } },
{ "type": "Feature", "properties": { "id": 6818, "nach": 0.43995130611565458 }, "geometry": { "type": "LineString", "coordinates": [ [ -2.2024136, 53.357279200000015 ], [ -2.2022661, 53.357258 ], [ -2.2019302, 53.3572603 ] ] } },
{ "type": "Feature", "properties": { "id": 82390, "nach": 0.42692170731302226 }, "geometry": { "type": "LineString", "coordinates": [ [ -2.2019302, 53.3572603 ], [ -2.2019353, 53.3574021 ] ] } },
{ "type": "Feature", "properties": { "id": 82384, "nach": 0.30201640397001162 }, "geometry": { "type": "LineString", "coordinates": [ [ -2.2019353, 53.3574021 ], [ -2.2012908, 53.3574132 ], [ -2.2012865, 53.357312 ] ] } },
{ "type": "Feature", "properties": { "id": 159605, "nach": 0.43867192683952394 }, "geometry": { "type": "LineString", "coordinates": [ [ -2.2019164, 53.3574876 ], [ -2.2019142, 53.3574248 ], [ -2.2019361, 53.3574246 ], [ -2.2019353, 53.3574021 ] ] } },
{ "type": "Feature", "properties": { "id": 82391, "nach": 0.41413339217476847 }, "geometry": { "type": "LineString", "coordinates": [ [ -2.2019302, 53.3572603 ], [ -2.2019249, 53.3571151 ] ] } },
{ "type": "Feature", "properties": { "id": 82392, "nach": 0.44220255513431195 }, "geometry": { "type": "LineString", "coordinates": [ [ -2.2019302, 53.3572603 ], [ -2.2012848, 53.3572707 ] ] } },
{ "type": "Feature", "properties": { "id": 6819, "nach": 0.43582873327334232 }, "geometry": { "type": "LineString", "coordinates": [ [ -2.2012786, 53.357124800000015 ], [ -2.2012745, 53.3570288 ] ] } },
{ "type": "Feature", "properties": { "id": 82354, "nach": 0.41284631335933003 }, "geometry": { "type": "LineString", "coordinates": [ [ -2.2019249, 53.3571151 ], [ -2.2012786, 53.357124800000015 ] ] } },
{ "type": "Feature", "properties": { "id": 82386, "nach": 0.44705626511271634 }, "geometry": { "type": "LineString", "coordinates": [ [ -2.2012805, 53.357169400000011 ], [ -2.2012786, 53.357124800000015 ] ] } },
{ "type": "Feature", "properties": { "id": 82364, "nach": 0.38614544717370414 }, "geometry": { "type": "LineString", "coordinates": [ [ -2.2007421, 53.3570384 ], [ -2.2012745, 53.3570288 ] ] } },
{ "type": "Feature", "properties": { "id": 82379, "nach": 0.47399197754651162 }, "geometry": { "type": "LineString", "coordinates": [ [ -2.2012745, 53.3570288 ], [ -2.2012728, 53.3569884 ] ] } },
{ "type": "Feature", "properties": { "id": 82352, "nach": 0.40626217700175138 }, "geometry": { "type": "LineString", "coordinates": [ [ -2.2019249, 53.3571151 ], [ -2.2019201, 53.3569814 ] ] } },
{ "type": "Feature", "properties": { "id": 82388, "nach": 0.41744995708181337 }, "geometry": { "type": "LineString", "coordinates": [ [ -2.2022571, 53.3571116 ], [ -2.2019249, 53.3571151 ] ] } },
{ "type": "Feature", "properties": { "id": 11360, "nach": 0.54889589152556062 }, "geometry": { "type": "LineString", "coordinates": [ [ -2.2151959, 53.3497 ], [ -2.21547720000001, 53.3496741 ] ] } },
{ "type": "Feature", "properties": { "id": 11363, "nach": 0.48843286292340771 }, "geometry": { "type": "LineString", "coordinates": [ [ -2.21547720000001, 53.3496741 ], [ -2.2165905, 53.349594 ] ] } },
{ "type": "Feature", "properties": { "id": 11364, "nach": 0.51611872182200969 }, "geometry": { "type": "LineString", "coordinates": [ [ -2.21547720000001, 53.3496741 ], [ -2.2155539, 53.34997820000001 ] ] } },
{ "type": "Feature", "properties": { "id": 36755, "nach": 0.48093834702744515 }, "geometry": { "type": "LineString", "coordinates": [ [ -2.2165905, 53.349594 ], [ -2.216972, 53.349549 ], [ -2.2170972, 53.349566 ] ] } },
{ "type": "Feature", "properties": { "id": 163774, "nach": 0.45988333056070541 }, "geometry": { "type": "LineString", "coordinates": [ [ -2.2165999, 53.349852700000014 ], [ -2.2166442, 53.3498138 ], [ -2.2165905, 53.349594 ] ] } },
{ "type": "Feature", "properties": { "id": 162353, "nach": 0.51330266933393875 }, "geometry": { "type": "LineString", "coordinates": [ [ -2.2155539, 53.34997820000001 ], [ -2.2155701, 53.350045 ] ] } },
{ "type": "Feature", "properties": { "id": 163767, "nach": 0.52203243251516385 }, "geometry": { "type": "LineString", "coordinates": [ [ -2.2156527, 53.3503868 ], [ -2.215721, 53.3506693 ] ] } },
{ "type": "Feature", "properties": { "id": 163785, "nach": 0.54739494312400216 }, "geometry": { "type": "LineString", "coordinates": [ [ -2.2168178, 53.3505564 ], [ -2.2162131, 53.3506243 ], [ -2.215721, 53.3506693 ] ] } },
{ "type": "Feature", "properties": { "id": 82423, "nach": 0.48746031607049523 }, "geometry": { "type": "LineString", "coordinates": [ [ -2.2005047, 53.3481427 ], [ -2.2004344, 53.3481875 ], [ -2.2000927, 53.3483884 ], [ -2.1999118, 53.3486415 ], [ -2.1996704, 53.3496319 ], [ -2.1995271, 53.3500404 ], [ -2.1993855, 53.350213299999986 ], [ -2.1992111, 53.3503389 ], [ -2.1990175, 53.3504506 ], [ -2.1988504, 53.350493099999987 ], [ -2.1986825, 53.3505105 ], [ -2.1984767, 53.3504738 ], [ -2.1981564, 53.350331400000016 ] ] } },
{ "type": "Feature", "properties": { "id": 117492, "nach": 0.54859646097358639 }, "geometry": { "type": "LineString", "coordinates": [ [ -2.2088452, 53.3517826 ], [ -2.208835, 53.3518222 ], [ -2.2087456, 53.3519292 ], [ -2.208627, 53.3519901 ] ] } },
{ "type": "Feature", "properties": { "id": 117491, "nach": 0.4365693725458123 }, "geometry": { "type": "LineString", "coordinates": [ [ -2.2087487, 53.3522585 ], [ -2.2087308, 53.3521381 ], [ -2.2086921, 53.352062500000017 ], [ -2.208627, 53.3519901 ] ] } },
{ "type": "Feature", "properties": { "id": 117493, "nach": 0.54730664288931075 }, "geometry": { "type": "LineString", "coordinates": [ [ -2.2088452, 53.3517826 ], [ -2.2088678, 53.3516946 ], [ -2.2087789, 53.351108600000011 ], [ -2.20878420000001, 53.351036500000014 ] ] } },
{ "type": "Feature", "properties": { "id": 117495, "nach": 0.38602520537418572 }, "geometry": { "type": "LineString", "coordinates": [ [ -2.2090495, 53.3511249 ], [ -2.2090574, 53.3517288 ], [ -2.2090363, 53.3517777 ], [ -2.2090152, 53.3518013 ], [ -2.2089676, 53.351812399999986 ], [ -2.2089095, 53.3518013 ], [ -2.2088452, 53.3517826 ] ] } },
{ "type": "Feature", "properties": { "id": 117490, "nach": 0.38551871237260926 }, "geometry": { "type": "LineString", "coordinates": [ [ -2.2087487, 53.3522585 ], [ -2.2087536, 53.3522807 ], [ -2.2087985, 53.3523659 ], [ -2.2088197, 53.3524037 ], [ -2.2094141, 53.352548799999987 ], [ -2.2094563, 53.3525393 ], [ -2.209496, 53.3525267 ], [ -2.2095509, 53.3524357 ] ] } },
{ "type": "Feature", "properties": { "id": 71368, "nach": 0.42757280827395883 }, "geometry": { "type": "LineString", "coordinates": [ [ -2.1999447, 53.3553423 ], [ -2.2000274, 53.355304 ], [ -2.2001114, 53.3552604 ], [ -2.2001982, 53.3552138 ], [ -2.2002736, 53.3551678 ], [ -2.2003266, 53.3551291 ] ] } },
{ "type": "Feature", "properties": { "id": 130284, "nach": 0.53487413753196533 }, "geometry": { "type": "LineString", "coordinates": [ [ -2.1998675, 53.3552296 ], [ -2.2000013, 53.3552162 ], [ -2.20013, 53.3551835 ], [ -2.2002664, 53.355150200000011 ], [ -2.2003266, 53.3551291 ] ] } },
{ "type": "Feature", "properties": { "id": 35174, "nach": 0.55308826006631873 }, "geometry": { "type": "LineString", "coordinates": [ [ -2.201137828255845, 53.353490659955895 ], [ -2.2003266, 53.3551291 ] ] } },
{ "type": "Feature", "properties": { "id": 167351, "nach": 0.46466048022009482 }, "geometry": { "type": "LineString", "coordinates": [ [ -2.2162954, 53.3530479 ], [ -2.2161206, 53.3530824 ], [ -2.2160121, 53.3531689 ], [ -2.2154425, 53.353259799999989 ] ] } },
{ "type": "Feature", "properties": { "id": 153169, "nach": 0.42760805371830674 }, "geometry": { "type": "LineString", "coordinates": [ [ -2.216491, 53.3536704 ], [ -2.2166651, 53.3536299 ] ] } },
{ "type": "Feature", "properties": { "id": 58668, "nach": 0.52538692507678675 }, "geometry": { "type": "LineString", "coordinates": [ [ -2.2181389, 53.349458700000014 ], [ -2.2183563, 53.349437 ], [ -2.219529, 53.3493451 ], [ -2.2195769, 53.349356199999988 ] ] } },
{ "type": "Feature", "properties": { "id": 58683, "nach": 0.46453887540693728 }, "geometry": { "type": "LineString", "coordinates": [ [ -2.219534, 53.350400100000016 ], [ -2.2199898, 53.3501131 ], [ -2.220003, 53.3500983 ], [ -2.2200068, 53.3500826 ], [ -2.2196063, 53.3493837 ], [ -2.2195769, 53.349356199999988 ] ] } },
{ "type": "Feature", "properties": { "id": 58687, "nach": 0.4906112571245555 }, "geometry": { "type": "LineString", "coordinates": [ [ -2.2182124, 53.349750899999989 ], [ -2.2181389, 53.349458700000014 ] ] } },
{ "type": "Feature", "properties": { "id": 58670, "nach": 0.53935558141962248 }, "geometry": { "type": "LineString", "coordinates": [ [ -2.2173276, 53.3494859 ], [ -2.2181302, 53.349424300000017 ], [ -2.2181389, 53.349458700000014 ] ] } },
{ "type": "Feature", "properties": { "id": 58684, "nach": 0.43753388900353712 }, "geometry": { "type": "LineString", "coordinates": [ [ -2.2185217, 53.3498979 ], [ -2.2186811, 53.3501635 ], [ -2.219534, 53.350400100000016 ] ] } },
{ "type": "Feature", "properties": { "id": 62103, "nach": 0.56244091611393388 }, "geometry": { "type": "LineString", "coordinates": [ [ -2.2119339, 53.3528797 ], [ -2.2120309, 53.3528501 ] ] } },
{ "type": "Feature", "properties": { "id": 61980, "nach": 0.4114238660217735 }, "geometry": { "type": "LineString", "coordinates": [ [ -2.2171586, 53.3549667 ], [ -2.2171642, 53.355078599999985 ], [ -2.2168181, 53.3550901 ], [ -2.2167336, 53.3550966 ] ] } },
{ "type": "Feature", "properties": { "id": 62054, "nach": 0.40419882532304108 }, "geometry": { "type": "LineString", "coordinates": [ [ -2.2162485, 53.3555785 ], [ -2.2162557, 53.355642 ] ] } },
{ "type": "Feature", "properties": { "id": 62059, "nach": 0.4019910100764203 }, "geometry": { "type": "LineString", "coordinates": [ [ -2.2162227, 53.3553488 ], [ -2.2162485, 53.3555785 ] ] } },
{ "type": "Feature", "properties": { "id": 36658, "nach": 0.37879391700596637 }, "geometry": { "type": "LineString", "coordinates": [ [ -2.2112612, 53.3568485 ], [ -2.2113488, 53.3569569 ] ] } },
{ "type": "Feature", "properties": { "id": 61956, "nach": 0.42291702214339971 }, "geometry": { "type": "LineString", "coordinates": [ [ -2.211897, 53.356813 ], [ -2.2115262, 53.3569175 ], [ -2.2114229, 53.3569443 ], [ -2.2113488, 53.3569569 ] ] } },
{ "type": "Feature", "properties": { "id": 61962, "nach": 0.0 }, "geometry": { "type": "LineString", "coordinates": [ [ -2.2116093, 53.3562983 ], [ -2.211009, 53.3564666 ], [ -2.211276, 53.3568176 ], [ -2.2110192, 53.3568919 ], [ -2.2110961, 53.35706230000001 ], [ -2.2112668, 53.3570174 ], [ -2.2113488, 53.3569569 ] ] } },
{ "type": "Feature", "properties": { "id": 61968, "nach": 0.46727880996762261 }, "geometry": { "type": "LineString", "coordinates": [ [ -2.2119728, 53.3567913 ], [ -2.211897, 53.356813 ] ] } },
{ "type": "Feature", "properties": { "id": 61978, "nach": 0.38149712790045093 }, "geometry": { "type": "LineString", "coordinates": [ [ -2.2120127, 53.3570859 ], [ -2.211897, 53.356813 ] ] } },
{ "type": "Feature", "properties": { "id": 61961, "nach": 0.38887193587517327 }, "geometry": { "type": "LineString", "coordinates": [ [ -2.2116093, 53.3562983 ], [ -2.2115658, 53.3562363 ], [ -2.2118316, 53.3562074 ] ] } },
{ "type": "Feature", "properties": { "id": 61984, "nach": 0.24874001647691271 }, "geometry": { "type": "LineString", "coordinates": [ [ -2.2118533, 53.3566083 ], [ -2.2116093, 53.3562983 ] ] } },
{ "type": "Feature", "properties": { "id": 62138, "nach": 0.52641550495309908 }, "geometry": { "type": "LineString", "coordinates": [ [ -2.2122482, 53.3559781 ], [ -2.2120264, 53.355309 ], [ -2.2120108, 53.355269 ] ] } },
{ "type": "Feature", "properties": { "id": 142732, "nach": 0.52742040122103462 }, "geometry": { "type": "LineString", "coordinates": [ [ -2.2119738, 53.355999 ], [ -2.2121159, 53.35598670000001 ], [ -2.2122482, 53.3559781 ] ] } },
{ "type": "Feature", "properties": { "id": 62158, "nach": 0.0 }, "geometry": { "type": "LineString", "coordinates": [ [ -2.2110127, 53.354674699999983 ], [ -2.2106484, 53.3547178 ], [ -2.2105918, 53.3545228 ], [ -2.2107014, 53.35450740000001 ] ] } },
{ "type": "Feature", "properties": { "id": 62159, "nach": 0.45090202094561871 }, "geometry": { "type": "LineString", "coordinates": [ [ -2.2110127, 53.354674699999983 ], [ -2.2110549, 53.3548179 ], [ -2.2111415, 53.3550194 ], [ -2.211153, 53.3550711 ] ] } },
{ "type": "Feature", "properties": { "id": 36675, "nach": 0.51728030252136248 }, "geometry": { "type": "LineString", "coordinates": [ [ -2.2106198, 53.3542781 ], [ -2.2107014, 53.35450740000001 ] ] } },
{ "type": "Feature", "properties": { "id": 62142, "nach": 0.49451946035882582 }, "geometry": { "type": "LineString", "coordinates": [ [ -2.2105556, 53.3540713 ], [ -2.2106198, 53.3542781 ] ] } },
{ "type": "Feature", "properties": { "id": 85947, "nach": 0.45682350974939673 }, "geometry": { "type": "LineString", "coordinates": [ [ -2.2097869, 53.3543426 ], [ -2.20990840000001, 53.3543418 ], [ -2.2106198, 53.3542781 ] ] } },
{ "type": "Feature", "properties": { "id": 62149, "nach": 0.48353865307408361 }, "geometry": { "type": "LineString", "coordinates": [ [ -2.2103998, 53.3535563 ], [ -2.21048530000001, 53.3538257 ], [ -2.2105556, 53.3540713 ] ] } },
{ "type": "Feature", "properties": { "id": 85946, "nach": 0.47082609303668849 }, "geometry": { "type": "LineString", "coordinates": [ [ -2.2097869, 53.3543426 ], [ -2.2098401, 53.3539967 ], [ -2.2099756, 53.3536726 ], [ -2.2100275, 53.3535642 ], [ -2.2100602, 53.3535477 ], [ -2.210386, 53.3535112 ] ] } },
{ "type": "Feature", "properties": { "id": 85945, "nach": 0.47471946842849927 }, "geometry": { "type": "LineString", "coordinates": [ [ -2.2097869, 53.3543426 ], [ -2.2096963, 53.3545025 ] ] } },
{ "type": "Feature", "properties": { "id": 158332, "nach": 0.40712844362596662 }, "geometry": { "type": "LineString", "coordinates": [ [ -2.209286, 53.3543309 ], [ -2.2093267, 53.3543391 ], [ -2.2093598, 53.3543421 ], [ -2.2093872, 53.3543426 ], [ -2.209416, 53.354339399999986 ], [ -2.2094393, 53.3543348 ], [ -2.2094693, 53.3543271 ], [ -2.20949670000001, 53.3543243 ], [ -2.2096445, 53.3543269 ], [ -2.2097869, 53.3543426 ] ] } },
{ "type": "Feature", "properties": { "id": 62154, "nach": 0.52068409309419317 }, "geometry": { "type": "LineString", "coordinates": [ [ -2.210386, 53.3535112 ], [ -2.2103491, 53.3533924 ] ] } },
{ "type": "Feature", "properties": { "id": 62118, "nach": 0.49844021457820065 }, "geometry": { "type": "LineString", "coordinates": [ [ -2.2107799, 53.3535155 ], [ -2.2103491, 53.3533924 ] ] } },
{ "type": "Feature", "properties": { "id": 36681, "nach": 0.55490863799482693 }, "geometry": { "type": "LineString", "coordinates": [ [ -2.2103707, 53.3531498 ], [ -2.2103508, 53.3532467 ], [ -2.2103442, 53.3532967 ], [ -2.2103491, 53.3533924 ] ] } },
{ "type": "Feature", "properties": { "id": 62155, "nach": 0.4994568544486509 }, "geometry": { "type": "LineString", "coordinates": [ [ -2.210386, 53.3535112 ], [ -2.2103923, 53.3535314 ], [ -2.2103998, 53.3535563 ] ] } },
{ "type": "Feature", "properties": { "id": 62150, "nach": 0.39999893587934493 }, "geometry": { "type": "LineString", "coordinates": [ [ -2.2103998, 53.3535563 ], [ -2.2105403, 53.3535412 ], [ -2.2107799, 53.3535155 ] ] } },
{ "type": "Feature", "properties": { "id": 36684, "nach": 0.56452077080377949 }, "geometry": { "type": "LineString", "coordinates": [ [ -2.2106331, 53.352873 ], [ -2.2104103, 53.3531111 ], [ -2.2103707, 53.3531498 ] ] } },
{ "type": "Feature", "properties": { "id": 36737, "nach": 0.56911673781105132 }, "geometry": { "type": "LineString", "coordinates": [ [ -2.2101745, 53.353105900000024 ], [ -2.2102649, 53.3531263 ], [ -2.2103707, 53.3531498 ] ] } },
{ "type": "Feature", "properties": { "id": 36687, "nach": 0.5728042682391693 }, "geometry": { "type": "LineString", "coordinates": [ [ -2.2109351, 53.3525097 ], [ -2.2108535, 53.3526202 ], [ -2.2106331, 53.352873 ] ] } },
{ "type": "Feature", "properties": { "id": 36739, "nach": 0.42547917864633733 }, "geometry": { "type": "LineString", "coordinates": [ [ -2.2099187, 53.3531472 ], [ -2.2101745, 53.353105900000024 ] ] } },
{ "type": "Feature", "properties": { "id": 56788, "nach": 0.56290870091913203 }, "geometry": { "type": "LineString", "coordinates": [ [ -2.2081706, 53.3527242 ], [ -2.2085884, 53.3526441 ], [ -2.2086421, 53.3526427 ], [ -2.2087075, 53.3526483 ], [ -2.2087565, 53.3526678 ], [ -2.2088148, 53.3527165 ], [ -2.2088965, 53.3527639 ], [ -2.2090319, 53.3528168 ], [ -2.2094366, 53.3529442 ], [ -2.2096373, 53.3529971 ], [ -2.2098705, 53.3530458 ], [ -2.2100331, 53.353076 ], [ -2.2101745, 53.353105900000024 ] ] } },
{ "type": "Feature", "properties": { "id": 36691, "nach": 0.57130213851695366 }, "geometry": { "type": "LineString", "coordinates": [ [ -2.21105, 53.352065500000016 ], [ -2.2110012, 53.3522912 ], [ -2.2109615, 53.3524307 ], [ -2.2109351, 53.3525097 ] ] } },
{ "type": "Feature", "properties": { "id": 36727, "nach": 0.41624782461025489 }, "geometry": { "type": "LineString", "coordinates": [ [ -2.211573, 53.35234590000001 ], [ -2.2115215, 53.352433 ], [ -2.2114485, 53.3525264 ], [ -2.2113992, 53.3525572 ], [ -2.2113434, 53.3525777 ], [ -2.2113048, 53.352579 ], [ -2.2112361, 53.3525764 ], [ -2.2111675, 53.3525597 ], [ -2.2110838, 53.352538 ], [ -2.2109351, 53.3525097 ] ] } },
{ "type": "Feature", "properties": { "id": 62128, "nach": 0.42284272196973521 }, "geometry": { "type": "LineString", "coordinates": [ [ -2.2105292, 53.3519106 ], [ -2.21105, 53.352065500000016 ] ] } },
{ "type": "Feature", "properties": { "id": 36693, "nach": 0.57317601376423 }, "geometry": { "type": "LineString", "coordinates": [ [ -2.2111818, 53.3517596 ], [ -2.2111115, 53.35187 ], [ -2.2110784, 53.3519543 ], [ -2.21105, 53.352065500000016 ] ] } },
{ "type": "Feature", "properties": { "id": 36696, "nach": 0.56646748269408609 }, "geometry": { "type": "LineString", "coordinates": [ [ -2.211305, 53.3515661 ], [ -2.2111818, 53.3517596 ] ] } },
{ "type": "Feature", "properties": { "id": 36732, "nach": 0.53836846432198282 }, "geometry": { "type": "LineString", "coordinates": [ [ -2.2115322, 53.3518464 ], [ -2.2114721, 53.3518285 ], [ -2.2111818, 53.3517596 ] ] } },
{ "type": "Feature", "properties": { "id": 62182, "nach": 0.56739079803883452 }, "geometry": { "type": "LineString", "coordinates": [ [ -2.2113653, 53.351473700000014 ], [ -2.211305, 53.3515661 ] ] } },
{ "type": "Feature", "properties": { "id": 62217, "nach": 0.42423692577655864 }, "geometry": { "type": "LineString", "coordinates": [ [ -2.211006, 53.3514884 ], [ -2.211305, 53.3515661 ] ] } },
{ "type": "Feature", "properties": { "id": 36733, "nach": 0.49160301821572477 }, "geometry": { "type": "LineString", "coordinates": [ [ -2.2115322, 53.3518464 ], [ -2.2115848, 53.3518816 ], [ -2.21159980000001, 53.351906 ] ] } },
{ "type": "Feature", "properties": { "id": 62130, "nach": 0.54302054867927685 }, "geometry": { "type": "LineString", "coordinates": [ [ -2.2119731, 53.3518505 ], [ -2.2116335, 53.3518032 ], [ -2.2115738, 53.3518145 ], [ -2.2115322, 53.3518464 ] ] } },
{ "type": "Feature", "properties": { "id": 62260, "nach": 0.42334071484704516 }, "geometry": { "type": "LineString", "coordinates": [ [ -2.2109778, 53.351377 ], [ -2.2113653, 53.351473700000014 ] ] } },
{ "type": "Feature", "properties": { "id": 62210, "nach": 0.56875953928306977 }, "geometry": { "type": "LineString", "coordinates": [ [ -2.211655, 53.3510634 ], [ -2.2114775, 53.3513199 ], [ -2.2113653, 53.351473700000014 ] ] } },
{ "type": "Feature", "properties": { "id": 62271, "nach": 0.59805212877070202 }, "geometry": { "type": "LineString", "coordinates": [ [ -2.2119983, 53.35053880000001 ], [ -2.2119885, 53.350553500000011 ] ] } },
{ "type": "Feature", "properties": { "id": 62196, "nach": 0.46594505203117392 }, "geometry": { "type": "LineString", "coordinates": [ [ -2.211706, 53.350481700000017 ], [ -2.2119885, 53.350553500000011 ] ] } },
{ "type": "Feature", "properties": { "id": 62293, "nach": 0.59397009312741167 }, "geometry": { "type": "LineString", "coordinates": [ [ -2.2117157, 53.3509746 ], [ -2.2118162, 53.3508306 ], [ -2.2119885, 53.350553500000011 ] ] } },
{ "type": "Feature", "properties": { "id": 62270, "nach": 0.58408897147095729 }, "geometry": { "type": "LineString", "coordinates": [ [ -2.2119983, 53.35053880000001 ], [ -2.2120311, 53.3504895 ] ] } },
{ "type": "Feature", "properties": { "id": 62272, "nach": 0.50633969009444213 }, "geometry": { "type": "LineString", "coordinates": [ [ -2.2119983, 53.35053880000001 ], [ -2.2121809, 53.3505847 ], [ -2.2122415, 53.3504912 ] ] } },
{ "type": "Feature", "properties": { "id": 62250, "nach": 0.42220699025862196 }, "geometry": { "type": "LineString", "coordinates": [ [ -2.2114887, 53.3504265 ], [ -2.211706, 53.350481700000017 ] ] } },
{ "type": "Feature", "properties": { "id": 62279, "nach": 0.13641920154813908 }, "geometry": { "type": "LineString", "coordinates": [ [ -2.2117485, 53.3504171 ], [ -2.211706, 53.350481700000017 ] ] } },
{ "type": "Feature", "properties": { "id": 62292, "nach": 0.42421376382272719 }, "geometry": { "type": "LineString", "coordinates": [ [ -2.2117157, 53.3509746 ], [ -2.2113155, 53.3508686 ] ] } },
{ "type": "Feature", "properties": { "id": 62291, "nach": 0.59535392440797397 }, "geometry": { "type": "LineString", "coordinates": [ [ -2.2117157, 53.3509746 ], [ -2.2117068, 53.3509884 ] ] } },
{ "type": "Feature", "properties": { "id": 62297, "nach": 0.56166071134777462 }, "geometry": { "type": "LineString", "coordinates": [ [ -2.2136912, 53.3502552 ], [ -2.2137752, 53.3503408 ] ] } },
{ "type": "Feature", "properties": { "id": 62190, "nach": 0.42963516890783071 }, "geometry": { "type": "LineString", "coordinates": [ [ -2.2134477, 53.3504195 ], [ -2.2135208, 53.350447 ] ] } },
{ "type": "Feature", "properties": { "id": 62289, "nach": 0.53988901335263995 }, "geometry": { "type": "LineString", "coordinates": [ [ -2.2134599, 53.3504863 ], [ -2.2134477, 53.3504195 ] ] } },
{ "type": "Feature", "properties": { "id": 167393, "nach": 0.42530114547071246 }, "geometry": { "type": "LineString", "coordinates": [ [ -2.2127556, 53.350197200000011 ], [ -2.2132907, 53.3503241 ], [ -2.2134477, 53.3504195 ] ] } },
{ "type": "Feature", "properties": { "id": 62310, "nach": 0.55860183922095941 }, "geometry": { "type": "LineString", "coordinates": [ [ -2.2140811, 53.3506016 ], [ -2.2140224, 53.350548800000013 ], [ -2.2137752, 53.3503408 ] ] } },
{ "type": "Feature", "properties": { "id": 36719, "nach": 0.39724853418467304 }, "geometry": { "type": "LineString", "coordinates": [ [ -2.2135208, 53.350447 ], [ -2.2135899, 53.35041050000001 ], [ -2.213654, 53.3503833 ], [ -2.2137752, 53.3503408 ] ] } },
{ "type": "Feature", "properties": { "id": 62309, "nach": 0.54426060561954803 }, "geometry": { "type": "LineString", "coordinates": [ [ -2.2140811, 53.3506016 ], [ -2.2135208, 53.350447 ] ] } },
{ "type": "Feature", "properties": { "id": 62331, "nach": 0.59345942056172896 }, "geometry": { "type": "LineString", "coordinates": [ [ -2.2141423, 53.3506611 ], [ -2.2140811, 53.3506016 ] ] } },
{ "type": "Feature", "properties": { "id": 62288, "nach": 0.54404881917288184 }, "geometry": { "type": "LineString", "coordinates": [ [ -2.2134599, 53.3504863 ], [ -2.2135208, 53.350447 ] ] } },
{ "type": "Feature", "properties": { "id": 62311, "nach": 0.58612380048598378 }, "geometry": { "type": "LineString", "coordinates": [ [ -2.2142896, 53.3507948 ], [ -2.214362200000011, 53.350861199999983 ] ] } },
{ "type": "Feature", "properties": { "id": 62307, "nach": 0.42839271649206317 }, "geometry": { "type": "LineString", "coordinates": [ [ -2.2141697, 53.3509362 ], [ -2.214362200000011, 53.350861199999983 ] ] } },
{ "type": "Feature", "properties": { "id": 36712, "nach": 0.58785206935111667 }, "geometry": { "type": "LineString", "coordinates": [ [ -2.2145056, 53.350943 ], [ -2.2144603, 53.3509228 ], [ -2.2144176, 53.350901 ], [ -2.214362200000011, 53.350861199999983 ] ] } },
{ "type": "Feature", "properties": { "id": 62330, "nach": 0.58429619101954733 }, "geometry": { "type": "LineString", "coordinates": [ [ -2.2141423, 53.3506611 ], [ -2.2142896, 53.3507948 ] ] } },
{ "type": "Feature", "properties": { "id": 62319, "nach": 0.4886742188829501 }, "geometry": { "type": "LineString", "coordinates": [ [ -2.2140963, 53.3511718 ], [ -2.2141697, 53.3509362 ] ] } },
{ "type": "Feature", "properties": { "id": 62332, "nach": 0.47777210073391591 }, "geometry": { "type": "LineString", "coordinates": [ [ -2.2141423, 53.3506611 ], [ -2.2141697, 53.3509362 ] ] } },
{ "type": "Feature", "properties": { "id": 36714, "nach": 0.62059399531161463 }, "geometry": { "type": "LineString", "coordinates": [ [ -2.2146743, 53.3509995 ], [ -2.2145056, 53.350943 ] ] } },
{ "type": "Feature", "properties": { "id": 62317, "nach": 0.56590249514354385 }, "geometry": { "type": "LineString", "coordinates": [ [ -2.2140963, 53.3511718 ], [ -2.2145056, 53.350943 ] ] } },
{ "type": "Feature", "properties": { "id": 167339, "nach": 0.53026217657479202 }, "geometry": { "type": "LineString", "coordinates": [ [ -2.2146364, 53.3510614 ], [ -2.2146743, 53.3509995 ] ] } },
{ "type": "Feature", "properties": { "id": 62342, "nach": 0.38768903014661166 }, "geometry": { "type": "LineString", "coordinates": [ [ -2.2141474, 53.3512508 ], [ -2.2140963, 53.3511718 ] ] } },
{ "type": "Feature", "properties": { "id": 62326, "nach": 0.57800901853075115 }, "geometry": { "type": "LineString", "coordinates": [ [ -2.2139371, 53.351274600000011 ], [ -2.2140593, 53.3511949 ], [ -2.2140963, 53.3511718 ] ] } },
{ "type": "Feature", "properties": { "id": 167340, "nach": 0.52606064594418223 }, "geometry": { "type": "LineString", "coordinates": [ [ -2.2146364, 53.3510614 ], [ -2.2146193, 53.3511295 ], [ -2.2146162, 53.3511661 ], [ -2.21462, 53.3511957 ] ] } },
{ "type": "Feature", "properties": { "id": 167342, "nach": 0.42742294157470279 }, "geometry": { "type": "LineString", "coordinates": [ [ -2.2148921, 53.3513848 ], [ -2.2147883, 53.3510768 ], [ -2.2146364, 53.3510614 ] ] } },
{ "type": "Feature", "properties": { "id": 62290, "nach": 0.58258927358002366 }, "geometry": { "type": "LineString", "coordinates": [ [ -2.2134599, 53.3504863 ], [ -2.2134133, 53.3505485 ], [ -2.2133552, 53.3506365 ] ] } },
{ "type": "Feature", "properties": { "id": 62225, "nach": 0.55187963283920694 }, "geometry": { "type": "LineString", "coordinates": [ [ -2.2129345, 53.3512726 ], [ -2.2133552, 53.3506365 ] ] } },
{ "type": "Feature", "properties": { "id": 62220, "nach": 0.54375892339058973 }, "geometry": { "type": "LineString", "coordinates": [ [ -2.2129678, 53.3505656 ], [ -2.2131233, 53.350601599999983 ], [ -2.2131349, 53.35058380000001 ], [ -2.2132686, 53.3506157 ], [ -2.2133552, 53.3506365 ] ] } },
{ "type": "Feature", "properties": { "id": 62224, "nach": 0.57508416555361985 }, "geometry": { "type": "LineString", "coordinates": [ [ -2.2129345, 53.3512726 ], [ -2.2129, 53.3513175 ] ] } },
{ "type": "Feature", "properties": { "id": 62226, "nach": 0.51115364017974352 }, "geometry": { "type": "LineString", "coordinates": [ [ -2.2129345, 53.3512726 ], [ -2.2127498, 53.3512433 ], [ -2.2124062, 53.3511578 ] ] } },
{ "type": "Feature", "properties": { "id": 62218, "nach": 0.53112907419794064 }, "geometry": { "type": "LineString", "coordinates": [ [ -2.2129678, 53.3505656 ], [ -2.2128212, 53.3505317 ] ] } },
{ "type": "Feature", "properties": { "id": 62219, "nach": 0.37882292818757757 }, "geometry": { "type": "LineString", "coordinates": [ [ -2.2129678, 53.3505656 ], [ -2.2129169, 53.350645200000017 ], [ -2.2127717, 53.3506121 ] ] } },
{ "type": "Feature", "properties": { "id": 62277, "nach": 0.59735937877263467 }, "geometry": { "type": "LineString", "coordinates": [ [ -2.2128486, 53.3513843 ], [ -2.2129, 53.3513175 ] ] } },
{ "type": "Feature", "properties": { "id": 62327, "nach": 0.58575048695815668 }, "geometry": { "type": "LineString", "coordinates": [ [ -2.2133711, 53.351424 ], [ -2.2129, 53.3513175 ] ] } },
{ "type": "Feature", "properties": { "id": 62276, "nach": 0.42764802232119808 }, "geometry": { "type": "LineString", "coordinates": [ [ -2.2128486, 53.3513843 ], [ -2.2127817, 53.3514713 ] ] } },
{ "type": "Feature", "properties": { "id": 62278, "nach": 0.59473621349531058 }, "geometry": { "type": "LineString", "coordinates": [ [ -2.2128486, 53.3513843 ], [ -2.212654, 53.351426 ], [ -2.2124025, 53.3515277 ] ] } },
{ "type": "Feature", "properties": { "id": 62328, "nach": 0.58118189252538488 }, "geometry": { "type": "LineString", "coordinates": [ [ -2.2133711, 53.351424 ], [ -2.2133579, 53.3513743 ], [ -2.213464, 53.3513982 ], [ -2.2135253, 53.3513983 ], [ -2.2135941, 53.3513866 ], [ -2.21386, 53.351301 ] ] } },
{ "type": "Feature", "properties": { "id": 62335, "nach": 0.40361955394711574 }, "geometry": { "type": "LineString", "coordinates": [ [ -2.2138862, 53.35140040000001 ], [ -2.2133782, 53.3514486 ], [ -2.2133711, 53.351424 ] ] } },
{ "type": "Feature", "properties": { "id": 36729, "nach": 0.42298273202148451 }, "geometry": { "type": "LineString", "coordinates": [ [ -2.21159980000001, 53.351906 ], [ -2.2116683, 53.3519152 ], [ -2.2117854, 53.3519463 ] ] } },
{ "type": "Feature", "properties": { "id": 36735, "nach": 0.42200661050414073 }, "geometry": { "type": "LineString", "coordinates": [ [ -2.211554, 53.3520976 ], [ -2.2115847, 53.3519875 ], [ -2.2115951, 53.3519383 ], [ -2.21159980000001, 53.351906 ] ] } },
{ "type": "Feature", "properties": { "id": 62129, "nach": 0.61198893663890241 }, "geometry": { "type": "LineString", "coordinates": [ [ -2.2119731, 53.3518505 ], [ -2.2122019, 53.35181 ] ] } },
{ "type": "Feature", "properties": { "id": 62145, "nach": 0.60230962838027091 }, "geometry": { "type": "LineString", "coordinates": [ [ -2.2119222, 53.3520742 ], [ -2.2119494, 53.3519636 ], [ -2.2119731, 53.3518505 ] ] } },
{ "type": "Feature", "properties": { "id": 56786, "nach": 0.46232276936969813 }, "geometry": { "type": "LineString", "coordinates": [ [ -2.2081706, 53.3527242 ], [ -2.2078789, 53.3532396 ], [ -2.2078066, 53.3533176 ], [ -2.2077692, 53.353355299999983 ], [ -2.2077499, 53.3534057 ] ] } },
{ "type": "Feature", "properties": { "id": 62115, "nach": 0.39298139113480002 }, "geometry": { "type": "LineString", "coordinates": [ [ -2.211499, 53.355363800000013 ], [ -2.2112454, 53.3552315 ], [ -2.2112083, 53.3551326 ], [ -2.211153, 53.3550711 ] ] } },
{ "type": "Feature", "properties": { "id": 62152, "nach": 0.42360221934707065 }, "geometry": { "type": "LineString", "coordinates": [ [ -2.2107173, 53.3554611 ], [ -2.2106595, 53.3553502 ], [ -2.210648, 53.3553037 ], [ -2.2106509, 53.355255399999983 ], [ -2.2106797, 53.355215800000011 ], [ -2.2107346, 53.3551917 ], [ -2.2110261, 53.3551555 ], [ -2.2110895, 53.3551366 ], [ -2.2111357, 53.3551073 ], [ -2.211153, 53.3550711 ] ] } },
{ "type": "Feature", "properties": { "id": 62123, "nach": 0.48581026041814146 }, "geometry": { "type": "LineString", "coordinates": [ [ -2.2120108, 53.355269 ], [ -2.2119739, 53.3552846 ], [ -2.2118693, 53.3553165 ], [ -2.211737, 53.3553408 ], [ -2.211499, 53.355363800000013 ] ] } },
{ "type": "Feature", "properties": { "id": 62153, "nach": 0.46085719247451029 }, "geometry": { "type": "LineString", "coordinates": [ [ -2.2107173, 53.3554611 ], [ -2.2108982, 53.3554455 ], [ -2.2114772, 53.3553819 ], [ -2.211499, 53.355363800000013 ] ] } },
{ "type": "Feature", "properties": { "id": 145330, "nach": 0.55397422839957822 }, "geometry": { "type": "LineString", "coordinates": [ [ -2.2107173, 53.3554611 ], [ -2.20688309499121, 53.357570387951839 ] ] } },
{ "type": "Feature", "properties": { "id": 36773, "nach": 0.13669954381415314 }, "geometry": { "type": "LineString", "coordinates": [ [ -2.2138852, 53.347665 ], [ -2.2141022, 53.3479317 ] ] } },
{ "type": "Feature", "properties": { "id": 36775, "nach": 0.43022734118763578 }, "geometry": { "type": "LineString", "coordinates": [ [ -2.2138917, 53.347602 ], [ -2.2138852, 53.347665 ] ] } },
{ "type": "Feature", "properties": { "id": 106411, "nach": 0.39761242069439978 }, "geometry": { "type": "LineString", "coordinates": [ [ -2.2192335, 53.3559523 ], [ -2.2191015, 53.3558315 ], [ -2.2190579, 53.3557646 ], [ -2.2190517, 53.355694 ], [ -2.219061, 53.35560850000001 ], [ -2.2190891, 53.3555416 ], [ -2.21917, 53.3554579 ], [ -2.2193848, 53.355378 ] ] } },
{ "type": "Feature", "properties": { "id": 106410, "nach": 0.37656065413285178 }, "geometry": { "type": "LineString", "coordinates": [ [ -2.2192335, 53.3559523 ], [ -2.2193035, 53.3559753 ], [ -2.2193841, 53.3559942 ], [ -2.2194434, 53.3560061 ] ] } },
{ "type": "Feature", "properties": { "id": 106413, "nach": 0.55392710059951822 }, "geometry": { "type": "LineString", "coordinates": [ [ -2.2192335, 53.3559523 ], [ -2.219203, 53.35597 ], [ -2.2189846, 53.356075 ], [ -2.2189327, 53.3560963 ], [ -2.2188949, 53.35610830000001 ] ] } },
{ "type": "Feature", "properties": { "id": 157370, "nach": 0.5410234352874429 }, "geometry": { "type": "LineString", "coordinates": [ [ -2.2195657, 53.3558255 ], [ -2.2195059, 53.355849599999985 ], [ -2.2193177, 53.355926600000011 ], [ -2.219276, 53.3559316 ], [ -2.2192335, 53.3559523 ] ] } },
{ "type": "Feature", "properties": { "id": 79499, "nach": 0.36997865821407072 }, "geometry": { "type": "LineString", "coordinates": [ [ -2.219481, 53.3561439 ], [ -2.2194328, 53.3560432 ], [ -2.2194434, 53.3560061 ] ] } },
{ "type": "Feature", "properties": { "id": 78532, "nach": 0.392140607276805 }, "geometry": { "type": "LineString", "coordinates": [ [ -2.2189037, 53.3561539 ], [ -2.2190039, 53.3561651 ], [ -2.2191071, 53.3561643 ], [ -2.219481, 53.3561439 ] ] } },
{ "type": "Feature", "properties": { "id": 79497, "nach": 0.33922364928094706 }, "geometry": { "type": "LineString", "coordinates": [ [ -2.219481, 53.3561439 ], [ -2.219903, 53.3561139 ], [ -2.2204242, 53.3560929 ], [ -2.2209601, 53.3560847 ], [ -2.2215775, 53.3560861 ], [ -2.2224361, 53.3561146 ], [ -2.2230649, 53.3561506 ], [ -2.2241509, 53.356223500000013 ], [ -2.224545, 53.3562478 ], [ -2.2250694, 53.3563019 ] ] } },
{ "type": "Feature", "properties": { "id": 79498, "nach": 0.38422064698641489 }, "geometry": { "type": "LineString", "coordinates": [ [ -2.219481, 53.3561439 ], [ -2.2194837, 53.3561766 ], [ -2.2194554, 53.356196800000014 ], [ -2.2193137, 53.3562072 ], [ -2.2191318, 53.3562233 ], [ -2.218922, 53.356248 ] ] } },
{ "type": "Feature", "properties": { "id": 36757, "nach": 0.53746656269369208 }, "geometry": { "type": "LineString", "coordinates": [ [ -2.2170972, 53.349566 ], [ -2.2172067, 53.3500386 ] ] } },
{ "type": "Feature", "properties": { "id": 58671, "nach": 0.54934415169017803 }, "geometry": { "type": "LineString", "coordinates": [ [ -2.2173276, 53.3494859 ], [ -2.2172814, 53.349481 ], [ -2.2172341, 53.3494854 ], [ -2.2171351, 53.3495061 ], [ -2.2170972, 53.349566 ] ] } },
{ "type": "Feature", "properties": { "id": 163780, "nach": 0.37027826039199857 }, "geometry": { "type": "LineString", "coordinates": [ [ -2.21665910000001, 53.3500845 ], [ -2.2165999, 53.349852700000014 ] ] } },
{ "type": "Feature", "properties": { "id": 163779, "nach": 0.44051130561710433 }, "geometry": { "type": "LineString", "coordinates": [ [ -2.2162907, 53.34998010000001 ], [ -2.2163639, 53.3499736 ], [ -2.2163384, 53.3498751 ], [ -2.2165999, 53.349852700000014 ] ] } },
{ "type": "Feature", "properties": { "id": 163783, "nach": 0.35364718878461254 }, "geometry": { "type": "LineString", "coordinates": [ [ -2.2172067, 53.3500386 ], [ -2.21665910000001, 53.3500845 ] ] } },
{ "type": "Feature", "properties": { "id": 163784, "nach": 0.53299885223712806 }, "geometry": { "type": "LineString", "coordinates": [ [ -2.2172067, 53.3500386 ], [ -2.2173025, 53.3504523 ], [ -2.2170004, 53.3505047 ], [ -2.2168808, 53.3505494 ], [ -2.2168178, 53.3505564 ] ] } },
{ "type": "Feature", "properties": { "id": 58699, "nach": 0.49495465570848102 }, "geometry": { "type": "LineString", "coordinates": [ [ -2.2175863, 53.349984 ], [ -2.2175675, 53.3499079 ], [ -2.2174282, 53.3498657 ], [ -2.2173276, 53.3494859 ] ] } },
{ "type": "Feature", "properties": { "id": 36782, "nach": 0.42499470457169569 }, "geometry": { "type": "LineString", "coordinates": [ [ -2.2144793, 53.3504818 ], [ -2.2153517, 53.3503402 ] ] } },
{ "type": "Feature", "properties": { "id": 36770, "nach": 0.42894810058612703 }, "geometry": { "type": "LineString", "coordinates": [ [ -2.2141022, 53.3479317 ], [ -2.2142251, 53.3481748 ] ] } },
{ "type": "Feature", "properties": { "id": 38218, "nach": 0.46108094664064336 }, "geometry": { "type": "LineString", "coordinates": [ [ -2.2032448, 53.3497171 ], [ -2.2031978, 53.3497471 ], [ -2.2031326, 53.349774200000013 ], [ -2.2030789, 53.349786 ] ] } },
{ "type": "Feature", "properties": { "id": 159931, "nach": 0.52465205087927169 }, "geometry": { "type": "LineString", "coordinates": [ [ -2.2032853, 53.3496038 ], [ -2.2032758, 53.349670800000013 ], [ -2.2032643, 53.3496943 ], [ -2.2032448, 53.3497171 ] ] } },
{ "type": "Feature", "properties": { "id": 160932, "nach": 0.29636416765014179 }, "geometry": { "type": "LineString", "coordinates": [ [ -2.202526, 53.3495117 ], [ -2.202527, 53.349639200000013 ], [ -2.2025411, 53.3496552 ], [ -2.2025666, 53.3496684 ], [ -2.2026055, 53.3496768 ], [ -2.2026625, 53.3496772 ], [ -2.2027221, 53.3496764 ], [ -2.2029484, 53.349675 ], [ -2.2029589, 53.3496756 ], [ -2.2029937, 53.3496824 ], [ -2.203034, 53.3496984 ], [ -2.2030574, 53.3497164 ], [ -2.2030695, 53.3497424 ], [ -2.2030789, 53.349786 ] ] } },
{ "type": "Feature", "properties": { "id": 38220, "nach": 0.52454000749100371 }, "geometry": { "type": "LineString", "coordinates": [ [ -2.2032342, 53.3491444 ], [ -2.2032564, 53.3491697 ], [ -2.2032658, 53.3492011 ] ] } },
{ "type": "Feature", "properties": { "id": 81916, "nach": 0.52745191358800581 }, "geometry": { "type": "LineString", "coordinates": [ [ -2.2036534, 53.3490467 ], [ -2.2034708, 53.34904550000001 ], [ -2.2033913, 53.34905 ], [ -2.20334260000001, 53.3490591 ], [ -2.2032892, 53.34909360000001 ], [ -2.2032342, 53.3491444 ] ] } },
{ "type": "Feature", "properties": { "id": 159933, "nach": 0.52274926823891699 }, "geometry": { "type": "LineString", "coordinates": [ [ -2.2032658, 53.3492011 ], [ -2.2032799, 53.3492487 ] ] } },
{ "type": "Feature", "properties": { "id": 159934, "nach": 0.0 }, "geometry": { "type": "LineString", "coordinates": [ [ -2.2032658, 53.3492011 ], [ -2.2033322, 53.3492113 ], [ -2.2033824, 53.3492312 ], [ -2.2034032, 53.349258 ], [ -2.2034119, 53.34929120000001 ], [ -2.2034132, 53.3494498 ], [ -2.203398500000011, 53.349477 ], [ -2.2033656, 53.349499 ], [ -2.2033341, 53.349513200000011 ], [ -2.2032891, 53.3495274 ] ] } },
{ "type": "Feature", "properties": { "id": 160935, "nach": 0.38139574478452754 }, "geometry": { "type": "LineString", "coordinates": [ [ -2.2027414, 53.3492977 ], [ -2.2031598, 53.3492953 ] ] } },
{ "type": "Feature", "properties": { "id": 160936, "nach": 0.31964709211103359 }, "geometry": { "type": "LineString", "coordinates": [ [ -2.2027414, 53.3492977 ], [ -2.2025199, 53.3492983 ], [ -2.202526, 53.3495117 ] ] } },
{ "type": "Feature", "properties": { "id": 38223, "nach": 0.50033342988564555 }, "geometry": { "type": "LineString", "coordinates": [ [ -2.2032799, 53.3492487 ], [ -2.2032891, 53.3495274 ] ] } },
{ "type": "Feature", "properties": { "id": 160938, "nach": 0.44301665589345846 }, "geometry": { "type": "LineString", "coordinates": [ [ -2.2031598, 53.3492953 ], [ -2.2031591, 53.3492505 ], [ -2.2032799, 53.3492487 ] ] } },
{ "type": "Feature", "properties": { "id": 159935, "nach": 0.5007192507231073 }, "geometry": { "type": "LineString", "coordinates": [ [ -2.2032891, 53.3495274 ], [ -2.20329, 53.3495501 ] ] } },
{ "type": "Feature", "properties": { "id": 159106, "nach": 0.48598885713927237 }, "geometry": { "type": "LineString", "coordinates": [ [ -2.1974457, 53.3589583 ], [ -2.19732, 53.3592885 ] ] } },
{ "type": "Feature", "properties": { "id": 159104, "nach": 0.39291102607977502 }, "geometry": { "type": "LineString", "coordinates": [ [ -2.197793400000011, 53.3594642 ], [ -2.1978109, 53.359329700000011 ], [ -2.19732, 53.3592885 ] ] } },
{ "type": "Feature", "properties": { "id": 159107, "nach": 0.58721829395441849 }, "geometry": { "type": "LineString", "coordinates": [ [ -2.1974457, 53.3589583 ], [ -2.1961439, 53.3587907 ], [ -2.1960799, 53.3587834 ], [ -2.1960162, 53.3587812 ], [ -2.1959295, 53.3587823 ], [ -2.1957241, 53.3587992 ] ] } },
{ "type": "Feature", "properties": { "id": 159105, "nach": 0.59925805178429592 }, "geometry": { "type": "LineString", "coordinates": [ [ -2.1974457, 53.3589583 ], [ -2.1975525, 53.3589721 ] ] } },
{ "type": "Feature", "properties": { "id": 62046, "nach": 0.37596591087585501 }, "geometry": { "type": "LineString", "coordinates": [ [ -2.2156549, 53.355383200000013 ], [ -2.215309, 53.3554441 ] ] } },
{ "type": "Feature", "properties": { "id": 84246, "nach": 0.46130801408473493 }, "geometry": { "type": "LineString", "coordinates": [ [ -2.2057647, 53.347601 ], [ -2.2055748, 53.3475864 ], [ -2.2055024, 53.3475896 ], [ -2.2054649, 53.3476121 ], [ -2.2054416, 53.3476444 ] ] } },
{ "type": "Feature", "properties": { "id": 84244, "nach": 0.54521692742095706 }, "geometry": { "type": "LineString", "coordinates": [ [ -2.2057647, 53.347601 ], [ -2.2057543, 53.347658700000011 ] ] } },
{ "type": "Feature", "properties": { "id": 157385, "nach": 0.37434940798468513 }, "geometry": { "type": "LineString", "coordinates": [ [ -2.2077278, 53.3493635 ], [ -2.2077187, 53.349325199999988 ], [ -2.2076563, 53.3493132 ], [ -2.2076358, 53.3493121 ], [ -2.20752, 53.349292 ], [ -2.2074528, 53.3492675 ], [ -2.2074043, 53.349239600000011 ], [ -2.2073744, 53.3492095 ], [ -2.2073539, 53.3491672 ], [ -2.2073344, 53.349114100000016 ], [ -2.2073348, 53.3478809 ], [ -2.2073261, 53.3478182 ], [ -2.2072648, 53.3477329 ], [ -2.2071948, 53.3476789 ], [ -2.2070927, 53.3476423 ], [ -2.2070022, 53.347630100000018 ], [ -2.2068534, 53.3476354 ], [ -2.206763, 53.3476354 ], [ -2.2065974, 53.3476065 ], [ -2.2062405, 53.3475367 ], [ -2.2059088, 53.3474926 ], [ -2.205859, 53.347464399999986 ], [ -2.2058205, 53.34743 ] ] } },
{ "type": "Feature", "properties": { "id": 55480, "nach": 0.46101868468219348 }, "geometry": { "type": "LineString", "coordinates": [ [ -2.1997839, 53.3487261 ], [ -2.1995754, 53.3496275 ], [ -2.1994543, 53.3499957 ], [ -2.1994064, 53.350068 ], [ -2.1992937, 53.3501975 ], [ -2.199012, 53.3503842 ], [ -2.1989134, 53.3504195 ], [ -2.1987923, 53.350443 ], [ -2.198657, 53.3504447 ], [ -2.1985669, 53.3504279 ], [ -2.1984091, 53.3503875 ], [ -2.198298, 53.350341900000011 ], [ -2.1982053, 53.3503051 ] ] } },
{ "type": "Feature", "properties": { "id": 55558, "nach": 0.57387859381868878 }, "geometry": { "type": "LineString", "coordinates": [ [ -2.2065601, 53.3483616 ], [ -2.2063557, 53.34836210000001 ] ] } },
{ "type": "Feature", "properties": { "id": 82001, "nach": 0.34103594594612474 }, "geometry": { "type": "LineString", "coordinates": [ [ -2.2063433, 53.347724 ], [ -2.2065166, 53.347756500000017 ], [ -2.206581, 53.347799699999989 ], [ -2.2065601, 53.3483616 ] ] } },
{ "type": "Feature", "properties": { "id": 82027, "nach": 0.41302480420502197 }, "geometry": { "type": "LineString", "coordinates": [ [ -2.2069577, 53.3483562 ], [ -2.20695620000001, 53.3481154 ] ] } },
{ "type": "Feature", "properties": { "id": 171040, "nach": 0.41482040946238458 }, "geometry": { "type": "LineString", "coordinates": [ [ -2.2069571, 53.3484016 ], [ -2.2069577, 53.3483562 ] ] } },
{ "type": "Feature", "properties": { "id": 81991, "nach": 0.57644099062071719 }, "geometry": { "type": "LineString", "coordinates": [ [ -2.2063557, 53.34836210000001 ], [ -2.2062001, 53.3483626 ] ] } },
{ "type": "Feature", "properties": { "id": 81992, "nach": 0.36471847189287659 }, "geometry": { "type": "LineString", "coordinates": [ [ -2.2063557, 53.34836210000001 ], [ -2.2063433, 53.347724 ] ] } },
{ "type": "Feature", "properties": { "id": 55559, "nach": 0.42530692425916045 }, "geometry": { "type": "LineString", "coordinates": [ [ -2.2054218, 53.3483235 ], [ -2.2053283, 53.3483006 ], [ -2.2052662, 53.3482769 ], [ -2.205172, 53.3482049 ] ] } },
{ "type": "Feature", "properties": { "id": 55560, "nach": 0.59849697197898255 }, "geometry": { "type": "LineString", "coordinates": [ [ -2.2054218, 53.3483235 ], [ -2.2053263, 53.3483415 ], [ -2.2052636, 53.348364599999989 ], [ -2.205236, 53.348398 ], [ -2.2052078, 53.34842840000001 ] ] } },
{ "type": "Feature", "properties": { "id": 82043, "nach": 0.60180150792481935 }, "geometry": { "type": "LineString", "coordinates": [ [ -2.2054577, 53.3483308 ], [ -2.2054218, 53.3483235 ] ] } },
{ "type": "Feature", "properties": { "id": 55562, "nach": 0.40746126802790228 }, "geometry": { "type": "LineString", "coordinates": [ [ -2.2052078, 53.34842840000001 ], [ -2.2051843, 53.348382 ], [ -2.205172, 53.3482049 ] ] } },
{ "type": "Feature", "properties": { "id": 55563, "nach": 0.44954560222170076 }, "geometry": { "type": "LineString", "coordinates": [ [ -2.205172, 53.3482049 ], [ -2.20517, 53.3479102 ], [ -2.2051802, 53.3477661 ] ] } },
{ "type": "Feature", "properties": { "id": 81963, "nach": 0.60183789638902618 }, "geometry": { "type": "LineString", "coordinates": [ [ -2.205208, 53.3484624 ], [ -2.2052078, 53.34842840000001 ] ] } },
{ "type": "Feature", "properties": { "id": 82045, "nach": 0.58563506683106847 }, "geometry": { "type": "LineString", "coordinates": [ [ -2.20521, 53.348536 ], [ -2.205208, 53.3484624 ] ] } },
{ "type": "Feature", "properties": { "id": 81974, "nach": 0.52514942715520485 }, "geometry": { "type": "LineString", "coordinates": [ [ -2.2050467, 53.3484739 ], [ -2.205208, 53.3484624 ] ] } },
{ "type": "Feature", "properties": { "id": 81934, "nach": 0.42796344497348821 }, "geometry": { "type": "LineString", "coordinates": [ [ -2.2039722, 53.347915 ], [ -2.2039712, 53.3477789 ], [ -2.2051802, 53.3477661 ] ] } },
{ "type": "Feature", "properties": { "id": 81937, "nach": 0.45852907112005603 }, "geometry": { "type": "LineString", "coordinates": [ [ -2.2051802, 53.3477661 ], [ -2.2052184, 53.3477196 ], [ -2.2052828, 53.347657199999986 ], [ -2.2054416, 53.3476444 ] ] } },
{ "type": "Feature", "properties": { "id": 81930, "nach": 0.58043660757639415 }, "geometry": { "type": "LineString", "coordinates": [ [ -2.2051958, 53.3489 ], [ -2.2051258, 53.349042 ] ] } },
{ "type": "Feature", "properties": { "id": 55565, "nach": 0.46191917625853279 }, "geometry": { "type": "LineString", "coordinates": [ [ -2.2051258, 53.349042 ], [ -2.2038823, 53.3490435 ] ] } },
{ "type": "Feature", "properties": { "id": 81922, "nach": 0.57130591803695596 }, "geometry": { "type": "LineString", "coordinates": [ [ -2.2051034, 53.3491828 ], [ -2.2051039, 53.3491039 ], [ -2.2051258, 53.349042 ] ] } },
{ "type": "Feature", "properties": { "id": 81931, "nach": 0.58125428368530418 }, "geometry": { "type": "LineString", "coordinates": [ [ -2.2051958, 53.3489 ], [ -2.2052122, 53.3488578 ], [ -2.2052157, 53.34875610000001 ] ] } },
{ "type": "Feature", "properties": { "id": 81968, "nach": 0.36234479102236833 }, "geometry": { "type": "LineString", "coordinates": [ [ -2.20364970000001, 53.3489126 ], [ -2.2051958, 53.3489 ] ] } },
{ "type": "Feature", "properties": { "id": 81978, "nach": 0.51338332092268035 }, "geometry": { "type": "LineString", "coordinates": [ [ -2.2038823, 53.3490435 ], [ -2.2038844, 53.3491835 ] ] } },
{ "type": "Feature", "properties": { "id": 81977, "nach": 0.53365765063762338 }, "geometry": { "type": "LineString", "coordinates": [ [ -2.2038823, 53.3490435 ], [ -2.2036534, 53.3490467 ] ] } },
{ "type": "Feature", "properties": { "id": 81924, "nach": 0.58355158113312888 }, "geometry": { "type": "LineString", "coordinates": [ [ -2.2051013, 53.3493194 ], [ -2.2051034, 53.3491828 ] ] } },
{ "type": "Feature", "properties": { "id": 81971, "nach": 0.49408431051737228 }, "geometry": { "type": "LineString", "coordinates": [ [ -2.2038844, 53.3491835 ], [ -2.2051034, 53.3491828 ] ] } },
{ "type": "Feature", "properties": { "id": 81957, "nach": 0.49708743621454149 }, "geometry": { "type": "LineString", "coordinates": [ [ -2.2051593, 53.3499447 ], [ -2.2051044, 53.3497964 ] ] } },
{ "type": "Feature", "properties": { "id": 81895, "nach": 0.49997371747836272 }, "geometry": { "type": "LineString", "coordinates": [ [ -2.205104, 53.349653600000011 ], [ -2.2051044, 53.3497964 ] ] } },
{ "type": "Feature", "properties": { "id": 81959, "nach": 0.48661339571336271 }, "geometry": { "type": "LineString", "coordinates": [ [ -2.2051593, 53.3499447 ], [ -2.205173, 53.3499699 ], [ -2.2051825, 53.3500744 ] ] } },
{ "type": "Feature", "properties": { "id": 81896, "nach": 0.57154791209360634 }, "geometry": { "type": "LineString", "coordinates": [ [ -2.205104, 53.349653600000011 ], [ -2.2051058, 53.349516 ] ] } },
{ "type": "Feature", "properties": { "id": 81897, "nach": 0.54728066793792052 }, "geometry": { "type": "LineString", "coordinates": [ [ -2.205104, 53.349653600000011 ], [ -2.203881, 53.3496698 ] ] } },
{ "type": "Feature", "properties": { "id": 56759, "nach": 0.55626205632943437 }, "geometry": { "type": "LineString", "coordinates": [ [ -2.2077814, 53.3493811 ], [ -2.2077315, 53.3494027 ] ] } },
{ "type": "Feature", "properties": { "id": 157384, "nach": 0.61373727422839841 }, "geometry": { "type": "LineString", "coordinates": [ [ -2.2077278, 53.3493635 ], [ -2.2077814, 53.3493811 ] ] } },
{ "type": "Feature", "properties": { "id": 157387, "nach": 0.55525990933111313 }, "geometry": { "type": "LineString", "coordinates": [ [ -2.2077315, 53.3494027 ], [ -2.20771980000001, 53.349467 ], [ -2.2076489, 53.349493699999989 ], [ -2.2075611, 53.3495528 ], [ -2.2074864, 53.3496141 ], [ -2.2074248, 53.3497044 ], [ -2.20738190000001, 53.349799099999984 ], [ -2.2073557, 53.3499228 ], [ -2.2073445, 53.3501067 ], [ -2.2073612, 53.3507866 ] ] } },
{ "type": "Feature", "properties": { "id": 157386, "nach": 0.42200709369809808 }, "geometry": { "type": "LineString", "coordinates": [ [ -2.2077315, 53.3494027 ], [ -2.2077278, 53.3493635 ] ] } },
{ "type": "Feature", "properties": { "id": 157388, "nach": 0.41515497255376388 }, "geometry": { "type": "LineString", "coordinates": [ [ -2.2077315, 53.3494027 ], [ -2.2076257, 53.3494287 ], [ -2.2074998, 53.3494812 ] ] } },
{ "type": "Feature", "properties": { "id": 166552, "nach": 0.52829608660813865 }, "geometry": { "type": "LineString", "coordinates": [ [ -2.2072299, 53.3504594 ], [ -2.2072378, 53.3507871 ], [ -2.2073612, 53.3507866 ] ] } },
{ "type": "Feature", "properties": { "id": 166551, "nach": 0.53053179310775633 }, "geometry": { "type": "LineString", "coordinates": [ [ -2.2072299, 53.3504594 ], [ -2.2072233, 53.3499735 ] ] } },
{ "type": "Feature", "properties": { "id": 166554, "nach": 0.42153274303557259 }, "geometry": { "type": "LineString", "coordinates": [ [ -2.2066209, 53.3504594 ], [ -2.2070769, 53.3504594 ], [ -2.2072299, 53.3504594 ] ] } },
{ "type": "Feature", "properties": { "id": 81964, "nach": 0.42613276476763717 }, "geometry": { "type": "LineString", "coordinates": [ [ -2.20518, 53.3506705 ], [ -2.2051754, 53.3507478 ], [ -2.2051628, 53.3507621 ] ] } },
{ "type": "Feature", "properties": { "id": 155039, "nach": 0.61591792347326124 }, "geometry": { "type": "LineString", "coordinates": [ [ -2.2051628, 53.3507621 ], [ -2.2051402, 53.3507878 ], [ -2.2050818, 53.3507952 ], [ -2.2042206, 53.3507993 ] ] } },
{ "type": "Feature", "properties": { "id": 168111, "nach": 0.61252706450618533 }, "geometry": { "type": "LineString", "coordinates": [ [ -2.2072372, 53.3487031 ], [ -2.2071514, 53.348703900000011 ], [ -2.2071306, 53.3487185 ], [ -2.2071098, 53.3487407 ], [ -2.2070984, 53.3487731 ], [ -2.2070984, 53.3488111 ], [ -2.2071058, 53.3488424 ], [ -2.2071313, 53.34887 ], [ -2.2071628, 53.3488884 ], [ -2.2072444, 53.348888 ] ] } },
{ "type": "Feature", "properties": { "id": 56783, "nach": 0.47859825620123941 }, "geometry": { "type": "LineString", "coordinates": [ [ -2.2076814, 53.3535458 ], [ -2.2076205, 53.3535611 ], [ -2.2075775, 53.35356560000001 ], [ -2.2073497, 53.35356 ], [ -2.2063897, 53.3535207 ], [ -2.2062657, 53.3535229 ], [ -2.2061855, 53.3535338 ], [ -2.2056934, 53.3536508 ] ] } },
{ "type": "Feature", "properties": { "id": 56780, "nach": 0.43007388929673501 }, "geometry": { "type": "LineString", "coordinates": [ [ -2.2078799, 53.3535518 ], [ -2.2078429, 53.3535658 ], [ -2.2078006, 53.3535725 ], [ -2.2077568, 53.3535712 ], [ -2.2077158, 53.353562 ], [ -2.2076814, 53.3535458 ] ] } },
{ "type": "Feature", "properties": { "id": 56782, "nach": 0.42955228486594804 }, "geometry": { "type": "LineString", "coordinates": [ [ -2.2076814, 53.3535458 ], [ -2.2076549, 53.3535214 ], [ -2.2076437, 53.353493 ], [ -2.2076491, 53.3534641 ], [ -2.2076706, 53.353438 ], [ -2.2077055, 53.3534177 ], [ -2.2077499, 53.3534057 ] ] } },
{ "type": "Feature", "properties": { "id": 99281, "nach": 0.57630446367741928 }, "geometry": { "type": "LineString", "coordinates": [ [ -2.2026141, 53.3575043 ], [ -2.202484, 53.3581344 ] ] } },
{ "type": "Feature", "properties": { "id": 112168, "nach": 0.43425818500940888 }, "geometry": { "type": "LineString", "coordinates": [ [ -2.2031945, 53.358158 ], [ -2.202484, 53.3581344 ] ] } },
{ "type": "Feature", "properties": { "id": 167035, "nach": 0.56927710786862606 }, "geometry": { "type": "LineString", "coordinates": [ [ -2.2024365, 53.358393 ], [ -2.2024676, 53.358223600000017 ], [ -2.202484, 53.3581344 ] ] } },
{ "type": "Feature", "properties": { "id": 115282, "nach": 0.38688454976198361 }, "geometry": { "type": "LineString", "coordinates": [ [ -2.2009671, 53.3580788 ], [ -2.2023672, 53.3581301 ], [ -2.202484, 53.3581344 ] ] } },
{ "type": "Feature", "properties": { "id": 159607, "nach": 0.4798771903101437 }, "geometry": { "type": "LineString", "coordinates": [ [ -2.2019164, 53.3574876 ], [ -2.2024408, 53.3574804 ], [ -2.2026141, 53.3575043 ] ] } },
{ "type": "Feature", "properties": { "id": 112167, "nach": 0.42522374168043015 }, "geometry": { "type": "LineString", "coordinates": [ [ -2.2031945, 53.358158 ], [ -2.2037357, 53.358176 ] ] } },
{ "type": "Feature", "properties": { "id": 167028, "nach": 0.42727215608257241 }, "geometry": { "type": "LineString", "coordinates": [ [ -2.2031453, 53.3582762 ], [ -2.2031945, 53.358158 ] ] } },
{ "type": "Feature", "properties": { "id": 167033, "nach": 0.56428522923895497 }, "geometry": { "type": "LineString", "coordinates": [ [ -2.2024365, 53.358393 ], [ -2.2024177, 53.3584959 ] ] } },
{ "type": "Feature", "properties": { "id": 167036, "nach": 0.51784967142297766 }, "geometry": { "type": "LineString", "coordinates": [ [ -2.2025783, 53.3583996 ], [ -2.2024365, 53.358393 ] ] } },
{ "type": "Feature", "properties": { "id": 128993, "nach": 0.41473097130334424 }, "geometry": { "type": "LineString", "coordinates": [ [ -2.2079382, 53.354052 ], [ -2.2080018, 53.3536636 ], [ -2.2079749, 53.3536023 ], [ -2.2078799, 53.3535518 ] ] } },
{ "type": "Feature", "properties": { "id": 56784, "nach": 0.41495186505464349 }, "geometry": { "type": "LineString", "coordinates": [ [ -2.2077499, 53.3534057 ], [ -2.2077971, 53.35340320000001 ], [ -2.2078431, 53.3534101 ], [ -2.2078827, 53.3534256 ], [ -2.2079116, 53.3534481 ], [ -2.2079266, 53.3534749 ], [ -2.2079259, 53.3535032 ], [ -2.2079098, 53.3535298 ], [ -2.2078799, 53.3535518 ] ] } },
{ "type": "Feature", "properties": { "id": 158496, "nach": 0.45293978007466978 }, "geometry": { "type": "LineString", "coordinates": [ [ -2.2002451, 53.353393 ], [ -2.2001781, 53.3533779 ], [ -2.2000983, 53.3533626 ], [ -2.1998791, 53.3533308 ], [ -2.1996459, 53.3533178 ] ] } },
{ "type": "Feature", "properties": { "id": 161376, "nach": 0.40661672942370058 }, "geometry": { "type": "LineString", "coordinates": [ [ -2.2001499, 53.353575 ], [ -2.2002076, 53.3534615 ], [ -2.2002451, 53.353393 ] ] } },
{ "type": "Feature", "properties": { "id": 158497, "nach": 0.58001839535761734 }, "geometry": { "type": "LineString", "coordinates": [ [ -2.201336212341293, 53.353512075572247 ], [ -2.2002451, 53.353393 ] ] } },
{ "type": "Feature", "properties": { "id": 56811, "nach": 0.43113307666242739 }, "geometry": { "type": "LineString", "coordinates": [ [ -2.1994938, 53.3536041 ], [ -2.1996459, 53.3533178 ] ] } },
{ "type": "Feature", "properties": { "id": 56816, "nach": 0.41639841082410822 }, "geometry": { "type": "LineString", "coordinates": [ [ -2.1994724, 53.3536372 ], [ -2.1995129, 53.353639199999982 ], [ -2.1995167, 53.353629200000015 ], [ -2.1995236, 53.3536169 ], [ -2.1994938, 53.3536041 ] ] } },
{ "type": "Feature", "properties": { "id": 56802, "nach": 0.49125169220343373 }, "geometry": { "type": "LineString", "coordinates": [ [ -2.1979695, 53.356392 ], [ -2.1980161, 53.3563847 ], [ -2.1981048, 53.3563869 ], [ -2.19823, 53.3564077 ], [ -2.1982603, 53.3564041 ] ] } },
{ "type": "Feature", "properties": { "id": 111623, "nach": 0.4872272962762717 }, "geometry": { "type": "LineString", "coordinates": [ [ -2.199124, 53.3563334 ], [ -2.1990895, 53.3563507 ], [ -2.1990693, 53.3563925 ], [ -2.1990626, 53.3564557 ], [ -2.1990411, 53.3564741 ], [ -2.1986013, 53.3564382 ], [ -2.1983542, 53.356422600000023 ], [ -2.1982603, 53.3564041 ] ] } },
{ "type": "Feature", "properties": { "id": 56806, "nach": 0.45626209801742595 }, "geometry": { "type": "LineString", "coordinates": [ [ -2.1978912, 53.3567032 ], [ -2.1979408, 53.3564641 ], [ -2.1979695, 53.356392 ] ] } },
{ "type": "Feature", "properties": { "id": 161403, "nach": 0.4401900032984874 }, "geometry": { "type": "LineString", "coordinates": [ [ -2.1933524, 53.3557279 ], [ -2.1938087, 53.3557305 ], [ -2.194148, 53.3557283 ], [ -2.1950675, 53.3557723 ], [ -2.1954863, 53.355917200000015 ], [ -2.1960294, 53.3559491 ], [ -2.1966897, 53.3560185 ], [ -2.1968784, 53.35619410000001 ], [ -2.197262, 53.356279600000015 ], [ -2.1979695, 53.356392 ] ] } },
{ "type": "Feature", "properties": { "id": 111622, "nach": 0.36587548711472367 }, "geometry": { "type": "LineString", "coordinates": [ [ -2.199124, 53.3563334 ], [ -2.1991571, 53.3564345 ], [ -2.1991792, 53.3565555 ], [ -2.1992016, 53.3567259 ], [ -2.1992175, 53.3568715 ], [ -2.1991979, 53.3570472 ], [ -2.1991499, 53.3573078 ], [ -2.1991509, 53.3573297 ], [ -2.199184, 53.3574817 ], [ -2.1991838, 53.3575043 ], [ -2.19916690000001, 53.357703 ], [ -2.1990843, 53.3581578 ], [ -2.1989478, 53.3586134 ] ] } },
{ "type": "Feature", "properties": { "id": 118184, "nach": 0.50601203461766575 }, "geometry": { "type": "LineString", "coordinates": [ [ -2.19920690000001, 53.3563215 ], [ -2.1991463, 53.3563304 ], [ -2.199124, 53.3563334 ] ] } },
{ "type": "Feature", "properties": { "id": 88074, "nach": 0.45470531862150787 }, "geometry": { "type": "LineString", "coordinates": [ [ -2.1975525, 53.3589721 ], [ -2.1976176, 53.3585357 ], [ -2.19771, 53.3579351 ], [ -2.1978292, 53.3571646 ], [ -2.1978912, 53.3567032 ] ] } },
{ "type": "Feature", "properties": { "id": 161406, "nach": 0.39123006257395981 }, "geometry": { "type": "LineString", "coordinates": [ [ -2.198347, 53.3566005 ], [ -2.1979657, 53.3566864 ], [ -2.1978912, 53.3567032 ] ] } },
{ "type": "Feature", "properties": { "id": 106604, "nach": 0.59778025086074604 }, "geometry": { "type": "LineString", "coordinates": [ [ -2.1976797, 53.3589974 ], [ -2.1975525, 53.3589721 ] ] } },
{ "type": "Feature", "properties": { "id": 130285, "nach": 0.39936840541609592 }, "geometry": { "type": "LineString", "coordinates": [ [ -2.1998675, 53.3552296 ], [ -2.1998695, 53.3551921 ], [ -2.1998331, 53.355150500000015 ], [ -2.1997098, 53.3551231 ], [ -2.1991213, 53.354993800000017 ], [ -2.1986942, 53.3548984 ], [ -2.1986267, 53.35485820000001 ], [ -2.198648, 53.3548034 ], [ -2.1987128, 53.3547584 ], [ -2.1992386, 53.3539794 ], [ -2.1994234, 53.3536986 ], [ -2.1994724, 53.3536372 ] ] } },
{ "type": "Feature", "properties": { "id": 130286, "nach": 0.54030796991570773 }, "geometry": { "type": "LineString", "coordinates": [ [ -2.1998675, 53.3552296 ], [ -2.1998656, 53.3552671 ], [ -2.1998262, 53.3552872 ], [ -2.1996809, 53.3552772 ], [ -2.1996744, 53.3552971 ], [ -2.1996638, 53.3553297 ] ] } },
{ "type": "Feature", "properties": { "id": 130283, "nach": 0.30816826271594583 }, "geometry": { "type": "LineString", "coordinates": [ [ -2.1973011, 53.3547302 ], [ -2.1975999, 53.3547692 ], [ -2.1983415, 53.3549584 ], [ -2.1987235, 53.3550455 ], [ -2.1988263, 53.3550689 ], [ -2.1990428, 53.3551145 ], [ -2.1995857, 53.3552128 ], [ -2.199688, 53.3552229 ], [ -2.19980090000001, 53.3552332 ], [ -2.1998675, 53.3552296 ] ] } },
{ "type": "Feature", "properties": { "id": 56943, "nach": 0.4231847523605628 }, "geometry": { "type": "LineString", "coordinates": [ [ -2.2042206, 53.3507993 ], [ -2.204226, 53.3509314 ] ] } },
{ "type": "Feature", "properties": { "id": 56944, "nach": 0.61644330120310664 }, "geometry": { "type": "LineString", "coordinates": [ [ -2.2042206, 53.3507993 ], [ -2.2037168, 53.3508032 ] ] } },
{ "type": "Feature", "properties": { "id": 81979, "nach": 0.10036365359698522 }, "geometry": { "type": "LineString", "coordinates": [ [ -2.2037179, 53.3509371 ], [ -2.204226, 53.3509314 ] ] } },
{ "type": "Feature", "properties": { "id": 81981, "nach": 0.46393885742799912 }, "geometry": { "type": "LineString", "coordinates": [ [ -2.2037179, 53.3509371 ], [ -2.2037168, 53.3508032 ] ] } },
{ "type": "Feature", "properties": { "id": 82436, "nach": 0.43577921332862574 }, "geometry": { "type": "LineString", "coordinates": [ [ -2.2037646, 53.347752 ], [ -2.2037183, 53.3477233 ], [ -2.2037081, 53.3476919 ] ] } },
{ "type": "Feature", "properties": { "id": 157363, "nach": 0.42018966014320447 }, "geometry": { "type": "LineString", "coordinates": [ [ -2.2038115, 53.3477812 ], [ -2.2037646, 53.347752 ] ] } },
{ "type": "Feature", "properties": { "id": 82435, "nach": 0.54275064614995816 }, "geometry": { "type": "LineString", "coordinates": [ [ -2.2037646, 53.347752 ], [ -2.2037245, 53.34778330000001 ], [ -2.2036822, 53.3478277 ] ] } },
{ "type": "Feature", "properties": { "id": 58689, "nach": 0.45376739196291643 }, "geometry": { "type": "LineString", "coordinates": [ [ -2.2182124, 53.349750899999989 ], [ -2.2183091, 53.3497574 ], [ -2.218377, 53.3497743 ], [ -2.2184218, 53.3497917 ], [ -2.218471, 53.3498211 ], [ -2.2185042, 53.3498599 ], [ -2.2185217, 53.3498979 ] ] } },
{ "type": "Feature", "properties": { "id": 58692, "nach": 0.41516923580632714 }, "geometry": { "type": "LineString", "coordinates": [ [ -2.2176081, 53.3498023 ], [ -2.2182124, 53.349750899999989 ] ] } },
{ "type": "Feature", "properties": { "id": 58697, "nach": 0.4745790444252479 }, "geometry": { "type": "LineString", "coordinates": [ [ -2.2175863, 53.349984 ], [ -2.2176571, 53.349978900000011 ] ] } },
{ "type": "Feature", "properties": { "id": 58700, "nach": 0.41364407890169413 }, "geometry": { "type": "LineString", "coordinates": [ [ -2.2176061, 53.3500635 ], [ -2.2175863, 53.349984 ] ] } },
{ "type": "Feature", "properties": { "id": 58696, "nach": 0.31376356278214823 }, "geometry": { "type": "LineString", "coordinates": [ [ -2.2176571, 53.349978900000011 ], [ -2.2177064, 53.3501533 ], [ -2.2182756, 53.3501046 ], [ -2.2183658, 53.350086500000018 ], [ -2.2184247, 53.3500614 ], [ -2.218472, 53.3500336 ], [ -2.2185004, 53.3500049 ], [ -2.2185165, 53.3499753 ], [ -2.2185223, 53.3499478 ], [ -2.2185218, 53.3499253 ], [ -2.2185217, 53.3498979 ] ] } },
{ "type": "Feature", "properties": { "id": 58694, "nach": 0.45514699188483365 }, "geometry": { "type": "LineString", "coordinates": [ [ -2.2176571, 53.349978900000011 ], [ -2.2176081, 53.3498023 ] ] } },
{ "type": "Feature", "properties": { "id": 58693, "nach": 0.41131879466314064 }, "geometry": { "type": "LineString", "coordinates": [ [ -2.2175446, 53.3498074 ], [ -2.2176081, 53.3498023 ] ] } },
{ "type": "Feature", "properties": { "id": 58744, "nach": 0.39216365592292235 }, "geometry": { "type": "LineString", "coordinates": [ [ -2.2039103, 53.3604713 ], [ -2.2038827, 53.3604683 ], [ -2.2027123, 53.3603353 ], [ -2.2018733, 53.3602527 ] ] } },
{ "type": "Feature", "properties": { "id": 158340, "nach": 0.4157186796675868 }, "geometry": { "type": "LineString", "coordinates": [ [ -2.203834, 53.3592299 ], [ -2.2038653, 53.3592923 ], [ -2.2038491, 53.3593833 ], [ -2.2038241, 53.3594559 ], [ -2.2037878, 53.3595557 ], [ -2.2037739, 53.3596048 ], [ -2.2037693, 53.3596691 ], [ -2.2037958, 53.3597353 ], [ -2.2038302, 53.3598126 ], [ -2.203873, 53.3599178 ], [ -2.2039078, 53.3600535 ], [ -2.2039156, 53.360093400000018 ], [ -2.2039136, 53.3601446 ], [ -2.2039019, 53.3603862 ], [ -2.2039103, 53.3604713 ] ] } },
{ "type": "Feature", "properties": { "id": 158339, "nach": 0.4932975624820935 }, "geometry": { "type": "LineString", "coordinates": [ [ -2.203834, 53.3592299 ], [ -2.2051812, 53.3589832 ], [ -2.2054948, 53.358945500000011 ], [ -2.2061006, 53.358867099999983 ], [ -2.206181, 53.35885780000001 ] ] } },
{ "type": "Feature", "properties": { "id": 71445, "nach": 0.31738329688650391 }, "geometry": { "type": "LineString", "coordinates": [ [ -2.1997024, 53.359368 ], [ -2.1997016, 53.35938010000001 ], [ -2.1996939, 53.3594266 ], [ -2.1996866, 53.3594806 ], [ -2.1996839, 53.359585 ], [ -2.1996828, 53.3596226 ] ] } },
{ "type": "Feature", "properties": { "id": 71452, "nach": 0.37961030601511508 }, "geometry": { "type": "LineString", "coordinates": [ [ -2.1996828, 53.3596226 ], [ -2.199549, 53.3596268 ], [ -2.1993974, 53.3594708 ], [ -2.1992725, 53.359507 ] ] } },
{ "type": "Feature", "properties": { "id": 161993, "nach": 0.42549140357386767 }, "geometry": { "type": "LineString", "coordinates": [ [ -2.2048977, 53.3607444 ], [ -2.2048792, 53.3607338 ], [ -2.2043766, 53.360604400000014 ], [ -2.2043375, 53.360595 ], [ -2.204294, 53.3605897 ], [ -2.2042299, 53.3605847 ], [ -2.2041537, 53.360576 ], [ -2.204084, 53.360564 ], [ -2.2040142, 53.360544 ], [ -2.2039569, 53.3605125 ], [ -2.2039103, 53.3604713 ] ] } },
{ "type": "Feature", "properties": { "id": 187290, "nach": 0.35544419609134476 }, "geometry": { "type": "LineString", "coordinates": [ [ -2.2043188, 53.362709 ], [ -2.204312, 53.3623264 ], [ -2.2043016, 53.361605 ], [ -2.2045108, 53.3613221 ], [ -2.2049173, 53.3608 ], [ -2.2049204, 53.36077610000001 ], [ -2.2049101, 53.3607573 ], [ -2.2048977, 53.3607444 ] ] } },
{ "type": "Feature", "properties": { "id": 187289, "nach": 0.35666361734854146 }, "geometry": { "type": "LineString", "coordinates": [ [ -2.2055049, 53.3608952 ], [ -2.2054623, 53.3608336 ], [ -2.2052143, 53.360739 ], [ -2.2048977, 53.3607444 ] ] } },
{ "type": "Feature", "properties": { "id": 112887, "nach": 0.57427560642145092 }, "geometry": { "type": "LineString", "coordinates": [ [ -2.2192286, 53.3581839 ], [ -2.2192507, 53.3582671 ], [ -2.2192981, 53.3583689 ], [ -2.21935010000001, 53.3584526 ] ] } },
{ "type": "Feature", "properties": { "id": 173688, "nach": 0.45749625032471469 }, "geometry": { "type": "LineString", "coordinates": [ [ -2.2192469, 53.3586028 ], [ -2.2192933, 53.35853740000001 ], [ -2.21935010000001, 53.3584526 ] ] } },
{ "type": "Feature", "properties": { "id": 112888, "nach": 0.50199335961042846 }, "geometry": { "type": "LineString", "coordinates": [ [ -2.2196683, 53.3581194 ], [ -2.2192286, 53.3581839 ] ] } },
{ "type": "Feature", "properties": { "id": 159342, "nach": 0.58542086047000541 }, "geometry": { "type": "LineString", "coordinates": [ [ -2.2191775, 53.3579822 ], [ -2.2192077, 53.3581054 ], [ -2.2192286, 53.3581839 ] ] } },
{ "type": "Feature", "properties": { "id": 167657, "nach": 0.0 }, "geometry": { "type": "LineString", "coordinates": [ [ -2.2200436, 53.358992299999983 ], [ -2.2200842, 53.3589818 ], [ -2.2201514, 53.3589525 ], [ -2.2202247, 53.3589047 ], [ -2.2202455, 53.3588823 ], [ -2.2202522, 53.3588606 ], [ -2.2202469, 53.3588301 ], [ -2.220228, 53.3588056 ], [ -2.2201971, 53.3587835 ], [ -2.2201574, 53.358769499999987 ], [ -2.2201016, 53.3587583 ], [ -2.2200263, 53.3587474 ], [ -2.2199631, 53.3587426 ], [ -2.2199046, 53.3587458 ], [ -2.2198676, 53.358757100000012 ], [ -2.2198535, 53.3587727 ], [ -2.2198535, 53.3587896 ], [ -2.219867, 53.35881 ], [ -2.2199051, 53.3588492 ], [ -2.2199294, 53.3588744 ], [ -2.2200436, 53.358992299999983 ] ] } },
{ "type": "Feature", "properties": { "id": 161998, "nach": 0.41339148328566638 }, "geometry": { "type": "LineString", "coordinates": [ [ -2.2141859, 53.3628447 ], [ -2.2142053, 53.3629875 ], [ -2.2142287, 53.3630107 ], [ -2.2142656, 53.3630307 ], [ -2.2143208, 53.3630379 ], [ -2.2144333, 53.3630363 ], [ -2.2145071, 53.3630387 ], [ -2.2145607, 53.363051899999988 ], [ -2.2146116, 53.3630699 ], [ -2.215081, 53.3633836 ], [ -2.2152151, 53.3634412 ], [ -2.2153809, 53.363484 ], [ -2.2155853, 53.3635053 ], [ -2.2157988, 53.3635213 ] ] } },
{ "type": "Feature", "properties": { "id": 78836, "nach": 0.53420154412330723 }, "geometry": { "type": "LineString", "coordinates": [ [ -2.2157487, 53.364857 ], [ -2.2157587, 53.3642725 ], [ -2.2157727, 53.3636808 ], [ -2.2157988, 53.3635213 ] ] } },
{ "type": "Feature", "properties": { "id": 161996, "nach": 0.34543413321219335 }, "geometry": { "type": "LineString", "coordinates": [ [ -2.2141859, 53.3628447 ], [ -2.2141651, 53.3626914 ] ] } },
{ "type": "Feature", "properties": { "id": 161999, "nach": 0.34589551926949713 }, "geometry": { "type": "LineString", "coordinates": [ [ -2.2139908, 53.3628529 ], [ -2.2141859, 53.3628447 ] ] } },
{ "type": "Feature", "properties": { "id": 122198, "nach": 0.45711086823291225 }, "geometry": { "type": "LineString", "coordinates": [ [ -2.1960103, 53.3583713 ], [ -2.195957, 53.358456 ], [ -2.1957241, 53.3587992 ] ] } },
{ "type": "Feature", "properties": { "id": 163286, "nach": 0.39204309691908612 }, "geometry": { "type": "LineString", "coordinates": [ [ -2.1961813, 53.3584022 ], [ -2.1960103, 53.3583713 ] ] } },
{ "type": "Feature", "properties": { "id": 122199, "nach": 0.38123488946947137 }, "geometry": { "type": "LineString", "coordinates": [ [ -2.1964913, 53.3578971 ], [ -2.1962183, 53.35788740000001 ], [ -2.1961666, 53.3579262 ], [ -2.1961273, 53.3580232 ], [ -2.1960821, 53.35816 ], [ -2.1960505, 53.3582745 ], [ -2.1960103, 53.3583713 ] ] } },
{ "type": "Feature", "properties": { "id": 61985, "nach": 0.43608380302626459 }, "geometry": { "type": "LineString", "coordinates": [ [ -2.2118533, 53.3566083 ], [ -2.2119521, 53.35675710000001 ], [ -2.2119728, 53.3567913 ] ] } },
{ "type": "Feature", "properties": { "id": 61986, "nach": 0.4521605960951941 }, "geometry": { "type": "LineString", "coordinates": [ [ -2.2118533, 53.3566083 ], [ -2.2119476, 53.356591 ], [ -2.2118316, 53.3562074 ] ] } },
{ "type": "Feature", "properties": { "id": 142731, "nach": 0.48735839320145069 }, "geometry": { "type": "LineString", "coordinates": [ [ -2.2119738, 53.355999 ], [ -2.2119382, 53.3560021 ], [ -2.2118268, 53.3560719 ], [ -2.2118074, 53.3561036 ], [ -2.2118105, 53.3561274 ], [ -2.2118316, 53.3562074 ] ] } },
{ "type": "Feature", "properties": { "id": 142733, "nach": 0.46487191268521494 }, "geometry": { "type": "LineString", "coordinates": [ [ -2.2119167, 53.3558185 ], [ -2.2119738, 53.355999 ] ] } },
{ "type": "Feature", "properties": { "id": 61981, "nach": 0.38687410180252335 }, "geometry": { "type": "LineString", "coordinates": [ [ -2.2136192, 53.3566843 ], [ -2.2139757, 53.3566311 ] ] } },
{ "type": "Feature", "properties": { "id": 61983, "nach": 0.38663192839235844 }, "geometry": { "type": "LineString", "coordinates": [ [ -2.2136192, 53.3566843 ], [ -2.2134321, 53.3567122 ], [ -2.2134949, 53.356830100000018 ] ] } },
{ "type": "Feature", "properties": { "id": 62040, "nach": 0.42318318919307535 }, "geometry": { "type": "LineString", "coordinates": [ [ -2.2133565, 53.3557848 ], [ -2.2128717, 53.3558581 ] ] } },
{ "type": "Feature", "properties": { "id": 62042, "nach": 0.38998430680379897 }, "geometry": { "type": "LineString", "coordinates": [ [ -2.2133565, 53.3557848 ], [ -2.2133866, 53.3558559 ] ] } },
{ "type": "Feature", "properties": { "id": 62043, "nach": 0.36744123878877399 }, "geometry": { "type": "LineString", "coordinates": [ [ -2.2136916, 53.355729400000016 ], [ -2.2133565, 53.3557848 ] ] } },
{ "type": "Feature", "properties": { "id": 62022, "nach": 0.51274795624737657 }, "geometry": { "type": "LineString", "coordinates": [ [ -2.2137509, 53.3558879 ], [ -2.2133866, 53.3558559 ] ] } },
{ "type": "Feature", "properties": { "id": 140552, "nach": 0.39657856538377373 }, "geometry": { "type": "LineString", "coordinates": [ [ -2.2143409, 53.3540288 ], [ -2.2145403, 53.354025800000016 ], [ -2.2145272, 53.3537786 ] ] } },
{ "type": "Feature", "properties": { "id": 163764, "nach": 0.39863086299719136 }, "geometry": { "type": "LineString", "coordinates": [ [ -2.2143311, 53.3537843 ], [ -2.2143409, 53.3540288 ] ] } },
{ "type": "Feature", "properties": { "id": 62122, "nach": 0.52040238283937623 }, "geometry": { "type": "LineString", "coordinates": [ [ -2.2120108, 53.355269 ], [ -2.2119606, 53.35498170000001 ] ] } },
{ "type": "Feature", "properties": { "id": 62202, "nach": 0.36550185436566252 }, "geometry": { "type": "LineString", "coordinates": [ [ -2.2123414, 53.35198960000001 ], [ -2.2121478, 53.3520214 ], [ -2.212024, 53.3520462 ], [ -2.2119222, 53.3520742 ] ] } },
{ "type": "Feature", "properties": { "id": 62201, "nach": 0.4733041217074036 }, "geometry": { "type": "LineString", "coordinates": [ [ -2.2123414, 53.35198960000001 ], [ -2.2122019, 53.35181 ] ] } },
{ "type": "Feature", "properties": { "id": 62186, "nach": 0.61324270227091093 }, "geometry": { "type": "LineString", "coordinates": [ [ -2.2124025, 53.3515277 ], [ -2.2122296, 53.3517891 ], [ -2.2122019, 53.35181 ] ] } },
{ "type": "Feature", "properties": { "id": 62268, "nach": 0.46220614086057327 }, "geometry": { "type": "LineString", "coordinates": [ [ -2.2142183, 53.3524666 ], [ -2.2141344, 53.3524707 ], [ -2.2140394, 53.3524729 ], [ -2.2139599, 53.352465399999986 ], [ -2.2138818, 53.3524564 ], [ -2.2137951, 53.35243280000001 ], [ -2.2137366, 53.3524129 ], [ -2.2136781, 53.3523874 ], [ -2.2136463, 53.352355 ], [ -2.2136252, 53.35232340000001 ], [ -2.21361130000001, 53.3522857 ], [ -2.2134809, 53.3521115 ], [ -2.2133919, 53.3519971 ], [ -2.2133468, 53.3519498 ], [ -2.2133094, 53.3519291 ], [ -2.2132679, 53.351919 ], [ -2.2131851, 53.3519211 ], [ -2.212713, 53.351945 ], [ -2.2126197, 53.35195 ], [ -2.2124917, 53.35196530000001 ], [ -2.2123414, 53.35198960000001 ] ] } },
{ "type": "Feature", "properties": { "id": 62262, "nach": 0.52936680106805745 }, "geometry": { "type": "LineString", "coordinates": [ [ -2.2123275, 53.3512109 ], [ -2.2124025, 53.3515277 ] ] } },
{ "type": "Feature", "properties": { "id": 158328, "nach": 0.49459976705372122 }, "geometry": { "type": "LineString", "coordinates": [ [ -2.2068854, 53.358776 ], [ -2.206181, 53.35885780000001 ] ] } },
{ "type": "Feature", "properties": { "id": 145330, "nach": 0.55397422839957822 }, "geometry": { "type": "LineString", "coordinates": [ [ -2.207005038259381, 53.357382931073943 ], [ -2.206181, 53.35885780000001 ] ] } },
{ "type": "Feature", "properties": { "id": 62178, "nach": 0.099810469720897049 }, "geometry": { "type": "LineString", "coordinates": [ [ -2.2127717, 53.3506121 ], [ -2.2128212, 53.3505317 ] ] } },
{ "type": "Feature", "properties": { "id": 62245, "nach": 0.53172299148344571 }, "geometry": { "type": "LineString", "coordinates": [ [ -2.2126754, 53.3504979 ], [ -2.2128212, 53.3505317 ] ] } },
{ "type": "Feature", "properties": { "id": 62234, "nach": 0.38600469380086744 }, "geometry": { "type": "LineString", "coordinates": [ [ -2.2126221, 53.350578 ], [ -2.2127717, 53.3506121 ] ] } },
{ "type": "Feature", "properties": { "id": 62246, "nach": 0.49174608477867404 }, "geometry": { "type": "LineString", "coordinates": [ [ -2.2126754, 53.3504979 ], [ -2.2125447, 53.3504677 ], [ -2.2125236, 53.3505003 ] ] } },
{ "type": "Feature", "properties": { "id": 62244, "nach": 0.48734544442483602 }, "geometry": { "type": "LineString", "coordinates": [ [ -2.2126754, 53.3504979 ], [ -2.2126221, 53.350578 ] ] } },
{ "type": "Feature", "properties": { "id": 62248, "nach": 0.54246732747996884 }, "geometry": { "type": "LineString", "coordinates": [ [ -2.2117854, 53.3510826 ], [ -2.2119151, 53.3511113 ] ] } },
{ "type": "Feature", "properties": { "id": 62221, "nach": 0.54036230194020918 }, "geometry": { "type": "LineString", "coordinates": [ [ -2.2121872, 53.3511798 ], [ -2.2119151, 53.3511113 ] ] } },
{ "type": "Feature", "properties": { "id": 62282, "nach": 0.3262101587574805 }, "geometry": { "type": "LineString", "coordinates": [ [ -2.2119599, 53.3510465 ], [ -2.2119151, 53.3511113 ] ] } },
{ "type": "Feature", "properties": { "id": 62247, "nach": 0.4812709207477967 }, "geometry": { "type": "LineString", "coordinates": [ [ -2.2117854, 53.3510826 ], [ -2.211655, 53.3510634 ] ] } },
{ "type": "Feature", "properties": { "id": 62249, "nach": 0.51970488413384253 }, "geometry": { "type": "LineString", "coordinates": [ [ -2.2117854, 53.3510826 ], [ -2.2118288, 53.351017 ] ] } },
{ "type": "Feature", "properties": { "id": 62261, "nach": 0.54598355249400221 }, "geometry": { "type": "LineString", "coordinates": [ [ -2.2123275, 53.3512109 ], [ -2.2121872, 53.3511798 ] ] } },
{ "type": "Feature", "properties": { "id": 62238, "nach": 0.38344275877848594 }, "geometry": { "type": "LineString", "coordinates": [ [ -2.2122294, 53.3511118 ], [ -2.2121872, 53.3511798 ] ] } },
{ "type": "Feature", "properties": { "id": 62284, "nach": 0.47771325897563682 }, "geometry": { "type": "LineString", "coordinates": [ [ -2.2119599, 53.3510465 ], [ -2.2118288, 53.351017 ] ] } },
{ "type": "Feature", "properties": { "id": 62283, "nach": 0.48250191944883331 }, "geometry": { "type": "LineString", "coordinates": [ [ -2.2119599, 53.3510465 ], [ -2.2122294, 53.3511118 ] ] } },
{ "type": "Feature", "properties": { "id": 62255, "nach": 0.50162158244128807 }, "geometry": { "type": "LineString", "coordinates": [ [ -2.2124923, 53.3505484 ], [ -2.2126221, 53.350578 ] ] } },
{ "type": "Feature", "properties": { "id": 62209, "nach": 0.42581973566847686 }, "geometry": { "type": "LineString", "coordinates": [ [ -2.211655, 53.3510634 ], [ -2.2113324, 53.350981300000015 ] ] } },
{ "type": "Feature", "properties": { "id": 62252, "nach": 0.5614735949235059 }, "geometry": { "type": "LineString", "coordinates": [ [ -2.2117068, 53.3509884 ], [ -2.211655, 53.3510634 ] ] } },
{ "type": "Feature", "properties": { "id": 62263, "nach": 0.47815730988367461 }, "geometry": { "type": "LineString", "coordinates": [ [ -2.2123275, 53.3512109 ], [ -2.2124062, 53.3511578 ] ] } },
{ "type": "Feature", "properties": { "id": 62264, "nach": 0.40467085323299767 }, "geometry": { "type": "LineString", "coordinates": [ [ -2.2123251, 53.35051030000001 ], [ -2.2123553, 53.3504608 ] ] } },
{ "type": "Feature", "properties": { "id": 62287, "nach": 0.52219079680078428 }, "geometry": { "type": "LineString", "coordinates": [ [ -2.2124379, 53.3504802 ], [ -2.2123553, 53.3504608 ] ] } },
{ "type": "Feature", "properties": { "id": 62274, "nach": 0.52939205982127246 }, "geometry": { "type": "LineString", "coordinates": [ [ -2.2122728, 53.3504414 ], [ -2.2123553, 53.3504608 ] ] } },
{ "type": "Feature", "properties": { "id": 62266, "nach": 0.4948239012463726 }, "geometry": { "type": "LineString", "coordinates": [ [ -2.2123251, 53.35051030000001 ], [ -2.2124087, 53.350529300000019 ] ] } },
{ "type": "Feature", "properties": { "id": 62265, "nach": 0.50070137192147224 }, "geometry": { "type": "LineString", "coordinates": [ [ -2.2123251, 53.35051030000001 ], [ -2.2122415, 53.3504912 ] ] } },
{ "type": "Feature", "properties": { "id": 62286, "nach": 0.49240522103405027 }, "geometry": { "type": "LineString", "coordinates": [ [ -2.2124379, 53.3504802 ], [ -2.2125236, 53.3505003 ] ] } },
{ "type": "Feature", "properties": { "id": 62285, "nach": 0.46694689522354721 }, "geometry": { "type": "LineString", "coordinates": [ [ -2.2124379, 53.3504802 ], [ -2.2124087, 53.350529300000019 ] ] } },
{ "type": "Feature", "properties": { "id": 62273, "nach": 0.40576657402764432 }, "geometry": { "type": "LineString", "coordinates": [ [ -2.2122728, 53.3504414 ], [ -2.2122415, 53.3504912 ] ] } },
{ "type": "Feature", "properties": { "id": 62281, "nach": 0.46652416915069628 }, "geometry": { "type": "LineString", "coordinates": [ [ -2.2117485, 53.3504171 ], [ -2.2120311, 53.3504895 ] ] } },
{ "type": "Feature", "properties": { "id": 62280, "nach": 0.4228175288364272 }, "geometry": { "type": "LineString", "coordinates": [ [ -2.2117485, 53.3504171 ], [ -2.211531, 53.3503613 ] ] } },
{ "type": "Feature", "properties": { "id": 62239, "nach": 0.47025378418229102 }, "geometry": { "type": "LineString", "coordinates": [ [ -2.2122294, 53.3511118 ], [ -2.2124062, 53.3511578 ] ] } },
{ "type": "Feature", "properties": { "id": 62253, "nach": 0.54357134686471398 }, "geometry": { "type": "LineString", "coordinates": [ [ -2.2117068, 53.3509884 ], [ -2.2118288, 53.351017 ] ] } },
{ "type": "Feature", "properties": { "id": 62256, "nach": 0.31900762305192587 }, "geometry": { "type": "LineString", "coordinates": [ [ -2.2124923, 53.3505484 ], [ -2.2125236, 53.3505003 ] ] } },
{ "type": "Feature", "properties": { "id": 62254, "nach": 0.51151026710692604 }, "geometry": { "type": "LineString", "coordinates": [ [ -2.2124923, 53.3505484 ], [ -2.2124087, 53.350529300000019 ] ] } },
{ "type": "Feature", "properties": { "id": 124407, "nach": 0.41816032068152736 }, "geometry": { "type": "LineString", "coordinates": [ [ -2.2132159, 53.3526238 ], [ -2.2131751, 53.352507700000011 ] ] } },
{ "type": "Feature", "properties": { "id": 124410, "nach": 0.4172605583237492 }, "geometry": { "type": "LineString", "coordinates": [ [ -2.2133389, 53.35249810000002 ], [ -2.2133774, 53.3526035 ], [ -2.2132159, 53.3526238 ] ] } },
{ "type": "Feature", "properties": { "id": 62333, "nach": 0.42699171870556868 }, "geometry": { "type": "LineString", "coordinates": [ [ -2.2138862, 53.35140040000001 ], [ -2.2139543, 53.3516165 ] ] } },
{ "type": "Feature", "properties": { "id": 62334, "nach": 0.44762910434049652 }, "geometry": { "type": "LineString", "coordinates": [ [ -2.2138862, 53.35140040000001 ], [ -2.21386, 53.351301 ] ] } },
{ "type": "Feature", "properties": { "id": 62344, "nach": 0.50208332443069992 }, "geometry": { "type": "LineString", "coordinates": [ [ -2.2141474, 53.3512508 ], [ -2.21462, 53.3511957 ] ] } },
{ "type": "Feature", "properties": { "id": 62343, "nach": 0.49353856028421494 }, "geometry": { "type": "LineString", "coordinates": [ [ -2.2141474, 53.3512508 ], [ -2.2139371, 53.351274600000011 ] ] } },
{ "type": "Feature", "properties": { "id": 62324, "nach": 0.59000843718454954 }, "geometry": { "type": "LineString", "coordinates": [ [ -2.2139371, 53.351274600000011 ], [ -2.21386, 53.351301 ] ] } },
{ "type": "Feature", "properties": { "id": 70438, "nach": 0.60016006792193044 }, "geometry": { "type": "LineString", "coordinates": [ [ -2.2190441, 53.3570106 ], [ -2.2190585, 53.3570388 ], [ -2.2190626, 53.357068200000015 ], [ -2.2190574, 53.3570938 ], [ -2.2190444, 53.3571184 ] ] } },
{ "type": "Feature", "properties": { "id": 71404, "nach": 0.58337682430572035 }, "geometry": { "type": "LineString", "coordinates": [ [ -2.2189273, 53.3569392 ], [ -2.2189643, 53.356951800000012 ], [ -2.2189967, 53.3569683 ], [ -2.2190237, 53.3569881 ], [ -2.2190441, 53.3570106 ] ] } },
{ "type": "Feature", "properties": { "id": 78536, "nach": 0.51492509542724807 }, "geometry": { "type": "LineString", "coordinates": [ [ -2.2191013, 53.3569171 ], [ -2.2190441, 53.3570106 ] ] } },
{ "type": "Feature", "properties": { "id": 71407, "nach": 0.59932143356207013 }, "geometry": { "type": "LineString", "coordinates": [ [ -2.2190444, 53.3571184 ], [ -2.2190264, 53.3571806 ], [ -2.2190227, 53.3572276 ], [ -2.2190297, 53.357276300000017 ], [ -2.2190484, 53.3573299 ] ] } },
{ "type": "Feature", "properties": { "id": 71408, "nach": 0.25967944375191304 }, "geometry": { "type": "LineString", "coordinates": [ [ -2.2190444, 53.3571184 ], [ -2.2190067, 53.3571547 ], [ -2.2189805, 53.3571702 ], [ -2.21892150000001, 53.3571917 ], [ -2.2188593, 53.3572016 ], [ -2.2188042, 53.3572016 ], [ -2.2187348, 53.3571899 ] ] } },
{ "type": "Feature", "properties": { "id": 70439, "nach": 0.31136639173711 }, "geometry": { "type": "LineString", "coordinates": [ [ -2.2252605, 53.3564048 ], [ -2.2240528, 53.3564156 ], [ -2.2230876, 53.3564327 ], [ -2.2222315, 53.3564723 ], [ -2.22143, 53.356526700000011 ], [ -2.2207187, 53.3565894 ], [ -2.2201921, 53.356653300000012 ], [ -2.219468, 53.3567618 ], [ -2.2192633, 53.3568113 ], [ -2.2191662, 53.3568537 ], [ -2.2191169, 53.3568995 ], [ -2.2191013, 53.3569171 ] ] } },
{ "type": "Feature", "properties": { "id": 70440, "nach": 0.43877358946443723 }, "geometry": { "type": "LineString", "coordinates": [ [ -2.2252605, 53.3564048 ], [ -2.218809658350859, 53.356671251533243 ] ] } },
{ "type": "Feature", "properties": { "id": 156481, "nach": 0.40213980786178938 }, "geometry": { "type": "LineString", "coordinates": [ [ -2.21918, 53.3569405 ], [ -2.2191013, 53.3569171 ] ] } },
{ "type": "Feature", "properties": { "id": 106409, "nach": 0.59119568988481175 }, "geometry": { "type": "LineString", "coordinates": [ [ -2.2191013, 53.3569171 ], [ -2.218768586271556, 53.356566145790708 ] ] } },
{ "type": "Feature", "properties": { "id": 71415, "nach": 0.29334836109209217 }, "geometry": { "type": "LineString", "coordinates": [ [ -2.2184008, 53.3571388 ], [ -2.2183164, 53.3571239 ], [ -2.2182196, 53.3571128 ], [ -2.2181209, 53.3571044 ], [ -2.2180208, 53.357101299999982 ], [ -2.21792, 53.3571057 ], [ -2.2177631, 53.3571167 ], [ -2.2163346, 53.3572735 ], [ -2.2148057, 53.357421699999989 ], [ -2.2139406, 53.3575008 ], [ -2.2132455, 53.3575479 ], [ -2.2127109, 53.3575874 ], [ -2.2121088, 53.35762230000001 ], [ -2.2112171, 53.3576671 ], [ -2.2106891, 53.3576806 ], [ -2.210054, 53.357666899999984 ] ] } },
{ "type": "Feature", "properties": { "id": 71422, "nach": 0.45369738462725001 }, "geometry": { "type": "LineString", "coordinates": [ [ -2.210054, 53.357666899999984 ], [ -2.206919663060539, 53.357514173997259 ] ] } },
{ "type": "Feature", "properties": { "id": 70440, "nach": 0.43877358946443723 }, "geometry": { "type": "LineString", "coordinates": [ [ -2.218621847427562, 53.356696459988122 ], [ -2.210054, 53.357666899999984 ] ] } },
{ "type": "Feature", "properties": { "id": 71426, "nach": 0.54304567966746842 }, "geometry": { "type": "LineString", "coordinates": [ [ -2.1996638, 53.3553297 ], [ -2.1996532, 53.3553624 ], [ -2.1996419, 53.355397100000019 ], [ -2.1997374, 53.3554484 ] ] } },
{ "type": "Feature", "properties": { "id": 71371, "nach": 0.3759490819555461 }, "geometry": { "type": "LineString", "coordinates": [ [ -2.1997374, 53.3554484 ], [ -2.1998368, 53.3553922 ], [ -2.1999409, 53.3553427 ] ] } },
{ "type": "Feature", "properties": { "id": 111744, "nach": 0.60326789645875234 }, "geometry": { "type": "LineString", "coordinates": [ [ -2.1997374, 53.3554484 ], [ -2.199590209542245, 53.355725664212962 ] ] } },
{ "type": "Feature", "properties": { "id": 71374, "nach": 0.50484939706285015 }, "geometry": { "type": "LineString", "coordinates": [ [ -2.1997374, 53.3554484 ], [ -2.199478378589633, 53.355689969673449 ] ] } },
{ "type": "Feature", "properties": { "id": 71427, "nach": 0.34392796086051453 }, "geometry": { "type": "LineString", "coordinates": [ [ -2.1996638, 53.3553297 ], [ -2.19985590000001, 53.3553337 ], [ -2.1999409, 53.3553427 ] ] } },
{ "type": "Feature", "properties": { "id": 130282, "nach": 0.37640583452446841 }, "geometry": { "type": "LineString", "coordinates": [ [ -2.1973011, 53.3547302 ], [ -2.1975566, 53.3548091 ], [ -2.1983629, 53.355021400000012 ], [ -2.19867470000001, 53.3551035 ], [ -2.1993111, 53.355271 ], [ -2.1994499, 53.355298400000017 ], [ -2.1995969, 53.355321 ], [ -2.1996638, 53.3553297 ] ] } },
{ "type": "Feature", "properties": { "id": 111745, "nach": 0.54857208502799426 }, "geometry": { "type": "LineString", "coordinates": [ [ -2.2004297, 53.3562169 ], [ -2.2005094, 53.3562584 ], [ -2.20053320000001, 53.3562708 ], [ -2.2005245, 53.3562907 ], [ -2.2005025, 53.356340900000014 ] ] } },
{ "type": "Feature", "properties": { "id": 111743, "nach": 0.30381956067600652 }, "geometry": { "type": "LineString", "coordinates": [ [ -2.2004297, 53.3562169 ], [ -2.2003662, 53.356254899999989 ], [ -2.2003032, 53.3562864 ], [ -2.2002194, 53.3563235 ] ] } },
{ "type": "Feature", "properties": { "id": 111744, "nach": 0.60326789645875234 }, "geometry": { "type": "LineString", "coordinates": [ [ -2.199655138223229, 53.355625745947947 ], [ -2.2004297, 53.3562169 ] ] } },
{ "type": "Feature", "properties": { "id": 71373, "nach": 0.4775474382884955 }, "geometry": { "type": "LineString", "coordinates": [ [ -2.2004297, 53.3562169 ], [ -2.200691685791494, 53.355954584060697 ] ] } },
{ "type": "Feature", "properties": { "id": 71372, "nach": 0.440061523438874 }, "geometry": { "type": "LineString", "coordinates": [ [ -2.2007294, 53.3555309 ], [ -2.203269649901261, 53.356585389373386 ] ] } },
{ "type": "Feature", "properties": { "id": 71373, "nach": 0.4775474382884955 }, "geometry": { "type": "LineString", "coordinates": [ [ -2.200622933328774, 53.35605263211972 ], [ -2.2007294, 53.3555309 ] ] } },
{ "type": "Feature", "properties": { "id": 71424, "nach": 0.47791481954456261 }, "geometry": { "type": "LineString", "coordinates": [ [ -2.2061812, 53.357280300000014 ], [ -2.199555566399117, 53.355594199317459 ] ] } },
{ "type": "Feature", "properties": { "id": 71372, "nach": 0.440061523438874 }, "geometry": { "type": "LineString", "coordinates": [ [ -2.203269649901261, 53.356585389373386 ], [ -2.2061812, 53.357280300000014 ] ] } },
{ "type": "Feature", "properties": { "id": 71417, "nach": 0.44912132031249474 }, "geometry": { "type": "LineString", "coordinates": [ [ -2.2061812, 53.357280300000014 ], [ -2.207005038259381, 53.357382931073943 ] ] } },
{ "type": "Feature", "properties": { "id": 71375, "nach": 0.41948949256661061 }, "geometry": { "type": "LineString", "coordinates": [ [ -2.1994061, 53.3561052 ], [ -2.1993351, 53.356059 ], [ -2.1992523, 53.35599160000001 ], [ -2.1991578, 53.3559125 ], [ -2.1991098, 53.3558774 ], [ -2.1990853, 53.3558594 ], [ -2.1990106, 53.355814400000014 ], [ -2.1988907, 53.3557522 ], [ -2.1987933, 53.3557132 ], [ -2.1986295, 53.3556664 ] ] } },
{ "type": "Feature", "properties": { "id": 71374, "nach": 0.50484939706285015 }, "geometry": { "type": "LineString", "coordinates": [ [ -2.199555566399117, 53.355594199317459 ], [ -2.1994061, 53.3561052 ] ] } },
{ "type": "Feature", "properties": { "id": 118182, "nach": 0.45381319174177315 }, "geometry": { "type": "LineString", "coordinates": [ [ -2.19920690000001, 53.3563215 ], [ -2.199199, 53.3562995 ], [ -2.1991732, 53.3562341 ], [ -2.19913650000001, 53.3561506 ], [ -2.1990893, 53.3560671 ], [ -2.1990344, 53.3559909 ], [ -2.198979, 53.355928 ], [ -2.19896640000001, 53.3559136 ], [ -2.1988808, 53.3558398 ], [ -2.1987744, 53.3557593 ], [ -2.1986295, 53.3556664 ] ] } },
{ "type": "Feature", "properties": { "id": 118185, "nach": 0.39505246713892861 }, "geometry": { "type": "LineString", "coordinates": [ [ -2.1986295, 53.3556664 ], [ -2.193876937156618, 53.353979270964864 ] ] } },
{ "type": "Feature", "properties": { "id": 71376, "nach": 0.39767509856589428 }, "geometry": { "type": "LineString", "coordinates": [ [ -2.2002131, 53.356326 ], [ -2.2000879, 53.3563805 ], [ -2.1999926, 53.356423500000012 ], [ -2.1999293, 53.3564611 ], [ -2.1998828, 53.35649750000001 ], [ -2.1998527, 53.3565263 ], [ -2.1998228, 53.3565607 ], [ -2.1997766, 53.3566225 ] ] } },
{ "type": "Feature", "properties": { "id": 71377, "nach": 0.068419197169306084 }, "geometry": { "type": "LineString", "coordinates": [ [ -2.2002131, 53.356326 ], [ -2.2001216, 53.3563286 ], [ -2.2000004, 53.3563333 ], [ -2.1999023, 53.3563306 ], [ -2.1998166, 53.3563193 ], [ -2.1997248, 53.3562948 ], [ -2.199647, 53.3562639 ], [ -2.1995851, 53.3562333 ], [ -2.1995045, 53.356185600000011 ], [ -2.1994477, 53.3561457 ], [ -2.1994092, 53.3561107 ] ] } },
{ "type": "Feature", "properties": { "id": 111613, "nach": 0.51101331013964968 }, "geometry": { "type": "LineString", "coordinates": [ [ -2.1997766, 53.3566225 ], [ -2.1996844, 53.3566059 ], [ -2.1996709, 53.3566035 ], [ -2.1996565, 53.3565818 ], [ -2.1996114, 53.3563903 ], [ -2.1995329, 53.3563658 ], [ -2.199464, 53.3563713 ] ] } },
{ "type": "Feature", "properties": { "id": 111611, "nach": 0.56615344365280129 }, "geometry": { "type": "LineString", "coordinates": [ [ -2.1997766, 53.3566225 ], [ -2.1997719, 53.3566439 ], [ -2.1997214, 53.3568362 ], [ -2.1996458, 53.357130300000016 ], [ -2.1995872, 53.3573766 ], [ -2.1995132, 53.3577157 ], [ -2.19945030000001, 53.35809290000001 ], [ -2.1994072, 53.3583075 ], [ -2.1993971, 53.35853460000002 ], [ -2.1994099, 53.3585718 ], [ -2.1994355, 53.3586176 ], [ -2.1994931, 53.3586792 ], [ -2.1995279, 53.3587165 ] ] } },
{ "type": "Feature", "properties": { "id": 159617, "nach": 0.58722757186571661 }, "geometry": { "type": "LineString", "coordinates": [ [ -2.2001047, 53.35645980000001 ], [ -2.2000999, 53.3564618 ], [ -2.200026, 53.3565008 ], [ -2.199975, 53.356537599999989 ], [ -2.1998862, 53.3566421 ], [ -2.1998574, 53.356637 ], [ -2.1997766, 53.3566225 ] ] } },
{ "type": "Feature", "properties": { "id": 111608, "nach": 0.39784388954123168 }, "geometry": { "type": "LineString", "coordinates": [ [ -2.199464, 53.3563713 ], [ -2.1994544, 53.3563221 ], [ -2.1994092, 53.3561107 ] ] } },
{ "type": "Feature", "properties": { "id": 71378, "nach": 0.55703345258635817 }, "geometry": { "type": "LineString", "coordinates": [ [ -2.2183468, 53.3558845 ], [ -2.2184454, 53.35596730000001 ] ] } },
{ "type": "Feature", "properties": { "id": 168018, "nach": 0.62654138345333887 }, "geometry": { "type": "LineString", "coordinates": [ [ -2.2180784, 53.3554325 ], [ -2.2181373, 53.3555128 ], [ -2.218284, 53.355786 ], [ -2.2183468, 53.3558845 ] ] } },
{ "type": "Feature", "properties": { "id": 71382, "nach": 0.60143686600829926 }, "geometry": { "type": "LineString", "coordinates": [ [ -2.2183614, 53.3559769 ], [ -2.2183468, 53.3558845 ] ] } },
{ "type": "Feature", "properties": { "id": 71380, "nach": 0.51346054732790269 }, "geometry": { "type": "LineString", "coordinates": [ [ -2.2184454, 53.35596730000001 ], [ -2.2185043, 53.3560031 ] ] } },
{ "type": "Feature", "properties": { "id": 78521, "nach": 0.51150127664853362 }, "geometry": { "type": "LineString", "coordinates": [ [ -2.218568, 53.355983 ], [ -2.2184454, 53.35596730000001 ] ] } },
{ "type": "Feature", "properties": { "id": 168019, "nach": 0.41182315434767663 }, "geometry": { "type": "LineString", "coordinates": [ [ -2.2180784, 53.3554325 ], [ -2.2177403, 53.355531900000017 ], [ -2.217574, 53.3555847 ], [ -2.2175565, 53.3556032 ], [ -2.2175552, 53.3556208 ], [ -2.2175901, 53.3556784 ], [ -2.217743, 53.3558409 ] ] } },
{ "type": "Feature", "properties": { "id": 78522, "nach": 0.38988252560542203 }, "geometry": { "type": "LineString", "coordinates": [ [ -2.218568, 53.355983 ], [ -2.2185043, 53.3560031 ] ] } },
{ "type": "Feature", "properties": { "id": 71385, "nach": 0.5135856476636661 }, "geometry": { "type": "LineString", "coordinates": [ [ -2.2185043, 53.3560031 ], [ -2.2185596, 53.3560423 ], [ -2.2186395, 53.3560926 ] ] } },
{ "type": "Feature", "properties": { "id": 71389, "nach": 0.35798941112598698 }, "geometry": { "type": "LineString", "coordinates": [ [ -2.2183678, 53.3560222 ], [ -2.2184321, 53.3560259 ], [ -2.2185043, 53.3560031 ] ] } },
{ "type": "Feature", "properties": { "id": 78528, "nach": 0.50954426667769626 }, "geometry": { "type": "LineString", "coordinates": [ [ -2.2188949, 53.35610830000001 ], [ -2.2188256, 53.3560893 ], [ -2.2187628, 53.356069600000012 ], [ -2.2187097, 53.3560428 ], [ -2.218568, 53.355983 ] ] } },
{ "type": "Feature", "properties": { "id": 78525, "nach": 0.38749578071470964 }, "geometry": { "type": "LineString", "coordinates": [ [ -2.2182902, 53.3560178 ], [ -2.2183614, 53.3559769 ] ] } },
{ "type": "Feature", "properties": { "id": 71387, "nach": 0.59882730868931378 }, "geometry": { "type": "LineString", "coordinates": [ [ -2.2183678, 53.3560222 ], [ -2.2183614, 53.3559769 ] ] } },
{ "type": "Feature", "properties": { "id": 78524, "nach": 0.35930137625065839 }, "geometry": { "type": "LineString", "coordinates": [ [ -2.2182902, 53.3560178 ], [ -2.2183678, 53.3560222 ] ] } },
{ "type": "Feature", "properties": { "id": 78534, "nach": 0.16866784609245516 }, "geometry": { "type": "LineString", "coordinates": [ [ -2.2182058, 53.3562943 ], [ -2.218149, 53.3562484 ], [ -2.218235, 53.3561909 ], [ -2.2182614, 53.3561598 ], [ -2.2182814, 53.3561253 ], [ -2.2182923, 53.3560992 ], [ -2.2182902, 53.3560178 ] ] } },
{ "type": "Feature", "properties": { "id": 71390, "nach": 0.51511473785402628 }, "geometry": { "type": "LineString", "coordinates": [ [ -2.2186395, 53.3560926 ], [ -2.2186846, 53.3561076 ], [ -2.218723, 53.3561282 ] ] } },
{ "type": "Feature", "properties": { "id": 71394, "nach": 0.34956156794231918 }, "geometry": { "type": "LineString", "coordinates": [ [ -2.2183351, 53.356168 ], [ -2.2183586, 53.3561419 ], [ -2.2183909, 53.3561194 ], [ -2.2184383, 53.356098800000012 ], [ -2.2184912, 53.3560863 ], [ -2.2185527, 53.3560818 ], [ -2.218597, 53.3560847 ], [ -2.2186395, 53.3560926 ] ] } },
{ "type": "Feature", "properties": { "id": 71393, "nach": 0.59843868733401984 }, "geometry": { "type": "LineString", "coordinates": [ [ -2.2183351, 53.356168 ], [ -2.2183552, 53.356097700000014 ], [ -2.2183678, 53.3560222 ] ] } },
{ "type": "Feature", "properties": { "id": 71391, "nach": 0.46593811784195505 }, "geometry": { "type": "LineString", "coordinates": [ [ -2.218723, 53.3561282 ], [ -2.2189037, 53.3561539 ] ] } },
{ "type": "Feature", "properties": { "id": 71392, "nach": 0.4738843749982094 }, "geometry": { "type": "LineString", "coordinates": [ [ -2.218723, 53.3561282 ], [ -2.218748, 53.356148399999988 ], [ -2.2187665, 53.356171 ], [ -2.2187799, 53.356203 ], [ -2.2187796, 53.356238500000011 ], [ -2.2187645, 53.3562725 ] ] } },
{ "type": "Feature", "properties": { "id": 78531, "nach": 0.52269314743547834 }, "geometry": { "type": "LineString", "coordinates": [ [ -2.2189037, 53.3561539 ], [ -2.2188949, 53.35610830000001 ] ] } },
{ "type": "Feature", "properties": { "id": 106407, "nach": 0.52530146520531151 }, "geometry": { "type": "LineString", "coordinates": [ [ -2.218922, 53.356248 ], [ -2.2189037, 53.3561539 ] ] } },
{ "type": "Feature", "properties": { "id": 71396, "nach": 0.47659781245081712 }, "geometry": { "type": "LineString", "coordinates": [ [ -2.2187645, 53.3562725 ], [ -2.2187472, 53.3562928 ] ] } },
{ "type": "Feature", "properties": { "id": 106408, "nach": 0.37000940262966825 }, "geometry": { "type": "LineString", "coordinates": [ [ -2.218922, 53.356248 ], [ -2.2188533, 53.3562561 ], [ -2.2187645, 53.3562725 ] ] } },
{ "type": "Feature", "properties": { "id": 71395, "nach": 0.59838086716805605 }, "geometry": { "type": "LineString", "coordinates": [ [ -2.218325, 53.35618620000001 ], [ -2.2183351, 53.356168 ] ] } },
{ "type": "Feature", "properties": { "id": 71399, "nach": 0.58847083370075937 }, "geometry": { "type": "LineString", "coordinates": [ [ -2.2184126, 53.3563317 ], [ -2.2183604, 53.3563 ], [ -2.2183302, 53.3562646 ], [ -2.2183187, 53.3562311 ], [ -2.218325, 53.35618620000001 ] ] } },
{ "type": "Feature", "properties": { "id": 78533, "nach": 0.47077277516376143 }, "geometry": { "type": "LineString", "coordinates": [ [ -2.2182058, 53.3562943 ], [ -2.2182444, 53.3562703 ], [ -2.2182912, 53.356231400000013 ], [ -2.218325, 53.35618620000001 ] ] } },
{ "type": "Feature", "properties": { "id": 71397, "nach": 0.46411785233498032 }, "geometry": { "type": "LineString", "coordinates": [ [ -2.2187472, 53.3562928 ], [ -2.2186964, 53.356382499999988 ], [ -2.2186825, 53.3564295 ], [ -2.2186709, 53.3564674 ], [ -2.2186624, 53.3565329 ] ] } },
{ "type": "Feature", "properties": { "id": 71398, "nach": 0.28722418593769511 }, "geometry": { "type": "LineString", "coordinates": [ [ -2.2187472, 53.3562928 ], [ -2.2186971, 53.356327 ], [ -2.2186474, 53.3563457 ], [ -2.2185878, 53.3563567 ], [ -2.2185238, 53.3563577 ], [ -2.2184653, 53.356349 ], [ -2.2184126, 53.3563317 ] ] } },
{ "type": "Feature", "properties": { "id": 71400, "nach": 0.58706044651884126 }, "geometry": { "type": "LineString", "coordinates": [ [ -2.2186624, 53.3565329 ], [ -2.2185878, 53.3564657 ], [ -2.218571, 53.3564455 ], [ -2.2185494, 53.3564209 ], [ -2.2185241, 53.3563992 ], [ -2.2184126, 53.3563317 ] ] } },
{ "type": "Feature", "properties": { "id": 71403, "nach": 0.66077837256445893 }, "geometry": { "type": "LineString", "coordinates": [ [ -2.2186624, 53.3565329 ], [ -2.218719021900654, 53.35668341702641 ] ] } },
{ "type": "Feature", "properties": { "id": 71402, "nach": 0.58440742933980172 }, "geometry": { "type": "LineString", "coordinates": [ [ -2.2187468, 53.3567606 ], [ -2.2187933, 53.3567971 ], [ -2.218832, 53.3568507 ], [ -2.2188645, 53.3568853 ], [ -2.2189273, 53.3569392 ] ] } },
{ "type": "Feature", "properties": { "id": 71405, "nach": 0.44122640735505575 }, "geometry": { "type": "LineString", "coordinates": [ [ -2.2186305, 53.3569969 ], [ -2.2186687, 53.3569347 ], [ -2.2186995, 53.3568694 ], [ -2.2187104, 53.3568094 ], [ -2.2187468, 53.3567606 ] ] } },
{ "type": "Feature", "properties": { "id": 71403, "nach": 0.66077837256445893 }, "geometry": { "type": "LineString", "coordinates": [ [ -2.218679681688718, 53.356578371899047 ], [ -2.2187468, 53.3567606 ] ] } },
{ "type": "Feature", "properties": { "id": 71406, "nach": 0.20952401116540767 }, "geometry": { "type": "LineString", "coordinates": [ [ -2.2186305, 53.3569969 ], [ -2.2186666, 53.3569682 ], [ -2.2187138, 53.3569461 ], [ -2.2187708, 53.3569317 ], [ -2.2188308, 53.3569268 ], [ -2.2188941, 53.356932 ], [ -2.2189273, 53.3569392 ] ] } },
{ "type": "Feature", "properties": { "id": 71409, "nach": 0.43263586045075264 }, "geometry": { "type": "LineString", "coordinates": [ [ -2.2187012, 53.3571785 ], [ -2.21865, 53.35714990000001 ], [ -2.2186138, 53.3571106 ], [ -2.2186006, 53.357067 ], [ -2.2186098, 53.3570261 ], [ -2.2186305, 53.3569969 ] ] } },
{ "type": "Feature", "properties": { "id": 139785, "nach": 0.60020020291293164 }, "geometry": { "type": "LineString", "coordinates": [ [ -2.2190484, 53.3573299 ], [ -2.2190385, 53.357402599999986 ] ] } },
{ "type": "Feature", "properties": { "id": 139788, "nach": 0.44535448898618807 }, "geometry": { "type": "LineString", "coordinates": [ [ -2.2191216, 53.357326100000016 ], [ -2.2190484, 53.3573299 ] ] } },
{ "type": "Feature", "properties": { "id": 71411, "nach": 0.44148502474780676 }, "geometry": { "type": "LineString", "coordinates": [ [ -2.2187348, 53.3571899 ], [ -2.2187012, 53.3571785 ] ] } },
{ "type": "Feature", "properties": { "id": 71413, "nach": 0.43083923240401883 }, "geometry": { "type": "LineString", "coordinates": [ [ -2.2190385, 53.357402599999986 ], [ -2.2189502, 53.3573458 ], [ -2.2188957, 53.3572961 ], [ -2.2187348, 53.3571899 ] ] } },
{ "type": "Feature", "properties": { "id": 71410, "nach": 0.35815899411590957 }, "geometry": { "type": "LineString", "coordinates": [ [ -2.2187012, 53.3571785 ], [ -2.2185473, 53.3571664 ], [ -2.2184008, 53.3571388 ] ] } },
{ "type": "Feature", "properties": { "id": 156871, "nach": 0.38795830261785225 }, "geometry": { "type": "LineString", "coordinates": [ [ -2.2183863, 53.3571701 ], [ -2.2184008, 53.3571388 ] ] } },
{ "type": "Feature", "properties": { "id": 78535, "nach": 0.51272580924265732 }, "geometry": { "type": "LineString", "coordinates": [ [ -2.2184008, 53.3571388 ], [ -2.218582145168412, 53.356591784982221 ] ] } },
{ "type": "Feature", "properties": { "id": 111615, "nach": 0.60370295508328042 }, "geometry": { "type": "LineString", "coordinates": [ [ -2.2190589, 53.3574785 ], [ -2.2190385, 53.357402599999986 ] ] } },
{ "type": "Feature", "properties": { "id": 112880, "nach": 0.5866039029345651 }, "geometry": { "type": "LineString", "coordinates": [ [ -2.2190938, 53.3576203 ], [ -2.2190589, 53.3574785 ] ] } },
{ "type": "Feature", "properties": { "id": 156883, "nach": 0.52500524515808189 }, "geometry": { "type": "LineString", "coordinates": [ [ -2.2189727, 53.3574877 ], [ -2.2190589, 53.3574785 ] ] } },
{ "type": "Feature", "properties": { "id": 139790, "nach": 0.0 }, "geometry": { "type": "LineString", "coordinates": [ [ -2.2191216, 53.357326100000016 ], [ -2.2191324, 53.3574089 ], [ -2.2191487, 53.3574691 ], [ -2.2190589, 53.3574785 ] ] } },
{ "type": "Feature", "properties": { "id": 156885, "nach": 0.36062883342120278 }, "geometry": { "type": "LineString", "coordinates": [ [ -2.2189727, 53.3574877 ], [ -2.2189218, 53.3573617 ], [ -2.2188239, 53.3572905 ], [ -2.2186795, 53.3572282 ], [ -2.2185449, 53.357188 ], [ -2.2183863, 53.3571701 ] ] } },
{ "type": "Feature", "properties": { "id": 156899, "nach": 0.39634165098082902 }, "geometry": { "type": "LineString", "coordinates": [ [ -2.2183863, 53.3571701 ], [ -2.202924960446826, 53.356941260205041 ] ] } },
{ "type": "Feature", "properties": { "id": 71421, "nach": 0.28109500276733107 }, "geometry": { "type": "LineString", "coordinates": [ [ -2.2104973, 53.3575391 ], [ -2.2122256, 53.3573802 ], [ -2.2124578, 53.35734630000001 ], [ -2.2127508, 53.3573023 ], [ -2.2131093, 53.3572425 ], [ -2.2134994, 53.3571715 ], [ -2.2139586, 53.3570901 ], [ -2.2153835, 53.3568373 ], [ -2.217067, 53.3565381 ], [ -2.2179991, 53.3563688 ], [ -2.2180793, 53.356348 ], [ -2.2181501, 53.3563217 ], [ -2.2182058, 53.3562943 ] ] } },
{ "type": "Feature", "properties": { "id": 78535, "nach": 0.51272580924265732 }, "geometry": { "type": "LineString", "coordinates": [ [ -2.218621847427562, 53.356696459988122 ], [ -2.2182058, 53.3562943 ] ] } },
{ "type": "Feature", "properties": { "id": 71417, "nach": 0.44912132031249474 }, "geometry": { "type": "LineString", "coordinates": [ [ -2.207005038259381, 53.357382931073943 ], [ -2.2104973, 53.3575391 ] ] } },
{ "type": "Feature", "properties": { "id": 71420, "nach": 0.50244891118358226 }, "geometry": { "type": "LineString", "coordinates": [ [ -2.2104973, 53.3575391 ], [ -2.218582145168412, 53.356591784982221 ] ] } },
{ "type": "Feature", "properties": { "id": 71418, "nach": 0.51220531212583087 }, "geometry": { "type": "LineString", "coordinates": [ [ -2.2060923, 53.3574125 ], [ -2.203054802554921, 53.356792659847542 ] ] } },
{ "type": "Feature", "properties": { "id": 71419, "nach": 0.4814395166220144 }, "geometry": { "type": "LineString", "coordinates": [ [ -2.2060923, 53.3574125 ], [ -2.202948799704434, 53.356904986062176 ] ] } },
{ "type": "Feature", "properties": { "id": 71422, "nach": 0.45369738462725001 }, "geometry": { "type": "LineString", "coordinates": [ [ -2.206919663060539, 53.357514173997259 ], [ -2.2060923, 53.3574125 ] ] } },
{ "type": "Feature", "properties": { "id": 111618, "nach": 0.56329036010424738 }, "geometry": { "type": "LineString", "coordinates": [ [ -2.2005025, 53.356340900000014 ], [ -2.2004778, 53.3563976 ] ] } },
{ "type": "Feature", "properties": { "id": 111619, "nach": 0.3897841829937464 }, "geometry": { "type": "LineString", "coordinates": [ [ -2.2005025, 53.356340900000014 ], [ -2.2003919, 53.3563306 ], [ -2.2002194, 53.3563235 ] ] } },
{ "type": "Feature", "properties": { "id": 71419, "nach": 0.4814395166220144 }, "geometry": { "type": "LineString", "coordinates": [ [ -2.202948799704434, 53.356904986062176 ], [ -2.2005025, 53.356340900000014 ] ] } },
{ "type": "Feature", "properties": { "id": 71420, "nach": 0.50244891118358226 }, "geometry": { "type": "LineString", "coordinates": [ [ -2.218768586271556, 53.356566145790708 ], [ -2.2250694, 53.3563019 ] ] } },
{ "type": "Feature", "properties": { "id": 71423, "nach": 0.31875405752735358 }, "geometry": { "type": "LineString", "coordinates": [ [ -2.1946145, 53.3540307 ], [ -2.1957527, 53.354332 ], [ -2.1967627, 53.3545994 ], [ -2.1973011, 53.3547302 ] ] } },
{ "type": "Feature", "properties": { "id": 71424, "nach": 0.47791481954456261 }, "geometry": { "type": "LineString", "coordinates": [ [ -2.203147105709632, 53.356699737377589 ], [ -2.1946145, 53.3540307 ] ] } },
{ "type": "Feature", "properties": { "id": 106594, "nach": 0.44333942073953675 }, "geometry": { "type": "LineString", "coordinates": [ [ -2.1989478, 53.3586134 ], [ -2.1990608, 53.358617400000014 ] ] } },
{ "type": "Feature", "properties": { "id": 71433, "nach": 0.43894905880582663 }, "geometry": { "type": "LineString", "coordinates": [ [ -2.1990608, 53.358617400000014 ], [ -2.1991515, 53.3583073 ], [ -2.1991884, 53.3580944 ], [ -2.1992592, 53.357687700000014 ], [ -2.1992943, 53.3574989 ] ] } },
{ "type": "Feature", "properties": { "id": 71437, "nach": 0.43400667557934902 }, "geometry": { "type": "LineString", "coordinates": [ [ -2.1995279, 53.3587165 ], [ -2.1994108, 53.358760799999985 ], [ -2.199207, 53.3586216 ], [ -2.1990608, 53.358617400000014 ] ] } },
{ "type": "Feature", "properties": { "id": 71439, "nach": 0.33149114209823655 }, "geometry": { "type": "LineString", "coordinates": [ [ -2.1989929, 53.3589429 ], [ -2.1989959, 53.3588538 ], [ -2.1990136, 53.358762 ], [ -2.1990503, 53.3586566 ], [ -2.1990608, 53.358617400000014 ] ] } },
{ "type": "Feature", "properties": { "id": 106598, "nach": 0.45596870593926359 }, "geometry": { "type": "LineString", "coordinates": [ [ -2.198671, 53.3589585 ], [ -2.1987835, 53.3589161 ], [ -2.1988391, 53.358875900000015 ], [ -2.1988812, 53.358826 ], [ -2.1989043, 53.3587741 ], [ -2.198922, 53.3587222 ], [ -2.1989478, 53.3586134 ] ] } },
{ "type": "Feature", "properties": { "id": 118180, "nach": 0.38369186547617956 }, "geometry": { "type": "LineString", "coordinates": [ [ -2.1992943, 53.3574989 ], [ -2.1992383, 53.3571939 ], [ -2.1992604, 53.3570663 ], [ -2.1992825, 53.3568999 ], [ -2.1992865, 53.3567463 ], [ -2.199276, 53.3566182 ], [ -2.1992473, 53.3564617 ], [ -2.19921550000001, 53.3563471 ], [ -2.19920690000001, 53.3563215 ] ] } },
{ "type": "Feature", "properties": { "id": 118181, "nach": 0.39981116894510454 }, "geometry": { "type": "LineString", "coordinates": [ [ -2.1992943, 53.3574989 ], [ -2.1994592, 53.3569133 ], [ -2.1994898, 53.3567419 ], [ -2.1994922, 53.3565998 ], [ -2.1994701, 53.3564028 ], [ -2.199464, 53.3563713 ] ] } },
{ "type": "Feature", "properties": { "id": 71435, "nach": 0.5673739938435971 }, "geometry": { "type": "LineString", "coordinates": [ [ -2.1995279, 53.3587165 ], [ -2.1995661, 53.358753900000011 ], [ -2.1995934, 53.3587994 ], [ -2.1996191, 53.3589054 ] ] } },
{ "type": "Feature", "properties": { "id": 159499, "nach": 0.33489313319792186 }, "geometry": { "type": "LineString", "coordinates": [ [ -2.2005162, 53.3591119 ], [ -2.200457, 53.3590858 ], [ -2.2003369, 53.3590966 ], [ -2.2002325, 53.359089900000015 ], [ -2.2001426, 53.3590718 ], [ -2.2000661, 53.3590426 ], [ -2.1999228, 53.3589464 ], [ -2.199708, 53.35874170000001 ], [ -2.1996422, 53.3586768 ], [ -2.1995279, 53.3587165 ] ] } },
{ "type": "Feature", "properties": { "id": 71438, "nach": 0.50615816176975348 }, "geometry": { "type": "LineString", "coordinates": [ [ -2.1996191, 53.3589054 ], [ -2.1996481, 53.3589178 ] ] } },
{ "type": "Feature", "properties": { "id": 71440, "nach": 0.56833941948532241 }, "geometry": { "type": "LineString", "coordinates": [ [ -2.1989929, 53.3589429 ], [ -2.1990422, 53.3589126 ], [ -2.1990969, 53.3588903 ], [ -2.199166, 53.358868099999988 ], [ -2.1992342, 53.3588547 ], [ -2.1993056, 53.358848 ], [ -2.1993794, 53.358848600000016 ], [ -2.1994753, 53.3588614 ], [ -2.1995479, 53.3588782 ], [ -2.1996191, 53.3589054 ] ] } },
{ "type": "Feature", "properties": { "id": 159500, "nach": 0.39642388959463681 }, "geometry": { "type": "LineString", "coordinates": [ [ -2.2005162, 53.3591119 ], [ -2.2005668, 53.3590652 ], [ -2.2005959, 53.3590216 ] ] } },
{ "type": "Feature", "properties": { "id": 159502, "nach": 0.38825255571987582 }, "geometry": { "type": "LineString", "coordinates": [ [ -2.2002228, 53.3591674 ], [ -2.2003974, 53.359147300000011 ], [ -2.2005162, 53.3591119 ] ] } },
{ "type": "Feature", "properties": { "id": 71441, "nach": 0.49311320327074792 }, "geometry": { "type": "LineString", "coordinates": [ [ -2.1996481, 53.3589178 ], [ -2.1998134, 53.3590036 ], [ -2.1998956, 53.3590532 ], [ -2.1999744, 53.3590934 ], [ -2.2000549, 53.359130600000015 ], [ -2.2001232, 53.3591542 ], [ -2.2002228, 53.3591674 ] ] } },
{ "type": "Feature", "properties": { "id": 71443, "nach": 0.56952850129619526 }, "geometry": { "type": "LineString", "coordinates": [ [ -2.1989589, 53.358979 ], [ -2.1989929, 53.3589429 ] ] } },
{ "type": "Feature", "properties": { "id": 71447, "nach": 0.38021764197191077 }, "geometry": { "type": "LineString", "coordinates": [ [ -2.1990215, 53.3592848 ], [ -2.1989646, 53.359243800000016 ], [ -2.1989236, 53.359191700000011 ], [ -2.1989074, 53.3591543 ], [ -2.1989004, 53.3591112 ], [ -2.1989069, 53.3590632 ], [ -2.19892, 53.3590306 ], [ -2.1989589, 53.358979 ] ] } },
{ "type": "Feature", "properties": { "id": 159495, "nach": 0.56654354643754046 }, "geometry": { "type": "LineString", "coordinates": [ [ -2.1987298, 53.3590244 ], [ -2.1989589, 53.358979 ] ] } },
{ "type": "Feature", "properties": { "id": 71444, "nach": 0.56197506568020539 }, "geometry": { "type": "LineString", "coordinates": [ [ -2.1997024, 53.359368 ], [ -2.1996239, 53.3593795 ], [ -2.199422, 53.3593896 ], [ -2.1993423, 53.3593923 ], [ -2.1992726, 53.3593844 ], [ -2.1992115, 53.3593711 ], [ -2.1991668, 53.359357 ], [ -2.1991258, 53.3593409 ], [ -2.1990689, 53.3593135 ] ] } },
{ "type": "Feature", "properties": { "id": 71448, "nach": 0.56755218401572749 }, "geometry": { "type": "LineString", "coordinates": [ [ -2.1990689, 53.3593135 ], [ -2.1990215, 53.3592848 ] ] } },
{ "type": "Feature", "properties": { "id": 71451, "nach": 0.38842662638771858 }, "geometry": { "type": "LineString", "coordinates": [ [ -2.1992725, 53.359507 ], [ -2.199246, 53.3594811 ], [ -2.1992037, 53.3594468 ], [ -2.1990689, 53.3593135 ] ] } },
{ "type": "Feature", "properties": { "id": 71446, "nach": 0.56629829365674011 }, "geometry": { "type": "LineString", "coordinates": [ [ -2.1990215, 53.3592848 ], [ -2.1988537, 53.3592612 ], [ -2.1986196, 53.35919650000001 ], [ -2.1985685, 53.359185 ] ] } },
{ "type": "Feature", "properties": { "id": 106607, "nach": 0.51655926678332731 }, "geometry": { "type": "LineString", "coordinates": [ [ -2.1985548, 53.3592113 ], [ -2.1985685, 53.359185 ] ] } },
{ "type": "Feature", "properties": { "id": 97866, "nach": 0.53712299276557951 }, "geometry": { "type": "LineString", "coordinates": [ [ -2.1985685, 53.359185 ], [ -2.1984781, 53.3591647 ], [ -2.1983234, 53.359133300000011 ], [ -2.1981078, 53.3590728 ] ] } },
{ "type": "Feature", "properties": { "id": 159497, "nach": 0.3558821203909342 }, "geometry": { "type": "LineString", "coordinates": [ [ -2.1987298, 53.3590244 ], [ -2.1987965, 53.3591001 ], [ -2.1986009, 53.3591262 ], [ -2.1985685, 53.359185 ] ] } },
{ "type": "Feature", "properties": { "id": 106609, "nach": 0.31433573803644266 }, "geometry": { "type": "LineString", "coordinates": [ [ -2.1985548, 53.3592113 ], [ -2.198792, 53.359269099999985 ], [ -2.1990173, 53.3593795 ], [ -2.1992118, 53.359526 ], [ -2.1992725, 53.359507 ] ] } },
{ "type": "Feature", "properties": { "id": 106608, "nach": 0.51187201570022112 }, "geometry": { "type": "LineString", "coordinates": [ [ -2.1985548, 53.3592113 ], [ -2.1982402, 53.3591358 ], [ -2.1981529, 53.3591388 ], [ -2.1980144, 53.3591149 ] ] } },
{ "type": "Feature", "properties": { "id": 97863, "nach": 0.59447490159377014 }, "geometry": { "type": "LineString", "coordinates": [ [ -2.1981078, 53.3590728 ], [ -2.1980211, 53.3590589 ] ] } },
{ "type": "Feature", "properties": { "id": 106600, "nach": 0.52063463017857536 }, "geometry": { "type": "LineString", "coordinates": [ [ -2.1980144, 53.3591149 ], [ -2.1980211, 53.3590589 ] ] } },
{ "type": "Feature", "properties": { "id": 106605, "nach": 0.5812452740183166 }, "geometry": { "type": "LineString", "coordinates": [ [ -2.1976797, 53.3589974 ], [ -2.1980211, 53.3590589 ] ] } },
{ "type": "Feature", "properties": { "id": 106599, "nach": 0.46002672843617037 }, "geometry": { "type": "LineString", "coordinates": [ [ -2.198671, 53.3589585 ], [ -2.1985436, 53.358987 ], [ -2.1984319, 53.3590011 ], [ -2.1983111, 53.3590049 ], [ -2.1982079, 53.3590019 ], [ -2.1980309, 53.3589939 ], [ -2.1980211, 53.3590589 ] ] } },
{ "type": "Feature", "properties": { "id": 97864, "nach": 0.56297346738014464 }, "geometry": { "type": "LineString", "coordinates": [ [ -2.1981078, 53.3590728 ], [ -2.1983477, 53.3590744 ], [ -2.19848, 53.359064100000019 ], [ -2.1985583, 53.359052300000016 ], [ -2.1986511, 53.3590387 ], [ -2.1986758, 53.359034200000011 ], [ -2.1987298, 53.3590244 ] ] } },
{ "type": "Feature", "properties": { "id": 106606, "nach": 0.50940825861831074 }, "geometry": { "type": "LineString", "coordinates": [ [ -2.1976797, 53.3589974 ], [ -2.1976668, 53.3590274 ], [ -2.1978009, 53.3590546 ], [ -2.1978841, 53.3590954 ], [ -2.1980144, 53.3591149 ] ] } },
{ "type": "Feature", "properties": { "id": 159102, "nach": 0.5798957569722859 }, "geometry": { "type": "LineString", "coordinates": [ [ -2.197977, 53.3595388 ], [ -2.197963, 53.3594987 ], [ -2.1980144, 53.3591149 ] ] } },
{ "type": "Feature", "properties": { "id": 159496, "nach": 0.33486156227197816 }, "geometry": { "type": "LineString", "coordinates": [ [ -2.1987298, 53.3590244 ], [ -2.198671, 53.3589585 ] ] } },
{ "type": "Feature", "properties": { "id": 154815, "nach": 0.55364114654081054 }, "geometry": { "type": "LineString", "coordinates": [ [ -2.1985944, 53.3598119 ], [ -2.1985315, 53.359767 ] ] } },
{ "type": "Feature", "properties": { "id": 159101, "nach": 0.56975626179450622 }, "geometry": { "type": "LineString", "coordinates": [ [ -2.197977, 53.3595388 ], [ -2.1980326, 53.3595877 ], [ -2.198187, 53.3596544 ], [ -2.1983835, 53.3597196 ], [ -2.1985315, 53.359767 ] ] } },
{ "type": "Feature", "properties": { "id": 154816, "nach": 0.52549394707157004 }, "geometry": { "type": "LineString", "coordinates": [ [ -2.1985944, 53.3598119 ], [ -2.1986899, 53.359990900000014 ], [ -2.1987442, 53.360082 ] ] } },
{ "type": "Feature", "properties": { "id": 159890, "nach": 0.47801371074373483 }, "geometry": { "type": "LineString", "coordinates": [ [ -2.1985523, 53.3603309 ], [ -2.1985142, 53.3603253 ], [ -2.1984797, 53.36031650000001 ], [ -2.1984525, 53.3603074 ], [ -2.1984183, 53.360289699999988 ], [ -2.1983895, 53.3602687 ], [ -2.1983744, 53.360248500000012 ], [ -2.1983673, 53.3602258 ], [ -2.198367, 53.3601964 ], [ -2.1983734, 53.3601678 ], [ -2.1983981, 53.360138200000016 ], [ -2.1984309, 53.3601117 ], [ -2.198486, 53.3600761 ], [ -2.1985255, 53.3600352 ], [ -2.1985543, 53.3599952 ], [ -2.1985944, 53.3598119 ] ] } },
{ "type": "Feature", "properties": { "id": 159136, "nach": 0.45997482845053822 }, "geometry": { "type": "LineString", "coordinates": [ [ -2.1979257, 53.3597083 ], [ -2.1979161, 53.359630799999984 ], [ -2.1979201, 53.3595955 ], [ -2.1979402, 53.359554699999983 ], [ -2.197977, 53.3595388 ] ] } },
{ "type": "Feature", "properties": { "id": 106409, "nach": 0.59119568988481175 }, "geometry": { "type": "LineString", "coordinates": [ [ -2.218809658350859, 53.356671251533243 ], [ -2.218922, 53.356248 ] ] } },
{ "type": "Feature", "properties": { "id": 156482, "nach": 0.37742834535026265 }, "geometry": { "type": "LineString", "coordinates": [ [ -2.21918, 53.3569405 ], [ -2.2191632, 53.3570447 ], [ -2.2191578, 53.3571008 ], [ -2.2191203, 53.357176800000012 ], [ -2.2191113, 53.3572459 ], [ -2.2191216, 53.357326100000016 ] ] } },
{ "type": "Feature", "properties": { "id": 156878, "nach": 0.27777876584295358 }, "geometry": { "type": "LineString", "coordinates": [ [ -2.2296742, 53.3565558 ], [ -2.2290123, 53.3565277 ], [ -2.2281245, 53.3565069 ], [ -2.2267003, 53.3564845 ], [ -2.2247557, 53.3564605 ], [ -2.2236828, 53.35645730000001 ], [ -2.2229586, 53.356479699999987 ], [ -2.2225107, 53.3565229 ], [ -2.2215746, 53.356574100000024 ], [ -2.2208772, 53.356635 ], [ -2.2202013, 53.356719800000015 ], [ -2.2196326, 53.356795 ], [ -2.2193644, 53.3568399 ], [ -2.2192495, 53.3568889 ], [ -2.21918, 53.3569405 ] ] } },
{ "type": "Feature", "properties": { "id": 112909, "nach": 0.46979863773566416 }, "geometry": { "type": "LineString", "coordinates": [ [ -2.2185403, 53.3587896 ], [ -2.2188236, 53.3587667 ] ] } },
{ "type": "Feature", "properties": { "id": 78805, "nach": 0.41789096721640695 }, "geometry": { "type": "LineString", "coordinates": [ [ -2.2188236, 53.3587667 ], [ -2.2191766, 53.35864870000001 ], [ -2.2192469, 53.3586028 ] ] } },
{ "type": "Feature", "properties": { "id": 161853, "nach": 0.45441789993801163 }, "geometry": { "type": "LineString", "coordinates": [ [ -2.2169921, 53.3589214 ], [ -2.2171136, 53.3589117 ], [ -2.2181587, 53.3588244 ], [ -2.2185403, 53.3587896 ] ] } },
{ "type": "Feature", "properties": { "id": 161846, "nach": 0.25132307123507858 }, "geometry": { "type": "LineString", "coordinates": [ [ -2.2183978, 53.3586065 ], [ -2.2185176, 53.3587231 ], [ -2.2185403, 53.3587896 ] ] } },
{ "type": "Feature", "properties": { "id": 188404, "nach": 0.4921884898208182 }, "geometry": { "type": "LineString", "coordinates": [ [ -2.2192027, 53.3585344 ], [ -2.2191798, 53.3585656 ], [ -2.2192469, 53.3586028 ] ] } },
{ "type": "Feature", "properties": { "id": 168531, "nach": 0.55686171858299771 }, "geometry": { "type": "LineString", "coordinates": [ [ -2.2180561, 53.361273800000014 ], [ -2.2178523, 53.3612011 ] ] } },
{ "type": "Feature", "properties": { "id": 168505, "nach": 0.4901924143110491 }, "geometry": { "type": "LineString", "coordinates": [ [ -2.2179644, 53.3610759 ], [ -2.2178523, 53.3612011 ] ] } },
{ "type": "Feature", "properties": { "id": 168520, "nach": 0.52901520848156602 }, "geometry": { "type": "LineString", "coordinates": [ [ -2.2175806, 53.3611928 ], [ -2.2177061, 53.36117560000001 ], [ -2.2177444, 53.3611755 ], [ -2.21778, 53.3611818 ], [ -2.2178523, 53.3612011 ] ] } },
{ "type": "Feature", "properties": { "id": 168534, "nach": 0.38424742956142816 }, "geometry": { "type": "LineString", "coordinates": [ [ -2.2178313, 53.3614937 ], [ -2.2180561, 53.361273800000014 ] ] } },
{ "type": "Feature", "properties": { "id": 168509, "nach": 0.46482128837476122 }, "geometry": { "type": "LineString", "coordinates": [ [ -2.2180747, 53.3609512 ], [ -2.2179644, 53.3610759 ] ] } },
{ "type": "Feature", "properties": { "id": 168507, "nach": 0.38028616275446947 }, "geometry": { "type": "LineString", "coordinates": [ [ -2.2182183, 53.36116770000001 ], [ -2.2179644, 53.3610759 ] ] } },
{ "type": "Feature", "properties": { "id": 168524, "nach": 0.51737077936822418 }, "geometry": { "type": "LineString", "coordinates": [ [ -2.2175436, 53.3611979 ], [ -2.2175806, 53.3611928 ] ] } },
{ "type": "Feature", "properties": { "id": 168522, "nach": 0.38002063494338839 }, "geometry": { "type": "LineString", "coordinates": [ [ -2.2174856, 53.3613615 ], [ -2.217601, 53.3612421 ], [ -2.2175806, 53.3611928 ] ] } },
{ "type": "Feature", "properties": { "id": 186485, "nach": 0.49950104368402448 }, "geometry": { "type": "LineString", "coordinates": [ [ -2.2160571, 53.3626427 ], [ -2.2161748, 53.3625972 ] ] } },
{ "type": "Feature", "properties": { "id": 116306, "nach": 0.36758144693699757 }, "geometry": { "type": "LineString", "coordinates": [ [ -2.2158124, 53.362128499999983 ], [ -2.2160231, 53.3621762 ], [ -2.2160825, 53.3622076 ], [ -2.2161175, 53.3622551 ], [ -2.2161256, 53.3623001 ], [ -2.2161216, 53.3623412 ], [ -2.216111, 53.3624105 ], [ -2.2161056, 53.3624905 ], [ -2.2161748, 53.3625972 ] ] } },
{ "type": "Feature", "properties": { "id": 78856, "nach": 0.42758494446086681 }, "geometry": { "type": "LineString", "coordinates": [ [ -2.2134589, 53.3466687 ], [ -2.2135223, 53.3465634 ], [ -2.2135749, 53.3464655 ], [ -2.2135996, 53.3464705 ] ] } },
{ "type": "Feature", "properties": { "id": 78862, "nach": 0.4716925398839511 }, "geometry": { "type": "LineString", "coordinates": [ [ -2.21366160000001, 53.3467213 ], [ -2.2134589, 53.3466687 ] ] } },
{ "type": "Feature", "properties": { "id": 78860, "nach": 0.42844840731666733 }, "geometry": { "type": "LineString", "coordinates": [ [ -2.2133859, 53.346713600000015 ], [ -2.2134156, 53.3466622 ], [ -2.2134589, 53.3466687 ] ] } },
{ "type": "Feature", "properties": { "id": 78863, "nach": 0.42794747733523159 }, "geometry": { "type": "LineString", "coordinates": [ [ -2.21366160000001, 53.3467213 ], [ -2.2137281, 53.3466133 ], [ -2.21379, 53.3465043 ], [ -2.2137205, 53.3464919 ] ] } },
{ "type": "Feature", "properties": { "id": 81888, "nach": 0.44844764470138182 }, "geometry": { "type": "LineString", "coordinates": [ [ -2.2039744, 53.3482 ], [ -2.2039733, 53.3480575 ] ] } },
{ "type": "Feature", "properties": { "id": 81911, "nach": 0.48697394697543928 }, "geometry": { "type": "LineString", "coordinates": [ [ -2.2039755, 53.3483361 ], [ -2.2039744, 53.3482 ] ] } },
{ "type": "Feature", "properties": { "id": 81983, "nach": 0.41759117609893132 }, "geometry": { "type": "LineString", "coordinates": [ [ -2.2050441, 53.3481968 ], [ -2.2039744, 53.3482 ] ] } },
{ "type": "Feature", "properties": { "id": 81898, "nach": 0.44026009347274908 }, "geometry": { "type": "LineString", "coordinates": [ [ -2.2039733, 53.3480575 ], [ -2.2039722, 53.347915 ] ] } },
{ "type": "Feature", "properties": { "id": 81985, "nach": 0.30523114719645628 }, "geometry": { "type": "LineString", "coordinates": [ [ -2.2050428, 53.3480575 ], [ -2.2039733, 53.3480575 ] ] } },
{ "type": "Feature", "properties": { "id": 82033, "nach": 0.57299351981814239 }, "geometry": { "type": "LineString", "coordinates": [ [ -2.2051019, 53.349427200000022 ], [ -2.2051058, 53.349516 ] ] } },
{ "type": "Feature", "properties": { "id": 81891, "nach": 0.29990708713248443 }, "geometry": { "type": "LineString", "coordinates": [ [ -2.203882, 53.3495305 ], [ -2.2051058, 53.349516 ] ] } },
{ "type": "Feature", "properties": { "id": 82034, "nach": 0.57502624198278951 }, "geometry": { "type": "LineString", "coordinates": [ [ -2.2051019, 53.349427200000022 ], [ -2.2051013, 53.3493194 ] ] } },
{ "type": "Feature", "properties": { "id": 82039, "nach": 0.41123378482971601 }, "geometry": { "type": "LineString", "coordinates": [ [ -2.2052069, 53.3494264 ], [ -2.2051019, 53.349427200000022 ] ] } },
{ "type": "Feature", "properties": { "id": 82057, "nach": 0.24242225078141025 }, "geometry": { "type": "LineString", "coordinates": [ [ -2.2038832, 53.3494303 ], [ -2.2039343, 53.3494303 ], [ -2.2050284, 53.3494284 ], [ -2.2051019, 53.349427200000022 ] ] } },
{ "type": "Feature", "properties": { "id": 159924, "nach": 0.48237155879584381 }, "geometry": { "type": "LineString", "coordinates": [ [ -2.2038815, 53.3495979 ], [ -2.203882, 53.3495305 ] ] } },
{ "type": "Feature", "properties": { "id": 82055, "nach": 0.48140630663224127 }, "geometry": { "type": "LineString", "coordinates": [ [ -2.2038832, 53.3494303 ], [ -2.203882, 53.3495305 ] ] } },
{ "type": "Feature", "properties": { "id": 159923, "nach": 0.4749284150140386 }, "geometry": { "type": "LineString", "coordinates": [ [ -2.2038815, 53.3495979 ], [ -2.203881, 53.3496698 ] ] } },
{ "type": "Feature", "properties": { "id": 82056, "nach": 0.48487564025520041 }, "geometry": { "type": "LineString", "coordinates": [ [ -2.2038832, 53.3494303 ], [ -2.2038834, 53.349332 ] ] } },
{ "type": "Feature", "properties": { "id": 81935, "nach": 0.0 }, "geometry": { "type": "LineString", "coordinates": [ [ -2.2039722, 53.347915 ], [ -2.2050414, 53.3479106 ], [ -2.2050428, 53.3480575 ] ] } },
{ "type": "Feature", "properties": { "id": 81945, "nach": 0.58420926469656898 }, "geometry": { "type": "LineString", "coordinates": [ [ -2.2052109, 53.3486178 ], [ -2.2052157, 53.34875610000001 ] ] } },
{ "type": "Feature", "properties": { "id": 81900, "nach": 0.35460099169208364 }, "geometry": { "type": "LineString", "coordinates": [ [ -2.2052157, 53.34875610000001 ], [ -2.2036447, 53.3487701 ] ] } },
{ "type": "Feature", "properties": { "id": 82044, "nach": 0.58469974030984029 }, "geometry": { "type": "LineString", "coordinates": [ [ -2.20521, 53.348536 ], [ -2.2052109, 53.3486178 ] ] } },
{ "type": "Feature", "properties": { "id": 81947, "nach": 0.39444102342686782 }, "geometry": { "type": "LineString", "coordinates": [ [ -2.2052109, 53.3486178 ], [ -2.2036399, 53.3486307 ] ] } },
{ "type": "Feature", "properties": { "id": 81953, "nach": 0.61111571662976727 }, "geometry": { "type": "LineString", "coordinates": [ [ -2.2036447, 53.3487701 ], [ -2.2036399, 53.3486307 ] ] } },
{ "type": "Feature", "properties": { "id": 81951, "nach": 0.43286297520115102 }, "geometry": { "type": "LineString", "coordinates": [ [ -2.2036447, 53.3487701 ], [ -2.2034965, 53.34877070000001 ] ] } },
{ "type": "Feature", "properties": { "id": 81970, "nach": 0.61214730123126049 }, "geometry": { "type": "LineString", "coordinates": [ [ -2.20364970000001, 53.3489126 ], [ -2.2036447, 53.3487701 ] ] } },
{ "type": "Feature", "properties": { "id": 81904, "nach": 0.35007382137469051 }, "geometry": { "type": "LineString", "coordinates": [ [ -2.203664, 53.3500766 ], [ -2.2051825, 53.3500744 ] ] } },
{ "type": "Feature", "properties": { "id": 82013, "nach": 0.44048144669064915 }, "geometry": { "type": "LineString", "coordinates": [ [ -2.2034899, 53.3500812 ], [ -2.203664, 53.3500766 ] ] } },
{ "type": "Feature", "properties": { "id": 81966, "nach": 0.47415665942542395 }, "geometry": { "type": "LineString", "coordinates": [ [ -2.2051855, 53.350227 ], [ -2.2051825, 53.3500744 ] ] } },
{ "type": "Feature", "properties": { "id": 81976, "nach": 0.43819510040920739 }, "geometry": { "type": "LineString", "coordinates": [ [ -2.2051812, 53.3503918 ], [ -2.20518, 53.3504212 ], [ -2.20518, 53.3505296 ] ] } },
{ "type": "Feature", "properties": { "id": 81980, "nach": 0.41843908140743741 }, "geometry": { "type": "LineString", "coordinates": [ [ -2.2037179, 53.3509371 ], [ -2.2030252, 53.3509382 ] ] } },
{ "type": "Feature", "properties": { "id": 81912, "nach": 0.37517620918986466 }, "geometry": { "type": "LineString", "coordinates": [ [ -2.2039755, 53.3483361 ], [ -2.2050454, 53.34833290000001 ] ] } },
{ "type": "Feature", "properties": { "id": 81914, "nach": 0.50892851608105205 }, "geometry": { "type": "LineString", "coordinates": [ [ -2.2039766, 53.3484747 ], [ -2.2039755, 53.3483361 ] ] } },
{ "type": "Feature", "properties": { "id": 81920, "nach": 0.44185733302942154 }, "geometry": { "type": "LineString", "coordinates": [ [ -2.2050454, 53.34833290000001 ], [ -2.2050467, 53.3484739 ] ] } },
{ "type": "Feature", "properties": { "id": 81984, "nach": 0.41949048701071562 }, "geometry": { "type": "LineString", "coordinates": [ [ -2.2050441, 53.3481968 ], [ -2.2050454, 53.34833290000001 ] ] } },
{ "type": "Feature", "properties": { "id": 81913, "nach": 0.5072906713303702 }, "geometry": { "type": "LineString", "coordinates": [ [ -2.2039766, 53.3484747 ], [ -2.2050467, 53.3484739 ] ] } },
{ "type": "Feature", "properties": { "id": 81954, "nach": 0.54802905840286686 }, "geometry": { "type": "LineString", "coordinates": [ [ -2.2036345, 53.348477 ], [ -2.2039766, 53.3484747 ] ] } },
{ "type": "Feature", "properties": { "id": 81969, "nach": 0.61189405470002634 }, "geometry": { "type": "LineString", "coordinates": [ [ -2.20364970000001, 53.3489126 ], [ -2.2036534, 53.3490467 ] ] } },
{ "type": "Feature", "properties": { "id": 81972, "nach": 0.44537043562461687 }, "geometry": { "type": "LineString", "coordinates": [ [ -2.2038844, 53.3491835 ], [ -2.2038834, 53.349332 ] ] } },
{ "type": "Feature", "properties": { "id": 81925, "nach": 0.44374274419478343 }, "geometry": { "type": "LineString", "coordinates": [ [ -2.2051013, 53.3493194 ], [ -2.2038834, 53.349332 ] ] } },
{ "type": "Feature", "properties": { "id": 82053, "nach": 0.61065910519151678 }, "geometry": { "type": "LineString", "coordinates": [ [ -2.203637, 53.348549 ], [ -2.2036399, 53.3486307 ] ] } },
{ "type": "Feature", "properties": { "id": 82024, "nach": 0.40102285809485466 }, "geometry": { "type": "LineString", "coordinates": [ [ -2.2034562, 53.3486291 ], [ -2.2036399, 53.3486307 ] ] } },
{ "type": "Feature", "properties": { "id": 82054, "nach": 0.61790819275463937 }, "geometry": { "type": "LineString", "coordinates": [ [ -2.203637, 53.348549 ], [ -2.2036345, 53.348477 ] ] } },
{ "type": "Feature", "properties": { "id": 82052, "nach": 0.50813048865903998 }, "geometry": { "type": "LineString", "coordinates": [ [ -2.203637, 53.348549 ], [ -2.2034562, 53.348549 ] ] } },
{ "type": "Feature", "properties": { "id": 82051, "nach": 0.37476033671214798 }, "geometry": { "type": "LineString", "coordinates": [ [ -2.203637, 53.348549 ], [ -2.20521, 53.348536 ] ] } },
{ "type": "Feature", "properties": { "id": 81986, "nach": 0.42270939281749859 }, "geometry": { "type": "LineString", "coordinates": [ [ -2.2050428, 53.3480575 ], [ -2.2050441, 53.3481968 ] ] } },
{ "type": "Feature", "properties": { "id": 81994, "nach": 0.2803558320274433 }, "geometry": { "type": "LineString", "coordinates": [ [ -2.2054416, 53.3476444 ], [ -2.2056667, 53.347654500000012 ] ] } },
{ "type": "Feature", "properties": { "id": 82042, "nach": 0.34511452004491588 }, "geometry": { "type": "LineString", "coordinates": [ [ -2.2054577, 53.3483308 ], [ -2.2054416, 53.3476444 ] ] } },
{ "type": "Feature", "properties": { "id": 81938, "nach": 0.52018275480883025 }, "geometry": { "type": "LineString", "coordinates": [ [ -2.20329, 53.3495501 ], [ -2.2032853, 53.3496038 ] ] } },
{ "type": "Feature", "properties": { "id": 160931, "nach": 0.43844704612927393 }, "geometry": { "type": "LineString", "coordinates": [ [ -2.2031645, 53.3495084 ], [ -2.20329, 53.3495501 ] ] } },
{ "type": "Feature", "properties": { "id": 160939, "nach": 0.41126681784484198 }, "geometry": { "type": "LineString", "coordinates": [ [ -2.2028869, 53.3495502 ], [ -2.2028869, 53.34954410000001 ], [ -2.2029201, 53.3495439 ], [ -2.2029365, 53.3495441 ], [ -2.2029996, 53.3495749 ], [ -2.2030016, 53.3495925 ], [ -2.2031833, 53.3495925 ], [ -2.2032853, 53.3496038 ] ] } },
{ "type": "Feature", "properties": { "id": 82019, "nach": 0.40733402358116239 }, "geometry": { "type": "LineString", "coordinates": [ [ -2.2025747, 53.3502204 ], [ -2.2025778, 53.3503751 ] ] } },
{ "type": "Feature", "properties": { "id": 82020, "nach": 0.36503208775850621 }, "geometry": { "type": "LineString", "coordinates": [ [ -2.2025747, 53.3502204 ], [ -2.2025744, 53.3500813 ] ] } },
{ "type": "Feature", "properties": { "id": 82046, "nach": 0.41726335178345536 }, "geometry": { "type": "LineString", "coordinates": [ [ -2.20521, 53.348536 ], [ -2.20526140000001, 53.3485458 ] ] } },
{ "type": "Feature", "properties": { "id": 82030, "nach": 0.35048877183845129 }, "geometry": { "type": "LineString", "coordinates": [ [ -2.2034965, 53.34877070000001 ], [ -2.2034938, 53.3489109 ], [ -2.202496, 53.3489109 ], [ -2.2024906, 53.3487748 ] ] } },
{ "type": "Feature", "properties": { "id": 82008, "nach": 0.41064358619571872 }, "geometry": { "type": "LineString", "coordinates": [ [ -2.2025778, 53.3503751 ], [ -2.202581, 53.3505223 ] ] } },
{ "type": "Feature", "properties": { "id": 81988, "nach": 0.0 }, "geometry": { "type": "LineString", "coordinates": [ [ -2.202581, 53.3505223 ], [ -2.2034987, 53.3505202 ], [ -2.203498, 53.3506092 ], [ -2.2034732, 53.3506419 ], [ -2.2034175, 53.3506572 ], [ -2.2026564, 53.3506626 ], [ -2.2026111, 53.3506571 ], [ -2.2025898, 53.3506447 ], [ -2.2025843, 53.3506296 ], [ -2.202581, 53.3505223 ] ] } },
{ "type": "Feature", "properties": { "id": 81989, "nach": 0.4360336130435235 }, "geometry": { "type": "LineString", "coordinates": [ [ -2.2024852, 53.3486291 ], [ -2.2034562, 53.3486291 ] ] } },
{ "type": "Feature", "properties": { "id": 81990, "nach": 0.10032635863616214 }, "geometry": { "type": "LineString", "coordinates": [ [ -2.2024852, 53.3486291 ], [ -2.2026891, 53.3484946 ], [ -2.2031289, 53.3484872 ] ] } },
{ "type": "Feature", "properties": { "id": 82006, "nach": 0.37323185271942433 }, "geometry": { "type": "LineString", "coordinates": [ [ -2.2024906, 53.3487748 ], [ -2.2024852, 53.3486291 ] ] } },
{ "type": "Feature", "properties": { "id": 82031, "nach": 0.44411386032965083 }, "geometry": { "type": "LineString", "coordinates": [ [ -2.2034562, 53.348549 ], [ -2.2034562, 53.3486291 ] ] } },
{ "type": "Feature", "properties": { "id": 82015, "nach": 0.40712678704480265 }, "geometry": { "type": "LineString", "coordinates": [ [ -2.2034562, 53.3484818 ], [ -2.2035099, 53.348453 ], [ -2.203504, 53.3483362 ], [ -2.203129, 53.3483409 ], [ -2.2031289, 53.3484872 ] ] } },
{ "type": "Feature", "properties": { "id": 82037, "nach": 0.58044910936182614 }, "geometry": { "type": "LineString", "coordinates": [ [ -2.2062001, 53.3483626 ], [ -2.2060633, 53.3483629 ] ] } },
{ "type": "Feature", "properties": { "id": 82041, "nach": 0.41411854581881491 }, "geometry": { "type": "LineString", "coordinates": [ [ -2.2061947, 53.3480158 ], [ -2.2062001, 53.3483626 ] ] } },
{ "type": "Feature", "properties": { "id": 82012, "nach": 0.42594390064879128 }, "geometry": { "type": "LineString", "coordinates": [ [ -2.2060556, 53.3476863 ], [ -2.206243, 53.3477052 ], [ -2.2063433, 53.347724 ] ] } },
{ "type": "Feature", "properties": { "id": 82017, "nach": 0.51686076693754968 }, "geometry": { "type": "LineString", "coordinates": [ [ -2.2057543, 53.347658700000011 ], [ -2.2056667, 53.347654500000012 ] ] } },
{ "type": "Feature", "properties": { "id": 82000, "nach": 0.50958252198580722 }, "geometry": { "type": "LineString", "coordinates": [ [ -2.2056667, 53.347654500000012 ], [ -2.2055725, 53.347718 ], [ -2.2055778, 53.3482736 ], [ -2.2055188, 53.3483644 ] ] } },
{ "type": "Feature", "properties": { "id": 82021, "nach": 0.60018996210169961 }, "geometry": { "type": "LineString", "coordinates": [ [ -2.2055188, 53.3483644 ], [ -2.2054577, 53.3483308 ] ] } },
{ "type": "Feature", "properties": { "id": 81997, "nach": 0.58253859418400489 }, "geometry": { "type": "LineString", "coordinates": [ [ -2.2058273, 53.3483636 ], [ -2.2055188, 53.3483644 ] ] } },
{ "type": "Feature", "properties": { "id": 81998, "nach": 0.29617287983173762 }, "geometry": { "type": "LineString", "coordinates": [ [ -2.2058273, 53.3483636 ], [ -2.2058225, 53.3476644 ] ] } },
{ "type": "Feature", "properties": { "id": 82025, "nach": 0.58100547771313571 }, "geometry": { "type": "LineString", "coordinates": [ [ -2.2060633, 53.3483629 ], [ -2.2058273, 53.3483636 ] ] } },
{ "type": "Feature", "properties": { "id": 82023, "nach": 0.47607144062898049 }, "geometry": { "type": "LineString", "coordinates": [ [ -2.2058225, 53.3476644 ], [ -2.2059104, 53.3476716 ], [ -2.2060556, 53.3476863 ] ] } },
{ "type": "Feature", "properties": { "id": 82022, "nach": 0.49995518489958823 }, "geometry": { "type": "LineString", "coordinates": [ [ -2.2058225, 53.3476644 ], [ -2.2057543, 53.347658700000011 ] ] } },
{ "type": "Feature", "properties": { "id": 82010, "nach": 0.35767651854956911 }, "geometry": { "type": "LineString", "coordinates": [ [ -2.2060556, 53.3476863 ], [ -2.2060633, 53.3483629 ] ] } },
{ "type": "Feature", "properties": { "id": 82004, "nach": 0.3688906946886048 }, "geometry": { "type": "LineString", "coordinates": [ [ -2.2025744, 53.3500813 ], [ -2.2025745, 53.3499448 ], [ -2.2034857, 53.349943600000017 ], [ -2.2034899, 53.3500812 ] ] } },
{ "type": "Feature", "properties": { "id": 82014, "nach": 0.45416910218897794 }, "geometry": { "type": "LineString", "coordinates": [ [ -2.2034562, 53.3484818 ], [ -2.2034562, 53.348549 ] ] } },
{ "type": "Feature", "properties": { "id": 82345, "nach": 0.50942729445800072 }, "geometry": { "type": "LineString", "coordinates": [ [ -2.2012668, 53.3568484 ], [ -2.2015323, 53.3568455 ], [ -2.201904, 53.3569757 ] ] } },
{ "type": "Feature", "properties": { "id": 82376, "nach": 0.4918010860561845 }, "geometry": { "type": "LineString", "coordinates": [ [ -2.2012688, 53.356896 ], [ -2.2012668, 53.3568484 ] ] } },
{ "type": "Feature", "properties": { "id": 82402, "nach": 0.52533261540976661 }, "geometry": { "type": "LineString", "coordinates": [ [ -2.2012026, 53.3567485 ], [ -2.2012619, 53.3567884 ], [ -2.2012668, 53.3568484 ] ] } },
{ "type": "Feature", "properties": { "id": 82378, "nach": 0.42113097592373355 }, "geometry": { "type": "LineString", "coordinates": [ [ -2.2012728, 53.3569884 ], [ -2.201904, 53.3569757 ] ] } },
{ "type": "Feature", "properties": { "id": 82398, "nach": 0.5230074358819492 }, "geometry": { "type": "LineString", "coordinates": [ [ -2.201904, 53.3569757 ], [ -2.2019201, 53.3569814 ] ] } },
{ "type": "Feature", "properties": { "id": 82346, "nach": 0.4074161952289666 }, "geometry": { "type": "LineString", "coordinates": [ [ -2.2007305, 53.3567548 ], [ -2.2012026, 53.3567485 ] ] } },
{ "type": "Feature", "properties": { "id": 82405, "nach": 0.19491420266135587 }, "geometry": { "type": "LineString", "coordinates": [ [ -2.2007254, 53.3566289 ], [ -2.2007305, 53.3567548 ] ] } },
{ "type": "Feature", "properties": { "id": 82410, "nach": 0.25542764928002776 }, "geometry": { "type": "LineString", "coordinates": [ [ -2.2007366, 53.356902400000017 ], [ -2.2007305, 53.3567548 ] ] } },
{ "type": "Feature", "properties": { "id": 82361, "nach": 0.41420558947205144 }, "geometry": { "type": "LineString", "coordinates": [ [ -2.2003347, 53.3567601 ], [ -2.2007305, 53.3567548 ] ] } },
{ "type": "Feature", "properties": { "id": 82406, "nach": 0.51697321003802221 }, "geometry": { "type": "LineString", "coordinates": [ [ -2.2007254, 53.3566289 ], [ -2.2007308, 53.35662880000001 ], [ -2.2008819, 53.3566475 ], [ -2.2009717, 53.3566636 ], [ -2.201074, 53.3566951 ], [ -2.2012026, 53.3567485 ] ] } },
{ "type": "Feature", "properties": { "id": 167660, "nach": 0.5189577840556302 }, "geometry": { "type": "LineString", "coordinates": [ [ -2.2003287, 53.3566368 ], [ -2.2007254, 53.3566289 ] ] } },
{ "type": "Feature", "properties": { "id": 82360, "nach": 0.45845319159654113 }, "geometry": { "type": "LineString", "coordinates": [ [ -2.2003411, 53.3569071 ], [ -2.2007366, 53.356902400000017 ] ] } },
{ "type": "Feature", "properties": { "id": 82411, "nach": 0.42366294747613437 }, "geometry": { "type": "LineString", "coordinates": [ [ -2.2007366, 53.356902400000017 ], [ -2.2007421, 53.3570384 ] ] } },
{ "type": "Feature", "properties": { "id": 82409, "nach": 0.40463248984730682 }, "geometry": { "type": "LineString", "coordinates": [ [ -2.2007366, 53.356902400000017 ], [ -2.2012688, 53.356896 ] ] } },
{ "type": "Feature", "properties": { "id": 82350, "nach": 0.51353215871459379 }, "geometry": { "type": "LineString", "coordinates": [ [ -2.2019201, 53.3569814 ], [ -2.2020851, 53.3570426 ], [ -2.2022571, 53.3571116 ] ] } },
{ "type": "Feature", "properties": { "id": 82401, "nach": 0.46172734841857843 }, "geometry": { "type": "LineString", "coordinates": [ [ -2.2003531, 53.3571837 ], [ -2.2003471, 53.3570456 ] ] } },
{ "type": "Feature", "properties": { "id": 82358, "nach": 0.46359059381209217 }, "geometry": { "type": "LineString", "coordinates": [ [ -2.2003411, 53.3569071 ], [ -2.2003471, 53.3570456 ] ] } },
{ "type": "Feature", "properties": { "id": 82357, "nach": 0.36878382164050527 }, "geometry": { "type": "LineString", "coordinates": [ [ -2.2003471, 53.3570456 ], [ -2.2007421, 53.3570384 ] ] } },
{ "type": "Feature", "properties": { "id": 82380, "nach": 0.34232386028198991 }, "geometry": { "type": "LineString", "coordinates": [ [ -2.200033, 53.3570513 ], [ -2.2003471, 53.3570456 ] ] } },
{ "type": "Feature", "properties": { "id": 82400, "nach": 0.45489685976166122 }, "geometry": { "type": "LineString", "coordinates": [ [ -2.2003531, 53.3571837 ], [ -2.2003593, 53.3573261 ] ] } },
{ "type": "Feature", "properties": { "id": 82395, "nach": 0.35398258872911764 }, "geometry": { "type": "LineString", "coordinates": [ [ -2.2007478, 53.357177600000014 ], [ -2.2003531, 53.3571837 ] ] } },
{ "type": "Feature", "properties": { "id": 82399, "nach": 0.33692307158008938 }, "geometry": { "type": "LineString", "coordinates": [ [ -2.2003531, 53.3571837 ], [ -2.1999824, 53.3571894 ] ] } },
{ "type": "Feature", "properties": { "id": 82362, "nach": 0.50154304834685504 }, "geometry": { "type": "LineString", "coordinates": [ [ -2.2003347, 53.3567601 ], [ -2.2003411, 53.3569071 ] ] } },
{ "type": "Feature", "properties": { "id": 82407, "nach": 0.34495164014154878 }, "geometry": { "type": "LineString", "coordinates": [ [ -2.2000866, 53.3569102 ], [ -2.2003411, 53.3569071 ] ] } },
{ "type": "Feature", "properties": { "id": 82396, "nach": 0.40637615982976377 }, "geometry": { "type": "LineString", "coordinates": [ [ -2.2007478, 53.357177600000014 ], [ -2.2007421, 53.3570384 ] ] } },
{ "type": "Feature", "properties": { "id": 167659, "nach": 0.51293671922376327 }, "geometry": { "type": "LineString", "coordinates": [ [ -2.2003287, 53.3566368 ], [ -2.2003347, 53.3567601 ] ] } },
{ "type": "Feature", "properties": { "id": 82393, "nach": 0.34703190963502917 }, "geometry": { "type": "LineString", "coordinates": [ [ -2.2001366, 53.3567628 ], [ -2.2003347, 53.3567601 ] ] } },
{ "type": "Feature", "properties": { "id": 82374, "nach": 0.56031564901047537 }, "geometry": { "type": "LineString", "coordinates": [ [ -2.2001784, 53.356639800000018 ], [ -2.2003287, 53.3566368 ] ] } },
{ "type": "Feature", "properties": { "id": 82397, "nach": 0.38604921797246161 }, "geometry": { "type": "LineString", "coordinates": [ [ -2.2007478, 53.357177600000014 ], [ -2.2007536, 53.35732010000001 ] ] } },
{ "type": "Feature", "properties": { "id": 82387, "nach": 0.38230827701200287 }, "geometry": { "type": "LineString", "coordinates": [ [ -2.2012805, 53.357169400000011 ], [ -2.2007478, 53.357177600000014 ] ] } },
{ "type": "Feature", "properties": { "id": 82367, "nach": 0.3814046292750104 }, "geometry": { "type": "LineString", "coordinates": [ [ -2.2007536, 53.35732010000001 ], [ -2.2003593, 53.3573261 ] ] } },
{ "type": "Feature", "properties": { "id": 159612, "nach": 0.37524558547772302 }, "geometry": { "type": "LineString", "coordinates": [ [ -2.2007549, 53.3573528 ], [ -2.2007536, 53.35732010000001 ] ] } },
{ "type": "Feature", "properties": { "id": 82404, "nach": 0.40858332778646855 }, "geometry": { "type": "LineString", "coordinates": [ [ -2.2012865, 53.357312 ], [ -2.2007536, 53.35732010000001 ] ] } },
{ "type": "Feature", "properties": { "id": 159609, "nach": 0.45649691098458822 }, "geometry": { "type": "LineString", "coordinates": [ [ -2.2003607, 53.3573569 ], [ -2.2003593, 53.3573261 ] ] } },
{ "type": "Feature", "properties": { "id": 82373, "nach": 0.0 }, "geometry": { "type": "LineString", "coordinates": [ [ -2.2003593, 53.3573261 ], [ -2.1999704, 53.3573318 ], [ -2.199974, 53.357222 ], [ -2.1999824, 53.3571894 ] ] } },
{ "type": "Feature", "properties": { "id": 159614, "nach": 0.42049618870058103 }, "geometry": { "type": "LineString", "coordinates": [ [ -2.2007549, 53.3573528 ], [ -2.2008033, 53.357352300000024 ], [ -2.200806, 53.357402 ], [ -2.2012325, 53.357397200000015 ], [ -2.2012352, 53.357494 ], [ -2.201435, 53.3574924 ], [ -2.2019164, 53.3574876 ] ] } },
{ "type": "Feature", "properties": { "id": 159613, "nach": 0.41601256341362841 }, "geometry": { "type": "LineString", "coordinates": [ [ -2.2007549, 53.3573528 ], [ -2.2003607, 53.3573569 ] ] } },
{ "type": "Feature", "properties": { "id": 82370, "nach": 0.40728548604423503 }, "geometry": { "type": "LineString", "coordinates": [ [ -2.2012848, 53.3572707 ], [ -2.2012805, 53.357169400000011 ] ] } },
{ "type": "Feature", "properties": { "id": 82403, "nach": 0.43504533068183043 }, "geometry": { "type": "LineString", "coordinates": [ [ -2.2012865, 53.357312 ], [ -2.2012848, 53.3572707 ] ] } },
{ "type": "Feature", "properties": { "id": 159610, "nach": 0.38937752229169836 }, "geometry": { "type": "LineString", "coordinates": [ [ -2.2003607, 53.3573569 ], [ -2.20002550000001, 53.357360300000011 ] ] } },
{ "type": "Feature", "properties": { "id": 82382, "nach": 0.36343473325103148 }, "geometry": { "type": "LineString", "coordinates": [ [ -2.1999824, 53.3571894 ], [ -2.2000114, 53.3571056 ], [ -2.200033, 53.3570513 ] ] } },
{ "type": "Feature", "properties": { "id": 159615, "nach": 0.57074528845745665 }, "geometry": { "type": "LineString", "coordinates": [ [ -2.2001047, 53.35645980000001 ], [ -2.2001179, 53.356472 ], [ -2.2000921, 53.3565065 ], [ -2.2000406, 53.3565414 ], [ -2.2000538, 53.356594 ], [ -2.2001292, 53.35661480000001 ], [ -2.2001784, 53.356639800000018 ] ] } },
{ "type": "Feature", "properties": { "id": 82394, "nach": 0.44893495180437215 }, "geometry": { "type": "LineString", "coordinates": [ [ -2.2001366, 53.3567628 ], [ -2.2001784, 53.356639800000018 ] ] } },
{ "type": "Feature", "properties": { "id": 159616, "nach": 0.56156116204467676 }, "geometry": { "type": "LineString", "coordinates": [ [ -2.2001047, 53.35645980000001 ], [ -2.2001905, 53.3564246 ], [ -2.2002798, 53.3564042 ], [ -2.2003541, 53.3563954 ], [ -2.2004778, 53.3563976 ] ] } },
{ "type": "Feature", "properties": { "id": 82377, "nach": 0.46089302861675341 }, "geometry": { "type": "LineString", "coordinates": [ [ -2.2012728, 53.3569884 ], [ -2.2012688, 53.356896 ] ] } },
{ "type": "Feature", "properties": { "id": 82381, "nach": 0.40534659120605587 }, "geometry": { "type": "LineString", "coordinates": [ [ -2.200033, 53.3570513 ], [ -2.2000866, 53.3569102 ] ] } },
{ "type": "Feature", "properties": { "id": 82408, "nach": 0.43079925313556239 }, "geometry": { "type": "LineString", "coordinates": [ [ -2.2000866, 53.3569102 ], [ -2.2001366, 53.3567628 ] ] } },
{ "type": "Feature", "properties": { "id": 157364, "nach": 0.42026753145174417 }, "geometry": { "type": "LineString", "coordinates": [ [ -2.203695, 53.3476515 ], [ -2.2037081, 53.3476919 ] ] } },
{ "type": "Feature", "properties": { "id": 82426, "nach": 0.5673294053164698 }, "geometry": { "type": "LineString", "coordinates": [ [ -2.2035497, 53.3476859 ], [ -2.2037081, 53.3476919 ] ] } },
{ "type": "Feature", "properties": { "id": 130678, "nach": 0.59429178339535993 }, "geometry": { "type": "LineString", "coordinates": [ [ -2.203314, 53.3474916 ], [ -2.2033355, 53.34739230000001 ], [ -2.2033435, 53.3473155 ], [ -2.2033355, 53.3472386 ], [ -2.203306, 53.3471762 ], [ -2.2032174, 53.3470721 ], [ -2.2031719, 53.3470321 ] ] } },
{ "type": "Feature", "properties": { "id": 130679, "nach": 0.57791802662663605 }, "geometry": { "type": "LineString", "coordinates": [ [ -2.203314, 53.3474916 ], [ -2.2033542, 53.3475749 ], [ -2.2033945, 53.3476213 ], [ -2.2034545, 53.347654799999987 ] ] } },
{ "type": "Feature", "properties": { "id": 107968, "nach": 0.60282961483635 }, "geometry": { "type": "LineString", "coordinates": [ [ -2.2034545, 53.347654799999987 ], [ -2.2035497, 53.3476859 ] ] } },
{ "type": "Feature", "properties": { "id": 82427, "nach": 0.55331876589993234 }, "geometry": { "type": "LineString", "coordinates": [ [ -2.2035497, 53.3476859 ], [ -2.2036064, 53.3477188 ], [ -2.203649, 53.3477586 ], [ -2.2036707, 53.3477923 ], [ -2.2036822, 53.3478277 ] ] } },
{ "type": "Feature", "properties": { "id": 104233, "nach": 0.49974928166223809 }, "geometry": { "type": "LineString", "coordinates": [ [ -2.2028947, 53.351194 ], [ -2.202545, 53.3511651 ] ] } },
{ "type": "Feature", "properties": { "id": 111414, "nach": 0.57014669142998442 }, "geometry": { "type": "LineString", "coordinates": [ [ -2.2029785, 53.3513518 ], [ -2.2029653, 53.3512807 ], [ -2.2029397, 53.3512328 ], [ -2.2028947, 53.351194 ] ] } },
{ "type": "Feature", "properties": { "id": 156089, "nach": 0.61404051773835633 }, "geometry": { "type": "LineString", "coordinates": [ [ -2.201836589822746, 53.351004517917538 ], [ -2.2019492, 53.3510077 ] ] } },
{ "type": "Feature", "properties": { "id": 85744, "nach": 0.40922380746093129 }, "geometry": { "type": "LineString", "coordinates": [ [ -2.2097113, 53.3547954 ], [ -2.2096963, 53.3545025 ] ] } },
{ "type": "Feature", "properties": { "id": 158333, "nach": 0.40203138108067882 }, "geometry": { "type": "LineString", "coordinates": [ [ -2.20917650000001, 53.3544702 ], [ -2.2094873, 53.3544967 ], [ -2.2096963, 53.3545025 ] ] } },
{ "type": "Feature", "properties": { "id": 158335, "nach": 0.27647998054465839 }, "geometry": { "type": "LineString", "coordinates": [ [ -2.2095526, 53.3550192 ], [ -2.2093734, 53.3551466 ], [ -2.2091301, 53.3552145 ], [ -2.2087593, 53.355264700000014 ], [ -2.2085516, 53.3553354 ], [ -2.2081978, 53.355528600000021 ], [ -2.2079406, 53.3559861 ], [ -2.2079879, 53.3560965 ], [ -2.2081747, 53.3562844 ], [ -2.2084505, 53.3564321 ], [ -2.2086721, 53.356507100000016 ], [ -2.2089602, 53.356537199999984 ], [ -2.2094834, 53.3564664 ], [ -2.2102747, 53.3563356 ], [ -2.2104733, 53.3562419 ], [ -2.2105832, 53.3561484 ], [ -2.2106288, 53.3560469 ], [ -2.2105379, 53.3556554 ], [ -2.2104452, 53.3554306 ], [ -2.210361, 53.3553441 ], [ -2.210184, 53.3552797 ], [ -2.2098278, 53.3551695 ], [ -2.2097113, 53.3547954 ] ] } },
{ "type": "Feature", "properties": { "id": 158337, "nach": 0.2246041721905678 }, "geometry": { "type": "LineString", "coordinates": [ [ -2.2090006, 53.3549437 ], [ -2.2090875, 53.3549554 ], [ -2.2095526, 53.3550192 ] ] } },
{ "type": "Feature", "properties": { "id": 155531, "nach": 0.53626291299781248 }, "geometry": { "type": "LineString", "coordinates": [ [ -2.2062489, 53.3526311 ], [ -2.20646950000001, 53.3525961 ] ] } },
{ "type": "Feature", "properties": { "id": 179050, "nach": 0.46234067634664183 }, "geometry": { "type": "LineString", "coordinates": [ [ -2.2067399, 53.35278 ], [ -2.2065661, 53.3528088 ], [ -2.20646950000001, 53.3525961 ] ] } },
{ "type": "Feature", "properties": { "id": 155533, "nach": 0.40820677929405225 }, "geometry": { "type": "LineString", "coordinates": [ [ -2.2062489, 53.3526311 ], [ -2.2063662, 53.3528701 ] ] } },
{ "type": "Feature", "properties": { "id": 155532, "nach": 0.49260632650397868 }, "geometry": { "type": "LineString", "coordinates": [ [ -2.2062489, 53.3526311 ], [ -2.2061912, 53.3525165 ] ] } },
{ "type": "Feature", "properties": { "id": 155530, "nach": 0.44796325531184034 }, "geometry": { "type": "LineString", "coordinates": [ [ -2.2062489, 53.3526311 ], [ -2.2058254, 53.3527027 ] ] } },
{ "type": "Feature", "properties": { "id": 179052, "nach": 0.42772983460533365 }, "geometry": { "type": "LineString", "coordinates": [ [ -2.2069656, 53.352742700000015 ], [ -2.2068162, 53.352421 ], [ -2.2065938, 53.3524556 ], [ -2.2067399, 53.35278 ] ] } },
{ "type": "Feature", "properties": { "id": 99298, "nach": 0.40242375252376994 }, "geometry": { "type": "LineString", "coordinates": [ [ -2.2058254, 53.3527027 ], [ -2.2054778, 53.3527602 ] ] } },
{ "type": "Feature", "properties": { "id": 99303, "nach": 0.13681128686525795 }, "geometry": { "type": "LineString", "coordinates": [ [ -2.2057637, 53.352582 ], [ -2.2058254, 53.3527027 ] ] } },
{ "type": "Feature", "properties": { "id": 99294, "nach": 0.40991925864484613 }, "geometry": { "type": "LineString", "coordinates": [ [ -2.2061912, 53.3525165 ], [ -2.2061644, 53.3524624 ] ] } },
{ "type": "Feature", "properties": { "id": 99302, "nach": 0.44524200142915582 }, "geometry": { "type": "LineString", "coordinates": [ [ -2.2057637, 53.352582 ], [ -2.2061912, 53.3525165 ] ] } },
{ "type": "Feature", "properties": { "id": 99301, "nach": 0.40024427043398553 }, "geometry": { "type": "LineString", "coordinates": [ [ -2.2057637, 53.352582 ], [ -2.2054141, 53.3526356 ] ] } },
{ "type": "Feature", "properties": { "id": 99318, "nach": 0.46744219987880364 }, "geometry": { "type": "LineString", "coordinates": [ [ -2.2077579, 53.3517765 ], [ -2.2079444, 53.3517685 ] ] } },
{ "type": "Feature", "properties": { "id": 99313, "nach": 0.46626863101276766 }, "geometry": { "type": "LineString", "coordinates": [ [ -2.2081357, 53.3517602 ], [ -2.2079444, 53.3517685 ] ] } },
{ "type": "Feature", "properties": { "id": 99317, "nach": 0.40024962119193164 }, "geometry": { "type": "LineString", "coordinates": [ [ -2.2077579, 53.3517765 ], [ -2.2077181, 53.3517782 ] ] } },
{ "type": "Feature", "properties": { "id": 99319, "nach": 0.3969571199621304 }, "geometry": { "type": "LineString", "coordinates": [ [ -2.2077579, 53.3517765 ], [ -2.2077764, 53.3519873 ] ] } },
{ "type": "Feature", "properties": { "id": 99314, "nach": 0.39546000187847358 }, "geometry": { "type": "LineString", "coordinates": [ [ -2.2081357, 53.3517602 ], [ -2.2085937, 53.3517406 ] ] } },
{ "type": "Feature", "properties": { "id": 99315, "nach": 0.39821230878668967 }, "geometry": { "type": "LineString", "coordinates": [ [ -2.2081357, 53.3517602 ], [ -2.20815, 53.3519399 ] ] } },
{ "type": "Feature", "properties": { "id": 108390, "nach": 0.49157501551441657 }, "geometry": { "type": "LineString", "coordinates": [ [ -2.2136017, 53.3590347 ], [ -2.2141346, 53.3590157 ] ] } },
{ "type": "Feature", "properties": { "id": 161852, "nach": 0.49777487916677815 }, "geometry": { "type": "LineString", "coordinates": [ [ -2.2169921, 53.3589214 ], [ -2.2168496, 53.35893380000001 ], [ -2.2157281, 53.3589664 ], [ -2.2155729, 53.358971900000014 ], [ -2.21524, 53.358981900000011 ], [ -2.2144801, 53.3590046 ], [ -2.2142746, 53.3590107 ], [ -2.2141346, 53.3590157 ] ] } },
{ "type": "Feature", "properties": { "id": 158331, "nach": 0.34160308425363045 }, "geometry": { "type": "LineString", "coordinates": [ [ -2.2141949, 53.3578289 ], [ -2.2142137, 53.3580594 ], [ -2.2141171, 53.358137799999987 ], [ -2.2140447, 53.358300300000018 ], [ -2.2141346, 53.3590157 ] ] } },
{ "type": "Feature", "properties": { "id": 108396, "nach": 0.48207809767148624 }, "geometry": { "type": "LineString", "coordinates": [ [ -2.2136374, 53.359880599999983 ], [ -2.2136017, 53.3590347 ] ] } },
{ "type": "Feature", "properties": { "id": 159576, "nach": 0.43661380349280193 }, "geometry": { "type": "LineString", "coordinates": [ [ -2.2092621, 53.3586631 ], [ -2.2097685, 53.3586905 ], [ -2.2100797, 53.3587227 ], [ -2.2103908, 53.358793 ], [ -2.2107274, 53.35889980000001 ], [ -2.2110427, 53.35898550000001 ], [ -2.2113331, 53.3590226 ], [ -2.21164480000001, 53.359051200000017 ], [ -2.2122893, 53.3590705 ], [ -2.213276, 53.3590463 ], [ -2.2136017, 53.3590347 ] ] } },
{ "type": "Feature", "properties": { "id": 161854, "nach": 0.46690020775030772 }, "geometry": { "type": "LineString", "coordinates": [ [ -2.2169921, 53.3589214 ], [ -2.2169842, 53.3588534 ], [ -2.2170574, 53.3588022 ] ] } },
{ "type": "Feature", "properties": { "id": 186486, "nach": 0.46156319092771125 }, "geometry": { "type": "LineString", "coordinates": [ [ -2.2160571, 53.3626427 ], [ -2.2158052, 53.3627402 ], [ -2.2157194, 53.3627594 ], [ -2.2151508, 53.3627914 ] ] } },
{ "type": "Feature", "properties": { "id": 186489, "nach": 0.43446282183044743 }, "geometry": { "type": "LineString", "coordinates": [ [ -2.2154396, 53.3624475 ], [ -2.2156213, 53.3624999 ], [ -2.2157219, 53.3625255 ], [ -2.2158399, 53.3625584 ], [ -2.216021, 53.362608 ], [ -2.2160571, 53.3626427 ] ] } },
{ "type": "Feature", "properties": { "id": 116305, "nach": 0.0 }, "geometry": { "type": "LineString", "coordinates": [ [ -2.2158124, 53.362128499999983 ], [ -2.215562, 53.3620772 ], [ -2.2155526, 53.3620611 ], [ -2.2156608, 53.3618472 ], [ -2.2156928, 53.3618246 ], [ -2.2157305, 53.361812500000013 ], [ -2.2157764, 53.3618117 ], [ -2.2158114, 53.361818100000015 ], [ -2.2158559, 53.3618294 ], [ -2.2158869, 53.3618447 ], [ -2.2159099, 53.3618672 ], [ -2.2159287, 53.3619026 ], [ -2.2158124, 53.362128499999983 ] ] } },
{ "type": "Feature", "properties": { "id": 102613, "nach": 0.3659341609395606 }, "geometry": { "type": "LineString", "coordinates": [ [ -2.2151508, 53.3627914 ], [ -2.2149947, 53.3627989 ] ] } },
{ "type": "Feature", "properties": { "id": 139359, "nach": 0.42852305149539344 }, "geometry": { "type": "LineString", "coordinates": [ [ -2.2151416, 53.362943 ], [ -2.2151628, 53.3628805 ], [ -2.2151508, 53.3627914 ] ] } },
{ "type": "Feature", "properties": { "id": 139358, "nach": 0.36022844576092017 }, "geometry": { "type": "LineString", "coordinates": [ [ -2.2151416, 53.362943 ], [ -2.2150759, 53.3631505 ] ] } },
{ "type": "Feature", "properties": { "id": 139361, "nach": 0.35876205497511793 }, "geometry": { "type": "LineString", "coordinates": [ [ -2.2148414, 53.363076599999985 ], [ -2.214873, 53.3629717 ], [ -2.2149228, 53.3629569 ], [ -2.2150167, 53.362943100000017 ], [ -2.2151416, 53.362943 ] ] } },
{ "type": "Feature", "properties": { "id": 111410, "nach": 0.41303357551697939 }, "geometry": { "type": "LineString", "coordinates": [ [ -2.20296890000001, 53.3517359 ], [ -2.2029677, 53.3518127 ] ] } },
{ "type": "Feature", "properties": { "id": 111411, "nach": 0.42906074556290696 }, "geometry": { "type": "LineString", "coordinates": [ [ -2.20296890000001, 53.3517359 ], [ -2.2033369, 53.3517373 ], [ -2.2033575, 53.3517316 ] ] } },
{ "type": "Feature", "properties": { "id": 111412, "nach": 0.45655673434557342 }, "geometry": { "type": "LineString", "coordinates": [ [ -2.2029785, 53.3513518 ], [ -2.20296890000001, 53.3517359 ] ] } },
{ "type": "Feature", "properties": { "id": 111413, "nach": 0.55712375601839781 }, "geometry": { "type": "LineString", "coordinates": [ [ -2.2029785, 53.3513518 ], [ -2.2031692, 53.351353 ] ] } },
{ "type": "Feature", "properties": { "id": 157369, "nach": 0.39501383470948576 }, "geometry": { "type": "LineString", "coordinates": [ [ -2.2195657, 53.3558255 ], [ -2.2193634, 53.355648 ], [ -2.219332, 53.3556011 ], [ -2.2193555, 53.355563600000011 ], [ -2.2197031, 53.355417100000011 ] ] } },
{ "type": "Feature", "properties": { "id": 164118, "nach": 0.34153569348050744 }, "geometry": { "type": "LineString", "coordinates": [ [ -2.2164343, 53.361370700000016 ], [ -2.2159764, 53.3612432 ], [ -2.2158535, 53.3611227 ], [ -2.2158562, 53.3610137 ], [ -2.2159337, 53.3609353 ], [ -2.2160869, 53.3608604 ], [ -2.2163008, 53.36075730000001 ], [ -2.21670450000001, 53.360568600000015 ], [ -2.2169394, 53.3604303 ], [ -2.2170005, 53.3603385 ] ] } },
{ "type": "Feature", "properties": { "id": 164120, "nach": 0.32889261090376443 }, "geometry": { "type": "LineString", "coordinates": [ [ -2.2164343, 53.361370700000016 ], [ -2.2161871, 53.3617034 ], [ -2.2161562, 53.3617202 ], [ -2.2161213, 53.3617257 ], [ -2.21608, 53.3617203 ], [ -2.2156364, 53.3616157 ], [ -2.2154586, 53.36171 ], [ -2.2153211, 53.361802 ], [ -2.2152342, 53.36187180000001 ], [ -2.2150415, 53.3620193 ], [ -2.2148879, 53.3621909 ], [ -2.2147202, 53.3623896 ], [ -2.2145316, 53.3627755 ] ] } },
{ "type": "Feature", "properties": { "id": 108417, "nach": 0.44257753307801634 }, "geometry": { "type": "LineString", "coordinates": [ [ -2.2136558, 53.3603158 ], [ -2.2136374, 53.359880599999983 ] ] } },
{ "type": "Feature", "properties": { "id": 158326, "nach": 0.43450725431632636 }, "geometry": { "type": "LineString", "coordinates": [ [ -2.2124874, 53.3603985 ], [ -2.2124871, 53.3603411 ], [ -2.2124871, 53.3602799 ], [ -2.2125154, 53.3602397 ], [ -2.212565, 53.3601933 ], [ -2.212611, 53.3601637 ], [ -2.2131985, 53.3599018 ], [ -2.2132516, 53.359887 ], [ -2.2133118, 53.3598807 ], [ -2.2136374, 53.359880599999983 ] ] } },
{ "type": "Feature", "properties": { "id": 159575, "nach": 0.41492703611018406 }, "geometry": { "type": "LineString", "coordinates": [ [ -2.2092621, 53.3586631 ], [ -2.2091825, 53.3586611 ] ] } },
{ "type": "Feature", "properties": { "id": 159583, "nach": 0.37793848273123815 }, "geometry": { "type": "LineString", "coordinates": [ [ -2.2092262, 53.3587294 ], [ -2.2092446, 53.358717 ], [ -2.2092621, 53.3586631 ] ] } },
{ "type": "Feature", "properties": { "id": 158323, "nach": 0.3295527219284452 }, "geometry": { "type": "LineString", "coordinates": [ [ -2.2131904, 53.3603873 ], [ -2.2136586, 53.3603833 ] ] } },
{ "type": "Feature", "properties": { "id": 108419, "nach": 0.37497748129675984 }, "geometry": { "type": "LineString", "coordinates": [ [ -2.2136558, 53.3603158 ], [ -2.2136586, 53.3603833 ] ] } },
{ "type": "Feature", "properties": { "id": 164117, "nach": 0.0 }, "geometry": { "type": "LineString", "coordinates": [ [ -2.2141743, 53.3603166 ], [ -2.2141743, 53.3604165 ], [ -2.2137192, 53.3604181 ], [ -2.2136586, 53.3603833 ] ] } },
{ "type": "Feature", "properties": { "id": 164115, "nach": 0.4040884161232321 }, "geometry": { "type": "LineString", "coordinates": [ [ -2.2141743, 53.3603166 ], [ -2.2136558, 53.3603158 ] ] } },
{ "type": "Feature", "properties": { "id": 164116, "nach": 0.38331688425972987 }, "geometry": { "type": "LineString", "coordinates": [ [ -2.2141743, 53.3603166 ], [ -2.2143877, 53.3603158 ], [ -2.2144726, 53.36032 ], [ -2.2145434, 53.3603559 ], [ -2.2145682, 53.3603918 ], [ -2.2150174, 53.3603985 ] ] } },
{ "type": "Feature", "properties": { "id": 164112, "nach": 0.41427033966660509 }, "geometry": { "type": "LineString", "coordinates": [ [ -2.2124906, 53.3610243 ], [ -2.2124874, 53.3603985 ] ] } },
{ "type": "Feature", "properties": { "id": 158327, "nach": 0.32593148077516537 }, "geometry": { "type": "LineString", "coordinates": [ [ -2.212772, 53.3603977 ], [ -2.2124874, 53.3603985 ] ] } },
{ "type": "Feature", "properties": { "id": 164110, "nach": 0.28460550170379728 }, "geometry": { "type": "LineString", "coordinates": [ [ -2.2120012, 53.3618232 ], [ -2.2123137, 53.3618217 ], [ -2.2123951, 53.3618196 ], [ -2.212439, 53.3618065 ] ] } },
{ "type": "Feature", "properties": { "id": 108410, "nach": 0.35026101703890578 }, "geometry": { "type": "LineString", "coordinates": [ [ -2.2124927, 53.3614394 ], [ -2.2124942, 53.3617435 ], [ -2.2124871, 53.3617773 ], [ -2.2124517, 53.3618027 ], [ -2.212439, 53.3618065 ] ] } },
{ "type": "Feature", "properties": { "id": 140760, "nach": 0.27938671347820643 }, "geometry": { "type": "LineString", "coordinates": [ [ -2.2124895, 53.36223110000001 ], [ -2.2124776, 53.362034 ], [ -2.212439, 53.3618065 ] ] } },
{ "type": "Feature", "properties": { "id": 164109, "nach": 0.0 }, "geometry": { "type": "LineString", "coordinates": [ [ -2.2120012, 53.3618232 ], [ -2.2119422, 53.361775 ], [ -2.2119087, 53.361727800000011 ], [ -2.2118671, 53.361698100000012 ], [ -2.2118175, 53.3616933 ], [ -2.2117611, 53.3617013 ], [ -2.2117223, 53.3617222 ], [ -2.2117142, 53.3617622 ], [ -2.2117164, 53.3618246 ], [ -2.2120012, 53.3618232 ] ] } },
{ "type": "Feature", "properties": { "id": 108409, "nach": 0.38465393839518647 }, "geometry": { "type": "LineString", "coordinates": [ [ -2.2124927, 53.3614394 ], [ -2.2124911, 53.3611226 ] ] } },
{ "type": "Feature", "properties": { "id": 108422, "nach": 0.29070313149901095 }, "geometry": { "type": "LineString", "coordinates": [ [ -2.2130499, 53.361435 ], [ -2.2124927, 53.3614394 ] ] } },
{ "type": "Feature", "properties": { "id": 140762, "nach": 0.0 }, "geometry": { "type": "LineString", "coordinates": [ [ -2.2124895, 53.36223110000001 ], [ -2.2125025, 53.3625761 ], [ -2.2126929, 53.3625729 ], [ -2.2126902, 53.3622288 ], [ -2.2124895, 53.36223110000001 ] ] } },
{ "type": "Feature", "properties": { "id": 164111, "nach": 0.39769444724869268 }, "geometry": { "type": "LineString", "coordinates": [ [ -2.2124906, 53.3610243 ], [ -2.2124911, 53.3611226 ] ] } },
{ "type": "Feature", "properties": { "id": 108405, "nach": 0.2642664788844637 }, "geometry": { "type": "LineString", "coordinates": [ [ -2.2147416, 53.361122600000016 ], [ -2.2124911, 53.3611226 ] ] } },
{ "type": "Feature", "properties": { "id": 164114, "nach": 0.2898332230547162 }, "geometry": { "type": "LineString", "coordinates": [ [ -2.2114017, 53.3613372 ], [ -2.2114004, 53.3612588 ], [ -2.2114326, 53.3611667 ], [ -2.211501, 53.3611099 ], [ -2.2116203, 53.3610851 ], [ -2.21195960000001, 53.3610507 ], [ -2.2122332, 53.3610275 ], [ -2.2124906, 53.3610243 ] ] } },
{ "type": "Feature", "properties": { "id": 108416, "nach": 0.33632185617158489 }, "geometry": { "type": "LineString", "coordinates": [ [ -2.2150174, 53.3603985 ], [ -2.215, 53.3607213 ], [ -2.2149858, 53.3607846 ], [ -2.2149504, 53.3608522 ], [ -2.2148867, 53.3609515 ], [ -2.2148549, 53.361017 ], [ -2.2148124, 53.3610825 ], [ -2.2147416, 53.361122600000016 ] ] } },
{ "type": "Feature", "properties": { "id": 108413, "nach": 0.28955559177719375 }, "geometry": { "type": "LineString", "coordinates": [ [ -2.2146283, 53.36142250000001 ], [ -2.2146744, 53.3613993 ], [ -2.2147133, 53.3613465 ], [ -2.21474160000001, 53.3613084 ], [ -2.2147593, 53.3612704 ], [ -2.2147699, 53.3612176 ], [ -2.2147735, 53.3611669 ], [ -2.2147416, 53.361122600000016 ] ] } },
{ "type": "Feature", "properties": { "id": 139352, "nach": 0.31654502586480315 }, "geometry": { "type": "LineString", "coordinates": [ [ -2.2153597, 53.3604033 ], [ -2.2150174, 53.3603985 ] ] } },
{ "type": "Feature", "properties": { "id": 108421, "nach": 0.068060246866366678 }, "geometry": { "type": "LineString", "coordinates": [ [ -2.2130499, 53.361435 ], [ -2.2130782, 53.3617266 ], [ -2.2130888, 53.3617858 ], [ -2.2131207, 53.3618343 ], [ -2.2131737, 53.3618576 ], [ -2.2132481, 53.3618681 ], [ -2.214324, 53.3618766 ], [ -2.2144443, 53.3618681 ], [ -2.2145293, 53.3618428 ], [ -2.214593, 53.3617942 ], [ -2.2146531, 53.361733 ], [ -2.2146885, 53.3616527 ], [ -2.2146991, 53.3615936 ], [ -2.2147027, 53.3615408 ], [ -2.2146921, 53.361488 ], [ -2.2146779, 53.3614521 ], [ -2.2146283, 53.36142250000001 ] ] } },
{ "type": "Feature", "properties": { "id": 139354, "nach": 0.0 }, "geometry": { "type": "LineString", "coordinates": [ [ -2.2153597, 53.3604033 ], [ -2.2153623, 53.3602122 ], [ -2.215375, 53.359955 ], [ -2.2155837, 53.359957 ], [ -2.2155717, 53.360404800000012 ], [ -2.2153597, 53.3604033 ] ] } },
{ "type": "Feature", "properties": { "id": 156898, "nach": 0.48922773420525684 }, "geometry": { "type": "LineString", "coordinates": [ [ -2.2009654, 53.356511 ], [ -2.2007982, 53.3564733 ], [ -2.2004778, 53.3563976 ] ] } },
{ "type": "Feature", "properties": { "id": 156899, "nach": 0.39634165098082902 }, "geometry": { "type": "LineString", "coordinates": [ [ -2.20688309499121, 53.357570387951839 ], [ -2.2009654, 53.356511 ] ] } },
{ "type": "Feature", "properties": { "id": 158492, "nach": 0.43203750898098053 }, "geometry": { "type": "LineString", "coordinates": [ [ -2.2033339, 53.3564582 ], [ -2.2033918, 53.3564819 ] ] } },
{ "type": "Feature", "properties": { "id": 131649, "nach": 0.68892666297938099 }, "geometry": { "type": "LineString", "coordinates": [ [ -2.203269649901261, 53.356585389373386 ], [ -2.2033918, 53.3564819 ] ] } },
{ "type": "Feature", "properties": { "id": 158495, "nach": 0.37638687446399804 }, "geometry": { "type": "LineString", "coordinates": [ [ -2.2014789, 53.3556872 ], [ -2.2015859, 53.3557665 ], [ -2.201668, 53.3558865 ], [ -2.2017163, 53.3559561 ], [ -2.2018638, 53.3560145 ], [ -2.2022112, 53.3561282 ], [ -2.2026645, 53.3562907 ], [ -2.202993, 53.3564252 ], [ -2.2031647, 53.3564812 ], [ -2.2032456, 53.3564702 ], [ -2.2033339, 53.3564582 ] ] } },
{ "type": "Feature", "properties": { "id": 109725, "nach": 0.41161297463760643 }, "geometry": { "type": "LineString", "coordinates": [ [ -2.2057691, 53.3548155 ], [ -2.2058705, 53.3544783 ], [ -2.2060166, 53.3542677 ], [ -2.2060516, 53.3541938 ] ] } },
{ "type": "Feature", "properties": { "id": 109724, "nach": 0.40404408319313739 }, "geometry": { "type": "LineString", "coordinates": [ [ -2.2074695, 53.3544182 ], [ -2.2065866, 53.3543454 ], [ -2.206493, 53.354204 ], [ -2.2060516, 53.3541938 ] ] } },
{ "type": "Feature", "properties": { "id": 109732, "nach": 0.0 }, "geometry": { "type": "LineString", "coordinates": [ [ -2.2073624, 53.3553598 ], [ -2.207465, 53.3552421 ], [ -2.2074864, 53.3550511 ], [ -2.2063534, 53.3550087 ], [ -2.2061969, 53.355007200000017 ], [ -2.2059978, 53.3550636 ] ] } },
{ "type": "Feature", "properties": { "id": 130409, "nach": 0.55089180469610355 }, "geometry": { "type": "LineString", "coordinates": [ [ -2.2062393, 53.3552594 ], [ -2.2061575, 53.3552462 ], [ -2.2060742, 53.3551853 ], [ -2.2059978, 53.3550636 ] ] } },
{ "type": "Feature", "properties": { "id": 179045, "nach": 0.15970242957069006 }, "geometry": { "type": "LineString", "coordinates": [ [ -2.2071032, 53.3557862 ], [ -2.2071327, 53.355779 ], [ -2.2072928, 53.355517 ], [ -2.2073624, 53.3553598 ] ] } },
{ "type": "Feature", "properties": { "id": 109739, "nach": 0.3850460463667405 }, "geometry": { "type": "LineString", "coordinates": [ [ -2.2064654, 53.3552723 ], [ -2.207303, 53.3552989 ], [ -2.2073624, 53.3553598 ] ] } },
{ "type": "Feature", "properties": { "id": 130408, "nach": 0.53956113493376001 }, "geometry": { "type": "LineString", "coordinates": [ [ -2.2062393, 53.3552594 ], [ -2.2062833, 53.3552665 ], [ -2.2064654, 53.3552723 ] ] } },
{ "type": "Feature", "properties": { "id": 179030, "nach": 0.3956445523101344 }, "geometry": { "type": "LineString", "coordinates": [ [ -2.2062022, 53.3556068 ], [ -2.2062393, 53.3552594 ] ] } },
{ "type": "Feature", "properties": { "id": 179044, "nach": 0.42156952168678796 }, "geometry": { "type": "LineString", "coordinates": [ [ -2.2071032, 53.3557862 ], [ -2.2069707, 53.3558184 ], [ -2.2068305, 53.3557917 ] ] } },
{ "type": "Feature", "properties": { "id": 179046, "nach": 0.37663004336683559 }, "geometry": { "type": "LineString", "coordinates": [ [ -2.2074173, 53.3558556 ], [ -2.2071032, 53.3557862 ] ] } },
{ "type": "Feature", "properties": { "id": 179031, "nach": 0.52698886461121464 }, "geometry": { "type": "LineString", "coordinates": [ [ -2.2064456, 53.3554029 ], [ -2.2064654, 53.3552723 ] ] } },
{ "type": "Feature", "properties": { "id": 179036, "nach": 0.49124712450566643 }, "geometry": { "type": "LineString", "coordinates": [ [ -2.2064243, 53.355543799999985 ], [ -2.2064054, 53.3556685 ] ] } },
{ "type": "Feature", "properties": { "id": 179040, "nach": 0.46528065374522554 }, "geometry": { "type": "LineString", "coordinates": [ [ -2.2068305, 53.3557917 ], [ -2.2068054, 53.355786899999984 ], [ -2.2066665, 53.3557316 ], [ -2.2064913, 53.3556803 ], [ -2.2064054, 53.3556685 ] ] } },
{ "type": "Feature", "properties": { "id": 130406, "nach": 0.3782632451363393 }, "geometry": { "type": "LineString", "coordinates": [ [ -2.2055103, 53.3556497 ], [ -2.2062159, 53.3556814 ], [ -2.2063115, 53.3556857 ], [ -2.2063687, 53.3556819 ], [ -2.2064054, 53.3556685 ] ] } },
{ "type": "Feature", "properties": { "id": 179035, "nach": 0.51118961535006469 }, "geometry": { "type": "LineString", "coordinates": [ [ -2.2064243, 53.355543799999985 ], [ -2.2064456, 53.3554029 ] ] } },
{ "type": "Feature", "properties": { "id": 179038, "nach": 0.38721620954672153 }, "geometry": { "type": "LineString", "coordinates": [ [ -2.206817, 53.355560200000014 ], [ -2.2064243, 53.355543799999985 ] ] } },
{ "type": "Feature", "properties": { "id": 179042, "nach": 0.38013162922756694 }, "geometry": { "type": "LineString", "coordinates": [ [ -2.2067872, 53.3559645 ], [ -2.2068305, 53.3557917 ] ] } },
{ "type": "Feature", "properties": { "id": 179034, "nach": 0.39052235354507758 }, "geometry": { "type": "LineString", "coordinates": [ [ -2.2068582, 53.3554201 ], [ -2.2064456, 53.3554029 ] ] } },
{ "type": "Feature", "properties": { "id": 117488, "nach": 0.0 }, "geometry": { "type": "LineString", "coordinates": [ [ -2.2095509, 53.3524357 ], [ -2.2098553, 53.3519448 ], [ -2.21009570000001, 53.3515695 ], [ -2.2102911, 53.35125570000001 ], [ -2.2102885, 53.35121 ], [ -2.2102462, 53.3511264 ], [ -2.2101353, 53.3510413 ], [ -2.2100058, 53.3510176 ], [ -2.2095514, 53.350984499999981 ], [ -2.2091393, 53.35099240000001 ], [ -2.20878420000001, 53.351036500000014 ] ] } },
{ "type": "Feature", "properties": { "id": 166384, "nach": 0.41955902959918628 }, "geometry": { "type": "LineString", "coordinates": [ [ -2.2092245, 53.350377200000011 ], [ -2.2093576, 53.3503979 ] ] } },
{ "type": "Feature", "properties": { "id": 166383, "nach": 0.37879198065043368 }, "geometry": { "type": "LineString", "coordinates": [ [ -2.2093117, 53.3495656 ], [ -2.2097409, 53.349633699999984 ], [ -2.2097905, 53.3496545 ], [ -2.2098428, 53.3496905 ], [ -2.2098709, 53.349727300000012 ], [ -2.209887, 53.3497746 ], [ -2.2098857, 53.349825800000019 ], [ -2.2097301, 53.35017 ], [ -2.2096979, 53.3502253 ], [ -2.209659, 53.3502597 ], [ -2.2095491, 53.3503021 ], [ -2.2094659, 53.3503317 ], [ -2.2093962, 53.350363 ], [ -2.2093576, 53.3503979 ] ] } },
{ "type": "Feature", "properties": { "id": 111389, "nach": 0.0 }, "geometry": { "type": "LineString", "coordinates": [ [ -2.2040206, 53.3512682 ], [ -2.2040183, 53.3511258 ], [ -2.2036031, 53.3511288 ], [ -2.2031745, 53.351172200000015 ], [ -2.2031715, 53.351273 ] ] } },
{ "type": "Feature", "properties": { "id": 111406, "nach": 0.41844642901767626 }, "geometry": { "type": "LineString", "coordinates": [ [ -2.2031692, 53.351353 ], [ -2.2031715, 53.351273 ] ] } },
{ "type": "Feature", "properties": { "id": 159908, "nach": 0.42121322134785655 }, "geometry": { "type": "LineString", "coordinates": [ [ -2.2040211, 53.3512955 ], [ -2.2040206, 53.3512682 ] ] } },
{ "type": "Feature", "properties": { "id": 111405, "nach": 0.43256181140341643 }, "geometry": { "type": "LineString", "coordinates": [ [ -2.2031692, 53.351353 ], [ -2.2031693, 53.3514547 ] ] } },
{ "type": "Feature", "properties": { "id": 159901, "nach": 0.54330475196252315 }, "geometry": { "type": "LineString", "coordinates": [ [ -2.2039316, 53.3513507 ], [ -2.2031692, 53.351353 ] ] } },
{ "type": "Feature", "properties": { "id": 159911, "nach": 0.4929762593118599 }, "geometry": { "type": "LineString", "coordinates": [ [ -2.2040211, 53.3512955 ], [ -2.2039303, 53.3512963 ], [ -2.2039316, 53.3513507 ] ] } },
{ "type": "Feature", "properties": { "id": 159909, "nach": 0.48286804763216085 }, "geometry": { "type": "LineString", "coordinates": [ [ -2.2040211, 53.3512955 ], [ -2.204022, 53.351402 ] ] } },
{ "type": "Feature", "properties": { "id": 111394, "nach": 0.35197504673720059 }, "geometry": { "type": "LineString", "coordinates": [ [ -2.2040225, 53.3514515 ], [ -2.2031693, 53.3514547 ] ] } },
{ "type": "Feature", "properties": { "id": 111399, "nach": 0.38832332450004492 }, "geometry": { "type": "LineString", "coordinates": [ [ -2.2033793, 53.3515947 ], [ -2.2031695, 53.3515949 ], [ -2.2031693, 53.3514547 ] ] } },
{ "type": "Feature", "properties": { "id": 159905, "nach": 0.49799448074823577 }, "geometry": { "type": "LineString", "coordinates": [ [ -2.204022, 53.351402 ], [ -2.2040225, 53.3514515 ] ] } },
{ "type": "Feature", "properties": { "id": 111403, "nach": 0.46860521791816273 }, "geometry": { "type": "LineString", "coordinates": [ [ -2.2040237, 53.3515925 ], [ -2.2040225, 53.3514515 ] ] } },
{ "type": "Feature", "properties": { "id": 111404, "nach": 0.43282463253035514 }, "geometry": { "type": "LineString", "coordinates": [ [ -2.2040237, 53.3515925 ], [ -2.2033793, 53.3515947 ] ] } },
{ "type": "Feature", "properties": { "id": 111400, "nach": 0.41380585569821804 }, "geometry": { "type": "LineString", "coordinates": [ [ -2.2033575, 53.3517316 ], [ -2.2033706, 53.3517227 ], [ -2.2033765, 53.3517112 ], [ -2.2033776, 53.3516989 ], [ -2.2033793, 53.3515947 ] ] } },
{ "type": "Feature", "properties": { "id": 159907, "nach": 0.50436734368364156 }, "geometry": { "type": "LineString", "coordinates": [ [ -2.204022, 53.351402 ], [ -2.203933, 53.3514028 ], [ -2.2039316, 53.3513507 ] ] } },
{ "type": "Feature", "properties": { "id": 159912, "nach": 0.47110578611544668 }, "geometry": { "type": "LineString", "coordinates": [ [ -2.2040838, 53.3514019 ], [ -2.204022, 53.351402 ] ] } },
{ "type": "Feature", "properties": { "id": 111402, "nach": 0.0 }, "geometry": { "type": "LineString", "coordinates": [ [ -2.2033575, 53.3517316 ], [ -2.204025, 53.3517332 ], [ -2.2040237, 53.3515925 ] ] } },
{ "type": "Feature", "properties": { "id": 118183, "nach": 0.49602662540024078 }, "geometry": { "type": "LineString", "coordinates": [ [ -2.19920690000001, 53.3563215 ], [ -2.1992666, 53.3563136 ], [ -2.1993058, 53.356308 ], [ -2.1993222, 53.3563821 ], [ -2.1993525, 53.3563798 ], [ -2.199464, 53.3563713 ] ] } },
{ "type": "Feature", "properties": { "id": 112883, "nach": 0.45903467943466725 }, "geometry": { "type": "LineString", "coordinates": [ [ -2.219251, 53.357610500000014 ], [ -2.2190938, 53.3576203 ] ] } },
{ "type": "Feature", "properties": { "id": 159341, "nach": 0.58518453508028467 }, "geometry": { "type": "LineString", "coordinates": [ [ -2.2191775, 53.3579822 ], [ -2.2191473, 53.3578587 ], [ -2.219114, 53.3577015 ], [ -2.2190938, 53.3576203 ] ] } },
{ "type": "Feature", "properties": { "id": 188412, "nach": 0.51711400346253344 }, "geometry": { "type": "LineString", "coordinates": [ [ -2.2190821, 53.3579899 ], [ -2.2189727, 53.3574877 ] ] } },
{ "type": "Feature", "properties": { "id": 139789, "nach": 0.39084017321032399 }, "geometry": { "type": "LineString", "coordinates": [ [ -2.2191216, 53.357326100000016 ], [ -2.21916350000001, 53.357316 ], [ -2.2194241, 53.3572581 ], [ -2.2195459, 53.3572237 ], [ -2.2201203, 53.3571738 ] ] } },
{ "type": "Feature", "properties": { "id": 159507, "nach": 0.56449263988195686 }, "geometry": { "type": "LineString", "coordinates": [ [ -2.2024177, 53.3584959 ], [ -2.2024048, 53.3585661 ], [ -2.2023731, 53.3587953 ] ] } },
{ "type": "Feature", "properties": { "id": 167038, "nach": 0.46044968309886186 }, "geometry": { "type": "LineString", "coordinates": [ [ -2.2025783, 53.3583996 ], [ -2.2025121, 53.358907700000017 ] ] } },
{ "type": "Feature", "properties": { "id": 112170, "nach": 0.49316636671394254 }, "geometry": { "type": "LineString", "coordinates": [ [ -2.2029108, 53.3591015 ], [ -2.20249, 53.3590819 ], [ -2.2025121, 53.358907700000017 ] ] } },
{ "type": "Feature", "properties": { "id": 167037, "nach": 0.47417954219409419 }, "geometry": { "type": "LineString", "coordinates": [ [ -2.2025783, 53.3583996 ], [ -2.2026433, 53.3584027 ] ] } },
{ "type": "Feature", "properties": { "id": 112171, "nach": 0.48024417172427269 }, "geometry": { "type": "LineString", "coordinates": [ [ -2.2029108, 53.3591015 ], [ -2.2030012, 53.359116899999982 ], [ -2.2030498, 53.35913390000001 ], [ -2.2031215, 53.3591364 ], [ -2.2034321, 53.359118500000015 ] ] } },
{ "type": "Feature", "properties": { "id": 112169, "nach": 0.21718701551415959 }, "geometry": { "type": "LineString", "coordinates": [ [ -2.2029108, 53.3591015 ], [ -2.202916, 53.358971 ], [ -2.2029804, 53.358726399999988 ], [ -2.2031453, 53.3582762 ] ] } },
{ "type": "Feature", "properties": { "id": 112165, "nach": 0.46456028396658194 }, "geometry": { "type": "LineString", "coordinates": [ [ -2.2054336, 53.3587412 ], [ -2.2053349, 53.3587738 ], [ -2.2035822, 53.3591044 ], [ -2.2034321, 53.359118500000015 ] ] } },
{ "type": "Feature", "properties": { "id": 112156, "nach": 0.19984382251808336 }, "geometry": { "type": "LineString", "coordinates": [ [ -2.2037357, 53.358176 ], [ -2.2035191, 53.358682 ], [ -2.2034033, 53.3590081 ], [ -2.2034321, 53.359118500000015 ] ] } },
{ "type": "Feature", "properties": { "id": 112164, "nach": 0.40714061002463042 }, "geometry": { "type": "LineString", "coordinates": [ [ -2.2054336, 53.3587412 ], [ -2.2055764, 53.3586944 ], [ -2.2056485, 53.3586283 ] ] } },
{ "type": "Feature", "properties": { "id": 167041, "nach": 0.40535987722188749 }, "geometry": { "type": "LineString", "coordinates": [ [ -2.2052557, 53.3583966 ], [ -2.2054336, 53.3587412 ] ] } },
{ "type": "Feature", "properties": { "id": 146140, "nach": 0.37785477069703521 }, "geometry": { "type": "LineString", "coordinates": [ [ -2.2049345, 53.3583076 ], [ -2.204672, 53.3583414 ], [ -2.204448, 53.3583522 ], [ -2.204405, 53.3583414 ], [ -2.2043779, 53.3583174 ], [ -2.204371, 53.3582927 ], [ -2.2043761, 53.3581973 ], [ -2.2037357, 53.358176 ] ] } },
{ "type": "Feature", "properties": { "id": 112162, "nach": 0.36135341049287573 }, "geometry": { "type": "LineString", "coordinates": [ [ -2.2055574, 53.3584383 ], [ -2.2057514, 53.3584639 ], [ -2.2056485, 53.3586283 ] ] } },
{ "type": "Feature", "properties": { "id": 167042, "nach": 0.13628125384605458 }, "geometry": { "type": "LineString", "coordinates": [ [ -2.2052557, 53.3583966 ], [ -2.2055574, 53.3584383 ] ] } },
{ "type": "Feature", "properties": { "id": 167040, "nach": 0.36244158351214301 }, "geometry": { "type": "LineString", "coordinates": [ [ -2.2052557, 53.3583966 ], [ -2.2052335, 53.3583543 ] ] } },
{ "type": "Feature", "properties": { "id": 167032, "nach": 0.42439880436264393 }, "geometry": { "type": "LineString", "coordinates": [ [ -2.2026433, 53.3584027 ], [ -2.2026601, 53.358261 ], [ -2.2031453, 53.3582762 ] ] } },
{ "type": "Feature", "properties": { "id": 159339, "nach": 0.38454096866401793 }, "geometry": { "type": "LineString", "coordinates": [ [ -2.2195941, 53.3576905 ], [ -2.2195847, 53.3576197 ] ] } },
{ "type": "Feature", "properties": { "id": 112884, "nach": 0.4282728793076121 }, "geometry": { "type": "LineString", "coordinates": [ [ -2.219251, 53.357610500000014 ], [ -2.2193274, 53.3575887 ], [ -2.2193558, 53.35756640000001 ], [ -2.2193727, 53.3575386 ], [ -2.2193516, 53.3573951 ], [ -2.2196105, 53.3573836 ], [ -2.2196309, 53.3573865 ], [ -2.2196435, 53.3573969 ], [ -2.2196493, 53.3574172 ], [ -2.219655, 53.3574634 ], [ -2.2196479, 53.3575291 ], [ -2.2196394, 53.3575679 ], [ -2.2196257, 53.35759980000001 ], [ -2.2195847, 53.3576197 ] ] } },
{ "type": "Feature", "properties": { "id": 188411, "nach": 0.41153079548910532 }, "geometry": { "type": "LineString", "coordinates": [ [ -2.2190821, 53.3579899 ], [ -2.2191775, 53.3579822 ] ] } },
{ "type": "Feature", "properties": { "id": 112908, "nach": 0.42865560707458916 }, "geometry": { "type": "LineString", "coordinates": [ [ -2.2198781, 53.3580046 ], [ -2.2196613, 53.3580218 ], [ -2.2196683, 53.3581194 ] ] } },
{ "type": "Feature", "properties": { "id": 159334, "nach": 0.46258902176234284 }, "geometry": { "type": "LineString", "coordinates": [ [ -2.2197248, 53.358206 ], [ -2.2196925, 53.358208700000013 ], [ -2.2196683, 53.3581194 ] ] } },
{ "type": "Feature", "properties": { "id": 112906, "nach": 0.42980667028016889 }, "geometry": { "type": "LineString", "coordinates": [ [ -2.2198781, 53.3580046 ], [ -2.220101, 53.357987 ] ] } },
{ "type": "Feature", "properties": { "id": 112907, "nach": 0.39354708125246152 }, "geometry": { "type": "LineString", "coordinates": [ [ -2.2198781, 53.3580046 ], [ -2.2199093, 53.3581897 ] ] } },
{ "type": "Feature", "properties": { "id": 159332, "nach": 0.47570034780998072 }, "geometry": { "type": "LineString", "coordinates": [ [ -2.2197248, 53.358206 ], [ -2.2199093, 53.3581897 ] ] } },
{ "type": "Feature", "properties": { "id": 159335, "nach": 0.47239348541684012 }, "geometry": { "type": "LineString", "coordinates": [ [ -2.219758, 53.3584057 ], [ -2.2197248, 53.358206 ] ] } },
{ "type": "Feature", "properties": { "id": 112898, "nach": 0.38668574767250913 }, "geometry": { "type": "LineString", "coordinates": [ [ -2.2201302, 53.358176800000017 ], [ -2.2203818, 53.358165200000016 ] ] } },
{ "type": "Feature", "properties": { "id": 112896, "nach": 0.06816225213936318 }, "geometry": { "type": "LineString", "coordinates": [ [ -2.2203665, 53.357965900000011 ], [ -2.2205174, 53.357954 ], [ -2.2205441, 53.3581967 ], [ -2.2203831, 53.3582009 ], [ -2.2203818, 53.358165200000016 ] ] } },
{ "type": "Feature", "properties": { "id": 112904, "nach": 0.43068866167217673 }, "geometry": { "type": "LineString", "coordinates": [ [ -2.2199093, 53.3581897 ], [ -2.2201302, 53.358176800000017 ] ] } },
{ "type": "Feature", "properties": { "id": 112902, "nach": 0.12079086815852662 }, "geometry": { "type": "LineString", "coordinates": [ [ -2.220101, 53.357987 ], [ -2.2201302, 53.358176800000017 ] ] } },
{ "type": "Feature", "properties": { "id": 112900, "nach": 0.38613830645935882 }, "geometry": { "type": "LineString", "coordinates": [ [ -2.220101, 53.357987 ], [ -2.2203665, 53.357965900000011 ] ] } },
{ "type": "Feature", "properties": { "id": 161845, "nach": 0.52526487226271934 }, "geometry": { "type": "LineString", "coordinates": [ [ -2.2183978, 53.3586065 ], [ -2.2183415, 53.3585701 ], [ -2.218361, 53.3585287 ] ] } },
{ "type": "Feature", "properties": { "id": 161851, "nach": 0.48327177441853653 }, "geometry": { "type": "LineString", "coordinates": [ [ -2.2170574, 53.3588022 ], [ -2.2175388, 53.3587079 ], [ -2.2183978, 53.3586065 ] ] } },
{ "type": "Feature", "properties": { "id": 188406, "nach": 0.54263470941094361 }, "geometry": { "type": "LineString", "coordinates": [ [ -2.2192027, 53.3585344 ], [ -2.2191219, 53.3585399 ], [ -2.219041, 53.3585454 ], [ -2.2183978, 53.3586065 ] ] } },
{ "type": "Feature", "properties": { "id": 161856, "nach": 0.49692044529309853 }, "geometry": { "type": "LineString", "coordinates": [ [ -2.21842250000001, 53.358399299999988 ], [ -2.218361, 53.3585287 ] ] } },
{ "type": "Feature", "properties": { "id": 112926, "nach": 0.4403551671574979 }, "geometry": { "type": "LineString", "coordinates": [ [ -2.2173969, 53.3580684 ], [ -2.2173461, 53.3581893 ], [ -2.2173512, 53.35821210000001 ], [ -2.2173737, 53.3582345 ], [ -2.2174015, 53.3582494 ], [ -2.2174375, 53.358258 ], [ -2.2175952, 53.358288 ], [ -2.2176337, 53.3583038 ], [ -2.2177198, 53.3583903 ], [ -2.2177607, 53.35842250000001 ], [ -2.2178231, 53.3584451 ], [ -2.218361, 53.3585287 ] ] } },
{ "type": "Feature", "properties": { "id": 161861, "nach": 0.47266336604794906 }, "geometry": { "type": "LineString", "coordinates": [ [ -2.2184425, 53.3583571 ], [ -2.21842250000001, 53.358399299999988 ] ] } },
{ "type": "Feature", "properties": { "id": 161858, "nach": 0.38505052637903781 }, "geometry": { "type": "LineString", "coordinates": [ [ -2.2179645, 53.3583222 ], [ -2.21842250000001, 53.358399299999988 ] ] } },
{ "type": "Feature", "properties": { "id": 112925, "nach": 0.24168136646028709 }, "geometry": { "type": "LineString", "coordinates": [ [ -2.2173969, 53.3580684 ], [ -2.2182463, 53.3582256 ], [ -2.2183235, 53.3582518 ], [ -2.2183949, 53.3582813 ], [ -2.21847170000001, 53.3582956 ] ] } },
{ "type": "Feature", "properties": { "id": 112924, "nach": 0.4176234191563461 }, "geometry": { "type": "LineString", "coordinates": [ [ -2.2173969, 53.3580684 ], [ -2.2172323, 53.3580263 ], [ -2.21714110000001, 53.3579948 ], [ -2.2170593, 53.3579602 ], [ -2.2170106, 53.35792750000001 ], [ -2.2169751, 53.357884700000014 ], [ -2.2168088, 53.3576256 ], [ -2.2167733, 53.3575958 ], [ -2.2167272, 53.357567 ], [ -2.216665, 53.3575511 ], [ -2.2166054, 53.3575535 ], [ -2.2165022, 53.3575662 ], [ -2.2164295, 53.357582 ], [ -2.2163454, 53.3576095 ], [ -2.2162904, 53.3576208 ], [ -2.21622180000001, 53.3576265 ], [ -2.2160472, 53.3576323 ] ] } },
{ "type": "Feature", "properties": { "id": 161860, "nach": 0.43112049532706131 }, "geometry": { "type": "LineString", "coordinates": [ [ -2.2184425, 53.3583571 ], [ -2.21847170000001, 53.3582956 ] ] } },
{ "type": "Feature", "properties": { "id": 161859, "nach": 0.3868438750852114 }, "geometry": { "type": "LineString", "coordinates": [ [ -2.2185809, 53.358314900000018 ], [ -2.21847170000001, 53.3582956 ] ] } },
{ "type": "Feature", "properties": { "id": 161863, "nach": 0.38757125352961247 }, "geometry": { "type": "LineString", "coordinates": [ [ -2.2185505, 53.3583758 ], [ -2.2184425, 53.3583571 ] ] } },
{ "type": "Feature", "properties": { "id": 112920, "nach": 0.34296115546452111 }, "geometry": { "type": "LineString", "coordinates": [ [ -2.2160472, 53.3576323 ], [ -2.2157825, 53.3576434 ], [ -2.2158612, 53.3580651 ] ] } },
{ "type": "Feature", "properties": { "id": 112922, "nach": 0.3486292122756075 }, "geometry": { "type": "LineString", "coordinates": [ [ -2.2161201, 53.3580853 ], [ -2.2160472, 53.3576323 ] ] } },
{ "type": "Feature", "properties": { "id": 161849, "nach": 0.36587966931349736 }, "geometry": { "type": "LineString", "coordinates": [ [ -2.2170574, 53.3588022 ], [ -2.2170022, 53.3587694 ], [ -2.2169754, 53.3587215 ], [ -2.21673420000001, 53.3586201 ], [ -2.216662, 53.3585175 ], [ -2.2163207, 53.3583273 ], [ -2.2162809, 53.358264799999986 ], [ -2.2163183, 53.3580448 ], [ -2.2165648, 53.35805520000001 ] ] } },
{ "type": "Feature", "properties": { "id": 112955, "nach": 0.4849840633052952 }, "geometry": { "type": "LineString", "coordinates": [ [ -2.2104381, 53.3505209 ], [ -2.2103451, 53.3504604 ] ] } },
{ "type": "Feature", "properties": { "id": 112969, "nach": 0.41100051077841321 }, "geometry": { "type": "LineString", "coordinates": [ [ -2.2105039, 53.3500674 ], [ -2.2104087, 53.3502221 ], [ -2.2103451, 53.3504604 ] ] } },
{ "type": "Feature", "properties": { "id": 112949, "nach": 0.41710972488937181 }, "geometry": { "type": "LineString", "coordinates": [ [ -2.2097259, 53.3505323 ], [ -2.2100786, 53.35055710000001 ] ] } },
{ "type": "Feature", "properties": { "id": 112952, "nach": 0.48127293916627467 }, "geometry": { "type": "LineString", "coordinates": [ [ -2.2100654, 53.35069690000001 ], [ -2.210074, 53.3506467 ], [ -2.2100786, 53.35055710000001 ] ] } },
{ "type": "Feature", "properties": { "id": 112958, "nach": 0.41503211147573599 }, "geometry": { "type": "LineString", "coordinates": [ [ -2.2107436, 53.3505907 ], [ -2.2104381, 53.3505209 ] ] } },
{ "type": "Feature", "properties": { "id": 112959, "nach": 0.41294734107609593 }, "geometry": { "type": "LineString", "coordinates": [ [ -2.2106883, 53.3506632 ], [ -2.2104381, 53.350606600000013 ], [ -2.2104381, 53.3505209 ] ] } },
{ "type": "Feature", "properties": { "id": 112967, "nach": 0.46215520456259773 }, "geometry": { "type": "LineString", "coordinates": [ [ -2.2105039, 53.3500674 ], [ -2.2105875, 53.3499316 ] ] } },
{ "type": "Feature", "properties": { "id": 112970, "nach": 0.40785175542160762 }, "geometry": { "type": "LineString", "coordinates": [ [ -2.210375, 53.3500684 ], [ -2.2105039, 53.3500674 ] ] } },
{ "type": "Feature", "properties": { "id": 112965, "nach": 0.49241753243707265 }, "geometry": { "type": "LineString", "coordinates": [ [ -2.2105875, 53.3499316 ], [ -2.21063670000001, 53.3498515 ], [ -2.2106429, 53.3498415 ], [ -2.2106641, 53.3497979 ] ] } },
{ "type": "Feature", "properties": { "id": 146176, "nach": 0.40962916470868171 }, "geometry": { "type": "LineString", "coordinates": [ [ -2.2111712, 53.3498859 ], [ -2.2107789, 53.3498008 ], [ -2.2106641, 53.3497979 ] ] } },
{ "type": "Feature", "properties": { "id": 112966, "nach": 0.4122940655052803 }, "geometry": { "type": "LineString", "coordinates": [ [ -2.2104021, 53.349935799999983 ], [ -2.2105875, 53.3499316 ] ] } },
{ "type": "Feature", "properties": { "id": 112951, "nach": 0.41112701925390099 }, "geometry": { "type": "LineString", "coordinates": [ [ -2.2100654, 53.35069690000001 ], [ -2.2100261, 53.350925 ] ] } },
{ "type": "Feature", "properties": { "id": 112954, "nach": 0.40785170763431589 }, "geometry": { "type": "LineString", "coordinates": [ [ -2.2098824, 53.350904 ], [ -2.2099176, 53.3506962 ], [ -2.2100654, 53.35069690000001 ] ] } },
{ "type": "Feature", "properties": { "id": 112977, "nach": 0.57394338495323671 }, "geometry": { "type": "LineString", "coordinates": [ [ -2.2103961, 53.3483402 ], [ -2.2109255, 53.34843750000001 ] ] } },
{ "type": "Feature", "properties": { "id": 166393, "nach": 0.51130363826622716 }, "geometry": { "type": "LineString", "coordinates": [ [ -2.2111894, 53.3480695 ], [ -2.2110295, 53.3482367 ], [ -2.2109255, 53.34843750000001 ] ] } },
{ "type": "Feature", "properties": { "id": 112993, "nach": 0.51660991880539986 }, "geometry": { "type": "LineString", "coordinates": [ [ -2.210559, 53.3480353 ], [ -2.2103961, 53.3483402 ] ] } },
{ "type": "Feature", "properties": { "id": 112982, "nach": 0.52048311126978153 }, "geometry": { "type": "LineString", "coordinates": [ [ -2.210324, 53.3484734 ], [ -2.2103961, 53.3483402 ] ] } },
{ "type": "Feature", "properties": { "id": 112981, "nach": 0.42529761168192676 }, "geometry": { "type": "LineString", "coordinates": [ [ -2.21006790000001, 53.348277600000017 ], [ -2.2103961, 53.3483402 ] ] } },
{ "type": "Feature", "properties": { "id": 166394, "nach": 0.47225634886812878 }, "geometry": { "type": "LineString", "coordinates": [ [ -2.2111894, 53.3480695 ], [ -2.211398, 53.3477311 ], [ -2.2119669, 53.3476601 ], [ -2.2121278, 53.3476916 ] ] } },
{ "type": "Feature", "properties": { "id": 166395, "nach": 0.41185825343956556 }, "geometry": { "type": "LineString", "coordinates": [ [ -2.2122144, 53.3482551 ], [ -2.2111894, 53.3480695 ] ] } },
{ "type": "Feature", "properties": { "id": 112992, "nach": 0.48255904903960178 }, "geometry": { "type": "LineString", "coordinates": [ [ -2.210559, 53.3480353 ], [ -2.2106247, 53.3479123 ] ] } },
{ "type": "Feature", "properties": { "id": 112995, "nach": 0.41767598835677017 }, "geometry": { "type": "LineString", "coordinates": [ [ -2.2109233, 53.3481072 ], [ -2.210559, 53.3480353 ] ] } },
{ "type": "Feature", "properties": { "id": 112986, "nach": 0.48593009001452514 }, "geometry": { "type": "LineString", "coordinates": [ [ -2.2102373, 53.3486379 ], [ -2.210324, 53.3484734 ] ] } },
{ "type": "Feature", "properties": { "id": 112985, "nach": 0.42261547479146816 }, "geometry": { "type": "LineString", "coordinates": [ [ -2.2100094, 53.3484141 ], [ -2.210324, 53.3484734 ] ] } },
{ "type": "Feature", "properties": { "id": 112991, "nach": 0.41324365947734476 }, "geometry": { "type": "LineString", "coordinates": [ [ -2.2109612, 53.3479778 ], [ -2.2106247, 53.3479123 ] ] } },
{ "type": "Feature", "properties": { "id": 166379, "nach": 0.40957959628964768 }, "geometry": { "type": "LineString", "coordinates": [ [ -2.2104307, 53.3476797 ], [ -2.2103345, 53.3478559 ], [ -2.2106247, 53.3479123 ] ] } },
{ "type": "Feature", "properties": { "id": 112989, "nach": 0.4202711019185959 }, "geometry": { "type": "LineString", "coordinates": [ [ -2.2104259, 53.348677 ], [ -2.2102373, 53.3486379 ] ] } },
{ "type": "Feature", "properties": { "id": 112990, "nach": 0.40975091268098696 }, "geometry": { "type": "LineString", "coordinates": [ [ -2.2097966, 53.3489475 ], [ -2.2098674, 53.3488185 ], [ -2.2100034, 53.348845 ], [ -2.2101537, 53.3487883 ], [ -2.2102373, 53.3486379 ] ] } },
{ "type": "Feature", "properties": { "id": 167331, "nach": 0.42320498312049526 }, "geometry": { "type": "LineString", "coordinates": [ [ -2.2074631, 53.3464938 ], [ -2.2075718, 53.3466488 ] ] } },
{ "type": "Feature", "properties": { "id": 167334, "nach": 0.41863843192921413 }, "geometry": { "type": "LineString", "coordinates": [ [ -2.2076573, 53.3465537 ], [ -2.2078226, 53.3465145 ], [ -2.2077618, 53.3464251 ], [ -2.2074631, 53.3464938 ] ] } },
{ "type": "Feature", "properties": { "id": 160530, "nach": 0.34751533463328493 }, "geometry": { "type": "LineString", "coordinates": [ [ -2.2041852, 53.3543799 ], [ -2.2036757, 53.3544396 ], [ -2.2036025, 53.3544443 ], [ -2.2032693, 53.354441 ], [ -2.2029398, 53.3544388 ], [ -2.2028844, 53.3544387 ], [ -2.2027838, 53.3544416 ], [ -2.2027265, 53.3548532 ], [ -2.2020751, 53.3548278 ], [ -2.2020751, 53.3547325 ] ] } },
{ "type": "Feature", "properties": { "id": 160529, "nach": 0.45915218098475696 }, "geometry": { "type": "LineString", "coordinates": [ [ -2.2041852, 53.3543799 ], [ -2.2043344, 53.3543585 ] ] } },
{ "type": "Feature", "properties": { "id": 160532, "nach": 0.40194305477712294 }, "geometry": { "type": "LineString", "coordinates": [ [ -2.2043748, 53.3542124 ], [ -2.2041598, 53.3543072 ], [ -2.2041852, 53.3543799 ] ] } },
{ "type": "Feature", "properties": { "id": 120478, "nach": 0.41989872515882792 }, "geometry": { "type": "LineString", "coordinates": [ [ -2.2181178, 53.3550765 ], [ -2.2179986, 53.354951 ] ] } },
{ "type": "Feature", "properties": { "id": 120479, "nach": 0.42047184466527193 }, "geometry": { "type": "LineString", "coordinates": [ [ -2.2179005, 53.3548485 ], [ -2.2179986, 53.354951 ] ] } },
{ "type": "Feature", "properties": { "id": 153170, "nach": 0.068155807728887255 }, "geometry": { "type": "LineString", "coordinates": [ [ -2.216491, 53.3536704 ], [ -2.2166326, 53.3538699 ] ] } },
{ "type": "Feature", "properties": { "id": 168508, "nach": 0.42143552628894609 }, "geometry": { "type": "LineString", "coordinates": [ [ -2.2180747, 53.3609512 ], [ -2.218182, 53.360828900000016 ] ] } },
{ "type": "Feature", "properties": { "id": 168512, "nach": 0.37805541190501285 }, "geometry": { "type": "LineString", "coordinates": [ [ -2.218288, 53.3608682 ], [ -2.218182, 53.360828900000016 ] ] } },
{ "type": "Feature", "properties": { "id": 126523, "nach": 0.0 }, "geometry": { "type": "LineString", "coordinates": [ [ -2.2170711, 53.361109700000014 ], [ -2.2172927, 53.3607875 ], [ -2.2174715, 53.360575100000013 ], [ -2.218182, 53.360828900000016 ] ] } },
{ "type": "Feature", "properties": { "id": 168511, "nach": 0.37984537456527273 }, "geometry": { "type": "LineString", "coordinates": [ [ -2.2181758, 53.3609889 ], [ -2.2180747, 53.3609512 ] ] } },
{ "type": "Feature", "properties": { "id": 168513, "nach": 0.37537856471274067 }, "geometry": { "type": "LineString", "coordinates": [ [ -2.216965, 53.3610732 ], [ -2.2170711, 53.361109700000014 ] ] } },
{ "type": "Feature", "properties": { "id": 126526, "nach": 0.41903233217797398 }, "geometry": { "type": "LineString", "coordinates": [ [ -2.2173233, 53.3612282 ], [ -2.2173046, 53.3611922 ], [ -2.2170711, 53.361109700000014 ] ] } },
{ "type": "Feature", "properties": { "id": 168523, "nach": 0.50311876170107539 }, "geometry": { "type": "LineString", "coordinates": [ [ -2.2175436, 53.3611979 ], [ -2.2173233, 53.3612282 ] ] } },
{ "type": "Feature", "properties": { "id": 168517, "nach": 0.47400517682867654 }, "geometry": { "type": "LineString", "coordinates": [ [ -2.2171422, 53.361297300000011 ], [ -2.217162, 53.3612773 ], [ -2.2172034, 53.3612538 ], [ -2.2172528, 53.3612408 ], [ -2.2173233, 53.3612282 ] ] } },
{ "type": "Feature", "properties": { "id": 168526, "nach": 0.37822847549426936 }, "geometry": { "type": "LineString", "coordinates": [ [ -2.2177459, 53.3609467 ], [ -2.2175312, 53.361153300000012 ], [ -2.2175436, 53.3611979 ] ] } },
{ "type": "Feature", "properties": { "id": 168527, "nach": 0.44240055241028764 }, "geometry": { "type": "LineString", "coordinates": [ [ -2.2171013, 53.3613385 ], [ -2.2171422, 53.361297300000011 ] ] } },
{ "type": "Feature", "properties": { "id": 168518, "nach": 0.37394157556046059 }, "geometry": { "type": "LineString", "coordinates": [ [ -2.2168643, 53.3611973 ], [ -2.2171422, 53.361297300000011 ] ] } },
{ "type": "Feature", "properties": { "id": 126627, "nach": 0.50814426305846716 }, "geometry": { "type": "LineString", "coordinates": [ [ -2.2063766, 53.3520647 ], [ -2.2061356, 53.352075 ] ] } },
{ "type": "Feature", "properties": { "id": 126625, "nach": 0.41141842020751196 }, "geometry": { "type": "LineString", "coordinates": [ [ -2.206161, 53.352285 ], [ -2.2061356, 53.352075 ] ] } },
{ "type": "Feature", "properties": { "id": 126630, "nach": 0.40603520821518657 }, "geometry": { "type": "LineString", "coordinates": [ [ -2.2065914, 53.3520555 ], [ -2.2067516, 53.3520487 ] ] } },
{ "type": "Feature", "properties": { "id": 126631, "nach": 0.47496942126984104 }, "geometry": { "type": "LineString", "coordinates": [ [ -2.2065914, 53.3520555 ], [ -2.2063766, 53.3520647 ] ] } },
{ "type": "Feature", "properties": { "id": 126633, "nach": 0.40529466351512961 }, "geometry": { "type": "LineString", "coordinates": [ [ -2.2066095, 53.3521937 ], [ -2.2065914, 53.3520555 ] ] } },
{ "type": "Feature", "properties": { "id": 126629, "nach": 0.40770362582111086 }, "geometry": { "type": "LineString", "coordinates": [ [ -2.206396, 53.3522489 ], [ -2.2063766, 53.3520647 ] ] } },
{ "type": "Feature", "properties": { "id": 126666, "nach": 0.49737531813803093 }, "geometry": { "type": "LineString", "coordinates": [ [ -2.2043538, 53.3546096 ], [ -2.204354, 53.3544155 ], [ -2.2043344, 53.3543585 ] ] } },
{ "type": "Feature", "properties": { "id": 126664, "nach": 0.46257554792239675 }, "geometry": { "type": "LineString", "coordinates": [ [ -2.2043538, 53.3546096 ], [ -2.2043355, 53.354749200000015 ] ] } },
{ "type": "Feature", "properties": { "id": 126667, "nach": 0.40055456124582373 }, "geometry": { "type": "LineString", "coordinates": [ [ -2.2045898, 53.3546079 ], [ -2.2043538, 53.3546096 ] ] } },
{ "type": "Feature", "properties": { "id": 126663, "nach": 0.39620322207950209 }, "geometry": { "type": "LineString", "coordinates": [ [ -2.2045891, 53.3547483 ], [ -2.2043355, 53.354749200000015 ] ] } },
{ "type": "Feature", "properties": { "id": 145700, "nach": 0.38597924838526165 }, "geometry": { "type": "LineString", "coordinates": [ [ -2.2049515, 53.3548946 ], [ -2.2043206, 53.3548968 ], [ -2.2043226, 53.3547824 ], [ -2.2043355, 53.354749200000015 ] ] } },
{ "type": "Feature", "properties": { "id": 128624, "nach": 0.38574729504756866 }, "geometry": { "type": "LineString", "coordinates": [ [ -2.1990774, 53.3602849 ], [ -2.1990597, 53.3602241 ] ] } },
{ "type": "Feature", "properties": { "id": 128623, "nach": 0.38475770383360336 }, "geometry": { "type": "LineString", "coordinates": [ [ -2.1990224, 53.360096 ], [ -2.1990597, 53.3602241 ] ] } },
{ "type": "Feature", "properties": { "id": 159514, "nach": 0.45338906756184094 }, "geometry": { "type": "LineString", "coordinates": [ [ -2.1988771, 53.3602471 ], [ -2.1990597, 53.3602241 ] ] } },
{ "type": "Feature", "properties": { "id": 159512, "nach": 0.44866368889297037 }, "geometry": { "type": "LineString", "coordinates": [ [ -2.1988771, 53.3602471 ], [ -2.1989649, 53.3605071 ] ] } },
{ "type": "Feature", "properties": { "id": 159517, "nach": 0.50336118320759926 }, "geometry": { "type": "LineString", "coordinates": [ [ -2.1987891, 53.3602582 ], [ -2.1988771, 53.3602471 ] ] } },
{ "type": "Feature", "properties": { "id": 159126, "nach": 0.38221232017791029 }, "geometry": { "type": "LineString", "coordinates": [ [ -2.1989649, 53.3605071 ], [ -2.199005, 53.3606253 ] ] } },
{ "type": "Feature", "properties": { "id": 159128, "nach": 0.38009793732237701 }, "geometry": { "type": "LineString", "coordinates": [ [ -2.1989649, 53.3605071 ], [ -2.1990791, 53.3605026 ], [ -2.1991394, 53.3605198 ], [ -2.199227, 53.3606782 ], [ -2.1992428, 53.3607265 ] ] } },
{ "type": "Feature", "properties": { "id": 165912, "nach": 0.21291225652115328 }, "geometry": { "type": "LineString", "coordinates": [ [ -2.1985718, 53.3605242 ], [ -2.1986207, 53.360518800000015 ], [ -2.1986273, 53.3605419 ], [ -2.1989649, 53.3605071 ] ] } },
{ "type": "Feature", "properties": { "id": 166406, "nach": 0.54096769627413333 }, "geometry": { "type": "LineString", "coordinates": [ [ -2.2118176, 53.348543399999983 ], [ -2.2117384, 53.3486921 ] ] } },
{ "type": "Feature", "properties": { "id": 129054, "nach": 0.42697810503900679 }, "geometry": { "type": "LineString", "coordinates": [ [ -2.2117218, 53.3487248 ], [ -2.2117384, 53.3486921 ] ] } },
{ "type": "Feature", "properties": { "id": 166405, "nach": 0.42040983759006512 }, "geometry": { "type": "LineString", "coordinates": [ [ -2.2118176, 53.348543399999983 ], [ -2.2119019, 53.348385 ] ] } },
{ "type": "Feature", "properties": { "id": 166407, "nach": 0.5193075973416108 }, "geometry": { "type": "LineString", "coordinates": [ [ -2.2118176, 53.348543399999983 ], [ -2.211876, 53.3485546 ] ] } },
{ "type": "Feature", "properties": { "id": 129055, "nach": 0.0 }, "geometry": { "type": "LineString", "coordinates": [ [ -2.2117218, 53.3487248 ], [ -2.211947, 53.3487675 ], [ -2.2118525, 53.348945 ], [ -2.2117402, 53.3489508 ], [ -2.2116143, 53.3489269 ], [ -2.2117218, 53.3487248 ] ] } },
{ "type": "Feature", "properties": { "id": 130660, "nach": 0.17706210874475933 }, "geometry": { "type": "LineString", "coordinates": [ [ -2.2052747, 53.3466782 ], [ -2.2053149, 53.3467566 ], [ -2.2052908, 53.3467935 ], [ -2.2051969, 53.3468319 ], [ -2.2049233, 53.3468895 ], [ -2.2048214, 53.34689920000001 ] ] } },
{ "type": "Feature", "properties": { "id": 130662, "nach": 0.39468890326903283 }, "geometry": { "type": "LineString", "coordinates": [ [ -2.2052747, 53.3466782 ], [ -2.2054732, 53.346649400000018 ], [ -2.20555710000001, 53.346632 ], [ -2.205736, 53.3465901 ], [ -2.2058111, 53.3467134 ] ] } },
{ "type": "Feature", "properties": { "id": 130665, "nach": 0.4457425365460434 }, "geometry": { "type": "LineString", "coordinates": [ [ -2.2042903, 53.346713399999985 ], [ -2.2042903, 53.3467518 ], [ -2.2043118, 53.3467775 ], [ -2.2043654, 53.3468031 ], [ -2.2044835, 53.34681590000001 ], [ -2.204631, 53.3468367 ], [ -2.20472750000001, 53.3468831 ], [ -2.2048214, 53.34689920000001 ] ] } },
{ "type": "Feature", "properties": { "id": 130658, "nach": 0.40292537166832337 }, "geometry": { "type": "LineString", "coordinates": [ [ -2.2048214, 53.34689920000001 ], [ -2.20482680000001, 53.3469392 ], [ -2.204867, 53.3470064 ] ] } },
{ "type": "Feature", "properties": { "id": 158330, "nach": 0.47768263679262496 }, "geometry": { "type": "LineString", "coordinates": [ [ -2.2068854, 53.358776 ], [ -2.2073224, 53.35872530000001 ], [ -2.2076725, 53.3586994 ] ] } },
{ "type": "Feature", "properties": { "id": 134141, "nach": 0.46459221086780367 }, "geometry": { "type": "LineString", "coordinates": [ [ -2.2090837, 53.3586623 ], [ -2.2088888, 53.3586649 ], [ -2.2077154, 53.3586962 ], [ -2.2076725, 53.3586994 ] ] } },
{ "type": "Feature", "properties": { "id": 159584, "nach": 0.34821530976972431 }, "geometry": { "type": "LineString", "coordinates": [ [ -2.2079761, 53.3592514 ], [ -2.2077441, 53.3593123 ], [ -2.2077226, 53.359269 ], [ -2.2077279, 53.359153 ], [ -2.2077248, 53.3590454 ], [ -2.207731, 53.3589783 ], [ -2.2076971, 53.3588239 ], [ -2.2076725, 53.3586994 ] ] } },
{ "type": "Feature", "properties": { "id": 168928, "nach": 0.37860979871251749 }, "geometry": { "type": "LineString", "coordinates": [ [ -2.2069392, 53.3586646 ], [ -2.2068854, 53.358776 ] ] } },
{ "type": "Feature", "properties": { "id": 134140, "nach": 0.42593820911987651 }, "geometry": { "type": "LineString", "coordinates": [ [ -2.2090837, 53.3586623 ], [ -2.2091825, 53.3586611 ] ] } },
{ "type": "Feature", "properties": { "id": 159579, "nach": 0.4105679548095843 }, "geometry": { "type": "LineString", "coordinates": [ [ -2.2090976, 53.3587276 ], [ -2.2090864, 53.3587123 ], [ -2.2090837, 53.3586623 ] ] } },
{ "type": "Feature", "properties": { "id": 134139, "nach": 0.34739901333007822 }, "geometry": { "type": "LineString", "coordinates": [ [ -2.2096566, 53.3582391 ], [ -2.2096012, 53.3582593 ], [ -2.2095457, 53.358275 ], [ -2.2095118, 53.3582833 ], [ -2.2094872, 53.358299800000012 ], [ -2.2092561, 53.35854710000001 ], [ -2.2091825, 53.3586611 ] ] } },
{ "type": "Feature", "properties": { "id": 159578, "nach": 0.34693112753390704 }, "geometry": { "type": "LineString", "coordinates": [ [ -2.2090976, 53.3587276 ], [ -2.2091063, 53.358752 ], [ -2.2091114, 53.3587722 ], [ -2.2091178, 53.3588163 ], [ -2.2091163, 53.3588457 ], [ -2.2091024, 53.3588761 ], [ -2.209087, 53.3588972 ], [ -2.2090877, 53.3589146 ], [ -2.2091286, 53.3589818 ], [ -2.2091637, 53.359027500000018 ], [ -2.2092858, 53.359185 ] ] } },
{ "type": "Feature", "properties": { "id": 159582, "nach": 0.39487979961972453 }, "geometry": { "type": "LineString", "coordinates": [ [ -2.2092262, 53.3587294 ], [ -2.2091998, 53.3587352 ], [ -2.2091667, 53.3587378 ], [ -2.2091301, 53.3587357 ], [ -2.2090976, 53.3587276 ] ] } },
{ "type": "Feature", "properties": { "id": 159581, "nach": 0.35084198484364981 }, "geometry": { "type": "LineString", "coordinates": [ [ -2.2092262, 53.3587294 ], [ -2.2092535, 53.358748 ], [ -2.2092858, 53.35878 ], [ -2.2093458, 53.3588227 ], [ -2.2093998, 53.3588568 ], [ -2.2095236, 53.3589721 ] ] } },
{ "type": "Feature", "properties": { "id": 159895, "nach": 0.38367268105955349 }, "geometry": { "type": "LineString", "coordinates": [ [ -2.1953222, 53.35853190000001 ], [ -2.1956536, 53.3585767 ], [ -2.1956955, 53.358569 ], [ -2.1957227, 53.358550700000016 ], [ -2.1958702, 53.358158 ] ] } },
{ "type": "Feature", "properties": { "id": 142736, "nach": 0.39643366433281829 }, "geometry": { "type": "LineString", "coordinates": [ [ -2.2119946, 53.3556398 ], [ -2.212031, 53.3557658 ], [ -2.2120119, 53.3557834 ], [ -2.2119358, 53.3558071 ], [ -2.2119167, 53.3558185 ] ] } },
{ "type": "Feature", "properties": { "id": 142737, "nach": 0.3943035621329527 }, "geometry": { "type": "LineString", "coordinates": [ [ -2.2114961, 53.3557183 ], [ -2.2117454, 53.3556925 ], [ -2.2117731, 53.3557038 ], [ -2.2118042, 53.3557854 ], [ -2.2118215, 53.35579580000001 ], [ -2.2118562, 53.3558061 ], [ -2.2119167, 53.3558185 ] ] } },
{ "type": "Feature", "properties": { "id": 142745, "nach": 0.40551213394266766 }, "geometry": { "type": "LineString", "coordinates": [ [ -2.2126642, 53.3556384 ], [ -2.2126891, 53.3557316 ] ] } },
{ "type": "Feature", "properties": { "id": 142744, "nach": 0.40533235829633601 }, "geometry": { "type": "LineString", "coordinates": [ [ -2.2127126, 53.3558502 ], [ -2.2126884, 53.3557458 ], [ -2.2126891, 53.3557316 ] ] } },
{ "type": "Feature", "properties": { "id": 166549, "nach": 0.42648582883889846 }, "geometry": { "type": "LineString", "coordinates": [ [ -2.2069589, 53.3501288 ], [ -2.2069598, 53.349974 ], [ -2.2070675, 53.3499742 ], [ -2.2072233, 53.3499735 ] ] } },
{ "type": "Feature", "properties": { "id": 167409, "nach": 0.57230851696371676 }, "geometry": { "type": "LineString", "coordinates": [ [ -2.2149524, 53.3485756 ], [ -2.2148381, 53.3485745 ] ] } },
{ "type": "Feature", "properties": { "id": 165909, "nach": 0.38800260458134761 }, "geometry": { "type": "LineString", "coordinates": [ [ -2.1988714, 53.3600597 ], [ -2.1987442, 53.360082 ] ] } },
{ "type": "Feature", "properties": { "id": 159516, "nach": 0.51157428564936758 }, "geometry": { "type": "LineString", "coordinates": [ [ -2.1987442, 53.360082 ], [ -2.1987757, 53.360135 ], [ -2.198792, 53.360174700000016 ], [ -2.1987992, 53.3602038 ], [ -2.1987891, 53.3602582 ] ] } },
{ "type": "Feature", "properties": { "id": 188410, "nach": 0.39752422794285575 }, "geometry": { "type": "LineString", "coordinates": [ [ -2.2190821, 53.3579899 ], [ -2.2188662, 53.35800720000001 ] ] } },
{ "type": "Feature", "properties": { "id": 188413, "nach": 0.51491497894606675 }, "geometry": { "type": "LineString", "coordinates": [ [ -2.2190821, 53.3579899 ], [ -2.2191402, 53.3582566 ], [ -2.2191887, 53.35844 ], [ -2.2192027, 53.3585344 ] ] } },
{ "type": "Feature", "properties": { "id": 157380, "nach": 0.52352151912516276 }, "geometry": { "type": "LineString", "coordinates": [ [ -2.20723430000001, 53.349419800000014 ], [ -2.2072094, 53.3492141 ], [ -2.2072528, 53.3491604 ] ] } },
{ "type": "Feature", "properties": { "id": 168109, "nach": 0.61365311008334256 }, "geometry": { "type": "LineString", "coordinates": [ [ -2.2072444, 53.348888 ], [ -2.2072528, 53.3491604 ] ] } },
{ "type": "Feature", "properties": { "id": 159138, "nach": 0.39187530008008092 }, "geometry": { "type": "LineString", "coordinates": [ [ -2.1977768, 53.359709299999984 ], [ -2.1979257, 53.3597083 ] ] } },
{ "type": "Feature", "properties": { "id": 159137, "nach": 0.39187530008008092 }, "geometry": { "type": "LineString", "coordinates": [ [ -2.1981376, 53.3597069 ], [ -2.1979257, 53.3597083 ] ] } },
{ "type": "Feature", "properties": { "id": 165911, "nach": 0.42718093107487648 }, "geometry": { "type": "LineString", "coordinates": [ [ -2.1985718, 53.3605242 ], [ -2.1985551, 53.3603953 ] ] } },
{ "type": "Feature", "properties": { "id": 159889, "nach": 0.46487361123079618 }, "geometry": { "type": "LineString", "coordinates": [ [ -2.1985523, 53.3603309 ], [ -2.1985551, 53.3603953 ] ] } },
{ "type": "Feature", "properties": { "id": 159112, "nach": 0.36319806272488164 }, "geometry": { "type": "LineString", "coordinates": [ [ -2.1983795, 53.3613102 ], [ -2.1984238, 53.36125890000001 ], [ -2.1984761, 53.3611365 ], [ -2.1984895, 53.361034 ], [ -2.1984627, 53.3609516 ], [ -2.1984036, 53.360874 ], [ -2.1983057, 53.360781100000011 ], [ -2.1982588, 53.3606691 ], [ -2.1982266, 53.3605867 ], [ -2.1982333, 53.36050740000001 ], [ -2.1982555, 53.3604717 ], [ -2.1982927, 53.3604374 ], [ -2.1983625, 53.3604058 ], [ -2.1984705, 53.3603821 ], [ -2.1985114, 53.3603894 ], [ -2.1985551, 53.3603953 ] ] } },
{ "type": "Feature", "properties": { "id": 165910, "nach": 0.38368145458550584 }, "geometry": { "type": "LineString", "coordinates": [ [ -2.1985718, 53.3605242 ], [ -2.1985759, 53.360537500000014 ] ] } },
{ "type": "Feature", "properties": { "id": 159518, "nach": 0.26454838085238308 }, "geometry": { "type": "LineString", "coordinates": [ [ -2.1987891, 53.3602582 ], [ -2.1987727, 53.3602742 ], [ -2.1987516, 53.3602898 ], [ -2.1987251, 53.3603018 ], [ -2.1986946, 53.360313 ], [ -2.1986624, 53.360320500000014 ], [ -2.1986255, 53.360327099999985 ], [ -2.198589, 53.3603306 ], [ -2.1985523, 53.3603309 ] ] } },
{ "type": "Feature", "properties": { "id": 159330, "nach": 0.39335572768208255 }, "geometry": { "type": "LineString", "coordinates": [ [ -2.2197991, 53.3585682 ], [ -2.219916, 53.3585951 ] ] } },
{ "type": "Feature", "properties": { "id": 159329, "nach": 0.49688830832032205 }, "geometry": { "type": "LineString", "coordinates": [ [ -2.2197991, 53.3585682 ], [ -2.2198194, 53.3585286 ] ] } },
{ "type": "Feature", "properties": { "id": 159327, "nach": 0.38265926004185524 }, "geometry": { "type": "LineString", "coordinates": [ [ -2.2198194, 53.3585286 ], [ -2.2202124, 53.358507800000012 ], [ -2.2202271, 53.3587063 ], [ -2.220612, 53.3586999 ], [ -2.2206121, 53.3587107 ] ] } },
{ "type": "Feature", "properties": { "id": 159337, "nach": 0.47283790949323645 }, "geometry": { "type": "LineString", "coordinates": [ [ -2.219758, 53.3584057 ], [ -2.2197725, 53.3585306 ], [ -2.2198194, 53.3585286 ] ] } },
{ "type": "Feature", "properties": { "id": 159338, "nach": 0.39313437191254036 }, "geometry": { "type": "LineString", "coordinates": [ [ -2.2197933, 53.3584028 ], [ -2.219758, 53.3584057 ] ] } },
{ "type": "Feature", "properties": { "id": 159919, "nach": 0.4630125017548149 }, "geometry": { "type": "LineString", "coordinates": [ [ -2.2040826, 53.3513498 ], [ -2.2040838, 53.3514019 ] ] } },
{ "type": "Feature", "properties": { "id": 159918, "nach": 0.41844541227742649 }, "geometry": { "type": "LineString", "coordinates": [ [ -2.2041702, 53.351577199999987 ], [ -2.2040878, 53.3515772 ], [ -2.2040838, 53.3514019 ] ] } },
{ "type": "Feature", "properties": { "id": 159922, "nach": 0.42081376403142651 }, "geometry": { "type": "LineString", "coordinates": [ [ -2.2040993, 53.3513498 ], [ -2.2040826, 53.3513498 ] ] } },
{ "type": "Feature", "properties": { "id": 160933, "nach": 0.37896755436625729 }, "geometry": { "type": "LineString", "coordinates": [ [ -2.202526, 53.3495117 ], [ -2.2027605, 53.3495105 ], [ -2.2029197, 53.3495097 ], [ -2.2031645, 53.3495084 ] ] } },
{ "type": "Feature", "properties": { "id": 160937, "nach": 0.43605610309998044 }, "geometry": { "type": "LineString", "coordinates": [ [ -2.2031598, 53.3492953 ], [ -2.2031645, 53.3495084 ] ] } },
{ "type": "Feature", "properties": { "id": 187291, "nach": 0.31358716404573334 }, "geometry": { "type": "LineString", "coordinates": [ [ -2.2043188, 53.362709 ], [ -2.2043198, 53.3627684 ], [ -2.2043552, 53.3631473 ], [ -2.2043545, 53.3633875 ], [ -2.2043167, 53.36353 ], [ -2.2043029, 53.3635455 ], [ -2.2042824, 53.3635626 ], [ -2.2042401, 53.3635762 ] ] } },
{ "type": "Feature", "properties": { "id": 187293, "nach": 0.27008629607732987 }, "geometry": { "type": "LineString", "coordinates": [ [ -2.2057036, 53.3621185 ], [ -2.2056818, 53.3621729 ], [ -2.2052874, 53.3622723 ], [ -2.2049947, 53.3625683 ], [ -2.2043188, 53.362709 ] ] } },
{ "type": "Feature", "properties": { "id": 187295, "nach": 0.068308721814386825 }, "geometry": { "type": "LineString", "coordinates": [ [ -2.2057036, 53.3621185 ], [ -2.2060897, 53.362318 ], [ -2.2063336, 53.3624685 ], [ -2.2066792, 53.3623811 ], [ -2.2068906, 53.362271899999989 ], [ -2.2068621, 53.362034199999989 ], [ -2.2067645, 53.3616751 ], [ -2.2068337, 53.3615393 ], [ -2.2067754, 53.3613116 ], [ -2.2065152, 53.3612655 ], [ -2.2062022, 53.3611612 ], [ -2.2060152, 53.3610496 ], [ -2.2055395, 53.3609453 ], [ -2.2055049, 53.3608952 ] ] } },
{ "type": "Feature", "properties": { "id": 163775, "nach": 0.52745049180022585 }, "geometry": { "type": "LineString", "coordinates": [ [ -2.2155701, 53.350045 ], [ -2.2156047, 53.3501882 ] ] } },
{ "type": "Feature", "properties": { "id": 163777, "nach": 0.46846244225200523 }, "geometry": { "type": "LineString", "coordinates": [ [ -2.2162907, 53.34998010000001 ], [ -2.2155701, 53.350045 ] ] } },
{ "type": "Feature", "properties": { "id": 163765, "nach": 0.52779432443359542 }, "geometry": { "type": "LineString", "coordinates": [ [ -2.2156047, 53.3501882 ], [ -2.2156527, 53.3503868 ] ] } },
{ "type": "Feature", "properties": { "id": 163778, "nach": 0.0 }, "geometry": { "type": "LineString", "coordinates": [ [ -2.2162907, 53.34998010000001 ], [ -2.2163357, 53.350132900000013 ], [ -2.2162754, 53.3501873 ], [ -2.216038, 53.3502129 ], [ -2.2159012, 53.3501625 ], [ -2.2156047, 53.3501882 ] ] } },
{ "type": "Feature", "properties": { "id": 163770, "nach": 0.3917282455399676 }, "geometry": { "type": "LineString", "coordinates": [ [ -2.2167193, 53.3503202 ], [ -2.2160916, 53.3503762 ], [ -2.2160098, 53.3503522 ], [ -2.2156527, 53.3503868 ] ] } },
{ "type": "Feature", "properties": { "id": 163781, "nach": 0.39516671492846633 }, "geometry": { "type": "LineString", "coordinates": [ [ -2.21665910000001, 53.3500845 ], [ -2.2167193, 53.3503202 ] ] } },
{ "type": "Feature", "properties": { "id": 163786, "nach": 0.4366575460888803 }, "geometry": { "type": "LineString", "coordinates": [ [ -2.2168178, 53.3505564 ], [ -2.2167622, 53.3503382 ], [ -2.2167193, 53.3503202 ] ] } },
{ "type": "Feature", "properties": { "id": 180354, "nach": 0.38759033778962604 }, "geometry": { "type": "LineString", "coordinates": [ [ -2.2128694, 53.3638888 ], [ -2.2129094, 53.3640257 ], [ -2.2129388, 53.364379100000015 ], [ -2.2129714, 53.3646436 ], [ -2.2130992, 53.3648156 ], [ -2.213353, 53.3649402 ], [ -2.213629, 53.3649898 ], [ -2.2141792, 53.36502680000001 ] ] } },
{ "type": "Feature", "properties": { "id": 180355, "nach": 0.25485595441736508 }, "geometry": { "type": "LineString", "coordinates": [ [ -2.2128694, 53.3638888 ], [ -2.212991, 53.3636976 ], [ -2.2130439, 53.3635858 ], [ -2.2133162, 53.3636356 ], [ -2.2134762, 53.363663399999986 ], [ -2.2136133, 53.3636972 ], [ -2.2137614, 53.363758899999986 ], [ -2.213832, 53.3638358 ], [ -2.213862, 53.3639473 ], [ -2.2138834, 53.3641112 ], [ -2.2139127, 53.3642859 ], [ -2.2140057, 53.3643974 ], [ -2.21423, 53.3645048 ], [ -2.2145803, 53.364536700000016 ] ] } },
{ "type": "Feature", "properties": { "id": 185126, "nach": 0.3765384199420122 }, "geometry": { "type": "LineString", "coordinates": [ [ -2.2108573, 53.3646149 ], [ -2.2116639, 53.3647489 ], [ -2.2117817, 53.364558 ], [ -2.211838300000011, 53.3644001 ], [ -2.2119031, 53.3642171 ], [ -2.2119712, 53.3640162 ], [ -2.2120307, 53.3639203 ], [ -2.2121565, 53.3638296 ], [ -2.2123429, 53.3637608 ], [ -2.2126832, 53.3637422 ], [ -2.2128694, 53.3638888 ] ] } },
{ "type": "Feature", "properties": { "id": 164106, "nach": 0.2728302053051751 }, "geometry": { "type": "LineString", "coordinates": [ [ -2.2107243, 53.363884 ], [ -2.2104276, 53.3630754 ] ] } },
{ "type": "Feature", "properties": { "id": 164103, "nach": 0.17590031803425477 }, "geometry": { "type": "LineString", "coordinates": [ [ -2.2156636, 53.3636948 ], [ -2.2156697, 53.3635747 ], [ -2.2156067, 53.3635707 ], [ -2.2154887, 53.3635563 ], [ -2.2152553, 53.3635291 ], [ -2.2150864, 53.3634843 ], [ -2.2149683, 53.3634251 ], [ -2.2149093, 53.3633642 ], [ -2.2145875, 53.3631642 ], [ -2.2143005, 53.363140199999982 ], [ -2.2138794, 53.3629401 ], [ -2.2127507, 53.3629744 ], [ -2.2104276, 53.3630754 ] ] } },
{ "type": "Feature", "properties": { "id": 164446, "nach": 0.13648201808787391 }, "geometry": { "type": "LineString", "coordinates": [ [ -2.2050252, 53.363743200000016 ], [ -2.2052685, 53.3633418 ], [ -2.2054961, 53.3628081 ], [ -2.2062808, 53.3628251 ], [ -2.2072361, 53.3629828 ], [ -2.2084842, 53.3628566 ], [ -2.2099519, 53.3627086 ], [ -2.2102608, 53.3627353 ], [ -2.2104276, 53.3630754 ] ] } },
{ "type": "Feature", "properties": { "id": 187874, "nach": 0.26955447051718107 }, "geometry": { "type": "LineString", "coordinates": [ [ -2.21197120000001, 53.3637757 ], [ -2.2107243, 53.363884 ] ] } },
{ "type": "Feature", "properties": { "id": 187296, "nach": 0.3016486396007208 }, "geometry": { "type": "LineString", "coordinates": [ [ -2.2089127, 53.3640415 ], [ -2.2107243, 53.363884 ] ] } },
{ "type": "Feature", "properties": { "id": 185127, "nach": 0.35415484677896697 }, "geometry": { "type": "LineString", "coordinates": [ [ -2.2108573, 53.3646149 ], [ -2.2108408, 53.3644616 ], [ -2.210822, 53.3643274 ], [ -2.2107599, 53.364051800000013 ], [ -2.2107243, 53.363884 ] ] } },
{ "type": "Feature", "properties": { "id": 164448, "nach": 0.26477890491587036 }, "geometry": { "type": "LineString", "coordinates": [ [ -2.2073128, 53.3640867 ], [ -2.2064299, 53.3639648 ], [ -2.2057084, 53.3638463 ], [ -2.2050252, 53.363743200000016 ] ] } },
{ "type": "Feature", "properties": { "id": 167655, "nach": 0.290399415949051 }, "geometry": { "type": "LineString", "coordinates": [ [ -2.2042401, 53.3635762 ], [ -2.2043684, 53.3636196 ], [ -2.2045188, 53.3636574 ], [ -2.2048225, 53.3637166 ], [ -2.2050252, 53.363743200000016 ] ] } },
{ "type": "Feature", "properties": { "id": 187297, "nach": 0.2743441390337355 }, "geometry": { "type": "LineString", "coordinates": [ [ -2.2089127, 53.3640415 ], [ -2.2082149, 53.3641 ], [ -2.207386, 53.3640968 ], [ -2.2073128, 53.3640867 ] ] } },
{ "type": "Feature", "properties": { "id": 166374, "nach": 0.43730823652193945 }, "geometry": { "type": "LineString", "coordinates": [ [ -2.2107786, 53.3490537 ], [ -2.2109129, 53.3491018 ] ] } },
{ "type": "Feature", "properties": { "id": 166376, "nach": 0.43606364457584751 }, "geometry": { "type": "LineString", "coordinates": [ [ -2.2107786, 53.3490537 ], [ -2.2106447, 53.3491858 ] ] } },
{ "type": "Feature", "properties": { "id": 166378, "nach": 0.43606364457584751 }, "geometry": { "type": "LineString", "coordinates": [ [ -2.2109961, 53.3490665 ], [ -2.2108271, 53.3490057 ], [ -2.2107786, 53.3490537 ] ] } },
{ "type": "Feature", "properties": { "id": 166386, "nach": 0.0 }, "geometry": { "type": "LineString", "coordinates": [ [ -2.2092245, 53.350377200000011 ], [ -2.2092691, 53.3502725 ], [ -2.2090417, 53.3502379 ], [ -2.2089646, 53.3504187 ], [ -2.2091921, 53.3504532 ], [ -2.2092245, 53.350377200000011 ] ] } },
{ "type": "Feature", "properties": { "id": 166389, "nach": 0.40015340050073356 }, "geometry": { "type": "LineString", "coordinates": [ [ -2.2121278, 53.3476916 ], [ -2.2123679, 53.347738599999985 ], [ -2.212502, 53.3475088 ] ] } },
{ "type": "Feature", "properties": { "id": 166391, "nach": 0.4036596449938033 }, "geometry": { "type": "LineString", "coordinates": [ [ -2.2122673, 53.3474568 ], [ -2.2121278, 53.3476916 ] ] } },
{ "type": "Feature", "properties": { "id": 166403, "nach": 0.41746397413887093 }, "geometry": { "type": "LineString", "coordinates": [ [ -2.212042, 53.3485867 ], [ -2.2119711, 53.3487157 ] ] } },
{ "type": "Feature", "properties": { "id": 166402, "nach": 0.41608875791351152 }, "geometry": { "type": "LineString", "coordinates": [ [ -2.212042, 53.3485867 ], [ -2.2121361, 53.3484155 ] ] } },
{ "type": "Feature", "properties": { "id": 166404, "nach": 0.48628237740422936 }, "geometry": { "type": "LineString", "coordinates": [ [ -2.212042, 53.3485867 ], [ -2.211876, 53.3485546 ] ] } },
{ "type": "Feature", "properties": { "id": 166399, "nach": 0.42019465919637672 }, "geometry": { "type": "LineString", "coordinates": [ [ -2.211876, 53.3485546 ], [ -2.2118075, 53.3486861 ] ] } },
{ "type": "Feature", "properties": { "id": 167039, "nach": 0.39515380007075551 }, "geometry": { "type": "LineString", "coordinates": [ [ -2.2029173, 53.3584143 ], [ -2.2026433, 53.3584027 ] ] } },
{ "type": "Feature", "properties": { "id": 167354, "nach": 0.41757726530620654 }, "geometry": { "type": "LineString", "coordinates": [ [ -2.2150073, 53.3536065 ], [ -2.2154775, 53.353578700000014 ], [ -2.2154019, 53.3532661 ], [ -2.2154425, 53.353259799999989 ] ] } },
{ "type": "Feature", "properties": { "id": 168528, "nach": 0.37348178234906432 }, "geometry": { "type": "LineString", "coordinates": [ [ -2.2171013, 53.3613385 ], [ -2.2170269, 53.3614135 ], [ -2.216757, 53.361323 ] ] } },
{ "type": "Feature", "properties": { "id": 168530, "nach": 0.37377310058363805 }, "geometry": { "type": "LineString", "coordinates": [ [ -2.2171472, 53.3614897 ], [ -2.217248, 53.361394 ], [ -2.2171013, 53.3613385 ] ] } },
{ "type": "Feature", "properties": { "id": 173421, "nach": 0.32595408209876126 }, "geometry": { "type": "LineString", "coordinates": [ [ -2.2154185, 53.3645368 ], [ -2.2154124, 53.3638452 ] ] } },
{ "type": "Feature", "properties": { "id": 179053, "nach": 0.37414171528665208 }, "geometry": { "type": "LineString", "coordinates": [ [ -2.2069656, 53.352742700000015 ], [ -2.207514, 53.352652 ], [ -2.207351, 53.3522683 ] ] } },
{ "type": "Feature", "properties": { "id": 186490, "nach": 0.36659332377020198 }, "geometry": { "type": "LineString", "coordinates": [ [ -2.2154396, 53.3624475 ], [ -2.2154912, 53.362356700000014 ], [ -2.2155234, 53.3623519 ], [ -2.2155502, 53.3623183 ] ] } },
{ "type": "Feature", "properties": { "id": 186492, "nach": 0.36659332377020198 }, "geometry": { "type": "LineString", "coordinates": [ [ -2.2153042, 53.362596 ], [ -2.2153558, 53.3625704 ], [ -2.2154396, 53.3624475 ] ] } },
{ "type": "Feature", "properties": { "id": 158497, "nach": 0.58001839535761734 }, "geometry": { "type": "LineString", "coordinates": [ [ -2.201137828255845, 53.353490659955895 ], [ -2.201336212341293, 53.353512075572247 ] ] } },
{ "type": "Feature", "properties": { "id": 156089, "nach": 0.61404051773835633 }, "geometry": { "type": "LineString", "coordinates": [ [ -2.201663087213842, 53.350999700957665 ], [ -2.201836589822746, 53.351004517917538 ] ] } },
{ "type": "Feature", "properties": { "id": 71418, "nach": 0.51220531212583087 }, "geometry": { "type": "LineString", "coordinates": [ [ -2.199478378589633, 53.355689969673449 ], [ -2.193916875309225, 53.353930249191052 ] ] } },
{ "type": "Feature", "properties": { "id": 71418, "nach": 0.51220531212583087 }, "geometry": { "type": "LineString", "coordinates": [ [ -2.203054802554921, 53.356792659847542 ], [ -2.200622933328774, 53.35605263211972 ] ] } },
{ "type": "Feature", "properties": { "id": 131649, "nach": 0.68892666297938099 }, "geometry": { "type": "LineString", "coordinates": [ [ -2.202948799704434, 53.356904986062176 ], [ -2.203054802554921, 53.356792659847542 ] ] } },
{ "type": "Feature", "properties": { "id": 131649, "nach": 0.68892666297938099 }, "geometry": { "type": "LineString", "coordinates": [ [ -2.203054802554921, 53.356792659847542 ], [ -2.203147105709632, 53.356699737377589 ] ] } },
{ "type": "Feature", "properties": { "id": 71418, "nach": 0.51220531212583087 }, "geometry": { "type": "LineString", "coordinates": [ [ -2.200622933328774, 53.35605263211972 ], [ -2.199590209542245, 53.355725664212962 ] ] } },
{ "type": "Feature", "properties": { "id": 71373, "nach": 0.4775474382884955 }, "geometry": { "type": "LineString", "coordinates": [ [ -2.200691685791494, 53.355954584060697 ], [ -2.200622933328774, 53.35605263211972 ] ] } },
{ "type": "Feature", "properties": { "id": 71418, "nach": 0.51220531212583087 }, "geometry": { "type": "LineString", "coordinates": [ [ -2.199590209542245, 53.355725664212962 ], [ -2.199478378589633, 53.355689969673449 ] ] } },
{ "type": "Feature", "properties": { "id": 111744, "nach": 0.60326789645875234 }, "geometry": { "type": "LineString", "coordinates": [ [ -2.199590209542245, 53.355725664212962 ], [ -2.199655138223229, 53.355625745947947 ] ] } },
{ "type": "Feature", "properties": { "id": 71374, "nach": 0.50484939706285015 }, "geometry": { "type": "LineString", "coordinates": [ [ -2.199478378589633, 53.355689969673449 ], [ -2.199555566399117, 53.355594199317459 ] ] } },
{ "type": "Feature", "properties": { "id": 131649, "nach": 0.68892666297938099 }, "geometry": { "type": "LineString", "coordinates": [ [ -2.202924960446826, 53.356941260205041 ], [ -2.202948799704434, 53.356904986062176 ] ] } },
{ "type": "Feature", "properties": { "id": 156899, "nach": 0.39634165098082902 }, "geometry": { "type": "LineString", "coordinates": [ [ -2.202924960446826, 53.356941260205041 ], [ -2.20688309499121, 53.357570387951839 ] ] } },
{ "type": "Feature", "properties": { "id": 131649, "nach": 0.68892666297938099 }, "geometry": { "type": "LineString", "coordinates": [ [ -2.203147105709632, 53.356699737377589 ], [ -2.203269649901261, 53.356585389373386 ] ] } },
{ "type": "Feature", "properties": { "id": 71424, "nach": 0.47791481954456261 }, "geometry": { "type": "LineString", "coordinates": [ [ -2.200691685791494, 53.355954584060697 ], [ -2.203147105709632, 53.356699737377589 ] ] } },
{ "type": "Feature", "properties": { "id": 145330, "nach": 0.55397422839957822 }, "geometry": { "type": "LineString", "coordinates": [ [ -2.20688309499121, 53.357570387951839 ], [ -2.206919663060539, 53.357514173997259 ] ] } },
{ "type": "Feature", "properties": { "id": 71424, "nach": 0.47791481954456261 }, "geometry": { "type": "LineString", "coordinates": [ [ -2.199555566399117, 53.355594199317459 ], [ -2.199655138223229, 53.355625745947947 ] ] } },
{ "type": "Feature", "properties": { "id": 71424, "nach": 0.47791481954456261 }, "geometry": { "type": "LineString", "coordinates": [ [ -2.199655138223229, 53.355625745947947 ], [ -2.200691685791494, 53.355954584060697 ] ] } },
{ "type": "Feature", "properties": { "id": 145330, "nach": 0.55397422839957822 }, "geometry": { "type": "LineString", "coordinates": [ [ -2.206919663060539, 53.357514173997259 ], [ -2.207005038259381, 53.357382931073943 ] ] } },
{ "type": "Feature", "properties": { "id": 70440, "nach": 0.43877358946443723 }, "geometry": { "type": "LineString", "coordinates": [ [ -2.218809658350859, 53.356671251533243 ], [ -2.218719021900654, 53.35668341702641 ] ] } },
{ "type": "Feature", "properties": { "id": 106409, "nach": 0.59119568988481175 }, "geometry": { "type": "LineString", "coordinates": [ [ -2.218768586271556, 53.356566145790708 ], [ -2.218809658350859, 53.356671251533243 ] ] } },
{ "type": "Feature", "properties": { "id": 70440, "nach": 0.43877358946443723 }, "geometry": { "type": "LineString", "coordinates": [ [ -2.218719021900654, 53.35668341702641 ], [ -2.218621847427562, 53.356696459988122 ] ] } },
{ "type": "Feature", "properties": { "id": 71403, "nach": 0.66077837256445893 }, "geometry": { "type": "LineString", "coordinates": [ [ -2.218719021900654, 53.35668341702641 ], [ -2.218679681688718, 53.356578371899047 ] ] } },
{ "type": "Feature", "properties": { "id": 78535, "nach": 0.51272580924265732 }, "geometry": { "type": "LineString", "coordinates": [ [ -2.218582145168412, 53.356591784982221 ], [ -2.218621847427562, 53.356696459988122 ] ] } },
{ "type": "Feature", "properties": { "id": 71420, "nach": 0.50244891118358226 }, "geometry": { "type": "LineString", "coordinates": [ [ -2.218582145168412, 53.356591784982221 ], [ -2.218679681688718, 53.356578371899047 ] ] } },
{ "type": "Feature", "properties": { "id": 71420, "nach": 0.50244891118358226 }, "geometry": { "type": "LineString", "coordinates": [ [ -2.218679681688718, 53.356578371899047 ], [ -2.218768586271556, 53.356566145790708 ] ] } }
]
}
