country,region_id,authority_id,auth_name_e,old_park_id,new_park_id
England,E12000002,E08000003,Manchester,MANCH_4113e5ddde76,0faf0dbf76e2
England,E12000002,E08000003,Manchester,MANCH_09357ef52698,7a56075a2e34
England,E12000002,E08000003,Manchester,MANCH_af607b5823e1,f3dd4c3ec639
England,E12000002,E08000003,Manchester,MANCH_3612f0510917;MANCH_7ca207c54e1b,4744f0726c5d
England,E12000002,E08000003,Manchester,MANCH_400af8f5f4d1,bdf6ff5e698f
England,E12000002,E08000003,Manchester,MANCH_0597145579a1,8139cf36b75e
England,E12000002,E08000003,Manchester,MANCH_9f48a44eab65;MANCH_ec54b37684d0;MANCH_b1fc245051a0,e73c3a93cc05
England,E12000002,E08000003,Manchester,MANCH_4beba20ffd02,9416071f1c12
England,E12000002,E08000003,Manchester,MANCH_d1d978221d53;MANCH_e1b4b7dc2f00,88dbfdc5b1b2
England,E12000002,E08000003,Manchester,MANCH_05bdb58c302c,a71c6ebeaccc
England,E12000002,E08000003,Manchester,MANCH_5861417c9106,2bdba682f85c
England,E12000002,E08000003,Manchester,MANCH_10d537915dec,0f80c6ffd6a7
England,E12000002,E08000003,Manchester,MANCH_4738b31fa491,669bafc3c8e9
England,E12000002,E08000003,Manchester,MANCH_8580ea82973b;MANCH_706a5a1b07c1,d105f70a362b
England,E12000002,E08000003,Manchester,MANCH_ccbb55e06cfc;MANCH_961eeeb60920,08e3ce681f06
England,E12000002,E08000003,Manchester,MANCH_5c0639fe2370;MANCH_253ec8a12d05,0adae826a7f0
England,E12000002,E08000003,Manchester,MANCH_4417c414d526;MANCH_76b995e00f88;MANCH_5529ef824757;MANCH_4f764b5eff76,758cef833333
England,E12000002,E08000003,Manchester,MANCH_957f7d3a2468,e6f13d5fcc01
England,E12000002,E08000003,Manchester,MANCH_1033bc18330e,90d1af082194
England,E12000002,E08000003,Manchester,MANCH_196cf89123a6,79596ede6b3a
England,E12000002,E08000003,Manchester,MANCH_c1d0587eac91;MANCH_19c56f9ebc2c,107b7b90ccb5
England,E12000002,E08000003,Manchester,MANCH_35daa4f5830b;MANCH_73c9b6362c6d,6fb0179c3445
England,E12000002,E08000003,Manchester,MANCH_a17b7de26e5b;MANCH_55a219fe235d,e65970910f32
England,E12000002,E08000003,Manchester,MANCH_bf1068304b31,9df993d6145b
England,E12000002,E08000003,Manchester,MANCH_2c0ac4704cdd,ba8ac93fe18f
England,E12000002,E08000003,Manchester,MANCH_81b5ef5ad155;MANCH_8fa73fe7dcca,d3575032c8a2
England,E12000002,E08000003,Manchester,MANCH_48cac01fb02e;MANCH_e9ab58f7e3bb,8afdc5fc4c47
England,E12000002,E08000003,Manchester,MANCH_d09a20e39853;MANCH_a74029603ffb,acff8e31e0a1
England,E12000002,E08000003,Manchester,MANCH_13cca7e9fb8d;MANCH_bd4870c8c272,9e0946559f91
England,E12000002,E08000003,Manchester,MANCH_1660db407cf5,3f97c3f6554c
England,E12000002,E08000003,Manchester,MANCH_5af367a3e953,c91c18e6fa70
England,E12000002,E08000003,Manchester,MANCH_6158cfa7c5b1;MANCH_8d1a7052578c,92be53901dc9
England,E12000002,E08000003,Manchester,MANCH_1c45780565ac;MANCH_feaeb41698cf,c3560d0724dd
England,E12000002,E08000003,Manchester,MANCH_91c77e9f27c0,913d0f67195d
England,E12000002,E08000003,Manchester,MANCH_bed7550a16dc;MANCH_8df3e62d79fc,34dc8004666d
England,E12000002,E08000003,Manchester,MANCH_8f0ac9c176d5;MANCH_0b1b01760e84,cf49f4a080e1
England,E12000002,E08000003,Manchester,MANCH_5ebbae821b66,eee5cca4c4d8
England,E12000002,E08000003,Manchester,MANCH_84cc91c42bd9,4c49c77c3a89
England,E12000002,E08000003,Manchester,MANCH_9326a18b6b7f;MANCH_9a2b131a4252,33d308443c61
England,E12000002,E08000003,Manchester,MANCH_b9b11edd983d,51ba68fa87bf
England,E12000002,E08000003,Manchester,MANCH_d518e2eaef97,dc87d2d16f71
England,E12000002,E08000003,Manchester,MANCH_a9658be7bb9a;MANCH_00d8c7a1188b,cf185b7b4288
England,E12000002,E08000003,Manchester,MANCH_a4afcac0c7bf;MANCH_b57ac01d9480,84a485d2f0c5
England,E12000002,E08000003,Manchester,MANCH_67bb02334f7d;MANCH_22c01267d463,cce9090b6f86
England,E12000002,E08000003,Manchester,MANCH_bff6261381b7;MANCH_84147c1ab9dc,124456f6801f
England,E12000002,E08000003,Manchester,MANCH_aae9992a26e8;MANCH_ad66995be94e,6f31e05cae7d
England,E12000002,E08000003,Manchester,MANCH_07dcad2511c0;MANCH_12a2b271773b,929f8c20a8dc
England,E12000002,E08000003,Manchester,MANCH_313c359d305b,dac047ce121a
England,E12000002,E08000003,Manchester,MANCH_46a7986d5954;MANCH_2b2a275f1bb2,a2babdf35857
England,E12000002,E08000003,Manchester,MANCH_9c56afffe2ea,630dfa765436
England,E12000002,E08000003,Manchester,MANCH_92176cb56038;MANCH_e850629027f5,7ea399604689
England,E12000002,E08000003,Manchester,MANCH_11ae1cdde332;MANCH_8959ea51707b,bacc492fee52
England,E12000002,E08000003,Manchester,MANCH_790cc3534457;MANCH_31e65d22177d,d0403b313ade
England,E12000002,E08000003,Manchester,MANCH_a946bca41351;MANCH_48d5017334ca,fe43a1e9b388
England,E12000002,E08000003,Manchester,MANCH_5b6c67c79976;MANCH_5020cf3314e4,76c289edb096
England,E12000002,E08000003,Manchester,MANCH_2393e632913d;MANCH_11b1c4cea9dc,2e6fab3af4ea
England,E12000002,E08000003,Manchester,MANCH_f7b4461ff11e;MANCH_b306a9a7ad6a,7b08b6b91ee1
England,E12000002,E08000003,Manchester,MANCH_440c037d26f5;MANCH_4bca356c9c19;MANCH_b5f9749a471a,a756ceb99af7
England,E12000002,E08000003,Manchester,MANCH_eb900428d5c4;MANCH_86f962e77b67,f4f598fe28ad
England,E12000002,E08000003,Manchester,MANCH_88a0e361ee4c;MANCH_c2dcf435a3d6,09c45e610835
England,E12000002,E08000003,Manchester,MANCH_54f56ff94ab6;MANCH_38d69ed49a88,84473df5bc11
England,E12000002,E08000003,Manchester,MANCH_3ca310e830d1;MANCH_e8a5c6ce46b3,9bc1dda71b7b
England,E12000002,E08000003,Manchester,MANCH_adc11454c16c;MANCH_de9643e09525;MANCH_e059aa832932;MANCH_c8058aea335b;MANCH_1316d2aa287a;MANCH_de7e3ad27937;MANCH_2d6885fb2a5e,e896effe97e3
England,E12000002,E08000003,Manchester,MANCH_de01209d3a46;MANCH_e9bc4aa462ab,cd1cecfb897b
England,E12000002,E08000003,Manchester,MANCH_c6d7c4c6ced0;MANCH_4571b42c7991,044e7885229d
England,E12000002,E08000003,Manchester,MANCH_0c229303074f;MANCH_f0efdf7c1ecb,53ee14e733b9
England,E12000002,E08000003,Manchester,MANCH_d9f5f9065432;MANCH_2178bca9249c,5b35a132abab
England,E12000002,E08000003,Manchester,MANCH_d215ea4a9d39;MANCH_cfbf7ec941ab,621a7800c39d
England,E12000002,E08000003,Manchester,MANCH_cc4d40fa3b5c,8c343e0dfd0e
England,E12000002,E08000003,Manchester,MANCH_0b736574e22c;MANCH_95cc93346928,1a9211a64648
England,E12000002,E08000003,Manchester,MANCH_c6d904f3a521;MANCH_aa2a9088798c;MANCH_e6d2462579c6,006587e04e43
England,E12000002,E08000003,Manchester,MANCH_da0f26d48fc3,0ff108c3b2b0
England,E12000002,E08000003,Manchester,MANCH_a4f5e68be88b,a35e3d39b1bf
England,E12000002,E08000003,Manchester,MANCH_53a23fca3abb;MANCH_fe3a8897d335,354068a34ee1
England,E12000002,E08000003,Manchester,MANCH_ddc2396eee68;MANCH_ff45def5993d,74d2789342bf
England,E12000002,E08000003,Manchester,MANCH_42dc8f08a75f;MANCH_d42ea56f9bbd,182b59885665
England,E12000002,E08000003,Manchester,MANCH_a124a0d0536f,4aaa891929fa
England,E12000002,E08000003,Manchester,MANCH_4435edf59ea5;MANCH_ce00842c6aa1;MANCH_2ff387f1bdb9,d72f437f7991
England,E12000002,E08000003,Manchester,MANCH_5a28be7bdc60;MANCH_c1876e137d76;MANCH_39e32e6e6813,3bae3c2bdd21
England,E12000002,E08000003,Manchester,MANCH_8881ad41adc6;MANCH_25400fd93b92,53042830907e
England,E12000002,E08000003,Manchester,MANCH_65e1e80b4060;MANCH_a69c0bc9751f,c49a569abb9e
England,E12000002,E08000003,Manchester,MANCH_c6f7562ef624;MANCH_201f581e4a70,c0e97da82e59
England,E12000002,E08000003,Manchester,MANCH_5aca1051a06a;MANCH_0efdff0404ab,f85487dec960
England,E12000002,E08000003,Manchester,MANCH_bd1cef4f5a8e;MANCH_35af50b8428a,aeb0803e1567
England,E12000002,E08000003,Manchester,MANCH_b97d48894890;MANCH_c3305c2b9070,66c4ce4c4925
England,E12000002,E08000003,Manchester,MANCH_40e6737d3d17;MANCH_99c26941b141,505fd8515966
England,E12000002,E08000003,Manchester,MANCH_1f4366edfbef;MANCH_af1447001e2d,c55d4a74bae7
England,E12000002,E08000003,Manchester,MANCH_ec87c570da9d;MANCH_89b2a1345ae7,aecfb205abd2
England,E12000002,E08000003,Manchester,MANCH_ff2f7128d40c;MANCH_38a868bacec7,c98c5afe9ac9
England,E12000002,E08000003,Manchester,MANCH_43c60c98fe76;MANCH_831ad8275936;MANCH_35c9062a3ad1;MANCH_17ab2b96909e;MANCH_1c34194c18ed,8daacd0e2f1d
England,E12000002,E08000003,Manchester,MANCH_3d19c1cd9c38;MANCH_ba6802d2e31b;MANCH_b287e604bb59;MANCH_ff32327391c1,7f8adaf3abd1
England,E12000002,E08000003,Manchester,MANCH_33924f244e37;MANCH_5413692e049a;MANCH_07072554033e;MANCH_13f7f633af05;MANCH_9f6e4c16718a,f33a8bc8ff5d
England,E12000002,E08000003,Manchester,MANCH_69bb4fb840fa;MANCH_d1093a9a59ca,52e09ecfa416
England,E12000002,E08000003,Manchester,MANCH_d67682782dea;MANCH_41dcfa98a5ab,dc645b57cff7
England,E12000002,E08000003,Manchester,MANCH_df3aff7c9581;MANCH_96a065e595d7;MANCH_b7e39ad69217;MANCH_df09fe4977ba,7d84ef3c0ca5
England,E12000002,E08000003,Manchester,MANCH_36bd267025e6;MANCH_de01a107a0e5,482f15e979d7
England,E12000002,E08000003,Manchester,MANCH_c3d8b31fc0f6;MANCH_f5e7a2cb2199,d25751a333b4
England,E12000002,E08000003,Manchester,MANCH_51a12ac67c11;MANCH_b90b98d627b3,afa48c99dce8
England,E12000002,E08000003,Manchester,MANCH_76825c15d57b;MANCH_232213b95048,e25a54c3bcca
England,E12000002,E08000003,Manchester,MANCH_9b3527434490;MANCH_46ef5838af63,fa79d527cd05
England,E12000002,E08000003,Manchester,MANCH_900f378df0e0;MANCH_f015d0ae1bee,2b2f66bb8c06
England,E12000002,E08000003,Manchester,MANCH_5be236a01012;MANCH_876a244661f5,df047e8f12a6
England,E12000002,E08000003,Manchester,MANCH_95f47fa1fe93;MANCH_2c9759d0c2dc,91deaac0d13f
England,E12000002,E08000003,Manchester,MANCH_3f630188a659,30ea11f7b458
England,E12000002,E08000003,Manchester,MANCH_da4f3d1de0c7,44e289ceff72
England,E12000002,E08000003,Manchester,MANCH_7249c9adeff3,a9be7111dc8e
England,E12000002,E08000003,Manchester,MANCH_5ad431394b0f,02c51609a634
England,E12000002,E08000003,Manchester,MANCH_7d9913618ce0,c3a2e97651bc
England,E12000002,E08000003,Manchester,MANCH_03e674718d21,f9e0ad0bcca5
England,E12000002,E08000003,Manchester,MANCH_b51327d2ec9d;MANCH_6b588cd9418d,5853a00e94db
England,E12000002,E08000003,Manchester,MANCH_df3b8c8cb7c7,16ff3113b65b
England,E12000002,E08000003,Manchester,MANCH_fee00457c66c,00d722ed1c03
England,E12000002,E08000003,Manchester,MANCH_10f05eafeba2;MANCH_be2800da7306;MANCH_1df29e2e67fd,10f6a6789b1e
England,E12000002,E08000003,Manchester,MANCH_ebc8188cff0b,d667141521bb
England,E12000002,E08000003,Manchester,MANCH_a8c0b7381b9d;MANCH_86d7d498bf09,216189343fd9
England,E12000002,E08000003,Manchester,MANCH_937062cfd4ba,effcdec851a6
England,E12000002,E08000003,Manchester,MANCH_f40825353f9d,df50beac6145
England,E12000002,E08000003,Manchester,MANCH_c93b6d51b87f,137b9867cd94
England,E12000002,E08000003,Manchester,MANCH_2fbf062dc444,e346f0b7f7f7
England,E12000002,E08000003,Manchester,MANCH_8709af009100;MANCH_3f42ab3d74e8,3b572c6d3a34
England,E12000002,E08000003,Manchester,MANCH_db1f8084a9d1,611c6ecffe9a
England,E12000002,E08000003,Manchester,MANCH_5cbea8e850d7;MANCH_02ea4c1e7c31,18793a82b8aa
England,E12000002,E08000003,Manchester,MANCH_b1c17bd57ef0;MANCH_a7cb8cf2a8b2,fa810f846f96
England,E12000002,E08000003,Manchester,MANCH_7d3498c13917,ff54b74f3147
England,E12000002,E08000003,Manchester,MANCH_85fa2c389713,daddf866f0ad
England,E12000002,E08000003,Manchester,MANCH_b33157cc9555,6955d290e5e0
England,E12000002,E08000003,Manchester,MANCH_92209332d03c;MANCH_ee762eeafc01;MANCH_2a0d91bc4059;MANCH_56cfd2fe26f3,ce05d430619f
England,E12000002,E08000003,Manchester,MANCH_1d59bc7a2271,5484a2fac9de
England,E12000002,E08000003,Manchester,MANCH_0a1596413fc4;MANCH_e336fd647df6,8a6eee4ee0c2
England,E12000002,E08000003,Manchester,MANCH_0e1a0c2ac34c;MANCH_ade2962c97bb,6c195ff619de
England,E12000002,E08000003,Manchester,MANCH_6c3070e468d6,fb5e2f9ad896
England,E12000002,E08000003,Manchester,MANCH_7d274e5b895c,6de031888090
England,E12000002,E08000003,Manchester,MANCH_658f6695dae4,9a6fe68acec6
England,E12000002,E08000003,Manchester,MANCH_0b21a18c03ca,454839e7c441
England,E12000002,E08000003,Manchester,MANCH_0d3dc196b273,b3d6d5b0c8a1
England,E12000002,E08000003,Manchester,MANCH_1bf8f98dd502,32b6fa60e672
England,E12000002,E08000003,Manchester,MANCH_e5b091d7b3a3,8e4b6fdfbf64
England,E12000002,E08000003,Manchester,MANCH_36635f70dd10,88633f69119d
England,E12000002,E08000003,Manchester,MANCH_191693921ce7,b350e28cc0b0
England,E12000002,E08000003,Manchester,MANCH_4ee8e26addd2,1cb737730b32
England,E12000002,E08000003,Manchester,MANCH_892ceac4fb5d,3ad8b53fd56b
England,E12000002,E08000003,Manchester,MANCH_56cefabe9a77,b622c318177c
England,E12000002,E08000003,Manchester,MANCH_bab099f260d2,2d0d29bc227d
England,E12000002,E08000003,Manchester,MANCH_51986564d359,75812d120605
England,E12000002,E08000003,Manchester,MANCH_72d29eb7e8c6,ccea9e51b1e4
England,E12000002,E08000003,Manchester,MANCH_7e90c402d175,a626ed01b16b
England,E12000002,E08000003,Manchester,MANCH_ab319595c7f3,74bd06c90849
England,E12000002,E08000003,Manchester,MANCH_438c9aaacf4a,a0a3468e589f
England,E12000002,E08000003,Manchester,MANCH_d4ef82c4d553,22b324a0f0e6
England,E12000002,E08000003,Manchester,MANCH_4d14c1cee875,2b9cec1a3d10
England,E12000002,E08000003,Manchester,MANCH_d30f0e610726,433eb0df8fd1
England,E12000002,E08000003,Manchester,MANCH_c4619fb00922,71842ad6e631
England,E12000002,E08000003,Manchester,MANCH_0a8be93bfd94,b0c438bb2c8d
England,E12000002,E08000003,Manchester,MANCH_668ccff5d84f,8f2001c2592c
England,E12000002,E08000003,Manchester,MANCH_7d6562a2cc0a,462d9dd8ca21
England,E12000002,E08000003,Manchester,MANCH_3dbdb21c2153,9464edc7aa5d
England,E12000002,E08000003,Manchester,MANCH_33caabe41689,6c5d362618b0
England,E12000002,E08000003,Manchester,MANCH_305f0dd0d73f,f52ba4ec265d
England,E12000002,E08000003,Manchester,MANCH_6101854fcf36,10a65a0cf155
England,E12000002,E08000003,Manchester,MANCH_425746e78f20,cd58ad2b5b9c
England,E12000002,E08000003,Manchester,MANCH_5fd6c54c64bf,166148933e19
England,E12000002,E08000003,Manchester,MANCH_48561babb7d2,8d7a58519142
England,E12000002,E08000003,Manchester,MANCH_551764cbe115,dad9f368b811
England,E12000002,E08000003,Manchester,MANCH_fc1eb5b200f3,250c3cfad9fa
England,E12000002,E08000003,Manchester,MANCH_bd82044815d1,ad6136add798
England,E12000002,E08000003,Manchester,MANCH_bd46c57d52a3,0b68ac47dd2e
England,E12000002,E08000003,Manchester,MANCH_c26f14decc03,e004b3e52b7c
England,E12000002,E08000003,Manchester,MANCH_2bcafcd70ac5,755a1ba4593e
England,E12000002,E08000003,Manchester,MANCH_47d66c289a19,89a62d49b9fa
England,E12000002,E08000003,Manchester,MANCH_d011383cbbba,dc14ec505358
England,E12000002,E08000003,Manchester,MANCH_cdfa546cd211,9179ba892a26
England,E12000002,E08000003,Manchester,MANCH_9c4af365b22c,30b6810ec0e7
England,E12000002,E08000003,Manchester,MANCH_eccd50104d72,09d1f8ce139a
England,E12000002,E08000003,Manchester,MANCH_fc3cbf481219,43ecdccee7d0
England,E12000002,E08000003,Manchester,MANCH_51e82321deb5,4528a6fffef5
England,E12000002,E08000003,Manchester,MANCH_a873125e7608,4b381597b703
England,E12000002,E08000003,Manchester,MANCH_0ecd69f93734,a2be543d5ec9
England,E12000002,E08000003,Manchester,MANCH_94f906c77dc2,9627d847ad86
England,E12000002,E08000003,Manchester,MANCH_9159078b50cf,1ca71929eb48
England,E12000002,E08000003,Manchester,MANCH_cbe3e9938a8a,8df21ce1192b
England,E12000002,E08000003,Manchester,MANCH_04e0ebcca4e4,0f30b09d8a19
England,E12000002,E08000003,Manchester,MANCH_9852c4073281,89a9439dfb14
England,E12000002,E08000003,Manchester,MANCH_3948dea77c1f,b4d7d5831c43
England,E12000002,E08000003,Manchester,MANCH_6c4449875c3b,3bd1cee501b4
England,E12000002,E08000003,Manchester,MANCH_4dd59b75c782,5802fe415476
England,E12000002,E08000003,Manchester,MANCH_f6354418a7e4,6527043d6447
England,E12000002,E08000003,Manchester,MANCH_e2ff4c7f64bc;MANCH_10a92d1cd0e3;MANCH_cb76a80f04f7;MANCH_a3771fac8624;MANCH_639390fc45c2;MANCH_31075de19e7a;MANCH_d099da981c84;MANCH_0c2c8f7987a3;MANCH_35e048b6c9d7;MANCH_94beebeb6292;MANCH_a6f4b4429b01;MANCH_f799d63a1306;MANCH_4b0b6599a1a1;MANCH_1b8ee2449b60;MANCH_0d4e9d1e75db;MANCH_2ebe25fbc854,705de29bc83d
England,E12000002,E08000003,Manchester,MANCH_fe40b846cce9,ea3f44a5262b
England,E12000002,E08000003,Manchester,MANCH_79259ad4730d,f65f617a8c09
England,E12000002,E08000003,Manchester,MANCH_575c2ee03824,57cca99f10cf
England,E12000002,E08000003,Manchester,MANCH_93544638f691,3d5d5da6c43d
England,E12000002,E08000003,Manchester,MANCH_8bdf14451b8a,0d71179b4191
England,E12000002,E08000003,Manchester,MANCH_7cdeb61c45d8,dd51a75a36e3
England,E12000002,E08000003,Manchester,MANCH_18537d7924fd,c2ce28517705
England,E12000002,E08000003,Manchester,MANCH_9eb6972a7d57,af9f22feb3b2
England,E12000002,E08000003,Manchester,MANCH_239b4d6b7460,d5a013ddaffc
England,E12000002,E08000003,Manchester,MANCH_4193a806371c,c5fbfc9df0ee
England,E12000002,E08000003,Manchester,MANCH_79b1d2faed01,ec42861de486
England,E12000002,E08000003,Manchester,MANCH_2883cf470844,4a4c359521e2
England,E12000002,E08000003,Manchester,MANCH_3363fcac4a60,1d9470f4e4ce
England,E12000002,E08000003,Manchester,MANCH_06403dd52dc6,96e894e93153
England,E12000002,E08000003,Manchester,MANCH_006f9d3f62fa,e405dad37a27
England,E12000002,E08000003,Manchester,MANCH_81bc1dcc27dc,297c2cbd148b
England,E12000002,E08000003,Manchester,MANCH_15828d6fcad8,6b38eb008693
England,E12000002,E08000003,Manchester,MANCH_2fe96f7c95cf,68dc50f11cd7
England,E12000002,E08000003,Manchester,MANCH_b73a053389c1,0e9f8cf74c53
England,E12000002,E08000003,Manchester,MANCH_cb3a3ea23885,28e57f518caa
England,E12000002,E08000003,Manchester,MANCH_5bf20586fc49,43eeec201926
England,E12000002,E08000003,Manchester,MANCH_836222110201,4be2b0850594
England,E12000002,E08000003,Manchester,MANCH_556fea6ee9b9,5bc04b47ec10
England,E12000002,E08000003,Manchester,MANCH_8a6270ad5f4f,9e7c0056c673
England,E12000002,E08000003,Manchester,MANCH_e340d13df670,83e122fe087b
England,E12000002,E08000003,Manchester,MANCH_4a9aad9f81a1,dc372fb5b700
England,E12000002,E08000003,Manchester,MANCH_a32fd59290db,579c38e74532
England,E12000002,E08000003,Manchester,MANCH_364c7bfc18ae,74ee449b0e62
England,E12000002,E08000003,Manchester,MANCH_9c24b4e47167,e1e878e68ed9
England,E12000002,E08000003,Manchester,MANCH_60638c80116c,0a7dbc7d9545
England,E12000002,E08000003,Manchester,MANCH_ec7afe3ac585,87e79a26b531
England,E12000002,E08000003,Manchester,MANCH_0dfbf3f736dc,29d4d93d3f06
England,E12000002,E08000003,Manchester,MANCH_859e3d504ea4,b15a7deca982
England,E12000002,E08000003,Manchester,MANCH_16c6d34f38fd,8d79e192a4ee
England,E12000002,E08000003,Manchester,MANCH_362dea78a5ff,e4b50741ecf1
England,E12000002,E08000003,Manchester,MANCH_c7948bfbc344,17e06ff197ba
England,E12000002,E08000003,Manchester,MANCH_be08842a0a8b,2184f5a7b8f8
England,E12000002,E08000003,Manchester,MANCH_36f1930897de,811ba9bfc200
England,E12000002,E08000003,Manchester,MANCH_d7f0d1d3d51d,78f0e9be6d3d
England,E12000002,E08000003,Manchester,MANCH_c1973e8d795f,2a17a4dc7582
England,E12000002,E08000003,Manchester,MANCH_bb712a3cb481,6fbed4fe1ac4
England,E12000002,E08000003,Manchester,MANCH_293f34af7e01,0513758fcbbb
England,E12000002,E08000003,Manchester,MANCH_136f1e7e000c,0a580976da17
England,E12000002,E08000003,Manchester,MANCH_2edfa670fccf,043e569c0f2a
England,E12000002,E08000003,Manchester,MANCH_bed85beb70c7,f42e34614c05
England,E12000002,E08000003,Manchester,MANCH_09e3bdce6d01,9b2bf4c286a1
England,E12000002,E08000003,Manchester,MANCH_929cf873e99a,1fee8ada2331
England,E12000002,E08000003,Manchester,MANCH_5bad165449bd,c356698fc1c8
England,E12000002,E08000003,Manchester,MANCH_307a90775ac9,c13547539c42
England,E12000002,E08000003,Manchester,MANCH_99d4ffe73ae9,b114fc329c62
England,E12000002,E08000003,Manchester,MANCH_e93390e0a706,43506161a7a0
England,E12000002,E08000003,Manchester,MANCH_90823d59131b,b4617f41bbff
England,E12000002,E08000003,Manchester,MANCH_7a9e17acd572,2f55390e2522
England,E12000002,E08000003,Manchester,MANCH_14a6414e9525,644a5d98caef
England,E12000002,E08000003,Manchester,MANCH_6f06ea2af781,3e232ee9febb
England,E12000002,E08000003,Manchester,MANCH_c3d892cdee6c,17d618d2a6d2
England,E12000002,E08000003,Manchester,MANCH_2534f4286ab6,cea3d5ad5729
England,E12000002,E08000003,Manchester,MANCH_60566d6c1937,e46cda601a5f
England,E12000002,E08000003,Manchester,MANCH_aad14616fd3e,9527d1865dad
England,E12000002,E08000003,Manchester,MANCH_5cc5d3125760,44f7ad650204
England,E12000002,E08000003,Manchester,MANCH_d141252644fa,4bf9ae6fbbf9
England,E12000002,E08000003,Manchester,MANCH_a8ce3df71cb5,7485a4233efd
England,E12000002,E08000003,Manchester,MANCH_fe4350bffb75,a1f4a5bc0ac5
England,E12000002,E08000003,Manchester,MANCH_7658c75bd808,c21b6323254a
England,E12000002,E08000003,Manchester,MANCH_8595d0a06cf5,47738ffcb083
England,E12000002,E08000003,Manchester,MANCH_809a1b8acfcf,24c56386bcfc
England,E12000002,E08000003,Manchester,MANCH_db3d871dccf9,4dccd637e7c9
England,E12000002,E08000003,Manchester,MANCH_0667ccbba2d1,22614adbb721
England,E12000002,E08000003,Manchester,MANCH_6afe8b102804,2bd41c704233
England,E12000002,E08000003,Manchester,MANCH_c9f009d66081,22046c944294
England,E12000002,E08000003,Manchester,MANCH_af154146ce56,1ae0cdc8054c
England,E12000002,E08000003,Manchester,MANCH_924604035b26,17418057b153
England,E12000002,E08000003,Manchester,MANCH_08c0bc9924df,45c4bcf2b290
England,E12000002,E08000003,Manchester,MANCH_c286c61f9be7,dc9f5f16de57
England,E12000002,E08000003,Manchester,MANCH_d76581eae377,b26cb3169460
England,E12000002,E08000003,Manchester,MANCH_7297c6ae2dac,b4b242144752
England,E12000002,E08000003,Manchester,MANCH_12abe976c622,97180e7109ef
England,E12000002,E08000003,Manchester,MANCH_6ea38ab3d90b,d171466190a0
England,E12000002,E08000003,Manchester,MANCH_a68168788a48,c10a88482f3d
England,E12000002,E08000003,Manchester,MANCH_1163c8fc27b0,5f6f484c74dc
England,E12000002,E08000003,Manchester,MANCH_4cbaa2707233,7cdb50fa3e62
England,E12000002,E08000003,Manchester,MANCH_e3b08fbf15be,b08df554964f
England,E12000002,E08000003,Manchester,MANCH_429898944a54,f7c3d6a8c582
England,E12000002,E08000003,Manchester,MANCH_d04c3e1e7b38,d59a250d760b
England,E12000002,E08000003,Manchester,MANCH_73ea6003c21c,863d1a4d10a0
England,E12000002,E08000003,Manchester,MANCH_a2a96f407664,06af9aedb7a0
England,E12000002,E08000003,Manchester,MANCH_58c1e9435e76,9a7bba23d7df
England,E12000002,E08000003,Manchester,MANCH_ffe3003ed5b3,b83fdbb93fb3
England,E12000002,E08000003,Manchester,MANCH_1c4edeca7c01,c3851bfdd908
England,E12000002,E08000003,Manchester,MANCH_2fef785722d4,69454d9fd071
England,E12000002,E08000003,Manchester,MANCH_f37982c7c695,4543fcde22af
England,E12000002,E08000003,Manchester,MANCH_f4a12155116f,847b569e01c8
England,E12000002,E08000003,Manchester,MANCH_6e9baca8bcb5,5801472d658a
England,E12000002,E08000003,Manchester,MANCH_b9827bb6ef03,10ef66f36b10
England,E12000002,E08000003,Manchester,MANCH_c35139d1c796,246056598548
England,E12000002,E08000003,Manchester,MANCH_d8c997c3ead2,38fc332f8e08
England,E12000002,E08000003,Manchester,MANCH_72c2f9b89298,769cec6a1dde
England,E12000002,E08000003,Manchester,MANCH_dba0b16ce9ea,8b2e359b62dd
England,E12000002,E08000003,Manchester,MANCH_4ba690a8eccb,46df3d7c926c
England,E12000002,E08000003,Manchester,MANCH_b5ef8eec0e32,c9d608d049b2
England,E12000002,E08000003,Manchester,MANCH_e8b615c1f1e0,a8ac9d5999d9
England,E12000002,E08000003,Manchester,MANCH_0fb50e72ab6a,e25021915462
England,E12000002,E08000003,Manchester,MANCH_beebea9d3ce6,01467eb5f83d
England,E12000002,E08000003,Manchester,MANCH_84ad746a5d70,4c4c86e7a02f
England,E12000002,E08000003,Manchester,MANCH_197e246f8ebe,e6ecab5dc6ab
England,E12000002,E08000003,Manchester,MANCH_88370ee8c0af,6808ea40e6c7
England,E12000002,E08000003,Manchester,MANCH_7bc9fce060ba,0bb645c35c8b
England,E12000002,E08000003,Manchester,MANCH_aa3cfc46c545,4961eeaa0a69
England,E12000002,E08000003,Manchester,MANCH_66780e9b1e25,58ca43389e20
England,E12000002,E08000003,Manchester,MANCH_d5dc284316f8,6044ac19ea31
England,E12000002,E08000003,Manchester,MANCH_36db56863bd0,c3f66bb47e13
England,E12000002,E08000003,Manchester,MANCH_f45813573200,da1ca20a7ec0
England,E12000002,E08000003,Manchester,MANCH_f99af7781a3b,04bde0470fea
England,E12000002,E08000003,Manchester,MANCH_2336992e61f7,db1d80e37429
England,E12000002,E08000003,Manchester,MANCH_d86590df257f,fa29d3129305
England,E12000002,E08000003,Manchester,MANCH_7859405141c6,e5f4d3b28f01
England,E12000002,E08000003,Manchester,MANCH_efeaac2743c1,0d73d3a37f86
England,E12000002,E08000003,Manchester,MANCH_540d2a7225c7,af61220a5d48
England,E12000002,E08000003,Manchester,MANCH_9f71b49da173,a269007b62c0
England,E12000002,E08000003,Manchester,MANCH_f322b8576621,e16490a946a5
England,E12000002,E08000003,Manchester,MANCH_d20e4dd8e857,b4ae9cff9691
England,E12000002,E08000003,Manchester,MANCH_d49d31773cc7,525182bb1212
England,E12000002,E08000003,Manchester,MANCH_108cd33a9b19,2e6a24aaa099
England,E12000002,E08000003,Manchester,MANCH_9f31e72f8d59,dcf67261d890
England,E12000002,E08000003,Manchester,MANCH_db01ce3f8e3c,ad420ff7037c
England,E12000002,E08000003,Manchester,MANCH_2c2cfec86ae0,8b6858421d77
England,E12000002,E08000003,Manchester,MANCH_72f9abed133b,7d54de5d6a12
England,E12000002,E08000003,Manchester,MANCH_979f12441a49,118a407fc475
England,E12000002,E08000003,Manchester,MANCH_9d57f5bd589d,e03194075399
England,E12000002,E08000003,Manchester,MANCH_18ebe71b577a,5ecf95f93b92
England,E12000002,E08000003,Manchester,MANCH_e6bc6e380a42,9ed2086ff38c
England,E12000002,E08000003,Manchester,MANCH_bbba0eadd7ab,06e2f1ed7e78
England,E12000002,E08000003,Manchester,MANCH_23c9281f2861,50e2b243a854
England,E12000002,E08000003,Manchester,MANCH_2417a24f786c,d9467fc0b3a3
England,E12000002,E08000003,Manchester,MANCH_65a02754ef9c,7935df928bb9
England,E12000002,E08000003,Manchester,MANCH_8c9343af18d1,80a53e31c1a1
England,E12000002,E08000003,Manchester,MANCH_c9555ebc311b,b971b11dfd95
England,E12000002,E08000003,Manchester,MANCH_914fffac2dec,ccb3157f565a
England,E12000002,E08000003,Manchester,MANCH_8c2c813d82d8,d31873534659
England,E12000002,E08000003,Manchester,MANCH_58c520308267,0dbe85296859
England,E12000002,E08000003,Manchester,MANCH_33cae5376584,a41319505e8f
England,E12000002,E08000003,Manchester,MANCH_95541107dc99,64d9998a4e8d
England,E12000002,E08000003,Manchester,MANCH_465179a503af,c514e2d07ef5
England,E12000002,E08000003,Manchester,MANCH_5dcc8ab5022d,b7e4fa5968a8
England,E12000002,E08000003,Manchester,MANCH_c94fee841e8b,29a5f9580545
England,E12000002,E08000003,Manchester,MANCH_3a9f8833b5fc,3ed536b27f82
England,E12000002,E08000003,Manchester,MANCH_75de385bb42a,bcb2b6b3f98c
England,E12000002,E08000003,Manchester,MANCH_cd6c74ddba23,6b4e391da4b8
England,E12000002,E08000003,Manchester,MANCH_eedec849aab5,b7ae53d48d98
England,E12000002,E08000003,Manchester,MANCH_b9e826e36f81,36fe754f1e2f
England,E12000002,E08000003,Manchester,MANCH_f16fdff35425,8a3f697947d5
England,E12000002,E08000003,Manchester,MANCH_e1fb7b6b47fd,19ff9ab5915a
England,E12000002,E08000003,Manchester,MANCH_c292d430a65d,8e34c4b798c5
England,E12000002,E08000003,Manchester,MANCH_671f72b90214,4623ec0e32bb
England,E12000002,E08000003,Manchester,MANCH_582245df4ee1,c207bdddb518
England,E12000002,E08000003,Manchester,MANCH_adcf9266acfa,d9b8d69944aa
England,E12000002,E08000003,Manchester,MANCH_fd754fee828b,9b142ce78d57
England,E12000002,E08000003,Manchester,MANCH_4ee2f9e09a96,7ec06dd4c55a
England,E12000002,E08000003,Manchester,MANCH_7808717ce560,f14d62b58c87
England,E12000002,E08000003,Manchester,MANCH_c485a196038f,0c6e18c1739e
England,E12000002,E08000003,Manchester,MANCH_00b26d083a6a,061bc5740a23
England,E12000002,E08000003,Manchester,MANCH_d392c3544478,bbfbad603c5b
England,E12000002,E08000003,Manchester,MANCH_e527b3897055,7c84d98cda81
England,E12000002,E08000003,Manchester,MANCH_8d2941c9ea5c,ee631d709ef7
England,E12000002,E08000003,Manchester,MANCH_71fe07d355c1,0054c3260e13
England,E12000002,E08000003,Manchester,MANCH_710770ae8f93,53449c125f99
England,E12000002,E08000003,Manchester,MANCH_93edf6af9588,0d00b7e12952
England,E12000002,E08000003,Manchester,MANCH_79ce1069cd21,8dde149f520f
England,E12000002,E08000003,Manchester,MANCH_bb729ccee73d,472e7c7c1479
England,E12000002,E08000003,Manchester,MANCH_72abc40007ab,2ef32c081a21
England,E12000002,E08000003,Manchester,MANCH_0aa635356ad5,3142754f1f16
England,E12000002,E08000003,Manchester,MANCH_322fd0e1f7b1,4f77c346a774
England,E12000002,E08000003,Manchester,MANCH_701ea0ba64af,3225738bfa29
England,E12000002,E08000003,Manchester,MANCH_2f8994bd0d8b,b3d619f2f981
England,E12000002,E08000003,Manchester,MANCH_6bbcc666a2bb,4809a56701c4
England,E12000002,E08000003,Manchester,MANCH_ee72c8235acc,45872765e722
England,E12000002,E08000003,Manchester,MANCH_79d022d25f79,ea1791c60a76
England,E12000002,E08000003,Manchester,MANCH_e8e60f5bd6ef,01f971f7a7e6
England,E12000002,E08000003,Manchester,MANCH_863c986169ca,b6b5715d9d18
England,E12000002,E08000003,Manchester,MANCH_f1fe3ecdd954,c09c19ccb709
England,E12000002,E08000003,Manchester,MANCH_ba03bb311504,0fea697fecd5
England,E12000002,E08000003,Manchester,MANCH_01695624c9ac,02185a66efcb
England,E12000002,E08000003,Manchester,MANCH_7582ac7e1144,fac586679c5c
England,E12000002,E08000003,Manchester,MANCH_9a83c741b021,95b3e7ab1415
England,E12000002,E08000003,Manchester,MANCH_719303895520,799b63f2a5da
England,E12000002,E08000003,Manchester,MANCH_725ef69bbcaa,d9d8df17b459
England,E12000002,E08000003,Manchester,MANCH_0bbf44c51262,dd7309ba7ab8
England,E12000002,E08000003,Manchester,MANCH_8c44a49f90c6,498a24b1ef6d
England,E12000002,E08000003,Manchester,MANCH_048d9ef89156,4ad8b28b1155
England,E12000002,E08000003,Manchester,MANCH_e203e3a751c1,2f27b981e954
England,E12000002,E08000003,Manchester,MANCH_f0a3e4d69640,eec3951b5fa4
England,E12000002,E08000003,Manchester,MANCH_54c187ee39be,457683c59e24
England,E12000002,E08000003,Manchester,MANCH_f0ac2e252e43,ccae26b237c8
England,E12000002,E08000003,Manchester,MANCH_810d6fe665c8,d6ff30479cbb
England,E12000002,E08000003,Manchester,MANCH_56c3d7bf2998,c008a71bbb9e
England,E12000002,E08000003,Manchester,MANCH_88d9122d22e6,855069505fbc
England,E12000002,E08000003,Manchester,MANCH_3482503496b1,c49080aebf4e
England,E12000002,E08000003,Manchester,MANCH_3bb49f4cccf5,dba972d7f4e5
England,E12000002,E08000003,Manchester,MANCH_101991892eed,234081b7b5a4
England,E12000002,E08000003,Manchester,MANCH_9d69e2037904,94fa84e1b0d4
England,E12000002,E08000003,Manchester,MANCH_975ee17cfe69,0e667208a485
England,E12000002,E08000003,Manchester,MANCH_53e17e9260e2,18e6ce6ba5a5
England,E12000002,E08000003,Manchester,MANCH_5706ed0ab6cc,674864070aa6
England,E12000002,E08000003,Manchester,MANCH_39e9d580773a,a9d93d2cf69a
England,E12000002,E08000003,Manchester,MANCH_c58037e3281b,93d5d5e0a5a9
England,E12000002,E08000003,Manchester,MANCH_d515396ecd7a,d576b34f5a37
England,E12000002,E08000003,Manchester,MANCH_622e6f6b739c,55d33a905483
England,E12000002,E08000003,Manchester,MANCH_58401953689e,ba7e0ef802b6
England,E12000002,E08000003,Manchester,MANCH_c52db6c00336,8a23fbbbabee
England,E12000002,E08000003,Manchester,MANCH_4ae5bab31d9b,82ec993e1dd0
England,E12000002,E08000003,Manchester,MANCH_105e2a0eb1c2,397c224fca1d
England,E12000002,E08000003,Manchester,MANCH_28fe28d5c049,287dcd7a9164
England,E12000002,E08000003,Manchester,MANCH_21608a792969,caeb5b5964c2
England,E12000002,E08000003,Manchester,MANCH_dc63401c5115,d5bf4d09f076
England,E12000002,E08000003,Manchester,MANCH_3bc1e0372af0,0a93652fdcb8
England,E12000002,E08000003,Manchester,MANCH_9ddddd9b2727,b462b8fb2983
England,E12000002,E08000003,Manchester,MANCH_a42cddf6e3a7,675c42ccbbf1
England,E12000002,E08000003,Manchester,MANCH_f4c532483da0,7bf144ae3396
England,E12000002,E08000003,Manchester,MANCH_fa33627bd5fd,7afaf0ce762b
England,E12000002,E08000003,Manchester,MANCH_83085c10f0c1,ed929cbff4aa
England,E12000002,E08000003,Manchester,MANCH_5140c63368be,2d092b3d0611
England,E12000002,E08000003,Manchester,MANCH_cf531155e1bb,753fad04a37b
England,E12000002,E08000003,Manchester,MANCH_1c42e64aa707,15b28547b31b
England,E12000002,E08000003,Manchester,MANCH_8a72c25f078a,e6b62f7c3bd5
England,E12000002,E08000003,Manchester,MANCH_3357388f56a3,af3b52c93252
England,E12000002,E08000003,Manchester,MANCH_c86bbead1035,af6f59e83111
England,E12000002,E08000003,Manchester,MANCH_30af5be4df7c,19f818ac6298
England,E12000002,E08000003,Manchester,MANCH_0eef5d6c943e,ac0cf8a3bc63
England,E12000002,E08000003,Manchester,MANCH_2dacb56e6826,5433dd10704a
England,E12000002,E08000003,Manchester,MANCH_1ced0bf941cf,8a9f6832540f
England,E12000002,E08000003,Manchester,MANCH_2ebc43038512,4a7995efd70b
England,E12000002,E08000003,Manchester,MANCH_92b9bf471575,fb7cc507d4a9
England,E12000002,E08000003,Manchester,MANCH_1f30ee2c8b3c,8a888dbecbed
England,E12000002,E08000003,Manchester,MANCH_3f83475f91bb,f06a109e5c5e
England,E12000002,E08000003,Manchester,MANCH_c55d344312b4,1a7ff055355f
England,E12000002,E08000003,Manchester,MANCH_a72c3b1e7bff,19aecb9cb30b
England,E12000002,E08000003,Manchester,MANCH_bc03bcb9367d,9b655d4a063c
England,E12000002,E08000003,Manchester,MANCH_45f0ee18136c,ada4ec547bde
England,E12000002,E08000003,Manchester,MANCH_c6a7d7c0d00c,9d654bad30d6
England,E12000002,E08000003,Manchester,MANCH_520a71866541,963a74a8fdda
England,E12000002,E08000003,Manchester,MANCH_31033995b397,218b116f5f37
England,E12000002,E08000003,Manchester,MANCH_10717f39bf93,fcb10199c1cc
England,E12000002,E08000003,Manchester,MANCH_a5543eecafcf,2842c296c09e
England,E12000002,E08000003,Manchester,MANCH_e2e986564985,04c86fda6bc0
England,E12000002,E08000003,Manchester,MANCH_e32353c92a17,f8290fb210ca
England,E12000002,E08000003,Manchester,MANCH_c6d69a1e4cc2,38dd93161d94
England,E12000002,E08000003,Manchester,MANCH_f5299896eb8d,b84f5b0b43f6
England,E12000002,E08000003,Manchester,MANCH_dd1e5be46ac2,82cc0b728329
England,E12000002,E08000003,Manchester,MANCH_6dbae0906391,23ac23ceb342
England,E12000002,E08000003,Manchester,MANCH_be616fd5a6da,9c0ac13ade8e
England,E12000002,E08000003,Manchester,MANCH_b3fc9424446d,715b3f9f535a
England,E12000002,E08000003,Manchester,MANCH_d8b6927dc143,26736ea1b753
England,E12000002,E08000003,Manchester,MANCH_b4ff4422b00e,6bd31230afb2
England,E12000002,E08000003,Manchester,MANCH_4e9aaa124204,b227e469863f
England,E12000002,E08000003,Manchester,MANCH_003a8b841595,f4c5dbe229ef
England,E12000002,E08000003,Manchester,MANCH_f7b5fb3bee36,4bbaa07426a1
England,E12000002,E08000003,Manchester,MANCH_554eec709765,5c62818fb098
England,E12000002,E08000003,Manchester,MANCH_56acf1fb0fb5,94ed0a296681
England,E12000002,E08000003,Manchester,MANCH_1aa16716d9c5,d08af7438bc1
England,E12000002,E08000003,Manchester,MANCH_f5eb17047b4b,ea9c66a2fca1
England,E12000002,E08000003,Manchester,MANCH_1d03ac5851ff,2c394a7a639d
England,E12000002,E08000003,Manchester,MANCH_652d7d95a754,2d7739359370
England,E12000002,E08000003,Manchester,MANCH_587cc9ed2ee3,347f2c2d3b7e
England,E12000002,E08000003,Manchester,MANCH_faf601077a24,db7e530251a4
England,E12000002,E08000003,Manchester,MANCH_5c13609aaf43,ccfcba5dfd81
England,E12000002,E08000003,Manchester,MANCH_781f4c3fb688,240ab3a3cfa9
England,E12000002,E08000003,Manchester,MANCH_5cc4b1432285,028bb4667eaa
England,E12000002,E08000003,Manchester,MANCH_e970c784ff41,4cda22b6aa04
England,E12000002,E08000003,Manchester,MANCH_bc5e53765e87,5de22f75123f
England,E12000002,E08000003,Manchester,MANCH_0aa057abd385,c5bc48188aa3
England,E12000002,E08000003,Manchester,MANCH_9abbbc642a97,08c48087f5e1
England,E12000002,E08000003,Manchester,MANCH_493a6db7c9df,86f478807f35
England,E12000002,E08000003,Manchester,MANCH_c153cd223587,64e972ab572a
England,E12000002,E08000003,Manchester,MANCH_7e0e801d5eef,5fd9cab878cb
England,E12000002,E08000003,Manchester,MANCH_312b82b16682,54b25670d677
England,E12000002,E08000003,Manchester,MANCH_4d528d64467a,f801b0cb8761
England,E12000002,E08000003,Manchester,MANCH_aeb01e2663dd,ef7308621db9
England,E12000002,E08000003,Manchester,MANCH_1a4e3514b4ed,58dbafb6e2c0
England,E12000002,E08000003,Manchester,MANCH_17ae9a964992,d7a54c525acc
England,E12000002,E08000003,Manchester,MANCH_2da188bbf35f,310f2827ecbb
England,E12000002,E08000003,Manchester,MANCH_89c4d528de59,152ea1721e27
England,E12000002,E08000003,Manchester,MANCH_5363505e3514,bf899753eccf
England,E12000002,E08000003,Manchester,MANCH_00a1c59bf738,e2ff8ce1d7c0
England,E12000002,E08000003,Manchester,MANCH_f008362a11d7,bf5397f7df26
England,E12000002,E08000003,Manchester,MANCH_1643de95d771,2420c77f1864
England,E12000002,E08000003,Manchester,MANCH_a4eabf0dcd42,aa4a23abac92
England,E12000002,E08000003,Manchester,MANCH_e9969fa8d379,c83d3926fff1
England,E12000002,E08000003,Manchester,MANCH_2a39aeb45ca8,d2766a006938
England,E12000002,E08000003,Manchester,MANCH_fd1dd1560dd0,0c035016c84c
England,E12000002,E08000003,Manchester,MANCH_f639738f70dd,07a9bd979d26
England,E12000002,E08000003,Manchester,MANCH_fb52e49c1408,c337d9673241
England,E12000002,E08000003,Manchester,MANCH_07c0b950dd37,69987b4639f2
England,E12000002,E08000003,Manchester,MANCH_83a1517f1f20,ffb2ada9a166
England,E12000002,E08000003,Manchester,MANCH_3e7612a22c51,d47ef152ee3b
England,E12000002,E08000003,Manchester,MANCH_3187fe8afeaa,b31621d1c387
England,E12000002,E08000003,Manchester,MANCH_1e4b7e856f40,376d46a0555d
England,E12000002,E08000003,Manchester,MANCH_a3b94cc6f9ed,4efe8f7f315a
England,E12000002,E08000003,Manchester,MANCH_4d3d0b5c5589,8894f3d87b2f
England,E12000002,E08000003,Manchester,MANCH_60c661c59f98,cb1901c513a0
England,E12000002,E08000003,Manchester,MANCH_8e2237abbb69,49a78c1a1366
England,E12000002,E08000003,Manchester,MANCH_2d9ff9299a3d,6427dfd0e333
England,E12000002,E08000003,Manchester,MANCH_0732d3610c2d,7527f6adb5f0
England,E12000002,E08000003,Manchester,MANCH_46ade78c1ad0,bf299281c81f
England,E12000002,E08000003,Manchester,MANCH_29442b3b06ae,4d07f3147b58
England,E12000002,E08000003,Manchester,MANCH_b856ef8bb55a,56b1d17a508e
England,E12000002,E08000003,Manchester,MANCH_1d9949a3b9cf,cc91a0792b80
England,E12000002,E08000003,Manchester,MANCH_410f5c56974f,b443dc6cb4da
England,E12000002,E08000003,Manchester,MANCH_fb9252676012,0dd219112460
England,E12000002,E08000003,Manchester,MANCH_d3cce592c85f,0d6589892773
England,E12000002,E08000003,Manchester,MANCH_9a269f7efbcb,4c2089d97ae8
England,E12000002,E08000003,Manchester,MANCH_f1c69e8aa041,8c5ca4d59f49
England,E12000002,E08000003,Manchester,MANCH_46f0f52ceff4,3eef72e43994
England,E12000002,E08000003,Manchester,MANCH_012917555533,e020ac9dd73c
England,E12000002,E08000003,Manchester,MANCH_90eb8d7820c2,7080e65e48fa
England,E12000002,E08000003,Manchester,MANCH_55e348479dff,5100940271e6
England,E12000002,E08000003,Manchester,MANCH_8747d320efad,db6b575e10e6
England,E12000002,E08000003,Manchester,MANCH_02a3275ec857,be21c652933e
England,E12000002,E08000003,Manchester,MANCH_57847d67e7fe,89df220b9e69
England,E12000002,E08000003,Manchester,MANCH_33f06949686e,fb22305b52bb
England,E12000002,E08000003,Manchester,MANCH_9413d8f5bb94,797f44ef10fd
England,E12000002,E08000003,Manchester,MANCH_6e708f44df89,d9429234504d
England,E12000002,E08000003,Manchester,MANCH_614d31e2c221,d439cdb7c444
England,E12000002,E08000003,Manchester,MANCH_929a11be7a14,10ad12defaab
England,E12000002,E08000003,Manchester,MANCH_baa83eb2ea99,b66ac6af1557
England,E12000002,E08000003,Manchester,MANCH_044c9417e427,45b4328d6ee1
England,E12000002,E08000003,Manchester,MANCH_3df8aa3a3aed,f2da2d98962f
England,E12000002,E08000003,Manchester,MANCH_22684678a035,d8735ccc8c6c
England,E12000002,E08000003,Manchester,MANCH_bde438af9236,671db25d0e37
England,E12000002,E08000003,Manchester,MANCH_3a74f0e93699,23edeba8c7ff
England,E12000002,E08000003,Manchester,MANCH_f5c91ac142ea,391a2b940af6
England,E12000002,E08000003,Manchester,MANCH_31adb80d9514,60ae552d7d1e
England,E12000002,E08000003,Manchester,MANCH_0cc15d2376df,68759a995b86
England,E12000002,E08000003,Manchester,MANCH_2baf170e1ba0,9e9513d7f94b
England,E12000002,E08000003,Manchester,MANCH_2e697364ab44,7c59e9efcb2d
England,E12000002,E08000003,Manchester,MANCH_cdd8350fb015,22f6c4b34c28
England,E12000002,E08000003,Manchester,MANCH_07156cbbdbe7,cb599c21ecb4
England,E12000002,E08000003,Manchester,MANCH_d8dcfccead2a,806b02478200
England,E12000002,E08000003,Manchester,MANCH_dd36bf848f7f,60f893c10109
England,E12000002,E08000003,Manchester,MANCH_dcf596638a11,5fbe5c742b3f
England,E12000002,E08000003,Manchester,MANCH_bb36f8c75318,c1e33742dba2
England,E12000002,E08000003,Manchester,MANCH_e570b3bd0740,479ecc538ee3
England,E12000002,E08000003,Manchester,MANCH_e5ff4aa7ffdf,ba7383439be2
England,E12000002,E08000003,Manchester,MANCH_c6aa24929103,a08efd4911d5
England,E12000002,E08000003,Manchester,MANCH_ff662547d61f,f14ceea38a2a
England,E12000002,E08000003,Manchester,MANCH_611cafe52330,54f525a4adc0
England,E12000002,E08000003,Manchester,MANCH_8b784d5c5146,72c656463961
England,E12000002,E08000003,Manchester,MANCH_e1ab6b902a10,7bd24d1c472a
England,E12000002,E08000003,Manchester,MANCH_9c654ca1680c,7ea64bac2832
England,E12000002,E08000003,Manchester,MANCH_b01d73119a82,e5f98ad606f8
England,E12000002,E08000003,Manchester,MANCH_ac5bfd4c6c01,f88cefc4e1e5
England,E12000002,E08000003,Manchester,MANCH_dbe08c674d9e,13881f6793af
England,E12000002,E08000003,Manchester,MANCH_e825fa0b950d,dce30feb191a
England,E12000002,E08000003,Manchester,MANCH_8c4809979360,d2ebdae1a210
England,E12000002,E08000003,Manchester,MANCH_d671734ff206,3d391c506c19
England,E12000002,E08000003,Manchester,MANCH_06ac5d853c84,53d35ac78bb0
England,E12000002,E08000003,Manchester,MANCH_c8f46f08d520,1600199c01b1
England,E12000002,E08000003,Manchester,MANCH_557a9910e17d,c1fc827c3750
England,E12000002,E08000003,Manchester,MANCH_3099c3e9c0bb,d99bab771491
England,E12000002,E08000003,Manchester,MANCH_05c8c0853263,f803238c0847
England,E12000002,E08000003,Manchester,MANCH_e51b9e47f14c,74d4f95eb0dc
England,E12000002,E08000003,Manchester,MANCH_41ff5dc17e72,c3ca2f8f11c6
England,E12000002,E08000003,Manchester,MANCH_9d23e5b9a9f5,f88da9dc8f85
England,E12000002,E08000003,Manchester,MANCH_ad41ecfb46a0,6cf568cb91cd
England,E12000002,E08000003,Manchester,MANCH_6e37e4b4a227,e38dd5121ab1
England,E12000002,E08000003,Manchester,MANCH_9c142469368f,bda0c1f562cb
England,E12000002,E08000003,Manchester,MANCH_f0e870c07d88,37b80ec6e34d
England,E12000002,E08000003,Manchester,MANCH_a5df276ffea1,52397ecb5ecc
England,E12000002,E08000003,Manchester,MANCH_5c20266bd6de,a0f2bdb609dd
England,E12000002,E08000003,Manchester,MANCH_502d1cc4b36f,b950a131f88f
England,E12000002,E08000003,Manchester,MANCH_fc3f00eb1001,bb5d94e76055
England,E12000002,E08000003,Manchester,MANCH_ebbb002be00d,85f3b0d8de69
England,E12000002,E08000003,Manchester,MANCH_d6326986fffd,cb6169b24992
England,E12000002,E08000003,Manchester,MANCH_6895953c8e4f,45f7b206de13
England,E12000002,E08000003,Manchester,MANCH_7e9c0225ff0c,d1e70e83ba54
England,E12000002,E08000003,Manchester,MANCH_f82528b60a10,8025746d468e
England,E12000002,E08000003,Manchester,MANCH_65ed13ef2b62,39d0cf431f91
England,E12000002,E08000003,Manchester,MANCH_f4186a48426c,c2c6100f9cf8
England,E12000002,E08000003,Manchester,MANCH_f8bf81ca1b0b,9cf076cfdc1b
England,E12000002,E08000003,Manchester,MANCH_7fd0b6fcc9da,e48e11a49c7c
England,E12000002,E08000003,Manchester,MANCH_b5b2f29eaefd,48ac676767cd
England,E12000002,E08000003,Manchester,MANCH_489b246f31cc,c62faf753a8c
England,E12000002,E08000003,Manchester,MANCH_1fd210092173,3d5bb22257a9
England,E12000002,E08000003,Manchester,MANCH_2ad072325b35,3894ac008c93
England,E12000002,E08000003,Manchester,MANCH_e6051d426616,768dcf341f04
England,E12000002,E08000003,Manchester,MANCH_66ce8b653dba,113b9e6b4dd9
England,E12000002,E08000003,Manchester,MANCH_7818d5838a50,ab6a5fa15b58
England,E12000002,E08000003,Manchester,MANCH_8210c6e08c7e,eed0a5e54e66
England,E12000002,E08000003,Manchester,MANCH_714695cdf29d,4cfcad97f43e
England,E12000002,E08000003,Manchester,MANCH_d01425dfca7d,10e5cc68dda6
England,E12000002,E08000003,Manchester,MANCH_5ed4cf388f75,4de58fa4acf4
England,E12000002,E08000003,Manchester,MANCH_0cdbfdbfe7aa,7f01d6071d91
England,E12000002,E08000003,Manchester,MANCH_c68a1c32eebb,391f70d906e1
England,E12000002,E08000003,Manchester,MANCH_aa7804761cc5,fca5e00733c5
England,E12000002,E08000003,Manchester,MANCH_8af34ce7e296,f8fb3490cf6a
England,E12000002,E08000003,Manchester,MANCH_0f5d091f0b1a,3c58a51d3fa3
England,E12000002,E08000003,Manchester,MANCH_fc7b9a9ec8dc,d1f36f0c3ee5
England,E12000002,E08000003,Manchester,MANCH_ed44bbc2b11d,02912856baca
England,E12000002,E08000003,Manchester,MANCH_9980e8d1d34f,c19f4703b7fa
England,E12000002,E08000003,Manchester,MANCH_9df4a22c1546,7acd16453763
England,E12000002,E08000003,Manchester,MANCH_b0056ae2a81c,533b87283762
England,E12000002,E08000003,Manchester,MANCH_82b848d0ba3f,349d374c985d
England,E12000002,E08000003,Manchester,MANCH_02ca15064401,821c48fdfc63
England,E12000002,E08000003,Manchester,MANCH_5a0057f6e761,5a682a2ff67a
England,E12000002,E08000003,Manchester,MANCH_ccd451d013e2,243751d8cb56
England,E12000002,E08000003,Manchester,MANCH_1346ef4bfb84,ebfb5f1d2832
England,E12000002,E08000003,Manchester,MANCH_bf6da0d76b2c,235e163acbc8
England,E12000002,E08000003,Manchester,MANCH_fd8f25e47b6f,7ddfe735345d
England,E12000002,E08000003,Manchester,MANCH_b64a1f1b38f2,b1821b05afe2
England,E12000002,E08000003,Manchester,MANCH_3f7aa8d4607e,d768eb9e80b1
England,E12000002,E08000003,Manchester,MANCH_62eaf2794ca6,7739b3f3ad33
England,E12000002,E08000003,Manchester,MANCH_4c6d3b41a5a3,2f1280d60e0b
England,E12000002,E08000003,Manchester,MANCH_9e215d1517e2,d3e4b3c53ce6
England,E12000002,E08000003,Manchester,MANCH_6ce0e0462173,86f597fad409
England,E12000002,E08000003,Manchester,MANCH_0bab938203db,11c631482c78
England,E12000002,E08000003,Manchester,MANCH_ac75417236a7,144d4046558a
England,E12000002,E08000003,Manchester,MANCH_42639aa19526,1b150c7b1398
England,E12000002,E08000003,Manchester,MANCH_2e5b0ba7c0bb,fc740b42f849
England,E12000002,E08000003,Manchester,MANCH_30a26944d9aa,be02f4b2e67a
England,E12000002,E08000003,Manchester,MANCH_2a70279d5b76,2dd1d8b15f21
England,E12000002,E08000003,Manchester,MANCH_dc10c1dc0e8a,4594fdd86b06
England,E12000002,E08000003,Manchester,MANCH_975867d69505,5b1c38084ad1
England,E12000002,E08000003,Manchester,MANCH_47e1ebaf34f1,2daab9eb7a61
England,E12000002,E08000003,Manchester,MANCH_547ac2012fbc,7f2b00df524f
England,E12000002,E08000003,Manchester,MANCH_ec0607195862,908e3a7e3813
England,E12000002,E08000003,Manchester,MANCH_85ced4a369e7,c0d31758b2b3
England,E12000002,E08000003,Manchester,MANCH_b29089aa4c2f,001dbbb5295d
England,E12000002,E08000003,Manchester,MANCH_60e7f1c4982e,6231abeace7d
England,E12000002,E08000003,Manchester,MANCH_925d3ed60fbe,bcb64caa1a84
England,E12000002,E08000003,Manchester,MANCH_11112b962c6c,fb41481f976b
England,E12000002,E08000003,Manchester,MANCH_3c03875f7bea,a2dec9e4f904
England,E12000002,E08000003,Manchester,MANCH_89a3f61fdc44,8b70eec1a36f
England,E12000002,E08000003,Manchester,MANCH_a9d4bbbb992a,7a5eb7ab46d8
England,E12000002,E08000003,Manchester,MANCH_01cb5ad15d4d,0b2600d29d49
England,E12000002,E08000003,Manchester,MANCH_4bea2e833101,2bd457c20417
England,E12000002,E08000003,Manchester,MANCH_bfa63355e273,fd80bd064baf
England,E12000002,E08000003,Manchester,MANCH_098d67e7667d,fcdd767ee46f
England,E12000002,E08000003,Manchester,MANCH_8a74766fccf0,943cd9a43bbe
England,E12000002,E08000003,Manchester,MANCH_0b6484e47366,ffe14cd25525
England,E12000002,E08000003,Manchester,MANCH_2d6da36c2e11,93759dd1143d
England,E12000002,E08000003,Manchester,MANCH_fdb0f47407ac,7f4bdd386030
England,E12000002,E08000003,Manchester,MANCH_56780e161c08,879a9227e4f5
England,E12000002,E08000003,Manchester,MANCH_52c6c323b2a6,bbc920cb6d1e
England,E12000002,E08000003,Manchester,MANCH_276df38aec2d,828c6d1d03f4
England,E12000002,E08000003,Manchester,MANCH_a3b51d2279c3,a2f4a74de844
England,E12000002,E08000003,Manchester,MANCH_d61e9de51f79,c24670963448
England,E12000002,E08000003,Manchester,MANCH_ab925c6bb736,4b5f8e65e43b
England,E12000002,E08000003,Manchester,MANCH_64de787bdb0c,fe013ae3e2f6
England,E12000002,E08000003,Manchester,MANCH_b5f59a9eef8e,1d0c6b8e0009
England,E12000002,E08000003,Manchester,MANCH_d33d0c9684bd,367aac652809
England,E12000002,E08000003,Manchester,MANCH_77cb116694e5,7e44c60cd923
England,E12000002,E08000003,Manchester,MANCH_6e3fe7bd1b57,e3f05dd4056d
England,E12000002,E08000003,Manchester,MANCH_346561632ec5,a594c0456c6c
England,E12000002,E08000003,Manchester,MANCH_9f01ac3d85e6,da7960127251
England,E12000002,E08000003,Manchester,MANCH_6c2f40199db2,2d2d95f7925d
England,E12000002,E08000003,Manchester,MANCH_d93920af39b9,20d572a0b5d7
England,E12000002,E08000003,Manchester,MANCH_304d52508752,7890364222dc
England,E12000002,E08000003,Manchester,MANCH_81d9d2ab8c18,9e2f00fc4363
England,E12000002,E08000003,Manchester,MANCH_cb2f80225b3b,3af01628958e
England,E12000002,E08000003,Manchester,MANCH_174d9d97fb75,34f0d1ae3bdd
England,E12000002,E08000003,Manchester,MANCH_c6b3ccd8ed8f,c1fd6ba904a2
England,E12000002,E08000003,Manchester,MANCH_5c2a7d7031a3,30dfae197581
England,E12000002,E08000003,Manchester,MANCH_cad21692f24d,ade1478dd873
England,E12000002,E08000003,Manchester,MANCH_0ee11a5e8109,2d8a18fcd936
England,E12000002,E08000003,Manchester,MANCH_842a3c741585,355c3fc4f8bc
England,E12000002,E08000003,Manchester,MANCH_a359703e637f,30ef0461a9fb
England,E12000002,E08000003,Manchester,MANCH_50fb64babc7d,603f6e89ebd2
England,E12000002,E08000003,Manchester,MANCH_b60bc73c6b02,3bcae91aadc5
England,E12000002,E08000003,Manchester,MANCH_f3c9456a6bae,ccb407a195b6
England,E12000002,E08000003,Manchester,MANCH_5881717e5caf,c05a7220070e
England,E12000002,E08000003,Manchester,MANCH_078449fccd94,f200e75ad96c
England,E12000002,E08000003,Manchester,MANCH_f6d05ebc50da,da98aedad0b7
England,E12000002,E08000003,Manchester,MANCH_f2a378bb3876,998b3e4700da
England,E12000002,E08000003,Manchester,MANCH_ddd5f1b8814b,5bcc2c189753
England,E12000002,E08000003,Manchester,MANCH_2dc7d92320f5,c3b030f9a428
England,E12000002,E08000003,Manchester,MANCH_3e464b41a3c2,4198d5290da7
England,E12000002,E08000003,Manchester,MANCH_1a68db0e478a,eaf8e104d223
England,E12000002,E08000003,Manchester,MANCH_f39b032c83ff,a6b403c07cba
England,E12000002,E08000003,Manchester,MANCH_ab31f91363d6,82deacf3d6a4
England,E12000002,E08000003,Manchester,MANCH_9d91cd633423,856b311c3f66
England,E12000002,E08000003,Manchester,MANCH_51fed2347012,b3b470b47ff8
England,E12000002,E08000003,Manchester,MANCH_30bc19270bd9,f60874517fe1
England,E12000002,E08000003,Manchester,MANCH_d137775cb6d1,501e7551a4fe
England,E12000002,E08000003,Manchester,MANCH_e588aefcc6a2,3e8a87d6f59a
England,E12000002,E08000003,Manchester,MANCH_726b319263cf,c10d1ee8e55b
England,E12000002,E08000003,Manchester,MANCH_de5956095463,fa0e93b89a15
England,E12000002,E08000003,Manchester,MANCH_ce5a44f72d6f,16916d5c8c21
England,E12000002,E08000003,Manchester,MANCH_372b9e70f2e6,0502bb10cede
England,E12000002,E08000003,Manchester,MANCH_17296672d083,11afdfbdec90
England,E12000002,E08000003,Manchester,MANCH_299b2c351457,c6c75156b9c2
England,E12000002,E08000003,Manchester,MANCH_34b590a00e53,91d40fe79af8
England,E12000002,E08000003,Manchester,MANCH_602c29d895d6,c1ef63760881
England,E12000002,E08000003,Manchester,MANCH_5e3aa01197de,00a5c753761f
England,E12000002,E08000003,Manchester,MANCH_b5d3bb9e92ac,10a1c4f66270
England,E12000002,E08000003,Manchester,MANCH_d687d501a62a,88d3ee6eab65
England,E12000002,E08000003,Manchester,MANCH_d2b637c7f2ac,339315ed9e7a
England,E12000002,E08000003,Manchester,MANCH_24074375b56d,ebfa6b46147a
England,E12000002,E08000003,Manchester,MANCH_547810d99bdd,b7abfb7e4ad5
England,E12000002,E08000003,Manchester,MANCH_46a7eef8325a,ee88f30e4e2d
England,E12000002,E08000003,Manchester,MANCH_9aec64c621ec,e50afc8928ea
England,E12000002,E08000003,Manchester,MANCH_fd7af8f2355d,fa30a0892d2f
England,E12000002,E08000003,Manchester,MANCH_9f1563c2fcc6,0b220ada80ce
England,E12000002,E08000003,Manchester,MANCH_ea237fba73ad,3eb91a5da767
England,E12000002,E08000003,Manchester,MANCH_159e388a409a,56c353dddff9
England,E12000002,E08000003,Manchester,MANCH_b7f8ce56e8da,fdd625b8c532
England,E12000002,E08000003,Manchester,MANCH_d28a7aa8a445,1d7484db023f
England,E12000002,E08000003,Manchester,MANCH_109ede519071,b76f01f82d9a
England,E12000002,E08000003,Manchester,MANCH_af76c7ed0246,833aa5d58200
England,E12000002,E08000003,Manchester,MANCH_3dc87fa862ef,848a02a492e5
England,E12000002,E08000003,Manchester,MANCH_e7ab5cf6b697,af63fe84029e
England,E12000002,E08000003,Manchester,MANCH_bd707111f8c7,9c80a08e6868
England,E12000002,E08000003,Manchester,MANCH_b9e543952438,50b09166c620
England,E12000002,E08000003,Manchester,MANCH_5fe69a418284,581324b31bb4
England,E12000002,E08000003,Manchester,MANCH_8f6dc987eed6,b47eb5361f4a
England,E12000002,E08000003,Manchester,MANCH_cad4ab55215a,e223994acb57
England,E12000002,E08000003,Manchester,MANCH_643c63a03bed,d2f1e9cc78bd
England,E12000002,E08000003,Manchester,MANCH_a819b93071fc,e5d59bd7ec21
England,E12000002,E08000003,Manchester,MANCH_5e0e0d64a87c,666081a8730c
England,E12000002,E08000003,Manchester,MANCH_10125024962f,e6e2d753e441
England,E12000002,E08000003,Manchester,MANCH_fb4e674d8dc6,af1728c3eff4
England,E12000002,E08000003,Manchester,MANCH_7316922b62e8,566371099e69
England,E12000002,E08000003,Manchester,MANCH_be29b835a8b1,a848c7735795
England,E12000002,E08000003,Manchester,MANCH_29cf5a020852,6ff9e95376d1
England,E12000002,E08000003,Manchester,MANCH_fbb5593b2926,2322407dca79
England,E12000002,E08000003,Manchester,MANCH_c4bbae94923a,56244a1d98a0
England,E12000002,E08000003,Manchester,MANCH_d25eaf685b9c,d9a75c8d0aa2
England,E12000002,E08000003,Manchester,MANCH_773a796c0f72,961671fa39ef
England,E12000002,E08000003,Manchester,MANCH_4d51a3e528a6,c46c5f107d64
England,E12000002,E08000003,Manchester,MANCH_32ae1b3277da,1351f40a4f49
England,E12000002,E08000003,Manchester,MANCH_f50fae4da4c6,25fb93aa1c44
England,E12000002,E08000003,Manchester,MANCH_aae18a2af558,747dd482ba60
England,E12000002,E08000003,Manchester,MANCH_3f76750cbe07,66222fb54d31
England,E12000002,E08000003,Manchester,MANCH_d87fab80df2f,b6fb095b6477
England,E12000002,E08000003,Manchester,MANCH_0614fc6d078f,0d90704c2e87
England,E12000002,E08000003,Manchester,MANCH_2c18c5a34e35,79e4b55ffcfd
England,E12000002,E08000003,Manchester,MANCH_a8e6d8cfe270,d47f617c784f
England,E12000002,E08000003,Manchester,MANCH_46d055f71c6d,9bb4ab55dcb7
England,E12000002,E08000003,Manchester,MANCH_5d6837216b28,a8151663f808
England,E12000002,E08000003,Manchester,MANCH_9a24725e3d37,779f169afbae
England,E12000002,E08000003,Manchester,MANCH_6f25b53b4cc4,d15d68fed4ae
England,E12000002,E08000003,Manchester,MANCH_81916c1c10cb,32101112adbd
England,E12000002,E08000003,Manchester,MANCH_6ef09f9e7fb0,64d1c80a7577
England,E12000002,E08000003,Manchester,MANCH_589c51a60080,42174001b00b
England,E12000002,E08000003,Manchester,MANCH_2e4360d9cdb1,6c323520e584
England,E12000002,E08000003,Manchester,MANCH_9c48a1e06821,d47bda3a4cbd
England,E12000002,E08000003,Manchester,MANCH_3b1024667458,0938c9ff6b5f
England,E12000002,E08000003,Manchester,MANCH_da7862a9db88,5a12516cb818
England,E12000002,E08000003,Manchester,MANCH_035bcc09cda9,8ffb91b9e0f9
England,E12000002,E08000003,Manchester,MANCH_4bdc248917fc,684628f9f58c
England,E12000002,E08000003,Manchester,MANCH_5d83983ad1d2,d1bc562f07a9
England,E12000002,E08000003,Manchester,MANCH_7bd12b77aca6,dccb2d8af68d
England,E12000002,E08000003,Manchester,MANCH_dfeff0ff31f5,9207c4e066ad
England,E12000002,E08000003,Manchester,MANCH_a3efb4bbd27d,df6177556cb1
England,E12000002,E08000003,Manchester,MANCH_d3381e121572,44b61bf5dc59
England,E12000002,E08000003,Manchester,MANCH_90dcec3374c6,b3c35ce0f8bc
England,E12000002,E08000003,Manchester,MANCH_20807ac58600,70fa0400f6cf
England,E12000002,E08000003,Manchester,MANCH_1ae706463ffa,8221029def2a
England,E12000002,E08000003,Manchester,MANCH_721b2bfb4b42,82b46bd6781e
England,E12000002,E08000003,Manchester,MANCH_579d167e3c5e,dd6cde4ac8b0
England,E12000002,E08000003,Manchester,MANCH_d4449d320f1f,be53976f7a38
England,E12000002,E08000003,Manchester,MANCH_7f9fa49d1633,1f8935951afd
England,E12000002,E08000003,Manchester,MANCH_7ef1e6286a48,d8c96c948c14
England,E12000002,E08000003,Manchester,MANCH_c8a0aa527e0a,021276eddb36
England,E12000002,E08000003,Manchester,MANCH_ca7afb56f748,73913fc5206d
England,E12000002,E08000003,Manchester,MANCH_4830fccef01b,a6ca52061d0e
England,E12000002,E08000003,Manchester,MANCH_dd7688dba343,db9fea8bb6c7
England,E12000002,E08000003,Manchester,MANCH_2ed95eab0189,43089977a966
England,E12000002,E08000003,Manchester,MANCH_6edbb1c9e715,e61cb6555dde
England,E12000002,E08000003,Manchester,MANCH_889a3f4dd453,b805b133e73a
England,E12000002,E08000003,Manchester,MANCH_caece46a59ba,09133ee2f5ed
England,E12000002,E08000003,Manchester,MANCH_4d944e3a52cb,cd051920313a
England,E12000002,E08000003,Manchester,MANCH_41f2e0a782f6,ad260a94bc39
England,E12000002,E08000003,Manchester,MANCH_872ed182d115,b999e92317c3
England,E12000002,E08000003,Manchester,MANCH_61142dbdfc34,faaedd173f02
England,E12000002,E08000003,Manchester,MANCH_d964ae3a89ed,996629edbac6
England,E12000002,E08000003,Manchester,MANCH_1a5eb0fe4346,3997f1aac3da
England,E12000002,E08000003,Manchester,MANCH_a094eda186bd,ee6e0fcbb887
England,E12000002,E08000003,Manchester,MANCH_88e6b1d23418,12c5e61e5b45
England,E12000002,E08000003,Manchester,MANCH_09d1b24888be,8c3d8fd12027
England,E12000002,E08000003,Manchester,MANCH_98c4fc4e33ec,12876c943438
England,E12000002,E08000003,Manchester,MANCH_b208b6aa8645,e77253c3c3b2
England,E12000002,E08000003,Manchester,MANCH_28ab3c612a46,1e6450e8c330
England,E12000002,E08000003,Manchester,MANCH_6a325465480c,dc62b66418a3
England,E12000002,E08000003,Manchester,MANCH_6cd227554de4,6a1ef8f60f77
England,E12000002,E08000003,Manchester,MANCH_9eccb2e6d30f,dd6b99772b61
England,E12000002,E08000003,Manchester,MANCH_ed288a1f6886,e9c202b751c5
England,E12000002,E08000003,Manchester,MANCH_8f49d5054393,b7581f5177a7
England,E12000002,E08000003,Manchester,MANCH_c008b3f63c5c,b759552f373d
England,E12000002,E08000003,Manchester,MANCH_203f7c9b7f34,9e930357c3ec
England,E12000002,E08000003,Manchester,MANCH_70401b94a2dd,4b8a56331189
England,E12000002,E08000003,Manchester,MANCH_321a173c8d39,b5b776ea6da1
England,E12000002,E08000003,Manchester,MANCH_6cad971d6630,24f3e21cd7ba
England,E12000002,E08000003,Manchester,MANCH_e89e5ab9ed93,4d43a8ba9a21
England,E12000002,E08000003,Manchester,MANCH_3d2c5f7effed,d660ba3cc215
England,E12000002,E08000003,Manchester,MANCH_14c566b60118,36995dc130f9
England,E12000002,E08000003,Manchester,MANCH_3d26ba5ba352,dfe14923902e
England,E12000002,E08000003,Manchester,MANCH_5853b7605a8c,77bb647306a6
England,E12000002,E08000003,Manchester,MANCH_dee9061f01d5,8dac5b3c2cc5
England,E12000002,E08000003,Manchester,MANCH_1b3b6c980895,f12be2bdb850
England,E12000002,E08000003,Manchester,MANCH_028293805aec,70b204a06a53
England,E12000002,E08000003,Manchester,MANCH_ede4fb7e72eb,e47b5d79c3d5
England,E12000002,E08000003,Manchester,MANCH_7b2d6e50d2b1,de53da446a83
England,E12000002,E08000003,Manchester,MANCH_3181ef0c794e,e739de5b72cb
England,E12000002,E08000003,Manchester,MANCH_359d5816a4cf,e1c3c84d4e47
England,E12000002,E08000003,Manchester,MANCH_adcd7a3d39e1,b62bc5270b27
England,E12000002,E08000003,Manchester,MANCH_3efb6054d133,b388f25220f9
England,E12000002,E08000003,Manchester,MANCH_f6dbf54ed4d4,9bba872b222a
England,E12000002,E08000003,Manchester,MANCH_304920105b86,a0de24b54257
England,E12000002,E08000003,Manchester,MANCH_0d4337abe663,94c08586fe1f
England,E12000002,E08000003,Manchester,MANCH_b5dbbbd284f7,dcb321062746
England,E12000002,E08000003,Manchester,MANCH_72680a8ec570,8c89508bdc92
England,E12000002,E08000003,Manchester,MANCH_a6d152792163,b04b620c4c73
England,E12000002,E08000003,Manchester,MANCH_7ea2bb24fa30,07ef87624f90
England,E12000002,E08000003,Manchester,MANCH_2da5cf31aa3c,1e343006a61b
England,E12000002,E08000003,Manchester,MANCH_988eb56ef398,4b6153bf40dc
England,E12000002,E08000003,Manchester,MANCH_f6cb5e0cb582,036f6fd995b1
England,E12000002,E08000003,Manchester,MANCH_01447129396b,d41f12b4b172
England,E12000002,E08000003,Manchester,MANCH_410296915a12,df931373abba
England,E12000002,E08000003,Manchester,MANCH_7644a044f25f,dbe7e46c8a2a
England,E12000002,E08000003,Manchester,MANCH_f3b6c1f54246,7091b69e6f3b
England,E12000002,E08000003,Manchester,MANCH_571c6fe066c0,1bf37591c70f
England,E12000002,E08000003,Manchester,MANCH_af4d1bf4eb78,734a3213d360
England,E12000002,E08000003,Manchester,MANCH_0e34d6f56bd2,4262224fad96
England,E12000002,E08000003,Manchester,MANCH_6c57a82ee1b7,07a003b84191
England,E12000002,E08000003,Manchester,MANCH_d09c9a3258ca,d8441f6043f3
England,E12000002,E08000003,Manchester,MANCH_d8cd1a598f31,92264a44e689
England,E12000002,E08000003,Manchester,MANCH_540e3a505795,034ca59916ef
England,E12000002,E08000003,Manchester,MANCH_f97991ff958f,6a540473499a
England,E12000002,E08000003,Manchester,MANCH_05b4cca3894c,93a140f2e3cc
England,E12000002,E08000003,Manchester,MANCH_bcaed2c9fdd1,ac8c7b4c85ea
England,E12000002,E08000003,Manchester,MANCH_fc6706cc5a5e,cfe55ffa43ca
England,E12000002,E08000003,Manchester,MANCH_48158c6c9378,9e8f0f7ba768
England,E12000002,E08000003,Manchester,MANCH_f8a75d688004,de2b8c4d7c3f
England,E12000002,E08000003,Manchester,MANCH_2f2aea4ebeb6,fc65327835b3
England,E12000002,E08000003,Manchester,MANCH_978dd44ca32f,05a7bbdd57b9
England,E12000002,E08000003,Manchester,MANCH_d2d2c809b7b1,6a2e94ee19ce
England,E12000002,E08000003,Manchester,MANCH_4ef2f5070c58,be8b53bcd07f
England,E12000002,E08000003,Manchester,MANCH_34a57bb5b01f,41b326c50411
England,E12000002,E08000003,Manchester,MANCH_a4633e745a9c,765c83cfb46e
England,E12000002,E08000003,Manchester,MANCH_9c81ce194c27,b857c9064b71
England,E12000002,E08000003,Manchester,MANCH_a0e7a15f04bc,fb85c1e31037
England,E12000002,E08000003,Manchester,MANCH_a1f2a0c75a3f,caa5a27126c1
England,E12000002,E08000003,Manchester,MANCH_222e0f6f214f,b4116a1878f1
England,E12000002,E08000003,Manchester,MANCH_d8431e7a4394,f32dc64e7dba
England,E12000002,E08000003,Manchester,MANCH_00a50c729879,7164ac8a1e26
England,E12000002,E08000003,Manchester,MANCH_2943990b2fb1,1595e2783a8e
England,E12000002,E08000003,Manchester,MANCH_2753cbad8b25,6e64b0ca9172
England,E12000002,E08000003,Manchester,MANCH_300b3ab06847,e397cabd68f5
England,E12000002,E08000003,Manchester,MANCH_8fbcc51058a5,9915345b439b
England,E12000002,E08000003,Manchester,MANCH_a612f12f4890,1e0ec3db2a31
England,E12000002,E08000003,Manchester,MANCH_7cb721c63dc9,3a77a36aab18
England,E12000002,E08000003,Manchester,MANCH_598996949303,460e7ed231e2
England,E12000002,E08000003,Manchester,MANCH_c0a7346a789f,6b61b32b7f64
England,E12000002,E08000003,Manchester,MANCH_169f3021e711,5d1124621528
England,E12000002,E08000003,Manchester,MANCH_8fc969826f78,62f7606b332c
England,E12000002,E08000003,Manchester,MANCH_451ccba2b46d,448cba086f7d
England,E12000002,E08000003,Manchester,MANCH_039f3bc0d759,05de55c8a77d
England,E12000002,E08000003,Manchester,MANCH_018c1e2ff333,c4d5647489a5
England,E12000002,E08000003,Manchester,MANCH_c8f99ac3447f,c5fcaa9691dd
England,E12000002,E08000003,Manchester,MANCH_3e80f86b11d3,00f9edd42985
England,E12000002,E08000003,Manchester,MANCH_b69b95d9ee03,482a6d3b23c2
England,E12000002,E08000003,Manchester,MANCH_e4d28a7fd08c,23ee68cfaf6b
England,E12000002,E08000003,Manchester,MANCH_a1d318651530,8cd7af6f887a
England,E12000002,E08000003,Manchester,MANCH_e4dec3d3cdbd,e952096ff7cc
England,E12000002,E08000003,Manchester,MANCH_43c945a7a31f,66bdfe6255ad
England,E12000002,E08000003,Manchester,MANCH_9658daef343f,488b299acf02
England,E12000002,E08000003,Manchester,MANCH_b5f3211888e9,cf8102571fb2
England,E12000002,E08000003,Manchester,MANCH_aa3567f51785,238a63a70ae8
England,E12000002,E08000003,Manchester,MANCH_e24e565e8444,c30497a0c009
England,E12000002,E08000003,Manchester,MANCH_74db4d774855,4dd9aaf02213
England,E12000002,E08000003,Manchester,MANCH_35845426d6ab,d16f457bd983
England,E12000002,E08000003,Manchester,MANCH_44b595cdf452,1ebf6896c5a8
England,E12000002,E08000003,Manchester,MANCH_a9a46aee67a2,f68d9b33e641
England,E12000002,E08000003,Manchester,MANCH_ea0f0c677444,c89857a3b1d1
England,E12000002,E08000003,Manchester,MANCH_df32c03ec8cc,785b9d99df54
England,E12000002,E08000003,Manchester,MANCH_77d466c212bd,ff234b4bffcd
England,E12000002,E08000003,Manchester,MANCH_f11a928d6cf1,f4e2b1123bae
England,E12000002,E08000003,Manchester,MANCH_06fa2ca5decc,b49e7c7ebb66
England,E12000002,E08000003,Manchester,MANCH_6f80a0a126e2,57866a811687
England,E12000002,E08000003,Manchester,MANCH_13f7db50dff0,d11a4431d2bb
England,E12000002,E08000003,Manchester,MANCH_a2c7045d5f02,df087adbcb4e
England,E12000002,E08000003,Manchester,MANCH_e76cca82ef17,d4d594f7f564
England,E12000002,E08000003,Manchester,MANCH_16525dec3eb8,04dfe435beb8
England,E12000002,E08000003,Manchester,MANCH_95caa9711996,93ff0c88c960
England,E12000002,E08000003,Manchester,MANCH_306fbf1a9d4e,d281857457e0
England,E12000002,E08000003,Manchester,MANCH_6c8fa3ddb497,4d72436fcb82
England,E12000002,E08000003,Manchester,MANCH_2a328bb80174,133837cc4168
England,E12000002,E08000003,Manchester,MANCH_71dd45553cad,b95f9a5666a2
England,E12000002,E08000003,Manchester,MANCH_5871dfedfd70,c212d0a10d83
England,E12000002,E08000003,Manchester,MANCH_fcc74d00c1df,ddb254a4e4d4
England,E12000002,E08000003,Manchester,MANCH_ae41ae20b435,9fb8afc2ccd6
England,E12000002,E08000003,Manchester,MANCH_fad6062af488,1667602542dc
England,E12000002,E08000003,Manchester,MANCH_1d5f72122ccc,7762fad4dd1d
England,E12000002,E08000003,Manchester,MANCH_db22b0f21308,cd800feb2983
England,E12000002,E08000003,Manchester,MANCH_3f7758468cb4,74b69cec990b
England,E12000002,E08000003,Manchester,MANCH_ed6f01fa4638,a77b03a18784
England,E12000002,E08000003,Manchester,MANCH_1e97ae0050cc,70053f60e961
England,E12000002,E08000003,Manchester,MANCH_cfe7dc7eda54,ddd0ef5dcd17
England,E12000002,E08000003,Manchester,MANCH_657ee5c3434a,0d0b2125be97
England,E12000002,E08000003,Manchester,MANCH_088b3a9eb9ab,9c16c5220588
England,E12000002,E08000003,Manchester,MANCH_8cb22d2dc55c,4564d6bc31db
England,E12000002,E08000003,Manchester,MANCH_40cf8e21fdf4,511cf6c1c9ae
England,E12000002,E08000003,Manchester,MANCH_6d8e921d5806,2aab720e0b8d
England,E12000002,E08000003,Manchester,MANCH_827d19eff7d5,61b3a06a4b17
England,E12000002,E08000003,Manchester,MANCH_0435d802a3d8,0bcd8b146609
England,E12000002,E08000003,Manchester,MANCH_fb53535df391,03df0ce8cd67
England,E12000002,E08000003,Manchester,MANCH_800e325cfde3,a666be68b83a
England,E12000002,E08000003,Manchester,MANCH_a3167f2ba3d1,958e3a87e101
England,E12000002,E08000003,Manchester,MANCH_30e4a2adc9c9,69eeed9c686f
England,E12000002,E08000003,Manchester,MANCH_dc302175387f,427a1aabbcd3
England,E12000002,E08000003,Manchester,MANCH_2b933f310860,288bf176e2b3
England,E12000002,E08000003,Manchester,MANCH_05db95f2e6a8,330651625276
England,E12000002,E08000003,Manchester,MANCH_effb110f9ba4,4e9785cf5cbc
England,E12000002,E08000003,Manchester,MANCH_0a4461baaf41,7fe5a6bdd94d
England,E12000002,E08000003,Manchester,MANCH_872bcc022a65,786bdf686cca
England,E12000002,E08000003,Manchester,MANCH_7a48717eb384,7d5456996aa6
England,E12000002,E08000003,Manchester,MANCH_0a9a74b975c6,51a1606b973d
England,E12000002,E08000003,Manchester,MANCH_d5071d062b2f,060d918ffa48
England,E12000002,E08000003,Manchester,MANCH_74dffbeaa8f5,038187d9ca6f
England,E12000002,E08000003,Manchester,MANCH_7a822f881773,10c3dc571df5
England,E12000002,E08000003,Manchester,MANCH_0b584b6ce5ec,5189d2123582
England,E12000002,E08000003,Manchester,MANCH_4de20d55c5f2,7138d4cf05cc
England,E12000002,E08000003,Manchester,MANCH_eb17d637070c,a74a183ab95c
England,E12000002,E08000003,Manchester,MANCH_90647e45b413,6b9456e9db9a
England,E12000002,E08000003,Manchester,MANCH_1d227a66f8e3,61c6de75d8c0
England,E12000002,E08000003,Manchester,MANCH_ca3a6faea69e,1ad4397d507b
England,E12000002,E08000003,Manchester,MANCH_2bf3a005bb41,824b5de6a2ab
England,E12000002,E08000003,Manchester,MANCH_791d113eddb0,1c4372212af6
England,E12000002,E08000003,Manchester,MANCH_c1927e799006,09bd55418d03
England,E12000002,E08000003,Manchester,MANCH_24fb09e8a909,84b672761eff
England,E12000002,E08000003,Manchester,MANCH_f760bcce8063,c3a5793b2087
England,E12000002,E08000003,Manchester,MANCH_731cc340388f,0ee0d4d5b7e2
England,E12000002,E08000003,Manchester,MANCH_ff6670d0eddb,94f6cea358aa
England,E12000002,E08000003,Manchester,MANCH_d78e16487497,9d6d2e774484
England,E12000002,E08000003,Manchester,MANCH_437a24de51b6,65b66afcddf7
England,E12000002,E08000003,Manchester,MANCH_f00874bba2fb,9e9e2dfac98e
England,E12000002,E08000003,Manchester,MANCH_2d8774cf6e26,b1f9e83f1255
England,E12000002,E08000003,Manchester,MANCH_9d66023a6b96,0c48e03a49cc
England,E12000002,E08000003,Manchester,MANCH_2f87700a7be3,0fbd4fe34fee
England,E12000002,E08000003,Manchester,MANCH_f332252da942,79c38bb45354
England,E12000002,E08000003,Manchester,MANCH_af7f0e941f20,5e90ec74b206
England,E12000002,E08000003,Manchester,MANCH_109719be3997,07b4921ddd80
England,E12000002,E08000003,Manchester,MANCH_f82fe0176f47,d03a699abbd9
England,E12000002,E08000003,Manchester,MANCH_d77575f645e2,829410a1dc6d
England,E12000002,E08000003,Manchester,MANCH_ac77f05dbe11,94e59c5f740e
England,E12000002,E08000003,Manchester,MANCH_2ef551381625,d63ccd766a79
England,E12000002,E08000003,Manchester,MANCH_33d5a3db833c,f68a1bfdb4cd
England,E12000002,E08000003,Manchester,MANCH_54a1987087b6,d39e3aad9efd
England,E12000002,E08000003,Manchester,MANCH_47cb76b4d8b7,60bbeec64e77
England,E12000002,E08000003,Manchester,MANCH_9bd81cf80f64,97c1628be514
England,E12000002,E08000003,Manchester,MANCH_2179d7941bbd,182ab140c2d4
England,E12000002,E08000003,Manchester,MANCH_00294f0a2aef,da038eafd76e
England,E12000002,E08000003,Manchester,MANCH_a30bdb059d7d,f6ae409f532a
England,E12000002,E08000003,Manchester,MANCH_a999bd2d41dd,658b6e4434fd
England,E12000002,E08000003,Manchester,MANCH_5d2e7fcb3a68,4b467b8cb314
England,E12000002,E08000003,Manchester,MANCH_860bfc4cc32c,14d842b0e8b9
England,E12000002,E08000003,Manchester,MANCH_65a4561af20c,fd25f54efde3
England,E12000002,E08000003,Manchester,MANCH_f2fcee6a0ac7,30cf3514e1ba
England,E12000002,E08000003,Manchester,MANCH_1dc89a7be5d5,af98d9c525ef
England,E12000002,E08000003,Manchester,MANCH_7adff06b8012,a314fdc8b949
England,E12000002,E08000003,Manchester,MANCH_652376d244d3,fe1753d32f3d
England,E12000002,E08000003,Manchester,MANCH_6b5f31e6ec21,586e37ea596f
England,E12000002,E08000003,Manchester,MANCH_fadba7a0af13,bf10d82c0b7c
England,E12000002,E08000003,Manchester,MANCH_869f777254f0,7ce8959bbb1c
England,E12000002,E08000003,Manchester,MANCH_8b1c840f14bc,c67eda51f9d4
England,E12000002,E08000003,Manchester,MANCH_6b2124b19a2a,6e03419b4489
England,E12000002,E08000003,Manchester,MANCH_b5c976327a5d,94a4eac484e9
England,E12000002,E08000003,Manchester,MANCH_9c626d379171,4cb95f199adc
England,E12000002,E08000003,Manchester,MANCH_c7c7a2245233,b2ee9622162f
England,E12000002,E08000003,Manchester,MANCH_dfa6d079413e,9e6fa7f1d1e1
England,E12000002,E08000003,Manchester,MANCH_d1877c1e438d,0540854b2dd7
England,E12000002,E08000003,Manchester,MANCH_38c7885a55a9,98cc0809c523
England,E12000002,E08000003,Manchester,MANCH_8fa13549aaf4,d45986a79e11
England,E12000002,E08000003,Manchester,MANCH_72489e0bffd8,f645e6acac68
England,E12000002,E08000003,Manchester,MANCH_d662a72a3bac,a37ed50c6e4e
England,E12000002,E08000003,Manchester,MANCH_00c9d49bde9b,8572400c5f47
England,E12000002,E08000003,Manchester,MANCH_3b731e364a04,d472a779ff9d
England,E12000002,E08000003,Manchester,MANCH_9c03ca15fb54,d571dca877cc
England,E12000002,E08000003,Manchester,MANCH_85cb07f11032,f681df52e01f
England,E12000002,E08000003,Manchester,MANCH_14f277b7d206,e269195754e6
England,E12000002,E08000003,Manchester,MANCH_4f79427176b8,7db5cc922971
England,E12000002,E08000003,Manchester,MANCH_cad0ce05b200,ef2b7d3cd54b
England,E12000002,E08000003,Manchester,MANCH_87998364cc1e,666d03231f38
England,E12000002,E08000003,Manchester,MANCH_886659718b8d,7712623a97c2
England,E12000002,E08000003,Manchester,MANCH_7de4afad4421,262b52d5c591
England,E12000002,E08000003,Manchester,MANCH_b176cdc95b26,e7b1b6af1aa3
England,E12000002,E08000003,Manchester,MANCH_c989452d25b6,0e74f9457129
England,E12000002,E08000003,Manchester,MANCH_a67eba3cad92,1c3b3df5fdc2
England,E12000002,E08000003,Manchester,MANCH_b286bc6b1e71,a54e910b252c
England,E12000002,E08000003,Manchester,MANCH_74585181fec6,8bf692a6f795
England,E12000002,E08000003,Manchester,MANCH_c3d7b9dbcd17,f29553339206
England,E12000002,E08000003,Manchester,MANCH_fba53cc7b3b9,44569e6d4117
England,E12000002,E08000003,Manchester,MANCH_f7e3a168874f,7a32d01ee8cb
England,E12000002,E08000003,Manchester,MANCH_0814e0fbba65,80c5376cf489
England,E12000002,E08000003,Manchester,MANCH_e247f96752d1,8fd3ef0a7afd
England,E12000002,E08000003,Manchester,MANCH_7dab621d996d,dfa9ed06004c
England,E12000002,E08000003,Manchester,MANCH_ff347949dde7,f7dcacf0b6b9
England,E12000002,E08000003,Manchester,MANCH_8e59a216a137,8dc2913ce98b
England,E12000002,E08000003,Manchester,MANCH_0b7c828f6f30,a47a71f100f8
England,E12000002,E08000003,Manchester,MANCH_32b9795bbad9,39b115553c1f
England,E12000002,E08000003,Manchester,MANCH_0fabdd63dd51,ddba93246681
England,E12000002,E08000003,Manchester,MANCH_9af370a6c48d,7dd24adf72d3
England,E12000002,E08000003,Manchester,MANCH_53d512f8743b,e784095e8a3b
England,E12000002,E08000003,Manchester,MANCH_458ae08b91ab,4d729bcef625
England,E12000002,E08000003,Manchester,MANCH_3e1ff5df9200,a5ce18a4e6e7
England,E12000002,E08000003,Manchester,MANCH_c8c0138c8f7f,ca6e32fe3915
England,E12000002,E08000003,Manchester,MANCH_326806c96243,e012410d6f2b
England,E12000002,E08000003,Manchester,MANCH_167b7759364b,e8c16507a2f3
England,E12000002,E08000003,Manchester,MANCH_59e5080b4691,ca4cf907636e
England,E12000002,E08000003,Manchester,MANCH_561004c6187f,646a31e6b2ad
England,E12000002,E08000003,Manchester,MANCH_ff8864f6490f,c8955ecb459b
England,E12000002,E08000003,Manchester,MANCH_e83e3655787f,0e82b1454898
England,E12000002,E08000003,Manchester,MANCH_87df63325c80,ca23c0907bd4
England,E12000002,E08000003,Manchester,MANCH_87b26e86e683,5f9a9593966d
England,E12000002,E08000003,Manchester,MANCH_11f023605a33,158e2401e434
England,E12000002,E08000003,Manchester,MANCH_42dc9e54f38e,909e7b9e18cf
England,E12000002,E08000003,Manchester,MANCH_1f0de4220ead,bf6e8b3dc194
England,E12000002,E08000003,Manchester,MANCH_fcf5cb4b392c,da72bb40e4c7
England,E12000002,E08000003,Manchester,MANCH_f7b60d2c7683,0d0698edbd94
England,E12000002,E08000003,Manchester,MANCH_6e1e9c3e9e94,69a8ed97e35a
England,E12000002,E08000003,Manchester,MANCH_955853ec52a6,850f649cd890
England,E12000002,E08000003,Manchester,MANCH_ce451a889733,8020d1c8be3f
England,E12000002,E08000003,Manchester,MANCH_6ecba71081eb,7f371876c4d8
England,E12000002,E08000003,Manchester,MANCH_94d79bcd10b0,39d4d25f051f
England,E12000002,E08000003,Manchester,MANCH_fb83917c951b,f583f8c01bb5
England,E12000002,E08000003,Manchester,MANCH_6b8215a01885,2db312acd565
England,E12000002,E08000003,Manchester,MANCH_6ff45db8cdbb,90091af84758
England,E12000002,E08000003,Manchester,MANCH_214c363d8612,c8c9111985c2
England,E12000002,E08000003,Manchester,MANCH_2f0096399f35,c1d0e37f8479
England,E12000002,E08000003,Manchester,MANCH_7b5b112e85f2,f1077c3d7f06
England,E12000002,E08000003,Manchester,MANCH_a3bf7bb2398b,8a840da21f39
England,E12000002,E08000003,Manchester,MANCH_6b385ad8b8a3,65bd77142c7e
England,E12000002,E08000003,Manchester,MANCH_455d1e95ea6c,3cc35533e662
England,E12000002,E08000003,Manchester,MANCH_a5ca11900a8b,cfd019ad531c
England,E12000002,E08000003,Manchester,MANCH_e6c47c8154c0,3f60da49b9fc
England,E12000002,E08000003,Manchester,MANCH_3e226a3c0f2b,6ac92d812ace
England,E12000002,E08000003,Manchester,MANCH_f9d0e07770bc,2e2bb608b73a
England,E12000002,E08000003,Manchester,MANCH_ed5f748dece6,f80932073e6a
England,E12000002,E08000003,Manchester,MANCH_8ab1c0374e18,bb4bf4b92c82
England,E12000002,E08000003,Manchester,MANCH_ef10654bf515,a33390bb00e7
England,E12000002,E08000003,Manchester,MANCH_690217968fef,5cc45a3a693c
England,E12000002,E08000003,Manchester,MANCH_b975f7633f65,c82bbd5e95fe
England,E12000002,E08000003,Manchester,MANCH_bf1727ff5a96,09376ea4285a
England,E12000002,E08000003,Manchester,MANCH_d586f3c7f602,aed6fe4e0b9f
England,E12000002,E08000003,Manchester,MANCH_badc99b2a916,7dd5e16cc392
England,E12000002,E08000003,Manchester,MANCH_72f0edb5c6dc,379a0393f5a9
England,E12000002,E08000003,Manchester,MANCH_2e00491f8022,d3a236aa08ec
England,E12000002,E08000003,Manchester,MANCH_4503eca9fe00,9cafd43ff689
England,E12000002,E08000003,Manchester,MANCH_b2d20cb342d2,c8c4c2dc174e
England,E12000002,E08000003,Manchester,MANCH_3ded57f227ce,7b3d8660929f
England,E12000002,E08000003,Manchester,MANCH_825c18c7b9eb,2b1cc86a07e0
England,E12000002,E08000003,Manchester,MANCH_b1441e87278f,e05bdfada63e
England,E12000002,E08000003,Manchester,MANCH_f0f4ca2ce365,a0b819e3e75c
England,E12000002,E08000003,Manchester,MANCH_ea4b5ed79b23,1b1f17cf31a8
England,E12000002,E08000003,Manchester,MANCH_038d5515b986,bb2878e3f5c2
England,E12000002,E08000003,Manchester,MANCH_0b54cd530e0a,ff56a0cd144d
England,E12000002,E08000003,Manchester,MANCH_56df15d476c3,8235c659a1a6
England,E12000002,E08000003,Manchester,MANCH_1514b5c35d77,d67fa4886be8
England,E12000002,E08000003,Manchester,MANCH_ae3289490075,f5030c2b06e4
England,E12000002,E08000003,Manchester,MANCH_a4e277b80a82,6021d459b060
England,E12000002,E08000003,Manchester,MANCH_0a8b4343c59c,4f7f5922da1d
England,E12000002,E08000003,Manchester,MANCH_a2069003377e,169c29a2747d
England,E12000002,E08000003,Manchester,MANCH_6ee178b21972,a319cc20801c
England,E12000002,E08000003,Manchester,MANCH_d896afdbfccf,28b463e39d98
England,E12000002,E08000003,Manchester,MANCH_8a9134deb6f5,dd98a4f79a49
England,E12000002,E08000003,Manchester,MANCH_71fdb796953e,88903668c530
England,E12000002,E08000003,Manchester,MANCH_463b859dae74,22e0a7fe286e
England,E12000002,E08000003,Manchester,MANCH_fda55f5c7c19,a75655877c44
England,E12000002,E08000003,Manchester,MANCH_6bf910ee4b2f,a2515a11b6dd
England,E12000002,E08000003,Manchester,MANCH_1ddf6a3149fd,3cfdcad0ff2c
England,E12000002,E08000003,Manchester,MANCH_8d0c8893b0c8,83a0ee82ad44
England,E12000002,E08000003,Manchester,MANCH_21cfcdf9887c,8f974a58de02
England,E12000002,E08000003,Manchester,MANCH_0865368b625f,550fa1e863ed
England,E12000002,E08000003,Manchester,MANCH_f723c56323ee,88afaffff082
England,E12000002,E08000003,Manchester,MANCH_5b442a62684d,5c3157b86afc
England,E12000002,E08000003,Manchester,MANCH_a228bbf79508,cb1989440a96
England,E12000002,E08000003,Manchester,MANCH_a133dacd0306,a8e6a7c4e7b6
England,E12000002,E08000003,Manchester,MANCH_f1a280c8a3fd,0d2ab0e4ebd6
England,E12000002,E08000003,Manchester,MANCH_974f23914438,5962bd5ff4f5
England,E12000002,E08000003,Manchester,MANCH_d8c3af13fe82,8c3141f268cf
England,E12000002,E08000003,Manchester,MANCH_dbace496af6e,d4bb99f7b19e
England,E12000002,E08000003,Manchester,MANCH_b060c8952fc8,b34f58406924
England,E12000002,E08000003,Manchester,MANCH_0a1f53450cac,d045a0eb3067
England,E12000002,E08000003,Manchester,MANCH_7f8c661d0bb4,79887def956f
England,E12000002,E08000003,Manchester,MANCH_61bec4bf4b7e,61e454c1a2b4
England,E12000002,E08000003,Manchester,MANCH_a3e1e5e8985f,cbfc766bacb4
England,E12000002,E08000003,Manchester,MANCH_53793dcfc3e9,70a863c147d8
England,E12000002,E08000003,Manchester,MANCH_88d4c26a3a9a,b3bc22ed027c
England,E12000002,E08000003,Manchester,MANCH_4e5fca218017,69fc68afbe2c
England,E12000002,E08000003,Manchester,MANCH_df551f6f9ec0,d1d943d05459
England,E12000002,E08000003,Manchester,MANCH_7e8f09ba1886,5f2061458a8d
England,E12000002,E08000003,Manchester,MANCH_5fe939eaa9c2,47c34cd28975
England,E12000002,E08000003,Manchester,MANCH_b4f69a57ff61,1c70a9a297b3
England,E12000002,E08000003,Manchester,MANCH_911b86d37c94,0e7e553ec913
England,E12000002,E08000003,Manchester,MANCH_893e4ebb94f5,be906de709d2
England,E12000002,E08000003,Manchester,MANCH_f9344934cb38,7d1696b85916
England,E12000002,E08000003,Manchester,MANCH_d8942f6f4113,b6a8e6a85003
England,E12000002,E08000003,Manchester,MANCH_1253d40ff1be,d13ede937c58
England,E12000002,E08000003,Manchester,MANCH_3b241086d191,c06969305271
England,E12000002,E08000003,Manchester,MANCH_a70263d19bc7,0ad4e9693b10
England,E12000002,E08000003,Manchester,MANCH_cb39db008816,631d4e14f8ad
England,E12000002,E08000003,Manchester,MANCH_d67e64bab8f6,acaf8fb2304a
England,E12000002,E08000003,Manchester,MANCH_38f2743e045a,a6086ab3a91e
England,E12000002,E08000003,Manchester,MANCH_e0b2f8e2d61b,3718a0b107c4
England,E12000002,E08000003,Manchester,MANCH_090b590424e3,d640f71830a6
England,E12000002,E08000003,Manchester,MANCH_d476354e1cbd,c2e8b98992e2
England,E12000002,E08000003,Manchester,MANCH_580ea89925d8,5275aab12b78
England,E12000002,E08000003,Manchester,MANCH_3aea8fa3a6a7,ddae9c682240
England,E12000002,E08000003,Manchester,MANCH_4d45264923ad,931c528dbb0d
England,E12000002,E08000003,Manchester,MANCH_9236b6ca5202,1b9141d55359
England,E12000002,E08000003,Manchester,MANCH_09c8620912c0,aa61e539dcd7
England,E12000002,E08000003,Manchester,MANCH_431be6f36ff1,a777680542d7
England,E12000002,E08000003,Manchester,MANCH_ed6ec3d15088,7b1b16a4c3e6
England,E12000002,E08000003,Manchester,MANCH_01e8d970e908,1fcb16595f14
England,E12000002,E08000003,Manchester,MANCH_83c6f46447fd,8a46e862ba55
England,E12000002,E08000003,Manchester,MANCH_c1e1789fea2c,4855bbc7b518
England,E12000002,E08000003,Manchester,MANCH_3678cae05ce8,5fda5c222393
England,E12000002,E08000003,Manchester,MANCH_cfea2c94fbf4,80823bb828d4
England,E12000002,E08000003,Manchester,MANCH_82d5b741aa9f,f50970fcd48a
England,E12000002,E08000003,Manchester,MANCH_f2acca77a3c7,e8706d06e8ae
England,E12000002,E08000003,Manchester,MANCH_3b633367866b,1aa804738dbb
England,E12000002,E08000003,Manchester,MANCH_729b2a27d0ff,63cf9a266adc
England,E12000002,E08000003,Manchester,MANCH_0fbb11bfc2ad,c9932820f432
England,E12000002,E08000003,Manchester,MANCH_62b1a52f909c,b8788b2fc38f
England,E12000002,E08000003,Manchester,MANCH_55bcd050ca44,d81843efd0fe
England,E12000002,E08000003,Manchester,MANCH_1bd7daa0d0d5,72d949638c4a
England,E12000002,E08000003,Manchester,MANCH_31298dade847,a42554a6bd51
England,E12000002,E08000003,Manchester,MANCH_a08ca8626a89,45f4d7008dc5
England,E12000002,E08000003,Manchester,MANCH_ab660fad8178,182aa6072fd1
England,E12000002,E08000003,Manchester,MANCH_03e6e001d085,6c64899ffaea
England,E12000002,E08000003,Manchester,MANCH_13f6465e2f5b,0dc6d020a8a4
England,E12000002,E08000003,Manchester,MANCH_050041613bd1,5c2fbe95fa30
England,E12000002,E08000003,Manchester,MANCH_94e9f1385177,ebdf69009857
England,E12000002,E08000003,Manchester,MANCH_7815a11bf991,5dfc3735121d
England,E12000002,E08000003,Manchester,MANCH_b8e3c13769cb,c23ddfccdcf1
England,E12000002,E08000003,Manchester,MANCH_a87e0e4bd5f0,87f76c417042
England,E12000002,E08000003,Manchester,MANCH_1dfb86288253,a6ce9f8387db
England,E12000002,E08000003,Manchester,MANCH_f53290d0d80c,2f82baa3cd13
England,E12000002,E08000003,Manchester,MANCH_e761ac666706,d5751f8051e4
England,E12000002,E08000003,Manchester,MANCH_4f110ba873cd,8b754f085c0f
England,E12000002,E08000003,Manchester,MANCH_1a147f3a680c,22e95bcb6744
England,E12000002,E08000003,Manchester,MANCH_8b1fe4e5769a,8059d93f5dd6
England,E12000002,E08000003,Manchester,MANCH_7a254de5e706,2a1bae91c6ce
England,E12000002,E08000003,Manchester,MANCH_7de98ab77e28,6d07f8583e1d
England,E12000002,E08000003,Manchester,MANCH_062fd1cb25a9,a5936c176487
England,E12000002,E08000003,Manchester,MANCH_149788eef088,b7acb61299a9
England,E12000002,E08000003,Manchester,MANCH_92716a55c344,1df92f57e05f
England,E12000002,E08000003,Manchester,MANCH_831e9d91ff51,a57a6c1425bf
England,E12000002,E08000003,Manchester,MANCH_da062f04af7e,6210f39a57c3
England,E12000002,E08000003,Manchester,MANCH_6150b1b86294,42d43b0152d6
England,E12000002,E08000003,Manchester,MANCH_b503d24d7b25,8ef040bd0088
England,E12000002,E08000003,Manchester,MANCH_9cef311ff354,1c01466d0fe3
England,E12000002,E08000003,Manchester,MANCH_a8aa4ffebadc,8be38fcc44b9
England,E12000002,E08000003,Manchester,MANCH_409678fbe3be,70d664938b76
England,E12000002,E08000003,Manchester,MANCH_7f3821436629,174a42f42e80
England,E12000002,E08000003,Manchester,MANCH_489b8918d9b5,0bf25fa2304e
England,E12000002,E08000003,Manchester,MANCH_ff4bd8efbfd4,e3f4855b2a76
England,E12000002,E08000003,Manchester,MANCH_a4f4192b0eeb,b7990af39424
England,E12000002,E08000003,Manchester,MANCH_ae6698b7b0ed,7055c09c7890
England,E12000002,E08000003,Manchester,MANCH_f6a352e38ef5,4653dc491f97
England,E12000002,E08000003,Manchester,MANCH_45b731ee30d5,c82b669ffca3
England,E12000002,E08000003,Manchester,MANCH_60b39265156a,1c8cb88a15ec
England,E12000002,E08000003,Manchester,MANCH_3924eafdfb43,7f198d652c39
England,E12000002,E08000003,Manchester,MANCH_092920192602,27ea16ea2d80
England,E12000002,E08000003,Manchester,MANCH_d7d4ee4bc05e,907ef5119c4f
England,E12000002,E08000003,Manchester,MANCH_b043d29fb9db,18f3ddca8af7
England,E12000002,E08000003,Manchester,MANCH_e800c2438295,fd2b2715a238
England,E12000002,E08000003,Manchester,MANCH_3ef78bf14f19,355b761d79ad
England,E12000002,E08000003,Manchester,MANCH_8221f73ca14d,3d89bc1f0b57
England,E12000002,E08000003,Manchester,MANCH_56bde0fbeb6a,e211361f4797
England,E12000002,E08000003,Manchester,MANCH_be488f8eadd3,c5e164289ec3
England,E12000002,E08000003,Manchester,MANCH_e35ae78e6b32,b1f8c369ce1f
England,E12000002,E08000003,Manchester,MANCH_2bab2f82e7f7,eeaa3e1376c4
England,E12000002,E08000003,Manchester,MANCH_ff1f08436c15,5576c0bcfe9e
England,E12000002,E08000003,Manchester,MANCH_bd31a5e98ca6,0be582811b40
England,E12000002,E08000003,Manchester,MANCH_f904cfb2af77,5519a99bd2e1
England,E12000002,E08000003,Manchester,MANCH_3cb8041ffc62,73a416138bd0
England,E12000002,E08000003,Manchester,MANCH_2d52dff06f98,e4b045402fb2
England,E12000002,E08000003,Manchester,MANCH_9ee8fad158cb,721545ecdf34
England,E12000002,E08000003,Manchester,MANCH_87c900df6224,faaf3e5ec8e5
England,E12000002,E08000003,Manchester,MANCH_0b84efd33a64,09b25fbc4dd9
England,E12000002,E08000003,Manchester,MANCH_e1cfea05beea,95849250fb2e
England,E12000002,E08000003,Manchester,MANCH_db5b8d3c4d4c,bb097ace1aab
England,E12000002,E08000003,Manchester,MANCH_df0c15c2ec74,6a5432dc79d2
England,E12000002,E08000003,Manchester,MANCH_41744cca7c21,854153dd4ea0
England,E12000002,E08000003,Manchester,MANCH_2639c54b12d7,dd1e862eef4f
England,E12000002,E08000003,Manchester,MANCH_055216c360d5,bca88fe69b0c
England,E12000002,E08000003,Manchester,MANCH_76744b2cc403,a08e24e03191
England,E12000002,E08000003,Manchester,MANCH_f452e63cb3ae,226ea6fd2e5c
England,E12000002,E08000003,Manchester,MANCH_cc376e088120,f7d6e4116a93
England,E12000002,E08000003,Manchester,MANCH_2a8a9e2700f6,29aa65a31324
England,E12000002,E08000003,Manchester,MANCH_9418191e4e08,50959a5ff7b7
England,E12000002,E08000003,Manchester,MANCH_70ec999f9848,b36c183eec58
England,E12000002,E08000003,Manchester,MANCH_7f3404aa4dce,56fb7e383514
England,E12000002,E08000003,Manchester,MANCH_51e0bfb9f5ed,6851c959d4e9
England,E12000002,E08000003,Manchester,MANCH_6a8cceaa43d3,5b06bde6f35d
England,E12000002,E08000003,Manchester,MANCH_932beb08d3a9,432537024ed3
England,E12000002,E08000003,Manchester,MANCH_1de2c6a1de02,f87c85822da5
England,E12000002,E08000003,Manchester,MANCH_76001416aeea,b0d2dd406e02
England,E12000002,E08000003,Manchester,MANCH_9ea0a7deb2a5,5db4932f9d9a
England,E12000002,E08000003,Manchester,MANCH_165acc3e2980,b1e0874c8425
England,E12000002,E08000003,Manchester,MANCH_0d7a09ccf19f,3e3214d8dc10
England,E12000002,E08000003,Manchester,MANCH_7da0239e77b9,5dad43405961
England,E12000002,E08000003,Manchester,MANCH_f29dd8bcef82,2c3c07cbe7be
England,E12000002,E08000003,Manchester,MANCH_eb7936abe27c,d3f69c875036
England,E12000002,E08000003,Manchester,MANCH_acee6b0f2d1b,173a13b5635c
England,E12000002,E08000003,Manchester,MANCH_224fc879859d,c6121f73a6c6
England,E12000002,E08000003,Manchester,MANCH_c2edc07fa2ef,2b13f7e7656d
England,E12000002,E08000003,Manchester,MANCH_03835f3783ce,3bf1ad937e35
England,E12000002,E08000003,Manchester,MANCH_521f4b056b56,dec863257dfc
England,E12000002,E08000003,Manchester,MANCH_25f8e4e8bd6e,13c0851c1299
England,E12000002,E08000003,Manchester,MANCH_73ab54520839,6d80fa11542f
England,E12000002,E08000003,Manchester,MANCH_2604cb3d58f1,93f932fe80c3
England,E12000002,E08000003,Manchester,MANCH_055ea0342660,e80709616d55
England,E12000002,E08000003,Manchester,MANCH_c37c75e3d6d6,7d4317549741
England,E12000002,E08000003,Manchester,MANCH_7588bb70f039,947f3175eed8
England,E12000002,E08000003,Manchester,MANCH_3f1aa7db5a75,5700d40c2e01
England,E12000002,E08000003,Manchester,MANCH_1b57049661b8,f58b2629f9a8
England,E12000002,E08000003,Manchester,MANCH_2c798c99bfed,0981b0f07721
England,E12000002,E08000003,Manchester,MANCH_c2d9fb428f3b,297558024bec
England,E12000002,E08000003,Manchester,MANCH_83c1c6c73d91,d19e2f948802
England,E12000002,E08000003,Manchester,MANCH_3cc78dbbf2f4,21c0f798ae71
England,E12000002,E08000003,Manchester,MANCH_6142d5e509e4,80b55e7b2c18
England,E12000002,E08000003,Manchester,MANCH_5460b54a43b9,bfe48ac84aa7
England,E12000002,E08000003,Manchester,MANCH_0ae70f8a7d5a,ab66a538e44e
England,E12000002,E08000003,Manchester,MANCH_47fd0d03b757,be734f1c0593
England,E12000002,E08000003,Manchester,MANCH_c763ecc197fd,ed01eb87d02c
England,E12000002,E08000003,Manchester,MANCH_bae1da5c5486,939fa818801a
England,E12000002,E08000003,Manchester,MANCH_72fc1cdd9814,458b155b329d
England,E12000002,E08000003,Manchester,MANCH_e32619f31432,9af1af50f8b0
England,E12000002,E08000003,Manchester,MANCH_56cc801973ad,3defab5cfb91
England,E12000002,E08000003,Manchester,MANCH_acbaba148460,05b28ba4d22b
England,E12000002,E08000003,Manchester,MANCH_fdd9c9401616,556fd774b243
England,E12000002,E08000003,Manchester,MANCH_a08093e5fccb,30436c393633
England,E12000002,E08000003,Manchester,MANCH_7cfc5a4b8ec8,7f5e322d3524
England,E12000002,E08000003,Manchester,MANCH_01ce40c67ff9,3663c86ef141
England,E12000002,E08000003,Manchester,MANCH_42ef7598a656,b9dd090b8df1
England,E12000002,E08000003,Manchester,MANCH_979543f5f447,7c7144d287c6
England,E12000002,E08000003,Manchester,MANCH_343640ec1bba,7978c6627338
England,E12000002,E08000003,Manchester,MANCH_b0632136c25e,e19c42fdd09b
England,E12000002,E08000003,Manchester,MANCH_5a61df534f69,e9256e389be3
England,E12000002,E08000003,Manchester,MANCH_b34826322e26,51681d8e8e03
England,E12000002,E08000003,Manchester,MANCH_ec90741ae426,154a87306d6c
England,E12000002,E08000003,Manchester,MANCH_95cd7c369484,1052e7a5dd7f
England,E12000002,E08000003,Manchester,MANCH_ae53d51adbc4,2babac52f12c
England,E12000002,E08000003,Manchester,MANCH_a9fccb43b9f2,5df79ca61687
England,E12000002,E08000003,Manchester,MANCH_2ce80c65e588,5f8a8686ff51
England,E12000002,E08000003,Manchester,MANCH_10c088ef5203,b3009c363d74
England,E12000002,E08000003,Manchester,MANCH_2efee21648d4,d30d1935dcbd
England,E12000002,E08000003,Manchester,MANCH_7b8ef9492ef2,efd70cabf2cf
England,E12000002,E08000003,Manchester,MANCH_4446b06fd23c,12008579de18
England,E12000002,E08000003,Manchester,MANCH_8cdad41feeca,e6548faa6e34
England,E12000002,E08000003,Manchester,MANCH_8bf45dea0395,ce9ad3acb883
England,E12000002,E08000003,Manchester,MANCH_5b35f399c797,43e7ab0f7ca5
England,E12000002,E08000003,Manchester,MANCH_c39365b13d8c,41118c03d257
England,E12000002,E08000003,Manchester,MANCH_6d72e315a490,6b5704d655e8
England,E12000002,E08000003,Manchester,MANCH_6fb4f726f6f7,8e60e81ad14e
England,E12000002,E08000003,Manchester,MANCH_9d095d4ad250,0a6ecad868fe
England,E12000002,E08000003,Manchester,MANCH_05af34fb8cbb,40527ac2b8f2
England,E12000002,E08000003,Manchester,MANCH_b7ea0f6b07a7,7b71146f42cb
England,E12000002,E08000003,Manchester,MANCH_e969a8accb1a,f809cf8aeb6b
England,E12000002,E08000003,Manchester,MANCH_f93be59964c1,f1354c28d76b
England,E12000002,E08000003,Manchester,MANCH_0f4337615e49,47db45e05356
England,E12000002,E08000003,Manchester,MANCH_065c5950388a,0fdcc9cf62df
England,E12000002,E08000003,Manchester,MANCH_6ab64f193980,669856e9b65d
England,E12000002,E08000003,Manchester,MANCH_468f7e26efa6,91764af230a3
England,E12000002,E08000003,Manchester,MANCH_f175502dbbd3,b588fa4cd943
England,E12000002,E08000003,Manchester,MANCH_b25723718b3e,bc700864e739
England,E12000002,E08000003,Manchester,MANCH_e357b116edfb,fd084a628fa1
England,E12000002,E08000003,Manchester,MANCH_5ebe1ebb80e3,d5f5ea30ad12
England,E12000002,E08000003,Manchester,MANCH_39f4f9fa5fea,1e3102d9f53f
England,E12000002,E08000003,Manchester,MANCH_2f85e5bfa022,6eb17c113fe8
England,E12000002,E08000003,Manchester,MANCH_c31c39fb0eea,2d793ded87cf
England,E12000002,E08000003,Manchester,MANCH_646bfe5fe28d,257fcc48c620
England,E12000002,E08000003,Manchester,MANCH_bf8498c8b398,0f93e1218216
England,E12000002,E08000003,Manchester,MANCH_a36a66fd49d1,0e4283c0d188
England,E12000002,E08000003,Manchester,MANCH_341775fa840c,24a6400759f4
England,E12000002,E08000003,Manchester,MANCH_b6064ff58589,f90969c13c81
England,E12000002,E08000003,Manchester,MANCH_b57d8b51cb23,7cd101baaaa7
England,E12000002,E08000003,Manchester,MANCH_760cdcd79943,d03d15171872
England,E12000002,E08000003,Manchester,MANCH_0cd7227a2aa5,a9fb27b196ff
England,E12000002,E08000003,Manchester,MANCH_595157bb718a,fd22ad72f0fd
England,E12000002,E08000003,Manchester,MANCH_b0dd828d816f,73d127b184af
England,E12000002,E08000003,Manchester,MANCH_237ee3854898,1ac438d52e0a
England,E12000002,E08000003,Manchester,MANCH_50c91d5cd974,264a51196d47
England,E12000002,E08000003,Manchester,MANCH_6f01f3fbc4c3,1535d7393078
England,E12000002,E08000003,Manchester,MANCH_734272ab524c,46036357e889
England,E12000002,E08000003,Manchester,MANCH_9bb1a51ea217,5e08930b3fe0
England,E12000002,E08000003,Manchester,MANCH_a0f5d090e0ba,60e4d79068ec
England,E12000002,E08000003,Manchester,MANCH_2d5aa1e5ca0e,20c598f12e6e
England,E12000002,E08000003,Manchester,MANCH_ab0ba7244b63,3c35f4b9bcd6
England,E12000002,E08000003,Manchester,MANCH_f563d8fe6139,07fe3e2413f5
England,E12000002,E08000003,Manchester,MANCH_d61ea345d7b1,454cfc3ce5ba
England,E12000002,E08000003,Manchester,MANCH_f40153521b83,ff8de1d148c7
England,E12000002,E08000003,Manchester,MANCH_0e1702291d90,181217b967df
England,E12000002,E08000003,Manchester,MANCH_70de49a82ab3,81d1ec1a348c
England,E12000002,E08000003,Manchester,MANCH_69fbaf849d08,403c29224188
England,E12000002,E08000003,Manchester,MANCH_95c9c77c3e13,774e6f1a51d8
England,E12000002,E08000003,Manchester,MANCH_be890e1e0584,875faf2be298
England,E12000002,E08000003,Manchester,MANCH_992e402347b8,1e4d6b23e8cb
England,E12000002,E08000003,Manchester,MANCH_9b1ff62a86a1,c86eb82cddd2
England,E12000002,E08000003,Manchester,MANCH_fc5bf1e65269,5148494ed34d
England,E12000002,E08000003,Manchester,MANCH_a3b268399e19,acce4ad060fa
England,E12000002,E08000003,Manchester,MANCH_907c9467b02f,181e3f5e893d
England,E12000002,E08000003,Manchester,MANCH_a7981f4f0f1e,ce145ca3305c
England,E12000002,E08000003,Manchester,MANCH_3c0794ee9709,43bf2277db2e
England,E12000002,E08000003,Manchester,MANCH_05f6a61c5434,85c96421d225
England,E12000002,E08000003,Manchester,MANCH_3cba01132770,e9aff4f02c42
England,E12000002,E08000003,Manchester,MANCH_68af69c00345,d4feba430970
England,E12000002,E08000003,Manchester,MANCH_521e7461f594,f77e7ecc1c9e
England,E12000002,E08000003,Manchester,MANCH_4048fed6c0dc,0dafdd243c18
England,E12000002,E08000003,Manchester,MANCH_ff8e9788dea8,a15b8f7a518e
England,E12000002,E08000003,Manchester,MANCH_c972f2293939,11c42a67f5e6
England,E12000002,E08000003,Manchester,MANCH_283cede125e8,86d465bbdc1c
England,E12000002,E08000003,Manchester,MANCH_10660be91a27,0bbcd6785186
England,E12000002,E08000003,Manchester,MANCH_1e304cf7e171,f176fe841e81
England,E12000002,E08000003,Manchester,MANCH_e702cbb584d8,fe558eb36ad6
England,E12000002,E08000003,Manchester,MANCH_ac823d43a0a3,cde66e44c0ca
England,E12000002,E08000003,Manchester,MANCH_93ca8254f505,788775d055df
England,E12000002,E08000003,Manchester,MANCH_99c5e354f12d,d215cf9fe459
England,E12000002,E08000003,Manchester,MANCH_f8116df8f9dc,4634462aeff0
England,E12000002,E08000003,Manchester,MANCH_2a2f4d5b8e62,3a458f7e19d6
England,E12000002,E08000003,Manchester,MANCH_5b756e4ea5a7,30e5b7663f90
England,E12000002,E08000003,Manchester,MANCH_d369d8cbe4c5,85a017f99d96
England,E12000002,E08000003,Manchester,MANCH_2fd59fbe3a94,348c9409940e
England,E12000002,E08000003,Manchester,MANCH_8f47fda80c21,1b8d696c7e44
England,E12000002,E08000003,Manchester,MANCH_68d14fb0b2c7,1e1ab3bdb185
England,E12000002,E08000003,Manchester,MANCH_da7bc92e770b,110eb0e0b6dd
England,E12000002,E08000003,Manchester,MANCH_6f25c91676bf,658258283281
England,E12000002,E08000003,Manchester,MANCH_bb38c9392a14,7f1e943c9c28
England,E12000002,E08000003,Manchester,MANCH_64a029851114,4e5eca1c6730
England,E12000002,E08000003,Manchester,MANCH_69e53bc66980,a084e78ea91c
England,E12000002,E08000003,Manchester,MANCH_195d9fea34ed,10262f14ad7c
England,E12000002,E08000003,Manchester,MANCH_5a503a9009f6,0c0dafa611b4
England,E12000002,E08000003,Manchester,MANCH_cea97ff4f9f5,0b4b9a6744fb
England,E12000002,E08000003,Manchester,MANCH_03c0ceb68923,1ebfb9ed81f2
England,E12000002,E08000003,Manchester,MANCH_305ec0872111,432464d4a20c
England,E12000002,E08000003,Manchester,MANCH_d79475c84ec8,d7d116160ccc
England,E12000002,E08000003,Manchester,MANCH_8af5d8096631,e204f617348d
England,E12000002,E08000003,Manchester,MANCH_b35787246c4c,5e34f1691648
England,E12000002,E08000003,Manchester,MANCH_8c6a82df2157,264e4038cff1
England,E12000002,E08000003,Manchester,MANCH_cf89ab1f652d,25eb0a01bbd5
England,E12000002,E08000003,Manchester,MANCH_9a8c6b94ae0e,212a4a6b06e2
England,E12000002,E08000003,Manchester,MANCH_96525b7ffd39,7493c849728a
England,E12000002,E08000003,Manchester,MANCH_80d87075bdd6,bf3182762528
England,E12000002,E08000003,Manchester,MANCH_372d476dbd79,17a460f77a23
England,E12000002,E08000003,Manchester,MANCH_6d3ffba1cbbb,69138b7325cc
England,E12000002,E08000003,Manchester,MANCH_196f60de04e4,c919c0a4244d
England,E12000002,E08000003,Manchester,MANCH_252dcbf9a379,289a535cc865
England,E12000002,E08000003,Manchester,MANCH_26f8bf2f6434,ef44457971b5
England,E12000002,E08000003,Manchester,MANCH_0d5a8ca5919a,ce08dc5768f5
England,E12000002,E08000003,Manchester,MANCH_7ebd37ca5d32,ceb03aa08820
England,E12000002,E08000003,Manchester,MANCH_971d01d796ad,102b05edb553
England,E12000002,E08000003,Manchester,MANCH_2ee133611484,0994161de17c
England,E12000002,E08000003,Manchester,MANCH_061964eeeb25,706573a91e6d
England,E12000002,E08000003,Manchester,MANCH_84da6608f179,b23ce544d15e
England,E12000002,E08000003,Manchester,MANCH_eec61837d02a,ecb9928cdc83
England,E12000002,E08000003,Manchester,MANCH_bcff66f870f0,c8bef28c2789
England,E12000002,E08000003,Manchester,MANCH_a7958fc414d8,09d0d6f83755
England,E12000002,E08000003,Manchester,MANCH_212e8920a903,487740668ad2
England,E12000002,E08000003,Manchester,MANCH_a3c41b98c4e1,fcdd7d93f3a4
England,E12000002,E08000003,Manchester,MANCH_ed68aeb8300d,1efb000dddef
England,E12000002,E08000003,Manchester,MANCH_d58e72208829,dc5c5aeb8167
England,E12000002,E08000003,Manchester,MANCH_e78932ec02fc,ec9a87be6b24
England,E12000002,E08000003,Manchester,MANCH_139c585416be,a0d736deef3b
England,E12000002,E08000003,Manchester,MANCH_c322e4d8d56d,499cdb0d2be4
England,E12000002,E08000003,Manchester,MANCH_f3b474e2564c,04532f6764d1
England,E12000002,E08000003,Manchester,MANCH_5450bb40f3f8,5b93bf50a1e0
England,E12000002,E08000003,Manchester,MANCH_753e43e894a3,879d33847b87
England,E12000002,E08000003,Manchester,MANCH_fb3500b671e0,6df730ba968d
England,E12000002,E08000003,Manchester,MANCH_379e6995ec5f,3b7c181aecc7
England,E12000002,E08000003,Manchester,MANCH_53c97c84e807,b2f7792ee95f
England,E12000002,E08000003,Manchester,MANCH_5405411d6f70,a1f77c73888c
England,E12000002,E08000003,Manchester,MANCH_abeb937996f2,48a55a3fb7e9
England,E12000002,E08000003,Manchester,MANCH_52ec844df0f4,143d34d27a3e
England,E12000002,E08000003,Manchester,MANCH_d8e046bca941,3826bd1e6d3f
England,E12000002,E08000003,Manchester,MANCH_2ae947f0632a,8d4c78bd9e61
England,E12000002,E08000003,Manchester,MANCH_5062264327b8,da0bbc583043
England,E12000002,E08000003,Manchester,MANCH_bef035b32033,08ef796d98da
England,E12000002,E08000003,Manchester,MANCH_6bfb46e4f51a,467aecb193b9
England,E12000002,E08000003,Manchester,MANCH_00cdca2910f3,5e6b7e8244ac
England,E12000002,E08000003,Manchester,MANCH_b54275f297b4,a414bf29f372
England,E12000002,E08000003,Manchester,MANCH_e20fd22e96ae,9b18f12fe2a3
England,E12000002,E08000003,Manchester,MANCH_8bdfc566d14e,af7fff1f891d
England,E12000002,E08000003,Manchester,MANCH_847021a73fee,9b90bddd35a7
England,E12000002,E08000003,Manchester,MANCH_f833b02013b0,94b2b8aec67d
England,E12000002,E08000003,Manchester,MANCH_32d4ffe59cb3,bd59c9d77b00
England,E12000002,E08000003,Manchester,MANCH_f6cfec5e4117,7ec3c6723d16
England,E12000002,E08000003,Manchester,MANCH_47fc28e9d65f,1fc5b08742b0
England,E12000002,E08000003,Manchester,MANCH_abe1c716d51c,335baa2e5879
England,E12000002,E08000003,Manchester,MANCH_407f19114787,eefeb9179e62
England,E12000002,E08000003,Manchester,MANCH_96427d31f0c8,0bed2e5f5000
England,E12000002,E08000003,Manchester,MANCH_72c3811b6f54,e756c81dbac5
England,E12000002,E08000003,Manchester,MANCH_d5cd392a462b,b44183c56361
England,E12000002,E08000003,Manchester,MANCH_40b554c8c481,bebd9e53284b
England,E12000002,E08000003,Manchester,MANCH_ada4d59e4738,a54c3bc40299
England,E12000002,E08000003,Manchester,MANCH_14779d23bd52,f026a175de4e
England,E12000002,E08000003,Manchester,MANCH_5fa54bd7cba9,f531048f1fe3
England,E12000002,E08000003,Manchester,MANCH_54360143fb23,f4152c6476b6
England,E12000002,E08000003,Manchester,MANCH_95d5e3ef5a2a,b0de49f8a18b
England,E12000002,E08000003,Manchester,MANCH_cb6bef19e94a,e1868e23df3b
England,E12000002,E08000003,Manchester,MANCH_87bb24624119,bbd83c8cf319
England,E12000002,E08000003,Manchester,MANCH_9ecc51e4ee13,e356916b8275
England,E12000002,E08000003,Manchester,MANCH_7b19b5f87bd8,eb3a1e21e0af
England,E12000002,E08000003,Manchester,MANCH_49542824fe5d,1e5a445ba3c2
England,E12000002,E08000003,Manchester,MANCH_2e7bfc4801bb,992ec52773b5
England,E12000002,E08000003,Manchester,MANCH_e6025a944c9b,8ab1175ab80c
England,E12000002,E08000003,Manchester,MANCH_386e4a23e257,a5f9eac93386
England,E12000002,E08000003,Manchester,MANCH_85209e5f28f6,0aa2c7bfb576
England,E12000002,E08000003,Manchester,MANCH_f8e751843839,e3977c8d5925
England,E12000002,E08000003,Manchester,MANCH_b45ea49e29f6,29931f9d7307
England,E12000002,E08000003,Manchester,MANCH_27a8f7c1dd96,2bcd8708c42c
England,E12000002,E08000003,Manchester,MANCH_ddd2bdf49f9a,78dcb8002f14
England,E12000002,E08000003,Manchester,MANCH_c9c842ddc798,22ba122899a9
England,E12000002,E08000003,Manchester,MANCH_3e7b707a891a,be2c7f3c2c84
England,E12000002,E08000003,Manchester,MANCH_e9b449806ba3,4632aa65dac6
England,E12000002,E08000003,Manchester,MANCH_6450803e7b4b,66ff56d79bc8
England,E12000002,E08000003,Manchester,MANCH_fde51c5e9cac,17c1345b1f7d
England,E12000002,E08000003,Manchester,MANCH_b8d2dc4053c9,c34b0a7445cf
England,E12000002,E08000003,Manchester,MANCH_f37d0d1ecef1,afaf1a3bda92
England,E12000002,E08000003,Manchester,MANCH_28003c600902,122c6d54302d
England,E12000002,E08000003,Manchester,MANCH_aeeed4d07aac,b995697ce8a3
England,E12000002,E08000003,Manchester,MANCH_c416f3df1b31,157e6b7e3dac
England,E12000002,E08000003,Manchester,MANCH_1a39cc085edc,18fadc3e006f
England,E12000002,E08000003,Manchester,MANCH_b0d2a5f0649c,0b0979897dfa
England,E12000002,E08000003,Manchester,MANCH_2706cdc52be5,633a8edb53f7
England,E12000002,E08000003,Manchester,MANCH_4a40952782d0,962b59265041
England,E12000002,E08000003,Manchester,MANCH_16ef3168cd81,a197e301108e
England,E12000002,E08000003,Manchester,MANCH_3d018cac2e8c,a909221924a0
England,E12000002,E08000003,Manchester,MANCH_7d4596364242,37fa8d3065a7
England,E12000002,E08000003,Manchester,MANCH_0fe5003351a1,ae954d2d6904
England,E12000002,E08000003,Manchester,MANCH_6e0d26beddc3,a08e071c9636
England,E12000002,E08000003,Manchester,MANCH_04638670556d,99a9e618d27c
England,E12000002,E08000003,Manchester,MANCH_7d9f5a3f9610,4d09add3c251
England,E12000002,E08000003,Manchester,MANCH_24e0229502e0,4cd6bca991c6
England,E12000002,E08000003,Manchester,MANCH_aee65404fb00,6887025d54bd
England,E12000002,E08000003,Manchester,MANCH_f568e7d7915a,f4d51b45b1d7
England,E12000002,E08000003,Manchester,MANCH_0c6754edae0f,8da213872ba4
England,E12000002,E08000003,Manchester,MANCH_1e16fcd051a4,8b9d92dd542b
England,E12000002,E08000003,Manchester,MANCH_a02c240834b1,120f62ceea9a
England,E12000002,E08000003,Manchester,MANCH_c8d72fde8a61,ea459c731b47
England,E12000002,E08000003,Manchester,MANCH_ca62432f7c64,b468d4e25577
England,E12000002,E08000003,Manchester,MANCH_4079f4efa3ce,be9355433fb6
England,E12000002,E08000003,Manchester,MANCH_04e4fd4db12f,02edb6198f97
England,E12000002,E08000003,Manchester,MANCH_ea789be3c5d0,97ac4da340f7
England,E12000002,E08000003,Manchester,MANCH_fc845e8f7ab2,891773b47808
England,E12000002,E08000003,Manchester,MANCH_4f6e7bb0eaa8,e2cf00148236
England,E12000002,E08000003,Manchester,MANCH_032476bdaabb,663d016d6552
England,E12000002,E08000003,Manchester,MANCH_e027b338a01f,36fad1b3096e
England,E12000002,E08000003,Manchester,MANCH_052ac900c1cb,6bfb6901d31c
England,E12000002,E08000003,Manchester,MANCH_8a327481a819,dad705fb453c
England,E12000002,E08000003,Manchester,MANCH_9fa81c951964,233366c1c7ac
England,E12000002,E08000003,Manchester,MANCH_d89bbcc8a13a,744d75916f15
England,E12000002,E08000003,Manchester,MANCH_44bdbeb4a27c,6cae929c779f
England,E12000002,E08000003,Manchester,MANCH_3ca3aae92299,ac34156c2bd6
England,E12000002,E08000003,Manchester,MANCH_15bf8b50f998,2705300347ef
England,E12000002,E08000003,Manchester,MANCH_43333b57e96d,b8866b83aee7
England,E12000002,E08000003,Manchester,MANCH_af114ffec65e,fb937b9a5c08
England,E12000002,E08000003,Manchester,MANCH_960a5c8afba2,572c45a4c27c
England,E12000002,E08000003,Manchester,MANCH_be038e826636,6f89f41a0ba2
England,E12000002,E08000003,Manchester,MANCH_8cbe96c9a6d5,12d38d0ee906
England,E12000002,E08000003,Manchester,MANCH_ec26da9e4513,8e03cd9058f7
England,E12000002,E08000003,Manchester,MANCH_396922872701,39f8df1b75eb
England,E12000002,E08000003,Manchester,MANCH_8a2e4b3ef13d,c8715e015a02
England,E12000002,E08000003,Manchester,MANCH_d0ad05d77c75,b47d59ea7763
England,E12000002,E08000003,Manchester,MANCH_b75aeca08b61,dd77cfd01aad
England,E12000002,E08000003,Manchester,MANCH_cdb16f819711,e05cca1312ec
England,E12000002,E08000003,Manchester,MANCH_2400e68211c6,3b3c94d37fdb
England,E12000002,E08000003,Manchester,MANCH_135738d533bf,5871f0b44847
England,E12000002,E08000003,Manchester,MANCH_332e7df6ecec,469d14d71130
England,E12000002,E08000003,Manchester,MANCH_9a480281217e,e9a3ce9fa7de
England,E12000002,E08000003,Manchester,MANCH_e5ff611e9e0f,6eef55c4a23a
England,E12000002,E08000003,Manchester,MANCH_e787cf02606f,869ba1d96bf4
England,E12000002,E08000003,Manchester,MANCH_e698f4a97e03,f941f089b2a8
England,E12000002,E08000003,Manchester,MANCH_c5250416e78d,c2b85272a8e7
England,E12000002,E08000003,Manchester,MANCH_c42b6be38fac,c294d46fff79
England,E12000002,E08000003,Manchester,MANCH_953c09338204,d76dfd1317b9
England,E12000002,E08000003,Manchester,MANCH_ac69105a3c2f,c68466cbf806
England,E12000002,E08000003,Manchester,MANCH_6f78fd133fd0,1071a300bba4
England,E12000002,E08000003,Manchester,MANCH_f95dc09ab1c6,279ded9bfc69
England,E12000002,E08000003,Manchester,MANCH_aed04be6c4a9,fa03e12d5b70
England,E12000002,E08000003,Manchester,MANCH_2827ba150060,505ae322910c
England,E12000002,E08000003,Manchester,MANCH_30c8bfdd02c1,b02a62a0fdd3
England,E12000002,E08000003,Manchester,MANCH_fa79fc046cce,0cd3d9290d3b
England,E12000002,E08000003,Manchester,MANCH_cf55ffaf260d,13c87649393c
England,E12000002,E08000003,Manchester,MANCH_f22095c7bf4f,e9815183e1aa
England,E12000002,E08000003,Manchester,MANCH_495b0c717219,0e7af018a14d
England,E12000002,E08000003,Manchester,MANCH_78d83c2afeb4,17869c98a2b9
England,E12000002,E08000003,Manchester,MANCH_c03854b59a61,587bc6d9a306
England,E12000002,E08000003,Manchester,MANCH_751e7e1415c8,e3cab357cbbc
England,E12000002,E08000003,Manchester,MANCH_e80d7f253d1c,f63e7cd0021b
England,E12000002,E08000003,Manchester,MANCH_e16f458199c2,4bcdeee66ee2
England,E12000002,E08000003,Manchester,MANCH_de7761123854,304cf758b352
England,E12000002,E08000003,Manchester,MANCH_03166ffbc01b,479f372205b9
England,E12000002,E08000003,Manchester,MANCH_14b1cb2013f0,69384e1615bb
England,E12000002,E08000003,Manchester,MANCH_4f2fbd0036a9,d95d6aa0d817
England,E12000002,E08000003,Manchester,MANCH_6bcbde45c0ad,2d10584e32d7
England,E12000002,E08000003,Manchester,MANCH_4c4f33e35893,5ca53bba61a6
England,E12000002,E08000003,Manchester,MANCH_113875523adb,67219ab5c100
England,E12000002,E08000003,Manchester,MANCH_74d2ceb9d898,d7cdada9aa60
England,E12000002,E08000003,Manchester,MANCH_5c7d12a063a5,45accef4ffae
England,E12000002,E08000003,Manchester,MANCH_1edad9a9955a,c8f6eb85e299
England,E12000002,E08000003,Manchester,MANCH_74aa907ac169,a9cf5e1a0a7e
England,E12000002,E08000003,Manchester,MANCH_9b6132d11516,037229fe1e98
England,E12000002,E08000003,Manchester,MANCH_e661724a6588,8b184d3e570f
England,E12000002,E08000003,Manchester,MANCH_be270310e39d,6b1e46b79982
England,E12000002,E08000003,Manchester,MANCH_e293a86a9f5c,c2cfc8c158fd
England,E12000002,E08000003,Manchester,MANCH_624d730a4332,c9e959dfaf89
England,E12000002,E08000003,Manchester,MANCH_baf0586b92e1,b493502b4405
England,E12000002,E08000003,Manchester,MANCH_95d0ddf4abfa,4b8528f84aae
England,E12000002,E08000003,Manchester,MANCH_a3b1353337f7,4f08f3563147
England,E12000002,E08000003,Manchester,MANCH_a53909ee6c79,36000edc9090
England,E12000002,E08000003,Manchester,MANCH_a214add9c067,7cf7a18d9e93
England,E12000002,E08000003,Manchester,MANCH_654af1aabeac,4e9d4ff4631d
England,E12000002,E08000003,Manchester,MANCH_c6c31dfb679f,0a18dadeb97e
England,E12000002,E08000003,Manchester,MANCH_70e99af46f00,a3c5e7134249
England,E12000002,E08000003,Manchester,MANCH_2ac932fe8525,4790ac9949d9
England,E12000002,E08000003,Manchester,MANCH_74ddb7403724,8a1e2bb25983
England,E12000002,E08000003,Manchester,MANCH_e0476c39a853,72b81c89f403
England,E12000002,E08000003,Manchester,MANCH_3e55f6c83150,1507f1b0e1e1
England,E12000002,E08000003,Manchester,MANCH_0f219932f655,c2518c0065c2
England,E12000002,E08000003,Manchester,MANCH_ba6d8fec160b,5e102fee1a5e
England,E12000002,E08000003,Manchester,MANCH_71a3f054f177,5c2807edfecb
England,E12000002,E08000003,Manchester,MANCH_32b53629f2ec,20201a3ec4ae
England,E12000002,E08000003,Manchester,MANCH_c6bdab308263,acaf5a812ec8
England,E12000002,E08000003,Manchester,MANCH_8c0d2c3254b9,1759cab15e68
England,E12000002,E08000003,Manchester,MANCH_78c56d7b8f1d,abeda10f4dfd
England,E12000002,E08000003,Manchester,MANCH_c3a38ef867de,a89093a27a5b
England,E12000002,E08000003,Manchester,MANCH_59943762c7c0,8efe3a40c5bd
England,E12000002,E08000003,Manchester,MANCH_ab84e79ee4bf,560563a342c2
England,E12000002,E08000003,Manchester,MANCH_ea4f5a4d7f0d,4a91794e24da
England,E12000002,E08000003,Manchester,MANCH_464838d406ab,60dcaa03e576
England,E12000002,E08000003,Manchester,MANCH_339e9c259015,7da2cf3e53ff
England,E12000002,E08000003,Manchester,MANCH_512e947dd86a,807040be1fc6
England,E12000002,E08000003,Manchester,MANCH_cdfbdeb1169f,4296b3394686
England,E12000002,E08000003,Manchester,MANCH_ac329dde2697,68b990435738
England,E12000002,E08000003,Manchester,MANCH_8401c5edde8e,8bce355182e3
England,E12000002,E08000003,Manchester,MANCH_317b55afc01e,332f64809133
England,E12000002,E08000003,Manchester,MANCH_c16606b9aad3,72b8030a865c
England,E12000002,E08000003,Manchester,MANCH_30ee99b7e965,0da6a037d85e
England,E12000002,E08000003,Manchester,MANCH_46ba4c004138,5023a8f4bc0c
England,E12000002,E08000003,Manchester,MANCH_55c048918cca,464c5059809a
England,E12000002,E08000003,Manchester,MANCH_5fd01834211b,f609469f2960
England,E12000002,E08000003,Manchester,MANCH_e2e4cdd929b4,b1a3e0426153
England,E12000002,E08000003,Manchester,MANCH_7aaf365a5462,31d991012f6a
England,E12000002,E08000003,Manchester,MANCH_385d2f7ab48b,179ef64cbc4b
England,E12000002,E08000003,Manchester,MANCH_d4580d7b6c7b,a7ed03770886
England,E12000002,E08000003,Manchester,MANCH_8b10db063540,6d2a9892692b
England,E12000002,E08000003,Manchester,MANCH_ff4d4a56450e,673e99e3118e
England,E12000002,E08000003,Manchester,MANCH_1e9a2091afb9,3fff04f3c2c0
England,E12000002,E08000003,Manchester,MANCH_0f6e6a7de1db,2b6fe7b29040
England,E12000002,E08000003,Manchester,MANCH_386494067b49,dec6dac2df41
England,E12000002,E08000003,Manchester,MANCH_78da69ae9887,2495064538bb
England,E12000002,E08000003,Manchester,MANCH_448c83a1e1e6,2a240d62591d
England,E12000002,E08000003,Manchester,MANCH_9803e05a3769,90ced24f41c5
England,E12000002,E08000003,Manchester,MANCH_ddbb2f2aadef,c4a27cefff22
England,E12000002,E08000003,Manchester,MANCH_622ad05a240a,67d90cbf6757
England,E12000002,E08000003,Manchester,MANCH_38134479a562,10363790d02c
England,E12000002,E08000003,Manchester,MANCH_21a49d4ba430,e2dd8aba4781
England,E12000002,E08000003,Manchester,MANCH_bf7b33491936,e442cb7c3c93
England,E12000002,E08000003,Manchester,MANCH_c521077c90d4,a8eb8676debc
England,E12000002,E08000003,Manchester,MANCH_70d8eb196e1f,0fe2612bfe8a
England,E12000002,E08000003,Manchester,MANCH_cafb4c764809,45a99025c28b
England,E12000002,E08000003,Manchester,MANCH_1a60ca196842,bf79c91e23ec
England,E12000002,E08000003,Manchester,MANCH_ab64ad9e4071,22fb5d5683a9
England,E12000002,E08000003,Manchester,MANCH_632f3a793553,dd9c6e752006
England,E12000002,E08000003,Manchester,MANCH_fa70a8b9e4fc,14f604509aea
England,E12000002,E08000003,Manchester,MANCH_93cae4367e4d,732ae711013a
England,E12000002,E08000003,Manchester,MANCH_ef64a3b4dec9,764f8388614b
England,E12000002,E08000003,Manchester,MANCH_ae0f5bd60d2a,c429bdc60e4c
England,E12000002,E08000003,Manchester,MANCH_c01a63b557e3,11da632e686c
England,E12000002,E08000003,Manchester,MANCH_94322fa3f54b,60a50772a2be
England,E12000002,E08000003,Manchester,MANCH_4d428187f278,40d81a779ec3
England,E12000002,E08000003,Manchester,MANCH_890cc1d81990,8f4173e2b467
England,E12000002,E08000003,Manchester,MANCH_8a2bc2307c62,6f523e0157b9
England,E12000002,E08000003,Manchester,MANCH_7bb7edef84f5,e3c59511c735
England,E12000002,E08000003,Manchester,MANCH_44daa4009d7c,25a6ff7ff97f
England,E12000002,E08000003,Manchester,MANCH_6c2a34309d04,744de2c38ef5
England,E12000002,E08000003,Manchester,MANCH_7b0429dc2c6f,32c186f79833
England,E12000002,E08000003,Manchester,MANCH_2d652956931d,b97e0c2b21d2
England,E12000002,E08000003,Manchester,MANCH_5c9a026da804,c83ef3432e12
England,E12000002,E08000003,Manchester,MANCH_027b428c8fe1,6f286ec631aa
England,E12000002,E08000003,Manchester,MANCH_bffc09b73b45,3d6ca2214e39
England,E12000002,E08000003,Manchester,MANCH_63a6277b4a83,e2cb7169f228
England,E12000002,E08000003,Manchester,MANCH_5afa985a96e5,568700106fe3
England,E12000002,E08000003,Manchester,MANCH_0d2988afda4b,be8ca90be5c6
England,E12000002,E08000003,Manchester,MANCH_7c08b8863d84,874175631f87
England,E12000002,E08000003,Manchester,MANCH_918398aa2547,f3b1e4547352
England,E12000002,E08000003,Manchester,MANCH_87e24d7899b6,892c3d82332d
England,E12000002,E08000003,Manchester,MANCH_d8767529bba1,8889c8ac7512
England,E12000002,E08000003,Manchester,MANCH_4e4c8e1c8d83,15e1bd926185
England,E12000002,E08000003,Manchester,MANCH_5d165084e358,6c019536a5f6
England,E12000002,E08000003,Manchester,MANCH_360606e71b9c,5803cc80c5d4
England,E12000002,E08000003,Manchester,MANCH_1fb286de0cd0,8127c635ca93
England,E12000002,E08000003,Manchester,MANCH_28492ddf3d23,aa9ffd383b89
England,E12000002,E08000003,Manchester,MANCH_d620fdeb5619,b487513c2e29
England,E12000002,E08000003,Manchester,MANCH_b6bef83a5d62,29851792cac0
England,E12000002,E08000003,Manchester,MANCH_3e1f6fa1924a,084b19bc9610
England,E12000002,E08000003,Manchester,MANCH_3b125d9f7f56,1190b63126d9
England,E12000002,E08000003,Manchester,MANCH_8e01da9856c5,421ad81b56de
England,E12000002,E08000003,Manchester,MANCH_ee983a10e394,551ed4d193bc
England,E12000002,E08000003,Manchester,MANCH_79b9f332828b,27f904ef54ba
England,E12000002,E08000003,Manchester,MANCH_aed7eb0a1401,bdeef7eb7e87
England,E12000002,E08000003,Manchester,MANCH_0927bb79b4e9,084799f82ce0
England,E12000002,E08000003,Manchester,MANCH_0841f712fded,5066236486ab
England,E12000002,E08000003,Manchester,MANCH_5c7bc9bce926,167a66f0d05f
England,E12000002,E08000003,Manchester,MANCH_5e24e9aad33a,31770b41d1ef
England,E12000002,E08000003,Manchester,MANCH_ed1040b228a0,b96ae55de7b0
England,E12000002,E08000003,Manchester,MANCH_93f4a0fadb32,cf1ad15eb713
England,E12000002,E08000003,Manchester,MANCH_56656d8853b2,b3f8bb1fa00e
England,E12000002,E08000003,Manchester,MANCH_ad7a3466b309,66ff3c7a4e67
England,E12000002,E08000003,Manchester,MANCH_9fbb0267ed3b,3329eb732d0f
England,E12000002,E08000003,Manchester,MANCH_c3d579a658d8,5caf3e4a6322
England,E12000002,E08000003,Manchester,MANCH_e66c93af1218,4394bdb3f4db
England,E12000002,E08000003,Manchester,MANCH_9cb5d2c1b4a3,f690e05c3a35
England,E12000002,E08000003,Manchester,MANCH_220ab05ffa7b,585134ce7a95
England,E12000002,E08000003,Manchester,MANCH_b9554418197d,19c87da777b9
England,E12000002,E08000003,Manchester,MANCH_619209672e90,2862d47a80d4
England,E12000002,E08000003,Manchester,MANCH_0bd4e97754a9,c414947e74ce
England,E12000002,E08000003,Manchester,MANCH_18175463ec84,c922db07ecb3
England,E12000002,E08000003,Manchester,MANCH_7ea2d7ae8622,c1acca14245f
England,E12000002,E08000003,Manchester,MANCH_9af7dc1f3837,8adac4360c11
England,E12000002,E08000003,Manchester,MANCH_94677a544493,a1d9abd66213
England,E12000002,E08000003,Manchester,MANCH_384f1949e621,a1fd626217ec
England,E12000002,E08000003,Manchester,MANCH_5c543ecae236,391a1ccc9357
England,E12000002,E08000003,Manchester,MANCH_9073efc24c90,9a09d1260e5d
England,E12000002,E08000003,Manchester,MANCH_b0e471d8fae4,d861d2e4afb9
England,E12000002,E08000003,Manchester,MANCH_8e604e43826d,8f8106dcc631
England,E12000002,E08000003,Manchester,MANCH_8ecd9d1569c8,a1af7d802cb6
England,E12000002,E08000003,Manchester,MANCH_3a732d30a7fd,50778ea010ee
England,E12000002,E08000003,Manchester,MANCH_5cea07060077,f91550fbc093
England,E12000002,E08000003,Manchester,MANCH_9af31a1ba0b7,ef8191a78068
England,E12000002,E08000003,Manchester,MANCH_897697f9ba00,52596ecf9d33
England,E12000002,E08000003,Manchester,MANCH_a4006d7891a7,d637b4ce69d1
England,E12000002,E08000003,Manchester,MANCH_ece13d846e2c,128e890c596e
England,E12000002,E08000003,Manchester,MANCH_0d31515b0619,9b0270dbb4ac
England,E12000002,E08000003,Manchester,MANCH_2d3fdabfbf35,c5bed2e8c233
England,E12000002,E08000003,Manchester,MANCH_a5b8365bcf06,6a2c5d6d6499
England,E12000002,E08000003,Manchester,MANCH_3fcba8c718a4,2e7fec69d102
England,E12000002,E08000003,Manchester,MANCH_60c75998f521,263e2137ce09
England,E12000002,E08000003,Manchester,MANCH_e4ed27205950,44af7dc23cf2
England,E12000002,E08000003,Manchester,MANCH_f8422a532c7b,4797731c0364
England,E12000002,E08000003,Manchester,MANCH_0fac84dfcc87,f18c9a9b84f9
England,E12000002,E08000003,Manchester,MANCH_752e09fba383,1f17adf8a58f
England,E12000002,E08000003,Manchester,MANCH_82428c01f4fd,e09f6e356bd9
England,E12000002,E08000003,Manchester,MANCH_b7e9d556d0f4,2e5e36ad849b
England,E12000002,E08000003,Manchester,MANCH_9e03402066ef,80d5f3d74624
England,E12000002,E08000003,Manchester,MANCH_606df01b94f0,ffedae2704f9
England,E12000002,E08000003,Manchester,MANCH_1f263389b73f,a6e98fbad72d
England,E12000002,E08000003,Manchester,MANCH_adade2248c58,f5e543014f48
England,E12000002,E08000003,Manchester,MANCH_4d1f44b7de5f,4a69676f9408
England,E12000002,E08000003,Manchester,MANCH_7617b9460c2b,0e72d9ed552e
England,E12000002,E08000003,Manchester,MANCH_4109f7896af1,215b0ce2cae3
England,E12000002,E08000003,Manchester,MANCH_ceb70ef69f04,64a1e773a72d
England,E12000002,E08000003,Manchester,MANCH_9a5aa0a76c0f,6818c5adf0ae
England,E12000002,E08000003,Manchester,MANCH_655e4a1a9a6e,5eb689f48049
England,E12000002,E08000003,Manchester,MANCH_687d791f8fc4,183fddace667
England,E12000002,E08000003,Manchester,MANCH_38ecee3346cb,6c68d9bb40bc
England,E12000002,E08000003,Manchester,MANCH_036f45dd5945,b78721872738
England,E12000002,E08000003,Manchester,MANCH_5efba8cf97a3,cc27d54378b9
England,E12000002,E08000003,Manchester,MANCH_e891a0b9f9de,dfbd62db9ab5
England,E12000002,E08000003,Manchester,MANCH_3db7a587763c,03584a9cb6e4
England,E12000002,E08000003,Manchester,MANCH_20c7b01f3471,4a2c7b577302
England,E12000002,E08000003,Manchester,MANCH_e75fd36fe488,7014da7255bb
England,E12000002,E08000003,Manchester,MANCH_b0312f570569,e23b5ed0ee04
England,E12000002,E08000003,Manchester,MANCH_31a79025982d,0f60f89b3054
England,E12000002,E08000003,Manchester,MANCH_6d8f2a3a877b,42acf53a7e23
England,E12000002,E08000003,Manchester,MANCH_d19856e12fa1,50488032fb38
England,E12000002,E08000003,Manchester,MANCH_a89e0b466351,bf7892e8ffc4
England,E12000002,E08000003,Manchester,MANCH_7ea6d2636c3f,25892d600c02
England,E12000002,E08000003,Manchester,MANCH_1ba34565591c,d502e81cfb65
England,E12000002,E08000003,Manchester,MANCH_d63270c48ec9,e343c8ad08c4
England,E12000002,E08000003,Manchester,MANCH_45ecaeba2f09,1c5f876401b5
England,E12000002,E08000003,Manchester,MANCH_17484ac6456a,0d41b7caca54
England,E12000002,E08000003,Manchester,MANCH_5384f349e57d,e7a4b8d4b14c
England,E12000002,E08000003,Manchester,MANCH_aa1624d678c2,10b762355f02
England,E12000002,E08000003,Manchester,MANCH_4e79487faf4a,089af70ee63b
England,E12000002,E08000003,Manchester,MANCH_67937b734d96,795ca0a326be
England,E12000002,E08000003,Manchester,MANCH_b4f3d8363172,bff56dcd1aa4
England,E12000002,E08000003,Manchester,MANCH_d3e5e788b149,3b76e826e0e1
England,E12000002,E08000003,Manchester,MANCH_c16365e7f80e,86a0897d3783
England,E12000002,E08000003,Manchester,MANCH_b71ef57e40bb,3181b16d66d1
England,E12000002,E08000003,Manchester,MANCH_b504af9cd10e,1d8b7508aaf6
England,E12000002,E08000003,Manchester,MANCH_e49e20e675c7,8cdb517d3aee
England,E12000002,E08000003,Manchester,MANCH_d83c9b17b7c8,9c1db33a0799
England,E12000002,E08000003,Manchester,MANCH_48164050c25d,5bc29d308111
England,E12000002,E08000003,Manchester,MANCH_ed46f3a56d55,33ebd5a297ff
England,E12000002,E08000003,Manchester,MANCH_ecac353bbd67,6530a53ac910
England,E12000002,E08000003,Manchester,MANCH_62fd099244e4,2a2b7f6116ce
England,E12000002,E08000003,Manchester,MANCH_0bb894dbcaec,17e5d44af925
England,E12000002,E08000003,Manchester,MANCH_e80e1182cef1,33f67e52d807
England,E12000002,E08000003,Manchester,MANCH_04b205d38010,8ff98715688c
England,E12000002,E08000003,Manchester,MANCH_2a6853843a17,1c68cfa0b5e4
England,E12000002,E08000003,Manchester,MANCH_97d564a60e74,e262fa361e38
England,E12000002,E08000003,Manchester,MANCH_368096d288b9,765519ff765d
England,E12000002,E08000003,Manchester,MANCH_10fe3c43fb34,92370d949ec1
England,E12000002,E08000003,Manchester,MANCH_0f80fc61b669,8a3a23e52b6b
England,E12000002,E08000003,Manchester,MANCH_c24d84824828,9fa0be1ee7dd
England,E12000002,E08000003,Manchester,MANCH_9e163697b843,34c53979e76a
England,E12000002,E08000003,Manchester,MANCH_a846634c031c,f1224a6d271e
England,E12000002,E08000003,Manchester,MANCH_f1d41c6c5371,6ce3828da26d
England,E12000002,E08000003,Manchester,MANCH_fdcd30a05cb1,b3f4a1b5e80a
England,E12000002,E08000003,Manchester,MANCH_bc422e600046,5879a1558cc5
England,E12000002,E08000003,Manchester,MANCH_aaaf71c74106,250c316d03b3
England,E12000002,E08000003,Manchester,MANCH_16eb61fa061f,25c017f3822f
England,E12000002,E08000003,Manchester,MANCH_551dc6c21582,cb7129181900
England,E12000002,E08000003,Manchester,MANCH_b376cf2cc7e7,7ca5063611af
England,E12000002,E08000003,Manchester,MANCH_426f5fd81980,2373a40c52ae
England,E12000002,E08000003,Manchester,MANCH_f35e0e999e94,41bd582fd3e2
England,E12000002,E08000003,Manchester,MANCH_e4be8f06f412,0fdce9626204
England,E12000002,E08000003,Manchester,MANCH_a36b4c040df2,85a006874da9
England,E12000002,E08000003,Manchester,MANCH_b4d02ea791d3,97b26d017f85
England,E12000002,E08000003,Manchester,MANCH_693ba616d0e7,fb781d8bf8a7
England,E12000002,E08000003,Manchester,MANCH_1849aa42fd94,3b9045a49f1b
England,E12000002,E08000003,Manchester,MANCH_c00e9046d061,20ab2f8541bc
England,E12000002,E08000003,Manchester,MANCH_d11d63c4416c,12aa5925350e
England,E12000002,E08000003,Manchester,MANCH_7c40d1c7c252,b1aeace5270e
England,E12000002,E08000003,Manchester,MANCH_53e84c9bcc88,ac260ce8acbe
England,E12000002,E08000003,Manchester,MANCH_40a0189a6f5c,f5d9c833ab9a
England,E12000002,E08000003,Manchester,MANCH_bf5d241dcf0c,154f75292aba
England,E12000002,E08000003,Manchester,MANCH_1449302affa1,b7859af77ab8
England,E12000002,E08000003,Manchester,MANCH_282fadc7b29b,e10b79e2be82
England,E12000002,E08000003,Manchester,MANCH_0eea0bafa6fa,fe3037936a83
England,E12000002,E08000003,Manchester,MANCH_9f8b3b1508f0,b9afe6f32cd3
England,E12000002,E08000003,Manchester,MANCH_42b809ba579d,0a27838d9c68
England,E12000002,E08000003,Manchester,MANCH_c0ab97df8c50,e5e7eb5290a5
England,E12000002,E08000003,Manchester,MANCH_a6fbffa19c3a,a55ec8312548
England,E12000002,E08000003,Manchester,MANCH_4379eb93dbfc,47d593274d2d
England,E12000002,E08000003,Manchester,MANCH_b176e4d70bf5,333b6192bed8
England,E12000002,E08000003,Manchester,MANCH_18ee582e2c61,21fddfcd52b1
England,E12000002,E08000003,Manchester,MANCH_15662563ff61,a51f9b1c69e3
England,E12000002,E08000003,Manchester,MANCH_ef44e32d369f,3937f03decdc
England,E12000002,E08000003,Manchester,MANCH_1eece11184e0,3c1a8099d09d
England,E12000002,E08000003,Manchester,MANCH_25c7d01bf75f,e6979c52b03e
England,E12000002,E08000003,Manchester,MANCH_d63554dd3fed,545a19e8ae10
England,E12000002,E08000003,Manchester,MANCH_4715b566ab19,de2db9377ea4
England,E12000002,E08000003,Manchester,MANCH_4db700415d00,d7f1871dae12
England,E12000002,E08000003,Manchester,MANCH_009b06154235,95d8f2ddd9b7
England,E12000002,E08000003,Manchester,MANCH_f5e027dc2821,7cf397551ff0
England,E12000002,E08000003,Manchester,MANCH_ceb7d8844adc,6c9df4ab2313
England,E12000002,E08000003,Manchester,MANCH_889f8513a4a8,a74b768154fe
England,E12000002,E08000003,Manchester,MANCH_1b8ca788bdbb,51820d9cb4a5
England,E12000002,E08000003,Manchester,MANCH_b606fc01c0f4,0427f7b5d437
England,E12000002,E08000003,Manchester,MANCH_5774b3aeb4ab,90aaa04bcf86
England,E12000002,E08000003,Manchester,MANCH_a34b444635c8,bb294eeb562b
England,E12000002,E08000003,Manchester,MANCH_8ed7f3035b8b,f00e630049be
England,E12000002,E08000003,Manchester,MANCH_29fac7b419bc,a937956c1ede
England,E12000002,E08000003,Manchester,MANCH_8ccefd6888e0,cc1a227d72e8
England,E12000002,E08000003,Manchester,MANCH_90db7a8f9676,41d9e77149f7
England,E12000002,E08000003,Manchester,MANCH_c1ded5b5c10e,d36aa2224c95
England,E12000002,E08000003,Manchester,MANCH_3292d105a574,ef55414c83de
England,E12000002,E08000003,Manchester,MANCH_1dc5f68bcd37,aed24f3e98fa
England,E12000002,E08000003,Manchester,MANCH_db77800bfff5,78e165cd1b5d
England,E12000002,E08000003,Manchester,MANCH_3e4c5125d103,7e6628b72985
England,E12000002,E08000003,Manchester,MANCH_2c557bd1e449,ed72c8676d74
England,E12000002,E08000003,Manchester,MANCH_2567f25b8f7f,7d610bfff0f8
England,E12000002,E08000003,Manchester,MANCH_24599b8dbaaf,8016cc4bfe9d
England,E12000002,E08000003,Manchester,MANCH_1208f63f61a3,3ea15f5bff76
England,E12000002,E08000003,Manchester,MANCH_a6f6d358b267,0f2ef781af8d
England,E12000002,E08000003,Manchester,MANCH_eab778a16b95,8ec3573169da
England,E12000002,E08000003,Manchester,MANCH_c343452577ba,c8b475140b4d
England,E12000002,E08000003,Manchester,MANCH_539b4fb89aa8,bb4d168199e1
England,E12000002,E08000003,Manchester,MANCH_0bd0527d313d,09425af03442
England,E12000002,E08000003,Manchester,MANCH_a8e9d0dccbee,9377ea201e9e
England,E12000002,E08000003,Manchester,MANCH_f5020a373664,6427672606e4
England,E12000002,E08000003,Manchester,MANCH_48ab39da5052,1f52262d2978
England,E12000002,E08000003,Manchester,MANCH_802bcb618155,37a5660fe264
England,E12000002,E08000003,Manchester,MANCH_97c457b6b7c3,f61d11aa78e6
England,E12000002,E08000003,Manchester,MANCH_8de635276fb4,70ba34aa4734
England,E12000002,E08000003,Manchester,MANCH_3adc563766a8,af1dfa9b894b
England,E12000002,E08000003,Manchester,MANCH_abf063c52785,42926551dc3b
England,E12000002,E08000003,Manchester,MANCH_3ce671f09407,d0fe871d1849
England,E12000002,E08000003,Manchester,MANCH_ef54e0228bc5,e703f9e0999e
England,E12000002,E08000003,Manchester,MANCH_05d42aa89fa5,19964709b274
England,E12000002,E08000003,Manchester,MANCH_3bd918fc6b04,784c67eb6c03
England,E12000002,E08000003,Manchester,MANCH_2ba21ce0159d,70936a183591
England,E12000002,E08000003,Manchester,MANCH_8205bb618ec4,2cee68e2903e
England,E12000002,E08000003,Manchester,MANCH_f6c9c7f3eac9,c84ced192d3e
England,E12000002,E08000003,Manchester,MANCH_395b49fd55c5,e247d53433cb
England,E12000002,E08000003,Manchester,MANCH_19f73f021d6f,adb2eef02273
England,E12000002,E08000003,Manchester,MANCH_cd37d3f47cae,d1c15becca4d
England,E12000002,E08000003,Manchester,MANCH_eafc71b89602,5678d90944b3
England,E12000002,E08000003,Manchester,MANCH_0b08f7bcd81d,5af50a725786
England,E12000002,E08000003,Manchester,MANCH_30950ca8d31b,044d6f23819c
England,E12000002,E08000003,Manchester,MANCH_110cbe6541cd,ae0e0ae8f99e
England,E12000002,E08000003,Manchester,MANCH_571e81462e7c,df9cf2dfc180
England,E12000002,E08000003,Manchester,MANCH_fa0867101b20,4993fa4b96c6
England,E12000002,E08000003,Manchester,MANCH_7a1191e39f1d,4fe68a9aeee5
England,E12000002,E08000003,Manchester,MANCH_5536a0fb4588,cf4fb0cabc86
England,E12000002,E08000003,Manchester,MANCH_3777b70f059d,1fb1618a7fbd
England,E12000002,E08000003,Manchester,MANCH_577b81c416a0,0d77131d3e4a
England,E12000002,E08000003,Manchester,MANCH_a2a238422d0a,b86b3cee3c01
England,E12000002,E08000003,Manchester,MANCH_3828fca41f5d,dab8d67d14a4
England,E12000002,E08000003,Manchester,MANCH_2aea30895455,8495a2f38a31
England,E12000002,E08000003,Manchester,MANCH_3a3e40a199e8,a80ebd119024
England,E12000002,E08000003,Manchester,MANCH_eb69ccdd20df,563ebefb3655
England,E12000002,E08000003,Manchester,MANCH_52e41fe9f7c3,f91a9e02fb8f
England,E12000002,E08000003,Manchester,MANCH_eed2c40263ba,0a671756e2a5
England,E12000002,E08000003,Manchester,MANCH_d623cadcda5c,ee3d811defc7
England,E12000002,E08000003,Manchester,MANCH_637c44db32f2,8610ecd3a435
England,E12000002,E08000003,Manchester,MANCH_55d2a7a781b9,71f80f358d1b
England,E12000002,E08000003,Manchester,MANCH_a27e1b7aaa81,2a728df49678
England,E12000002,E08000003,Manchester,MANCH_6eeb76ff5da9,e2abf7fd6c1e
England,E12000002,E08000003,Manchester,MANCH_2ff1f8faf330,2d24cbf0a0a0
England,E12000002,E08000003,Manchester,MANCH_649ad31cb49b,e553c6af118b
England,E12000002,E08000003,Manchester,MANCH_1860ac587fb4,ad931b2ddf0a
England,E12000002,E08000003,Manchester,MANCH_15c7049e0093,0d3e712f7b1d
England,E12000002,E08000003,Manchester,MANCH_817da83084b9,f378315818af
England,E12000002,E08000003,Manchester,MANCH_b4c337c23fb9,4f2bb43d449a
England,E12000002,E08000003,Manchester,MANCH_c1efe38be783,88373e803807
England,E12000002,E08000003,Manchester,MANCH_1ab188a369db,b25f23def24b
England,E12000002,E08000003,Manchester,MANCH_17f9284cc66f,2d6f3c415122
England,E12000002,E08000003,Manchester,MANCH_bff9d6cc65e0,78484d06803a
England,E12000002,E08000003,Manchester,MANCH_5ec5fbf05deb,698b2328a229
England,E12000002,E08000003,Manchester,MANCH_f5e37bf96c0f,a6fff0915425
England,E12000002,E08000003,Manchester,MANCH_ed1c7b547aae,bf7d5cba2821
England,E12000002,E08000003,Manchester,MANCH_94f3e19fe6c0,88e7923fb3b4
England,E12000002,E08000003,Manchester,MANCH_71e4688b0864,31e8cffd4cca
England,E12000002,E08000003,Manchester,MANCH_9e6b70293d7f,4847331d8988
England,E12000002,E08000003,Manchester,MANCH_8ee24887e765,164e277e0e09
England,E12000002,E08000003,Manchester,MANCH_adba1e54ef21,ceba7f807e45
England,E12000002,E08000003,Manchester,MANCH_725db4289dd0,ba6041bc9132
England,E12000002,E08000003,Manchester,MANCH_b90b67ae5699,383848f7e700
England,E12000002,E08000003,Manchester,MANCH_380c6b1d31d7,f7c78ed14938
England,E12000002,E08000003,Manchester,MANCH_58b4b50599b9,e4d6aceeb095
England,E12000002,E08000003,Manchester,MANCH_129231e47906,e7e2c2aaac87
England,E12000002,E08000003,Manchester,MANCH_5e9fba83fe6d,2dcec259f0b4
England,E12000002,E08000003,Manchester,MANCH_eb6a14ac2e26,75b4568cdd58
England,E12000002,E08000003,Manchester,MANCH_3a24aa9c6148,9727fa0291a5
England,E12000002,E08000003,Manchester,MANCH_de935f8d68f6,b3271b768b2f
England,E12000002,E08000003,Manchester,MANCH_b7dd577b3bd5,1391bacab9dd
England,E12000002,E08000003,Manchester,MANCH_9c5e2ad5ac47,92e00b0a4902
England,E12000002,E08000003,Manchester,MANCH_b90dd1f076b9,9cb1ef27b3cc
England,E12000002,E08000003,Manchester,MANCH_0d5e57025289,b17fe0610ae8
England,E12000002,E08000003,Manchester,MANCH_4e9e5086259b,d9d2b1f44c7f
England,E12000002,E08000003,Manchester,MANCH_6c99558cc268,b33190f89844
England,E12000002,E08000003,Manchester,MANCH_689559d23ff4,f1725b31e7ef
England,E12000002,E08000003,Manchester,MANCH_e41d34660d1a,f6924f2dbdfe
England,E12000002,E08000003,Manchester,MANCH_e53211caa92a,2400a6e54fca
England,E12000002,E08000003,Manchester,MANCH_affeac0677c9,b556a1d9168c
England,E12000002,E08000003,Manchester,MANCH_7911936b7546,f27e4c0e2340
England,E12000002,E08000003,Manchester,MANCH_3ebe06d161dd,cde88e0e49a7
England,E12000002,E08000003,Manchester,MANCH_3d98de9e2e02,77797f61d492
England,E12000002,E08000003,Manchester,MANCH_2033a731a412,c5d05d655c0c
England,E12000002,E08000003,Manchester,MANCH_d303a741a4be,32c5cdb90161
England,E12000002,E08000003,Manchester,MANCH_bc4dbed36e3e,a15c292bb405
England,E12000002,E08000003,Manchester,MANCH_f7eb86b23a59,0d4f1ceb366a
England,E12000002,E08000003,Manchester,MANCH_7eac40fc4b5b,0c973c3b74d9
England,E12000002,E08000003,Manchester,MANCH_3515eab35862,a3a422c41a9f
England,E12000002,E08000003,Manchester,MANCH_ea6f48af2c64,4adb6fc6997f
England,E12000002,E08000003,Manchester,MANCH_da7a47a48412,544778d433ae
England,E12000002,E08000003,Manchester,MANCH_92e60b9745cb,24c8b8e00a3e
England,E12000002,E08000003,Manchester,MANCH_a11b180d4a56,60ccb06e0576
England,E12000002,E08000003,Manchester,MANCH_923f41d007b4,33a2d885d988
England,E12000002,E08000003,Manchester,MANCH_04094b427049,73ea3f2ee81f
England,E12000002,E08000003,Manchester,MANCH_084c8db4a385,0c4e16ca111d
England,E12000002,E08000003,Manchester,MANCH_40946bb2a86d,60fb8c24f4d5
England,E12000002,E08000003,Manchester,MANCH_b8e789c1184d,6aa8e5a3b2f2
England,E12000002,E08000003,Manchester,MANCH_26ce5f79bd8d,5e522139479b
England,E12000002,E08000003,Manchester,MANCH_12d6881a3895,cda512574769
England,E12000002,E08000003,Manchester,MANCH_a4dd85b25813,fc683c62007e
England,E12000002,E08000003,Manchester,MANCH_a62a30a26885,39ccb8e172e8
England,E12000002,E08000003,Manchester,MANCH_457329eda630,db8284a2ba50
England,E12000002,E08000003,Manchester,MANCH_b67174f454f7,d12b56db9f22
England,E12000002,E08000003,Manchester,MANCH_63531999925a,0269998e79a6
England,E12000002,E08000003,Manchester,MANCH_5975e7e49678,3ebaedea54e3
England,E12000002,E08000003,Manchester,MANCH_244f31bac415,b9c568aa1b7a
England,E12000002,E08000003,Manchester,MANCH_035415a7336b,f5fe2c2a7e24
England,E12000002,E08000003,Manchester,MANCH_069b3dbb413d,1d24ba9ec935
England,E12000002,E08000003,Manchester,MANCH_a4f07ad9f9bf,caf3a41fe8af
England,E12000002,E08000003,Manchester,MANCH_953c59c163b7,10c3906d9ca1
England,E12000002,E08000003,Manchester,MANCH_fd40ac25c791,2c84fff3a336
England,E12000002,E08000003,Manchester,MANCH_fab476bdb234,8170b9401969
England,E12000002,E08000003,Manchester,MANCH_4478ec546699,b3c37bdc1ce4
England,E12000002,E08000003,Manchester,MANCH_3ff01748e334,a0cd453a64d6
England,E12000002,E08000003,Manchester,MANCH_0b977d45c377,ea433edb0990
England,E12000002,E08000003,Manchester,MANCH_95bb145c61c9,b7964c1e6275
England,E12000002,E08000003,Manchester,MANCH_99a769d4be0c,45464a488797
England,E12000002,E08000003,Manchester,MANCH_f654ba5d5b16,5398c1ab8bf5
England,E12000002,E08000003,Manchester,MANCH_a71fec793e3a,fcd4d027f461
England,E12000002,E08000003,Manchester,MANCH_a155c16ae617,821b2c394d93
England,E12000002,E08000003,Manchester,MANCH_4d1fd3f1490a,954d619ace85
England,E12000002,E08000003,Manchester,MANCH_4ae2c78a72d0,ca799e8cd635
England,E12000002,E08000003,Manchester,MANCH_b73b29f55aeb,28ac679736bf
England,E12000002,E08000003,Manchester,MANCH_4bcc4c078588,ff5280bde699
England,E12000002,E08000003,Manchester,MANCH_6ac5a8dbfaf8,d84b70f24910
England,E12000002,E08000003,Manchester,MANCH_ec231ac51c0d,7c70a6a92440
England,E12000002,E08000003,Manchester,MANCH_d7508a6d04d2,c503c56ec163
England,E12000002,E08000003,Manchester,MANCH_2370d21b04b1,b1e8190eed3e
England,E12000002,E08000003,Manchester,MANCH_37e6ddceda92,5135673991d5
England,E12000002,E08000003,Manchester,MANCH_c790ac944d08,37dee04a1039
England,E12000002,E08000003,Manchester,MANCH_c07bb8910bb1,d4152dae1d93
England,E12000002,E08000003,Manchester,MANCH_16024e943a2e,98aaf2c2a7a4
England,E12000002,E08000003,Manchester,MANCH_e3a77882534c,af063eafbc53
England,E12000002,E08000003,Manchester,MANCH_03c0893c87fc,a609f41cd56d
England,E12000002,E08000003,Manchester,MANCH_ac5cd6b54c15,0a987d3cadfb
England,E12000002,E08000003,Manchester,MANCH_f1307d357bff,64fa72068faa
England,E12000002,E08000003,Manchester,MANCH_daa6ee933750,b2bcc904c5da
England,E12000002,E08000003,Manchester,MANCH_81d97016e068,7870f1d7bd1b
England,E12000002,E08000003,Manchester,MANCH_63a1e99643b2,4f1351b0b542
England,E12000002,E08000003,Manchester,MANCH_2f0d69d9771e,e1b6a9b9e871
England,E12000002,E08000003,Manchester,MANCH_a8f9416f6c2c,90b9222c4fda
England,E12000002,E08000003,Manchester,MANCH_9211f98527f3,8e9297747920
England,E12000002,E08000003,Manchester,MANCH_4cbc47d927db,3a5e183ead7a
England,E12000002,E08000003,Manchester,MANCH_b9365447c7ed,17a40f5eb80c
England,E12000002,E08000003,Manchester,MANCH_7d4a820da280,6dd223fdd81c
England,E12000002,E08000003,Manchester,MANCH_99f816c95a2b,95bdb07904b9
England,E12000002,E08000003,Manchester,MANCH_d4bed5bd6d3b,bf9a6d467bcb
England,E12000002,E08000003,Manchester,MANCH_61abd6cb223d,d7e5689e7786
England,E12000002,E08000003,Manchester,MANCH_471e4d4e6761,577122e12a29
England,E12000002,E08000003,Manchester,MANCH_cc98c68231bf,ea4ffcd50369
England,E12000002,E08000003,Manchester,MANCH_c790988de483,7506e9c385ad
England,E12000002,E08000003,Manchester,MANCH_1d21131d5584,b2e5e8d7cf9b
England,E12000002,E08000003,Manchester,MANCH_89113350ed34,88f466f2acfc
England,E12000002,E08000003,Manchester,MANCH_7ca37d0789c0,701aa33d2829
England,E12000002,E08000003,Manchester,MANCH_870e353cc626,3b8d655ed7e9
England,E12000002,E08000003,Manchester,MANCH_b78e97b8d17e,7ca4c7d23bdc
England,E12000002,E08000003,Manchester,MANCH_4a3974fd244a,d7a8949b72e1
England,E12000002,E08000003,Manchester,MANCH_3f25a156878c,25abb854b7c7
England,E12000002,E08000003,Manchester,MANCH_e86efad58ec0,b42dff9bc9d5
England,E12000002,E08000003,Manchester,MANCH_e23b0cf60723,27aa9bf7af8c
England,E12000002,E08000003,Manchester,MANCH_96f5071bff7d,26a8543d8a8f
England,E12000002,E08000003,Manchester,MANCH_2ceae2208c87,15ccb1de0bce
England,E12000002,E08000003,Manchester,MANCH_168ce717b2a9,0b8ac3fdd58e
England,E12000002,E08000003,Manchester,MANCH_e56e180c9007,5e1f9fcf0143
England,E12000002,E08000003,Manchester,MANCH_85d14d1fc078,50b4ed620a0f
England,E12000002,E08000003,Manchester,MANCH_531298e70261,e34ae5fa5f85
England,E12000002,E08000003,Manchester,MANCH_c16993cdef18,9229b95a6a16
England,E12000002,E08000003,Manchester,MANCH_3deee2355901,e454f774a91e
England,E12000002,E08000003,Manchester,MANCH_2ccfd4587792,a5bb5e1249eb
England,E12000002,E08000003,Manchester,MANCH_760e5163fb16,e2d410bf9886
England,E12000002,E08000003,Manchester,MANCH_f73cea07c7f1,9424e239452a
England,E12000002,E08000003,Manchester,MANCH_da5f1a4459dc,67279fb984d5
England,E12000002,E08000003,Manchester,MANCH_f294558462cd,88f8b6e9f1da
England,E12000002,E08000003,Manchester,MANCH_3b6da88a3ae6,56ebd743bf6c
England,E12000002,E08000003,Manchester,MANCH_12d4c4953601,6a62e9526ee1
England,E12000002,E08000003,Manchester,MANCH_8efc68cd63e3,fe8f02e430ce
England,E12000002,E08000003,Manchester,MANCH_7911045ec614,a4727e5a7ca1
England,E12000002,E08000003,Manchester,MANCH_1f61f4d80061,a36c69846aa7
England,E12000002,E08000003,Manchester,MANCH_fe7f22bdc78d,dc626b7998f6
England,E12000002,E08000003,Manchester,MANCH_053eb2e8b2fd,04d7b154e0e9
England,E12000002,E08000003,Manchester,MANCH_c1941512642f,a7b52a07abb7
England,E12000002,E08000003,Manchester,MANCH_9929c31d68c3,58e424a4699d
England,E12000002,E08000003,Manchester,MANCH_8436e707bb8a,85884eb956f5
England,E12000002,E08000003,Manchester,MANCH_bf5b1b6a9e86,ca3f3720e690
England,E12000002,E08000003,Manchester,MANCH_ef5ce3436a5f,79d26b5917fd
England,E12000002,E08000003,Manchester,MANCH_840bfa1d66e6,637242dcc525
England,E12000002,E08000003,Manchester,MANCH_c971f4cd85d3,fa28ebe6532f
England,E12000002,E08000003,Manchester,MANCH_4f14373d0a52,f4ef2bb8d699
England,E12000002,E08000003,Manchester,MANCH_b2befa734048,f0d24130e119
England,E12000002,E08000003,Manchester,MANCH_444144406efa,12c5f07b05f7
England,E12000002,E08000003,Manchester,MANCH_9404cfeb0b8d,719fcdc3562e
England,E12000002,E08000003,Manchester,MANCH_ef9e47fcb726,b83fbed32e33
England,E12000002,E08000003,Manchester,MANCH_b6eeb082e5ac,598a5921230e
England,E12000002,E08000003,Manchester,MANCH_0028cbf39f96,711e197d65f4
England,E12000002,E08000003,Manchester,MANCH_771cf28ef48d,6cf8aae369ee
England,E12000002,E08000003,Manchester,MANCH_11560a5f9387,18d54b773a73
England,E12000002,E08000003,Manchester,MANCH_69b658df7804,2cb9ab6c973d
England,E12000002,E08000003,Manchester,MANCH_98b51e237f27,3cdf48502305
England,E12000002,E08000003,Manchester,MANCH_486153db5259,fc639ddfa076
England,E12000002,E08000003,Manchester,MANCH_ff3df5f1a93a,ad44b28bd91e
England,E12000002,E08000003,Manchester,MANCH_e73a22644ba7,1761ff11e1ec
England,E12000002,E08000003,Manchester,MANCH_929fa1bc764c,1256ea27635a
England,E12000002,E08000003,Manchester,MANCH_792672594b06,43144e3fa4d3
England,E12000002,E08000003,Manchester,MANCH_615ca82115b3,69927fbb6446
England,E12000002,E08000003,Manchester,MANCH_bf1d6f98388a,47a60a129500
England,E12000002,E08000003,Manchester,MANCH_36018c0ac18d,066df20bd090
England,E12000002,E08000003,Manchester,MANCH_4edffd7d3dfb,e7d20d5aa714
England,E12000002,E08000003,Manchester,MANCH_e4703a54e0f7,c2e4bfe74e67
England,E12000002,E08000003,Manchester,MANCH_01e6a1715e17,26094ce06ac3
England,E12000002,E08000003,Manchester,MANCH_083b90119ba3,48bd9b21ca8a
England,E12000002,E08000003,Manchester,MANCH_356348bdc4d2,2592773dcd59
England,E12000002,E08000003,Manchester,MANCH_90d6a10e422c,dca9418fc2b7
England,E12000002,E08000003,Manchester,MANCH_14075017bab6,1742f593c959
England,E12000002,E08000003,Manchester,MANCH_5e63a6417525,31fa964fdf4e
England,E12000002,E08000003,Manchester,MANCH_d0329ab1e01e,8cea5b626cd2
England,E12000002,E08000003,Manchester,MANCH_cb69ee0f3356,7b96cba4b41c
England,E12000002,E08000003,Manchester,MANCH_b25b097a88f1,8a4bdbc977af
England,E12000002,E08000003,Manchester,MANCH_6d7629ebbeef,8ef8433b0a6b
England,E12000002,E08000003,Manchester,MANCH_b6fe8d480262,f1470ecd196a
England,E12000002,E08000003,Manchester,MANCH_9df2d5f43c76,b8cf9beebcf7
England,E12000002,E08000003,Manchester,MANCH_36125ca5e752,3ec907e9060a
England,E12000002,E08000003,Manchester,MANCH_2c07e4bdd844,64d4ce37032f
England,E12000002,E08000003,Manchester,MANCH_761db67db45c,06de718d01c8
England,E12000002,E08000003,Manchester,MANCH_e411d38186c7,1d12e7dbe20b
England,E12000002,E08000003,Manchester,MANCH_fd57b8111342,0833137ae65a
England,E12000002,E08000003,Manchester,MANCH_048672ea3a63,15f8f1dfa6ec
England,E12000002,E08000003,Manchester,MANCH_1146df66d584,4b5b100f5232
England,E12000002,E08000003,Manchester,MANCH_4883119b229e,46c6221eced1
England,E12000002,E08000003,Manchester,MANCH_68c2d2f702ab,d672acfb7fbd
England,E12000002,E08000003,Manchester,MANCH_d2eeb0bbeb4a,5b4a8a9b2317
England,E12000002,E08000003,Manchester,MANCH_c4d9a74d9330,13ffb7ba6e27
England,E12000002,E08000003,Manchester,MANCH_d0b63eb5a959,81df99ef3fd7
England,E12000002,E08000003,Manchester,MANCH_88d31b5bf66d,08639eca2730
England,E12000002,E08000003,Manchester,MANCH_97b361db43de,e8e3f305583c
England,E12000002,E08000003,Manchester,MANCH_394ae26989b1,b24dda636c59
England,E12000002,E08000003,Manchester,MANCH_66c3b937802d,697cdb1eecb6
England,E12000002,E08000003,Manchester,MANCH_ac404576ddc5,a445c950c2c8
England,E12000002,E08000003,Manchester,MANCH_cf062883b5a9,c16b8338b15e
England,E12000002,E08000003,Manchester,MANCH_7285ed7c6eed,32d84a673025
England,E12000002,E08000003,Manchester,MANCH_a88e92ebbe3f,df56c27f7e42
England,E12000002,E08000003,Manchester,MANCH_f1f9d3956815,1b16793c618d
England,E12000002,E08000003,Manchester,MANCH_8eb00d04f9cd,5321086fdb93
England,E12000002,E08000003,Manchester,MANCH_5ecb7c1080b2,b4f24de39866
England,E12000002,E08000003,Manchester,MANCH_9cd0e948658c,46344f8b1dbc
England,E12000002,E08000003,Manchester,MANCH_97bc2b350394,360b0a95a79d
England,E12000002,E08000003,Manchester,MANCH_a8fbe652f540,17f4c08d5d69
England,E12000002,E08000003,Manchester,MANCH_12efd37af44f,15dc992eb5a2
England,E12000002,E08000003,Manchester,MANCH_7c85a78fa64a,9f36d3db3c91
England,E12000002,E08000003,Manchester,MANCH_dbc23226ebff,8c83372d18b9
England,E12000002,E08000003,Manchester,MANCH_7d86d67de0a2,eed18833fd65
England,E12000002,E08000003,Manchester,MANCH_7f9ea5102da3,40a273562b77
England,E12000002,E08000003,Manchester,MANCH_ed3fae374386,b49c3c876241
England,E12000002,E08000003,Manchester,MANCH_1ddb2194c8a1,0dd2f6dcc0ee
England,E12000002,E08000003,Manchester,MANCH_2c437429e5b1,9be57c7b8ec7
England,E12000002,E08000003,Manchester,MANCH_bf5c471b2ee0,991dc835f009
England,E12000002,E08000003,Manchester,MANCH_3a9cde9f00a7,05ec287d817c
England,E12000002,E08000003,Manchester,MANCH_c945ac501c88,c58a904036aa
England,E12000002,E08000003,Manchester,MANCH_4d429a31d6cc,afc20366894a
England,E12000002,E08000003,Manchester,MANCH_8f6ba2cad38e,d7ff3711a823
England,E12000002,E08000003,Manchester,MANCH_6d4316bd6130,d810e0cd6c19
England,E12000002,E08000003,Manchester,MANCH_53abccef927a,30734747c48d
England,E12000002,E08000003,Manchester,MANCH_2c7eef03317a,1591217e4708
England,E12000002,E08000003,Manchester,MANCH_5baaaa6f2f1a,d37dd694dbb5
England,E12000002,E08000003,Manchester,MANCH_9d9bdc72152d,85264abbabe5
England,E12000002,E08000003,Manchester,MANCH_4b8a2d3f9e14,456a9b3954e5
England,E12000002,E08000003,Manchester,MANCH_bd276e899716,daf5f236261f
England,E12000002,E08000003,Manchester,MANCH_a4b327da92b8,581ef327954c
England,E12000002,E08000003,Manchester,MANCH_3c426edab632,fd4cdb85437b
England,E12000002,E08000003,Manchester,MANCH_90b09b126ff8,6f027a8e8c4e
England,E12000002,E08000003,Manchester,MANCH_4049f8c001b8,92a437304787
England,E12000002,E08000003,Manchester,MANCH_39dd68a5199b,144a3d2b7b42
England,E12000002,E08000003,Manchester,MANCH_aa95620fd935,d1061bb414d9
England,E12000002,E08000003,Manchester,MANCH_bae1ca1dd01e,15eba1c4c687
England,E12000002,E08000003,Manchester,MANCH_183ac827792b,b3475774aae5
England,E12000002,E08000003,Manchester,MANCH_c977b12b6cdb,8555f3ae20a4
England,E12000002,E08000003,Manchester,MANCH_47a3aaa1ec7a,f82955895886
England,E12000002,E08000003,Manchester,MANCH_76fe623c86b9,b137c37f74b6
England,E12000002,E08000003,Manchester,MANCH_6637b8b719e4,c16bd4e7cde6
England,E12000002,E08000003,Manchester,MANCH_488b26ed180f,88369c5ac4ec
England,E12000002,E08000003,Manchester,MANCH_6cc5dceb50c6,2cf6fdea35a9
England,E12000002,E08000003,Manchester,MANCH_b81840afcbac,25de25434b7b
England,E12000002,E08000003,Manchester,MANCH_bd80fca9b27f,0f28c105577f
England,E12000002,E08000003,Manchester,MANCH_ba8f63fdab50,acf30a3da22e
England,E12000002,E08000003,Manchester,MANCH_2345e91008ae,891470532e89
England,E12000002,E08000003,Manchester,MANCH_1a75c1bcbd36,05720733214e
England,E12000002,E08000003,Manchester,MANCH_1a6401b19f0c,5d59c330a8a5
England,E12000002,E08000003,Manchester,MANCH_6aa4b1bf962b,8e8e96570fef
England,E12000002,E08000003,Manchester,MANCH_39ca8fbc5c5c,a4f682982dfa
England,E12000002,E08000003,Manchester,MANCH_ab7c41846e46,0ad855c8d392
England,E12000002,E08000003,Manchester,MANCH_f1c94dd83e35,1820b8ea449b
England,E12000002,E08000003,Manchester,MANCH_7df4c74996c9,4586506b974e
England,E12000002,E08000003,Manchester,MANCH_0e80e724069b,5ba77f8964a4
England,E12000002,E08000003,Manchester,MANCH_80225a5e24b8,b82d54737fd5
England,E12000002,E08000003,Manchester,MANCH_48e3eb3d8ed5,2d1a2e18adc4
England,E12000002,E08000003,Manchester,MANCH_b398aa90995e,3eb84625c6e3
England,E12000002,E08000003,Manchester,MANCH_b4a78b5f1d28,24e7f39ccff0
England,E12000002,E08000003,Manchester,MANCH_f02ff5202d62,fb696780bbf6
England,E12000002,E08000003,Manchester,MANCH_b640317b80fd,437080ec4a07
England,E12000002,E08000003,Manchester,MANCH_8c7e88292cec,a3630d367d5f
England,E12000002,E08000003,Manchester,MANCH_f9f0fd78043a,cc1aea8a9e68
England,E12000002,E08000003,Manchester,MANCH_355c9b160009,c3ac854fc94f
England,E12000002,E08000003,Manchester,MANCH_c925bdda4788,a0b64efb55a7
England,E12000002,E08000003,Manchester,MANCH_11f7460608b4,27c1663cb289
England,E12000002,E08000003,Manchester,MANCH_8cb132fdcedb,65642d43a3b0
England,E12000002,E08000003,Manchester,MANCH_404b8bb754f5,1c70cda37027
England,E12000002,E08000003,Manchester,MANCH_10815d44d319,c2f8c779e6f7
England,E12000002,E08000003,Manchester,MANCH_c860b9daa831,7b92e3e81fba
England,E12000002,E08000003,Manchester,MANCH_08a09d02b433,0ae9fb231def
England,E12000002,E08000003,Manchester,MANCH_efe772d8e2bd,6cd8f4325d06
England,E12000002,E08000003,Manchester,MANCH_d30f1250c3c1,837a71fb21ed
England,E12000002,E08000003,Manchester,MANCH_a84cd120ddc0,89e366008400
England,E12000002,E08000003,Manchester,MANCH_b632dfd70915,33c9900b5ff7
England,E12000002,E08000003,Manchester,MANCH_b88d89bb2b34,c71457277f67
England,E12000002,E08000003,Manchester,MANCH_14e19625c595,c5d72775b9fa
England,E12000002,E08000003,Manchester,MANCH_c5a28dd9a134,1bc2c1aa435c
England,E12000002,E08000003,Manchester,MANCH_61e0bd0fb81d,7ae427b25710
England,E12000002,E08000003,Manchester,MANCH_5f343ac8efa5,991be046179d
England,E12000002,E08000003,Manchester,MANCH_6b0d25dc69ef,2ffbc9e7a6dc
England,E12000002,E08000003,Manchester,MANCH_6119b584ba70,670af219cbd7
England,E12000002,E08000003,Manchester,MANCH_67615018fd52,c15141ef85bf
England,E12000002,E08000003,Manchester,MANCH_c0f9389862fc,f0ff6359c2ce
England,E12000002,E08000003,Manchester,MANCH_90971b858eef,dd26254d9a33
England,E12000002,E08000003,Manchester,MANCH_c4d25a374b09,5a5fdcd8b241
England,E12000002,E08000003,Manchester,MANCH_a7083815c671,abc28876898f
England,E12000002,E08000003,Manchester,MANCH_233157b42a0e,8d313715f830
England,E12000002,E08000003,Manchester,MANCH_6e18dd2d5101,4483ba10c461
England,E12000002,E08000003,Manchester,MANCH_8830e2699db7,0cfe7bfa5590
England,E12000002,E08000003,Manchester,MANCH_f8c2d622d7bc,994b4c0fde27
England,E12000002,E08000003,Manchester,MANCH_9e6a83f46316,1bb51df091eb
England,E12000002,E08000003,Manchester,MANCH_ae94d5f99c15,d3e0bda941ed
England,E12000002,E08000003,Manchester,MANCH_0c54db4b66c7,1fbdf02b5798
England,E12000002,E08000003,Manchester,MANCH_407fcc04467f,7ada1019b18d
England,E12000002,E08000003,Manchester,MANCH_ff32ca1bf98f,48cb84fe82c9
England,E12000002,E08000003,Manchester,MANCH_8f1d2d2f6c8a,8ffdef4594a9
England,E12000002,E08000003,Manchester,MANCH_791199a9dc0a,d1c39cd58a0a
England,E12000002,E08000003,Manchester,MANCH_61650d6abfe2,81535c9f97ff
England,E12000002,E08000003,Manchester,MANCH_67a1ee4458d0,f68a9e66062d
England,E12000002,E08000003,Manchester,MANCH_fa9d17d1e9b7,179d9fe7d832
England,E12000002,E08000003,Manchester,MANCH_a2853b63754c,c1cfa95e3c7b
England,E12000002,E08000003,Manchester,MANCH_fb78b4ae6ba0,f7c0a59a93e4
England,E12000002,E08000003,Manchester,MANCH_8a1d3944671f,2f7e4ee87907
England,E12000002,E08000003,Manchester,MANCH_fb15d32b17fd,8b5483c19018
England,E12000002,E08000003,Manchester,MANCH_b6523b66157d,7da3b6dacf7f
England,E12000002,E08000003,Manchester,MANCH_dd7cc2cc92e9,f770a1fc24da
England,E12000002,E08000003,Manchester,MANCH_edd53cb83e80,7ac0b60194c0
England,E12000002,E08000003,Manchester,MANCH_ef4f48e2b9c9,1b61bd5d4118
England,E12000002,E08000003,Manchester,MANCH_6b9a74d07825,2b2dbf8aa40f
England,E12000002,E08000003,Manchester,MANCH_2468a549a75a,89fcf7eb0560
England,E12000002,E08000003,Manchester,MANCH_6dcc5d6a4b6f,bf234c0fe37f
England,E12000002,E08000003,Manchester,MANCH_bbaa4e5f6465,2067bab61e8b
England,E12000002,E08000003,Manchester,MANCH_39a467fdcea3,a20bbec09162
England,E12000002,E08000003,Manchester,MANCH_c1528f2bc8fa,a54633929806
England,E12000002,E08000003,Manchester,MANCH_08c5e6db07a6,b38765181f52
England,E12000002,E08000003,Manchester,MANCH_c752384dfa3b,140e52339eb9
England,E12000002,E08000003,Manchester,MANCH_c4535ac2275e,033b5784944e
England,E12000002,E08000003,Manchester,MANCH_c7aea7973e40,16b9efdd6d64
England,E12000002,E08000003,Manchester,MANCH_8a3365895459,c1655b9adcb3
England,E12000002,E08000003,Manchester,MANCH_e059b4932b41,e2787c59379b
England,E12000002,E08000003,Manchester,MANCH_3830abed536c,f7e4ac61a743
England,E12000002,E08000003,Manchester,MANCH_757d59c2aa09,8767367e9b69
England,E12000002,E08000003,Manchester,MANCH_104e5ff2d45b,72b7f7b81858
England,E12000002,E08000003,Manchester,MANCH_19f7a575bf0d,5851fbcb31f9
England,E12000002,E08000003,Manchester,MANCH_5a9917102de7,71237d6fa5c9
England,E12000002,E08000003,Manchester,MANCH_3545f01e43fa,18e507ffd1db
England,E12000002,E08000003,Manchester,MANCH_ca5e526f0d8d,72a5c4cb3dd6
England,E12000002,E08000003,Manchester,MANCH_c79ab75b621e,1b52ece63243
England,E12000002,E08000003,Manchester,MANCH_94bffbcebe31,2fa7667bc752
England,E12000002,E08000003,Manchester,MANCH_e4a94f0cc0e9,297cac089264
England,E12000002,E08000003,Manchester,MANCH_3bb0d552235e,3c8ae603f359
England,E12000002,E08000003,Manchester,MANCH_0afaff7a5e89,4e5babbe88c3
England,E12000002,E08000003,Manchester,MANCH_fcbc083be5c0,1d418cb3ce5f
England,E12000002,E08000003,Manchester,MANCH_f6ddc9e9d8af,f3435ba3dab4
England,E12000002,E08000003,Manchester,MANCH_9830c870413e,4b76967aa653
England,E12000002,E08000003,Manchester,MANCH_61573f776329,0054a2836341
England,E12000002,E08000003,Manchester,MANCH_9fa9b5a1fe04,1c07f5eb3afb
England,E12000002,E08000003,Manchester,MANCH_f7263e86a23b,f8c208e68331
England,E12000002,E08000003,Manchester,MANCH_d1eb4ae2e8fb,c2346c355910
England,E12000002,E08000003,Manchester,MANCH_7b34370384ae,b41b9d17b469
England,E12000002,E08000003,Manchester,MANCH_220f7bcbeaa6,2ed8f16984ce
England,E12000002,E08000003,Manchester,MANCH_3f77e36c557a,5c903619e53d
England,E12000002,E08000003,Manchester,MANCH_57fd4d1aecab,4c18e98a7988
England,E12000002,E08000003,Manchester,MANCH_6e061898427f,d754fb4d8778
England,E12000002,E08000003,Manchester,MANCH_009e57af7bfd,80d1d56e50c6
England,E12000002,E08000003,Manchester,MANCH_53368ff25678,5fbb9c9812bf
England,E12000002,E08000003,Manchester,MANCH_6a4095edff1f,ed3ca06fc132
England,E12000002,E08000003,Manchester,MANCH_ad9d5be69ab9,630a415496a8
England,E12000002,E08000003,Manchester,MANCH_2c5e426f7b24,8b428a534a47
England,E12000002,E08000003,Manchester,MANCH_18f5ccc5b1fd,589d893fa19f
England,E12000002,E08000003,Manchester,MANCH_3a4a2940aa2e,dd2a5385efac
England,E12000002,E08000003,Manchester,MANCH_d6fbbd78fd68,5cb1542a8a5f
England,E12000002,E08000003,Manchester,MANCH_df285ae5017e,d71a4f955ef6
England,E12000002,E08000003,Manchester,MANCH_066feb84979e,8788fc5a4a78
England,E12000002,E08000003,Manchester,MANCH_846524217534,ba472abf8173
England,E12000002,E08000003,Manchester,MANCH_925e3a9a5510,ce41460bbffa
England,E12000002,E08000003,Manchester,MANCH_1ec1562aa832,680c21e02b64
England,E12000002,E08000003,Manchester,MANCH_eea935deb38a,8510d13cdf01
England,E12000002,E08000003,Manchester,MANCH_941bab79c106,a506bc8c28b0
England,E12000002,E08000003,Manchester,MANCH_ad842a90c30f,d28bd81c89b8
England,E12000002,E08000003,Manchester,MANCH_a78c3048fb2f,7e822562fb90
England,E12000002,E08000003,Manchester,MANCH_84333c173f23,4e456e7c20fa
England,E12000002,E08000003,Manchester,MANCH_69bb017b0845,5607b8fe0e00
England,E12000002,E08000003,Manchester,MANCH_6f00c7855171,cb0a5079c007
England,E12000002,E08000003,Manchester,MANCH_e76a7c0ca236,c6f03118c260
England,E12000002,E08000003,Manchester,MANCH_6b1e6e252446,264d22b49cee
England,E12000002,E08000003,Manchester,MANCH_780305c9c3cf,fe1a31a26de3
England,E12000002,E08000003,Manchester,MANCH_1d1bee7e90c1,6b1f69dbd610
England,E12000002,E08000003,Manchester,MANCH_dcc13b7562fe,6a53c65e6f21
England,E12000002,E08000003,Manchester,MANCH_0cbb1e225b84,299d116aee5a
England,E12000002,E08000003,Manchester,MANCH_f39e5c5d4161,7a3f5426d129
England,E12000002,E08000003,Manchester,MANCH_5c5537e50231,6f288c17fc62
England,E12000002,E08000003,Manchester,MANCH_524db83022d9,5fb92ec595bf
England,E12000002,E08000003,Manchester,MANCH_7f422eaf2035,896d7c3e1bd3
England,E12000002,E08000003,Manchester,MANCH_bb67448d5885,c9b3eaf02104
England,E12000002,E08000003,Manchester,MANCH_5fa288c1657b,f7aefa043ff1
England,E12000002,E08000003,Manchester,MANCH_b2bbd13d30c2,52bdd7a69295
England,E12000002,E08000003,Manchester,MANCH_845dba4e3610,bdc9f92bab30
England,E12000002,E08000003,Manchester,MANCH_559d1ac5f005,6b944f5196c1
England,E12000002,E08000003,Manchester,MANCH_b2bce4b41159,c36ef4cb5d4f
England,E12000002,E08000003,Manchester,MANCH_6e8a23735cd9,d21822cb93d2
England,E12000002,E08000003,Manchester,MANCH_7755de91e8db,54950abcfc5a
England,E12000002,E08000003,Manchester,MANCH_bfd449d0a84e,4f9f9a7764fd
England,E12000002,E08000003,Manchester,MANCH_116e44f1bc0b,91f649749ca8
England,E12000002,E08000003,Manchester,MANCH_fec3f3947386,71e71efc9e05
England,E12000002,E08000003,Manchester,MANCH_3db9a4c646f5,fb582d184f9b
England,E12000002,E08000003,Manchester,MANCH_2a243fc96b3e,9fac4a970e7f
England,E12000002,E08000003,Manchester,MANCH_1890f2a6f38b,26974f330039
England,E12000002,E08000003,Manchester,MANCH_fa5efdccc6f3,0244ad3ed585
England,E12000002,E08000003,Manchester,MANCH_8fcc4aa01447,0816d486684d
England,E12000002,E08000003,Manchester,MANCH_bdf473434e42,dbb92e0feda8
England,E12000002,E08000003,Manchester,MANCH_ce7f64464a3f,472c39a3f3a7
England,E12000002,E08000003,Manchester,MANCH_8ee236ec8e5d,2b9356a2cba0
England,E12000002,E08000003,Manchester,MANCH_9a5fd6f6704a,4f6e5bd4dcbf
England,E12000002,E08000003,Manchester,MANCH_89decec8dd9f,ad80af15b898
England,E12000002,E08000003,Manchester,MANCH_2e14c6946013,db062a679462
England,E12000002,E08000003,Manchester,MANCH_6e3103e02854,b4678481e120
England,E12000002,E08000003,Manchester,MANCH_f13179215bfc,eddba6d4ff7d
England,E12000002,E08000003,Manchester,MANCH_3d8e32e205e0,9eeba378a260
England,E12000002,E08000003,Manchester,MANCH_99327383a763,08ce0a7fb557
England,E12000002,E08000003,Manchester,MANCH_8e7b893fde28,946c4e2864f7
England,E12000002,E08000003,Manchester,MANCH_8afbfeb4af0d,aa57d0c78408
England,E12000002,E08000003,Manchester,MANCH_737f94e2af70,1dc8352deb35
England,E12000002,E08000003,Manchester,MANCH_13a83b2a7931,ce8fdea17740
England,E12000002,E08000003,Manchester,MANCH_de39720eef76,845ea43fb3ca
England,E12000002,E08000003,Manchester,MANCH_4d78ecc56066,e95e78d59930
England,E12000002,E08000003,Manchester,MANCH_6cf18de33ec9,4e346df53508
England,E12000002,E08000003,Manchester,MANCH_ffb7b4c082bb,0c576fc297ad
England,E12000002,E08000003,Manchester,MANCH_6c84b7fb17cb,2894f9a4b804
England,E12000002,E08000003,Manchester,MANCH_c5364feae0d1,a03718c748b2
England,E12000002,E08000003,Manchester,MANCH_d930f6278b64,5cce3210d7fb
England,E12000002,E08000003,Manchester,MANCH_3aab5866d9d1,fd8772d781c0
England,E12000002,E08000003,Manchester,MANCH_8b987ab36f84,0ce1cd8d297f
England,E12000002,E08000003,Manchester,MANCH_929c341dada0,51458fc4b5c3
England,E12000002,E08000003,Manchester,MANCH_153ec59cd112,9be39cc6242b
England,E12000002,E08000003,Manchester,MANCH_06e012416761,3f376e04a601
England,E12000002,E08000003,Manchester,MANCH_20e7f416d686,6f7905e2dcf5
England,E12000002,E08000003,Manchester,MANCH_c37371dc817a,ad12c5c72fba
England,E12000002,E08000003,Manchester,MANCH_20ef09fb7bf0,cead202dcbba
England,E12000002,E08000003,Manchester,MANCH_620736ec5503,c299550770a9
England,E12000002,E08000003,Manchester,MANCH_ffd9c31fe3ce,658714e03d60
England,E12000002,E08000003,Manchester,MANCH_b640fa0fff03,480e7212fd1b
England,E12000002,E08000003,Manchester,MANCH_2e7b5ae349c1,c0d9f53ecf98
England,E12000002,E08000003,Manchester,MANCH_b6f31958395e,1716f5717f99
England,E12000002,E08000003,Manchester,MANCH_ab584cf366a6,24b122a26ff2
England,E12000002,E08000003,Manchester,MANCH_f2f6a889d629,489600f4ce46
England,E12000002,E08000003,Manchester,MANCH_d6bdd9cb9d18,70ee7010e803
England,E12000002,E08000003,Manchester,MANCH_fb54a94914b7,0809925df538
England,E12000002,E08000003,Manchester,MANCH_fefeb7cc23dc,2bafe0d1abc3
England,E12000002,E08000003,Manchester,MANCH_b4cc97dc481b,686978695276
England,E12000002,E08000003,Manchester,MANCH_f501d805c61f,1470f3c0bd12
England,E12000002,E08000003,Manchester,MANCH_250ead72ee92,bd088f01f243
England,E12000002,E08000003,Manchester,MANCH_64561568e763,7df42f9ad779
England,E12000002,E08000003,Manchester,MANCH_4a567988ff9c,b0b3d089dd79
England,E12000002,E08000003,Manchester,MANCH_83446c6111b4,259615a93803
England,E12000002,E08000003,Manchester,MANCH_33c3d1ee46f0,339ac5a01375
England,E12000002,E08000003,Manchester,MANCH_f0f8587e8c45,c25e3e46c805
England,E12000002,E08000003,Manchester,MANCH_bf763ada04df,ea2a50ce3821
England,E12000002,E08000003,Manchester,MANCH_aa36092f4a7b,f3ea4a79cc09
England,E12000002,E08000003,Manchester,MANCH_b4e3f4890f92,6e4653ee2809
England,E12000002,E08000003,Manchester,MANCH_362a5c0635ad,aa1cf550e4a5
England,E12000002,E08000003,Manchester,MANCH_3d89c3aec880,7919895b82b1
England,E12000002,E08000003,Manchester,MANCH_3eec0cee31e5,b6a68ba210cf
England,E12000002,E08000003,Manchester,MANCH_4cd8b669f332,7354aa817917
England,E12000002,E08000003,Manchester,MANCH_a2d1f94cb022,d9a02c311fc2
England,E12000002,E08000003,Manchester,MANCH_eaaba180e9af,657750ebfef2
England,E12000002,E08000003,Manchester,MANCH_939a4da2979d,683a5006532d
England,E12000002,E08000003,Manchester,MANCH_61add4eb16d1,16bb48d95aa1
England,E12000002,E08000003,Manchester,MANCH_eb7dcfcdc7df,f003323572b3
England,E12000002,E08000003,Manchester,MANCH_d710522d24aa,94167a07a3f5
England,E12000002,E08000003,Manchester,MANCH_d94359bf94ba,1055ccd7ae92
England,E12000002,E08000003,Manchester,MANCH_0a6a50c7837d,a7b769ced8a1
England,E12000002,E08000003,Manchester,MANCH_27505f8d32a5,cdb1a1008ff1
England,E12000002,E08000003,Manchester,MANCH_f2b18908f3fa,906a032f615f
England,E12000002,E08000003,Manchester,MANCH_b1841a61e6da,0dbe805e6695
England,E12000002,E08000003,Manchester,MANCH_636ef2f64381,34da58be7902
England,E12000002,E08000003,Manchester,MANCH_41683818160f,e96cd197856a
England,E12000002,E08000003,Manchester,MANCH_d7cc18149819,c80e9aa2e9e0
England,E12000002,E08000003,Manchester,MANCH_7642680ae9ab,f9151e813188
England,E12000002,E08000003,Manchester,MANCH_57e75599a1ad,d6a7ff4e2c76
England,E12000002,E08000003,Manchester,MANCH_29eb3a786d7e,0be7e511e170
England,E12000002,E08000003,Manchester,MANCH_3391c767a83f,5e6e53b72e18
England,E12000002,E08000003,Manchester,MANCH_40e3e5f9fbf8,e306bb83a1a8
England,E12000002,E08000003,Manchester,MANCH_535e3d1c2c93,4192137763db
England,E12000002,E08000003,Manchester,MANCH_5a0eab16c364,97cd3a6e00a8
England,E12000002,E08000003,Manchester,MANCH_b591478a6b57,2f0a3ec56e73
England,E12000002,E08000003,Manchester,MANCH_634d63f30207,af5014805c0d
England,E12000002,E08000003,Manchester,MANCH_cdcb63ca0e66,6e435682e640
England,E12000002,E08000003,Manchester,MANCH_adc5a6851d88,3d0251250641
England,E12000002,E08000003,Manchester,MANCH_f32951dd35b6,2b21cc0c6639
England,E12000002,E08000003,Manchester,MANCH_4a549a47b76b,238c1fd8230c
England,E12000002,E08000003,Manchester,MANCH_a909f889f764,4b987a91ca6d
England,E12000002,E08000003,Manchester,MANCH_a2bb68b9cd09,843238a48fc9
England,E12000002,E08000003,Manchester,MANCH_de5a35771099,627abc87b0f4
England,E12000002,E08000003,Manchester,MANCH_67bb796cc125,c401b8863a28
England,E12000002,E08000003,Manchester,MANCH_0aeabc50ee66,6cc5acf75ae4
England,E12000002,E08000003,Manchester,MANCH_f18da5cfd886,964175dee002
England,E12000002,E08000003,Manchester,MANCH_2b94ebdb980a,5cc2bdf243f7
England,E12000002,E08000003,Manchester,MANCH_0808f9f4b523,7d7170bbb542
England,E12000002,E08000003,Manchester,MANCH_67854298fb73,383aab816471
England,E12000002,E08000003,Manchester,MANCH_452aa770f3b1,2af93de9e5da
England,E12000002,E08000003,Manchester,MANCH_e60f51793178,01ef85418d08
England,E12000002,E08000003,Manchester,MANCH_7cb909c3c78f,ef9f72ed3468
England,E12000002,E08000003,Manchester,MANCH_c8510af5dced,914dc7f8f5cd
England,E12000002,E08000003,Manchester,MANCH_446fef5ea0d5,bfe84931acc5
England,E12000002,E08000003,Manchester,MANCH_9682b368146c,82d5c0273a41
England,E12000002,E08000003,Manchester,MANCH_5b82e2c13483,a45064cacee1
England,E12000002,E08000003,Manchester,MANCH_e2b4007d1792,9d9ab8412e15
England,E12000002,E08000003,Manchester,MANCH_32535e4f4a74,bfa3fd932b1b
England,E12000002,E08000003,Manchester,MANCH_9352b09a64f8,a6e5f53f787d
England,E12000002,E08000003,Manchester,MANCH_9577aa578b97,706452b64cc0
England,E12000002,E08000003,Manchester,MANCH_9f031247b7e1,bf7b6afbb82c
England,E12000002,E08000003,Manchester,MANCH_6241fe6ec51f,7478cd7cb72e
England,E12000002,E08000003,Manchester,MANCH_dcd0f88385bf,5fab1e05880f
England,E12000002,E08000003,Manchester,MANCH_3501dde05bd8,0118922b4e1d
England,E12000002,E08000003,Manchester,MANCH_ca5173fa3fef,030f3a862dcf
England,E12000002,E08000003,Manchester,MANCH_fb1d494d8017,5666c4a0a120
England,E12000002,E08000003,Manchester,MANCH_875d45c235ac,db062fc35cb8
England,E12000002,E08000003,Manchester,MANCH_3f7ea67c79a4,27dcb51922a5
England,E12000002,E08000003,Manchester,MANCH_d6408c84747c,e959da7c3837
England,E12000002,E08000003,Manchester,MANCH_84ed70c8dfa8,6d270df0f05b
England,E12000002,E08000003,Manchester,MANCH_caf5dc1d05e8,80f060c8203d
England,E12000002,E08000003,Manchester,MANCH_1cd98eb26544,3d5adf04d44f
England,E12000002,E08000003,Manchester,MANCH_51d992628ac7,147d4cd5b597
England,E12000002,E08000003,Manchester,MANCH_05c5b791dcec,ab19367f740e
England,E12000002,E08000003,Manchester,MANCH_993b44ac39f8,6fd72e8bd98d
England,E12000002,E08000003,Manchester,MANCH_d6165f9f2514,337e26bb6620
England,E12000002,E08000003,Manchester,MANCH_56118c4d5f16,39f19f7f991f
England,E12000002,E08000003,Manchester,MANCH_fbb62840180c,65cc8901e485
England,E12000002,E08000003,Manchester,MANCH_4e9684b0c0f0,3a655b93874c
England,E12000002,E08000003,Manchester,MANCH_abf37162b011,25d2a8f071bb
England,E12000002,E08000003,Manchester,MANCH_65af2b53269a,befcb3d559da
England,E12000002,E08000003,Manchester,MANCH_0376058baa33,5466bde1f661
England,E12000002,E08000003,Manchester,MANCH_77b4af2870cb,9bc08aebc4b1
England,E12000002,E08000003,Manchester,MANCH_e22912f5263c,ac8a13e0aba4
England,E12000002,E08000003,Manchester,MANCH_63f351aeb186,5e2a513ac00a
England,E12000002,E08000003,Manchester,MANCH_7f4eb546c85f,2972b072b388
England,E12000002,E08000003,Manchester,MANCH_f03c2e0f96c3,b1a199b00987
England,E12000002,E08000003,Manchester,MANCH_8625f5289a6a,eb9a27774161
England,E12000002,E08000003,Manchester,MANCH_e6fc6d41efb8,c69f9c42989b
England,E12000002,E08000003,Manchester,MANCH_b173337c64cc,51edf2f04ebd
England,E12000002,E08000003,Manchester,MANCH_208298536cb3,9948a109b627
England,E12000002,E08000003,Manchester,MANCH_dfd10a6d56ef,1cb0311a799a
England,E12000002,E08000003,Manchester,MANCH_dcaa5f10baf0,a17af9cf4718
England,E12000002,E08000003,Manchester,MANCH_90039ba4d434,979aa6593fa6
England,E12000002,E08000003,Manchester,MANCH_41a5c274ddc3,3ef2c9e4a373
England,E12000002,E08000003,Manchester,MANCH_7067d3f40d20,49db3e6eef70
England,E12000002,E08000003,Manchester,MANCH_b6332b5c8092,3ef2cfedba74
England,E12000002,E08000003,Manchester,MANCH_5bf903146366,0b14606e7b29
England,E12000002,E08000003,Manchester,MANCH_ead9d6944282,2be7177763f3
England,E12000002,E08000003,Manchester,MANCH_1906c5a8d13f,df36629afb58
England,E12000002,E08000003,Manchester,MANCH_fbbac35a0df6,37ca5e0a0936
England,E12000002,E08000003,Manchester,MANCH_bd367e97aa1a,651e74be47b6
England,E12000002,E08000003,Manchester,MANCH_479320addf09,bd30f3753df0
England,E12000002,E08000003,Manchester,MANCH_a63c6c9450e2,23b6e28a905a
England,E12000002,E08000003,Manchester,MANCH_e52c1482333f,f3336ea29597
England,E12000002,E08000003,Manchester,MANCH_9936d3e923b3,fceea5ff3bbe
England,E12000002,E08000003,Manchester,MANCH_1d5e839c74d4,1e2d1bec32e9
England,E12000002,E08000003,Manchester,MANCH_be95f21d2f6c,56d068df5cbf
England,E12000002,E08000003,Manchester,MANCH_e0ceaab7f2c2,0e117b627a91
England,E12000002,E08000003,Manchester,MANCH_7411553e31c1,a059eeef8534
England,E12000002,E08000003,Manchester,MANCH_dea83ce9502c,e4fb816d6924
England,E12000002,E08000003,Manchester,MANCH_446ede11a273,301620c631db
England,E12000002,E08000003,Manchester,MANCH_61cfa7490a54,3bc4ea2ce00b
England,E12000002,E08000003,Manchester,MANCH_352cdfa174e7,ab77e14e4467
England,E12000002,E08000003,Manchester,MANCH_65b1310afe6d,4ed34a106f26
England,E12000002,E08000003,Manchester,MANCH_0c43b3fda978,2ef14b15af25
England,E12000002,E08000003,Manchester,MANCH_961aa333114a,b471a72047af
England,E12000002,E08000003,Manchester,MANCH_17dfa7f0c046,fd72d3c8e894
England,E12000002,E08000003,Manchester,MANCH_024f461d98ec,fdaf0f400623
England,E12000002,E08000003,Manchester,MANCH_16fdcb660712,25bb42d39ae0
England,E12000002,E08000003,Manchester,MANCH_3b89bb04d75f,dc660e9c7f2a
England,E12000002,E08000003,Manchester,MANCH_1b2433273a02,6413bfdad8f9
England,E12000002,E08000003,Manchester,MANCH_d429f773a516,f9d7ba6af864
England,E12000002,E08000003,Manchester,MANCH_dc26a7afd6d8,f8e2c66a867a
England,E12000002,E08000003,Manchester,MANCH_d9a34a528be8,64bec1e6b7cb
England,E12000002,E08000003,Manchester,MANCH_bca3da1a5abd,eb650db9fb7f
England,E12000002,E08000003,Manchester,MANCH_d1c326c51486,0d1dcc2cbb9f
England,E12000002,E08000003,Manchester,MANCH_829c9499ef82,1acbd7c8b866
England,E12000002,E08000003,Manchester,MANCH_9d3c3d3b7882,d4a2cedf59fe
England,E12000002,E08000003,Manchester,MANCH_d6b3fa5fc15f,962a36176925
England,E12000002,E08000003,Manchester,MANCH_16ebd7329646,5de046208b09
England,E12000002,E08000003,Manchester,MANCH_d5d705790632,8cef22734ec9
England,E12000002,E08000003,Manchester,MANCH_b99a1f5e1bd9,c5f596b81f23
England,E12000002,E08000003,Manchester,MANCH_45263666bc34,05fec522c76e
England,E12000002,E08000003,Manchester,MANCH_f04e72cbab4b,4876c62f7a11
England,E12000002,E08000003,Manchester,MANCH_dce9c81069dd,6e79da59a1e0
England,E12000002,E08000003,Manchester,MANCH_a8caa015dba8,c046888238fb
England,E12000002,E08000003,Manchester,MANCH_84535d81aecc,ae2ae906a312
England,E12000002,E08000003,Manchester,MANCH_568e57d5a1cd,502c752370b7
England,E12000002,E08000003,Manchester,MANCH_f2e60d75ccc5,be82fafb927f
England,E12000002,E08000003,Manchester,MANCH_8705c47d262a,71717f603cd4
England,E12000002,E08000003,Manchester,MANCH_0bab5d1d263d,f75d3a80ec1d
England,E12000002,E08000003,Manchester,MANCH_468c37ec2b40,76dcbca0688c
England,E12000002,E08000003,Manchester,MANCH_d6c7c9eebfb9,5e5af63921a3
England,E12000002,E08000003,Manchester,MANCH_7c1a0ea999db,284e0f9541f7
England,E12000002,E08000003,Manchester,MANCH_6b2231873e69,3b9dfd2f690e
England,E12000002,E08000003,Manchester,MANCH_a2538a0f2c0b,3dc80c85736e
England,E12000002,E08000003,Manchester,MANCH_fc353c41bf3e,1cc6468ca60d
England,E12000002,E08000003,Manchester,MANCH_581afbd1da27,c1110eecd0ac
England,E12000002,E08000003,Manchester,MANCH_c4ed47f64804,68d7aef9ef77
England,E12000002,E08000003,Manchester,MANCH_3144ab95429a,98e6193c769a
England,E12000002,E08000003,Manchester,MANCH_4d7699973aa3,e54a9967d918
England,E12000002,E08000003,Manchester,MANCH_a262f754127b,f5f5be6f6279
England,E12000002,E08000003,Manchester,MANCH_1f9dcd09c482,9a87f8ba3de2
England,E12000002,E08000003,Manchester,MANCH_3f62e8c9a13c,30342a3d4b84
England,E12000002,E08000003,Manchester,MANCH_0d626cd587c4,b4f585cdd99d
England,E12000002,E08000003,Manchester,MANCH_bdaed1bd23a7,18bb4581b087
England,E12000002,E08000003,Manchester,MANCH_2d643ff20824,f06340059d1a
England,E12000002,E08000003,Manchester,MANCH_84aee9d7667d,a99ae89953eb
England,E12000002,E08000003,Manchester,MANCH_ab5f998cdc39,2e41c7a9370b
England,E12000002,E08000003,Manchester,MANCH_93430d9e14ca,40d59e5931d4
England,E12000002,E08000003,Manchester,MANCH_ab77be83cfcc,c8759335c260
England,E12000002,E08000003,Manchester,MANCH_08611ace81d2,86f34184d0a4
England,E12000002,E08000003,Manchester,MANCH_5f0ba865bf93,2ec440af0125
England,E12000002,E08000003,Manchester,MANCH_4ba944684f5f,8ad1bcb7e1d4
England,E12000002,E08000003,Manchester,MANCH_bfadaddf9eca,27f0a13c4b85
England,E12000002,E08000003,Manchester,MANCH_21e10e00683b,ba82f92f3db8
England,E12000002,E08000003,Manchester,MANCH_2958c305728d,79a04c8ed5df
England,E12000002,E08000003,Manchester,MANCH_1777418f3e72,4bd7809512c2
England,E12000002,E08000003,Manchester,MANCH_f4fd2ebd41b7,6ebe1dee8ae2
England,E12000002,E08000003,Manchester,MANCH_1b14a59b6f57,9d716797fe61
England,E12000002,E08000003,Manchester,MANCH_f78c658ca865,de8b42a60c76
England,E12000002,E08000003,Manchester,MANCH_377a5dfd3bb0,0cec3730201e
England,E12000002,E08000003,Manchester,MANCH_d62a164f1bda,01b5640a7b81
England,E12000002,E08000003,Manchester,MANCH_17d7c5717200,275e8e9611d2
England,E12000002,E08000003,Manchester,MANCH_d5393e0eb648,bb3725570ce8
England,E12000002,E08000003,Manchester,MANCH_c6f37e5daea3,47047cb17f18
England,E12000002,E08000003,Manchester,MANCH_e615e6f5e31f,e238a147bbf1
England,E12000002,E08000003,Manchester,MANCH_16f746d8a5ab,4943491f0311
England,E12000002,E08000003,Manchester,MANCH_7417d7fe9108,0ae2e7363217
England,E12000002,E08000003,Manchester,MANCH_1f528d83eea5,028ee5188aa3
England,E12000002,E08000003,Manchester,MANCH_607ee5ac0e1e,cc438bee5b9b
England,E12000002,E08000003,Manchester,MANCH_20f20bae70b4,46f4cd0a29e3
England,E12000002,E08000003,Manchester,MANCH_cc9e12f0030a,37879c71c8a4
England,E12000002,E08000003,Manchester,MANCH_66bf51c49ce6,0297ec9c39ef
England,E12000002,E08000003,Manchester,MANCH_250751b817d4,d32f8a122fa0
England,E12000002,E08000003,Manchester,MANCH_2c152a8ce8a1,2afe29ee978c
England,E12000002,E08000003,Manchester,MANCH_3fe06d9ee949,9f1a86b7c94d
England,E12000002,E08000003,Manchester,MANCH_3d58b302cc1c,c45797af8d1f
England,E12000002,E08000003,Manchester,MANCH_d847d242c6e9,9cb1e51f7404
England,E12000002,E08000003,Manchester,MANCH_bd98c4f7bfea,47d9aef08284
England,E12000002,E08000003,Manchester,MANCH_cbac239bf033,cd55a0a856b4
England,E12000002,E08000003,Manchester,MANCH_73eb5370759d,fef082622903
England,E12000002,E08000003,Manchester,MANCH_8a3f2da49ea1,902eeb6c1720
England,E12000002,E08000003,Manchester,MANCH_c202958e444f,33237119782b
England,E12000002,E08000003,Manchester,MANCH_4b231bd54b41,e6418d6dadcc
England,E12000002,E08000003,Manchester,MANCH_1bcfeb5a9bd0,c83bcdb5f70c
England,E12000002,E08000003,Manchester,MANCH_5e2b76523b19,2ade79364dd1
England,E12000002,E08000003,Manchester,MANCH_f81f1f85b92c,8fc3594602d2
England,E12000002,E08000003,Manchester,MANCH_ebabddd3dd0a,ad4fe3410637
England,E12000002,E08000003,Manchester,MANCH_a6cc544f09b8,1f0595174e08
England,E12000002,E08000003,Manchester,MANCH_5aad2e03a1a1,8197b5e2893b
England,E12000002,E08000003,Manchester,MANCH_87be8ef65368,a4b3d12dbc58
England,E12000002,E08000003,Manchester,MANCH_013a2a507e07,c0061772a279
England,E12000002,E08000003,Manchester,MANCH_7259432093a3,2e9c21c1a3b9
England,E12000002,E08000003,Manchester,MANCH_5a960839986e,70bf99bbf6e3
England,E12000002,E08000003,Manchester,MANCH_5ca47d7ac655,39058d555658
England,E12000002,E08000003,Manchester,MANCH_174bb1535e59,8f43e5eb73b6
England,E12000002,E08000003,Manchester,MANCH_8de2d4dd84a9,cce9c5a0eec5
England,E12000002,E08000003,Manchester,MANCH_0fdf5ba8ff34,c10c6e351835
England,E12000002,E08000003,Manchester,MANCH_1352e7e1f50b,0002821485a4
England,E12000002,E08000003,Manchester,MANCH_8bdef19f32d0,8ecadfcd5c42
England,E12000002,E08000003,Manchester,MANCH_c072ad67acf1,5cf744bfde8b
England,E12000002,E08000003,Manchester,MANCH_d42ea339a365,ceac2ecd1a3b
England,E12000002,E08000003,Manchester,MANCH_95db69a0b602,dcb202f054d9
England,E12000002,E08000003,Manchester,MANCH_8ed190e2a662,e6ae4918c362
England,E12000002,E08000003,Manchester,MANCH_171908751745,b7ef8ec8cb35
England,E12000002,E08000003,Manchester,MANCH_147eb06ab9ec,23225159d719
England,E12000002,E08000003,Manchester,MANCH_b7b02d93003e,5b59447944bf
England,E12000002,E08000003,Manchester,MANCH_283fa469d4ad,34cc7dc8b7c3
England,E12000002,E08000003,Manchester,MANCH_c499480577e7,dbc15e617fd9
England,E12000002,E08000003,Manchester,MANCH_5234d9b1e5d5,4fbf5525e46b
England,E12000002,E08000003,Manchester,MANCH_2ab9e2bb1131,8b7264c739fd
England,E12000002,E08000003,Manchester,MANCH_e3ee79cf117e,9bbc4032fc66
England,E12000002,E08000003,Manchester,MANCH_2e13c401d865,aaed320ee2dc
England,E12000002,E08000003,Manchester,MANCH_6421d95afc97,b4c840b61874
England,E12000002,E08000003,Manchester,MANCH_40a857ad8ad4,ccbe233898d3
England,E12000002,E08000003,Manchester,MANCH_e75e38553048,d14a51dd3222
England,E12000002,E08000003,Manchester,MANCH_1e8e18d71413,074bf1324217
England,E12000002,E08000003,Manchester,MANCH_a8f6d97e9ff7,eecf03eb2a0c
England,E12000002,E08000003,Manchester,MANCH_df7af1e5f423,4429e4b52d64
England,E12000002,E08000003,Manchester,MANCH_abe25131447c,c0e6a70ff4ac
England,E12000002,E08000003,Manchester,MANCH_f0fbdf1694ab,9ffa939560d2
England,E12000002,E08000003,Manchester,MANCH_9693dcc88489,8834ef807dd6
England,E12000002,E08000003,Manchester,MANCH_4ef18fc3cf5b,80591cdf4cba
England,E12000002,E08000003,Manchester,MANCH_9b25bddcf265,7198b88e7286
England,E12000002,E08000003,Manchester,MANCH_448dafb574a2,afa76f5bf915
England,E12000002,E08000003,Manchester,MANCH_316e79d0edd1,8176a4714d8f
England,E12000002,E08000003,Manchester,MANCH_40f227e3e9b7,d351d8cc3ea2
England,E12000002,E08000003,Manchester,MANCH_c6d68b1c81f9,2e8e22aba3ef
England,E12000002,E08000003,Manchester,MANCH_d71138ab22b8,5e14cf98d7b5
England,E12000002,E08000003,Manchester,MANCH_0d6fc9c9aa7a,129a42cef497
England,E12000002,E08000003,Manchester,MANCH_250e53b90404,8d47501a2bd2
England,E12000002,E08000003,Manchester,MANCH_9353cae9a8d0,69aa10c60d36
England,E12000002,E08000003,Manchester,MANCH_f9704d19e10f,86746c261436
England,E12000002,E08000003,Manchester,MANCH_7ec3c37ba1d1,2ab80fe45dd4
England,E12000002,E08000003,Manchester,MANCH_ec35da46abac,3f2f3e2bbb15
England,E12000002,E08000003,Manchester,MANCH_c3b671e2102d,f71997a2b018
England,E12000002,E08000003,Manchester,MANCH_83f3f85d2888,738957e6964a
England,E12000002,E08000003,Manchester,MANCH_75dfb4b7125e,7b93e165f8b0
England,E12000002,E08000003,Manchester,MANCH_f7ea36edc3f1,459f1b031a2b
England,E12000002,E08000003,Manchester,MANCH_ae25c601dc3f,29b6bb10af10
England,E12000002,E08000003,Manchester,MANCH_049953e74f71,6d41ac832cde
England,E12000002,E08000003,Manchester,MANCH_fc53db8d3f94,66a29a0c4537
England,E12000002,E08000003,Manchester,MANCH_6cfac229500c,29d714b06ef6
England,E12000002,E08000003,Manchester,MANCH_fca64fdbb902,bdbb5b509b17
England,E12000002,E08000003,Manchester,MANCH_81ca6ba56384,3d7037bb0c87
England,E12000002,E08000003,Manchester,MANCH_374ccd62bca4,ceddc718d6d8
England,E12000002,E08000003,Manchester,MANCH_b5b2cd918fb7,d92eea180d36
England,E12000002,E08000003,Manchester,MANCH_185dcf35ca95,62e5cc6349fe
England,E12000002,E08000003,Manchester,MANCH_45ce651a2da7,2bf5acd5b802
England,E12000002,E08000003,Manchester,MANCH_3647a35f187c,528d84caa370
England,E12000002,E08000003,Manchester,MANCH_7b1cdd1c2e9e,4c477d999eaa
England,E12000002,E08000003,Manchester,MANCH_82364d138144,8e44184d6b52
England,E12000002,E08000003,Manchester,MANCH_90c79ca11fcd,dd066a1d6648
England,E12000002,E08000003,Manchester,MANCH_9e16dc49b7b3,c3efb5d9e7f2
England,E12000002,E08000003,Manchester,MANCH_d2fa478b6c38,d68dcf65a7ce
England,E12000002,E08000003,Manchester,MANCH_a89aba539ba1,de419217d16f
England,E12000002,E08000003,Manchester,MANCH_471229b6efca,13b218317d33
England,E12000002,E08000003,Manchester,MANCH_4c65ca5404d0,d58d6c1c2053
England,E12000002,E08000003,Manchester,MANCH_640235e8b095,50181b473bff
England,E12000002,E08000003,Manchester,MANCH_1840d8607035,cabd2ecbf2c0
England,E12000002,E08000003,Manchester,MANCH_70d1993e9440,e366fb83be39
England,E12000002,E08000003,Manchester,MANCH_acb06b0831fa,ff92abbaeec7
England,E12000002,E08000003,Manchester,MANCH_c1eeca7914e3,2c5a1879e6e9
England,E12000002,E08000003,Manchester,MANCH_9f9c03081605,1db5b0fb2216
England,E12000002,E08000003,Manchester,MANCH_d1161d2289ad,3429cf96ec26
England,E12000002,E08000003,Manchester,MANCH_6fb2be4bdfd2,ad0db4ee2b8e
England,E12000002,E08000003,Manchester,MANCH_91c6680fb8d9,bcc0f47af2d8
England,E12000002,E08000003,Manchester,MANCH_55dcf9cd7f78,84ba20119908
England,E12000002,E08000003,Manchester,MANCH_ce877518c226,8fb47e3031e4
England,E12000002,E08000003,Manchester,MANCH_8e0263e76a03,9eca5934024f
England,E12000002,E08000003,Manchester,MANCH_08ec3a005f45,e04b61327173
England,E12000002,E08000003,Manchester,MANCH_540953658b35,4646fbf828e7
England,E12000002,E08000003,Manchester,MANCH_52ddc16909f9,8fbf2703d570
England,E12000002,E08000003,Manchester,MANCH_6df2848ae923,fac0f5a80448
England,E12000002,E08000003,Manchester,MANCH_79113f302452,379df35c70f0
England,E12000002,E08000003,Manchester,MANCH_af9acaaa66cc,7ca5b2d1621a
England,E12000002,E08000003,Manchester,MANCH_df4521713e2e,251ec87c1257
England,E12000002,E08000003,Manchester,MANCH_858fddaf90c7,12cbd71ac8f6
England,E12000002,E08000003,Manchester,MANCH_41cf36ab5c07,11986c3bf14b
England,E12000002,E08000003,Manchester,MANCH_dd63bc6a4dc3,8eaca34dcc94
England,E12000002,E08000003,Manchester,MANCH_f6003975c54c,5c133a4b618a
England,E12000002,E08000003,Manchester,MANCH_0319b3ea7c3a,fec15ea7f476
England,E12000002,E08000003,Manchester,MANCH_d5e21e3b94b4,ca1eaea528f3
England,E12000002,E08000003,Manchester,MANCH_2a266f4b8f24,aec85a1d01bf
England,E12000002,E08000003,Manchester,MANCH_8da3c26efb05,179613029d56
England,E12000002,E08000003,Manchester,MANCH_0014cf990592,7af5c1e2d1e2
England,E12000002,E08000003,Manchester,MANCH_1daa29c13745,4fad8ea0e48c
England,E12000002,E08000003,Manchester,MANCH_d1c0ed58631e,98cdcb737c3c
England,E12000002,E08000003,Manchester,MANCH_ac0d6dcc27cc,470d7e77b827
England,E12000002,E08000003,Manchester,MANCH_c74651dcb8e1,767fa6b000f2
England,E12000002,E08000003,Manchester,MANCH_a09b9228f6b5,3ba65637ec04
England,E12000002,E08000003,Manchester,MANCH_0a543128ffca,dbf4efa8a300
England,E12000002,E08000003,Manchester,MANCH_e466bcb37302,c82cf68313c3
England,E12000002,E08000003,Manchester,MANCH_546c6d9102e3,d0ccb8d96c26
England,E12000002,E08000003,Manchester,MANCH_f74b4ee983a4,8b221a77542a
England,E12000002,E08000003,Manchester,MANCH_883b5ef1e178,603ced01d066
England,E12000002,E08000003,Manchester,MANCH_cf971705123d,7e2f8c4dfaf5
England,E12000002,E08000003,Manchester,MANCH_06ea0c355c38,47c30610d631
England,E12000002,E08000003,Manchester,MANCH_bca093ae9c3e,15c385fd13ee
England,E12000002,E08000003,Manchester,MANCH_74cbb87835f6,565a254dc8f2
England,E12000002,E08000003,Manchester,MANCH_cf433a374c0e,560880acca45
England,E12000002,E08000003,Manchester,MANCH_b574b9d07f2c,5137389428fe
England,E12000002,E08000003,Manchester,MANCH_2ee9ee7db939,2b4056e61a8d
England,E12000002,E08000003,Manchester,MANCH_18ad6c40d53b,cbcb035366db
England,E12000002,E08000003,Manchester,MANCH_24b5650ec85f,f982354c20b2
England,E12000002,E08000003,Manchester,MANCH_63b263140b60,bed5b19c0646
England,E12000002,E08000003,Manchester,MANCH_223bea711ff7,22a844ff1070
England,E12000002,E08000003,Manchester,MANCH_21402eba9b99,33abceb35f07
England,E12000002,E08000003,Manchester,MANCH_79502531d61c,8f1c981c24e1
England,E12000002,E08000003,Manchester,MANCH_64b8db859057,f2ad5d78b819
England,E12000002,E08000003,Manchester,MANCH_35da8a9ff32b,21805280ffb0
England,E12000002,E08000003,Manchester,MANCH_ba707e307688,03cfcd336ee2
England,E12000002,E08000003,Manchester,MANCH_ea8fdd111de6,a133e7159f09
England,E12000002,E08000003,Manchester,MANCH_170413cd50e0,b9206cb9c0b3
England,E12000002,E08000003,Manchester,MANCH_e2981e5a6293,1250c5e29c81
England,E12000002,E08000003,Manchester,MANCH_d486b99a13b3,0b25ef209d83
England,E12000002,E08000003,Manchester,MANCH_cfe9559d32e4,ea54e10fbb1e
England,E12000002,E08000003,Manchester,MANCH_cdcc51700da6,f2042e6d9d95
England,E12000002,E08000003,Manchester,MANCH_27d6ae05c01b,562fcef2d71c
England,E12000002,E08000003,Manchester,MANCH_1cd6148c24cd,6cd5c116473f
England,E12000002,E08000003,Manchester,MANCH_6092e343960a,d64806a81936
England,E12000002,E08000003,Manchester,MANCH_f81090c838b2,0f3d0135a8ab
England,E12000002,E08000003,Manchester,MANCH_39090990c364,7dc039a7273a
England,E12000002,E08000003,Manchester,MANCH_cffed24bcc27,fbeea76b0d59
England,E12000002,E08000003,Manchester,MANCH_5e67d37ceeae,f306d9e95752
England,E12000002,E08000003,Manchester,MANCH_523d40786667,0f07deab81d1
England,E12000002,E08000003,Manchester,MANCH_47012d28509e,fac44a8abf46
England,E12000002,E08000003,Manchester,MANCH_3ff9f29fceca,8f95f920ce18
England,E12000002,E08000003,Manchester,MANCH_f78bcfb74e3b,bb4b67c41fcc
England,E12000002,E08000003,Manchester,MANCH_47141728701c,76b2df248ea0
England,E12000002,E08000003,Manchester,MANCH_ad57682e1dd1,427119953108
England,E12000002,E08000003,Manchester,MANCH_0237b868955b,0ceb1a1a1b6c
England,E12000002,E08000003,Manchester,MANCH_0285e79ea148,c3dcef594b01
England,E12000002,E08000003,Manchester,MANCH_333d3f191a16,8ff9786718bd
England,E12000002,E08000003,Manchester,MANCH_7145ab9b9ed1,261b3f034595
England,E12000002,E08000003,Manchester,MANCH_1b7632b2416b,a6a481169479
England,E12000002,E08000003,Manchester,MANCH_e381e46a1526,3f507030209d
England,E12000002,E08000003,Manchester,MANCH_254bd3cef66f,0d5941887cd7
England,E12000002,E08000003,Manchester,MANCH_a6488df0d2e7,93faffbdb19c
England,E12000002,E08000003,Manchester,MANCH_601800250dce,3906120af6ef
England,E12000002,E08000003,Manchester,MANCH_ab84b626cb1e,76b707427a2e
England,E12000002,E08000003,Manchester,MANCH_a6e0f3816159,f8fd3d34cf64
England,E12000002,E08000003,Manchester,MANCH_eb40bfcd6b78,0f5613752055
England,E12000002,E08000003,Manchester,MANCH_8bf7b08fb1b0,057ff93ace96
England,E12000002,E08000003,Manchester,MANCH_1cb732aacc02,257e8222a342
England,E12000002,E08000003,Manchester,MANCH_3a6c3ffa7688,eb0dd7b156b0
England,E12000002,E08000003,Manchester,MANCH_9df1af0aa1c1,d518f72ce94e
England,E12000002,E08000003,Manchester,MANCH_5def90698074,06015603d57b
England,E12000002,E08000003,Manchester,MANCH_95ec6663f64f,7e32fa7ad7f6
England,E12000002,E08000003,Manchester,MANCH_76aeff466532,76ba365ba29b
England,E12000002,E08000003,Manchester,MANCH_316250e8ab47,04c1111e92c1
England,E12000002,E08000003,Manchester,MANCH_77b9bdc82054,6cf7cc055cdf
England,E12000002,E08000003,Manchester,MANCH_274aaa3fd42c,89b89552c0d7
England,E12000002,E08000003,Manchester,MANCH_014d8be4b219,da05c9119b7e
England,E12000002,E08000003,Manchester,MANCH_e8d0187035f0,fec68cf40612
England,E12000002,E08000003,Manchester,MANCH_12bb1096b0e8,c0294d22b498
England,E12000002,E08000003,Manchester,MANCH_3b7594377f99,b35eb8d82d60
England,E12000002,E08000003,Manchester,MANCH_a4ad51e45eec,52b2ba40eeb9
England,E12000002,E08000003,Manchester,MANCH_03bdf688c971,39fa32f1ae7b
England,E12000002,E08000003,Manchester,MANCH_cde46a7ed89a,6799183e6f78
England,E12000002,E08000003,Manchester,MANCH_e19c24eb4df8,2fc5333444ce
England,E12000002,E08000003,Manchester,MANCH_a7bc2a8e0d31,65b9368d95ab
England,E12000002,E08000003,Manchester,MANCH_6c800bcf7428,90604c2ca25a
England,E12000002,E08000003,Manchester,MANCH_446528c482a7,24c8a923f33a
England,E12000002,E08000003,Manchester,MANCH_1d0f4fcd124f,c32ef3f596c2
England,E12000002,E08000003,Manchester,MANCH_a0d11dad198a,3e87a6458c7b
England,E12000002,E08000003,Manchester,MANCH_1304223522a6,1a2c9a6304f6
England,E12000002,E08000003,Manchester,MANCH_107dfb6e4b77,70057dd38291
England,E12000002,E08000003,Manchester,MANCH_d9aae200b5cc,d9d65062c7f1
England,E12000002,E08000003,Manchester,MANCH_dad28147ad3f,6f5a5b3a432d
England,E12000002,E08000003,Manchester,MANCH_d3a791c43732,c783c22d9b9a
England,E12000002,E08000003,Manchester,MANCH_f1acb49d7702,249c903e57a9
England,E12000002,E08000003,Manchester,MANCH_9552985de4c1,4c960c013992
England,E12000002,E08000003,Manchester,MANCH_3ab6d932b7c6,8f81a817a006
England,E12000002,E08000003,Manchester,MANCH_10387455a0ed,3f2a12d79669
England,E12000002,E08000003,Manchester,MANCH_e6cda1d5be5f,a6dd6c96f20c
England,E12000002,E08000003,Manchester,MANCH_fe0bd3ddbe72,05d89a97bc01
England,E12000002,E08000003,Manchester,MANCH_f329ca4a879e,10b4aa921c47
England,E12000002,E08000003,Manchester,MANCH_2762177f30f2,0f3d3619018a
England,E12000002,E08000003,Manchester,MANCH_b1291880d98b,973e2e6d5213
England,E12000002,E08000003,Manchester,MANCH_d45afaa14b4f,3502b2e26f40
England,E12000002,E08000003,Manchester,MANCH_77c742d2678f,aab2bb75cd7f
England,E12000002,E08000003,Manchester,MANCH_ea0db10cd261,53c80d522127
England,E12000002,E08000003,Manchester,MANCH_39bbf435b8a5,06aa0f4be73d
England,E12000002,E08000003,Manchester,MANCH_8d4b6274834f,e370872e078f
England,E12000002,E08000003,Manchester,MANCH_70500c6cf891,5d35dd2af1e5
England,E12000002,E08000003,Manchester,MANCH_a2ca8345c920,50a0f4e4fb0a
England,E12000002,E08000003,Manchester,MANCH_82665f4521fc,9bc384ac5385
England,E12000002,E08000003,Manchester,MANCH_dbe912dcfd07,968ebd67e0b3
England,E12000002,E08000003,Manchester,MANCH_98252f85c61d,bbb2bce21115
England,E12000002,E08000003,Manchester,MANCH_bb6169fb3e17,8f757ededcb2
England,E12000002,E08000003,Manchester,MANCH_368144ee8e88,bb1a438b0055
England,E12000002,E08000003,Manchester,MANCH_d0166de18fa2,1039e04544bc
England,E12000002,E08000003,Manchester,MANCH_1acb48ac4892,5fbb8eb010bf
England,E12000002,E08000003,Manchester,MANCH_fbd4e9392123,4ee175d62f2d
England,E12000002,E08000003,Manchester,MANCH_d1ad75842054,fb94245ae84d
England,E12000002,E08000003,Manchester,MANCH_e407b843bfb8,3489476340cc
England,E12000002,E08000003,Manchester,MANCH_e398a9f05289,0eac142746b5
England,E12000002,E08000003,Manchester,MANCH_709a9bdbec0c,4e76358d202a
England,E12000002,E08000003,Manchester,MANCH_828b8932498f,55833b32ea1b
England,E12000002,E08000003,Manchester,MANCH_b88a8a13ea61,14a00c7a1027
England,E12000002,E08000003,Manchester,MANCH_e9398d0d4230,da7a7d07b0e5
England,E12000002,E08000003,Manchester,MANCH_14d4dee63be1,ccf7a39537d0
England,E12000002,E08000003,Manchester,MANCH_6763986d12b7,63b3f9b696cb
England,E12000002,E08000003,Manchester,MANCH_0ff677979871,261d0ce1c64e
England,E12000002,E08000003,Manchester,MANCH_b34b39a54a5f,4b23a3b97cd0
England,E12000002,E08000003,Manchester,MANCH_780f15a1e13b,0de94c8a3f15
England,E12000002,E08000003,Manchester,MANCH_392462389204,772241eaedbd
England,E12000002,E08000003,Manchester,MANCH_d802e9170df4,687e77235793
England,E12000002,E08000003,Manchester,MANCH_f83e660138ce,a149a850709e
England,E12000002,E08000003,Manchester,MANCH_f2065dcd0f82,1c6c636263e5
England,E12000002,E08000003,Manchester,MANCH_4d7035a44584,98a55f52d84e
England,E12000002,E08000003,Manchester,MANCH_489c17085496,0300dadc8a71
England,E12000002,E08000003,Manchester,MANCH_f522ba7b172d,324cd71bb52c
England,E12000002,E08000003,Manchester,MANCH_88fd52840644,c0b07e205319
England,E12000002,E08000003,Manchester,MANCH_c992e6fead08,6c96a4e96529
England,E12000002,E08000003,Manchester,MANCH_8da20df11802,3884c8af4e8c
England,E12000002,E08000003,Manchester,MANCH_ecc698d0d5bc,6515f38bfff0
England,E12000002,E08000003,Manchester,MANCH_c39c92b3b563,c14ca158f446
England,E12000002,E08000003,Manchester,MANCH_1e41ea437984,edcd942fcc6a
England,E12000002,E08000003,Manchester,MANCH_ede478dfa760,04b205f3449b
England,E12000002,E08000003,Manchester,MANCH_26b0b20b19ad,5e059bed2b1b
England,E12000002,E08000003,Manchester,MANCH_018b92ac26a3,3289c8fae337
England,E12000002,E08000003,Manchester,MANCH_0c4721f61246,2a47e52909bf
England,E12000002,E08000003,Manchester,MANCH_ce1486364a1e,e5b003227122
England,E12000002,E08000003,Manchester,MANCH_f4d6b97978e6,8b715c63b445
England,E12000002,E08000003,Manchester,MANCH_d8452d25c3a1,e5c506330efd
England,E12000002,E08000003,Manchester,MANCH_d7d506eeb9aa,59bee5a93bbd
England,E12000002,E08000003,Manchester,MANCH_f97385784b16,087d125226ae
England,E12000002,E08000003,Manchester,MANCH_ab5682a331b8,eb48358ced54
England,E12000002,E08000003,Manchester,MANCH_3c575784485e,7b76babd626e
England,E12000002,E08000003,Manchester,MANCH_e9f13609efcd,ff8134a52825
England,E12000002,E08000003,Manchester,MANCH_cf9ca2e54345,bfa2ac921704
England,E12000002,E08000003,Manchester,MANCH_604952705935,d90a9ae78f7c
England,E12000002,E08000003,Manchester,MANCH_68d2872cd23a,5d55ac6ac5ff
England,E12000002,E08000003,Manchester,MANCH_95c23ab8d721,8646652b46a8
England,E12000002,E08000003,Manchester,MANCH_0c7913f62d8e,a58467c4c033
England,E12000002,E08000003,Manchester,MANCH_6b3028b63db2,29c3bf428d20
England,E12000002,E08000003,Manchester,MANCH_de7bf062b4f4,93ab97e19338
England,E12000002,E08000003,Manchester,MANCH_b099e75d2030,de54b1df51f5
England,E12000002,E08000003,Manchester,MANCH_fd46d72c3e4e,278615c46554
England,E12000002,E08000003,Manchester,MANCH_bfe80e3b37ab,f385e011eeac
England,E12000002,E08000003,Manchester,MANCH_2423ff6f6ee8,859451276a71
England,E12000002,E08000003,Manchester,MANCH_9559f28b4130,11af5da4e66f
England,E12000002,E08000003,Manchester,MANCH_e212776410a4,d985f563c089
England,E12000002,E08000003,Manchester,MANCH_2d1ecb65364e,11c067837c11
England,E12000002,E08000003,Manchester,MANCH_378e95b292e0,7e6c9028d1e9
England,E12000002,E08000003,Manchester,MANCH_d4e6c44c0b6e,6fbf8b6f00da
England,E12000002,E08000003,Manchester,MANCH_3c61ca9f7c7d,2fcacba88fa5
England,E12000002,E08000003,Manchester,MANCH_50b3b1e18840,c7ab92433a7a
England,E12000002,E08000003,Manchester,MANCH_ab1a992688b6,52acf83aa6f5
England,E12000002,E08000003,Manchester,MANCH_4075942f8b2d,1cf6cca8908b
England,E12000002,E08000003,Manchester,MANCH_21c539f7dcf5,988cd8592990
England,E12000002,E08000003,Manchester,MANCH_def7311ff3ff,303396633056
England,E12000002,E08000003,Manchester,MANCH_565196967a65,dd8f23450a5e
England,E12000002,E08000003,Manchester,MANCH_4d3f3e274cf3,19eae7c7d4bb
England,E12000002,E08000003,Manchester,MANCH_78e01f644298,54cbcff25d61
England,E12000002,E08000003,Manchester,MANCH_eadea6b4942b,11580a9e9894
England,E12000002,E08000003,Manchester,MANCH_8bca944f70f9,512e64787e98
England,E12000002,E08000003,Manchester,MANCH_e0d267f34278,ea2969aecc01
England,E12000002,E08000003,Manchester,MANCH_8e41c9d6a1b5,fcccee9d7d7b
England,E12000002,E08000003,Manchester,MANCH_71abbbc87c32,aa6a6b7ac671
England,E12000002,E08000003,Manchester,MANCH_d78394d24b24,d6eabdc8efff
England,E12000002,E08000003,Manchester,MANCH_398e203cbb09,c2960eefae85
England,E12000002,E08000003,Manchester,MANCH_fd5a6aebf7e3,d7a75e95f204
England,E12000002,E08000003,Manchester,MANCH_d9aa12ed9e57,2e89c060c549
England,E12000002,E08000003,Manchester,MANCH_7b30e11f3f48,40cc0341918f
England,E12000002,E08000003,Manchester,MANCH_30f4d896ae03,455d141e3da1
England,E12000002,E08000003,Manchester,MANCH_81298f7527d7,a49c387b3779
England,E12000002,E08000003,Manchester,MANCH_546acfe895c2,82202d879b52
England,E12000002,E08000003,Manchester,MANCH_8fe797354632,baccbab6d709
England,E12000002,E08000003,Manchester,MANCH_5f8c5b4cdff5,501bed486a99
England,E12000002,E08000003,Manchester,MANCH_51c471bb9bea,31234d7dd0cd
England,E12000002,E08000003,Manchester,MANCH_c34723bfe591,92774edb209b
England,E12000002,E08000003,Manchester,MANCH_f4cb7cf98e2d,a8d66927292c
England,E12000002,E08000003,Manchester,MANCH_084d41741166,cd2f410c62b1
England,E12000002,E08000003,Manchester,MANCH_33d910e592e0,774bd954425f
England,E12000002,E08000003,Manchester,MANCH_3288538c2890,0a3931f75692
England,E12000002,E08000003,Manchester,MANCH_302b0bac68b4,2bd54b4e1823
England,E12000002,E08000003,Manchester,MANCH_b70fcc61fcd2,f12221f8de63
England,E12000002,E08000003,Manchester,MANCH_f9bb70d40468,dfb9f3b432d8
England,E12000002,E08000003,Manchester,MANCH_0d098890ab90,57c827a7c8c7
England,E12000002,E08000003,Manchester,MANCH_63c12b5e9f12,8379d1160e6f
England,E12000002,E08000003,Manchester,MANCH_96192a1f8de3,052fa4fb5d6f
England,E12000002,E08000003,Manchester,MANCH_0fa70500afb3,0edc14cdf9c4
England,E12000002,E08000003,Manchester,MANCH_98320d79c76b,53dd5e0c1b3c
England,E12000002,E08000003,Manchester,MANCH_c5e9b137424b,5ecacd35eef2
England,E12000002,E08000003,Manchester,MANCH_920c49f8f322,2d44579e89bc
England,E12000002,E08000003,Manchester,MANCH_128f3412886a,17343e82ca6b
England,E12000002,E08000003,Manchester,MANCH_c4e4c1e11bed,d5daaf670cf3
England,E12000002,E08000003,Manchester,MANCH_aada32123a0b,dcf6cf130818
England,E12000002,E08000003,Manchester,MANCH_539273041d03,4be321902cec
England,E12000002,E08000003,Manchester,MANCH_0d12eaa6bed9,789a5bd6c239
England,E12000002,E08000003,Manchester,MANCH_26d651d3c39c,f6f20ac1ef57
England,E12000002,E08000003,Manchester,MANCH_824eb9404585,5b46f2567309
England,E12000002,E08000003,Manchester,MANCH_03a089ff6bd1,0e91a365ff8a
England,E12000002,E08000003,Manchester,MANCH_3e009068a408,023d397a85f5
England,E12000002,E08000003,Manchester,MANCH_3ed76f14dc62,10b9a5d44384
England,E12000002,E08000003,Manchester,MANCH_7468fed29f01,3331b42e37f1
England,E12000002,E08000003,Manchester,MANCH_3d3f9374a6f3,94dee5563f6e
England,E12000002,E08000003,Manchester,MANCH_a6c59c01dfa7,1a12a22c8b0e
England,E12000002,E08000003,Manchester,MANCH_02cba2072571,9c87e065da3b
England,E12000002,E08000003,Manchester,MANCH_042d22f73435,e9b7589fa86f
England,E12000002,E08000003,Manchester,MANCH_b607f58a9d5e,81f0fceb2f20
England,E12000002,E08000003,Manchester,MANCH_559024f58094,4c648eefede9
England,E12000002,E08000003,Manchester,MANCH_6d7221a74ce8,f43fb8d453ee
England,E12000002,E08000003,Manchester,MANCH_6df5ca77b83a,7bab52b4f272
England,E12000002,E08000003,Manchester,MANCH_1f12c92edd7d,b5599e6a124a
England,E12000002,E08000003,Manchester,MANCH_7ffd40145207,ea12c9657e51
England,E12000002,E08000003,Manchester,MANCH_3e2e3091d160,be3939527556
England,E12000002,E08000003,Manchester,MANCH_b1d8f7499f33,914a93115297
England,E12000002,E08000003,Manchester,MANCH_dffaaa376e82,2c4f89d4ec97
England,E12000002,E08000003,Manchester,MANCH_f63c7e49f5ee,6cf60173387b
England,E12000002,E08000003,Manchester,MANCH_d1ec61e60a2c,98bfd6b67fd3
England,E12000002,E08000003,Manchester,MANCH_cbb6849ffec0,c623e66afdab
England,E12000002,E08000003,Manchester,MANCH_ab1d4702ba3a,c53b5860a0d9
England,E12000002,E08000003,Manchester,MANCH_47fa87b12af4,c54827c98087
England,E12000002,E08000003,Manchester,MANCH_8ea32e1cef71,d7140f8c87ae
England,E12000002,E08000003,Manchester,MANCH_952f4544c321,2172b71bd908
England,E12000002,E08000003,Manchester,MANCH_4e4792896a2b,f798c5dbb25e
England,E12000002,E08000003,Manchester,MANCH_b1eb62117ce9,e83d74b6c41f
England,E12000002,E08000003,Manchester,MANCH_96ee14808866,6b8f7d95076a
England,E12000002,E08000003,Manchester,MANCH_8cfda904e9da,a907c6c1bf5b
England,E12000002,E08000003,Manchester,MANCH_c27fcd964460,7ad6a4566458
England,E12000002,E08000003,Manchester,MANCH_e545b8534bdf,1710f32c21cc
England,E12000002,E08000003,Manchester,MANCH_124583230b03,78f470b512e2
England,E12000002,E08000003,Manchester,MANCH_424c9469aa23,d4ad87cf50ae
England,E12000002,E08000003,Manchester,MANCH_579b1c19f6ce,68d44b161082
England,E12000002,E08000003,Manchester,MANCH_58a15a699aa7,ef57e448474d
England,E12000002,E08000003,Manchester,MANCH_585754283bfe,2581dfd10973
England,E12000002,E08000003,Manchester,MANCH_940489c0c092,4f0193fb5bec
England,E12000002,E08000003,Manchester,MANCH_d1e74d2b18cc,074a2f30a618
England,E12000002,E08000003,Manchester,MANCH_687ac5522846,3f7da2889e18
England,E12000002,E08000003,Manchester,MANCH_1f2e722ac0ea,9319509c1025
England,E12000002,E08000003,Manchester,MANCH_892b21821b1a,e41265138943
England,E12000002,E08000003,Manchester,MANCH_73ef987c764b,33281a7869b6
England,E12000002,E08000003,Manchester,MANCH_bc27131b5091,0f044c631bd4
England,E12000002,E08000003,Manchester,MANCH_ae40c6c294a1,da752303d72f
England,E12000002,E08000003,Manchester,MANCH_851789d9dc5f,c7199945163d
England,E12000002,E08000003,Manchester,MANCH_8fa6b945fd14,d5ccaf89feac
England,E12000002,E08000003,Manchester,MANCH_0be47e678bf8,69fc9391eaf6
England,E12000002,E08000003,Manchester,MANCH_127ea6c8b276,bb65e1927e68
England,E12000002,E08000003,Manchester,MANCH_98eedf1be45d,14426df46261
England,E12000002,E08000003,Manchester,MANCH_f5511de7d2bf,27150ef55984
England,E12000002,E08000003,Manchester,MANCH_49c107a66bbb,e88614669b89
England,E12000002,E08000003,Manchester,MANCH_3f228dece89f,02d7167a2abe
England,E12000002,E08000003,Manchester,MANCH_adbb82a3b114,66f3aaefe6dc
England,E12000002,E08000003,Manchester,MANCH_e2e595fabbcb,b9cf1f3bda29
England,E12000002,E08000003,Manchester,MANCH_c8c82cf8ebd4,4dbbffa576d0
England,E12000002,E08000003,Manchester,MANCH_028a95fc21c1,c83ffc056a45
England,E12000002,E08000003,Manchester,MANCH_07f0260ca765,41a2d45daed7
England,E12000002,E08000003,Manchester,MANCH_6513c70b3639,41c41c09dc81
England,E12000002,E08000003,Manchester,MANCH_9631b14d4e06,29d07d510114
England,E12000002,E08000003,Manchester,MANCH_080354ad5723,c984f87b21cd
England,E12000002,E08000003,Manchester,MANCH_5b6120136659,9c54277a7d33
England,E12000002,E08000003,Manchester,MANCH_825d969f91a2,fea9c2e0f7af
England,E12000002,E08000003,Manchester,MANCH_e17c1c0eae41,098af17bed1d
England,E12000002,E08000003,Manchester,MANCH_a00a63831b4c,616897ad1c7f
England,E12000002,E08000003,Manchester,MANCH_288dd2ef1396,688e08598e27
England,E12000002,E08000003,Manchester,MANCH_dfce7bd99530,ee074750b129
England,E12000002,E08000003,Manchester,MANCH_bf6205336b4d,954dcdb47cfc
England,E12000002,E08000003,Manchester,MANCH_eb83414d33f1,5c52e299d62e
England,E12000002,E08000003,Manchester,MANCH_79a6c68c6cf5,2279d355f956
England,E12000002,E08000003,Manchester,MANCH_a156054766c0,c2ffb86229a6
England,E12000002,E08000003,Manchester,MANCH_b12881b986ce,a2c00b5b7ef1
England,E12000002,E08000003,Manchester,MANCH_298c688e9f3e,364409e074a9
England,E12000002,E08000003,Manchester,MANCH_592bcb033f44,0ef157efdbd1
England,E12000002,E08000003,Manchester,MANCH_918ccedfd07f,3654e78332dc
England,E12000002,E08000003,Manchester,MANCH_c08fca81a0d6,f8ee804b4a89
England,E12000002,E08000003,Manchester,MANCH_bb6b997ed07d,aeb098990951
England,E12000002,E08000003,Manchester,MANCH_ce8b3fcfcc87,5c863a2c03f5
England,E12000002,E08000003,Manchester,MANCH_bdffe9316c18,5f59ceba00f2
England,E12000002,E08000003,Manchester,MANCH_74b43c0a1a14,6f925af08f7f
England,E12000002,E08000003,Manchester,MANCH_678848cfa206,cd800737635f
England,E12000002,E08000003,Manchester,MANCH_327d3ac9938a,29448b856ac7
England,E12000002,E08000003,Manchester,MANCH_9db4957a78c2,03d5d97b6d4a
England,E12000002,E08000003,Manchester,MANCH_a9fdec4f6c80,e775c77cd505
England,E12000002,E08000003,Manchester,MANCH_27c2a2c25591,a8ac26e0c16a
England,E12000002,E08000003,Manchester,MANCH_3aed3fb48380,99e0802e53bb
England,E12000002,E08000003,Manchester,MANCH_4154e211daa7,4b60417b5abf
England,E12000002,E08000003,Manchester,MANCH_8134e3998f35,32f3e7cbad7f
England,E12000002,E08000003,Manchester,MANCH_974f3f18d20b,883b63b3ec45
England,E12000002,E08000003,Manchester,MANCH_7c2c4fa06afa,e3a9dc98b357
England,E12000002,E08000003,Manchester,MANCH_b8f717331dbc,58cd4eed578e
England,E12000002,E08000003,Manchester,MANCH_dc900e6e75bd,7bc74b3f0045
England,E12000002,E08000003,Manchester,MANCH_eab0f59d70fd,3e2dc5680b66
England,E12000002,E08000003,Manchester,MANCH_bb58b23290f1,f9242107da6b
England,E12000002,E08000003,Manchester,MANCH_eb70bf3af131,dbd268c7ba93
England,E12000002,E08000003,Manchester,MANCH_18a58d84a630,b17845cacab8
England,E12000002,E08000003,Manchester,MANCH_df3b7d2b3fb3,b983eef399c8
England,E12000002,E08000003,Manchester,MANCH_7c583f0dd2bd,54f4f754e85b
England,E12000002,E08000003,Manchester,MANCH_f3f8ba3b6882,45d775aec704
England,E12000002,E08000003,Manchester,MANCH_31c9ec3b50e7,0f51c348e9b3
England,E12000002,E08000003,Manchester,MANCH_8d60fdab4b8a,01b19dc71f58
England,E12000002,E08000003,Manchester,MANCH_9370b74cf77a,90eac594ff21
England,E12000002,E08000003,Manchester,MANCH_dfee46df1723,f0a95b8fe36d
England,E12000002,E08000003,Manchester,MANCH_20cfa8811cb4,3db722b5b448
England,E12000002,E08000003,Manchester,MANCH_7fd1f5bd60c6,3a8e04d8622a
England,E12000002,E08000003,Manchester,MANCH_ee8b67392cec,03477c93354d
England,E12000002,E08000003,Manchester,MANCH_0303425b3f88,35d2c1e4d260
England,E12000002,E08000003,Manchester,MANCH_bd7a3c902813,d6e0a4d4570c
England,E12000002,E08000003,Manchester,MANCH_d605898370db,5ff952015c49
England,E12000002,E08000003,Manchester,MANCH_97718004efe2,146546b7f674
England,E12000002,E08000003,Manchester,MANCH_591dbb661c6a,f9832b1384bb
England,E12000002,E08000003,Manchester,MANCH_bdf75d130fd1,39d58e3b4fc7
England,E12000002,E08000003,Manchester,MANCH_f7a5f001270e,5d9208720037
England,E12000002,E08000003,Manchester,MANCH_5f418447a6e3,267ab3727350
England,E12000002,E08000003,Manchester,MANCH_caaf4aeff0e1,94ddfe7a57c3
England,E12000002,E08000003,Manchester,MANCH_83a227501d67,5bf7208573dc
England,E12000002,E08000003,Manchester,MANCH_035b0d1eb446,1b3be7169a2f
England,E12000002,E08000003,Manchester,MANCH_7d6de78ce0c5,cdfaade09d0f
England,E12000002,E08000003,Manchester,MANCH_ef61d3aa01f7,00c7c5572529
England,E12000002,E08000003,Manchester,MANCH_6d87099471a1,60f7d339d04d
England,E12000002,E08000003,Manchester,MANCH_187cbf60a5d9,0b0ecae2cef0
England,E12000002,E08000003,Manchester,MANCH_82f428ea1d20,582261f4b019
England,E12000002,E08000003,Manchester,MANCH_39b930bd99ee,f90467c608c7
England,E12000002,E08000003,Manchester,MANCH_4b6437816fa2,68e29fef5405
England,E12000002,E08000003,Manchester,MANCH_b0a734c3d17d,458dc450ee45
England,E12000002,E08000003,Manchester,MANCH_32a1b344df55,c482ec22af35
England,E12000002,E08000003,Manchester,MANCH_9b06b44dd240,7166c207fafe
England,E12000002,E08000003,Manchester,MANCH_ba4252e914b6,974b6182aa89
England,E12000002,E08000003,Manchester,MANCH_e4ad05f6a2d7,3ef9876966ad
England,E12000002,E08000003,Manchester,MANCH_f9809fdb5c45,e1d9ad5a9e4e
England,E12000002,E08000003,Manchester,MANCH_25f856b085a9,76ecf198046f
England,E12000002,E08000003,Manchester,MANCH_5d675d578b15,a5c5bdc6939e
England,E12000002,E08000003,Manchester,MANCH_0095c659bc25,f013893579eb
England,E12000002,E08000003,Manchester,MANCH_bcb2f9857292,446bcb0b929b
England,E12000002,E08000003,Manchester,MANCH_ad145ac8d99f,0efc1bb3f8a5
England,E12000002,E08000003,Manchester,MANCH_8975fa8ff3bf,94c7562998f1
England,E12000002,E08000003,Manchester,MANCH_11cd3dfb3852,dafd939f44ee
England,E12000002,E08000003,Manchester,MANCH_a984fedf9d79,b26bef090078
England,E12000002,E08000003,Manchester,MANCH_e955cf123398,524a2840181c
England,E12000002,E08000003,Manchester,MANCH_dd2fbb5c621d,11d43bb41629
England,E12000002,E08000003,Manchester,MANCH_adfbac435916,8a8ae1428f47
England,E12000002,E08000003,Manchester,MANCH_c4f2591f204b,d2386b1f9e5f
England,E12000002,E08000003,Manchester,MANCH_a9cebb0de2f5,2b9ffc2ac0b2
England,E12000002,E08000003,Manchester,MANCH_f7d72e7dc435,8eb07c324932
England,E12000002,E08000003,Manchester,MANCH_1989aabccf06,40338ba1d64b
England,E12000002,E08000003,Manchester,MANCH_a29e5d86df19,6ae5ab937ee0
England,E12000002,E08000003,Manchester,MANCH_dc9632035681,e838aeb1bed9
England,E12000002,E08000003,Manchester,MANCH_8ed10c3d4e39,0ac0b685652e
England,E12000002,E08000003,Manchester,MANCH_f1c3f49d0d35,ac38b4a20b29
England,E12000002,E08000003,Manchester,MANCH_5b8399561e58,5bf2eebc6f49
England,E12000002,E08000003,Manchester,MANCH_b763b2ee70fd,ab848abe5b5f
England,E12000002,E08000003,Manchester,MANCH_922867e19d1b,c175fe3c193f
England,E12000002,E08000003,Manchester,MANCH_e8b64fa28c09,66ca88cabcad
England,E12000002,E08000003,Manchester,MANCH_c3e838383b9d,721c5858aeaa
England,E12000002,E08000003,Manchester,MANCH_251f8135a198,d6a94c7c3453
England,E12000002,E08000003,Manchester,MANCH_a2ef0b2180e2,2cc5ab198c3b
England,E12000002,E08000003,Manchester,MANCH_0ee22f993718,1c3373a028a2
England,E12000002,E08000003,Manchester,MANCH_91ab1f720ec5,8d5754bdc5ae
England,E12000002,E08000003,Manchester,MANCH_14e56de8f1a1,745b61f9df01
England,E12000002,E08000003,Manchester,MANCH_6bcdb54a61fc,ed4d8941be25
England,E12000002,E08000003,Manchester,MANCH_5c4b932d3678,64772966cd55
England,E12000002,E08000003,Manchester,MANCH_5281d7c5bfd4,59c807ed398e
England,E12000002,E08000003,Manchester,MANCH_963eb4c5e7b3,b908b34dd4e3
England,E12000002,E08000003,Manchester,MANCH_b0650d6e460d,81aadb401b60
England,E12000002,E08000003,Manchester,MANCH_d1ed7bd23f0b,64723f4de553
England,E12000002,E08000003,Manchester,MANCH_f3fa836ccef2,1c25386257b8
England,E12000002,E08000003,Manchester,MANCH_e27387061327,530c7dd91de8
England,E12000002,E08000003,Manchester,MANCH_f88f8762f346,a1a92abe8cec
England,E12000002,E08000003,Manchester,MANCH_cf66e5f194ce,436a4c1433ab
England,E12000002,E08000003,Manchester,MANCH_3f80af90b949,c612a412f8f6
England,E12000002,E08000003,Manchester,MANCH_19f27d9b284e,5545a41a4815
England,E12000002,E08000003,Manchester,MANCH_be9e8873896c,37baa6287ab3
England,E12000002,E08000003,Manchester,MANCH_3e45d368f787,debc6ab2edb3
England,E12000002,E08000003,Manchester,MANCH_d191df9bffe5,cbfc52c0b6cc
England,E12000002,E08000003,Manchester,MANCH_40a31e6acc6f,6a099da2015f
England,E12000002,E08000003,Manchester,MANCH_cc6960973f84,49377b41df1f
England,E12000002,E08000003,Manchester,MANCH_a84d40edf45a,22da28ab55aa
England,E12000002,E08000003,Manchester,MANCH_b9ec12301e5e,48d4a16642a5
England,E12000002,E08000003,Manchester,MANCH_e1ca2a29c8ac,e73af1b2f740
England,E12000002,E08000003,Manchester,MANCH_50cedb394184,a30c370b2df1
England,E12000002,E08000003,Manchester,MANCH_4dc8a6ea7488,9495a317e9ba
England,E12000002,E08000003,Manchester,MANCH_db2aaa1de1c9,538ce77d68db
England,E12000002,E08000003,Manchester,MANCH_dde9a1fb8038,dbc50b665cc8
England,E12000002,E08000003,Manchester,MANCH_82f8829ecc5f,bf19208a9e45
England,E12000002,E08000003,Manchester,MANCH_64ccfc7fde33,5fca2499c58d
England,E12000002,E08000003,Manchester,MANCH_9769cb68c830,db7401b345cc
England,E12000002,E08000003,Manchester,MANCH_5f2c7e0c73a4,5bb8704ed170
England,E12000002,E08000003,Manchester,MANCH_a74e10e9d68f,387b75de15f5
England,E12000002,E08000003,Manchester,MANCH_e7c36b4d61c6,ddb371736dac
England,E12000002,E08000003,Manchester,MANCH_4644186e8a50,7f51260cfb1d
England,E12000002,E08000003,Manchester,MANCH_2aefc8699b64,8b01ab800e23
England,E12000002,E08000003,Manchester,MANCH_5aad63c1ebd6,a3f4946a7fbe
England,E12000002,E08000003,Manchester,MANCH_304be69bb466,afde6af1587e
England,E12000002,E08000003,Manchester,MANCH_6021877530bf,90f90171c329
England,E12000002,E08000003,Manchester,MANCH_e503e2f9c7c5,7875848ea011
England,E12000002,E08000003,Manchester,MANCH_dead9503aa92,cbb900ae25ba
England,E12000002,E08000003,Manchester,MANCH_232dad7cb623,24d951c0a4fc
England,E12000002,E08000003,Manchester,MANCH_d9cdf599eb37,e4239675a3a8
England,E12000002,E08000003,Manchester,MANCH_d0dcbeb9629d,a439fb170311
England,E12000002,E08000003,Manchester,MANCH_4ac8c1f625a1,22c0343488a1
England,E12000002,E08000003,Manchester,MANCH_fb5387349fc4,560612555814
England,E12000002,E08000003,Manchester,MANCH_b191c0ac89b8,b7e7dc51019d
England,E12000002,E08000003,Manchester,MANCH_42b8ae4dcb0e,5ba4fe311245
England,E12000002,E08000003,Manchester,MANCH_246fb2b65da9,93570110c078
England,E12000002,E08000003,Manchester,MANCH_c898a45a3092,55f3a6633567
England,E12000002,E08000003,Manchester,MANCH_029344197c89,bfed8fc0cca2
England,E12000002,E08000003,Manchester,MANCH_00cc13b0aad4,e377fc42888c
England,E12000002,E08000003,Manchester,MANCH_f5eb288725d2,3889c64e8ea5
England,E12000002,E08000003,Manchester,MANCH_8782a363fc25,148c9fa8df05
England,E12000002,E08000003,Manchester,MANCH_3cc63f9be741,c7b52240827e
England,E12000002,E08000003,Manchester,MANCH_026353ffb461,299af6560d67
England,E12000002,E08000003,Manchester,MANCH_6a5bccb1dd7c,331ce5233828
England,E12000002,E08000003,Manchester,MANCH_89a2d273e6c5,18c0ef60b417
England,E12000002,E08000003,Manchester,MANCH_cecffadada88,27b7000a391a
England,E12000002,E08000003,Manchester,MANCH_4f20f9709fa3,aa623440a2ac
England,E12000002,E08000003,Manchester,MANCH_0bd67e2f5301,9be078e90d5d
England,E12000002,E08000003,Manchester,MANCH_5d3345733744,89f8ef0cadaa
England,E12000002,E08000003,Manchester,MANCH_f54263d46e05,0e890076c703
England,E12000002,E08000003,Manchester,MANCH_485e9f8770b8,f2e9816ad566
England,E12000002,E08000003,Manchester,MANCH_b93c82005b68,94952efcf0ac
England,E12000002,E08000003,Manchester,MANCH_3f7eceee9e79,85ad416b5a1e
England,E12000002,E08000003,Manchester,MANCH_d8866aa2fd28,4529034fb7ce
England,E12000002,E08000003,Manchester,MANCH_d5930b4c176f,1f5624e8e0b6
England,E12000002,E08000003,Manchester,MANCH_21c677e62c18,22dcf00008ec
England,E12000002,E08000003,Manchester,MANCH_7bda47dbb885,ecb299caa8b9
England,E12000002,E08000003,Manchester,MANCH_ab141d0293aa,84105f6bb67b
England,E12000002,E08000003,Manchester,MANCH_54d07db7d7b4,5e4d6081dd00
England,E12000002,E08000003,Manchester,MANCH_3fcc13e7a7ae,37dd1bb609d7
England,E12000002,E08000003,Manchester,MANCH_1503a08c200a,f904d42cf31f
England,E12000002,E08000003,Manchester,MANCH_b288e20bcc8a,29e281aecd8a
England,E12000002,E08000003,Manchester,MANCH_a1589403d613,9227c3cde163
England,E12000002,E08000003,Manchester,MANCH_b5aaa2adb12b,46f799c0fd8c
England,E12000002,E08000003,Manchester,MANCH_219469b34f65,c4ac41f52417
England,E12000002,E08000003,Manchester,MANCH_2430a94d6c9b,c5411a580898
England,E12000002,E08000003,Manchester,MANCH_4c7897a2b31e,98378ba01104
England,E12000002,E08000003,Manchester,MANCH_ba84eb1cc146,ec15f0fe164b
England,E12000002,E08000003,Manchester,MANCH_6e157ac220fc,7d671def3360
England,E12000002,E08000003,Manchester,MANCH_e90fa09b3e0d,cf3f28dd1cd6
England,E12000002,E08000003,Manchester,MANCH_61f8180b4be6,699c27b37d49
England,E12000002,E08000003,Manchester,MANCH_d57e8cce902e,03788fdb08fc
England,E12000002,E08000003,Manchester,MANCH_74e70b2479d6,359cb3365a0a
England,E12000002,E08000003,Manchester,MANCH_f49c3d135aa9,ddced6cf13c7
England,E12000002,E08000003,Manchester,MANCH_dac42ca9d660,23889ec5151d
England,E12000002,E08000003,Manchester,MANCH_60539925123b,830122a01910
England,E12000002,E08000003,Manchester,MANCH_17de7bafd12f,c0fa5b8ed0f6
England,E12000002,E08000003,Manchester,MANCH_f2d200919d61,74d43479f96e
England,E12000002,E08000003,Manchester,MANCH_6f4d42409604,3b1f99a547e8
England,E12000002,E08000003,Manchester,MANCH_15f6b0839e0b,11281f640511
England,E12000002,E08000003,Manchester,MANCH_522f492328eb,785b0d12ff63
England,E12000002,E08000003,Manchester,MANCH_1e5f72b3847a,493a672863cf
England,E12000002,E08000003,Manchester,MANCH_12dea7e09b2b,d17717aae408
England,E12000002,E08000003,Manchester,MANCH_27d0264e6bd9,cb3e2ac7168e
England,E12000002,E08000003,Manchester,MANCH_46411f4049d7,3f0a8eafe51a
England,E12000002,E08000003,Manchester,MANCH_9bfbf6817287,15fc64d4ebaa
England,E12000002,E08000003,Manchester,MANCH_fb7ef1af14ff,24531436aede
England,E12000002,E08000003,Manchester,MANCH_ab7ee1729066,a34a9a6d133b
England,E12000002,E08000003,Manchester,MANCH_f94e423f5e7c,c01314cb292c
England,E12000002,E08000003,Manchester,MANCH_652f5b7ca77c,e2c18a17a343
England,E12000002,E08000003,Manchester,MANCH_9c1238396d64,7d1c2ebb3ce2
England,E12000002,E08000003,Manchester,MANCH_63b58fc527f3,a7edba54e170
England,E12000002,E08000003,Manchester,MANCH_f870dba2187d,5f8b674050b7
England,E12000002,E08000003,Manchester,MANCH_79de68ed6250,c2a4e30f7de3
England,E12000002,E08000003,Manchester,MANCH_9d82481e40a0,0fda83f5caf2
England,E12000002,E08000003,Manchester,MANCH_5f0480431fb9,bd2e0917149d
England,E12000002,E08000003,Manchester,MANCH_7fff66ece167,3219e9890bc2
England,E12000002,E08000003,Manchester,MANCH_551e78718d8f,342a1b4f59b5
England,E12000002,E08000003,Manchester,MANCH_622ab6647bf3,10bfc40d49b0
England,E12000002,E08000003,Manchester,MANCH_4760c31fa7c2,e38af4aa24f6
England,E12000002,E08000003,Manchester,MANCH_2a69a8a53d84,359339e205c5
England,E12000002,E08000003,Manchester,MANCH_153a478537f3,31d8b10877e3
England,E12000002,E08000003,Manchester,MANCH_d80f5da8ce61,7b8ce30c13e9
England,E12000002,E08000003,Manchester,MANCH_4568abe7690f,750227715981
England,E12000002,E08000003,Manchester,MANCH_8dc3ce17e09f,90613f5abeb9
England,E12000002,E08000003,Manchester,MANCH_28a2143b60ae,83ba8a60b3a0
England,E12000002,E08000003,Manchester,MANCH_bc270a651909,e6103c3d394c
England,E12000002,E08000003,Manchester,MANCH_e518da861ef2,f5bfc6249735
England,E12000002,E08000003,Manchester,MANCH_4c28ad1eccad,804204b9842d
England,E12000002,E08000003,Manchester,MANCH_e07199d4195a,3e3edaea65fe
England,E12000002,E08000003,Manchester,MANCH_4b24da5cf069,1c5ac1f3b95c
England,E12000002,E08000003,Manchester,MANCH_9853c0c69b24,d409b5afabaf
England,E12000002,E08000003,Manchester,MANCH_df5d76580355,39d25f5c6a33
England,E12000002,E08000003,Manchester,MANCH_68e5d4835e4e,ba37a22a4b49
England,E12000002,E08000003,Manchester,MANCH_6195a0db3993,96d1896d1035
England,E12000002,E08000003,Manchester,MANCH_9404c4bcb8f9,80b0713fe399
England,E12000002,E08000003,Manchester,MANCH_f135eec72c2b,4419c24e1dc1
England,E12000002,E08000003,Manchester,MANCH_c4a9f71820fe,5da104515a8b
England,E12000002,E08000003,Manchester,MANCH_52fad0200e0b,9ed117739bee
England,E12000002,E08000003,Manchester,MANCH_fa612877cd89,532f22fce718
England,E12000002,E08000003,Manchester,MANCH_d4c9115912c5,bc94accaa86a
England,E12000002,E08000003,Manchester,MANCH_1ae184681c0b,dd8d1d85ad15
England,E12000002,E08000003,Manchester,MANCH_d3b26a131c23,c7f673f4739e
England,E12000002,E08000003,Manchester,MANCH_8c7da4e91289,dcd8d7696ed5
England,E12000002,E08000003,Manchester,MANCH_08a6575e7a8c,5d671f04599f
England,E12000002,E08000003,Manchester,MANCH_3e5c6fc55f14,d8c1a40e5d96
England,E12000002,E08000003,Manchester,MANCH_d9fc2f444c4b,1be311411cd7
England,E12000002,E08000003,Manchester,MANCH_3369f9a0dcbc,3b56006154c5
England,E12000002,E08000003,Manchester,MANCH_ae76d109f627,04810651f006
England,E12000002,E08000003,Manchester,MANCH_b9fa53905be6,4b2549509b3a
England,E12000002,E08000003,Manchester,MANCH_48db4cc81cc9,26d73db237ba
England,E12000002,E08000003,Manchester,MANCH_9f9e69032dfc,5788c8c151af
England,E12000002,E08000003,Manchester,MANCH_bd32e6150cfa,2c6728a4cab7
England,E12000002,E08000003,Manchester,MANCH_7110a0c80a77,4d16992bae85
England,E12000002,E08000003,Manchester,MANCH_a7854f6d37c9,49ad4915f6e6
England,E12000002,E08000003,Manchester,MANCH_14ac65fa0d04,314d0f6c9585
England,E12000002,E08000003,Manchester,MANCH_3bc7a2664b49,cb85e936f06f
England,E12000002,E08000003,Manchester,MANCH_830eaf331f67,7c71e455b7a7
England,E12000002,E08000003,Manchester,MANCH_79a9582d2582,832387a05708
England,E12000002,E08000003,Manchester,MANCH_9d5e3e6e9a81,657c620d2cbc
England,E12000002,E08000003,Manchester,MANCH_71ec672f6f74,e1360449d919
England,E12000002,E08000003,Manchester,MANCH_6120924df440,6da9dfa54e41
England,E12000002,E08000003,Manchester,MANCH_4d0cf5048f90,c3b069be78bf
England,E12000002,E08000003,Manchester,MANCH_5f502923bf2e,622931def21c
England,E12000002,E08000003,Manchester,MANCH_e5f22862ea72,61fb62e199b4
England,E12000002,E08000003,Manchester,MANCH_c72b3d9c79f4,60233817907f
England,E12000002,E08000003,Manchester,MANCH_5da33f279675,a71811a560b2
England,E12000002,E08000003,Manchester,MANCH_291fbcc6ffb0,687dda6799b4
England,E12000002,E08000003,Manchester,MANCH_b10779a04a04,293f47d22c08
England,E12000002,E08000003,Manchester,MANCH_70ec0a836743,f353877f7bc4
England,E12000002,E08000003,Manchester,MANCH_d1e483eadd31,4b6e7081b528
England,E12000002,E08000003,Manchester,MANCH_579fb61be3cf,039d02c8a056
England,E12000002,E08000003,Manchester,MANCH_8aa342067298,a6426234379e
England,E12000002,E08000003,Manchester,MANCH_fb41b3ec5f0f,96f9b6718b96
England,E12000002,E08000003,Manchester,MANCH_bc0bac108636,5cf99ba2e779
England,E12000002,E08000003,Manchester,MANCH_cbdddcbcdf05,9c06a9a8e55f
England,E12000002,E08000003,Manchester,MANCH_d21631ac0b30,31fc59de255a
England,E12000002,E08000003,Manchester,MANCH_24b9aabb79de,5572364c18f4
England,E12000002,E08000003,Manchester,MANCH_b09b77065b0f,fb7875fd96e8
England,E12000002,E08000003,Manchester,MANCH_12f48d57e4b3,f5091ae508a0
England,E12000002,E08000003,Manchester,MANCH_e7ac1f0631e8,b8b17feb5511
England,E12000002,E08000003,Manchester,MANCH_d45cdf34550e,35a9e1fbb080
England,E12000002,E08000003,Manchester,MANCH_ab609cd5101c,923a4de58da6
England,E12000002,E08000003,Manchester,MANCH_b741cd7f57ac,187e97953325
England,E12000002,E08000003,Manchester,MANCH_2e1575cb10d5,5232002d04df
England,E12000002,E08000003,Manchester,MANCH_524b9f0ac0c6,a8b595479bee
England,E12000002,E08000003,Manchester,MANCH_c0f2ba74a481,a4b8219cbc75
England,E12000002,E08000003,Manchester,MANCH_0eb92eaa4259,42e701bdab1b
England,E12000002,E08000003,Manchester,MANCH_a82ba8910177,2349a622a1be
England,E12000002,E08000003,Manchester,MANCH_c4d4765b7fea,d545d2ab7932
England,E12000002,E08000003,Manchester,MANCH_0f4cf03228dc,c24342765bf1
England,E12000002,E08000003,Manchester,MANCH_e3458c439bdb,fe73e5e465e7
England,E12000002,E08000003,Manchester,MANCH_f85049ccc2e5,f775f906c12a
England,E12000002,E08000003,Manchester,MANCH_ab0cda523901,1ec5b63822b4
England,E12000002,E08000003,Manchester,MANCH_d2fbd3eddf1b,aaf6f8981f80
England,E12000002,E08000003,Manchester,MANCH_a4b2fd9b8350,1063e10587d2
England,E12000002,E08000003,Manchester,MANCH_1cb54640c8a4,26630c857bd1
England,E12000002,E08000003,Manchester,MANCH_c31a01e64e3e,69939b99f26f
England,E12000002,E08000003,Manchester,MANCH_223a9b63e3c2,223041b4c5f2
England,E12000002,E08000003,Manchester,MANCH_c1ea07bc6b8e,b467e5c0551b
England,E12000002,E08000003,Manchester,MANCH_e4699a1ae3ce,b7858b826d0b
England,E12000002,E08000003,Manchester,MANCH_ab547e6cc691,58791e122136
England,E12000002,E08000003,Manchester,MANCH_5d1c9eaaf8d6,cd59dd7d3382
England,E12000002,E08000003,Manchester,MANCH_20fcc5c9f68c,b785bedb48b9
England,E12000002,E08000003,Manchester,MANCH_647c3c50596c,2a2cc3a3743e
England,E12000002,E08000003,Manchester,MANCH_07bce2af7c91,de977cd1b815
England,E12000002,E08000003,Manchester,MANCH_77c86f2c342c,71ade7da2585
England,E12000002,E08000003,Manchester,MANCH_3e79a892344f,29f5bf646f5a
England,E12000002,E08000003,Manchester,MANCH_6a18e0b758db,a20bee652a7f
England,E12000002,E08000003,Manchester,MANCH_72bf8f74024f,acbb75f934ad
England,E12000002,E08000003,Manchester,MANCH_46a2d4a0843b,78fdec2adb5d
England,E12000002,E08000003,Manchester,MANCH_e6ca43d52fa9,4e754a1749e0
England,E12000002,E08000003,Manchester,MANCH_39c21935f8e3,8ea8db8c2b7e
England,E12000002,E08000003,Manchester,MANCH_b0ef024893a2,bbe8a48c78aa
England,E12000002,E08000003,Manchester,MANCH_e8126fbde864,69b38faf7175
England,E12000002,E08000003,Manchester,MANCH_f6296b8b6603,4a6d69fa6ab9
England,E12000002,E08000003,Manchester,MANCH_8e0c9b7bb4a5,05730e099a85
England,E12000002,E08000003,Manchester,MANCH_747ca2575c33,c1c38efff1e5
England,E12000002,E08000003,Manchester,MANCH_85cebb9d7fde,00d5f121ec26
England,E12000002,E08000003,Manchester,MANCH_6204f60ec5da,7b3210826a79
England,E12000002,E08000003,Manchester,MANCH_04f601c71a3a,947ae4aedb36
England,E12000002,E08000003,Manchester,MANCH_6193410297e2,2459d036f013
England,E12000002,E08000003,Manchester,MANCH_34ee6112c49f,f391de13c6d0
England,E12000002,E08000003,Manchester,MANCH_d9eee186ddec,29fd3d85cf70
England,E12000002,E08000003,Manchester,MANCH_3ab96ad643fb,8789fcfbcf73
England,E12000002,E08000003,Manchester,MANCH_d8ba8b918977,a4c113455698
England,E12000002,E08000003,Manchester,MANCH_31ece42bdac9,d3c67af07e65
England,E12000002,E08000003,Manchester,MANCH_3f5397e17a80,3aab21509002
England,E12000002,E08000003,Manchester,MANCH_59f55f0cb4b0,52639448f08a
England,E12000002,E08000003,Manchester,MANCH_63e66b6fdd19,fba49400c2f3
England,E12000002,E08000003,Manchester,MANCH_b20d31847b42,7d14bcb0c2ce
England,E12000002,E08000003,Manchester,MANCH_4941e99e48f6,758dff17d47e
England,E12000002,E08000003,Manchester,MANCH_0b573b8957ed,12911e5f0d3d
England,E12000002,E08000003,Manchester,MANCH_474ab24ab994,e16e743802b4
England,E12000002,E08000003,Manchester,MANCH_54580e5c68e7,857a520530f6
England,E12000002,E08000003,Manchester,MANCH_d54139e0b441,4ad027b32c0e
England,E12000002,E08000003,Manchester,MANCH_89acd6552141,beb036cd692b
England,E12000002,E08000003,Manchester,MANCH_16968c74a7fb,b25523333300
England,E12000002,E08000003,Manchester,MANCH_4aa692421294,f0636cbbf386
England,E12000002,E08000003,Manchester,MANCH_5461d369044f,639ca5407884
England,E12000002,E08000003,Manchester,MANCH_5ceddd6b957f,5b22d7f66eee
England,E12000002,E08000003,Manchester,MANCH_faae15d5ae15,41646daa2ba4
England,E12000002,E08000003,Manchester,MANCH_d47b4a939fac,7181d1ad7c60
England,E12000002,E08000003,Manchester,MANCH_1812420f4d48,cfd595f75b56
England,E12000002,E08000003,Manchester,MANCH_9980bb9a7a45,1d72d211fcb1
England,E12000002,E08000003,Manchester,MANCH_e36b88ac068e,761d66e27b71
England,E12000002,E08000003,Manchester,MANCH_c4847668275d,25f6286a9691
England,E12000002,E08000003,Manchester,MANCH_0338d261141a,305b5e8f5951
England,E12000002,E08000003,Manchester,MANCH_5604fabaf04c,24cf18f55312
England,E12000002,E08000003,Manchester,MANCH_2f556450c564,db999b9d19c8
England,E12000002,E08000003,Manchester,MANCH_6406a9708076,080d617ac776
England,E12000002,E08000003,Manchester,MANCH_977ba0e35287,bc4913ecdd60
England,E12000002,E08000003,Manchester,MANCH_db8f9bafa535,fa2c5a1348e9
England,E12000002,E08000003,Manchester,MANCH_03bb2f073da8,00f0a515d1ae
England,E12000002,E08000003,Manchester,MANCH_87719576713f,d6b6ff4b1f60
England,E12000002,E08000003,Manchester,MANCH_8252c0d06d02,adcbe93292da
England,E12000002,E08000003,Manchester,MANCH_21dc5d905458,1531af3dba30
England,E12000002,E08000003,Manchester,MANCH_bf1ea927df1f,2effd1f6beab
England,E12000002,E08000003,Manchester,MANCH_f1f205df328c,bd065b97add3
England,E12000002,E08000003,Manchester,MANCH_5516c82252b1,8d9be419f030
England,E12000002,E08000003,Manchester,MANCH_a3edc7f1eb86,13b85c783782
England,E12000002,E08000003,Manchester,MANCH_7a67f5769717,d47587dc7a1e
England,E12000002,E08000003,Manchester,MANCH_e3fbc475be7c,1db47da248ea
England,E12000002,E08000003,Manchester,MANCH_233b46a2d1c4,74c5e1b640f4
England,E12000002,E08000003,Manchester,MANCH_761f91d3571b,f7e1b6cd1ed3
England,E12000002,E08000003,Manchester,MANCH_80419566ffd4,0e10f1b8e3fd
England,E12000002,E08000003,Manchester,MANCH_3d6a71de58c1,0cdf802e6aa2
England,E12000002,E08000003,Manchester,MANCH_6aaa90bbe21c,59fee27993f5
England,E12000002,E08000003,Manchester,MANCH_733262fc63d3,17cdf29afc82
England,E12000002,E08000003,Manchester,MANCH_bf8043a7d898,4042f8425c6e
England,E12000002,E08000003,Manchester,MANCH_4996e8d1e29e,b898f064bf07
England,E12000002,E08000003,Manchester,MANCH_d70f52f3384c,885883d3acd6
England,E12000002,E08000003,Manchester,MANCH_7864ce89574f,05cf50dfba7a
England,E12000002,E08000003,Manchester,MANCH_c0941e6c5ff5,124811fe7ead
England,E12000002,E08000003,Manchester,MANCH_ea35df407b44,1bcc1d84afbf
England,E12000002,E08000003,Manchester,MANCH_4113cdba9f74,15f217830d7c
England,E12000002,E08000003,Manchester,MANCH_c171c744b154,5a9cf475ab94
England,E12000002,E08000003,Manchester,MANCH_9241eb51678f,42c0df09ef71
England,E12000002,E08000003,Manchester,MANCH_7c4e3924a1b3,c18ed4d014b8
England,E12000002,E08000003,Manchester,MANCH_7c411e8956b7,0eb317ec8b12
England,E12000002,E08000003,Manchester,MANCH_4c5904ddc541,f8f9d8bf71e0
England,E12000002,E08000003,Manchester,MANCH_061757c499b7,1aca5c329c06
England,E12000002,E08000003,Manchester,MANCH_8fa5dd7c80af,3dee64fa600e
England,E12000002,E08000003,Manchester,MANCH_e3a610affcd1,931223302480
England,E12000002,E08000003,Manchester,MANCH_dc7f8bc3d10a,cc8dc8d70b6d
England,E12000002,E08000003,Manchester,MANCH_1fe390b8f4bd,d51d67e7f2a8
England,E12000002,E08000003,Manchester,MANCH_2781aa49a846,442c048fb421
England,E12000002,E08000003,Manchester,MANCH_2d11c07d8bf1,245d62a8a543
England,E12000002,E08000003,Manchester,MANCH_c51e4fbfa513,e7785210f6cb
England,E12000002,E08000003,Manchester,MANCH_1507a7d0f897,2d33e221f6d7
England,E12000002,E08000003,Manchester,MANCH_6e441e46c99c,ce0cadcff07d
England,E12000002,E08000003,Manchester,MANCH_e9648cff802b,bd9df4812068
England,E12000002,E08000003,Manchester,MANCH_e1515c06a7c6,e21f8d35a4b6
England,E12000002,E08000003,Manchester,MANCH_d9fdcea1b840,aba384d7f09b
England,E12000002,E08000003,Manchester,MANCH_968265a33278,935ca17d3351
England,E12000002,E08000003,Manchester,MANCH_13f89dc151d4,9dc8b209162d
England,E12000002,E08000003,Manchester,MANCH_e313be733c9c,ef8b3b9c0a7d
England,E12000002,E08000003,Manchester,MANCH_43e053ee645e,a6d5ae534fe9
England,E12000002,E08000003,Manchester,MANCH_95ff174be914,814c42193a2e
England,E12000002,E08000003,Manchester,MANCH_d388c96ba0eb,cbe1465ac046
England,E12000002,E08000003,Manchester,MANCH_028725c43949,ad44e1ffcf30
England,E12000002,E08000003,Manchester,MANCH_0ef77d8b0329,54124dfcbed5
England,E12000002,E08000003,Manchester,MANCH_4eb3a074aeb2,b4fb968aae00
England,E12000002,E08000003,Manchester,MANCH_b3646e33f7fe,9c46e0b12f7f
England,E12000002,E08000003,Manchester,MANCH_315dd0d1a68b,ba8bfb825b9f
England,E12000002,E08000003,Manchester,MANCH_aa979d3533bf,78f9d49104ca
England,E12000002,E08000003,Manchester,MANCH_724106f696c3,cc099a5ec6ce
England,E12000002,E08000003,Manchester,MANCH_b1d42d095339,eeca96451710
England,E12000002,E08000003,Manchester,MANCH_be32e675e555,73ada9feba2d
England,E12000002,E08000003,Manchester,MANCH_0b9981350560,b5acaf25895d
England,E12000002,E08000003,Manchester,MANCH_30ca61fd83f5,686a9dc4871d
England,E12000002,E08000003,Manchester,MANCH_fe3ad8e70a99,cc60dff53a94
England,E12000002,E08000003,Manchester,MANCH_acebee222315,64e6b06e7e2e
England,E12000002,E08000003,Manchester,MANCH_de76a4060d93,1cc69129a2d3
England,E12000002,E08000003,Manchester,MANCH_9c4e44434ac1,af4511c2ee1e
England,E12000002,E08000003,Manchester,MANCH_0e10a6cb7a90,12a3910bb7c9
England,E12000002,E08000003,Manchester,MANCH_aee97b958b94,8abedc5512e9
England,E12000002,E08000003,Manchester,MANCH_974cebc14a94,9028e5a01426
England,E12000002,E08000003,Manchester,MANCH_eddda81205d1,aa55a5f4130b
England,E12000002,E08000003,Manchester,MANCH_1e9e8f02ea8f,94383d273396
England,E12000002,E08000003,Manchester,MANCH_c10f2b3119b0,b714120152d2
England,E12000002,E08000003,Manchester,MANCH_fc95ad2075c2,e37aca6cb1e1
England,E12000002,E08000003,Manchester,MANCH_7037e2935a82,bc6f38746fcb
England,E12000002,E08000003,Manchester,MANCH_244b84202337,07fbec5c417e
England,E12000002,E08000003,Manchester,MANCH_91b32af6133a,4ee92660a210
England,E12000002,E08000003,Manchester,MANCH_ce1083badfad,5ed6d0718923
England,E12000002,E08000003,Manchester,MANCH_e4064c05e3a2,1f4677a257b3
England,E12000002,E08000003,Manchester,MANCH_ec8eb0464d3d,a9b70dbdfc77
England,E12000002,E08000003,Manchester,MANCH_77c9eb48b54c,7a0a868d3aae
England,E12000002,E08000003,Manchester,MANCH_76c512988564,79f90ebdb330
England,E12000002,E08000003,Manchester,MANCH_6b1dcd06ad75,1005de15d014
England,E12000002,E08000003,Manchester,MANCH_fa9aa612b56e,5bb18e0db3a9
England,E12000002,E08000003,Manchester,MANCH_c673db460e77,756f44cda3eb
England,E12000002,E08000003,Manchester,MANCH_27870db1ab29,634cabd39156
England,E12000002,E08000003,Manchester,MANCH_577aff3ed269,3cf2e6712dfa
England,E12000002,E08000003,Manchester,MANCH_ec98770ef6d0,0199b789f001
England,E12000002,E08000003,Manchester,MANCH_563418d6a627,a148f52bcfbf
England,E12000002,E08000003,Manchester,MANCH_b80fdc6890d2,e54ada2a23d4
England,E12000002,E08000003,Manchester,MANCH_5d42f259dc9c,69df8313ba84
England,E12000002,E08000003,Manchester,MANCH_6e712acedf58,92508f0da53d
England,E12000002,E08000003,Manchester,MANCH_5f27576c2ab0,d7d5c8bf8197
England,E12000002,E08000003,Manchester,MANCH_8d4a2422b1e6,979099640031
England,E12000002,E08000003,Manchester,MANCH_c3f6cd35b035,48a0607455d8
England,E12000002,E08000003,Manchester,MANCH_1284abaea2a4,e3a068c0d084
England,E12000002,E08000003,Manchester,MANCH_0049151b0eab,a073595e0d4e
England,E12000002,E08000003,Manchester,MANCH_55a67eee6568,0eb4819b602e
England,E12000002,E08000003,Manchester,MANCH_b62e94e064a9,eea125560c98
England,E12000002,E08000003,Manchester,MANCH_253d017a775f,a6adce809654
England,E12000002,E08000003,Manchester,MANCH_013abe9fe13e,4ab963b945f6
England,E12000002,E08000003,Manchester,MANCH_5e3534b65053,b872d6fc3da7
England,E12000002,E08000003,Manchester,MANCH_0fddcbf41339,db8903a93908
England,E12000002,E08000003,Manchester,MANCH_555eae881b19,6fb57c8b14d4
England,E12000002,E08000003,Manchester,MANCH_91d895371560,acff5c9b9573
England,E12000002,E08000003,Manchester,MANCH_c68f214b493f,e6d3972516db
England,E12000002,E08000003,Manchester,MANCH_e5a309a682af,539e52d6aef4
England,E12000002,E08000003,Manchester,MANCH_7209cdfd3b32,759848c095e3
England,E12000002,E08000003,Manchester,MANCH_32b570d24fc9,c7e7c44ad919
England,E12000002,E08000003,Manchester,MANCH_e0d3af1e9793,5e2cc874ccad
England,E12000002,E08000003,Manchester,MANCH_83222604f7b0,ecdbb6af3fa6
England,E12000002,E08000003,Manchester,MANCH_d896809d6493,413c115da167
England,E12000002,E08000003,Manchester,MANCH_1870326b5009,b04a401cbdc7
England,E12000002,E08000003,Manchester,MANCH_68e79de050cb,27cc35210480
England,E12000002,E08000003,Manchester,MANCH_8e8578f72d72,66b7f11590ba
England,E12000002,E08000003,Manchester,MANCH_3099909e8625,095e6b9c939d
England,E12000002,E08000003,Manchester,MANCH_489b18359dc2,c6c29ea2f199
England,E12000002,E08000003,Manchester,MANCH_3e6aa6f3e172,538422e5cc42
England,E12000002,E08000003,Manchester,MANCH_9798124fa7bb,4cc735b001e2
England,E12000002,E08000003,Manchester,MANCH_e5b4c7413765,a376482de4d1
England,E12000002,E08000003,Manchester,MANCH_116a4b59f9ce,5edc10aa0335
England,E12000002,E08000003,Manchester,MANCH_d8990195dd08,ab5c538b53fc
England,E12000002,E08000003,Manchester,MANCH_4f7184e8286d,7bc8288c7c20
England,E12000002,E08000003,Manchester,MANCH_bb0c8aa01dbc,d23b97a0a164
England,E12000002,E08000003,Manchester,MANCH_c274211478b8,bd8910b891f1
England,E12000002,E08000003,Manchester,MANCH_ea5692ff3ef9,b0567a50acaa
England,E12000002,E08000003,Manchester,MANCH_1c59f725a02a,65ad132da9ad
England,E12000002,E08000003,Manchester,MANCH_355b08bda743,4bc94a0edca4
England,E12000002,E08000003,Manchester,MANCH_75ec3d682c6d,eb96e33efea8
England,E12000002,E08000003,Manchester,MANCH_b179d839bc7d,68468d602142
England,E12000002,E08000003,Manchester,MANCH_e40cb3881228,c96b59679b0c
England,E12000002,E08000003,Manchester,MANCH_57db83f3c004,d6a7eb80e03a
England,E12000002,E08000003,Manchester,MANCH_ef2119f2ef99,8ad6c25de364
England,E12000002,E08000003,Manchester,MANCH_97ff2fe7c8ef,5c3366cb6f88
England,E12000002,E08000003,Manchester,MANCH_48f2c430cb7f,ed79f4b60bf4
England,E12000002,E08000003,Manchester,MANCH_0acd3d19240d,dc26ab0c5bbd
England,E12000002,E08000003,Manchester,MANCH_ae819ca528ff,0b608f1faed6
England,E12000002,E08000003,Manchester,MANCH_a7d4d9a68fbc,91a777e179a6
England,E12000002,E08000003,Manchester,MANCH_56938f847b90,42e0c34d56c9
England,E12000002,E08000003,Manchester,MANCH_d1797449ab5a,d230e4c65a8c
England,E12000002,E08000003,Manchester,MANCH_3d3b7603e6de,acf1691756c5
England,E12000002,E08000003,Manchester,MANCH_8a6620139614,0e280fd2c28d
England,E12000002,E08000003,Manchester,MANCH_34df00317601,7811f332b09b
England,E12000002,E08000003,Manchester,MANCH_7a9970980bac,2400d180571f
England,E12000002,E08000003,Manchester,MANCH_81a1949a63aa,eebbeae8fa12
England,E12000002,E08000003,Manchester,MANCH_e800cf4ce927,6c1dd75447fe
England,E12000002,E08000003,Manchester,MANCH_4b99c6217109,ff8f9aec1d33
England,E12000002,E08000003,Manchester,MANCH_e6283f1cba18,b654493d1326
England,E12000002,E08000003,Manchester,MANCH_ed642b0ea84d,e84440a52f37
England,E12000002,E08000003,Manchester,MANCH_ffa34cf01d2c,2b97f8d4b0bb
England,E12000002,E08000003,Manchester,MANCH_70e464ac1cb1,28d8d91f910d
England,E12000002,E08000003,Manchester,MANCH_99ad979467ae,ed421546e733
England,E12000002,E08000003,Manchester,MANCH_ca016501a157,f0546ee35b39
England,E12000002,E08000003,Manchester,MANCH_2bbac7927652,9799e5203376
England,E12000002,E08000003,Manchester,MANCH_3a1b34418f13,c88aa85bbe12
England,E12000002,E08000003,Manchester,MANCH_4baf06b76b16,4cec237a6efd
England,E12000002,E08000003,Manchester,MANCH_ecf81c750cd5,954031ce12f2
England,E12000002,E08000003,Manchester,MANCH_b805a9d56bf4,3a0f05a6b809
England,E12000002,E08000003,Manchester,MANCH_4ac238aec938,89856d84a16f
England,E12000002,E08000003,Manchester,MANCH_27151b883963,7f17375e8f89
England,E12000002,E08000003,Manchester,MANCH_fba94ebbd308,da113cdc338e
England,E12000002,E08000003,Manchester,MANCH_5e6fbb84c8ec,24d4259cd5b2
England,E12000002,E08000003,Manchester,MANCH_1d84df1f8591,8ff415669cbc
England,E12000002,E08000003,Manchester,MANCH_61b37376a92c,94a5541fc2e9
England,E12000002,E08000003,Manchester,MANCH_46df7040ad9b,81a2623184e8
England,E12000002,E08000003,Manchester,MANCH_539f2e8cc752,274cc70ac117
England,E12000002,E08000003,Manchester,MANCH_5136cfb002da,fe09f4b72cd5
England,E12000002,E08000003,Manchester,MANCH_fe608eccba66,790e06e38997
England,E12000002,E08000003,Manchester,MANCH_24faca93388f,11e559402b9e
England,E12000002,E08000003,Manchester,MANCH_7fd44c818f0e,319c45150943
England,E12000002,E08000003,Manchester,MANCH_249fa3f61d52,73b0a65e3676
England,E12000002,E08000003,Manchester,MANCH_fee47130fdef,1d3fdff3d6d2
England,E12000002,E08000003,Manchester,MANCH_60f2c4f6c5e3,ae302991a88d
England,E12000002,E08000003,Manchester,MANCH_ccfdb8cfcd4d,28b58a672363
England,E12000002,E08000003,Manchester,MANCH_396224563891,32fd562f59fb
England,E12000002,E08000003,Manchester,MANCH_e71f0403415b,952d0d65769c
England,E12000002,E08000003,Manchester,MANCH_50abd358b019,c293085ee550
England,E12000002,E08000003,Manchester,MANCH_de2563208862,6dd988bf0032
England,E12000002,E08000003,Manchester,MANCH_0939a27b707d,99031b4fcafa
England,E12000002,E08000003,Manchester,MANCH_c7a97bac8da3,064e76cb1451
England,E12000002,E08000003,Manchester,MANCH_76cc30e4990e,b17c8a447979
England,E12000002,E08000003,Manchester,MANCH_4974822b000f,7633eed2ccab
England,E12000002,E08000003,Manchester,MANCH_9474ad2c1e25,3a7550a75667
England,E12000002,E08000003,Manchester,MANCH_6d06c901a739,7aaf6a1785f5
England,E12000002,E08000003,Manchester,MANCH_0a14b9ced8cb,c40bc261650e
England,E12000002,E08000003,Manchester,MANCH_34e7622e21d2,26b007822b5e
England,E12000002,E08000003,Manchester,MANCH_2d97a9f1dfa2,aedebcb2c5dd
England,E12000002,E08000003,Manchester,MANCH_2b01494ff5d4,37bbc7b65985
England,E12000002,E08000003,Manchester,MANCH_4f0246300863,7f6f93dae16a
England,E12000002,E08000003,Manchester,MANCH_f85042ccfce3,228252193cf1
England,E12000002,E08000003,Manchester,MANCH_4e2bf483aca5,a932961fd0c3
England,E12000002,E08000003,Manchester,MANCH_fed5c305218d,5ef3d1a18e7c
England,E12000002,E08000003,Manchester,MANCH_1a47c40a605f,ec2a032e3636
England,E12000002,E08000003,Manchester,MANCH_ffcdf213cdad,69e1b35ba9f4
England,E12000002,E08000003,Manchester,MANCH_a0a55bf64ab5,5699cef474c3
England,E12000002,E08000003,Manchester,MANCH_60c2803fc1be,fd4629942307
England,E12000002,E08000003,Manchester,MANCH_e13b3376da7d,5bd153147c80
England,E12000002,E08000003,Manchester,MANCH_a8dab12037c5,19f126f13cd9
England,E12000002,E08000003,Manchester,MANCH_d5e173713e86,082ff0c5f479
England,E12000002,E08000003,Manchester,MANCH_725f3afc5925,a8b78ab7b2b0
England,E12000002,E08000003,Manchester,MANCH_97e803469744,f81bc304047d
England,E12000002,E08000003,Manchester,MANCH_4142b3f69328,ee4ea9c930a8
England,E12000002,E08000003,Manchester,MANCH_f01442645df1,9a5dd0e6d69f
England,E12000002,E08000003,Manchester,MANCH_a08acdb6a3b1,3267f2a50352
England,E12000002,E08000003,Manchester,MANCH_0518f2cc2419,c2fa9c2215d2
England,E12000002,E08000003,Manchester,MANCH_6cfc40293a0b,e9961529e233
England,E12000002,E08000003,Manchester,MANCH_d6f7f7a8af5a,dbcdff1329ae
England,E12000002,E08000003,Manchester,MANCH_56cfce332b69,c18752d7c2fd
England,E12000002,E08000003,Manchester,MANCH_c1ea8138966e,e779c208387d
England,E12000002,E08000003,Manchester,MANCH_592964eb8776,b5f92395e699
England,E12000002,E08000003,Manchester,MANCH_62d7e54a050b,0c8f94999b99
England,E12000002,E08000003,Manchester,MANCH_11fc4c3e67fe,46a4030aa24a
England,E12000002,E08000003,Manchester,MANCH_9e4d0a4c24d2,b56906b0bacd
England,E12000002,E08000003,Manchester,MANCH_b4537d43d160,470894ce3c88
England,E12000002,E08000003,Manchester,MANCH_6e322cc6de85,7b299e545804
England,E12000002,E08000003,Manchester,MANCH_6989bf5568b0,56297845a72a
England,E12000002,E08000003,Manchester,MANCH_9c534d7e9f50,9ccba072cafd
England,E12000002,E08000003,Manchester,MANCH_8bf57df7b231,5461b87a0cdd
England,E12000002,E08000003,Manchester,MANCH_702509506908,d119e1d81e28
England,E12000002,E08000003,Manchester,MANCH_5548871752c6,e5edb729c772
England,E12000002,E08000003,Manchester,MANCH_86214ca2195f,76204b984906
England,E12000002,E08000003,Manchester,MANCH_b5e3b3277e71,fb70aaac407c
England,E12000002,E08000003,Manchester,MANCH_330a543d9553,be9a260a4463
England,E12000002,E08000003,Manchester,MANCH_f5589ddf1b66,30a04fa25a94
England,E12000002,E08000003,Manchester,MANCH_61adcd118e28,97b7a761e469
England,E12000002,E08000003,Manchester,MANCH_c5687997f933,0312d47306d4
England,E12000002,E08000003,Manchester,MANCH_fbc70e8bc5ef,f2bc36fe324a
England,E12000002,E08000003,Manchester,MANCH_a0fb72777822,ec05e0322300
England,E12000002,E08000003,Manchester,MANCH_c81e66eac470,278966e1b827
England,E12000002,E08000003,Manchester,MANCH_e814a120deb0,8a439eb02ece
England,E12000002,E08000003,Manchester,MANCH_1c843e617ea8,09b44d67946d
England,E12000002,E08000003,Manchester,MANCH_614bd05a8b4a,4226f6933bb0
England,E12000002,E08000003,Manchester,MANCH_31099b21c29d,36adc931d769
England,E12000002,E08000003,Manchester,MANCH_44ec1107909f,bfb8a0fe831a
England,E12000002,E08000003,Manchester,MANCH_3423f9cebffa,d93a73907763
England,E12000002,E08000003,Manchester,MANCH_c78755a68fc8,3f8ed94bc86f
England,E12000002,E08000003,Manchester,MANCH_f117b9522120,4cc5106bb6a8
England,E12000002,E08000003,Manchester,MANCH_89e4b19b8d44,9eff8a42c4d6
England,E12000002,E08000003,Manchester,MANCH_b11b8139b843,fd22cc38cf68
England,E12000002,E08000003,Manchester,MANCH_5b3861ff1095,de91fa4223ca
England,E12000002,E08000003,Manchester,MANCH_3a9149ab4d99,b5c90e6e26f9
England,E12000002,E08000003,Manchester,MANCH_c82e28e9cad2,3a9a54a56409
England,E12000002,E08000003,Manchester,MANCH_3a7d89e38263,7fcae93f5d4a
England,E12000002,E08000003,Manchester,MANCH_568837eb2270,67cbb160a260
England,E12000002,E08000003,Manchester,MANCH_ce0bea2e0998,b82c351c7e5e
England,E12000002,E08000003,Manchester,MANCH_74d2c55dca6a,0947528a2370
England,E12000002,E08000003,Manchester,MANCH_e1375bfcf3ec,4a5199e630a7
England,E12000002,E08000003,Manchester,MANCH_e79a06f138b1,99158b7b6c8e
England,E12000002,E08000003,Manchester,MANCH_e5aa1ac91b79,b7e87be8fe56
England,E12000002,E08000003,Manchester,MANCH_b87a3bbf836b,be9cf8180b8b
England,E12000002,E08000003,Manchester,MANCH_834ceaa72f2c,3934c279b8e4
England,E12000002,E08000003,Manchester,MANCH_a32e1fa1ced6,495528d86879
England,E12000002,E08000003,Manchester,MANCH_bc2962922d6b,8caecb3d87ac
England,E12000002,E08000003,Manchester,MANCH_25ad4d70444e,f6901a6ff333
England,E12000002,E08000003,Manchester,MANCH_ed94001b19e5,f62b4114faa0
England,E12000002,E08000003,Manchester,MANCH_b32c6d7eae20,fc8cad7c8cfc
England,E12000002,E08000003,Manchester,MANCH_abb1826ffa55,fe8a7b3bd91d
England,E12000002,E08000003,Manchester,MANCH_07feff079bb5,bba8c4479ef6
England,E12000002,E08000003,Manchester,MANCH_e88a85a82ed0,5147fd9965c9
England,E12000002,E08000003,Manchester,MANCH_51b5e01f3f61,51ee24e16961
England,E12000002,E08000003,Manchester,MANCH_30263701d818,aae778bb8d74
England,E12000002,E08000003,Manchester,MANCH_c292cec5cdb6,054113b537f3
England,E12000002,E08000003,Manchester,MANCH_87144de0aaba,3fbb6ea01926
England,E12000002,E08000003,Manchester,MANCH_e5eee6292d80,725c67458817
England,E12000002,E08000003,Manchester,MANCH_852d43ae57ea,0cad72015b65
England,E12000002,E08000003,Manchester,MANCH_0ca32ff08cee,a708a0b3a4d2
England,E12000002,E08000003,Manchester,MANCH_3c056efaf45f,43e8b0282d0d
England,E12000002,E08000003,Manchester,MANCH_f9fb04bc249b,4c1f2b40d21a
England,E12000002,E08000003,Manchester,MANCH_f5ec3983bfd4,fca4446b36e8
England,E12000002,E08000003,Manchester,MANCH_6e4ad588c7ef,eefd890da844
England,E12000002,E08000003,Manchester,MANCH_59bbabf217ed,ff9fb2807b81
England,E12000002,E08000003,Manchester,MANCH_ad6e09138aac,80dca2161a8e
England,E12000002,E08000003,Manchester,MANCH_3652712d84a8,46535d4fc123
England,E12000002,E08000003,Manchester,MANCH_e6a451b2fe4e,edd6c83298c0
England,E12000002,E08000003,Manchester,MANCH_1e841dc57bd3,3438e95796e0
England,E12000002,E08000003,Manchester,MANCH_2989b1a91f5e,535b0de87b98
England,E12000002,E08000003,Manchester,MANCH_d5a5376d4689,2802d8ab15ca
England,E12000002,E08000003,Manchester,MANCH_2d0733add946,49e55211dca4
England,E12000002,E08000003,Manchester,MANCH_daecba0abd79,9cdafe496a6b
England,E12000002,E08000003,Manchester,MANCH_6d59072aa5f7,fd77f843d57a
England,E12000002,E08000003,Manchester,MANCH_0128a7edf2c2,47fe8945c5f0
England,E12000002,E08000003,Manchester,MANCH_3e76f69a4d93,65e35091a17f
England,E12000002,E08000003,Manchester,MANCH_51d9c050d134,88e6338f10fa
England,E12000002,E08000003,Manchester,MANCH_f7ed6b001fba,ef54dcef30bd
England,E12000002,E08000003,Manchester,MANCH_b2511c8fef41,c9d926ac13f6
England,E12000002,E08000003,Manchester,MANCH_b922511013c4,0c5f1466b3be
England,E12000002,E08000003,Manchester,MANCH_7b18b71e0463,4bc15806249e
England,E12000002,E08000003,Manchester,MANCH_bc8e646651a6,9fea1b5be72b
England,E12000002,E08000003,Manchester,MANCH_dd8b82f2e1e9,3de48e6a26d4
England,E12000002,E08000003,Manchester,MANCH_0ecd28b491ee,5a9346af9cc2
England,E12000002,E08000003,Manchester,MANCH_52b72e20cdcf,f9a536d7f15e
England,E12000002,E08000003,Manchester,MANCH_50521743955c,45c114fb5f63
England,E12000002,E08000003,Manchester,MANCH_5067719b5dfd,d1f96ab963eb
England,E12000002,E08000003,Manchester,MANCH_3bc3aba20ad2,a3cbc8af3d8e
England,E12000002,E08000003,Manchester,MANCH_f8ed8ce42f63,320338493a54
England,E12000002,E08000003,Manchester,MANCH_313ea8a8f96b,c6ae4745049a
England,E12000002,E08000003,Manchester,MANCH_585c94fce78c,0361b51e340c
England,E12000002,E08000003,Manchester,MANCH_b81b89079594,4e5b22c27509
England,E12000002,E08000003,Manchester,MANCH_43f7c85520de,2d603e91003c
England,E12000002,E08000003,Manchester,MANCH_5be27ae09a98,4d1f68954e0b
England,E12000002,E08000003,Manchester,MANCH_0b05eed30db7,bef92ac26109
England,E12000002,E08000003,Manchester,MANCH_db81914449c5,515721792181
England,E12000002,E08000003,Manchester,MANCH_c550b370ea72,818e7b68f191
England,E12000002,E08000003,Manchester,MANCH_f6145ac2b343,a8ce39e2661e
England,E12000002,E08000003,Manchester,MANCH_e09e6ded9bad,d64df446660c
England,E12000002,E08000003,Manchester,MANCH_1d9e0fed48c4,57b189cbcb1a
England,E12000002,E08000003,Manchester,MANCH_39bb4d86a60e,55c47148e80f
England,E12000002,E08000003,Manchester,MANCH_6e3d236d6222,d3f5431f7af2
England,E12000002,E08000003,Manchester,MANCH_dba49b4dd5c6,12f691f9e884
England,E12000002,E08000003,Manchester,MANCH_ddf156b6a1b9,72fdd5e0fa88
England,E12000002,E08000003,Manchester,MANCH_a86dcde777f8,095537404eea
England,E12000002,E08000003,Manchester,MANCH_dad2afbf244b,59a3b387845f
England,E12000002,E08000003,Manchester,MANCH_1058c7ecf519,b97262647ecb
England,E12000002,E08000003,Manchester,MANCH_2c7a31267493,fad41680fe87
England,E12000002,E08000003,Manchester,MANCH_a3f9b1a4b390,2bec1156f731
England,E12000002,E08000003,Manchester,MANCH_457fa769ba1e,ed0d67ee6aea
England,E12000002,E08000003,Manchester,MANCH_5993eeed3322,e2de58c09268
England,E12000002,E08000003,Manchester,MANCH_21bec1b1b374,9a0e316dcc93
England,E12000002,E08000003,Manchester,MANCH_6e2ae76c63b2,e4a61bd73689
England,E12000002,E08000003,Manchester,MANCH_6738134ce831,f9b6615db2b7
England,E12000002,E08000003,Manchester,MANCH_59545a376ecc,52283197d378
England,E12000002,E08000003,Manchester,MANCH_eddb25afce80,3ea4aef7fd72
England,E12000002,E08000003,Manchester,MANCH_2e67be9a8cd9,84ca57a5017e
England,E12000002,E08000003,Manchester,MANCH_dc784fc57bb9,18719a4e84fe
England,E12000002,E08000003,Manchester,MANCH_e3a5bf72c110,2a5ff365a821
England,E12000002,E08000003,Manchester,MANCH_4ea185947733,22ae80fecb1c
England,E12000002,E08000003,Manchester,MANCH_41c279d30a29,a14a4186e6c8
England,E12000002,E08000003,Manchester,MANCH_10e7c55f41b6,62a350e1e01c
England,E12000002,E08000003,Manchester,MANCH_34bfbbeb9ff1,ac06b7a5be5f
England,E12000002,E08000003,Manchester,MANCH_954d67a522df,56e9d898f831
England,E12000002,E08000003,Manchester,MANCH_7f0cc4fd8269,9e2c11fd23c3
England,E12000002,E08000003,Manchester,MANCH_42401655e528,94481f988317
England,E12000002,E08000003,Manchester,MANCH_c9bd41529891,d6e466ff412d
England,E12000002,E08000003,Manchester,MANCH_895964275e7c,73dbc548b7a4
England,E12000002,E08000003,Manchester,MANCH_823b574ac235,b1569ce463ec
England,E12000002,E08000003,Manchester,MANCH_e6d60f2351a5,3eac0c12f44f
England,E12000002,E08000003,Manchester,MANCH_55dd605a3847,30be9d07b4d8
England,E12000002,E08000003,Manchester,MANCH_3d6b07607704,a7bbb472a29b
England,E12000002,E08000003,Manchester,MANCH_a8e574c1258a,aef10d1882b6
England,E12000002,E08000003,Manchester,MANCH_a0616d274f5e,aee37a4d3ed3
England,E12000002,E08000003,Manchester,MANCH_3e2374298c03,6077dd6c3b3d
England,E12000002,E08000003,Manchester,MANCH_f40f803b2be4,114f7a0dd302
England,E12000002,E08000003,Manchester,MANCH_d2c1c1e2fe56,a097729b97fc
England,E12000002,E08000003,Manchester,MANCH_c9e1d7836063,c9d9bb7bd23b
England,E12000002,E08000003,Manchester,MANCH_d87be6b39a7f,7190e82362ed
England,E12000002,E08000003,Manchester,MANCH_cf7ea7f6cff8,b73381b08fc1
England,E12000002,E08000003,Manchester,MANCH_4644db92b8ea,cdbdcc9a51c3
England,E12000002,E08000003,Manchester,MANCH_ca250a42ba45,55459cc9fa4d
England,E12000002,E08000003,Manchester,MANCH_42bce44eb618,408c5fe2c2b6
England,E12000002,E08000003,Manchester,MANCH_9271b62c8ae6,ee81077c2fa9
England,E12000002,E08000003,Manchester,MANCH_53767a078b59,eab427de4d8a
England,E12000002,E08000003,Manchester,MANCH_4d72eeb5c09e,e473cd1b0d8c
England,E12000002,E08000003,Manchester,MANCH_a26714300551,31b80432fed2
England,E12000002,E08000003,Manchester,MANCH_78754458c2f0,b8faa5a8440d
England,E12000002,E08000003,Manchester,MANCH_af80065fb9fe,082873121425
England,E12000002,E08000003,Manchester,MANCH_57974d34d349,355196c0be89
England,E12000002,E08000003,Manchester,MANCH_2071c702a532,71481cb013e4
England,E12000002,E08000003,Manchester,MANCH_8d3ce0288d71,d203733d64da
England,E12000002,E08000003,Manchester,MANCH_6daa00cb5589,25f4bd97e25e
England,E12000002,E08000003,Manchester,MANCH_bb42004e0c50,1badf724f60e
England,E12000002,E08000003,Manchester,MANCH_8fe51e39cbb3,971d2399d58d
England,E12000002,E08000003,Manchester,MANCH_975fdd8e7963,78131f334d58
England,E12000002,E08000003,Manchester,MANCH_aa3b29fe3d4a,774bc8470809
England,E12000002,E08000003,Manchester,MANCH_e52eb793e852,77bad613b921
England,E12000002,E08000003,Manchester,MANCH_09adac2b42ea,231d5796543e
England,E12000002,E08000003,Manchester,MANCH_c14809264118,79753d1fe41a
England,E12000002,E08000003,Manchester,MANCH_e0a1520399aa,0f154d122941
England,E12000002,E08000003,Manchester,MANCH_f0fd984024b0,bb9a7473a345
England,E12000002,E08000003,Manchester,MANCH_facb305efb68,c58fe96e4894
England,E12000002,E08000003,Manchester,MANCH_ce5492874c9d,d4a2915376d0
England,E12000002,E08000003,Manchester,MANCH_4c42e3d745b0,ea199e7defba
England,E12000002,E08000003,Manchester,MANCH_31052e9c88b9,2e63739661d2
England,E12000002,E08000003,Manchester,MANCH_284cf7452378,f01255ff9824
England,E12000002,E08000003,Manchester,MANCH_ccc90f5b3975,47f0fc7c0f7d
England,E12000002,E08000003,Manchester,MANCH_bab884dab642,edb20fd283b1
England,E12000002,E08000003,Manchester,MANCH_95be24c273a9,cea67d0cb1a3
England,E12000002,E08000003,Manchester,MANCH_e80e0654e155,6ba4452e6b6f
England,E12000002,E08000003,Manchester,MANCH_c9fc619fca01,1b90cdc6dcce
England,E12000002,E08000003,Manchester,MANCH_d63045177bfe,578cd17cdbd8
England,E12000002,E08000003,Manchester,MANCH_b46f1c56463f,4f110e1baf67
England,E12000002,E08000003,Manchester,MANCH_b770a8684e7b,d6152343cb24
England,E12000002,E08000003,Manchester,MANCH_fce71479901c,fcdf7462a0c5
England,E12000002,E08000003,Manchester,MANCH_0c5879595543,8d4f10bbd041
England,E12000002,E08000003,Manchester,MANCH_1701cbc7a83c,18737cfa54f1
England,E12000002,E08000003,Manchester,MANCH_28b786df5a83,1467a410acde
England,E12000002,E08000003,Manchester,MANCH_9e9626ce583f,695f34932195
England,E12000002,E08000003,Manchester,MANCH_42b7da684282,9541e9f2a048
England,E12000002,E08000003,Manchester,MANCH_48850af02ffc,8c93fb6b3d38
England,E12000002,E08000003,Manchester,MANCH_006feaac9070,afa21f0f06ba
England,E12000002,E08000003,Manchester,MANCH_b54f3ece3d4e,e0e116516380
England,E12000002,E08000003,Manchester,MANCH_f3b2c7c261f2,4cd19008103a
England,E12000002,E08000003,Manchester,MANCH_27f6a4cc3f04,c08a07967146
England,E12000002,E08000003,Manchester,MANCH_9d66a997a7d6,e28f58cd5b10
England,E12000002,E08000003,Manchester,MANCH_1347ebd0e571,e1fb045257d2
England,E12000002,E08000003,Manchester,MANCH_a9c0e707425b,7ff4e680bb71
England,E12000002,E08000003,Manchester,MANCH_4cfef59213a7,73b2ccfcd1c9
England,E12000002,E08000003,Manchester,MANCH_0c241698b974,ad20791ffed7
England,E12000002,E08000003,Manchester,MANCH_fcf6ca350498,c90b245e0a86
England,E12000002,E08000003,Manchester,MANCH_da20a5cd175f,5ee1b508ef16
England,E12000002,E08000003,Manchester,MANCH_3914cd8f3727,c833c2b0a9f9
England,E12000002,E08000003,Manchester,MANCH_1f535b1a2554,dd939e95b4c6
England,E12000002,E08000003,Manchester,MANCH_876e6110b2ce,cc8590499f7f
England,E12000002,E08000003,Manchester,MANCH_deb8abe84846,2895099f46e2
England,E12000002,E08000003,Manchester,MANCH_c48c70116ab6,84774f857703
England,E12000002,E08000003,Manchester,MANCH_6eae2448b04a,1922b5842717
England,E12000002,E08000003,Manchester,MANCH_784f5af2a63b,396dcc1c1d22
England,E12000002,E08000003,Manchester,MANCH_17803316252d,5ad023250aa2
England,E12000002,E08000003,Manchester,MANCH_b984d3015efa,25916c526568
England,E12000002,E08000003,Manchester,MANCH_908cb5203dc1,b3764c8e77fc
England,E12000002,E08000003,Manchester,MANCH_218aea04828f,5bd9b5ff4547
England,E12000002,E08000003,Manchester,MANCH_3d4aa8f20c91,511b85006603
England,E12000002,E08000003,Manchester,MANCH_7a2e425f76b8,f9c581259739
England,E12000002,E08000003,Manchester,MANCH_7f0e8a3f281d,47a4868fb6ec
England,E12000002,E08000003,Manchester,MANCH_863649c8b746,58419cec45f6
England,E12000002,E08000003,Manchester,MANCH_74ce4c6455b6,c2a27b777318
England,E12000002,E08000003,Manchester,MANCH_0b2da6a83f79,4238fb4cf98e
England,E12000002,E08000003,Manchester,MANCH_6f3c8dabfaef,34fab7f307e9
England,E12000002,E08000003,Manchester,MANCH_8d4a96926071,35f953405f96
England,E12000002,E08000003,Manchester,MANCH_5a4779c9cf45,ec1ff95b8984
England,E12000002,E08000003,Manchester,MANCH_f272bf74834e,3b626a3aabf8
England,E12000002,E08000003,Manchester,MANCH_1eb4ddac83a3,f01f370ad90b
England,E12000002,E08000003,Manchester,MANCH_6e1c43ca9efb,1eb29b5a29c5
England,E12000002,E08000003,Manchester,MANCH_8cea4fe99efc,a7ed627b3bad
England,E12000002,E08000003,Manchester,MANCH_f4b787c8ead4,d5277ca12819
England,E12000002,E08000003,Manchester,MANCH_b4acdbf12b84,115246249fd2
England,E12000002,E08000003,Manchester,MANCH_f8b9a2ee0461,bb4e90cba0bc
England,E12000002,E08000003,Manchester,MANCH_f7f648677293,80bec2635d15
England,E12000002,E08000003,Manchester,MANCH_2fe688bdd1fe,be0de531bb29
England,E12000002,E08000003,Manchester,MANCH_3c85bdca903d,d5e398aefc56
England,E12000002,E08000003,Manchester,MANCH_2fbd21e1d9ac,bf5b2d5a61a3
England,E12000002,E08000003,Manchester,MANCH_e5b8cb98de56,fa52a9d76f4f
England,E12000002,E08000003,Manchester,MANCH_f1924a72d254,cb0607d7bd00
England,E12000002,E08000003,Manchester,MANCH_6bc69a4d8e2c,d9423f2310a0
England,E12000002,E08000003,Manchester,MANCH_d4b0d1f35a3f,22738557b2b9
England,E12000002,E08000003,Manchester,MANCH_2d6194e39b45,f27654229e1b
England,E12000002,E08000003,Manchester,MANCH_9e7cf3c6bb7a,f5389f47bd51
England,E12000002,E08000003,Manchester,MANCH_119b35675452,14f707dd847a
England,E12000002,E08000003,Manchester,MANCH_0c2bcd2a9c88,cbc52fd3011f
England,E12000002,E08000003,Manchester,MANCH_0957d5e3efe1,487d66127ed5
England,E12000002,E08000003,Manchester,MANCH_e3ba3f3e5089,186156399aca
England,E12000002,E08000003,Manchester,MANCH_af5d4668747e,c80c1f1e1286
England,E12000002,E08000003,Manchester,MANCH_b7f575165b4a,7af85309edfc
England,E12000002,E08000003,Manchester,MANCH_4461f66b0cc3,ed20e374983f
England,E12000002,E08000003,Manchester,MANCH_c09907b86894,85a6dbcccbbf
England,E12000002,E08000003,Manchester,MANCH_72d8ddf3a95b,d377cf7310e3
England,E12000002,E08000003,Manchester,MANCH_0b24874fc0bc,c0b153824a2f
England,E12000002,E08000003,Manchester,MANCH_0eaa5eed26e1,b0aeaede6627
England,E12000002,E08000003,Manchester,MANCH_70e2b6830c4f,0e081dd4bd46
England,E12000002,E08000003,Manchester,MANCH_7f729ef18369,648b427df5db
England,E12000002,E08000003,Manchester,MANCH_f273d918de66,e5ab1a4a95ed
England,E12000002,E08000003,Manchester,MANCH_8fbaef8c8a68,6cdf8bb6455c
England,E12000002,E08000003,Manchester,MANCH_a5592839b7c1,4f21121775ff
England,E12000002,E08000003,Manchester,MANCH_99ae5bef5291,cca7db8c8b7a
England,E12000002,E08000003,Manchester,MANCH_f49495f977ee,9e84db76be18
England,E12000002,E08000003,Manchester,MANCH_defae127d8f0,0582ec7f63f5
England,E12000002,E08000003,Manchester,MANCH_54224f7c3e0f,aa8d24265698
England,E12000002,E08000003,Manchester,MANCH_166837688718,dfd5d7d26f3f
England,E12000002,E08000003,Manchester,MANCH_404056b69104,f2075b191804
England,E12000002,E08000003,Manchester,MANCH_48e6c5b790ba,ef61f3fc8120
England,E12000002,E08000003,Manchester,MANCH_7a2b715b4aa3,a43e58e6b05e
England,E12000002,E08000003,Manchester,MANCH_83273f69189c,af03758816f8
England,E12000002,E08000003,Manchester,MANCH_5ec57c49d69f,f0d6eae8581f
England,E12000002,E08000003,Manchester,MANCH_2a2de545cf68,d21294f957bd
England,E12000002,E08000003,Manchester,MANCH_ddf6973177c9,718cdab0b96f
England,E12000002,E08000003,Manchester,MANCH_33e87a46a004,1fc067a33441
England,E12000002,E08000003,Manchester,MANCH_54b72ae19f3c,04fe4e7d88dc
England,E12000002,E08000003,Manchester,MANCH_eb181b562690,c9d1213de5de
England,E12000002,E08000003,Manchester,MANCH_363caa9c11f0,5ddbe6d95173
England,E12000002,E08000003,Manchester,MANCH_eb166286108a,3d59a295a901
England,E12000002,E08000003,Manchester,MANCH_a21ce6e3ea46,1b41b48d356c
England,E12000002,E08000003,Manchester,MANCH_2fcc4c72794d,a5373db31196
England,E12000002,E08000003,Manchester,MANCH_ab4ed3cdac64,1434a9c83e2a
England,E12000002,E08000003,Manchester,MANCH_4cf016115117,2c3adfd8f99d
England,E12000002,E08000003,Manchester,MANCH_ff51d1eed2c6,31863ab9c97f
England,E12000002,E08000003,Manchester,MANCH_431c1cac80db,bfe107f06bcb
England,E12000002,E08000003,Manchester,MANCH_9aaf37c86677,c7eb3fb42f6b
England,E12000002,E08000003,Manchester,MANCH_23ba822cf3ad,0fd06a84c76a
England,E12000002,E08000003,Manchester,MANCH_1aada3082e65,6ff06bc6b10a
England,E12000002,E08000003,Manchester,MANCH_9a024ff5d7d4,41be3cce4667
England,E12000002,E08000003,Manchester,MANCH_e6b44d533952,6e844310aeee
England,E12000002,E08000003,Manchester,MANCH_f028b6560d81,82000bbe5ce1
England,E12000002,E08000003,Manchester,MANCH_a7f3e2cae0ac,f5ceb2f6d657
England,E12000002,E08000003,Manchester,MANCH_12ac508c2b11,12960263fc8f
England,E12000002,E08000003,Manchester,MANCH_c0841e16908b,f2800f0f0f60
England,E12000002,E08000003,Manchester,MANCH_b005b30e2307,56554bdc8032
England,E12000002,E08000003,Manchester,MANCH_985df0608b76,2c4df19e531a
England,E12000002,E08000003,Manchester,MANCH_97ac8ba5a55d,24f824a66d1e
England,E12000002,E08000003,Manchester,MANCH_74f90d017766,ea19fa806202
England,E12000002,E08000003,Manchester,MANCH_b1441fa8e4c6,675d9e3bbac5
England,E12000002,E08000003,Manchester,MANCH_279b0545d9d6,77c28ef4e228
England,E12000002,E08000003,Manchester,MANCH_a445fe643a02,ddbe795d5efa
England,E12000002,E08000003,Manchester,MANCH_ce06293c9adf,b4bdf7a020aa
England,E12000002,E08000003,Manchester,MANCH_a07be4f98f2e,d944bb523430
England,E12000002,E08000003,Manchester,MANCH_76cd16153678,92cec6d80d85
England,E12000002,E08000003,Manchester,MANCH_8139e466eb07,976f97069f3b
England,E12000002,E08000003,Manchester,MANCH_0e0fa2fe82bd,6e84d9135c3b
England,E12000002,E08000003,Manchester,MANCH_89de02106456,6239dfd1c4b9
England,E12000002,E08000003,Manchester,MANCH_3545d27897b9,57165fbac1fa
England,E12000002,E08000003,Manchester,MANCH_20797f49b863,a14e7115832d
England,E12000002,E08000003,Manchester,MANCH_3f5049fcd899,252a1b8513f7
England,E12000002,E08000003,Manchester,MANCH_c1123151900b,e8fec89bfb6d
England,E12000002,E08000003,Manchester,MANCH_002e4f415f94,a72a8e5bc75f
England,E12000002,E08000003,Manchester,MANCH_6c8b88135c0d,cca3be81a7bf
England,E12000002,E08000003,Manchester,MANCH_b18deaf6cafe,70f28d8a469d
England,E12000002,E08000003,Manchester,MANCH_72a696be2e28,77e4135ef090
England,E12000002,E08000003,Manchester,MANCH_a487e2ceb0c4,231e62e05fbe
England,E12000002,E08000003,Manchester,MANCH_9ddfd485d9ec,911618d27d29
England,E12000002,E08000003,Manchester,MANCH_decb8b5585a0,3bfb9a94981d
England,E12000002,E08000003,Manchester,MANCH_e959d9999307,d8a464d234e5
England,E12000002,E08000003,Manchester,MANCH_f7360d63b8f7,9389db357bf4
England,E12000002,E08000003,Manchester,MANCH_5c01e010a2bb,a91ab71a0fcf
England,E12000002,E08000003,Manchester,MANCH_534927415728,257d0eba71ea
England,E12000002,E08000003,Manchester,MANCH_4ef0c216de63,182895a9371a
England,E12000002,E08000003,Manchester,MANCH_de04100242f4,69504e9b2bd7
England,E12000002,E08000003,Manchester,MANCH_02d5d185948b,49a52c0357d1
England,E12000002,E08000003,Manchester,MANCH_04e572caff91,ab27b8f84f19
England,E12000002,E08000003,Manchester,MANCH_1641b5e5eda6,78bde4c2fa86
England,E12000002,E08000003,Manchester,MANCH_13a55ea7dd75,122e6e2199e7
England,E12000002,E08000003,Manchester,MANCH_832a00043269,1c92585c3ed3
England,E12000002,E08000003,Manchester,MANCH_8b60f950b109,f485f89c6c0c
England,E12000002,E08000003,Manchester,MANCH_d49ffd0d5a30,6d5fbeb1deba
England,E12000002,E08000003,Manchester,MANCH_07f341e05ee7,16c1d432279b
England,E12000002,E08000003,Manchester,MANCH_b20833333a82,902352497b89
England,E12000002,E08000003,Manchester,MANCH_f3755b4f02fc,395712a984f2
England,E12000002,E08000003,Manchester,MANCH_699662cec41f,c61d7941993b
England,E12000002,E08000003,Manchester,MANCH_a0199f8e4e0f,3f90310f6a98
England,E12000002,E08000003,Manchester,MANCH_23004f78305f,68577b7b2bfc
England,E12000002,E08000003,Manchester,MANCH_000c50677683,54e88ce34e81
England,E12000002,E08000003,Manchester,MANCH_4ccaf73120d7,d7c1c8fa054e
England,E12000002,E08000003,Manchester,MANCH_07ae609d6cdc,682a39b8f3cd
England,E12000002,E08000003,Manchester,MANCH_ffbec5ddb729,133cc96af423
England,E12000002,E08000003,Manchester,MANCH_d8f4c05be30e,ea0710ed2cb9
England,E12000002,E08000003,Manchester,MANCH_06502d2c01c8,332156bcfe27
England,E12000002,E08000003,Manchester,MANCH_4a6a0f8fc6bf,c4b9ed9503e6
England,E12000002,E08000003,Manchester,MANCH_c3c75198d7d2,49618af51011
England,E12000002,E08000003,Manchester,MANCH_7ac18a21bb1d,410bbb8cf604
England,E12000002,E08000003,Manchester,MANCH_58500117f5ba,ddffe1626b99
England,E12000002,E08000003,Manchester,MANCH_f451c9659a2e,c62df729ea2a
England,E12000002,E08000003,Manchester,MANCH_a69a295dc3dd,7b8f6101f35b
England,E12000002,E08000003,Manchester,MANCH_8d59e7e61505,09a0d047266b
England,E12000002,E08000003,Manchester,MANCH_156bb325301f,448033c14042
England,E12000002,E08000003,Manchester,MANCH_fe6587a0ce81,201dab3ac40d
England,E12000002,E08000003,Manchester,MANCH_95868bd8d8dc,cf16d6032c36
England,E12000002,E08000003,Manchester,MANCH_fb0563d7ce4c,41abb5d5e634
England,E12000002,E08000003,Manchester,MANCH_0a586074fae7,f483a3090e90
England,E12000002,E08000003,Manchester,MANCH_bc63d8c4aeb9,16e59ac7b49e
England,E12000002,E08000003,Manchester,MANCH_4498d8721e57,1fb893507481
England,E12000002,E08000003,Manchester,MANCH_fca8b3008372,ee782c613d4e
England,E12000002,E08000003,Manchester,MANCH_4e2e9f10e52f,5911aa8ef563
England,E12000002,E08000003,Manchester,MANCH_fd71c7f7380f,b4c9bffbe501
England,E12000002,E08000003,Manchester,MANCH_12df7b5c8dc5,12d3215bf50d
England,E12000002,E08000003,Manchester,MANCH_766adcdb8956,e00f8febcad6
England,E12000002,E08000003,Manchester,MANCH_a5b5db7a0d13,562ded03dc37
England,E12000002,E08000003,Manchester,MANCH_a0ddc4ae6b6d,0936d957b5c8
England,E12000002,E08000003,Manchester,MANCH_f40c5d7cf53a,70979bf11dc3
England,E12000002,E08000003,Manchester,MANCH_0966a350a826,238d8e8ccead
England,E12000002,E08000003,Manchester,MANCH_0160e37cb85b,686bd9b38a6d
England,E12000002,E08000003,Manchester,MANCH_19742d8a100d,76805a318998
England,E12000002,E08000003,Manchester,MANCH_14de276b11b0,7a3f8d25dfce
England,E12000002,E08000003,Manchester,MANCH_0b64dc4d71fc,7ae31e006df2
England,E12000002,E08000003,Manchester,MANCH_0fc9943a551b,f35a5a6c154c
England,E12000002,E08000003,Manchester,MANCH_771e61d6a8f2,eb6ddf516c31
England,E12000002,E08000003,Manchester,MANCH_b0e87e0e6e3b,9f2b30fc0deb
England,E12000002,E08000003,Manchester,MANCH_ad78532e2f13,340581817db5
England,E12000002,E08000003,Manchester,MANCH_f3f7a1aa74db,62d8258a5c89
England,E12000002,E08000003,Manchester,MANCH_ce05cfa73150,98173c47eb1a
England,E12000002,E08000003,Manchester,MANCH_1d0ee1ccf36f,2db395a0a930
England,E12000002,E08000003,Manchester,MANCH_eea52192547b,0316b48a3bcf
England,E12000002,E08000003,Manchester,MANCH_bdef36784139,606096d85ab6
England,E12000002,E08000003,Manchester,MANCH_bbe87c3c7b82,c353ae96c400
England,E12000002,E08000003,Manchester,MANCH_1867680d9f99,de4bf21e894d
England,E12000002,E08000003,Manchester,MANCH_9527c834cc9b,1de1037448de
England,E12000002,E08000003,Manchester,MANCH_c8a363a73a52,668632fbb40b
England,E12000002,E08000003,Manchester,MANCH_c8f978940f15,5467e36cf0cf
England,E12000002,E08000003,Manchester,MANCH_cc5e272533f3,c7b9b3a82e4e
England,E12000002,E08000003,Manchester,MANCH_f2c7c8e8b41a,3c13b0174849
England,E12000002,E08000003,Manchester,MANCH_c8537cbe7b1a,d14c5d1593a1
England,E12000002,E08000003,Manchester,MANCH_73ad66054770,14e9a4acacf1
England,E12000002,E08000003,Manchester,MANCH_376f359bfc99,fe98b0722832
England,E12000002,E08000003,Manchester,MANCH_e52e1f03f1ba,ab0eb612b60b
England,E12000002,E08000003,Manchester,MANCH_dc4dae42cf5f,ebce66d925b6
England,E12000002,E08000003,Manchester,MANCH_2f75dcc9e8b5,f1df264f8d71
England,E12000002,E08000003,Manchester,MANCH_29c04a76801d,30c7b601b28c
England,E12000002,E08000003,Manchester,MANCH_a1b5de93be9f,78dee0db9665
England,E12000002,E08000003,Manchester,MANCH_b9dd921b46c0,6a4dea14240c
England,E12000002,E08000003,Manchester,MANCH_83e769f1c6c2,2e22672cace1
England,E12000002,E08000003,Manchester,MANCH_94fbebdcf10c,2edf72ea3279
England,E12000002,E08000003,Manchester,MANCH_a68c793a685c,ba8061cb64e5
England,E12000002,E08000003,Manchester,MANCH_5f95d522c868,7ea0d94429a6
England,E12000002,E08000003,Manchester,MANCH_8bf6fc368ca0,51499750f88a
England,E12000002,E08000003,Manchester,MANCH_c68cb9961628,21217e06232d
England,E12000002,E08000003,Manchester,MANCH_a141224ca73d,38ecaad03942
England,E12000002,E08000003,Manchester,MANCH_be24c8db7dbd,d8ea5b782276
England,E12000002,E08000003,Manchester,MANCH_0888641b4040,dd9e7fb67e34
England,E12000002,E08000003,Manchester,MANCH_84ecc4826b8c,1283ef1bbc5b
England,E12000002,E08000003,Manchester,MANCH_c8d2510ccc74,3eb5d467402e
England,E12000002,E08000003,Manchester,MANCH_7fcb1dbe5199,00dff8368269
England,E12000002,E08000003,Manchester,MANCH_f62cae73f2d5,80a2db6b4b83
England,E12000002,E08000003,Manchester,MANCH_fa56eb8738b6,b1f484cc3575
England,E12000002,E08000003,Manchester,MANCH_1dd56c874869,466631d463f1
England,E12000002,E08000003,Manchester,MANCH_57b55846a7a5,aca1e44dc80e
England,E12000002,E08000003,Manchester,MANCH_dedc70dee633,7aff1fec6181
England,E12000002,E08000003,Manchester,MANCH_4ef1831bf55c,fb1e0a56e8b7
England,E12000002,E08000003,Manchester,MANCH_5b38d50493b1,9170bd266882
England,E12000002,E08000003,Manchester,MANCH_fde2aad9d478,6b791b582c26
England,E12000002,E08000003,Manchester,MANCH_1625c383aa1e,4615f483372c
England,E12000002,E08000003,Manchester,MANCH_8e450f7dc887,13dfa3282ee3
England,E12000002,E08000003,Manchester,MANCH_46e9fae4928a,6e6c09a84117
England,E12000002,E08000003,Manchester,MANCH_cd9eb61f2321,ddb12b5c3e55
England,E12000002,E08000003,Manchester,MANCH_d552220ac5d5,42308840dd67
England,E12000002,E08000003,Manchester,MANCH_f5aa3f1e2b28,b88d64959ba6
England,E12000002,E08000003,Manchester,MANCH_73aabef9d5bf,6a841d031aba
England,E12000002,E08000003,Manchester,MANCH_c0a8a90e0122,eca0dc34d62f
England,E12000002,E08000003,Manchester,MANCH_f25e472fa345,3042fe4da843
England,E12000002,E08000003,Manchester,MANCH_65cb1c66bdbe,db8ca4910230
England,E12000002,E08000003,Manchester,MANCH_6a5fa245699a,5d02794f0169
England,E12000002,E08000003,Manchester,MANCH_2f349a9b552f,ff307141270f
England,E12000002,E08000003,Manchester,MANCH_1bc897514a83,c49770623c38
England,E12000002,E08000003,Manchester,MANCH_5403d2db1ffb,5579a976b24a
England,E12000002,E08000003,Manchester,MANCH_5371c9592b19,7a8265ba086c
England,E12000002,E08000003,Manchester,MANCH_e09e6c81b13d,15aad5494419
England,E12000002,E08000003,Manchester,MANCH_08a0357fbdfc,eafee41c8517
England,E12000002,E08000003,Manchester,MANCH_28c0b2d67581,d2c5998bfe95
England,E12000002,E08000003,Manchester,MANCH_0562df94540d,279a649395d6
England,E12000002,E08000003,Manchester,MANCH_707223785a6d,b6e424fddb43
England,E12000002,E08000003,Manchester,MANCH_b9d21259b059,0a7230f9b1b0
England,E12000002,E08000003,Manchester,MANCH_0c29d776e6a2,70acb13e33d6
England,E12000002,E08000003,Manchester,MANCH_b5bdf904ea94,c844d3a320dc
England,E12000002,E08000003,Manchester,MANCH_088e4ab3f460,c50002b1b070
England,E12000002,E08000003,Manchester,MANCH_79dc97dae0d1,b4c6bbf456bb
England,E12000002,E08000003,Manchester,MANCH_284837759cff,32fa1e8b26b4
England,E12000002,E08000003,Manchester,MANCH_10f61432f803,5c7841f2ba9a
England,E12000002,E08000003,Manchester,MANCH_1448e03861af,dd3a2a812a7a
England,E12000002,E08000003,Manchester,MANCH_c55c61f8dd26,78c07059a935
England,E12000002,E08000003,Manchester,MANCH_8598cc669309,e303e581950a
England,E12000002,E08000003,Manchester,MANCH_66e3255781f3,0ff99d707c20
England,E12000002,E08000003,Manchester,MANCH_75305699fc5d,48e20cd40918
England,E12000002,E08000003,Manchester,MANCH_a33f2342b63f,ea67b2255d02
England,E12000002,E08000003,Manchester,MANCH_314eaa9faafa,b43c6f41bd5d
England,E12000002,E08000003,Manchester,MANCH_d99a5bdc7590,ecfeb7158fed
England,E12000002,E08000003,Manchester,MANCH_11d281435379,bd3c4c4b362b
England,E12000002,E08000003,Manchester,MANCH_2ccef1e42119,63768d850c67
England,E12000002,E08000003,Manchester,MANCH_d82e6ceb8b34,dddd34fbf623
England,E12000002,E08000003,Manchester,MANCH_6eea5a5c1ed0,297fe9ffb9f8
England,E12000002,E08000003,Manchester,MANCH_453b2dc1515f,b346a3c7404b
England,E12000002,E08000003,Manchester,MANCH_1e75e6b48588,d22c28e1fd06
England,E12000002,E08000003,Manchester,MANCH_5199ab865f6e,54779892ff4b
England,E12000002,E08000003,Manchester,MANCH_21ca2b12cda7,db0caefdf634
England,E12000002,E08000003,Manchester,MANCH_c39145c4a67a,1f7d8bb57c07
England,E12000002,E08000003,Manchester,MANCH_e1ca424155a5,a6cf1639f4c1
England,E12000002,E08000003,Manchester,MANCH_d1dd46de3bfa,8c4c3f735f3f
England,E12000002,E08000003,Manchester,MANCH_966448bd7b45,bcfbd8a3cd2e
England,E12000002,E08000003,Manchester,MANCH_6060999a589b,968f2394dde9
England,E12000002,E08000003,Manchester,MANCH_e0eaa2cb1cb6,3b1a2e927a64
England,E12000002,E08000003,Manchester,MANCH_8a26a8adabc4,b30c98308708
England,E12000002,E08000003,Manchester,MANCH_e5d82e70f6e2,542d0db7f4cd
England,E12000002,E08000003,Manchester,MANCH_1f176312d4de,6f03c2313f3a
England,E12000002,E08000003,Manchester,MANCH_d4ba84a453e5,8a718e894f85
England,E12000002,E08000003,Manchester,MANCH_e5b3df8b044e,f328582ef83a
England,E12000002,E08000003,Manchester,MANCH_854926088af3,a4fb70b176fb
England,E12000002,E08000003,Manchester,MANCH_60135606c0a2,2386a72c8f31
England,E12000002,E08000003,Manchester,MANCH_1e6952e33bb1,6eec0e4b66d4
England,E12000002,E08000003,Manchester,MANCH_a2e2fc06d5a2,3130cb9da745
England,E12000002,E08000003,Manchester,MANCH_3a34ff67118f,e1287ad631f8
England,E12000002,E08000003,Manchester,MANCH_b49c02a9e89b,497e8a9242c3
England,E12000002,E08000003,Manchester,MANCH_70cc0b7cf8f6,c989e0cc3923
England,E12000002,E08000003,Manchester,MANCH_21cb4e9550ce,9a186775b3da
England,E12000002,E08000003,Manchester,MANCH_906e6912e6b8,609350a6b2f0
England,E12000002,E08000003,Manchester,MANCH_1edb726ef79c,d69208d415c1
England,E12000002,E08000003,Manchester,MANCH_a0bd279b8771,b4d23a6b5321
England,E12000002,E08000003,Manchester,MANCH_aab3fd59d563,792932dc7f1d
England,E12000002,E08000003,Manchester,MANCH_40c8cf5e2f54,f8f259ca9384
England,E12000002,E08000003,Manchester,MANCH_2da5bf30f761,c92ddc317a47
England,E12000002,E08000003,Manchester,MANCH_08f7fdeb1934,3e3e5bb84c1d
England,E12000002,E08000003,Manchester,MANCH_a7717cae6ac6,5c8e59b91b68
England,E12000002,E08000003,Manchester,MANCH_767ae6a5ef9b,f3442270381c
England,E12000002,E08000003,Manchester,MANCH_4f2e99924c1a,ce1247ae2843
England,E12000002,E08000003,Manchester,MANCH_6233e34213c8,9ffff7b005ae
England,E12000002,E08000003,Manchester,MANCH_a4a5bdbfabd3,388ea0af8ff2
England,E12000002,E08000003,Manchester,MANCH_2d7930a6cb3f,a697d662f253
England,E12000002,E08000003,Manchester,MANCH_21657c2e956a,2f5766e172f4
England,E12000002,E08000003,Manchester,MANCH_099e59ac0f54,6a233b8b5904
England,E12000002,E08000003,Manchester,MANCH_a630cdbffbf4,df60352581a4
England,E12000002,E08000003,Manchester,MANCH_d9e5250b4e8e,4912a128f27f
England,E12000002,E08000003,Manchester,MANCH_4789bfd85d7e,6eb476aa4b78
England,E12000002,E08000003,Manchester,MANCH_0383013573b4,b169283b791d
England,E12000002,E08000003,Manchester,MANCH_1f1b89d01f1a,de3e205815bd
England,E12000002,E08000003,Manchester,MANCH_92f724d7d4c1,140f36268be5
England,E12000002,E08000003,Manchester,MANCH_c5ecb3a2bb39,e0730cfd0236
England,E12000002,E08000003,Manchester,MANCH_aadd882b0e20,138d452f00b2
England,E12000002,E08000003,Manchester,MANCH_7d047aed0edf,6ac82f3c399f
England,E12000002,E08000003,Manchester,MANCH_bee25a3d19dd,e9cb0437a1a1
England,E12000002,E08000003,Manchester,MANCH_b9e63bf54169,a7cb5e00666a
England,E12000002,E08000003,Manchester,MANCH_4f111406c897,7c004213972d
England,E12000002,E08000003,Manchester,MANCH_acb0d49d08f9,f48043a140e3
England,E12000002,E08000003,Manchester,MANCH_f26f4c621805,e9a075bd3fb6
England,E12000002,E08000003,Manchester,MANCH_3c407408c2ab,60397eba4091
England,E12000002,E08000003,Manchester,MANCH_7ea987fe25b3,d73f03ede5d6
England,E12000002,E08000003,Manchester,MANCH_69eee1bd32df,d3ebceb19ed7
England,E12000002,E08000003,Manchester,MANCH_1c0102da9ae5,6d46eba4b205
England,E12000002,E08000003,Manchester,MANCH_463e15f66739,2ce143d62a48
England,E12000002,E08000003,Manchester,MANCH_ad0d538bc785,11aff1457d70
England,E12000002,E08000003,Manchester,MANCH_4421d1a56f95,e364440bceb0
England,E12000002,E08000003,Manchester,MANCH_f1029f18a4c7,881f715b3e90
England,E12000002,E08000003,Manchester,MANCH_2bfb4d182d47,d47afb45777b
England,E12000002,E08000003,Manchester,MANCH_118c9402bf05,52456d41a9c0
England,E12000002,E08000003,Manchester,MANCH_97ceb7f8578f,5135bb1a4903
England,E12000002,E08000003,Manchester,MANCH_d5bbea7921c3,49403ae5a708
England,E12000002,E08000003,Manchester,MANCH_9438539d101b,dfb947485c44
England,E12000002,E08000003,Manchester,MANCH_06056451349f,e60275c994bd
England,E12000002,E08000003,Manchester,MANCH_367a41d022ac,3b72332f1e22
England,E12000002,E08000003,Manchester,MANCH_868bb41079c9,9615e5ac4a81
England,E12000002,E08000003,Manchester,MANCH_d2aa873a5dd4,45dd0d1da5c5
England,E12000002,E08000003,Manchester,MANCH_6359fdb10fbf,7364d1feb6e6
England,E12000002,E08000003,Manchester,MANCH_4379f56aece8,dde8b5b25c1d
England,E12000002,E08000003,Manchester,MANCH_72b3a8629139,dbe0aeb30d87
England,E12000002,E08000003,Manchester,MANCH_089c524fb6b6,c7bb852237c0
England,E12000002,E08000003,Manchester,MANCH_5745d2d3a9b6,8c0719205db5
England,E12000002,E08000003,Manchester,MANCH_f34679f04a06,ba87b2116267
England,E12000002,E08000003,Manchester,MANCH_9caa5e0542a3,466fe3b70f13
England,E12000002,E08000003,Manchester,MANCH_8406020564e3,bf60cb68ac4b
England,E12000002,E08000003,Manchester,MANCH_5d2dc9f78292,5290aea28aae
England,E12000002,E08000003,Manchester,MANCH_21888f7d8c52,42bfa93d07fe
England,E12000002,E08000003,Manchester,MANCH_656b80fd387a,f41ac54dbf6a
England,E12000002,E08000003,Manchester,MANCH_91313505d7e0,eee999291a3b
England,E12000002,E08000003,Manchester,MANCH_1228cac03c26,f714c6be1678
England,E12000002,E08000003,Manchester,MANCH_4bdd1bad3879,edb6def42c95
England,E12000002,E08000003,Manchester,MANCH_7e2df54db98f,f9f8457f7931
England,E12000002,E08000003,Manchester,MANCH_5b7b4616308c,0ddb2226ac2a
England,E12000002,E08000003,Manchester,MANCH_a637018b5899,f7df85542d76
England,E12000002,E08000003,Manchester,MANCH_ad60912c2ea0,55352daa290d
England,E12000002,E08000003,Manchester,MANCH_ffdcf1ed115b,91b3d92eb6a1
England,E12000002,E08000003,Manchester,MANCH_9c6d32521f5d,4a8bacc0ae69
England,E12000002,E08000003,Manchester,MANCH_186a3e39de2a,466f32730576
England,E12000002,E08000003,Manchester,MANCH_75981036c606,02476b4941f1
England,E12000002,E08000003,Manchester,MANCH_afcc3b220eec,910633707cb6
England,E12000002,E08000003,Manchester,MANCH_214e0b235021,01713481875d
England,E12000002,E08000003,Manchester,MANCH_7394397d196c,243b13e32498
England,E12000002,E08000003,Manchester,MANCH_6413fc7b418e,824276611cc3
England,E12000002,E08000003,Manchester,MANCH_a6be0b32c6d8,2f7e42bcff2d
England,E12000002,E08000003,Manchester,MANCH_66b1ab8bee75,0f6e70298ab1
England,E12000002,E08000003,Manchester,MANCH_6b372f72c3e5,8cd8ea541a49
England,E12000002,E08000003,Manchester,MANCH_d6c48fac6745,4b12b79d87d9
England,E12000002,E08000003,Manchester,MANCH_28ca065836c1,b8eab4c12e75
England,E12000002,E08000003,Manchester,MANCH_cbd4a746e7cf,829e02429a1e
England,E12000002,E08000003,Manchester,MANCH_c4fc4b8151bb,3a4c0cda7390
England,E12000002,E08000003,Manchester,MANCH_4d12833d137e,599b5bba22a8
England,E12000002,E08000003,Manchester,MANCH_9ad6d0ceb519,6d11f3762797
England,E12000002,E08000003,Manchester,MANCH_9263498fd2f5,34ff59715bb4
England,E12000002,E08000003,Manchester,MANCH_47f9ba0e3ea3,ab9c9b07b546
England,E12000002,E08000003,Manchester,MANCH_0c9ff51ffd57,3dbf184be68b
England,E12000002,E08000003,Manchester,MANCH_b5c38dce9b7e,9abd7586485d
England,E12000002,E08000003,Manchester,MANCH_d8b8e7430027,eb41c04fa037
England,E12000002,E08000003,Manchester,MANCH_23edc9239f53,a1012632917b
England,E12000002,E08000003,Manchester,MANCH_ef76de2fc65c,87696c744472
England,E12000002,E08000003,Manchester,MANCH_f3bfafeeb163,6933d3cd8290
England,E12000002,E08000003,Manchester,MANCH_27ad4d8fc699,2571736dd9ae
England,E12000002,E08000003,Manchester,MANCH_911808ab6aee,b3d04256bd8c
England,E12000002,E08000003,Manchester,MANCH_82ddba9d317f,0b690e5d2f89
England,E12000002,E08000003,Manchester,MANCH_6bab73b90b34,3b27f9453d19
England,E12000002,E08000003,Manchester,MANCH_7d43b97df513,93a796fd9a18
England,E12000002,E08000003,Manchester,MANCH_231c25db731a,63bd002b2dcf
England,E12000002,E08000003,Manchester,MANCH_574f484ec7eb,5d4359b40b06
England,E12000002,E08000003,Manchester,MANCH_af4ccafa4dc6,cffabc5b4ae7
England,E12000002,E08000003,Manchester,MANCH_d889fa519309,579dfb91d7d7
England,E12000002,E08000003,Manchester,MANCH_41317edb31fc,06791b1dcafb
England,E12000002,E08000003,Manchester,MANCH_95070f52b0d8,08c87ecbde1b
England,E12000002,E08000003,Manchester,MANCH_d3f4a5132b69,7866ceb7b978
England,E12000002,E08000003,Manchester,MANCH_cd667e8dbf44,d74033264d24
England,E12000002,E08000003,Manchester,MANCH_e6527f274758,0967adb48ba0
England,E12000002,E08000003,Manchester,MANCH_64e73581e6d2,1dbad70d20cb
England,E12000002,E08000003,Manchester,MANCH_8b62f84d549c,35d875c1fd5b
England,E12000002,E08000003,Manchester,MANCH_b613ef13959c,99e900dd8adc
England,E12000002,E08000003,Manchester,MANCH_3abfcbeeea3e,25e08e971641
England,E12000002,E08000003,Manchester,MANCH_b482e82aa787,04a5dffbcfe3
England,E12000002,E08000003,Manchester,MANCH_ecb8e59803d1,7b8b2c227e78
England,E12000002,E08000003,Manchester,MANCH_e6ac6192c470,cb5c262e6067
England,E12000002,E08000003,Manchester,MANCH_127dfe87df27,b3480502e2de
England,E12000002,E08000003,Manchester,MANCH_cec9a87edfc2,ff11ef46b794
England,E12000002,E08000003,Manchester,MANCH_2a5ac3bf5200,d0a9118f590b
England,E12000002,E08000003,Manchester,MANCH_ef487fb36f0d,a9a08d62f3be
England,E12000002,E08000003,Manchester,MANCH_249c6902a0fb,c7f9184828c6
England,E12000002,E08000003,Manchester,MANCH_f6f90716ea5c,da9b7d2d1f90
England,E12000002,E08000003,Manchester,MANCH_8c43a082b214,c8bd5ae3ea60
England,E12000002,E08000003,Manchester,MANCH_a612fb86a8ff,476ef2c98cbe
England,E12000002,E08000003,Manchester,MANCH_fce5d834454f,e36a589a5e87
England,E12000002,E08000003,Manchester,MANCH_3b4e58c7e890,445af96ec457
England,E12000002,E08000003,Manchester,MANCH_aefdec53e43a,968fcffd8d51
England,E12000002,E08000003,Manchester,MANCH_92a3ad6e19c7,eaf94adac1b3
England,E12000002,E08000003,Manchester,MANCH_8493637d5305,a113052ce433
England,E12000002,E08000003,Manchester,MANCH_3f9ff1805b26,70d9c7149dcf
England,E12000002,E08000003,Manchester,MANCH_c95d82ef7d2f,d85db51cebdb
England,E12000002,E08000003,Manchester,MANCH_b8c3ea69316f,6275a88a8f79
England,E12000002,E08000003,Manchester,MANCH_313482bcbec5,2791716aaee1
England,E12000002,E08000003,Manchester,MANCH_8d1521eee813,e48292f09de5
England,E12000002,E08000003,Manchester,MANCH_28f27b6052ee,6a1c1115633a
England,E12000002,E08000003,Manchester,MANCH_00dbbe46e2f8,28090f667c78
England,E12000002,E08000003,Manchester,MANCH_a4e297fd1c30,60dbd51eb4cc
England,E12000002,E08000003,Manchester,MANCH_0f11b1099439,4c6e2d0d5cf4
England,E12000002,E08000003,Manchester,MANCH_c7596aba5c08,559678a32e63
England,E12000002,E08000003,Manchester,MANCH_77a77527afb5,e93b1513f250
England,E12000002,E08000003,Manchester,MANCH_2f0eafa9b980,b8a3f4ad2480
England,E12000002,E08000003,Manchester,MANCH_329737eef039,4c5c8b1cc402
England,E12000002,E08000003,Manchester,MANCH_4e7897822fac,75090b53642d
England,E12000002,E08000003,Manchester,MANCH_da4e86987470,d468cd4407e1
England,E12000002,E08000003,Manchester,MANCH_ddfc22f7afd0,f800ddf87c61
England,E12000002,E08000003,Manchester,MANCH_adcdc6adc0de,504df384c698
England,E12000002,E08000003,Manchester,MANCH_074f314b3abd,1df07ca23a46
England,E12000002,E08000003,Manchester,MANCH_31b1518c45a9,f5ad0b5a9669
England,E12000002,E08000003,Manchester,MANCH_32b15a87a27a,34c0ecdfcdcc
England,E12000002,E08000003,Manchester,MANCH_1834d8c4f955,c167c81f228b
England,E12000002,E08000003,Manchester,MANCH_0356a13e38cc,4a208a0bc5c6
England,E12000002,E08000003,Manchester,MANCH_a7fd5e0271fc,9713a096f484
England,E12000002,E08000003,Manchester,MANCH_bbe60035573f,9b553d8e5e7c
England,E12000002,E08000003,Manchester,MANCH_6a930210da05,602cbb2dda2f
England,E12000002,E08000003,Manchester,MANCH_f05c4e2d75bd,d3113d2273a1
England,E12000002,E08000003,Manchester,MANCH_75cc38dea57f,23d75a995934
England,E12000002,E08000003,Manchester,MANCH_093027864e1c,630e3e3c373a
England,E12000002,E08000003,Manchester,MANCH_969f8eadd456,f9d32a5f6cbb
England,E12000002,E08000003,Manchester,MANCH_397e2c988002,9fa53a403470
England,E12000002,E08000003,Manchester,MANCH_62d6ffa77e99,a23c9ec66bb2
England,E12000002,E08000003,Manchester,MANCH_50ac939a7833,a3165456b4d0
England,E12000002,E08000003,Manchester,MANCH_ec92e49e6e08,2d494fb5cf9b
England,E12000002,E08000003,Manchester,MANCH_a6dbbe15cefe,77a06249789f
England,E12000002,E08000003,Manchester,MANCH_bc9fe8d07bc2,b109b33d2e66
England,E12000002,E08000003,Manchester,MANCH_3b6fae9055f9,be997cebddd3
England,E12000002,E08000003,Manchester,MANCH_b590b390f02b,881a05c029c7
England,E12000002,E08000003,Manchester,MANCH_df3b915a2c26,f60d1bdcb3e6
England,E12000002,E08000003,Manchester,MANCH_715c6668e350,c743d39e4514
England,E12000002,E08000003,Manchester,MANCH_99e7190faf01,78671894c174
England,E12000002,E08000003,Manchester,MANCH_74b337d034c0,4d089d2ee8ec
England,E12000002,E08000003,Manchester,MANCH_e6e8b43523d7,641c4194d8c8
England,E12000002,E08000003,Manchester,MANCH_d834dc672bc0,3d38af6eeb1f
England,E12000002,E08000003,Manchester,MANCH_5ddab2006e54,99eb1cc92770
England,E12000002,E08000003,Manchester,MANCH_9112f2ed695a,c60ad4c59e03
England,E12000002,E08000003,Manchester,MANCH_671da951b76a,46bfab3e49a0
England,E12000002,E08000003,Manchester,MANCH_6aa0e9b75735,f5a45ace5696
England,E12000002,E08000003,Manchester,MANCH_0d7c98d307d9,0f46a4837288
England,E12000002,E08000003,Manchester,MANCH_02114b8e63ca,2b42b4452979
England,E12000002,E08000003,Manchester,MANCH_908209fae373,43598aa14607
England,E12000002,E08000003,Manchester,MANCH_dbb954583b34,8399cd324500
England,E12000002,E08000003,Manchester,MANCH_0bc8baf2c37e,cede39c24b00
England,E12000002,E08000003,Manchester,MANCH_3bf431aa95f9,c3140fa49bb9
England,E12000002,E08000003,Manchester,MANCH_61f4ea3cee27,f83860fe1c88
England,E12000002,E08000003,Manchester,MANCH_111e4d24aa9e,10c397046b3b
England,E12000002,E08000003,Manchester,MANCH_296e947f6e11,ab2e4c8d8d39
England,E12000002,E08000003,Manchester,MANCH_486b84ae2b6c,48775a1b7da7
England,E12000002,E08000003,Manchester,MANCH_27908dd28b95,3c24da8040d6
England,E12000002,E08000003,Manchester,MANCH_54558697a8b4,1f53ca56b8a7
England,E12000002,E08000003,Manchester,MANCH_2dbf1f59a012,d37c2094df7c
England,E12000002,E08000003,Manchester,MANCH_66f65eb5ed50,c38e13a864c6
England,E12000002,E08000003,Manchester,MANCH_82ec65d0b1b0,a0af5a9b7c5f
England,E12000002,E08000003,Manchester,MANCH_53d2b921fb91,6f107adc9e1f
England,E12000002,E08000003,Manchester,MANCH_3ff996c73a85,1b5055679498
England,E12000002,E08000003,Manchester,MANCH_f78e3f177526,60ba26c36007
England,E12000002,E08000003,Manchester,MANCH_05e5d9cbc766,8b809bb5bf74
England,E12000002,E08000003,Manchester,MANCH_1c6db0830872,0502c628c5d2
England,E12000002,E08000003,Manchester,MANCH_f786236dd458,5ee2d5abff03
England,E12000002,E08000003,Manchester,MANCH_b3db83610f1c,6e33f0c92995
England,E12000002,E08000003,Manchester,MANCH_2c6bd0fa1547,26ca0e1362e8
England,E12000002,E08000003,Manchester,MANCH_fc3eb0ab4a00,041d9398e611
England,E12000002,E08000003,Manchester,MANCH_326d641d807e,9ea56a39560e
England,E12000002,E08000003,Manchester,MANCH_f3dade882f49,1f61d410bbb7
England,E12000002,E08000003,Manchester,MANCH_f1947e05eda4,6b661b5d6a40
England,E12000002,E08000003,Manchester,MANCH_95f823989de1,feb54f0927a3
England,E12000002,E08000003,Manchester,MANCH_58049f9ff1c0,7b4b39bd683e
England,E12000002,E08000003,Manchester,MANCH_03b4acecf8cb,cd45a2db5603
England,E12000002,E08000003,Manchester,MANCH_b4bfd2648108,9cef96b2e6a7
England,E12000002,E08000003,Manchester,MANCH_7589b20d4875,b75847b8fcca
England,E12000002,E08000003,Manchester,MANCH_bae4bbe92ea4,3f6c766aaf04
England,E12000002,E08000003,Manchester,MANCH_183a4adc3124,16939d3f9b16
England,E12000002,E08000003,Manchester,MANCH_1b680a36f23d,f192e5b7fda2
England,E12000002,E08000003,Manchester,MANCH_4c2cf6993d7b,f8357713cbe1
England,E12000002,E08000003,Manchester,MANCH_99828581f80e,41d2af4418cc
England,E12000002,E08000003,Manchester,MANCH_ad360a58d906,da82c59ee9ed
England,E12000002,E08000003,Manchester,MANCH_a4b873cb91bd,13f3cc02d442
England,E12000002,E08000003,Manchester,MANCH_f221f19f7ef0,28ecda65e3a1
England,E12000002,E08000003,Manchester,MANCH_4da206ac123d,a8c1ab1c3fa1
England,E12000002,E08000003,Manchester,MANCH_048fa3e4ee1a,88203115ea09
England,E12000002,E08000003,Manchester,MANCH_0fa524427e2e,b8cccaa2b7d9
England,E12000002,E08000003,Manchester,MANCH_ef0e5fdd3f6e,6e3d7b56b0c1
England,E12000002,E08000003,Manchester,MANCH_129e13118449,2d5bf795ff7a
England,E12000002,E08000003,Manchester,MANCH_2e0a6ae73d44,d31627209520
England,E12000002,E08000003,Manchester,MANCH_3b23c11f3e60,bd71b0f299a7
England,E12000002,E08000003,Manchester,MANCH_9eabffd3a0fa,c782a243bcdf
England,E12000002,E08000003,Manchester,MANCH_ace192f24a0f,9a9104342afa
England,E12000002,E08000003,Manchester,MANCH_fdd1cbaa3b35,533c50e72323
England,E12000002,E08000003,Manchester,MANCH_cf82491dc5fc,95dbcea29b90
England,E12000002,E08000003,Manchester,MANCH_c08f015a94f5,ef8303528afd
England,E12000002,E08000003,Manchester,MANCH_2b930f14b148,714cbc52c474
England,E12000002,E08000003,Manchester,MANCH_1cb45e0acfca,961cc1e19683
England,E12000002,E08000003,Manchester,MANCH_13634c824525,47ddb0a5a2a2
England,E12000002,E08000003,Manchester,MANCH_af75af33ddff,84779bb37cbe
England,E12000002,E08000003,Manchester,MANCH_04a7048c12f3,5b840e314a95
England,E12000002,E08000003,Manchester,MANCH_8b415e827005,03af476c9461
England,E12000002,E08000003,Manchester,MANCH_8cc16e87bd97,80f8f026a0e2
England,E12000002,E08000003,Manchester,MANCH_116049084f9b,4ff0325b446a
England,E12000002,E08000003,Manchester,MANCH_930d59dde494,48780e9ce406
England,E12000002,E08000003,Manchester,MANCH_e50173070b46,c640b98f2927
England,E12000002,E08000003,Manchester,MANCH_6d641f56dc86,a8afa98d80e1
England,E12000002,E08000003,Manchester,MANCH_182918359642,f2700499673e
England,E12000002,E08000003,Manchester,MANCH_d3d5620dc2a4,fe41540902ce
England,E12000002,E08000003,Manchester,MANCH_2a3f3ae4990d,2527a99d1484
England,E12000002,E08000003,Manchester,MANCH_2da065008dec,581c2f232239
England,E12000002,E08000003,Manchester,MANCH_38b48c2cf649,33691665d5f2
England,E12000002,E08000003,Manchester,MANCH_cbbaee388468,b5762f7f4821
England,E12000002,E08000003,Manchester,MANCH_5b352ece516d,7631e06413f5
England,E12000002,E08000003,Manchester,MANCH_15766d4ac6bb,11df66fe4bba
England,E12000002,E08000003,Manchester,MANCH_f1ed572d838e,4b01b84e4406
England,E12000002,E08000003,Manchester,MANCH_04e1207c7e23,faaf2791bef9
England,E12000002,E08000003,Manchester,MANCH_b4125022f48f,90e093932962
England,E12000002,E08000003,Manchester,MANCH_f7fdaaac5b2d,788978b26a2c
England,E12000002,E08000003,Manchester,MANCH_702801637a2a,716faa5bf603
England,E12000002,E08000003,Manchester,MANCH_5a7467b339c3,55d978225dab
England,E12000002,E08000003,Manchester,MANCH_75a5d43ce78f,0c51e255db49
England,E12000002,E08000003,Manchester,MANCH_41afcd408987,773e73084010
England,E12000002,E08000003,Manchester,MANCH_64ac787c1f9b,4f077ce0c575
England,E12000002,E08000003,Manchester,MANCH_36bca34ec794,1cdcd12ea1af
England,E12000002,E08000003,Manchester,MANCH_fc759922544a,7dd26b030e1f
England,E12000002,E08000003,Manchester,MANCH_6c9936d2865d,0dbb7adbbd88
England,E12000002,E08000003,Manchester,MANCH_ec8dbf6ea51c,0b26506ff1db
England,E12000002,E08000003,Manchester,MANCH_93872b30b348,a19267a78285
England,E12000002,E08000003,Manchester,MANCH_9d9f001b0e09,1c7de3ab679c
England,E12000002,E08000003,Manchester,MANCH_e46450f7eb37,cee73c40694f
England,E12000002,E08000003,Manchester,MANCH_9b40e9bc1075,5eaf856271de
England,E12000002,E08000003,Manchester,MANCH_a81eeac9323d,c9523ee945a2
England,E12000002,E08000003,Manchester,MANCH_7d8880ec6847,d61a57d246b1
England,E12000002,E08000003,Manchester,MANCH_145748d741d7,9e47038402c5
England,E12000002,E08000003,Manchester,MANCH_467c043789fb,40ca3ec46cc4
England,E12000002,E08000003,Manchester,MANCH_78b99f0bae99,6e098d4eba59
England,E12000002,E08000003,Manchester,MANCH_42f04da4064e,aefdadbb17d4
England,E12000002,E08000003,Manchester,MANCH_df1b03a935c4,ed872198f28b
England,E12000002,E08000003,Manchester,MANCH_259910ea92b5,c185e4033e79
England,E12000002,E08000003,Manchester,MANCH_3ce5037715b2,9eaf4bbc86e1
England,E12000002,E08000003,Manchester,MANCH_8a6b027d661a,e011f229796f
England,E12000002,E08000003,Manchester,MANCH_364ac19f24df,7bc9e4345a2a
England,E12000002,E08000003,Manchester,MANCH_764fdca29c8e,9705cc0ce644
England,E12000002,E08000003,Manchester,MANCH_320d1fbbbf4c,f3c74fdf7d44
England,E12000002,E08000003,Manchester,MANCH_9db49311ec98,2b25f1e869c0
England,E12000002,E08000003,Manchester,MANCH_aae66e1e2b50,c24edf2b6cb6
England,E12000002,E08000003,Manchester,MANCH_bd16f4d1e6b3,8760a74234e9
England,E12000002,E08000003,Manchester,MANCH_76d115c555ba,bb58560eea11
England,E12000002,E08000003,Manchester,MANCH_7ca64d66b68d,9584b772c5b6
England,E12000002,E08000003,Manchester,MANCH_97cca866a2ea,42018444e8dd
England,E12000002,E08000003,Manchester,MANCH_9e986aae44fd,25329ab16697
England,E12000002,E08000003,Manchester,MANCH_2d3b1c1e3a73,74105b097f76
England,E12000002,E08000003,Manchester,MANCH_3d158ddbae4c,26efb80e9a6a
England,E12000002,E08000003,Manchester,MANCH_46b8c7084983,7da4086f623c
England,E12000002,E08000003,Manchester,MANCH_addcf2f1532c,0c959479f7e9
England,E12000002,E08000003,Manchester,MANCH_4fb408d3549f,4e20e88049a1
England,E12000002,E08000003,Manchester,MANCH_7d7f80668590,807b7971ba22
England,E12000002,E08000003,Manchester,MANCH_98e3a7093722,bdc2d9ed4399
England,E12000002,E08000003,Manchester,MANCH_785164133a32,72bc778969c8
England,E12000002,E08000003,Manchester,MANCH_3837e4e6f7e9,e6bc8a7d0581
England,E12000002,E08000003,Manchester,MANCH_2996c8a2ced4,043d45f96a33
England,E12000002,E08000003,Manchester,MANCH_e3a3a014dc31,900e6a030d24
England,E12000002,E08000003,Manchester,MANCH_39264c99073c,2bf5803e2083
England,E12000002,E08000003,Manchester,MANCH_a18d638de721,b8056586c8ac
England,E12000002,E08000003,Manchester,MANCH_eaeb62531061,b27e2cb35fda
England,E12000002,E08000003,Manchester,MANCH_8c9885d68980,1f6a0237b6cf
England,E12000002,E08000003,Manchester,MANCH_c33805437837,f9d62f0071e9
England,E12000002,E08000003,Manchester,MANCH_40147eb7bcb5,9ed27d315bde
England,E12000002,E08000003,Manchester,MANCH_558516f4ed59,1b9d811af6d7
England,E12000002,E08000003,Manchester,MANCH_e54b6592383c,10a75b553593
England,E12000002,E08000003,Manchester,MANCH_e16bde326b3b,8d6564b6f162
England,E12000002,E08000003,Manchester,MANCH_e72b865ab5fe,f138554552c9
England,E12000002,E08000003,Manchester,MANCH_9c5ce0316e85,d742f45eda99
England,E12000002,E08000003,Manchester,MANCH_5959c2f7d522,bf3a98eb55f0
England,E12000002,E08000003,Manchester,MANCH_ca0f67c903a5,3ba42a8be058
England,E12000002,E08000003,Manchester,MANCH_fa94f9ee8222,8f1af3035eb8
England,E12000002,E08000003,Manchester,MANCH_39c80ac44367,a44287db2ae5
England,E12000002,E08000003,Manchester,MANCH_e3db3b78fb26,53fe3dd09da4
England,E12000002,E08000003,Manchester,MANCH_8db32bcc9605,df1d86bd1fd1
England,E12000002,E08000003,Manchester,MANCH_50b9460ba88b,aec75ef7eff7
England,E12000002,E08000003,Manchester,MANCH_7df8012ebd9c,dc8cdd971e27
England,E12000002,E08000003,Manchester,MANCH_e2b4009ec2a2,2e27389133ed
England,E12000002,E08000003,Manchester,MANCH_ef9ab9d9ee80,a171e175d167
England,E12000002,E08000003,Manchester,MANCH_75288918efc0,87ca2af07696
England,E12000002,E08000003,Manchester,MANCH_72bec585108e,c86af61ce8a8
England,E12000002,E08000003,Manchester,MANCH_d136b083085a,6d1ee390d5db
England,E12000002,E08000003,Manchester,MANCH_c4054937acbf,93a247fa21bb
England,E12000002,E08000003,Manchester,MANCH_de3ed08352ff,b58d02e96b90
England,E12000002,E08000003,Manchester,MANCH_3fc68deb8118,c679432e0b7e
England,E12000002,E08000003,Manchester,MANCH_3cc6c2b4d959,d345817ba019
England,E12000002,E08000003,Manchester,MANCH_44bedaf6be56,9e2b114a8eff
England,E12000002,E08000003,Manchester,MANCH_16bf5ec96874,74a894e851da
England,E12000002,E08000003,Manchester,MANCH_fc8945e50efc,b7f63fb17c30
England,E12000002,E08000003,Manchester,MANCH_47d35ecb6061,e57bc7568ac4
England,E12000002,E08000003,Manchester,MANCH_007e1675526a,0c66af41e2fd
England,E12000002,E08000003,Manchester,MANCH_e3c355970223,a45e2138f6b4
England,E12000002,E08000003,Manchester,MANCH_7c4f6bf77ddd,f5b457c71905
England,E12000002,E08000003,Manchester,MANCH_31dedf5f0ad9,ad5296fe4702
England,E12000002,E08000003,Manchester,MANCH_3875baed1497,ab49866f32b4
England,E12000002,E08000003,Manchester,MANCH_b919c485e5cf,627b9598cce3
England,E12000002,E08000003,Manchester,MANCH_6c6c549293c3,85795a59d855
England,E12000002,E08000003,Manchester,MANCH_383b191a311e,87727e11f996
England,E12000002,E08000003,Manchester,MANCH_57e057126a85,73e7ac1f2fdd
England,E12000002,E08000003,Manchester,MANCH_c791d6d1549a,8cef7815259c
England,E12000002,E08000003,Manchester,MANCH_20860a64d9a2,9f20579356b2
England,E12000002,E08000003,Manchester,MANCH_72e590992278,5ee60e631a91
England,E12000002,E08000003,Manchester,MANCH_66b385e5fabc,942ae7f11944
England,E12000002,E08000003,Manchester,MANCH_33aac48c7c4f,6f43de6a6d42
England,E12000002,E08000003,Manchester,MANCH_8fb75285da46,901062d5af0f
England,E12000002,E08000003,Manchester,MANCH_6c1fbedddcd1,fb20120c7641
England,E12000002,E08000003,Manchester,MANCH_06aa4785c574,180c81248900
England,E12000002,E08000003,Manchester,MANCH_d1543f585096,af0081c25f31
England,E12000002,E08000003,Manchester,MANCH_1739ce9035fd,03edab21c1b7
England,E12000002,E08000003,Manchester,MANCH_3b280d23081a,ff7b42c409ae
England,E12000002,E08000003,Manchester,MANCH_c27e436f96f3,abad600cb64c
England,E12000002,E08000003,Manchester,MANCH_30f044c7e655,b3caac0c8bba
England,E12000002,E08000003,Manchester,MANCH_ea15d9983f65,82926d915f60
England,E12000002,E08000003,Manchester,MANCH_cfb4b026a3db,2662a6d64796
England,E12000002,E08000003,Manchester,MANCH_133dacded07c,dcfeb1cefa31
England,E12000002,E08000003,Manchester,MANCH_d29e50789e99,77d71a084040
England,E12000002,E08000003,Manchester,MANCH_5678a3e001ff,e4a52f493469
England,E12000002,E08000003,Manchester,MANCH_76bccc05db7e,927fd1f70ee6
England,E12000002,E08000003,Manchester,MANCH_c8d8a0b046db,712d88dbc843
England,E12000002,E08000003,Manchester,MANCH_3f4a2b983be3,644abc4ef901
England,E12000002,E08000003,Manchester,MANCH_4901064b4d45,b8e4c2d5965a
England,E12000002,E08000003,Manchester,MANCH_f57eb10393fd,68ba4b774c09
England,E12000002,E08000003,Manchester,MANCH_41e7fc1dc27c,4d42d0e161e9
England,E12000002,E08000003,Manchester,MANCH_6eaff173f8bf,b88f2476f0aa
England,E12000002,E08000003,Manchester,MANCH_c8929e1b712a,b03c640fc276
England,E12000002,E08000003,Manchester,MANCH_8c3223cb2487,bf44bafbd788
England,E12000002,E08000003,Manchester,MANCH_2d07e2453c70,396b1ea84d67
England,E12000002,E08000003,Manchester,MANCH_0a83aa9eacbc,b601dfafe793
England,E12000002,E08000003,Manchester,MANCH_c5565cfdb0ee,30863db16ced
England,E12000002,E08000003,Manchester,MANCH_76bb64b4be7f,5d2027a54cf4
England,E12000002,E08000003,Manchester,MANCH_6d3604a39bab,a4a0167b727b
England,E12000002,E08000003,Manchester,MANCH_a4319a25a480,577b6ab91535
England,E12000002,E08000003,Manchester,MANCH_6712a5ef91d5,0a207358b79d
England,E12000002,E08000003,Manchester,MANCH_c4c0718c28d4,24284375ece1
England,E12000002,E08000003,Manchester,MANCH_e9b037666222,62507049f1ec
England,E12000002,E08000003,Manchester,MANCH_ccc8577ce13e,6f989e344be0
England,E12000002,E08000003,Manchester,MANCH_f165b16de2ed,e60f27804658
England,E12000002,E08000003,Manchester,MANCH_f9a7e702436c,8ef36c410a75
England,E12000002,E08000003,Manchester,MANCH_a4a5fcda816e,6ed9b0153de9
England,E12000002,E08000003,Manchester,MANCH_e30ab4e29153,87c5c7fac32f
England,E12000002,E08000003,Manchester,MANCH_e036a54ec273,9150cb130c30
England,E12000002,E08000003,Manchester,MANCH_2873c5ce8d5e,6d9de8a35632
England,E12000002,E08000003,Manchester,MANCH_ec40aa0a6287,5ffcc0f1b971
England,E12000002,E08000003,Manchester,MANCH_d237de889299,408271f96096
England,E12000002,E08000003,Manchester,MANCH_d8f12b16e306,c1a967ee2fd8
England,E12000002,E08000003,Manchester,MANCH_27c791373d02,aec0e936fdc9
England,E12000002,E08000003,Manchester,MANCH_8a4a7cc0b7eb,66a0b65d2525
England,E12000002,E08000003,Manchester,MANCH_60c980c3a0ce,d7bb2ed52197
England,E12000002,E08000003,Manchester,MANCH_b5a49fa34fd9,bbc52f316b76
England,E12000002,E08000003,Manchester,MANCH_1efe0ef5336d,b0fe1497201d
England,E12000002,E08000003,Manchester,MANCH_38731f6e7276,29da69916029
England,E12000002,E08000003,Manchester,MANCH_6c05290baecd,1479105f3610
England,E12000002,E08000003,Manchester,MANCH_f61a9dfabae4,c602df89c2b4
England,E12000002,E08000003,Manchester,MANCH_edef69ec8074,1ce07ae9b1cf
England,E12000002,E08000003,Manchester,MANCH_6425cc7f89a3,9f37822ab165
England,E12000002,E08000003,Manchester,MANCH_cb76dcdf095d,6eb8ecbe1f81
England,E12000002,E08000003,Manchester,MANCH_62c94e884737,9101798ab165
England,E12000002,E08000003,Manchester,MANCH_9a9bfaf211e0,ec6cb903b517
England,E12000002,E08000003,Manchester,MANCH_39a111fbfd7a,11971c45c263
England,E12000002,E08000003,Manchester,MANCH_d11e738de8cf,7b38b94e9668
England,E12000002,E08000003,Manchester,MANCH_4bfef6e9f1bc,04bb9f7e21cb
England,E12000002,E08000003,Manchester,MANCH_8fe0c6ced65f,e6c1e516b425
England,E12000002,E08000003,Manchester,MANCH_e85ad92d7696,95f86843bb0d
England,E12000002,E08000003,Manchester,MANCH_d09790989188,147e696c82ea
England,E12000002,E08000003,Manchester,MANCH_d6e4fff81eff,3ecdb24f0294
England,E12000002,E08000003,Manchester,MANCH_9aff1f98391a,3c79be4601b1
England,E12000002,E08000003,Manchester,MANCH_b9b6312d4f0f,4916ab2d236c
England,E12000002,E08000003,Manchester,MANCH_a12280eab2b9,6722f79aab33
England,E12000002,E08000003,Manchester,MANCH_29f7c14511f8,55a087d01f26
England,E12000002,E08000003,Manchester,MANCH_9551a182e5d1,2fe350761db8
England,E12000002,E08000003,Manchester,MANCH_ddfa3fcc72c3,2c929e13ede0
England,E12000002,E08000003,Manchester,MANCH_403c0216f642,8b67cee5f360
England,E12000002,E08000003,Manchester,MANCH_4ca3ff8f5c38,80780644d865
England,E12000002,E08000003,Manchester,MANCH_fed413217b84,4d624466b1b5
England,E12000002,E08000003,Manchester,MANCH_122c40191414,d6ba64be95a5
England,E12000002,E08000003,Manchester,MANCH_d8b447e6aafa,f1228ceab69f
England,E12000002,E08000003,Manchester,MANCH_454147ef8265,2f7051b95c45
England,E12000002,E08000003,Manchester,MANCH_21e82de43cba,06d4b8084f86
England,E12000002,E08000003,Manchester,MANCH_32fc027c9eb8,69bbfc1b2862
England,E12000002,E08000003,Manchester,MANCH_6c3d56bb5e5c,a633a026be3d
England,E12000002,E08000003,Manchester,MANCH_66d618759aaf,8a6cec5a86f9
England,E12000002,E08000003,Manchester,MANCH_8cf752616206,f144dcce977d
England,E12000002,E08000003,Manchester,MANCH_84442fa815bf,6ddec5cf77a9
England,E12000002,E08000003,Manchester,MANCH_6b229d5e78e9,7880d893cc96
England,E12000002,E08000003,Manchester,MANCH_c4ced42048b6,f227ff2828df
England,E12000002,E08000003,Manchester,MANCH_097afeddab1f,df8ce4621f78
England,E12000002,E08000003,Manchester,MANCH_fe550339a6d9,9b4a67d7dfce
England,E12000002,E08000003,Manchester,MANCH_d9f619464447,39d358d36b24
England,E12000002,E08000003,Manchester,MANCH_a186ff5ee250,a78a8477e4e5
England,E12000002,E08000003,Manchester,MANCH_a8e6c512eee3,cd6a21d3cc1d
England,E12000002,E08000003,Manchester,MANCH_d445fa539b06,4a2814a06756
England,E12000002,E08000003,Manchester,MANCH_a1c3fd448508,6346ddb01916
England,E12000002,E08000003,Manchester,MANCH_01fd71619021,001ca6352e67
England,E12000002,E08000003,Manchester,MANCH_8e2d74fd9118,f9a83261fef5
England,E12000002,E08000003,Manchester,MANCH_548ac141e0df,e8b5e6c8b577
England,E12000002,E08000003,Manchester,MANCH_33952fe3ac34,b7f429ea7d8c
England,E12000002,E08000003,Manchester,MANCH_d3189794d305,1eb3788f734e
England,E12000002,E08000003,Manchester,MANCH_b2951ee96a33,0adebbbb937c
England,E12000002,E08000003,Manchester,MANCH_8403d26efd30,7e4e3406944f
England,E12000002,E08000003,Manchester,MANCH_d326cf112b31,c708a419ccaf
England,E12000002,E08000003,Manchester,MANCH_2ffd2ad86136,c4350890b18c
England,E12000002,E08000003,Manchester,MANCH_da3bcb82781a,6731b3ac5475
England,E12000002,E08000003,Manchester,MANCH_598893403867,dcf838737d5e
England,E12000002,E08000003,Manchester,MANCH_889ccc36da8e,d800af0d2768
England,E12000002,E08000003,Manchester,MANCH_530b050f509b,bcd631c2c899
England,E12000002,E08000003,Manchester,MANCH_265d2ace3dfe,48c4e3c2eafa
England,E12000002,E08000003,Manchester,MANCH_d002421d0ade,e71a0ba5b148
England,E12000002,E08000003,Manchester,MANCH_51a114ee2107,4759e58de64a
England,E12000002,E08000003,Manchester,MANCH_06e28580282c,7d984f1bd20a
England,E12000002,E08000003,Manchester,MANCH_6deca92941de,b358caf2f90f
England,E12000002,E08000003,Manchester,MANCH_2a71dd8c720b,a3c1f4f33bdd
England,E12000002,E08000003,Manchester,MANCH_f7823b91eb95,3a1231711e34
England,E12000002,E08000003,Manchester,MANCH_82a2ff97e1de,301de2af6b4e
England,E12000002,E08000003,Manchester,MANCH_c1b4ae2e97f5,617e3fb34ac6
England,E12000002,E08000003,Manchester,MANCH_1271041ecc91,78d920e3249c
England,E12000002,E08000003,Manchester,MANCH_58e0e4757632,550facc5aac1
England,E12000002,E08000003,Manchester,MANCH_375ddb137d3e,4001d0fdbc5b
England,E12000002,E08000003,Manchester,MANCH_192af8465ba0,6a5d36c263d5
England,E12000002,E08000003,Manchester,MANCH_35cdab199ed3,1072147ed366
England,E12000002,E08000003,Manchester,MANCH_fcba8c14a18a,1f93a5e825fd
England,E12000002,E08000003,Manchester,MANCH_cf58637029ca,b5b9503e644d
England,E12000002,E08000003,Manchester,MANCH_fadb0d9e66a2,8370753f0a9a
England,E12000002,E08000003,Manchester,MANCH_f7f8edf6d89c,0c6905f45943
England,E12000002,E08000003,Manchester,MANCH_18a1b058782c,3d6116ba301e
England,E12000002,E08000003,Manchester,MANCH_266d6aedd68a,63d3a4ff4f28
England,E12000002,E08000003,Manchester,MANCH_a11abfe05983,ba44e649117f
England,E12000002,E08000003,Manchester,MANCH_a1d240c35ec3,b1f3cd53bfad
England,E12000002,E08000003,Manchester,MANCH_3336e396f32e,309471f28cb6
England,E12000002,E08000003,Manchester,MANCH_ed147181408b,34f744ce999f
England,E12000002,E08000003,Manchester,MANCH_b171c9a356ba,703430bd6013
England,E12000002,E08000003,Manchester,MANCH_0ecda35e5bab,457e9819cd05
England,E12000002,E08000003,Manchester,MANCH_828ef41fa26b,9017efbcd959
England,E12000002,E08000003,Manchester,MANCH_f8e06ffebe8a,b25c60ac43d8
England,E12000002,E08000003,Manchester,MANCH_a77102d00c7d,f81737b46089
England,E12000002,E08000003,Manchester,MANCH_e2d118fdf7c0,9d8e2517aa47
England,E12000002,E08000003,Manchester,MANCH_fb66c668590b,c1c8c4073937
England,E12000002,E08000003,Manchester,MANCH_4ffcf41af917,c6746203acd6
England,E12000002,E08000003,Manchester,MANCH_c4b578fb96af,b040c079153a
England,E12000002,E08000003,Manchester,MANCH_859980d29567,b7e594e96b69
England,E12000002,E08000003,Manchester,MANCH_dcdcf966518c,c10bf30fd032
England,E12000002,E08000003,Manchester,MANCH_bae34d08c7ad,abfd0a24dc1f
England,E12000002,E08000003,Manchester,MANCH_d2f5be04b082,701e5be41d12
England,E12000002,E08000003,Manchester,MANCH_455e3a41313a,5e8f1bced52c
England,E12000002,E08000003,Manchester,MANCH_c4cd0ee4beeb,fd4f61bd9cc7
England,E12000002,E08000003,Manchester,MANCH_759bd36b00d9,574cc3cfc2a7
England,E12000002,E08000003,Manchester,MANCH_a7b55559871d,4f19d85d7797
England,E12000002,E08000003,Manchester,MANCH_dde1efce8591,070081352045
England,E12000002,E08000003,Manchester,MANCH_715398b9b537,e8b0e90f4c2d
England,E12000002,E08000003,Manchester,MANCH_32e6cbf5c23d,4bc6e38a6325
England,E12000002,E08000003,Manchester,MANCH_0110c0b72f4c,acd81b5c5167
England,E12000002,E08000003,Manchester,MANCH_5f86828e7986,01ec3bd495cb
England,E12000002,E08000003,Manchester,MANCH_95f4b9d27f7f,611adcd2fb0b
England,E12000002,E08000003,Manchester,MANCH_315c6d43026d,cf1a1d666fe0
England,E12000002,E08000003,Manchester,MANCH_077a7859aefd,0d2230a90618
England,E12000002,E08000003,Manchester,MANCH_41f6045c8abe,3a183ba603d0
England,E12000002,E08000003,Manchester,MANCH_044b6541c433,02c8a863ce79
England,E12000002,E08000003,Manchester,MANCH_303152cc65e4,15b08a82f8af
England,E12000002,E08000003,Manchester,MANCH_4c253bb39304,29f1232c7f9a
England,E12000002,E08000003,Manchester,MANCH_91ae54aa71b5,8cbf17f7ef2e
England,E12000002,E08000003,Manchester,MANCH_e01dd369ab08,61decea613b1
England,E12000002,E08000003,Manchester,MANCH_5f084c4fa889,dc0b1d0d5398
England,E12000002,E08000003,Manchester,MANCH_6beb86098ad8,47d5c2e0620d
England,E12000002,E08000003,Manchester,MANCH_1093a216fd4a,a4a02339bff0
England,E12000002,E08000003,Manchester,MANCH_f031bc7f1a38,6d3f42dbf782
England,E12000002,E08000003,Manchester,MANCH_f62ac7f1d0fc,0f57b3970ddc
England,E12000002,E08000003,Manchester,MANCH_b833d8f4dfd1,836b5b51302e
England,E12000002,E08000003,Manchester,MANCH_205cecdd18c1,e1b334f07822
England,E12000002,E08000003,Manchester,MANCH_6e4d9966cf49,2709ea5704d3
England,E12000002,E08000003,Manchester,MANCH_e8a36b51bd1f,dbb83ada57c0
England,E12000002,E08000003,Manchester,MANCH_533b36c9069a,6c0bfeb65bd0
England,E12000002,E08000003,Manchester,MANCH_04aed98a3a41,816a5579a4af
England,E12000002,E08000003,Manchester,MANCH_d83578ea939e,3e7e9f5d0e15
England,E12000002,E08000003,Manchester,MANCH_60abfebc7ec9,ec7d78723374
England,E12000002,E08000003,Manchester,MANCH_d90e2d66bf28,af174bc438ef
England,E12000002,E08000003,Manchester,MANCH_8e3d22704a7e,5083bb3a44bb
England,E12000002,E08000003,Manchester,MANCH_5a119ced759d,4f954aa729f4
England,E12000002,E08000003,Manchester,MANCH_f1b8fcf571db,197fbede258f
England,E12000002,E08000003,Manchester,MANCH_a7b9aee60f54,8248163e5579
England,E12000002,E08000003,Manchester,MANCH_97c4d0e8b4f6,fbe8115f31ff
England,E12000002,E08000003,Manchester,MANCH_fccb62be7195,4adab03956e2
England,E12000002,E08000003,Manchester,MANCH_c5bbc8947e03,905e5eb36952
England,E12000002,E08000003,Manchester,MANCH_a869e3f5cdec,5c2aef87954d
England,E12000002,E08000003,Manchester,MANCH_32e495765883,91f4f6b59b7f
England,E12000002,E08000003,Manchester,MANCH_2e9f8f43e3ed,93fe61b1381c
England,E12000002,E08000003,Manchester,MANCH_7ff14666241c,b58c2cc22afb
England,E12000002,E08000003,Manchester,MANCH_3b47dc48ff61,f0bde6976a24
England,E12000002,E08000003,Manchester,MANCH_cd7d9c42ae41,1e9f3b62be02
England,E12000002,E08000003,Manchester,MANCH_2781dcba6166,95ce27e76469
England,E12000002,E08000003,Manchester,MANCH_36a41fd44a46,08361f72fa78
England,E12000002,E08000003,Manchester,MANCH_9ae4c6d226e8,5ae9ccdb9cbb
England,E12000002,E08000003,Manchester,MANCH_f09d39042e80,f01acd3d95f8
England,E12000002,E08000003,Manchester,MANCH_5d600f6f6c12,84eb98348836
England,E12000002,E08000003,Manchester,MANCH_225d32833bae,47f7fb5efb6c
England,E12000002,E08000003,Manchester,MANCH_336814920ab9,f42057675528
England,E12000002,E08000003,Manchester,MANCH_978b97e4f959,0fabb3d6baf2
England,E12000002,E08000003,Manchester,MANCH_865db57ffe74,60670f9190eb
England,E12000002,E08000003,Manchester,MANCH_80679a7310ad,382aee882d81
England,E12000002,E08000003,Manchester,MANCH_4af4af5d9963,c599e0e9978f
England,E12000002,E08000003,Manchester,MANCH_aa03b594af4a,2a3d1d7d8b31
England,E12000002,E08000003,Manchester,MANCH_7781809fc209,9113bca215d9
England,E12000002,E08000003,Manchester,MANCH_5b12bc537936,532863b2df81
England,E12000002,E08000003,Manchester,MANCH_b0e8ca40a85a,b106fb7e9d56
England,E12000002,E08000003,Manchester,MANCH_b7ad9999bef5,ace271a14add
England,E12000002,E08000003,Manchester,MANCH_cc3404eebfdd,c40003799884
England,E12000002,E08000003,Manchester,MANCH_87424a51e0f2,a49415dd6b65
England,E12000002,E08000003,Manchester,MANCH_0410e214951f,773e23cb2088
England,E12000002,E08000003,Manchester,MANCH_a44ce79b9c16,f68b21d985c6
England,E12000002,E08000003,Manchester,MANCH_5f505b6ec037,00751c66e7fc
England,E12000002,E08000003,Manchester,MANCH_aea9e78734e7,4aee506b1b42
England,E12000002,E08000003,Manchester,MANCH_5fb39e5bd6b4,2c0b3bcdb17e
England,E12000002,E08000003,Manchester,MANCH_cd2e94e82572,15bcee317232
England,E12000002,E08000003,Manchester,MANCH_52e3ed691258,cb3641d7023d
England,E12000002,E08000003,Manchester,MANCH_727da58e5f40,4ba17de0e0eb
England,E12000002,E08000003,Manchester,MANCH_661a01a6a5dd,394642b637d1
England,E12000002,E08000003,Manchester,MANCH_8d61a0d3277b,c2d00af09844
England,E12000002,E08000003,Manchester,MANCH_f340bb6240e3,3311ed154493
England,E12000002,E08000003,Manchester,MANCH_be3105ed0e66,b2bc87e1c683
England,E12000002,E08000003,Manchester,MANCH_d895b9dff5e4,0d1810c0070f
England,E12000002,E08000003,Manchester,MANCH_ff6318f26800,99a42f071f4d
England,E12000002,E08000003,Manchester,MANCH_b276cd0664d2,453402427533
England,E12000002,E08000003,Manchester,MANCH_f75ca0e89a0f,679fd14ce226
England,E12000002,E08000003,Manchester,MANCH_825c2160b74d,af5f6a475526
England,E12000002,E08000003,Manchester,MANCH_5ad7fd1b8610,aba55861f739
England,E12000002,E08000003,Manchester,MANCH_3f88de9a0c84,97e1424be51e
England,E12000002,E08000003,Manchester,MANCH_1d9052def7b5,c6c7cd6331c1
England,E12000002,E08000003,Manchester,MANCH_bb2242ce47db,02aaa23e40ff
England,E12000002,E08000003,Manchester,MANCH_65ed9e87ebc7,15d55b66fccb
England,E12000002,E08000003,Manchester,MANCH_3a7f1eea6bc1,19e32be58836
England,E12000002,E08000003,Manchester,MANCH_a81ef3e51afa,ed54a53a9d61
England,E12000002,E08000003,Manchester,MANCH_54436b4a5919,6d4f1c3e77e0
England,E12000002,E08000003,Manchester,MANCH_bf12a3d8f66a,528573b0216c
England,E12000002,E08000003,Manchester,MANCH_be0851a2a184,f4fd95759729
England,E12000002,E08000003,Manchester,MANCH_b65fc7728393,6e80317fe377
England,E12000002,E08000003,Manchester,MANCH_5f267b08605f,47bdb5d6b6c0
England,E12000002,E08000003,Manchester,MANCH_ec5f98c65b29,83762cf28b55
England,E12000002,E08000003,Manchester,MANCH_58af40e81d31,54bb164ffd37
England,E12000002,E08000003,Manchester,MANCH_2fdafc909b2a,f7b3f9f48a79
England,E12000002,E08000003,Manchester,MANCH_822a9d5ea848,1cbe6805964e
England,E12000002,E08000003,Manchester,MANCH_10a1d28df4f4,2fa172040ee5
England,E12000002,E08000003,Manchester,MANCH_a3aedcae8519,016878cd4465
England,E12000002,E08000003,Manchester,MANCH_04e328527903,50e1a940674c
England,E12000002,E08000003,Manchester,MANCH_a14093f81d2e,f41c7daeb4be
England,E12000002,E08000003,Manchester,MANCH_b9501ec07e61,cb5c5f922c5a
England,E12000002,E08000003,Manchester,MANCH_022b7ca34043,c8e99431639c
England,E12000002,E08000003,Manchester,MANCH_e47ba9d94e3c,a8fa191a9af3
England,E12000002,E08000003,Manchester,MANCH_d52820749db9,c3572d0fb5be
England,E12000002,E08000003,Manchester,MANCH_0eff95dacc4f,224b6562e28d
England,E12000002,E08000003,Manchester,MANCH_54c4b02da5f6,cee97ece9977
England,E12000002,E08000003,Manchester,MANCH_05f321458745,558d3cca752f
England,E12000002,E08000003,Manchester,MANCH_227aad40481f,bb7fe23f7fec
England,E12000002,E08000003,Manchester,MANCH_af08de9bd0e6,f1106a7c7a62
England,E12000002,E08000003,Manchester,MANCH_87fc2b8947a2,a9e3cc6e606c
England,E12000002,E08000003,Manchester,MANCH_243fa081fe1b,47a05df0ce84
England,E12000002,E08000003,Manchester,MANCH_c96bd6abbbf9,54bbcfaeab9e
England,E12000002,E08000003,Manchester,MANCH_162d751d4721,ef849e54512d
England,E12000002,E08000003,Manchester,MANCH_beb43e7326b6,31e4f3946fc0
England,E12000002,E08000003,Manchester,MANCH_67bbbc6e85fe,37c9b30122bc
England,E12000002,E08000003,Manchester,MANCH_b72778dfb580,bb4606be7ab5
England,E12000002,E08000003,Manchester,MANCH_c6d19ead8ad0,1a6d0600d5be
England,E12000002,E08000003,Manchester,MANCH_095ca87fd2ae,f79dde572824
England,E12000002,E08000003,Manchester,MANCH_8abe37271f1f,d0bffe0a6b84
England,E12000002,E08000003,Manchester,MANCH_d5e24eaeb529,24ae509c2edd
England,E12000002,E08000003,Manchester,MANCH_73ee2c40f3bc,f87bea432d6b
England,E12000002,E08000003,Manchester,MANCH_9bdbf8ae9e06,3edba681e5c6
England,E12000002,E08000003,Manchester,MANCH_775c0e44f49a,6394e388b9b1
England,E12000002,E08000003,Manchester,MANCH_c123f06a9070,6a9f82b9b5dc
England,E12000002,E08000003,Manchester,MANCH_6ebeb0d7c193,4f2b08bcb91f
England,E12000002,E08000003,Manchester,MANCH_abd546b04766,39b962afa4e4
England,E12000002,E08000003,Manchester,MANCH_9fe34097e286,856264a5b302
England,E12000002,E08000003,Manchester,MANCH_07a6a59e45f8,9360ced386a0
England,E12000002,E08000003,Manchester,MANCH_93810972310f,2b22a64fe8aa
England,E12000002,E08000003,Manchester,MANCH_7cef98292cb6,d854195d35ab
England,E12000002,E08000003,Manchester,MANCH_f8c299f3390f,466020271d1e
England,E12000002,E08000003,Manchester,MANCH_e67732591e02,627b075310f0
England,E12000002,E08000003,Manchester,MANCH_8316e7364dc2,7c353f65563a
England,E12000002,E08000003,Manchester,MANCH_129edd0f12d3,ac2e8da2a3da
England,E12000002,E08000003,Manchester,MANCH_23f141114ff6,f34b5f2b3e5e
England,E12000002,E08000003,Manchester,MANCH_aaa89cf5b0f7,bd3ba612c90d
England,E12000002,E08000003,Manchester,MANCH_67c8c9bcd745,87f4753b211c
England,E12000002,E08000003,Manchester,MANCH_99aefd685ac2,b5539b9050d1
England,E12000002,E08000003,Manchester,MANCH_0788eeb5b038,183f1c0c4b7a
England,E12000002,E08000003,Manchester,MANCH_6285c833462f,6a2f012773a7
England,E12000002,E08000003,Manchester,MANCH_eefcd2c892c3,2a6ff9ba48a4
England,E12000002,E08000003,Manchester,MANCH_9a91f3a6e6c0,c5288232375f
England,E12000002,E08000003,Manchester,MANCH_c65ea7d21b72,5a395c61dbb8
England,E12000002,E08000003,Manchester,MANCH_30944f78464a,b1b49f5ef9da
England,E12000002,E08000003,Manchester,MANCH_b1b6eb7ff585,b25c1a2e7b4a
England,E12000002,E08000003,Manchester,MANCH_88db7e705e59,0cb9fcb86e5e
England,E12000002,E08000003,Manchester,MANCH_8dd3bff6633d,efe25b85fc88
England,E12000002,E08000003,Manchester,MANCH_3e5dc0e9e9e3,2e878216e0f6
England,E12000002,E08000003,Manchester,MANCH_b0d601c3b7d8,76f3a53c26c9
England,E12000002,E08000003,Manchester,MANCH_addc647a772f,f17112358396
England,E12000002,E08000003,Manchester,MANCH_e919a8f2e266,eb2114128464
England,E12000002,E08000003,Manchester,MANCH_98ca7372d293,c4b831b6c259
England,E12000002,E08000003,Manchester,MANCH_d46fcfdd937a,af62d0b30cf0
England,E12000002,E08000003,Manchester,MANCH_4344de5bdf39,83dee6de62f7
England,E12000002,E08000003,Manchester,MANCH_b102a4bbaf42,446118b12dad
England,E12000002,E08000003,Manchester,MANCH_fa77a1a4983e,fa5843131ebd
England,E12000002,E08000003,Manchester,MANCH_424118a3fc72,03eb0d31f2d7
England,E12000002,E08000003,Manchester,MANCH_447230cdea71,8d42fe81ce62
England,E12000002,E08000003,Manchester,MANCH_683b52422bb8,72d200798eb5
England,E12000002,E08000003,Manchester,MANCH_823079cd1070,e7419c66409c
England,E12000002,E08000003,Manchester,MANCH_606950e4de52,813714253e8a
England,E12000002,E08000003,Manchester,MANCH_525ccd08a1ff,c2f24df5ad57
England,E12000002,E08000003,Manchester,MANCH_9ca49a6decb0,5b4e151ce465
England,E12000002,E08000003,Manchester,MANCH_e61a076af123,56ec2a149815
England,E12000002,E08000003,Manchester,MANCH_89b46709894e,57c284fae300
England,E12000002,E08000003,Manchester,MANCH_e2cba0a35581,166a0db4b674
England,E12000002,E08000003,Manchester,MANCH_43d444558e62,22fce252a413
England,E12000002,E08000003,Manchester,MANCH_ffe76f76599a,e461ca8ca283
England,E12000002,E08000003,Manchester,MANCH_6a43500c8cb5,c59e5c11b46e
England,E12000002,E08000003,Manchester,MANCH_c19146584be1,28ea2af88bb0
England,E12000002,E08000003,Manchester,MANCH_b03d984307e7,c9384319891d
England,E12000002,E08000003,Manchester,MANCH_5040a5669e0a,086d58bb031a
England,E12000002,E08000003,Manchester,MANCH_90af1580f166,b83efaa7c232
England,E12000002,E08000003,Manchester,MANCH_09635c734a93,78a3df508fed
England,E12000002,E08000003,Manchester,MANCH_8675b18cc487,e66a5edc7ac3
England,E12000002,E08000003,Manchester,MANCH_6ca7bece6cd0,7dc05129310e
England,E12000002,E08000003,Manchester,MANCH_029350318239,d48c272911fc
England,E12000002,E08000003,Manchester,MANCH_4674fac99fd2,30da2bbd93e3
England,E12000002,E08000003,Manchester,MANCH_680790d97e3c,8e60aaeebe95
England,E12000002,E08000003,Manchester,MANCH_e7138d0afc34,ea1d437e7225
England,E12000002,E08000003,Manchester,MANCH_88af593b7a72,f1b899fdafe9
England,E12000002,E08000003,Manchester,MANCH_42ec7e909ff1,753a6def9af1
England,E12000002,E08000003,Manchester,MANCH_83a53cf4fdad,22f00bd78a1c
England,E12000002,E08000003,Manchester,MANCH_b65c2531889f,e8ef4bc4c564
England,E12000002,E08000003,Manchester,MANCH_acd584a58bbb,b61be9de5cc5
England,E12000002,E08000003,Manchester,MANCH_b0da17687288,e9f92172fbe2
England,E12000002,E08000003,Manchester,MANCH_de7d7471e242,e9579ebd626c
England,E12000002,E08000003,Manchester,MANCH_33484e5d4adc,0d3f9ea6820a
England,E12000002,E08000003,Manchester,MANCH_9e4cf9173b7d,a3d0734c1b17
England,E12000002,E08000003,Manchester,MANCH_2c3d2acba9d0,8b92c11e9e66
England,E12000002,E08000003,Manchester,MANCH_5225f0cd712e,2d8e715b2c72
England,E12000002,E08000003,Manchester,MANCH_1404d4eaeb55,51faed1c7910
England,E12000002,E08000003,Manchester,MANCH_0bc846e3b424,23a4462c3ef5
England,E12000002,E08000003,Manchester,MANCH_bd30ef8247fb,7a95941f7892
England,E12000002,E08000003,Manchester,MANCH_25aa088ce9b0,1c21a078d7dc
England,E12000002,E08000003,Manchester,MANCH_416c3bb0f75b,dec9bb1985e4
England,E12000002,E08000003,Manchester,MANCH_677f12853fed,97220d1b7c5d
England,E12000002,E08000003,Manchester,MANCH_416404344688,9e453df5158f
England,E12000002,E08000003,Manchester,MANCH_d4dcafaa2c36,df5b46c96f6f
England,E12000002,E08000003,Manchester,MANCH_5b0577fcd782,2b77a6c93318
England,E12000002,E08000003,Manchester,MANCH_b09fa42e86af,1f8e9482781e
England,E12000002,E08000003,Manchester,MANCH_0cf4051005d8,ae466ff91a09
England,E12000002,E08000003,Manchester,MANCH_a9d12eb1c910,f99395090736
England,E12000002,E08000003,Manchester,MANCH_9b5782964b8e,a03770860405
England,E12000002,E08000003,Manchester,MANCH_85a9651eed9c,da925b3f0eb9
England,E12000002,E08000003,Manchester,MANCH_d0471cdae1bd,8c1e43c9acfe
England,E12000002,E08000003,Manchester,MANCH_e6c9aab17261,68f18dc63386
England,E12000002,E08000003,Manchester,MANCH_7317981cc3df,63524907e1e1
England,E12000002,E08000003,Manchester,MANCH_45409bfaa70a,cdd149670b47
England,E12000002,E08000003,Manchester,MANCH_e62331e3636a,2109ab89db35
England,E12000002,E08000003,Manchester,MANCH_993fc810c8a1,21bb8de890e4
England,E12000002,E08000003,Manchester,MANCH_3bcce53ce260,5790cc57fec5
England,E12000002,E08000003,Manchester,MANCH_26ee4d5946f4,3acee2f4ad6f
England,E12000002,E08000003,Manchester,MANCH_9bd521d4bd4e,ae1fb89cc2d7
England,E12000002,E08000003,Manchester,MANCH_44fad16d5cff,ca85e54b0ed5
England,E12000002,E08000003,Manchester,MANCH_ce0e9d9d3c21,0ec6708d8de4
England,E12000002,E08000003,Manchester,MANCH_18daa9369f4b,1dd52fbe8cc3
England,E12000002,E08000003,Manchester,MANCH_87a4b95e49b6,59c182beec15
England,E12000002,E08000003,Manchester,MANCH_dc307165f7d5,b985f06ac0af
England,E12000002,E08000003,Manchester,MANCH_e73a1d23e8d9,58279cf3e264
England,E12000002,E08000003,Manchester,MANCH_2898e6de9487,619da0e5d57d
England,E12000002,E08000003,Manchester,MANCH_2355a90bfd5b,ce9b02a3cbfe
England,E12000002,E08000003,Manchester,MANCH_16e3365a56fc,646397d6dbdf
England,E12000002,E08000003,Manchester,MANCH_31dc2963be2e,8a24577bfe19
England,E12000002,E08000003,Manchester,MANCH_aa0bd2f380fc,cfb2a99950ab
England,E12000002,E08000003,Manchester,MANCH_1ee249e71e68,62fd4b5541c2
England,E12000002,E08000003,Manchester,MANCH_64ee406f4e93,2ba03c3f1fa8
England,E12000002,E08000003,Manchester,MANCH_664ade549f0f,349fea36eea8
England,E12000002,E08000003,Manchester,MANCH_6691bf80e66e,23e240e06f03
England,E12000002,E08000003,Manchester,MANCH_9fe89c06dee8,8faaddf247ad
England,E12000002,E08000003,Manchester,MANCH_4f9511897a88,acc9ee658ab3
England,E12000002,E08000003,Manchester,MANCH_7b4995f0125d,7f0a475c37bf
England,E12000002,E08000003,Manchester,MANCH_22ccc024e600,66d5d1234dcc
England,E12000002,E08000003,Manchester,MANCH_aaa085b76632,ea9d62a251f8
England,E12000002,E08000003,Manchester,MANCH_61138ee588da,64ebce1e47ee
England,E12000002,E08000003,Manchester,MANCH_beff841ccce0,7b8a81e0b5ae
England,E12000002,E08000003,Manchester,MANCH_9da72a811f7a,cc2336126859
England,E12000002,E08000003,Manchester,MANCH_675f16b79590,16fdd9f90b23
England,E12000002,E08000003,Manchester,MANCH_ea4e16d09089,39a2477b84a3
England,E12000002,E08000003,Manchester,MANCH_7f7d69df23b3,3abedb39589b
England,E12000002,E08000003,Manchester,MANCH_6a81a2e2889d,8faaa364781d
England,E12000002,E08000003,Manchester,MANCH_6ef3dac66a8d,7e0f2a65bcd2
England,E12000002,E08000003,Manchester,MANCH_1ee1fac4d6f8,12d6d421660f
England,E12000002,E08000003,Manchester,MANCH_22328e10de2d,4d20160049c9
England,E12000002,E08000003,Manchester,MANCH_51a87e8454cd,72223bfedd52
England,E12000002,E08000003,Manchester,MANCH_d39988de9faf,7545c079df83
England,E12000002,E08000003,Manchester,MANCH_e7c7c70c3505,c2578d26c077
England,E12000002,E08000003,Manchester,MANCH_4df4d19d013d,02222c8f9965
England,E12000002,E08000003,Manchester,MANCH_dec755cfc994,6f1694d7ef39
England,E12000002,E08000003,Manchester,MANCH_520e296939d7,0a3169207532
England,E12000002,E08000003,Manchester,MANCH_d7bebb22cae8,053a4b6d9e5c
England,E12000002,E08000003,Manchester,MANCH_75ba40883080,ca81a9f8bffa
England,E12000002,E08000003,Manchester,MANCH_587a7a948b2f,06cc3c4b225e
England,E12000002,E08000003,Manchester,MANCH_7423a1f1399e,bf5e9a03d4fd
England,E12000002,E08000003,Manchester,MANCH_c5fec7c9fbe1,d3aa7a3c29cd
England,E12000002,E08000003,Manchester,MANCH_5184a658ff5b,bdc6387c9b75
England,E12000002,E08000003,Manchester,MANCH_97a581d2c24d,ca485321e125
England,E12000002,E08000003,Manchester,MANCH_62f80b5b8ba3,46f6316b2c77
England,E12000002,E08000003,Manchester,MANCH_67a6d353888f,0f46b60a2707
England,E12000002,E08000003,Manchester,MANCH_b7d753a27ec7,d2bfb9572bea
England,E12000002,E08000003,Manchester,MANCH_d9c1fc87f43a,cff7959f84b2
England,E12000002,E08000003,Manchester,MANCH_71f0f4b956c7,64bc749c193f
England,E12000002,E08000003,Manchester,MANCH_853eb8a33795,007c170c3fb9
England,E12000002,E08000003,Manchester,MANCH_db068ced3632,f6dec052516f
England,E12000002,E08000003,Manchester,MANCH_1bc3a9d77d0b,6890efb9d5c9
England,E12000002,E08000003,Manchester,MANCH_9d408420fff4,02ab65c8f6fd
England,E12000002,E08000003,Manchester,MANCH_bfb3aec16dc8,65940ecb6cbb
England,E12000002,E08000003,Manchester,MANCH_ead3059b519b,946a67b37582
England,E12000002,E08000003,Manchester,MANCH_a25f6f787e99,cea87f21437d
England,E12000002,E08000003,Manchester,MANCH_b78ec44db309,5558a91af611
England,E12000002,E08000003,Manchester,MANCH_6b3c03246084,67e1244a1808
England,E12000002,E08000003,Manchester,MANCH_8b7aa6811f57,6948e1ba40c4
England,E12000002,E08000003,Manchester,MANCH_3981939a48e1,3d834af06ceb
England,E12000002,E08000003,Manchester,MANCH_698b4932b403,9fcdcbb2da91
England,E12000002,E08000003,Manchester,MANCH_9caad7673934,b47a0563e76c
England,E12000002,E08000003,Manchester,MANCH_bb35ac18c797,a3e92d453e0c
England,E12000002,E08000003,Manchester,MANCH_9180d95f53c9,2d73e33d8b95
England,E12000002,E08000003,Manchester,MANCH_39b66880ed33,bb2ee7ee8275
England,E12000002,E08000003,Manchester,MANCH_52d1576fde81,d29f5e391743
England,E12000002,E08000003,Manchester,MANCH_668955dffc9d,23e5db4cdb04
England,E12000002,E08000003,Manchester,MANCH_977aef21ad64,35ea2dcc349f
England,E12000002,E08000003,Manchester,MANCH_970893e79c2d,783616d42e7b
England,E12000002,E08000003,Manchester,MANCH_51401814a8c8,7ad3e8969db6
England,E12000002,E08000003,Manchester,MANCH_87701bfe63da,84ef8403744a
England,E12000002,E08000003,Manchester,MANCH_1643e1cf327c,22ba067cc79d
England,E12000002,E08000003,Manchester,MANCH_a20f73616fbd,465853f46174
England,E12000002,E08000003,Manchester,MANCH_d4636d4861ab,69f26f9e3bf5
England,E12000002,E08000003,Manchester,MANCH_d864e4b7df64,5a9aca09d09c
England,E12000002,E08000003,Manchester,MANCH_2eabfc32ad6b,6c978b86d1b5
England,E12000002,E08000003,Manchester,MANCH_1ef402d3bc51,e53231db4aee
England,E12000002,E08000003,Manchester,MANCH_de3c102ec20d,d15b8c5dfe5a
England,E12000002,E08000003,Manchester,MANCH_c167a2f1a463,15e435f557b1
England,E12000002,E08000003,Manchester,MANCH_a33af54f61e6,4277d1118fa0
England,E12000002,E08000003,Manchester,MANCH_c9b12b47f794,a8ae8314c504
England,E12000002,E08000003,Manchester,MANCH_ec0fe573cab3,74661c9e5818
England,E12000002,E08000003,Manchester,MANCH_21b78925ada5,fd75f8900366
England,E12000002,E08000003,Manchester,MANCH_db1b88678eb4,2b01341b3ca1
England,E12000002,E08000003,Manchester,MANCH_03042fd508a3,deb269e5532b
England,E12000002,E08000003,Manchester,MANCH_52b8b9e20b33,e900103b75cd
England,E12000002,E08000003,Manchester,MANCH_5ddb08457b55,4f66d6c1502c
England,E12000002,E08000003,Manchester,MANCH_2da07691714e,8e3af7fb1f17
England,E12000002,E08000003,Manchester,MANCH_352b1be8e476,e2ff63085fbe
England,E12000002,E08000003,Manchester,MANCH_5cafbe1b0922,84d7f40e42e5
England,E12000002,E08000003,Manchester,MANCH_0a22bd2a704b,a7ae8631a1c2
England,E12000002,E08000003,Manchester,MANCH_ce861f176636,2e8ee4d9c274
England,E12000002,E08000003,Manchester,MANCH_be33a29e9fbc,926210fb8b56
England,E12000002,E08000003,Manchester,MANCH_687ca10b6492,b7a1d212e181
England,E12000002,E08000003,Manchester,MANCH_fc6cecf69df1,7f57df592bbb
England,E12000002,E08000003,Manchester,MANCH_b44dc99f8baf,e04d32c2518c
England,E12000002,E08000003,Manchester,MANCH_f0ce1a92ff18,66aa0564e923
England,E12000002,E08000003,Manchester,MANCH_dce4c25132f9,057d9d6001c3
England,E12000002,E08000003,Manchester,MANCH_ba9845297d1c,619bf5bf9b84
England,E12000002,E08000003,Manchester,MANCH_fb80e80fb041,f2a6eb4a7bc7
England,E12000002,E08000003,Manchester,MANCH_5f1d99bb2a83,f616c537c549
England,E12000002,E08000003,Manchester,MANCH_91b14f8fa68d,1738d4c7be30
England,E12000002,E08000003,Manchester,MANCH_d6db9db9c045,402cd54eaadc
England,E12000002,E08000003,Manchester,MANCH_f7f110b0889f,c30cc05aff53
England,E12000002,E08000003,Manchester,MANCH_d04903965f9a,9863e7a53b18
England,E12000002,E08000003,Manchester,MANCH_3a0e91fe9564,1b0825e8d855
England,E12000002,E08000003,Manchester,MANCH_2b27621c746c,fd40391d5979
England,E12000002,E08000003,Manchester,MANCH_ab94572063d1,3396a9c24e28
England,E12000002,E08000003,Manchester,MANCH_38c4b3f66d48,71465ad072a7
England,E12000002,E08000003,Manchester,MANCH_bbf7982f6bae,c86792b754e2
England,E12000002,E08000003,Manchester,MANCH_d469990cca46,6dcdf76ca900
England,E12000002,E08000003,Manchester,MANCH_afed145ac750,7195d1600e14
England,E12000002,E08000003,Manchester,MANCH_2717173e80fc,1307315b1cee
England,E12000002,E08000003,Manchester,MANCH_f37f0124637b,efd447a280d1
England,E12000002,E08000003,Manchester,MANCH_d6c408bb5c5e,0f954a8393b0
England,E12000002,E08000003,Manchester,MANCH_fdcb72a0afd3,94e1d8f08e54
England,E12000002,E08000003,Manchester,MANCH_1e8212429732,929108883013
England,E12000002,E08000003,Manchester,MANCH_39c11d5ee81b,4bd03cba46dd
England,E12000002,E08000003,Manchester,MANCH_a5672d68d73f,525d7e021e11
England,E12000002,E08000003,Manchester,MANCH_3b8730255f08,94987669caef
England,E12000002,E08000003,Manchester,MANCH_5c46ea1ac709,e83d7e5be734
England,E12000002,E08000003,Manchester,MANCH_95ea17e97fe7,8acea8f81663
England,E12000002,E08000003,Manchester,MANCH_4a22de2f8c57,4961ea7cd87f
England,E12000002,E08000003,Manchester,MANCH_c029cbd75cba,6138a2d542c8
England,E12000002,E08000003,Manchester,MANCH_52af59f94a65,530c550e17b6
England,E12000002,E08000003,Manchester,MANCH_ba2a51f98ee4,47346a038cdf
England,E12000002,E08000003,Manchester,MANCH_debe6868eaeb,cc8ea380fb98
England,E12000002,E08000003,Manchester,MANCH_54499429c48a,0a7a4a7c198b
England,E12000002,E08000003,Manchester,MANCH_4f02e7241c94,d87b49552d62
England,E12000002,E08000003,Manchester,MANCH_abd392b17b7e,45aff35423ad
England,E12000002,E08000003,Manchester,MANCH_b4d193d3b390,9ac67dcc70fa
England,E12000002,E08000003,Manchester,MANCH_616b4619437b,f6d6db663a98
England,E12000002,E08000003,Manchester,MANCH_ac17a0ded77a,076fc2f4c253
England,E12000002,E08000003,Manchester,MANCH_3abe67b61abf,8ae4a0f80885
England,E12000002,E08000003,Manchester,MANCH_f081b9e01391,65846fb28fc8
England,E12000002,E08000003,Manchester,MANCH_8eea4059f936,0bc150b4e1ab
England,E12000002,E08000003,Manchester,MANCH_6837a8befecc,2303cb6d655a
England,E12000002,E08000003,Manchester,MANCH_06f2d9c419af,0fa9dbe02b91
England,E12000002,E08000003,Manchester,MANCH_e0dd743600a3,ff13e1285995
England,E12000002,E08000003,Manchester,MANCH_c9b5f1543dfc,966454617873
England,E12000002,E08000003,Manchester,MANCH_340798a9cd5b,85d7d4b63208
England,E12000002,E08000003,Manchester,MANCH_4471b377da9d,0e041700745b
England,E12000002,E08000003,Manchester,MANCH_05f46e9f2cbf,4209a66e6f68
England,E12000002,E08000003,Manchester,MANCH_4e6afee0b9aa,3fe9b309b2a6
England,E12000002,E08000003,Manchester,MANCH_d096f5eb1388,66726a7b7441
England,E12000002,E08000003,Manchester,MANCH_08025e15fe96,485f9e4ef222
England,E12000002,E08000003,Manchester,MANCH_c816e0457aad,6fe9de1ae8c6
England,E12000002,E08000003,Manchester,MANCH_35820d1ac88c,14cadbdedb2c
England,E12000002,E08000003,Manchester,MANCH_08002aa3846e,9f74d6d220c8
England,E12000002,E08000003,Manchester,MANCH_10df0c2affbd,493c776d8929
England,E12000002,E08000003,Manchester,MANCH_f5d08bff7d39,ec9f8dabd51c
England,E12000002,E08000003,Manchester,MANCH_67d9bc415f11,07de13bae708
England,E12000002,E08000003,Manchester,MANCH_4d7c2abc63b4,b5d8e857e326
England,E12000002,E08000003,Manchester,MANCH_df75a8c92b7b,103a2b62fdca
England,E12000002,E08000003,Manchester,MANCH_d0e694269fd7,89f7defad8c6
England,E12000002,E08000003,Manchester,MANCH_b4dad501bd52,95cbef943d05
England,E12000002,E08000003,Manchester,MANCH_1e0dd012fd96,8bd74a1b535b
England,E12000002,E08000003,Manchester,MANCH_b25a7254bb8e,76902ce5ee7b
England,E12000002,E08000003,Manchester,MANCH_449967fba407,c1dc23d5f977
England,E12000002,E08000003,Manchester,MANCH_d3e53458b05e,078846a1d4cd
England,E12000002,E08000003,Manchester,MANCH_b63d6469c042,5045db015f06
England,E12000002,E08000003,Manchester,MANCH_b674a329c6a8,855e78a7890e
England,E12000002,E08000003,Manchester,MANCH_d0529998a186,e1ce8f203d86
England,E12000002,E08000003,Manchester,MANCH_550f8b599c1f,7668eb99639f
England,E12000002,E08000003,Manchester,MANCH_8b9f3bc7240d,78aa6325560f
England,E12000002,E08000003,Manchester,MANCH_b793a3f6d328,5615baa84024
England,E12000002,E08000003,Manchester,MANCH_4356f452227a,5c4ba87c1d73
England,E12000002,E08000003,Manchester,MANCH_9ff61fb668a1,4e52b38c4806
England,E12000002,E08000003,Manchester,MANCH_ae93f0928746,74b75fd0e740
England,E12000002,E08000003,Manchester,MANCH_4c4b6b8c88bf,c006943168af
England,E12000002,E08000003,Manchester,MANCH_2f3d9be55f4e,ff107c11b384
England,E12000002,E08000003,Manchester,MANCH_b5e48ab0ca85,06b403afce81
England,E12000002,E08000003,Manchester,MANCH_217d92dd94d6,6da2be73dbd0
England,E12000002,E08000003,Manchester,MANCH_71ad73fc9479,92f33b15cc97
England,E12000002,E08000003,Manchester,MANCH_daba3b330ed1,90ae81dbd60b
England,E12000002,E08000003,Manchester,MANCH_557434ce090c,e2d046077b12
England,E12000002,E08000003,Manchester,MANCH_d9f23d498933,e1e5561a01ae
England,E12000002,E08000003,Manchester,MANCH_eec166603d66,479a47cd2738
England,E12000002,E08000003,Manchester,MANCH_f946115e3fc5,45b2c402b927
England,E12000002,E08000003,Manchester,MANCH_ab36a69954d6,ee2ee44c5297
England,E12000002,E08000003,Manchester,MANCH_91dca96ab6fd,ee532a398b64
England,E12000002,E08000003,Manchester,MANCH_6d1bcaa22f85,93d14db22f54
England,E12000002,E08000003,Manchester,MANCH_af74eeccd64f,676a078276f4
England,E12000002,E08000003,Manchester,MANCH_84f3838d7c8e,83f686088932
England,E12000002,E08000003,Manchester,MANCH_d8df63cadd73,c76b8648c126
England,E12000002,E08000003,Manchester,MANCH_b1d3838df4c3,cec45802d9d0
England,E12000002,E08000003,Manchester,MANCH_ab91a8a4dba3,545336d3c1e1
England,E12000002,E08000003,Manchester,MANCH_5ccdcc9ee38d,ac6b1b8eb9da
England,E12000002,E08000003,Manchester,MANCH_030bf2efa09c,bc8ff76abbde
England,E12000002,E08000003,Manchester,MANCH_4c41e4203134,d31f73feb6fa
England,E12000002,E08000003,Manchester,MANCH_01d637a2ac97,083e5a0c8119
England,E12000002,E08000003,Manchester,MANCH_43b2a70d3aa0,033bccbc0eda
England,E12000002,E08000003,Manchester,MANCH_3b846d32e0f4,cd9ac3eac8f4
England,E12000002,E08000003,Manchester,MANCH_f6f6427c021d,cb870210b1fd
England,E12000002,E08000003,Manchester,MANCH_218661affe06,206be5b9eac4
England,E12000002,E08000003,Manchester,MANCH_d37890ad32bf,a240c00eecbc
England,E12000002,E08000003,Manchester,MANCH_28a93dac529b,17887760c009
England,E12000002,E08000003,Manchester,MANCH_258e9245ec6b,764a9828879d
England,E12000002,E08000003,Manchester,MANCH_d74bf6b06e6b,bd55e07f7011
England,E12000002,E08000003,Manchester,MANCH_63b381414505,a27c10d921d5
England,E12000002,E08000003,Manchester,MANCH_394708da0b7b,be8686835347
England,E12000002,E08000003,Manchester,MANCH_d2171df7ad2c,5aac566a2446
England,E12000002,E08000003,Manchester,MANCH_4dd71291815b,9d26e82a4213
England,E12000002,E08000003,Manchester,MANCH_e632634ab61a,de941ffae8c4
England,E12000002,E08000003,Manchester,MANCH_71aaddd89230,27d4963b45e0
England,E12000002,E08000003,Manchester,MANCH_05811b227235,2f00953205a9
England,E12000002,E08000003,Manchester,MANCH_5d1aea68c7f7,4e7a53b99f83
England,E12000002,E08000003,Manchester,MANCH_0ae4b5a9a655,8ca63e4f1dce
England,E12000002,E08000003,Manchester,MANCH_529b1bd3e462,eccb630231b6
England,E12000002,E08000003,Manchester,MANCH_46f82a8bd7d5,f8c04dd7d754
England,E12000002,E08000003,Manchester,MANCH_a0e51ed3bf76,87556281ee0e
England,E12000002,E08000003,Manchester,MANCH_642e4f067fb3,46477945ec8f
England,E12000002,E08000003,Manchester,MANCH_aa0b2b2e073a,dfa2456d7395
England,E12000002,E08000003,Manchester,MANCH_2fc3e4106cd6,9b38c9b1fc96
England,E12000002,E08000003,Manchester,MANCH_23c16a9c0063,d68c4b518494
England,E12000002,E08000003,Manchester,MANCH_12757ec4efac,38b58715196d
England,E12000002,E08000003,Manchester,MANCH_29582b2136a3,62892f9f7cec
England,E12000002,E08000003,Manchester,MANCH_d5d21e8dc25c,9eb4e8f1ff9e
England,E12000002,E08000003,Manchester,MANCH_e9d661e2c343,4f2fb61c05f5
England,E12000002,E08000003,Manchester,MANCH_538afc558aec,920dd5924d76
England,E12000002,E08000003,Manchester,MANCH_2a74d6ae0cbe,c39b1b976fdd
England,E12000002,E08000003,Manchester,MANCH_d2fb888f2911,12d2088a9ff7
England,E12000002,E08000003,Manchester,MANCH_a73091390d51,0c253651f3b4
England,E12000002,E08000003,Manchester,MANCH_2b89b2d223e8,ac10730948b9
England,E12000002,E08000003,Manchester,MANCH_bf4591b5102d,516f9d005fd6
England,E12000002,E08000003,Manchester,MANCH_8bdb33549679,aceb7e79a714
England,E12000002,E08000003,Manchester,MANCH_8da0682bbbcd,0ccb031682cf
England,E12000002,E08000003,Manchester,MANCH_62b62da2b88d,22ce49a45bd1
England,E12000002,E08000003,Manchester,MANCH_f260b257290b,760419e76eaf
England,E12000002,E08000003,Manchester,MANCH_b505cf2bd740,3a84eb7b9db2
England,E12000002,E08000003,Manchester,MANCH_766db2142476,c1ad1448ba2c
England,E12000002,E08000003,Manchester,MANCH_b1504c789869,c5cbb8cfe7f1
England,E12000002,E08000003,Manchester,MANCH_c9d0493ccc58,35bf1cc455d8
England,E12000002,E08000003,Manchester,MANCH_4c7e03e13fec,6b8d8f40e908
England,E12000002,E08000003,Manchester,MANCH_ad29b49bc703,f4378b8414b6
England,E12000002,E08000003,Manchester,MANCH_dd3926d15ed7,83bfd753edc6
England,E12000002,E08000003,Manchester,MANCH_4f1ccb9b349c,7e5690fcb39c
England,E12000002,E08000003,Manchester,MANCH_6fb10ec6aa70,283b44eb00a7
England,E12000002,E08000003,Manchester,MANCH_69f9b7d973a9,4f9520a121d9
England,E12000002,E08000003,Manchester,MANCH_2117e37a8e09,8319ce3bf30a
England,E12000002,E08000003,Manchester,MANCH_4cc8786b0785,86a8f9c18c4a
England,E12000002,E08000003,Manchester,MANCH_eb11f2331a99,e1635e600ee8
England,E12000002,E08000003,Manchester,MANCH_f71fee743245,fccf2a858ab6
England,E12000002,E08000003,Manchester,MANCH_15dedccd0800,86619f55fbdf
England,E12000002,E08000003,Manchester,MANCH_fb86698875cb,0090b1990371
England,E12000002,E08000003,Manchester,MANCH_bcf231d7e2b4,0cb8e022bab2
England,E12000002,E08000003,Manchester,MANCH_8b37ffa5bce3,474f3944b6fc
England,E12000002,E08000003,Manchester,MANCH_7097dfb98ae7,12ebcecdf6e8
England,E12000002,E08000003,Manchester,MANCH_e51a9824847f,e40f003ea1b2
England,E12000002,E08000003,Manchester,MANCH_98a6ffebfe0f,152816c6d764
England,E12000002,E08000003,Manchester,MANCH_ad798c822413,8420325b2376
England,E12000002,E08000003,Manchester,MANCH_467440a51dba,5b90a5d4cb1e
England,E12000002,E08000003,Manchester,MANCH_4dd18db28e2b,dbef4f886b9d
England,E12000002,E08000003,Manchester,MANCH_14b960ff1576,fda85045cdbb
England,E12000002,E08000003,Manchester,MANCH_d1e1d90b9037,273dbe808b3d
England,E12000002,E08000003,Manchester,MANCH_7ad1ac3d11fa,07a0d085286d
England,E12000002,E08000003,Manchester,MANCH_37aab626e624,046506e13905
England,E12000002,E08000003,Manchester,MANCH_7e29065c569f,40f80347bfbf
England,E12000002,E08000003,Manchester,MANCH_60cf98d3e96a,0c4d0dfde4ab
England,E12000002,E08000003,Manchester,MANCH_20f5a1f50d7f,a16e2199bf33
England,E12000002,E08000003,Manchester,MANCH_07a5d88a8bab,2f73c78a8db3
England,E12000002,E08000003,Manchester,MANCH_7f8f930b588e,bbffa5ae9709
England,E12000002,E08000003,Manchester,MANCH_472a5218af6c,026650494d7b
England,E12000002,E08000003,Manchester,MANCH_ab561b168fc2,66b392755ccf
England,E12000002,E08000003,Manchester,MANCH_58764e583a44,d25f2fd4d6ec
England,E12000002,E08000003,Manchester,MANCH_edc4c8b3f01c,2713e7acdfec
England,E12000002,E08000003,Manchester,MANCH_4ea0e76ac985,dd8b85cdb1e0
England,E12000002,E08000003,Manchester,MANCH_74df96e78aae,049fe33df5f1
England,E12000002,E08000003,Manchester,MANCH_2b0d3644a7a2,18df463e37d5
England,E12000002,E08000003,Manchester,MANCH_d945eae1de07,44cc1605aa0b
England,E12000002,E08000003,Manchester,MANCH_60b0667f5f10,ad335f024477
England,E12000002,E08000003,Manchester,MANCH_f59e322d80ef,62b0de4e2ad8
England,E12000002,E08000003,Manchester,MANCH_51b831043650,ef5b0ac72909
England,E12000002,E08000003,Manchester,MANCH_81c631213bc3,ce6efc55062c
England,E12000002,E08000003,Manchester,MANCH_00502f9902e8,23d171440d68
England,E12000002,E08000003,Manchester,MANCH_3fc6f728b3b9,c4be1c32acd3
England,E12000002,E08000003,Manchester,MANCH_6df718f786e8,98620671afda
England,E12000002,E08000003,Manchester,MANCH_14f55ab1fbcd,58650df39c13
England,E12000002,E08000003,Manchester,MANCH_bed1ff89e28e,5c67c52a076c
England,E12000002,E08000003,Manchester,MANCH_c99e35d01e2a,a325f0c2e0c9
England,E12000002,E08000003,Manchester,MANCH_0681900f8a1f,a1fbb4ac165b
England,E12000002,E08000003,Manchester,MANCH_2f1e338686e1,f34d4b5bfd5a
England,E12000002,E08000003,Manchester,MANCH_a5774ec5c7e6,aadf77525145
England,E12000002,E08000003,Manchester,MANCH_ae63bcbecba4,c752ab75b89d
England,E12000002,E08000003,Manchester,MANCH_ea9112513692,d4497837531e
England,E12000002,E08000003,Manchester,MANCH_fe9a9acfd68f,9e9e787dc142
England,E12000002,E08000003,Manchester,MANCH_c7e6d302af6a,9dd8529b196d
England,E12000002,E08000003,Manchester,MANCH_a9e34ef6913b,ef492eceda7b
England,E12000002,E08000003,Manchester,MANCH_a34121244776,c9881bd0a8c7
England,E12000002,E08000003,Manchester,MANCH_4c7ad14083c3,b86016af3bbe
England,E12000002,E08000003,Manchester,MANCH_e2f8ec7dc64e,42ce74a1221d
England,E12000002,E08000003,Manchester,MANCH_92b835a162d1,b6cadf8498d2
England,E12000002,E08000003,Manchester,MANCH_697c820cf84f,fe7f2605954b
England,E12000002,E08000003,Manchester,MANCH_59e118d12932,4b487ae6b10b
England,E12000002,E08000003,Manchester,MANCH_fef95ac1ea71,a7de27d7d0d1
England,E12000002,E08000003,Manchester,MANCH_0b92a4d5bdb2,ec85fb0623e3
England,E12000002,E08000003,Manchester,MANCH_d56ceaff644a,a53540311aad
England,E12000002,E08000003,Manchester,MANCH_cab1d9f37cff,95cb591b44c0
England,E12000002,E08000003,Manchester,MANCH_63b55cbed332,ad3664d8ee49
England,E12000002,E08000003,Manchester,MANCH_a32fd0603ed2,87fca9b97878
England,E12000002,E08000003,Manchester,MANCH_686bcc1e8cd5,9c77ca2d904d
England,E12000002,E08000003,Manchester,MANCH_ac5647c91896,6edc6f461c42
England,E12000002,E08000003,Manchester,MANCH_ce505487b6b5,0017aa492c59
England,E12000002,E08000003,Manchester,MANCH_8335cfa50dcd,50eed5c8ca98
England,E12000002,E08000003,Manchester,MANCH_92c7be10f857,641c7d4e71df
England,E12000002,E08000003,Manchester,MANCH_406382771e19,64398de76ca3
England,E12000002,E08000003,Manchester,MANCH_9ded35f34a79,4d8fb4dfb8e2
England,E12000002,E08000003,Manchester,MANCH_b68013215c21,75c243fb56ec
England,E12000002,E08000003,Manchester,MANCH_5e9c5389b6ab,652736b61741
England,E12000002,E08000003,Manchester,MANCH_a015f9ca4449,b6193677a406
England,E12000002,E08000003,Manchester,MANCH_e7d15a13a6f9,644b546727fb
England,E12000002,E08000003,Manchester,MANCH_71d4c78a6a7d,3f58d52c4d6c
England,E12000002,E08000003,Manchester,MANCH_b3684308fa7d,0bcb4ad33b6f
England,E12000002,E08000003,Manchester,MANCH_2928582aff5f,75f81f623322
England,E12000002,E08000003,Manchester,MANCH_506e7a30202b,c381b43b9164
England,E12000002,E08000003,Manchester,MANCH_c0d455c5cb5e,a35cf9e9056f
England,E12000002,E08000003,Manchester,MANCH_591be3fade80,b8b62a6dea1b
England,E12000002,E08000003,Manchester,MANCH_0ee88522817f,675b118d328d
England,E12000002,E08000003,Manchester,MANCH_06ff0243396b,265cf4c8eb83
England,E12000002,E08000003,Manchester,MANCH_6acdc0af54f2,c16c93d1cb52
England,E12000002,E08000003,Manchester,MANCH_3a6d63c56068,edacc5901a1d
England,E12000002,E08000003,Manchester,MANCH_553ea0db5603,fc4003e794a1
England,E12000002,E08000003,Manchester,MANCH_be3749f3927a,c2aac8b1aaaf
England,E12000002,E08000003,Manchester,MANCH_7ca291e45130,e0d83d05d2f1
England,E12000002,E08000003,Manchester,MANCH_51b770f6fdbd,b616b6e48fb7
England,E12000002,E08000003,Manchester,MANCH_59cf8a98eb94,4db197c44418
England,E12000002,E08000003,Manchester,MANCH_82ed2447d2e5,93017fc7c2c8
England,E12000002,E08000003,Manchester,MANCH_cd121ad704ee,ab219f77889c
England,E12000002,E08000003,Manchester,MANCH_08cce3d2999f,ec1ebb6ae263
England,E12000002,E08000003,Manchester,MANCH_251e330737e4,9e4d96d5c03f
England,E12000002,E08000003,Manchester,MANCH_a26f2aa78831,6b8c5f989253
England,E12000002,E08000003,Manchester,MANCH_5dd5a390dfd8,9500a2fa0e2e
England,E12000002,E08000003,Manchester,MANCH_4ca773a8f399,a84903721085
England,E12000002,E08000003,Manchester,MANCH_7e271e5786fe,53d4de4299e8
England,E12000002,E08000003,Manchester,MANCH_8dca6f50eee9,df58cc07e34b
England,E12000002,E08000003,Manchester,MANCH_c4b12a16a236,66798ec86b16
England,E12000002,E08000003,Manchester,MANCH_6009a321fd7a,ba0cfb7a39fd
England,E12000002,E08000003,Manchester,MANCH_1fea40054aa0,5939dbcf5596
England,E12000002,E08000003,Manchester,MANCH_b9a29a8ae853,d046b5648faa
England,E12000002,E08000003,Manchester,MANCH_85b246e27187,ae22ed0f85c4
England,E12000002,E08000003,Manchester,MANCH_9399083e5f14,54b6b2929188
England,E12000002,E08000003,Manchester,MANCH_95b789721843,b658a3775476
England,E12000002,E08000003,Manchester,MANCH_f2dff3c4e0d6,ec8638c9acfb
England,E12000002,E08000003,Manchester,MANCH_b455175fe05e,f02257911b5e
England,E12000002,E08000003,Manchester,MANCH_a27d14efd763,199b567bbf22
England,E12000002,E08000003,Manchester,MANCH_660f844cef0f,c207a5720725
England,E12000002,E08000003,Manchester,MANCH_78acb0fde356,74192dd6f494
England,E12000002,E08000003,Manchester,MANCH_006d78481de6,b9ebc4cc7eb6
England,E12000002,E08000003,Manchester,MANCH_f0a1ede3268b,c1a13788ea55
England,E12000002,E08000003,Manchester,MANCH_b424da191856,0200592cb5b9
England,E12000002,E08000003,Manchester,MANCH_b46a7b03b06c,a0a1d3021d9f
England,E12000002,E08000003,Manchester,MANCH_9698ee87501a,6caa87a927b0
England,E12000002,E08000003,Manchester,MANCH_edb678e54156,4e462f296ed6
England,E12000002,E08000003,Manchester,MANCH_a116aa80be4d,b4c5aa42e170
England,E12000002,E08000003,Manchester,MANCH_881207715034,e17a2f362853
England,E12000002,E08000003,Manchester,MANCH_c2d8af63b03b,610af5446c0f
England,E12000002,E08000003,Manchester,MANCH_5c6760e0cb3b,bd0f43bff310
England,E12000002,E08000003,Manchester,MANCH_881f6910a4d5,5bfcc1459b0f
England,E12000002,E08000003,Manchester,MANCH_14af40121d35,07cbfac6bbff
England,E12000002,E08000003,Manchester,MANCH_4179856c87a9,6effa501c080
England,E12000002,E08000003,Manchester,MANCH_b8b25c6b51f7,58951bc2ccbf
England,E12000002,E08000003,Manchester,MANCH_3151daa55a63,92d2910984d0
England,E12000002,E08000003,Manchester,MANCH_829d32946e19,cc6d565e86e9
England,E12000002,E08000003,Manchester,MANCH_f80b3e3ed9ba,044535217bca
England,E12000002,E08000003,Manchester,MANCH_0ea9ed1ab134,8821071d1066
England,E12000002,E08000003,Manchester,MANCH_f28d6cf1dc45,57ac1089e55d
England,E12000002,E08000003,Manchester,MANCH_ec13510d4d1c,5b2f31d0562d
England,E12000002,E08000003,Manchester,MANCH_f3ce725af153,a38449ea279a
England,E12000002,E08000003,Manchester,MANCH_6dae2bf96208,7eea24003f46
England,E12000002,E08000003,Manchester,MANCH_7179f33c96d0,e77c4140ad05
England,E12000002,E08000003,Manchester,MANCH_de5d26093fd6,b6ffb6a9e876
England,E12000002,E08000003,Manchester,MANCH_6654d6cb9f73,6d6d6aa3cad0
England,E12000002,E08000003,Manchester,MANCH_f93459ff0d13,e79ec58655b5
England,E12000002,E08000003,Manchester,MANCH_f0d570cccb4a,b9c3e3f7f5d5
England,E12000002,E08000003,Manchester,MANCH_12badf9fb62f,bb7000c848e6
England,E12000002,E08000003,Manchester,MANCH_1c3ef6386b97,4d95d5cdfbd9
England,E12000002,E08000003,Manchester,MANCH_9ca54faa0b83,6b03b84f0a68
England,E12000002,E08000003,Manchester,MANCH_d3f5dbb357c0,12e3f9db8952
England,E12000002,E08000003,Manchester,MANCH_77e3aef7680d,693a7f018831
England,E12000002,E08000003,Manchester,MANCH_3f0e7c77c3ff,455381887088
England,E12000002,E08000003,Manchester,MANCH_5cc82172bf68,f2e6697d8672
England,E12000002,E08000003,Manchester,MANCH_638efcec13db,ab6d8b7654c3
England,E12000002,E08000003,Manchester,MANCH_a135673867e9,745ddb532a11
England,E12000002,E08000003,Manchester,MANCH_0e75ab120d1f,d47b09b3f872
England,E12000002,E08000003,Manchester,MANCH_d24249c7fc27,f9f5bacde792
England,E12000002,E08000003,Manchester,MANCH_231b52ffde27,a9e0997c6c5e
England,E12000002,E08000003,Manchester,MANCH_5bfbde3fa40d,616dc27eb13d
England,E12000002,E08000003,Manchester,MANCH_a3c58941a4c9,94b6f84825c8
England,E12000002,E08000003,Manchester,MANCH_645a254af7a7,aad5f519c9ee
England,E12000002,E08000003,Manchester,MANCH_baa082e90e70,c2eb24818cc5
England,E12000002,E08000003,Manchester,MANCH_807274d1cc6b,78cfd248dd0e
England,E12000002,E08000003,Manchester,MANCH_920920715aea,6e7be39d262d
England,E12000002,E08000003,Manchester,MANCH_2d052ad4a958,fca8a15f1c00
England,E12000002,E08000003,Manchester,MANCH_eb4ae9b14f5a,5bf380dfaa1d
England,E12000002,E08000003,Manchester,MANCH_e88ce16c662a,04329931a593
England,E12000002,E08000003,Manchester,MANCH_ea165ab548df,ff025634cc0e
England,E12000002,E08000003,Manchester,MANCH_2ec049e5c543,877be8578dae
England,E12000002,E08000003,Manchester,MANCH_1d79b34a5c36,d50d9ac85a7d
England,E12000002,E08000003,Manchester,MANCH_62d3f4cceae1,954a313a12c2
England,E12000002,E08000003,Manchester,MANCH_6a623dc88d62,6037e9506ea6
England,E12000002,E08000003,Manchester,MANCH_064a6df7a714,39dd245f6819
England,E12000002,E08000003,Manchester,MANCH_1bf3825b227e,234640856586
England,E12000002,E08000003,Manchester,MANCH_8dc38780503b,de9157c9a9c2
England,E12000002,E08000003,Manchester,MANCH_75989da50320,9a03268c6d7b
England,E12000002,E08000003,Manchester,MANCH_860dc0c1dba7,38265bb25869
England,E12000002,E08000003,Manchester,MANCH_38d74f532c01,b28cb8a340db
England,E12000002,E08000003,Manchester,MANCH_0666747a3340,6e4b04b18df9
England,E12000002,E08000003,Manchester,MANCH_2e19d7891a36,06cec560ae90
England,E12000002,E08000003,Manchester,MANCH_4717fc76e91a,6f62c55872c0
England,E12000002,E08000003,Manchester,MANCH_8005bee2ad9d,4d30e35d023c
England,E12000002,E08000003,Manchester,MANCH_c1199009c592,0f45d34995c2
England,E12000002,E08000003,Manchester,MANCH_6ec4f8a8bf29,ce2ad30c7897
England,E12000002,E08000003,Manchester,MANCH_f5e280635b99,8a585db8a064
England,E12000002,E08000003,Manchester,MANCH_a6ec70fa1a6e,83d9b8a1dfff
England,E12000002,E08000003,Manchester,MANCH_77f573939975,f33414a236f9
England,E12000002,E08000003,Manchester,MANCH_e24adf67566f,5af7e1198f5c
England,E12000002,E08000003,Manchester,MANCH_1c7334422a1c,cbf260300d4e
England,E12000002,E08000003,Manchester,MANCH_ef8d48bec8a9,4cf156e3c455
England,E12000002,E08000003,Manchester,MANCH_ded9682cc071,57015f37bb2f
England,E12000002,E08000003,Manchester,MANCH_e21cb3d15bd2,2178ca8771b5
England,E12000002,E08000003,Manchester,MANCH_d2122ab1edf7,bb3b28d8a68a
England,E12000002,E08000003,Manchester,MANCH_ff2ce907482d,76bea7881c1c
England,E12000002,E08000003,Manchester,MANCH_914819c29658,d365ad92fe5f
England,E12000002,E08000003,Manchester,MANCH_87d6691838b8,c8aefabb9229
England,E12000002,E08000003,Manchester,MANCH_94042419269a,92e5fd8dd77e
England,E12000002,E08000003,Manchester,MANCH_7e2fdf925ef7,1acedc7bc078
England,E12000002,E08000003,Manchester,MANCH_72e581ef0ccb,9420b21bed70
England,E12000002,E08000003,Manchester,MANCH_edb73d7aeea7,a4f8666c4cc5
England,E12000002,E08000003,Manchester,MANCH_a3264b583f5b,4215ec1a0813
England,E12000002,E08000003,Manchester,MANCH_50b155c76ec7,3d5d3956338f
England,E12000002,E08000003,Manchester,MANCH_3c297cf127cd,402ec5275ab2
England,E12000002,E08000003,Manchester,MANCH_b23a9a536987,9c87fa8fad05
England,E12000002,E08000003,Manchester,MANCH_e608b1117c0d,2a7a81bb667c
England,E12000002,E08000003,Manchester,MANCH_d9f9b2b3fadb,61c2de3cb416
England,E12000002,E08000003,Manchester,MANCH_13923b528581,40eb57888c90
England,E12000002,E08000003,Manchester,MANCH_2000731c6f76,1a15092b7046
England,E12000002,E08000003,Manchester,MANCH_0913326072c2,4a327875a28e
England,E12000002,E08000003,Manchester,MANCH_7c71d3be665c,af81b88008cf
England,E12000002,E08000003,Manchester,MANCH_5c7ca2b75664,99c3f3df2fa6
England,E12000002,E08000003,Manchester,MANCH_05d04c38afa4,dee5958c4275
England,E12000002,E08000003,Manchester,MANCH_0548ba9e2c1c,5bd9a2f30ce7
England,E12000002,E08000003,Manchester,MANCH_2db3bfd17a3a,377d66b83e36
England,E12000002,E08000003,Manchester,MANCH_d4233b4619b0,01a0e15034e9
England,E12000002,E08000003,Manchester,MANCH_f845a0f2a244,5a6dd2092650
England,E12000002,E08000003,Manchester,MANCH_c319518e8a71,8e41e764a487
England,E12000002,E08000003,Manchester,MANCH_0825aaa6016a,ec68f898c848
England,E12000002,E08000003,Manchester,MANCH_1f793a49154e,518eec650bd9
England,E12000002,E08000003,Manchester,MANCH_b825766449c3,95208ea53839
England,E12000002,E08000003,Manchester,MANCH_d9d8793fac6d,f37efea83560
England,E12000002,E08000003,Manchester,MANCH_e4909347fd3b,969737bcd0c2
England,E12000002,E08000003,Manchester,MANCH_5f2b19b52330,2ad3ab4ed8c0
England,E12000002,E08000003,Manchester,MANCH_15d16d6fe143,d9ab28c4a5fb
England,E12000002,E08000003,Manchester,MANCH_af3390aeb74d,a611a245f7a8
England,E12000002,E08000003,Manchester,MANCH_41fa9e3554e3,ad9715b17047
England,E12000002,E08000003,Manchester,MANCH_fd0b4894cc89,c84383a6b57b
England,E12000002,E08000003,Manchester,MANCH_50568e599517,f4350c64ff1e
England,E12000002,E08000003,Manchester,MANCH_e9f80196c18d,d11aa7d5d5ef
England,E12000002,E08000003,Manchester,MANCH_b35ecd153f26,9bcafbde7a54
England,E12000002,E08000003,Manchester,MANCH_2a84a5694230,fdd4babac1e7
England,E12000002,E08000003,Manchester,MANCH_accca63fdc2b,d952c7533e8f
England,E12000002,E08000003,Manchester,MANCH_a4efffeebb9b,515beb745164
England,E12000002,E08000003,Manchester,MANCH_2141a6fb99d4,f7e4b73ecddb
England,E12000002,E08000003,Manchester,MANCH_5a98cdfd6dbb,92c5dd481acd
England,E12000002,E08000003,Manchester,MANCH_2d59858e8a15,8f4b6be8832f
England,E12000002,E08000003,Manchester,MANCH_d89f1ee59047,94636978680c
England,E12000002,E08000003,Manchester,MANCH_2cd5a5bea52a,97f8a5782080
England,E12000002,E08000003,Manchester,MANCH_4127290f1021,048406213bd0
England,E12000002,E08000003,Manchester,MANCH_14db1222f3f6,daa78b67e8ba
England,E12000002,E08000003,Manchester,MANCH_084a629d7946,7a304c3f1b02
England,E12000002,E08000003,Manchester,MANCH_151b7c4ff4f6,26c7f2ed09f8
England,E12000002,E08000003,Manchester,MANCH_e1b42fc7b8e9,5331fc1172bb
England,E12000002,E08000003,Manchester,MANCH_fae443dde9e2,4a45317e30ab
England,E12000002,E08000003,Manchester,MANCH_7b169a103251,a712a296c7af
England,E12000002,E08000003,Manchester,MANCH_45073d618bec,63b1bc2e9aba
England,E12000002,E08000003,Manchester,MANCH_8c8031bd052d,bb5e67cc62d6
England,E12000002,E08000003,Manchester,MANCH_80f07b154f1c,0ae3a1009cae
England,E12000002,E08000003,Manchester,MANCH_35a5577d733d,63844cdbb946
England,E12000002,E08000003,Manchester,MANCH_d733834962cc,9a45d00a9b02
England,E12000002,E08000003,Manchester,MANCH_85ef1b89ab05,bd02732ee736
England,E12000002,E08000003,Manchester,MANCH_48cb7328dee7,44bfd0c0dd63
England,E12000002,E08000003,Manchester,MANCH_f47ef42c3252,dcbec65472cc
England,E12000002,E08000003,Manchester,MANCH_b9b558678434,6754107165c9
England,E12000002,E08000003,Manchester,MANCH_5defa78b4706,5706c398980d
England,E12000002,E08000003,Manchester,MANCH_7d6b1439fbb8,4a0ae40bfd8c
England,E12000002,E08000003,Manchester,MANCH_b90ffb9e00e1,b4a40a0c28aa
England,E12000002,E08000003,Manchester,MANCH_045f561808ea,13748a16fb1c
England,E12000002,E08000003,Manchester,MANCH_456c9cedf0f0,394908ab21dd
England,E12000002,E08000003,Manchester,MANCH_aa08057cd301,62c82aee3eeb
England,E12000002,E08000003,Manchester,MANCH_2b0647cc5438,29ebd9aa5b57
England,E12000002,E08000003,Manchester,MANCH_cf55298471ae,5c208696de75
England,E12000002,E08000003,Manchester,MANCH_b4ddc83acf47,d3cd20aaa28b
England,E12000002,E08000003,Manchester,MANCH_48946e4b9eab,2bca17ae0712
England,E12000002,E08000003,Manchester,MANCH_68cd8d3c1010,089177eb2847
England,E12000002,E08000003,Manchester,MANCH_5a54810dbdb9,e5b47679af5a
England,E12000002,E08000003,Manchester,MANCH_2af3480b949a,d5fe9ce76ab4
England,E12000002,E08000003,Manchester,MANCH_51b80b639180,033b86775906
England,E12000002,E08000003,Manchester,MANCH_0d0594937841,f136c9baf825
England,E12000002,E08000003,Manchester,MANCH_d2acd9089f6a,d68173b11430
England,E12000002,E08000003,Manchester,MANCH_500dbe8b48ee,79c346acf3ea
England,E12000002,E08000003,Manchester,MANCH_032092fc73dc,3122576ac6ad
England,E12000002,E08000003,Manchester,MANCH_1fb5951c17c3,a878129a1a8c
England,E12000002,E08000003,Manchester,MANCH_dc2dc76f5152,df526db50e6e
England,E12000002,E08000003,Manchester,MANCH_302cf841aae6,7db0ab5aaecb
England,E12000002,E08000003,Manchester,MANCH_19ffac6f2768,76760bc26f7d
England,E12000002,E08000003,Manchester,MANCH_6fea778bf190,ec24d775e4ab
England,E12000002,E08000003,Manchester,MANCH_d76eea78b3dd,ae45a971d12d
England,E12000002,E08000003,Manchester,MANCH_33d4f81219c3,e50e1b26e332
England,E12000002,E08000003,Manchester,MANCH_8ed9206671bb,5ed69d3cad74
England,E12000002,E08000003,Manchester,MANCH_3b8b066d8b4f,a64f2b4b652e
England,E12000002,E08000003,Manchester,MANCH_3f39cfc739f9,75b88a2a91fb
England,E12000002,E08000003,Manchester,MANCH_19e6ea8b5d1f,d3db0b72179b
England,E12000002,E08000003,Manchester,MANCH_3dcea19915f8,4946c30f6e97
England,E12000002,E08000003,Manchester,MANCH_a24c04849a3f,61fd37cf6101
England,E12000002,E08000003,Manchester,MANCH_3f1a4149ebeb,b2a37707b270
England,E12000002,E08000003,Manchester,MANCH_fbb7d9efeb00,b0ed6205c70b
England,E12000002,E08000003,Manchester,MANCH_62c4e1cfe3fc,2b0e414cebd2
England,E12000002,E08000003,Manchester,MANCH_9c91cfae08b4,020fa6f78f6e
England,E12000002,E08000003,Manchester,MANCH_c746b468c2e9,d727e8f6ac79
England,E12000002,E08000003,Manchester,MANCH_5856565e5bda,3a5e76a36ff6
England,E12000002,E08000003,Manchester,MANCH_24c9dfdbfacc,2692dbd28aa0
England,E12000002,E08000003,Manchester,MANCH_e2502673cec5,bf27aca25fa6
England,E12000002,E08000003,Manchester,MANCH_70a74e9759a7,ea54a73d0a14
England,E12000002,E08000003,Manchester,MANCH_b26eee0c6f69,d2f9d6e6a008
England,E12000002,E08000003,Manchester,MANCH_4f760155313c,1b2866c0fe93
England,E12000002,E08000003,Manchester,MANCH_18197965c292,869837c2f04b
England,E12000002,E08000003,Manchester,MANCH_043cca4b2e3a,f85941fd3f9a
England,E12000002,E08000003,Manchester,MANCH_ba85ec05da7d,29a517bf01d2
England,E12000002,E08000003,Manchester,MANCH_f06c839ae98f,08af8017424b
England,E12000002,E08000003,Manchester,MANCH_d40cefce346a,7f3dbb3079a0
England,E12000002,E08000003,Manchester,MANCH_07d1a13c6b19,55fbe49f3e2d
England,E12000002,E08000003,Manchester,MANCH_9f01d48fb6d2,df5e7fed3807
England,E12000002,E08000003,Manchester,MANCH_caea9ee05414,6a737ceebfd1
England,E12000002,E08000003,Manchester,MANCH_da998fe36ddc,0d307ef02868
England,E12000002,E08000003,Manchester,MANCH_ac072ee2b6d6,ec574ce1ec31
England,E12000002,E08000003,Manchester,MANCH_f119eac08b96,6dd9604a977b
England,E12000002,E08000003,Manchester,MANCH_f3efe3b1c638,88721fd4577d
England,E12000002,E08000003,Manchester,MANCH_8c4b1af53c3c,75a50a148cf8
England,E12000002,E08000003,Manchester,MANCH_f46a71dd456b,35a97dfdd0d9
England,E12000002,E08000003,Manchester,MANCH_d2379e28313a,5306f65a2e28
England,E12000002,E08000003,Manchester,MANCH_984f0842fe38,5159bbd57c6c
England,E12000002,E08000003,Manchester,MANCH_97bf44bde103,e82c0c165c4e
England,E12000002,E08000003,Manchester,MANCH_f9940e62e0c0,630c326c10e0
England,E12000002,E08000003,Manchester,MANCH_a460e95d43b9,8d0da8df4f9b
England,E12000002,E08000003,Manchester,MANCH_c7aa9cec7973,46edff34a0bb
England,E12000002,E08000003,Manchester,MANCH_ca42cffd8050,2531f14edc60
England,E12000002,E08000003,Manchester,MANCH_fed302f29a8c,9aec9bc4766b
England,E12000002,E08000003,Manchester,MANCH_b7f1fee048f0,f86d72310f30
England,E12000002,E08000003,Manchester,MANCH_348e2bab742e,37c480e1a440
England,E12000002,E08000003,Manchester,MANCH_04b41429b6a6,311c3710ef56
England,E12000002,E08000003,Manchester,MANCH_1ce08b372966,62ba06c59b49
England,E12000002,E08000003,Manchester,MANCH_bfe34d1ec5a6,10b8880beb93
England,E12000002,E08000003,Manchester,MANCH_00b86d7e3641,b9e75aad4cff
England,E12000002,E08000003,Manchester,MANCH_c16fad7bfd36,eaae47741b08
England,E12000002,E08000003,Manchester,MANCH_baea48160c02,4d51026fa9c3
England,E12000002,E08000003,Manchester,MANCH_0dabfc245169,d96ff426e754
England,E12000002,E08000003,Manchester,MANCH_d11a58565762,9f56171344b5
England,E12000002,E08000003,Manchester,MANCH_63e72754cc7a,ac7197bca517
England,E12000002,E08000003,Manchester,MANCH_35a9a4c7f243,5d6a82e3d691
England,E12000002,E08000003,Manchester,MANCH_d80b472353ea,988c0a0836ff
England,E12000002,E08000003,Manchester,MANCH_2c6e0ee1fdec,5917c8b432e4
England,E12000002,E08000003,Manchester,MANCH_ed04eef547fc,2b01820cc533
England,E12000002,E08000003,Manchester,MANCH_4df2711d1f1f,159c663f7a7b
England,E12000002,E08000003,Manchester,MANCH_b89b2a99e044,aa4acca5d439
England,E12000002,E08000003,Manchester,MANCH_54e1751436ed,8448928ac8ea
England,E12000002,E08000003,Manchester,MANCH_3a2ad96d7e8e,891ac0a732a9
England,E12000002,E08000003,Manchester,MANCH_cdcf5f3d5d55,0f775a51464f
England,E12000002,E08000003,Manchester,MANCH_82e02a8efbdb,0dbed194f50c
England,E12000002,E08000003,Manchester,MANCH_f1d4e22626fb,0bfc65c67aa7
England,E12000002,E08000003,Manchester,MANCH_b009b95d597e,d62c17e92730
England,E12000002,E08000003,Manchester,MANCH_bd17d9eea99d,cbed74008cc3
England,E12000002,E08000003,Manchester,MANCH_aedc38431357,7001212fc82a
England,E12000002,E08000003,Manchester,MANCH_edfb0b1d9ea9,42c9f73c99c0
England,E12000002,E08000003,Manchester,MANCH_a95e1ed9263d,2e78557e4d03
England,E12000002,E08000003,Manchester,MANCH_7e3dbd528dfe,905234123796
England,E12000002,E08000003,Manchester,MANCH_c8a2804e8edd,bd2629f73b57
England,E12000002,E08000003,Manchester,MANCH_93eb61d1a090,41f21199feee
England,E12000002,E08000003,Manchester,MANCH_7864b8160248,28c272741af9
England,E12000002,E08000003,Manchester,MANCH_9f28b06a58b8,fbca54207641
England,E12000002,E08000003,Manchester,MANCH_97f2833c7aef,4e23f78e1a71
England,E12000002,E08000003,Manchester,MANCH_dba8dd87bb29,7b3d6bede990
England,E12000002,E08000003,Manchester,MANCH_8b681113b9ff,138ccedfa86d
England,E12000002,E08000003,Manchester,MANCH_01a82e1547fe,2e278820a99e
England,E12000002,E08000003,Manchester,MANCH_bfb75e7d9bca,162594c8e061
England,E12000002,E08000003,Manchester,MANCH_55783585a9c0,53542fb3ba35
England,E12000002,E08000003,Manchester,MANCH_9425e1338a03,db1907774402
England,E12000002,E08000003,Manchester,MANCH_c45100e7f9e7,0ae4169e3f9f
England,E12000002,E08000003,Manchester,MANCH_168295806857,410832587aaa
England,E12000002,E08000003,Manchester,MANCH_d84f8510ecc4,58f44d09ad71
England,E12000002,E08000003,Manchester,MANCH_68dd42fc19c0,bb593d76bb87
England,E12000002,E08000003,Manchester,MANCH_21abcbc47028,950722084ab4
England,E12000002,E08000003,Manchester,MANCH_bbe9b1d7382e,ccbec91b17d8
England,E12000002,E08000003,Manchester,MANCH_591c84ce5d14,9d17f3221eed
England,E12000002,E08000003,Manchester,MANCH_477140f3dd00,bf9faa8a690d
England,E12000002,E08000003,Manchester,MANCH_7b9e26351f8a,fc7bef69a96e
England,E12000002,E08000003,Manchester,MANCH_560acc723891,711ed56396ec
England,E12000002,E08000003,Manchester,MANCH_ba9aa94e681b,b401d0218184
England,E12000002,E08000003,Manchester,MANCH_fc6797e67840,7992eb4e1b81
England,E12000002,E08000003,Manchester,MANCH_6d81cc15c12e,d36736655ac2
England,E12000002,E08000003,Manchester,MANCH_38d2eefa0699,b40b9b7ef826
England,E12000002,E08000003,Manchester,MANCH_c37e818ea795,ec2e58033800
England,E12000002,E08000003,Manchester,MANCH_84320f5744e7,63a4b6ef1d5e
England,E12000002,E08000003,Manchester,MANCH_4f7b14a3e5b8,81b046721638
England,E12000002,E08000003,Manchester,MANCH_231e18c61f3d,9686c72ed3d1
England,E12000002,E08000003,Manchester,MANCH_3965006df847,5d6897e899a3
England,E12000002,E08000003,Manchester,MANCH_3882664fc3c4,3fe9450a0022
England,E12000002,E08000003,Manchester,MANCH_bb9ae112c3b8,77fd9b16e6d5
England,E12000002,E08000003,Manchester,MANCH_e31702bfa4bb,5394f5e48ae3
England,E12000002,E08000003,Manchester,MANCH_880832156710,8dc34910453f
England,E12000002,E08000003,Manchester,MANCH_071ffe14609a,99e875786dbb
England,E12000002,E08000003,Manchester,MANCH_03bc23200c38,62ca74a34a31
England,E12000002,E08000003,Manchester,MANCH_c3c750d3ac99,8da9d1f127d6
England,E12000002,E08000003,Manchester,MANCH_28a476a18e14,c8d87551494c
England,E12000002,E08000003,Manchester,MANCH_2f056d8b8198,380df711eede
England,E12000002,E08000003,Manchester,MANCH_c41cf68784e4,6462eba5f49e
England,E12000002,E08000003,Manchester,MANCH_2979c92c4901,f696bd2e78d3
England,E12000002,E08000003,Manchester,MANCH_93c6ae361301,9cdab0ff3f57
England,E12000002,E08000003,Manchester,MANCH_f40cc9450b4d,c8683b61b836
England,E12000002,E08000003,Manchester,MANCH_eabcd8dde04e,5e68591891c4
England,E12000002,E08000003,Manchester,MANCH_0b2bf0a0499e,8532f0b2b7f4
England,E12000002,E08000003,Manchester,MANCH_bf2cdec30794,a0a473829ca7
England,E12000002,E08000003,Manchester,MANCH_4d5729060c19,d3dd54831dc9
England,E12000002,E08000003,Manchester,MANCH_621b8413aa0f,18a4d21fafb8
England,E12000002,E08000003,Manchester,MANCH_4d49fa6671fe,9143ac803907
England,E12000002,E08000003,Manchester,MANCH_705a9834de6c,e54a50363e54
England,E12000002,E08000003,Manchester,MANCH_ce32f1b75128,9221fa567618
England,E12000002,E08000003,Manchester,MANCH_0f62ff1f2ffb,3ee7e900e72a
England,E12000002,E08000003,Manchester,MANCH_2ebbb829f958,e23bc3693845
England,E12000002,E08000003,Manchester,MANCH_c7d088328fd1,d44b766f85c0
England,E12000002,E08000003,Manchester,MANCH_6afd0f7bbe2b,ce34c7e9175f
England,E12000002,E08000003,Manchester,MANCH_dc85ca10adbc,d8b99b2a25d8
England,E12000002,E08000003,Manchester,MANCH_7414e456da5d,2a8fe34d6039
England,E12000002,E08000003,Manchester,MANCH_b618d07691c5,fbe967dee971
England,E12000002,E08000003,Manchester,MANCH_7a22b6ce0b1b,aeef7e5f8e0f
England,E12000002,E08000003,Manchester,MANCH_b9a7df36722b,e06d854f72aa
England,E12000002,E08000003,Manchester,MANCH_29425f2dda83,36eb4db09d0c
England,E12000002,E08000003,Manchester,MANCH_02c9fd535a25,656ed35b21c2
England,E12000002,E08000003,Manchester,MANCH_db02c2a6d26e,1754559b0cd1
England,E12000002,E08000003,Manchester,MANCH_9da447c6880e,2990a418bd00
England,E12000002,E08000003,Manchester,MANCH_57eefb93799e,187e50d7df51
England,E12000002,E08000003,Manchester,MANCH_ec3ced790131,057f032d6e4a
England,E12000002,E08000003,Manchester,MANCH_b9f114be7011,fd85d555c8d9
England,E12000002,E08000003,Manchester,MANCH_bb3c3a7e337b,f8cbb2326b2f
England,E12000002,E08000003,Manchester,MANCH_78be453da4c9,773c5ca00855
England,E12000002,E08000003,Manchester,MANCH_d91150cdc0a9,1427cf6887a9
England,E12000002,E08000003,Manchester,MANCH_f5c1a9798f5e,2973b6139f75
England,E12000002,E08000003,Manchester,MANCH_619f6b39aafa,7577181cacb8
England,E12000002,E08000003,Manchester,MANCH_9e51c3bd93cd,0f68c6c3b032
England,E12000002,E08000003,Manchester,MANCH_810fbb6f06d8,43dbbdd0caaf
England,E12000002,E08000003,Manchester,MANCH_b398de9e1ce6,22f7b4598c33
England,E12000002,E08000003,Manchester,MANCH_2c1c32c02a2e,f39b4bb44f42
England,E12000002,E08000003,Manchester,MANCH_5768364dd89a,adf40dfae20a
England,E12000002,E08000003,Manchester,MANCH_ca382a988e18,5156ae591c22
England,E12000002,E08000003,Manchester,MANCH_903b451c8829,1ef6852fc744
England,E12000002,E08000003,Manchester,MANCH_1a5ea447a7ba,06badc03398e
England,E12000002,E08000003,Manchester,MANCH_c9cb2e159885,9f5ff8459db6
England,E12000002,E08000003,Manchester,MANCH_727a29019d76,a04a9ba581f7
England,E12000002,E08000003,Manchester,MANCH_ff516559407f,4d3312d2d1b0
England,E12000002,E08000003,Manchester,MANCH_e0ed08d0ca39,8b4c74d9bb05
England,E12000002,E08000003,Manchester,MANCH_7c020b6fc1c3,217be7699443
England,E12000002,E08000003,Manchester,MANCH_7a2082cc4fb6,dfbae59eba11
England,E12000002,E08000003,Manchester,MANCH_a5beb4ca4945,1c9cf8d5cbbd
England,E12000002,E08000003,Manchester,MANCH_82c3865b8ca6,bed1e41fed58
England,E12000002,E08000003,Manchester,MANCH_7e4e5b66ad99,7e516e2dd863
England,E12000002,E08000003,Manchester,MANCH_c92ff205988c,fc346fa924a1
England,E12000002,E08000003,Manchester,MANCH_434d32ae0412,292620ac679e
England,E12000002,E08000003,Manchester,MANCH_a0e1187e7ff7,1f58e65940d8
England,E12000002,E08000003,Manchester,MANCH_78eb863f67cd,54090048454d
England,E12000002,E08000003,Manchester,MANCH_a4e3804bc22d,78d751371a6c
England,E12000002,E08000003,Manchester,MANCH_e51d8d1a008a,eeac5253f282
England,E12000002,E08000003,Manchester,MANCH_d8b0b5049114,4d62610ba3a5
England,E12000002,E08000003,Manchester,MANCH_5fa03e05e572,571c0fc66b30
England,E12000002,E08000003,Manchester,MANCH_351961a75ea3,8233563123cc
England,E12000002,E08000003,Manchester,MANCH_f790c5b4f02a,461022f117da
England,E12000002,E08000003,Manchester,MANCH_fccb1ea59d2a,bbaa3931a27e
England,E12000002,E08000003,Manchester,MANCH_847ba8c29cfe,48eca2ec7ee1
England,E12000002,E08000003,Manchester,MANCH_5f113071f050,f4e07936b078
England,E12000002,E08000003,Manchester,MANCH_153dff42360a,9c64f8970ec4
England,E12000002,E08000003,Manchester,MANCH_9ce0f95bf902,adf50e0d8ff9
England,E12000002,E08000003,Manchester,MANCH_3ebfb4e0d353,93f8e88cb499
England,E12000002,E08000003,Manchester,MANCH_bef5ed4253a1,60dd31f04832
England,E12000002,E08000003,Manchester,MANCH_4067d157d757,5a6f9d119b64
England,E12000002,E08000003,Manchester,MANCH_c9cb31d1bb56,cc6b6dd7edef
England,E12000002,E08000003,Manchester,MANCH_d9a45bb6431c,131d6e270cbc
England,E12000002,E08000003,Manchester,MANCH_0c3937decf89,16c68ce97e9c
England,E12000002,E08000003,Manchester,MANCH_015cb103b983,0774195d31a0
England,E12000002,E08000003,Manchester,MANCH_4b4e3f69fbf9,c6f1a0029686
England,E12000002,E08000003,Manchester,MANCH_37f94e705f72,23ee66faeb32
England,E12000002,E08000003,Manchester,MANCH_edeb218e0802,78124bdae2f4
England,E12000002,E08000003,Manchester,MANCH_a2d0dcb8ef44,901fcf4e211c
England,E12000002,E08000003,Manchester,MANCH_346c616524c7,63212ca3b8ac
England,E12000002,E08000003,Manchester,MANCH_7bb1e2276a06,190c206be894
England,E12000002,E08000003,Manchester,MANCH_8377b8c52c5d,959c838779e6
England,E12000002,E08000003,Manchester,MANCH_01d646484ad7,b28438940d51
England,E12000002,E08000003,Manchester,MANCH_b01d1dbda0e4,abe1f6a08d88
England,E12000002,E08000003,Manchester,MANCH_52fb930db9d8,935b6c143d4c
England,E12000002,E08000003,Manchester,MANCH_112092d5f146,a56d1b2042d8
England,E12000002,E08000003,Manchester,MANCH_e629f53c4405,c591f188b0a2
England,E12000002,E08000003,Manchester,MANCH_e2618859e17d,8d2c91bdaf6f
England,E12000002,E08000003,Manchester,MANCH_b08d6a776aad,0993b3f4eb83
England,E12000002,E08000003,Manchester,MANCH_58cbc7da872e,c6ac7571ee21
England,E12000002,E08000003,Manchester,MANCH_71a8ced0a1bc,3d54e0c2b006
England,E12000002,E08000003,Manchester,MANCH_83b3a5585089,da81fcc07395
England,E12000002,E08000003,Manchester,MANCH_04722083f9f5,ad16a130c102
England,E12000002,E08000003,Manchester,MANCH_1bcb1e3857ae,1988c7287661
England,E12000002,E08000003,Manchester,MANCH_f38232ab4b33,ad6590307432
England,E12000002,E08000003,Manchester,MANCH_1c38464afe62,acc3a5ff03a7
England,E12000002,E08000003,Manchester,MANCH_c30614475dab,a80eb106cb5c
England,E12000002,E08000003,Manchester,MANCH_dabee4fc0d26,ac9a615e0a2d
England,E12000002,E08000003,Manchester,MANCH_c892b4d4eb6a,ce0ef53fea3e
England,E12000002,E08000003,Manchester,MANCH_0a465e17958b,0f8a39cc25c2
England,E12000002,E08000003,Manchester,MANCH_6ae520e2e0e2,1b2f0943299e
England,E12000002,E08000003,Manchester,MANCH_86cf53daa434,90e6d2350f41
England,E12000002,E08000003,Manchester,MANCH_58caaa488634,108a52ab2a33
England,E12000002,E08000003,Manchester,MANCH_df8b4d6a9f99,8a1abb6117c0
England,E12000002,E08000003,Manchester,MANCH_a821729d2b57,37d045da4063
England,E12000002,E08000003,Manchester,MANCH_836565fb6b2a,e2c0a2aa5c56
England,E12000002,E08000003,Manchester,MANCH_71eeea53fef3,64e09db82793
England,E12000002,E08000003,Manchester,MANCH_afea6049ccbf,1404151a47dd
England,E12000002,E08000003,Manchester,MANCH_b30b4cdea933,a7a8193129b2
England,E12000002,E08000003,Manchester,MANCH_cf539a5b63ce,9b76d925eaca
England,E12000002,E08000003,Manchester,MANCH_ea94a261a9dd,8ec8510f46c4
England,E12000002,E08000003,Manchester,MANCH_bc6bc0e648a3,2bf948194d11
England,E12000002,E08000003,Manchester,MANCH_ada057f414ea,0310a8fa8b41
England,E12000002,E08000003,Manchester,MANCH_4dc773934d91,3ea01ba8d103
England,E12000002,E08000003,Manchester,MANCH_a692472d057c,9bd707219725
England,E12000002,E08000003,Manchester,MANCH_2c632959f5f6,458b560e1fea
England,E12000002,E08000003,Manchester,MANCH_2399e3784717,fb89e6fdfafe
England,E12000002,E08000003,Manchester,MANCH_587c084ed9d6,4ef22ae5f3ad
England,E12000002,E08000003,Manchester,MANCH_ea2d86cc3540,60312b39ea78
England,E12000002,E08000003,Manchester,MANCH_70f64314e4a6,965c46aee737
England,E12000002,E08000003,Manchester,MANCH_5f0a982c7f59,cc0d926574f7
England,E12000002,E08000003,Manchester,MANCH_976e8f016a77,f865715acb95
England,E12000002,E08000003,Manchester,MANCH_0239644f380c,520dc2c46200
England,E12000002,E08000003,Manchester,MANCH_98fd8a0bbed1,5d9927b8e0e3
England,E12000002,E08000003,Manchester,MANCH_6ccaa38d691a,4349026d6e37
England,E12000002,E08000003,Manchester,MANCH_5a8d2f9e3ded,b71843f16b0a
England,E12000002,E08000003,Manchester,MANCH_8c5b77190067,dfa84fe9c0ac
England,E12000002,E08000003,Manchester,MANCH_a4ef0317a35b,a127b6578f5a
England,E12000002,E08000003,Manchester,MANCH_7dabc76dc2b2,21aaecae7649
England,E12000002,E08000003,Manchester,MANCH_f7fa729dfa45,2e1de538b3fc
England,E12000002,E08000003,Manchester,MANCH_d138532cc2bd,1424e1be01f3
England,E12000002,E08000003,Manchester,MANCH_e9de13a5c45e,f1794b559bb4
England,E12000002,E08000003,Manchester,MANCH_31e04e1706b5,5fd4bb736dad
England,E12000002,E08000003,Manchester,MANCH_35ec19107d0b,76c7c31f33c4
England,E12000002,E08000003,Manchester,MANCH_9f1d360eab62,2b5ab12fcf35
England,E12000002,E08000003,Manchester,MANCH_29bffa4cf7a9,b6505d94e815
England,E12000002,E08000003,Manchester,MANCH_b028c25fedd8,99aac9662cf5
England,E12000002,E08000003,Manchester,MANCH_398cd7390f48,cd28fbcc545e
England,E12000002,E08000003,Manchester,MANCH_7a6f79cc3be4,138f60a272bf
England,E12000002,E08000003,Manchester,MANCH_4bc88289505a,2b904b5c62eb
England,E12000002,E08000003,Manchester,MANCH_077efd3897e2,4eb51c46912e
England,E12000002,E08000003,Manchester,MANCH_92a850d6e5da,159af9deeaa9
England,E12000002,E08000003,Manchester,MANCH_0622d5aea45a,52b7053387fd
England,E12000002,E08000003,Manchester,MANCH_f1db2c5b2508,0010e64e2d1a
England,E12000002,E08000003,Manchester,MANCH_22b2e8fded71,f43d7bc7f0b2
England,E12000002,E08000003,Manchester,MANCH_052689522ecc,01cad199fcd1
England,E12000002,E08000003,Manchester,MANCH_02446c43a9f0,13e462e0e22f
England,E12000002,E08000003,Manchester,MANCH_7fd855fcae70,7c3a976fcb96
England,E12000002,E08000003,Manchester,MANCH_215e7bbf7df5,03967b8822bb
England,E12000002,E08000003,Manchester,MANCH_5e037a152bd3,f657b8be79c3
England,E12000002,E08000003,Manchester,MANCH_e9d863623112,5d950c8d7c40
England,E12000002,E08000003,Manchester,MANCH_b2aa54b7b7fc,a52d874c887a
England,E12000002,E08000003,Manchester,MANCH_2616403b52eb,cd7618775902
England,E12000002,E08000003,Manchester,MANCH_716c104a53c7,b5101360e903
England,E12000002,E08000003,Manchester,MANCH_67649691c8c8,aef943d9af67
England,E12000002,E08000003,Manchester,MANCH_99b47285b650,4c8b3e6787e8
England,E12000002,E08000003,Manchester,MANCH_094a79a71eec,cf61035ff85a
England,E12000002,E08000003,Manchester,MANCH_daf6f2067d3d,bf0ce4b5fb2e
England,E12000002,E08000003,Manchester,MANCH_ed0e29fc277f,563cc63cd788
England,E12000002,E08000003,Manchester,MANCH_29d7267a3e36,0badc9ab2677
England,E12000002,E08000003,Manchester,MANCH_f74c82181d82,1fc3f6dfbccc
England,E12000002,E08000003,Manchester,MANCH_cc14709cd2e5,0000676b7029
England,E12000002,E08000003,Manchester,MANCH_07d7c857bbbc,b91e871d121f
England,E12000002,E08000003,Manchester,MANCH_8c1fd2f226b2,0aa10b5b26b0
England,E12000002,E08000003,Manchester,MANCH_fc2aeb08cd86,b63acbd5d20a
England,E12000002,E08000003,Manchester,MANCH_6eacbb3e9cfc,15c233dec5d2
England,E12000002,E08000003,Manchester,MANCH_75462e4200a2,9c0e05ee6261
England,E12000002,E08000003,Manchester,MANCH_3bbb4ba3d52a,fcb7b50ae3be
England,E12000002,E08000003,Manchester,MANCH_051f5d72fa3d,846e0f601a7c
England,E12000002,E08000003,Manchester,MANCH_0a9de0573c70,9b087f306c23
England,E12000002,E08000003,Manchester,MANCH_fc7f4f94317a,2b94087cf2a3
England,E12000002,E08000003,Manchester,MANCH_25198f3452d2,f140e9a6c187
England,E12000002,E08000003,Manchester,MANCH_534dc4800901,3411c71af510
England,E12000002,E08000003,Manchester,MANCH_0605a14f9211,8392aca24130
England,E12000002,E08000003,Manchester,MANCH_8f0e6bbc7dee,91b6110ca8dd
England,E12000002,E08000003,Manchester,MANCH_c2cdee33ca97,8e1f2b7c0dec
England,E12000002,E08000003,Manchester,MANCH_c3f96cf500fe,8cbf15f02b5a
England,E12000002,E08000003,Manchester,MANCH_a9a529889353,44a745677bcd
England,E12000002,E08000003,Manchester,MANCH_0e0891044b6e,e9c4253ce43b
England,E12000002,E08000003,Manchester,MANCH_b38dafcca631,7c484fc03550
England,E12000002,E08000003,Manchester,MANCH_864f11092d03,3351a46507c0
England,E12000002,E08000003,Manchester,MANCH_27f5bd4fbe94,85b3744aa16d
England,E12000002,E08000003,Manchester,MANCH_cae34c2ed53a,9e9ed57cccdf
England,E12000002,E08000003,Manchester,MANCH_59c9ad92c63f,b54ec2167678
England,E12000002,E08000003,Manchester,MANCH_14ad44d6330a,582bab33f916
England,E12000002,E08000003,Manchester,MANCH_84cb6a117205,17ef07f8e50e
England,E12000002,E08000003,Manchester,MANCH_141c1c84039b,f36a343691eb
England,E12000002,E08000003,Manchester,MANCH_5e88c8fc0b94,c2f1b2f0419c
England,E12000002,E08000003,Manchester,MANCH_3dd09b0c2f0b,ae01206401b5
England,E12000002,E08000003,Manchester,MANCH_7186a33e6c65,41163d84172d
England,E12000002,E08000003,Manchester,MANCH_dcd63377fc2b,034b9999fe89
England,E12000002,E08000003,Manchester,MANCH_f8eca482be7f,c8d9fd4e2571
England,E12000002,E08000003,Manchester,MANCH_ce23dde51f6e,d25a4b4354ba
England,E12000002,E08000003,Manchester,MANCH_b28df13b98f1,0232c3179544
England,E12000002,E08000003,Manchester,MANCH_cf95c20e0d1f,ea22468f5356
England,E12000002,E08000003,Manchester,MANCH_86663d1fbb9b,cf34b2366e85
England,E12000002,E08000003,Manchester,MANCH_7eb9950f7478,ef866e72ccb6
England,E12000002,E08000003,Manchester,MANCH_78c288eaf679,7006a55b217f
England,E12000002,E08000003,Manchester,MANCH_f5f9cf9a2358,cb8014da5791
England,E12000002,E08000003,Manchester,MANCH_cc8c06747729,82748d2401b9
England,E12000002,E08000003,Manchester,MANCH_7a95976af927,b9e59f36e3ed
England,E12000002,E08000003,Manchester,MANCH_5035c7ef19d8,0a296d645dd6
England,E12000002,E08000003,Manchester,MANCH_a73aeb586c0c,ca1f7e7e9deb
England,E12000002,E08000003,Manchester,MANCH_2313559edae1,49627dd7766b
England,E12000002,E08000003,Manchester,MANCH_4b11a57187aa,917f2aa4ce3f
England,E12000002,E08000003,Manchester,MANCH_cb25985037bd,2ef4f3476ce3
England,E12000002,E08000003,Manchester,MANCH_ebd2dfb84367,ca3335fd89e0
England,E12000002,E08000003,Manchester,MANCH_502c4e447344,20800a5984b4
England,E12000002,E08000003,Manchester,MANCH_c745b338ba3e,54110c938d14
England,E12000002,E08000003,Manchester,MANCH_3d6909374b17,decc14934968
England,E12000002,E08000003,Manchester,MANCH_6d65391a2bad,e80be9420086
England,E12000002,E08000003,Manchester,MANCH_e7376f061118,cc52624fe4cb
England,E12000002,E08000003,Manchester,MANCH_558debb43a7a,e9ce2d2c59c7
England,E12000002,E08000003,Manchester,MANCH_c76a1f7dcb73,858a528100b3
England,E12000002,E08000003,Manchester,MANCH_a7c57d083351,cb73c15e4da3
England,E12000002,E08000003,Manchester,MANCH_0ea762f738a0,1f9dca3e3fb6
England,E12000002,E08000003,Manchester,MANCH_ffbeaf08fb3e,db239f07dc1a
England,E12000002,E08000003,Manchester,MANCH_8407e1a7aeb1,1ace28a76c2d
England,E12000002,E08000003,Manchester,MANCH_761e4dd3999d,2296262a0378
England,E12000002,E08000003,Manchester,MANCH_c1f0f8da0155,b40a51ff68ea
England,E12000002,E08000003,Manchester,MANCH_b5dbdf6254f6,7cbcbdde580e
England,E12000002,E08000003,Manchester,MANCH_3d1fb473c327,3bc7a564f4cb
England,E12000002,E08000003,Manchester,MANCH_47af32aa64ac,a8d7ab408d40
England,E12000002,E08000003,Manchester,MANCH_259b3fa140a7,c458d03189a7
England,E12000002,E08000003,Manchester,MANCH_7eb580398025,cb7013f8117c
England,E12000002,E08000003,Manchester,MANCH_44b0fc10b39e,c1c5314f3c76
England,E12000002,E08000003,Manchester,MANCH_0c0220bc4bb3,d8b6b8e630d8
England,E12000002,E08000003,Manchester,MANCH_033270eb1c11,e0bc712cd6bb
England,E12000002,E08000003,Manchester,MANCH_377ecb558fd0,8a9f5d4a0d40
England,E12000002,E08000003,Manchester,MANCH_4478485efd77,6b539e454dad
England,E12000002,E08000003,Manchester,MANCH_acd924a036ab,2e431e2b5240
England,E12000002,E08000003,Manchester,MANCH_1f1319b8447b,75c7d910f75c
England,E12000002,E08000003,Manchester,MANCH_941a036801bf,86cd00ba2e97
England,E12000002,E08000003,Manchester,MANCH_0dfd6e4e60d2,130a5bb3a0c9
England,E12000002,E08000003,Manchester,MANCH_d5c902758863,35f8c81fa04f
England,E12000002,E08000003,Manchester,MANCH_fee9fd79e3fd,bb3573b78747
England,E12000002,E08000003,Manchester,MANCH_a44aa216f4a7,8ca781efdb4b
England,E12000002,E08000003,Manchester,MANCH_3791a97da030,2237c58fcb11
England,E12000002,E08000003,Manchester,MANCH_42de0006d080,6bd227cc92af
England,E12000002,E08000003,Manchester,MANCH_f1f6e709a5ea,c7a3a588a87b
England,E12000002,E08000003,Manchester,MANCH_87d50c3dbb87,89ce0639dd83
England,E12000002,E08000003,Manchester,MANCH_2a949c8f1327,76ef881d041a
England,E12000002,E08000003,Manchester,MANCH_7f9846f983d2,6bd4baa8963c
England,E12000002,E08000003,Manchester,MANCH_a3a1242eb362,9936db013939
England,E12000002,E08000003,Manchester,MANCH_da04469e57d4,f2f2bd40076b
England,E12000002,E08000003,Manchester,MANCH_9603f6f3c981,3113fd8bf1f0
England,E12000002,E08000003,Manchester,MANCH_6bf4b9787068,0f5120c79a97
England,E12000002,E08000003,Manchester,MANCH_dc53df49c252,e373bee98d6b
England,E12000002,E08000003,Manchester,MANCH_47829f1af854,80dbf46ef49e
England,E12000002,E08000003,Manchester,MANCH_4e7607278970,5dc0576b0bbf
England,E12000002,E08000003,Manchester,MANCH_59e31b082113,cf6ea0efaee0
England,E12000002,E08000003,Manchester,MANCH_c41dd1cf9c92,1f0042ee2a87
England,E12000002,E08000003,Manchester,MANCH_599808533f44,d5f685984473
England,E12000002,E08000003,Manchester,MANCH_7a09f32f914d,bf1fed336886
England,E12000002,E08000003,Manchester,MANCH_d194a41bcf3a,b504677bd3f0
England,E12000002,E08000003,Manchester,MANCH_ec3c18b6d69e,05a1cd6dc9c8
England,E12000002,E08000003,Manchester,MANCH_733945bfcc03,3ac5210e4a2d
England,E12000002,E08000003,Manchester,MANCH_f92da8ecc0db,4243b04493d3
England,E12000002,E08000003,Manchester,MANCH_9fa2d1d0fe09,57b28a88ff54
England,E12000002,E08000003,Manchester,MANCH_034e79dde8fb,0a75787ee08e
England,E12000002,E08000003,Manchester,MANCH_9bc4d81c63dd,005cf7459704
England,E12000002,E08000003,Manchester,MANCH_803ecb38f0cb,bc27dbf8c7dc
England,E12000002,E08000003,Manchester,MANCH_91645dd53ecd,33e008ceeb96
England,E12000002,E08000003,Manchester,MANCH_c08e29f8bf68,7a542779da3e
England,E12000002,E08000003,Manchester,MANCH_58312b561194,e10dd5c03f60
England,E12000002,E08000003,Manchester,MANCH_e5bee9e4abdb,4a7221f8a15a
England,E12000002,E08000003,Manchester,MANCH_f203e938b02c,ccf33b213ee3
England,E12000002,E08000003,Manchester,MANCH_506049275643,0a456d6e69ed
England,E12000002,E08000003,Manchester,MANCH_2d1c0b022301,97289cd99c35
England,E12000002,E08000003,Manchester,MANCH_b5973114e2d8,6eb23ecd4250
England,E12000002,E08000003,Manchester,MANCH_4bfe83f524bd,be858abe7de8
England,E12000002,E08000003,Manchester,MANCH_75041131e411,ee6ce0a1f7d4
England,E12000002,E08000003,Manchester,MANCH_31bfa3569d77,427db469980b
England,E12000002,E08000003,Manchester,MANCH_a14750272643,287d4a36c3df
England,E12000002,E08000003,Manchester,MANCH_f125441a9e26,48e0b6c9692b
England,E12000002,E08000003,Manchester,MANCH_b931dc1e10f8,6295b3390790
England,E12000002,E08000003,Manchester,MANCH_abf614167d0c,fdd3e2d7b9c4
England,E12000002,E08000003,Manchester,MANCH_198a8fe139dc,1931c6af5bc9
England,E12000002,E08000003,Manchester,MANCH_b25718dd30ab,573d5f596cfc
England,E12000002,E08000003,Manchester,MANCH_10123dea5a10,c6aded96a2e2
England,E12000002,E08000003,Manchester,MANCH_497b6047dc91,e2fa2a31b43e
England,E12000002,E08000003,Manchester,MANCH_9a18aee8add8,0d75e7b69aeb
England,E12000002,E08000003,Manchester,MANCH_3b1b8709db05,8b6cb8e875d2
England,E12000002,E08000003,Manchester,MANCH_902af1e59c69,b0b90ceb8c6d
England,E12000002,E08000003,Manchester,MANCH_3bd7c85ca340,e3a453cd54b7
England,E12000002,E08000003,Manchester,MANCH_9750bdcffa47,1bbb29acd3ef
England,E12000002,E08000003,Manchester,MANCH_826135de3f0c,234851983b41
England,E12000002,E08000003,Manchester,MANCH_72be017f91f8,50baa5243701
England,E12000002,E08000003,Manchester,MANCH_3ae454976c00,e62754d90e40
England,E12000002,E08000003,Manchester,MANCH_1db7302e8b0e,4d79a0de2d19
England,E12000002,E08000003,Manchester,MANCH_0f598a5cd437,e8b2a571d9a9
England,E12000002,E08000003,Manchester,MANCH_50a0f251c2ee,65103104c647
England,E12000002,E08000003,Manchester,MANCH_d4169cf50695,9ade581bd876
England,E12000002,E08000003,Manchester,MANCH_40405373731b,e30a0d85fe8a
England,E12000002,E08000003,Manchester,MANCH_4a4f7c8934f3,b596ba8fcc7a
England,E12000002,E08000003,Manchester,MANCH_8d612fc3b14e,f8354dd7ff0b
England,E12000002,E08000003,Manchester,MANCH_b01b32f9d49a,4347e72a5ed0
England,E12000002,E08000003,Manchester,MANCH_99ca5715c9af,b45415b840bd
England,E12000002,E08000003,Manchester,MANCH_ddeeba44d0ec,2ab32946fc62
England,E12000002,E08000003,Manchester,MANCH_b88d925ac7c2,ffae528c5154
England,E12000002,E08000003,Manchester,MANCH_298e88b9efa5,7ecd0678ca78
England,E12000002,E08000003,Manchester,MANCH_5c1359f9ba32,b7e3a6f46a5b
England,E12000002,E08000003,Manchester,MANCH_14640c9b5ecd,b819be6e4f1b
England,E12000002,E08000003,Manchester,MANCH_239539c6802b,a4a0b3b9e1ce
England,E12000002,E08000003,Manchester,MANCH_91028a6ab607,58d604b343c3
England,E12000002,E08000003,Manchester,MANCH_3b0813cb70bf,66ad60d1623a
England,E12000002,E08000003,Manchester,MANCH_1227900bc996,b4a542389b04
England,E12000002,E08000003,Manchester,MANCH_3680a9542636,b1450dacde5c
England,E12000002,E08000003,Manchester,MANCH_25f369ef71b5,ad9d54d66f50
England,E12000002,E08000003,Manchester,MANCH_879e235633d6,a7af88258343
England,E12000002,E08000003,Manchester,MANCH_5705dfbf4146,8c1ae54f26fe
England,E12000002,E08000003,Manchester,MANCH_2b6cce42c6b0,e2fe7a789044
England,E12000002,E08000003,Manchester,MANCH_4e415254dfd3,e3f81e91dca4
England,E12000002,E08000003,Manchester,MANCH_59faa1c2b11d,cb688096f1ca
England,E12000002,E08000003,Manchester,MANCH_048d7fd1ba36,86e25d743077
England,E12000002,E08000003,Manchester,MANCH_ab711dc3bf5c,b3b8a992e1e3
England,E12000002,E08000003,Manchester,MANCH_0975882169f8,47d387c0e6bb
England,E12000002,E08000003,Manchester,MANCH_0367a6e8b79b,8bfa86702b49
England,E12000002,E08000003,Manchester,MANCH_1dad41b66232,1746639e55da
England,E12000002,E08000003,Manchester,MANCH_43ee9dec4884,faa25b218551
England,E12000002,E08000003,Manchester,MANCH_63de209de0e0,7b4331fd5c76
England,E12000002,E08000003,Manchester,MANCH_5e6add384640,d923113dcc10
England,E12000002,E08000003,Manchester,MANCH_964284101798,c1949d87a2d4
England,E12000002,E08000003,Manchester,MANCH_55a1047756d3,79f97c1e900e
England,E12000002,E08000003,Manchester,MANCH_31b024567ccf,fc792e611c6e
England,E12000002,E08000003,Manchester,MANCH_ccbcaff0894e,9ebe55c40190
England,E12000002,E08000003,Manchester,MANCH_94632c8d948f,ad5eeb0fa64c
England,E12000002,E08000003,Manchester,MANCH_db92c6d19331,042d1df5f1f0
England,E12000002,E08000003,Manchester,MANCH_21cfadde8b98,51752adf67fc
England,E12000002,E08000003,Manchester,MANCH_ba7a7120a8e3,a991284fc675
England,E12000002,E08000003,Manchester,MANCH_0f2030b260c6,bacbe90abc98
England,E12000002,E08000003,Manchester,MANCH_f90cf4572ebe,cc551fe55eed
England,E12000002,E08000003,Manchester,MANCH_99693f196ef8,ecb4f7d81701
England,E12000002,E08000003,Manchester,MANCH_7078e35732dc,c5d1a2eab62e
England,E12000002,E08000003,Manchester,MANCH_5b4abe24836a,33e4cc2f9b2a
England,E12000002,E08000003,Manchester,MANCH_8083fe480bf0,3bc452ecddf1
England,E12000002,E08000003,Manchester,MANCH_7670007e7a0d,8c7de100cf5f
England,E12000002,E08000003,Manchester,MANCH_00d93ef9e53e,81051d323628
England,E12000002,E08000003,Manchester,MANCH_41e985043081,ee5257b17163
England,E12000002,E08000003,Manchester,MANCH_d71d928d6dd0,9f2ad7c567d1
England,E12000002,E08000003,Manchester,MANCH_8e0ec0ada01f,2216a3087dcb
England,E12000002,E08000003,Manchester,MANCH_e4fc488c588a,026193f4740b
England,E12000002,E08000003,Manchester,MANCH_a262b36f01f1,642d74a9452b
England,E12000002,E08000003,Manchester,MANCH_4bcb1b2c9f73,fa2bea1a8483
England,E12000002,E08000003,Manchester,MANCH_dd5b07b78b2a,208c03fe1d03
England,E12000002,E08000003,Manchester,MANCH_4826e849da65,e30a6dfed77a
England,E12000002,E08000003,Manchester,MANCH_700338969137,f0bb97c65644
England,E12000002,E08000003,Manchester,MANCH_2db13971e91a,7324e1a9a7f3
England,E12000002,E08000003,Manchester,MANCH_644061ae0afa,76cbe438ace4
England,E12000002,E08000003,Manchester,MANCH_d62a885042d5,74e27c1e8562
England,E12000002,E08000003,Manchester,MANCH_622dde40d884,cfa55e950d8c
England,E12000002,E08000003,Manchester,MANCH_db7a7abc8269,506a40214ba3
England,E12000002,E08000003,Manchester,MANCH_86243bbadce8,f8e002423cbc
England,E12000002,E08000003,Manchester,MANCH_f1f2fbdf8acd,df20ccaa3b2f
England,E12000002,E08000003,Manchester,MANCH_fa52b7396406,eb795900bd22
England,E12000002,E08000003,Manchester,MANCH_0c5c6b963b64,528ab860e86e
England,E12000002,E08000003,Manchester,MANCH_e1890cdf74e0,c77c4b1b94a0
England,E12000002,E08000003,Manchester,MANCH_d367cc0ecd74,bd00a0e03bc8
England,E12000002,E08000003,Manchester,MANCH_40564f8ee01d,8879a0865c09
England,E12000002,E08000003,Manchester,MANCH_588e78a5577d,52a05c93eeca
England,E12000002,E08000003,Manchester,MANCH_1912e88befde,4a29581dd535
England,E12000002,E08000003,Manchester,MANCH_39902c342329,2d3e5877334d
England,E12000002,E08000003,Manchester,MANCH_12951151f115,4325915de4b1
England,E12000002,E08000003,Manchester,MANCH_b2066f80d438,f15bf0796b4d
England,E12000002,E08000003,Manchester,MANCH_4e50a2856f07,927a6ca6e1d6
England,E12000002,E08000003,Manchester,MANCH_1329c905d39e,1c256ebd06d6
England,E12000002,E08000003,Manchester,MANCH_a7c10d7255e9,dd598d0a6461
England,E12000002,E08000003,Manchester,MANCH_13dd32939bce,a1a28a9b6b73
England,E12000002,E08000003,Manchester,MANCH_fce2ac4c2add,b79bebf29af2
England,E12000002,E08000003,Manchester,MANCH_1b3d346238b9,b6c7c29eda1e
England,E12000002,E08000003,Manchester,MANCH_1ba0a6b5debc,4ce47ab03754
England,E12000002,E08000003,Manchester,MANCH_c40c2136f6b2,5288459feede
England,E12000002,E08000003,Manchester,MANCH_4e21cd8df35b,90ab32ff0d3d
England,E12000002,E08000003,Manchester,MANCH_2445d2bea0eb,edc23b13eefb
England,E12000002,E08000003,Manchester,MANCH_3a3fa204e004,627e2004ea2b
England,E12000002,E08000003,Manchester,MANCH_85976613d30f,678cc22af2ec
England,E12000002,E08000003,Manchester,MANCH_8a709c2ec912,dd8ef11e4b21
England,E12000002,E08000003,Manchester,MANCH_93de2f41016c,00e0f8d2e6b5
England,E12000002,E08000003,Manchester,MANCH_e6f2c0da77c7,9c1bfb3e689d
England,E12000002,E08000003,Manchester,MANCH_45d4f92ba1b6,f8574a20d611
England,E12000002,E08000003,Manchester,MANCH_41454b453ba9,9c874d50fd49
England,E12000002,E08000003,Manchester,MANCH_3222d0891189,a0a77a5382bd
England,E12000002,E08000003,Manchester,MANCH_72d50c3d8467,3a79a1873e2f
England,E12000002,E08000003,Manchester,MANCH_625ab25891d0,48c619d33e3f
England,E12000002,E08000003,Manchester,MANCH_f91b4ecbd5fd,0e0767d48dd3
England,E12000002,E08000003,Manchester,MANCH_4d90aa01fa21,d0232ef5ed42
England,E12000002,E08000003,Manchester,MANCH_be7c6fb67a39,081456b387b2
England,E12000002,E08000003,Manchester,MANCH_e2d4d8e8ee27,da394eaaf7fe
England,E12000002,E08000003,Manchester,MANCH_ed35887ac76f,299e861d14fa
England,E12000002,E08000003,Manchester,MANCH_62a86f5aec57,930e26cc2cbd
England,E12000002,E08000003,Manchester,MANCH_93c18c737c86,52aed35ce087
England,E12000002,E08000003,Manchester,MANCH_222435020d95,c60d557c7929
England,E12000002,E08000003,Manchester,MANCH_a4fb463352f1,37091224d008
England,E12000002,E08000003,Manchester,MANCH_65d97ca01716,34fbaceb1809
England,E12000002,E08000003,Manchester,MANCH_9f387aca13f0,a84ce673a9be
England,E12000002,E08000003,Manchester,MANCH_0b069281bc61,f6fbffeb3582
England,E12000002,E08000003,Manchester,MANCH_39fbabf5c008,9d01e9f26b85
England,E12000002,E08000003,Manchester,MANCH_9b1db3bacd21,361f89175e17
England,E12000002,E08000003,Manchester,MANCH_02d7ea4b3514,fbbd950a6897
England,E12000002,E08000003,Manchester,MANCH_7c580aa7008b,69ed21515b46
England,E12000002,E08000003,Manchester,MANCH_5ab047e77c1d,c07c3931ae02
England,E12000002,E08000003,Manchester,MANCH_9eb8e3e2e85c,907619e40cda
England,E12000002,E08000003,Manchester,MANCH_2453625546cd,933a4f1ee0ec
England,E12000002,E08000003,Manchester,MANCH_79e93a917b00,1664997ed4da
England,E12000002,E08000003,Manchester,MANCH_c3fd7d8b2156,a2213a5c18c2
England,E12000002,E08000003,Manchester,MANCH_6277786935a1,d20a22f08b89
England,E12000002,E08000003,Manchester,MANCH_585b98d8c1e1,bd5e44116a86
England,E12000002,E08000003,Manchester,MANCH_4736b7a4d176,df785fd2028c
England,E12000002,E08000003,Manchester,MANCH_2aec600be02a,cfe80a651b09
England,E12000002,E08000003,Manchester,MANCH_ca0ff2aec0e0,dc474f1eedcc
England,E12000002,E08000003,Manchester,MANCH_f1be90e55aea,df0cebc91cab
England,E12000002,E08000003,Manchester,MANCH_d2958ba0d02e,c133bed4aceb
England,E12000002,E08000003,Manchester,MANCH_0ee009e51996,03fd7033cc0e
England,E12000002,E08000003,Manchester,MANCH_903cfcb6fbee,0a0f15a3bcff
England,E12000002,E08000003,Manchester,MANCH_f797aa3ae1d6,b5b733f06292
England,E12000002,E08000003,Manchester,MANCH_042d82dd58bb,0f9a04b7c544
England,E12000002,E08000003,Manchester,MANCH_3255e968bdc3,eb909b56ce8b
England,E12000002,E08000003,Manchester,MANCH_45a202920761,8c7c8dbbf742
England,E12000002,E08000003,Manchester,MANCH_9686fc1b2a77,f14f1a6a3340
England,E12000002,E08000003,Manchester,MANCH_ae5a01401715,3904469af559
England,E12000002,E08000003,Manchester,MANCH_db349d2c360b,a226eaa2fcc3
England,E12000002,E08000003,Manchester,MANCH_ef57811359b7,037c192e94c0
England,E12000002,E08000003,Manchester,MANCH_1823d14d29db,1a4a45debc04
England,E12000002,E08000003,Manchester,MANCH_9744a1e69277,ceceaf00941d
England,E12000002,E08000003,Manchester,MANCH_6a511564198c,766305ab4e62
England,E12000002,E08000003,Manchester,MANCH_ccdc6f43b264,284c5b0b0617
England,E12000002,E08000003,Manchester,MANCH_fa4b620acfad,760a27a69644
England,E12000002,E08000003,Manchester,MANCH_ecd96334d2ae,c1eb20d72ed0
England,E12000002,E08000003,Manchester,MANCH_f9f7679a300d,e7425eb40dc1
England,E12000002,E08000003,Manchester,MANCH_0673fbfb9abf,e8524133ea91
England,E12000002,E08000003,Manchester,MANCH_c70cb08ae3c7,e4fd8229268c
England,E12000002,E08000003,Manchester,MANCH_6294fbe166b8,365f084dd2aa
England,E12000002,E08000003,Manchester,MANCH_2003dc654713,56f4e658f149
England,E12000002,E08000003,Manchester,MANCH_1cf75affef80,ccbf720e7194
England,E12000002,E08000003,Manchester,MANCH_b168232ff83a,f5efdcb5a2ba
England,E12000002,E08000003,Manchester,MANCH_5b4cd0dc434a,3b1db14cdf12
England,E12000002,E08000003,Manchester,MANCH_17f94f7e0e93,f3a8171b9af6
England,E12000002,E08000003,Manchester,MANCH_0d04e4a1e980,bb12ab33fcc9
England,E12000002,E08000003,Manchester,MANCH_3b906b07659b,6d717959f66d
England,E12000002,E08000003,Manchester,MANCH_273354d1f651,ff3bdb8a606a
England,E12000002,E08000003,Manchester,MANCH_7c8f9da2ba2c,ef15be840677
England,E12000002,E08000003,Manchester,MANCH_7789d01d3764,fd08e7c410c8
England,E12000002,E08000003,Manchester,MANCH_d0d03528d809,171369564121
England,E12000002,E08000003,Manchester,MANCH_843cff98f14a,6f71a00aab1c
England,E12000002,E08000003,Manchester,MANCH_d2394847bc3f,e9900b4d4a3b
England,E12000002,E08000003,Manchester,MANCH_dc9d8d42cdf5,bdce8bc0c399
England,E12000002,E08000003,Manchester,MANCH_91709286be96,c01a69cca3d6
England,E12000002,E08000003,Manchester,MANCH_1d50b871c400,35bc36ad92b6
England,E12000002,E08000003,Manchester,MANCH_a866fb624aea,05f52c76799b
England,E12000002,E08000003,Manchester,MANCH_634e8953bc9c,57715f170fea
England,E12000002,E08000003,Manchester,MANCH_0241f7be5482,b078a41b7bca
England,E12000002,E08000003,Manchester,MANCH_7baf740086c0,6a40caeebff3
England,E12000002,E08000003,Manchester,MANCH_303bf056260e,49d4b5747432
England,E12000002,E08000003,Manchester,MANCH_e550cc6d4184,cf6fadb05ea6
England,E12000002,E08000003,Manchester,MANCH_0b76e5630d91,d1f0f928cfd1
England,E12000002,E08000003,Manchester,MANCH_eedb8f8fe4da,c10f73b7609f
England,E12000002,E08000003,Manchester,MANCH_742bfa696553,293c38dd43ac
England,E12000002,E08000003,Manchester,MANCH_6730c0a40d73,4adcc9055442
England,E12000002,E08000003,Manchester,MANCH_be4e9f7510c9,33ff8b8abc48
England,E12000002,E08000003,Manchester,MANCH_c187c44ccf3b,74a07f4735f2
England,E12000002,E08000003,Manchester,MANCH_490b24897e42,7fcc3fe069f9
England,E12000002,E08000003,Manchester,MANCH_37e343d104d8,858c181c9e5a
England,E12000002,E08000003,Manchester,MANCH_a752d942ca98,a7838e0b687b
England,E12000002,E08000003,Manchester,MANCH_63ff62b8390d,92ea7f76a002
England,E12000002,E08000003,Manchester,MANCH_0c2caea5e24e,863210ae636a
England,E12000002,E08000003,Manchester,MANCH_69a27772222e,3ab1293185c9
England,E12000002,E08000003,Manchester,MANCH_c17ee9bc4250,b0486d7f2678
England,E12000002,E08000003,Manchester,MANCH_3b2fd0d79d41,f97488e54e11
England,E12000002,E08000003,Manchester,MANCH_17b047d1e7c4,e3c69cc33129
England,E12000002,E08000003,Manchester,MANCH_6eba5fe2a349,114d1d2569aa
England,E12000002,E08000003,Manchester,MANCH_5dfd53cd4d97,7df196dd3789
England,E12000002,E08000003,Manchester,MANCH_30aec36330e8,43981c9bea8d
England,E12000002,E08000003,Manchester,MANCH_67bf2eaa2945,c5352288541b
England,E12000002,E08000003,Manchester,MANCH_14c9f5e8fb37,1aaf0bae8a96
England,E12000002,E08000003,Manchester,MANCH_05c543c0a772,ba5976fe77df
England,E12000002,E08000003,Manchester,MANCH_300bf66fb02c,c01bafdadb6b
England,E12000002,E08000003,Manchester,MANCH_aced0d5a44d8,1bfa0b605688
England,E12000002,E08000003,Manchester,MANCH_764959af6d97,c587cb65a182
England,E12000002,E08000003,Manchester,MANCH_b28835db29f8,a9c1a0fbb6cb
England,E12000002,E08000003,Manchester,MANCH_b1aa9c718ce4,057bd21f80e5
England,E12000002,E08000003,Manchester,MANCH_c143d592faf8,be96fade04e7
England,E12000002,E08000003,Manchester,MANCH_2e77230f0125,f9c0fa71bbc1
England,E12000002,E08000003,Manchester,MANCH_dfd4faf3764b,9616ab48f160
England,E12000002,E08000003,Manchester,MANCH_514a93426436,344dccfd89a1
England,E12000002,E08000003,Manchester,MANCH_7acbee0481df,fb46a7798547
England,E12000002,E08000003,Manchester,MANCH_ee82d719561a,c91b6cfc71f1
England,E12000002,E08000003,Manchester,MANCH_92a96300df34,ad44cc363c54
England,E12000002,E08000003,Manchester,MANCH_73ff1781f255,4ad4f37dc56f
England,E12000002,E08000003,Manchester,MANCH_96dd1637d424,7517163e4d02
England,E12000002,E08000003,Manchester,MANCH_1419b73ae4ee,22706bf80c0f
England,E12000002,E08000003,Manchester,MANCH_095810677a9f,3bab062c869c
England,E12000002,E08000003,Manchester,MANCH_b28572da8fb4,e378ef1b8fb3
England,E12000002,E08000003,Manchester,MANCH_f2163c7fac84,06478da989cc
England,E12000002,E08000003,Manchester,MANCH_5544bb03b7a6,3a9f15d79160
England,E12000002,E08000003,Manchester,MANCH_ad54dc156a4a,db57314fff34
England,E12000002,E08000003,Manchester,MANCH_107fd4f9dc17,df44f50bf857
England,E12000002,E08000003,Manchester,MANCH_5538dae0703f,86de59ec7079
England,E12000002,E08000003,Manchester,MANCH_ff02363dafe8,584dcf34bdee
England,E12000002,E08000003,Manchester,MANCH_4f2b1bec4ab7,bf6eeeee5c28
England,E12000002,E08000003,Manchester,MANCH_546d6ac44c91,22c007df6cd3
England,E12000002,E08000003,Manchester,MANCH_91764fd6cae4,6d5e1b959ba8
England,E12000002,E08000003,Manchester,MANCH_351bdcaebd7a,cb926d7ddc9b
England,E12000002,E08000003,Manchester,MANCH_6b340d57996c,8787c932902f
England,E12000002,E08000003,Manchester,MANCH_f65f83caa07d,347228bdce7d
England,E12000002,E08000003,Manchester,MANCH_2ced5db8a159,cbdad371f518
England,E12000002,E08000003,Manchester,MANCH_bb451b0b24f6,9294a10da6f8
England,E12000002,E08000003,Manchester,MANCH_c7fa2cfd92cc,c8113aad7734
England,E12000002,E08000003,Manchester,MANCH_167a0aafa0ff,361514a07322
England,E12000002,E08000003,Manchester,MANCH_2a33a7246405,99a10cc9d8dc
England,E12000002,E08000003,Manchester,MANCH_d2a0c60697a0,a0a8f6578622
England,E12000002,E08000003,Manchester,MANCH_2fff7ac4181f,f394911f13f3
England,E12000002,E08000003,Manchester,MANCH_5ef8593d1e4d,e68ad70a2f37
England,E12000002,E08000003,Manchester,MANCH_aae07a93dcfb,e48df7c130af
England,E12000002,E08000003,Manchester,MANCH_d3eb54bf75c9,cec4f8fa57ff
England,E12000002,E08000003,Manchester,MANCH_43f8dfaadb8b,7a10ec652d79
England,E12000002,E08000003,Manchester,MANCH_153413fe1737,61a9a381e033
England,E12000002,E08000003,Manchester,MANCH_3264462bff4d,4262241290df
England,E12000002,E08000003,Manchester,MANCH_e00a1ac88e80,a7bd813aff39
England,E12000002,E08000003,Manchester,MANCH_84ca06ca4594,9420acef46f5
England,E12000002,E08000003,Manchester,MANCH_db2a93588bff,382bdfa7f263
England,E12000002,E08000003,Manchester,MANCH_aeff27f47775,8e064e0f4189
England,E12000002,E08000003,Manchester,MANCH_9d0331e34b8d,074be3af883a
England,E12000002,E08000003,Manchester,MANCH_e83738d4675c,476388fa444c
England,E12000002,E08000003,Manchester,MANCH_13c19ea447b1,3ac7f1581e58
England,E12000002,E08000003,Manchester,MANCH_8f973a166d76,4eda39712818
England,E12000002,E08000003,Manchester,MANCH_c7bc356369b4,7c03a29e75ac
England,E12000002,E08000003,Manchester,MANCH_3b651fbbff42,94c85fc5d2e9
England,E12000002,E08000003,Manchester,MANCH_764a1e6ea90f,c6012516918e
England,E12000002,E08000003,Manchester,MANCH_bd9381dba7e5,1975364eabd0
England,E12000002,E08000003,Manchester,MANCH_7cb242afe072,72fa5d3ceaf2
England,E12000002,E08000003,Manchester,MANCH_8e0b05af73db,b13c48bec99e
England,E12000002,E08000003,Manchester,MANCH_6848946f28db,4b0e66d834d0
England,E12000002,E08000003,Manchester,MANCH_457a387a9161,81c5a46343c4
England,E12000002,E08000003,Manchester,MANCH_92f2ae2c30d6,9fc96757e690
England,E12000002,E08000003,Manchester,MANCH_a284b936f282,59f3354ce323
England,E12000002,E08000003,Manchester,MANCH_4786ba1d3d79,6a589a8dedc0
England,E12000002,E08000003,Manchester,MANCH_a8b170bcf728,8b416a561a4f
England,E12000002,E08000003,Manchester,MANCH_020b9fdcd937,364ee34473b3
England,E12000002,E08000003,Manchester,MANCH_f1e596034e54,2573df02677b
England,E12000002,E08000003,Manchester,MANCH_633b49334d68,39ba18cfeb39
England,E12000002,E08000003,Manchester,MANCH_856ead3535b0,2f0f9ef91856
England,E12000002,E08000003,Manchester,MANCH_0ed36ef6f43e,d97f5f72cac1
England,E12000002,E08000003,Manchester,MANCH_719a5c9d3401,7b8aea92dae2
England,E12000002,E08000003,Manchester,MANCH_aeca8ba9c775,5d3385b487bc
England,E12000002,E08000003,Manchester,MANCH_28392653753e,356d85ba0dd2
England,E12000002,E08000003,Manchester,MANCH_64e6698b1cff,4331557ccc21
England,E12000002,E08000003,Manchester,MANCH_762daa0e0948,828c6b3a497e
England,E12000002,E08000003,Manchester,MANCH_911e12bf229c,cf5bb45f435a
England,E12000002,E08000003,Manchester,MANCH_51a5c1bec7af,01130a3ee0a0
England,E12000002,E08000003,Manchester,MANCH_074567162984,2d81c744f4d9
England,E12000002,E08000003,Manchester,MANCH_d955b55faad5,a71833924f0f
England,E12000002,E08000003,Manchester,MANCH_02a90cef2051,a7e77409d897
England,E12000002,E08000003,Manchester,MANCH_70396970ca59,9264834799f5
England,E12000002,E08000003,Manchester,MANCH_cf8568f23991,fa0010662989
England,E12000002,E08000003,Manchester,MANCH_aa5b02b1779a,2f5c1499a84b
England,E12000002,E08000003,Manchester,MANCH_f67a8f02adb4,963feefb354e
England,E12000002,E08000003,Manchester,MANCH_983bfab47640,6fc8c1ade310
England,E12000002,E08000003,Manchester,MANCH_bf102a020064,a1b622ff34e7
England,E12000002,E08000003,Manchester,MANCH_3c50d275c2e2,43b16b92c24f
England,E12000002,E08000003,Manchester,MANCH_53ecfb7e119b,b86f2380de8f
England,E12000002,E08000003,Manchester,MANCH_6544b458193d,2a264cc909f5
England,E12000002,E08000003,Manchester,MANCH_e1094e139bcb,bc3d5763a198
England,E12000002,E08000003,Manchester,MANCH_542c2ead7ee4,83c80f358553
England,E12000002,E08000003,Manchester,MANCH_8659c32c66f6,490a51a56b30
England,E12000002,E08000003,Manchester,MANCH_083e7ef9618e,132e3597ef64
England,E12000002,E08000003,Manchester,MANCH_539949023d70,4633d14df040
England,E12000002,E08000003,Manchester,MANCH_34d7506f37ee,58229b019890
England,E12000002,E08000003,Manchester,MANCH_4c4badf0892b,242a13e929ea
England,E12000002,E08000003,Manchester,MANCH_5243055a6f4c,5e7c4990807d
England,E12000002,E08000003,Manchester,MANCH_4ca4e5e76523,1c94ea3b598f
England,E12000002,E08000003,Manchester,MANCH_85a801cc011f,ccb2b7989a0b
England,E12000002,E08000003,Manchester,MANCH_d8977cc444d3,9db1600444b3
England,E12000002,E08000003,Manchester,MANCH_4d7d6a3602f4,32154c310683
England,E12000002,E08000003,Manchester,MANCH_37e85916216b,67f9f968ce84
England,E12000002,E08000003,Manchester,MANCH_9c2c04cc342e,1776987d9496
England,E12000002,E08000003,Manchester,MANCH_b9af6bb0278a,dcd04af3bdf7
England,E12000002,E08000003,Manchester,MANCH_e619bccf0fe4,e3c04a34de16
England,E12000002,E08000003,Manchester,MANCH_6eacaba7683a,90df8a685493
England,E12000002,E08000003,Manchester,MANCH_d25c290a6a3b,9d9e94664d32
England,E12000002,E08000003,Manchester,MANCH_2e2cfdcf0b49,bccf8f8403e0
England,E12000002,E08000003,Manchester,MANCH_76600fe1af64,7f8418093a15
England,E12000002,E08000003,Manchester,MANCH_3a87ddcb022e,5982203685df
England,E12000002,E08000003,Manchester,MANCH_e0256b580859,45b41c27e58f
England,E12000002,E08000003,Manchester,MANCH_85913a3a0b1c,5a46a88433cb
England,E12000002,E08000003,Manchester,MANCH_52da6b7a7568,e1c20d1aaa46
England,E12000002,E08000003,Manchester,MANCH_ca1823b4f36d,a7d47ee92dc5
England,E12000002,E08000003,Manchester,MANCH_783a71a58f4a,bcbf54ca0b5b
England,E12000002,E08000003,Manchester,MANCH_f738b597ef4c,9b0d42388195
England,E12000002,E08000003,Manchester,MANCH_bc562819c3c8,3277291c9b49
England,E12000002,E08000003,Manchester,MANCH_666ead7c8725,01a4f70f68cf
England,E12000002,E08000003,Manchester,MANCH_8885b2d0d65a,15c4e2ca8944
England,E12000002,E08000003,Manchester,MANCH_77cb38ddcb5b,b87534e7eaa5
England,E12000002,E08000003,Manchester,MANCH_02054ee787b7,f451f70c24d5
England,E12000002,E08000003,Manchester,MANCH_e13d6bef02a5,693e507eef99
England,E12000002,E08000003,Manchester,MANCH_1d3e24d714b7,5c467118a735
England,E12000002,E08000003,Manchester,MANCH_d0aeffde788b,61b1c78d285c
England,E12000002,E08000003,Manchester,MANCH_e2fc2e22c493,d9eb55631dc3
England,E12000002,E08000003,Manchester,MANCH_85895d14e551,ebeb9ad7b609
England,E12000002,E08000003,Manchester,MANCH_1d5a06aaf782,fffc9d6eb3b3
England,E12000002,E08000003,Manchester,MANCH_a4911894f14f,f2972ddff10a
England,E12000002,E08000003,Manchester,MANCH_32f964accc00,179cbc823299
England,E12000002,E08000003,Manchester,MANCH_d06bffbe790c,5e4fbee72d2a
England,E12000002,E08000003,Manchester,MANCH_a53cb0c4f2e8,79dbf5a6e513
England,E12000002,E08000003,Manchester,MANCH_4145dbc1b63b,7b019df79d9a
England,E12000002,E08000003,Manchester,MANCH_423ab2e3e536,756e75117a14
England,E12000002,E08000003,Manchester,MANCH_18d535857fa1,465171c5e07f
England,E12000002,E08000003,Manchester,MANCH_a4dcc8103970,1b07b34937b4
England,E12000002,E08000003,Manchester,MANCH_d86c1322c241,d8047c18577e
England,E12000002,E08000003,Manchester,MANCH_d3cbd733b40e,bfaaad17c5b2
England,E12000002,E08000003,Manchester,MANCH_702c36b28a4d,16870e7562e6
England,E12000002,E08000003,Manchester,MANCH_d8b70a0ecdc2,1abe32f437d5
England,E12000002,E08000003,Manchester,MANCH_315854b2f536,1c63b7f2ff1e
England,E12000002,E08000003,Manchester,MANCH_e98c3d21d000,d31aa8fcce2b
England,E12000002,E08000003,Manchester,MANCH_786e565d32bc,cba528305d2e
England,E12000002,E08000003,Manchester,MANCH_33892ca4a403,38edd4c2e3a6
England,E12000002,E08000003,Manchester,MANCH_e4ccdd9ef73f,de3ee209d0b1
England,E12000002,E08000003,Manchester,MANCH_6bdbbf98841e,104c3710b8e9
England,E12000002,E08000003,Manchester,MANCH_9b933e33f059,ddaa80182b95
England,E12000002,E08000003,Manchester,MANCH_c9289b8fce98,55fa5e874e9a
England,E12000002,E08000003,Manchester,MANCH_a65f6343ab7d,1d774145d1a2
England,E12000002,E08000003,Manchester,MANCH_9b5881bbb821,4554f7fa27b3
England,E12000002,E08000003,Manchester,MANCH_57c596f8a8e6,65df3ba99dc3
England,E12000002,E08000003,Manchester,MANCH_de8b5349796f,7a6365ae31d9
England,E12000002,E08000003,Manchester,MANCH_eae4aed7a508,ad492ca8e2b5
England,E12000002,E08000003,Manchester,MANCH_611b5aa6617f,e0675776f9d2
England,E12000002,E08000003,Manchester,MANCH_1122c22b38f9,0f0a89fabc9a
England,E12000002,E08000003,Manchester,MANCH_e00c6ddcbcd4,9d602a8c0e68
England,E12000002,E08000003,Manchester,MANCH_f144e5ac899d,b58e7879ca03
England,E12000002,E08000003,Manchester,MANCH_98a8aba43196,0cd427d0075a
England,E12000002,E08000003,Manchester,MANCH_3d245d0a8bd5,ed7d0b159997
England,E12000002,E08000003,Manchester,MANCH_bb55506c1dc2,bce45357bbde
England,E12000002,E08000003,Manchester,MANCH_c1b4c8b57ae3,d418e202e1db
England,E12000002,E08000003,Manchester,MANCH_6fffa00265cc,353070b6d5f8
England,E12000002,E08000003,Manchester,MANCH_7e5cbe2403ce,9addbd22f914
England,E12000002,E08000003,Manchester,MANCH_150788a9d2f7,40bb4f325fc8
England,E12000002,E08000003,Manchester,MANCH_5a1de2035f9f,505c24648913
England,E12000002,E08000003,Manchester,MANCH_1f1e5da0d798,4356f4b3b32f
England,E12000002,E08000003,Manchester,MANCH_ef8aa1a2653f,aa7c5ccea7a0
England,E12000002,E08000003,Manchester,MANCH_61bb30d661ee,d3937bc27afc
England,E12000002,E08000003,Manchester,MANCH_7a4c01e433d5,98c6efe97a0c
England,E12000002,E08000003,Manchester,MANCH_58b9672fcef5,b951650179e2
England,E12000002,E08000003,Manchester,MANCH_d609f9ab7d20,7ac054423022
England,E12000002,E08000003,Manchester,MANCH_fadf00dc7f6a,7983d4a5e021
England,E12000002,E08000003,Manchester,MANCH_8a850c4b3f6a,c09a07ed2e5c
England,E12000002,E08000003,Manchester,MANCH_ce288adfc01f,b1943b09f824
England,E12000002,E08000003,Manchester,MANCH_17089287b555,06f0a3ebab8b
England,E12000002,E08000003,Manchester,MANCH_44346c20c314,28eba9725c86
England,E12000002,E08000003,Manchester,MANCH_35e67cc71726,a6c557012a8d
England,E12000002,E08000003,Manchester,MANCH_0e83e3f7a483,9e65c1463c82
England,E12000002,E08000003,Manchester,MANCH_66500d6c7d78,2ff59c67d888
England,E12000002,E08000003,Manchester,MANCH_d7be85eea718,46a8aa22f740
England,E12000002,E08000003,Manchester,MANCH_fab6c2f3e47e,323b7c95787d
England,E12000002,E08000003,Manchester,MANCH_1a67dbbe0105,f798ea57a176
England,E12000002,E08000003,Manchester,MANCH_81aef9d26a8c,0c1d707877b1
England,E12000002,E08000003,Manchester,MANCH_9c57b7842e1a,87dea911a555
England,E12000002,E08000003,Manchester,MANCH_dc17ab99d213,0cde6ee2f01a
England,E12000002,E08000003,Manchester,MANCH_3e163ddddfc5,cf07dd272574
England,E12000002,E08000003,Manchester,MANCH_8691b128b024,2f288fbdae60
England,E12000002,E08000003,Manchester,MANCH_7ca92fbf7d93,a8ecad70f1e8
England,E12000002,E08000003,Manchester,MANCH_cef727def12f,9a2622e5bd94
England,E12000002,E08000003,Manchester,MANCH_07192b29c5de,e72b5052dc4c
England,E12000002,E08000003,Manchester,MANCH_ced9ef477ea6,1dbeef087503
England,E12000002,E08000003,Manchester,MANCH_40853d3973c1,7a484d710643
England,E12000002,E08000003,Manchester,MANCH_5334cd92bc33,b4573690884d
England,E12000002,E08000003,Manchester,MANCH_014781da9b85,9d23acc0c913
England,E12000002,E08000003,Manchester,MANCH_ca48dc4cbe1d,93def4f1fa5d
England,E12000002,E08000003,Manchester,MANCH_9224940ef2bb,e1e3fd2fe834
England,E12000002,E08000003,Manchester,MANCH_1c20a368925a,2cd83481f571
England,E12000002,E08000003,Manchester,MANCH_60bd0c695c8b,1b9c03ef6aa7
England,E12000002,E08000003,Manchester,MANCH_776421d1ae8c,d47a70d8a38e
England,E12000002,E08000003,Manchester,MANCH_36be07ec2c92,a02fca59a393
England,E12000002,E08000003,Manchester,MANCH_07bc1d7306e3,4e9e034ec66a
England,E12000002,E08000003,Manchester,MANCH_11fcaf60c1ab,d90a1d55ad39
England,E12000002,E08000003,Manchester,MANCH_5afdd490c780,cb57ae29a772
England,E12000002,E08000003,Manchester,MANCH_f4ef0706f4ec,bc00eff1b35c
England,E12000002,E08000003,Manchester,MANCH_d2fa4f4aeb90,b05e2ccc251a
England,E12000002,E08000003,Manchester,MANCH_c129e0fe9f07,d2a9412e5c99
England,E12000002,E08000003,Manchester,MANCH_9d94d46d5b83,8fd443b7489a
England,E12000002,E08000003,Manchester,MANCH_f0f96a00d075,8f9e8b32b3cb
England,E12000002,E08000003,Manchester,MANCH_78a0b1cdc366,4ae89c25b9ce
England,E12000002,E08000003,Manchester,MANCH_bfee9d1d7222,5e8a241f1aeb
England,E12000002,E08000003,Manchester,MANCH_02727e6ed42b,7a199d7749eb
England,E12000002,E08000003,Manchester,MANCH_0a12d7f0f399,ce640c725abc
England,E12000002,E08000003,Manchester,MANCH_85635ec6cd80,db24a8b6c131
England,E12000002,E08000003,Manchester,MANCH_8794f1671481,468d1d504a22
England,E12000002,E08000003,Manchester,MANCH_167d4d284cf9,146297951ad3
England,E12000002,E08000003,Manchester,MANCH_989d8717db0e,16438243f3bc
England,E12000002,E08000003,Manchester,MANCH_cdddf90d88d5,2df3297cb8e8
England,E12000002,E08000003,Manchester,MANCH_7ed535eb9b96,572181b3fa9b
England,E12000002,E08000003,Manchester,MANCH_583eaec356dd,5bdae18dd596
England,E12000002,E08000003,Manchester,MANCH_2296c741d21f,30f178491615
England,E12000002,E08000003,Manchester,MANCH_c55ff95213a3,f933f9fe90e9
England,E12000002,E08000003,Manchester,MANCH_ddd91aa51801,ad2225534026
England,E12000002,E08000003,Manchester,MANCH_1359e759889c,f69c151a819f
England,E12000002,E08000003,Manchester,MANCH_11cd6039dfd2,e199e2423a3a
England,E12000002,E08000003,Manchester,MANCH_5d35dee307db,081be9676310
England,E12000002,E08000003,Manchester,MANCH_d30b8c57f8f0,9b48a759a4ac
England,E12000002,E08000003,Manchester,MANCH_76e947c1c111,b678ae0a55d5
England,E12000002,E08000003,Manchester,MANCH_cb2d441bc4d6,9e08700c3c2f
England,E12000002,E08000003,Manchester,MANCH_a16dc84b1eed,8093f143656e
England,E12000002,E08000003,Manchester,MANCH_81e9ae281c38,fd6059c8eef8
England,E12000002,E08000003,Manchester,MANCH_7a15f307eb90,7d80c5307803
England,E12000002,E08000003,Manchester,MANCH_5f5633d0c6ac,67120d9bfd06
England,E12000002,E08000003,Manchester,MANCH_fef8e6c2bf50,1e8cd6247b59
England,E12000002,E08000003,Manchester,MANCH_56feda4b2001,f1e276be9ae4
England,E12000002,E08000003,Manchester,MANCH_9d05506aebb2,db382a8a97de
England,E12000002,E08000003,Manchester,MANCH_4f16acb90e1e,f51b6f3afc9a
England,E12000002,E08000003,Manchester,MANCH_ef178f184062,d6c262701ff7
England,E12000002,E08000003,Manchester,MANCH_233c1026b103,58b1b90869c7
England,E12000002,E08000003,Manchester,MANCH_434e82d8a3cf,23a85df40912
England,E12000002,E08000003,Manchester,MANCH_b14e03001b7f,6ce587615cf9
England,E12000002,E08000003,Manchester,MANCH_21cfe9e1216f,d66084759f04
England,E12000002,E08000003,Manchester,MANCH_782b47fafaf0,9f22be0f0d6f
England,E12000002,E08000003,Manchester,MANCH_f58d53f05adc,5a084c16f5c2
England,E12000002,E08000003,Manchester,MANCH_8e827204c4a7,d164b60d0ca4
England,E12000002,E08000003,Manchester,MANCH_34fbd0911e94,696b87973e97
England,E12000002,E08000003,Manchester,MANCH_54772b287acd,3d707a0dc12a
England,E12000002,E08000003,Manchester,MANCH_f38d5883cd7f,6ead2cc20ab0
England,E12000002,E08000003,Manchester,MANCH_845b3d8594fb,a3e0449ef4d2
England,E12000002,E08000003,Manchester,MANCH_96e94e3a273a,beb0655f74b1
England,E12000002,E08000003,Manchester,MANCH_d026a1f1ca9c,7376887f697a
England,E12000002,E08000003,Manchester,MANCH_f37ae756784e,52387e241367
England,E12000002,E08000003,Manchester,MANCH_3c14857ded51,85cd53a0fa8c
England,E12000002,E08000003,Manchester,MANCH_8517df655f93,dc694fac06e1
England,E12000002,E08000003,Manchester,MANCH_c5d960c9d8be,cadd2cf565bc
England,E12000002,E08000003,Manchester,MANCH_8e714bbd395c,694d2049c4b0
England,E12000002,E08000003,Manchester,MANCH_a018eb3cbe9e,1ff939ec9a65
England,E12000002,E08000003,Manchester,MANCH_46852a2fb501,a04115a0bbd3
England,E12000002,E08000003,Manchester,MANCH_756ae80ee963,6298816b3519
England,E12000002,E08000003,Manchester,MANCH_a9d2d2922244,7571d9e4d220
England,E12000002,E08000003,Manchester,MANCH_140829bbd2b4,8b94eede9922
England,E12000002,E08000003,Manchester,MANCH_5670a2e77db8,903350c1e028
England,E12000002,E08000003,Manchester,MANCH_55e265b27e9d,1be0468d97eb
England,E12000002,E08000003,Manchester,MANCH_39d0f9487c52,77e7bdf4e62d
England,E12000002,E08000003,Manchester,MANCH_e17594de160d,b6d1d457f766
England,E12000002,E08000003,Manchester,MANCH_11e72020f0ee,d297627d9aae
England,E12000002,E08000003,Manchester,MANCH_ee4160072dd8,69bac0ecf19b
England,E12000002,E08000003,Manchester,MANCH_e243241ef589,5aca3f519f81
England,E12000002,E08000003,Manchester,MANCH_be5333dce328,9c7961b75bec
England,E12000002,E08000003,Manchester,MANCH_5bc4d180cd67,ec4d03b91cf2
England,E12000002,E08000003,Manchester,MANCH_de12075ce056,7b9aa99ae278
England,E12000002,E08000003,Manchester,MANCH_3bf55f1f79c9,07762e965a31
England,E12000002,E08000003,Manchester,MANCH_1261cb27730a,eee8aa5f0060
England,E12000002,E08000003,Manchester,MANCH_9da9d139097e,598362e1ed5c
England,E12000002,E08000003,Manchester,MANCH_c6a65916f1fe,bf74af037650
England,E12000002,E08000003,Manchester,MANCH_1c378f31e96e,970e980d87e4
England,E12000002,E08000003,Manchester,MANCH_a53b2f6d1ea9,512d4a36d8cd
England,E12000002,E08000003,Manchester,MANCH_2f863c2a9b01,5b98641fba34
England,E12000002,E08000003,Manchester,MANCH_7581450770de,24fd10e53786
England,E12000002,E08000003,Manchester,MANCH_37de7a8915ea,13649073ce4a
England,E12000002,E08000003,Manchester,MANCH_59cb7a57fff7,e14f890a8b9d
England,E12000002,E08000003,Manchester,MANCH_148b5e26ead3,b2e28901cdb7
England,E12000002,E08000003,Manchester,MANCH_6a68c12a0a61,c03515cc1605
England,E12000002,E08000003,Manchester,MANCH_d4c3cfeb22a8,69e343cf25cf
England,E12000002,E08000003,Manchester,MANCH_156162af32c3,d1573c9eebd4
England,E12000002,E08000003,Manchester,MANCH_d46526ad2a2e,94a6fc2a8edb
England,E12000002,E08000003,Manchester,MANCH_a82267644534,a5ec19477304
England,E12000002,E08000003,Manchester,MANCH_fd9905a369fc,ba406c19b3c0
England,E12000002,E08000003,Manchester,MANCH_e8af3383d0ff,04bbd1d856ba
England,E12000002,E08000003,Manchester,MANCH_e462dc639c3b,773b56452c54
England,E12000002,E08000003,Manchester,MANCH_391dbe2908b6,6525f47d9816
England,E12000002,E08000003,Manchester,MANCH_646a3ff11d6f,71d193d906c9
England,E12000002,E08000003,Manchester,MANCH_6f3ab786b160,bf9f1339d097
England,E12000002,E08000003,Manchester,MANCH_fc7287bbc192,232294a1b92d
England,E12000002,E08000003,Manchester,MANCH_a9d39d56875a,1a1d34e67dcc
England,E12000002,E08000003,Manchester,MANCH_744dcc4e582a,affb93744181
England,E12000002,E08000003,Manchester,MANCH_39dd421848ab,5cb724cc12af
England,E12000002,E08000003,Manchester,MANCH_be3c5cc99b35,57887a2abaa3
England,E12000002,E08000003,Manchester,MANCH_12b4cccf07d7,1a5d24c9e061
England,E12000002,E08000003,Manchester,MANCH_a21dc7c4dd53,40a3d66dd36b
England,E12000002,E08000003,Manchester,MANCH_03a710e825d2,b82189bde20d
England,E12000002,E08000003,Manchester,MANCH_6d9e6da9fab9,738de30ef314
England,E12000002,E08000003,Manchester,MANCH_6d3933efeada,a701be1a23c6
England,E12000002,E08000003,Manchester,MANCH_c1a01b7ad6de,da820589b1bf
England,E12000002,E08000003,Manchester,MANCH_1f443071ff0d,69cc065224f5
England,E12000002,E08000003,Manchester,MANCH_ae1d3b9c0ae9,7755551e7563
England,E12000002,E08000003,Manchester,MANCH_0e304b4ee068,b8188c3653c9
England,E12000002,E08000003,Manchester,MANCH_70a9159e15ec,157f923c7433
England,E12000002,E08000003,Manchester,MANCH_4603094f67e4,3465bbecb8e4
England,E12000002,E08000003,Manchester,MANCH_61fef74635a1,2ab5c407f90c
England,E12000002,E08000003,Manchester,MANCH_fc7f5932f824,a1f28551f316
England,E12000002,E08000003,Manchester,MANCH_b15a5c0fbaec,769044f27662
England,E12000002,E08000003,Manchester,MANCH_9e29e24dad80,940793607871
England,E12000002,E08000003,Manchester,MANCH_a7c70d8a8eda,70012c462343
England,E12000002,E08000003,Manchester,MANCH_8f2081b3a8fd,9961dcc91c85
England,E12000002,E08000003,Manchester,MANCH_668d8b9c05ce,a766ca58c4e0
England,E12000002,E08000003,Manchester,MANCH_ce2f0000f630,1aaa8e1b09a6
England,E12000002,E08000003,Manchester,MANCH_671922f2d3c2,cf8b4022d410
England,E12000002,E08000003,Manchester,MANCH_7c930bb60983,c8c3ee189b25
England,E12000002,E08000003,Manchester,MANCH_142e101c0cd0,003e902aaa85
England,E12000002,E08000003,Manchester,MANCH_8383f48d1372,de5f97599ea1
England,E12000002,E08000003,Manchester,MANCH_edc87375d38c,27e0a6276316
England,E12000002,E08000003,Manchester,MANCH_86f556faab63,e0c2155621d1
England,E12000002,E08000003,Manchester,MANCH_cf4433d1992d,687849b8e5e4
England,E12000002,E08000003,Manchester,MANCH_339f11557fde,3818574771be
England,E12000002,E08000003,Manchester,MANCH_96174904e49e,d66999a37a12
England,E12000002,E08000003,Manchester,MANCH_8879ddf8d97b,b1b8c2e1cce9
England,E12000002,E08000003,Manchester,MANCH_a3fe917b2bce,5521503b5c06
England,E12000002,E08000003,Manchester,MANCH_e9fe7027a061,6535a7667826
England,E12000002,E08000003,Manchester,MANCH_f8e63ba2db51,b6c546904ba7
England,E12000002,E08000003,Manchester,MANCH_2c2d6be9a081,212f3fad0479
England,E12000002,E08000003,Manchester,MANCH_9a7fbdcf5ca6,d70f316d4370
England,E12000002,E08000003,Manchester,MANCH_40bd854ac6d0,dcdf8435401e
England,E12000002,E08000003,Manchester,MANCH_5091aa62d6df,19ce7f3c7877
England,E12000002,E08000003,Manchester,MANCH_878496636b11,7e48fcad5a03
England,E12000002,E08000003,Manchester,MANCH_9a0dbbaed5e6,0d8961cd7824
England,E12000002,E08000003,Manchester,MANCH_6585c8735640,2d145705cf08
England,E12000002,E08000003,Manchester,MANCH_28f0e05132bf,a51f7b206b0f
England,E12000002,E08000003,Manchester,MANCH_8875dda0d5ba,cb2f9a5f666e
England,E12000002,E08000003,Manchester,MANCH_c92aa4d32386,726783e0580c
England,E12000002,E08000003,Manchester,MANCH_80f3bdcba9ee,d762f4d7cd5c
England,E12000002,E08000003,Manchester,MANCH_9f5e29d23654,c9f6a76d4512
England,E12000002,E08000003,Manchester,MANCH_b147cac611cc,85682b6d04ac
England,E12000002,E08000003,Manchester,MANCH_075c3f2cfd7c,53a3e240e7b1
England,E12000002,E08000003,Manchester,MANCH_09756ac348b8,6c757a2d5598
England,E12000002,E08000003,Manchester,MANCH_3d9d3220a258,a74663ba8a38
England,E12000002,E08000003,Manchester,MANCH_0f242cce4f7f,01665acbf0bc
England,E12000002,E08000003,Manchester,MANCH_2b5a732f24e1,8152db93c2f1
England,E12000002,E08000003,Manchester,MANCH_f81ffb5b8dc3,230a5d7b62e8
England,E12000002,E08000003,Manchester,MANCH_0a346afb5c3c,98574e6dd31c
England,E12000002,E08000003,Manchester,MANCH_7178b157e267,c64ea1d86477
England,E12000002,E08000003,Manchester,MANCH_4352ee353529,58f889b24d4e
England,E12000002,E08000003,Manchester,MANCH_89bee4f1e022,e1b53e5b2d22
England,E12000002,E08000003,Manchester,MANCH_98213576d13e,4651cf9035c1
England,E12000002,E08000003,Manchester,MANCH_759e67636180,043c0f6f2bec
England,E12000002,E08000003,Manchester,MANCH_4d1e0ca5bb5e,2a2e3e101e40
England,E12000002,E08000003,Manchester,MANCH_5064dc806989,75d8d2d789ec
England,E12000002,E08000003,Manchester,MANCH_174b365ff091,5e18c87aba5c
England,E12000002,E08000003,Manchester,MANCH_7449ddd5a796,65957d515632
England,E12000002,E08000003,Manchester,MANCH_43d14acbaade,61eb80fa0c44
England,E12000002,E08000003,Manchester,MANCH_025d972f9b52,6fe29e05671b
England,E12000002,E08000003,Manchester,MANCH_042b6d2530f4,d21ed9b56dbe
England,E12000002,E08000003,Manchester,MANCH_77bfe841c9fe,64b535ac2737
England,E12000002,E08000003,Manchester,MANCH_c4487734e349,87a49a5ab0b7
England,E12000002,E08000003,Manchester,MANCH_cf9afa15e435,f00318392eeb
England,E12000002,E08000003,Manchester,MANCH_fb95997ff1e9,c5a83a70648f
England,E12000002,E08000003,Manchester,MANCH_f860c32ae843,caac25c0433e
England,E12000002,E08000003,Manchester,MANCH_471b85730de4,1758605cdf72
England,E12000002,E08000003,Manchester,MANCH_96c11bfcbd5a,241ec4a6fe43
England,E12000002,E08000003,Manchester,MANCH_136cd76b3ad9,b3e5d490f3c7
England,E12000002,E08000003,Manchester,MANCH_57e671941523,8acc5e174bb5
England,E12000002,E08000003,Manchester,MANCH_6ec1aa9e72e9,b86639624e62
England,E12000002,E08000003,Manchester,MANCH_5b7fef089fc0,2b10e0f9880d
England,E12000002,E08000003,Manchester,MANCH_cdd378c2ce05,7205d076c969
England,E12000002,E08000003,Manchester,MANCH_bfd0e54a4556,d43dced0ea50
England,E12000002,E08000003,Manchester,MANCH_29644663952f,e5c5e7c5bed2
England,E12000002,E08000003,Manchester,MANCH_25e68f9a37e7,abac288d0697
England,E12000002,E08000003,Manchester,MANCH_99a3391bb79b,2ab800478aef
England,E12000002,E08000003,Manchester,MANCH_13aea7aa32d7,bd7f83a4bdba
England,E12000002,E08000003,Manchester,MANCH_7f6c1cba3a69,721e46e9ac03
England,E12000002,E08000003,Manchester,MANCH_76c210ecc9a5,595d9b53154d
England,E12000002,E08000003,Manchester,MANCH_8659110ef6f1,1991e26a28bb
England,E12000002,E08000003,Manchester,MANCH_e8142e91a564,9d812d3ca3d3
England,E12000002,E08000003,Manchester,MANCH_09ed622245e3,69e55acd33a2
England,E12000002,E08000003,Manchester,MANCH_f5183465f3b8,2a086fe7131e
England,E12000002,E08000003,Manchester,MANCH_ee62d387f7ae,988c4c3a355d
England,E12000002,E08000003,Manchester,MANCH_35b34a7ea17e,98fa00053ff9
England,E12000002,E08000003,Manchester,MANCH_d7d21decafe4,9f840cfcebdc
England,E12000002,E08000003,Manchester,MANCH_30b298e727f0,737a5a01ce65
England,E12000002,E08000003,Manchester,MANCH_a37a73b7d8b9,f448b92fd36d
England,E12000002,E08000003,Manchester,MANCH_e80028522f23,36597bbee72b
England,E12000002,E08000003,Manchester,MANCH_1a84e45c7c74,fd66357c0849
England,E12000002,E08000003,Manchester,MANCH_6a951cf44741,3d5f2dcb5177
England,E12000002,E08000003,Manchester,MANCH_183d1f592b4f,de8e4f60b03d
England,E12000002,E08000003,Manchester,MANCH_0dd9f4bfc9e6,8b6332c9a461
England,E12000002,E08000003,Manchester,MANCH_c2b551aa9042,d9f20c3a700c
England,E12000002,E08000003,Manchester,MANCH_17db7168ba74,88c35ca6c003
England,E12000002,E08000003,Manchester,MANCH_65d08e4bc1ab,6fb805c99bb0
England,E12000002,E08000003,Manchester,MANCH_691676eae1c3,d6369a88e01e
England,E12000002,E08000003,Manchester,MANCH_9358aa3e7803,1c60a204f7a8
England,E12000002,E08000003,Manchester,MANCH_4ac82357aa8d,1320a39026cb
England,E12000002,E08000003,Manchester,MANCH_71aa39cb0b56,82827af39865
England,E12000002,E08000003,Manchester,MANCH_485be33acd21,3841f5be55bd
England,E12000002,E08000003,Manchester,MANCH_3a49a332dc45,5def781c7916
England,E12000002,E08000003,Manchester,MANCH_7f0bd47c47f0,cc1cc66e61f9
England,E12000002,E08000003,Manchester,MANCH_04639f99559b,22043a6c06d7
England,E12000002,E08000003,Manchester,MANCH_0b83fd5535b9,0efc882319dc
England,E12000002,E08000003,Manchester,MANCH_56270843d85c,23f7490efd41
England,E12000002,E08000003,Manchester,MANCH_01781c2b83cc,13cd62cdd241
England,E12000002,E08000003,Manchester,MANCH_ba1a64209364,e5a7c771e3e4
England,E12000002,E08000003,Manchester,MANCH_9c594a8999aa,cc5989100325
England,E12000002,E08000003,Manchester,MANCH_cc35960a64a8,8aad49bab1b4
England,E12000002,E08000003,Manchester,MANCH_df9fb50987d3,0c32d341c404
England,E12000002,E08000003,Manchester,MANCH_bbedf2e811cb,e258cf8947ba
England,E12000002,E08000003,Manchester,MANCH_1dd5f463e509,5054e198f9d7
England,E12000002,E08000003,Manchester,MANCH_56004a6d3163,ac5486f533fd
England,E12000002,E08000003,Manchester,MANCH_257ecb31f9f2,fd39a08a49a2
England,E12000002,E08000003,Manchester,MANCH_cfd085962e58,358377d74307
England,E12000002,E08000003,Manchester,MANCH_4616372efd32,c913b2c76b0b
England,E12000002,E08000003,Manchester,MANCH_f13817816bae,dbb6fe196633
England,E12000002,E08000003,Manchester,MANCH_0c7b8a076af3,65fad473a18c
England,E12000002,E08000003,Manchester,MANCH_a893d8695571,71b5ff29346b
England,E12000002,E08000003,Manchester,MANCH_787f500858ba,c6b43b12add2
England,E12000002,E08000003,Manchester,MANCH_d1ffc03990cd,005e14945cb2
England,E12000002,E08000003,Manchester,MANCH_cda25800ce10,f418c2d2a7d4
England,E12000002,E08000003,Manchester,MANCH_3798ce5a225c,7aeee70cb337
England,E12000002,E08000003,Manchester,MANCH_fb7acac0df03,a65d2620f688
England,E12000002,E08000003,Manchester,MANCH_660cd2e4064f,0d05e7c4b65f
England,E12000002,E08000003,Manchester,MANCH_6df69bd57d31,bbba1910d525
England,E12000002,E08000003,Manchester,MANCH_935d18e65016,d9e5712f7d22
England,E12000002,E08000003,Manchester,MANCH_433c43df218f,6918dca5c7ee
England,E12000002,E08000003,Manchester,MANCH_752e58e29503,985a26371696
England,E12000002,E08000003,Manchester,MANCH_e908f713ddd3,8cada1d585a0
England,E12000002,E08000003,Manchester,MANCH_085f567772b8,5fc1e76d4863
England,E12000002,E08000003,Manchester,MANCH_885197bf7c73,7f92aa22854e
England,E12000002,E08000003,Manchester,MANCH_c9f3884b9a4d,1fa03c8304f9
England,E12000002,E08000003,Manchester,MANCH_0a3f52840421,87d19b0d695b
England,E12000002,E08000003,Manchester,MANCH_36c848569327,41ac17f9caf5
England,E12000002,E08000003,Manchester,MANCH_bd31482abfe3,25f5aed3a63b
England,E12000002,E08000003,Manchester,MANCH_b923f08cbf5c,80737068d4eb
England,E12000002,E08000003,Manchester,MANCH_b1331d003c0b,e985f62be059
England,E12000002,E08000003,Manchester,MANCH_d1ed12fc0387,a34ab01bf3b7
England,E12000002,E08000003,Manchester,MANCH_3fb491e7b35a,c2391ee8560f
England,E12000002,E08000003,Manchester,MANCH_c01bda75491f,08eb3760ff17
England,E12000002,E08000003,Manchester,MANCH_0ece0b04d9ba,7f70e5aa020a
England,E12000002,E08000003,Manchester,MANCH_0bb34303922c,d006a0f628bd
England,E12000002,E08000003,Manchester,MANCH_21bd7b205de9,85b818eda0d9
England,E12000002,E08000003,Manchester,MANCH_72866f4fe918,4ed59adbd873
England,E12000002,E08000003,Manchester,MANCH_803dee6cae57,8870bab328a8
England,E12000002,E08000003,Manchester,MANCH_296d9a3334fd,61df496a0b89
England,E12000002,E08000003,Manchester,MANCH_332dad7fba7c,64942976e9bb
England,E12000002,E08000003,Manchester,MANCH_a3a2d89322cf,58ce289d9d00
England,E12000002,E08000003,Manchester,MANCH_c8a26af04a16,19eab5ce9e20
England,E12000002,E08000003,Manchester,MANCH_14af9e31679f,db4de339f6cd
England,E12000002,E08000003,Manchester,MANCH_0c2d04d0ec0f,b43666856c90
England,E12000002,E08000003,Manchester,MANCH_eb19a3b5e43a,18bbd34ce711
England,E12000002,E08000003,Manchester,MANCH_7680a36f79c1,bad84e6940ac
England,E12000002,E08000003,Manchester,MANCH_03ebca625628,00bfea000d21
England,E12000002,E08000003,Manchester,MANCH_514410956d34,311184fb5faf
England,E12000002,E08000003,Manchester,MANCH_6d35b2f66f96,cbbdb71d3d24
England,E12000002,E08000003,Manchester,MANCH_217efe922187,0fc79191b3ec
England,E12000002,E08000003,Manchester,MANCH_17fbb1ce8773,42671c604eb3
England,E12000002,E08000003,Manchester,MANCH_fc76134109a6,a79a4423b220
England,E12000002,E08000003,Manchester,MANCH_f2a04b6e4b56,8098573b0653
England,E12000002,E08000003,Manchester,MANCH_1b90f7ceea19,44de84a3b2b0
England,E12000002,E08000003,Manchester,MANCH_8c43e61a4088,31eac79da830
England,E12000002,E08000003,Manchester,MANCH_345e70f7e113,56c88355f258
England,E12000002,E08000003,Manchester,MANCH_3775f0282018,45b8e797eb7d
England,E12000002,E08000003,Manchester,MANCH_8d30ca0a99a8,da9e638651b2
England,E12000002,E08000003,Manchester,MANCH_c8b7d672cbe6,42b65a8e576c
England,E12000002,E08000003,Manchester,MANCH_ad4ae56b8f39,f80e1eb723ea
England,E12000002,E08000003,Manchester,MANCH_9a8ce014a42f,0bdabfe6aa17
England,E12000002,E08000003,Manchester,MANCH_bab98cb0e236,f21f228d00f9
England,E12000002,E08000003,Manchester,MANCH_79639c0ab6c0,3919f8f17bd9
England,E12000002,E08000003,Manchester,MANCH_e3bf88d47eef,768b3bfae61a
England,E12000002,E08000003,Manchester,MANCH_2cebcc4eb15c,dbe75c290bc1
England,E12000002,E08000003,Manchester,MANCH_20e5de434fc4,18f920d79e23
England,E12000002,E08000003,Manchester,MANCH_12d1a194b3d8,9bd7bd254088
England,E12000002,E08000003,Manchester,MANCH_675411226107,a1b1e6e70d1b
England,E12000002,E08000003,Manchester,MANCH_f352ae7dac91,152b7869a0f2
England,E12000002,E08000003,Manchester,MANCH_d25be104a395,489c0aac18b6
England,E12000002,E08000003,Manchester,MANCH_cfa0b324b234,ad94e4030389
England,E12000002,E08000003,Manchester,MANCH_aaba81c8c107,95f2c174cde5
England,E12000002,E08000003,Manchester,MANCH_e9e9e7221477,f94068a71f06
England,E12000002,E08000003,Manchester,MANCH_9f4badd0f350,8ebb2c4a5c59
England,E12000002,E08000003,Manchester,MANCH_f4de9bb03fce,89696ecc6a45
England,E12000002,E08000003,Manchester,MANCH_785e56d3166d,f052b01dfb69
England,E12000002,E08000003,Manchester,MANCH_66792c254048,2c41917a981f
England,E12000002,E08000003,Manchester,MANCH_16a42a4e79f2,3b0d54d5fd50
England,E12000002,E08000003,Manchester,MANCH_cde4ddadb4c1,ed5a6e3adbe5
England,E12000002,E08000003,Manchester,MANCH_5298d8c193eb,7908ed7684b4
England,E12000002,E08000003,Manchester,MANCH_8f74cb37bb5b,edf7c89b1ec6
England,E12000002,E08000003,Manchester,MANCH_c3568bc99b82,3508272ffc18
England,E12000002,E08000003,Manchester,MANCH_b47d2b684771,c6b5ada78cd8
England,E12000002,E08000003,Manchester,MANCH_a73a38f00b19,34746bce8704
England,E12000002,E08000003,Manchester,MANCH_ebe2beb9b551,71210ac9be74
England,E12000002,E08000003,Manchester,MANCH_896fa74065ef,90b200c0e257
England,E12000002,E08000003,Manchester,MANCH_a77eab4abefa,ba392d403791
England,E12000002,E08000003,Manchester,MANCH_13493ca4aff0,4d5dbeaa35f8
England,E12000002,E08000003,Manchester,MANCH_6415aac6bd13,c573934baf2f
England,E12000002,E08000003,Manchester,MANCH_5b37075a6ee7,776a7cde2f5b
England,E12000002,E08000003,Manchester,MANCH_cc033978d03d,baf55a380a03
England,E12000002,E08000003,Manchester,MANCH_9c8b7ace4b8b,6ed69829934d
England,E12000002,E08000003,Manchester,MANCH_2bfa3e7b3bed,8fb90a051d72
England,E12000002,E08000003,Manchester,MANCH_e044426f1553,535da856df40
England,E12000002,E08000003,Manchester,MANCH_7fd625565313,b5753520f218
England,E12000002,E08000003,Manchester,MANCH_eebeeecbf855,78f7feb31fb2
England,E12000002,E08000003,Manchester,MANCH_3311969b8b7d,a9ede2648c47
England,E12000002,E08000003,Manchester,MANCH_e8818eaca8b3,348d7dc30298
England,E12000002,E08000003,Manchester,MANCH_9e53440a566d,b3f394cbf2ba
England,E12000002,E08000003,Manchester,MANCH_09f99a3a70b6,13b5abde5b26
England,E12000002,E08000003,Manchester,MANCH_785eb4af61fa,c1c031497be3
England,E12000002,E08000003,Manchester,MANCH_26491a841909,05f5a24d78a1
England,E12000002,E08000003,Manchester,MANCH_9113fe1aa3ea,a43df1eca90f
England,E12000002,E08000003,Manchester,MANCH_7509737d11f5,5316e9eb9d46
England,E12000002,E08000003,Manchester,MANCH_68451b762317,fe86d4de8463
England,E12000002,E08000003,Manchester,MANCH_3a7d7c899f5c,acd24667fb87
England,E12000002,E08000003,Manchester,MANCH_249d31bf3c29,f3da7503a746
England,E12000002,E08000003,Manchester,MANCH_d3fc3bd75210,bb567801d62e
England,E12000002,E08000003,Manchester,MANCH_dbe9d47f13a1,2f4824262eff
England,E12000002,E08000003,Manchester,MANCH_22383760dbb8,a6b444afeeab
England,E12000002,E08000003,Manchester,MANCH_ecc058556b9e,16fc9f2b726b
England,E12000002,E08000003,Manchester,MANCH_7d2f92ed48ba,5a5289a15434
England,E12000002,E08000003,Manchester,MANCH_285dddf661a0,24bcff534a60
England,E12000002,E08000003,Manchester,MANCH_f0d900ca85ef,a5141cd029d3
England,E12000002,E08000003,Manchester,MANCH_d34dc5228120,d079103234b3
England,E12000002,E08000003,Manchester,MANCH_eb7ae3b40fdb,8d79cff9d265
England,E12000002,E08000003,Manchester,MANCH_9deab98d0046,515fdd5fa467
England,E12000002,E08000003,Manchester,MANCH_703a8f497c28,4fb18c00af9b
England,E12000002,E08000003,Manchester,MANCH_e7a9289360be,56bbf9c773aa
England,E12000002,E08000003,Manchester,MANCH_3306582879e7,09a471528ce8
England,E12000002,E08000003,Manchester,MANCH_8a834747bf33,4fbfca6467ed
England,E12000002,E08000003,Manchester,MANCH_fa5185965eb3,f61913d46a1b
England,E12000002,E08000003,Manchester,MANCH_cbb87ac60912,d4cdb9a1aca8
England,E12000002,E08000003,Manchester,MANCH_651ffc91e975,16c1e2e670ab
England,E12000002,E08000003,Manchester,MANCH_1cdc47c5488e,87bc7acb86f0
England,E12000002,E08000003,Manchester,MANCH_135bd32d5589,ccbfbd7735ec
England,E12000002,E08000003,Manchester,MANCH_c7997f355473,dcc2e32827d3
England,E12000002,E08000003,Manchester,MANCH_35e8c0f7ba0a,955a9b3badb4
England,E12000002,E08000003,Manchester,MANCH_d54895c44808,bb247007bb3f
England,E12000002,E08000003,Manchester,MANCH_dcc453ce9c55,9ca0644bbe9d
England,E12000002,E08000003,Manchester,MANCH_0489ff30c109,53778c9f525c
England,E12000002,E08000003,Manchester,MANCH_c3412229ce12,5802645706c3
England,E12000002,E08000003,Manchester,MANCH_9fdb01484d97,a2c7b7ade6c1
England,E12000002,E08000003,Manchester,MANCH_d00c0329b4c5,0882a2bb6bee
England,E12000002,E08000003,Manchester,MANCH_3ecf1458fac8,a2fafac8fc53
England,E12000002,E08000003,Manchester,MANCH_36520f875bc4,bd93b5115afd
England,E12000002,E08000003,Manchester,MANCH_40bff89b19f7,2f4bdd5e03a8
England,E12000002,E08000003,Manchester,MANCH_bf55cc010426,aabf5d018222
England,E12000002,E08000003,Manchester,MANCH_86b8a37d70fc,2b96d3ad581f
England,E12000002,E08000003,Manchester,MANCH_5788d9a6b52f,2cf902f719a0
England,E12000002,E08000003,Manchester,MANCH_1a5a6ebe6b48,30642cc291d5
England,E12000002,E08000003,Manchester,MANCH_fc901f413782,fe05b580739e
England,E12000002,E08000003,Manchester,MANCH_79a76f3efd06,c74ff314c16f
England,E12000002,E08000003,Manchester,MANCH_d12d369e5266,6aa26879c793
England,E12000002,E08000003,Manchester,MANCH_9bd76f145bf3,153dc0fc585b
England,E12000002,E08000003,Manchester,MANCH_55565cec82e3,c36afb663ec6
England,E12000002,E08000003,Manchester,MANCH_e98a546e2928,68b38f07e55c
England,E12000002,E08000003,Manchester,MANCH_c876a858da7c,b28151a1a813
England,E12000002,E08000003,Manchester,MANCH_ced19803cb47,94051f75b3da
England,E12000002,E08000003,Manchester,MANCH_9f1b98386c2b,b30ff25d7c35
England,E12000002,E08000003,Manchester,MANCH_4b147173f3ef,c6a9df7ac30d
England,E12000002,E08000003,Manchester,MANCH_439584e3a2d9,0da14ddd8dc0
England,E12000002,E08000003,Manchester,MANCH_6205386c83fa,16fd9f24e054
England,E12000002,E08000003,Manchester,MANCH_4a34b875ac57,ee9630a1a2ea
England,E12000002,E08000003,Manchester,MANCH_21955b814523,d7d1491da949
England,E12000002,E08000003,Manchester,MANCH_fe93bc95854e,bc3d6651fa6b
England,E12000002,E08000003,Manchester,MANCH_21775f157c2b,b0f48da47948
England,E12000002,E08000003,Manchester,MANCH_bb1514cd6b85,0d155a0f9362
England,E12000002,E08000003,Manchester,MANCH_28c4802addf5,0c797e3c5b8f
England,E12000002,E08000003,Manchester,MANCH_02988a6af4cf,d6d38254d23c
England,E12000002,E08000003,Manchester,MANCH_94a4c072bb47,12367d15cc2d
England,E12000002,E08000003,Manchester,MANCH_adaccf70c207,50e2ecfd2ed6
England,E12000002,E08000003,Manchester,MANCH_011cb9b63c2d,f3c7b46340e7
England,E12000002,E08000003,Manchester,MANCH_4f2e7d8f9187,084354cd28d7
England,E12000002,E08000003,Manchester,MANCH_436faa8a7993,7cb5b39c73ec
England,E12000002,E08000003,Manchester,MANCH_5da59db23abc,c3bfb3f64f95
England,E12000002,E08000003,Manchester,MANCH_9b72b517361c,bc17ae3e26bd
England,E12000002,E08000003,Manchester,MANCH_c701afc848b4,ca068b8da344
England,E12000002,E08000003,Manchester,MANCH_7f877a54f959,a29bc5834c6e
England,E12000002,E08000003,Manchester,MANCH_60f39df9c096,6aac252f456a
England,E12000002,E08000003,Manchester,MANCH_e4c36c394e0a,b6f307f2c70c
England,E12000002,E08000003,Manchester,MANCH_f0c1efcf3cfa,f10eeab90012
England,E12000002,E08000003,Manchester,MANCH_78bfaa9a9eb8,d28100031133
England,E12000002,E08000003,Manchester,MANCH_62ef7ddcbb7a,3cafac966bbe
England,E12000002,E08000003,Manchester,MANCH_e6b7a3c0caa4,53294fbbd00f
England,E12000002,E08000003,Manchester,MANCH_2720d58b161e,9127d1d735f8
England,E12000002,E08000003,Manchester,MANCH_6fe750086c1b,77c2f149d87c
England,E12000002,E08000003,Manchester,MANCH_9dde136a5d1b,18eba646c893
England,E12000002,E08000003,Manchester,MANCH_2a77e42ec30a,60169208c455
England,E12000002,E08000003,Manchester,MANCH_dc4fd02af1cb,fd3e4a2b9f0a
England,E12000002,E08000003,Manchester,MANCH_5b6619f9a7c7,9246e8f67930
England,E12000002,E08000003,Manchester,MANCH_1b5f780597df,f6dd59979f43
England,E12000002,E08000003,Manchester,MANCH_652f9d62e151,939c1e5501b7
England,E12000002,E08000003,Manchester,MANCH_0de4e3711373,fe038c8926a9
England,E12000002,E08000003,Manchester,MANCH_34a551f05009,1d9ac96ab67b
England,E12000002,E08000003,Manchester,MANCH_4cb4b7c37bb2,fa1ca81d33d4
England,E12000002,E08000003,Manchester,MANCH_838062a0b706,fe08c1fa865c
England,E12000002,E08000003,Manchester,MANCH_88b98b5e2225,581a050eebae
England,E12000002,E08000003,Manchester,MANCH_a4ac4c548a73,281f34339092
England,E12000002,E08000003,Manchester,MANCH_5669cc49b305,467ed0995122
England,E12000002,E08000003,Manchester,MANCH_4d2cc7dd013c,7421ef696c55
England,E12000002,E08000003,Manchester,MANCH_7da6d9fdb7eb,dd0d62be8281
England,E12000002,E08000003,Manchester,MANCH_0f9208c35793,bb26eb8d4802
England,E12000002,E08000003,Manchester,MANCH_6c9d7fbc4f4b,b586245e656a
England,E12000002,E08000003,Manchester,MANCH_8758b5a2bc4a,3732fa2a785d
England,E12000002,E08000003,Manchester,MANCH_8bb531758b43,7d2930b9e0cc
England,E12000002,E08000003,Manchester,MANCH_9753bf842adb,f93fffd71028
England,E12000002,E08000003,Manchester,MANCH_e25e20340b9a,688bfa2ae1c3
England,E12000002,E08000003,Manchester,MANCH_a52b0e903fa4,ecdeb7e68eeb
England,E12000002,E08000003,Manchester,MANCH_00d723fc5a9d,fd543909374b
England,E12000002,E08000003,Manchester,MANCH_9a6219a081b4,2ba301056e71
England,E12000002,E08000003,Manchester,MANCH_6eeafa0954e9,f901cc2af1eb
England,E12000002,E08000003,Manchester,MANCH_96b03ff27e68,3a8df6de1076
England,E12000002,E08000003,Manchester,MANCH_d0849053dcb5,3f9b619fa0ad
England,E12000002,E08000003,Manchester,MANCH_2c5a5add785d,5fe0e830f9e3
England,E12000002,E08000003,Manchester,MANCH_6906105aa36c,f69eb1b97b0b
England,E12000002,E08000003,Manchester,MANCH_8a3d8da5e635,ae7ec8f4460f
England,E12000002,E08000003,Manchester,MANCH_25327f229e62,d3c4e5fc8492
England,E12000002,E08000003,Manchester,MANCH_5d47a5f1b2c9,770a1b535e22
England,E12000002,E08000003,Manchester,MANCH_4751059f2196,3b764473cff6
England,E12000002,E08000003,Manchester,MANCH_aef48f31d3bc,a59e07949300
England,E12000002,E08000003,Manchester,MANCH_054d9813c2b4,6699cdf3d549
England,E12000002,E08000003,Manchester,MANCH_07e25225118f,0a5c812cc61a
England,E12000002,E08000003,Manchester,MANCH_e4a1ceb14dd2,4b9e8c74cb5e
England,E12000002,E08000003,Manchester,MANCH_8455c8347f4c,d00915529d57
England,E12000002,E08000003,Manchester,MANCH_24efc39a60df,11d5a0f1eddc
England,E12000002,E08000003,Manchester,MANCH_8041c1c0350d,832c03457f56
England,E12000002,E08000003,Manchester,MANCH_5bf6f9ab6f53,38a9d5c7c7ac
England,E12000002,E08000003,Manchester,MANCH_62d8e5af391e,f3ca1ca8f35f
England,E12000002,E08000003,Manchester,MANCH_38af4fd5fa3d,6568e55b6fb1
England,E12000002,E08000003,Manchester,MANCH_7a28602d8c01,4e70a95039fa
England,E12000002,E08000003,Manchester,MANCH_ec795f57e02d,6b400e45fc71
England,E12000002,E08000003,Manchester,MANCH_56bbb659794c,ebfaccbd9c92
England,E12000002,E08000003,Manchester,MANCH_82277f836892,52032d355bca
England,E12000002,E08000003,Manchester,MANCH_6d5187476766,d298a6f2a43b
England,E12000002,E08000003,Manchester,MANCH_d995f552cd0c,2244ed098ab5
England,E12000002,E08000003,Manchester,MANCH_96d122b963d4,7f6af053d130
England,E12000002,E08000003,Manchester,MANCH_0b6235c7b7ac,73ac8e23f363
England,E12000002,E08000003,Manchester,MANCH_20a87b8a9739,cad9b5a0acb4
England,E12000002,E08000003,Manchester,MANCH_b7f83c36d271,df42589298bb
England,E12000002,E08000003,Manchester,MANCH_7de6c92e15fa,38f5b6894b99
England,E12000002,E08000003,Manchester,MANCH_f366c1dd26ed,2976ed3a38e3
England,E12000002,E08000003,Manchester,MANCH_b8974268122b,06fcc1dd981b
England,E12000002,E08000003,Manchester,MANCH_e46f42d645e2,936ae64e0785
England,E12000002,E08000003,Manchester,MANCH_54058cfb43a2,abf26963a137
England,E12000002,E08000003,Manchester,MANCH_ddc9dfef9eaa,de04b14dbe43
England,E12000002,E08000003,Manchester,MANCH_87736a6dd92f,04182863a410
England,E12000002,E08000003,Manchester,MANCH_0b1eaac437f6,5b88e977b842
England,E12000002,E08000003,Manchester,MANCH_95a478510922,2f3561c007dd
England,E12000002,E08000003,Manchester,MANCH_287c78aca8a3,78f18c9b652d
England,E12000002,E08000003,Manchester,MANCH_0cd6761e7e02,a93e86c64751
England,E12000002,E08000003,Manchester,MANCH_50be2c8a4d65,ced0ef7fd50e
England,E12000002,E08000003,Manchester,MANCH_6fee699240cb,48618e2920e3
England,E12000002,E08000003,Manchester,MANCH_850d50b1f108,4dcfbe762cf2
England,E12000002,E08000003,Manchester,MANCH_188a2abd098a,6e5bf5e08da5
England,E12000002,E08000003,Manchester,MANCH_668398f97e25,b944b1805cff
England,E12000002,E08000003,Manchester,MANCH_3d9f8c8da88b,4372afed18ff
England,E12000002,E08000003,Manchester,MANCH_37da2fa73c87,3b91e7e3b63e
England,E12000002,E08000003,Manchester,MANCH_00ce41653b0e,c6cfeeac7986
England,E12000002,E08000003,Manchester,MANCH_8503dfe7ad7e,2f4180a0c022
England,E12000002,E08000003,Manchester,MANCH_253d97d3a66e,d810fb36e07c
England,E12000002,E08000003,Manchester,MANCH_ecb89e06f5c9,28042facfaf9
England,E12000002,E08000003,Manchester,MANCH_feedf867b315,77ce461d2483
England,E12000002,E08000003,Manchester,MANCH_c04b8628ec63,645a884d4c92
England,E12000002,E08000003,Manchester,MANCH_647fe6b80dc9,1a00443ba3fb
England,E12000002,E08000003,Manchester,MANCH_6e4dbfe5db05,43cf08fcbfc1
England,E12000002,E08000003,Manchester,MANCH_5b55422263b3,b016a3c18e50
England,E12000002,E08000003,Manchester,MANCH_f14e3a5df507,090b1f3340b5
England,E12000002,E08000003,Manchester,MANCH_99ca74befa0c,234f64120f93
England,E12000002,E08000003,Manchester,MANCH_00e85c2b7259,e0b2d7f4412e
England,E12000002,E08000003,Manchester,MANCH_60f540b187ac,076422d62baa
England,E12000002,E08000003,Manchester,MANCH_e40ba7928b7b,569ce582cd1c
England,E12000002,E08000003,Manchester,MANCH_d8ace88a384b,e69231467d23
England,E12000002,E08000003,Manchester,MANCH_bd2a9fb4dd08,5f6be8129013
England,E12000002,E08000003,Manchester,MANCH_0d509198e9dc,e391dcfa8441
England,E12000002,E08000003,Manchester,MANCH_b64bc25fbd97,e7151f48a293
England,E12000002,E08000003,Manchester,MANCH_fbd94322ba84,ae6a13b672cc
England,E12000002,E08000003,Manchester,MANCH_85857b6b18fa,c55b354e2a4a
England,E12000002,E08000003,Manchester,MANCH_93327fe43234,d31fbbd94e07
England,E12000002,E08000003,Manchester,MANCH_95ee582d773c,41d6a59ec989
England,E12000002,E08000003,Manchester,MANCH_83dbb69377bc,4054f1055625
England,E12000002,E08000003,Manchester,MANCH_2fcdb73bd484,bdd82313ac08
England,E12000002,E08000003,Manchester,MANCH_c04bd0240a81,74868ee9d35e
England,E12000002,E08000003,Manchester,MANCH_b7bf010f65a2,4f7aafcfea28
England,E12000002,E08000003,Manchester,MANCH_d538ab6a3d82,d83c93169a04
England,E12000002,E08000003,Manchester,MANCH_f22db92f5eb7,b0cb62908194
England,E12000002,E08000003,Manchester,MANCH_4516039911a1,f0295f27ba5f
England,E12000002,E08000003,Manchester,MANCH_ea7042279f16,3d0eed8c19dc
England,E12000002,E08000003,Manchester,MANCH_6aa2d5335506,37d4d4dc616a
England,E12000002,E08000003,Manchester,MANCH_95c3015eb1cd,1a120c960d1a
England,E12000002,E08000003,Manchester,MANCH_7fe939d64037,4062e450d676
England,E12000002,E08000003,Manchester,MANCH_5c070c7a5d20,a6f594cda4b7
England,E12000002,E08000003,Manchester,MANCH_5517279999e9,f98c0bf58756
England,E12000002,E08000003,Manchester,MANCH_06734ec1eec1,401c9d6cfd5f
England,E12000002,E08000003,Manchester,MANCH_b187d3ad6f5b,12eef949bcbb
England,E12000002,E08000003,Manchester,MANCH_49d497c60608,d21f79d84dbc
England,E12000002,E08000003,Manchester,MANCH_84172146c3ee,f74e49aa6227
England,E12000002,E08000003,Manchester,MANCH_fdc2a5fea3af,a42608a8d29a
England,E12000002,E08000003,Manchester,MANCH_55fc0c1651bc,05ee3f2a2d32
England,E12000002,E08000003,Manchester,MANCH_f62b2238d0f0,82767621ea99
England,E12000002,E08000003,Manchester,MANCH_6bc42cb871e1,1549982f2654
England,E12000002,E08000003,Manchester,MANCH_c1569d44d0c8,bb20ac7ffe92
England,E12000002,E08000003,Manchester,MANCH_df129383d70b,cd65dd9a85bd
England,E12000002,E08000003,Manchester,MANCH_948e23ec0b1a,a52d02ca0a26
England,E12000002,E08000003,Manchester,MANCH_342a0c1ce5e4,c83e928f213c
England,E12000002,E08000003,Manchester,MANCH_803ba7f8d9d5,2e88e52340f6
England,E12000002,E08000003,Manchester,MANCH_89854bef5a8a,c3001f5c53e0
England,E12000002,E08000003,Manchester,MANCH_127dcbe2bcaf,4adb130b717b
England,E12000002,E08000003,Manchester,MANCH_543d59e66ab3,d3eb97f4feeb
England,E12000002,E08000003,Manchester,MANCH_636e4a658b20,d4a4bb001019
England,E12000002,E08000003,Manchester,MANCH_53e12a1adcd7,b35f9b32a41a
England,E12000002,E08000003,Manchester,MANCH_e342b10c0c13,ab455132c0a1
England,E12000002,E08000003,Manchester,MANCH_4d188d35a822,6531b496213f
England,E12000002,E08000003,Manchester,MANCH_d590b7cba313,25995e593341
England,E12000002,E08000003,Manchester,MANCH_baf220812c17,2037d86a8c6c
England,E12000002,E08000003,Manchester,MANCH_c86b10f2f7d7,f1844f3ac578
England,E12000002,E08000003,Manchester,MANCH_afa5cefba6f5,84899f116fcf
England,E12000002,E08000003,Manchester,MANCH_95d0644fdf68,740bc8f22364
England,E12000002,E08000003,Manchester,MANCH_86b40f1af978,0db1f6612783
England,E12000002,E08000003,Manchester,MANCH_4b5849544881,2845ba50a13e
England,E12000002,E08000003,Manchester,MANCH_8e91dd660cc3,17b4832ff302
England,E12000002,E08000003,Manchester,MANCH_8a08ccac3e1e,8fdc040de43a
England,E12000002,E08000003,Manchester,MANCH_b355bf02b510,5f0fc67c622a
England,E12000002,E08000003,Manchester,MANCH_bb6e59dffe16,1af29c3d1e10
England,E12000002,E08000003,Manchester,MANCH_d855fbac621a,b50f06ba0506
England,E12000002,E08000003,Manchester,MANCH_67586093820c,758dccdd5ec6
England,E12000002,E08000003,Manchester,MANCH_85463bf4e06c,08d8b2a554cd
England,E12000002,E08000003,Manchester,MANCH_a8fb402794b6,a1d8707473ee
England,E12000002,E08000003,Manchester,MANCH_b034911d01be,bb8e5fea256f
England,E12000002,E08000003,Manchester,MANCH_3f640d6aa7c5,98862b353f4c
England,E12000002,E08000003,Manchester,MANCH_1419db49599a,f2f292a80d39
England,E12000002,E08000003,Manchester,MANCH_e00090e4ac5d,c8ce893812c5
England,E12000002,E08000003,Manchester,MANCH_b669430ccb1a,86d276dac472
England,E12000002,E08000003,Manchester,MANCH_628d2c4a13a1,9040e42dbcb3
England,E12000002,E08000003,Manchester,MANCH_ddb5192fc8df,7dfebcb90f67
England,E12000002,E08000003,Manchester,MANCH_c2440795f52f,47650c9ae02e
England,E12000002,E08000003,Manchester,MANCH_f1c1fcd742e2,1a38398d6532
England,E12000002,E08000003,Manchester,MANCH_0560b6b47348,02eb81ca50a5
England,E12000002,E08000003,Manchester,MANCH_b19d8673fbcf,68a610c03f04
England,E12000002,E08000003,Manchester,MANCH_da01dbcb885c,fa4fbbb939ae
England,E12000002,E08000003,Manchester,MANCH_c387e9908ee5,edca31e5083a
England,E12000002,E08000003,Manchester,MANCH_9b1af6e737ef,0b8e41b30a68
England,E12000002,E08000003,Manchester,MANCH_c7dfd4be9546,d3af5383d5a3
England,E12000002,E08000003,Manchester,MANCH_280cd1e5c743,6c81fad0ff12
England,E12000002,E08000003,Manchester,MANCH_6891d92fdd79,13668dcb0c7b
England,E12000002,E08000003,Manchester,MANCH_0fadabf82161,24470d590414
England,E12000002,E08000003,Manchester,MANCH_049e84448f9f,a833270b0146
England,E12000002,E08000003,Manchester,MANCH_a60db0570d67,edfebb4b6a23
England,E12000002,E08000003,Manchester,MANCH_9b9eaa45c696,e94ae3be00ba
England,E12000002,E08000003,Manchester,MANCH_fcc62a22db1e,a0ce6c429073
England,E12000002,E08000003,Manchester,MANCH_1a570ac7d378,642624b141c4
England,E12000002,E08000003,Manchester,MANCH_14bc171faf7e,868a7fecb3ec
England,E12000002,E08000003,Manchester,MANCH_30df3101a16c,0eea79ceeca9
England,E12000002,E08000003,Manchester,MANCH_4e6074bb59cf,3196043d5df6
England,E12000002,E08000003,Manchester,MANCH_259fe6444c7c,747a3fd620e2
England,E12000002,E08000003,Manchester,MANCH_3efff305f868,1bf3b57b1200
England,E12000002,E08000003,Manchester,MANCH_a3b52b83aac9,71333f68eb8b
England,E12000002,E08000003,Manchester,MANCH_b67ce87644a3,9505350f013f
England,E12000002,E08000003,Manchester,MANCH_47c95b0f1cde,43a75451a804
England,E12000002,E08000003,Manchester,MANCH_1c6951d9c499,0a14d5e08a93
England,E12000002,E08000003,Manchester,MANCH_9197486e6ba4,6f5e5d0d82b1
England,E12000002,E08000003,Manchester,MANCH_1e850f89c4bd,11325ed340d8
England,E12000002,E08000003,Manchester,MANCH_4abb8b29d749,7c06c7cbcef9
England,E12000002,E08000003,Manchester,MANCH_94da60932233,a1e0e8937b94
England,E12000002,E08000003,Manchester,MANCH_f6d9d218a07f,3ce4c924b192
England,E12000002,E08000003,Manchester,MANCH_53d9f0e52a5f,681c21326d83
England,E12000002,E08000003,Manchester,MANCH_27aff9524c0f,687854ed6e2a
England,E12000002,E08000003,Manchester,MANCH_28836bf9f636,1ae471453f12
England,E12000002,E08000003,Manchester,MANCH_d0a4e6c58324,a97df193ec9f
England,E12000002,E08000003,Manchester,MANCH_e3cd8b4c11d0,c68e904b1155
England,E12000002,E08000003,Manchester,MANCH_3047a06ed93f,25e65c6e9df7
England,E12000002,E08000003,Manchester,MANCH_63c6a2956f7e,0f0e8e8658d0
England,E12000002,E08000003,Manchester,MANCH_0022dc561b8b,c3dc9971ba9d
England,E12000002,E08000003,Manchester,MANCH_52a02680565e,92cdb672c2a4
England,E12000002,E08000003,Manchester,MANCH_49d7ccebbe14,199d0ef36100
England,E12000002,E08000003,Manchester,MANCH_7838034c28c4,2cfc3fc330ab
England,E12000002,E08000003,Manchester,MANCH_83da04930fdc,11b706f6691a
England,E12000002,E08000003,Manchester,MANCH_9feb62e1aa59,609e20868c14
England,E12000002,E08000003,Manchester,MANCH_de2d53ebd000,3367a80afef7
England,E12000002,E08000003,Manchester,MANCH_5aa87e678961,68dc901fc77a
England,E12000002,E08000003,Manchester,MANCH_e28eca0be432,a2959a6a7998
England,E12000002,E08000003,Manchester,MANCH_565a399cb48e,d115ed31e3bb
England,E12000002,E08000003,Manchester,MANCH_0fe7737861a5,3a5d4fea0bd5
England,E12000002,E08000003,Manchester,MANCH_91644c005a8a,c1492087b6bb
England,E12000002,E08000003,Manchester,MANCH_39e412b17b3a,0b8773a62277
England,E12000002,E08000003,Manchester,MANCH_036bcc93478b,641eb5cde035
England,E12000002,E08000003,Manchester,MANCH_2fcc536e95a0,2d9ab66c6a2e
England,E12000002,E08000003,Manchester,MANCH_cbf153c4265f,23d1efa261d3
England,E12000002,E08000003,Manchester,MANCH_ffbfc55f9461,ffa41fe4d25a
England,E12000002,E08000003,Manchester,MANCH_01d3d0aea2bc,f1c6b23dd6f0
England,E12000002,E08000003,Manchester,MANCH_e7345b40181e,2b8a70247c1c
England,E12000002,E08000003,Manchester,MANCH_5041e87218a5,bee784cdfa16
England,E12000002,E08000003,Manchester,MANCH_ff726115dd76,c70d46183a10
England,E12000002,E08000003,Manchester,MANCH_1938a54490ca,dcaeeedb6cd9
England,E12000002,E08000003,Manchester,MANCH_b6bd71094e59,bd3a821bd3c6
England,E12000002,E08000003,Manchester,MANCH_467d8c18e2ac,e4248b6833ec
England,E12000002,E08000003,Manchester,MANCH_65354edadc9c,4d8db6b99dd9
England,E12000002,E08000003,Manchester,MANCH_07e5dc16e0ec,d38f0459eaa7
England,E12000002,E08000003,Manchester,MANCH_27f764ab8676,3c3531fc7f5a
England,E12000002,E08000003,Manchester,MANCH_75442b6e7fb0,76fc9fd69ca0
England,E12000002,E08000003,Manchester,MANCH_a729e8588f22,70a4f02a3003
England,E12000002,E08000003,Manchester,MANCH_29c886376c01,fc98209a4dc4
England,E12000002,E08000003,Manchester,MANCH_badcc2852b31,937f8e947e8c
England,E12000002,E08000003,Manchester,MANCH_bc6a6eaa12d0,972fb7f6e50c
England,E12000002,E08000003,Manchester,MANCH_506992036740,5fb079923eac
England,E12000002,E08000003,Manchester,MANCH_de1bccf451a9,d052a1398d6a
England,E12000002,E08000003,Manchester,MANCH_9b6363db127b,6f754d99fc6f
England,E12000002,E08000003,Manchester,MANCH_22ee1c085330,832c9304902a
England,E12000002,E08000003,Manchester,MANCH_2c069027e174,62e5ca92c00f
England,E12000002,E08000003,Manchester,MANCH_43217792cf8b,b88ff5bccb21
England,E12000002,E08000003,Manchester,MANCH_8ecbbb3caa34,e94cfe56c9e4
England,E12000002,E08000003,Manchester,MANCH_d9f9bc2e257d,600b250d8c8a
England,E12000002,E08000003,Manchester,MANCH_87e5eeb45780,5683713f6122
England,E12000002,E08000003,Manchester,MANCH_cb6a712a6460,ffd436bf50eb
England,E12000002,E08000003,Manchester,MANCH_2e4071250d86,305163398775
England,E12000002,E08000003,Manchester,MANCH_8ec2879336cb,c85ce4c4dc9e
England,E12000002,E08000003,Manchester,MANCH_4373ad642595,d450c71b4ba1
England,E12000002,E08000003,Manchester,MANCH_fd60c1f74dc2,cdb7469845ba
England,E12000002,E08000003,Manchester,MANCH_2f9c95969c80,e63b70315720
England,E12000002,E08000003,Manchester,MANCH_89c5d2cf9f45,751426f1df6b
England,E12000002,E08000003,Manchester,MANCH_ed6d4c6693b4,e4daace2cc3b
England,E12000002,E08000003,Manchester,MANCH_0af37357fce8,b09517606a60
England,E12000002,E08000003,Manchester,MANCH_cfae749a7c4c,910d57c34052
England,E12000002,E08000003,Manchester,MANCH_f2ed8e91d357,a8fbb381a7b6
England,E12000002,E08000003,Manchester,MANCH_bf6b14ff7e1c,559e3c5611c3
England,E12000002,E08000003,Manchester,MANCH_411606453c7a,5bad8b824916
England,E12000002,E08000003,Manchester,MANCH_e56fedd36e75,7778d56eb960
England,E12000002,E08000003,Manchester,MANCH_548c472f688c,01ec3ba899b8
England,E12000002,E08000003,Manchester,MANCH_9f3a81d5d55f,5ce53c9a4eba
England,E12000002,E08000003,Manchester,MANCH_41175893c9f0,c8381350a3cb
England,E12000002,E08000003,Manchester,MANCH_6f7092af2a07,9b8050314f08
England,E12000002,E08000003,Manchester,MANCH_b53ee9d90057,77347f2c9672
England,E12000002,E08000003,Manchester,MANCH_b02694c29914,466423076ea7
England,E12000002,E08000003,Manchester,MANCH_47d656e67c80,ad3b12d60cc2
England,E12000002,E08000003,Manchester,MANCH_ab476a3baa2e,9c97717757d2
England,E12000002,E08000003,Manchester,MANCH_91f796cd7878,c55d1f36e8cb
England,E12000002,E08000003,Manchester,MANCH_86b3ab11ba81,1805123fbdee
England,E12000002,E08000003,Manchester,MANCH_7336f7fccab2,1badb2ea43e1
England,E12000002,E08000003,Manchester,MANCH_35f98d9319a8,a03fc88a5d7b
England,E12000002,E08000003,Manchester,MANCH_52e0e689deac,ccf871169fec
England,E12000002,E08000003,Manchester,MANCH_890e328ae549,25491b68f0e0
England,E12000002,E08000003,Manchester,MANCH_d09ac5d837d3,ba8c1d945f72
England,E12000002,E08000003,Manchester,MANCH_f75be5a481b7,04d6bae695bd
England,E12000002,E08000003,Manchester,MANCH_5528ead04817,338ac3aefb9e
England,E12000002,E08000003,Manchester,MANCH_1385bf6c3138,7544b13bfc4c
England,E12000002,E08000003,Manchester,MANCH_68ce93a60774,7a3cf52aa0dc
England,E12000002,E08000003,Manchester,MANCH_82a9c95046bc,0433a02bd963
England,E12000002,E08000003,Manchester,MANCH_cf7be82c9516,5ec04f8d96a3
England,E12000002,E08000003,Manchester,MANCH_2f9222e883ee,2ec61e87827e
England,E12000002,E08000003,Manchester,MANCH_8adfbb8ef5f2,d9ee2dd12e6d
England,E12000002,E08000003,Manchester,MANCH_7cb7a838b624,2135cd2eeac6
England,E12000002,E08000003,Manchester,MANCH_4a6240b2dc5d,b2b9ce480c68
England,E12000002,E08000003,Manchester,MANCH_95e1d1b3c004,f9d8456efcf6
England,E12000002,E08000003,Manchester,MANCH_8b039ab5aa77,66c411600373
England,E12000002,E08000003,Manchester,MANCH_ea166a4f53ba,e317d7f27fcc
England,E12000002,E08000003,Manchester,MANCH_9cac702ec030,082a526270f8
England,E12000002,E08000003,Manchester,MANCH_8074e68e25d9,1aab37f7be36
England,E12000002,E08000003,Manchester,MANCH_b47ec8dda493,e3c93babe041
England,E12000002,E08000003,Manchester,MANCH_14df4baf9e21,5c3a617f14c0
England,E12000002,E08000003,Manchester,MANCH_a50ad3b7acb6,f5d9d7d88a82
England,E12000002,E08000003,Manchester,MANCH_02029ad2aaeb,2f682e1b9823
England,E12000002,E08000003,Manchester,MANCH_f45ab9312bb6,a8cd2f08a65f
England,E12000002,E08000003,Manchester,MANCH_6b627f72e162,a50a9db4272f
England,E12000002,E08000003,Manchester,MANCH_c29a683d0c8d,cde717c79a50
England,E12000002,E08000003,Manchester,MANCH_354c8d0a293a,9b18fa952669
England,E12000002,E08000003,Manchester,MANCH_826913accdf7,55bdde8737d6
England,E12000002,E08000003,Manchester,MANCH_9c75f775e6e5,db7bf137fca1
England,E12000002,E08000003,Manchester,MANCH_f4ce6991c440,f6a6fd829e52
England,E12000002,E08000003,Manchester,MANCH_86d7a130ea71,90fd91c501b8
England,E12000002,E08000003,Manchester,MANCH_68dad4cc9b23,b45a0f96165e
England,E12000002,E08000003,Manchester,MANCH_a61e98e92c8f,a3a3326949df
England,E12000002,E08000003,Manchester,MANCH_2c066803186a,1f2336cfd8ef
England,E12000002,E08000003,Manchester,MANCH_e55a3a6fa521,9363da1ededa
England,E12000002,E08000003,Manchester,MANCH_60533e7d4db2,adabd25e38f2
England,E12000002,E08000003,Manchester,MANCH_eddda609224f,bc7c33082254
England,E12000002,E08000003,Manchester,MANCH_28a4a3040101,177a117b14f3
England,E12000002,E08000003,Manchester,MANCH_b6fdb1a2448f,8a4b91385b68
England,E12000002,E08000003,Manchester,MANCH_f8a8eb5961dc,1431f74db0a0
England,E12000002,E08000003,Manchester,MANCH_fb05c2e5c8e7,4b4d5cb949c9
England,E12000002,E08000003,Manchester,MANCH_746596e95454,be8a7b5d6d3a
England,E12000002,E08000003,Manchester,MANCH_48b01525c6b6,ae993a9d8c51
England,E12000002,E08000003,Manchester,MANCH_b64f942ace82,aa7e859b1128
England,E12000002,E08000003,Manchester,MANCH_5b7ab05cc04f,268f4396501b
England,E12000002,E08000003,Manchester,MANCH_19f48e3ca407,c423a0d6f918
England,E12000002,E08000003,Manchester,MANCH_07c3ed6af2d9,c1e72697b936
England,E12000002,E08000003,Manchester,MANCH_1a6a482f3d6c,bbb959eddd8c
England,E12000002,E08000003,Manchester,MANCH_49f2918c13dc,7037cfc91dc7
England,E12000002,E08000003,Manchester,MANCH_7beb46d9830c,347e5ed9d83c
England,E12000002,E08000003,Manchester,MANCH_3407fe2457a4,b8bf36e6c4dc
England,E12000002,E08000003,Manchester,MANCH_a351c92eb30e,b198ad6bd9a4
England,E12000002,E08000003,Manchester,MANCH_4e3faa43dc81,04141f2ca17b
England,E12000002,E08000003,Manchester,MANCH_c48cf8099759,76deff96e996
England,E12000002,E08000003,Manchester,MANCH_548365305538,e41d6affd8a7
England,E12000002,E08000003,Manchester,MANCH_d715cd157f3c,35df93814e49
England,E12000002,E08000003,Manchester,MANCH_5c3e7518cbb5,8679b1217385
England,E12000002,E08000003,Manchester,MANCH_25a606d76f5b,3058a170cd99
England,E12000002,E08000003,Manchester,MANCH_3a1455ce389c,2e6133ea181c
England,E12000002,E08000003,Manchester,MANCH_abc902d21eca,7cfdbd4a66b1
England,E12000002,E08000003,Manchester,MANCH_2601563d1932,9894f25d2df4
England,E12000002,E08000003,Manchester,MANCH_1beb75145f6c,9b162277184c
England,E12000002,E08000003,Manchester,MANCH_587c66b27a18,6af30ee2c47e
England,E12000002,E08000003,Manchester,MANCH_ac9bd760c6c7,2ff95128d2af
England,E12000002,E08000003,Manchester,MANCH_9187ff1d4ff7,fa8db52255ed
England,E12000002,E08000003,Manchester,MANCH_9747a5cb7188,592857266321
England,E12000002,E08000003,Manchester,MANCH_4dfcc8e2223c,6ff176c1490f
England,E12000002,E08000003,Manchester,MANCH_f70036d696a8,17868d754bba
England,E12000002,E08000003,Manchester,MANCH_f1a62ca863f6,d5a553f4ec55
England,E12000002,E08000003,Manchester,MANCH_029b0def1afe,2f4ddb9728a2
England,E12000002,E08000003,Manchester,MANCH_fd75295f25dc,28c71f26d15d
England,E12000002,E08000003,Manchester,MANCH_c29dfa1e308c,19d994c0bb7d
England,E12000002,E08000003,Manchester,MANCH_3bd31cc29d19,e83a9de82aba
England,E12000002,E08000003,Manchester,MANCH_c5659c25adc3,289e0b273adc
England,E12000002,E08000003,Manchester,MANCH_d2d15c81951f,d8627fdf0fdb
England,E12000002,E08000003,Manchester,MANCH_2c15dce2204b,930b638fe2cd
England,E12000002,E08000003,Manchester,MANCH_020babbf84c0,69c0f4050488
England,E12000002,E08000003,Manchester,MANCH_5c00e836a291,29bf4c87c0c1
England,E12000002,E08000003,Manchester,MANCH_ccfe6381a81d,7240489db133
England,E12000002,E08000003,Manchester,MANCH_6269138a31e9,6f6d7496440c
England,E12000002,E08000003,Manchester,MANCH_2d30b4f53772,f04df7f2ef4d
England,E12000002,E08000003,Manchester,MANCH_750f5a918594,aef30da1fb30
England,E12000002,E08000003,Manchester,MANCH_d2f1f8b3e924,78968292d01f
England,E12000002,E08000003,Manchester,MANCH_34ed72225538,2e021dc14cec
England,E12000002,E08000003,Manchester,MANCH_b36528ba5b47,872ecdf0727b
England,E12000002,E08000003,Manchester,MANCH_f6c84b2db752,6b3b1069ff3c
England,E12000002,E08000003,Manchester,MANCH_b89047339ad0,7c017d612e2c
England,E12000002,E08000003,Manchester,MANCH_e093af19edfa,0f0404b13255
England,E12000002,E08000003,Manchester,MANCH_0a707da3e7fd,a9a3e79bd2f5
England,E12000002,E08000003,Manchester,MANCH_d1fdf7acdb3e,8ac6aadf0061
England,E12000002,E08000003,Manchester,MANCH_5129ed256292,1eeec64ae243
England,E12000002,E08000003,Manchester,MANCH_360d04715ef6,c76047c81e5a
England,E12000002,E08000003,Manchester,MANCH_3c36dd0a13b6,dc93281c98d6
England,E12000002,E08000003,Manchester,MANCH_3ff90311e4e9,17ff93bdb461
England,E12000002,E08000003,Manchester,MANCH_262f85da5e81,8be85f05f9d8
England,E12000002,E08000003,Manchester,MANCH_6b5271c4fa21,0ee9260dcd06
England,E12000002,E08000003,Manchester,MANCH_aec94cf3d587,45cab299af94
England,E12000002,E08000003,Manchester,MANCH_eb988b4d54ca,76c85eb94912
England,E12000002,E08000003,Manchester,MANCH_66b4e8a30da8,3920ef02d8c9
England,E12000002,E08000003,Manchester,MANCH_a1e45ff7c505,c43d5a9bdefc
England,E12000002,E08000003,Manchester,MANCH_544d9befd1e6,0a10c750c5ed
England,E12000002,E08000003,Manchester,MANCH_5a02fab55962,2dfacd9c10f8
England,E12000002,E08000003,Manchester,MANCH_efddf98f9d97,ccb1627f6319
England,E12000002,E08000003,Manchester,MANCH_e49d830b0d80,efc41b6d94e7
England,E12000002,E08000003,Manchester,MANCH_55ab0f413a11,5ce3960a6d33
England,E12000002,E08000003,Manchester,MANCH_07d88c18a5be,3b714ea1b591
England,E12000002,E08000003,Manchester,MANCH_45e3321374fb,5b89780cd1e0
England,E12000002,E08000003,Manchester,MANCH_8829258b1d7d,67aa54c1c96f
England,E12000002,E08000003,Manchester,MANCH_33f6b1ad361e,003345db6c90
England,E12000002,E08000003,Manchester,MANCH_84bf934b06e8,4704eeb1f50d
England,E12000002,E08000003,Manchester,MANCH_b85daeb19f9e,b87f946d118a
England,E12000002,E08000003,Manchester,MANCH_92b2fda43f4d,35e381bb9f48
England,E12000002,E08000003,Manchester,MANCH_cead1a0dd80a,4da2e84ac5bc
England,E12000002,E08000003,Manchester,MANCH_2405bf826efb,0a91deaaac6d
England,E12000002,E08000003,Manchester,MANCH_d36444ed40cb,02a07ed9c71a
England,E12000002,E08000003,Manchester,MANCH_f88f9ebcd653,e73e26ce6476
England,E12000002,E08000003,Manchester,MANCH_2d3bc1c4eac8,278348967a01
England,E12000002,E08000003,Manchester,MANCH_aa9913de553e,6fd573db9fd9
England,E12000002,E08000003,Manchester,MANCH_c75c419fa743,904f44a7034e
England,E12000002,E08000003,Manchester,MANCH_c20ef060fbc8,5d781a5f0aeb
England,E12000002,E08000003,Manchester,MANCH_743704e6eed8,a9bce5e5e924
England,E12000002,E08000003,Manchester,MANCH_a84f3b764518,5a5d9a98b9dc
England,E12000002,E08000003,Manchester,MANCH_9ab6c156d985,0fd62b7d6235
England,E12000002,E08000003,Manchester,MANCH_a881bc1d417a,412fc103d22e
England,E12000002,E08000003,Manchester,MANCH_3e9ff3e07d51,fb4a0fec2503
England,E12000002,E08000003,Manchester,MANCH_9b75ce1597aa,5ff59d497f37
England,E12000002,E08000003,Manchester,MANCH_3947ee6adf3f,98fe1ef8ba2f
England,E12000002,E08000003,Manchester,MANCH_2d3734a18e1b,a118dea948af
England,E12000002,E08000003,Manchester,MANCH_6826852d6778,89f9b1652987
England,E12000002,E08000003,Manchester,MANCH_d2885cacd5c7,20c60e628dd0
England,E12000002,E08000003,Manchester,MANCH_ba4b58976c47,f3f9474b57d1
England,E12000002,E08000003,Manchester,MANCH_314e15a39a53,c135cd06dc8a
England,E12000002,E08000003,Manchester,MANCH_31f97c8ed81e,6fdd250c86ff
England,E12000002,E08000003,Manchester,MANCH_46d82626b65e,ce1d93f36ca9
England,E12000002,E08000003,Manchester,MANCH_7e3b57c6097f,b87c34b3b98a
England,E12000002,E08000003,Manchester,MANCH_76006d23d906,9520a4635920
England,E12000002,E08000003,Manchester,MANCH_ce9d20865e1f,e98adaaca969
England,E12000002,E08000003,Manchester,MANCH_ba184ca49a93,62101668544a
England,E12000002,E08000003,Manchester,MANCH_f55223d501d0,89cf22decefe
England,E12000002,E08000003,Manchester,MANCH_5d2b837b82fa,faebd11ba233
England,E12000002,E08000003,Manchester,MANCH_b557cf0c6a6d,db0b9974bec0
England,E12000002,E08000003,Manchester,MANCH_5fc0aecc218c,71b90b5d424b
England,E12000002,E08000003,Manchester,MANCH_f613dd19f476,9cc1ba3a47dd
England,E12000002,E08000003,Manchester,MANCH_7548a2bc16db,4745f096a9ff
England,E12000002,E08000003,Manchester,MANCH_c79a125ed5cd,cf09c1adff3c
England,E12000002,E08000003,Manchester,MANCH_357182b74fff,29187e7c3e53
England,E12000002,E08000003,Manchester,MANCH_7c4036c8058d,959d3729e0cb
England,E12000002,E08000003,Manchester,MANCH_6d5a78c2b604,87d7c6102b96
England,E12000002,E08000003,Manchester,MANCH_02896e144584,7e7b7cb88b09
England,E12000002,E08000003,Manchester,MANCH_66941e86ed82,cef399612e37
England,E12000002,E08000003,Manchester,MANCH_e137358b2411,fc12a049ff65
England,E12000002,E08000003,Manchester,MANCH_34b7588e88ab,3a1ce536dbce
England,E12000002,E08000003,Manchester,MANCH_36fcb6608f46,03558a655c77
England,E12000002,E08000003,Manchester,MANCH_412d0eaeb1f5,d18597517ab6
England,E12000002,E08000003,Manchester,MANCH_b928feaee37d,5c89dd4e44a5
England,E12000002,E08000003,Manchester,MANCH_c81f936fa7fc,c3d820acf35c
England,E12000002,E08000003,Manchester,MANCH_e7ee5819c3a5,4e94a47031e0
England,E12000002,E08000003,Manchester,MANCH_18e0a02a01f7,e6e1629a2c81
England,E12000002,E08000003,Manchester,MANCH_543608be50ac,d1c6772bbced
England,E12000002,E08000003,Manchester,MANCH_321454a804ea,8fbe8a208b8c
England,E12000002,E08000003,Manchester,MANCH_838367da690e,41394d057b95
England,E12000002,E08000003,Manchester,MANCH_46ffe315e3b2,6d9fd4e076a0
England,E12000002,E08000003,Manchester,MANCH_c2cc499b2a64,f352a0be8c02
England,E12000002,E08000003,Manchester,MANCH_0e97ae94ed6a,303477a76a56
England,E12000002,E08000003,Manchester,MANCH_906a6acf4fca,714905631d23
England,E12000002,E08000003,Manchester,MANCH_49cb7c787486,2e160ffdfbc8
England,E12000002,E08000003,Manchester,MANCH_6e96f99471a5,5d7992e05f1e
England,E12000002,E08000003,Manchester,MANCH_e94c64f1ebad,ae26f9a08f0f
England,E12000002,E08000003,Manchester,MANCH_b057725df908,2e10c3bec94d
England,E12000002,E08000003,Manchester,MANCH_316b7fc6fb61,b0fc0deb96f9
England,E12000002,E08000003,Manchester,MANCH_0c70cac8e526,df28c77f976d
England,E12000002,E08000003,Manchester,MANCH_ba1e991831ae,3dd5480032f8
England,E12000002,E08000003,Manchester,MANCH_1dcc7daa81c8,fb0163e4dd5c
England,E12000002,E08000003,Manchester,MANCH_aa562b91f20f,5743503d5ef2
England,E12000002,E08000003,Manchester,MANCH_0a223a29e6d1,a61b25249324
England,E12000002,E08000003,Manchester,MANCH_8b5633500366,94d0afdbaad4
England,E12000002,E08000003,Manchester,MANCH_084e3146ad98,bb3f4cdf706c
England,E12000002,E08000003,Manchester,MANCH_0e3bf127eef5,ac345812291e
England,E12000002,E08000003,Manchester,MANCH_b8233545ea99,dac9ef81a41a
England,E12000002,E08000003,Manchester,MANCH_0e0471ed6eff,af6ae72832cb
England,E12000002,E08000003,Manchester,MANCH_0193ffef761b,2546ece7c92f
England,E12000002,E08000003,Manchester,MANCH_08cb2479f4bf,6006a89de469
England,E12000002,E08000003,Manchester,MANCH_2b623c3f25fe,8351652a3adf
England,E12000002,E08000003,Manchester,MANCH_68bf670d4836,725d5384fdeb
England,E12000002,E08000003,Manchester,MANCH_d5a4ead0d5c1,fe58e772a21f
England,E12000002,E08000003,Manchester,MANCH_79e4c6dbff05,0e78644b27d2
England,E12000002,E08000003,Manchester,MANCH_f51c4c415d86,8a500e8176ec
England,E12000002,E08000003,Manchester,MANCH_d5e19a719d01,c796d477af78
England,E12000002,E08000003,Manchester,MANCH_58865f38ffaa,9dd4987c464d
England,E12000002,E08000003,Manchester,MANCH_f8d4af37a3a9,e19bcc48dc66
England,E12000002,E08000003,Manchester,MANCH_0a4f5e18bb83,3186b58cad88
England,E12000002,E08000003,Manchester,MANCH_f2a6d18cfdf4,f03ecc3a0a47
England,E12000002,E08000003,Manchester,MANCH_ae5439086b3a,6bb53d67ec3b
England,E12000002,E08000003,Manchester,MANCH_2010d8518d65,e1f624f3972f
England,E12000002,E08000003,Manchester,MANCH_234f8d9a2f2a,1af5acb525fd
England,E12000002,E08000003,Manchester,MANCH_2eb4a42992b6,c9202a234921
England,E12000002,E08000003,Manchester,MANCH_2e197571b7f1,cbdf65170608
England,E12000002,E08000003,Manchester,MANCH_c6caad16e790,2233417d49c0
England,E12000002,E08000003,Manchester,MANCH_62e0d9cd5212,cb28b8ab35e4
England,E12000002,E08000003,Manchester,MANCH_34a31f3de87d,242a7bb69226
England,E12000002,E08000003,Manchester,MANCH_ed0a84147e16,7e365d680676
England,E12000002,E08000003,Manchester,MANCH_7add3b9954ca,378d52222017
England,E12000002,E08000003,Manchester,MANCH_08b64d15a546,a6bb3464d359
England,E12000002,E08000003,Manchester,MANCH_8b510bac0728,8c8f3f89f09e
England,E12000002,E08000003,Manchester,MANCH_5933e872b60c,091322398c7e
England,E12000002,E08000003,Manchester,MANCH_42c23a410849,44fd64da915a
England,E12000002,E08000003,Manchester,MANCH_65a8764bfad1,b28df902f783
England,E12000002,E08000003,Manchester,MANCH_945a61f2a624,8c15a2bf90e7
England,E12000002,E08000003,Manchester,MANCH_e63f5152481b,f3101990eb9c
England,E12000002,E08000003,Manchester,MANCH_98192616d863,3c0dc437255d
England,E12000002,E08000003,Manchester,MANCH_7e5f1b3e6f2d,5844d19344f0
England,E12000002,E08000003,Manchester,MANCH_9272861e5a09,8a93dde792aa
England,E12000002,E08000003,Manchester,MANCH_0b925c7f217d,3f5d46ec2212
England,E12000002,E08000003,Manchester,MANCH_0e5fea6c9f90,c274f56108b0
England,E12000002,E08000003,Manchester,MANCH_06463e0a538f,97263fad944a
England,E12000002,E08000003,Manchester,MANCH_61fe01bc6703,37ff61003a3a
England,E12000002,E08000003,Manchester,MANCH_e6ff2af52201,55f21c8b29e1
England,E12000002,E08000003,Manchester,MANCH_bfd632e57d67,a62c74c8a47b
England,E12000002,E08000003,Manchester,MANCH_5723f285bf01,ca433f784ea3
England,E12000002,E08000003,Manchester,MANCH_bab259277951,8a150ffabe9a
England,E12000002,E08000003,Manchester,MANCH_952b07147c52,5307487e6380
England,E12000002,E08000003,Manchester,MANCH_4ddb191f1b44,52426f90aaae
England,E12000002,E08000003,Manchester,MANCH_0e160825019d,c16a67c53f02
England,E12000002,E08000003,Manchester,MANCH_2d4b307a5294,5b05be85a136
England,E12000002,E08000003,Manchester,MANCH_26a2e61c7519,af3242c1cfef
England,E12000002,E08000003,Manchester,MANCH_f661a223f6bb,b97e9c61220b
England,E12000002,E08000003,Manchester,MANCH_94f399f290e7,6630029044c6
England,E12000002,E08000003,Manchester,MANCH_6df0fd0c3449,34da1ed3e950
England,E12000002,E08000003,Manchester,MANCH_d63c31a065f7,ed1b380aedc1
England,E12000002,E08000003,Manchester,MANCH_65da14493fd9,8992bfece03e
England,E12000002,E08000003,Manchester,MANCH_04e727efbee6,98fa97e23b02
England,E12000002,E08000003,Manchester,MANCH_eaddad28bdf0,6985c88ad698
England,E12000002,E08000003,Manchester,MANCH_8d3281e9e4ea,ac8e0e6071b8
England,E12000002,E08000003,Manchester,MANCH_a0578f2149ae,dc9743f45515
England,E12000002,E08000003,Manchester,MANCH_802c9ee3befe,81b3df6469b2
England,E12000002,E08000003,Manchester,MANCH_95793fab8805,88cba0877cd4
England,E12000002,E08000003,Manchester,MANCH_a219b809dace,f1e3098958f2
England,E12000002,E08000003,Manchester,MANCH_125e4ed5acb7,bef0e3d72c26
England,E12000002,E08000003,Manchester,MANCH_11794b46d6ff,546368dbb734
England,E12000002,E08000003,Manchester,MANCH_ffb9964e0821,65893efc63c8
England,E12000002,E08000003,Manchester,MANCH_de12fe3342d7,f89935360534
England,E12000002,E08000003,Manchester,MANCH_42bce172b7f5,138b01b2ec81
England,E12000002,E08000003,Manchester,MANCH_32ab8a862a56,56eafb8df75c
England,E12000002,E08000003,Manchester,MANCH_51a8cf73e275,1e162a8e5e61
England,E12000002,E08000003,Manchester,MANCH_45ebfa7d1742,a9fd8594190a
England,E12000002,E08000003,Manchester,MANCH_8966c6f9bd4d,17b3f0c7775f
England,E12000002,E08000003,Manchester,MANCH_4d6908df358b,836a6d330a3a
England,E12000002,E08000003,Manchester,MANCH_c2d936a192bf,ff2fc19a0f00
England,E12000002,E08000003,Manchester,MANCH_1e3557d95a51,dd01257ca42f
England,E12000002,E08000003,Manchester,MANCH_3560fd4fd487,a3dc4e02d1dd
England,E12000002,E08000003,Manchester,MANCH_96003ded22db,e4ba18099d9c
England,E12000002,E08000003,Manchester,MANCH_c2d1f565ea37,4fad93bf258f
England,E12000002,E08000003,Manchester,MANCH_970518533775,58ac1b45f0de
England,E12000002,E08000003,Manchester,MANCH_d54c2c309057,30b283175bb2
England,E12000002,E08000003,Manchester,MANCH_87b2a22cee1f,ce24d4682cf4
England,E12000002,E08000003,Manchester,MANCH_3f7fa55a8a3c,c6f83052856b
England,E12000002,E08000003,Manchester,MANCH_ce6e374360de,050a10160d1e
England,E12000002,E08000003,Manchester,MANCH_34f112b8838c,363e9c9063c4
England,E12000002,E08000003,Manchester,MANCH_af734abaac80,fcd64c634ddc
England,E12000002,E08000003,Manchester,MANCH_b462c140b27e,e54dd9f75d5d
England,E12000002,E08000003,Manchester,MANCH_bf7b508190b8,9b9fd65b6ab9
England,E12000002,E08000003,Manchester,MANCH_ba7f80bf9134,03dd962a70af
England,E12000002,E08000003,Manchester,MANCH_02591960b837,4c04d4ac0103
England,E12000002,E08000003,Manchester,MANCH_8ff5c9bbfafc,8be786886a7c
England,E12000002,E08000003,Manchester,MANCH_fe6eab88007a,af7d90859f6b
England,E12000002,E08000003,Manchester,MANCH_b1555128a607,972acc1f6174
England,E12000002,E08000003,Manchester,MANCH_984171ef3729,5040b4e6e451
England,E12000002,E08000003,Manchester,MANCH_0f229a8de28a,bd4c3a2bd5fa
England,E12000002,E08000003,Manchester,MANCH_bd175f9f15d1,a4d14cb08a62
England,E12000002,E08000003,Manchester,MANCH_c8359d5951df,ae331fffb5f8
England,E12000002,E08000003,Manchester,MANCH_ba66a8b04c37,712c19a9eab7
England,E12000002,E08000003,Manchester,MANCH_83ceb02e812b,49b2d7f1d1d7
England,E12000002,E08000003,Manchester,MANCH_8ead53c7aea4,d512d35a2370
England,E12000002,E08000003,Manchester,MANCH_f16f24a9aa71,1386c853d3b6
England,E12000002,E08000003,Manchester,MANCH_95780408995d,54309cc53bc4
