{
"type": "FeatureCollection",
"name": "PENDL_21_NACH",
"crs": { "type": "name", "properties": { "name": "urn:ogc:def:crs:OGC:1.3:CRS84" } },
"features": [
{"type":"Feature","properties":{"id":21554,"nach":0.67450226344470232},"geometry":{"type":"LineString","coordinates":[[-2.2347347,53.8314863],[-2.2348328,53.8313099],[-2.2348125,53.8310823],[-2.234834,53.8308781],[-2.2349359,53.830742],[-2.2350834,53.8306343],[-2.2350365,53.8306033]]}},
{"type":"Feature","properties":{"id":954,"nach":0.31805646636586493},"geometry":{"type":"LineString","coordinates":[[-2.2341412,53.8310165],[-2.233924,53.8310294],[-2.2337964,53.8310437],[-2.2336686,53.8310647],[-2.2335041,53.8310977],[-2.2331728,53.831184],[-2.2319206,53.831542399999982],[-2.231462,53.8316889],[-2.2309585,53.8318645],[-2.2304535,53.83206770000001],[-2.2299894,53.8322799],[-2.2294799,53.832541],[-2.2287897,53.832952200000015],[-2.2281548,53.83334150000001]]}},
{"type":"Feature","properties":{"id":1,"nach":0.67182172393172046},"geometry":{"type":"LineString","coordinates":[[-2.233601076017136,53.830759994498209],[-2.2281548,53.83334150000001]]}},
{"type":"Feature","properties":{"id":16401,"nach":0.59480718911964747},"geometry":{"type":"LineString","coordinates":[[-2.2281548,53.83334150000001],[-2.226415091245024,53.835103252423153]]}},
{"type":"Feature","properties":{"id":2,"nach":0.36676695367303475},"geometry":{"type":"LineString","coordinates":[[-2.2289951,53.8325838],[-2.2294513,53.8322444],[-2.229724,53.8320845],[-2.230218,53.8318091],[-2.2310425,53.8313639],[-2.2316648,53.831069699999986],[-2.2322651,53.8308113],[-2.2326707,53.8306544],[-2.2330214,53.8305259],[-2.2331132,53.8304873],[-2.2332061,53.8304387],[-2.233271,53.8303991],[-2.2333306,53.8303588],[-2.2333977,53.8302957]]}},
{"type":"Feature","properties":{"id":3,"nach":0.46538357860772878},"geometry":{"type":"LineString","coordinates":[[-2.2289951,53.8325838],[-2.233519423947579,53.830678008094651]]}},
{"type":"Feature","properties":{"id":4,"nach":0.46589125425707434},"geometry":{"type":"LineString","coordinates":[[-2.2289951,53.8325838],[-2.222509991072669,53.839007921319343]]}},
{"type":"Feature","properties":{"id":4,"nach":0.46589125425707434},"geometry":{"type":"LineString","coordinates":[[-2.226239069242629,53.83506969868828],[-2.2214543,53.839975800000012]]}},
{"type":"Feature","properties":{"id":7,"nach":0.71621993546994245},"geometry":{"type":"LineString","coordinates":[[-2.2214543,53.839975800000012],[-2.21669689754174,53.845040172120726]]}},
{"type":"Feature","properties":{"id":1011,"nach":0.59339041266362114},"geometry":{"type":"LineString","coordinates":[[-2.2214543,53.839975800000012],[-2.220404130716688,53.840858257000122]]}},
{"type":"Feature","properties":{"id":464,"nach":0.56783415110325763},"geometry":{"type":"LineString","coordinates":[[-2.2145714,53.8474389],[-2.218633670838442,53.844086916597007]]}},
{"type":"Feature","properties":{"id":1857,"nach":0.75545341729000326},"geometry":{"type":"LineString","coordinates":[[-2.2145714,53.8474389],[-2.220559809234564,53.841049696233746]]}},
{"type":"Feature","properties":{"id":7,"nach":0.71621993546994245},"geometry":{"type":"LineString","coordinates":[[-2.220471329117737,53.840940891691751],[-2.2155195,53.8463161]]}},
{"type":"Feature","properties":{"id":6,"nach":0.58664942847268486},"geometry":{"type":"LineString","coordinates":[[-2.2155195,53.8463161],[-2.216517698700408,53.845025362018333]]}},
{"type":"Feature","properties":{"id":465,"nach":0.60819863066884639},"geometry":{"type":"LineString","coordinates":[[-2.2168778,53.8433399],[-2.2167939,53.84333070000001],[-2.2167066,53.8433108]]}},
{"type":"Feature","properties":{"id":463,"nach":0.67925369022591797},"geometry":{"type":"LineString","coordinates":[[-2.2168778,53.8433399],[-2.218278228364196,53.843475973282871]]}},
{"type":"Feature","properties":{"id":6,"nach":0.58664942847268486},"geometry":{"type":"LineString","coordinates":[[-2.216517698700408,53.845025362018333],[-2.2168778,53.8433399]]}},
{"type":"Feature","properties":{"id":27,"nach":0.70196847126413375},"geometry":{"type":"LineString","coordinates":[[-2.2193291,53.8433674],[-2.2194985,53.8434929]]}},
{"type":"Feature","properties":{"id":20152,"nach":0.69173040306746492},"geometry":{"type":"LineString","coordinates":[[-2.2194338,53.8433305],[-2.2193291,53.8433674]]}},
{"type":"Feature","properties":{"id":39224,"nach":0.72513681418188014},"geometry":{"type":"LineString","coordinates":[[-2.2193291,53.8433674],[-2.218233373663769,53.843309181499052]]}},
{"type":"Feature","properties":{"id":1856,"nach":0.67453073872841784},"geometry":{"type":"LineString","coordinates":[[-2.2193291,53.8433674],[-2.220679955135337,53.841197439411644]]}},
{"type":"Feature","properties":{"id":30,"nach":0.72785284576592246},"geometry":{"type":"LineString","coordinates":[[-2.2194985,53.8434929],[-2.2195286,53.8435037]]}},
{"type":"Feature","properties":{"id":39223,"nach":0.74753508441599448},"geometry":{"type":"LineString","coordinates":[[-2.2194985,53.8434929],[-2.218193370371549,53.84335512166053]]}},
{"type":"Feature","properties":{"id":20154,"nach":0.42604508789436946},"geometry":{"type":"LineString","coordinates":[[-2.2194338,53.8433305],[-2.2195019,53.8433805],[-2.21956430000001,53.8434071],[-2.2198264,53.8435029],[-2.2199146,53.8435259],[-2.2198954,53.8435616]]}},
{"type":"Feature","properties":{"id":21653,"nach":0.68248128954223741},"geometry":{"type":"LineString","coordinates":[[-2.2197079,53.8432219],[-2.2196179,53.8432463],[-2.21940410000001,53.8433066],[-2.2194338,53.8433305]]}},
{"type":"Feature","properties":{"id":1010,"nach":0.72887019768007522},"geometry":{"type":"LineString","coordinates":[[-2.2172762,53.8427563],[-2.2173672,53.842814],[-2.2174294,53.8428781],[-2.2175027,53.8429932],[-2.2175368,53.8430491],[-2.2175859,53.8431044],[-2.2176665,53.843167],[-2.2177402,53.843207],[-2.2178339,53.843243900000012],[-2.2180625,53.8433146]]}},
{"type":"Feature","properties":{"id":39224,"nach":0.72513681418188014},"geometry":{"type":"LineString","coordinates":[[-2.21838301110853,53.843355738628567],[-2.2180625,53.8433146]]}},
{"type":"Feature","properties":{"id":39223,"nach":0.74753508441599448},"geometry":{"type":"LineString","coordinates":[[-2.218343136189392,53.843401493835557],[-2.2180625,53.8433146]]}},
{"type":"Feature","properties":{"id":31,"nach":0.70148999620936847},"geometry":{"type":"LineString","coordinates":[[-2.2195286,53.8435037],[-2.21961690000001,53.8435587],[-2.2196828,53.8436172],[-2.2197233,53.8436702],[-2.2197479,53.843727200000011],[-2.2197657,53.843805300000014]]}},
{"type":"Feature","properties":{"id":32,"nach":0.6316555618895352},"geometry":{"type":"LineString","coordinates":[[-2.2195286,53.8435037],[-2.2198218,53.8435434],[-2.2198954,53.8435616]]}},
{"type":"Feature","properties":{"id":33,"nach":0.72324461233718418},"geometry":{"type":"LineString","coordinates":[[-2.2197657,53.843805300000014],[-2.2197632,53.8438239]]}},
{"type":"Feature","properties":{"id":20149,"nach":0.62712244183316168},"geometry":{"type":"LineString","coordinates":[[-2.2199501,53.8436924],[-2.2198884,53.8437255],[-2.2197657,53.843805300000014]]}},
{"type":"Feature","properties":{"id":20146,"nach":0.61561572248954322},"geometry":{"type":"LineString","coordinates":[[-2.2198954,53.8435616],[-2.2199802,53.8435781],[-2.2201546,53.84360130000001],[-2.220361,53.8436163]]}},
{"type":"Feature","properties":{"id":20151,"nach":0.52957974138617869},"geometry":{"type":"LineString","coordinates":[[-2.2199501,53.8436924],[-2.2198908,53.8436394],[-2.2198795,53.8436023],[-2.2198954,53.8435616]]}},
{"type":"Feature","properties":{"id":460,"nach":0.55090805725697467},"geometry":{"type":"LineString","coordinates":[[-2.2197632,53.8438239],[-2.2197099,53.8438775],[-2.2196314,53.843930900000011],[-2.2195385,53.8439714],[-2.2194226,53.844004],[-2.2193281,53.8440184],[-2.2192411,53.8440262],[-2.2191525,53.8440262]]}},
{"type":"Feature","properties":{"id":461,"nach":0.713138733108587},"geometry":{"type":"LineString","coordinates":[[-2.2197632,53.8438239],[-2.2197892,53.8439466],[-2.2197896,53.8442678],[-2.2197775,53.84445860000001]]}},
{"type":"Feature","properties":{"id":664,"nach":0.70557850346712769},"geometry":{"type":"LineString","coordinates":[[-2.2194951,53.8448507],[-2.2196533,53.8446856]]}},
{"type":"Feature","properties":{"id":1467,"nach":0.72424935626771125},"geometry":{"type":"LineString","coordinates":[[-2.21968470000001,53.844634],[-2.2196533,53.8446856]]}},
{"type":"Feature","properties":{"id":16280,"nach":0.63261236839586577},"geometry":{"type":"LineString","coordinates":[[-2.2200808,53.8448486],[-2.2198916,53.8447491],[-2.219774,53.8447046],[-2.2196533,53.8446856]]}},
{"type":"Feature","properties":{"id":26332,"nach":0.78198933017686356},"geometry":{"type":"LineString","coordinates":[[-2.219328,53.8450636],[-2.2194951,53.8448507]]}},
{"type":"Feature","properties":{"id":16286,"nach":0.70426413774024477},"geometry":{"type":"LineString","coordinates":[[-2.2201295,53.8448697],[-2.2200746,53.8449137],[-2.219832,53.8447864],[-2.2197511,53.8447674],[-2.2196702,53.8447864],[-2.2195839,53.8448771],[-2.2194951,53.8448507]]}},
{"type":"Feature","properties":{"id":665,"nach":0.79754448869687278},"geometry":{"type":"LineString","coordinates":[[-2.2194951,53.8448507],[-2.218633670838442,53.844086916597007]]}},
{"type":"Feature","properties":{"id":1468,"nach":0.64745520872505047},"geometry":{"type":"LineString","coordinates":[[-2.21968470000001,53.844634],[-2.2196425,53.8445379],[-2.2195948,53.8444678],[-2.219238,53.844122599999984],[-2.2191525,53.8440262]]}},
{"type":"Feature","properties":{"id":31773,"nach":0.69326074616555966},"geometry":{"type":"LineString","coordinates":[[-2.2197775,53.84445860000001],[-2.2197601,53.8445539],[-2.2197301,53.8445949],[-2.21968470000001,53.844634]]}},
{"type":"Feature","properties":{"id":26331,"nach":0.78070594481762901},"geometry":{"type":"LineString","coordinates":[[-2.219328,53.8450636],[-2.2190964,53.845358600000012]]}},
{"type":"Feature","properties":{"id":26334,"nach":0.69477560977987651},"geometry":{"type":"LineString","coordinates":[[-2.2186723,53.8452782],[-2.2190964,53.845358600000012]]}},
{"type":"Feature","properties":{"id":2239,"nach":0.79065683785713359},"geometry":{"type":"LineString","coordinates":[[-2.2187552,53.8458138],[-2.2188586,53.8457066],[-2.2190964,53.845358600000012]]}},
{"type":"Feature","properties":{"id":26336,"nach":0.0},"geometry":{"type":"LineString","coordinates":[[-2.2186723,53.8452782],[-2.2188892,53.8449954],[-2.2189981,53.8449786],[-2.219328,53.8450636]]}},
{"type":"Feature","properties":{"id":26335,"nach":0.8220231122960775},"geometry":{"type":"LineString","coordinates":[[-2.2186723,53.8452782],[-2.217210063432217,53.84508258178851]]}},
{"type":"Feature","properties":{"id":14042,"nach":0.71238801336816293},"geometry":{"type":"LineString","coordinates":[[-2.2186735,53.8459062],[-2.2187552,53.8458138]]}},
{"type":"Feature","properties":{"id":13829,"nach":0.76603261013291746},"geometry":{"type":"LineString","coordinates":[[-2.2187808,53.845879],[-2.2187552,53.8458138]]}},
{"type":"Feature","properties":{"id":14040,"nach":0.72753899550903556},"geometry":{"type":"LineString","coordinates":[[-2.21826950000001,53.8466018],[-2.2183113,53.8465047]]}},
{"type":"Feature","properties":{"id":40,"nach":0.63800075601556161},"geometry":{"type":"LineString","coordinates":[[-2.2183113,53.8465047],[-2.218703,53.8464732]]}},
{"type":"Feature","properties":{"id":14043,"nach":0.7046355081475576},"geometry":{"type":"LineString","coordinates":[[-2.2186735,53.8459062],[-2.218583,53.8460087],[-2.2184944,53.8461411],[-2.2183113,53.8465047]]}},
{"type":"Feature","properties":{"id":14039,"nach":0.72606587498616215},"geometry":{"type":"LineString","coordinates":[[-2.21826950000001,53.8466018],[-2.2182368,53.8466778]]}},
{"type":"Feature","properties":{"id":14041,"nach":0.0},"geometry":{"type":"LineString","coordinates":[[-2.21826950000001,53.8466018],[-2.2178855,53.8465409],[-2.2177215,53.8469253]]}},
{"type":"Feature","properties":{"id":37100,"nach":0.63639496661708594},"geometry":{"type":"LineString","coordinates":[[-2.218703,53.8464732],[-2.21898190000001,53.8464507]]}},
{"type":"Feature","properties":{"id":37104,"nach":0.48030920898016016},"geometry":{"type":"LineString","coordinates":[[-2.2188884,53.846185],[-2.218703,53.8464732]]}},
{"type":"Feature","properties":{"id":22110,"nach":0.50003513070899164},"geometry":{"type":"LineString","coordinates":[[-2.2177834,53.846430700000013],[-2.2180148,53.84596410000001],[-2.2180419,53.8459063],[-2.21811530000001,53.8458564],[-2.218274500000011,53.8458446],[-2.2186735,53.8459062]]}},
{"type":"Feature","properties":{"id":14031,"nach":0.73918281321532975},"geometry":{"type":"LineString","coordinates":[[-2.2178705,53.8475367],[-2.2179606,53.8473188]]}},
{"type":"Feature","properties":{"id":14036,"nach":0.71576169248713861},"geometry":{"type":"LineString","coordinates":[[-2.2181054,53.8469827],[-2.2179606,53.8473188]]}},
{"type":"Feature","properties":{"id":13871,"nach":0.65759665132932121},"geometry":{"type":"LineString","coordinates":[[-2.2182732,53.847363900000012],[-2.2179606,53.8473188]]}},
{"type":"Feature","properties":{"id":14030,"nach":0.69498997438344456},"geometry":{"type":"LineString","coordinates":[[-2.2178705,53.8475367],[-2.2177125,53.8479185]]}},
{"type":"Feature","properties":{"id":14032,"nach":0.68323801577175569},"geometry":{"type":"LineString","coordinates":[[-2.2178705,53.8475367],[-2.2174837,53.8474824]]}},
{"type":"Feature","properties":{"id":14037,"nach":0.71567157760968547},"geometry":{"type":"LineString","coordinates":[[-2.2181054,53.8469827],[-2.2182368,53.8466778]]}},
{"type":"Feature","properties":{"id":14038,"nach":0.49950660509972528},"geometry":{"type":"LineString","coordinates":[[-2.2181054,53.8469827],[-2.2177215,53.8469253]]}},
{"type":"Feature","properties":{"id":13890,"nach":0.66058885751428975},"geometry":{"type":"LineString","coordinates":[[-2.2187962,53.8474393],[-2.2182732,53.847363900000012]]}},
{"type":"Feature","properties":{"id":27602,"nach":0.55352363945708871},"geometry":{"type":"LineString","coordinates":[[-2.21837180000001,53.8471384],[-2.2182732,53.847363900000012]]}},
{"type":"Feature","properties":{"id":13874,"nach":0.50258228647944692},"geometry":{"type":"LineString","coordinates":[[-2.218154800000011,53.84764710000001],[-2.2182732,53.847363900000012]]}},
{"type":"Feature","properties":{"id":456,"nach":0.55944519959664407},"geometry":{"type":"LineString","coordinates":[[-2.2277365,53.8421987],[-2.2282382,53.8420679]]}},
{"type":"Feature","properties":{"id":457,"nach":0.3634539438516336},"geometry":{"type":"LineString","coordinates":[[-2.2277365,53.8421987],[-2.2278084,53.842201500000016],[-2.2278763,53.842216],[-2.2279346,53.842241],[-2.2279788,53.8422747],[-2.2280054,53.8423142]]}},
{"type":"Feature","properties":{"id":1507,"nach":0.55187993543686076},"geometry":{"type":"LineString","coordinates":[[-2.2275394,53.842268099999984],[-2.2275917,53.8422331],[-2.2276595,53.8422093],[-2.2277365,53.8421987]]}},
{"type":"Feature","properties":{"id":20115,"nach":0.65605944224477519},"geometry":{"type":"LineString","coordinates":[[-2.2282382,53.8420679],[-2.2282939,53.8421236]]}},
{"type":"Feature","properties":{"id":20113,"nach":0.51764884833618319},"geometry":{"type":"LineString","coordinates":[[-2.2282382,53.8420679],[-2.2286094,53.8420203]]}},
{"type":"Feature","properties":{"id":20116,"nach":0.6549842567198092},"geometry":{"type":"LineString","coordinates":[[-2.2282031,53.8420219],[-2.2282382,53.8420679]]}},
{"type":"Feature","properties":{"id":1506,"nach":0.62322834115928805},"geometry":{"type":"LineString","coordinates":[[-2.2280054,53.8423142],[-2.2280118,53.842361099999977],[-2.2279937,53.8424068]]}},
{"type":"Feature","properties":{"id":20112,"nach":0.62343026198658402},"geometry":{"type":"LineString","coordinates":[[-2.2282939,53.8421236],[-2.2280977,53.842205],[-2.2280054,53.8423142]]}},
{"type":"Feature","properties":{"id":4155,"nach":0.67751447761942196},"geometry":{"type":"LineString","coordinates":[[-2.2209619,53.8436296],[-2.220361,53.8436163]]}},
{"type":"Feature","properties":{"id":459,"nach":0.6413343776598186},"geometry":{"type":"LineString","coordinates":[[-2.220361,53.8436163],[-2.2202394,53.8436212],[-2.2201476,53.8436314],[-2.2200698,53.8436455],[-2.2200095,53.843660400000012],[-2.2199501,53.8436924]]}},
{"type":"Feature","properties":{"id":9246,"nach":0.59571107198040341},"geometry":{"type":"LineString","coordinates":[[-2.220733,53.84306990000001],[-2.2209603,53.8435172],[-2.2209619,53.8436296]]}},
{"type":"Feature","properties":{"id":20141,"nach":0.71140029764465518},"geometry":{"type":"LineString","coordinates":[[-2.2209619,53.8436296],[-2.223336663197467,53.843537452083197]]}},
{"type":"Feature","properties":{"id":20150,"nach":0.55775028624861644},"geometry":{"type":"LineString","coordinates":[[-2.2199501,53.8436924],[-2.2200019,53.8437382],[-2.2199629,53.8437772],[-2.2199118,53.8438675],[-2.2198589,53.8442027],[-2.2198401,53.8443808],[-2.219805,53.8444906],[-2.219842800000011,53.8445908],[-2.2199344,53.8446417],[-2.2199991,53.844668699999986],[-2.2201232,53.8448087],[-2.2201798,53.8448294],[-2.2201295,53.8448697]]}},
{"type":"Feature","properties":{"id":462,"nach":0.66264358092389875},"geometry":{"type":"LineString","coordinates":[[-2.2191525,53.8440262],[-2.2191219,53.84401720000001]]}},
{"type":"Feature","properties":{"id":31772,"nach":0.61235777613245312},"geometry":{"type":"LineString","coordinates":[[-2.2197775,53.84445860000001],[-2.2198019,53.8446271],[-2.2199548,53.8447062],[-2.2200808,53.8448486]]}},
{"type":"Feature","properties":{"id":463,"nach":0.67925369022591797},"geometry":{"type":"LineString","coordinates":[[-2.217229370459365,53.843289319522263],[-2.2191219,53.84401720000001]]}},
{"type":"Feature","properties":{"id":464,"nach":0.56783415110325763},"geometry":{"type":"LineString","coordinates":[[-2.217210063432217,53.84508258178851],[-2.2191219,53.84401720000001]]}},
{"type":"Feature","properties":{"id":9277,"nach":0.61303881678105865},"geometry":{"type":"LineString","coordinates":[[-2.2167066,53.8433108],[-2.2166093,53.843278899999987],[-2.2165323,53.8432403],[-2.2164756,53.843199800000015],[-2.2164299,53.8431515],[-2.2163936,53.8430906]]}},
{"type":"Feature","properties":{"id":9278,"nach":0.37745341499521268},"geometry":{"type":"LineString","coordinates":[[-2.2167066,53.8433108],[-2.2165275,53.843316],[-2.2164247,53.8433301],[-2.2163359,53.84335750000001],[-2.2162708,53.8433908],[-2.2162131,53.843435],[-2.2161671,53.84349550000001],[-2.2161476,53.8435506],[-2.2161523,53.8436082],[-2.2161741,53.8436545],[-2.2164241,53.84407370000001],[-2.2164887,53.8441712],[-2.2165574,53.8442742],[-2.2165771,53.8443392],[-2.2165809,53.8443963],[-2.2165724,53.844465300000017],[-2.2165476,53.84456320000001],[-2.2165124,53.8446194],[-2.2164439,53.844694],[-2.2163757,53.84474560000001],[-2.2162728,53.8447971],[-2.2160503,53.844840300000016]]}},
{"type":"Feature","properties":{"id":20640,"nach":0.70369231999638993},"geometry":{"type":"LineString","coordinates":[[-2.2157739,53.8448814],[-2.2157165,53.8448854]]}},
{"type":"Feature","properties":{"id":39216,"nach":0.57314733284860508},"geometry":{"type":"LineString","coordinates":[[-2.2156221,53.8447534],[-2.2157076,53.8447855],[-2.2157165,53.8448854]]}},
{"type":"Feature","properties":{"id":37304,"nach":0.74582393972318317},"geometry":{"type":"LineString","coordinates":[[-2.2157165,53.8448854],[-2.215601937809394,53.844873789081475]]}},
{"type":"Feature","properties":{"id":20641,"nach":0.36118107134045646},"geometry":{"type":"LineString","coordinates":[[-2.2157739,53.8448814],[-2.2158294,53.8447927],[-2.2157869,53.8446598],[-2.2157869,53.8445097],[-2.215565,53.8442016],[-2.215503,53.8438724],[-2.2156336,53.8434431],[-2.2160661,53.8429962]]}},
{"type":"Feature","properties":{"id":20639,"nach":0.70415553137292219},"geometry":{"type":"LineString","coordinates":[[-2.2157739,53.8448814],[-2.2159345,53.84487020000001]]}},
{"type":"Feature","properties":{"id":37303,"nach":0.69360644661062465},"geometry":{"type":"LineString","coordinates":[[-2.2152511,53.8448351],[-2.2146264,53.8447561]]}},
{"type":"Feature","properties":{"id":37308,"nach":0.0},"geometry":{"type":"LineString","coordinates":[[-2.2133735,53.8449422],[-2.2145665,53.845260400000015],[-2.2152511,53.8448351]]}},
{"type":"Feature","properties":{"id":37304,"nach":0.74582393972318317},"geometry":{"type":"LineString","coordinates":[[-2.215601937809394,53.844873789081475],[-2.2152511,53.8448351]]}},
{"type":"Feature","properties":{"id":39214,"nach":0.62575854966280209},"geometry":{"type":"LineString","coordinates":[[-2.2156221,53.8447534],[-2.2156267,53.844721500000013],[-2.2156337,53.844636300000012],[-2.2156325,53.84452],[-2.2156313,53.8444102],[-2.2156057,53.8443345],[-2.2155613,53.8442747],[-2.2154914,53.8441671],[-2.2154686,53.844072400000016],[-2.2154627,53.8438768],[-2.2155007,53.8437246],[-2.2156636,53.8432233],[-2.2157639,53.8429286],[-2.2158336,53.8426878],[-2.2159469,53.8424716],[-2.2159599,53.8423314],[-2.2159743,53.842232]]}},
{"type":"Feature","properties":{"id":39215,"nach":0.59104564433678819},"geometry":{"type":"LineString","coordinates":[[-2.2156221,53.8447534],[-2.215601937809394,53.844873789081475]]}},
{"type":"Feature","properties":{"id":19693,"nach":0.58372790789854012},"geometry":{"type":"LineString","coordinates":[[-2.2159345,53.84487020000001],[-2.2160503,53.844840300000016]]}},
{"type":"Feature","properties":{"id":473,"nach":0.56710919886501021},"geometry":{"type":"LineString","coordinates":[[-2.2160503,53.844840300000016],[-2.2162004,53.8447314],[-2.216276,53.8446659],[-2.2163472,53.8445785],[-2.2163889,53.8444978],[-2.2164001,53.844418],[-2.2163933,53.8443418],[-2.2163719,53.8442638],[-2.216339,53.8441882],[-2.2162936,53.84410110000001],[-2.2160411,53.8436811],[-2.2160157,53.8436212],[-2.2160083,53.8435736],[-2.21601170000001,53.8435218],[-2.2160342,53.8434699],[-2.216067,53.8434174],[-2.216118,53.8433677],[-2.2162566,53.8432547],[-2.21632570000001,53.8431864],[-2.2163936,53.8430906]]}},
{"type":"Feature","properties":{"id":19696,"nach":0.69834338355974312},"geometry":{"type":"LineString","coordinates":[[-2.21593210000001,53.844971499999986],[-2.2159345,53.84487020000001]]}},
{"type":"Feature","properties":{"id":1006,"nach":0.74762021767068765},"geometry":{"type":"LineString","coordinates":[[-2.2163936,53.8430906],[-2.21638248084683,53.84298985387106]]}},
{"type":"Feature","properties":{"id":477,"nach":0.73169364470279841},"geometry":{"type":"LineString","coordinates":[[-2.2131345,53.837174200000014],[-2.2130558,53.8372506]]}},
{"type":"Feature","properties":{"id":478,"nach":0.69565840824184311},"geometry":{"type":"LineString","coordinates":[[-2.2131345,53.837174200000014],[-2.2132097,53.8373008]]}},
{"type":"Feature","properties":{"id":39570,"nach":0.53363094191236315},"geometry":{"type":"LineString","coordinates":[[-2.2131901,53.8371117],[-2.213166,53.8371227],[-2.2131345,53.837174200000014]]}},
{"type":"Feature","properties":{"id":20050,"nach":0.7113900322765645},"geometry":{"type":"LineString","coordinates":[[-2.2130389,53.8370193],[-2.2131345,53.837174200000014]]}},
{"type":"Feature","properties":{"id":20070,"nach":0.55775908024397369},"geometry":{"type":"LineString","coordinates":[[-2.2130102,53.8371731],[-2.2131345,53.837174200000014]]}},
{"type":"Feature","properties":{"id":20077,"nach":0.75347058922746912},"geometry":{"type":"LineString","coordinates":[[-2.213208100000011,53.8371434],[-2.2131345,53.837174200000014]]}},
{"type":"Feature","properties":{"id":20040,"nach":0.73520756567014334},"geometry":{"type":"LineString","coordinates":[[-2.2130558,53.8372506],[-2.212957,53.837293]]}},
{"type":"Feature","properties":{"id":20041,"nach":0.67146425723200465},"geometry":{"type":"LineString","coordinates":[[-2.2130558,53.8372506],[-2.2130102,53.8371731]]}},
{"type":"Feature","properties":{"id":20058,"nach":0.66048465280836832},"geometry":{"type":"LineString","coordinates":[[-2.2131006,53.8373226],[-2.2130558,53.8372506]]}},
{"type":"Feature","properties":{"id":20055,"nach":0.69224083424354632},"geometry":{"type":"LineString","coordinates":[[-2.2132097,53.8373008],[-2.2136867,53.8381033]]}},
{"type":"Feature","properties":{"id":20060,"nach":0.4735829895500841},"geometry":{"type":"LineString","coordinates":[[-2.2131006,53.8373226],[-2.2132097,53.8373008]]}},
{"type":"Feature","properties":{"id":20078,"nach":0.0},"geometry":{"type":"LineString","coordinates":[[-2.213208100000011,53.8371434],[-2.2132923,53.8372828],[-2.2132097,53.8373008]]}},
{"type":"Feature","properties":{"id":39568,"nach":0.08148491141998504},"geometry":{"type":"LineString","coordinates":[[-2.2131901,53.8371117],[-2.213208100000011,53.8371434]]}},
{"type":"Feature","properties":{"id":39569,"nach":0.49252066111168041},"geometry":{"type":"LineString","coordinates":[[-2.2131901,53.8371117],[-2.2132912,53.8370653],[-2.2134031,53.8370617]]}},
{"type":"Feature","properties":{"id":11357,"nach":0.80136701939589228},"geometry":{"type":"LineString","coordinates":[[-2.2126721,53.836517299999983],[-2.2124363,53.8362345]]}},
{"type":"Feature","properties":{"id":9522,"nach":0.78586341626506928},"geometry":{"type":"LineString","coordinates":[[-2.211433,53.8354869],[-2.2116515,53.8356443],[-2.2124363,53.8362345]]}},
{"type":"Feature","properties":{"id":1052,"nach":0.76066063874896794},"geometry":{"type":"LineString","coordinates":[[-2.2142212,53.8356765],[-2.2140188,53.8357258],[-2.2132656,53.835954],[-2.2124363,53.8362345]]}},
{"type":"Feature","properties":{"id":20039,"nach":0.7794198539026892},"geometry":{"type":"LineString","coordinates":[[-2.2129318,53.8369274],[-2.2126721,53.836517299999983]]}},
{"type":"Feature","properties":{"id":27626,"nach":0.72090316995798331},"geometry":{"type":"LineString","coordinates":[[-2.2120315,53.836719],[-2.2122378,53.836670600000012],[-2.2124628,53.8365915],[-2.2126721,53.836517299999983]]}},
{"type":"Feature","properties":{"id":19563,"nach":0.79810578506275454},"geometry":{"type":"LineString","coordinates":[[-2.2139871,53.8353975],[-2.2142212,53.8356765]]}},
{"type":"Feature","properties":{"id":25166,"nach":0.77050508924957595},"geometry":{"type":"LineString","coordinates":[[-2.2150731,53.8363478],[-2.2142212,53.8356765]]}},
{"type":"Feature","properties":{"id":26139,"nach":0.79860329718560286},"geometry":{"type":"LineString","coordinates":[[-2.2144803,53.835632100000012],[-2.2142212,53.8356765]]}},
{"type":"Feature","properties":{"id":495,"nach":0.72544831101312113},"geometry":{"type":"LineString","coordinates":[[-2.2166507,53.8355572],[-2.2165502,53.8355475]]}},
{"type":"Feature","properties":{"id":496,"nach":0.71398406555498672},"geometry":{"type":"LineString","coordinates":[[-2.2166507,53.8355572],[-2.2166343,53.8356353],[-2.2166755,53.8356822]]}},
{"type":"Feature","properties":{"id":2284,"nach":0.65751388851880188},"geometry":{"type":"LineString","coordinates":[[-2.2169663,53.8355155],[-2.2166507,53.8355572]]}},
{"type":"Feature","properties":{"id":20022,"nach":0.50517196132423814},"geometry":{"type":"LineString","coordinates":[[-2.2166626,53.8354906],[-2.2166507,53.8355572]]}},
{"type":"Feature","properties":{"id":20032,"nach":0.69315581267830795},"geometry":{"type":"LineString","coordinates":[[-2.2164215,53.8356127],[-2.2165502,53.8355475]]}},
{"type":"Feature","properties":{"id":36448,"nach":0.73089671555012303},"geometry":{"type":"LineString","coordinates":[[-2.2165502,53.8355475],[-2.2164192,53.835534]]}},
{"type":"Feature","properties":{"id":36449,"nach":0.69952349730145125},"geometry":{"type":"LineString","coordinates":[[-2.2165502,53.8355475],[-2.2166626,53.8354906]]}},
{"type":"Feature","properties":{"id":4055,"nach":0.54353563919813364},"geometry":{"type":"LineString","coordinates":[[-2.2166755,53.8356822],[-2.2158727,53.8360216]]}},
{"type":"Feature","properties":{"id":4056,"nach":0.70662693340695026},"geometry":{"type":"LineString","coordinates":[[-2.2166755,53.8356822],[-2.2169056,53.835875699999988]]}},
{"type":"Feature","properties":{"id":19581,"nach":0.79878322808584734},"geometry":{"type":"LineString","coordinates":[[-2.215968,53.835431900000017],[-2.2160846,53.8354301]]}},
{"type":"Feature","properties":{"id":498,"nach":0.72805981861869185},"geometry":{"type":"LineString","coordinates":[[-2.2160846,53.8354301],[-2.2163442,53.8354686],[-2.2165095,53.83548]]}},
{"type":"Feature","properties":{"id":3787,"nach":0.76473158724646484},"geometry":{"type":"LineString","coordinates":[[-2.216291,53.835494],[-2.2160846,53.8354301]]}},
{"type":"Feature","properties":{"id":19583,"nach":0.7921180274230214},"geometry":{"type":"LineString","coordinates":[[-2.215968,53.835431900000017],[-2.215664,53.835436600000023],[-2.2154445,53.83546710000001]]}},
{"type":"Feature","properties":{"id":25285,"nach":0.61174259301266232},"geometry":{"type":"LineString","coordinates":[[-2.215867,53.835204599999983],[-2.215982,53.8353467],[-2.215968,53.835431900000017]]}},
{"type":"Feature","properties":{"id":20037,"nach":0.47066331750125345},"geometry":{"type":"LineString","coordinates":[[-2.2165095,53.83548],[-2.2165008,53.8355158],[-2.2164278,53.8355116],[-2.2164192,53.835534]]}},
{"type":"Feature","properties":{"id":20036,"nach":0.72868281568370641},"geometry":{"type":"LineString","coordinates":[[-2.2165095,53.83548],[-2.2166626,53.8354906]]}},
{"type":"Feature","properties":{"id":23025,"nach":0.67434029317422151},"geometry":{"type":"LineString","coordinates":[[-2.2150588,53.841972],[-2.2155554,53.8418186]]}},
{"type":"Feature","properties":{"id":3898,"nach":0.78968971432196611},"geometry":{"type":"LineString","coordinates":[[-2.2151383,53.8415037],[-2.2153127,53.8416309],[-2.2154275,53.8417178],[-2.2155554,53.8418186]]}},
{"type":"Feature","properties":{"id":37623,"nach":0.85764227269808624},"geometry":{"type":"LineString","coordinates":[[-2.2155554,53.8418186],[-2.215945719644486,53.842019637008782]]}},
{"type":"Feature","properties":{"id":37622,"nach":0.79676753144834334},"geometry":{"type":"LineString","coordinates":[[-2.2160037,53.8420495],[-2.2160298,53.8420629]]}},
{"type":"Feature","properties":{"id":37624,"nach":0.63779558269787662},"geometry":{"type":"LineString","coordinates":[[-2.2160037,53.8420495],[-2.2159743,53.842232]]}},
{"type":"Feature","properties":{"id":37623,"nach":0.85764227269808624},"geometry":{"type":"LineString","coordinates":[[-2.215945719644486,53.842019637008782],[-2.2160037,53.8420495]]}},
{"type":"Feature","properties":{"id":23024,"nach":0.66079682778790327},"geometry":{"type":"LineString","coordinates":[[-2.2150588,53.841972],[-2.2139951,53.8422962]]}},
{"type":"Feature","properties":{"id":23028,"nach":0.56130507438928756},"geometry":{"type":"LineString","coordinates":[[-2.2149093,53.8418084],[-2.2150588,53.841972]]}},
{"type":"Feature","properties":{"id":23014,"nach":0.59888071796537268},"geometry":{"type":"LineString","coordinates":[[-2.2147476,53.8416279],[-2.2151383,53.8415037]]}},
{"type":"Feature","properties":{"id":3906,"nach":0.78475888532149007},"geometry":{"type":"LineString","coordinates":[[-2.2148099,53.8411765],[-2.2151383,53.8415037]]}},
{"type":"Feature","properties":{"id":28211,"nach":0.53941477099287205},"geometry":{"type":"LineString","coordinates":[[-2.2153741,53.8410234],[-2.2154206,53.8410957],[-2.21555590000001,53.841208],[-2.2157292,53.841305300000023],[-2.2156759,53.841339199999986],[-2.2154726,53.8414014],[-2.2151383,53.8415037]]}},
{"type":"Feature","properties":{"id":3862,"nach":0.76795209545941201},"geometry":{"type":"LineString","coordinates":[[-2.2136892,53.8397611],[-2.2136021,53.839453]]}},
{"type":"Feature","properties":{"id":4090,"nach":0.80249885419470057},"geometry":{"type":"LineString","coordinates":[[-2.2136157,53.8393458],[-2.2136021,53.839453]]}},
{"type":"Feature","properties":{"id":16903,"nach":0.79290555877693059},"geometry":{"type":"LineString","coordinates":[[-2.2131677,53.8394848],[-2.2134498,53.839485500000016],[-2.2136021,53.839453]]}},
{"type":"Feature","properties":{"id":3863,"nach":0.74171081049208376},"geometry":{"type":"LineString","coordinates":[[-2.2136892,53.8397611],[-2.21391820000001,53.8400611],[-2.2139716,53.8401311]]}},
{"type":"Feature","properties":{"id":22991,"nach":0.70944183897601498},"geometry":{"type":"LineString","coordinates":[[-2.2133452,53.8398342],[-2.2136892,53.8397611]]}},
{"type":"Feature","properties":{"id":20087,"nach":0.79797643338920077},"geometry":{"type":"LineString","coordinates":[[-2.2136244,53.8392947],[-2.2136157,53.8393458]]}},
{"type":"Feature","properties":{"id":20085,"nach":0.57768210416202048},"geometry":{"type":"LineString","coordinates":[[-2.213659,53.8386093],[-2.2136236,53.8388484],[-2.2135117,53.8391944],[-2.2135075,53.8393131],[-2.2136157,53.8393458]]}},
{"type":"Feature","properties":{"id":16902,"nach":0.78520068604102378},"geometry":{"type":"LineString","coordinates":[[-2.2131677,53.8394848],[-2.2124405,53.8394709]]}},
{"type":"Feature","properties":{"id":16910,"nach":0.63162883872902043},"geometry":{"type":"LineString","coordinates":[[-2.2132657,53.839301399999989],[-2.2131955,53.8393847],[-2.2131677,53.8394848]]}},
{"type":"Feature","properties":{"id":2231,"nach":0.4993720473201182},"geometry":{"type":"LineString","coordinates":[[-2.2163059,53.8423599],[-2.2161225,53.8423872],[-2.2160661,53.8429962]]}},
{"type":"Feature","properties":{"id":665,"nach":0.79754448869687278},"geometry":{"type":"LineString","coordinates":[[-2.21638248084683,53.84298985387106],[-2.2160661,53.8429962]]}},
{"type":"Feature","properties":{"id":2232,"nach":0.71292179926778265},"geometry":{"type":"LineString","coordinates":[[-2.2163059,53.8423599],[-2.216284,53.8423095],[-2.2162506,53.8422539],[-2.2161727,53.84216760000001],[-2.2160298,53.8420629]]}},
{"type":"Feature","properties":{"id":16364,"nach":0.70400713755581412},"geometry":{"type":"LineString","coordinates":[[-2.2163828,53.8427773],[-2.2163584,53.8425248],[-2.2163313,53.8424206],[-2.2163059,53.8423599]]}},
{"type":"Feature","properties":{"id":16285,"nach":0.66547472834242638},"geometry":{"type":"LineString","coordinates":[[-2.2201295,53.8448697],[-2.2200808,53.8448486]]}},
{"type":"Feature","properties":{"id":16294,"nach":0.74149446048353584},"geometry":{"type":"LineString","coordinates":[[-2.2202766,53.8449198],[-2.2201295,53.8448697]]}},
{"type":"Feature","properties":{"id":951,"nach":0.58993074147209612},"geometry":{"type":"LineString","coordinates":[[-2.2348544,53.8307773],[-2.2347976,53.8309035],[-2.23478050000001,53.8309718],[-2.23476990000001,53.831041],[-2.2347839,53.8312454],[-2.2347652,53.8313278],[-2.2347232,53.83139640000001],[-2.2346474,53.8314647]]}},
{"type":"Feature","properties":{"id":952,"nach":0.45023430247624319},"geometry":{"type":"LineString","coordinates":[[-2.2348544,53.8307773],[-2.2348058,53.8308293],[-2.2347313,53.8308908],[-2.234661,53.8309367],[-2.2345974,53.8309663],[-2.2345374,53.8309875],[-2.2344508,53.8310049],[-2.2343644,53.8310162],[-2.2343022,53.8310199],[-2.2342344,53.8310196]]}},
{"type":"Feature","properties":{"id":962,"nach":0.5964597137733384},"geometry":{"type":"LineString","coordinates":[[-2.2346474,53.8314647],[-2.2345278,53.83158],[-2.2343175,53.8316786],[-2.2341233,53.8317215],[-2.2339562,53.8317497],[-2.2337612,53.8317676],[-2.2335219,53.831778],[-2.2333186,53.8317657],[-2.2330946,53.831748],[-2.2328188,53.831733],[-2.2326767,53.8317115]]}},
{"type":"Feature","properties":{"id":963,"nach":0.47337764003875216},"geometry":{"type":"LineString","coordinates":[[-2.2346474,53.8314647],[-2.2346762,53.8314176],[-2.2346878,53.8313758],[-2.2346934,53.8313258],[-2.2346883,53.8312766],[-2.2346701,53.8312284],[-2.2346442,53.831184],[-2.2346027,53.831142400000012],[-2.2345661,53.8311165],[-2.2345148,53.8310918],[-2.2344424,53.8310656],[-2.2343287,53.8310357],[-2.2342344,53.8310196]]}},
{"type":"Feature","properties":{"id":953,"nach":0.517406980506808},"geometry":{"type":"LineString","coordinates":[[-2.2342344,53.8310196],[-2.2341412,53.8310165]]}},
{"type":"Feature","properties":{"id":19425,"nach":0.53526938914350874},"geometry":{"type":"LineString","coordinates":[[-2.2326911,53.8315525],[-2.2326767,53.8317115]]}},
{"type":"Feature","properties":{"id":23674,"nach":0.58610534062763842},"geometry":{"type":"LineString","coordinates":[[-2.2304863,53.8326925],[-2.2304976,53.83267],[-2.2305619,53.832582],[-2.2306238,53.8324999],[-2.2307006,53.8324192],[-2.2307899,53.8323414],[-2.2308618,53.8322856],[-2.2309635,53.8322151],[-2.2311459,53.8321147],[-2.231294,53.8320425],[-2.2313951,53.8319982],[-2.2316333,53.831919299999988],[-2.2317944,53.831878400000015],[-2.2319755,53.8318346],[-2.2323261,53.8317716],[-2.2326767,53.8317115]]}},
{"type":"Feature","properties":{"id":19429,"nach":0.45456561513568722},"geometry":{"type":"LineString","coordinates":[[-2.2328137,53.831508800000016],[-2.2326911,53.8315525]]}},
{"type":"Feature","properties":{"id":19428,"nach":0.44764920119918089},"geometry":{"type":"LineString","coordinates":[[-2.2320661,53.8316819],[-2.2324532,53.8316158],[-2.2326911,53.8315525]]}},
{"type":"Feature","properties":{"id":23675,"nach":0.59369063785206655},"geometry":{"type":"LineString","coordinates":[[-2.2304863,53.8326925],[-2.2304135,53.8328371],[-2.2303859,53.8329725],[-2.2303747,53.8330276]]}},
{"type":"Feature","properties":{"id":23678,"nach":0.0},"geometry":{"type":"LineString","coordinates":[[-2.2302205,53.833754499999984],[-2.2301504,53.833664],[-2.2299442,53.8335024],[-2.2293335,53.8331067],[-2.2293224,53.833070500000012],[-2.2293396,53.83304],[-2.2293893,53.8330097],[-2.229859,53.8328072],[-2.230207,53.8326741],[-2.230269,53.8326602],[-2.2303324,53.8326625],[-2.2304863,53.8326925]]}},
{"type":"Feature","properties":{"id":1007,"nach":0.72033820275929683},"geometry":{"type":"LineString","coordinates":[[-2.216383,53.842957099999985],[-2.2163828,53.8427773]]}},
{"type":"Feature","properties":{"id":1008,"nach":0.48206882554912051},"geometry":{"type":"LineString","coordinates":[[-2.216383,53.842957099999985],[-2.2164183,53.8428829],[-2.2164717,53.8428258],[-2.216547,53.8427781],[-2.216638,53.8427367],[-2.2167379,53.842706],[-2.2168449,53.8426884],[-2.2169292,53.842683700000016],[-2.2170195,53.84268620000001],[-2.2171167,53.8427007]]}},
{"type":"Feature","properties":{"id":1006,"nach":0.74762021767068765},"geometry":{"type":"LineString","coordinates":[[-2.21638248084683,53.84298985387106],[-2.216383,53.842957099999985]]}},
{"type":"Feature","properties":{"id":16365,"nach":0.60564867125973532},"geometry":{"type":"LineString","coordinates":[[-2.2163828,53.8427773],[-2.2164411,53.8424702],[-2.2164611,53.8424308],[-2.2164918,53.842401099999989],[-2.2165308,53.8423812]]}},
{"type":"Feature","properties":{"id":1009,"nach":0.73691989405879199},"geometry":{"type":"LineString","coordinates":[[-2.2171167,53.8427007],[-2.2171969,53.8427249],[-2.2172762,53.8427563]]}},
{"type":"Feature","properties":{"id":4149,"nach":0.73437560626658538},"geometry":{"type":"LineString","coordinates":[[-2.2165308,53.8423812],[-2.2166942,53.8425328],[-2.2167582,53.8425741],[-2.2168824,53.8426245],[-2.2171167,53.8427007]]}},
{"type":"Feature","properties":{"id":1011,"nach":0.59339041266362114},"geometry":{"type":"LineString","coordinates":[[-2.220404130716688,53.840858257000122],[-2.2172762,53.8427563]]}},
{"type":"Feature","properties":{"id":1013,"nach":0.76545307255869421},"geometry":{"type":"LineString","coordinates":[[-2.2160298,53.8420629],[-2.2162256,53.8421322],[-2.2163515,53.8422101],[-2.2164322,53.8422793],[-2.2165308,53.8423812]]}},
{"type":"Feature","properties":{"id":4150,"nach":0.73722783050495122},"geometry":{"type":"LineString","coordinates":[[-2.2165308,53.8423812],[-2.2165963,53.8423633],[-2.2166672,53.842335],[-2.2167381,53.8423022]]}},
{"type":"Feature","properties":{"id":25282,"nach":0.70220386096496967},"geometry":{"type":"LineString","coordinates":[[-2.214351,53.8342866],[-2.2132882,53.8346223]]}},
{"type":"Feature","properties":{"id":8813,"nach":0.74824373434755431},"geometry":{"type":"LineString","coordinates":[[-2.2126558,53.8339769],[-2.2132882,53.8346223]]}},
{"type":"Feature","properties":{"id":35807,"nach":0.76387979759141078},"geometry":{"type":"LineString","coordinates":[[-2.2127585,53.8348273],[-2.2130141,53.8347286],[-2.2132882,53.8346223]]}},
{"type":"Feature","properties":{"id":19564,"nach":0.77654822834555248},"geometry":{"type":"LineString","coordinates":[[-2.2139871,53.8353975],[-2.2137524,53.8351347],[-2.2135752,53.8349383],[-2.2132882,53.8346223]]}},
{"type":"Feature","properties":{"id":25281,"nach":0.70073802423481302},"geometry":{"type":"LineString","coordinates":[[-2.214351,53.8342866],[-2.2146663,53.8341871]]}},
{"type":"Feature","properties":{"id":25284,"nach":0.54600388662620525},"geometry":{"type":"LineString","coordinates":[[-2.2145505,53.8345307],[-2.214351,53.8342866]]}},
{"type":"Feature","properties":{"id":35809,"nach":0.55046712044413004},"geometry":{"type":"LineString","coordinates":[[-2.2132014,53.8349609],[-2.212983,53.8350409],[-2.2127585,53.8348273]]}},
{"type":"Feature","properties":{"id":35799,"nach":0.71473423545578896},"geometry":{"type":"LineString","coordinates":[[-2.2139974,53.835201400000017],[-2.2139888,53.835216],[-2.214047,53.8353774],[-2.2139871,53.8353975]]}},
{"type":"Feature","properties":{"id":25163,"nach":0.75711664810597434},"geometry":{"type":"LineString","coordinates":[[-2.2151858,53.836300300000012],[-2.2150731,53.8363478]]}},
{"type":"Feature","properties":{"id":25165,"nach":0.79720233459024559},"geometry":{"type":"LineString","coordinates":[[-2.2150731,53.8363478],[-2.2149509,53.8363996]]}},
{"type":"Feature","properties":{"id":26138,"nach":0.7517353268959267},"geometry":{"type":"LineString","coordinates":[[-2.2144803,53.835632100000012],[-2.2154445,53.83546710000001]]}},
{"type":"Feature","properties":{"id":26140,"nach":0.75077736625191505},"geometry":{"type":"LineString","coordinates":[[-2.2144803,53.835632100000012],[-2.2143651,53.8354822],[-2.2142306,53.8354361]]}},
{"type":"Feature","properties":{"id":25293,"nach":0.75762698344840385},"geometry":{"type":"LineString","coordinates":[[-2.2153892,53.83532970000001],[-2.2154445,53.83546710000001]]}},
{"type":"Feature","properties":{"id":13292,"nach":0.0},"geometry":{"type":"LineString","coordinates":[[-2.2150275,53.8344613],[-2.2154379,53.8343283],[-2.2158151,53.8340063],[-2.2157863,53.8339814],[-2.2155677,53.8340217],[-2.215541,53.8339629]]}},
{"type":"Feature","properties":{"id":13293,"nach":0.65797180601996763},"geometry":{"type":"LineString","coordinates":[[-2.2146663,53.8341871],[-2.2153434,53.8340058]]}},
{"type":"Feature","properties":{"id":13290,"nach":0.75927526555108527},"geometry":{"type":"LineString","coordinates":[[-2.2150275,53.8344613],[-2.2153434,53.8340058]]}},
{"type":"Feature","properties":{"id":13296,"nach":0.76132542144342452},"geometry":{"type":"LineString","coordinates":[[-2.2149202,53.8344961],[-2.2150275,53.8344613]]}},
{"type":"Feature","properties":{"id":11465,"nach":0.6943488613210691},"geometry":{"type":"LineString","coordinates":[[-2.2165484,53.8332536],[-2.2168051,53.8333004],[-2.217004,53.833306699999987],[-2.2172007,53.83328070000001],[-2.2178623,53.8331464]]}},
{"type":"Feature","properties":{"id":9735,"nach":0.68692201579352175},"geometry":{"type":"LineString","coordinates":[[-2.2176192,53.83236],[-2.2173053,53.8324631]]}},
{"type":"Feature","properties":{"id":9737,"nach":0.70442674294457508},"geometry":{"type":"LineString","coordinates":[[-2.2176192,53.83236],[-2.2177299,53.8323027],[-2.2178679,53.8321942]]}},
{"type":"Feature","properties":{"id":11451,"nach":0.71429763002725277},"geometry":{"type":"LineString","coordinates":[[-2.2183949,53.8328281],[-2.218062,53.8326651],[-2.2178194,53.832523],[-2.2176192,53.83236]]}},
{"type":"Feature","properties":{"id":20278,"nach":0.62829208827529159},"geometry":{"type":"LineString","coordinates":[[-2.2245773,53.8311548],[-2.2239949,53.8310822],[-2.22344910000001,53.8309949],[-2.2231433,53.8309093]]}},
{"type":"Feature","properties":{"id":32318,"nach":0.47435779031406111},"geometry":{"type":"LineString","coordinates":[[-2.2371826,53.8433247],[-2.2380345,53.8438896]]}},
{"type":"Feature","properties":{"id":1125,"nach":0.48459878323093264},"geometry":{"type":"LineString","coordinates":[[-2.237900300000011,53.8440686],[-2.2380345,53.8438896]]}},
{"type":"Feature","properties":{"id":4455,"nach":0.43905434272448407},"geometry":{"type":"LineString","coordinates":[[-2.2398307,53.842915],[-2.2397413,53.842903],[-2.2394663,53.8431066],[-2.239086,53.8432856],[-2.2388623,53.8434646],[-2.2385491,53.8436212],[-2.2382135,53.8437778],[-2.2380345,53.8438896]]}},
{"type":"Feature","properties":{"id":32317,"nach":0.48257258111585405},"geometry":{"type":"LineString","coordinates":[[-2.2371826,53.8433247],[-2.2362908,53.8427334]]}},
{"type":"Feature","properties":{"id":32319,"nach":0.34048022513043474},"geometry":{"type":"LineString","coordinates":[[-2.2371826,53.8433247],[-2.2356236,53.8440424],[-2.2355432,53.8440668],[-2.2355086,53.8440485],[-2.2352588,53.8438589],[-2.235173,53.843843],[-2.2350174,53.8438905],[-2.2342342,53.8443083],[-2.2326572,53.8449532]]}},
{"type":"Feature","properties":{"id":4453,"nach":0.41435159606488708},"geometry":{"type":"LineString","coordinates":[[-2.2398307,53.842915],[-2.239745,53.8427326],[-2.239691,53.8426686],[-2.23958370000001,53.84258],[-2.2392512,53.8424027],[-2.23894,53.8422192],[-2.238510900000011,53.8420672]]}},
{"type":"Feature","properties":{"id":32315,"nach":0.45429521098480391},"geometry":{"type":"LineString","coordinates":[[-2.2326572,53.8449532],[-2.2327817,53.8449917],[-2.23402620000001,53.8456689],[-2.2346163,53.8459221],[-2.2356184,53.846283399999983]]}},
{"type":"Feature","properties":{"id":32314,"nach":0.49549283728380483},"geometry":{"type":"LineString","coordinates":[[-2.2326572,53.8449532],[-2.2325564,53.844922]]}},
{"type":"Feature","properties":{"id":32312,"nach":0.45299467827671375},"geometry":{"type":"LineString","coordinates":[[-2.2277132,53.847717100000018],[-2.2281184,53.847886],[-2.2289664,53.8482396],[-2.2294988,53.8484381]]}},
{"type":"Feature","properties":{"id":13701,"nach":0.52496213490677679},"geometry":{"type":"LineString","coordinates":[[-2.2277462,53.8483464],[-2.2288298,53.8488469]]}},
{"type":"Feature","properties":{"id":11463,"nach":0.75464884624395834},"geometry":{"type":"LineString","coordinates":[[-2.219877,53.8334198],[-2.2197898,53.8334052],[-2.2196687,53.83336760000001]]}},
{"type":"Feature","properties":{"id":11448,"nach":0.75678342627320971},"geometry":{"type":"LineString","coordinates":[[-2.2191429,53.8331683],[-2.2192045,53.8331955],[-2.2196687,53.83336760000001]]}},
{"type":"Feature","properties":{"id":25269,"nach":0.66499211154795745},"geometry":{"type":"LineString","coordinates":[[-2.2178043,53.8346969],[-2.2178519,53.8346839],[-2.2179103,53.83464630000001],[-2.2181012,53.834521100000032],[-2.218546,53.83431550000001],[-2.2188786,53.8340638],[-2.2190503,53.8339229],[-2.2196687,53.83336760000001]]}},
{"type":"Feature","properties":{"id":11462,"nach":0.75277138109693542},"geometry":{"type":"LineString","coordinates":[[-2.219877,53.8334198],[-2.2200067,53.8334414],[-2.220223,53.8334752]]}},
{"type":"Feature","properties":{"id":11461,"nach":0.52591730889679855},"geometry":{"type":"LineString","coordinates":[[-2.219877,53.8334198],[-2.2193752,53.8339038]]}},
{"type":"Feature","properties":{"id":11467,"nach":0.7552344615765203},"geometry":{"type":"LineString","coordinates":[[-2.2189015,53.8330649],[-2.2191429,53.8331683]]}},
{"type":"Feature","properties":{"id":13283,"nach":0.0},"geometry":{"type":"LineString","coordinates":[[-2.2179691,53.8332993],[-2.218031,53.8333766],[-2.2180877,53.833448],[-2.2191429,53.8331683]]}},
{"type":"Feature","properties":{"id":25267,"nach":0.0},"geometry":{"type":"LineString","coordinates":[[-2.2178043,53.8346969],[-2.2180118,53.834961],[-2.2178267,53.8350164],[-2.2175916,53.8347549]]}},
{"type":"Feature","properties":{"id":25268,"nach":0.67101034353385247},"geometry":{"type":"LineString","coordinates":[[-2.2178043,53.8346969],[-2.217794,53.8346838],[-2.217765,53.834642900000013],[-2.2175478,53.8347078]]}},
{"type":"Feature","properties":{"id":3233,"nach":0.74015448745683854},"geometry":{"type":"LineString","coordinates":[[-2.2206089,53.8335545],[-2.220671,53.833499]]}},
{"type":"Feature","properties":{"id":11440,"nach":0.7379109655595163},"geometry":{"type":"LineString","coordinates":[[-2.220223,53.8334752],[-2.2203474,53.8334946],[-2.2205241,53.8334922],[-2.220671,53.833499]]}},
{"type":"Feature","properties":{"id":19569,"nach":0.66910867798473239},"geometry":{"type":"LineString","coordinates":[[-2.2211587,53.8331287],[-2.2208555,53.8333431],[-2.220671,53.833499]]}},
{"type":"Feature","properties":{"id":24710,"nach":0.69179613252136241},"geometry":{"type":"LineString","coordinates":[[-2.2209709,53.8337369],[-2.2206089,53.8335545]]}},
{"type":"Feature","properties":{"id":3652,"nach":0.68688849610719482},"geometry":{"type":"LineString","coordinates":[[-2.220215,53.8339093],[-2.2205632,53.8335937],[-2.2206089,53.8335545]]}},
{"type":"Feature","properties":{"id":11446,"nach":0.63306053133414986},"geometry":{"type":"LineString","coordinates":[[-2.2199997,53.8341282],[-2.2196702,53.8340082],[-2.220223,53.8334752]]}},
{"type":"Feature","properties":{"id":19579,"nach":0.65996857710308876},"geometry":{"type":"LineString","coordinates":[[-2.221479,53.8329091],[-2.2212975,53.832821],[-2.2209756,53.8330236],[-2.2211587,53.8331287]]}},
{"type":"Feature","properties":{"id":6161,"nach":0.61277044767376032},"geometry":{"type":"LineString","coordinates":[[-2.2279937,53.8424068],[-2.2280403,53.8425231]]}},
{"type":"Feature","properties":{"id":6162,"nach":0.46002437032978194},"geometry":{"type":"LineString","coordinates":[[-2.2279937,53.8424068],[-2.2279568,53.8424441],[-2.2279035,53.8424738],[-2.2278382,53.842493300000015]]}},
{"type":"Feature","properties":{"id":11348,"nach":0.44742336897848178},"geometry":{"type":"LineString","coordinates":[[-2.2274995,53.842361],[-2.2275014,53.8423286],[-2.2275148,53.84229710000001],[-2.2275394,53.842268099999984]]}},
{"type":"Feature","properties":{"id":20134,"nach":0.55170475945355002},"geometry":{"type":"LineString","coordinates":[[-2.227305500000012,53.842321],[-2.2275394,53.842268099999984]]}},
{"type":"Feature","properties":{"id":20140,"nach":0.61338350108617057},"geometry":{"type":"LineString","coordinates":[[-2.2267726,53.8425325],[-2.2269992,53.842470600000013]]}},
{"type":"Feature","properties":{"id":1509,"nach":0.54987862070628923},"geometry":{"type":"LineString","coordinates":[[-2.2269992,53.842470600000013],[-2.2271191,53.8423877],[-2.227305500000012,53.842321]]}},
{"type":"Feature","properties":{"id":11353,"nach":0.57866663904170057},"geometry":{"type":"LineString","coordinates":[[-2.2272522,53.8424586],[-2.2271053,53.84246610000001],[-2.2269992,53.842470600000013]]}},
{"type":"Feature","properties":{"id":20142,"nach":0.5055236709619515},"geometry":{"type":"LineString","coordinates":[[-2.2267726,53.8425325],[-2.2268181,53.842454800000013],[-2.2272711,53.8422984]]}},
{"type":"Feature","properties":{"id":20141,"nach":0.71140029764465518},"geometry":{"type":"LineString","coordinates":[[-2.223336663197467,53.843537452083197],[-2.2267726,53.8425325]]}},
{"type":"Feature","properties":{"id":20136,"nach":0.566450327275001},"geometry":{"type":"LineString","coordinates":[[-2.227305500000012,53.842321],[-2.2273391,53.8423579],[-2.2274134,53.8424121]]}},
{"type":"Feature","properties":{"id":20137,"nach":0.58965371289304513},"geometry":{"type":"LineString","coordinates":[[-2.2272711,53.8422984],[-2.227305500000012,53.842321]]}},
{"type":"Feature","properties":{"id":11352,"nach":0.47976819079983285},"geometry":{"type":"LineString","coordinates":[[-2.2272522,53.8424586],[-2.2274134,53.8424121]]}},
{"type":"Feature","properties":{"id":20131,"nach":0.56612116091253872},"geometry":{"type":"LineString","coordinates":[[-2.227456400000011,53.8424848],[-2.22742450000001,53.8424835],[-2.2272522,53.8424586]]}},
{"type":"Feature","properties":{"id":6165,"nach":0.61540424139052607},"geometry":{"type":"LineString","coordinates":[[-2.2338336,53.8411039],[-2.2334642,53.840858899999986]]}},
{"type":"Feature","properties":{"id":15396,"nach":0.60269496785511956},"geometry":{"type":"LineString","coordinates":[[-2.2328876,53.8404957],[-2.2334642,53.840858899999986]]}},
{"type":"Feature","properties":{"id":3803,"nach":0.6142015274709931},"geometry":{"type":"LineString","coordinates":[[-2.229898,53.8416817],[-2.2334642,53.840858899999986]]}},
{"type":"Feature","properties":{"id":30557,"nach":0.59841494473250345},"geometry":{"type":"LineString","coordinates":[[-2.2350686,53.8404616],[-2.2334642,53.840858899999986]]}},
{"type":"Feature","properties":{"id":6178,"nach":0.60391063809352818},"geometry":{"type":"LineString","coordinates":[[-2.2340462,53.8412449],[-2.2338336,53.8411039]]}},
{"type":"Feature","properties":{"id":6172,"nach":0.4375259035327706},"geometry":{"type":"LineString","coordinates":[[-2.2325203,53.841424800000013],[-2.2329602,53.8411843],[-2.2332177,53.841127299999989],[-2.2338336,53.8411039]]}},
{"type":"Feature","properties":{"id":15397,"nach":0.44726548226544394},"geometry":{"type":"LineString","coordinates":[[-2.2328876,53.8404957],[-2.2321559,53.8406367]]}},
{"type":"Feature","properties":{"id":31821,"nach":0.59621828837388846},"geometry":{"type":"LineString","coordinates":[[-2.2309754,53.839717],[-2.2314351,53.8399435],[-2.2323385,53.8401967],[-2.2328876,53.8404957]]}},
{"type":"Feature","properties":{"id":3804,"nach":0.51396017520942683},"geometry":{"type":"LineString","coordinates":[[-2.229898,53.8416817],[-2.2297661,53.8415661],[-2.2279114,53.8406484],[-2.2265662,53.8400016],[-2.2261424,53.8398412]]}},
{"type":"Feature","properties":{"id":20099,"nach":0.62295386795973373},"geometry":{"type":"LineString","coordinates":[[-2.2292186,53.841860199999985],[-2.229898,53.8416817]]}},
{"type":"Feature","properties":{"id":30558,"nach":0.55305963637144351},"geometry":{"type":"LineString","coordinates":[[-2.2350686,53.8404616],[-2.235218,53.8404246]]}},
{"type":"Feature","properties":{"id":30563,"nach":0.57361144552803489},"geometry":{"type":"LineString","coordinates":[[-2.2348252,53.8402126],[-2.2349077,53.8402949],[-2.2350686,53.8404616]]}},
{"type":"Feature","properties":{"id":16401,"nach":0.59480718911964747},"geometry":{"type":"LineString","coordinates":[[-2.222681753183213,53.839054263372248],[-2.2219859,53.8396709]]}},
{"type":"Feature","properties":{"id":1857,"nach":0.75545341729000326},"geometry":{"type":"LineString","coordinates":[[-2.216879479632057,53.845055261549398],[-2.2219859,53.8396709]]}},
{"type":"Feature","properties":{"id":1856,"nach":0.67453073872841784},"geometry":{"type":"LineString","coordinates":[[-2.220679955135337,53.841197439411644],[-2.2219859,53.8396709]]}},
{"type":"Feature","properties":{"id":39215,"nach":0.59104564433678819},"geometry":{"type":"LineString","coordinates":[[-2.215601937809394,53.844873789081475],[-2.206433,53.848675300000011]]}},
{"type":"Feature","properties":{"id":37103,"nach":0.71913784209558973},"geometry":{"type":"LineString","coordinates":[[-2.2188884,53.846185],[-2.2187808,53.845879]]}},
{"type":"Feature","properties":{"id":27600,"nach":0.70382172582742331},"geometry":{"type":"LineString","coordinates":[[-2.2191555,53.8458463],[-2.2187808,53.845879]]}},
{"type":"Feature","properties":{"id":32347,"nach":0.67961844425112783},"geometry":{"type":"LineString","coordinates":[[-2.2197862,53.848488],[-2.2198639,53.8486849]]}},
{"type":"Feature","properties":{"id":32402,"nach":0.63192032399151243},"geometry":{"type":"LineString","coordinates":[[-2.2210241,53.849121],[-2.2209008,53.848855],[-2.2209603,53.8488432],[-2.2206778,53.8481886],[-2.22062010000001,53.84804410000001]]}},
{"type":"Feature","properties":{"id":2262,"nach":0.60257935447230271},"geometry":{"type":"LineString","coordinates":[[-2.2253278,53.8485319],[-2.225493900000011,53.8486954]]}},
{"type":"Feature","properties":{"id":2264,"nach":0.59511458568261488},"geometry":{"type":"LineString","coordinates":[[-2.2249498,53.8483775],[-2.2253278,53.8485319]]}},
{"type":"Feature","properties":{"id":27752,"nach":0.62293051403330946},"geometry":{"type":"LineString","coordinates":[[-2.2258501,53.8482279],[-2.22561780000001,53.8483197],[-2.225487,53.8484235],[-2.2253278,53.8485319]]}},
{"type":"Feature","properties":{"id":2268,"nach":0.60284450782058308},"geometry":{"type":"LineString","coordinates":[[-2.2238412,53.84829040000001],[-2.224110500000012,53.8482518],[-2.2243865,53.848246900000014],[-2.2245951,53.8482771],[-2.2249498,53.8483775]]}},
{"type":"Feature","properties":{"id":13783,"nach":0.46333448487432904},"geometry":{"type":"LineString","coordinates":[[-2.2244443,53.84877370000001],[-2.2245302,53.8487389],[-2.2249498,53.8483775]]}},
{"type":"Feature","properties":{"id":27751,"nach":0.57821029753953213},"geometry":{"type":"LineString","coordinates":[[-2.2258501,53.8482279],[-2.226114,53.848325],[-2.2263546,53.848151100000017]]}},
{"type":"Feature","properties":{"id":37128,"nach":0.56992948602740623},"geometry":{"type":"LineString","coordinates":[[-2.2256888,53.8481361],[-2.2258501,53.8482279]]}},
{"type":"Feature","properties":{"id":13786,"nach":0.61799102501097625},"geometry":{"type":"LineString","coordinates":[[-2.2232506,53.8485714],[-2.2233968,53.8484919],[-2.2236791,53.8483511],[-2.2238412,53.84829040000001]]}},
{"type":"Feature","properties":{"id":13784,"nach":0.46404327160771153},"geometry":{"type":"LineString","coordinates":[[-2.2238274,53.8476266],[-2.2238998,53.8477104],[-2.2236692,53.8478085],[-2.2236263,53.8478703],[-2.22362890000001,53.847932],[-2.2238412,53.84829040000001]]}},
{"type":"Feature","properties":{"id":13791,"nach":0.638259931040426},"geometry":{"type":"LineString","coordinates":[[-2.2228967,53.8482326],[-2.2229611,53.848335400000011],[-2.2230389,53.848432],[-2.2232506,53.8485714]]}},
{"type":"Feature","properties":{"id":20030,"nach":0.14453896383765272},"geometry":{"type":"LineString","coordinates":[[-2.2167713,53.8354734],[-2.2167907,53.8355116],[-2.2169437,53.8354843],[-2.2169663,53.8355155]]}},
{"type":"Feature","properties":{"id":3685,"nach":0.64717881172830893},"geometry":{"type":"LineString","coordinates":[[-2.2173171,53.8354417],[-2.2169663,53.8355155]]}},
{"type":"Feature","properties":{"id":20023,"nach":0.76526501890005572},"geometry":{"type":"LineString","coordinates":[[-2.2166626,53.8354906],[-2.2167713,53.8354734]]}},
{"type":"Feature","properties":{"id":20029,"nach":0.76273287629209974},"geometry":{"type":"LineString","coordinates":[[-2.2167713,53.8354734],[-2.2169135,53.83545070000001],[-2.2172336,53.835372]]}},
{"type":"Feature","properties":{"id":36630,"nach":0.63488259175464368},"geometry":{"type":"LineString","coordinates":[[-2.2190449,53.839984800000018],[-2.2190714,53.8398807]]}},
{"type":"Feature","properties":{"id":16362,"nach":0.65146920424783383},"geometry":{"type":"LineString","coordinates":[[-2.2190714,53.8398807],[-2.215945719644486,53.842019637008782]]}},
{"type":"Feature","properties":{"id":36637,"nach":0.6246465862950612},"geometry":{"type":"LineString","coordinates":[[-2.2190714,53.8398807],[-2.22276362575707,53.837089239536027]]}},
{"type":"Feature","properties":{"id":36631,"nach":0.6747920700467368},"geometry":{"type":"LineString","coordinates":[[-2.2190449,53.839984800000018],[-2.2189659,53.8400325],[-2.2187052,53.8401942]]}},
{"type":"Feature","properties":{"id":36629,"nach":0.66476442395706714},"geometry":{"type":"LineString","coordinates":[[-2.2190449,53.839984800000018],[-2.2193927,53.839774800000015]]}},
{"type":"Feature","properties":{"id":36636,"nach":0.49856460933570412},"geometry":{"type":"LineString","coordinates":[[-2.2230033,53.8371392],[-2.2230919,53.8371473],[-2.2232501,53.8371524],[-2.223441,53.837144900000013],[-2.2236156,53.8371295],[-2.2238693,53.8370895],[-2.2239762,53.837061399999989],[-2.2240915,53.8370193],[-2.2242209,53.8369557],[-2.2243446,53.8368678],[-2.2244049,53.8367965],[-2.22447590000001,53.8367077],[-2.224552,53.8365667],[-2.2245828,53.836477499999987],[-2.2246065,53.8363829],[-2.2246516,53.8362532],[-2.2246861,53.8361934],[-2.2247272,53.8361292],[-2.2248303,53.836048],[-2.2249796,53.8359343],[-2.2251267,53.835813800000011],[-2.2251849,53.835746],[-2.2252245,53.8356685],[-2.2252485,53.8355928],[-2.2252434,53.835518099999987],[-2.2252374,53.835408500000014],[-2.225207,53.835304100000016],[-2.2251769,53.835224900000014],[-2.2251209,53.8351355],[-2.22505420000001,53.8350499],[-2.2249365,53.8349608],[-2.2248955,53.8349356]]}},
{"type":"Feature","properties":{"id":36635,"nach":0.57134320246258541},"geometry":{"type":"LineString","coordinates":[[-2.2230033,53.8371392],[-2.2229769,53.8371881]]}},
{"type":"Feature","properties":{"id":36637,"nach":0.6246465862950612},"geometry":{"type":"LineString","coordinates":[[-2.21964560568683,53.838147552218281],[-2.2230033,53.8371392]]}},
{"type":"Feature","properties":{"id":16362,"nach":0.65146920424783383},"geometry":{"type":"LineString","coordinates":[[-2.218275242339701,53.840077770818588],[-2.2159743,53.842232]]}},
{"type":"Feature","properties":{"id":21011,"nach":0.3824045149298429},"geometry":{"type":"LineString","coordinates":[[-2.2245285,53.834271],[-2.2245438,53.8343137],[-2.2242944,53.834434],[-2.224238,53.8345306],[-2.224269,53.8345979]]}},
{"type":"Feature","properties":{"id":21009,"nach":0.66348559615603742},"geometry":{"type":"LineString","coordinates":[[-2.233560825870513,53.82986125164215],[-2.2245285,53.834271]]}},
{"type":"Feature","properties":{"id":21119,"nach":0.55380914758074062},"geometry":{"type":"LineString","coordinates":[[-2.2245285,53.834271],[-2.224139509269114,53.83463729969408]]}},
{"type":"Feature","properties":{"id":19698,"nach":0.42125105348019171},"geometry":{"type":"LineString","coordinates":[[-2.21593210000001,53.844971499999986],[-2.2157393,53.8453039],[-2.2151609,53.845815200000018],[-2.2144024,53.8463501],[-2.2137117,53.8467451],[-2.2130846,53.8469851],[-2.2118425,53.8474047],[-2.2115764,53.8476925],[-2.2105159,53.8483402]]}},
{"type":"Feature","properties":{"id":26335,"nach":0.8220231122960775},"geometry":{"type":"LineString","coordinates":[[-2.216517698700408,53.845025362018333],[-2.21593210000001,53.844971499999986]]}},
{"type":"Feature","properties":{"id":24942,"nach":0.66419250761669091},"geometry":{"type":"LineString","coordinates":[[-2.2238453,53.8333907],[-2.2236743,53.8332078]]}},
{"type":"Feature","properties":{"id":24257,"nach":0.62839503931916441},"geometry":{"type":"LineString","coordinates":[[-2.2235002,53.8330346],[-2.2236743,53.8332078]]}},
{"type":"Feature","properties":{"id":24247,"nach":0.69909030178513654},"geometry":{"type":"LineString","coordinates":[[-2.223414,53.8333826],[-2.2236743,53.8332078]]}},
{"type":"Feature","properties":{"id":3207,"nach":0.69360035591926361},"geometry":{"type":"LineString","coordinates":[[-2.2242431,53.8330019],[-2.2236743,53.8332078]]}},
{"type":"Feature","properties":{"id":24941,"nach":0.65369200959638118},"geometry":{"type":"LineString","coordinates":[[-2.2238453,53.8333907],[-2.224283,53.8338588]]}},
{"type":"Feature","properties":{"id":24948,"nach":0.53765188464458746},"geometry":{"type":"LineString","coordinates":[[-2.2241273,53.8332961],[-2.2238453,53.8333907]]}},
{"type":"Feature","properties":{"id":24258,"nach":0.59529679547554937},"geometry":{"type":"LineString","coordinates":[[-2.2235002,53.8330346],[-2.2229366,53.8324624]]}},
{"type":"Feature","properties":{"id":24260,"nach":0.5218423562687563},"geometry":{"type":"LineString","coordinates":[[-2.2238314,53.8329261],[-2.2235002,53.8330346]]}},
{"type":"Feature","properties":{"id":24246,"nach":0.7036199394673659},"geometry":{"type":"LineString","coordinates":[[-2.223414,53.8333826],[-2.2230331,53.8336525]]}},
{"type":"Feature","properties":{"id":24252,"nach":0.0},"geometry":{"type":"LineString","coordinates":[[-2.2229366,53.8324624],[-2.2226684,53.8326041],[-2.223414,53.8333826]]}},
{"type":"Feature","properties":{"id":3208,"nach":0.54379855995860427},"geometry":{"type":"LineString","coordinates":[[-2.2242431,53.8330019],[-2.22487,53.832810199999983]]}},
{"type":"Feature","properties":{"id":24254,"nach":0.6821706595654502},"geometry":{"type":"LineString","coordinates":[[-2.2240976,53.8328401],[-2.2242431,53.8330019]]}},
{"type":"Feature","properties":{"id":24944,"nach":0.46325411654404836},"geometry":{"type":"LineString","coordinates":[[-2.2244198,53.833198],[-2.2242431,53.8330019]]}},
{"type":"Feature","properties":{"id":24250,"nach":0.63430294620179839},"geometry":{"type":"LineString","coordinates":[[-2.2229366,53.8324624],[-2.2227535,53.8322223]]}},
{"type":"Feature","properties":{"id":19580,"nach":0.65312937017758899},"geometry":{"type":"LineString","coordinates":[[-2.221479,53.8329091],[-2.2218722,53.832656],[-2.222091,53.8325361],[-2.2223806,53.8323923],[-2.2227535,53.8322223]]}},
{"type":"Feature","properties":{"id":3253,"nach":0.64996571185132213},"geometry":{"type":"LineString","coordinates":[[-2.2233167,53.8320129],[-2.2231084,53.832089600000018],[-2.2229188,53.8321605],[-2.2227535,53.8322223]]}},
{"type":"Feature","properties":{"id":24264,"nach":0.56946885660955793},"geometry":{"type":"LineString","coordinates":[[-2.2232889,53.8323563],[-2.2229366,53.8324624]]}},
{"type":"Feature","properties":{"id":3254,"nach":0.64411719915917764},"geometry":{"type":"LineString","coordinates":[[-2.2233167,53.8320129],[-2.223463,53.831960500000015],[-2.2239066,53.8318064]]}},
{"type":"Feature","properties":{"id":24266,"nach":0.26939659236777574},"geometry":{"type":"LineString","coordinates":[[-2.2235608,53.8322745],[-2.2233167,53.8320129]]}},
{"type":"Feature","properties":{"id":3202,"nach":0.48434484449044513},"geometry":{"type":"LineString","coordinates":[[-2.2254516,53.8326261],[-2.2257339,53.8325128]]}},
{"type":"Feature","properties":{"id":3205,"nach":0.52485082736482314},"geometry":{"type":"LineString","coordinates":[[-2.22487,53.832810199999983],[-2.2254516,53.8326261]]}},
{"type":"Feature","properties":{"id":24285,"nach":0.47702359780570652},"geometry":{"type":"LineString","coordinates":[[-2.2252876,53.832452],[-2.2254516,53.8326261]]}},
{"type":"Feature","properties":{"id":24271,"nach":0.33976643833466441},"geometry":{"type":"LineString","coordinates":[[-2.2246926,53.8326486],[-2.22487,53.832810199999983]]}},
{"type":"Feature","properties":{"id":24305,"nach":0.57620851384983551},"geometry":{"type":"LineString","coordinates":[[-2.2251293,53.8322785],[-2.2252876,53.832452]]}},
{"type":"Feature","properties":{"id":24291,"nach":0.56266000475979638},"geometry":{"type":"LineString","coordinates":[[-2.2249925,53.8325467],[-2.2252876,53.832452]]}},
{"type":"Feature","properties":{"id":24275,"nach":0.2650439435347447},"geometry":{"type":"LineString","coordinates":[[-2.2241457,53.8320784],[-2.2246926,53.8326486]]}},
{"type":"Feature","properties":{"id":24278,"nach":0.5965187157129459},"geometry":{"type":"LineString","coordinates":[[-2.2243988,53.832744400000017],[-2.2246926,53.8326486]]}},
{"type":"Feature","properties":{"id":24292,"nach":0.58561702854260367},"geometry":{"type":"LineString","coordinates":[[-2.2249925,53.8325467],[-2.2246926,53.8326486]]}},
{"type":"Feature","properties":{"id":24267,"nach":0.64618705058397441},"geometry":{"type":"LineString","coordinates":[[-2.2235608,53.8322745],[-2.2240976,53.8328401]]}},
{"type":"Feature","properties":{"id":24261,"nach":0.42598652328865982},"geometry":{"type":"LineString","coordinates":[[-2.2238314,53.8329261],[-2.2240976,53.8328401]]}},
{"type":"Feature","properties":{"id":24279,"nach":0.6096597188120263},"geometry":{"type":"LineString","coordinates":[[-2.2243988,53.832744400000017],[-2.2240976,53.8328401]]}},
{"type":"Feature","properties":{"id":24947,"nach":0.51364496069829613},"geometry":{"type":"LineString","coordinates":[[-2.2241273,53.8332961],[-2.2244198,53.833198]]}},
{"type":"Feature","properties":{"id":26065,"nach":0.0},"geometry":{"type":"LineString","coordinates":[[-2.2248732,53.8341001],[-2.2250305,53.8340902],[-2.2251783,53.8340494],[-2.2244198,53.833198]]}},
{"type":"Feature","properties":{"id":24704,"nach":0.7212680511966747},"geometry":{"type":"LineString","coordinates":[[-2.2223497,53.8341369],[-2.2225927,53.8339647]]}},
{"type":"Feature","properties":{"id":4020,"nach":0.71150736308593054},"geometry":{"type":"LineString","coordinates":[[-2.2230331,53.8336525],[-2.2225927,53.8339647]]}},
{"type":"Feature","properties":{"id":24688,"nach":0.55601071963665105},"geometry":{"type":"LineString","coordinates":[[-2.2229057,53.8341186],[-2.2225927,53.8339647]]}},
{"type":"Feature","properties":{"id":4028,"nach":0.45635322687040936},"geometry":{"type":"LineString","coordinates":[[-2.2216344,53.8336387],[-2.2217558,53.833553],[-2.2225927,53.8339647]]}},
{"type":"Feature","properties":{"id":24703,"nach":0.7040210972311316},"geometry":{"type":"LineString","coordinates":[[-2.2223497,53.8341369],[-2.2221163,53.8343023]]}},
{"type":"Feature","properties":{"id":24705,"nach":0.40020772549278444},"geometry":{"type":"LineString","coordinates":[[-2.2223497,53.8341369],[-2.2231531,53.83453]]}},
{"type":"Feature","properties":{"id":24722,"nach":0.61910223868927339},"geometry":{"type":"LineString","coordinates":[[-2.2215093,53.8337271],[-2.2223497,53.8341369]]}},
{"type":"Feature","properties":{"id":4024,"nach":0.51890009582439445},"geometry":{"type":"LineString","coordinates":[[-2.2227222,53.833497800000011],[-2.2230331,53.8336525]]}},
{"type":"Feature","properties":{"id":24691,"nach":0.54733499104847694},"geometry":{"type":"LineString","coordinates":[[-2.2233175,53.8337981],[-2.2230331,53.8336525]]}},
{"type":"Feature","properties":{"id":24689,"nach":0.4687297783230342},"geometry":{"type":"LineString","coordinates":[[-2.2229057,53.8341186],[-2.223516,53.8344188]]}},
{"type":"Feature","properties":{"id":24698,"nach":0.51113605532957096},"geometry":{"type":"LineString","coordinates":[[-2.2231028,53.83396470000001],[-2.2229057,53.8341186]]}},
{"type":"Feature","properties":{"id":4026,"nach":0.51883252711106631},"geometry":{"type":"LineString","coordinates":[[-2.2216344,53.8336387],[-2.2211992,53.8334288]]}},
{"type":"Feature","properties":{"id":24721,"nach":0.55914204469776685},"geometry":{"type":"LineString","coordinates":[[-2.2215093,53.8337271],[-2.2216344,53.8336387]]}},
{"type":"Feature","properties":{"id":24714,"nach":0.72839429824250879},"geometry":{"type":"LineString","coordinates":[[-2.2218576,53.8344856],[-2.2221163,53.8343023]]}},
{"type":"Feature","properties":{"id":4031,"nach":0.64205621662035095},"geometry":{"type":"LineString","coordinates":[[-2.221277,53.8338911],[-2.2221163,53.8343023]]}},
{"type":"Feature","properties":{"id":4036,"nach":0.66255151201876228},"geometry":{"type":"LineString","coordinates":[[-2.2227926,53.8346405],[-2.2221163,53.8343023]]}},
{"type":"Feature","properties":{"id":24713,"nach":0.72572533535189765},"geometry":{"type":"LineString","coordinates":[[-2.2218576,53.8344856],[-2.2216714,53.8346176]]}},
{"type":"Feature","properties":{"id":24719,"nach":0.47569432965855235},"geometry":{"type":"LineString","coordinates":[[-2.2207203,53.8339382],[-2.2218576,53.8344856]]}},
{"type":"Feature","properties":{"id":24725,"nach":0.53515360842195681},"geometry":{"type":"LineString","coordinates":[[-2.2229733,53.8350392],[-2.2218576,53.8344856]]}},
{"type":"Feature","properties":{"id":24720,"nach":0.65694355846428443},"geometry":{"type":"LineString","coordinates":[[-2.2215093,53.8337271],[-2.221277,53.8338911]]}},
{"type":"Feature","properties":{"id":24711,"nach":0.69068775648386271},"geometry":{"type":"LineString","coordinates":[[-2.2209709,53.8337369],[-2.221277,53.8338911]]}},
{"type":"Feature","properties":{"id":4037,"nach":0.60110903322269227},"geometry":{"type":"LineString","coordinates":[[-2.2227926,53.8346405],[-2.2230093,53.8347497],[-2.2232361,53.8348649]]}},
{"type":"Feature","properties":{"id":24701,"nach":0.63024221694182048},"geometry":{"type":"LineString","coordinates":[[-2.2231531,53.83453],[-2.2227926,53.8346405]]}},
{"type":"Feature","properties":{"id":3631,"nach":0.7038703063637155},"geometry":{"type":"LineString","coordinates":[[-2.2204604,53.8354806],[-2.2208486,53.8352007]]}},
{"type":"Feature","properties":{"id":4047,"nach":0.7366330734060661},"geometry":{"type":"LineString","coordinates":[[-2.2212666,53.8349045],[-2.2208486,53.8352007]]}},
{"type":"Feature","properties":{"id":24818,"nach":0.70762969559828659},"geometry":{"type":"LineString","coordinates":[[-2.2206165,53.8350821],[-2.2208486,53.8352007]]}},
{"type":"Feature","properties":{"id":24746,"nach":0.54176520729123046},"geometry":{"type":"LineString","coordinates":[[-2.2211463,53.8353446],[-2.2208486,53.8352007]]}},
{"type":"Feature","properties":{"id":3630,"nach":0.71676255129444111},"geometry":{"type":"LineString","coordinates":[[-2.2204604,53.8354806],[-2.2200461,53.8357745]]}},
{"type":"Feature","properties":{"id":24814,"nach":0.68732035059129493},"geometry":{"type":"LineString","coordinates":[[-2.2202204,53.8353619],[-2.2204604,53.8354806]]}},
{"type":"Feature","properties":{"id":24838,"nach":0.66645818159295023},"geometry":{"type":"LineString","coordinates":[[-2.2207462,53.8356213],[-2.2204604,53.8354806]]}},
{"type":"Feature","properties":{"id":4048,"nach":0.73165235048479027},"geometry":{"type":"LineString","coordinates":[[-2.2212666,53.8349045],[-2.2216714,53.8346176]]}},
{"type":"Feature","properties":{"id":24733,"nach":0.5365289515124374},"geometry":{"type":"LineString","coordinates":[[-2.221556,53.83504460000001],[-2.2212666,53.8349045]]}},
{"type":"Feature","properties":{"id":24820,"nach":0.70347848996714968},"geometry":{"type":"LineString","coordinates":[[-2.2205606,53.8350536],[-2.2206165,53.8350821]]}},
{"type":"Feature","properties":{"id":24829,"nach":0.50663513996722576},"geometry":{"type":"LineString","coordinates":[[-2.2204075,53.8352297],[-2.2206165,53.8350821]]}},
{"type":"Feature","properties":{"id":24750,"nach":0.51939558800181296},"geometry":{"type":"LineString","coordinates":[[-2.2217591,53.8356368],[-2.2211463,53.8353446]]}},
{"type":"Feature","properties":{"id":24758,"nach":0.63035932525334182},"geometry":{"type":"LineString","coordinates":[[-2.2213405,53.8352025],[-2.2211463,53.8353446]]}},
{"type":"Feature","properties":{"id":24846,"nach":0.62862271425450156},"geometry":{"type":"LineString","coordinates":[[-2.2209472,53.8354823],[-2.2211463,53.8353446]]}},
{"type":"Feature","properties":{"id":24877,"nach":0.59364151121594544},"geometry":{"type":"LineString","coordinates":[[-2.21980410000001,53.8356566],[-2.2200461,53.8357745]]}},
{"type":"Feature","properties":{"id":24870,"nach":0.65230848416298726},"geometry":{"type":"LineString","coordinates":[[-2.2203298,53.8359127],[-2.2200461,53.8357745]]}},
{"type":"Feature","properties":{"id":36641,"nach":0.74755825941676035},"geometry":{"type":"LineString","coordinates":[[-2.2198564,53.8359153],[-2.2200461,53.8357745]]}},
{"type":"Feature","properties":{"id":24876,"nach":0.51240824321017298},"geometry":{"type":"LineString","coordinates":[[-2.21980410000001,53.8356566],[-2.2195393,53.8355276]]}},
{"type":"Feature","properties":{"id":24882,"nach":0.55873521187448216},"geometry":{"type":"LineString","coordinates":[[-2.22000780000001,53.8355124],[-2.21980410000001,53.8356566]]}},
{"type":"Feature","properties":{"id":24871,"nach":0.48545094358348101},"geometry":{"type":"LineString","coordinates":[[-2.2203298,53.8359127],[-2.2208963,53.8361888]]}},
{"type":"Feature","properties":{"id":24873,"nach":0.63865745510402439},"geometry":{"type":"LineString","coordinates":[[-2.2205456,53.8357616],[-2.2203298,53.8359127]]}},
{"type":"Feature","properties":{"id":36643,"nach":0.78226344857223751},"geometry":{"type":"LineString","coordinates":[[-2.2198564,53.8359153],[-2.2196273,53.8360823],[-2.2195226,53.8361403],[-2.2193888,53.8361896],[-2.2191914,53.8362567]]}},
{"type":"Feature","properties":{"id":36644,"nach":0.71079346408933597},"geometry":{"type":"LineString","coordinates":[[-2.220098,53.8360333],[-2.2198564,53.8359153]]}},
{"type":"Feature","properties":{"id":14321,"nach":0.71245895099527201},"geometry":{"type":"LineString","coordinates":[[-2.2237869,53.834718],[-2.2239557,53.8346861]]}},
{"type":"Feature","properties":{"id":36640,"nach":0.6766818889253009},"geometry":{"type":"LineString","coordinates":[[-2.2236694,53.8343063],[-2.2237273,53.8344938],[-2.2238131,53.8345983],[-2.2239557,53.8346861]]}},
{"type":"Feature","properties":{"id":16403,"nach":0.75575171690489007},"geometry":{"type":"LineString","coordinates":[[-2.2239557,53.8346861],[-2.224139509269114,53.83463729969408]]}},
{"type":"Feature","properties":{"id":14320,"nach":0.71550575939245575},"geometry":{"type":"LineString","coordinates":[[-2.2237869,53.834718],[-2.2232361,53.8348649]]}},
{"type":"Feature","properties":{"id":14322,"nach":0.51005648604768528},"geometry":{"type":"LineString","coordinates":[[-2.2237869,53.834718],[-2.2245764,53.83507740000001]]}},
{"type":"Feature","properties":{"id":21121,"nach":0.69314686329138486},"geometry":{"type":"LineString","coordinates":[[-2.2250098,53.8347857],[-2.224269,53.8345979]]}},
{"type":"Feature","properties":{"id":16403,"nach":0.75575171690489007},"geometry":{"type":"LineString","coordinates":[[-2.224139509269114,53.83463729969408],[-2.224269,53.8345979]]}},
{"type":"Feature","properties":{"id":36639,"nach":0.6217034585808705},"geometry":{"type":"LineString","coordinates":[[-2.2236694,53.8343063],[-2.223516,53.8344188]]}},
{"type":"Feature","properties":{"id":36638,"nach":0.68874193154210261},"geometry":{"type":"LineString","coordinates":[[-2.2236694,53.8343063],[-2.2237294,53.8342623]]}},
{"type":"Feature","properties":{"id":24724,"nach":0.70702781052141062},"geometry":{"type":"LineString","coordinates":[[-2.2229733,53.8350392],[-2.2232361,53.8348649]]}},
{"type":"Feature","properties":{"id":24723,"nach":0.71244913208804495},"geometry":{"type":"LineString","coordinates":[[-2.2229733,53.8350392],[-2.2227884,53.8351609]]}},
{"type":"Feature","properties":{"id":24717,"nach":0.58776031254836514},"geometry":{"type":"LineString","coordinates":[[-2.2207203,53.8339382],[-2.2209709,53.8337369]]}},
{"type":"Feature","properties":{"id":11444,"nach":0.66279497571373813},"geometry":{"type":"LineString","coordinates":[[-2.2199997,53.8341282],[-2.220215,53.8339093]]}},
{"type":"Feature","properties":{"id":24707,"nach":0.67866576465143702},"geometry":{"type":"LineString","coordinates":[[-2.2205512,53.8340729],[-2.220215,53.8339093]]}},
{"type":"Feature","properties":{"id":24298,"nach":0.36087256848409521},"geometry":{"type":"LineString","coordinates":[[-2.2253432,53.8316737],[-2.22573310000001,53.8320984]]}},
{"type":"Feature","properties":{"id":24308,"nach":0.5237131807096026},"geometry":{"type":"LineString","coordinates":[[-2.2254208,53.8321925],[-2.22573310000001,53.8320984]]}},
{"type":"Feature","properties":{"id":24301,"nach":0.51020385654418177},"geometry":{"type":"LineString","coordinates":[[-2.2260373,53.8320033],[-2.22573310000001,53.8320984]]}},
{"type":"Feature","properties":{"id":24297,"nach":0.54090971109317165},"geometry":{"type":"LineString","coordinates":[[-2.2253432,53.8316737],[-2.225125,53.8314358]]}},
{"type":"Feature","properties":{"id":24311,"nach":0.65131164190491109},"geometry":{"type":"LineString","coordinates":[[-2.2250294,53.8317779],[-2.2253432,53.8316737]]}},
{"type":"Feature","properties":{"id":24683,"nach":0.6468614820376537},"geometry":{"type":"LineString","coordinates":[[-2.2256497,53.8315844],[-2.2253432,53.8316737]]}},
{"type":"Feature","properties":{"id":24307,"nach":0.53805283584435426},"geometry":{"type":"LineString","coordinates":[[-2.2254208,53.8321925],[-2.2251293,53.8322785]]}},
{"type":"Feature","properties":{"id":24312,"nach":0.35045810887822409},"geometry":{"type":"LineString","coordinates":[[-2.2250294,53.8317779],[-2.2254208,53.8321925]]}},
{"type":"Feature","properties":{"id":24303,"nach":0.42073797816054437},"geometry":{"type":"LineString","coordinates":[[-2.2260373,53.8320033],[-2.2260972,53.8320474],[-2.2263972,53.8319762]]}},
{"type":"Feature","properties":{"id":24684,"nach":0.48022029761921148},"geometry":{"type":"LineString","coordinates":[[-2.2256497,53.8315844],[-2.2260373,53.8320033]]}},
{"type":"Feature","properties":{"id":20274,"nach":0.65120966245350365},"geometry":{"type":"LineString","coordinates":[[-2.2249397,53.8314865],[-2.225125,53.8314358]]}},
{"type":"Feature","properties":{"id":28167,"nach":0.64069532072043989},"geometry":{"type":"LineString","coordinates":[[-2.2255959,53.8313163],[-2.225125,53.8314358]]}},
{"type":"Feature","properties":{"id":20276,"nach":0.65374274253675002},"geometry":{"type":"LineString","coordinates":[[-2.2249397,53.8314865],[-2.22484110000001,53.8315153],[-2.2247943,53.831529]]}},
{"type":"Feature","properties":{"id":20279,"nach":0.64764991501084013},"geometry":{"type":"LineString","coordinates":[[-2.2245773,53.8311548],[-2.2246749,53.8312603],[-2.224737,53.831318],[-2.2249397,53.8314865]]}},
{"type":"Feature","properties":{"id":28168,"nach":0.63675787115288007},"geometry":{"type":"LineString","coordinates":[[-2.2255959,53.8313163],[-2.225739,53.8312789]]}},
{"type":"Feature","properties":{"id":28171,"nach":0.0},"geometry":{"type":"LineString","coordinates":[[-2.2276801,53.8306716],[-2.2275533,53.8306297],[-2.2273911,53.8305406],[-2.22731,53.8305128],[-2.2272326,53.8305206],[-2.2271006,53.830562900000011],[-2.2266253,53.8307098],[-2.226265,53.8308234],[-2.2259991,53.8309024],[-2.22562,53.831026],[-2.2254276,53.831095],[-2.2254245,53.831106],[-2.2255959,53.8313163]]}},
{"type":"Feature","properties":{"id":24675,"nach":0.4817278404494354},"geometry":{"type":"LineString","coordinates":[[-2.2265784,53.8313383],[-2.2265922,53.8313541]]}},
{"type":"Feature","properties":{"id":24674,"nach":0.14491064086862968},"geometry":{"type":"LineString","coordinates":[[-2.2265784,53.8313383],[-2.2263424,53.8310885]]}},
{"type":"Feature","properties":{"id":24685,"nach":0.51713446557706733},"geometry":{"type":"LineString","coordinates":[[-2.2262395,53.831412400000012],[-2.2265784,53.8313383]]}},
{"type":"Feature","properties":{"id":28174,"nach":0.48879709990876807},"geometry":{"type":"LineString","coordinates":[[-2.2269313,53.8309145],[-2.2271344,53.8311596],[-2.2269599,53.831222],[-2.2265784,53.8313383]]}},
{"type":"Feature","properties":{"id":3268,"nach":0.68188472413335866},"geometry":{"type":"LineString","coordinates":[[-2.225739,53.8312789],[-2.2263424,53.8310885]]}},
{"type":"Feature","properties":{"id":24678,"nach":0.6535815862183435},"geometry":{"type":"LineString","coordinates":[[-2.2259334,53.8315014],[-2.225739,53.8312789]]}},
{"type":"Feature","properties":{"id":24287,"nach":0.53242007287665261},"geometry":{"type":"LineString","coordinates":[[-2.2247488,53.831870899999984],[-2.2245026,53.831615699999986]]}},
{"type":"Feature","properties":{"id":3251,"nach":0.64047004066630886},"geometry":{"type":"LineString","coordinates":[[-2.2239066,53.8318064],[-2.224305,53.8316783],[-2.2245026,53.831615699999986]]}},
{"type":"Feature","properties":{"id":20018,"nach":0.65455099227131597},"geometry":{"type":"LineString","coordinates":[[-2.2247943,53.831529],[-2.2247471,53.8315425],[-2.2245026,53.831615699999986]]}},
{"type":"Feature","properties":{"id":24304,"nach":0.53861170194072028},"geometry":{"type":"LineString","coordinates":[[-2.2251293,53.8322785],[-2.2247488,53.831870899999984]]}},
{"type":"Feature","properties":{"id":24295,"nach":0.65685213664700481},"geometry":{"type":"LineString","coordinates":[[-2.2244536,53.8319727],[-2.2247488,53.831870899999984]]}},
{"type":"Feature","properties":{"id":24310,"nach":0.65060083315762374},"geometry":{"type":"LineString","coordinates":[[-2.2250294,53.8317779],[-2.2247488,53.831870899999984]]}},
{"type":"Feature","properties":{"id":24274,"nach":0.26500071367877998},"geometry":{"type":"LineString","coordinates":[[-2.2241457,53.8320784],[-2.2239066,53.8318064]]}},
{"type":"Feature","properties":{"id":38757,"nach":0.49665751851628498},"geometry":{"type":"LineString","coordinates":[[-2.2247455,53.8314745],[-2.2247943,53.831529]]}},
{"type":"Feature","properties":{"id":38756,"nach":0.49684600682744073},"geometry":{"type":"LineString","coordinates":[[-2.224838,53.8315778],[-2.2247943,53.831529]]}},
{"type":"Feature","properties":{"id":24282,"nach":0.65842954152100863},"geometry":{"type":"LineString","coordinates":[[-2.2238584,53.83217470000001],[-2.2241457,53.8320784]]}},
{"type":"Feature","properties":{"id":24294,"nach":0.65481826697676593},"geometry":{"type":"LineString","coordinates":[[-2.2244536,53.8319727],[-2.2241457,53.8320784]]}},
{"type":"Feature","properties":{"id":24268,"nach":0.56436208163380697},"geometry":{"type":"LineString","coordinates":[[-2.2235608,53.8322745],[-2.2232889,53.8323563]]}},
{"type":"Feature","properties":{"id":24281,"nach":0.66060334641258844},"geometry":{"type":"LineString","coordinates":[[-2.2238584,53.83217470000001],[-2.2235608,53.8322745]]}},
{"type":"Feature","properties":{"id":24679,"nach":0.43182745027395031},"geometry":{"type":"LineString","coordinates":[[-2.2259334,53.8315014],[-2.2263972,53.8319762]]}},
{"type":"Feature","properties":{"id":24686,"nach":0.5307803559867913},"geometry":{"type":"LineString","coordinates":[[-2.2262395,53.831412400000012],[-2.2259334,53.8315014]]}},
{"type":"Feature","properties":{"id":24682,"nach":0.64816525844219119},"geometry":{"type":"LineString","coordinates":[[-2.2256497,53.8315844],[-2.2259334,53.8315014]]}},
{"type":"Feature","properties":{"id":24687,"nach":0.0},"geometry":{"type":"LineString","coordinates":[[-2.2262395,53.831412400000012],[-2.2266959,53.8319052],[-2.2263972,53.8319762]]}},
{"type":"Feature","properties":{"id":3655,"nach":0.64732110301771073},"geometry":{"type":"LineString","coordinates":[[-2.2211687,53.8363215],[-2.2214942,53.8364801]]}},
{"type":"Feature","properties":{"id":36648,"nach":0.62501398301537847},"geometry":{"type":"LineString","coordinates":[[-2.2218145,53.8366362],[-2.2214942,53.8364801]]}},
{"type":"Feature","properties":{"id":26068,"nach":0.52136524202236889},"geometry":{"type":"LineString","coordinates":[[-2.2209006,53.8365801],[-2.2214942,53.8364801]]}},
{"type":"Feature","properties":{"id":24866,"nach":0.6738469899628392},"geometry":{"type":"LineString","coordinates":[[-2.2213649,53.8361849],[-2.2211687,53.8363215]]}},
{"type":"Feature","properties":{"id":3672,"nach":0.69902484549950961},"geometry":{"type":"LineString","coordinates":[[-2.2208963,53.8361888],[-2.2211687,53.8363215]]}},
{"type":"Feature","properties":{"id":36650,"nach":0.60007379669456362},"geometry":{"type":"LineString","coordinates":[[-2.2218145,53.8366362],[-2.221942,53.836698300000016],[-2.2221247,53.83657130000001]]}},
{"type":"Feature","properties":{"id":36651,"nach":0.52295201558534921},"geometry":{"type":"LineString","coordinates":[[-2.2215245,53.8366632],[-2.2218145,53.8366362]]}},
{"type":"Feature","properties":{"id":24861,"nach":0.66333715107643387},"geometry":{"type":"LineString","coordinates":[[-2.2223518,53.8364134],[-2.2226519,53.8365629]]}},
{"type":"Feature","properties":{"id":24854,"nach":0.67191745901488598},"geometry":{"type":"LineString","coordinates":[[-2.2228274,53.8364351],[-2.2226519,53.8365629]]}},
{"type":"Feature","properties":{"id":16409,"nach":0.76281870265322615},"geometry":{"type":"LineString","coordinates":[[-2.2226519,53.8365629],[-2.22276362575707,53.837089239536027]]}},
{"type":"Feature","properties":{"id":24860,"nach":0.63672827666372889},"geometry":{"type":"LineString","coordinates":[[-2.2223518,53.8364134],[-2.2218637,53.8361702]]}},
{"type":"Feature","properties":{"id":24863,"nach":0.60074912145211523},"geometry":{"type":"LineString","coordinates":[[-2.2221247,53.83657130000001],[-2.2223518,53.8364134]]}},
{"type":"Feature","properties":{"id":24856,"nach":0.53751983823771587},"geometry":{"type":"LineString","coordinates":[[-2.2228274,53.8364351],[-2.2230379,53.8362818],[-2.2224824,53.8360061]]}},
{"type":"Feature","properties":{"id":24859,"nach":0.65114890523010449},"geometry":{"type":"LineString","coordinates":[[-2.2220452,53.8360364],[-2.2228274,53.8364351]]}},
{"type":"Feature","properties":{"id":16410,"nach":0.60322974349674408},"geometry":{"type":"LineString","coordinates":[[-2.2227405,53.8371681],[-2.2222759,53.8371393],[-2.2221275,53.8371025],[-2.2220856,53.83714530000001]]}},
{"type":"Feature","properties":{"id":36632,"nach":0.68235641712346962},"geometry":{"type":"LineString","coordinates":[[-2.2229769,53.8371881],[-2.2227405,53.8371681]]}},
{"type":"Feature","properties":{"id":16409,"nach":0.76281870265322615},"geometry":{"type":"LineString","coordinates":[[-2.22276362575707,53.837089239536027],[-2.2227405,53.8371681]]}},
{"type":"Feature","properties":{"id":24836,"nach":0.65095389143508675},"geometry":{"type":"LineString","coordinates":[[-2.2213635,53.835923100000016],[-2.2215853,53.8360315]]}},
{"type":"Feature","properties":{"id":24848,"nach":0.64388414838383912},"geometry":{"type":"LineString","coordinates":[[-2.2218637,53.8361702],[-2.2215853,53.8360315]]}},
{"type":"Feature","properties":{"id":24867,"nach":0.66520853211349962},"geometry":{"type":"LineString","coordinates":[[-2.2213649,53.8361849],[-2.2215853,53.8360315]]}},
{"type":"Feature","properties":{"id":3639,"nach":0.66425341940834814},"geometry":{"type":"LineString","coordinates":[[-2.2220004,53.835757500000014],[-2.2215853,53.8360315]]}},
{"type":"Feature","properties":{"id":24839,"nach":0.65675231869130724},"geometry":{"type":"LineString","coordinates":[[-2.2207462,53.8356213],[-2.2213635,53.835923100000016]]}},
{"type":"Feature","properties":{"id":24843,"nach":0.53771679159642072},"geometry":{"type":"LineString","coordinates":[[-2.2215502,53.835788],[-2.2213635,53.835923100000016]]}},
{"type":"Feature","properties":{"id":24858,"nach":0.53932665618289677},"geometry":{"type":"LineString","coordinates":[[-2.2220452,53.8360364],[-2.2218637,53.8361702]]}},
{"type":"Feature","properties":{"id":24868,"nach":0.3683286285885029},"geometry":{"type":"LineString","coordinates":[[-2.2213649,53.8361849],[-2.2221247,53.83657130000001]]}},
{"type":"Feature","properties":{"id":24875,"nach":0.51725530709873491},"geometry":{"type":"LineString","coordinates":[[-2.2205456,53.8357616],[-2.2213649,53.8361849]]}},
{"type":"Feature","properties":{"id":24751,"nach":0.55166965893179176},"geometry":{"type":"LineString","coordinates":[[-2.2217591,53.8356368],[-2.2220004,53.835757500000014]]}},
{"type":"Feature","properties":{"id":24851,"nach":0.69007030755986776},"geometry":{"type":"LineString","coordinates":[[-2.2222494,53.8358859],[-2.2220004,53.835757500000014]]}},
{"type":"Feature","properties":{"id":4044,"nach":0.69054981457405229},"geometry":{"type":"LineString","coordinates":[[-2.222401,53.835453399999984],[-2.2220004,53.835757500000014]]}},
{"type":"Feature","properties":{"id":24827,"nach":0.684363011184142},"geometry":{"type":"LineString","coordinates":[[-2.2194726,53.8349881],[-2.2202204,53.8353619]]}},
{"type":"Feature","properties":{"id":24830,"nach":0.55890400709591215},"geometry":{"type":"LineString","coordinates":[[-2.2204075,53.8352297],[-2.2202204,53.8353619]]}},
{"type":"Feature","properties":{"id":24883,"nach":0.49368153238137691},"geometry":{"type":"LineString","coordinates":[[-2.22000780000001,53.8355124],[-2.2202204,53.8353619]]}},
{"type":"Feature","properties":{"id":24845,"nach":0.62746039477330551},"geometry":{"type":"LineString","coordinates":[[-2.2209472,53.8354823],[-2.2207462,53.8356213]]}},
{"type":"Feature","properties":{"id":24874,"nach":0.65430223184802772},"geometry":{"type":"LineString","coordinates":[[-2.2205456,53.8357616],[-2.2207462,53.8356213]]}},
{"type":"Feature","properties":{"id":14325,"nach":0.75720218861351052},"geometry":{"type":"LineString","coordinates":[[-2.2186308,53.8349694],[-2.219057,53.8347804]]}},
{"type":"Feature","properties":{"id":24879,"nach":0.74234730511365499},"geometry":{"type":"LineString","coordinates":[[-2.219424,53.8349639],[-2.219057,53.8347804]]}},
{"type":"Feature","properties":{"id":11445,"nach":0.70168719258857271},"geometry":{"type":"LineString","coordinates":[[-2.2199997,53.8341282],[-2.2197076,53.8344099],[-2.2192814,53.8346789],[-2.219057,53.8347804]]}},
{"type":"Feature","properties":{"id":14324,"nach":0.75919879272265089},"geometry":{"type":"LineString","coordinates":[[-2.2186308,53.8349694],[-2.218508,53.83502510000001]]}},
{"type":"Feature","properties":{"id":14326,"nach":0.53666928470398834},"geometry":{"type":"LineString","coordinates":[[-2.2186308,53.8349694],[-2.2181633,53.8345978]]}},
{"type":"Feature","properties":{"id":24880,"nach":0.74134318628987617},"geometry":{"type":"LineString","coordinates":[[-2.219424,53.8349639],[-2.2194726,53.8349881]]}},
{"type":"Feature","properties":{"id":24886,"nach":0.51116349622033386},"geometry":{"type":"LineString","coordinates":[[-2.2191833,53.8351086],[-2.219424,53.8349639]]}},
{"type":"Feature","properties":{"id":24755,"nach":0.54967212840817348},"geometry":{"type":"LineString","coordinates":[[-2.2219508,53.8354923],[-2.2217591,53.8356368]]}},
{"type":"Feature","properties":{"id":24842,"nach":0.40988358879653841},"geometry":{"type":"LineString","coordinates":[[-2.2215502,53.835788],[-2.2217591,53.8356368]]}},
{"type":"Feature","properties":{"id":24852,"nach":0.59618509214442572},"geometry":{"type":"LineString","coordinates":[[-2.2222494,53.8358859],[-2.2222857,53.8359046]]}},
{"type":"Feature","properties":{"id":24857,"nach":0.66048008659292734},"geometry":{"type":"LineString","coordinates":[[-2.2220452,53.8360364],[-2.2222494,53.8358859]]}},
{"type":"Feature","properties":{"id":4045,"nach":0.6912280450609537},"geometry":{"type":"LineString","coordinates":[[-2.222401,53.835453399999984],[-2.2227884,53.8351609]]}},
{"type":"Feature","properties":{"id":24727,"nach":0.41558629889147836},"geometry":{"type":"LineString","coordinates":[[-2.2221582,53.835336],[-2.222401,53.835453399999984]]}},
{"type":"Feature","properties":{"id":14314,"nach":0.50820202729094388},"geometry":{"type":"LineString","coordinates":[[-2.2232972,53.8354083],[-2.224031,53.8357652]]}},
{"type":"Feature","properties":{"id":20294,"nach":0.56615698429850791},"geometry":{"type":"LineString","coordinates":[[-2.22314,53.8353319],[-2.2232972,53.8354083]]}},
{"type":"Feature","properties":{"id":14317,"nach":0.48528636594379049},"geometry":{"type":"LineString","coordinates":[[-2.2224824,53.8360061],[-2.2232972,53.8354083]]}},
{"type":"Feature","properties":{"id":24731,"nach":0.66917384067471286},"geometry":{"type":"LineString","coordinates":[[-2.2225519,53.8350459],[-2.2227884,53.8351609]]}},
{"type":"Feature","properties":{"id":24763,"nach":0.60214477537421873},"geometry":{"type":"LineString","coordinates":[[-2.2230951,53.8353101],[-2.2227884,53.8351609]]}},
{"type":"Feature","properties":{"id":24738,"nach":0.65958964210738136},"geometry":{"type":"LineString","coordinates":[[-2.2219499,53.8347531],[-2.2225519,53.8350459]]}},
{"type":"Feature","properties":{"id":24743,"nach":0.53846026068531694},"geometry":{"type":"LineString","coordinates":[[-2.2223369,53.8352042],[-2.2225519,53.8350459]]}},
{"type":"Feature","properties":{"id":24764,"nach":0.60657690280220122},"geometry":{"type":"LineString","coordinates":[[-2.2230951,53.8353101],[-2.22314,53.8353319]]}},
{"type":"Feature","properties":{"id":24765,"nach":0.5359651347368648},"geometry":{"type":"LineString","coordinates":[[-2.2230951,53.8353101],[-2.2222857,53.8359046]]}},
{"type":"Feature","properties":{"id":24824,"nach":0.64635558326300557},"geometry":{"type":"LineString","coordinates":[[-2.2213693,53.8344707],[-2.2216714,53.8346176]]}},
{"type":"Feature","properties":{"id":24737,"nach":0.69787990859757687},"geometry":{"type":"LineString","coordinates":[[-2.2219499,53.8347531],[-2.2216714,53.8346176]]}},
{"type":"Feature","properties":{"id":24823,"nach":0.6649244182586489},"geometry":{"type":"LineString","coordinates":[[-2.2213693,53.8344707],[-2.2211444,53.8343613]]}},
{"type":"Feature","properties":{"id":24825,"nach":0.58071845734935879},"geometry":{"type":"LineString","coordinates":[[-2.2213693,53.8344707],[-2.2205606,53.8350536]]}},
{"type":"Feature","properties":{"id":24740,"nach":0.61643251009248645},"geometry":{"type":"LineString","coordinates":[[-2.2217354,53.8349117],[-2.2219499,53.8347531]]}},
{"type":"Feature","properties":{"id":24708,"nach":0.66532406851644632},"geometry":{"type":"LineString","coordinates":[[-2.2205512,53.8340729],[-2.2211444,53.8343613]]}},
{"type":"Feature","properties":{"id":24718,"nach":0.57966863518165945},"geometry":{"type":"LineString","coordinates":[[-2.2207203,53.8339382],[-2.2205512,53.8340729]]}},
{"type":"Feature","properties":{"id":36646,"nach":0.69838784073382831},"geometry":{"type":"LineString","coordinates":[[-2.220098,53.8360333],[-2.220547,53.8362525],[-2.2208963,53.8361888]]}},
{"type":"Feature","properties":{"id":3658,"nach":0.43399791990359832},"geometry":{"type":"LineString","coordinates":[[-2.2184852,53.837189100000018],[-2.2190857,53.837448]]}},
{"type":"Feature","properties":{"id":3657,"nach":0.63508463473935339},"geometry":{"type":"LineString","coordinates":[[-2.2190857,53.837448],[-2.219293,53.8372741]]}},
{"type":"Feature","properties":{"id":25474,"nach":0.64251258629895835},"geometry":{"type":"LineString","coordinates":[[-2.2189289,53.8375895],[-2.2190857,53.837448]]}},
{"type":"Feature","properties":{"id":25385,"nach":0.6176919525441632},"geometry":{"type":"LineString","coordinates":[[-2.2183957,53.8372637],[-2.2184852,53.837189100000018]]}},
{"type":"Feature","properties":{"id":3697,"nach":0.61984589731124373},"geometry":{"type":"LineString","coordinates":[[-2.2186958,53.8370156],[-2.2184852,53.837189100000018]]}},
{"type":"Feature","properties":{"id":3694,"nach":0.5678916775823305},"geometry":{"type":"LineString","coordinates":[[-2.219293,53.8372741],[-2.2186958,53.8370156]]}},
{"type":"Feature","properties":{"id":26069,"nach":0.62124182783485082},"geometry":{"type":"LineString","coordinates":[[-2.2194558,53.8371424],[-2.219293,53.8372741]]}},
{"type":"Feature","properties":{"id":25477,"nach":0.64222921578713732},"geometry":{"type":"LineString","coordinates":[[-2.2183189,53.83732770000001],[-2.2183957,53.8372637]]}},
{"type":"Feature","properties":{"id":25388,"nach":0.62841898813547725},"geometry":{"type":"LineString","coordinates":[[-2.2182101,53.8371839],[-2.2183957,53.8372637]]}},
{"type":"Feature","properties":{"id":3696,"nach":0.66006766806856842},"geometry":{"type":"LineString","coordinates":[[-2.2186958,53.8370156],[-2.218376,53.8368772]]}},
{"type":"Feature","properties":{"id":25369,"nach":0.68515519884804743},"geometry":{"type":"LineString","coordinates":[[-2.2174717,53.8377178],[-2.2171338,53.837576]]}},
{"type":"Feature","properties":{"id":3662,"nach":0.68081721557523966},"geometry":{"type":"LineString","coordinates":[[-2.2171338,53.837576],[-2.2169471,53.8375065]]}},
{"type":"Feature","properties":{"id":25381,"nach":0.78227221858828611},"geometry":{"type":"LineString","coordinates":[[-2.2172892,53.8374414],[-2.2171338,53.837576]]}},
{"type":"Feature","properties":{"id":3670,"nach":0.77930267318681579},"geometry":{"type":"LineString","coordinates":[[-2.2168138,53.8378473],[-2.2171338,53.837576]]}},
{"type":"Feature","properties":{"id":25368,"nach":0.67705191896435479},"geometry":{"type":"LineString","coordinates":[[-2.2174717,53.8377178],[-2.2180839,53.8379763]]}},
{"type":"Feature","properties":{"id":25374,"nach":0.56965739942818305},"geometry":{"type":"LineString","coordinates":[[-2.2172963,53.8378601],[-2.2174717,53.8377178]]}},
{"type":"Feature","properties":{"id":25341,"nach":0.66505783718069234},"geometry":{"type":"LineString","coordinates":[[-2.2169471,53.8375065],[-2.2161139,53.8371594]]}},
{"type":"Feature","properties":{"id":25343,"nach":0.55505928712667163},"geometry":{"type":"LineString","coordinates":[[-2.2167161,53.8377036],[-2.2169471,53.8375065]]}},
{"type":"Feature","properties":{"id":25382,"nach":0.78275511363502337},"geometry":{"type":"LineString","coordinates":[[-2.2172892,53.8374414],[-2.2175117,53.8372488]]}},
{"type":"Feature","properties":{"id":25383,"nach":0.40774564360121773},"geometry":{"type":"LineString","coordinates":[[-2.2172892,53.8374414],[-2.2184935,53.83796790000001]]}},
{"type":"Feature","properties":{"id":25483,"nach":0.70838687003674161},"geometry":{"type":"LineString","coordinates":[[-2.2171193,53.8379798],[-2.2168138,53.8378473]]}},
{"type":"Feature","properties":{"id":4061,"nach":0.74564284726506347},"geometry":{"type":"LineString","coordinates":[[-2.2164776,53.838111500000011],[-2.2168138,53.8378473]]}},
{"type":"Feature","properties":{"id":37187,"nach":0.61259403415677716},"geometry":{"type":"LineString","coordinates":[[-2.2165335,53.8377342],[-2.2168138,53.8378473]]}},
{"type":"Feature","properties":{"id":25362,"nach":0.66585947424625114},"geometry":{"type":"LineString","coordinates":[[-2.2180839,53.8379763],[-2.2183415,53.8380836]]}},
{"type":"Feature","properties":{"id":25255,"nach":0.68694703240902899},"geometry":{"type":"LineString","coordinates":[[-2.2181362,53.8382488],[-2.2183415,53.8380836]]}},
{"type":"Feature","properties":{"id":25261,"nach":0.73016899089980447},"geometry":{"type":"LineString","coordinates":[[-2.2184935,53.83796790000001],[-2.2183415,53.8380836]]}},
{"type":"Feature","properties":{"id":25371,"nach":0.52233083756872234},"geometry":{"type":"LineString","coordinates":[[-2.2179163,53.8381226],[-2.2180839,53.8379763]]}},
{"type":"Feature","properties":{"id":25258,"nach":0.59106832852056823},"geometry":{"type":"LineString","coordinates":[[-2.2184353,53.8383708],[-2.2181362,53.8382488]]}},
{"type":"Feature","properties":{"id":25361,"nach":0.68489306774401548},"geometry":{"type":"LineString","coordinates":[[-2.2177598,53.8382577],[-2.2179969,53.8383575],[-2.2181362,53.8382488]]}},
{"type":"Feature","properties":{"id":25262,"nach":0.73392514368667527},"geometry":{"type":"LineString","coordinates":[[-2.2184935,53.83796790000001],[-2.21870590000001,53.8377908]]}},
{"type":"Feature","properties":{"id":25264,"nach":0.0},"geometry":{"type":"LineString","coordinates":[[-2.2184935,53.83796790000001],[-2.2188135,53.8381065],[-2.2188189,53.838146],[-2.2185212,53.8383755],[-2.2184353,53.8383708]]}},
{"type":"Feature","properties":{"id":25482,"nach":0.71275265896667983},"geometry":{"type":"LineString","coordinates":[[-2.2171193,53.8379798],[-2.2171436,53.837990300000016]]}},
{"type":"Feature","properties":{"id":25488,"nach":0.74417545331052593},"geometry":{"type":"LineString","coordinates":[[-2.216752,53.8382762],[-2.2171193,53.8379798]]}},
{"type":"Feature","properties":{"id":25486,"nach":0.73015842076984527},"geometry":{"type":"LineString","coordinates":[[-2.2164354,53.8381453],[-2.2164776,53.838111500000011]]}},
{"type":"Feature","properties":{"id":37185,"nach":0.64904254428404695},"geometry":{"type":"LineString","coordinates":[[-2.2161971,53.837999300000014],[-2.2164776,53.838111500000011]]}},
{"type":"Feature","properties":{"id":36647,"nach":0.53766822374500034},"geometry":{"type":"LineString","coordinates":[[-2.2199636,53.8361221],[-2.220098,53.8360333]]}},
{"type":"Feature","properties":{"id":22205,"nach":0.58342090833487847},"geometry":{"type":"LineString","coordinates":[[-2.2189859,53.835258],[-2.218508,53.83502510000001]]}},
{"type":"Feature","properties":{"id":3691,"nach":0.76695457340623119},"geometry":{"type":"LineString","coordinates":[[-2.2178827,53.8352496],[-2.2180816,53.8351864],[-2.2183348,53.8351067],[-2.218508,53.83502510000001]]}},
{"type":"Feature","properties":{"id":22210,"nach":0.44202298458590994},"geometry":{"type":"LineString","coordinates":[[-2.2195393,53.8355276],[-2.2193946,53.8356158],[-2.2191995,53.8357403],[-2.2191161,53.8357897],[-2.2190607,53.835791],[-2.2190136,53.8357746],[-2.2189723,53.8357534],[-2.2188348,53.83565],[-2.2186907,53.8355313],[-2.2186798,53.83549510000001],[-2.2187095,53.8354698],[-2.2187486,53.8354402],[-2.2188565,53.8353556],[-2.2189859,53.835258]]}},
{"type":"Feature","properties":{"id":24885,"nach":0.57133647265079435},"geometry":{"type":"LineString","coordinates":[[-2.2191833,53.8351086],[-2.2189859,53.835258]]}},
{"type":"Feature","properties":{"id":13287,"nach":0.76749108646531528},"geometry":{"type":"LineString","coordinates":[[-2.217559,53.8353289],[-2.2178827,53.8352496]]}},
{"type":"Feature","properties":{"id":25147,"nach":0.675027224491346},"geometry":{"type":"LineString","coordinates":[[-2.2181342,53.8354431],[-2.2178827,53.8352496]]}},
{"type":"Feature","properties":{"id":38307,"nach":0.69709183619804749},"geometry":{"type":"LineString","coordinates":[[-2.2193296,53.836837100000011],[-2.2196562,53.8369802]]}},
{"type":"Feature","properties":{"id":25469,"nach":0.68908975591720711},"geometry":{"type":"LineString","coordinates":[[-2.2194759,53.8371261],[-2.2196562,53.8369802]]}},
{"type":"Feature","properties":{"id":38304,"nach":0.54246450703423454},"geometry":{"type":"LineString","coordinates":[[-2.2198968,53.836811],[-2.2197258,53.8369234],[-2.2196562,53.8369802]]}},
{"type":"Feature","properties":{"id":38306,"nach":0.70796130359294018},"geometry":{"type":"LineString","coordinates":[[-2.2193296,53.836837100000011],[-2.2188931,53.8366459]]}},
{"type":"Feature","properties":{"id":38308,"nach":0.53562119938165098},"geometry":{"type":"LineString","coordinates":[[-2.2193296,53.836837100000011],[-2.2193845,53.8367908],[-2.2194971,53.8367081],[-2.2196339,53.8366476],[-2.2196802,53.8366314],[-2.2195253,53.8364865],[-2.2193804,53.8365451],[-2.2192725,53.8366096],[-2.2191746,53.8366792]]}},
{"type":"Feature","properties":{"id":26070,"nach":0.69244120335558546},"geometry":{"type":"LineString","coordinates":[[-2.2194558,53.8371424],[-2.2194759,53.8371261]]}},
{"type":"Feature","properties":{"id":25473,"nach":0.51121256208494503},"geometry":{"type":"LineString","coordinates":[[-2.21864380000001,53.8367515],[-2.2194759,53.8371261]]}},
{"type":"Feature","properties":{"id":25151,"nach":0.73533552279661973},"geometry":{"type":"LineString","coordinates":[[-2.2184386,53.8363228],[-2.2186558,53.8364934]]}},
{"type":"Feature","properties":{"id":3687,"nach":0.77520243555722856},"geometry":{"type":"LineString","coordinates":[[-2.2191914,53.8362567],[-2.2186558,53.8364934]]}},
{"type":"Feature","properties":{"id":25467,"nach":0.71975617126108171},"geometry":{"type":"LineString","coordinates":[[-2.2188931,53.8366459],[-2.2186846,53.8365145],[-2.2186558,53.8364934]]}},
{"type":"Feature","properties":{"id":3692,"nach":0.74557971963442704},"geometry":{"type":"LineString","coordinates":[[-2.2180865,53.83675190000001],[-2.2186558,53.8364934]]}},
{"type":"Feature","properties":{"id":25414,"nach":0.6932181163435237},"geometry":{"type":"LineString","coordinates":[[-2.21775,53.8357847],[-2.2184386,53.8363228]]}},
{"type":"Feature","properties":{"id":25158,"nach":0.54802236925803571},"geometry":{"type":"LineString","coordinates":[[-2.2186777,53.8362125],[-2.2184386,53.8363228]]}},
{"type":"Feature","properties":{"id":25419,"nach":0.66690601172860531},"geometry":{"type":"LineString","coordinates":[[-2.2181229,53.8364524],[-2.2184386,53.8363228]]}},
{"type":"Feature","properties":{"id":25155,"nach":0.62993473577698245},"geometry":{"type":"LineString","coordinates":[[-2.2189629,53.8360809],[-2.2191914,53.8362567]]}},
{"type":"Feature","properties":{"id":25471,"nach":0.65037545800184238},"geometry":{"type":"LineString","coordinates":[[-2.21864380000001,53.8367515],[-2.2188931,53.8366459]]}},
{"type":"Feature","properties":{"id":20020,"nach":0.46369263569135627},"geometry":{"type":"LineString","coordinates":[[-2.2172336,53.835372],[-2.2173171,53.8354417]]}},
{"type":"Feature","properties":{"id":25406,"nach":0.71175444311836822},"geometry":{"type":"LineString","coordinates":[[-2.2175567,53.835633400000013],[-2.2173171,53.8354417]]}},
{"type":"Feature","properties":{"id":13289,"nach":0.68993789395867755},"geometry":{"type":"LineString","coordinates":[[-2.217559,53.8353289],[-2.2173171,53.8354417]]}},
{"type":"Feature","properties":{"id":20021,"nach":0.76232114737362355},"geometry":{"type":"LineString","coordinates":[[-2.2172336,53.835372],[-2.217559,53.8353289]]}},
{"type":"Feature","properties":{"id":25407,"nach":0.70577046802716481},"geometry":{"type":"LineString","coordinates":[[-2.2175567,53.835633400000013],[-2.2176233,53.8356823]]}},
{"type":"Feature","properties":{"id":25409,"nach":0.5939646356218734},"geometry":{"type":"LineString","coordinates":[[-2.216949,53.8359077],[-2.2175567,53.835633400000013]]}},
{"type":"Feature","properties":{"id":25154,"nach":0.61776990720577729},"geometry":{"type":"LineString","coordinates":[[-2.2189629,53.8360809],[-2.2181342,53.8354431]]}},
{"type":"Feature","properties":{"id":25157,"nach":0.55015752928584283},"geometry":{"type":"LineString","coordinates":[[-2.2186777,53.8362125],[-2.2189629,53.8360809]]}},
{"type":"Feature","properties":{"id":13288,"nach":0.71164149276051003},"geometry":{"type":"LineString","coordinates":[[-2.217559,53.8353289],[-2.2172217,53.8349427]]}},
{"type":"Feature","properties":{"id":25160,"nach":0.63346639694877505},"geometry":{"type":"LineString","coordinates":[[-2.2178499,53.8355765],[-2.2181342,53.8354431]]}},
{"type":"Feature","properties":{"id":3693,"nach":0.77330530720860546},"geometry":{"type":"LineString","coordinates":[[-2.2180865,53.83675190000001],[-2.2177332,53.8370465]]}},
{"type":"Feature","properties":{"id":25462,"nach":0.70676860701257582},"geometry":{"type":"LineString","coordinates":[[-2.2178753,53.836591299999988],[-2.2180865,53.83675190000001]]}},
{"type":"Feature","properties":{"id":25463,"nach":0.6767927748585254},"geometry":{"type":"LineString","coordinates":[[-2.218376,53.8368772],[-2.2180865,53.83675190000001]]}},
{"type":"Feature","properties":{"id":25454,"nach":0.77969748448053611},"geometry":{"type":"LineString","coordinates":[[-2.2177332,53.8370465],[-2.2175117,53.8372488]]}},
{"type":"Feature","properties":{"id":25459,"nach":0.5701864739039415},"geometry":{"type":"LineString","coordinates":[[-2.2174197,53.8367969],[-2.2177332,53.8370465]]}},
{"type":"Feature","properties":{"id":37167,"nach":0.66513814713672581},"geometry":{"type":"LineString","coordinates":[[-2.2191321,53.8379721],[-2.219583,53.8375377],[-2.2197032,53.83751010000001],[-2.2198055,53.837408300000014],[-2.2197767,53.837306499999983],[-2.2197352,53.8372631],[-2.2194558,53.8371424]]}},
{"type":"Feature","properties":{"id":25472,"nach":0.6639455552434127},"geometry":{"type":"LineString","coordinates":[[-2.21864380000001,53.8367515],[-2.218376,53.8368772]]}},
{"type":"Feature","properties":{"id":3702,"nach":0.51374027551924306},"geometry":{"type":"LineString","coordinates":[[-2.221021,53.8388308],[-2.2206533,53.8390346]]}},
{"type":"Feature","properties":{"id":3712,"nach":0.56032054383455188},"geometry":{"type":"LineString","coordinates":[[-2.2201592,53.8386989],[-2.2206533,53.8390346]]}},
{"type":"Feature","properties":{"id":26300,"nach":0.55834554690676452},"geometry":{"type":"LineString","coordinates":[[-2.2208742,53.8391719],[-2.2206533,53.8390346]]}},
{"type":"Feature","properties":{"id":3705,"nach":0.53598677703922404},"geometry":{"type":"LineString","coordinates":[[-2.2211904,53.8386324],[-2.221021,53.8388308]]}},
{"type":"Feature","properties":{"id":26304,"nach":0.58620573819849098},"geometry":{"type":"LineString","coordinates":[[-2.2213492,53.8389293],[-2.221021,53.8388308]]}},
{"type":"Feature","properties":{"id":26295,"nach":0.5993023831651505},"geometry":{"type":"LineString","coordinates":[[-2.2202382,53.83859420000001],[-2.221021,53.8388308]]}},
{"type":"Feature","properties":{"id":26294,"nach":0.73756997003206004},"geometry":{"type":"LineString","coordinates":[[-2.2202382,53.83859420000001],[-2.2201592,53.8386989]]}},
{"type":"Feature","properties":{"id":26287,"nach":0.73138474125103947},"geometry":{"type":"LineString","coordinates":[[-2.2200139,53.8389633],[-2.2201592,53.8386989]]}},
{"type":"Feature","properties":{"id":26301,"nach":0.5754613875667749},"geometry":{"type":"LineString","coordinates":[[-2.2208742,53.8391719],[-2.2211721,53.839357]]}},
{"type":"Feature","properties":{"id":26305,"nach":0.48983064516228841},"geometry":{"type":"LineString","coordinates":[[-2.2213492,53.8389293],[-2.2208742,53.8391719]]}},
{"type":"Feature","properties":{"id":3755,"nach":0.69575257836125826},"geometry":{"type":"LineString","coordinates":[[-2.221427,53.8387051],[-2.2211904,53.8386324]]}},
{"type":"Feature","properties":{"id":3773,"nach":0.68985202595008133},"geometry":{"type":"LineString","coordinates":[[-2.2203978,53.8383828],[-2.2211904,53.8386324]]}},
{"type":"Feature","properties":{"id":26303,"nach":0.58022303141350706},"geometry":{"type":"LineString","coordinates":[[-2.2213492,53.8389293],[-2.2217233,53.8390416]]}},
{"type":"Feature","properties":{"id":26293,"nach":0.74133742202754094},"geometry":{"type":"LineString","coordinates":[[-2.2202382,53.83859420000001],[-2.2203978,53.8383828]]}},
{"type":"Feature","properties":{"id":26296,"nach":0.0},"geometry":{"type":"LineString","coordinates":[[-2.2202382,53.83859420000001],[-2.2199552,53.8385205],[-2.2197752,53.8388086],[-2.21979730000001,53.839057800000013],[-2.219941,53.8390867]]}},
{"type":"Feature","properties":{"id":26224,"nach":0.62402161162547742},"geometry":{"type":"LineString","coordinates":[[-2.221639,53.838455400000015],[-2.221427,53.8387051]]}},
{"type":"Feature","properties":{"id":3763,"nach":0.70868991846642504},"geometry":{"type":"LineString","coordinates":[[-2.2219777,53.8388673],[-2.221427,53.8387051]]}},
{"type":"Feature","properties":{"id":26221,"nach":0.70221834407756301},"geometry":{"type":"LineString","coordinates":[[-2.2206142,53.8381475],[-2.2203978,53.8383828]]}},
{"type":"Feature","properties":{"id":37166,"nach":0.83394261259124025},"geometry":{"type":"LineString","coordinates":[[-2.2203978,53.8383828],[-2.21964560568683,53.838147552218281]]}},
{"type":"Feature","properties":{"id":26297,"nach":0.70021794900644396},"geometry":{"type":"LineString","coordinates":[[-2.2217233,53.8390416],[-2.2211721,53.839357]]}},
{"type":"Feature","properties":{"id":26283,"nach":0.67814103148036231},"geometry":{"type":"LineString","coordinates":[[-2.2208836,53.8395062],[-2.2211721,53.839357]]}},
{"type":"Feature","properties":{"id":26282,"nach":0.63526560975497359},"geometry":{"type":"LineString","coordinates":[[-2.2211789,53.8396901],[-2.2213757,53.8394944],[-2.2211721,53.839357]]}},
{"type":"Feature","properties":{"id":26299,"nach":0.71249042309387578},"geometry":{"type":"LineString","coordinates":[[-2.2217233,53.8390416],[-2.2218916,53.8389454],[-2.2219777,53.8388673]]}},
{"type":"Feature","properties":{"id":26284,"nach":0.68313424202444184},"geometry":{"type":"LineString","coordinates":[[-2.2208836,53.8395062],[-2.220632,53.8396368]]}},
{"type":"Feature","properties":{"id":26286,"nach":0.52072031290430187},"geometry":{"type":"LineString","coordinates":[[-2.2208836,53.8395062],[-2.2211789,53.8396901]]}},
{"type":"Feature","properties":{"id":26289,"nach":0.49999047005363284},"geometry":{"type":"LineString","coordinates":[[-2.2200139,53.8389633],[-2.2208836,53.8395062]]}},
{"type":"Feature","properties":{"id":26281,"nach":0.63787403567495649},"geometry":{"type":"LineString","coordinates":[[-2.2211789,53.8396901],[-2.2209918,53.8398762]]}},
{"type":"Feature","properties":{"id":26290,"nach":0.72712190170944913},"geometry":{"type":"LineString","coordinates":[[-2.219941,53.8390867],[-2.2200139,53.8389633]]}},
{"type":"Feature","properties":{"id":3718,"nach":0.41915415017147994},"geometry":{"type":"LineString","coordinates":[[-2.2201178,53.8399177],[-2.22062730000001,53.840253100000012]]}},
{"type":"Feature","properties":{"id":3729,"nach":0.69007623656870909},"geometry":{"type":"LineString","coordinates":[[-2.2209918,53.8398762],[-2.22062730000001,53.840253100000012]]}},
{"type":"Feature","properties":{"id":4136,"nach":0.695480518177368},"geometry":{"type":"LineString","coordinates":[[-2.2204235,53.8404354],[-2.2204717,53.8404012],[-2.22062730000001,53.840253100000012]]}},
{"type":"Feature","properties":{"id":3734,"nach":0.68493682646458143},"geometry":{"type":"LineString","coordinates":[[-2.220632,53.8396368],[-2.2201178,53.8399177]]}},
{"type":"Feature","properties":{"id":26273,"nach":0.68533678296560474},"geometry":{"type":"LineString","coordinates":[[-2.21986060000001,53.8400586],[-2.2201178,53.8399177]]}},
{"type":"Feature","properties":{"id":3732,"nach":0.64873420788323399},"geometry":{"type":"LineString","coordinates":[[-2.220632,53.8396368],[-2.2209918,53.8398762]]}},
{"type":"Feature","properties":{"id":4134,"nach":0.70582827290667649},"geometry":{"type":"LineString","coordinates":[[-2.2204235,53.8404354],[-2.220316,53.8405215]]}},
{"type":"Feature","properties":{"id":26232,"nach":0.51375931130647157},"geometry":{"type":"LineString","coordinates":[[-2.219743,53.8401231],[-2.22039550000001,53.84036780000001],[-2.2204235,53.8404354]]}},
{"type":"Feature","properties":{"id":26271,"nach":0.66341953393208097},"geometry":{"type":"LineString","coordinates":[[-2.220426,53.8395094],[-2.220632,53.8396368]]}},
{"type":"Feature","properties":{"id":26274,"nach":0.71272526948271153},"geometry":{"type":"LineString","coordinates":[[-2.21986060000001,53.8400586],[-2.219743,53.8401231]]}},
{"type":"Feature","properties":{"id":26279,"nach":0.61632968122609078},"geometry":{"type":"LineString","coordinates":[[-2.2196504,53.8399311],[-2.21986060000001,53.8400586]]}},
{"type":"Feature","properties":{"id":3721,"nach":0.66583559024341832},"geometry":{"type":"LineString","coordinates":[[-2.21870590000001,53.8377908],[-2.2189289,53.8375895]]}},
{"type":"Feature","properties":{"id":37165,"nach":0.76695678970942882},"geometry":{"type":"LineString","coordinates":[[-2.2191321,53.8379721],[-2.21870590000001,53.8377908]]}},
{"type":"Feature","properties":{"id":3726,"nach":0.70611126461923812},"geometry":{"type":"LineString","coordinates":[[-2.2180842,53.8375173],[-2.21870590000001,53.8377908]]}},
{"type":"Feature","properties":{"id":25478,"nach":0.5516103703202383},"geometry":{"type":"LineString","coordinates":[[-2.2183189,53.83732770000001],[-2.2189289,53.8375895]]}},
{"type":"Feature","properties":{"id":37166,"nach":0.83394261259124025},"geometry":{"type":"LineString","coordinates":[[-2.21964560568683,53.838147552218281],[-2.2191321,53.8379721]]}},
{"type":"Feature","properties":{"id":25476,"nach":0.62987518760256422},"geometry":{"type":"LineString","coordinates":[[-2.2183189,53.83732770000001],[-2.2180842,53.8375173]]}},
{"type":"Feature","properties":{"id":3794,"nach":0.72992602754461655},"geometry":{"type":"LineString","coordinates":[[-2.2175117,53.8372488],[-2.2175552,53.8372886],[-2.2180842,53.8375173]]}},
{"type":"Feature","properties":{"id":3792,"nach":0.68930588470652776},"geometry":{"type":"LineString","coordinates":[[-2.2175117,53.8372488],[-2.21681890000001,53.836758400000015]]}},
{"type":"Feature","properties":{"id":26270,"nach":0.65585003551627374},"geometry":{"type":"LineString","coordinates":[[-2.220426,53.8395094],[-2.2198878,53.839176700000017]]}},
{"type":"Feature","properties":{"id":26276,"nach":0.5271705222067532},"geometry":{"type":"LineString","coordinates":[[-2.2196504,53.8399311],[-2.220426,53.8395094]]}},
{"type":"Feature","properties":{"id":26291,"nach":0.72665318521307209},"geometry":{"type":"LineString","coordinates":[[-2.219941,53.8390867],[-2.2198878,53.839176700000017]]}},
{"type":"Feature","properties":{"id":3770,"nach":0.6927395137431942},"geometry":{"type":"LineString","coordinates":[[-2.2193927,53.839774800000015],[-2.219493,53.8397115],[-2.2196013,53.8396197],[-2.2197402,53.8394496],[-2.2198541,53.8392367],[-2.2198878,53.839176700000017]]}},
{"type":"Feature","properties":{"id":26278,"nach":0.63015700514542305},"geometry":{"type":"LineString","coordinates":[[-2.2196504,53.8399311],[-2.2193927,53.839774800000015]]}},
{"type":"Feature","properties":{"id":26228,"nach":0.65649542601253996},"geometry":{"type":"LineString","coordinates":[[-2.2224065,53.8384929],[-2.2224826,53.838514399999987]]}},
{"type":"Feature","properties":{"id":26209,"nach":0.52409114384398625},"geometry":{"type":"LineString","coordinates":[[-2.2227006,53.8383516],[-2.2224826,53.838514399999987]]}},
{"type":"Feature","properties":{"id":3797,"nach":0.6600996417062962},"geometry":{"type":"LineString","coordinates":[[-2.2222349,53.838933700000013],[-2.222233,53.8388306],[-2.2222724,53.8386942],[-2.2224826,53.838514399999987]]}},
{"type":"Feature","properties":{"id":26227,"nach":0.63731053466371657},"geometry":{"type":"LineString","coordinates":[[-2.2224065,53.8384929],[-2.2217845,53.8382841]]}},
{"type":"Feature","properties":{"id":26229,"nach":0.54206261922135146},"geometry":{"type":"LineString","coordinates":[[-2.2224065,53.8384929],[-2.222212,53.8386105],[-2.2221384,53.8386058],[-2.221639,53.838455400000015]]}},
{"type":"Feature","properties":{"id":26214,"nach":0.14661733294242815},"geometry":{"type":"LineString","coordinates":[[-2.2219373,53.838094800000015],[-2.2227006,53.8383516]]}},
{"type":"Feature","properties":{"id":37164,"nach":0.4107134832215002},"geometry":{"type":"LineString","coordinates":[[-2.2221086,53.8378826],[-2.2228677,53.838167099999986],[-2.2227006,53.8383516]]}},
{"type":"Feature","properties":{"id":3796,"nach":0.74276324879119571},"geometry":{"type":"LineString","coordinates":[[-2.2222349,53.838933700000013],[-2.2219777,53.8388673]]}},
{"type":"Feature","properties":{"id":14281,"nach":0.84003733558738169},"geometry":{"type":"LineString","coordinates":[[-2.2222349,53.838933700000013],[-2.222681753183213,53.839054263372248]]}},
{"type":"Feature","properties":{"id":3746,"nach":0.44762503821872746},"geometry":{"type":"LineString","coordinates":[[-2.2207935,53.8379561],[-2.2217845,53.8382841]]}},
{"type":"Feature","properties":{"id":26212,"nach":0.68863066798094408},"geometry":{"type":"LineString","coordinates":[[-2.2219373,53.838094800000015],[-2.2217845,53.8382841]]}},
{"type":"Feature","properties":{"id":26223,"nach":0.65410952829763935},"geometry":{"type":"LineString","coordinates":[[-2.221639,53.838455400000015],[-2.2217845,53.8382841]]}},
{"type":"Feature","properties":{"id":3749,"nach":0.53865158459727003},"geometry":{"type":"LineString","coordinates":[[-2.2201227,53.8377421],[-2.2207935,53.8379561]]}},
{"type":"Feature","properties":{"id":26215,"nach":0.63553591812423615},"geometry":{"type":"LineString","coordinates":[[-2.2209698,53.8377694],[-2.2207935,53.8379561]]}},
{"type":"Feature","properties":{"id":26220,"nach":0.65490843024860712},"geometry":{"type":"LineString","coordinates":[[-2.2206142,53.8381475],[-2.2207935,53.8379561]]}},
{"type":"Feature","properties":{"id":37163,"nach":0.67900222243740826},"geometry":{"type":"LineString","coordinates":[[-2.2221086,53.8378826],[-2.2219373,53.838094800000015]]}},
{"type":"Feature","properties":{"id":26217,"nach":0.44682400242709452},"geometry":{"type":"LineString","coordinates":[[-2.2209698,53.8377694],[-2.2219373,53.838094800000015]]}},
{"type":"Feature","properties":{"id":26225,"nach":0.62835381693552561},"geometry":{"type":"LineString","coordinates":[[-2.221639,53.838455400000015],[-2.2206142,53.8381475]]}},
{"type":"Feature","properties":{"id":26218,"nach":0.61168541585309644},"geometry":{"type":"LineString","coordinates":[[-2.2209698,53.8377694],[-2.2216635,53.8370347],[-2.2219595,53.837110400000014],[-2.2220856,53.83714530000001]]}},
{"type":"Feature","properties":{"id":26219,"nach":0.53605199862065822},"geometry":{"type":"LineString","coordinates":[[-2.22030780000001,53.8375473],[-2.2209698,53.8377694]]}},
{"type":"Feature","properties":{"id":3756,"nach":0.6704182673323289},"geometry":{"type":"LineString","coordinates":[[-2.2223878,53.8375367],[-2.2226266,53.8372407]]}},
{"type":"Feature","properties":{"id":16406,"nach":0.47167799793410425},"geometry":{"type":"LineString","coordinates":[[-2.2220856,53.83714530000001],[-2.2225326,53.8372286],[-2.2226266,53.8372407]]}},
{"type":"Feature","properties":{"id":16411,"nach":0.67072328893897226},"geometry":{"type":"LineString","coordinates":[[-2.2232564,53.8372369],[-2.22276740000001,53.837244200000015],[-2.2226266,53.8372407]]}},
{"type":"Feature","properties":{"id":37162,"nach":0.67471725884055367},"geometry":{"type":"LineString","coordinates":[[-2.2221086,53.8378826],[-2.2223878,53.8375367]]}},
{"type":"Feature","properties":{"id":16412,"nach":0.0},"geometry":{"type":"LineString","coordinates":[[-2.2232564,53.8372369],[-2.2235307,53.837234],[-2.2230675,53.837757],[-2.2223878,53.8375367]]}},
{"type":"Feature","properties":{"id":36634,"nach":0.67739175700393428},"geometry":{"type":"LineString","coordinates":[[-2.2229769,53.8371881],[-2.2231781,53.8372051],[-2.2232564,53.8372369]]}},
{"type":"Feature","properties":{"id":26231,"nach":0.70973362358878422},"geometry":{"type":"LineString","coordinates":[[-2.219743,53.8401231],[-2.219363,53.8403326]]}},
{"type":"Feature","properties":{"id":4124,"nach":0.75090538381345251},"geometry":{"type":"LineString","coordinates":[[-2.2195262,53.840365500000011],[-2.219363,53.8403326]]}},
{"type":"Feature","properties":{"id":26268,"nach":0.76091885967870099},"geometry":{"type":"LineString","coordinates":[[-2.2190378,53.8402642],[-2.219363,53.8403326]]}},
{"type":"Feature","properties":{"id":4125,"nach":0.69092485014766403},"geometry":{"type":"LineString","coordinates":[[-2.2195262,53.840365500000011],[-2.220316,53.8405215]]}},
{"type":"Feature","properties":{"id":26258,"nach":0.70176866128183846},"geometry":{"type":"LineString","coordinates":[[-2.2194091,53.8405645],[-2.2195262,53.840365500000011]]}},
{"type":"Feature","properties":{"id":26267,"nach":0.76487691042595063},"geometry":{"type":"LineString","coordinates":[[-2.2190378,53.8402642],[-2.2187052,53.8401942]]}},
{"type":"Feature","properties":{"id":26277,"nach":0.53704583035918041},"geometry":{"type":"LineString","coordinates":[[-2.2196504,53.8399311],[-2.2190378,53.8402642]]}},
{"type":"Feature","properties":{"id":19202,"nach":0.83045788018337907},"geometry":{"type":"LineString","coordinates":[[-2.2187052,53.8401942],[-2.218275242339701,53.840077770818588]]}},
{"type":"Feature","properties":{"id":3778,"nach":0.65662383055159557},"geometry":{"type":"LineString","coordinates":[[-2.217393,53.8393191],[-2.2174921,53.8394872]]}},
{"type":"Feature","properties":{"id":19201,"nach":0.76161164613531762},"geometry":{"type":"LineString","coordinates":[[-2.2174921,53.8394872],[-2.2172686,53.8394344]]}},
{"type":"Feature","properties":{"id":19202,"nach":0.83045788018337907},"geometry":{"type":"LineString","coordinates":[[-2.218275242339701,53.840077770818588],[-2.2174921,53.8394872]]}},
{"type":"Feature","properties":{"id":3775,"nach":0.7291579648127311},"geometry":{"type":"LineString","coordinates":[[-2.2171232,53.839211],[-2.2171862,53.8392043],[-2.2172496,53.8392095],[-2.2173071,53.8392261]]}},
{"type":"Feature","properties":{"id":3783,"nach":0.62239864576219273},"geometry":{"type":"LineString","coordinates":[[-2.2170052,53.8393728],[-2.2169883,53.839334700000016],[-2.2169934,53.8392954],[-2.2170198,53.8392592],[-2.2170647,53.83923],[-2.2171232,53.839211]]}},
{"type":"Feature","properties":{"id":19200,"nach":0.71190085121588131},"geometry":{"type":"LineString","coordinates":[[-2.2167742,53.8391605],[-2.2171232,53.839211]]}},
{"type":"Feature","properties":{"id":3780,"nach":0.66196381378483304},"geometry":{"type":"LineString","coordinates":[[-2.2173071,53.8392261],[-2.2173516,53.8392513],[-2.2173812,53.8392833],[-2.217393,53.8393191]]}},
{"type":"Feature","properties":{"id":19210,"nach":0.73981126084605331},"geometry":{"type":"LineString","coordinates":[[-2.2175379,53.83896270000001],[-2.2174201,53.8391208],[-2.2173071,53.8392261]]}},
{"type":"Feature","properties":{"id":3776,"nach":0.73752644953300039},"geometry":{"type":"LineString","coordinates":[[-2.2153542,53.8384528],[-2.2154672,53.8381461]]}},
{"type":"Feature","properties":{"id":3777,"nach":0.78427336315967155},"geometry":{"type":"LineString","coordinates":[[-2.2153542,53.8384528],[-2.2153276,53.838524800000016]]}},
{"type":"Feature","properties":{"id":22472,"nach":0.72534753368042848},"geometry":{"type":"LineString","coordinates":[[-2.2145446,53.83837650000001],[-2.2153542,53.8384528]]}},
{"type":"Feature","properties":{"id":4069,"nach":0.7452861075188455},"geometry":{"type":"LineString","coordinates":[[-2.2154672,53.8381461],[-2.2155173,53.8380485]]}},
{"type":"Feature","properties":{"id":37183,"nach":0.58489093165825778},"geometry":{"type":"LineString","coordinates":[[-2.2157584,53.8382764],[-2.2154672,53.8381461]]}},
{"type":"Feature","properties":{"id":19197,"nach":0.77229901198988671},"geometry":{"type":"LineString","coordinates":[[-2.2153276,53.838524800000016],[-2.2154398,53.838579200000012]]}},
{"type":"Feature","properties":{"id":19198,"nach":0.74615006663103167},"geometry":{"type":"LineString","coordinates":[[-2.2153276,53.838524800000016],[-2.2152735,53.838671]]}},
{"type":"Feature","properties":{"id":3779,"nach":0.44048960074839605},"geometry":{"type":"LineString","coordinates":[[-2.217393,53.8393191],[-2.2173862,53.8393551],[-2.2173615,53.839388300000017],[-2.217321,53.8394155],[-2.2172686,53.8394344]]}},
{"type":"Feature","properties":{"id":3786,"nach":0.76352234585403822},"geometry":{"type":"LineString","coordinates":[[-2.2172686,53.8394344],[-2.2172081,53.8394432],[-2.2171459,53.8394407]]}},
{"type":"Feature","properties":{"id":19209,"nach":0.72628667545035253},"geometry":{"type":"LineString","coordinates":[[-2.2175379,53.83896270000001],[-2.2176044,53.8388733],[-2.2176417,53.8388233]]}},
{"type":"Feature","properties":{"id":19211,"nach":0.54668701167579592},"geometry":{"type":"LineString","coordinates":[[-2.2175379,53.83896270000001],[-2.2176223,53.8389875],[-2.21767360000001,53.8391075]]}},
{"type":"Feature","properties":{"id":3782,"nach":0.7641072205740127},"geometry":{"type":"LineString","coordinates":[[-2.2170052,53.8393728],[-2.2167742,53.8391605]]}},
{"type":"Feature","properties":{"id":3785,"nach":0.72500216037449472},"geometry":{"type":"LineString","coordinates":[[-2.2171459,53.8394407],[-2.2170877,53.8394272],[-2.2170392,53.8394038],[-2.2170052,53.8393728]]}},
{"type":"Feature","properties":{"id":3813,"nach":0.72049857675625684},"geometry":{"type":"LineString","coordinates":[[-2.2167758,53.8394734],[-2.2170052,53.8393728]]}},
{"type":"Feature","properties":{"id":25479,"nach":0.79414478370838915},"geometry":{"type":"LineString","coordinates":[[-2.2160401,53.8388509],[-2.2167742,53.8391605]]}},
{"type":"Feature","properties":{"id":3784,"nach":0.69752248994435584},"geometry":{"type":"LineString","coordinates":[[-2.2171459,53.8394407],[-2.2167758,53.8394734]]}},
{"type":"Feature","properties":{"id":25492,"nach":0.75937063295473006},"geometry":{"type":"LineString","coordinates":[[-2.2165686,53.8395542],[-2.2167758,53.8394734]]}},
{"type":"Feature","properties":{"id":20025,"nach":0.72754623869362289},"geometry":{"type":"LineString","coordinates":[[-2.2164192,53.835534],[-2.216291,53.835494]]}},
{"type":"Feature","properties":{"id":20027,"nach":0.69974908251794909},"geometry":{"type":"LineString","coordinates":[[-2.2163266,53.8355755],[-2.216291,53.835494]]}},
{"type":"Feature","properties":{"id":3788,"nach":0.69351151613457096},"geometry":{"type":"LineString","coordinates":[[-2.2163028,53.8356724],[-2.2163266,53.8355755]]}},
{"type":"Feature","properties":{"id":3789,"nach":0.70777350272817829},"geometry":{"type":"LineString","coordinates":[[-2.2163028,53.8356724],[-2.2164215,53.8356127]]}},
{"type":"Feature","properties":{"id":19689,"nach":0.75273503800572972},"geometry":{"type":"LineString","coordinates":[[-2.2158753,53.8358887],[-2.2159044,53.835861],[-2.2159426,53.8358359],[-2.2163028,53.8356724]]}},
{"type":"Feature","properties":{"id":20035,"nach":0.55355661327852368},"geometry":{"type":"LineString","coordinates":[[-2.2163976,53.8355725],[-2.2163266,53.8355755]]}},
{"type":"Feature","properties":{"id":20034,"nach":0.58609421946156459},"geometry":{"type":"LineString","coordinates":[[-2.2163976,53.8355725],[-2.2164215,53.8356127]]}},
{"type":"Feature","properties":{"id":3790,"nach":0.72037800752819625},"geometry":{"type":"LineString","coordinates":[[-2.2163228,53.836377400000011],[-2.2160991,53.8362053]]}},
{"type":"Feature","properties":{"id":14364,"nach":0.54806509605375842},"geometry":{"type":"LineString","coordinates":[[-2.2153736,53.8369505],[-2.2157197,53.836645],[-2.2163228,53.836377400000011]]}},
{"type":"Feature","properties":{"id":4053,"nach":0.71878484427781508},"geometry":{"type":"LineString","coordinates":[[-2.21681890000001,53.836758400000015],[-2.2163228,53.836377400000011]]}},
{"type":"Feature","properties":{"id":19684,"nach":0.74830374158041579},"geometry":{"type":"LineString","coordinates":[[-2.2160991,53.8362053],[-2.2160833,53.836193]]}},
{"type":"Feature","properties":{"id":19685,"nach":0.66590291701467574},"geometry":{"type":"LineString","coordinates":[[-2.2160991,53.8362053],[-2.216463,53.8360566]]}},
{"type":"Feature","properties":{"id":4052,"nach":0.73110239847496838},"geometry":{"type":"LineString","coordinates":[[-2.2161139,53.8371594],[-2.2162381,53.8370481],[-2.21681890000001,53.836758400000015]]}},
{"type":"Feature","properties":{"id":4054,"nach":0.71074967466484973},"geometry":{"type":"LineString","coordinates":[[-2.21681890000001,53.836758400000015],[-2.2171669,53.8365958]]}},
{"type":"Feature","properties":{"id":21030,"nach":0.66429351440941453},"geometry":{"type":"LineString","coordinates":[[-2.2241933,53.8382278],[-2.2231022,53.839167700000012]]}},
{"type":"Feature","properties":{"id":25378,"nach":0.7206074382832437},"geometry":{"type":"LineString","coordinates":[[-2.2242894,53.8394675],[-2.2239832,53.8393963],[-2.2231022,53.839167700000012]]}},
{"type":"Feature","properties":{"id":14281,"nach":0.84003733558738169},"geometry":{"type":"LineString","coordinates":[[-2.222509991072669,53.839007921319343],[-2.2231022,53.839167700000012]]}},
{"type":"Feature","properties":{"id":14235,"nach":0.70614827959398974},"geometry":{"type":"LineString","coordinates":[[-2.2264326,53.8395498],[-2.2261424,53.8398412]]}},
{"type":"Feature","properties":{"id":20918,"nach":0.64742680528030883},"geometry":{"type":"LineString","coordinates":[[-2.2258687,53.840095500000018],[-2.2261424,53.8398412]]}},
{"type":"Feature","properties":{"id":19886,"nach":0.73906314887645264},"geometry":{"type":"LineString","coordinates":[[-2.2261424,53.8398412],[-2.225729216024319,53.839750440495216]]}},
{"type":"Feature","properties":{"id":14264,"nach":0.67082915375104324},"geometry":{"type":"LineString","coordinates":[[-2.2268325,53.8391651],[-2.2264326,53.8395498]]}},
{"type":"Feature","properties":{"id":25182,"nach":0.62329769570606752},"geometry":{"type":"LineString","coordinates":[[-2.2268782,53.8397057],[-2.2264326,53.8395498]]}},
{"type":"Feature","properties":{"id":20917,"nach":0.68921852933618377},"geometry":{"type":"LineString","coordinates":[[-2.2258687,53.840095500000018],[-2.2249466,53.84099350000001]]}},
{"type":"Feature","properties":{"id":20919,"nach":0.63766219849060468},"geometry":{"type":"LineString","coordinates":[[-2.2258687,53.840095500000018],[-2.2257196,53.8400486]]}},
{"type":"Feature","properties":{"id":25377,"nach":0.7177414599302695},"geometry":{"type":"LineString","coordinates":[[-2.2242894,53.8394675],[-2.2245306,53.8395236]]}},
{"type":"Feature","properties":{"id":21025,"nach":0.65281129676430216},"geometry":{"type":"LineString","coordinates":[[-2.2245984,53.8394491],[-2.2245306,53.8395236]]}},
{"type":"Feature","properties":{"id":21015,"nach":0.61455828085663033},"geometry":{"type":"LineString","coordinates":[[-2.2243539,53.8396283],[-2.224449,53.8395426],[-2.2245123,53.8395509],[-2.2245306,53.8395236]]}},
{"type":"Feature","properties":{"id":19886,"nach":0.73906314887645264},"geometry":{"type":"LineString","coordinates":[[-2.225729216024319,53.839750440495216],[-2.2245306,53.8395236]]}},
{"type":"Feature","properties":{"id":20144,"nach":0.58792807773782518},"geometry":{"type":"LineString","coordinates":[[-2.2290718,53.8418988],[-2.2292186,53.841860199999985]]}},
{"type":"Feature","properties":{"id":20109,"nach":0.54809351136354445},"geometry":{"type":"LineString","coordinates":[[-2.228351,53.842171300000011],[-2.228614,53.8420901],[-2.2290374,53.8419799],[-2.2292186,53.841860199999985]]}},
{"type":"Feature","properties":{"id":21012,"nach":0.74174989743750686},"geometry":{"type":"LineString","coordinates":[[-2.2202316,53.840612500000013],[-2.220316,53.8405215]]}},
{"type":"Feature","properties":{"id":26255,"nach":0.64520517636070662},"geometry":{"type":"LineString","coordinates":[[-2.2201394,53.8407118],[-2.2202316,53.840612500000013]]}},
{"type":"Feature","properties":{"id":21014,"nach":0.85275048918271379},"geometry":{"type":"LineString","coordinates":[[-2.2202316,53.840612500000013],[-2.220404130716688,53.840858257000122]]}},
{"type":"Feature","properties":{"id":38989,"nach":0.54122375257147004},"geometry":{"type":"LineString","coordinates":[[-2.2168906,53.8399532],[-2.2170753,53.8400407]]}},
{"type":"Feature","properties":{"id":38990,"nach":0.54193554402946065},"geometry":{"type":"LineString","coordinates":[[-2.2168906,53.8399532],[-2.2169908,53.839898]]}},
{"type":"Feature","properties":{"id":38988,"nach":0.62407753917241482},"geometry":{"type":"LineString","coordinates":[[-2.2168906,53.8399532],[-2.2167006,53.8398622]]}},
{"type":"Feature","properties":{"id":38982,"nach":0.68738570456728787},"geometry":{"type":"LineString","coordinates":[[-2.2167006,53.8398622],[-2.2163672,53.8397052]]}},
{"type":"Feature","properties":{"id":4104,"nach":0.7444995528782421},"geometry":{"type":"LineString","coordinates":[[-2.2155575,53.8403607],[-2.2163672,53.8397052]]}},
{"type":"Feature","properties":{"id":25491,"nach":0.75292031109524415},"geometry":{"type":"LineString","coordinates":[[-2.2165686,53.8395542],[-2.2163672,53.8397052]]}},
{"type":"Feature","properties":{"id":38984,"nach":0.62088070973981258},"geometry":{"type":"LineString","coordinates":[[-2.2167006,53.8398622],[-2.2170067,53.839695],[-2.2170335,53.8396863],[-2.2170556,53.839685900000013],[-2.2170811,53.839693]]}},
{"type":"Feature","properties":{"id":21484,"nach":0.72039955559307356},"geometry":{"type":"LineString","coordinates":[[-2.2152574,53.840615],[-2.2155575,53.8403607]]}},
{"type":"Feature","properties":{"id":15278,"nach":0.7104417791574863},"geometry":{"type":"LineString","coordinates":[[-2.2152786,53.8402461],[-2.2155575,53.8403607]]}},
{"type":"Feature","properties":{"id":25495,"nach":0.62814224527230123},"geometry":{"type":"LineString","coordinates":[[-2.2164222,53.8394179],[-2.2165686,53.8395542]]}},
{"type":"Feature","properties":{"id":21483,"nach":0.7211974615649509},"geometry":{"type":"LineString","coordinates":[[-2.2152574,53.840615],[-2.2147232,53.84106220000001]]}},
{"type":"Feature","properties":{"id":3907,"nach":0.79330473341281704},"geometry":{"type":"LineString","coordinates":[[-2.2148099,53.8411765],[-2.2147232,53.84106220000001]]}},
{"type":"Feature","properties":{"id":3890,"nach":0.78013979269731248},"geometry":{"type":"LineString","coordinates":[[-2.2144952,53.8408199],[-2.2147232,53.84106220000001]]}},
{"type":"Feature","properties":{"id":21488,"nach":0.54637520414965057},"geometry":{"type":"LineString","coordinates":[[-2.2157448,53.8408048],[-2.2156693,53.8407749],[-2.2152574,53.840615]]}},
{"type":"Feature","properties":{"id":23004,"nach":0.7299342416138257},"geometry":{"type":"LineString","coordinates":[[-2.2144307,53.8412936],[-2.2148099,53.8411765]]}},
{"type":"Feature","properties":{"id":22960,"nach":0.6885881287186898},"geometry":{"type":"LineString","coordinates":[[-2.2141099,53.8409334],[-2.2144952,53.8408199]]}},
{"type":"Feature","properties":{"id":4113,"nach":0.78058198818932645},"geometry":{"type":"LineString","coordinates":[[-2.214338,53.840646700000015],[-2.2144952,53.8408199]]}},
{"type":"Feature","properties":{"id":3820,"nach":0.53640190544617061},"geometry":{"type":"LineString","coordinates":[[-2.2130597,53.83872980000001],[-2.2129136,53.8392778]]}},
{"type":"Feature","properties":{"id":16909,"nach":0.50335347108995598},"geometry":{"type":"LineString","coordinates":[[-2.2132657,53.839301399999989],[-2.2129136,53.8392778]]}},
{"type":"Feature","properties":{"id":16907,"nach":0.55832898419172594},"geometry":{"type":"LineString","coordinates":[[-2.2124799,53.8392488],[-2.2129136,53.8392778]]}},
{"type":"Feature","properties":{"id":18939,"nach":0.58120179413048567},"geometry":{"type":"LineString","coordinates":[[-2.2129116,53.8387163],[-2.2130597,53.83872980000001]]}},
{"type":"Feature","properties":{"id":18932,"nach":0.60253918576301868},"geometry":{"type":"LineString","coordinates":[[-2.2131573,53.838737],[-2.2130597,53.83872980000001]]}},
{"type":"Feature","properties":{"id":18933,"nach":0.57858014077926889},"geometry":{"type":"LineString","coordinates":[[-2.2131573,53.838737],[-2.2134118,53.838762],[-2.2132657,53.839301399999989]]}},
{"type":"Feature","properties":{"id":16906,"nach":0.70836153232019505},"geometry":{"type":"LineString","coordinates":[[-2.2124799,53.8392488],[-2.2126282,53.8386859]]}},
{"type":"Feature","properties":{"id":16905,"nach":0.72561417700592079},"geometry":{"type":"LineString","coordinates":[[-2.2124799,53.8392488],[-2.2124405,53.8394709]]}},
{"type":"Feature","properties":{"id":29493,"nach":0.54966750333145653},"geometry":{"type":"LineString","coordinates":[[-2.2121424,53.83898],[-2.2121954,53.839092],[-2.2122209,53.8391431],[-2.2122624,53.8392262],[-2.2122847,53.839241],[-2.2124799,53.8392488]]}},
{"type":"Feature","properties":{"id":18938,"nach":0.59774195409499564},"geometry":{"type":"LineString","coordinates":[[-2.2129116,53.8387163],[-2.2126282,53.8386859]]}},
{"type":"Feature","properties":{"id":18943,"nach":0.47805678027831894},"geometry":{"type":"LineString","coordinates":[[-2.2127425,53.8381791],[-2.2129181,53.838401],[-2.2129606,53.8385409],[-2.2129116,53.8387163]]}},
{"type":"Feature","properties":{"id":18937,"nach":0.53370839822351512},"geometry":{"type":"LineString","coordinates":[[-2.2129531,53.8380999],[-2.213111,53.8382924],[-2.2131641,53.8383718],[-2.213203,53.8385493],[-2.2131573,53.838737]]}},
{"type":"Feature","properties":{"id":18945,"nach":0.71787664833891585},"geometry":{"type":"LineString","coordinates":[[-2.2125053,53.83828],[-2.2126131,53.8384146],[-2.2126465,53.838505],[-2.2126282,53.8386859]]}},
{"type":"Feature","properties":{"id":18944,"nach":0.70611773878720319},"geometry":{"type":"LineString","coordinates":[[-2.2125053,53.83828],[-2.2127425,53.8381791]]}},
{"type":"Feature","properties":{"id":37201,"nach":0.753312508016308},"geometry":{"type":"LineString","coordinates":[[-2.2119625,53.8377031],[-2.2120599,53.8378263],[-2.2122274,53.8380868],[-2.2125053,53.83828]]}},
{"type":"Feature","properties":{"id":3872,"nach":0.81422179459907396},"geometry":{"type":"LineString","coordinates":[[-2.2121266,53.839475],[-2.2124405,53.8394709]]}},
{"type":"Feature","properties":{"id":3864,"nach":0.74011199125232652},"geometry":{"type":"LineString","coordinates":[[-2.2124567,53.8396429],[-2.2124405,53.8394709]]}},
{"type":"Feature","properties":{"id":3865,"nach":0.71115211440539994},"geometry":{"type":"LineString","coordinates":[[-2.2124567,53.8396429],[-2.2123654,53.840047]]}},
{"type":"Feature","properties":{"id":3870,"nach":0.6474475624181476},"geometry":{"type":"LineString","coordinates":[[-2.2132672,53.839719100000011],[-2.2131841,53.8396717],[-2.2124567,53.8396429]]}},
{"type":"Feature","properties":{"id":28213,"nach":0.62600909630590473},"geometry":{"type":"LineString","coordinates":[[-2.2125187,53.8409184],[-2.2124618,53.8409327]]}},
{"type":"Feature","properties":{"id":22979,"nach":0.61500045519800861},"geometry":{"type":"LineString","coordinates":[[-2.2131088,53.8407736],[-2.2127764,53.8408537]]}},
{"type":"Feature","properties":{"id":28212,"nach":0.6310786787809366},"geometry":{"type":"LineString","coordinates":[[-2.2125187,53.8409184],[-2.2127764,53.8408537]]}},
{"type":"Feature","properties":{"id":3854,"nach":0.692083141337278},"geometry":{"type":"LineString","coordinates":[[-2.212546,53.8404489],[-2.2127764,53.8408537]]}},
{"type":"Feature","properties":{"id":22971,"nach":0.68266326971709057},"geometry":{"type":"LineString","coordinates":[[-2.2129413,53.8410544],[-2.2127764,53.8408537]]}},
{"type":"Feature","properties":{"id":22978,"nach":0.61914732721626797},"geometry":{"type":"LineString","coordinates":[[-2.2131088,53.8407736],[-2.2138189,53.840602400000016]]}},
{"type":"Feature","properties":{"id":22989,"nach":0.4802324646835387},"geometry":{"type":"LineString","coordinates":[[-2.2129877,53.8405786],[-2.2131088,53.8407736]]}},
{"type":"Feature","properties":{"id":28217,"nach":0.48933257987837325},"geometry":{"type":"LineString","coordinates":[[-2.2122357,53.8405325],[-2.2125187,53.8409184]]}},
{"type":"Feature","properties":{"id":22982,"nach":0.60215891150260092},"geometry":{"type":"LineString","coordinates":[[-2.2128606,53.84037390000001],[-2.212546,53.8404489]]}},
{"type":"Feature","properties":{"id":28215,"nach":0.57623589841646949},"geometry":{"type":"LineString","coordinates":[[-2.2122357,53.8405325],[-2.212546,53.8404489]]}},
{"type":"Feature","properties":{"id":37223,"nach":0.70558003070794673},"geometry":{"type":"LineString","coordinates":[[-2.212444500000011,53.84028090000001],[-2.212546,53.8404489]]}},
{"type":"Feature","properties":{"id":22972,"nach":0.68405976833373838},"geometry":{"type":"LineString","coordinates":[[-2.2129413,53.8410544],[-2.2130959,53.8412319]]}},
{"type":"Feature","properties":{"id":22973,"nach":0.49999508318283986},"geometry":{"type":"LineString","coordinates":[[-2.2129413,53.8410544],[-2.2139722,53.8407767]]}},
{"type":"Feature","properties":{"id":22964,"nach":0.64632388227577631},"geometry":{"type":"LineString","coordinates":[[-2.2138189,53.840602400000016],[-2.2142258,53.8405043]]}},
{"type":"Feature","properties":{"id":4114,"nach":0.77684735907555469},"geometry":{"type":"LineString","coordinates":[[-2.214338,53.840646700000015],[-2.2142258,53.8405043]]}},
{"type":"Feature","properties":{"id":12016,"nach":0.77391618342301383},"geometry":{"type":"LineString","coordinates":[[-2.2140063,53.8401829],[-2.2142258,53.8405043]]}},
{"type":"Feature","properties":{"id":22968,"nach":0.66764451044934559},"geometry":{"type":"LineString","coordinates":[[-2.2139722,53.8407767],[-2.2138189,53.840602400000016]]}},
{"type":"Feature","properties":{"id":22986,"nach":0.67354742434346093},"geometry":{"type":"LineString","coordinates":[[-2.213705,53.8404199],[-2.2138189,53.840602400000016]]}},
{"type":"Feature","properties":{"id":23092,"nach":0.65324803885716831},"geometry":{"type":"LineString","coordinates":[[-2.2145581,53.8404589],[-2.214338,53.840646700000015]]}},
{"type":"Feature","properties":{"id":12017,"nach":0.76139920238833081},"geometry":{"type":"LineString","coordinates":[[-2.2140063,53.8401829],[-2.2139716,53.8401311]]}},
{"type":"Feature","properties":{"id":14367,"nach":0.75990590376573475},"geometry":{"type":"LineString","coordinates":[[-2.214248,53.8399637],[-2.2140632,53.8401313],[-2.2140063,53.8401829]]}},
{"type":"Feature","properties":{"id":22981,"nach":0.61375271246736041},"geometry":{"type":"LineString","coordinates":[[-2.2128606,53.84037390000001],[-2.2135783,53.840217]]}},
{"type":"Feature","properties":{"id":22988,"nach":0.47851486674513349},"geometry":{"type":"LineString","coordinates":[[-2.2129877,53.8405786],[-2.2128606,53.84037390000001]]}},
{"type":"Feature","properties":{"id":23002,"nach":0.52953764413763793},"geometry":{"type":"LineString","coordinates":[[-2.2127573,53.8402042],[-2.2128606,53.84037390000001]]}},
{"type":"Feature","properties":{"id":37224,"nach":0.70727013710031794},"geometry":{"type":"LineString","coordinates":[[-2.212444500000011,53.84028090000001],[-2.2123868,53.840186300000013],[-2.2123556,53.8401232],[-2.2123654,53.840047]]}},
{"type":"Feature","properties":{"id":37226,"nach":0.54172603063327629},"geometry":{"type":"LineString","coordinates":[[-2.2115183,53.8405386],[-2.2123189,53.8403152],[-2.212444500000011,53.84028090000001]]}},
{"type":"Feature","properties":{"id":22974,"nach":0.64828255364679188},"geometry":{"type":"LineString","coordinates":[[-2.2135783,53.840217],[-2.2139716,53.8401311]]}},
{"type":"Feature","properties":{"id":22985,"nach":0.67710675648638718},"geometry":{"type":"LineString","coordinates":[[-2.213705,53.8404199],[-2.2135783,53.840217]]}},
{"type":"Feature","properties":{"id":22999,"nach":0.68817912314089091},"geometry":{"type":"LineString","coordinates":[[-2.2134779,53.840052199999981],[-2.2135783,53.840217]]}},
{"type":"Feature","properties":{"id":22996,"nach":0.63167039790701984},"geometry":{"type":"LineString","coordinates":[[-2.2126269,53.839990200000017],[-2.2123654,53.840047]]}},
{"type":"Feature","properties":{"id":22995,"nach":0.6137082801085032},"geometry":{"type":"LineString","coordinates":[[-2.2126269,53.839990200000017],[-2.2133452,53.8398342]]}},
{"type":"Feature","properties":{"id":23001,"nach":0.56430594379516963},"geometry":{"type":"LineString","coordinates":[[-2.2127573,53.8402042],[-2.2126269,53.839990200000017]]}},
{"type":"Feature","properties":{"id":22993,"nach":0.66623177107713361},"geometry":{"type":"LineString","coordinates":[[-2.2133452,53.8398342],[-2.2132672,53.839719100000011]]}},
{"type":"Feature","properties":{"id":22998,"nach":0.68381007970259255},"geometry":{"type":"LineString","coordinates":[[-2.2134779,53.840052199999981],[-2.2133452,53.8398342]]}},
{"type":"Feature","properties":{"id":25056,"nach":0.55053481583299291},"geometry":{"type":"LineString","coordinates":[[-2.212695,53.8398352],[-2.2132672,53.839719100000011]]}},
{"type":"Feature","properties":{"id":36688,"nach":0.55053481583299291},"geometry":{"type":"LineString","coordinates":[[-2.2126709,53.8396994],[-2.2132672,53.839719100000011]]}},
{"type":"Feature","properties":{"id":22936,"nach":0.68370975724356464},"geometry":{"type":"LineString","coordinates":[[-2.2130906,53.8417075],[-2.2120038,53.8420432]]}},
{"type":"Feature","properties":{"id":22944,"nach":0.43543449791250655},"geometry":{"type":"LineString","coordinates":[[-2.212135,53.842204],[-2.2132423,53.8418879]]}},
{"type":"Feature","properties":{"id":22935,"nach":0.66401103910904546},"geometry":{"type":"LineString","coordinates":[[-2.2130906,53.8417075],[-2.2134134,53.8416077]]}},
{"type":"Feature","properties":{"id":22939,"nach":0.60772847231923399},"geometry":{"type":"LineString","coordinates":[[-2.2132423,53.8418879],[-2.2130906,53.8417075]]}},
{"type":"Feature","properties":{"id":22950,"nach":0.6746245175359854},"geometry":{"type":"LineString","coordinates":[[-2.2129384,53.8415188],[-2.2130906,53.8417075]]}},
{"type":"Feature","properties":{"id":22926,"nach":0.51425895316662984},"geometry":{"type":"LineString","coordinates":[[-2.2133846,53.8420558],[-2.2122849,53.8423876]]}},
{"type":"Feature","properties":{"id":22934,"nach":0.42731648386100052},"geometry":{"type":"LineString","coordinates":[[-2.2124241,53.8425582],[-2.2135383,53.8422314]]}},
{"type":"Feature","properties":{"id":22925,"nach":0.55536319336501472},"geometry":{"type":"LineString","coordinates":[[-2.2133846,53.8420558],[-2.2137078,53.8419562]]}},
{"type":"Feature","properties":{"id":22929,"nach":0.55219306496062204},"geometry":{"type":"LineString","coordinates":[[-2.2135383,53.8422314],[-2.2133846,53.8420558]]}},
{"type":"Feature","properties":{"id":22940,"nach":0.60461188130767196},"geometry":{"type":"LineString","coordinates":[[-2.2132423,53.8418879],[-2.2133846,53.8420558]]}},
{"type":"Feature","properties":{"id":22922,"nach":0.62180610199761976},"geometry":{"type":"LineString","coordinates":[[-2.2136748,53.842396],[-2.2125656,53.8427315]]}},
{"type":"Feature","properties":{"id":22923,"nach":0.64203606595193596},"geometry":{"type":"LineString","coordinates":[[-2.2136748,53.842396],[-2.2139951,53.8422962]]}},
{"type":"Feature","properties":{"id":22930,"nach":0.54853353270863336},"geometry":{"type":"LineString","coordinates":[[-2.2135383,53.8422314],[-2.2136748,53.842396]]}},
{"type":"Feature","properties":{"id":22961,"nach":0.68541683314938895},"geometry":{"type":"LineString","coordinates":[[-2.2141099,53.8409334],[-2.2130959,53.8412319]]}},
{"type":"Feature","properties":{"id":22945,"nach":0.75008766198005261},"geometry":{"type":"LineString","coordinates":[[-2.2127832,53.841323],[-2.2130959,53.8412319]]}},
{"type":"Feature","properties":{"id":23011,"nach":0.70778167481798993},"geometry":{"type":"LineString","coordinates":[[-2.213256,53.8414214],[-2.2130959,53.8412319]]}},
{"type":"Feature","properties":{"id":22969,"nach":0.66795052398375954},"geometry":{"type":"LineString","coordinates":[[-2.2139722,53.8407767],[-2.2141099,53.8409334]]}},
{"type":"Feature","properties":{"id":23008,"nach":0.64250311789623116},"geometry":{"type":"LineString","coordinates":[[-2.2142838,53.8411287],[-2.2141099,53.8409334]]}},
{"type":"Feature","properties":{"id":22948,"nach":0.75087494720063086},"geometry":{"type":"LineString","coordinates":[[-2.2127832,53.841323],[-2.2116319,53.8416582],[-2.2105558,53.8413221]]}},
{"type":"Feature","properties":{"id":22949,"nach":0.68112553748314009},"geometry":{"type":"LineString","coordinates":[[-2.2129384,53.8415188],[-2.2127832,53.841323]]}},
{"type":"Feature","properties":{"id":22957,"nach":0.60434003539988157},"geometry":{"type":"LineString","coordinates":[[-2.2126323,53.8411398],[-2.2127832,53.841323]]}},
{"type":"Feature","properties":{"id":23012,"nach":0.65651510050072448},"geometry":{"type":"LineString","coordinates":[[-2.213256,53.8414214],[-2.2134134,53.8416077]]}},
{"type":"Feature","properties":{"id":23013,"nach":0.65158745906551629},"geometry":{"type":"LineString","coordinates":[[-2.213256,53.8414214],[-2.2142838,53.8411287]]}},
{"type":"Feature","properties":{"id":23015,"nach":0.56515593938717279},"geometry":{"type":"LineString","coordinates":[[-2.2147476,53.8416279],[-2.2137078,53.8419562]]}},
{"type":"Feature","properties":{"id":23022,"nach":0.68460910934409192},"geometry":{"type":"LineString","coordinates":[[-2.2135588,53.8417798],[-2.2137078,53.8419562]]}},
{"type":"Feature","properties":{"id":23030,"nach":0.67774238846955437},"geometry":{"type":"LineString","coordinates":[[-2.2138549,53.8421302],[-2.2137078,53.8419562]]}},
{"type":"Feature","properties":{"id":23019,"nach":0.61689390118825749},"geometry":{"type":"LineString","coordinates":[[-2.2145943,53.8414655],[-2.2147476,53.8416279]]}},
{"type":"Feature","properties":{"id":23027,"nach":0.56478939892185398},"geometry":{"type":"LineString","coordinates":[[-2.2149093,53.8418084],[-2.2147476,53.8416279]]}},
{"type":"Feature","properties":{"id":23021,"nach":0.69107068095401347},"geometry":{"type":"LineString","coordinates":[[-2.2135588,53.8417798],[-2.2134134,53.8416077]]}},
{"type":"Feature","properties":{"id":23023,"nach":0.44137736073305833},"geometry":{"type":"LineString","coordinates":[[-2.2135588,53.8417798],[-2.2145943,53.8414655]]}},
{"type":"Feature","properties":{"id":23031,"nach":0.67180044178355913},"geometry":{"type":"LineString","coordinates":[[-2.2138549,53.8421302],[-2.2139951,53.8422962]]}},
{"type":"Feature","properties":{"id":23032,"nach":0.46984442035187091},"geometry":{"type":"LineString","coordinates":[[-2.2138549,53.8421302],[-2.2149093,53.8418084]]}},
{"type":"Feature","properties":{"id":23005,"nach":0.70465236275387577},"geometry":{"type":"LineString","coordinates":[[-2.2144307,53.8412936],[-2.2134134,53.8416077]]}},
{"type":"Feature","properties":{"id":23009,"nach":0.69652070734544569},"geometry":{"type":"LineString","coordinates":[[-2.2142838,53.8411287],[-2.2144307,53.8412936]]}},
{"type":"Feature","properties":{"id":23018,"nach":0.6202710052525322},"geometry":{"type":"LineString","coordinates":[[-2.2145943,53.8414655],[-2.2144307,53.8412936]]}},
{"type":"Feature","properties":{"id":3910,"nach":0.48505359183810898},"geometry":{"type":"LineString","coordinates":[[-2.2146716,53.843937],[-2.2149914,53.8439887]]}},
{"type":"Feature","properties":{"id":3912,"nach":0.56889248658640434},"geometry":{"type":"LineString","coordinates":[[-2.2143978,53.8442188],[-2.2146716,53.843937]]}},
{"type":"Feature","properties":{"id":27563,"nach":0.48177387984194975},"geometry":{"type":"LineString","coordinates":[[-2.2148799,53.8436994],[-2.2146716,53.843937]]}},
{"type":"Feature","properties":{"id":3917,"nach":0.65508889420038474},"geometry":{"type":"LineString","coordinates":[[-2.2146264,53.8447561],[-2.2146778,53.844628899999989],[-2.2147261,53.844530800000022],[-2.2147496,53.8444594],[-2.2147397,53.8444009],[-2.2147137,53.8443511],[-2.2146698,53.8443052],[-2.2146144,53.8442838],[-2.2145002,53.844248700000016],[-2.2143978,53.8442188]]}},
{"type":"Feature","properties":{"id":22266,"nach":0.60968268915194124},"geometry":{"type":"LineString","coordinates":[[-2.2140116,53.8441546],[-2.2141889,53.84420690000001],[-2.2143978,53.8442188]]}},
{"type":"Feature","properties":{"id":3919,"nach":0.66073798735482192},"geometry":{"type":"LineString","coordinates":[[-2.2136434,53.8446169],[-2.2146264,53.8447561]]}},
{"type":"Feature","properties":{"id":30516,"nach":0.68174620011848741},"geometry":{"type":"LineString","coordinates":[[-2.2142332,53.8425967],[-2.2142644,53.8426361]]}},
{"type":"Feature","properties":{"id":22307,"nach":0.57116971144617645},"geometry":{"type":"LineString","coordinates":[[-2.2139175,53.843075200000023],[-2.2142644,53.8426361]]}},
{"type":"Feature","properties":{"id":22314,"nach":0.64588422990776106},"geometry":{"type":"LineString","coordinates":[[-2.2144942,53.8428014],[-2.2143413,53.8427067],[-2.2142644,53.8426361]]}},
{"type":"Feature","properties":{"id":30515,"nach":0.69326435553251731},"geometry":{"type":"LineString","coordinates":[[-2.2142332,53.8425967],[-2.2139951,53.8422962]]}},
{"type":"Feature","properties":{"id":30517,"nach":0.0},"geometry":{"type":"LineString","coordinates":[[-2.2142332,53.8425967],[-2.2143561,53.8425707],[-2.2145551,53.8425025],[-2.2150604,53.84241080000001],[-2.2151634,53.8424402],[-2.2152114,53.842556],[-2.2152309,53.8426519],[-2.2151981,53.8427449],[-2.2146695,53.8428095],[-2.2144942,53.8428014]]}},
{"type":"Feature","properties":{"id":22308,"nach":0.50890057704946401},"geometry":{"type":"LineString","coordinates":[[-2.2139175,53.843075200000023],[-2.2137118,53.8433356],[-2.2143352,53.8435122]]}},
{"type":"Feature","properties":{"id":22309,"nach":0.21117497989212589},"geometry":{"type":"LineString","coordinates":[[-2.2139175,53.843075200000023],[-2.2140187,53.8431016],[-2.2141053,53.8431244],[-2.2142124,53.843154],[-2.214258,53.843163400000016],[-2.2143218,53.8431621]]}},
{"type":"Feature","properties":{"id":24692,"nach":0.47148948193191398},"geometry":{"type":"LineString","coordinates":[[-2.2233175,53.8337981],[-2.2239337,53.8341126]]}},
{"type":"Feature","properties":{"id":24694,"nach":0.67996196089765226},"geometry":{"type":"LineString","coordinates":[[-2.2237294,53.8342623],[-2.2239337,53.8341126]]}},
{"type":"Feature","properties":{"id":4040,"nach":0.66775634633975411},"geometry":{"type":"LineString","coordinates":[[-2.224283,53.8338588],[-2.2239548,53.8340702],[-2.2239337,53.8341126]]}},
{"type":"Feature","properties":{"id":24697,"nach":0.44279347312063216},"geometry":{"type":"LineString","coordinates":[[-2.2231028,53.83396470000001],[-2.2233175,53.8337981]]}},
{"type":"Feature","properties":{"id":24699,"nach":0.42376235471062174},"geometry":{"type":"LineString","coordinates":[[-2.2231028,53.83396470000001],[-2.2237294,53.8342623]]}},
{"type":"Feature","properties":{"id":26067,"nach":0.48451900223039179},"geometry":{"type":"LineString","coordinates":[[-2.2248732,53.8341001],[-2.224489,53.8340664],[-2.224283,53.8338588]]}},
{"type":"Feature","properties":{"id":24700,"nach":0.6248886876743911},"geometry":{"type":"LineString","coordinates":[[-2.2231531,53.83453],[-2.223516,53.8344188]]}},
{"type":"Feature","properties":{"id":26066,"nach":0.37835818407327809},"geometry":{"type":"LineString","coordinates":[[-2.2248732,53.8341001],[-2.22477260000001,53.8339958],[-2.2241273,53.8332961]]}},
{"type":"Feature","properties":{"id":4050,"nach":0.5217435348235594},"geometry":{"type":"LineString","coordinates":[[-2.2206707,53.834691299999989],[-2.2211444,53.8343613]]}},
{"type":"Feature","properties":{"id":24734,"nach":0.5175824860388365},"geometry":{"type":"LineString","coordinates":[[-2.221556,53.83504460000001],[-2.2221582,53.835336]]}},
{"type":"Feature","properties":{"id":24744,"nach":0.5907186218588597},"geometry":{"type":"LineString","coordinates":[[-2.2223369,53.8352042],[-2.2221582,53.835336]]}},
{"type":"Feature","properties":{"id":24754,"nach":0.59000294737779047},"geometry":{"type":"LineString","coordinates":[[-2.2219508,53.8354923],[-2.2221582,53.835336]]}},
{"type":"Feature","properties":{"id":24741,"nach":0.59743959083915121},"geometry":{"type":"LineString","coordinates":[[-2.2217354,53.8349117],[-2.221556,53.83504460000001]]}},
{"type":"Feature","properties":{"id":24757,"nach":0.59164035266083925},"geometry":{"type":"LineString","coordinates":[[-2.2213405,53.8352025],[-2.221556,53.83504460000001]]}},
{"type":"Feature","properties":{"id":25357,"nach":0.75755487809312627},"geometry":{"type":"LineString","coordinates":[[-2.2160792,53.8371964],[-2.2161139,53.8371594]]}},
{"type":"Feature","properties":{"id":25356,"nach":0.75813315704156492},"geometry":{"type":"LineString","coordinates":[[-2.2160792,53.8371964],[-2.2159876,53.8372758]]}},
{"type":"Feature","properties":{"id":25358,"nach":0.0},"geometry":{"type":"LineString","coordinates":[[-2.2160792,53.8371964],[-2.2163372,53.8373],[-2.2160857,53.837518],[-2.2158277,53.8374144]]}},
{"type":"Feature","properties":{"id":25456,"nach":0.71788643522168694},"geometry":{"type":"LineString","coordinates":[[-2.2171669,53.8365958],[-2.2171847,53.8365875]]}},
{"type":"Feature","properties":{"id":25458,"nach":0.580633745736434},"geometry":{"type":"LineString","coordinates":[[-2.2174197,53.8367969],[-2.2171669,53.8365958]]}},
{"type":"Feature","properties":{"id":14362,"nach":0.73884802758484347},"geometry":{"type":"LineString","coordinates":[[-2.2160833,53.836193],[-2.2158727,53.8360216]]}},
{"type":"Feature","properties":{"id":19687,"nach":0.75510499563037148},"geometry":{"type":"LineString","coordinates":[[-2.2158727,53.8360216],[-2.2151858,53.836300300000012]]}},
{"type":"Feature","properties":{"id":19688,"nach":0.75565653460504134},"geometry":{"type":"LineString","coordinates":[[-2.2158727,53.8360216],[-2.2158582,53.8359868],[-2.2158538,53.8359509],[-2.21586,53.8359191],[-2.2158753,53.8358887]]}},
{"type":"Feature","properties":{"id":19686,"nach":0.73282763101297721},"geometry":{"type":"LineString","coordinates":[[-2.2169056,53.835875699999988],[-2.216949,53.8359077]]}},
{"type":"Feature","properties":{"id":25346,"nach":0.65194908621491543},"geometry":{"type":"LineString","coordinates":[[-2.216463,53.8360566],[-2.2169056,53.835875699999988]]}},
{"type":"Feature","properties":{"id":4057,"nach":0.73531311905201324},"geometry":{"type":"LineString","coordinates":[[-2.2176044,53.836391399999989],[-2.2178432,53.8365676]]}},
{"type":"Feature","properties":{"id":25344,"nach":0.7064040804465096},"geometry":{"type":"LineString","coordinates":[[-2.2171847,53.8365875],[-2.2176044,53.836391399999989]]}},
{"type":"Feature","properties":{"id":25352,"nach":0.7364514954976904},"geometry":{"type":"LineString","coordinates":[[-2.217406,53.836245],[-2.2176044,53.836391399999989]]}},
{"type":"Feature","properties":{"id":25420,"nach":0.67744808457145711},"geometry":{"type":"LineString","coordinates":[[-2.2181229,53.8364524],[-2.2178432,53.8365676]]}},
{"type":"Feature","properties":{"id":25405,"nach":0.70349157261901396},"geometry":{"type":"LineString","coordinates":[[-2.2178432,53.8365676],[-2.2178753,53.836591299999988]]}},
{"type":"Feature","properties":{"id":4058,"nach":0.59235505605068162},"geometry":{"type":"LineString","coordinates":[[-2.2158254,53.8374485],[-2.2165335,53.8377342]]}},
{"type":"Feature","properties":{"id":25354,"nach":0.76009037550507486},"geometry":{"type":"LineString","coordinates":[[-2.2158277,53.8374144],[-2.2158254,53.8374485]]}},
{"type":"Feature","properties":{"id":37192,"nach":0.75057455897643},"geometry":{"type":"LineString","coordinates":[[-2.2157426,53.8376099],[-2.2158254,53.8374485]]}},
{"type":"Feature","properties":{"id":37189,"nach":0.52460918002420254},"geometry":{"type":"LineString","coordinates":[[-2.2163584,53.8378722],[-2.2165335,53.8377342]]}},
{"type":"Feature","properties":{"id":25353,"nach":0.76168663674864678},"geometry":{"type":"LineString","coordinates":[[-2.2158277,53.8374144],[-2.2159876,53.8372758]]}},
{"type":"Feature","properties":{"id":25485,"nach":0.72847422530301087},"geometry":{"type":"LineString","coordinates":[[-2.2164354,53.8381453],[-2.2160882,53.8384241]]}},
{"type":"Feature","properties":{"id":25490,"nach":0.43667303715788963},"geometry":{"type":"LineString","coordinates":[[-2.216752,53.8382762],[-2.2164354,53.8381453]]}},
{"type":"Feature","properties":{"id":4066,"nach":0.72897719054116772},"geometry":{"type":"LineString","coordinates":[[-2.2157306,53.8387203],[-2.2160882,53.8384241]]}},
{"type":"Feature","properties":{"id":4064,"nach":0.58392212159052115},"geometry":{"type":"LineString","coordinates":[[-2.2160882,53.8384241],[-2.2158019,53.8382959]]}},
{"type":"Feature","properties":{"id":19187,"nach":0.52479033406469611},"geometry":{"type":"LineString","coordinates":[[-2.2164078,53.83855410000001],[-2.2160882,53.8384241]]}},
{"type":"Feature","properties":{"id":25501,"nach":0.75763170913717881},"geometry":{"type":"LineString","coordinates":[[-2.2156205,53.8388069],[-2.2157306,53.8387203]]}},
{"type":"Feature","properties":{"id":25480,"nach":0.78627187852598157},"geometry":{"type":"LineString","coordinates":[[-2.2160401,53.8388509],[-2.2157306,53.8387203]]}},
{"type":"Feature","properties":{"id":37181,"nach":0.76403099444452405},"geometry":{"type":"LineString","coordinates":[[-2.2154398,53.838579200000012],[-2.2157306,53.8387203]]}},
{"type":"Feature","properties":{"id":30526,"nach":0.63325540732555241},"geometry":{"type":"LineString","coordinates":[[-2.2158019,53.8382959],[-2.2157584,53.8382764]]}},
{"type":"Feature","properties":{"id":30529,"nach":0.57094137430837111},"geometry":{"type":"LineString","coordinates":[[-2.2161596,53.8379843],[-2.2158019,53.8382959]]}},
{"type":"Feature","properties":{"id":25489,"nach":0.7445419942852648},"geometry":{"type":"LineString","coordinates":[[-2.216752,53.8382762],[-2.2164078,53.83855410000001]]}},
{"type":"Feature","properties":{"id":25481,"nach":0.74319693093421824},"geometry":{"type":"LineString","coordinates":[[-2.2160401,53.8388509],[-2.2164078,53.83855410000001]]}},
{"type":"Feature","properties":{"id":25504,"nach":0.75493293345718748},"geometry":{"type":"LineString","coordinates":[[-2.2154992,53.8389024],[-2.2153952,53.838855499999987],[-2.2154678,53.8387388],[-2.2156205,53.8388069]]}},
{"type":"Feature","properties":{"id":4075,"nach":0.75903545987915233},"geometry":{"type":"LineString","coordinates":[[-2.2155173,53.8380485],[-2.2156541,53.8377822]]}},
{"type":"Feature","properties":{"id":14359,"nach":0.66532406854690629},"geometry":{"type":"LineString","coordinates":[[-2.2146282,53.8379861],[-2.2155173,53.8380485]]}},
{"type":"Feature","properties":{"id":4070,"nach":0.65185147731558468},"geometry":{"type":"LineString","coordinates":[[-2.2156541,53.8377822],[-2.2161596,53.8379843]]}},
{"type":"Feature","properties":{"id":4071,"nach":0.74814562681549879},"geometry":{"type":"LineString","coordinates":[[-2.2156541,53.8377822],[-2.2157426,53.8376099]]}},
{"type":"Feature","properties":{"id":30528,"nach":0.66552038907124078},"geometry":{"type":"LineString","coordinates":[[-2.2161596,53.8379843],[-2.2161971,53.837999300000014]]}},
{"type":"Feature","properties":{"id":37193,"nach":0.48625682419362304},"geometry":{"type":"LineString","coordinates":[[-2.2157426,53.8376099],[-2.2163584,53.8378722]]}},
{"type":"Feature","properties":{"id":39406,"nach":0.7285211828510717},"geometry":{"type":"LineString","coordinates":[[-2.2145141,53.836853099999985],[-2.2142185,53.8379753]]}},
{"type":"Feature","properties":{"id":19257,"nach":0.75756341832882801},"geometry":{"type":"LineString","coordinates":[[-2.2141783,53.8381537],[-2.2142185,53.8379753]]}},
{"type":"Feature","properties":{"id":4074,"nach":0.67277942584219752},"geometry":{"type":"LineString","coordinates":[[-2.2142185,53.8379753],[-2.2142926,53.8379625],[-2.2146282,53.8379861]]}},
{"type":"Feature","properties":{"id":39408,"nach":0.70294025132483295},"geometry":{"type":"LineString","coordinates":[[-2.2145141,53.836853099999985],[-2.214382,53.8368107],[-2.2142809,53.8367834],[-2.2141475,53.8367498]]}},
{"type":"Feature","properties":{"id":39407,"nach":0.76728566108487051},"geometry":{"type":"LineString","coordinates":[[-2.2145141,53.836853099999985],[-2.2145847,53.836793],[-2.2146338,53.836755599999989]]}},
{"type":"Feature","properties":{"id":19259,"nach":0.72338698073562924},"geometry":{"type":"LineString","coordinates":[[-2.2141783,53.8381537],[-2.2141446,53.8383031],[-2.2141311,53.83833760000001]]}},
{"type":"Feature","properties":{"id":19258,"nach":0.69149868920754298},"geometry":{"type":"LineString","coordinates":[[-2.2141783,53.8381537],[-2.2138228,53.8380761]]}},
{"type":"Feature","properties":{"id":14360,"nach":0.64095916411421561},"geometry":{"type":"LineString","coordinates":[[-2.2146282,53.8379861],[-2.2150448,53.8368933]]}},
{"type":"Feature","properties":{"id":22473,"nach":0.63337103582110388},"geometry":{"type":"LineString","coordinates":[[-2.2145446,53.83837650000001],[-2.2146282,53.8379861]]}},
{"type":"Feature","properties":{"id":4078,"nach":0.54273719212952642},"geometry":{"type":"LineString","coordinates":[[-2.2149986,53.8397883],[-2.2149135,53.8398668]]}},
{"type":"Feature","properties":{"id":4080,"nach":0.54263839998465291},"geometry":{"type":"LineString","coordinates":[[-2.2150851,53.8397086],[-2.2149986,53.8397883]]}},
{"type":"Feature","properties":{"id":4081,"nach":0.62555873292442088},"geometry":{"type":"LineString","coordinates":[[-2.2154392,53.8399744],[-2.2149986,53.8397883]]}},
{"type":"Feature","properties":{"id":4084,"nach":0.65805660127354493},"geometry":{"type":"LineString","coordinates":[[-2.2151396,53.840189],[-2.2154392,53.8399744]]}},
{"type":"Feature","properties":{"id":37168,"nach":0.6229502405728029},"geometry":{"type":"LineString","coordinates":[[-2.2156732,53.839760699999985],[-2.215643,53.8397909],[-2.2154392,53.8399744]]}},
{"type":"Feature","properties":{"id":4107,"nach":0.71015983181058551},"geometry":{"type":"LineString","coordinates":[[-2.2149602,53.8401158],[-2.2151396,53.840189]]}},
{"type":"Feature","properties":{"id":15277,"nach":0.71385715698671781},"geometry":{"type":"LineString","coordinates":[[-2.2152786,53.8402461],[-2.2151396,53.840189]]}},
{"type":"Feature","properties":{"id":37172,"nach":0.62003333692233131},"geometry":{"type":"LineString","coordinates":[[-2.2157321,53.8394625],[-2.2154699,53.8396873],[-2.2156732,53.839760699999985]]}},
{"type":"Feature","properties":{"id":14378,"nach":0.69334232795584971},"geometry":{"type":"LineString","coordinates":[[-2.2146684,53.8399953],[-2.2149602,53.8401158]]}},
{"type":"Feature","properties":{"id":23091,"nach":0.61888172125345897},"geometry":{"type":"LineString","coordinates":[[-2.2145581,53.8404589],[-2.2149602,53.8401158]]}},
{"type":"Feature","properties":{"id":15280,"nach":0.54330625920206443},"geometry":{"type":"LineString","coordinates":[[-2.2147184,53.8407197],[-2.2152786,53.8402461]]}},
{"type":"Feature","properties":{"id":4087,"nach":0.74429327375712884},"geometry":{"type":"LineString","coordinates":[[-2.2138123,53.8392834],[-2.2138769,53.83931350000001],[-2.2140175,53.8393078]]}},
{"type":"Feature","properties":{"id":4088,"nach":0.56379602212332058},"geometry":{"type":"LineString","coordinates":[[-2.2139279,53.8389515],[-2.2138123,53.8392834]]}},
{"type":"Feature","properties":{"id":19245,"nach":0.73812718979843051},"geometry":{"type":"LineString","coordinates":[[-2.2136976,53.8392055],[-2.2138123,53.8392834]]}},
{"type":"Feature","properties":{"id":37175,"nach":0.69015874721569048},"geometry":{"type":"LineString","coordinates":[[-2.2140175,53.8393078],[-2.214037,53.8395047]]}},
{"type":"Feature","properties":{"id":37174,"nach":0.73000511399099954},"geometry":{"type":"LineString","coordinates":[[-2.2140175,53.8393078],[-2.2142442,53.8392985]]}},
{"type":"Feature","properties":{"id":4089,"nach":0.74699602485974193},"geometry":{"type":"LineString","coordinates":[[-2.2139279,53.8389515],[-2.2137668,53.8389376]]}},
{"type":"Feature","properties":{"id":19192,"nach":0.70501226941161732},"geometry":{"type":"LineString","coordinates":[[-2.2141311,53.83833760000001],[-2.2139279,53.8389515]]}},
{"type":"Feature","properties":{"id":25040,"nach":0.69836880167798332},"geometry":{"type":"LineString","coordinates":[[-2.2142931,53.8389369],[-2.2139279,53.8389515]]}},
{"type":"Feature","properties":{"id":18927,"nach":0.64964574335016667},"geometry":{"type":"LineString","coordinates":[[-2.2138657,53.8386172],[-2.2137668,53.8389376]]}},
{"type":"Feature","properties":{"id":19247,"nach":0.76257017588860865},"geometry":{"type":"LineString","coordinates":[[-2.2137668,53.8389376],[-2.2136976,53.8392055]]}},
{"type":"Feature","properties":{"id":19248,"nach":0.62617438888996202},"geometry":{"type":"LineString","coordinates":[[-2.2137668,53.8389376],[-2.2136646,53.8389246]]}},
{"type":"Feature","properties":{"id":19246,"nach":0.7866725747207296},"geometry":{"type":"LineString","coordinates":[[-2.2136976,53.8392055],[-2.2136244,53.8392947]]}},
{"type":"Feature","properties":{"id":20088,"nach":0.65237940368520575},"geometry":{"type":"LineString","coordinates":[[-2.2136244,53.8392947],[-2.2135963,53.8392196],[-2.2136646,53.8389246]]}},
{"type":"Feature","properties":{"id":20083,"nach":0.64555886965874687},"geometry":{"type":"LineString","coordinates":[[-2.213659,53.8386093],[-2.2134437,53.838589]]}},
{"type":"Feature","properties":{"id":20084,"nach":0.63802516521013597},"geometry":{"type":"LineString","coordinates":[[-2.213659,53.8386093],[-2.2137497,53.8386179]]}},
{"type":"Feature","properties":{"id":20086,"nach":0.46964653482834307},"geometry":{"type":"LineString","coordinates":[[-2.213659,53.8386093],[-2.2136614,53.8385],[-2.2136075,53.838313],[-2.2134996,53.8381333]]}},
{"type":"Feature","properties":{"id":4096,"nach":0.60665334971419471},"geometry":{"type":"LineString","coordinates":[[-2.2153304,53.8394307],[-2.2150282,53.8393001]]}},
{"type":"Feature","properties":{"id":25033,"nach":0.71908095594587174},"geometry":{"type":"LineString","coordinates":[[-2.2148351,53.8394628],[-2.2150282,53.8393001]]}},
{"type":"Feature","properties":{"id":4101,"nach":0.76830589129011995},"geometry":{"type":"LineString","coordinates":[[-2.2153786,53.8389972],[-2.2150282,53.8393001]]}},
{"type":"Feature","properties":{"id":25039,"nach":0.71083039318125529},"geometry":{"type":"LineString","coordinates":[[-2.2142442,53.8392985],[-2.2148535,53.839273599999984],[-2.2150282,53.8393001]]}},
{"type":"Feature","properties":{"id":14371,"nach":0.52201968997884252},"geometry":{"type":"LineString","coordinates":[[-2.2155957,53.839204500000015],[-2.2153304,53.8394307]]}},
{"type":"Feature","properties":{"id":14375,"nach":0.57249606134692277},"geometry":{"type":"LineString","coordinates":[[-2.2149902,53.83972090000001],[-2.2153304,53.8394307]]}},
{"type":"Feature","properties":{"id":25032,"nach":0.72240857299977124},"geometry":{"type":"LineString","coordinates":[[-2.2148351,53.8394628],[-2.21468,53.839593499999985]]}},
{"type":"Feature","properties":{"id":25035,"nach":0.57991034090289628},"geometry":{"type":"LineString","coordinates":[[-2.214037,53.8395047],[-2.2148351,53.8394628]]}},
{"type":"Feature","properties":{"id":25502,"nach":0.7556627847553693},"geometry":{"type":"LineString","coordinates":[[-2.2154992,53.8389024],[-2.2153786,53.8389972]]}},
{"type":"Feature","properties":{"id":19186,"nach":0.69951780394228902},"geometry":{"type":"LineString","coordinates":[[-2.2151391,53.8389032],[-2.2153786,53.8389972]]}},
{"type":"Feature","properties":{"id":14373,"nach":0.64325693579882448},"geometry":{"type":"LineString","coordinates":[[-2.2155957,53.839204500000015],[-2.2156836,53.8391201],[-2.2156216,53.8390945],[-2.2153786,53.8389972]]}},
{"type":"Feature","properties":{"id":37173,"nach":0.63476657967108319},"geometry":{"type":"LineString","coordinates":[[-2.2157321,53.8394625],[-2.2157181,53.839455300000012],[-2.2155957,53.839204500000015]]}},
{"type":"Feature","properties":{"id":14374,"nach":0.50347290153261903},"geometry":{"type":"LineString","coordinates":[[-2.2149902,53.83972090000001],[-2.21468,53.839593499999985]]}},
{"type":"Feature","properties":{"id":14379,"nach":0.57622127752015007},"geometry":{"type":"LineString","coordinates":[[-2.2146684,53.8399953],[-2.2149902,53.83972090000001]]}},
{"type":"Feature","properties":{"id":19185,"nach":0.69056422506634163},"geometry":{"type":"LineString","coordinates":[[-2.2151391,53.8389032],[-2.2151006,53.8389047]]}},
{"type":"Feature","properties":{"id":37177,"nach":0.74186085073205865},"geometry":{"type":"LineString","coordinates":[[-2.2152735,53.838671],[-2.2152494,53.8387363],[-2.2152048,53.8388365],[-2.2151391,53.8389032]]}},
{"type":"Feature","properties":{"id":14377,"nach":0.69294543841983469},"geometry":{"type":"LineString","coordinates":[[-2.2146684,53.8399953],[-2.2143556,53.8398668]]}},
{"type":"Feature","properties":{"id":23093,"nach":0.56343133442459836},"geometry":{"type":"LineString","coordinates":[[-2.2145581,53.8404589],[-2.214396,53.8402123],[-2.2146684,53.8399953]]}},
{"type":"Feature","properties":{"id":14365,"nach":0.75912929374173499},"geometry":{"type":"LineString","coordinates":[[-2.214248,53.8399637],[-2.2143556,53.8398668]]}},
{"type":"Feature","properties":{"id":14369,"nach":0.71644622155774806},"geometry":{"type":"LineString","coordinates":[[-2.21468,53.839593499999985],[-2.2143556,53.8398668]]}},
{"type":"Feature","properties":{"id":25037,"nach":0.66995532617502007},"geometry":{"type":"LineString","coordinates":[[-2.214037,53.8395047],[-2.2140105,53.8395463],[-2.214248,53.8399637]]}},
{"type":"Feature","properties":{"id":9244,"nach":0.60536742564468349},"geometry":{"type":"LineString","coordinates":[[-2.220733,53.84306990000001],[-2.2205043,53.842657]]}},
{"type":"Feature","properties":{"id":21654,"nach":0.60949646105268529},"geometry":{"type":"LineString","coordinates":[[-2.2197079,53.8432219],[-2.2199815,53.843118600000011],[-2.2200996,53.8430647],[-2.2201532,53.8430173],[-2.2202436,53.8428871],[-2.2203057,53.8427462],[-2.2203419,53.8427011],[-2.2205043,53.842657]]}},
{"type":"Feature","properties":{"id":19308,"nach":0.6573718495240467},"geometry":{"type":"LineString","coordinates":[[-2.2206167,53.8419371],[-2.2204656,53.8423104],[-2.2204431,53.8424669],[-2.2205043,53.842657]]}},
{"type":"Feature","properties":{"id":9245,"nach":0.60378299268760871},"geometry":{"type":"LineString","coordinates":[[-2.220733,53.84306990000001],[-2.220488300000011,53.8430961],[-2.2201971,53.8430788]]}},
{"type":"Feature","properties":{"id":21651,"nach":0.6337868286052647},"geometry":{"type":"LineString","coordinates":[[-2.2197079,53.8432219],[-2.2199403,53.8431602]]}},
{"type":"Feature","properties":{"id":25063,"nach":0.54048892810305527},"geometry":{"type":"LineString","coordinates":[[-2.2196991,53.843332],[-2.2197079,53.8432219]]}},
{"type":"Feature","properties":{"id":19307,"nach":0.63205759402183115},"geometry":{"type":"LineString","coordinates":[[-2.2206167,53.8419371],[-2.2207963,53.8414933]]}},
{"type":"Feature","properties":{"id":19880,"nach":0.57628147126752516},"geometry":{"type":"LineString","coordinates":[[-2.2216869,53.8416924],[-2.2212555,53.8419661],[-2.2211483,53.842004],[-2.2206167,53.8419371]]}},
{"type":"Feature","properties":{"id":26265,"nach":0.66687158942799474},"geometry":{"type":"LineString","coordinates":[[-2.2192103,53.8409023],[-2.2191296,53.8410393]]}},
{"type":"Feature","properties":{"id":26309,"nach":0.66895457159623151},"geometry":{"type":"LineString","coordinates":[[-2.21898030000001,53.8412928],[-2.2191296,53.8410393]]}},
{"type":"Feature","properties":{"id":4130,"nach":0.59611368560220135},"geometry":{"type":"LineString","coordinates":[[-2.2197238,53.84115950000001],[-2.2191296,53.8410393]]}},
{"type":"Feature","properties":{"id":26264,"nach":0.67830870516636177},"geometry":{"type":"LineString","coordinates":[[-2.2192103,53.8409023],[-2.2193196,53.8407165]]}},
{"type":"Feature","properties":{"id":26266,"nach":0.48729221985404114},"geometry":{"type":"LineString","coordinates":[[-2.2192103,53.8409023],[-2.2198481,53.8410256]]}},
{"type":"Feature","properties":{"id":26311,"nach":0.0},"geometry":{"type":"LineString","coordinates":[[-2.21898030000001,53.8412928],[-2.218850900000011,53.8415074],[-2.2189152,53.8416443],[-2.2186536,53.8420765],[-2.2185881,53.8421425],[-2.218137,53.842056]]}},
{"type":"Feature","properties":{"id":26310,"nach":0.66296385375654865},"geometry":{"type":"LineString","coordinates":[[-2.21898030000001,53.8412928],[-2.21863370000001,53.8412361]]}},
{"type":"Feature","properties":{"id":4129,"nach":0.5325092247145109},"geometry":{"type":"LineString","coordinates":[[-2.2197238,53.84115950000001],[-2.2196663,53.8412215]]}},
{"type":"Feature","properties":{"id":26262,"nach":0.59158672700372528},"geometry":{"type":"LineString","coordinates":[[-2.2198481,53.8410256],[-2.2197238,53.84115950000001]]}},
{"type":"Feature","properties":{"id":26259,"nach":0.69002258209984746},"geometry":{"type":"LineString","coordinates":[[-2.2194091,53.8405645],[-2.2193196,53.8407165]]}},
{"type":"Feature","properties":{"id":4133,"nach":0.49254499554985443},"geometry":{"type":"LineString","coordinates":[[-2.2200149,53.8408459],[-2.2193196,53.8407165]]}},
{"type":"Feature","properties":{"id":26260,"nach":0.50421421738927741},"geometry":{"type":"LineString","coordinates":[[-2.2194091,53.8405645],[-2.2201394,53.8407118]]}},
{"type":"Feature","properties":{"id":26256,"nach":0.62782429089184966},"geometry":{"type":"LineString","coordinates":[[-2.2201394,53.8407118],[-2.2200149,53.8408459]]}},
{"type":"Feature","properties":{"id":26261,"nach":0.6098604348070541},"geometry":{"type":"LineString","coordinates":[[-2.2198481,53.8410256],[-2.2200149,53.8408459]]}},
{"type":"Feature","properties":{"id":4140,"nach":0.44756294581253347},"geometry":{"type":"LineString","coordinates":[[-2.217821,53.8419954],[-2.2183094,53.841183]]}},
{"type":"Feature","properties":{"id":25062,"nach":0.65456932711848503},"geometry":{"type":"LineString","coordinates":[[-2.21863370000001,53.8412361],[-2.2183094,53.841183]]}},
{"type":"Feature","properties":{"id":26308,"nach":0.64878019678490106},"geometry":{"type":"LineString","coordinates":[[-2.2175484,53.8419418],[-2.2180078,53.8411485],[-2.2183094,53.841183]]}},
{"type":"Feature","properties":{"id":26307,"nach":0.54956388515848387},"geometry":{"type":"LineString","coordinates":[[-2.2175484,53.8419418],[-2.217821,53.8419954]]}},
{"type":"Feature","properties":{"id":25057,"nach":0.49378487705577934},"geometry":{"type":"LineString","coordinates":[[-2.218137,53.842056],[-2.217821,53.8419954]]}},
{"type":"Feature","properties":{"id":25060,"nach":0.45535959629975131},"geometry":{"type":"LineString","coordinates":[[-2.21863370000001,53.8412361],[-2.218137,53.842056]]}},
{"type":"Feature","properties":{"id":26306,"nach":0.67287560181537986},"geometry":{"type":"LineString","coordinates":[[-2.2175484,53.8419418],[-2.2171844,53.84186840000001]]}},
{"type":"Feature","properties":{"id":26248,"nach":0.71471383269679156},"geometry":{"type":"LineString","coordinates":[[-2.2168743,53.8422131],[-2.2169667,53.842134],[-2.2171114,53.841972500000011],[-2.2171844,53.84186840000001]]}},
{"type":"Feature","properties":{"id":26236,"nach":0.65457670102624499},"geometry":{"type":"LineString","coordinates":[[-2.2176944,53.8413438],[-2.2176739,53.8413688],[-2.2173331,53.8417595],[-2.2171844,53.84186840000001]]}},
{"type":"Feature","properties":{"id":26251,"nach":0.60992662052510871},"geometry":{"type":"LineString","coordinates":[[-2.2170645,53.8418463],[-2.2171844,53.84186840000001]]}},
{"type":"Feature","properties":{"id":26247,"nach":0.72639217483324836},"geometry":{"type":"LineString","coordinates":[[-2.2168743,53.8422131],[-2.2168133,53.842257600000011],[-2.2167381,53.8423022]]}},
{"type":"Feature","properties":{"id":26246,"nach":0.53924348798653998},"geometry":{"type":"LineString","coordinates":[[-2.2168743,53.8422131],[-2.2167215,53.8421466]]}},
{"type":"Feature","properties":{"id":26237,"nach":0.50457735601656351},"geometry":{"type":"LineString","coordinates":[[-2.2167111,53.8410466],[-2.2176944,53.8413438]]}},
{"type":"Feature","properties":{"id":26240,"nach":0.62681835564388966},"geometry":{"type":"LineString","coordinates":[[-2.2178597,53.841097],[-2.2177566,53.841268],[-2.2176944,53.8413438]]}},
{"type":"Feature","properties":{"id":4151,"nach":0.53259921274793387},"geometry":{"type":"LineString","coordinates":[[-2.2175742,53.8426142],[-2.2168983,53.8424179],[-2.2167381,53.8423022]]}},
{"type":"Feature","properties":{"id":19883,"nach":0.63377211677018475},"geometry":{"type":"LineString","coordinates":[[-2.2216869,53.8416924],[-2.2214546,53.8415537],[-2.2207963,53.8414933]]}},
{"type":"Feature","properties":{"id":21014,"nach":0.85275048918271379},"geometry":{"type":"LineString","coordinates":[[-2.220679955135337,53.841197439411644],[-2.2207963,53.8414933]]}},
{"type":"Feature","properties":{"id":19881,"nach":0.52176452820588248},"geometry":{"type":"LineString","coordinates":[[-2.2216869,53.8416924],[-2.2218531,53.841586900000017],[-2.2226449,53.8416622]]}},
{"type":"Feature","properties":{"id":20938,"nach":0.64714440897119108},"geometry":{"type":"LineString","coordinates":[[-2.2232911,53.8412817],[-2.2231022,53.8415301],[-2.222885,53.8418023],[-2.2216869,53.8416924]]}},
{"type":"Feature","properties":{"id":32273,"nach":0.51102485708465784},"geometry":{"type":"LineString","coordinates":[[-2.231422,53.8443655],[-2.2325564,53.844922]]}},
{"type":"Feature","properties":{"id":32313,"nach":0.40811283420394556},"geometry":{"type":"LineString","coordinates":[[-2.2277132,53.847717100000018],[-2.228242100000012,53.8474889],[-2.2283333,53.84742880000001],[-2.2285157,53.84724210000001],[-2.2286767,53.8471155],[-2.2289556,53.84691930000001],[-2.229256,53.8466787],[-2.2300344,53.8461291],[-2.2303352,53.8459852],[-2.2308868,53.8456439],[-2.23132860000001,53.8454966],[-2.231782700000011,53.8452799],[-2.2321916,53.8450929],[-2.2325564,53.844922]]}},
{"type":"Feature","properties":{"id":32275,"nach":0.39122831524507057},"geometry":{"type":"LineString","coordinates":[[-2.231422,53.8443655],[-2.2323006,53.8435937],[-2.2315013,53.843206]]}},
{"type":"Feature","properties":{"id":32282,"nach":0.50869960787875568},"geometry":{"type":"LineString","coordinates":[[-2.2298484,53.8435951],[-2.231422,53.8443655]]}},
{"type":"Feature","properties":{"id":32311,"nach":0.51545922383648624},"geometry":{"type":"LineString","coordinates":[[-2.2277132,53.847717100000018],[-2.2275087,53.8476318]]}},
{"type":"Feature","properties":{"id":32211,"nach":0.54205275528868979},"geometry":{"type":"LineString","coordinates":[[-2.2351562,53.841981],[-2.235541800000012,53.8422367]]}},
{"type":"Feature","properties":{"id":30522,"nach":0.50742240090585899},"geometry":{"type":"LineString","coordinates":[[-2.2362908,53.8427334],[-2.235541800000012,53.8422367]]}},
{"type":"Feature","properties":{"id":4449,"nach":0.43610169178599456},"geometry":{"type":"LineString","coordinates":[[-2.238104,53.84176],[-2.237438,53.8417064],[-2.2371054,53.8417064],[-2.23663330000001,53.8417064],[-2.2362256,53.841776],[-2.2359574,53.8419216],[-2.2357643,53.8420482],[-2.235541800000012,53.8422367]]}},
{"type":"Feature","properties":{"id":32210,"nach":0.55061884658427973},"geometry":{"type":"LineString","coordinates":[[-2.2351562,53.841981],[-2.2344965,53.8415435]]}},
{"type":"Feature","properties":{"id":32212,"nach":0.38435772329080437},"geometry":{"type":"LineString","coordinates":[[-2.2351562,53.841981],[-2.236002,53.8415578],[-2.23671660000001,53.84133580000001],[-2.2368067,53.84130780000001],[-2.2383034,53.8406431],[-2.239226100000011,53.8400639],[-2.2393494,53.8398803]]}},
{"type":"Feature","properties":{"id":30525,"nach":0.40479525880648504},"geometry":{"type":"LineString","coordinates":[[-2.2360231,53.8431515],[-2.2361325,53.8431332],[-2.2361489,53.843082699999989],[-2.236127,53.8430203],[-2.2360906,53.8429407],[-2.23611610000001,53.8428729],[-2.2362908,53.8427334]]}},
{"type":"Feature","properties":{"id":4452,"nach":0.42196216138703396},"geometry":{"type":"LineString","coordinates":[[-2.238510900000011,53.8420672],[-2.2381675,53.8419849],[-2.2381354,53.841852],[-2.238104,53.84176]]}},
{"type":"Feature","properties":{"id":4459,"nach":0.42440077183968772},"geometry":{"type":"LineString","coordinates":[[-2.2344965,53.8415435],[-2.2343588,53.8416748],[-2.2344124,53.8417697],[-2.2345412,53.84189],[-2.2346378,53.8419786],[-2.2346485,53.8420799],[-2.2346485,53.8422318],[-2.2346378,53.8423204],[-2.2344876,53.842466]]}},
{"type":"Feature","properties":{"id":4462,"nach":0.56961997481652771},"geometry":{"type":"LineString","coordinates":[[-2.2343141,53.841422500000014],[-2.2344965,53.8415435]]}},
{"type":"Feature","properties":{"id":4463,"nach":0.43200601875199174},"geometry":{"type":"LineString","coordinates":[[-2.2343141,53.841422500000014],[-2.2341335,53.8415798],[-2.2341228,53.8416811],[-2.2343052,53.8418267],[-2.234391,53.841909],[-2.2344017,53.841966],[-2.234348100000011,53.8420419],[-2.2342301,53.8421495],[-2.2342193,53.8422761]]}},
{"type":"Feature","properties":{"id":6179,"nach":0.58717182232817022},"geometry":{"type":"LineString","coordinates":[[-2.2340462,53.8412449],[-2.2343141,53.841422500000014]]}},
{"type":"Feature","properties":{"id":32221,"nach":0.50910017171403743},"geometry":{"type":"LineString","coordinates":[[-2.2324814,53.8420513],[-2.2326169,53.8420072],[-2.2340462,53.8412449]]}},
{"type":"Feature","properties":{"id":32277,"nach":0.42632311146050028},"geometry":{"type":"LineString","coordinates":[[-2.231109,53.8430562],[-2.2315908,53.8433459]]}},
{"type":"Feature","properties":{"id":32276,"nach":0.51629968937939141},"geometry":{"type":"LineString","coordinates":[[-2.231109,53.8430562],[-2.2315013,53.843206]]}},
{"type":"Feature","properties":{"id":32281,"nach":0.53257418096879738},"geometry":{"type":"LineString","coordinates":[[-2.2305495,53.8427983],[-2.2306144,53.8428015],[-2.2310329,53.8430104],[-2.231109,53.8430562]]}},
{"type":"Feature","properties":{"id":23254,"nach":0.6582681635388925},"geometry":{"type":"LineString","coordinates":[[-2.2330732,53.837259],[-2.2335299,53.8376308]]}},
{"type":"Feature","properties":{"id":25084,"nach":0.65449642897402949},"geometry":{"type":"LineString","coordinates":[[-2.2340405,53.837713],[-2.23382780000001,53.8377187],[-2.2335299,53.8376308]]}},
{"type":"Feature","properties":{"id":22355,"nach":0.43824218865251557},"geometry":{"type":"LineString","coordinates":[[-2.2327599,53.8380553],[-2.2326693,53.8378902],[-2.2331578,53.8377909],[-2.2335299,53.8376308]]}},
{"type":"Feature","properties":{"id":23257,"nach":0.66276391794056888},"geometry":{"type":"LineString","coordinates":[[-2.233018,53.837214100000011],[-2.2330732,53.837259]]}},
{"type":"Feature","properties":{"id":23256,"nach":0.44230232228530941},"geometry":{"type":"LineString","coordinates":[[-2.2328013,53.8366592],[-2.2333591,53.8371266],[-2.2330732,53.837259]]}},
{"type":"Feature","properties":{"id":25085,"nach":0.65162892104340786},"geometry":{"type":"LineString","coordinates":[[-2.2340405,53.837713],[-2.2340799,53.8377119],[-2.2345496,53.8375835],[-2.2348405,53.8374822]]}},
{"type":"Feature","properties":{"id":25086,"nach":0.44333718455230919},"geometry":{"type":"LineString","coordinates":[[-2.2341277,53.8379417],[-2.2340405,53.837713]]}},
{"type":"Feature","properties":{"id":24772,"nach":0.67247327323500072},"geometry":{"type":"LineString","coordinates":[[-2.2320612,53.8361861],[-2.2321056,53.8362446]]}},
{"type":"Feature","properties":{"id":19754,"nach":0.67942583988737248},"geometry":{"type":"LineString","coordinates":[[-2.2325113,53.8366966],[-2.232481,53.8366629],[-2.2323111,53.836468],[-2.2322221,53.8363799],[-2.2321056,53.8362446]]}},
{"type":"Feature","properties":{"id":38201,"nach":0.48747973352361057},"geometry":{"type":"LineString","coordinates":[[-2.2332133,53.8359852],[-2.232298,53.836256],[-2.2321056,53.8362446]]}},
{"type":"Feature","properties":{"id":24773,"nach":0.67096929789178239},"geometry":{"type":"LineString","coordinates":[[-2.2320612,53.8361861],[-2.2319258,53.8360079],[-2.231769,53.8357393]]}},
{"type":"Feature","properties":{"id":24775,"nach":0.45322419723031632},"geometry":{"type":"LineString","coordinates":[[-2.2312223,53.8365339],[-2.2314715,53.8364903],[-2.2316748,53.83643570000001],[-2.2317749,53.8363923],[-2.2319334,53.8362571],[-2.2320612,53.8361861]]}},
{"type":"Feature","properties":{"id":24318,"nach":0.67859917067637388},"geometry":{"type":"LineString","coordinates":[[-2.2325573,53.8367477],[-2.2325113,53.8366966]]}},
{"type":"Feature","properties":{"id":35394,"nach":0.52490502182273191},"geometry":{"type":"LineString","coordinates":[[-2.23568630000001,53.83550850000001],[-2.2351514,53.8357095],[-2.2350421,53.83574],[-2.2343984,53.8359616],[-2.2343501,53.8359996],[-2.2340014,53.8361262],[-2.2338423,53.8361898],[-2.2329876,53.8365314],[-2.2325113,53.8366966]]}},
{"type":"Feature","properties":{"id":19907,"nach":0.63694126583898591},"geometry":{"type":"LineString","coordinates":[[-2.2282624,53.8381559],[-2.2286276,53.8379869],[-2.2293716,53.837704],[-2.229508600000011,53.8376576],[-2.2297166,53.8375849],[-2.2298366,53.8375362],[-2.2299631,53.8374849],[-2.2302104,53.837384299999989],[-2.23024810000001,53.837369],[-2.230432,53.8373105],[-2.2306834,53.837230600000012],[-2.2307411,53.8372122],[-2.2312148,53.8370326],[-2.2313496,53.8369894],[-2.2316924,53.836894],[-2.2318351,53.836849],[-2.2320814,53.8367713],[-2.2321469,53.8367531],[-2.2322242,53.836740100000014],[-2.2323626,53.8367167],[-2.2325113,53.8366966]]}},
{"type":"Feature","properties":{"id":38199,"nach":0.48161182577857986},"geometry":{"type":"LineString","coordinates":[[-2.2332133,53.8359852],[-2.2327889,53.8359117]]}},
{"type":"Feature","properties":{"id":38200,"nach":0.1644592612725862},"geometry":{"type":"LineString","coordinates":[[-2.2332133,53.8359852],[-2.23451,53.835606800000015],[-2.2352717,53.8353377],[-2.2360925,53.8350671],[-2.23650610000001,53.8348104],[-2.2365895,53.834724],[-2.2366066,53.83458310000001],[-2.2370134,53.8345807],[-2.237358,53.8345425],[-2.2381444,53.834244],[-2.2398015,53.8336096],[-2.2399793,53.8335268],[-2.2400657,53.8333244],[-2.2400904,53.8331957],[-2.2401308,53.8330483],[-2.2399269,53.83276630000001],[-2.23976120000001,53.8325354],[-2.2395322,53.832205],[-2.2392927,53.8319495]]}},
{"type":"Feature","properties":{"id":20128,"nach":0.55680958088002253},"geometry":{"type":"LineString","coordinates":[[-2.2281302,53.84250990000001],[-2.2280403,53.8425231]]}},
{"type":"Feature","properties":{"id":20120,"nach":0.62956494504838201},"geometry":{"type":"LineString","coordinates":[[-2.2280403,53.8425231],[-2.2280651,53.8425854],[-2.2281004,53.8426945]]}},
{"type":"Feature","properties":{"id":20124,"nach":0.4749966842863948},"geometry":{"type":"LineString","coordinates":[[-2.2279292,53.8425632],[-2.2279846,53.8425352],[-2.2280403,53.8425231]]}},
{"type":"Feature","properties":{"id":11341,"nach":0.55930185190142634},"geometry":{"type":"LineString","coordinates":[[-2.2278382,53.842493300000015],[-2.2277561,53.84250140000001],[-2.2276739,53.842493500000018]]}},
{"type":"Feature","properties":{"id":20122,"nach":0.52858120786606155},"geometry":{"type":"LineString","coordinates":[[-2.2279292,53.8425632],[-2.2278382,53.842493300000015]]}},
{"type":"Feature","properties":{"id":11342,"nach":0.63469319222629939},"geometry":{"type":"LineString","coordinates":[[-2.2281128,53.842725400000013],[-2.2281004,53.8426945]]}},
{"type":"Feature","properties":{"id":6164,"nach":0.47460568034668832},"geometry":{"type":"LineString","coordinates":[[-2.2281004,53.8426945],[-2.2279292,53.8425632]]}},
{"type":"Feature","properties":{"id":11344,"nach":0.48546228095764815},"geometry":{"type":"LineString","coordinates":[[-2.2281128,53.842725400000013],[-2.2283007,53.8426636]]}},
{"type":"Feature","properties":{"id":20126,"nach":0.53199240578173135},"geometry":{"type":"LineString","coordinates":[[-2.2278813,53.8425919],[-2.2281128,53.842725400000013]]}},
{"type":"Feature","properties":{"id":32290,"nach":0.64496328323681917},"geometry":{"type":"LineString","coordinates":[[-2.2282003,53.8431706],[-2.2282182,53.843039],[-2.2281128,53.842725400000013]]}},
{"type":"Feature","properties":{"id":20125,"nach":0.34344583927685834},"geometry":{"type":"LineString","coordinates":[[-2.2278813,53.8425919],[-2.2279292,53.8425632]]}},
{"type":"Feature","properties":{"id":6169,"nach":0.39016625713442582},"geometry":{"type":"LineString","coordinates":[[-2.2260299,53.8447604],[-2.225869,53.844526200000011],[-2.2253969,53.8441591]]}},
{"type":"Feature","properties":{"id":39750,"nach":0.44229213276448581},"geometry":{"type":"LineString","coordinates":[[-2.2269136,53.8444524],[-2.2266951,53.8445642],[-2.2262981,53.8447161],[-2.2260299,53.8447604]]}},
{"type":"Feature","properties":{"id":39748,"nach":0.26026072970781694},"geometry":{"type":"LineString","coordinates":[[-2.2283879,53.8456769],[-2.2275614,53.8457862],[-2.22593,53.846315800000013],[-2.2253257,53.8461987],[-2.2251703,53.845939],[-2.2260076,53.8453635],[-2.2260943,53.844925],[-2.2260621,53.8448427],[-2.2260299,53.8447604]]}},
{"type":"Feature","properties":{"id":39751,"nach":0.53611734074301687},"geometry":{"type":"LineString","coordinates":[[-2.2269136,53.8444524],[-2.2271779,53.8443173],[-2.2274676,53.8440958],[-2.2279825,53.8436092]]}},
{"type":"Feature","properties":{"id":39754,"nach":0.48896097333705246},"geometry":{"type":"LineString","coordinates":[[-2.2272041,53.8446075],[-2.2269136,53.8444524]]}},
{"type":"Feature","properties":{"id":39747,"nach":0.35881437698349428},"geometry":{"type":"LineString","coordinates":[[-2.2283879,53.8456769],[-2.2279102,53.8461101],[-2.227573300000011,53.8463266],[-2.2272699,53.84638910000001],[-2.2264937,53.84698860000001],[-2.2261094,53.8468392],[-2.2259518,53.8469122],[-2.2259171,53.846928199999986],[-2.225751,53.8470051]]}},
{"type":"Feature","properties":{"id":39757,"nach":0.42982336526373682},"geometry":{"type":"LineString","coordinates":[[-2.2283967,53.8456688],[-2.2283879,53.8456769]]}},
{"type":"Feature","properties":{"id":20129,"nach":0.52705340382917043},"geometry":{"type":"LineString","coordinates":[[-2.2281302,53.84250990000001],[-2.2283007,53.8426636]]}},
{"type":"Feature","properties":{"id":20106,"nach":0.42522059074482604},"geometry":{"type":"LineString","coordinates":[[-2.22870480000001,53.8423309],[-2.2286489,53.842348200000011],[-2.2284982,53.842411300000016],[-2.2284004,53.8425706],[-2.2283007,53.8426636]]}},
{"type":"Feature","properties":{"id":32287,"nach":0.52259342069030446},"geometry":{"type":"LineString","coordinates":[[-2.2290444,53.8430635],[-2.2288993,53.8429813],[-2.2285723,53.8428389],[-2.2283792,53.842762900000018],[-2.2283007,53.8426636]]}},
{"type":"Feature","properties":{"id":20130,"nach":0.58235315635122176},"geometry":{"type":"LineString","coordinates":[[-2.2281302,53.84250990000001],[-2.2281035,53.8423704],[-2.2281409,53.8422759],[-2.228301,53.8421867]]}},
{"type":"Feature","properties":{"id":20105,"nach":0.53130437060238223},"geometry":{"type":"LineString","coordinates":[[-2.22870480000001,53.8423309],[-2.2285391,53.8422866],[-2.2284361,53.8422497],[-2.228301,53.8421867]]}},
{"type":"Feature","properties":{"id":32280,"nach":0.51756103024528233},"geometry":{"type":"LineString","coordinates":[[-2.2305495,53.8427983],[-2.2304857,53.8427952],[-2.2303757,53.8428276],[-2.2302121,53.8427754],[-2.2293231,53.8424946],[-2.2288081,53.84234270000001],[-2.22870480000001,53.8423309]]}},
{"type":"Feature","properties":{"id":32286,"nach":0.54634412502318352},"geometry":{"type":"LineString","coordinates":[[-2.2290444,53.8430635],[-2.2291837,53.8431424],[-2.2293287,53.8432851],[-2.2294628,53.8433738],[-2.2296559,53.8435193],[-2.2298484,53.8435951]]}},
{"type":"Feature","properties":{"id":32289,"nach":0.50008877336996005},"geometry":{"type":"LineString","coordinates":[[-2.2282003,53.8431706],[-2.2290444,53.8430635]]}},
{"type":"Feature","properties":{"id":6182,"nach":0.39293829965424204},"geometry":{"type":"LineString","coordinates":[[-2.231147,53.8420768],[-2.230953900000012,53.8420832],[-2.2308144,53.8421844],[-2.2305998,53.8421781],[-2.2300419,53.8419819],[-2.2299346,53.8419122]]}},
{"type":"Feature","properties":{"id":6184,"nach":0.40889966898511093},"geometry":{"type":"LineString","coordinates":[[-2.2312543,53.8418679],[-2.231147,53.8420768]]}},
{"type":"Feature","properties":{"id":32219,"nach":0.48792305251872781},"geometry":{"type":"LineString","coordinates":[[-2.2324814,53.8420513],[-2.2323057,53.8421085],[-2.2316191,53.8422161],[-2.2313938,53.842184400000015],[-2.231147,53.8420768]]}},
{"type":"Feature","properties":{"id":32272,"nach":0.5126240232149244},"geometry":{"type":"LineString","coordinates":[[-2.2315013,53.843206],[-2.2322389,53.8428943],[-2.2322899,53.8428642],[-2.2323274,53.8428025],[-2.232367600000011,53.842751800000023],[-2.2328075,53.842467],[-2.2329524,53.8423815],[-2.2329604,53.8423119],[-2.2328746,53.842329300000017],[-2.2327512,53.8422438],[-2.2326681,53.8422154],[-2.2326064,53.8421726],[-2.2324814,53.8420513]]}},
{"type":"Feature","properties":{"id":13297,"nach":0.64755000369699234},"geometry":{"type":"LineString","coordinates":[[-2.2149202,53.8344961],[-2.2146663,53.8341871]]}},
{"type":"Feature","properties":{"id":9242,"nach":0.62695093571411031},"geometry":{"type":"LineString","coordinates":[[-2.2199403,53.8431602],[-2.2201971,53.8430788]]}},
{"type":"Feature","properties":{"id":25064,"nach":0.58593184844314694},"geometry":{"type":"LineString","coordinates":[[-2.2201934,53.8432081],[-2.2201971,53.8430788]]}},
{"type":"Feature","properties":{"id":25068,"nach":0.5338121085375902},"geometry":{"type":"LineString","coordinates":[[-2.2204806,53.8429923],[-2.22021180000001,53.8429865],[-2.2201971,53.8430788]]}},
{"type":"Feature","properties":{"id":25066,"nach":0.0},"geometry":{"type":"LineString","coordinates":[[-2.2201934,53.8432081],[-2.2201852,53.8434932],[-2.220094,53.8434948],[-2.219935,53.8434713],[-2.2199403,53.8431602]]}},
{"type":"Feature","properties":{"id":25067,"nach":0.5304755249677372},"geometry":{"type":"LineString","coordinates":[[-2.2206295,53.8432093],[-2.2201934,53.8432081]]}},
{"type":"Feature","properties":{"id":13280,"nach":0.7136876215138217},"geometry":{"type":"LineString","coordinates":[[-2.2186517,53.8329526],[-2.2183949,53.8328281]]}},
{"type":"Feature","properties":{"id":11459,"nach":0.50283078497780753},"geometry":{"type":"LineString","coordinates":[[-2.2178623,53.8331464],[-2.2177534,53.8329841],[-2.2183949,53.8328281]]}},
{"type":"Feature","properties":{"id":14258,"nach":0.55919981383694362},"geometry":{"type":"LineString","coordinates":[[-2.2298489,53.839162],[-2.2289378,53.8388004]]}},
{"type":"Feature","properties":{"id":14251,"nach":0.4100021130767178},"geometry":{"type":"LineString","coordinates":[[-2.2286752,53.839059399999989],[-2.2289378,53.8388004]]}},
{"type":"Feature","properties":{"id":10981,"nach":0.58122932121766269},"geometry":{"type":"LineString","coordinates":[[-2.2276834,53.8384754],[-2.2280085,53.8385191],[-2.2289378,53.8388004]]}},
{"type":"Feature","properties":{"id":14260,"nach":0.55608696245595257},"geometry":{"type":"LineString","coordinates":[[-2.2298489,53.839162],[-2.2296022,53.8394038]]}},
{"type":"Feature","properties":{"id":31820,"nach":0.59812059719474098},"geometry":{"type":"LineString","coordinates":[[-2.2309754,53.839717],[-2.2298489,53.839162]]}},
{"type":"Feature","properties":{"id":37159,"nach":0.41969464842486137},"geometry":{"type":"LineString","coordinates":[[-2.2285067,53.8392256],[-2.2286752,53.839059399999989]]}},
{"type":"Feature","properties":{"id":14255,"nach":0.4964699123275238},"geometry":{"type":"LineString","coordinates":[[-2.2296022,53.8394038],[-2.2286752,53.839059399999989]]}},
{"type":"Feature","properties":{"id":25200,"nach":0.51168765357490986},"geometry":{"type":"LineString","coordinates":[[-2.2277269,53.838970300000014],[-2.2278793,53.8388276],[-2.2279596,53.8388303],[-2.2286752,53.839059399999989]]}},
{"type":"Feature","properties":{"id":14186,"nach":0.65217785738671319},"geometry":{"type":"LineString","coordinates":[[-2.2274331,53.8385941],[-2.2276834,53.8384754]]}},
{"type":"Feature","properties":{"id":19908,"nach":0.63673067417000084},"geometry":{"type":"LineString","coordinates":[[-2.2282624,53.8381559],[-2.2277224,53.8384297],[-2.2276834,53.8384754]]}},
{"type":"Feature","properties":{"id":14268,"nach":0.66046801171686564},"geometry":{"type":"LineString","coordinates":[[-2.2272243,53.8387881],[-2.2274331,53.8385941]]}},
{"type":"Feature","properties":{"id":26318,"nach":0.63590537416296722},"geometry":{"type":"LineString","coordinates":[[-2.2272489,53.8385422],[-2.2274331,53.8385941]]}},
{"type":"Feature","properties":{"id":26315,"nach":0.54804440852895697},"geometry":{"type":"LineString","coordinates":[[-2.2281829,53.8380506],[-2.2282624,53.8381559]]}},
{"type":"Feature","properties":{"id":32214,"nach":0.47374891264236457},"geometry":{"type":"LineString","coordinates":[[-2.2383584,53.839646800000011],[-2.2384385,53.839627],[-2.240815,53.839138600000013]]}},
{"type":"Feature","properties":{"id":32213,"nach":0.53007577292712171},"geometry":{"type":"LineString","coordinates":[[-2.2383584,53.839646800000011],[-2.238301,53.839661]]}},
{"type":"Feature","properties":{"id":32215,"nach":0.45156380602788887},"geometry":{"type":"LineString","coordinates":[[-2.2383584,53.839646800000011],[-2.2386574,53.8398011],[-2.2393494,53.8398803]]}},
{"type":"Feature","properties":{"id":35376,"nach":0.43274481432397321},"geometry":{"type":"LineString","coordinates":[[-2.240162,53.840086700000015],[-2.2393494,53.8398803]]}},
{"type":"Feature","properties":{"id":11339,"nach":0.55643843205507737},"geometry":{"type":"LineString","coordinates":[[-2.2276739,53.842493500000018],[-2.227456400000011,53.8424848]]}},
{"type":"Feature","properties":{"id":11340,"nach":0.40667951757709375},"geometry":{"type":"LineString","coordinates":[[-2.2276739,53.842493500000018],[-2.227607,53.8424734],[-2.2275528,53.8424428],[-2.2275159,53.8424042],[-2.2274995,53.842361]]}},
{"type":"Feature","properties":{"id":20132,"nach":0.54130765160772398},"geometry":{"type":"LineString","coordinates":[[-2.227456400000011,53.8424848],[-2.2274542,53.8424438],[-2.2274134,53.8424121]]}},
{"type":"Feature","properties":{"id":20133,"nach":0.54316880116818966},"geometry":{"type":"LineString","coordinates":[[-2.227456400000011,53.8424848],[-2.2274471,53.8425213],[-2.227656,53.8425449],[-2.2278813,53.8425919]]}},
{"type":"Feature","properties":{"id":11349,"nach":0.47351225702040856},"geometry":{"type":"LineString","coordinates":[[-2.2274134,53.8424121],[-2.2274995,53.842361]]}},
{"type":"Feature","properties":{"id":32288,"nach":0.6525228873786002},"geometry":{"type":"LineString","coordinates":[[-2.2282003,53.8431706],[-2.2281854,53.8432807]]}},
{"type":"Feature","properties":{"id":11346,"nach":0.48507278146600996},"geometry":{"type":"LineString","coordinates":[[-2.2286094,53.8420203],[-2.2282939,53.8421236]]}},
{"type":"Feature","properties":{"id":20143,"nach":0.55095019699412651},"geometry":{"type":"LineString","coordinates":[[-2.2290718,53.8418988],[-2.2286094,53.8420203]]}},
{"type":"Feature","properties":{"id":20111,"nach":0.59248753877668647},"geometry":{"type":"LineString","coordinates":[[-2.2282939,53.8421236],[-2.228351,53.842171300000011]]}},
{"type":"Feature","properties":{"id":20145,"nach":0.51975371996340636},"geometry":{"type":"LineString","coordinates":[[-2.2290718,53.8418988],[-2.2288249,53.8418455],[-2.2282031,53.8420219]]}},
{"type":"Feature","properties":{"id":37199,"nach":0.78372484964032352},"geometry":{"type":"LineString","coordinates":[[-2.2119625,53.8377031],[-2.2115042,53.8379127],[-2.21117,53.8380159]]}},
{"type":"Feature","properties":{"id":37198,"nach":0.77374594754254877},"geometry":{"type":"LineString","coordinates":[[-2.2119625,53.8377031],[-2.2121502,53.8376172]]}},
{"type":"Feature","properties":{"id":37200,"nach":0.61459978710548302},"geometry":{"type":"LineString","coordinates":[[-2.2119625,53.8377031],[-2.2119001,53.837624100000014],[-2.2114636,53.8373025],[-2.2115033,53.837253],[-2.2113013,53.8370908]]}},
{"type":"Feature","properties":{"id":20038,"nach":0.71078624613697095},"geometry":{"type":"LineString","coordinates":[[-2.2129318,53.8369274],[-2.2130389,53.8370193]]}},
{"type":"Feature","properties":{"id":20048,"nach":0.74206482634557369},"geometry":{"type":"LineString","coordinates":[[-2.2129777,53.8371172],[-2.2129318,53.8369274]]}},
{"type":"Feature","properties":{"id":13299,"nach":0.65056464771680489},"geometry":{"type":"LineString","coordinates":[[-2.2165872,53.8341747],[-2.2156657,53.8344729]]}},
{"type":"Feature","properties":{"id":11438,"nach":0.67854377466848748},"geometry":{"type":"LineString","coordinates":[[-2.2156657,53.8344729],[-2.2152447,53.8346307],[-2.2150589,53.8347785]]}},
{"type":"Feature","properties":{"id":28382,"nach":0.61074969430011128},"geometry":{"type":"LineString","coordinates":[[-2.2158088,53.834598100000015],[-2.2157828,53.83456850000001],[-2.2156657,53.8344729]]}},
{"type":"Feature","properties":{"id":19566,"nach":0.59757137965262364},"geometry":{"type":"LineString","coordinates":[[-2.2168528,53.8341012],[-2.2165872,53.8341747]]}},
{"type":"Feature","properties":{"id":25167,"nach":0.60890324869854329},"geometry":{"type":"LineString","coordinates":[[-2.2170364,53.834732500000015],[-2.2165872,53.8341747]]}},
{"type":"Feature","properties":{"id":21957,"nach":0.77437229930505025},"geometry":{"type":"LineString","coordinates":[[-2.2150589,53.8347785],[-2.2150397,53.8346802],[-2.214973,53.8345671],[-2.2149281,53.8345067],[-2.2149202,53.8344961]]}},
{"type":"Feature","properties":{"id":21956,"nach":0.76759471117434308},"geometry":{"type":"LineString","coordinates":[[-2.2150589,53.8347785],[-2.2149363,53.834876],[-2.21485570000001,53.8349592]]}},
{"type":"Feature","properties":{"id":28381,"nach":0.5728151973513218},"geometry":{"type":"LineString","coordinates":[[-2.2158088,53.834598100000015],[-2.2154088,53.8347173],[-2.2153729,53.834741899999983],[-2.2153139,53.8347961],[-2.21536260000001,53.8348484],[-2.2158889,53.834689300000015]]}},
{"type":"Feature","properties":{"id":19561,"nach":0.5179957769554453},"geometry":{"type":"LineString","coordinates":[[-2.2178144,53.8338352],[-2.2182172,53.8337237]]}},
{"type":"Feature","properties":{"id":19585,"nach":0.60252690183780588},"geometry":{"type":"LineString","coordinates":[[-2.217648,53.833881200000015],[-2.2178144,53.8338352]]}},
{"type":"Feature","properties":{"id":19587,"nach":0.52008890188810664},"geometry":{"type":"LineString","coordinates":[[-2.2179474,53.8339923],[-2.2178509,53.8338784],[-2.2178144,53.8338352]]}},
{"type":"Feature","properties":{"id":13281,"nach":0.4655227257642961},"geometry":{"type":"LineString","coordinates":[[-2.2179691,53.8332993],[-2.2189015,53.8330649]]}},
{"type":"Feature","properties":{"id":25506,"nach":0.75282340050767327},"geometry":{"type":"LineString","coordinates":[[-2.2187634,53.833000299999988],[-2.2187943,53.833014700000014],[-2.2189015,53.8330649]]}},
{"type":"Feature","properties":{"id":13282,"nach":0.49620669288169195},"geometry":{"type":"LineString","coordinates":[[-2.2179691,53.8332993],[-2.2178623,53.8331464]]}},
{"type":"Feature","properties":{"id":11456,"nach":0.68630228581671349},"geometry":{"type":"LineString","coordinates":[[-2.2178623,53.8331464],[-2.2186517,53.8329526]]}},
{"type":"Feature","properties":{"id":25505,"nach":0.75235736376453188},"geometry":{"type":"LineString","coordinates":[[-2.2187634,53.833000299999988],[-2.2186517,53.8329526]]}},
{"type":"Feature","properties":{"id":19558,"nach":0.66482639929820142},"geometry":{"type":"LineString","coordinates":[[-2.2171306,53.8348324],[-2.2172217,53.8349427]]}},
{"type":"Feature","properties":{"id":19556,"nach":0.65009982798277677},"geometry":{"type":"LineString","coordinates":[[-2.2175916,53.8347549],[-2.2174701,53.8347881],[-2.2172961,53.8348441],[-2.2172217,53.8349427]]}},
{"type":"Feature","properties":{"id":25168,"nach":0.64649847233301216},"geometry":{"type":"LineString","coordinates":[[-2.2170364,53.834732500000015],[-2.2171306,53.8348324]]}},
{"type":"Feature","properties":{"id":19573,"nach":0.66049867361416303},"geometry":{"type":"LineString","coordinates":[[-2.2173573,53.8347647],[-2.2171306,53.8348324]]}},
{"type":"Feature","properties":{"id":19576,"nach":0.64879506113356633},"geometry":{"type":"LineString","coordinates":[[-2.2175478,53.8347078],[-2.2175916,53.8347549]]}},
{"type":"Feature","properties":{"id":25510,"nach":0.61037511228151475},"geometry":{"type":"LineString","coordinates":[[-2.2188833,53.8329026],[-2.2188065,53.832965],[-2.2187634,53.833000299999988]]}},
{"type":"Feature","properties":{"id":11951,"nach":0.75399290619005721},"geometry":{"type":"LineString","coordinates":[[-2.2141475,53.8367498],[-2.2134031,53.8370617]]}},
{"type":"Feature","properties":{"id":39411,"nach":0.70725657929796881},"geometry":{"type":"LineString","coordinates":[[-2.2142687,53.8365891],[-2.2142494,53.836601],[-2.2142052,53.836701499999982],[-2.2141475,53.8367498]]}},
{"type":"Feature","properties":{"id":39566,"nach":0.75236268751999602},"geometry":{"type":"LineString","coordinates":[[-2.2134031,53.8370617],[-2.213208100000011,53.8371434]]}},
{"type":"Feature","properties":{"id":14356,"nach":0.75329707369688204},"geometry":{"type":"LineString","coordinates":[[-2.2150448,53.8368933],[-2.2159876,53.8372758]]}},
{"type":"Feature","properties":{"id":14363,"nach":0.62110065224127953},"geometry":{"type":"LineString","coordinates":[[-2.2160833,53.836193],[-2.2154783,53.8364756],[-2.2150448,53.8368933]]}},
{"type":"Feature","properties":{"id":25279,"nach":0.75713583936743012},"geometry":{"type":"LineString","coordinates":[[-2.2146338,53.836755599999989],[-2.2146644,53.8367672],[-2.2150448,53.8368933]]}},
{"type":"Feature","properties":{"id":20282,"nach":0.51414350892193583},"geometry":{"type":"LineString","coordinates":[[-2.2233843,53.8290694],[-2.2236479,53.8295564],[-2.223799,53.8298878],[-2.2238903,53.830194099999986],[-2.2240129,53.8304347],[-2.2243094,53.8308755],[-2.2245773,53.8311548]]}},
{"type":"Feature","properties":{"id":19584,"nach":0.64199001746313389},"geometry":{"type":"LineString","coordinates":[[-2.217648,53.833881200000015],[-2.2168528,53.8341012]]}},
{"type":"Feature","properties":{"id":19574,"nach":0.61642939071108316},"geometry":{"type":"LineString","coordinates":[[-2.2173573,53.8347647],[-2.2169282,53.8342773],[-2.2169416,53.8342408],[-2.2168528,53.8341012]]}},
{"type":"Feature","properties":{"id":35084,"nach":0.56204700120737783},"geometry":{"type":"LineString","coordinates":[[-2.2153467,53.8352623],[-2.2153929,53.835239],[-2.2161279,53.8350311],[-2.2170364,53.834732500000015]]}},
{"type":"Feature","properties":{"id":13708,"nach":0.57443245554501055},"geometry":{"type":"LineString","coordinates":[[-2.2275167,53.8482404],[-2.2277462,53.8483464]]}},
{"type":"Feature","properties":{"id":13706,"nach":0.52867852912129076},"geometry":{"type":"LineString","coordinates":[[-2.2275216,53.8485275],[-2.2277462,53.8483464]]}},
{"type":"Feature","properties":{"id":13710,"nach":0.45050277726514465},"geometry":{"type":"LineString","coordinates":[[-2.2275167,53.8482404],[-2.2276871,53.848079],[-2.2278281,53.8481311]]}},
{"type":"Feature","properties":{"id":13712,"nach":0.5948271426652294},"geometry":{"type":"LineString","coordinates":[[-2.2270023,53.8480586],[-2.2271602,53.8480757],[-2.2275167,53.8482404]]}},
{"type":"Feature","properties":{"id":27753,"nach":0.62139493890252229},"geometry":{"type":"LineString","coordinates":[[-2.2266791,53.8483134],[-2.2270023,53.8480586]]}},
{"type":"Feature","properties":{"id":27746,"nach":0.49259300640755971},"geometry":{"type":"LineString","coordinates":[[-2.2275087,53.8476318],[-2.2273573,53.8477673],[-2.2270023,53.8480586]]}},
{"type":"Feature","properties":{"id":13719,"nach":0.52639827887037283},"geometry":{"type":"LineString","coordinates":[[-2.2262534,53.8477733],[-2.2268973,53.8480472],[-2.2270023,53.8480586]]}},
{"type":"Feature","properties":{"id":27754,"nach":0.4595500249948139},"geometry":{"type":"LineString","coordinates":[[-2.2266791,53.8483134],[-2.226495,53.8484586]]}},
{"type":"Feature","properties":{"id":27755,"nach":0.63312614782248444},"geometry":{"type":"LineString","coordinates":[[-2.2266791,53.8483134],[-2.2265289,53.8482528],[-2.2265445,53.848231],[-2.2263546,53.848151100000017]]}},
{"type":"Feature","properties":{"id":27745,"nach":0.52895652143670291},"geometry":{"type":"LineString","coordinates":[[-2.2275087,53.8476318],[-2.227339800000011,53.8475614],[-2.2270735,53.8474503],[-2.226285,53.847216],[-2.2259336,53.8471144],[-2.2256173,53.8469603]]}},
{"type":"Feature","properties":{"id":13717,"nach":0.44684434211784979},"geometry":{"type":"LineString","coordinates":[[-2.2262534,53.8477733],[-2.22648960000001,53.8475725]]}},
{"type":"Feature","properties":{"id":13720,"nach":0.43379997826565608},"geometry":{"type":"LineString","coordinates":[[-2.225854,53.847203800000017],[-2.22554080000001,53.8474716],[-2.2262534,53.8477733]]}},
{"type":"Feature","properties":{"id":13886,"nach":0.64147183588428247},"geometry":{"type":"LineString","coordinates":[[-2.2195973,53.8480096],[-2.2193968,53.847501799999989]]}},
{"type":"Feature","properties":{"id":27605,"nach":0.71111338583128059},"geometry":{"type":"LineString","coordinates":[[-2.2193103,53.8472828],[-2.2193968,53.847501799999989]]}},
{"type":"Feature","properties":{"id":37093,"nach":0.71570312949279746},"geometry":{"type":"LineString","coordinates":[[-2.2196852,53.8474962],[-2.2193968,53.847501799999989]]}},
{"type":"Feature","properties":{"id":37082,"nach":0.66162929629893263},"geometry":{"type":"LineString","coordinates":[[-2.2189957,53.8474681],[-2.2192167,53.8475],[-2.2193968,53.847501799999989]]}},
{"type":"Feature","properties":{"id":13896,"nach":0.63310898369724289},"geometry":{"type":"LineString","coordinates":[[-2.2197778,53.8484668],[-2.2195973,53.8480096]]}},
{"type":"Feature","properties":{"id":37074,"nach":0.60059753234263624},"geometry":{"type":"LineString","coordinates":[[-2.219307300000011,53.8480476],[-2.2195973,53.8480096]]}},
{"type":"Feature","properties":{"id":25520,"nach":0.56077512268732321},"geometry":{"type":"LineString","coordinates":[[-2.2199338,53.8479519],[-2.2195973,53.8480096]]}},
{"type":"Feature","properties":{"id":27607,"nach":0.5043891487092681},"geometry":{"type":"LineString","coordinates":[[-2.2193103,53.8472828],[-2.2190151,53.8472356],[-2.21837180000001,53.8471384]]}},
{"type":"Feature","properties":{"id":37095,"nach":0.7085851972444519},"geometry":{"type":"LineString","coordinates":[[-2.21907530000001,53.8466872],[-2.2193103,53.8472828]]}},
{"type":"Feature","properties":{"id":37092,"nach":0.71389701758849089},"geometry":{"type":"LineString","coordinates":[[-2.2196852,53.8474962],[-2.219725,53.8474954]]}},
{"type":"Feature","properties":{"id":37098,"nach":0.0},"geometry":{"type":"LineString","coordinates":[[-2.21907530000001,53.8466872],[-2.2194167,53.8466715],[-2.2196852,53.8474962]]}},
{"type":"Feature","properties":{"id":37080,"nach":0.65789718584788259},"geometry":{"type":"LineString","coordinates":[[-2.2189957,53.8474681],[-2.2187962,53.8474393]]}},
{"type":"Feature","properties":{"id":37081,"nach":0.32469495207934795},"geometry":{"type":"LineString","coordinates":[[-2.2189957,53.8474681],[-2.21926490000001,53.8480531]]}},
{"type":"Feature","properties":{"id":13753,"nach":0.70564084568538865},"geometry":{"type":"LineString","coordinates":[[-2.2206726,53.847434100000029],[-2.2203957,53.8474823]]}},
{"type":"Feature","properties":{"id":32340,"nach":0.72508843353297026},"geometry":{"type":"LineString","coordinates":[[-2.2202821,53.8474845],[-2.2203957,53.8474823]]}},
{"type":"Feature","properties":{"id":28794,"nach":0.63042412404281056},"geometry":{"type":"LineString","coordinates":[[-2.22062010000001,53.84804410000001],[-2.2203957,53.8474823]]}},
{"type":"Feature","properties":{"id":13754,"nach":0.47051726444269187},"geometry":{"type":"LineString","coordinates":[[-2.2206726,53.847434100000029],[-2.2209218,53.8479814]]}},
{"type":"Feature","properties":{"id":13764,"nach":0.69898608316721356},"geometry":{"type":"LineString","coordinates":[[-2.2207741,53.8474164],[-2.2206726,53.847434100000029]]}},
{"type":"Feature","properties":{"id":32341,"nach":0.71246765722974326},"geometry":{"type":"LineString","coordinates":[[-2.2202821,53.8474845],[-2.2198885,53.8474922]]}},
{"type":"Feature","properties":{"id":32342,"nach":0.62663046849457782},"geometry":{"type":"LineString","coordinates":[[-2.2202821,53.8474845],[-2.2203202,53.8472194],[-2.220167,53.846814500000015]]}},
{"type":"Feature","properties":{"id":28793,"nach":0.63362792960807202},"geometry":{"type":"LineString","coordinates":[[-2.22062010000001,53.84804410000001],[-2.2209218,53.8479814]]}},
{"type":"Feature","properties":{"id":32346,"nach":0.63015913894504016},"geometry":{"type":"LineString","coordinates":[[-2.2200868,53.8484389],[-2.22008140000001,53.8483187],[-2.2204194,53.8481826],[-2.2204757,53.8481478],[-2.2205669,53.848094],[-2.22062010000001,53.84804410000001]]}},
{"type":"Feature","properties":{"id":27611,"nach":0.63811432176741301},"geometry":{"type":"LineString","coordinates":[[-2.2217711,53.8472427],[-2.2222571,53.847158]]}},
{"type":"Feature","properties":{"id":13747,"nach":0.66495898504263662},"geometry":{"type":"LineString","coordinates":[[-2.222471,53.8467484],[-2.2222571,53.847158]]}},
{"type":"Feature","properties":{"id":32327,"nach":0.6289372891844548},"geometry":{"type":"LineString","coordinates":[[-2.22212780000001,53.8474313],[-2.2222571,53.847158]]}},
{"type":"Feature","properties":{"id":27612,"nach":0.65511397855413134},"geometry":{"type":"LineString","coordinates":[[-2.2217711,53.8472427],[-2.2215327,53.8472842]]}},
{"type":"Feature","properties":{"id":27618,"nach":0.55936195952416545},"geometry":{"type":"LineString","coordinates":[[-2.2218812,53.8470043],[-2.2217711,53.8472427]]}},
{"type":"Feature","properties":{"id":13749,"nach":0.6751620029589146},"geometry":{"type":"LineString","coordinates":[[-2.222471,53.8467484],[-2.2224556,53.84667060000001],[-2.2224717,53.8465978]]}},
{"type":"Feature","properties":{"id":32333,"nach":0.64040262969249273},"geometry":{"type":"LineString","coordinates":[[-2.2227938,53.8468574],[-2.222471,53.8467484]]}},
{"type":"Feature","properties":{"id":27616,"nach":0.50821264469165006},"geometry":{"type":"LineString","coordinates":[[-2.2219559,53.8468428],[-2.2220195,53.846705100000015],[-2.2223463,53.8467493],[-2.222471,53.8467484]]}},
{"type":"Feature","properties":{"id":32328,"nach":0.59189469695491037},"geometry":{"type":"LineString","coordinates":[[-2.22212780000001,53.8474313],[-2.2223968,53.8476996]]}},
{"type":"Feature","properties":{"id":32330,"nach":0.55220495262408664},"geometry":{"type":"LineString","coordinates":[[-2.2219907,53.8477092],[-2.222013,53.84767380000001],[-2.22212780000001,53.8474313]]}},
{"type":"Feature","properties":{"id":37065,"nach":0.65371141936084631},"geometry":{"type":"LineString","coordinates":[[-2.2212903,53.8479032],[-2.2212454,53.8479141]]}},
{"type":"Feature","properties":{"id":13735,"nach":0.63056603615037787},"geometry":{"type":"LineString","coordinates":[[-2.2209218,53.8479814],[-2.2212454,53.8479141]]}},
{"type":"Feature","properties":{"id":37070,"nach":0.6215937467539181},"geometry":{"type":"LineString","coordinates":[[-2.2210045,53.8473763],[-2.2212454,53.8479141]]}},
{"type":"Feature","properties":{"id":37066,"nach":0.64554731227003448},"geometry":{"type":"LineString","coordinates":[[-2.2212903,53.8479032],[-2.2219299,53.8477482],[-2.2219782,53.847729200000011],[-2.2219907,53.8477092]]}},
{"type":"Feature","properties":{"id":37067,"nach":0.47926000565916588},"geometry":{"type":"LineString","coordinates":[[-2.2212903,53.8479032],[-2.2213433,53.8480068],[-2.221761900000011,53.8489095]]}},
{"type":"Feature","properties":{"id":37068,"nach":0.66754427339073075},"geometry":{"type":"LineString","coordinates":[[-2.2210045,53.8473763],[-2.2215327,53.8472842]]}},
{"type":"Feature","properties":{"id":37069,"nach":0.68837688215819814},"geometry":{"type":"LineString","coordinates":[[-2.2210045,53.8473763],[-2.2207741,53.8474164]]}},
{"type":"Feature","properties":{"id":13744,"nach":0.59258767334409912},"geometry":{"type":"LineString","coordinates":[[-2.2232629,53.8457417],[-2.22279580000001,53.8462471]]}},
{"type":"Feature","properties":{"id":37122,"nach":0.60240848340543385},"geometry":{"type":"LineString","coordinates":[[-2.2225854,53.8464747],[-2.22279580000001,53.8462471]]}},
{"type":"Feature","properties":{"id":13863,"nach":0.58073766512817626},"geometry":{"type":"LineString","coordinates":[[-2.2224522,53.84620480000001],[-2.22279580000001,53.8462471]]}},
{"type":"Feature","properties":{"id":13836,"nach":0.52467265536157204},"geometry":{"type":"LineString","coordinates":[[-2.2210567,53.845529900000017],[-2.2211866,53.8454935],[-2.2214092,53.8454809],[-2.2216479,53.845484],[-2.2219644,53.8455062],[-2.2222005,53.8455347],[-2.2228388,53.845626499999987],[-2.2232629,53.8457417]]}},
{"type":"Feature","properties":{"id":27743,"nach":0.61153845099742998},"geometry":{"type":"LineString","coordinates":[[-2.2238071,53.8459983],[-2.2237661,53.8459762],[-2.2236106,53.845905],[-2.2232629,53.8457417]]}},
{"type":"Feature","properties":{"id":37123,"nach":0.60795346925071458},"geometry":{"type":"LineString","coordinates":[[-2.2225854,53.8464747],[-2.2224717,53.8465978]]}},
{"type":"Feature","properties":{"id":37127,"nach":0.42649782785289642},"geometry":{"type":"LineString","coordinates":[[-2.2216636,53.8463761],[-2.2225854,53.8464747]]}},
{"type":"Feature","properties":{"id":13862,"nach":0.58045790475932857},"geometry":{"type":"LineString","coordinates":[[-2.2224522,53.84620480000001],[-2.2215728,53.8460967]]}},
{"type":"Feature","properties":{"id":13868,"nach":0.57163725902671969},"geometry":{"type":"LineString","coordinates":[[-2.2225754,53.845883399999984],[-2.2224522,53.84620480000001]]}},
{"type":"Feature","properties":{"id":27610,"nach":0.63779686150868331},"geometry":{"type":"LineString","coordinates":[[-2.2217044,53.8465017],[-2.2222672,53.8465707],[-2.2224717,53.8465978]]}},
{"type":"Feature","properties":{"id":27608,"nach":0.49156417137970426},"geometry":{"type":"LineString","coordinates":[[-2.2217044,53.8465017],[-2.2217326,53.8465886]]}},
{"type":"Feature","properties":{"id":37125,"nach":0.6396179747935572},"geometry":{"type":"LineString","coordinates":[[-2.2216636,53.8463761],[-2.2217044,53.8465017]]}},
{"type":"Feature","properties":{"id":13834,"nach":0.56077356738402429},"geometry":{"type":"LineString","coordinates":[[-2.2210567,53.845529900000017],[-2.2204049,53.8455916]]}},
{"type":"Feature","properties":{"id":37119,"nach":0.46665808014533761},"geometry":{"type":"LineString","coordinates":[[-2.2211032,53.845751799999988],[-2.2210567,53.845529900000017]]}},
{"type":"Feature","properties":{"id":32308,"nach":0.53491259843713157},"geometry":{"type":"LineString","coordinates":[[-2.2244414,53.8463393],[-2.2238071,53.8459983]]}},
{"type":"Feature","properties":{"id":32305,"nach":0.5719776314421956},"geometry":{"type":"LineString","coordinates":[[-2.2247705,53.845928300000011],[-2.2246701,53.8459477],[-2.2243133,53.8459698],[-2.2238071,53.8459983]]}},
{"type":"Feature","properties":{"id":32335,"nach":0.64574297489088761},"geometry":{"type":"LineString","coordinates":[[-2.2227938,53.8468574],[-2.224068800000011,53.847288],[-2.2242056,53.8472785],[-2.2243665,53.8473149],[-2.2249215,53.8475483]]}},
{"type":"Feature","properties":{"id":32334,"nach":0.50918921130800376},"geometry":{"type":"LineString","coordinates":[[-2.2227938,53.8468574],[-2.2223968,53.8476996]]}},
{"type":"Feature","properties":{"id":27619,"nach":0.51602887081526494},"geometry":{"type":"LineString","coordinates":[[-2.2218812,53.8470043],[-2.2219559,53.8468428]]}},
{"type":"Feature","properties":{"id":27617,"nach":0.48515270887181894},"geometry":{"type":"LineString","coordinates":[[-2.222248,53.846886700000013],[-2.2219559,53.8468428]]}},
{"type":"Feature","properties":{"id":13770,"nach":0.57232291367857779},"geometry":{"type":"LineString","coordinates":[[-2.2207869,53.8470229],[-2.2207214,53.8471329],[-2.2207026,53.8471946],[-2.2207741,53.8474164]]}},
{"type":"Feature","properties":{"id":13760,"nach":0.48581412297729659},"geometry":{"type":"LineString","coordinates":[[-2.2216763,53.846973900000016],[-2.2217031,53.8469161]]}},
{"type":"Feature","properties":{"id":13761,"nach":0.56746758820491927},"geometry":{"type":"LineString","coordinates":[[-2.2216763,53.846973900000016],[-2.2215327,53.8472842]]}},
{"type":"Feature","properties":{"id":13766,"nach":0.48475932739975425},"geometry":{"type":"LineString","coordinates":[[-2.221459,53.8469367],[-2.2216763,53.846973900000016]]}},
{"type":"Feature","properties":{"id":13769,"nach":0.48990563106933649},"geometry":{"type":"LineString","coordinates":[[-2.2207869,53.8470229],[-2.2205954,53.8469778]]}},
{"type":"Feature","properties":{"id":13768,"nach":0.49030725062696617},"geometry":{"type":"LineString","coordinates":[[-2.2207869,53.8470229],[-2.220826,53.8469572]]}},
{"type":"Feature","properties":{"id":13779,"nach":0.55611504464992656},"geometry":{"type":"LineString","coordinates":[[-2.2254116,53.8471267],[-2.2256173,53.8469603]]}},
{"type":"Feature","properties":{"id":32309,"nach":0.55950167042813348},"geometry":{"type":"LineString","coordinates":[[-2.2244414,53.8463393],[-2.2253951,53.846852],[-2.2256173,53.8469603]]}},
{"type":"Feature","properties":{"id":13781,"nach":0.46540526427714873},"geometry":{"type":"LineString","coordinates":[[-2.2254116,53.8471267],[-2.224886900000011,53.8468876],[-2.2250317,53.8467689]]}},
{"type":"Feature","properties":{"id":37137,"nach":0.56654562974183242},"geometry":{"type":"LineString","coordinates":[[-2.225088,53.84740510000001],[-2.2254116,53.8471267]]}},
{"type":"Feature","properties":{"id":32310,"nach":0.5174653186662852},"geometry":{"type":"LineString","coordinates":[[-2.2244414,53.8463393],[-2.2246547,53.8461004],[-2.2247705,53.845928300000011]]}},
{"type":"Feature","properties":{"id":37132,"nach":0.60613730606647542},"geometry":{"type":"LineString","coordinates":[[-2.2259042,53.847961600000012],[-2.2249215,53.8475483]]}},
{"type":"Feature","properties":{"id":37138,"nach":0.57937671251872636},"geometry":{"type":"LineString","coordinates":[[-2.225088,53.84740510000001],[-2.2249215,53.8475483]]}},
{"type":"Feature","properties":{"id":37130,"nach":0.55384847051227193},"geometry":{"type":"LineString","coordinates":[[-2.2256888,53.8481361],[-2.224711700000011,53.8477246],[-2.2249215,53.8475483]]}},
{"type":"Feature","properties":{"id":37133,"nach":0.44342882083826718},"geometry":{"type":"LineString","coordinates":[[-2.2259042,53.847961600000012],[-2.2256888,53.8481361]]}},
{"type":"Feature","properties":{"id":37135,"nach":0.60498510205154032},"geometry":{"type":"LineString","coordinates":[[-2.2259583,53.8479844],[-2.2259042,53.847961600000012]]}},
{"type":"Feature","properties":{"id":37139,"nach":0.0},"geometry":{"type":"LineString","coordinates":[[-2.225088,53.84740510000001],[-2.2261292,53.847836499999985],[-2.2259583,53.8479844]]}},
{"type":"Feature","properties":{"id":13790,"nach":0.46614296328768529},"geometry":{"type":"LineString","coordinates":[[-2.2228967,53.8482326],[-2.222894,53.8481329],[-2.2229477,53.8480063],[-2.2229691,53.8477405],[-2.2230228,53.847601300000015],[-2.2231864,53.8474114],[-2.2230925,53.8473449]]}},
{"type":"Feature","properties":{"id":32320,"nach":0.64056462355849608},"geometry":{"type":"LineString","coordinates":[[-2.2226932,53.848273],[-2.2228967,53.8482326]]}},
{"type":"Feature","properties":{"id":32321,"nach":0.47439983475517594},"geometry":{"type":"LineString","coordinates":[[-2.2226932,53.848273],[-2.222298600000011,53.8483513],[-2.2220759,53.8484573]]}},
{"type":"Feature","properties":{"id":32325,"nach":0.64409343713727185},"geometry":{"type":"LineString","coordinates":[[-2.2223968,53.8476996],[-2.2224076,53.8477518],[-2.2226932,53.848273]]}},
{"type":"Feature","properties":{"id":32302,"nach":0.67277758205152072},"geometry":{"type":"LineString","coordinates":[[-2.2214363,53.8461087],[-2.2215728,53.8460967]]}},
{"type":"Feature","properties":{"id":37126,"nach":0.64526969750085528},"geometry":{"type":"LineString","coordinates":[[-2.2216636,53.8463761],[-2.2215728,53.8460967]]}},
{"type":"Feature","properties":{"id":32301,"nach":0.67766542382667638},"geometry":{"type":"LineString","coordinates":[[-2.2214363,53.8461087],[-2.2211827,53.8461311]]}},
{"type":"Feature","properties":{"id":32304,"nach":0.48868902397432773},"geometry":{"type":"LineString","coordinates":[[-2.2215004,53.8456723],[-2.2212778,53.8456898],[-2.221318,53.845905],[-2.2213422,53.845931900000011],[-2.2213904,53.8459667],[-2.2214226,53.8459872],[-2.2214307,53.8460236],[-2.2214363,53.8461087]]}},
{"type":"Feature","properties":{"id":37112,"nach":0.68865050032295028},"geometry":{"type":"LineString","coordinates":[[-2.2205166,53.8461826],[-2.220198400000011,53.8462072]]}},
{"type":"Feature","properties":{"id":37105,"nach":0.65561073190151364},"geometry":{"type":"LineString","coordinates":[[-2.2199794,53.8463405],[-2.220198400000011,53.8462072]]}},
{"type":"Feature","properties":{"id":13845,"nach":0.66841364661095559},"geometry":{"type":"LineString","coordinates":[[-2.2201416,53.8460221],[-2.220198400000011,53.8462072]]}},
{"type":"Feature","properties":{"id":13841,"nach":0.20231267688155108},"geometry":{"type":"LineString","coordinates":[[-2.22041,53.8467885],[-2.220198400000011,53.8462072]]}},
{"type":"Feature","properties":{"id":37114,"nach":0.34741299550637661},"geometry":{"type":"LineString","coordinates":[[-2.2205166,53.8461826],[-2.2207107,53.8467563],[-2.22041,53.8467885]]}},
{"type":"Feature","properties":{"id":37113,"nach":0.68519746465708897},"geometry":{"type":"LineString","coordinates":[[-2.2205166,53.8461826],[-2.2208304,53.8461583]]}},
{"type":"Feature","properties":{"id":37108,"nach":0.62372705690101349},"geometry":{"type":"LineString","coordinates":[[-2.2199794,53.8463405],[-2.219943600000012,53.84636230000001],[-2.2196351,53.8464002]]}},
{"type":"Feature","properties":{"id":37106,"nach":0.61060311960201308},"geometry":{"type":"LineString","coordinates":[[-2.2199794,53.8463405],[-2.220167,53.846814500000015]]}},
{"type":"Feature","properties":{"id":37111,"nach":0.5367673073607564},"geometry":{"type":"LineString","coordinates":[[-2.2197984,53.8457804],[-2.2199794,53.8463405]]}},
{"type":"Feature","properties":{"id":13844,"nach":0.66431716961938214},"geometry":{"type":"LineString","coordinates":[[-2.2201416,53.8460221],[-2.2200581,53.84575]]}},
{"type":"Feature","properties":{"id":13855,"nach":0.54717844583461372},"geometry":{"type":"LineString","coordinates":[[-2.2204806,53.8459929],[-2.2201416,53.8460221]]}},
{"type":"Feature","properties":{"id":32336,"nach":0.48737827612757439},"geometry":{"type":"LineString","coordinates":[[-2.220167,53.846814500000015],[-2.22041,53.8467885]]}},
{"type":"Feature","properties":{"id":37096,"nach":0.71408415614146259},"geometry":{"type":"LineString","coordinates":[[-2.21907530000001,53.8466872],[-2.21898190000001,53.8464507]]}},
{"type":"Feature","properties":{"id":37102,"nach":0.7149693452755409},"geometry":{"type":"LineString","coordinates":[[-2.2188884,53.846185],[-2.21898190000001,53.8464507]]}},
{"type":"Feature","properties":{"id":27597,"nach":0.65553958060879158},"geometry":{"type":"LineString","coordinates":[[-2.2193325,53.8464236],[-2.21898190000001,53.8464507]]}},
{"type":"Feature","properties":{"id":37099,"nach":0.50622569316712651},"geometry":{"type":"LineString","coordinates":[[-2.2186526,53.8467208],[-2.21907530000001,53.8466872]]}},
{"type":"Feature","properties":{"id":27596,"nach":0.6483790300721779},"geometry":{"type":"LineString","coordinates":[[-2.2193325,53.8464236],[-2.2196351,53.8464002]]}},
{"type":"Feature","properties":{"id":27601,"nach":0.36031578569760447},"geometry":{"type":"LineString","coordinates":[[-2.2191555,53.8458463],[-2.2193325,53.8464236]]}},
{"type":"Feature","properties":{"id":13822,"nach":0.33843884268354701},"geometry":{"type":"LineString","coordinates":[[-2.2194714,53.845818700000017],[-2.2196351,53.8464002]]}},
{"type":"Feature","properties":{"id":13840,"nach":0.52476580782829541},"geometry":{"type":"LineString","coordinates":[[-2.2198619,53.8468472],[-2.21978,53.846856],[-2.2196351,53.8464002]]}},
{"type":"Feature","properties":{"id":37110,"nach":0.69721552540540244},"geometry":{"type":"LineString","coordinates":[[-2.2197984,53.8457804],[-2.2194714,53.845818700000017]]}},
{"type":"Feature","properties":{"id":27599,"nach":0.7001843897987714},"geometry":{"type":"LineString","coordinates":[[-2.2191555,53.8458463],[-2.2194714,53.845818700000017]]}},
{"type":"Feature","properties":{"id":13839,"nach":0.49712355331513314},"geometry":{"type":"LineString","coordinates":[[-2.2198619,53.8468472],[-2.2199811,53.8472199]]}},
{"type":"Feature","properties":{"id":32337,"nach":0.51771411551483271},"geometry":{"type":"LineString","coordinates":[[-2.220167,53.846814500000015],[-2.2198619,53.8468472]]}},
{"type":"Feature","properties":{"id":37109,"nach":0.6850641242966804},"geometry":{"type":"LineString","coordinates":[[-2.2197984,53.8457804],[-2.2200581,53.84575]]}},
{"type":"Feature","properties":{"id":13831,"nach":0.59150230360079847},"geometry":{"type":"LineString","coordinates":[[-2.2204049,53.8455916],[-2.2200581,53.84575]]}},
{"type":"Feature","properties":{"id":37116,"nach":0.45653188736292094},"geometry":{"type":"LineString","coordinates":[[-2.2204485,53.8458226],[-2.2204049,53.8455916]]}},
{"type":"Feature","properties":{"id":37117,"nach":0.50639981931022759},"geometry":{"type":"LineString","coordinates":[[-2.2204485,53.8458226],[-2.2204806,53.8459929]]}},
{"type":"Feature","properties":{"id":37121,"nach":0.43134756552019082},"geometry":{"type":"LineString","coordinates":[[-2.2211032,53.845751799999988],[-2.2204485,53.8458226]]}},
{"type":"Feature","properties":{"id":37120,"nach":0.43244274595302068},"geometry":{"type":"LineString","coordinates":[[-2.2211032,53.845751799999988],[-2.2211418,53.845936]]}},
{"type":"Feature","properties":{"id":13854,"nach":0.49275285681784298},"geometry":{"type":"LineString","coordinates":[[-2.2204806,53.8459929],[-2.2211418,53.845936]]}},
{"type":"Feature","properties":{"id":13852,"nach":0.53331941748837686},"geometry":{"type":"LineString","coordinates":[[-2.2211827,53.8461311],[-2.2211418,53.845936]]}},
{"type":"Feature","properties":{"id":13858,"nach":0.67860720140688424},"geometry":{"type":"LineString","coordinates":[[-2.2208304,53.8461583],[-2.2211827,53.8461311]]}},
{"type":"Feature","properties":{"id":37115,"nach":0.49350854691022183},"geometry":{"type":"LineString","coordinates":[[-2.2212759,53.8464057],[-2.2211827,53.8461311]]}},
{"type":"Feature","properties":{"id":13860,"nach":0.49059850810324068},"geometry":{"type":"LineString","coordinates":[[-2.221052,53.8468009],[-2.2208304,53.8461583]]}},
{"type":"Feature","properties":{"id":13867,"nach":0.48899046113664757},"geometry":{"type":"LineString","coordinates":[[-2.2225754,53.845883399999984],[-2.222716,53.845907]]}},
{"type":"Feature","properties":{"id":13869,"nach":0.48857170533726307},"geometry":{"type":"LineString","coordinates":[[-2.2224095,53.8458555],[-2.2225754,53.845883399999984]]}},
{"type":"Feature","properties":{"id":37087,"nach":0.4735189241965766},"geometry":{"type":"LineString","coordinates":[[-2.2188392,53.847868299999988],[-2.2187224,53.84762],[-2.2187962,53.8474393]]}},
{"type":"Feature","properties":{"id":27603,"nach":0.56634570839494625},"geometry":{"type":"LineString","coordinates":[[-2.21837180000001,53.8471384],[-2.2185521,53.846726200000013],[-2.2182368,53.8466778]]}},
{"type":"Feature","properties":{"id":37078,"nach":0.5434894916577484},"geometry":{"type":"LineString","coordinates":[[-2.21926490000001,53.8480531],[-2.2189457,53.8480949]]}},
{"type":"Feature","properties":{"id":37083,"nach":0.60842802133167839},"geometry":{"type":"LineString","coordinates":[[-2.2180968,53.8479735],[-2.2189457,53.8480949]]}},
{"type":"Feature","properties":{"id":37086,"nach":0.42647278578463488},"geometry":{"type":"LineString","coordinates":[[-2.2188392,53.847868299999988],[-2.2189457,53.8480949]]}},
{"type":"Feature","properties":{"id":13892,"nach":0.59042856933578258},"geometry":{"type":"LineString","coordinates":[[-2.2191659,53.848553600000017],[-2.2189457,53.8480949]]}},
{"type":"Feature","properties":{"id":37077,"nach":0.56355238420324083},"geometry":{"type":"LineString","coordinates":[[-2.21926490000001,53.8480531],[-2.219307300000011,53.8480476]]}},
{"type":"Feature","properties":{"id":37084,"nach":0.61906866076275113},"geometry":{"type":"LineString","coordinates":[[-2.2180968,53.8479735],[-2.2177125,53.8479185]]}},
{"type":"Feature","properties":{"id":37088,"nach":0.39552717610127575},"geometry":{"type":"LineString","coordinates":[[-2.2188392,53.847868299999988],[-2.2181896,53.8477726],[-2.2180968,53.8479735]]}},
{"type":"Feature","properties":{"id":37071,"nach":0.62864052384458557},"geometry":{"type":"LineString","coordinates":[[-2.2194802,53.848509],[-2.2191659,53.848553600000017]]}},
{"type":"Feature","properties":{"id":14010,"nach":0.70947317879798732},"geometry":{"type":"LineString","coordinates":[[-2.217629,53.8481202],[-2.2177125,53.8479185]]}},
{"type":"Feature","properties":{"id":14012,"nach":0.70966025112867093},"geometry":{"type":"LineString","coordinates":[[-2.217629,53.8481202],[-2.2174917,53.8484521],[-2.2174708,53.8485023]]}},
{"type":"Feature","properties":{"id":15049,"nach":0.55525745366840806},"geometry":{"type":"LineString","coordinates":[[-2.2172377,53.8480589],[-2.217629,53.8481202]]}},
{"type":"Feature","properties":{"id":32348,"nach":0.67921934369033898},"geometry":{"type":"LineString","coordinates":[[-2.2197862,53.848488],[-2.2197778,53.8484668]]}},
{"type":"Feature","properties":{"id":37072,"nach":0.62051806286011912},"geometry":{"type":"LineString","coordinates":[[-2.2194802,53.848509],[-2.2197778,53.8484668]]}},
{"type":"Feature","properties":{"id":37076,"nach":0.5063541071774984},"geometry":{"type":"LineString","coordinates":[[-2.219307300000011,53.8480476],[-2.2194802,53.848509]]}},
{"type":"Feature","properties":{"id":37091,"nach":0.56855711168213219},"geometry":{"type":"LineString","coordinates":[[-2.219725,53.8474954],[-2.2199338,53.8479519]]}},
{"type":"Feature","properties":{"id":25523,"nach":0.50000346314430333},"geometry":{"type":"LineString","coordinates":[[-2.2201953,53.8481242],[-2.2201201,53.8479765],[-2.2200951,53.8479486],[-2.2200256,53.8479387],[-2.2199338,53.8479519]]}},
{"type":"Feature","properties":{"id":32349,"nach":0.64072549791933964},"geometry":{"type":"LineString","coordinates":[[-2.2197862,53.848488],[-2.22003040000001,53.8484421],[-2.2200868,53.8484389]]}},
{"type":"Feature","properties":{"id":13989,"nach":0.70090385557708157},"geometry":{"type":"LineString","coordinates":[[-2.2174708,53.8485023],[-2.2173062,53.848897300000012]]}},
{"type":"Feature","properties":{"id":14014,"nach":0.54109615917461007},"geometry":{"type":"LineString","coordinates":[[-2.217073,53.8484449],[-2.2174708,53.8485023]]}},
{"type":"Feature","properties":{"id":14019,"nach":0.65534674228577083},"geometry":{"type":"LineString","coordinates":[[-2.217148,53.8482692],[-2.217073,53.8484449]]}},
{"type":"Feature","properties":{"id":14020,"nach":0.54186934308641377},"geometry":{"type":"LineString","coordinates":[[-2.217148,53.8482692],[-2.2164457,53.848157]]}},
{"type":"Feature","properties":{"id":15051,"nach":0.66507949331681071},"geometry":{"type":"LineString","coordinates":[[-2.2172377,53.8480589],[-2.217148,53.8482692]]}},
{"type":"Feature","properties":{"id":15048,"nach":0.49141752598833233},"geometry":{"type":"LineString","coordinates":[[-2.2172377,53.8480589],[-2.2159356,53.8478479]]}},
{"type":"Feature","properties":{"id":15050,"nach":0.6726805891209241},"geometry":{"type":"LineString","coordinates":[[-2.2172377,53.8480589],[-2.2174837,53.8474824]]}},
{"type":"Feature","properties":{"id":14033,"nach":0.31564530922314066},"geometry":{"type":"LineString","coordinates":[[-2.2177215,53.8469253],[-2.2174837,53.8474824]]}},
{"type":"Feature","properties":{"id":14028,"nach":0.57452971245117124},"geometry":{"type":"LineString","coordinates":[[-2.2168109,53.8472357],[-2.2169495,53.8473668],[-2.2170406,53.8474064],[-2.2174837,53.8474824]]}},
{"type":"Feature","properties":{"id":14027,"nach":0.48936942353530766},"geometry":{"type":"LineString","coordinates":[[-2.2168109,53.8472357],[-2.216759,53.8471501],[-2.2167671,53.8470709],[-2.216979,53.8468842],[-2.2172016,53.8467798]]}},
{"type":"Feature","properties":{"id":14029,"nach":0.48693942337759705},"geometry":{"type":"LineString","coordinates":[[-2.2168153,53.8475551],[-2.2165927,53.8476263],[-2.216405,53.8475915],[-2.2163674,53.8474918],[-2.2164157,53.8474017],[-2.2164908,53.8473431],[-2.2168109,53.8472357]]}},
{"type":"Feature","properties":{"id":20941,"nach":0.62663746640202633},"geometry":{"type":"LineString","coordinates":[[-2.2244949,53.841446],[-2.2249466,53.84099350000001]]}},
{"type":"Feature","properties":{"id":14227,"nach":0.697818887487616},"geometry":{"type":"LineString","coordinates":[[-2.2258713,53.841312500000015],[-2.2249466,53.84099350000001]]}},
{"type":"Feature","properties":{"id":20942,"nach":0.63542839742908608},"geometry":{"type":"LineString","coordinates":[[-2.2244949,53.841446],[-2.224362,53.8414065]]}},
{"type":"Feature","properties":{"id":26312,"nach":0.63721159235017599},"geometry":{"type":"LineString","coordinates":[[-2.2241787,53.841754],[-2.2244949,53.841446]]}},
{"type":"Feature","properties":{"id":37153,"nach":0.6939522285528481},"geometry":{"type":"LineString","coordinates":[[-2.2265621,53.841551200000012],[-2.2258713,53.841312500000015]]}},
{"type":"Feature","properties":{"id":14231,"nach":0.46860783858772931},"geometry":{"type":"LineString","coordinates":[[-2.2266759,53.840506900000015],[-2.2258713,53.841312500000015]]}},
{"type":"Feature","properties":{"id":14267,"nach":0.61423790029502767},"geometry":{"type":"LineString","coordinates":[[-2.2272243,53.8387881],[-2.2268325,53.8391651]]}},
{"type":"Feature","properties":{"id":23790,"nach":0.60501871018510778},"geometry":{"type":"LineString","coordinates":[[-2.2276628,53.838947],[-2.2272243,53.8387881]]}},
{"type":"Feature","properties":{"id":26319,"nach":0.63632650109704236},"geometry":{"type":"LineString","coordinates":[[-2.2272489,53.8385422],[-2.2271967,53.8385275],[-2.2269826,53.838424]]}},
{"type":"Feature","properties":{"id":26320,"nach":0.33509728501092301},"geometry":{"type":"LineString","coordinates":[[-2.2272489,53.8385422],[-2.227526,53.8383392],[-2.2281829,53.8380506]]}},
{"type":"Feature","properties":{"id":26313,"nach":0.63523912336940092},"geometry":{"type":"LineString","coordinates":[[-2.2241787,53.841754],[-2.2241547,53.8417777]]}},
{"type":"Feature","properties":{"id":14197,"nach":0.58411561453757388},"geometry":{"type":"LineString","coordinates":[[-2.2248681,53.84209580000001],[-2.2247447,53.842016700000016],[-2.2241547,53.8417777]]}},
{"type":"Feature","properties":{"id":14193,"nach":0.55759793852604322},"geometry":{"type":"LineString","coordinates":[[-2.2236703,53.8422974],[-2.2241019,53.8418343],[-2.2241547,53.8417777]]}},
{"type":"Feature","properties":{"id":32299,"nach":0.64403729522352005},"geometry":{"type":"LineString","coordinates":[[-2.2241787,53.841754],[-2.223336663197467,53.843537452083197]]}},
{"type":"Feature","properties":{"id":14202,"nach":0.56384404129841803},"geometry":{"type":"LineString","coordinates":[[-2.2251095,53.8422667],[-2.2248681,53.84209580000001]]}},
{"type":"Feature","properties":{"id":14215,"nach":0.47336674818517216},"geometry":{"type":"LineString","coordinates":[[-2.2255199,53.8415356],[-2.225426,53.8415957],[-2.2252255,53.841745200000013],[-2.225139,53.8418901],[-2.2250344,53.841997700000015],[-2.2248681,53.84209580000001]]}},
{"type":"Feature","properties":{"id":14194,"nach":0.47905768471252774},"geometry":{"type":"LineString","coordinates":[[-2.2235002,53.8424827],[-2.2236703,53.8422974]]}},
{"type":"Feature","properties":{"id":14195,"nach":0.46017075526497841},"geometry":{"type":"LineString","coordinates":[[-2.2237551,53.8431339],[-2.2238302,53.8430817],[-2.2240421,53.8429757],[-2.2241332,53.8428871],[-2.2241252,53.842781],[-2.2240395,53.842681399999989],[-2.2240153,53.8425278],[-2.2239563,53.8424297],[-2.2238597,53.8423712],[-2.2236703,53.8422974]]}},
{"type":"Feature","properties":{"id":14203,"nach":0.53870869941677413},"geometry":{"type":"LineString","coordinates":[[-2.2251095,53.8422667],[-2.2253992,53.8423712],[-2.2255709,53.8423838],[-2.2257345,53.8423411],[-2.2258364,53.84227150000001]]}},
{"type":"Feature","properties":{"id":14214,"nach":0.47594994047208666},"geometry":{"type":"LineString","coordinates":[[-2.2250666,53.842627500000027],[-2.2249754,53.842513600000011],[-2.22499420000001,53.8424107],[-2.2251095,53.8422667]]}},
{"type":"Feature","properties":{"id":14209,"nach":0.55531088441324328},"geometry":{"type":"LineString","coordinates":[[-2.22625030000001,53.8418022],[-2.2261395,53.8419202],[-2.2260107,53.8420341],[-2.2258364,53.84227150000001]]}},
{"type":"Feature","properties":{"id":14213,"nach":0.47221395447285608},"geometry":{"type":"LineString","coordinates":[[-2.2261502,53.842406],[-2.2261368,53.8423474],[-2.2258364,53.84227150000001]]}},
{"type":"Feature","properties":{"id":14210,"nach":0.54666396074079959},"geometry":{"type":"LineString","coordinates":[[-2.22625030000001,53.8418022],[-2.2266223,53.8419217],[-2.226807400000011,53.842030900000012]]}},
{"type":"Feature","properties":{"id":37154,"nach":0.60226950650542999},"geometry":{"type":"LineString","coordinates":[[-2.2265621,53.841551200000012],[-2.2263299,53.84171760000001],[-2.22625030000001,53.8418022]]}},
{"type":"Feature","properties":{"id":14211,"nach":0.46268431045280134},"geometry":{"type":"LineString","coordinates":[[-2.2269602,53.8419771],[-2.226807400000011,53.842030900000012]]}},
{"type":"Feature","properties":{"id":14212,"nach":0.46446228545446033},"geometry":{"type":"LineString","coordinates":[[-2.22677520000001,53.84208],[-2.226807400000011,53.842030900000012]]}},
{"type":"Feature","properties":{"id":37152,"nach":0.69393943206458297},"geometry":{"type":"LineString","coordinates":[[-2.2265621,53.841551200000012],[-2.2266679,53.8415878]]}},
{"type":"Feature","properties":{"id":14229,"nach":0.45531907782017256},"geometry":{"type":"LineString","coordinates":[[-2.22806,53.841208],[-2.2282879,53.84160210000001]]}},
{"type":"Feature","properties":{"id":14225,"nach":0.45565390368711001},"geometry":{"type":"LineString","coordinates":[[-2.2288968,53.841477],[-2.2282879,53.84160210000001]]}},
{"type":"Feature","properties":{"id":14221,"nach":0.54059388987685775},"geometry":{"type":"LineString","coordinates":[[-2.2271936,53.8417825],[-2.2273519,53.8417999],[-2.2275262,53.8417777],[-2.2282879,53.84160210000001]]}},
{"type":"Feature","properties":{"id":14222,"nach":0.69314948758541539},"geometry":{"type":"LineString","coordinates":[[-2.2266679,53.8415878],[-2.2271936,53.8417825]]}},
{"type":"Feature","properties":{"id":32218,"nach":0.69362784042304615},"geometry":{"type":"LineString","coordinates":[[-2.2278019,53.8421442],[-2.2276845,53.8420152],[-2.22751020000001,53.841948700000017],[-2.2271936,53.8417825]]}},
{"type":"Feature","properties":{"id":14230,"nach":0.45899809748827736},"geometry":{"type":"LineString","coordinates":[[-2.2274162,53.8408234],[-2.2266679,53.8415878]]}},
{"type":"Feature","properties":{"id":32216,"nach":0.66827672154833528},"geometry":{"type":"LineString","coordinates":[[-2.2278019,53.8421442],[-2.2282031,53.8420219]]}},
{"type":"Feature","properties":{"id":32217,"nach":0.60823365839841737},"geometry":{"type":"LineString","coordinates":[[-2.2278019,53.8421442],[-2.2272711,53.8422984]]}},
{"type":"Feature","properties":{"id":14239,"nach":0.57582695684813134},"geometry":{"type":"LineString","coordinates":[[-2.22773,53.8400036],[-2.2277032,53.8400337]]}},
{"type":"Feature","properties":{"id":14241,"nach":0.55706261933117018},"geometry":{"type":"LineString","coordinates":[[-2.2286191,53.840349],[-2.2277032,53.8400337]]}},
{"type":"Feature","properties":{"id":14279,"nach":0.0},"geometry":{"type":"LineString","coordinates":[[-2.2285027,53.8404622],[-2.2284156,53.8405469],[-2.2275047,53.8402426],[-2.2277032,53.8400337]]}},
{"type":"Feature","properties":{"id":25185,"nach":0.43321909576589446},"geometry":{"type":"LineString","coordinates":[[-2.2279291,53.839797699999984],[-2.22773,53.8400036]]}},
{"type":"Feature","properties":{"id":25181,"nach":0.58521843924351202},"geometry":{"type":"LineString","coordinates":[[-2.2268782,53.8397057],[-2.22773,53.8400036]]}},
{"type":"Feature","properties":{"id":14278,"nach":0.50618650228786344},"geometry":{"type":"LineString","coordinates":[[-2.2285027,53.8404622],[-2.2286191,53.840349]]}},
{"type":"Feature","properties":{"id":14270,"nach":0.53629640917675847},"geometry":{"type":"LineString","coordinates":[[-2.2287787,53.8401956],[-2.2286191,53.840349]]}},
{"type":"Feature","properties":{"id":37155,"nach":0.44727713770921051},"geometry":{"type":"LineString","coordinates":[[-2.2291347,53.8408404],[-2.2292589,53.840704700000011],[-2.2285027,53.8404622]]}},
{"type":"Feature","properties":{"id":23793,"nach":0.6188096110959187},"geometry":{"type":"LineString","coordinates":[[-2.2272717,53.8393178],[-2.2268325,53.8391651]]}},
{"type":"Feature","properties":{"id":25189,"nach":0.53749727499419475},"geometry":{"type":"LineString","coordinates":[[-2.2270853,53.8395016],[-2.2268782,53.8397057]]}},
{"type":"Feature","properties":{"id":25184,"nach":0.53265690046810865},"geometry":{"type":"LineString","coordinates":[[-2.2279291,53.839797699999984],[-2.22811090000001,53.8396096]]}},
{"type":"Feature","properties":{"id":25190,"nach":0.48615178624726557},"geometry":{"type":"LineString","coordinates":[[-2.2270853,53.8395016],[-2.2279291,53.839797699999984]]}},
{"type":"Feature","properties":{"id":30029,"nach":0.51756192918775545},"geometry":{"type":"LineString","coordinates":[[-2.2288444,53.84013250000001],[-2.2284488,53.8399893],[-2.2280441,53.8398394],[-2.2279291,53.839797699999984]]}},
{"type":"Feature","properties":{"id":30027,"nach":0.52523370716084683},"geometry":{"type":"LineString","coordinates":[[-2.2288444,53.84013250000001],[-2.2287787,53.8401956]]}},
{"type":"Feature","properties":{"id":14275,"nach":0.51007252321777419},"geometry":{"type":"LineString","coordinates":[[-2.2300799,53.8406425],[-2.2287787,53.8401956]]}},
{"type":"Feature","properties":{"id":37160,"nach":0.4728803068293953},"geometry":{"type":"LineString","coordinates":[[-2.2285067,53.8392256],[-2.2284864,53.8392456]]}},
{"type":"Feature","properties":{"id":25191,"nach":0.57336865604327669},"geometry":{"type":"LineString","coordinates":[[-2.2282933,53.8394328],[-2.2284864,53.8392456]]}},
{"type":"Feature","properties":{"id":25198,"nach":0.56459394575236854},"geometry":{"type":"LineString","coordinates":[[-2.2277269,53.838970300000014],[-2.2284864,53.8392456]]}},
{"type":"Feature","properties":{"id":37161,"nach":0.3634812841588268},"geometry":{"type":"LineString","coordinates":[[-2.2285067,53.8392256],[-2.2294243,53.8395749]]}},
{"type":"Feature","properties":{"id":25192,"nach":0.57562208803590642},"geometry":{"type":"LineString","coordinates":[[-2.2282933,53.8394328],[-2.22811090000001,53.8396096]]}},
{"type":"Feature","properties":{"id":25195,"nach":0.26987031763200009},"geometry":{"type":"LineString","coordinates":[[-2.22745460000001,53.8391403],[-2.2282933,53.8394328]]}},
{"type":"Feature","properties":{"id":25203,"nach":0.39581128920398917},"geometry":{"type":"LineString","coordinates":[[-2.2292284,53.8397633],[-2.2282933,53.8394328]]}},
{"type":"Feature","properties":{"id":25199,"nach":0.6069643897541408},"geometry":{"type":"LineString","coordinates":[[-2.2277269,53.838970300000014],[-2.2277085,53.8389636],[-2.2276628,53.838947]]}},
{"type":"Feature","properties":{"id":23794,"nach":0.56863931710757287},"geometry":{"type":"LineString","coordinates":[[-2.2272717,53.8393178],[-2.22811090000001,53.8396096]]}},
{"type":"Feature","properties":{"id":14263,"nach":0.51854905525898842},"geometry":{"type":"LineString","coordinates":[[-2.2290443,53.8399403],[-2.22811090000001,53.8396096]]}},
{"type":"Feature","properties":{"id":25188,"nach":0.46102593202980297},"geometry":{"type":"LineString","coordinates":[[-2.2270853,53.8395016],[-2.2272717,53.8393178]]}},
{"type":"Feature","properties":{"id":25196,"nach":0.5758104845318357},"geometry":{"type":"LineString","coordinates":[[-2.22745460000001,53.8391403],[-2.2273801,53.8392086],[-2.2272717,53.8393178]]}},
{"type":"Feature","properties":{"id":30028,"nach":0.4766199772155062},"geometry":{"type":"LineString","coordinates":[[-2.2288444,53.84013250000001],[-2.2290443,53.8399403]]}},
{"type":"Feature","properties":{"id":25201,"nach":0.53466434963665344},"geometry":{"type":"LineString","coordinates":[[-2.2292284,53.8397633],[-2.2290443,53.8399403]]}},
{"type":"Feature","properties":{"id":37157,"nach":0.51827064575132553},"geometry":{"type":"LineString","coordinates":[[-2.2294243,53.8395749],[-2.2296022,53.8394038]]}},
{"type":"Feature","properties":{"id":37156,"nach":0.52627230987076323},"geometry":{"type":"LineString","coordinates":[[-2.2294243,53.8395749],[-2.2292284,53.8397633]]}},
{"type":"Feature","properties":{"id":31823,"nach":0.44472496907963421},"geometry":{"type":"LineString","coordinates":[[-2.2306086,53.8399995],[-2.2307154,53.8399378],[-2.2308809,53.8398524],[-2.2309754,53.839717]]}},
{"type":"Feature","properties":{"id":25197,"nach":0.57154744203561225},"geometry":{"type":"LineString","coordinates":[[-2.22745460000001,53.8391403],[-2.2274954,53.839103],[-2.22759220000001,53.8390092],[-2.2276628,53.838947]]}},
{"type":"Feature","properties":{"id":14274,"nach":0.41962582671093851},"geometry":{"type":"LineString","coordinates":[[-2.2300799,53.8406425],[-2.2308206,53.8408969]]}},
{"type":"Feature","properties":{"id":14277,"nach":0.42371372726961903},"geometry":{"type":"LineString","coordinates":[[-2.2297122,53.8410244],[-2.2300799,53.8406425]]}},
{"type":"Feature","properties":{"id":21033,"nach":0.64578607970168223},"geometry":{"type":"LineString","coordinates":[[-2.2244064,53.8382897],[-2.2241933,53.8382278]]}},
{"type":"Feature","properties":{"id":21043,"nach":0.5603324576865315},"geometry":{"type":"LineString","coordinates":[[-2.2258768,53.8371549],[-2.2256715,53.8372328],[-2.2252222,53.8374033],[-2.2250049,53.8375252],[-2.2241933,53.8382278]]}},
{"type":"Feature","properties":{"id":25380,"nach":0.50581451563982938},"geometry":{"type":"LineString","coordinates":[[-2.2236213,53.839081],[-2.2243754,53.8392774],[-2.2242894,53.8394675]]}},
{"type":"Feature","properties":{"id":14291,"nach":0.61242792780237887},"geometry":{"type":"LineString","coordinates":[[-2.2280837,53.8351013],[-2.2274886,53.8351542]]}},
{"type":"Feature","properties":{"id":19741,"nach":0.68627016633574167},"geometry":{"type":"LineString","coordinates":[[-2.2267379,53.8352143],[-2.2274886,53.8351542]]}},
{"type":"Feature","properties":{"id":14294,"nach":0.6470864339562955},"geometry":{"type":"LineString","coordinates":[[-2.2281036,53.8352781],[-2.2276218,53.8351921],[-2.2274886,53.8351542]]}},
{"type":"Feature","properties":{"id":14293,"nach":0.51763636425707937},"geometry":{"type":"LineString","coordinates":[[-2.2281036,53.8352781],[-2.2280837,53.8351013]]}},
{"type":"Feature","properties":{"id":20646,"nach":0.62062821055263573},"geometry":{"type":"LineString","coordinates":[[-2.2292525,53.8340489],[-2.2289512,53.8340678],[-2.2288298,53.8340367],[-2.2284463,53.8338958],[-2.2282961,53.8338927],[-2.2281814,53.8339428],[-2.2280301,53.8340598],[-2.2279928,53.8341257],[-2.2279871,53.8342031],[-2.22799120000001,53.8342555],[-2.2280252,53.8345264],[-2.2280837,53.8351013]]}},
{"type":"Feature","properties":{"id":19740,"nach":0.50773695135030272},"geometry":{"type":"LineString","coordinates":[[-2.2267379,53.8352143],[-2.2266873,53.8352183]]}},
{"type":"Feature","properties":{"id":21123,"nach":0.77694684475001674},"geometry":{"type":"LineString","coordinates":[[-2.2267379,53.8352143],[-2.226239069242629,53.83506969868828]]}},
{"type":"Feature","properties":{"id":14295,"nach":0.65621797093181833},"geometry":{"type":"LineString","coordinates":[[-2.2281036,53.8352781],[-2.2282181,53.8353569],[-2.2282611,53.8356212],[-2.228283,53.835748599999988]]}},
{"type":"Feature","properties":{"id":23918,"nach":0.6170766257911029},"geometry":{"type":"LineString","coordinates":[[-2.228465,53.8357434],[-2.228283,53.835748599999988]]}},
{"type":"Feature","properties":{"id":29480,"nach":0.61715745526267696},"geometry":{"type":"LineString","coordinates":[[-2.228090100000011,53.836195600000011],[-2.228124,53.836170500000016],[-2.2281835,53.8360982],[-2.2282277,53.836042699999986],[-2.2282584,53.8359156],[-2.228283,53.835748599999988]]}},
{"type":"Feature","properties":{"id":23920,"nach":0.58699136479008485},"geometry":{"type":"LineString","coordinates":[[-2.228465,53.8357434],[-2.2292152,53.8357221],[-2.2292473,53.8357212]]}},
{"type":"Feature","properties":{"id":23919,"nach":0.53034585051023819},"geometry":{"type":"LineString","coordinates":[[-2.228465,53.8357434],[-2.22848910000001,53.83592860000001]]}},
{"type":"Feature","properties":{"id":29481,"nach":0.60983527822740369},"geometry":{"type":"LineString","coordinates":[[-2.228090100000011,53.836195600000011],[-2.2280375,53.8362347],[-2.2278073,53.836388],[-2.2276009,53.836483300000012]]}},
{"type":"Feature","properties":{"id":29483,"nach":0.46079110652953931},"geometry":{"type":"LineString","coordinates":[[-2.2263275,53.8366189],[-2.2272867,53.836145],[-2.227402,53.8361231],[-2.2275879,53.8361143],[-2.2277403,53.8361143],[-2.2278816,53.836140599999986],[-2.228090100000011,53.836195600000011]]}},
{"type":"Feature","properties":{"id":20647,"nach":0.63089523887671461},"geometry":{"type":"LineString","coordinates":[[-2.2292525,53.8340489],[-2.2294555,53.8340361],[-2.2294927,53.834025]]}},
{"type":"Feature","properties":{"id":20650,"nach":0.46199908099070153},"geometry":{"type":"LineString","coordinates":[[-2.2288223,53.8335525],[-2.2291929,53.83381210000001],[-2.2292329,53.833884500000011],[-2.2292542,53.8339789],[-2.2292525,53.8340489]]}},
{"type":"Feature","properties":{"id":20661,"nach":0.55902103464669439},"geometry":{"type":"LineString","coordinates":[[-2.2291991,53.8341979],[-2.2291991,53.834178],[-2.2292193,53.834109199999986],[-2.2292525,53.8340489]]}},
{"type":"Feature","properties":{"id":14309,"nach":0.37439968697562037},"geometry":{"type":"LineString","coordinates":[[-2.2292617,53.8359064],[-2.2292473,53.8357212]]}},
{"type":"Feature","properties":{"id":14305,"nach":0.58367772207031765},"geometry":{"type":"LineString","coordinates":[[-2.2294835,53.835401],[-2.229224,53.83540270000001],[-2.2292473,53.8357212]]}},
{"type":"Feature","properties":{"id":14307,"nach":0.59808157942512141},"geometry":{"type":"LineString","coordinates":[[-2.2292617,53.8359064],[-2.22848910000001,53.83592860000001]]}},
{"type":"Feature","properties":{"id":14310,"nach":0.58778666738435781},"geometry":{"type":"LineString","coordinates":[[-2.2295171,53.8359002],[-2.2292617,53.8359064]]}},
{"type":"Feature","properties":{"id":14312,"nach":0.57757847754919645},"geometry":{"type":"LineString","coordinates":[[-2.2295171,53.8359002],[-2.2294835,53.835401]]}},
{"type":"Feature","properties":{"id":24349,"nach":0.63101081512353108},"geometry":{"type":"LineString","coordinates":[[-2.2298849,53.8350997],[-2.2300137,53.8352617],[-2.2295781,53.835398],[-2.2294835,53.835401]]}},
{"type":"Feature","properties":{"id":20936,"nach":0.58270928040984205},"geometry":{"type":"LineString","coordinates":[[-2.2277812,53.8365849],[-2.2279221,53.8365251],[-2.2281347,53.83638],[-2.2282504,53.8363087],[-2.2283716,53.836213300000011],[-2.2284748,53.8361165],[-2.2285052,53.8360251],[-2.22848910000001,53.83592860000001]]}},
{"type":"Feature","properties":{"id":20933,"nach":0.5913720920651615},"geometry":{"type":"LineString","coordinates":[[-2.2277812,53.8365849],[-2.2276009,53.836483300000012]]}},
{"type":"Feature","properties":{"id":25305,"nach":0.4833125900704231},"geometry":{"type":"LineString","coordinates":[[-2.22813370000001,53.8365374],[-2.2277812,53.8365849]]}},
{"type":"Feature","properties":{"id":21045,"nach":0.62221785893888448},"geometry":{"type":"LineString","coordinates":[[-2.2261872,53.837285],[-2.2264377,53.8371115],[-2.2267966,53.8369441],[-2.2274973,53.8366727],[-2.2277812,53.8365849]]}},
{"type":"Feature","properties":{"id":14311,"nach":0.48139506639334984},"geometry":{"type":"LineString","coordinates":[[-2.2295171,53.8359002],[-2.2298861,53.8358883]]}},
{"type":"Feature","properties":{"id":24348,"nach":0.56866692087295101},"geometry":{"type":"LineString","coordinates":[[-2.2298849,53.8350997],[-2.229745,53.8350937],[-2.2295559,53.8347082],[-2.2295302,53.8345307],[-2.2295602,53.8343938],[-2.2295645,53.8342391]]}},
{"type":"Feature","properties":{"id":24347,"nach":0.61420064753113912},"geometry":{"type":"LineString","coordinates":[[-2.2298849,53.8350997],[-2.2312112,53.834833300000021]]}},
{"type":"Feature","properties":{"id":20295,"nach":0.51401383488649566},"geometry":{"type":"LineString","coordinates":[[-2.22314,53.8353319],[-2.2235928,53.8350303]]}},
{"type":"Feature","properties":{"id":24761,"nach":0.53479982579789109},"geometry":{"type":"LineString","coordinates":[[-2.2222857,53.8359046],[-2.2224824,53.8360061]]}},
{"type":"Feature","properties":{"id":39409,"nach":0.76969997393617773},"geometry":{"type":"LineString","coordinates":[[-2.2149509,53.8363996],[-2.2146338,53.836755599999989]]}},
{"type":"Feature","properties":{"id":39412,"nach":0.47993095357456672},"geometry":{"type":"LineString","coordinates":[[-2.2142687,53.8365891],[-2.2144758,53.8367027],[-2.2146338,53.836755599999989]]}},
{"type":"Feature","properties":{"id":19191,"nach":0.72476146344542425},"geometry":{"type":"LineString","coordinates":[[-2.2141311,53.83833760000001],[-2.2145446,53.83837650000001]]}},
{"type":"Feature","properties":{"id":37179,"nach":0.63762815229297132},"geometry":{"type":"LineString","coordinates":[[-2.2144489,53.838642],[-2.2145446,53.83837650000001]]}},
{"type":"Feature","properties":{"id":14545,"nach":0.68222027153853015},"geometry":{"type":"LineString","coordinates":[[-2.2351357,53.8331994],[-2.2342452,53.8322101]]}},
{"type":"Feature","properties":{"id":32627,"nach":0.68080661841090373},"geometry":{"type":"LineString","coordinates":[[-2.2344545,53.8321317],[-2.2342452,53.8322101]]}},
{"type":"Feature","properties":{"id":14541,"nach":0.66175796081472971},"geometry":{"type":"LineString","coordinates":[[-2.2327888,53.8326264],[-2.2337322,53.8323694],[-2.2340094,53.8322946],[-2.2342452,53.8322101]]}},
{"type":"Feature","properties":{"id":21228,"nach":0.66714676098615844},"geometry":{"type":"LineString","coordinates":[[-2.235686,53.8330618],[-2.2351357,53.8331994]]}},
{"type":"Feature","properties":{"id":21223,"nach":0.59989989231902485},"geometry":{"type":"LineString","coordinates":[[-2.2346392,53.8333197],[-2.2351357,53.8331994]]}},
{"type":"Feature","properties":{"id":32628,"nach":0.67304547850327934},"geometry":{"type":"LineString","coordinates":[[-2.2344545,53.8321317],[-2.2343096,53.8319702],[-2.2344765,53.831833],[-2.2346815,53.831626],[-2.234766,53.83151],[-2.2347347,53.8314863]]}},
{"type":"Feature","properties":{"id":32632,"nach":0.63727102841614192},"geometry":{"type":"LineString","coordinates":[[-2.2346549,53.8320565],[-2.2344545,53.8321317]]}},
{"type":"Feature","properties":{"id":14540,"nach":0.65803633282095153},"geometry":{"type":"LineString","coordinates":[[-2.2327888,53.8326264],[-2.2317186,53.8329176]]}},
{"type":"Feature","properties":{"id":19745,"nach":0.53366683880039745},"geometry":{"type":"LineString","coordinates":[[-2.2325198,53.8322592],[-2.2327888,53.8326264]]}},
{"type":"Feature","properties":{"id":19750,"nach":0.53578459534472622},"geometry":{"type":"LineString","coordinates":[[-2.2315069,53.832666],[-2.2317186,53.8329176]]}},
{"type":"Feature","properties":{"id":20643,"nach":0.65668169889870398},"geometry":{"type":"LineString","coordinates":[[-2.2312077,53.83306240000001],[-2.2315582,53.8329631],[-2.2317186,53.8329176]]}},
{"type":"Feature","properties":{"id":19751,"nach":0.45289981953934416},"geometry":{"type":"LineString","coordinates":[[-2.2315069,53.832666],[-2.2313825,53.832518]]}},
{"type":"Feature","properties":{"id":19752,"nach":0.45289981953934416},"geometry":{"type":"LineString","coordinates":[[-2.2315069,53.832666],[-2.2317484,53.8325976]]}},
{"type":"Feature","properties":{"id":20644,"nach":0.65760592557474318},"geometry":{"type":"LineString","coordinates":[[-2.2312077,53.83306240000001],[-2.2309309,53.8331409],[-2.2308629,53.833153],[-2.2307974,53.8331607],[-2.2306485,53.8331662],[-2.2305879,53.8331647],[-2.2305458,53.8331631]]}},
{"type":"Feature","properties":{"id":20645,"nach":0.45198781893404366},"geometry":{"type":"LineString","coordinates":[[-2.2316245,53.8337178],[-2.2312786,53.8331739],[-2.2312077,53.83306240000001]]}},
{"type":"Feature","properties":{"id":29241,"nach":0.57855532007159272},"geometry":{"type":"LineString","coordinates":[[-2.2349592,53.8319316],[-2.23554930000001,53.8316535]]}},
{"type":"Feature","properties":{"id":32634,"nach":0.60321795966973102},"geometry":{"type":"LineString","coordinates":[[-2.2346549,53.8320565],[-2.2347817,53.832009],[-2.2349592,53.8319316]]}},
{"type":"Feature","properties":{"id":29244,"nach":0.45389512569871743},"geometry":{"type":"LineString","coordinates":[[-2.2355225,53.832022],[-2.2352625,53.8321324],[-2.2352476,53.8321352],[-2.2352344,53.8321341],[-2.2352207,53.8321296],[-2.2349592,53.8319316]]}},
{"type":"Feature","properties":{"id":14535,"nach":0.59513288877930537},"geometry":{"type":"LineString","coordinates":[[-2.2303747,53.8330276],[-2.2303514,53.8331499]]}},
{"type":"Feature","properties":{"id":20009,"nach":0.6118711522194259},"geometry":{"type":"LineString","coordinates":[[-2.2305458,53.8331631],[-2.2303514,53.8331499]]}},
{"type":"Feature","properties":{"id":39226,"nach":0.65586198210124691},"geometry":{"type":"LineString","coordinates":[[-2.230496,53.8336364],[-2.2304593,53.8335742],[-2.2304211,53.833491],[-2.2303863,53.833385400000012],[-2.2303776,53.833335900000016],[-2.2303617,53.8332579],[-2.2303514,53.8331499]]}},
{"type":"Feature","properties":{"id":20013,"nach":0.49701871825756733},"geometry":{"type":"LineString","coordinates":[[-2.2304504,53.8330267],[-2.2303747,53.8330276]]}},
{"type":"Feature","properties":{"id":39227,"nach":0.0},"geometry":{"type":"LineString","coordinates":[[-2.230496,53.8336364],[-2.2304261,53.83364490000001],[-2.2304102,53.833609],[-2.2303677,53.833491],[-2.2303143,53.8333544],[-2.2302894,53.8331488],[-2.2303052,53.8330245],[-2.2303747,53.8330276]]}},
{"type":"Feature","properties":{"id":20014,"nach":0.47563602484074613},"geometry":{"type":"LineString","coordinates":[[-2.2304504,53.8330267],[-2.2304604,53.8330674],[-2.2304914,53.833091],[-2.2305388,53.83310190000001],[-2.2305458,53.8331631]]}},
{"type":"Feature","properties":{"id":22189,"nach":0.58708010598989591},"geometry":{"type":"LineString","coordinates":[[-2.2308774,53.834111600000014],[-2.230797,53.833984],[-2.2305904,53.8336737],[-2.2304858,53.8334885],[-2.2304483,53.833346],[-2.2304456,53.833297],[-2.2304577,53.8332693],[-2.2304872,53.8332456],[-2.2305162,53.8332307],[-2.2305532,53.8332222],[-2.2305458,53.8331631]]}},
{"type":"Feature","properties":{"id":39225,"nach":0.65724801909386132},"geometry":{"type":"LineString","coordinates":[[-2.230496,53.8336364],[-2.2305308,53.8336953]]}},
{"type":"Feature","properties":{"id":21553,"nach":0.22099471184419736},"geometry":{"type":"LineString","coordinates":[[-2.2347347,53.8314863],[-2.2345759,53.8316379],[-2.2343389,53.8317425],[-2.2340832,53.8317935],[-2.2336582,53.8318389],[-2.2332893,53.8318334],[-2.232862,53.8318203],[-2.2324382,53.831832],[-2.2320856,53.831871299999989],[-2.2316513,53.8319705],[-2.2314283,53.8320463],[-2.2311026,53.8322007],[-2.2307068,53.832521],[-2.2305153,53.832765],[-2.2304504,53.8330267]]}},
{"type":"Feature","properties":{"id":19746,"nach":0.45146372525402728},"geometry":{"type":"LineString","coordinates":[[-2.2325198,53.8322592],[-2.2324513,53.832165700000012]]}},
{"type":"Feature","properties":{"id":19748,"nach":0.45076218104968463},"geometry":{"type":"LineString","coordinates":[[-2.232278,53.832322],[-2.2325198,53.8322592]]}},
{"type":"Feature","properties":{"id":29238,"nach":0.66453180299171788},"geometry":{"type":"LineString","coordinates":[[-2.236014,53.8329801],[-2.235686,53.8330618]]}},
{"type":"Feature","properties":{"id":21232,"nach":0.0},"geometry":{"type":"LineString","coordinates":[[-2.234336,53.8333923],[-2.2344501,53.83351480000001],[-2.2355927,53.8342768],[-2.2357378,53.8342832],[-2.2362964,53.8341484],[-2.2364233,53.8340735],[-2.2364342,53.8340178],[-2.2357476,53.8331405],[-2.235686,53.8330618]]}},
{"type":"Feature","properties":{"id":22241,"nach":0.58257758283540895},"geometry":{"type":"LineString","coordinates":[[-2.23449150000001,53.8333555],[-2.2346392,53.8333197]]}},
{"type":"Feature","properties":{"id":21226,"nach":0.43070912224464686},"geometry":{"type":"LineString","coordinates":[[-2.2341601,53.8324289],[-2.2347138,53.8331015],[-2.2346436,53.8331398],[-2.2345923,53.8331892],[-2.2346139,53.8332545],[-2.2346392,53.8333197]]}},
{"type":"Feature","properties":{"id":21230,"nach":0.54507667654411163},"geometry":{"type":"LineString","coordinates":[[-2.234336,53.8333923],[-2.2338336,53.8335045]]}},
{"type":"Feature","properties":{"id":22245,"nach":0.50961864585729666},"geometry":{"type":"LineString","coordinates":[[-2.2338325,53.833924800000013],[-2.2338336,53.8335045]]}},
{"type":"Feature","properties":{"id":21222,"nach":0.41015734509715823},"geometry":{"type":"LineString","coordinates":[[-2.2318967,53.8330626],[-2.2322752,53.8335771],[-2.2323776,53.83361],[-2.2327375,53.833604500000014],[-2.2330043,53.8335862],[-2.2333176,53.8335423],[-2.233572,53.8335423],[-2.2336551,53.8335444],[-2.2338336,53.8335045]]}},
{"type":"Feature","properties":{"id":22242,"nach":0.56001626437871854},"geometry":{"type":"LineString","coordinates":[[-2.23449150000001,53.8333555],[-2.2343847,53.8333814],[-2.234336,53.8333923]]}},
{"type":"Feature","properties":{"id":22246,"nach":0.42882091181787069},"geometry":{"type":"LineString","coordinates":[[-2.2338325,53.833924800000013],[-2.2338322,53.8340399]]}},
{"type":"Feature","properties":{"id":22248,"nach":0.42695948220432184},"geometry":{"type":"LineString","coordinates":[[-2.2332287,53.8339487],[-2.2338325,53.833924800000013]]}},
{"type":"Feature","properties":{"id":23677,"nach":0.66144505310776192},"geometry":{"type":"LineString","coordinates":[[-2.2302205,53.833754499999984],[-2.2300107,53.8338035]]}},
{"type":"Feature","properties":{"id":20653,"nach":0.58568655165246786},"geometry":{"type":"LineString","coordinates":[[-2.2299427,53.8337285],[-2.2299705,53.8337597],[-2.2300107,53.8338035]]}},
{"type":"Feature","properties":{"id":19739,"nach":0.64959250883189046},"geometry":{"type":"LineString","coordinates":[[-2.2294927,53.834025],[-2.229575500000011,53.834000299999978],[-2.2300107,53.8338035]]}},
{"type":"Feature","properties":{"id":23679,"nach":0.66290532419987891},"geometry":{"type":"LineString","coordinates":[[-2.2302205,53.833754499999984],[-2.2302627,53.8337447],[-2.2304688,53.8337067],[-2.2305308,53.8336953]]}},
{"type":"Feature","properties":{"id":20654,"nach":0.46226666710067671},"geometry":{"type":"LineString","coordinates":[[-2.2294048,53.8339425],[-2.2299427,53.8337285]]}},
{"type":"Feature","properties":{"id":20656,"nach":0.54387339943116797},"geometry":{"type":"LineString","coordinates":[[-2.2298026,53.8336377],[-2.22987970000001,53.8336812],[-2.2299427,53.8337285]]}},
{"type":"Feature","properties":{"id":19738,"nach":0.58417501126094273},"geometry":{"type":"LineString","coordinates":[[-2.2294927,53.834025],[-2.22952590000001,53.8340793],[-2.2295645,53.8342391]]}},
{"type":"Feature","properties":{"id":29381,"nach":0.62150087080396921},"geometry":{"type":"LineString","coordinates":[[-2.2307014,53.8339844],[-2.2305308,53.8336953]]}},
{"type":"Feature","properties":{"id":29382,"nach":0.61789701985893319},"geometry":{"type":"LineString","coordinates":[[-2.2307014,53.8339844],[-2.2307802,53.834118]]}},
{"type":"Feature","properties":{"id":29384,"nach":0.46089764582289183},"geometry":{"type":"LineString","coordinates":[[-2.2300493,53.834157],[-2.2307014,53.8339844]]}},
{"type":"Feature","properties":{"id":19758,"nach":0.67532745710556397},"geometry":{"type":"LineString","coordinates":[[-2.2315102,53.835319],[-2.231769,53.8357393]]}},
{"type":"Feature","properties":{"id":20713,"nach":0.58794954142014433},"geometry":{"type":"LineString","coordinates":[[-2.2324508,53.8355307],[-2.231769,53.8357393]]}},
{"type":"Feature","properties":{"id":22173,"nach":0.67639961258920944},"geometry":{"type":"LineString","coordinates":[[-2.2314581,53.8352344],[-2.2315102,53.835319]]}},
{"type":"Feature","properties":{"id":19760,"nach":0.45568790253318586},"geometry":{"type":"LineString","coordinates":[[-2.230665,53.835498],[-2.2315102,53.835319]]}},
{"type":"Feature","properties":{"id":25205,"nach":0.50830510186287869},"geometry":{"type":"LineString","coordinates":[[-2.2341531,53.8350097],[-2.2324508,53.8355307]]}},
{"type":"Feature","properties":{"id":20719,"nach":0.53859920143300366},"geometry":{"type":"LineString","coordinates":[[-2.2325651,53.8356595],[-2.2324508,53.8355307]]}},
{"type":"Feature","properties":{"id":25204,"nach":0.42912094738782547},"geometry":{"type":"LineString","coordinates":[[-2.2341531,53.8350097],[-2.2344518,53.8349183]]}},
{"type":"Feature","properties":{"id":25207,"nach":0.41798626641176517},"geometry":{"type":"LineString","coordinates":[[-2.233995,53.8354834],[-2.2344362,53.8353588],[-2.2341531,53.8350097]]}},
{"type":"Feature","properties":{"id":20668,"nach":0.63647331680159036},"geometry":{"type":"LineString","coordinates":[[-2.2348405,53.8374822],[-2.2349131,53.837456900000014]]}},
{"type":"Feature","properties":{"id":27674,"nach":0.58808605303012051},"geometry":{"type":"LineString","coordinates":[[-2.2350622,53.8376251],[-2.2349131,53.837456900000014]]}},
{"type":"Feature","properties":{"id":21129,"nach":0.61721022518968316},"geometry":{"type":"LineString","coordinates":[[-2.2356841,53.8371338],[-2.2352485,53.8373401],[-2.2349131,53.837456900000014]]}},
{"type":"Feature","properties":{"id":20673,"nach":0.6170744864986254},"geometry":{"type":"LineString","coordinates":[[-2.2346289,53.8373093],[-2.2348405,53.8374822]]}},
{"type":"Feature","properties":{"id":29471,"nach":0.49846723808031712},"geometry":{"type":"LineString","coordinates":[[-2.2354757,53.838052500000011],[-2.2350622,53.8376251]]}},
{"type":"Feature","properties":{"id":27683,"nach":0.54890747763827341},"geometry":{"type":"LineString","coordinates":[[-2.2352759,53.8375455],[-2.2352077,53.8375722],[-2.2350622,53.8376251]]}},
{"type":"Feature","properties":{"id":27669,"nach":0.5947104933501377},"geometry":{"type":"LineString","coordinates":[[-2.2357822,53.837089],[-2.2356841,53.8371338]]}},
{"type":"Feature","properties":{"id":35398,"nach":0.56126096719580654},"geometry":{"type":"LineString","coordinates":[[-2.23591220000001,53.837301399999987],[-2.2356841,53.8371338]]}},
{"type":"Feature","properties":{"id":20664,"nach":0.48550394382414802},"geometry":{"type":"LineString","coordinates":[[-2.2372579,53.8370992],[-2.2364745,53.8366878]]}},
{"type":"Feature","properties":{"id":27670,"nach":0.58513527463838189},"geometry":{"type":"LineString","coordinates":[[-2.2357822,53.837089],[-2.2361193,53.8369277],[-2.2364745,53.8366878]]}},
{"type":"Feature","properties":{"id":35390,"nach":0.57018564954131745},"geometry":{"type":"LineString","coordinates":[[-2.2372095,53.8361906],[-2.2370703,53.8362854],[-2.2364745,53.8366878]]}},
{"type":"Feature","properties":{"id":27672,"nach":0.40716269953716694},"geometry":{"type":"LineString","coordinates":[[-2.236472,53.8363495],[-2.23635060000001,53.8364101],[-2.2360704,53.8365341],[-2.2358042,53.8366471],[-2.2354913,53.836790400000019],[-2.23545860000001,53.8368317],[-2.2354867,53.8368675],[-2.2355427,53.8369199],[-2.2357822,53.837089]]}},
{"type":"Feature","properties":{"id":35392,"nach":0.52058986300738896},"geometry":{"type":"LineString","coordinates":[[-2.23568630000001,53.83550850000001],[-2.2361059,53.835767],[-2.2361705,53.83579450000002],[-2.2363948,53.8358528],[-2.2366047,53.8359152],[-2.2372095,53.8361906]]}},
{"type":"Feature","properties":{"id":37151,"nach":0.4588540925123375},"geometry":{"type":"LineString","coordinates":[[-2.2287365,53.8432189],[-2.2281854,53.8432807]]}},
{"type":"Feature","properties":{"id":37145,"nach":0.61904484714367658},"geometry":{"type":"LineString","coordinates":[[-2.2279825,53.8436092],[-2.228093,53.8434368],[-2.2281854,53.8432807]]}},
{"type":"Feature","properties":{"id":32293,"nach":0.60991643655204286},"geometry":{"type":"LineString","coordinates":[[-2.2279016,53.8432237],[-2.227953800000011,53.8432383],[-2.2281854,53.8432807]]}},
{"type":"Feature","properties":{"id":37776,"nach":0.58471265216593038},"geometry":{"type":"LineString","coordinates":[[-2.2285486,53.8438155],[-2.2283931,53.8437328],[-2.2282647,53.843684],[-2.2279825,53.8436092]]}},
{"type":"Feature","properties":{"id":32292,"nach":0.43112437382417412},"geometry":{"type":"LineString","coordinates":[[-2.2279016,53.8432237],[-2.2278556,53.8432108],[-2.2275833,53.8431618]]}},
{"type":"Feature","properties":{"id":32294,"nach":0.60052170483758494},"geometry":{"type":"LineString","coordinates":[[-2.227454,53.84331370000001],[-2.2279016,53.8432237]]}},
{"type":"Feature","properties":{"id":19284,"nach":0.73599911665654505},"geometry":{"type":"LineString","coordinates":[[-2.22034760000001,53.8449301],[-2.2202766,53.8449198]]}},
{"type":"Feature","properties":{"id":19262,"nach":0.0},"geometry":{"type":"LineString","coordinates":[[-2.2208985,53.8449722],[-2.2208786,53.8450801],[-2.2203265,53.8450477],[-2.2202766,53.8449198]]}},
{"type":"Feature","properties":{"id":19263,"nach":0.58782770982518184},"geometry":{"type":"LineString","coordinates":[[-2.22264020000001,53.8441609],[-2.2228919,53.8441787]]}},
{"type":"Feature","properties":{"id":16305,"nach":0.50162173168799329},"geometry":{"type":"LineString","coordinates":[[-2.223131,53.8441956],[-2.2228919,53.8441787]]}},
{"type":"Feature","properties":{"id":19266,"nach":0.61506574989919394},"geometry":{"type":"LineString","coordinates":[[-2.222833,53.8445354],[-2.2228919,53.8441787]]}},
{"type":"Feature","properties":{"id":19264,"nach":0.0},"geometry":{"type":"LineString","coordinates":[[-2.22264020000001,53.8441609],[-2.2225815,53.8445184],[-2.222833,53.8445354]]}},
{"type":"Feature","properties":{"id":19303,"nach":0.57533080758350141},"geometry":{"type":"LineString","coordinates":[[-2.2215524,53.8441491],[-2.2219477,53.8441744],[-2.22220510000001,53.8441301],[-2.22264020000001,53.8441609]]}},
{"type":"Feature","properties":{"id":16306,"nach":0.44756189922154505},"geometry":{"type":"LineString","coordinates":[[-2.223131,53.8441956],[-2.2233692,53.844212400000011]]}},
{"type":"Feature","properties":{"id":16304,"nach":0.14518123900652205},"geometry":{"type":"LineString","coordinates":[[-2.223131,53.8441956],[-2.2229588,53.845203]]}},
{"type":"Feature","properties":{"id":19285,"nach":0.71901946478493095},"geometry":{"type":"LineString","coordinates":[[-2.22034760000001,53.8449301],[-2.220451,53.8449451],[-2.2208985,53.8449722]]}},
{"type":"Feature","properties":{"id":19286,"nach":0.59674289711180306},"geometry":{"type":"LineString","coordinates":[[-2.22034760000001,53.8449301],[-2.2203797,53.8448795],[-2.220529700000012,53.844652]]}},
{"type":"Feature","properties":{"id":16312,"nach":0.40471936941827535},"geometry":{"type":"LineString","coordinates":[[-2.22036520000001,53.8440732],[-2.2203356,53.84422510000001]]}},
{"type":"Feature","properties":{"id":16318,"nach":0.40597053927221721},"geometry":{"type":"LineString","coordinates":[[-2.2201801,53.8440083],[-2.22036520000001,53.8440732]]}},
{"type":"Feature","properties":{"id":19302,"nach":0.5530042251530598},"geometry":{"type":"LineString","coordinates":[[-2.2215524,53.8441491],[-2.22036520000001,53.8440732]]}},
{"type":"Feature","properties":{"id":19299,"nach":0.51646186286200646},"geometry":{"type":"LineString","coordinates":[[-2.2204495,53.844131200000014],[-2.22036520000001,53.8440732]]}},
{"type":"Feature","properties":{"id":16300,"nach":0.14493943642501209},"geometry":{"type":"LineString","coordinates":[[-2.2233692,53.844212400000011],[-2.2231922,53.845218899999978]]}},
{"type":"Feature","properties":{"id":16319,"nach":0.47562969281389506},"geometry":{"type":"LineString","coordinates":[[-2.2229588,53.845203],[-2.2231922,53.845218899999978]]}},
{"type":"Feature","properties":{"id":16301,"nach":0.34189465677832204},"geometry":{"type":"LineString","coordinates":[[-2.2227255,53.8451872],[-2.2228144,53.8446486]]}},
{"type":"Feature","properties":{"id":16320,"nach":0.52906812979957707},"geometry":{"type":"LineString","coordinates":[[-2.2229588,53.845203],[-2.2227255,53.8451872]]}},
{"type":"Feature","properties":{"id":16308,"nach":0.55771774433705146},"geometry":{"type":"LineString","coordinates":[[-2.221548,53.8450116],[-2.2219664,53.8451429],[-2.2227255,53.8451872]]}},
{"type":"Feature","properties":{"id":19267,"nach":0.62504764162860627},"geometry":{"type":"LineString","coordinates":[[-2.2228144,53.8446486],[-2.222833,53.8445354]]}},
{"type":"Feature","properties":{"id":19271,"nach":0.63331664521530706},"geometry":{"type":"LineString","coordinates":[[-2.2218012,53.844588100000017],[-2.2228144,53.8446486]]}},
{"type":"Feature","properties":{"id":19290,"nach":0.6786019952357687},"geometry":{"type":"LineString","coordinates":[[-2.221219,53.8449917],[-2.221548,53.8450116]]}},
{"type":"Feature","properties":{"id":19272,"nach":0.65181172248193353},"geometry":{"type":"LineString","coordinates":[[-2.2218012,53.844588100000017],[-2.2215593,53.8449682],[-2.221548,53.8450116]]}},
{"type":"Feature","properties":{"id":19292,"nach":0.50012068035827328},"geometry":{"type":"LineString","coordinates":[[-2.221219,53.8449917],[-2.2212244,53.8449476],[-2.2212736,53.8446121]]}},
{"type":"Feature","properties":{"id":19291,"nach":0.69200043633983255},"geometry":{"type":"LineString","coordinates":[[-2.221219,53.8449917],[-2.221,53.844978400000016]]}},
{"type":"Feature","properties":{"id":19270,"nach":0.48949216097487558},"geometry":{"type":"LineString","coordinates":[[-2.2218012,53.844588100000017],[-2.2216792,53.8445808]]}},
{"type":"Feature","properties":{"id":19305,"nach":0.42519155726572888},"geometry":{"type":"LineString","coordinates":[[-2.2216351,53.8443427],[-2.2215734,53.8443094],[-2.2215439,53.8442002],[-2.2215524,53.8441491]]}},
{"type":"Feature","properties":{"id":19298,"nach":0.47626894276483572},"geometry":{"type":"LineString","coordinates":[[-2.2204495,53.844131200000014],[-2.220647,53.844267200000012]]}},
{"type":"Feature","properties":{"id":19301,"nach":0.40022516864851343},"geometry":{"type":"LineString","coordinates":[[-2.2203825,53.844273300000012],[-2.22040870000001,53.8441533],[-2.2204495,53.844131200000014]]}},
{"type":"Feature","properties":{"id":21122,"nach":0.49603629129248861},"geometry":{"type":"LineString","coordinates":[[-2.2250098,53.8347857],[-2.2248955,53.8349356]]}},
{"type":"Feature","properties":{"id":21123,"nach":0.77694684475001674},"geometry":{"type":"LineString","coordinates":[[-2.226415091245024,53.835103252423153],[-2.2250098,53.8347857]]}},
{"type":"Feature","properties":{"id":37196,"nach":0.60520395829927565},"geometry":{"type":"LineString","coordinates":[[-2.2123306,53.8386016],[-2.2123419,53.8387142],[-2.2119642,53.838878200000011],[-2.2115022,53.8385078]]}},
{"type":"Feature","properties":{"id":37195,"nach":0.51833663415849962},"geometry":{"type":"LineString","coordinates":[[-2.2123306,53.8386016],[-2.21233,53.8385952],[-2.2124008,53.8385672],[-2.2123893,53.8384832],[-2.2122391,53.8383175]]}},
{"type":"Feature","properties":{"id":37197,"nach":0.52477833311776501},"geometry":{"type":"LineString","coordinates":[[-2.2123306,53.8386016],[-2.2124368,53.8385999],[-2.2125521,53.838600800000016]]}},
{"type":"Feature","properties":{"id":18925,"nach":0.55771089872806578},"geometry":{"type":"LineString","coordinates":[[-2.2123855,53.8378267],[-2.2121502,53.8376172]]}},
{"type":"Feature","properties":{"id":20067,"nach":0.77445198430468021},"geometry":{"type":"LineString","coordinates":[[-2.2125391,53.8374393],[-2.2121502,53.8376172]]}},
{"type":"Feature","properties":{"id":20054,"nach":0.73855298695695248},"geometry":{"type":"LineString","coordinates":[[-2.2126711,53.8374158],[-2.2125391,53.8374393]]}},
{"type":"Feature","properties":{"id":20068,"nach":0.70773775098583869},"geometry":{"type":"LineString","coordinates":[[-2.2125391,53.8374393],[-2.2126449,53.8373417],[-2.2128211,53.8372604]]}},
{"type":"Feature","properties":{"id":20043,"nach":0.36356950129695481},"geometry":{"type":"LineString","coordinates":[[-2.2137497,53.8386179],[-2.2138657,53.8386172]]}},
{"type":"Feature","properties":{"id":19196,"nach":0.65249704420363663},"geometry":{"type":"LineString","coordinates":[[-2.2138189,53.8383177],[-2.2138608,53.8384699],[-2.2138657,53.8386172]]}},
{"type":"Feature","properties":{"id":20044,"nach":0.67903509619930313},"geometry":{"type":"LineString","coordinates":[[-2.2137497,53.8386179],[-2.2137571,53.8384766],[-2.213704,53.8383339]]}},
{"type":"Feature","properties":{"id":20045,"nach":0.68241799329039488},"geometry":{"type":"LineString","coordinates":[[-2.2136646,53.8389246],[-2.2137497,53.8386179]]}},
{"type":"Feature","properties":{"id":18931,"nach":0.5552260307574679},"geometry":{"type":"LineString","coordinates":[[-2.2134313,53.8386683],[-2.2134437,53.838589]]}},
{"type":"Feature","properties":{"id":20097,"nach":0.61804937593247977},"geometry":{"type":"LineString","coordinates":[[-2.2132817,53.8381772],[-2.2133765,53.838306],[-2.2134384,53.8384595],[-2.2134437,53.838589]]}},
{"type":"Feature","properties":{"id":20096,"nach":0.71774048341986407},"geometry":{"type":"LineString","coordinates":[[-2.2132817,53.8381772],[-2.2131659,53.8380199],[-2.2129531,53.8380999]]}},
{"type":"Feature","properties":{"id":20095,"nach":0.70502129489749321},"geometry":{"type":"LineString","coordinates":[[-2.2132817,53.8381772],[-2.2134996,53.8381333]]}},
{"type":"Feature","properties":{"id":18941,"nach":0.7086202716585841},"geometry":{"type":"LineString","coordinates":[[-2.2127425,53.8381791],[-2.2129531,53.8380999]]}},
{"type":"Feature","properties":{"id":25046,"nach":0.48578809203566103},"geometry":{"type":"LineString","coordinates":[[-2.2151006,53.8389047],[-2.2148871,53.8390881],[-2.2142693,53.8391132]]}},
{"type":"Feature","properties":{"id":25045,"nach":0.67986729146506397},"geometry":{"type":"LineString","coordinates":[[-2.2151006,53.8389047],[-2.2143434,53.8389349]]}},
{"type":"Feature","properties":{"id":19194,"nach":0.72945686721194591},"geometry":{"type":"LineString","coordinates":[[-2.2138189,53.8383177],[-2.2141311,53.83833760000001]]}},
{"type":"Feature","properties":{"id":20046,"nach":0.61394272435999253},"geometry":{"type":"LineString","coordinates":[[-2.213704,53.8383339],[-2.2138189,53.8383177]]}},
{"type":"Feature","properties":{"id":20091,"nach":0.72918195410556041},"geometry":{"type":"LineString","coordinates":[[-2.2136867,53.8381033],[-2.2137843,53.8382675],[-2.2138189,53.8383177]]}},
{"type":"Feature","properties":{"id":20047,"nach":0.64904060495765981},"geometry":{"type":"LineString","coordinates":[[-2.213704,53.8383339],[-2.2136791,53.8382669],[-2.2135904,53.838122]]}},
{"type":"Feature","properties":{"id":37184,"nach":0.6047671956403966},"geometry":{"type":"LineString","coordinates":[[-2.2157584,53.8382764],[-2.2154398,53.838579200000012]]}},
{"type":"Feature","properties":{"id":37180,"nach":0.46956168844379481},"geometry":{"type":"LineString","coordinates":[[-2.2144489,53.838642],[-2.2152735,53.838671]]}},
{"type":"Feature","properties":{"id":19227,"nach":0.65113733743506619},"geometry":{"type":"LineString","coordinates":[[-2.2179176,53.8387943],[-2.2176417,53.8388233]]}},
{"type":"Feature","properties":{"id":19216,"nach":0.68000103231767317},"geometry":{"type":"LineString","coordinates":[[-2.2174978,53.83875960000001],[-2.2176417,53.8388233]]}},
{"type":"Feature","properties":{"id":19228,"nach":0.63023540482012042},"geometry":{"type":"LineString","coordinates":[[-2.2179176,53.8387943],[-2.2180194,53.8387929],[-2.2181783,53.838803],[-2.2184274,53.8387736]]}},
{"type":"Feature","properties":{"id":19232,"nach":0.16373790456349471},"geometry":{"type":"LineString","coordinates":[[-2.2169447,53.8383332],[-2.2178872,53.838734400000014],[-2.2179176,53.8387943]]}},
{"type":"Feature","properties":{"id":19215,"nach":0.58230151821087806},"geometry":{"type":"LineString","coordinates":[[-2.2174978,53.83875960000001],[-2.2168017,53.838451300000017]]}},
{"type":"Feature","properties":{"id":19233,"nach":0.63671812969576658},"geometry":{"type":"LineString","coordinates":[[-2.2173686,53.8388758],[-2.2174978,53.83875960000001]]}},
{"type":"Feature","properties":{"id":19225,"nach":0.50666692469711505},"geometry":{"type":"LineString","coordinates":[[-2.218685,53.8387433],[-2.2189426,53.838713],[-2.2190646,53.8387502],[-2.2191235,53.8388078],[-2.2193065,53.839309100000015],[-2.2192536,53.8393607]]}},
{"type":"Feature","properties":{"id":19224,"nach":0.5721441646914629},"geometry":{"type":"LineString","coordinates":[[-2.218685,53.8387433],[-2.2184274,53.8387736]]}},
{"type":"Feature","properties":{"id":19226,"nach":0.0},"geometry":{"type":"LineString","coordinates":[[-2.218685,53.8387433],[-2.2186657,53.8386912],[-2.2181311,53.8384633],[-2.2179922,53.8385886]]}},
{"type":"Feature","properties":{"id":19208,"nach":0.0},"geometry":{"type":"LineString","coordinates":[[-2.21767360000001,53.8391075],[-2.2177745,53.8391618],[-2.2178683,53.8394197],[-2.2178258,53.8394459],[-2.2177231,53.839425],[-2.2176931,53.839403],[-2.2176064,53.839196299999983],[-2.21767360000001,53.8391075]]}},
{"type":"Feature","properties":{"id":19230,"nach":0.52921156709749728},"geometry":{"type":"LineString","coordinates":[[-2.2169447,53.8383332],[-2.2168017,53.838451300000017]]}},
{"type":"Feature","properties":{"id":19236,"nach":0.19082799203505701},"geometry":{"type":"LineString","coordinates":[[-2.2166699,53.8385694],[-2.2168017,53.838451300000017]]}},
{"type":"Feature","properties":{"id":19231,"nach":0.16346987628563159},"geometry":{"type":"LineString","coordinates":[[-2.2169447,53.8383332],[-2.2170964,53.8382078],[-2.2178722,53.8385376],[-2.2179922,53.8385886]]}},
{"type":"Feature","properties":{"id":19238,"nach":0.57809151115704038},"geometry":{"type":"LineString","coordinates":[[-2.2166699,53.8385694],[-2.2173686,53.8388758]]}},
{"type":"Feature","properties":{"id":19242,"nach":0.52406391787067563},"geometry":{"type":"LineString","coordinates":[[-2.2165359,53.8386894],[-2.2166699,53.8385694]]}},
{"type":"Feature","properties":{"id":19241,"nach":0.53685603058980547},"geometry":{"type":"LineString","coordinates":[[-2.2172564,53.83900220000001],[-2.2173444,53.8388975],[-2.2173686,53.8388758]]}},
{"type":"Feature","properties":{"id":19221,"nach":0.52767555982687064},"geometry":{"type":"LineString","coordinates":[[-2.2179922,53.8385886],[-2.2184274,53.8387736]]}},
{"type":"Feature","properties":{"id":19244,"nach":0.081604134055315275},"geometry":{"type":"LineString","coordinates":[[-2.2165359,53.8386894],[-2.2164053,53.8388063],[-2.2170233,53.8390798],[-2.2170924,53.8390906],[-2.2172123,53.8390546],[-2.2172564,53.83900220000001]]}},
{"type":"Feature","properties":{"id":20090,"nach":0.69256346002452718},"geometry":{"type":"LineString","coordinates":[[-2.2136867,53.8381033],[-2.2138228,53.8380761]]}},
{"type":"Feature","properties":{"id":27057,"nach":0.54716272871687177},"geometry":{"type":"LineString","coordinates":[[-2.2136842,53.8372648],[-2.2138356,53.8374166],[-2.2138617,53.8375373],[-2.2138724,53.8376542],[-2.2138193,53.838003],[-2.2138228,53.8380761]]}},
{"type":"Feature","properties":{"id":20094,"nach":0.71681960837985381},"geometry":{"type":"LineString","coordinates":[[-2.2135904,53.838122],[-2.2136867,53.8381033]]}},
{"type":"Feature","properties":{"id":19288,"nach":0.71362469246085147},"geometry":{"type":"LineString","coordinates":[[-2.221,53.844978400000016],[-2.2208985,53.8449722]]}},
{"type":"Feature","properties":{"id":19289,"nach":0.58981578465702844},"geometry":{"type":"LineString","coordinates":[[-2.221,53.844978400000016],[-2.2210041,53.8449412],[-2.2210155,53.8448458]]}},
{"type":"Feature","properties":{"id":19274,"nach":0.50968404440618009},"geometry":{"type":"LineString","coordinates":[[-2.220529700000012,53.844652],[-2.2206748,53.8444319]]}},
{"type":"Feature","properties":{"id":19277,"nach":0.51382263373511894},"geometry":{"type":"LineString","coordinates":[[-2.22041,53.8446454],[-2.220529700000012,53.844652]]}},
{"type":"Feature","properties":{"id":19282,"nach":0.50255584822522303},"geometry":{"type":"LineString","coordinates":[[-2.2210155,53.8448458],[-2.2210165,53.8448376],[-2.221163,53.8446062]]}},
{"type":"Feature","properties":{"id":19283,"nach":0.50840989415890825},"geometry":{"type":"LineString","coordinates":[[-2.2209757,53.8448438],[-2.2210155,53.8448458]]}},
{"type":"Feature","properties":{"id":19297,"nach":0.39554218594579071},"geometry":{"type":"LineString","coordinates":[[-2.2206945,53.8442556],[-2.220647,53.844267200000012]]}},
{"type":"Feature","properties":{"id":19296,"nach":0.39554218594579071},"geometry":{"type":"LineString","coordinates":[[-2.2206406,53.8442966],[-2.220647,53.844267200000012]]}},
{"type":"Feature","properties":{"id":19431,"nach":0.0},"geometry":{"type":"LineString","coordinates":[[-2.2328137,53.831508800000016],[-2.2329943,53.8315718],[-2.2332369,53.83158],[-2.2336007,53.8316158],[-2.2338853,53.8315938],[-2.2341605,53.8315387],[-2.2343097,53.831425800000012],[-2.2343331,53.831324],[-2.2343237,53.8312579],[-2.2340952,53.8311919],[-2.233736,53.8311919],[-2.2334561,53.8312799],[-2.2328137,53.831508800000016]]}},
{"type":"Feature","properties":{"id":19575,"nach":0.61239487449957108},"geometry":{"type":"LineString","coordinates":[[-2.2175478,53.8347078],[-2.2173573,53.8347647]]}},
{"type":"Feature","properties":{"id":19588,"nach":0.52136816302279354},"geometry":{"type":"LineString","coordinates":[[-2.2178267,53.8340984],[-2.2176905,53.8339328],[-2.217648,53.833881200000015]]}},
{"type":"Feature","properties":{"id":35800,"nach":0.70705665529724093},"geometry":{"type":"LineString","coordinates":[[-2.2139974,53.835201400000017],[-2.2140084,53.8351827],[-2.2144897,53.8350044]]}},
{"type":"Feature","properties":{"id":35801,"nach":0.0},"geometry":{"type":"LineString","coordinates":[[-2.2139974,53.835201400000017],[-2.2139216,53.83512420000001],[-2.2142455,53.8350063],[-2.2141972,53.8349564],[-2.2143767,53.834888]]}},
{"type":"Feature","properties":{"id":25292,"nach":0.5976183968938249},"geometry":{"type":"LineString","coordinates":[[-2.2157138,53.8352962],[-2.21568,53.8352594],[-2.215867,53.835204599999983]]}},
{"type":"Feature","properties":{"id":25288,"nach":0.54766482326671395},"geometry":{"type":"LineString","coordinates":[[-2.2162699,53.83532670000001],[-2.2160924,53.8351386],[-2.215867,53.835204599999983]]}},
{"type":"Feature","properties":{"id":25348,"nach":0.54780634099631065},"geometry":{"type":"LineString","coordinates":[[-2.2169843,53.8364401],[-2.216463,53.8360566]]}},
{"type":"Feature","properties":{"id":25410,"nach":0.71880384766766825},"geometry":{"type":"LineString","coordinates":[[-2.216949,53.8359077],[-2.2171511,53.8360568]]}},
{"type":"Feature","properties":{"id":25164,"nach":0.0},"geometry":{"type":"LineString","coordinates":[[-2.2151858,53.836300300000012],[-2.2151068,53.8362424],[-2.2151143,53.8362055],[-2.2158753,53.8358887]]}},
{"type":"Feature","properties":{"id":29386,"nach":0.55053643085136184},"geometry":{"type":"LineString","coordinates":[[-2.2296707,53.8342176],[-2.2295645,53.8342391]]}},
{"type":"Feature","properties":{"id":29387,"nach":0.46937739398680645},"geometry":{"type":"LineString","coordinates":[[-2.2296707,53.8342176],[-2.2297162,53.83424],[-2.2299326,53.8341762]]}},
{"type":"Feature","properties":{"id":29389,"nach":0.45771386937966863},"geometry":{"type":"LineString","coordinates":[[-2.2303902,53.83390880000001],[-2.2297535,53.8341125],[-2.2296707,53.8342176]]}},
{"type":"Feature","properties":{"id":24322,"nach":0.6724470005687081},"geometry":{"type":"LineString","coordinates":[[-2.232853,53.8370761],[-2.2325573,53.8367477]]}},
{"type":"Feature","properties":{"id":24321,"nach":0.45594709436021053},"geometry":{"type":"LineString","coordinates":[[-2.2317656,53.8371003],[-2.231755,53.8370314],[-2.2317691,53.8369833],[-2.2318027,53.836957199999986],[-2.23223450000001,53.8368184],[-2.2323549,53.8368131],[-2.2324239,53.8367964],[-2.2325573,53.8367477]]}},
{"type":"Feature","properties":{"id":35393,"nach":0.34503155296061477},"geometry":{"type":"LineString","coordinates":[[-2.23568630000001,53.83550850000001],[-2.236074,53.8353671],[-2.2367979,53.8350753],[-2.2376117,53.8347555],[-2.2381181,53.8345301],[-2.2388354,53.8342807],[-2.2394301,53.8340613],[-2.2401454,53.8338842],[-2.2404399,53.8337607],[-2.2406968,53.8335742],[-2.240884,53.8333175],[-2.2408358,53.833141]]}},
{"type":"Feature","properties":{"id":24345,"nach":0.67796167183828193},"geometry":{"type":"LineString","coordinates":[[-2.2312112,53.834833300000021],[-2.2314581,53.8352344]]}},
{"type":"Feature","properties":{"id":22175,"nach":0.46606936931641357},"geometry":{"type":"LineString","coordinates":[[-2.2317255,53.835181100000014],[-2.2314581,53.8352344]]}},
{"type":"Feature","properties":{"id":20937,"nach":0.53955427012685042},"geometry":{"type":"LineString","coordinates":[[-2.2232911,53.8412817],[-2.2233621,53.8411518],[-2.2234033,53.8409451]]}},
{"type":"Feature","properties":{"id":20939,"nach":0.62556659999259745},"geometry":{"type":"LineString","coordinates":[[-2.2232911,53.8412817],[-2.2234282,53.841269900000015],[-2.2235247,53.8411837],[-2.2235563,53.8409462]]}},
{"type":"Feature","properties":{"id":21024,"nach":0.5942023590328277},"geometry":{"type":"LineString","coordinates":[[-2.2245984,53.8394491],[-2.2247599,53.8391765]]}},
{"type":"Feature","properties":{"id":21026,"nach":0.58129029890810024},"geometry":{"type":"LineString","coordinates":[[-2.2245984,53.8394491],[-2.2247915,53.839441200000017],[-2.2248827,53.83943330000001]]}},
{"type":"Feature","properties":{"id":21016,"nach":0.59649870040130615},"geometry":{"type":"LineString","coordinates":[[-2.2243539,53.8396283],[-2.2235702,53.8403057],[-2.2234775,53.84061770000001],[-2.2234033,53.8409451]]}},
{"type":"Feature","properties":{"id":21017,"nach":0.0},"geometry":{"type":"LineString","coordinates":[[-2.2243539,53.8396283],[-2.2247367,53.8397104],[-2.2247521,53.8397616],[-2.2246742,53.8397934],[-2.2241554,53.8400169],[-2.2239815,53.8401186],[-2.2237562,53.8403307],[-2.2236489,53.8405127],[-2.2235563,53.8409462]]}},
{"type":"Feature","properties":{"id":21036,"nach":0.62734449981743234},"geometry":{"type":"LineString","coordinates":[[-2.2252434,53.8384613],[-2.2254241,53.838224]]}},
{"type":"Feature","properties":{"id":20923,"nach":0.53652727255088029},"geometry":{"type":"LineString","coordinates":[[-2.2259763,53.837636100000012],[-2.2254241,53.838224]]}},
{"type":"Feature","properties":{"id":19894,"nach":0.59609492193078695},"geometry":{"type":"LineString","coordinates":[[-2.2258382,53.8381715],[-2.2256875,53.8382139],[-2.2254241,53.838224]]}},
{"type":"Feature","properties":{"id":21038,"nach":0.57734563017769069},"geometry":{"type":"LineString","coordinates":[[-2.2252434,53.8384613],[-2.2249743,53.8388147],[-2.2247599,53.8391765]]}},
{"type":"Feature","properties":{"id":21039,"nach":0.63476379635186853},"geometry":{"type":"LineString","coordinates":[[-2.22498450000001,53.8383964],[-2.2252434,53.8384613]]}},
{"type":"Feature","properties":{"id":20924,"nach":0.60888519061585089},"geometry":{"type":"LineString","coordinates":[[-2.2259763,53.837636100000012],[-2.2258382,53.8381715]]}},
{"type":"Feature","properties":{"id":21046,"nach":0.62795769873647378},"geometry":{"type":"LineString","coordinates":[[-2.2261872,53.837285],[-2.2260655,53.8374288],[-2.2259763,53.837636100000012]]}},
{"type":"Feature","properties":{"id":21027,"nach":0.4582374381043765},"geometry":{"type":"LineString","coordinates":[[-2.2252261,53.8393019],[-2.2252877,53.8392254],[-2.2253447,53.8391252],[-2.2255131,53.838804],[-2.2257795,53.8382691],[-2.2258382,53.8381715]]}},
{"type":"Feature","properties":{"id":19898,"nach":0.6535140142233884},"geometry":{"type":"LineString","coordinates":[[-2.2263797,53.8382201],[-2.2262873,53.838212],[-2.226011,53.8381744],[-2.2259135,53.838166400000013],[-2.2258382,53.8381715]]}},
{"type":"Feature","properties":{"id":21028,"nach":0.51756139167828097},"geometry":{"type":"LineString","coordinates":[[-2.2252261,53.8393019],[-2.22513380000001,53.8393138],[-2.224979,53.8393136]]}},
{"type":"Feature","properties":{"id":21029,"nach":0.0},"geometry":{"type":"LineString","coordinates":[[-2.2252261,53.8393019],[-2.2254706,53.8393724],[-2.2254567,53.8394413],[-2.22539,53.8395232],[-2.2251927,53.8395511],[-2.2250066,53.839515],[-2.2249149,53.8394665],[-2.2248827,53.83943330000001]]}},
{"type":"Feature","properties":{"id":20920,"nach":0.54174203582584513},"geometry":{"type":"LineString","coordinates":[[-2.2263786,53.8386396],[-2.2263797,53.8382201]]}},
{"type":"Feature","properties":{"id":20897,"nach":0.51773372406975671},"geometry":{"type":"LineString","coordinates":[[-2.2264644,53.8377774],[-2.2264196,53.8381012],[-2.2263797,53.8382201]]}},
{"type":"Feature","properties":{"id":19902,"nach":0.63216491379535922},"geometry":{"type":"LineString","coordinates":[[-2.2269826,53.838424],[-2.2268844,53.8384128],[-2.2263797,53.8382201]]}},
{"type":"Feature","properties":{"id":20921,"nach":0.45517728742622626},"geometry":{"type":"LineString","coordinates":[[-2.2263786,53.8386396],[-2.2267519,53.838527],[-2.2269826,53.838424]]}},
{"type":"Feature","properties":{"id":20922,"nach":0.68302076108065568},"geometry":{"type":"LineString","coordinates":[[-2.2263786,53.8386396],[-2.225729216024319,53.839750440495216]]}},
{"type":"Feature","properties":{"id":20898,"nach":0.0},"geometry":{"type":"LineString","coordinates":[[-2.2264644,53.8377774],[-2.2264999,53.83757150000001],[-2.2265586,53.8374974],[-2.2267093,53.837434899999984],[-2.2269803,53.837384900000011],[-2.2272568,53.8373508],[-2.2279536,53.8372952],[-2.2281704,53.8372817],[-2.2284328,53.8372649],[-2.2285925,53.83727840000001],[-2.2286609,53.83732890000001],[-2.228698,53.8374147],[-2.2286609,53.83747360000001],[-2.2285155,53.8375039],[-2.22837,53.8375258],[-2.22821450000001,53.8375761],[-2.228119,53.8376688],[-2.2279813,53.837889]]}},
{"type":"Feature","properties":{"id":20899,"nach":0.47046378264273836},"geometry":{"type":"LineString","coordinates":[[-2.2267917,53.837856100000032],[-2.2264644,53.8377774]]}},
{"type":"Feature","properties":{"id":20892,"nach":0.54270848047887987},"geometry":{"type":"LineString","coordinates":[[-2.227301,53.8381769],[-2.2272582,53.8381997],[-2.2269826,53.838424]]}},
{"type":"Feature","properties":{"id":20891,"nach":0.49703412903506716},"geometry":{"type":"LineString","coordinates":[[-2.227301,53.8381769],[-2.2273564,53.8381474],[-2.22738580000001,53.8381371],[-2.2276288,53.8380521],[-2.2276766,53.838038],[-2.2277492,53.8380165],[-2.2278917,53.8379549],[-2.2279813,53.837889]]}},
{"type":"Feature","properties":{"id":20893,"nach":0.51799643585197719},"geometry":{"type":"LineString","coordinates":[[-2.2271649,53.8380584],[-2.227301,53.8381769]]}},
{"type":"Feature","properties":{"id":26316,"nach":0.51402025949943897},"geometry":{"type":"LineString","coordinates":[[-2.2281829,53.8380506],[-2.2279813,53.837889]]}},
{"type":"Feature","properties":{"id":22187,"nach":0.58557026820346059},"geometry":{"type":"LineString","coordinates":[[-2.2308774,53.834111600000014],[-2.2307802,53.834118]]}},
{"type":"Feature","properties":{"id":22190,"nach":0.46110473216504971},"geometry":{"type":"LineString","coordinates":[[-2.2308774,53.834111600000014],[-2.2310254,53.8340969],[-2.2310654,53.8341398]]}},
{"type":"Feature","properties":{"id":22188,"nach":0.4763563436513702},"geometry":{"type":"LineString","coordinates":[[-2.2308774,53.834111600000014],[-2.231194,53.8346281],[-2.2312342,53.8346582],[-2.2313666,53.8346816]]}},
{"type":"Feature","properties":{"id":20033,"nach":0.57199492530460283},"geometry":{"type":"LineString","coordinates":[[-2.2163976,53.8355725],[-2.2164192,53.835534]]}},
{"type":"Feature","properties":{"id":20051,"nach":0.45629828050713533},"geometry":{"type":"LineString","coordinates":[[-2.2130389,53.8370193],[-2.212995,53.8370281],[-2.2130384,53.8371036],[-2.2129777,53.8371172]]}},
{"type":"Feature","properties":{"id":20072,"nach":0.58929859007387098},"geometry":{"type":"LineString","coordinates":[[-2.212957,53.837293],[-2.2130114,53.8373404]]}},
{"type":"Feature","properties":{"id":20071,"nach":0.72572500920138894},"geometry":{"type":"LineString","coordinates":[[-2.212957,53.837293],[-2.2126711,53.8374158]]}},
{"type":"Feature","properties":{"id":20075,"nach":0.44965706190054971},"geometry":{"type":"LineString","coordinates":[[-2.2128211,53.8372604],[-2.2128647,53.837294],[-2.2129281,53.837267],[-2.212957,53.837293]]}},
{"type":"Feature","properties":{"id":20069,"nach":0.74520898917415068},"geometry":{"type":"LineString","coordinates":[[-2.2130102,53.8371731],[-2.2129777,53.8371172]]}},
{"type":"Feature","properties":{"id":20074,"nach":0.71022865828731163},"geometry":{"type":"LineString","coordinates":[[-2.2128211,53.8372604],[-2.2130102,53.8371731]]}},
{"type":"Feature","properties":{"id":20093,"nach":0.70945116784571338},"geometry":{"type":"LineString","coordinates":[[-2.2135904,53.838122],[-2.2134996,53.8381333]]}},
{"type":"Feature","properties":{"id":20092,"nach":0.68016565706580934},"geometry":{"type":"LineString","coordinates":[[-2.2135904,53.838122],[-2.2131982,53.8374819]]}},
{"type":"Feature","properties":{"id":20052,"nach":0.65448203271590732},"geometry":{"type":"LineString","coordinates":[[-2.2131982,53.8374819],[-2.2131006,53.8373226]]}},
{"type":"Feature","properties":{"id":20053,"nach":0.60312326182327547},"geometry":{"type":"LineString","coordinates":[[-2.2131982,53.8374819],[-2.2130724,53.8374007],[-2.2129785,53.8373826]]}},
{"type":"Feature","properties":{"id":20062,"nach":0.52454612338128725},"geometry":{"type":"LineString","coordinates":[[-2.2130114,53.8373404],[-2.2131006,53.8373226]]}},
{"type":"Feature","properties":{"id":20064,"nach":0.61570766067286808},"geometry":{"type":"LineString","coordinates":[[-2.2129785,53.8373826],[-2.2130114,53.8373404]]}},
{"type":"Feature","properties":{"id":20065,"nach":0.61731440356376632},"geometry":{"type":"LineString","coordinates":[[-2.2129785,53.8373826],[-2.2129034,53.8373681],[-2.2126711,53.8374158]]}},
{"type":"Feature","properties":{"id":20082,"nach":0.337243532170315},"geometry":{"type":"LineString","coordinates":[[-2.2134996,53.8381333],[-2.2133971,53.8380458],[-2.2132677,53.837862800000011],[-2.2132381,53.837679],[-2.2131019,53.8374682],[-2.2130278,53.837423700000016],[-2.2129509,53.837407],[-2.2129785,53.8373826]]}},
{"type":"Feature","properties":{"id":20107,"nach":0.61965507731148284},"geometry":{"type":"LineString","coordinates":[[-2.228351,53.842171300000011],[-2.228301,53.8421867]]}},
{"type":"Feature","properties":{"id":32283,"nach":0.45761972474308049},"geometry":{"type":"LineString","coordinates":[[-2.2298484,53.8435951],[-2.2305495,53.8427983]]}},
{"type":"Feature","properties":{"id":20663,"nach":0.47549370169474586},"geometry":{"type":"LineString","coordinates":[[-2.2290495,53.8342178],[-2.2291991,53.8341979]]}},
{"type":"Feature","properties":{"id":20662,"nach":0.47549370169474586},"geometry":{"type":"LineString","coordinates":[[-2.22933450000001,53.8341913],[-2.2291991,53.8341979]]}},
{"type":"Feature","properties":{"id":20658,"nach":0.46299810087922988},"geometry":{"type":"LineString","coordinates":[[-2.2294848,53.833720400000011],[-2.2298026,53.8336377]]}},
{"type":"Feature","properties":{"id":29959,"nach":0.44824034207258728},"geometry":{"type":"LineString","coordinates":[[-2.2288943,53.8333148],[-2.229017,53.833241],[-2.2290416,53.833231499999989],[-2.2290719,53.8332299],[-2.2291065,53.833235],[-2.2291412,53.83324420000001],[-2.2291717,53.8332601],[-2.2296195,53.8335055],[-2.2297163,53.8335866],[-2.2298026,53.8336377]]}},
{"type":"Feature","properties":{"id":20689,"nach":0.60371069353228191},"geometry":{"type":"LineString","coordinates":[[-2.2345608,53.8372536],[-2.2346289,53.8373093]]}},
{"type":"Feature","properties":{"id":20675,"nach":0.43509034596106771},"geometry":{"type":"LineString","coordinates":[[-2.23478950000001,53.837243900000011],[-2.2346289,53.8373093]]}},
{"type":"Feature","properties":{"id":20681,"nach":0.42597159792211692},"geometry":{"type":"LineString","coordinates":[[-2.234214,53.8369702],[-2.2341652,53.8369303]]}},
{"type":"Feature","properties":{"id":20723,"nach":0.52632071932656532},"geometry":{"type":"LineString","coordinates":[[-2.2343132,53.8370513],[-2.234214,53.8369702]]}},
{"type":"Feature","properties":{"id":20685,"nach":0.4236529334278577},"geometry":{"type":"LineString","coordinates":[[-2.2343779,53.8368981],[-2.234214,53.8369702]]}},
{"type":"Feature","properties":{"id":20686,"nach":0.4236529334278577},"geometry":{"type":"LineString","coordinates":[[-2.2340202,53.8370582],[-2.234214,53.8369702]]}},
{"type":"Feature","properties":{"id":20688,"nach":0.58786071838352194},"geometry":{"type":"LineString","coordinates":[[-2.2345608,53.8372536],[-2.234456,53.8371682]]}},
{"type":"Feature","properties":{"id":20691,"nach":0.43229743355682682},"geometry":{"type":"LineString","coordinates":[[-2.2343616,53.8373372],[-2.2345608,53.8372536]]}},
{"type":"Feature","properties":{"id":20724,"nach":0.55693479167920035},"geometry":{"type":"LineString","coordinates":[[-2.2343132,53.8370513],[-2.234456,53.8371682]]}},
{"type":"Feature","properties":{"id":20680,"nach":0.4312186187645361},"geometry":{"type":"LineString","coordinates":[[-2.2346122,53.8370998],[-2.234456,53.8371682]]}},
{"type":"Feature","properties":{"id":20687,"nach":0.43034614159279616},"geometry":{"type":"LineString","coordinates":[[-2.2342691,53.83724560000001],[-2.234456,53.8371682]]}},
{"type":"Feature","properties":{"id":20726,"nach":0.42612469501520728},"geometry":{"type":"LineString","coordinates":[[-2.2341011,53.8371455],[-2.2343132,53.8370513]]}},
{"type":"Feature","properties":{"id":20721,"nach":0.47210831727266933},"geometry":{"type":"LineString","coordinates":[[-2.2325651,53.8356595],[-2.2327889,53.8359117]]}},
{"type":"Feature","properties":{"id":20722,"nach":0.44865152120572266},"geometry":{"type":"LineString","coordinates":[[-2.2328165,53.8355884],[-2.2325651,53.8356595]]}},
{"type":"Feature","properties":{"id":20718,"nach":0.44645763491787704},"geometry":{"type":"LineString","coordinates":[[-2.2323604,53.836081499999985],[-2.2326916,53.83599730000001],[-2.2327889,53.8359117]]}},
{"type":"Feature","properties":{"id":20901,"nach":0.43860090556167275},"geometry":{"type":"LineString","coordinates":[[-2.2267917,53.837856100000032],[-2.2267687,53.8379035],[-2.2267719,53.8379528],[-2.2268008,53.837999099999983],[-2.2268528,53.8380378],[-2.2269225,53.8380651],[-2.2270031,53.8380782],[-2.2270867,53.8380759],[-2.2271649,53.8380584]]}},
{"type":"Feature","properties":{"id":20926,"nach":0.56833455464608895},"geometry":{"type":"LineString","coordinates":[[-2.2235563,53.8409462],[-2.2234033,53.8409451]]}},
{"type":"Feature","properties":{"id":20928,"nach":0.64987715023561698},"geometry":{"type":"LineString","coordinates":[[-2.2235563,53.8409462],[-2.2236224,53.84094850000001],[-2.2238906,53.8409556],[-2.22403830000001,53.84096120000001]]}},
{"type":"Feature","properties":{"id":20908,"nach":0.54007058101826744},"geometry":{"type":"LineString","coordinates":[[-2.225594,53.8398337],[-2.225477400000011,53.8398772],[-2.224883,53.8400832],[-2.2247189,53.8401527],[-2.2245492,53.840251399999985],[-2.2243934,53.840400400000014],[-2.2241929,53.840589],[-2.2241174,53.8407166],[-2.22403830000001,53.84096120000001]]}},
{"type":"Feature","properties":{"id":20932,"nach":0.6270481488891978},"geometry":{"type":"LineString","coordinates":[[-2.224362,53.8414065],[-2.2241631,53.8413458],[-2.2240504,53.8412572],[-2.22401830000001,53.8410673],[-2.22403830000001,53.84096120000001]]}},
{"type":"Feature","properties":{"id":20913,"nach":0.64560979618234382},"geometry":{"type":"LineString","coordinates":[[-2.2257196,53.8400486],[-2.2257947,53.83997990000001],[-2.2257901,53.83990750000001],[-2.2257334,53.839854200000012],[-2.225594,53.8398337]]}},
{"type":"Feature","properties":{"id":20922,"nach":0.68302076108065568},"geometry":{"type":"LineString","coordinates":[[-2.225729216024319,53.839750440495216],[-2.225594,53.8398337]]}},
{"type":"Feature","properties":{"id":20931,"nach":0.45431664165936753},"geometry":{"type":"LineString","coordinates":[[-2.224362,53.8414065],[-2.2257196,53.8400486]]}},
{"type":"Feature","properties":{"id":21042,"nach":0.54812370711832115},"geometry":{"type":"LineString","coordinates":[[-2.2258768,53.8371549],[-2.2267488,53.8368241],[-2.2274986,53.83653060000001],[-2.2276009,53.836483300000012]]}},
{"type":"Feature","properties":{"id":21047,"nach":0.46245407448281001},"geometry":{"type":"LineString","coordinates":[[-2.2261872,53.837285],[-2.2259554,53.8372151],[-2.2258768,53.8371549]]}},
{"type":"Feature","properties":{"id":21019,"nach":0.30882484500451313},"geometry":{"type":"LineString","coordinates":[[-2.224979,53.8393136],[-2.2249498,53.839251300000015],[-2.2247599,53.8391765]]}},
{"type":"Feature","properties":{"id":21021,"nach":0.55336983651008553},"geometry":{"type":"LineString","coordinates":[[-2.2248827,53.83943330000001],[-2.2248521,53.8393896],[-2.2248881,53.8393526],[-2.224979,53.8393136]]}},
{"type":"Feature","properties":{"id":21119,"nach":0.55380914758074062},"geometry":{"type":"LineString","coordinates":[[-2.224139509269114,53.83463729969408],[-2.2248955,53.8349356]]}},
{"type":"Feature","properties":{"id":26325,"nach":0.55573086588003551},"geometry":{"type":"LineString","coordinates":[[-2.2242355,53.8385229],[-2.2244064,53.8382897]]}},
{"type":"Feature","properties":{"id":21041,"nach":0.60944821454966147},"geometry":{"type":"LineString","coordinates":[[-2.22498450000001,53.8383964],[-2.2250283,53.838332800000018],[-2.2244808,53.8381945],[-2.2244064,53.8382897]]}},
{"type":"Feature","properties":{"id":26327,"nach":0.4911562079471577},"geometry":{"type":"LineString","coordinates":[[-2.2242355,53.8385229],[-2.22399860000001,53.8388462],[-2.2242476,53.838909]]}},
{"type":"Feature","properties":{"id":26329,"nach":0.48808383457975935},"geometry":{"type":"LineString","coordinates":[[-2.2247741,53.838665],[-2.2242355,53.8385229]]}},
{"type":"Feature","properties":{"id":26328,"nach":0.53789736735350091},"geometry":{"type":"LineString","coordinates":[[-2.2247741,53.838665],[-2.22498450000001,53.8383964]]}},
{"type":"Feature","properties":{"id":26330,"nach":0.47868237629501847},"geometry":{"type":"LineString","coordinates":[[-2.2247741,53.838665],[-2.2245263,53.838981],[-2.2242476,53.838909]]}},
{"type":"Feature","properties":{"id":28784,"nach":0.53176799467703839},"geometry":{"type":"LineString","coordinates":[[-2.235218,53.8404246],[-2.238301,53.839661]]}},
{"type":"Feature","properties":{"id":35395,"nach":0.54605705174075592},"geometry":{"type":"LineString","coordinates":[[-2.236904300000011,53.8380421],[-2.2369243,53.838065900000011],[-2.2370748,53.8381764],[-2.237181,53.838275],[-2.2375817,53.8387781],[-2.2375821,53.839123200000017],[-2.2377905,53.839315],[-2.2382389,53.8395636],[-2.238301,53.839661]]}},
{"type":"Feature","properties":{"id":28786,"nach":0.42863108886054213},"geometry":{"type":"LineString","coordinates":[[-2.2361027,53.8411137],[-2.235907700000011,53.841074399999989],[-2.235785500000011,53.8410177],[-2.2356945,53.840965],[-2.2356464,53.840911300000016],[-2.2356026,53.840822800000012],[-2.2355706,53.8407258],[-2.2355326,53.8406617],[-2.2354796,53.840613],[-2.2354163,53.8405732],[-2.2353498,53.8405359],[-2.235218,53.8404246]]}},
{"type":"Feature","properties":{"id":35400,"nach":0.55170696326990609},"geometry":{"type":"LineString","coordinates":[[-2.23591220000001,53.837301399999987],[-2.2359941,53.8374065],[-2.2363117,53.8377216],[-2.2366852,53.838047],[-2.236904300000011,53.8380421]]}},
{"type":"Feature","properties":{"id":22244,"nach":0.43499780735351162},"geometry":{"type":"LineString","coordinates":[[-2.2342906,53.8330898],[-2.2344112,53.8332492],[-2.23449150000001,53.8333555]]}},
{"type":"Feature","properties":{"id":29240,"nach":0.43231462230994455},"geometry":{"type":"LineString","coordinates":[[-2.2354627,53.8324921],[-2.2356579,53.83260820000001],[-2.2359025,53.832861],[-2.236014,53.8329801]]}},
{"type":"Feature","properties":{"id":21487,"nach":0.0},"geometry":{"type":"LineString","coordinates":[[-2.2157448,53.8408048],[-2.2159531,53.8406302],[-2.2159898,53.8406151],[-2.2160277,53.8406125],[-2.2162212,53.8406848],[-2.2162355,53.8407065],[-2.2162376,53.8407259],[-2.2160402,53.840893],[-2.2160026,53.840899],[-2.2159585,53.8408894],[-2.2157448,53.8408048]]}},
{"type":"Feature","properties":{"id":35794,"nach":0.70323282105280993},"geometry":{"type":"LineString","coordinates":[[-2.21485570000001,53.8349592],[-2.2146875,53.8349338],[-2.2144897,53.8350044]]}},
{"type":"Feature","properties":{"id":35793,"nach":0.74456193983616192},"geometry":{"type":"LineString","coordinates":[[-2.21485570000001,53.8349592],[-2.2147968,53.83502],[-2.2148415,53.83513090000001],[-2.2149529,53.8351854]]}},
{"type":"Feature","properties":{"id":24344,"nach":0.66064062458419603},"geometry":{"type":"LineString","coordinates":[[-2.2312112,53.834833300000021],[-2.2311669,53.8347614]]}},
{"type":"Feature","properties":{"id":22167,"nach":0.54114276111614878},"geometry":{"type":"LineString","coordinates":[[-2.2314341,53.834711],[-2.2311669,53.8347614]]}},
{"type":"Feature","properties":{"id":22180,"nach":0.64029524608637234},"geometry":{"type":"LineString","coordinates":[[-2.2307802,53.834118],[-2.2309978,53.8344869],[-2.2311669,53.8347614]]}},
{"type":"Feature","properties":{"id":22169,"nach":0.46560146554629267},"geometry":{"type":"LineString","coordinates":[[-2.231786,53.8347482],[-2.2314341,53.834711]]}},
{"type":"Feature","properties":{"id":22185,"nach":0.52437531262993509},"geometry":{"type":"LineString","coordinates":[[-2.2313666,53.8346816],[-2.2314341,53.834711]]}},
{"type":"Feature","properties":{"id":22171,"nach":0.0},"geometry":{"type":"LineString","coordinates":[[-2.231786,53.8347482],[-2.2318061,53.8346596],[-2.2319767,53.8346253],[-2.2321727,53.8345911],[-2.2322653,53.8345975],[-2.2323215,53.8346189],[-2.2323614,53.8346778],[-2.2323524,53.8347517],[-2.2320293,53.834778500000013],[-2.2318188,53.8347517],[-2.231786,53.8347482]]}},
{"type":"Feature","properties":{"id":22177,"nach":0.0},"geometry":{"type":"LineString","coordinates":[[-2.2317255,53.835181100000014],[-2.2314812,53.834866],[-2.2315028,53.8348391],[-2.2315603,53.834832],[-2.2316201,53.8348405],[-2.2319625,53.8352008],[-2.2319482,53.835244600000017],[-2.2318955,53.8352672],[-2.231826,53.8352687],[-2.2317782,53.8352376],[-2.2317255,53.835181100000014]]}},
{"type":"Feature","properties":{"id":22181,"nach":0.44599434281126005},"geometry":{"type":"LineString","coordinates":[[-2.2310654,53.8341398],[-2.2313666,53.8346816]]}},
{"type":"Feature","properties":{"id":22184,"nach":0.43453700609921964},"geometry":{"type":"LineString","coordinates":[[-2.23272030000001,53.8343539],[-2.2324772,53.8339427],[-2.2324191,53.8339042],[-2.2322776,53.833902],[-2.2314101,53.8340755],[-2.2312378,53.834107599999989],[-2.2310654,53.8341398]]}},
{"type":"Feature","properties":{"id":24887,"nach":0.53898894096139149},"geometry":{"type":"LineString","coordinates":[[-2.2191833,53.8351086],[-2.22000780000001,53.8355124]]}},
{"type":"Feature","properties":{"id":22310,"nach":0.56834119184238363},"geometry":{"type":"LineString","coordinates":[[-2.2143218,53.8431621],[-2.2143833,53.8431231],[-2.214438,53.8430666],[-2.2145428,53.8429524],[-2.214637,53.8428998]]}},
{"type":"Feature","properties":{"id":22320,"nach":0.50822605468892701},"geometry":{"type":"LineString","coordinates":[[-2.2146663,53.843572],[-2.2146458,53.843451],[-2.2146731,53.8433744],[-2.2146594,53.8433381],[-2.2146025,53.8433004],[-2.2144612,53.8432466],[-2.2144202,53.8432251],[-2.2143655,53.8431983],[-2.2143218,53.8431621]]}},
{"type":"Feature","properties":{"id":22316,"nach":0.52444265874611318},"geometry":{"type":"LineString","coordinates":[[-2.2150549,53.8430526],[-2.2147285,53.8429518],[-2.214637,53.8428998]]}},
{"type":"Feature","properties":{"id":22315,"nach":0.62627361426328565},"geometry":{"type":"LineString","coordinates":[[-2.2144942,53.8428014],[-2.2145766,53.8428458],[-2.214637,53.8428998]]}},
{"type":"Feature","properties":{"id":37178,"nach":0.63844058872019382},"geometry":{"type":"LineString","coordinates":[[-2.2144489,53.838642],[-2.2143434,53.8389349]]}},
{"type":"Feature","properties":{"id":32295,"nach":0.40618894104309278},"geometry":{"type":"LineString","coordinates":[[-2.227454,53.84331370000001],[-2.2275833,53.8431618]]}},
{"type":"Feature","properties":{"id":22516,"nach":0.0},"geometry":{"type":"LineString","coordinates":[[-2.2275833,53.8431618],[-2.2273736,53.843108099999988],[-2.227532400000011,53.84290570000001],[-2.2277379,53.8429619],[-2.2275833,53.8431618]]}},
{"type":"Feature","properties":{"id":32297,"nach":0.54406336855255077},"geometry":{"type":"LineString","coordinates":[[-2.227454,53.84331370000001],[-2.2273566,53.843428],[-2.2275134,53.8434667]]}},
{"type":"Feature","properties":{"id":32300,"nach":0.60063924730396434},"geometry":{"type":"LineString","coordinates":[[-2.2250077,53.8443153],[-2.2253242,53.8440305],[-2.2253859,53.8440194],[-2.2254502,53.8439909],[-2.2258096,53.8437092],[-2.2260001,53.8436459],[-2.2269657,53.8433658],[-2.22701930000001,53.8433658],[-2.22710250000001,53.8433801],[-2.227454,53.84331370000001]]}},
{"type":"Feature","properties":{"id":22522,"nach":0.46074250380221032},"geometry":{"type":"LineString","coordinates":[[-2.22761930000001,53.8433461],[-2.2275134,53.8434667]]}},
{"type":"Feature","properties":{"id":22521,"nach":0.45716163932540305},"geometry":{"type":"LineString","coordinates":[[-2.2273355,53.8436891],[-2.2275134,53.8434667]]}},
{"type":"Feature","properties":{"id":22990,"nach":0.50977659180040358},"geometry":{"type":"LineString","coordinates":[[-2.2129877,53.8405786],[-2.213705,53.8404199]]}},
{"type":"Feature","properties":{"id":23003,"nach":0.48377603253018175},"geometry":{"type":"LineString","coordinates":[[-2.2127573,53.8402042],[-2.2134779,53.840052199999981]]}},
{"type":"Feature","properties":{"id":23260,"nach":0.4544263471472631},"geometry":{"type":"LineString","coordinates":[[-2.2325065,53.8373988],[-2.233018,53.837214100000011]]}},
{"type":"Feature","properties":{"id":24324,"nach":0.66761345494035429},"geometry":{"type":"LineString","coordinates":[[-2.232853,53.8370761],[-2.2328654,53.8370899],[-2.233018,53.837214100000011]]}},
{"type":"Feature","properties":{"id":24325,"nach":0.45649862959390308},"geometry":{"type":"LineString","coordinates":[[-2.2324115,53.8372527],[-2.232853,53.8370761]]}},
{"type":"Feature","properties":{"id":23683,"nach":0.4607758729026869},"geometry":{"type":"LineString","coordinates":[[-2.2281505,53.8312296],[-2.2275252,53.8307216]]}},
{"type":"Feature","properties":{"id":24263,"nach":0.42939937841801029},"geometry":{"type":"LineString","coordinates":[[-2.2232889,53.8323563],[-2.2238314,53.8329261]]}},
{"type":"Feature","properties":{"id":24283,"nach":0.37774269995634346},"geometry":{"type":"LineString","coordinates":[[-2.2238584,53.83217470000001],[-2.2243988,53.832744400000017]]}},
{"type":"Feature","properties":{"id":24296,"nach":0.44779044392385614},"geometry":{"type":"LineString","coordinates":[[-2.2244536,53.8319727],[-2.2249925,53.8325467]]}},
{"type":"Feature","properties":{"id":24745,"nach":0.53813492683668396},"geometry":{"type":"LineString","coordinates":[[-2.2223369,53.8352042],[-2.2217354,53.8349117]]}},
{"type":"Feature","properties":{"id":24759,"nach":0.55849667843456263},"geometry":{"type":"LineString","coordinates":[[-2.2213405,53.8352025],[-2.2219508,53.8354923]]}},
{"type":"Feature","properties":{"id":24847,"nach":0.4809508564410388},"geometry":{"type":"LineString","coordinates":[[-2.2209472,53.8354823],[-2.2215502,53.835788]]}},
{"type":"Feature","properties":{"id":24832,"nach":0.6937655386937196},"geometry":{"type":"LineString","coordinates":[[-2.2196759,53.834854],[-2.2194726,53.8349881]]}},
{"type":"Feature","properties":{"id":24833,"nach":0.44209556040876896},"geometry":{"type":"LineString","coordinates":[[-2.2196759,53.834854],[-2.2204075,53.8352297]]}},
{"type":"Feature","properties":{"id":24834,"nach":0.69041088339321011},"geometry":{"type":"LineString","coordinates":[[-2.2196759,53.834854],[-2.2198916,53.8347117],[-2.2205606,53.8350536]]}},
{"type":"Feature","properties":{"id":25043,"nach":0.6168946572879842},"geometry":{"type":"LineString","coordinates":[[-2.2142693,53.8391132],[-2.2142442,53.8392985]]}},
{"type":"Feature","properties":{"id":25042,"nach":0.60793252016439348},"geometry":{"type":"LineString","coordinates":[[-2.2142693,53.8391132],[-2.2142931,53.8389369]]}},
{"type":"Feature","properties":{"id":28325,"nach":0.7139018796733867},"geometry":{"type":"LineString","coordinates":[[-2.2143434,53.8389349],[-2.2142931,53.8389369]]}},
{"type":"Feature","properties":{"id":25413,"nach":0.72134295521154657},"geometry":{"type":"LineString","coordinates":[[-2.21775,53.8357847],[-2.2176233,53.8356823]]}},
{"type":"Feature","properties":{"id":25161,"nach":0.65500421656624019},"geometry":{"type":"LineString","coordinates":[[-2.2178499,53.8355765],[-2.2176233,53.8356823]]}},
{"type":"Feature","properties":{"id":25416,"nach":0.64111821826274129},"geometry":{"type":"LineString","coordinates":[[-2.2174397,53.8359257],[-2.21775,53.8357847]]}},
{"type":"Feature","properties":{"id":25162,"nach":0.51642143547812436},"geometry":{"type":"LineString","coordinates":[[-2.2178499,53.8355765],[-2.2186777,53.8362125]]}},
{"type":"Feature","properties":{"id":25421,"nach":0.50788518883179834},"geometry":{"type":"LineString","coordinates":[[-2.2181229,53.8364524],[-2.2174397,53.8359257]]}},
{"type":"Feature","properties":{"id":39410,"nach":0.70812537710512669},"geometry":{"type":"LineString","coordinates":[[-2.2149509,53.8363996],[-2.2146559,53.8365248],[-2.2144731,53.836523699999987],[-2.2143385,53.8365461],[-2.2142687,53.8365891]]}},
{"type":"Feature","properties":{"id":25170,"nach":0.74814008920532948},"geometry":{"type":"LineString","coordinates":[[-2.2149529,53.8351854],[-2.2150727,53.835197],[-2.2152444,53.8352207],[-2.2153467,53.8352623]]}},
{"type":"Feature","properties":{"id":35083,"nach":0.75260858228616689},"geometry":{"type":"LineString","coordinates":[[-2.2153467,53.8352623],[-2.2153651,53.8352698],[-2.2153892,53.83532970000001]]}},
{"type":"Feature","properties":{"id":27087,"nach":0.70170604559420591},"geometry":{"type":"LineString","coordinates":[[-2.2147326,53.8352182],[-2.2148284,53.835199],[-2.2149529,53.8351854]]}},
{"type":"Feature","properties":{"id":25265,"nach":0.53148135150514719},"geometry":{"type":"LineString","coordinates":[[-2.2191986,53.838271400000011],[-2.2192614,53.838222],[-2.2189974,53.8381052],[-2.21861920000001,53.8384027],[-2.218528,53.8384107],[-2.2184353,53.8383708]]}},
{"type":"Feature","properties":{"id":25365,"nach":0.69141423797995449},"geometry":{"type":"LineString","coordinates":[[-2.2171436,53.837990300000016],[-2.2177598,53.8382577]]}},
{"type":"Feature","properties":{"id":25372,"nach":0.19162355657796856},"geometry":{"type":"LineString","coordinates":[[-2.2179163,53.8381226],[-2.2177598,53.8382577]]}},
{"type":"Feature","properties":{"id":25274,"nach":0.63264094200655907},"geometry":{"type":"LineString","coordinates":[[-2.2172045,53.836221700000017],[-2.2173112,53.836175]]}},
{"type":"Feature","properties":{"id":25271,"nach":0.735537070515066},"geometry":{"type":"LineString","coordinates":[[-2.2173112,53.836175],[-2.217406,53.836245]]}},
{"type":"Feature","properties":{"id":25412,"nach":0.73351779783111692},"geometry":{"type":"LineString","coordinates":[[-2.2171511,53.8360568],[-2.2173112,53.836175]]}},
{"type":"Feature","properties":{"id":25273,"nach":0.55003347144194925},"geometry":{"type":"LineString","coordinates":[[-2.2172045,53.836221700000017],[-2.2170284,53.8362992]]}},
{"type":"Feature","properties":{"id":25276,"nach":0.54857844705280712},"geometry":{"type":"LineString","coordinates":[[-2.2169347,53.8362235],[-2.2171105,53.8361461],[-2.2172045,53.836221700000017]]}},
{"type":"Feature","properties":{"id":25351,"nach":0.48054002870810425},"geometry":{"type":"LineString","coordinates":[[-2.217406,53.836245],[-2.2169843,53.8364401]]}},
{"type":"Feature","properties":{"id":25290,"nach":0.55344344615151586},"geometry":{"type":"LineString","coordinates":[[-2.2157138,53.8352962],[-2.2157558,53.83534190000001]]}},
{"type":"Feature","properties":{"id":25294,"nach":0.59636991220216518},"geometry":{"type":"LineString","coordinates":[[-2.2153892,53.83532970000001],[-2.2157138,53.8352962]]}},
{"type":"Feature","properties":{"id":25349,"nach":0.56141852415648086},"geometry":{"type":"LineString","coordinates":[[-2.2169843,53.8364401],[-2.2171847,53.8365875]]}},
{"type":"Feature","properties":{"id":25375,"nach":0.57398526321291576},"geometry":{"type":"LineString","coordinates":[[-2.2172963,53.8378601],[-2.2171436,53.837990300000016]]}},
{"type":"Feature","properties":{"id":25376,"nach":0.4682364019187028},"geometry":{"type":"LineString","coordinates":[[-2.2172963,53.8378601],[-2.2179163,53.8381226]]}},
{"type":"Feature","properties":{"id":25390,"nach":0.54205567134056742},"geometry":{"type":"LineString","coordinates":[[-2.2182101,53.8371839],[-2.2179934,53.8370908],[-2.2177925,53.8372536]]}},
{"type":"Feature","properties":{"id":25391,"nach":0.54593412823075971},"geometry":{"type":"LineString","coordinates":[[-2.2180191,53.8373394],[-2.2182101,53.8371839]]}},
{"type":"Feature","properties":{"id":25461,"nach":0.42644515608628547},"geometry":{"type":"LineString","coordinates":[[-2.2178753,53.836591299999988],[-2.2174197,53.8367969]]}},
{"type":"Feature","properties":{"id":25417,"nach":0.64529759634994277},"geometry":{"type":"LineString","coordinates":[[-2.2174397,53.8359257],[-2.2171511,53.8360568]]}},
{"type":"Feature","properties":{"id":25497,"nach":0.54343787729628401},"geometry":{"type":"LineString","coordinates":[[-2.2159655,53.839213799999989],[-2.2164222,53.8394179]]}},
{"type":"Feature","properties":{"id":25498,"nach":0.54282471706026059},"geometry":{"type":"LineString","coordinates":[[-2.2163323,53.839150600000011],[-2.2166068,53.8392573],[-2.2164222,53.8394179]]}},
{"type":"Feature","properties":{"id":25509,"nach":0.5276874278298701},"geometry":{"type":"LineString","coordinates":[[-2.2188833,53.8329026],[-2.2190419,53.8329748]]}},
{"type":"Feature","properties":{"id":25512,"nach":0.52744959606766917},"geometry":{"type":"LineString","coordinates":[[-2.218999,53.832779],[-2.2188742,53.8328793],[-2.2188833,53.8329026]]}},
{"type":"Feature","properties":{"id":37089,"nach":0.71619533004260738},"geometry":{"type":"LineString","coordinates":[[-2.219725,53.8474954],[-2.2198885,53.8474922]]}},
{"type":"Feature","properties":{"id":29472,"nach":0.40616314556365823},"geometry":{"type":"LineString","coordinates":[[-2.2354757,53.838052500000011],[-2.2356326,53.8382146],[-2.23567180000001,53.8382432],[-2.2357023,53.8382534],[-2.2357501,53.8382612],[-2.2358207,53.8382601],[-2.2358723,53.8382488],[-2.2363154,53.8381069]]}},
{"type":"Feature","properties":{"id":29474,"nach":0.41710651761983958},"geometry":{"type":"LineString","coordinates":[[-2.2360249,53.837836500000016],[-2.2357762,53.8379256],[-2.235686800000011,53.837982599999989],[-2.2354757,53.838052500000011]]}},
{"type":"Feature","properties":{"id":26141,"nach":0.74187675302851963},"geometry":{"type":"LineString","coordinates":[[-2.2142306,53.8354361],[-2.2142475,53.8354292]]}},
{"type":"Feature","properties":{"id":27061,"nach":0.55665405338171892},"geometry":{"type":"LineString","coordinates":[[-2.2141984,53.8352124],[-2.2141877,53.8354288],[-2.2142306,53.8354361]]}},
{"type":"Feature","properties":{"id":27064,"nach":0.55522508545061522},"geometry":{"type":"LineString","coordinates":[[-2.2142628,53.8351847],[-2.2142475,53.8354292]]}},
{"type":"Feature","properties":{"id":27063,"nach":0.73213883541667801},"geometry":{"type":"LineString","coordinates":[[-2.2142475,53.8354292],[-2.2143025,53.8354066]]}},
{"type":"Feature","properties":{"id":35796,"nach":0.60005919408232344},"geometry":{"type":"LineString","coordinates":[[-2.2143767,53.834888],[-2.2143806,53.8348919],[-2.2144897,53.8350044]]}},
{"type":"Feature","properties":{"id":35797,"nach":0.5424506451648442},"geometry":{"type":"LineString","coordinates":[[-2.2143767,53.834888],[-2.2143159,53.8348285],[-2.214279,53.8347938],[-2.214056,53.8348737],[-2.2140887,53.8349064],[-2.2141628,53.8348771],[-2.2142327,53.8349469],[-2.2142775,53.8349915]]}},
{"type":"Feature","properties":{"id":26238,"nach":0.51048166671728279},"geometry":{"type":"LineString","coordinates":[[-2.2178597,53.841097],[-2.217877,53.8410682]]}},
{"type":"Feature","properties":{"id":26242,"nach":0.5844151816425539},"geometry":{"type":"LineString","coordinates":[[-2.2176652,53.8410547],[-2.2178597,53.841097]]}},
{"type":"Feature","properties":{"id":26245,"nach":0.50083803328950727},"geometry":{"type":"LineString","coordinates":[[-2.2178499,53.8407137],[-2.2176652,53.8410547]]}},
{"type":"Feature","properties":{"id":26244,"nach":0.49632877723628527},"geometry":{"type":"LineString","coordinates":[[-2.2168,53.8408872],[-2.2176652,53.8410547]]}},
{"type":"Feature","properties":{"id":26254,"nach":0.0},"geometry":{"type":"LineString","coordinates":[[-2.2169137,53.8419248],[-2.2163914,53.8417588],[-2.216244,53.8419749],[-2.2167215,53.8421466]]}},
{"type":"Feature","properties":{"id":26253,"nach":0.53074643213776129},"geometry":{"type":"LineString","coordinates":[[-2.2169137,53.8419248],[-2.216942,53.8418885],[-2.2169812,53.8418542],[-2.2170645,53.8418463]]}},
{"type":"Feature","properties":{"id":38733,"nach":0.51565400957537044},"geometry":{"type":"LineString","coordinates":[[-2.2164083,53.8416744],[-2.2165564,53.8415186],[-2.2170424,53.841674400000016],[-2.2170645,53.8418463]]}},
{"type":"Feature","properties":{"id":32306,"nach":0.59527789548872734},"geometry":{"type":"LineString","coordinates":[[-2.2247705,53.845928300000011],[-2.2248009,53.8458967],[-2.2250316,53.8458334],[-2.2251805,53.8457546],[-2.2252515,53.8457013],[-2.2254017,53.8455423],[-2.2254935,53.8453369],[-2.2254827,53.8451438],[-2.2255042,53.8449634],[-2.225472,53.84491910000002],[-2.2254345,53.844805200000017],[-2.2252682,53.8445298],[-2.2251662,53.8444412],[-2.2250077,53.8443153]]}},
{"type":"Feature","properties":{"id":32299,"nach":0.64403729522352005},"geometry":{"type":"LineString","coordinates":[[-2.223336663197467,53.843537452083197],[-2.2250077,53.8443153]]}},
{"type":"Feature","properties":{"id":26324,"nach":0.48070863702726424},"geometry":{"type":"LineString","coordinates":[[-2.2241257,53.8390742],[-2.2242476,53.838909]]}},
{"type":"Feature","properties":{"id":27067,"nach":0.55397883028437533},"geometry":{"type":"LineString","coordinates":[[-2.2143184,53.8351633],[-2.2143025,53.8354066]]}},
{"type":"Feature","properties":{"id":27066,"nach":0.72159916536124935},"geometry":{"type":"LineString","coordinates":[[-2.2143025,53.8354066],[-2.214363,53.8353819]]}},
{"type":"Feature","properties":{"id":27070,"nach":0.55283354641907778},"geometry":{"type":"LineString","coordinates":[[-2.2143795,53.83514430000001],[-2.214363,53.8353819]]}},
{"type":"Feature","properties":{"id":27069,"nach":0.7164590013095834},"geometry":{"type":"LineString","coordinates":[[-2.214363,53.8353819],[-2.2144246,53.835356599999983]]}},
{"type":"Feature","properties":{"id":27073,"nach":0.55183767859411659},"geometry":{"type":"LineString","coordinates":[[-2.2144391,53.8351253],[-2.2144246,53.835356599999983]]}},
{"type":"Feature","properties":{"id":27072,"nach":0.71128822146110482},"geometry":{"type":"LineString","coordinates":[[-2.2144246,53.835356599999983],[-2.2144809,53.8353306]]}},
{"type":"Feature","properties":{"id":27076,"nach":0.55108563302027824},"geometry":{"type":"LineString","coordinates":[[-2.2144981,53.8351016],[-2.2144809,53.8353306]]}},
{"type":"Feature","properties":{"id":27075,"nach":0.70782560530565397},"geometry":{"type":"LineString","coordinates":[[-2.2144809,53.8353306],[-2.21454410000001,53.8353014]]}},
{"type":"Feature","properties":{"id":27079,"nach":0.55017293903746001},"geometry":{"type":"LineString","coordinates":[[-2.2145592,53.8350822],[-2.21454410000001,53.8353014]]}},
{"type":"Feature","properties":{"id":27078,"nach":0.7052131278965168},"geometry":{"type":"LineString","coordinates":[[-2.21454410000001,53.8353014],[-2.2146044,53.8352735]]}},
{"type":"Feature","properties":{"id":27082,"nach":0.55070413615240521},"geometry":{"type":"LineString","coordinates":[[-2.2146188,53.835063599999984],[-2.2146044,53.8352735]]}},
{"type":"Feature","properties":{"id":27081,"nach":0.70378408177221052},"geometry":{"type":"LineString","coordinates":[[-2.2146044,53.8352735],[-2.214664,53.8352459]]}},
{"type":"Feature","properties":{"id":27085,"nach":0.55165274825090305},"geometry":{"type":"LineString","coordinates":[[-2.2146792,53.8350474],[-2.214664,53.8352459]]}},
{"type":"Feature","properties":{"id":27084,"nach":0.70265588296777803},"geometry":{"type":"LineString","coordinates":[[-2.214664,53.8352459],[-2.21471730000001,53.8352213],[-2.2147326,53.8352182]]}},
{"type":"Feature","properties":{"id":27088,"nach":0.55245200626332525},"geometry":{"type":"LineString","coordinates":[[-2.2147449,53.8350244],[-2.2147326,53.8352182]]}},
{"type":"Feature","properties":{"id":27621,"nach":0.48654100564316299},"geometry":{"type":"LineString","coordinates":[[-2.2221442,53.847045],[-2.2218812,53.8470043]]}},
{"type":"Feature","properties":{"id":27682,"nach":0.50936517579500173},"geometry":{"type":"LineString","coordinates":[[-2.2352759,53.8375455],[-2.2353592,53.8375129],[-2.235481600000011,53.8374702]]}},
{"type":"Feature","properties":{"id":27684,"nach":0.43208678113776938},"geometry":{"type":"LineString","coordinates":[[-2.2353953,53.83765720000001],[-2.2352759,53.8375455]]}},
{"type":"Feature","properties":{"id":27678,"nach":0.42456434080178695},"geometry":{"type":"LineString","coordinates":[[-2.235481600000011,53.8374702],[-2.2355641,53.8374413],[-2.2357146,53.8373887],[-2.2358334,53.837510600000016]]}},
{"type":"Feature","properties":{"id":27680,"nach":0.42920860966684027},"geometry":{"type":"LineString","coordinates":[[-2.2355944,53.83758670000001],[-2.235481600000011,53.8374702]]}},
{"type":"Feature","properties":{"id":37134,"nach":0.59480983080670602},"geometry":{"type":"LineString","coordinates":[[-2.2259583,53.8479844],[-2.2263546,53.848151100000017]]}},
{"type":"Feature","properties":{"id":28379,"nach":0.51822855689152669},"geometry":{"type":"LineString","coordinates":[[-2.2158889,53.834689300000015],[-2.2159694,53.8347811],[-2.2160338,53.8347795],[-2.2161358,53.83489],[-2.2160392,53.8349188]]}},
{"type":"Feature","properties":{"id":32345,"nach":0.49520670080172569},"geometry":{"type":"LineString","coordinates":[[-2.2200868,53.8484389],[-2.2201216,53.8484516],[-2.220245,53.8487934]]}},
{"type":"Feature","properties":{"id":32633,"nach":0.54212015023288052},"geometry":{"type":"LineString","coordinates":[[-2.2346549,53.8320565],[-2.2348088,53.8322179]]}},
{"type":"Feature","properties":{"id":29279,"nach":0.50162571394443567},"geometry":{"type":"LineString","coordinates":[[-2.2199491,53.847685300000016],[-2.2198885,53.8474922]]}},
{"type":"Feature","properties":{"id":37190,"nach":0.53691600424074792},"geometry":{"type":"LineString","coordinates":[[-2.2163584,53.8378722],[-2.2161971,53.837999300000014]]}},
{"type":"Feature","properties":{"id":31666,"nach":0.52183789693199356},"geometry":{"type":"LineString","coordinates":[[-2.2347565,53.8401362],[-2.2347658,53.8401438],[-2.2348252,53.8402126]]}},
{"type":"Feature","properties":{"id":31643,"nach":0.43881764591392231},"geometry":{"type":"LineString","coordinates":[[-2.2353281,53.839902],[-2.2351337,53.840029699999988],[-2.2349648,53.8401245],[-2.2348252,53.8402126]]}},
{"type":"Feature","properties":{"id":37770,"nach":0.43355088497687583},"geometry":{"type":"LineString","coordinates":[[-2.2340749,53.840522],[-2.2341514,53.84051010000001],[-2.2342238,53.840485599999987],[-2.2348252,53.8402126]]}},
{"type":"Feature","properties":{"id":31665,"nach":0.42312216712366774},"geometry":{"type":"LineString","coordinates":[[-2.2347565,53.8401362],[-2.2347032,53.8400927],[-2.234494,53.8399245],[-2.2344254,53.8398869],[-2.234257,53.8398173],[-2.2342185,53.8397953],[-2.2342017,53.8397627],[-2.2342474,53.8397293],[-2.2343617,53.8396683]]}},
{"type":"Feature","properties":{"id":31668,"nach":0.44569401789078911},"geometry":{"type":"LineString","coordinates":[[-2.2348317,53.839967100000017],[-2.234825,53.8400227],[-2.2347801,53.840106],[-2.2347565,53.8401362]]}},
{"type":"Feature","properties":{"id":32332,"nach":0.61690466383873799},"geometry":{"type":"LineString","coordinates":[[-2.2219907,53.8477092],[-2.2220884,53.8477281],[-2.2223968,53.8476996]]}},
{"type":"Feature","properties":{"id":32636,"nach":0.45788589919769951},"geometry":{"type":"LineString","coordinates":[[-2.2345785,53.8322967],[-2.2348088,53.8322179]]}},
{"type":"Feature","properties":{"id":32635,"nach":0.45917030975245698},"geometry":{"type":"LineString","coordinates":[[-2.2349922,53.8321551],[-2.2348088,53.8322179]]}},
{"type":"Feature","properties":{"id":37775,"nach":0.56629124951594179},"geometry":{"type":"LineString","coordinates":[[-2.2285486,53.8438155],[-2.2287395,53.8440079],[-2.22881910000001,53.8441127]]}},
{"type":"Feature","properties":{"id":37777,"nach":0.41015822480314262},"geometry":{"type":"LineString","coordinates":[[-2.2285486,53.8438155],[-2.2286192,53.8437928],[-2.2286854,53.8437657],[-2.2287383,53.8437392],[-2.2287868,53.8437099],[-2.2288831,53.8436628],[-2.22898620000001,53.8436211],[-2.2290852,53.8435882],[-2.2291885,53.8435602],[-2.2292954,53.84353740000001],[-2.2293998,53.8436567],[-2.229589800000011,53.8438704]]}},
{"type":"Feature","properties":{"id":37150,"nach":0.40948263700524828},"geometry":{"type":"LineString","coordinates":[[-2.2281539,53.84452490000001],[-2.2282478,53.8444537],[-2.2283471,53.8443572],[-2.2284387,53.8442512],[-2.2285029,53.8442133],[-2.22881910000001,53.8441127]]}},
{"type":"Feature","properties":{"id":37772,"nach":0.54519438112918039},"geometry":{"type":"LineString","coordinates":[[-2.229073,53.8444863],[-2.2290525,53.844417300000018],[-2.2290278,53.8443609],[-2.2289962,53.8443058],[-2.22881910000001,53.8441127]]}},
{"type":"Feature","properties":{"id":39758,"nach":0.52076778640273513},"geometry":{"type":"LineString","coordinates":[[-2.2283967,53.8456688],[-2.228536,53.845542500000015],[-2.2290726,53.8446958],[-2.2290831,53.8446261],[-2.2290832,53.8445561],[-2.229073,53.8444863]]}},
{"type":"Feature","properties":{"id":39765,"nach":0.40048673247690969},"geometry":{"type":"LineString","coordinates":[[-2.2299698,53.8442584],[-2.2294864,53.8444774],[-2.229073,53.8444863]]}},
{"type":"Feature","properties":{"id":39767,"nach":0.4870237709571526},"geometry":{"type":"LineString","coordinates":[[-2.2293492,53.8459558],[-2.2291325,53.8458677],[-2.2283967,53.8456688]]}},
{"type":"Feature","properties":{"id":38976,"nach":0.53680461592602335},"geometry":{"type":"LineString","coordinates":[[-2.2172534,53.8395953],[-2.2170811,53.839693]]}},
{"type":"Feature","properties":{"id":38985,"nach":0.53798767017125004},"geometry":{"type":"LineString","coordinates":[[-2.2172052,53.8397702],[-2.2170811,53.839693]]}},
{"type":"Feature","properties":{"id":38987,"nach":0.16315906040705763},"geometry":{"type":"LineString","coordinates":[[-2.2172052,53.8397702],[-2.2173245,53.8396927],[-2.2173433,53.8396737],[-2.2173393,53.8396507],[-2.2172534,53.8395953]]}},
{"type":"Feature","properties":{"id":38981,"nach":0.0},"geometry":{"type":"LineString","coordinates":[[-2.2169908,53.839898],[-2.2170697,53.8399332],[-2.2171086,53.8399301],[-2.2171475,53.8399174],[-2.2173151,53.839829600000016],[-2.217456,53.83971720000001],[-2.2174788,53.839699],[-2.2174761,53.8396792],[-2.2174265,53.8396175],[-2.2173393,53.839571600000014],[-2.2173044,53.8395684],[-2.2172534,53.8395953]]}},
{"type":"Feature","properties":{"id":38986,"nach":0.21864488842067603},"geometry":{"type":"LineString","coordinates":[[-2.2172052,53.8397702],[-2.2169908,53.839898]]}},
{"type":"Feature","properties":{"id":39753,"nach":0.40701093920282222},"geometry":{"type":"LineString","coordinates":[[-2.2272041,53.8446075],[-2.2273802,53.8447015]]}},
{"type":"Feature","properties":{"id":39756,"nach":0.40638013672407092},"geometry":{"type":"LineString","coordinates":[[-2.2273974,53.8444672],[-2.2272041,53.8446075]]}},
{"type":"Feature","properties":{"id":39766,"nach":0.44974230190438763},"geometry":{"type":"LineString","coordinates":[[-2.2293492,53.8459558],[-2.2294519,53.8459976]]}},
{"type":"Feature","properties":{"id":39769,"nach":0.36117225260829711},"geometry":{"type":"LineString","coordinates":[[-2.2308589,53.844788],[-2.230246,53.8450987],[-2.2296602,53.8457973],[-2.2293492,53.8459558]]}},
{"type":"Feature","properties":{"id":39762,"nach":0.36501329746999794},"geometry":{"type":"LineString","coordinates":[[-2.2294519,53.8459976],[-2.2294001,53.8462853],[-2.2285369,53.8468862]]}},
{"type":"Feature","properties":{"id":39764,"nach":0.36174929389873717},"geometry":{"type":"LineString","coordinates":[[-2.2311128,53.8453439],[-2.2302834,53.8458732],[-2.229991300000012,53.8460323],[-2.2294519,53.8459976]]}},
{"type":"Feature","properties":{"id":16401,"nach":0.59480718911964747},"geometry":{"type":"LineString","coordinates":[[-2.226415091245024,53.835103252423153],[-2.222681753183213,53.839054263372248]]}},
{"type":"Feature","properties":{"id":21123,"nach":0.77694684475001674},"geometry":{"type":"LineString","coordinates":[[-2.226239069242629,53.83506969868828],[-2.226415091245024,53.835103252423153]]}},
{"type":"Feature","properties":{"id":14281,"nach":0.84003733558738169},"geometry":{"type":"LineString","coordinates":[[-2.222681753183213,53.839054263372248],[-2.222509991072669,53.839007921319343]]}},
{"type":"Feature","properties":{"id":4,"nach":0.46589125425707434},"geometry":{"type":"LineString","coordinates":[[-2.222509991072669,53.839007921319343],[-2.226239069242629,53.83506969868828]]}},
{"type":"Feature","properties":{"id":7,"nach":0.71621993546994245},"geometry":{"type":"LineString","coordinates":[[-2.21669689754174,53.845040172120726],[-2.218079806480091,53.843485538139007]]}},
{"type":"Feature","properties":{"id":26335,"nach":0.8220231122960775},"geometry":{"type":"LineString","coordinates":[[-2.216879479632057,53.845055261549398],[-2.21669689754174,53.845040172120726]]}},
{"type":"Feature","properties":{"id":26335,"nach":0.8220231122960775},"geometry":{"type":"LineString","coordinates":[[-2.21669689754174,53.845040172120726],[-2.216517698700408,53.845025362018333]]}},
{"type":"Feature","properties":{"id":7,"nach":0.71621993546994245},"geometry":{"type":"LineString","coordinates":[[-2.218079806480091,53.843485538139007],[-2.218128298244851,53.84342985088194]]}},
{"type":"Feature","properties":{"id":665,"nach":0.79754448869687278},"geometry":{"type":"LineString","coordinates":[[-2.218225433877148,53.843536552893489],[-2.218079806480091,53.843485538139007]]}},
{"type":"Feature","properties":{"id":665,"nach":0.79754448869687278},"geometry":{"type":"LineString","coordinates":[[-2.218079806480091,53.843485538139007],[-2.217229370459365,53.843289319522263]]}},
{"type":"Feature","properties":{"id":7,"nach":0.71621993546994245},"geometry":{"type":"LineString","coordinates":[[-2.218128298244851,53.84342985088194],[-2.218193370371549,53.84335512166053]]}},
{"type":"Feature","properties":{"id":463,"nach":0.67925369022591797},"geometry":{"type":"LineString","coordinates":[[-2.218278228364196,53.843475973282871],[-2.218128298244851,53.84342985088194]]}},
{"type":"Feature","properties":{"id":463,"nach":0.67925369022591797},"geometry":{"type":"LineString","coordinates":[[-2.218128298244851,53.84342985088194],[-2.217229370459365,53.843289319522263]]}},
{"type":"Feature","properties":{"id":7,"nach":0.71621993546994245},"geometry":{"type":"LineString","coordinates":[[-2.218193370371549,53.84335512166053],[-2.218233373663769,53.843309181499052]]}},
{"type":"Feature","properties":{"id":39223,"nach":0.74753508441599448},"geometry":{"type":"LineString","coordinates":[[-2.218193370371549,53.84335512166053],[-2.218343136189392,53.843401493835557]]}},
{"type":"Feature","properties":{"id":7,"nach":0.71621993546994245},"geometry":{"type":"LineString","coordinates":[[-2.218233373663769,53.843309181499052],[-2.220471329117737,53.840940891691751]]}},
{"type":"Feature","properties":{"id":39224,"nach":0.72513681418188014},"geometry":{"type":"LineString","coordinates":[[-2.218233373663769,53.843309181499052],[-2.21838301110853,53.843355738628567]]}},
{"type":"Feature","properties":{"id":21014,"nach":0.85275048918271379},"geometry":{"type":"LineString","coordinates":[[-2.220404130716688,53.840858257000122],[-2.220471329117737,53.840940891691751]]}},
{"type":"Feature","properties":{"id":21014,"nach":0.85275048918271379},"geometry":{"type":"LineString","coordinates":[[-2.220471329117737,53.840940891691751],[-2.220559809234564,53.841049696233746]]}},
{"type":"Feature","properties":{"id":21014,"nach":0.85275048918271379},"geometry":{"type":"LineString","coordinates":[[-2.220559809234564,53.841049696233746],[-2.220679955135337,53.841197439411644]]}},
{"type":"Feature","properties":{"id":1857,"nach":0.75545341729000326},"geometry":{"type":"LineString","coordinates":[[-2.220559809234564,53.841049696233746],[-2.21838301110853,53.843355738628567]]}},
{"type":"Feature","properties":{"id":26335,"nach":0.8220231122960775},"geometry":{"type":"LineString","coordinates":[[-2.217210063432217,53.84508258178851],[-2.216879479632057,53.845055261549398]]}},
{"type":"Feature","properties":{"id":464,"nach":0.56783415110325763},"geometry":{"type":"LineString","coordinates":[[-2.218633670838442,53.844086916597007],[-2.217210063432217,53.84508258178851]]}},
{"type":"Feature","properties":{"id":1857,"nach":0.75545341729000326},"geometry":{"type":"LineString","coordinates":[[-2.218225433877148,53.843536552893489],[-2.216879479632057,53.845055261549398]]}},
{"type":"Feature","properties":{"id":1857,"nach":0.75545341729000326},"geometry":{"type":"LineString","coordinates":[[-2.21838301110853,53.843355738628567],[-2.218343136189392,53.843401493835557]]}},
{"type":"Feature","properties":{"id":1857,"nach":0.75545341729000326},"geometry":{"type":"LineString","coordinates":[[-2.218343136189392,53.843401493835557],[-2.218278228364196,53.843475973282871]]}},
{"type":"Feature","properties":{"id":1857,"nach":0.75545341729000326},"geometry":{"type":"LineString","coordinates":[[-2.218278228364196,53.843475973282871],[-2.218225433877148,53.843536552893489]]}},
{"type":"Feature","properties":{"id":665,"nach":0.79754448869687278},"geometry":{"type":"LineString","coordinates":[[-2.217229370459365,53.843289319522263],[-2.21638248084683,53.84298985387106]]}},
{"type":"Feature","properties":{"id":665,"nach":0.79754448869687278},"geometry":{"type":"LineString","coordinates":[[-2.218633670838442,53.844086916597007],[-2.218225433877148,53.843536552893489]]}},
{"type":"Feature","properties":{"id":16362,"nach":0.65146920424783383},"geometry":{"type":"LineString","coordinates":[[-2.215945719644486,53.842019637008782],[-2.218275242339701,53.840077770818588]]}},
{"type":"Feature","properties":{"id":36637,"nach":0.6246465862950612},"geometry":{"type":"LineString","coordinates":[[-2.22276362575707,53.837089239536027],[-2.21964560568683,53.838147552218281]]}}
]
}
